id,title,level
"UI-00001","アクセス解析・BIのiOSアプリUI（ニューブルータリズム）","プロ（演出多め）"
"UI-00002","音楽・ポッドキャストのスマートウォッチUI（3D・クレイ）","プロ（演出多め）"
"UI-00003","AIアシスタント・チャットのiOSアプリUI（クール・テック）","上級"
"UI-00004","音楽・ポッドキャストの管理画面・ダッシュボードUI（信頼・誠実（コーポレート））","上級"
"UI-00005","顧客管理（CRM）のキオスク・サイネージUI（ハンドメイド・手書き）","プロ（演出多め）"
"UI-00006","SNS・コミュニティのWebアプリ（SaaS）UI（3D・クレイ）","プロ（演出多め）"
"UI-00007","アクセス解析・BIのキオスク・サイネージUI（かわいい・ガーリー）","プロ（演出多め）"
"UI-00008","AIアシスタント・チャットのAndroidアプリUI（信頼・誠実（コーポレート））","プロ（演出多め）"
"UI-00009","ヘルスケア・フィットネス記録のキオスク・サイネージUI（ミニマル・洗練）","上級"
"UI-00010","ショッピングのタブレット / POSUI（パステル・ドリーミー）","上級"
"UI-00011","予約（サロン/ホテル/病院）のキオスク・サイネージUI（クール・テック）","プロ（演出多め）"
"UI-00012","旅行・地図のスマートウォッチUI（レトロ・Y2K）","プロ（演出多め）"
"UI-00013","学習・語学アプリのWebアプリ（SaaS）UI（クール・テック）","プロ（演出多め）"
"UI-00014","飲食店モバイルオーダーのキオスク・サイネージUI（ミニマル・洗練）","プロ（演出多め）"
"UI-00015","家計簿・資産管理の管理画面・ダッシュボードUI（クール・テック）","プロ（演出多め）"
"UI-00016","旅行・地図のスマートウォッチUI（ジオメトリック・グラフィカル）","プロ（演出多め）"
"UI-00017","学習・語学アプリのスマートウォッチUI（信頼・誠実（コーポレート））","上級"
"UI-00018","家計簿・資産管理のWebアプリ（SaaS）UI（ポップ・カラフル）","プロ（演出多め）"
"UI-00019","マッチングのAndroidアプリUI（ハンドメイド・手書き）","プロ（演出多め）"
"UI-00020","アクセス解析・BIのタブレット / POSUI（エディトリアル・雑誌風）","プロ（演出多め）"
"UI-00021","AIアシスタント・チャットのキオスク・サイネージUI（ポップ・カラフル）","プロ（演出多め）"
"UI-00022","スマートホーム・IoTのタブレット / POSUI（3D・クレイ）","プロ（演出多め）"
"UI-00023","アクセス解析・BIのタブレット / POSUI（パステル・ドリーミー）","プロ（演出多め）"
"UI-00024","マッチングのタブレット / POSUI（クール・テック）","プロ（演出多め）"
"UI-00025","顧客管理（CRM）のiOSアプリUI（ミニマル・洗練）","プロ（演出多め）"
"UI-00026","旅行・地図のキオスク・サイネージUI（パステル・ドリーミー）","上級"
"UI-00027","フードデリバリーのAndroidアプリUI（信頼・誠実（コーポレート））","上級"
"UI-00028","音楽・ポッドキャストのiOSアプリUI（レトロ・Y2K）","プロ（演出多め）"
"UI-00029","家計簿・資産管理の管理画面・ダッシュボードUI（パステル・ドリーミー）","上級"
"UI-00030","顧客管理（CRM）のAndroidアプリUI（ニューブルータリズム）","上級"
"UI-00031","顧客管理（CRM）のWebアプリ（SaaS）UI（ジオメトリック・グラフィカル）","上級"
"UI-00032","飲食店モバイルオーダーのタブレット / POSUI（ニューブルータリズム）","プロ（演出多め）"
"UI-00033","タスク・プロジェクト管理のタブレット / POSUI（パステル・ドリーミー）","プロ（演出多め）"
"UI-00034","マッチングの管理画面・ダッシュボードUI（ポップ・カラフル）","プロ（演出多め）"
"UI-00035","家計簿・資産管理のAndroidアプリUI（ナチュラル・オーガニック）","プロ（演出多め）"
"UI-00036","音楽・ポッドキャストのキオスク・サイネージUI（3D・クレイ）","プロ（演出多め）"
"UI-00037","SNS・コミュニティのキオスク・サイネージUI（ハンドメイド・手書き）","上級"
"UI-00038","タスク・プロジェクト管理のAndroidアプリUI（パステル・ドリーミー）","プロ（演出多め）"
"UI-00039","ショッピングのiOSアプリUI（ネオン・サイバー）","プロ（演出多め）"
"UI-00040","音楽・ポッドキャストの管理画面・ダッシュボードUI（信頼・誠実（コーポレート））","上級"
"UI-00041","学習・語学アプリのAndroidアプリUI（3D・クレイ）","プロ（演出多め）"
"UI-00042","ショッピングのWebアプリ（SaaS）UI（3D・クレイ）","プロ（演出多め）"
"UI-00043","旅行・地図の管理画面・ダッシュボードUI（ニューブルータリズム）","上級"
"UI-00044","スマートホーム・IoTのタブレット / POSUI（ダーク・シネマティック）","上級"
"UI-00045","飲食店モバイルオーダーのAndroidアプリUI（ポップ・カラフル）","プロ（演出多め）"
"UI-00046","タスク・プロジェクト管理の管理画面・ダッシュボードUI（ナチュラル・オーガニック）","プロ（演出多め）"
"UI-00047","タスク・プロジェクト管理のAndroidアプリUI（ラグジュアリー・高級感）","プロ（演出多め）"
"UI-00048","学習・語学アプリのスマートウォッチUI（ミニマル・洗練）","プロ（演出多め）"
"UI-00049","旅行・地図のWebアプリ（SaaS）UI（パステル・ドリーミー）","プロ（演出多め）"
"UI-00050","顧客管理（CRM）のWebアプリ（SaaS）UI（ダーク・シネマティック）","上級"
"UI-00051","AIアシスタント・チャットのiOSアプリUI（信頼・誠実（コーポレート））","プロ（演出多め）"
"UI-00052","フードデリバリーのキオスク・サイネージUI（北欧・ライフスタイル）","プロ（演出多め）"
"UI-00053","マッチングのAndroidアプリUI（ジオメトリック・グラフィカル）","プロ（演出多め）"
"UI-00054","SNS・コミュニティのタブレット / POSUI（ニューブルータリズム）","プロ（演出多め）"
"UI-00055","予約（サロン/ホテル/病院）のWebアプリ（SaaS）UI（ネオン・サイバー）","プロ（演出多め）"
"UI-00056","タスク・プロジェクト管理のWebアプリ（SaaS）UI（ニューブルータリズム）","プロ（演出多め）"
"UI-00057","飲食店モバイルオーダーの管理画面・ダッシュボードUI（ナチュラル・オーガニック）","プロ（演出多め）"
"UI-00058","予約（サロン/ホテル/病院）のスマートウォッチUI（パステル・ドリーミー）","プロ（演出多め）"
"UI-00059","顧客管理（CRM）のAndroidアプリUI（ミニマル・洗練）","プロ（演出多め）"
"UI-00060","アクセス解析・BIのAndroidアプリUI（ニューブルータリズム）","プロ（演出多め）"
"UI-00061","旅行・地図のiOSアプリUI（3D・クレイ）","上級"
"UI-00062","マッチングのAndroidアプリUI（グラスモーフィズム）","上級"
"UI-00063","SNS・コミュニティのキオスク・サイネージUI（ジオメトリック・グラフィカル）","プロ（演出多め）"
"UI-00064","学習・語学アプリのスマートウォッチUI（ミニマル・洗練）","プロ（演出多め）"
"UI-00065","AIアシスタント・チャットの管理画面・ダッシュボードUI（ジオメトリック・グラフィカル）","上級"
"UI-00066","フードデリバリーの管理画面・ダッシュボードUI（和モダン）","プロ（演出多め）"
"UI-00067","飲食店モバイルオーダーのタブレット / POSUI（信頼・誠実（コーポレート））","上級"
"UI-00068","音楽・ポッドキャストの管理画面・ダッシュボードUI（3D・クレイ）","プロ（演出多め）"
"UI-00069","予約（サロン/ホテル/病院）のスマートウォッチUI（グラスモーフィズム）","プロ（演出多め）"
"UI-00070","音楽・ポッドキャストのタブレット / POSUI（クール・テック）","プロ（演出多め）"
"UI-00071","家計簿・資産管理のタブレット / POSUI（クール・テック）","プロ（演出多め）"
"UI-00072","マッチングのWebアプリ（SaaS）UI（3D・クレイ）","プロ（演出多め）"
"UI-00073","SNS・コミュニティのWebアプリ（SaaS）UI（ミニマル・洗練）","プロ（演出多め）"
"UI-00074","マッチングのスマートウォッチUI（クール・テック）","上級"
"UI-00075","ヘルスケア・フィットネス記録のiOSアプリUI（クール・テック）","プロ（演出多め）"
"UI-00076","学習・語学アプリの管理画面・ダッシュボードUI（エネルギッシュ・スポーティ）","上級"
"UI-00077","ヘルスケア・フィットネス記録の管理画面・ダッシュボードUI（信頼・誠実（コーポレート））","上級"
"UI-00078","タスク・プロジェクト管理のスマートウォッチUI（ミニマル・洗練）","プロ（演出多め）"
"UI-00079","旅行・地図のAndroidアプリUI（クール・テック）","上級"
"UI-00080","タスク・プロジェクト管理の管理画面・ダッシュボードUI（3D・クレイ）","プロ（演出多め）"
"UI-00081","家計簿・資産管理のタブレット / POSUI（グラスモーフィズム）","プロ（演出多め）"
"UI-00082","ヘルスケア・フィットネス記録のスマートウォッチUI（ミニマル・洗練）","プロ（演出多め）"
"UI-00083","音楽・ポッドキャストのキオスク・サイネージUI（信頼・誠実（コーポレート））","プロ（演出多め）"
"UI-00084","学習・語学アプリのタブレット / POSUI（ミニマル・洗練）","上級"
"UI-00085","アクセス解析・BIの管理画面・ダッシュボードUI（パステル・ドリーミー）","プロ（演出多め）"
"UI-00086","飲食店モバイルオーダーのタブレット / POSUI（エディトリアル・雑誌風）","プロ（演出多め）"
"UI-00087","ヘルスケア・フィットネス記録のWebアプリ（SaaS）UI（信頼・誠実（コーポレート））","上級"
"UI-00088","ショッピングのキオスク・サイネージUI（グラスモーフィズム）","プロ（演出多め）"
"UI-00089","ショッピングのiOSアプリUI（北欧・ライフスタイル）","プロ（演出多め）"
"UI-00090","音楽・ポッドキャストのiOSアプリUI（クール・テック）","プロ（演出多め）"
"UI-00091","予約（サロン/ホテル/病院）のWebアプリ（SaaS）UI（エディトリアル・雑誌風）","プロ（演出多め）"
"UI-00092","アクセス解析・BIのAndroidアプリUI（ニューブルータリズム）","プロ（演出多め）"
"UI-00093","ヘルスケア・フィットネス記録のスマートウォッチUI（信頼・誠実（コーポレート））","プロ（演出多め）"
"UI-00094","ショッピングのAndroidアプリUI（グラスモーフィズム）","プロ（演出多め）"
"UI-00095","AIアシスタント・チャットの管理画面・ダッシュボードUI（クール・テック）","プロ（演出多め）"
"UI-00096","音楽・ポッドキャストのiOSアプリUI（レトロ・Y2K）","上級"
"UI-00097","アクセス解析・BIのスマートウォッチUI（信頼・誠実（コーポレート））","上級"
"UI-00098","飲食店モバイルオーダーのWebアプリ（SaaS）UI（北欧・ライフスタイル）","プロ（演出多め）"
"UI-00099","ショッピングのキオスク・サイネージUI（クール・テック）","プロ（演出多め）"
"UI-00100","ヘルスケア・フィットネス記録のキオスク・サイネージUI（信頼・誠実（コーポレート））","上級"
"UI-00101","ショッピングのキオスク・サイネージUI（パステル・ドリーミー）","プロ（演出多め）"
"UI-00102","音楽・ポッドキャストのAndroidアプリUI（パステル・ドリーミー）","上級"
"UI-00103","スマートホーム・IoTのキオスク・サイネージUI（信頼・誠実（コーポレート））","プロ（演出多め）"
"UI-00104","ショッピングの管理画面・ダッシュボードUI（3D・クレイ）","上級"
"UI-00105","飲食店モバイルオーダーのタブレット / POSUI（信頼・誠実（コーポレート））","上級"
"UI-00106","予約（サロン/ホテル/病院）のWebアプリ（SaaS）UI（和モダン）","プロ（演出多め）"
"UI-00107","ショッピングのiOSアプリUI（レトロ・Y2K）","プロ（演出多め）"
"UI-00108","スマートホーム・IoTのiOSアプリUI（信頼・誠実（コーポレート））","上級"
"UI-00109","スマートホーム・IoTの管理画面・ダッシュボードUI（かわいい・ガーリー）","プロ（演出多め）"
"UI-00110","旅行・地図のAndroidアプリUI（クール・テック）","上級"
"UI-00111","旅行・地図のタブレット / POSUI（3D・クレイ）","上級"
"UI-00112","飲食店モバイルオーダーのタブレット / POSUI（かわいい・ガーリー）","上級"
"UI-00113","学習・語学アプリのiOSアプリUI（パステル・ドリーミー）","上級"
"UI-00114","ショッピングのAndroidアプリUI（ポップ・カラフル）","上級"
"UI-00115","家計簿・資産管理のタブレット / POSUI（ニューブルータリズム）","プロ（演出多め）"
"UI-00116","AIアシスタント・チャットのAndroidアプリUI（ニューブルータリズム）","プロ（演出多め）"
"UI-00117","タスク・プロジェクト管理のスマートウォッチUI（グラスモーフィズム）","プロ（演出多め）"
"UI-00118","スマートホーム・IoTのWebアプリ（SaaS）UI（ニューブルータリズム）","プロ（演出多め）"
"UI-00119","スマートホーム・IoTのタブレット / POSUI（かわいい・ガーリー）","プロ（演出多め）"
"UI-00120","予約（サロン/ホテル/病院）のiOSアプリUI（信頼・誠実（コーポレート））","プロ（演出多め）"
"UI-00121","SNS・コミュニティのスマートウォッチUI（信頼・誠実（コーポレート））","上級"
"UI-00122","マッチングのキオスク・サイネージUI（グラスモーフィズム）","プロ（演出多め）"
"UI-00123","旅行・地図のキオスク・サイネージUI（グラスモーフィズム）","プロ（演出多め）"
"UI-00124","SNS・コミュニティのキオスク・サイネージUI（ポップ・カラフル）","プロ（演出多め）"
"UI-00125","音楽・ポッドキャストのWebアプリ（SaaS）UI（ダーク・シネマティック）","プロ（演出多め）"
"UI-00126","フードデリバリーのタブレット / POSUI（パステル・ドリーミー）","プロ（演出多め）"
"UI-00127","旅行・地図のスマートウォッチUI（3D・クレイ）","プロ（演出多め）"
"UI-00128","SNS・コミュニティのキオスク・サイネージUI（ミニマル・洗練）","プロ（演出多め）"
"UI-00129","アクセス解析・BIの管理画面・ダッシュボードUI（レトロ・Y2K）","上級"
"UI-00130","顧客管理（CRM）のiOSアプリUI（信頼・誠実（コーポレート））","プロ（演出多め）"
"UI-00131","旅行・地図のスマートウォッチUI（クール・テック）","上級"
"UI-00132","アクセス解析・BIのタブレット / POSUI（パステル・ドリーミー）","プロ（演出多め）"
"UI-00133","マッチングのWebアプリ（SaaS）UI（ポップ・カラフル）","プロ（演出多め）"
"UI-00134","学習・語学アプリのタブレット / POSUI（パステル・ドリーミー）","プロ（演出多め）"
"UI-00135","飲食店モバイルオーダーのタブレット / POSUI（レトロ・Y2K）","プロ（演出多め）"
"UI-00136","マッチングのAndroidアプリUI（3D・クレイ）","プロ（演出多め）"
"UI-00137","ヘルスケア・フィットネス記録の管理画面・ダッシュボードUI（ダーク・シネマティック）","プロ（演出多め）"
"UI-00138","ヘルスケア・フィットネス記録の管理画面・ダッシュボードUI（ポップ・カラフル）","プロ（演出多め）"
"UI-00139","予約（サロン/ホテル/病院）のAndroidアプリUI（グラスモーフィズム）","上級"
"UI-00140","予約（サロン/ホテル/病院）のスマートウォッチUI（ラグジュアリー・高級感）","上級"
"UI-00141","アクセス解析・BIのAndroidアプリUI（クール・テック）","プロ（演出多め）"
"UI-00142","ショッピングの管理画面・ダッシュボードUI（ニューブルータリズム）","上級"
"UI-00143","顧客管理（CRM）の管理画面・ダッシュボードUI（3D・クレイ）","プロ（演出多め）"
"UI-00144","フードデリバリーのiOSアプリUI（グラスモーフィズム）","プロ（演出多め）"
"UI-00145","飲食店モバイルオーダーのキオスク・サイネージUI（ポップ・カラフル）","プロ（演出多め）"
"UI-00146","マッチングの管理画面・ダッシュボードUI（ナチュラル・オーガニック）","プロ（演出多め）"
"UI-00147","ヘルスケア・フィットネス記録のAndroidアプリUI（ネオン・サイバー）","プロ（演出多め）"
"UI-00148","音楽・ポッドキャストのキオスク・サイネージUI（ポップ・カラフル）","プロ（演出多め）"
"UI-00149","AIアシスタント・チャットのAndroidアプリUI（クール・テック）","プロ（演出多め）"
"UI-00150","フードデリバリーのキオスク・サイネージUI（クール・テック）","プロ（演出多め）"
"UI-00151","タスク・プロジェクト管理のスマートウォッチUI（パステル・ドリーミー）","プロ（演出多め）"
"UI-00152","学習・語学アプリのキオスク・サイネージUI（ミニマル・洗練）","上級"
"UI-00153","アクセス解析・BIのスマートウォッチUI（クール・テック）","プロ（演出多め）"
"UI-00154","ショッピングの管理画面・ダッシュボードUI（かわいい・ガーリー）","上級"
"UI-00155","ショッピングのAndroidアプリUI（ポップ・カラフル）","上級"
"UI-00156","タスク・プロジェクト管理のスマートウォッチUI（3D・クレイ）","プロ（演出多め）"
"UI-00157","飲食店モバイルオーダーの管理画面・ダッシュボードUI（レトロ・Y2K）","プロ（演出多め）"
"UI-00158","旅行・地図のAndroidアプリUI（3D・クレイ）","プロ（演出多め）"
"UI-00159","旅行・地図のWebアプリ（SaaS）UI（信頼・誠実（コーポレート））","プロ（演出多め）"
"UI-00160","ヘルスケア・フィットネス記録のAndroidアプリUI（ハンドメイド・手書き）","上級"
"UI-00161","学習・語学アプリのiOSアプリUI（ナチュラル・オーガニック）","プロ（演出多め）"
"UI-00162","タスク・プロジェクト管理のタブレット / POSUI（ニューブルータリズム）","上級"
"UI-00163","フードデリバリーのiOSアプリUI（パステル・ドリーミー）","上級"
"UI-00164","旅行・地図のキオスク・サイネージUI（信頼・誠実（コーポレート））","プロ（演出多め）"
"UI-00165","フードデリバリーのタブレット / POSUI（3D・クレイ）","プロ（演出多め）"
"UI-00166","ショッピングのタブレット / POSUI（3D・クレイ）","上級"
"UI-00167","アクセス解析・BIのキオスク・サイネージUI（クール・テック）","プロ（演出多め）"
"UI-00168","スマートホーム・IoTのAndroidアプリUI（グラスモーフィズム）","プロ（演出多め）"
"UI-00169","SNS・コミュニティのタブレット / POSUI（ポップ・カラフル）","プロ（演出多め）"
"UI-00170","AIアシスタント・チャットのキオスク・サイネージUI（パステル・ドリーミー）","上級"
"UI-00171","タスク・プロジェクト管理のWebアプリ（SaaS）UI（ナチュラル・オーガニック）","上級"
"UI-00172","ヘルスケア・フィットネス記録のWebアプリ（SaaS）UI（信頼・誠実（コーポレート））","プロ（演出多め）"
"UI-00173","タスク・プロジェクト管理のAndroidアプリUI（レトロ・Y2K）","プロ（演出多め）"
"UI-00174","ショッピングのAndroidアプリUI（ポップ・カラフル）","プロ（演出多め）"
"UI-00175","飲食店モバイルオーダーのタブレット / POSUI（信頼・誠実（コーポレート））","プロ（演出多め）"
"UI-00176","アクセス解析・BIのiOSアプリUI（ニューブルータリズム）","プロ（演出多め）"
"UI-00177","予約（サロン/ホテル/病院）のタブレット / POSUI（ニューブルータリズム）","上級"
"UI-00178","予約（サロン/ホテル/病院）のAndroidアプリUI（信頼・誠実（コーポレート））","プロ（演出多め）"
"UI-00179","SNS・コミュニティのAndroidアプリUI（グラスモーフィズム）","プロ（演出多め）"
"UI-00180","SNS・コミュニティのiOSアプリUI（ポップ・カラフル）","プロ（演出多め）"
"UI-00181","家計簿・資産管理のスマートウォッチUI（ニューブルータリズム）","プロ（演出多め）"
"UI-00182","マッチングのiOSアプリUI（信頼・誠実（コーポレート））","プロ（演出多め）"
"UI-00183","SNS・コミュニティの管理画面・ダッシュボードUI（ニューブルータリズム）","プロ（演出多め）"
"UI-00184","学習・語学アプリのタブレット / POSUI（レトロ・Y2K）","上級"
"UI-00185","顧客管理（CRM）のiOSアプリUI（レトロ・Y2K）","プロ（演出多め）"
"UI-00186","AIアシスタント・チャットのタブレット / POSUI（3D・クレイ）","上級"
"UI-00187","タスク・プロジェクト管理の管理画面・ダッシュボードUI（ナチュラル・オーガニック）","上級"
"UI-00188","家計簿・資産管理のWebアプリ（SaaS）UI（信頼・誠実（コーポレート））","上級"
"UI-00189","顧客管理（CRM）の管理画面・ダッシュボードUI（ダーク・シネマティック）","プロ（演出多め）"
"UI-00190","旅行・地図のWebアプリ（SaaS）UI（信頼・誠実（コーポレート））","プロ（演出多め）"
"UI-00191","音楽・ポッドキャストのAndroidアプリUI（グラスモーフィズム）","プロ（演出多め）"
"UI-00192","ヘルスケア・フィットネス記録のスマートウォッチUI（ネオン・サイバー）","プロ（演出多め）"
"UI-00193","アクセス解析・BIのタブレット / POSUI（信頼・誠実（コーポレート））","プロ（演出多め）"
"UI-00194","旅行・地図のスマートウォッチUI（ミニマル・洗練）","プロ（演出多め）"
"UI-00195","旅行・地図のAndroidアプリUI（ダーク・シネマティック）","プロ（演出多め）"
"UI-00196","顧客管理（CRM）のiOSアプリUI（3D・クレイ）","プロ（演出多め）"
"UI-00197","予約（サロン/ホテル/病院）のスマートウォッチUI（北欧・ライフスタイル）","上級"
"UI-00198","旅行・地図のiOSアプリUI（レトロ・Y2K）","プロ（演出多め）"
"UI-00199","予約（サロン/ホテル/病院）のキオスク・サイネージUI（ミニマル・洗練）","上級"
"UI-00200","音楽・ポッドキャストのスマートウォッチUI（ネオン・サイバー）","プロ（演出多め）"
"UI-00201","飲食店モバイルオーダーのWebアプリ（SaaS）UI（3D・クレイ）","プロ（演出多め）"
"UI-00202","マッチングのiOSアプリUI（ネオン・サイバー）","上級"
"UI-00203","家計簿・資産管理のWebアプリ（SaaS）UI（ミニマル・洗練）","プロ（演出多め）"
"UI-00204","予約（サロン/ホテル/病院）のスマートウォッチUI（ミニマル・洗練）","プロ（演出多め）"
"UI-00205","ショッピングのタブレット / POSUI（ポップ・カラフル）","上級"
"UI-00206","学習・語学アプリのスマートウォッチUI（3D・クレイ）","プロ（演出多め）"
"UI-00207","AIアシスタント・チャットの管理画面・ダッシュボードUI（グラスモーフィズム）","プロ（演出多め）"
"UI-00208","ショッピングの管理画面・ダッシュボードUI（ネオン・サイバー）","プロ（演出多め）"
"UI-00209","ヘルスケア・フィットネス記録のキオスク・サイネージUI（エディトリアル・雑誌風）","プロ（演出多め）"
"UI-00210","家計簿・資産管理のキオスク・サイネージUI（3D・クレイ）","プロ（演出多め）"
"UI-00211","タスク・プロジェクト管理の管理画面・ダッシュボードUI（3D・クレイ）","プロ（演出多め）"
"UI-00212","顧客管理（CRM）のスマートウォッチUI（グラスモーフィズム）","プロ（演出多め）"
"UI-00213","飲食店モバイルオーダーのiOSアプリUI（ポップ・カラフル）","プロ（演出多め）"
"UI-00214","ショッピングの管理画面・ダッシュボードUI（ミニマル・洗練）","プロ（演出多め）"
"UI-00215","AIアシスタント・チャットのキオスク・サイネージUI（ニューブルータリズム）","プロ（演出多め）"
"UI-00216","ショッピングのタブレット / POSUI（パステル・ドリーミー）","上級"
"UI-00217","学習・語学アプリのAndroidアプリUI（パステル・ドリーミー）","プロ（演出多め）"
"UI-00218","アクセス解析・BIのWebアプリ（SaaS）UI（ニューブルータリズム）","プロ（演出多め）"
"UI-00219","SNS・コミュニティのスマートウォッチUI（ネオン・サイバー）","プロ（演出多め）"
"UI-00220","アクセス解析・BIのAndroidアプリUI（パステル・ドリーミー）","プロ（演出多め）"
"UI-00221","SNS・コミュニティのキオスク・サイネージUI（ミニマル・洗練）","プロ（演出多め）"
"UI-00222","予約（サロン/ホテル/病院）のiOSアプリUI（和モダン）","プロ（演出多め）"
"UI-00223","顧客管理（CRM）のWebアプリ（SaaS）UI（ポップ・カラフル）","上級"
"UI-00224","学習・語学アプリのWebアプリ（SaaS）UI（パステル・ドリーミー）","プロ（演出多め）"
"UI-00225","顧客管理（CRM）のタブレット / POSUI（ポップ・カラフル）","プロ（演出多め）"
"UI-00226","予約（サロン/ホテル/病院）のキオスク・サイネージUI（グラスモーフィズム）","プロ（演出多め）"
"UI-00227","顧客管理（CRM）のタブレット / POSUI（ニューブルータリズム）","上級"
"UI-00228","音楽・ポッドキャストのスマートウォッチUI（ジオメトリック・グラフィカル）","プロ（演出多め）"
"UI-00229","AIアシスタント・チャットの管理画面・ダッシュボードUI（ポップ・カラフル）","プロ（演出多め）"
"UI-00230","音楽・ポッドキャストのスマートウォッチUI（ダーク・シネマティック）","上級"
"UI-00231","学習・語学アプリのキオスク・サイネージUI（ハンドメイド・手書き）","プロ（演出多め）"
"UI-00232","家計簿・資産管理のキオスク・サイネージUI（ポップ・カラフル）","プロ（演出多め）"
"UI-00233","飲食店モバイルオーダーのキオスク・サイネージUI（グラスモーフィズム）","プロ（演出多め）"
"UI-00234","アクセス解析・BIの管理画面・ダッシュボードUI（ニューブルータリズム）","プロ（演出多め）"
"UI-00235","音楽・ポッドキャストのWebアプリ（SaaS）UI（ニューブルータリズム）","上級"
"UI-00236","ヘルスケア・フィットネス記録のキオスク・サイネージUI（ポップ・カラフル）","プロ（演出多め）"
"UI-00237","予約（サロン/ホテル/病院）のタブレット / POSUI（ミニマル・洗練）","プロ（演出多め）"
"UI-00238","学習・語学アプリのiOSアプリUI（クール・テック）","プロ（演出多め）"
"UI-00239","音楽・ポッドキャストのWebアプリ（SaaS）UI（ネオン・サイバー）","プロ（演出多め）"
"UI-00240","スマートホーム・IoTのAndroidアプリUI（ニューブルータリズム）","プロ（演出多め）"
"UI-00241","SNS・コミュニティの管理画面・ダッシュボードUI（クール・テック）","プロ（演出多め）"
"UI-00242","顧客管理（CRM）のiOSアプリUI（ネオン・サイバー）","プロ（演出多め）"
"UI-00243","家計簿・資産管理のAndroidアプリUI（3D・クレイ）","プロ（演出多め）"
"UI-00244","学習・語学アプリの管理画面・ダッシュボードUI（レトロ・Y2K）","上級"
"UI-00245","ヘルスケア・フィットネス記録のiOSアプリUI（エディトリアル・雑誌風）","上級"
"UI-00246","学習・語学アプリのスマートウォッチUI（3D・クレイ）","プロ（演出多め）"
"UI-00247","音楽・ポッドキャストのWebアプリ（SaaS）UI（ナチュラル・オーガニック）","上級"
"UI-00248","タスク・プロジェクト管理のスマートウォッチUI（グラスモーフィズム）","プロ（演出多め）"
"UI-00249","ショッピングのWebアプリ（SaaS）UI（3D・クレイ）","プロ（演出多め）"
"UI-00250","音楽・ポッドキャストのタブレット / POSUI（グラスモーフィズム）","プロ（演出多め）"
"UI-00251","予約（サロン/ホテル/病院）のスマートウォッチUI（3D・クレイ）","プロ（演出多め）"
"UI-00252","顧客管理（CRM）のキオスク・サイネージUI（ニューブルータリズム）","プロ（演出多め）"
"UI-00253","タスク・プロジェクト管理の管理画面・ダッシュボードUI（グラスモーフィズム）","プロ（演出多め）"
"UI-00254","アクセス解析・BIのキオスク・サイネージUI（ネオン・サイバー）","プロ（演出多め）"
"UI-00255","アクセス解析・BIのタブレット / POSUI（信頼・誠実（コーポレート））","上級"
"UI-00256","マッチングのキオスク・サイネージUI（ネオン・サイバー）","プロ（演出多め）"
"UI-00257","音楽・ポッドキャストのキオスク・サイネージUI（ポップ・カラフル）","プロ（演出多め）"
"UI-00258","予約（サロン/ホテル/病院）のAndroidアプリUI（ポップ・カラフル）","上級"
"UI-00259","タスク・プロジェクト管理のWebアプリ（SaaS）UI（ポップ・カラフル）","プロ（演出多め）"
"UI-00260","音楽・ポッドキャストのタブレット / POSUI（グラスモーフィズム）","上級"
"UI-00261","ヘルスケア・フィットネス記録の管理画面・ダッシュボードUI（ネオン・サイバー）","プロ（演出多め）"
"UI-00262","予約（サロン/ホテル/病院）のWebアプリ（SaaS）UI（グラスモーフィズム）","上級"
"UI-00263","家計簿・資産管理のスマートウォッチUI（ネオン・サイバー）","プロ（演出多め）"
"UI-00264","アクセス解析・BIのWebアプリ（SaaS）UI（パステル・ドリーミー）","プロ（演出多め）"
"UI-00265","家計簿・資産管理のスマートウォッチUI（ニューブルータリズム）","プロ（演出多め）"
"UI-00266","フードデリバリーのiOSアプリUI（ジオメトリック・グラフィカル）","プロ（演出多め）"
"UI-00267","旅行・地図のキオスク・サイネージUI（和モダン）","プロ（演出多め）"
"UI-00268","予約（サロン/ホテル/病院）のiOSアプリUI（ポップ・カラフル）","プロ（演出多め）"
"UI-00269","飲食店モバイルオーダーのAndroidアプリUI（グラスモーフィズム）","プロ（演出多め）"
"UI-00270","スマートホーム・IoTのWebアプリ（SaaS）UI（3D・クレイ）","プロ（演出多め）"
"UI-00271","顧客管理（CRM）のWebアプリ（SaaS）UI（ポップ・カラフル）","プロ（演出多め）"
"UI-00272","マッチングのWebアプリ（SaaS）UI（ニューブルータリズム）","上級"
"UI-00273","顧客管理（CRM）のiOSアプリUI（クール・テック）","上級"
"UI-00274","スマートホーム・IoTのAndroidアプリUI（ジオメトリック・グラフィカル）","プロ（演出多め）"
"UI-00275","飲食店モバイルオーダーのWebアプリ（SaaS）UI（3D・クレイ）","プロ（演出多め）"
"UI-00276","旅行・地図のスマートウォッチUI（ニューブルータリズム）","上級"
"UI-00277","スマートホーム・IoTの管理画面・ダッシュボードUI（クール・テック）","プロ（演出多め）"
"UI-00278","アクセス解析・BIのAndroidアプリUI（かわいい・ガーリー）","プロ（演出多め）"
"UI-00279","学習・語学アプリのiOSアプリUI（クール・テック）","プロ（演出多め）"
"UI-00280","ショッピングのWebアプリ（SaaS）UI（北欧・ライフスタイル）","上級"
"UI-00281","学習・語学アプリのWebアプリ（SaaS）UI（ナチュラル・オーガニック）","プロ（演出多め）"
"UI-00282","タスク・プロジェクト管理のWebアプリ（SaaS）UI（ミニマル・洗練）","プロ（演出多め）"
"UI-00283","マッチングのタブレット / POSUI（クール・テック）","プロ（演出多め）"
"UI-00284","飲食店モバイルオーダーのスマートウォッチUI（ポップ・カラフル）","プロ（演出多め）"
"UI-00285","音楽・ポッドキャストのWebアプリ（SaaS）UI（エネルギッシュ・スポーティ）","プロ（演出多め）"
"UI-00286","マッチングのスマートウォッチUI（ポップ・カラフル）","プロ（演出多め）"
"UI-00287","SNS・コミュニティのiOSアプリUI（クール・テック）","上級"
"UI-00288","タスク・プロジェクト管理のキオスク・サイネージUI（ニューブルータリズム）","プロ（演出多め）"
"UI-00289","飲食店モバイルオーダーのWebアプリ（SaaS）UI（3D・クレイ）","プロ（演出多め）"
"UI-00290","旅行・地図のiOSアプリUI（ポップ・カラフル）","上級"
"UI-00291","旅行・地図のiOSアプリUI（3D・クレイ）","プロ（演出多め）"
"UI-00292","ショッピングのキオスク・サイネージUI（ミニマル・洗練）","上級"
"UI-00293","タスク・プロジェクト管理のキオスク・サイネージUI（ネオン・サイバー）","プロ（演出多め）"
"UI-00294","アクセス解析・BIのiOSアプリUI（クール・テック）","上級"
"UI-00295","音楽・ポッドキャストのAndroidアプリUI（ミニマル・洗練）","プロ（演出多め）"
"UI-00296","学習・語学アプリのiOSアプリUI（ハンドメイド・手書き）","プロ（演出多め）"
"UI-00297","ショッピングのキオスク・サイネージUI（3D・クレイ）","プロ（演出多め）"
"UI-00298","タスク・プロジェクト管理のAndroidアプリUI（ニューブルータリズム）","プロ（演出多め）"
"UI-00299","ヘルスケア・フィットネス記録のスマートウォッチUI（信頼・誠実（コーポレート））","プロ（演出多め）"
"UI-00300","アクセス解析・BIのキオスク・サイネージUI（ネオン・サイバー）","プロ（演出多め）"
"UI-00301","ショッピングのAndroidアプリUI（ナチュラル・オーガニック）","上級"
"UI-00302","学習・語学アプリのキオスク・サイネージUI（ニューブルータリズム）","プロ（演出多め）"
"UI-00303","ヘルスケア・フィットネス記録の管理画面・ダッシュボードUI（信頼・誠実（コーポレート））","上級"
"UI-00304","旅行・地図のWebアプリ（SaaS）UI（グラスモーフィズム）","プロ（演出多め）"
"UI-00305","家計簿・資産管理のWebアプリ（SaaS）UI（ハンドメイド・手書き）","プロ（演出多め）"
"UI-00306","音楽・ポッドキャストのタブレット / POSUI（ラグジュアリー・高級感）","プロ（演出多め）"
"UI-00307","予約（サロン/ホテル/病院）のiOSアプリUI（グラスモーフィズム）","上級"
"UI-00308","ヘルスケア・フィットネス記録のタブレット / POSUI（ポップ・カラフル）","上級"
"UI-00309","スマートホーム・IoTのAndroidアプリUI（ネオン・サイバー）","上級"
"UI-00310","顧客管理（CRM）のAndroidアプリUI（クール・テック）","プロ（演出多め）"
"UI-00311","マッチングのキオスク・サイネージUI（パステル・ドリーミー）","プロ（演出多め）"
"UI-00312","アクセス解析・BIのタブレット / POSUI（ニューブルータリズム）","プロ（演出多め）"
"UI-00313","アクセス解析・BIのWebアプリ（SaaS）UI（信頼・誠実（コーポレート））","上級"
"UI-00314","ヘルスケア・フィットネス記録のキオスク・サイネージUI（クール・テック）","プロ（演出多め）"
"UI-00315","タスク・プロジェクト管理の管理画面・ダッシュボードUI（クール・テック）","プロ（演出多め）"
"UI-00316","マッチングのタブレット / POSUI（パステル・ドリーミー）","上級"
"UI-00317","スマートホーム・IoTのキオスク・サイネージUI（ジオメトリック・グラフィカル）","プロ（演出多め）"
"UI-00318","AIアシスタント・チャットのキオスク・サイネージUI（ダーク・シネマティック）","プロ（演出多め）"
"UI-00319","フードデリバリーの管理画面・ダッシュボードUI（ネオン・サイバー）","プロ（演出多め）"
"UI-00320","AIアシスタント・チャットのキオスク・サイネージUI（ハンドメイド・手書き）","プロ（演出多め）"
"UI-00321","学習・語学アプリのスマートウォッチUI（クール・テック）","上級"
"UI-00322","飲食店モバイルオーダーの管理画面・ダッシュボードUI（和モダン）","上級"
"UI-00323","アクセス解析・BIのキオスク・サイネージUI（エネルギッシュ・スポーティ）","プロ（演出多め）"
"UI-00324","学習・語学アプリのキオスク・サイネージUI（信頼・誠実（コーポレート））","プロ（演出多め）"
"UI-00325","家計簿・資産管理のキオスク・サイネージUI（ネオン・サイバー）","上級"
"UI-00326","フードデリバリーのタブレット / POSUI（ネオン・サイバー）","プロ（演出多め）"
"UI-00327","予約（サロン/ホテル/病院）のキオスク・サイネージUI（ハンドメイド・手書き）","上級"
"UI-00328","AIアシスタント・チャットのキオスク・サイネージUI（信頼・誠実（コーポレート））","プロ（演出多め）"
"UI-00329","AIアシスタント・チャットのAndroidアプリUI（グラスモーフィズム）","プロ（演出多め）"
"UI-00330","家計簿・資産管理のキオスク・サイネージUI（ポップ・カラフル）","プロ（演出多め）"
"UI-00331","予約（サロン/ホテル/病院）のiOSアプリUI（レトロ・Y2K）","上級"
"UI-00332","予約（サロン/ホテル/病院）のWebアプリ（SaaS）UI（ネオン・サイバー）","プロ（演出多め）"
"UI-00333","ショッピングのキオスク・サイネージUI（クール・テック）","プロ（演出多め）"
"UI-00334","音楽・ポッドキャストのスマートウォッチUI（パステル・ドリーミー）","上級"
"UI-00335","ショッピングのスマートウォッチUI（かわいい・ガーリー）","上級"
"UI-00336","学習・語学アプリのiOSアプリUI（パステル・ドリーミー）","プロ（演出多め）"
"UI-00337","タスク・プロジェクト管理の管理画面・ダッシュボードUI（信頼・誠実（コーポレート））","プロ（演出多め）"
"UI-00338","旅行・地図の管理画面・ダッシュボードUI（ネオン・サイバー）","上級"
"UI-00339","ショッピングのスマートウォッチUI（ミニマル・洗練）","プロ（演出多め）"
"UI-00340","旅行・地図のタブレット / POSUI（エネルギッシュ・スポーティ）","上級"
"UI-00341","マッチングのスマートウォッチUI（ニューブルータリズム）","プロ（演出多め）"
"UI-00342","音楽・ポッドキャストのスマートウォッチUI（ニューブルータリズム）","上級"
"UI-00343","マッチングの管理画面・ダッシュボードUI（ミニマル・洗練）","プロ（演出多め）"
"UI-00344","ショッピングの管理画面・ダッシュボードUI（ネオン・サイバー）","プロ（演出多め）"
"UI-00345","SNS・コミュニティのiOSアプリUI（3D・クレイ）","プロ（演出多め）"
"UI-00346","SNS・コミュニティのAndroidアプリUI（ニューブルータリズム）","上級"
"UI-00347","顧客管理（CRM）のWebアプリ（SaaS）UI（ラグジュアリー・高級感）","プロ（演出多め）"
"UI-00348","タスク・プロジェクト管理のAndroidアプリUI（ネオン・サイバー）","プロ（演出多め）"
"UI-00349","旅行・地図の管理画面・ダッシュボードUI（3D・クレイ）","プロ（演出多め）"
"UI-00350","フードデリバリーのタブレット / POSUI（グラスモーフィズム）","プロ（演出多め）"
"UI-00351","マッチングのWebアプリ（SaaS）UI（3D・クレイ）","上級"
"UI-00352","家計簿・資産管理のスマートウォッチUI（クール・テック）","プロ（演出多め）"
"UI-00353","予約（サロン/ホテル/病院）のキオスク・サイネージUI（3D・クレイ）","プロ（演出多め）"
"UI-00354","予約（サロン/ホテル/病院）のWebアプリ（SaaS）UI（ミニマル・洗練）","プロ（演出多め）"
"UI-00355","旅行・地図のAndroidアプリUI（ミニマル・洗練）","上級"
"UI-00356","音楽・ポッドキャストのスマートウォッチUI（ネオン・サイバー）","上級"
"UI-00357","予約（サロン/ホテル/病院）のタブレット / POSUI（クール・テック）","プロ（演出多め）"
"UI-00358","家計簿・資産管理のiOSアプリUI（クール・テック）","上級"
"UI-00359","ショッピングのiOSアプリUI（北欧・ライフスタイル）","上級"
"UI-00360","音楽・ポッドキャストのiOSアプリUI（信頼・誠実（コーポレート））","プロ（演出多め）"
"UI-00361","ヘルスケア・フィットネス記録のタブレット / POSUI（ポップ・カラフル）","プロ（演出多め）"
"UI-00362","SNS・コミュニティの管理画面・ダッシュボードUI（パステル・ドリーミー）","プロ（演出多め）"
"UI-00363","フードデリバリーのスマートウォッチUI（ミニマル・洗練）","上級"
"UI-00364","マッチングのAndroidアプリUI（3D・クレイ）","プロ（演出多め）"
"UI-00365","フードデリバリーのスマートウォッチUI（ナチュラル・オーガニック）","プロ（演出多め）"
"UI-00366","家計簿・資産管理の管理画面・ダッシュボードUI（3D・クレイ）","プロ（演出多め）"
"UI-00367","音楽・ポッドキャストのスマートウォッチUI（グラスモーフィズム）","プロ（演出多め）"
"UI-00368","家計簿・資産管理のAndroidアプリUI（3D・クレイ）","プロ（演出多め）"
"UI-00369","家計簿・資産管理のWebアプリ（SaaS）UI（3D・クレイ）","上級"
"UI-00370","家計簿・資産管理のWebアプリ（SaaS）UI（ニューブルータリズム）","プロ（演出多め）"
"UI-00371","スマートホーム・IoTのキオスク・サイネージUI（グラスモーフィズム）","上級"
"UI-00372","ヘルスケア・フィットネス記録の管理画面・ダッシュボードUI（ミニマル・洗練）","プロ（演出多め）"
"UI-00373","飲食店モバイルオーダーのiOSアプリUI（ポップ・カラフル）","プロ（演出多め）"
"UI-00374","フードデリバリーのキオスク・サイネージUI（ネオン・サイバー）","上級"
"UI-00375","予約（サロン/ホテル/病院）のタブレット / POSUI（グラスモーフィズム）","プロ（演出多め）"
"UI-00376","SNS・コミュニティの管理画面・ダッシュボードUI（3D・クレイ）","プロ（演出多め）"
"UI-00377","フードデリバリーのWebアプリ（SaaS）UI（ミニマル・洗練）","プロ（演出多め）"
"UI-00378","ヘルスケア・フィットネス記録のキオスク・サイネージUI（3D・クレイ）","上級"
"UI-00379","顧客管理（CRM）のキオスク・サイネージUI（3D・クレイ）","上級"
"UI-00380","スマートホーム・IoTのWebアプリ（SaaS）UI（クール・テック）","プロ（演出多め）"
"UI-00381","ヘルスケア・フィットネス記録のAndroidアプリUI（かわいい・ガーリー）","プロ（演出多め）"
"UI-00382","予約（サロン/ホテル/病院）のiOSアプリUI（かわいい・ガーリー）","プロ（演出多め）"
"UI-00383","スマートホーム・IoTの管理画面・ダッシュボードUI（3D・クレイ）","プロ（演出多め）"
"UI-00384","AIアシスタント・チャットのWebアプリ（SaaS）UI（3D・クレイ）","プロ（演出多め）"
"UI-00385","マッチングのスマートウォッチUI（グラスモーフィズム）","プロ（演出多め）"
"UI-00386","飲食店モバイルオーダーのiOSアプリUI（ミニマル・洗練）","上級"
"UI-00387","飲食店モバイルオーダーのiOSアプリUI（信頼・誠実（コーポレート））","プロ（演出多め）"
"UI-00388","顧客管理（CRM）のタブレット / POSUI（ポップ・カラフル）","プロ（演出多め）"
"UI-00389","SNS・コミュニティのiOSアプリUI（信頼・誠実（コーポレート））","上級"
"UI-00390","マッチングのAndroidアプリUI（ネオン・サイバー）","上級"
"UI-00391","AIアシスタント・チャットのタブレット / POSUI（ニューブルータリズム）","プロ（演出多め）"
"UI-00392","顧客管理（CRM）のiOSアプリUI（信頼・誠実（コーポレート））","上級"
"UI-00393","飲食店モバイルオーダーの管理画面・ダッシュボードUI（ラグジュアリー・高級感）","プロ（演出多め）"
"UI-00394","ショッピングのAndroidアプリUI（ポップ・カラフル）","プロ（演出多め）"
"UI-00395","スマートホーム・IoTのiOSアプリUI（パステル・ドリーミー）","上級"
"UI-00396","SNS・コミュニティのAndroidアプリUI（グラスモーフィズム）","プロ（演出多め）"
"UI-00397","旅行・地図のAndroidアプリUI（グラスモーフィズム）","プロ（演出多め）"
"UI-00398","フードデリバリーのWebアプリ（SaaS）UI（グラスモーフィズム）","プロ（演出多め）"
"UI-00399","ショッピングのiOSアプリUI（ポップ・カラフル）","プロ（演出多め）"
"UI-00400","ショッピングのタブレット / POSUI（3D・クレイ）","プロ（演出多め）"
"UI-00401","スマートホーム・IoTのキオスク・サイネージUI（パステル・ドリーミー）","上級"
"UI-00402","SNS・コミュニティの管理画面・ダッシュボードUI（パステル・ドリーミー）","プロ（演出多め）"
"UI-00403","予約（サロン/ホテル/病院）のiOSアプリUI（3D・クレイ）","プロ（演出多め）"
"UI-00404","フードデリバリーのキオスク・サイネージUI（信頼・誠実（コーポレート））","プロ（演出多め）"
"UI-00405","ヘルスケア・フィットネス記録のWebアプリ（SaaS）UI（クール・テック）","プロ（演出多め）"
"UI-00406","フードデリバリーのキオスク・サイネージUI（ハンドメイド・手書き）","プロ（演出多め）"
"UI-00407","ショッピングのWebアプリ（SaaS）UI（ラグジュアリー・高級感）","プロ（演出多め）"
"UI-00408","顧客管理（CRM）の管理画面・ダッシュボードUI（ジオメトリック・グラフィカル）","プロ（演出多め）"
"UI-00409","ショッピングのiOSアプリUI（ハンドメイド・手書き）","プロ（演出多め）"
"UI-00410","ヘルスケア・フィットネス記録のWebアプリ（SaaS）UI（エネルギッシュ・スポーティ）","プロ（演出多め）"
"UI-00411","ヘルスケア・フィットネス記録のiOSアプリUI（信頼・誠実（コーポレート））","プロ（演出多め）"
"UI-00412","音楽・ポッドキャストのスマートウォッチUI（北欧・ライフスタイル）","プロ（演出多め）"
"UI-00413","学習・語学アプリのスマートウォッチUI（3D・クレイ）","プロ（演出多め）"
"UI-00414","タスク・プロジェクト管理のWebアプリ（SaaS）UI（レトロ・Y2K）","プロ（演出多め）"
"UI-00415","フードデリバリーのスマートウォッチUI（信頼・誠実（コーポレート））","プロ（演出多め）"
"UI-00416","学習・語学アプリの管理画面・ダッシュボードUI（パステル・ドリーミー）","プロ（演出多め）"
"UI-00417","ショッピングのiOSアプリUI（信頼・誠実（コーポレート））","上級"
"UI-00418","顧客管理（CRM）のスマートウォッチUI（ニューブルータリズム）","プロ（演出多め）"
"UI-00419","旅行・地図の管理画面・ダッシュボードUI（信頼・誠実（コーポレート））","プロ（演出多め）"
"UI-00420","学習・語学アプリのタブレット / POSUI（信頼・誠実（コーポレート））","プロ（演出多め）"
"UI-00421","旅行・地図のスマートウォッチUI（パステル・ドリーミー）","プロ（演出多め）"
"UI-00422","予約（サロン/ホテル/病院）の管理画面・ダッシュボードUI（信頼・誠実（コーポレート））","プロ（演出多め）"
"UI-00423","予約（サロン/ホテル/病院）のAndroidアプリUI（ネオン・サイバー）","上級"
"UI-00424","SNS・コミュニティの管理画面・ダッシュボードUI（3D・クレイ）","プロ（演出多め）"
"UI-00425","飲食店モバイルオーダーの管理画面・ダッシュボードUI（クール・テック）","プロ（演出多め）"
"UI-00426","AIアシスタント・チャットのタブレット / POSUI（ニューブルータリズム）","プロ（演出多め）"
"UI-00427","スマートホーム・IoTのiOSアプリUI（ネオン・サイバー）","上級"
"UI-00428","旅行・地図のAndroidアプリUI（ミニマル・洗練）","プロ（演出多め）"
"UI-00429","家計簿・資産管理のAndroidアプリUI（信頼・誠実（コーポレート））","プロ（演出多め）"
"UI-00430","ヘルスケア・フィットネス記録のiOSアプリUI（ニューブルータリズム）","上級"
"UI-00431","アクセス解析・BIのiOSアプリUI（グラスモーフィズム）","プロ（演出多め）"
"UI-00432","旅行・地図のAndroidアプリUI（パステル・ドリーミー）","上級"
"UI-00433","SNS・コミュニティの管理画面・ダッシュボードUI（ラグジュアリー・高級感）","プロ（演出多め）"
"UI-00434","AIアシスタント・チャットのタブレット / POSUI（北欧・ライフスタイル）","プロ（演出多め）"
"UI-00435","マッチングのWebアプリ（SaaS）UI（グラスモーフィズム）","プロ（演出多め）"
"UI-00436","顧客管理（CRM）のAndroidアプリUI（和モダン）","上級"
"UI-00437","旅行・地図の管理画面・ダッシュボードUI（ニューブルータリズム）","上級"
"UI-00438","スマートホーム・IoTのWebアプリ（SaaS）UI（レトロ・Y2K）","プロ（演出多め）"
"UI-00439","タスク・プロジェクト管理の管理画面・ダッシュボードUI（パステル・ドリーミー）","プロ（演出多め）"
"UI-00440","音楽・ポッドキャストのAndroidアプリUI（エネルギッシュ・スポーティ）","プロ（演出多め）"
"UI-00441","アクセス解析・BIのiOSアプリUI（ミニマル・洗練）","プロ（演出多め）"
"UI-00442","顧客管理（CRM）のWebアプリ（SaaS）UI（ネオン・サイバー）","プロ（演出多め）"
"UI-00443","家計簿・資産管理の管理画面・ダッシュボードUI（グラスモーフィズム）","プロ（演出多め）"
"UI-00444","ショッピングのキオスク・サイネージUI（エネルギッシュ・スポーティ）","プロ（演出多め）"
"UI-00445","旅行・地図のキオスク・サイネージUI（パステル・ドリーミー）","上級"
"UI-00446","アクセス解析・BIのスマートウォッチUI（ポップ・カラフル）","プロ（演出多め）"
"UI-00447","顧客管理（CRM）のAndroidアプリUI（グラスモーフィズム）","上級"
"UI-00448","予約（サロン/ホテル/病院）のスマートウォッチUI（ポップ・カラフル）","プロ（演出多め）"
"UI-00449","旅行・地図のAndroidアプリUI（エディトリアル・雑誌風）","プロ（演出多め）"
"UI-00450","家計簿・資産管理のAndroidアプリUI（ナチュラル・オーガニック）","プロ（演出多め）"
"UI-00451","飲食店モバイルオーダーのキオスク・サイネージUI（クール・テック）","プロ（演出多め）"
"UI-00452","ヘルスケア・フィットネス記録のタブレット / POSUI（信頼・誠実（コーポレート））","プロ（演出多め）"
"UI-00453","予約（サロン/ホテル/病院）のAndroidアプリUI（エネルギッシュ・スポーティ）","プロ（演出多め）"
"UI-00454","ヘルスケア・フィットネス記録のキオスク・サイネージUI（グラスモーフィズム）","上級"
"UI-00455","家計簿・資産管理のタブレット / POSUI（ニューブルータリズム）","プロ（演出多め）"
"UI-00456","音楽・ポッドキャストのWebアプリ（SaaS）UI（3D・クレイ）","プロ（演出多め）"
"UI-00457","アクセス解析・BIのiOSアプリUI（3D・クレイ）","上級"
"UI-00458","顧客管理（CRM）のキオスク・サイネージUI（グラスモーフィズム）","プロ（演出多め）"
"UI-00459","顧客管理（CRM）の管理画面・ダッシュボードUI（ポップ・カラフル）","プロ（演出多め）"
"UI-00460","フードデリバリーのスマートウォッチUI（ニューブルータリズム）","プロ（演出多め）"
"UI-00461","学習・語学アプリのAndroidアプリUI（ネオン・サイバー）","上級"
"UI-00462","アクセス解析・BIのタブレット / POSUI（ニューブルータリズム）","プロ（演出多め）"
"UI-00463","顧客管理（CRM）の管理画面・ダッシュボードUI（ネオン・サイバー）","プロ（演出多め）"
"UI-00464","フードデリバリーの管理画面・ダッシュボードUI（ハンドメイド・手書き）","上級"
"UI-00465","フードデリバリーのスマートウォッチUI（エネルギッシュ・スポーティ）","プロ（演出多め）"
"UI-00466","顧客管理（CRM）のタブレット / POSUI（パステル・ドリーミー）","上級"
"UI-00467","タスク・プロジェクト管理のタブレット / POSUI（信頼・誠実（コーポレート））","プロ（演出多め）"
"UI-00468","旅行・地図の管理画面・ダッシュボードUI（ジオメトリック・グラフィカル）","プロ（演出多め）"
"UI-00469","ヘルスケア・フィットネス記録の管理画面・ダッシュボードUI（北欧・ライフスタイル）","上級"
"UI-00470","フードデリバリーのWebアプリ（SaaS）UI（クール・テック）","プロ（演出多め）"
"UI-00471","マッチングのキオスク・サイネージUI（ミニマル・洗練）","プロ（演出多め）"
"UI-00472","音楽・ポッドキャストのiOSアプリUI（ポップ・カラフル）","プロ（演出多め）"
"UI-00473","マッチングのタブレット / POSUI（ミニマル・洗練）","プロ（演出多め）"
"UI-00474","ショッピングのiOSアプリUI（ポップ・カラフル）","上級"
"UI-00475","フードデリバリーのWebアプリ（SaaS）UI（3D・クレイ）","プロ（演出多め）"
"UI-00476","AIアシスタント・チャットのiOSアプリUI（3D・クレイ）","プロ（演出多め）"
"UI-00477","家計簿・資産管理のWebアプリ（SaaS）UI（グラスモーフィズム）","上級"
"UI-00478","飲食店モバイルオーダーのタブレット / POSUI（3D・クレイ）","プロ（演出多め）"
"UI-00479","顧客管理（CRM）のAndroidアプリUI（かわいい・ガーリー）","プロ（演出多め）"
"UI-00480","AIアシスタント・チャットの管理画面・ダッシュボードUI（クール・テック）","上級"
"UI-00481","AIアシスタント・チャットのスマートウォッチUI（かわいい・ガーリー）","上級"
"UI-00482","飲食店モバイルオーダーのキオスク・サイネージUI（グラスモーフィズム）","プロ（演出多め）"
"UI-00483","SNS・コミュニティのタブレット / POSUI（3D・クレイ）","上級"
"UI-00484","旅行・地図のiOSアプリUI（クール・テック）","プロ（演出多め）"
"UI-00485","マッチングのWebアプリ（SaaS）UI（ポップ・カラフル）","プロ（演出多め）"
"UI-00486","ショッピングのキオスク・サイネージUI（信頼・誠実（コーポレート））","プロ（演出多め）"
"UI-00487","家計簿・資産管理のiOSアプリUI（ニューブルータリズム）","プロ（演出多め）"
"UI-00488","学習・語学アプリのキオスク・サイネージUI（クール・テック）","プロ（演出多め）"
"UI-00489","飲食店モバイルオーダーのキオスク・サイネージUI（ハンドメイド・手書き）","プロ（演出多め）"
"UI-00490","フードデリバリーのスマートウォッチUI（ミニマル・洗練）","プロ（演出多め）"
"UI-00491","タスク・プロジェクト管理のAndroidアプリUI（エネルギッシュ・スポーティ）","プロ（演出多め）"
"UI-00492","ショッピングのWebアプリ（SaaS）UI（パステル・ドリーミー）","プロ（演出多め）"
"UI-00493","AIアシスタント・チャットのWebアプリ（SaaS）UI（クール・テック）","プロ（演出多め）"
"UI-00494","AIアシスタント・チャットのWebアプリ（SaaS）UI（パステル・ドリーミー）","プロ（演出多め）"
"UI-00495","AIアシスタント・チャットの管理画面・ダッシュボードUI（3D・クレイ）","上級"
"UI-00496","ショッピングのスマートウォッチUI（ニューブルータリズム）","プロ（演出多め）"
"UI-00497","マッチングのキオスク・サイネージUI（レトロ・Y2K）","プロ（演出多め）"
"UI-00498","音楽・ポッドキャストのiOSアプリUI（ニューブルータリズム）","上級"
"UI-00499","AIアシスタント・チャットのタブレット / POSUI（3D・クレイ）","上級"
"UI-00500","家計簿・資産管理の管理画面・ダッシュボードUI（ミニマル・洗練）","上級"
"UI-00501","ヘルスケア・フィットネス記録のタブレット / POSUI（グラスモーフィズム）","プロ（演出多め）"
"UI-00502","AIアシスタント・チャットのWebアプリ（SaaS）UI（信頼・誠実（コーポレート））","プロ（演出多め）"
"UI-00503","旅行・地図のキオスク・サイネージUI（グラスモーフィズム）","プロ（演出多め）"
"UI-00504","飲食店モバイルオーダーのキオスク・サイネージUI（ナチュラル・オーガニック）","プロ（演出多め）"
"UI-00505","ショッピングの管理画面・ダッシュボードUI（ハンドメイド・手書き）","プロ（演出多め）"
"UI-00506","タスク・プロジェクト管理のタブレット / POSUI（ポップ・カラフル）","上級"
"UI-00507","音楽・ポッドキャストのAndroidアプリUI（信頼・誠実（コーポレート））","プロ（演出多め）"
"UI-00508","マッチングのAndroidアプリUI（信頼・誠実（コーポレート））","プロ（演出多め）"
"UI-00509","旅行・地図のWebアプリ（SaaS）UI（北欧・ライフスタイル）","プロ（演出多め）"
"UI-00510","スマートホーム・IoTのキオスク・サイネージUI（グラスモーフィズム）","プロ（演出多め）"
"UI-00511","フードデリバリーのスマートウォッチUI（ミニマル・洗練）","プロ（演出多め）"
"UI-00512","ショッピングのWebアプリ（SaaS）UI（グラスモーフィズム）","プロ（演出多め）"
"UI-00513","顧客管理（CRM）のスマートウォッチUI（パステル・ドリーミー）","上級"
"UI-00514","旅行・地図のスマートウォッチUI（ポップ・カラフル）","プロ（演出多め）"
"UI-00515","マッチングのiOSアプリUI（ニューブルータリズム）","プロ（演出多め）"
"UI-00516","家計簿・資産管理のキオスク・サイネージUI（ニューブルータリズム）","プロ（演出多め）"
"UI-00517","アクセス解析・BIのiOSアプリUI（ナチュラル・オーガニック）","プロ（演出多め）"
"UI-00518","スマートホーム・IoTのAndroidアプリUI（グラスモーフィズム）","プロ（演出多め）"
"UI-00519","音楽・ポッドキャストのiOSアプリUI（ニューブルータリズム）","上級"
"UI-00520","スマートホーム・IoTのスマートウォッチUI（和モダン）","プロ（演出多め）"
"UI-00521","タスク・プロジェクト管理のスマートウォッチUI（北欧・ライフスタイル）","プロ（演出多め）"
"UI-00522","マッチングのiOSアプリUI（パステル・ドリーミー）","プロ（演出多め）"
"UI-00523","音楽・ポッドキャストの管理画面・ダッシュボードUI（ミニマル・洗練）","プロ（演出多め）"
"UI-00524","学習・語学アプリのiOSアプリUI（ポップ・カラフル）","プロ（演出多め）"
"UI-00525","顧客管理（CRM）の管理画面・ダッシュボードUI（エネルギッシュ・スポーティ）","上級"
"UI-00526","顧客管理（CRM）のスマートウォッチUI（グラスモーフィズム）","上級"
"UI-00527","学習・語学アプリのAndroidアプリUI（ミニマル・洗練）","プロ（演出多め）"
"UI-00528","アクセス解析・BIのキオスク・サイネージUI（パステル・ドリーミー）","上級"
"UI-00529","顧客管理（CRM）の管理画面・ダッシュボードUI（3D・クレイ）","上級"
"UI-00530","音楽・ポッドキャストのWebアプリ（SaaS）UI（ネオン・サイバー）","上級"
"UI-00531","AIアシスタント・チャットのタブレット / POSUI（ニューブルータリズム）","上級"
"UI-00532","アクセス解析・BIのスマートウォッチUI（ダーク・シネマティック）","プロ（演出多め）"
"UI-00533","学習・語学アプリのスマートウォッチUI（グラスモーフィズム）","プロ（演出多め）"
"UI-00534","ヘルスケア・フィットネス記録の管理画面・ダッシュボードUI（ミニマル・洗練）","プロ（演出多め）"
"UI-00535","予約（サロン/ホテル/病院）の管理画面・ダッシュボードUI（グラスモーフィズム）","プロ（演出多め）"
"UI-00536","フードデリバリーの管理画面・ダッシュボードUI（エネルギッシュ・スポーティ）","プロ（演出多め）"
"UI-00537","ショッピングのタブレット / POSUI（3D・クレイ）","上級"
"UI-00538","フードデリバリーの管理画面・ダッシュボードUI（ニューブルータリズム）","プロ（演出多め）"
"UI-00539","タスク・プロジェクト管理のスマートウォッチUI（信頼・誠実（コーポレート））","プロ（演出多め）"
"UI-00540","フードデリバリーの管理画面・ダッシュボードUI（ポップ・カラフル）","プロ（演出多め）"
"UI-00541","フードデリバリーの管理画面・ダッシュボードUI（クール・テック）","プロ（演出多め）"
"UI-00542","タスク・プロジェクト管理のAndroidアプリUI（クール・テック）","上級"
"UI-00543","SNS・コミュニティのiOSアプリUI（パステル・ドリーミー）","上級"
"UI-00544","マッチングのWebアプリ（SaaS）UI（レトロ・Y2K）","上級"
"UI-00545","旅行・地図のスマートウォッチUI（信頼・誠実（コーポレート））","上級"
"UI-00546","家計簿・資産管理の管理画面・ダッシュボードUI（ミニマル・洗練）","上級"
"UI-00547","ヘルスケア・フィットネス記録のタブレット / POSUI（3D・クレイ）","上級"
"UI-00548","スマートホーム・IoTのキオスク・サイネージUI（エディトリアル・雑誌風）","プロ（演出多め）"
"UI-00549","マッチングのスマートウォッチUI（パステル・ドリーミー）","プロ（演出多め）"
"UI-00550","AIアシスタント・チャットのタブレット / POSUI（ミニマル・洗練）","プロ（演出多め）"
"UI-00551","家計簿・資産管理のタブレット / POSUI（ジオメトリック・グラフィカル）","プロ（演出多め）"
"UI-00552","家計簿・資産管理のiOSアプリUI（クール・テック）","プロ（演出多め）"
"UI-00553","飲食店モバイルオーダーのiOSアプリUI（和モダン）","プロ（演出多め）"
"UI-00554","音楽・ポッドキャストの管理画面・ダッシュボードUI（信頼・誠実（コーポレート））","プロ（演出多め）"
"UI-00555","ショッピングの管理画面・ダッシュボードUI（北欧・ライフスタイル）","プロ（演出多め）"
"UI-00556","アクセス解析・BIのタブレット / POSUI（かわいい・ガーリー）","上級"
"UI-00557","アクセス解析・BIのキオスク・サイネージUI（信頼・誠実（コーポレート））","プロ（演出多め）"
"UI-00558","アクセス解析・BIのタブレット / POSUI（クール・テック）","プロ（演出多め）"
"UI-00559","スマートホーム・IoTのiOSアプリUI（ニューブルータリズム）","プロ（演出多め）"
"UI-00560","予約（サロン/ホテル/病院）の管理画面・ダッシュボードUI（3D・クレイ）","上級"
"UI-00561","家計簿・資産管理のタブレット / POSUI（ネオン・サイバー）","上級"
"UI-00562","SNS・コミュニティのスマートウォッチUI（クール・テック）","上級"
"UI-00563","マッチングのAndroidアプリUI（パステル・ドリーミー）","プロ（演出多め）"
"UI-00564","家計簿・資産管理のAndroidアプリUI（ミニマル・洗練）","上級"
"UI-00565","フードデリバリーのタブレット / POSUI（ミニマル・洗練）","プロ（演出多め）"
"UI-00566","マッチングのスマートウォッチUI（ニューブルータリズム）","プロ（演出多め）"
"UI-00567","マッチングのWebアプリ（SaaS）UI（3D・クレイ）","プロ（演出多め）"
"UI-00568","フードデリバリーの管理画面・ダッシュボードUI（北欧・ライフスタイル）","プロ（演出多め）"
"UI-00569","マッチングのキオスク・サイネージUI（3D・クレイ）","上級"
"UI-00570","音楽・ポッドキャストのiOSアプリUI（エネルギッシュ・スポーティ）","プロ（演出多め）"
"UI-00571","旅行・地図のキオスク・サイネージUI（ネオン・サイバー）","プロ（演出多め）"
"UI-00572","家計簿・資産管理のスマートウォッチUI（3D・クレイ）","上級"
"UI-00573","タスク・プロジェクト管理の管理画面・ダッシュボードUI（3D・クレイ）","上級"
"UI-00574","スマートホーム・IoTの管理画面・ダッシュボードUI（かわいい・ガーリー）","プロ（演出多め）"
"UI-00575","音楽・ポッドキャストのWebアプリ（SaaS）UI（信頼・誠実（コーポレート））","プロ（演出多め）"
"UI-00576","ヘルスケア・フィットネス記録のタブレット / POSUI（ニューブルータリズム）","プロ（演出多め）"
"UI-00577","スマートホーム・IoTのキオスク・サイネージUI（信頼・誠実（コーポレート））","プロ（演出多め）"
"UI-00578","アクセス解析・BIのWebアプリ（SaaS）UI（3D・クレイ）","プロ（演出多め）"
"UI-00579","フードデリバリーのAndroidアプリUI（パステル・ドリーミー）","プロ（演出多め）"
"UI-00580","家計簿・資産管理の管理画面・ダッシュボードUI（3D・クレイ）","プロ（演出多め）"
"UI-00581","SNS・コミュニティのスマートウォッチUI（ラグジュアリー・高級感）","プロ（演出多め）"
"UI-00582","ショッピングのAndroidアプリUI（ハンドメイド・手書き）","プロ（演出多め）"
"UI-00583","ヘルスケア・フィットネス記録のAndroidアプリUI（グラスモーフィズム）","上級"
"UI-00584","ヘルスケア・フィットネス記録のiOSアプリUI（信頼・誠実（コーポレート））","上級"
"UI-00585","顧客管理（CRM）のスマートウォッチUI（3D・クレイ）","プロ（演出多め）"
"UI-00586","スマートホーム・IoTのAndroidアプリUI（ネオン・サイバー）","上級"
"UI-00587","SNS・コミュニティのiOSアプリUI（信頼・誠実（コーポレート））","上級"
"UI-00588","アクセス解析・BIのiOSアプリUI（パステル・ドリーミー）","上級"
"UI-00589","ショッピングのiOSアプリUI（ミニマル・洗練）","上級"
"UI-00590","スマートホーム・IoTのタブレット / POSUI（ポップ・カラフル）","プロ（演出多め）"
"UI-00591","家計簿・資産管理のタブレット / POSUI（ミニマル・洗練）","プロ（演出多め）"
"UI-00592","ヘルスケア・フィットネス記録のスマートウォッチUI（グラスモーフィズム）","プロ（演出多め）"
"UI-00593","顧客管理（CRM）の管理画面・ダッシュボードUI（ポップ・カラフル）","上級"
"UI-00594","飲食店モバイルオーダーの管理画面・ダッシュボードUI（ミニマル・洗練）","プロ（演出多め）"
"UI-00595","旅行・地図のスマートウォッチUI（ポップ・カラフル）","プロ（演出多め）"
"UI-00596","タスク・プロジェクト管理のキオスク・サイネージUI（ネオン・サイバー）","プロ（演出多め）"
"UI-00597","音楽・ポッドキャストのスマートウォッチUI（3D・クレイ）","上級"
"UI-00598","スマートホーム・IoTのAndroidアプリUI（信頼・誠実（コーポレート））","上級"
"UI-00599","フードデリバリーのタブレット / POSUI（北欧・ライフスタイル）","プロ（演出多め）"
"UI-00600","SNS・コミュニティのキオスク・サイネージUI（クール・テック）","プロ（演出多め）"
"UI-00601","マッチングのWebアプリ（SaaS）UI（グラスモーフィズム）","プロ（演出多め）"
"UI-00602","ショッピングのキオスク・サイネージUI（グラスモーフィズム）","上級"
"UI-00603","旅行・地図のWebアプリ（SaaS）UI（ポップ・カラフル）","プロ（演出多め）"
"UI-00604","ヘルスケア・フィットネス記録のAndroidアプリUI（パステル・ドリーミー）","プロ（演出多め）"
"UI-00605","家計簿・資産管理のAndroidアプリUI（クール・テック）","プロ（演出多め）"
"UI-00606","飲食店モバイルオーダーのWebアプリ（SaaS）UI（クール・テック）","プロ（演出多め）"
"UI-00607","AIアシスタント・チャットのキオスク・サイネージUI（ネオン・サイバー）","上級"
"UI-00608","ショッピングの管理画面・ダッシュボードUI（信頼・誠実（コーポレート））","プロ（演出多め）"
"UI-00609","家計簿・資産管理のスマートウォッチUI（ニューブルータリズム）","上級"
"UI-00610","AIアシスタント・チャットのタブレット / POSUI（ポップ・カラフル）","上級"
"UI-00611","スマートホーム・IoTのWebアプリ（SaaS）UI（パステル・ドリーミー）","上級"
"UI-00612","家計簿・資産管理のWebアプリ（SaaS）UI（3D・クレイ）","上級"
"UI-00613","予約（サロン/ホテル/病院）のキオスク・サイネージUI（ポップ・カラフル）","上級"
"UI-00614","ヘルスケア・フィットネス記録のタブレット / POSUI（クール・テック）","プロ（演出多め）"
"UI-00615","学習・語学アプリのWebアプリ（SaaS）UI（ニューブルータリズム）","プロ（演出多め）"
"UI-00616","予約（サロン/ホテル/病院）のタブレット / POSUI（グラスモーフィズム）","上級"
"UI-00617","SNS・コミュニティのキオスク・サイネージUI（ポップ・カラフル）","プロ（演出多め）"
"UI-00618","予約（サロン/ホテル/病院）のキオスク・サイネージUI（ミニマル・洗練）","プロ（演出多め）"
"UI-00619","顧客管理（CRM）のスマートウォッチUI（信頼・誠実（コーポレート））","プロ（演出多め）"
"UI-00620","予約（サロン/ホテル/病院）のタブレット / POSUI（クール・テック）","プロ（演出多め）"
"UI-00621","ショッピングのAndroidアプリUI（クール・テック）","プロ（演出多め）"
"UI-00622","飲食店モバイルオーダーのタブレット / POSUI（ミニマル・洗練）","プロ（演出多め）"
"UI-00623","家計簿・資産管理のiOSアプリUI（パステル・ドリーミー）","プロ（演出多め）"
"UI-00624","学習・語学アプリのWebアプリ（SaaS）UI（ネオン・サイバー）","上級"
"UI-00625","SNS・コミュニティの管理画面・ダッシュボードUI（グラスモーフィズム）","プロ（演出多め）"
"UI-00626","マッチングの管理画面・ダッシュボードUI（ニューブルータリズム）","上級"
"UI-00627","飲食店モバイルオーダーのWebアプリ（SaaS）UI（ミニマル・洗練）","上級"
"UI-00628","SNS・コミュニティのiOSアプリUI（ナチュラル・オーガニック）","プロ（演出多め）"
"UI-00629","ショッピングのAndroidアプリUI（和モダン）","プロ（演出多め）"
"UI-00630","家計簿・資産管理のWebアプリ（SaaS）UI（3D・クレイ）","プロ（演出多め）"
"UI-00631","AIアシスタント・チャットのキオスク・サイネージUI（かわいい・ガーリー）","プロ（演出多め）"
"UI-00632","予約（サロン/ホテル/病院）の管理画面・ダッシュボードUI（3D・クレイ）","上級"
"UI-00633","予約（サロン/ホテル/病院）の管理画面・ダッシュボードUI（信頼・誠実（コーポレート））","プロ（演出多め）"
"UI-00634","家計簿・資産管理のiOSアプリUI（ミニマル・洗練）","上級"
"UI-00635","顧客管理（CRM）の管理画面・ダッシュボードUI（信頼・誠実（コーポレート））","プロ（演出多め）"
"UI-00636","予約（サロン/ホテル/病院）のWebアプリ（SaaS）UI（クール・テック）","上級"
"UI-00637","フードデリバリーのキオスク・サイネージUI（ポップ・カラフル）","プロ（演出多め）"
"UI-00638","音楽・ポッドキャストのスマートウォッチUI（信頼・誠実（コーポレート））","プロ（演出多め）"
"UI-00639","フードデリバリーのキオスク・サイネージUI（ポップ・カラフル）","プロ（演出多め）"
"UI-00640","マッチングのスマートウォッチUI（ミニマル・洗練）","プロ（演出多め）"
"UI-00641","飲食店モバイルオーダーのキオスク・サイネージUI（ポップ・カラフル）","プロ（演出多め）"
"UI-00642","マッチングの管理画面・ダッシュボードUI（ハンドメイド・手書き）","プロ（演出多め）"
"UI-00643","SNS・コミュニティの管理画面・ダッシュボードUI（ネオン・サイバー）","プロ（演出多め）"
"UI-00644","飲食店モバイルオーダーの管理画面・ダッシュボードUI（ニューブルータリズム）","プロ（演出多め）"
"UI-00645","音楽・ポッドキャストのキオスク・サイネージUI（クール・テック）","プロ（演出多め）"
"UI-00646","旅行・地図の管理画面・ダッシュボードUI（ネオン・サイバー）","プロ（演出多め）"
"UI-00647","顧客管理（CRM）のAndroidアプリUI（ネオン・サイバー）","プロ（演出多め）"
"UI-00648","学習・語学アプリのスマートウォッチUI（ニューブルータリズム）","プロ（演出多め）"
"UI-00649","SNS・コミュニティのAndroidアプリUI（ダーク・シネマティック）","プロ（演出多め）"
"UI-00650","SNS・コミュニティのiOSアプリUI（グラスモーフィズム）","プロ（演出多め）"
"UI-00651","アクセス解析・BIのiOSアプリUI（ネオン・サイバー）","プロ（演出多め）"
"UI-00652","学習・語学アプリのWebアプリ（SaaS）UI（パステル・ドリーミー）","プロ（演出多め）"
"UI-00653","予約（サロン/ホテル/病院）のiOSアプリUI（クール・テック）","上級"
"UI-00654","ショッピングの管理画面・ダッシュボードUI（グラスモーフィズム）","プロ（演出多め）"
"UI-00655","学習・語学アプリのWebアプリ（SaaS）UI（パステル・ドリーミー）","上級"
"UI-00656","家計簿・資産管理のiOSアプリUI（3D・クレイ）","プロ（演出多め）"
"UI-00657","飲食店モバイルオーダーのiOSアプリUI（ミニマル・洗練）","上級"
"UI-00658","スマートホーム・IoTのWebアプリ（SaaS）UI（ニューブルータリズム）","プロ（演出多め）"
"UI-00659","SNS・コミュニティのAndroidアプリUI（信頼・誠実（コーポレート））","プロ（演出多め）"
"UI-00660","予約（サロン/ホテル/病院）のWebアプリ（SaaS）UI（パステル・ドリーミー）","プロ（演出多め）"
"UI-00661","フードデリバリーのiOSアプリUI（信頼・誠実（コーポレート））","プロ（演出多め）"
"UI-00662","AIアシスタント・チャットのタブレット / POSUI（3D・クレイ）","プロ（演出多め）"
"UI-00663","スマートホーム・IoTの管理画面・ダッシュボードUI（ジオメトリック・グラフィカル）","プロ（演出多め）"
"UI-00664","スマートホーム・IoTのiOSアプリUI（信頼・誠実（コーポレート））","プロ（演出多め）"
"UI-00665","ショッピングのスマートウォッチUI（信頼・誠実（コーポレート））","上級"
"UI-00666","AIアシスタント・チャットのiOSアプリUI（信頼・誠実（コーポレート））","上級"
"UI-00667","旅行・地図のスマートウォッチUI（パステル・ドリーミー）","プロ（演出多め）"
"UI-00668","タスク・プロジェクト管理のWebアプリ（SaaS）UI（エネルギッシュ・スポーティ）","プロ（演出多め）"
"UI-00669","スマートホーム・IoTのiOSアプリUI（ネオン・サイバー）","プロ（演出多め）"
"UI-00670","家計簿・資産管理の管理画面・ダッシュボードUI（ポップ・カラフル）","プロ（演出多め）"
"UI-00671","フードデリバリーのAndroidアプリUI（パステル・ドリーミー）","プロ（演出多め）"
"UI-00672","顧客管理（CRM）の管理画面・ダッシュボードUI（北欧・ライフスタイル）","プロ（演出多め）"
"UI-00673","飲食店モバイルオーダーのスマートウォッチUI（パステル・ドリーミー）","上級"
"UI-00674","学習・語学アプリのタブレット / POSUI（かわいい・ガーリー）","プロ（演出多め）"
"UI-00675","顧客管理（CRM）の管理画面・ダッシュボードUI（ポップ・カラフル）","プロ（演出多め）"
"UI-00676","フードデリバリーのスマートウォッチUI（ミニマル・洗練）","上級"
"UI-00677","音楽・ポッドキャストのAndroidアプリUI（パステル・ドリーミー）","プロ（演出多め）"
"UI-00678","予約（サロン/ホテル/病院）のiOSアプリUI（ミニマル・洗練）","上級"
"UI-00679","アクセス解析・BIのiOSアプリUI（ダーク・シネマティック）","上級"
"UI-00680","スマートホーム・IoTのキオスク・サイネージUI（3D・クレイ）","プロ（演出多め）"
"UI-00681","アクセス解析・BIのiOSアプリUI（信頼・誠実（コーポレート））","プロ（演出多め）"
"UI-00682","飲食店モバイルオーダーのタブレット / POSUI（クール・テック）","プロ（演出多め）"
"UI-00683","SNS・コミュニティのタブレット / POSUI（信頼・誠実（コーポレート））","プロ（演出多め）"
"UI-00684","スマートホーム・IoTのタブレット / POSUI（ミニマル・洗練）","上級"
"UI-00685","音楽・ポッドキャストのキオスク・サイネージUI（クール・テック）","プロ（演出多め）"
"UI-00686","顧客管理（CRM）の管理画面・ダッシュボードUI（ポップ・カラフル）","プロ（演出多め）"
"UI-00687","音楽・ポッドキャストのキオスク・サイネージUI（グラスモーフィズム）","上級"
"UI-00688","旅行・地図のスマートウォッチUI（信頼・誠実（コーポレート））","プロ（演出多め）"
"UI-00689","ショッピングの管理画面・ダッシュボードUI（エネルギッシュ・スポーティ）","プロ（演出多め）"
"UI-00690","音楽・ポッドキャストのiOSアプリUI（ネオン・サイバー）","プロ（演出多め）"
"UI-00691","旅行・地図の管理画面・ダッシュボードUI（3D・クレイ）","上級"
"UI-00692","ヘルスケア・フィットネス記録のiOSアプリUI（ラグジュアリー・高級感）","プロ（演出多め）"
"UI-00693","SNS・コミュニティのAndroidアプリUI（クール・テック）","プロ（演出多め）"
"UI-00694","ヘルスケア・フィットネス記録の管理画面・ダッシュボードUI（信頼・誠実（コーポレート））","プロ（演出多め）"
"UI-00695","フードデリバリーのAndroidアプリUI（パステル・ドリーミー）","プロ（演出多め）"
"UI-00696","マッチングのキオスク・サイネージUI（ニューブルータリズム）","プロ（演出多め）"
"UI-00697","予約（サロン/ホテル/病院）のAndroidアプリUI（ミニマル・洗練）","プロ（演出多め）"
"UI-00698","家計簿・資産管理のiOSアプリUI（パステル・ドリーミー）","プロ（演出多め）"
"UI-00699","飲食店モバイルオーダーのタブレット / POSUI（ミニマル・洗練）","プロ（演出多め）"
"UI-00700","AIアシスタント・チャットのiOSアプリUI（ダーク・シネマティック）","プロ（演出多め）"
"UI-00701","タスク・プロジェクト管理のタブレット / POSUI（エディトリアル・雑誌風）","上級"
"UI-00702","AIアシスタント・チャットの管理画面・ダッシュボードUI（3D・クレイ）","プロ（演出多め）"
"UI-00703","家計簿・資産管理のキオスク・サイネージUI（ミニマル・洗練）","プロ（演出多め）"
"UI-00704","ショッピングのiOSアプリUI（3D・クレイ）","上級"
"UI-00705","タスク・プロジェクト管理の管理画面・ダッシュボードUI（ネオン・サイバー）","プロ（演出多め）"
"UI-00706","顧客管理（CRM）のiOSアプリUI（レトロ・Y2K）","プロ（演出多め）"
"UI-00707","タスク・プロジェクト管理のタブレット / POSUI（クール・テック）","プロ（演出多め）"
"UI-00708","飲食店モバイルオーダーのWebアプリ（SaaS）UI（ミニマル・洗練）","プロ（演出多め）"
"UI-00709","マッチングのWebアプリ（SaaS）UI（ニューブルータリズム）","プロ（演出多め）"
"UI-00710","飲食店モバイルオーダーのAndroidアプリUI（3D・クレイ）","プロ（演出多め）"
"UI-00711","旅行・地図のWebアプリ（SaaS）UI（ラグジュアリー・高級感）","プロ（演出多め）"
"UI-00712","旅行・地図のiOSアプリUI（エディトリアル・雑誌風）","プロ（演出多め）"
"UI-00713","ヘルスケア・フィットネス記録の管理画面・ダッシュボードUI（信頼・誠実（コーポレート））","プロ（演出多め）"
"UI-00714","飲食店モバイルオーダーのスマートウォッチUI（ミニマル・洗練）","上級"
"UI-00715","家計簿・資産管理のWebアプリ（SaaS）UI（ネオン・サイバー）","上級"
"UI-00716","タスク・プロジェクト管理のスマートウォッチUI（北欧・ライフスタイル）","上級"
"UI-00717","家計簿・資産管理のキオスク・サイネージUI（ナチュラル・オーガニック）","プロ（演出多め）"
"UI-00718","学習・語学アプリのキオスク・サイネージUI（ネオン・サイバー）","プロ（演出多め）"
"UI-00719","予約（サロン/ホテル/病院）のタブレット / POSUI（北欧・ライフスタイル）","プロ（演出多め）"
"UI-00720","タスク・プロジェクト管理のiOSアプリUI（グラスモーフィズム）","上級"
"UI-00721","フードデリバリーのiOSアプリUI（ネオン・サイバー）","上級"
"UI-00722","アクセス解析・BIのAndroidアプリUI（ポップ・カラフル）","プロ（演出多め）"
"UI-00723","ショッピングのAndroidアプリUI（ポップ・カラフル）","プロ（演出多め）"
"UI-00724","ショッピングの管理画面・ダッシュボードUI（ニューブルータリズム）","プロ（演出多め）"
"UI-00725","SNS・コミュニティのスマートウォッチUI（グラスモーフィズム）","プロ（演出多め）"
"UI-00726","AIアシスタント・チャットのスマートウォッチUI（パステル・ドリーミー）","上級"
"UI-00727","マッチングの管理画面・ダッシュボードUI（3D・クレイ）","プロ（演出多め）"
"UI-00728","ショッピングのキオスク・サイネージUI（信頼・誠実（コーポレート））","上級"
"UI-00729","フードデリバリーのAndroidアプリUI（ネオン・サイバー）","プロ（演出多め）"
"UI-00730","ヘルスケア・フィットネス記録のAndroidアプリUI（3D・クレイ）","プロ（演出多め）"
"UI-00731","旅行・地図のタブレット / POSUI（パステル・ドリーミー）","プロ（演出多め）"
"UI-00732","AIアシスタント・チャットのスマートウォッチUI（エネルギッシュ・スポーティ）","上級"
"UI-00733","飲食店モバイルオーダーのAndroidアプリUI（クール・テック）","プロ（演出多め）"
"UI-00734","飲食店モバイルオーダーのWebアプリ（SaaS）UI（3D・クレイ）","プロ（演出多め）"
"UI-00735","タスク・プロジェクト管理のAndroidアプリUI（ニューブルータリズム）","プロ（演出多め）"
"UI-00736","ヘルスケア・フィットネス記録のタブレット / POSUI（ポップ・カラフル）","プロ（演出多め）"
"UI-00737","顧客管理（CRM）のタブレット / POSUI（ミニマル・洗練）","上級"
"UI-00738","ヘルスケア・フィットネス記録のWebアプリ（SaaS）UI（グラスモーフィズム）","上級"
"UI-00739","スマートホーム・IoTのWebアプリ（SaaS）UI（ミニマル・洗練）","プロ（演出多め）"
"UI-00740","飲食店モバイルオーダーのタブレット / POSUI（グラスモーフィズム）","プロ（演出多め）"
"UI-00741","マッチングのWebアプリ（SaaS）UI（ナチュラル・オーガニック）","上級"
"UI-00742","家計簿・資産管理のタブレット / POSUI（和モダン）","プロ（演出多め）"
"UI-00743","フードデリバリーのiOSアプリUI（エネルギッシュ・スポーティ）","上級"
"UI-00744","SNS・コミュニティのiOSアプリUI（ネオン・サイバー）","上級"
"UI-00745","家計簿・資産管理の管理画面・ダッシュボードUI（ポップ・カラフル）","プロ（演出多め）"
"UI-00746","顧客管理（CRM）の管理画面・ダッシュボードUI（ポップ・カラフル）","プロ（演出多め）"
"UI-00747","家計簿・資産管理のAndroidアプリUI（ミニマル・洗練）","プロ（演出多め）"
"UI-00748","ショッピングの管理画面・ダッシュボードUI（グラスモーフィズム）","プロ（演出多め）"
"UI-00749","予約（サロン/ホテル/病院）の管理画面・ダッシュボードUI（ポップ・カラフル）","プロ（演出多め）"
"UI-00750","AIアシスタント・チャットのAndroidアプリUI（ニューブルータリズム）","プロ（演出多め）"
"UI-00751","AIアシスタント・チャットのスマートウォッチUI（レトロ・Y2K）","プロ（演出多め）"
"UI-00752","音楽・ポッドキャストの管理画面・ダッシュボードUI（ナチュラル・オーガニック）","プロ（演出多め）"
"UI-00753","飲食店モバイルオーダーのWebアプリ（SaaS）UI（ダーク・シネマティック）","プロ（演出多め）"
"UI-00754","タスク・プロジェクト管理のWebアプリ（SaaS）UI（3D・クレイ）","上級"
"UI-00755","顧客管理（CRM）のタブレット / POSUI（エネルギッシュ・スポーティ）","プロ（演出多め）"
"UI-00756","ヘルスケア・フィットネス記録の管理画面・ダッシュボードUI（信頼・誠実（コーポレート））","プロ（演出多め）"
"UI-00757","ショッピングの管理画面・ダッシュボードUI（パステル・ドリーミー）","上級"
"UI-00758","AIアシスタント・チャットのスマートウォッチUI（ポップ・カラフル）","上級"
"UI-00759","ヘルスケア・フィットネス記録のキオスク・サイネージUI（ニューブルータリズム）","プロ（演出多め）"
"UI-00760","顧客管理（CRM）のタブレット / POSUI（ミニマル・洗練）","プロ（演出多め）"
"UI-00761","アクセス解析・BIのAndroidアプリUI（パステル・ドリーミー）","プロ（演出多め）"
"UI-00762","AIアシスタント・チャットのiOSアプリUI（信頼・誠実（コーポレート））","上級"
"UI-00763","ヘルスケア・フィットネス記録のiOSアプリUI（信頼・誠実（コーポレート））","プロ（演出多め）"
"UI-00764","マッチングのAndroidアプリUI（グラスモーフィズム）","プロ（演出多め）"
"UI-00765","SNS・コミュニティのタブレット / POSUI（信頼・誠実（コーポレート））","プロ（演出多め）"
"UI-00766","予約（サロン/ホテル/病院）のスマートウォッチUI（信頼・誠実（コーポレート））","プロ（演出多め）"
"UI-00767","顧客管理（CRM）のタブレット / POSUI（北欧・ライフスタイル）","上級"
"UI-00768","マッチングのiOSアプリUI（ポップ・カラフル）","上級"
"UI-00769","家計簿・資産管理のiOSアプリUI（ミニマル・洗練）","プロ（演出多め）"
"UI-00770","SNS・コミュニティのAndroidアプリUI（グラスモーフィズム）","上級"
"UI-00771","予約（サロン/ホテル/病院）のWebアプリ（SaaS）UI（グラスモーフィズム）","プロ（演出多め）"
"UI-00772","家計簿・資産管理のスマートウォッチUI（ポップ・カラフル）","上級"
"UI-00773","学習・語学アプリのキオスク・サイネージUI（パステル・ドリーミー）","プロ（演出多め）"
"UI-00774","フードデリバリーのスマートウォッチUI（ネオン・サイバー）","プロ（演出多め）"
"UI-00775","飲食店モバイルオーダーのスマートウォッチUI（3D・クレイ）","プロ（演出多め）"
"UI-00776","マッチングのスマートウォッチUI（ニューブルータリズム）","上級"
"UI-00777","音楽・ポッドキャストのiOSアプリUI（ニューブルータリズム）","プロ（演出多め）"
"UI-00778","ショッピングのスマートウォッチUI（信頼・誠実（コーポレート））","上級"
"UI-00779","マッチングのスマートウォッチUI（信頼・誠実（コーポレート））","プロ（演出多め）"
"UI-00780","マッチングのiOSアプリUI（パステル・ドリーミー）","プロ（演出多め）"
"UI-00781","マッチングのAndroidアプリUI（ニューブルータリズム）","上級"
"UI-00782","旅行・地図のAndroidアプリUI（パステル・ドリーミー）","プロ（演出多め）"
"UI-00783","AIアシスタント・チャットの管理画面・ダッシュボードUI（ニューブルータリズム）","プロ（演出多め）"
"UI-00784","ショッピングのiOSアプリUI（和モダン）","上級"
"UI-00785","飲食店モバイルオーダーのWebアプリ（SaaS）UI（信頼・誠実（コーポレート））","プロ（演出多め）"
"UI-00786","家計簿・資産管理のAndroidアプリUI（グラスモーフィズム）","プロ（演出多め）"
"UI-00787","ショッピングのタブレット / POSUI（ナチュラル・オーガニック）","上級"
"UI-00788","学習・語学アプリのiOSアプリUI（ナチュラル・オーガニック）","プロ（演出多め）"
"UI-00789","タスク・プロジェクト管理のWebアプリ（SaaS）UI（クール・テック）","プロ（演出多め）"
"UI-00790","マッチングのキオスク・サイネージUI（グラスモーフィズム）","プロ（演出多め）"
"UI-00791","タスク・プロジェクト管理のAndroidアプリUI（パステル・ドリーミー）","プロ（演出多め）"
"UI-00792","音楽・ポッドキャストのスマートウォッチUI（レトロ・Y2K）","プロ（演出多め）"
"UI-00793","スマートホーム・IoTのAndroidアプリUI（ミニマル・洗練）","プロ（演出多め）"
"UI-00794","学習・語学アプリのWebアプリ（SaaS）UI（3D・クレイ）","プロ（演出多め）"
"UI-00795","飲食店モバイルオーダーのスマートウォッチUI（ラグジュアリー・高級感）","プロ（演出多め）"
"UI-00796","スマートホーム・IoTのWebアプリ（SaaS）UI（ネオン・サイバー）","プロ（演出多め）"
"UI-00797","家計簿・資産管理の管理画面・ダッシュボードUI（ナチュラル・オーガニック）","プロ（演出多め）"
"UI-00798","学習・語学アプリのスマートウォッチUI（かわいい・ガーリー）","上級"
"UI-00799","フードデリバリーのiOSアプリUI（クール・テック）","プロ（演出多め）"
"UI-00800","マッチングの管理画面・ダッシュボードUI（和モダン）","プロ（演出多め）"
"UI-00801","家計簿・資産管理のiOSアプリUI（パステル・ドリーミー）","プロ（演出多め）"
"UI-00802","AIアシスタント・チャットのAndroidアプリUI（ニューブルータリズム）","上級"
"UI-00803","家計簿・資産管理のタブレット / POSUI（3D・クレイ）","プロ（演出多め）"
"UI-00804","フードデリバリーのiOSアプリUI（ニューブルータリズム）","プロ（演出多め）"
"UI-00805","顧客管理（CRM）のiOSアプリUI（グラスモーフィズム）","プロ（演出多め）"
"UI-00806","音楽・ポッドキャストのキオスク・サイネージUI（パステル・ドリーミー）","プロ（演出多め）"
"UI-00807","飲食店モバイルオーダーのiOSアプリUI（ポップ・カラフル）","プロ（演出多め）"
"UI-00808","顧客管理（CRM）のiOSアプリUI（和モダン）","プロ（演出多め）"
"UI-00809","飲食店モバイルオーダーのAndroidアプリUI（ジオメトリック・グラフィカル）","プロ（演出多め）"
"UI-00810","予約（サロン/ホテル/病院）のキオスク・サイネージUI（グラスモーフィズム）","プロ（演出多め）"
"UI-00811","マッチングの管理画面・ダッシュボードUI（エディトリアル・雑誌風）","上級"
"UI-00812","ショッピングの管理画面・ダッシュボードUI（レトロ・Y2K）","プロ（演出多め）"
"UI-00813","SNS・コミュニティのタブレット / POSUI（ニューブルータリズム）","プロ（演出多め）"
"UI-00814","ヘルスケア・フィットネス記録の管理画面・ダッシュボードUI（グラスモーフィズム）","上級"
"UI-00815","顧客管理（CRM）のWebアプリ（SaaS）UI（北欧・ライフスタイル）","プロ（演出多め）"
"UI-00816","タスク・プロジェクト管理の管理画面・ダッシュボードUI（クール・テック）","上級"
"UI-00817","ヘルスケア・フィットネス記録のiOSアプリUI（ハンドメイド・手書き）","上級"
"UI-00818","顧客管理（CRM）のAndroidアプリUI（ハンドメイド・手書き）","上級"
"UI-00819","スマートホーム・IoTの管理画面・ダッシュボードUI（3D・クレイ）","上級"
"UI-00820","AIアシスタント・チャットの管理画面・ダッシュボードUI（ジオメトリック・グラフィカル）","上級"
"UI-00821","学習・語学アプリのスマートウォッチUI（ニューブルータリズム）","プロ（演出多め）"
"UI-00822","飲食店モバイルオーダーのiOSアプリUI（信頼・誠実（コーポレート））","上級"
"UI-00823","ショッピングの管理画面・ダッシュボードUI（パステル・ドリーミー）","プロ（演出多め）"
"UI-00824","飲食店モバイルオーダーのタブレット / POSUI（信頼・誠実（コーポレート））","プロ（演出多め）"
"UI-00825","フードデリバリーのiOSアプリUI（かわいい・ガーリー）","プロ（演出多め）"
"UI-00826","SNS・コミュニティの管理画面・ダッシュボードUI（クール・テック）","上級"
"UI-00827","家計簿・資産管理のタブレット / POSUI（ネオン・サイバー）","上級"
"UI-00828","AIアシスタント・チャットのスマートウォッチUI（ニューブルータリズム）","プロ（演出多め）"
"UI-00829","飲食店モバイルオーダーのAndroidアプリUI（ポップ・カラフル）","プロ（演出多め）"
"UI-00830","マッチングのWebアプリ（SaaS）UI（ミニマル・洗練）","プロ（演出多め）"
"UI-00831","旅行・地図のiOSアプリUI（ラグジュアリー・高級感）","プロ（演出多め）"
"UI-00832","ヘルスケア・フィットネス記録のiOSアプリUI（ニューブルータリズム）","プロ（演出多め）"
"UI-00833","旅行・地図のAndroidアプリUI（パステル・ドリーミー）","上級"
"UI-00834","旅行・地図のAndroidアプリUI（ニューブルータリズム）","上級"
"UI-00835","音楽・ポッドキャストのWebアプリ（SaaS）UI（3D・クレイ）","プロ（演出多め）"
"UI-00836","音楽・ポッドキャストのiOSアプリUI（クール・テック）","上級"
"UI-00837","マッチングのAndroidアプリUI（ニューブルータリズム）","プロ（演出多め）"
"UI-00838","ショッピングのWebアプリ（SaaS）UI（クール・テック）","プロ（演出多め）"
"UI-00839","旅行・地図のWebアプリ（SaaS）UI（3D・クレイ）","上級"
"UI-00840","AIアシスタント・チャットのAndroidアプリUI（信頼・誠実（コーポレート））","プロ（演出多め）"
"UI-00841","タスク・プロジェクト管理のタブレット / POSUI（ポップ・カラフル）","上級"
"UI-00842","学習・語学アプリのキオスク・サイネージUI（北欧・ライフスタイル）","プロ（演出多め）"
"UI-00843","タスク・プロジェクト管理のWebアプリ（SaaS）UI（ポップ・カラフル）","プロ（演出多め）"
"UI-00844","AIアシスタント・チャットのスマートウォッチUI（ニューブルータリズム）","プロ（演出多め）"
"UI-00845","タスク・プロジェクト管理のキオスク・サイネージUI（信頼・誠実（コーポレート））","プロ（演出多め）"
"UI-00846","マッチングの管理画面・ダッシュボードUI（ニューブルータリズム）","上級"
"UI-00847","タスク・プロジェクト管理のタブレット / POSUI（グラスモーフィズム）","プロ（演出多め）"
"UI-00848","ヘルスケア・フィットネス記録のiOSアプリUI（3D・クレイ）","プロ（演出多め）"
"UI-00849","音楽・ポッドキャストのiOSアプリUI（グラスモーフィズム）","プロ（演出多め）"
"UI-00850","マッチングのiOSアプリUI（信頼・誠実（コーポレート））","プロ（演出多め）"
"UI-00851","旅行・地図のWebアプリ（SaaS）UI（クール・テック）","上級"
"UI-00852","AIアシスタント・チャットのスマートウォッチUI（クール・テック）","上級"
"UI-00853","顧客管理（CRM）のスマートウォッチUI（エディトリアル・雑誌風）","プロ（演出多め）"
"UI-00854","予約（サロン/ホテル/病院）のiOSアプリUI（パステル・ドリーミー）","プロ（演出多め）"
"UI-00855","予約（サロン/ホテル/病院）のAndroidアプリUI（北欧・ライフスタイル）","プロ（演出多め）"
"UI-00856","学習・語学アプリのタブレット / POSUI（信頼・誠実（コーポレート））","上級"
"UI-00857","飲食店モバイルオーダーのタブレット / POSUI（信頼・誠実（コーポレート））","プロ（演出多め）"
"UI-00858","スマートホーム・IoTのWebアプリ（SaaS）UI（ジオメトリック・グラフィカル）","プロ（演出多め）"
"UI-00859","アクセス解析・BIのスマートウォッチUI（ポップ・カラフル）","プロ（演出多め）"
"UI-00860","顧客管理（CRM）のiOSアプリUI（ジオメトリック・グラフィカル）","プロ（演出多め）"
"UI-00861","アクセス解析・BIのWebアプリ（SaaS）UI（エディトリアル・雑誌風）","プロ（演出多め）"
"UI-00862","予約（サロン/ホテル/病院）のWebアプリ（SaaS）UI（ネオン・サイバー）","プロ（演出多め）"
"UI-00863","音楽・ポッドキャストのWebアプリ（SaaS）UI（信頼・誠実（コーポレート））","プロ（演出多め）"
"UI-00864","学習・語学アプリの管理画面・ダッシュボードUI（ニューブルータリズム）","上級"
"UI-00865","マッチングのiOSアプリUI（ミニマル・洗練）","プロ（演出多め）"
"UI-00866","フードデリバリーのiOSアプリUI（グラスモーフィズム）","プロ（演出多め）"
"UI-00867","ヘルスケア・フィットネス記録のWebアプリ（SaaS）UI（ネオン・サイバー）","プロ（演出多め）"
"UI-00868","学習・語学アプリのiOSアプリUI（信頼・誠実（コーポレート））","プロ（演出多め）"
"UI-00869","SNS・コミュニティのAndroidアプリUI（信頼・誠実（コーポレート））","プロ（演出多め）"
"UI-00870","ヘルスケア・フィットネス記録の管理画面・ダッシュボードUI（ラグジュアリー・高級感）","プロ（演出多め）"
"UI-00871","マッチングの管理画面・ダッシュボードUI（エネルギッシュ・スポーティ）","プロ（演出多め）"
"UI-00872","フードデリバリーのタブレット / POSUI（信頼・誠実（コーポレート））","プロ（演出多め）"
"UI-00873","タスク・プロジェクト管理のタブレット / POSUI（グラスモーフィズム）","上級"
"UI-00874","ショッピングのiOSアプリUI（クール・テック）","プロ（演出多め）"
"UI-00875","家計簿・資産管理の管理画面・ダッシュボードUI（グラスモーフィズム）","プロ（演出多め）"
"UI-00876","家計簿・資産管理のタブレット / POSUI（ニューブルータリズム）","プロ（演出多め）"
"UI-00877","予約（サロン/ホテル/病院）のAndroidアプリUI（かわいい・ガーリー）","上級"
"UI-00878","AIアシスタント・チャットのスマートウォッチUI（ネオン・サイバー）","プロ（演出多め）"
"UI-00879","家計簿・資産管理のWebアプリ（SaaS）UI（3D・クレイ）","プロ（演出多め）"
"UI-00880","ショッピングのスマートウォッチUI（ニューブルータリズム）","プロ（演出多め）"
"UI-00881","フードデリバリーのスマートウォッチUI（ネオン・サイバー）","プロ（演出多め）"
"UI-00882","顧客管理（CRM）のタブレット / POSUI（ナチュラル・オーガニック）","プロ（演出多め）"
"UI-00883","フードデリバリーのiOSアプリUI（ポップ・カラフル）","プロ（演出多め）"
"UI-00884","音楽・ポッドキャストのiOSアプリUI（ポップ・カラフル）","プロ（演出多め）"
"UI-00885","旅行・地図のスマートウォッチUI（ネオン・サイバー）","プロ（演出多め）"
"UI-00886","AIアシスタント・チャットの管理画面・ダッシュボードUI（クール・テック）","プロ（演出多め）"
"UI-00887","学習・語学アプリのキオスク・サイネージUI（3D・クレイ）","プロ（演出多め）"
"UI-00888","学習・語学アプリのiOSアプリUI（ニューブルータリズム）","プロ（演出多め）"
"UI-00889","学習・語学アプリのタブレット / POSUI（ミニマル・洗練）","プロ（演出多め）"
"UI-00890","音楽・ポッドキャストのAndroidアプリUI（ポップ・カラフル）","上級"
"UI-00891","顧客管理（CRM）のスマートウォッチUI（ジオメトリック・グラフィカル）","プロ（演出多め）"
"UI-00892","タスク・プロジェクト管理のAndroidアプリUI（信頼・誠実（コーポレート））","プロ（演出多め）"
"UI-00893","ショッピングのスマートウォッチUI（エネルギッシュ・スポーティ）","上級"
"UI-00894","顧客管理（CRM）の管理画面・ダッシュボードUI（ニューブルータリズム）","上級"
"UI-00895","家計簿・資産管理の管理画面・ダッシュボードUI（ニューブルータリズム）","プロ（演出多め）"
"UI-00896","スマートホーム・IoTのキオスク・サイネージUI（ジオメトリック・グラフィカル）","上級"
"UI-00897","旅行・地図のWebアプリ（SaaS）UI（クール・テック）","プロ（演出多め）"
"UI-00898","顧客管理（CRM）のWebアプリ（SaaS）UI（ジオメトリック・グラフィカル）","プロ（演出多め）"
"UI-00899","SNS・コミュニティのiOSアプリUI（ミニマル・洗練）","プロ（演出多め）"
"UI-00900","ヘルスケア・フィットネス記録のAndroidアプリUI（ラグジュアリー・高級感）","上級"
"UI-00901","予約（サロン/ホテル/病院）のAndroidアプリUI（クール・テック）","上級"
"UI-00902","音楽・ポッドキャストのスマートウォッチUI（ジオメトリック・グラフィカル）","プロ（演出多め）"
"UI-00903","スマートホーム・IoTのスマートウォッチUI（エネルギッシュ・スポーティ）","上級"
"UI-00904","スマートホーム・IoTのキオスク・サイネージUI（ミニマル・洗練）","上級"
"UI-00905","旅行・地図のWebアプリ（SaaS）UI（レトロ・Y2K）","プロ（演出多め）"
"UI-00906","予約（サロン/ホテル/病院）のキオスク・サイネージUI（ポップ・カラフル）","上級"
"UI-00907","SNS・コミュニティのWebアプリ（SaaS）UI（クール・テック）","プロ（演出多め）"
"UI-00908","マッチングのキオスク・サイネージUI（パステル・ドリーミー）","上級"
"UI-00909","マッチングのiOSアプリUI（クール・テック）","上級"
"UI-00910","AIアシスタント・チャットのAndroidアプリUI（ニューブルータリズム）","プロ（演出多め）"
"UI-00911","音楽・ポッドキャストのiOSアプリUI（ネオン・サイバー）","プロ（演出多め）"
"UI-00912","家計簿・資産管理のWebアプリ（SaaS）UI（グラスモーフィズム）","上級"
"UI-00913","学習・語学アプリのスマートウォッチUI（ラグジュアリー・高級感）","プロ（演出多め）"
"UI-00914","飲食店モバイルオーダーの管理画面・ダッシュボードUI（ミニマル・洗練）","プロ（演出多め）"
"UI-00915","タスク・プロジェクト管理のWebアプリ（SaaS）UI（クール・テック）","プロ（演出多め）"
"UI-00916","学習・語学アプリのAndroidアプリUI（ダーク・シネマティック）","プロ（演出多め）"
"UI-00917","顧客管理（CRM）のスマートウォッチUI（パステル・ドリーミー）","プロ（演出多め）"
"UI-00918","旅行・地図のWebアプリ（SaaS）UI（ポップ・カラフル）","上級"
"UI-00919","ショッピングのスマートウォッチUI（ニューブルータリズム）","プロ（演出多め）"
"UI-00920","学習・語学アプリのキオスク・サイネージUI（信頼・誠実（コーポレート））","プロ（演出多め）"
"UI-00921","AIアシスタント・チャットのキオスク・サイネージUI（パステル・ドリーミー）","プロ（演出多め）"
"UI-00922","旅行・地図のAndroidアプリUI（パステル・ドリーミー）","プロ（演出多め）"
"UI-00923","スマートホーム・IoTのWebアプリ（SaaS）UI（かわいい・ガーリー）","プロ（演出多め）"
"UI-00924","マッチングのAndroidアプリUI（3D・クレイ）","プロ（演出多め）"
"UI-00925","タスク・プロジェクト管理のAndroidアプリUI（エディトリアル・雑誌風）","プロ（演出多め）"
"UI-00926","マッチングのWebアプリ（SaaS）UI（ポップ・カラフル）","プロ（演出多め）"
"UI-00927","アクセス解析・BIのiOSアプリUI（エネルギッシュ・スポーティ）","上級"
"UI-00928","学習・語学アプリの管理画面・ダッシュボードUI（グラスモーフィズム）","プロ（演出多め）"
"UI-00929","フードデリバリーのスマートウォッチUI（エネルギッシュ・スポーティ）","上級"
"UI-00930","スマートホーム・IoTのタブレット / POSUI（ネオン・サイバー）","上級"
"UI-00931","ショッピングのタブレット / POSUI（ポップ・カラフル）","上級"
"UI-00932","旅行・地図のAndroidアプリUI（ナチュラル・オーガニック）","プロ（演出多め）"
"UI-00933","ショッピングのキオスク・サイネージUI（ラグジュアリー・高級感）","プロ（演出多め）"
"UI-00934","予約（サロン/ホテル/病院）のiOSアプリUI（レトロ・Y2K）","プロ（演出多め）"
"UI-00935","アクセス解析・BIのiOSアプリUI（ミニマル・洗練）","上級"
"UI-00936","フードデリバリーの管理画面・ダッシュボードUI（ポップ・カラフル）","プロ（演出多め）"
"UI-00937","ショッピングの管理画面・ダッシュボードUI（ネオン・サイバー）","プロ（演出多め）"
"UI-00938","飲食店モバイルオーダーの管理画面・ダッシュボードUI（和モダン）","プロ（演出多め）"
"UI-00939","アクセス解析・BIのAndroidアプリUI（和モダン）","上級"
"UI-00940","予約（サロン/ホテル/病院）のタブレット / POSUI（3D・クレイ）","上級"
"UI-00941","AIアシスタント・チャットのタブレット / POSUI（エディトリアル・雑誌風）","上級"
"UI-00942","旅行・地図のAndroidアプリUI（ニューブルータリズム）","上級"
"UI-00943","家計簿・資産管理のキオスク・サイネージUI（ネオン・サイバー）","プロ（演出多め）"
"UI-00944","旅行・地図のAndroidアプリUI（ポップ・カラフル）","プロ（演出多め）"
"UI-00945","ヘルスケア・フィットネス記録のiOSアプリUI（パステル・ドリーミー）","上級"
"UI-00946","学習・語学アプリのAndroidアプリUI（パステル・ドリーミー）","プロ（演出多め）"
"UI-00947","家計簿・資産管理のキオスク・サイネージUI（クール・テック）","上級"
"UI-00948","家計簿・資産管理のキオスク・サイネージUI（パステル・ドリーミー）","上級"
"UI-00949","学習・語学アプリのスマートウォッチUI（かわいい・ガーリー）","プロ（演出多め）"
"UI-00950","マッチングのiOSアプリUI（信頼・誠実（コーポレート））","上級"
"UI-00951","フードデリバリーのAndroidアプリUI（3D・クレイ）","上級"
"UI-00952","スマートホーム・IoTのタブレット / POSUI（グラスモーフィズム）","プロ（演出多め）"
"UI-00953","SNS・コミュニティのiOSアプリUI（ポップ・カラフル）","プロ（演出多め）"
"UI-00954","旅行・地図のAndroidアプリUI（信頼・誠実（コーポレート））","プロ（演出多め）"
"UI-00955","マッチングの管理画面・ダッシュボードUI（ミニマル・洗練）","プロ（演出多め）"
"UI-00956","予約（サロン/ホテル/病院）のAndroidアプリUI（3D・クレイ）","プロ（演出多め）"
"UI-00957","ヘルスケア・フィットネス記録のWebアプリ（SaaS）UI（ネオン・サイバー）","上級"
"UI-00958","ショッピングのタブレット / POSUI（ダーク・シネマティック）","プロ（演出多め）"
"UI-00959","マッチングのタブレット / POSUI（クール・テック）","プロ（演出多め）"
"UI-00960","アクセス解析・BIのAndroidアプリUI（グラスモーフィズム）","上級"
"UI-00961","マッチングのタブレット / POSUI（ミニマル・洗練）","プロ（演出多め）"
"UI-00962","SNS・コミュニティのタブレット / POSUI（クール・テック）","プロ（演出多め）"
"UI-00963","マッチングのWebアプリ（SaaS）UI（ニューブルータリズム）","プロ（演出多め）"
"UI-00964","ショッピングのiOSアプリUI（グラスモーフィズム）","プロ（演出多め）"
"UI-00965","家計簿・資産管理のiOSアプリUI（信頼・誠実（コーポレート））","上級"
"UI-00966","旅行・地図のスマートウォッチUI（パステル・ドリーミー）","プロ（演出多め）"
"UI-00967","ヘルスケア・フィットネス記録のタブレット / POSUI（ラグジュアリー・高級感）","プロ（演出多め）"
"UI-00968","顧客管理（CRM）のキオスク・サイネージUI（ネオン・サイバー）","プロ（演出多め）"
"UI-00969","タスク・プロジェクト管理のキオスク・サイネージUI（ニューブルータリズム）","プロ（演出多め）"
"UI-00970","AIアシスタント・チャットのWebアプリ（SaaS）UI（ラグジュアリー・高級感）","上級"
"UI-00971","ヘルスケア・フィットネス記録のAndroidアプリUI（ネオン・サイバー）","プロ（演出多め）"
"UI-00972","スマートホーム・IoTのスマートウォッチUI（信頼・誠実（コーポレート））","プロ（演出多め）"
"UI-00973","AIアシスタント・チャットの管理画面・ダッシュボードUI（レトロ・Y2K）","上級"
"UI-00974","旅行・地図のスマートウォッチUI（ニューブルータリズム）","プロ（演出多め）"
"UI-00975","ヘルスケア・フィットネス記録のAndroidアプリUI（和モダン）","プロ（演出多め）"
"UI-00976","スマートホーム・IoTのタブレット / POSUI（グラスモーフィズム）","プロ（演出多め）"
"UI-00977","アクセス解析・BIのタブレット / POSUI（レトロ・Y2K）","プロ（演出多め）"
"UI-00978","ヘルスケア・フィットネス記録のWebアプリ（SaaS）UI（ニューブルータリズム）","上級"
"UI-00979","フードデリバリーのキオスク・サイネージUI（ポップ・カラフル）","プロ（演出多め）"
"UI-00980","家計簿・資産管理のAndroidアプリUI（ポップ・カラフル）","上級"
"UI-00981","家計簿・資産管理のiOSアプリUI（ジオメトリック・グラフィカル）","プロ（演出多め）"
"UI-00982","学習・語学アプリのキオスク・サイネージUI（ダーク・シネマティック）","プロ（演出多め）"
"UI-00983","音楽・ポッドキャストのAndroidアプリUI（ニューブルータリズム）","プロ（演出多め）"
"UI-00984","音楽・ポッドキャストのiOSアプリUI（ネオン・サイバー）","プロ（演出多め）"
"UI-00985","音楽・ポッドキャストのキオスク・サイネージUI（ポップ・カラフル）","プロ（演出多め）"
"UI-00986","ショッピングのWebアプリ（SaaS）UI（ハンドメイド・手書き）","プロ（演出多め）"
"UI-00987","予約（サロン/ホテル/病院）のタブレット / POSUI（信頼・誠実（コーポレート））","プロ（演出多め）"
"UI-00988","旅行・地図のiOSアプリUI（信頼・誠実（コーポレート））","上級"
"UI-00989","予約（サロン/ホテル/病院）の管理画面・ダッシュボードUI（信頼・誠実（コーポレート））","プロ（演出多め）"
"UI-00990","ヘルスケア・フィットネス記録のWebアプリ（SaaS）UI（クール・テック）","プロ（演出多め）"
"UI-00991","音楽・ポッドキャストのタブレット / POSUI（エディトリアル・雑誌風）","上級"
"UI-00992","タスク・プロジェクト管理のWebアプリ（SaaS）UI（信頼・誠実（コーポレート））","プロ（演出多め）"
"UI-00993","家計簿・資産管理のAndroidアプリUI（3D・クレイ）","プロ（演出多め）"
"UI-00994","SNS・コミュニティのスマートウォッチUI（エネルギッシュ・スポーティ）","プロ（演出多め）"
"UI-00995","音楽・ポッドキャストのキオスク・サイネージUI（ポップ・カラフル）","上級"
"UI-00996","飲食店モバイルオーダーのiOSアプリUI（パステル・ドリーミー）","プロ（演出多め）"
"UI-00997","タスク・プロジェクト管理の管理画面・ダッシュボードUI（パステル・ドリーミー）","プロ（演出多め）"
"UI-00998","タスク・プロジェクト管理のスマートウォッチUI（グラスモーフィズム）","プロ（演出多め）"
"UI-00999","フードデリバリーのスマートウォッチUI（ネオン・サイバー）","プロ（演出多め）"
"UI-01000","AIアシスタント・チャットの管理画面・ダッシュボードUI（ネオン・サイバー）","プロ（演出多め）"
"UI-01001","ヘルスケア・フィットネス記録のタブレット / POSUI（ミニマル・洗練）","上級"
"UI-01002","旅行・地図のキオスク・サイネージUI（グラスモーフィズム）","プロ（演出多め）"
"UI-01003","学習・語学アプリのAndroidアプリUI（グラスモーフィズム）","プロ（演出多め）"
"UI-01004","音楽・ポッドキャストのタブレット / POSUI（クール・テック）","上級"
"UI-01005","タスク・プロジェクト管理のスマートウォッチUI（エネルギッシュ・スポーティ）","上級"
"UI-01006","家計簿・資産管理のタブレット / POSUI（パステル・ドリーミー）","プロ（演出多め）"
"UI-01007","フードデリバリーのWebアプリ（SaaS）UI（信頼・誠実（コーポレート））","プロ（演出多め）"
"UI-01008","フードデリバリーのiOSアプリUI（ネオン・サイバー）","プロ（演出多め）"
"UI-01009","予約（サロン/ホテル/病院）のタブレット / POSUI（北欧・ライフスタイル）","上級"
"UI-01010","AIアシスタント・チャットのiOSアプリUI（クール・テック）","プロ（演出多め）"
"UI-01011","タスク・プロジェクト管理のキオスク・サイネージUI（ジオメトリック・グラフィカル）","上級"
"UI-01012","飲食店モバイルオーダーのタブレット / POSUI（3D・クレイ）","上級"
"UI-01013","フードデリバリーの管理画面・ダッシュボードUI（ニューブルータリズム）","プロ（演出多め）"
"UI-01014","タスク・プロジェクト管理のスマートウォッチUI（ラグジュアリー・高級感）","プロ（演出多め）"
"UI-01015","ヘルスケア・フィットネス記録のiOSアプリUI（3D・クレイ）","上級"
"UI-01016","学習・語学アプリのスマートウォッチUI（ダーク・シネマティック）","上級"
"UI-01017","旅行・地図のAndroidアプリUI（ポップ・カラフル）","プロ（演出多め）"
"UI-01018","顧客管理（CRM）のiOSアプリUI（クール・テック）","プロ（演出多め）"
"UI-01019","マッチングのスマートウォッチUI（ジオメトリック・グラフィカル）","プロ（演出多め）"
"UI-01020","ヘルスケア・フィットネス記録のキオスク・サイネージUI（ミニマル・洗練）","上級"
"UI-01021","アクセス解析・BIのiOSアプリUI（ネオン・サイバー）","上級"
"UI-01022","音楽・ポッドキャストのタブレット / POSUI（ナチュラル・オーガニック）","プロ（演出多め）"
"UI-01023","アクセス解析・BIのWebアプリ（SaaS）UI（グラスモーフィズム）","上級"
"UI-01024","学習・語学アプリのiOSアプリUI（和モダン）","上級"
"UI-01025","飲食店モバイルオーダーのキオスク・サイネージUI（ネオン・サイバー）","プロ（演出多め）"
"UI-01026","SNS・コミュニティのAndroidアプリUI（クール・テック）","プロ（演出多め）"
"UI-01027","学習・語学アプリのWebアプリ（SaaS）UI（ナチュラル・オーガニック）","上級"
"UI-01028","予約（サロン/ホテル/病院）の管理画面・ダッシュボードUI（ニューブルータリズム）","上級"
"UI-01029","マッチングのiOSアプリUI（北欧・ライフスタイル）","プロ（演出多め）"
"UI-01030","飲食店モバイルオーダーの管理画面・ダッシュボードUI（グラスモーフィズム）","プロ（演出多め）"
"UI-01031","AIアシスタント・チャットのAndroidアプリUI（グラスモーフィズム）","プロ（演出多め）"
"UI-01032","アクセス解析・BIのiOSアプリUI（3D・クレイ）","プロ（演出多め）"
"UI-01033","タスク・プロジェクト管理のiOSアプリUI（かわいい・ガーリー）","プロ（演出多め）"
"UI-01034","学習・語学アプリのWebアプリ（SaaS）UI（グラスモーフィズム）","上級"
"UI-01035","フードデリバリーのスマートウォッチUI（パステル・ドリーミー）","プロ（演出多め）"
"UI-01036","マッチングのiOSアプリUI（3D・クレイ）","プロ（演出多め）"
"UI-01037","AIアシスタント・チャットのAndroidアプリUI（パステル・ドリーミー）","上級"
"UI-01038","音楽・ポッドキャストのiOSアプリUI（ハンドメイド・手書き）","プロ（演出多め）"
"UI-01039","飲食店モバイルオーダーのスマートウォッチUI（ラグジュアリー・高級感）","プロ（演出多め）"
"UI-01040","フードデリバリーのWebアプリ（SaaS）UI（パステル・ドリーミー）","上級"
"UI-01041","タスク・プロジェクト管理の管理画面・ダッシュボードUI（ナチュラル・オーガニック）","プロ（演出多め）"
"UI-01042","ヘルスケア・フィットネス記録のスマートウォッチUI（3D・クレイ）","上級"
"UI-01043","予約（サロン/ホテル/病院）のWebアプリ（SaaS）UI（パステル・ドリーミー）","プロ（演出多め）"
"UI-01044","フードデリバリーのタブレット / POSUI（パステル・ドリーミー）","プロ（演出多め）"
"UI-01045","予約（サロン/ホテル/病院）のAndroidアプリUI（グラスモーフィズム）","上級"
"UI-01046","家計簿・資産管理のiOSアプリUI（クール・テック）","プロ（演出多め）"
"UI-01047","予約（サロン/ホテル/病院）のWebアプリ（SaaS）UI（ネオン・サイバー）","プロ（演出多め）"
"UI-01048","SNS・コミュニティのタブレット / POSUI（ネオン・サイバー）","上級"
"UI-01049","旅行・地図の管理画面・ダッシュボードUI（和モダン）","プロ（演出多め）"
"UI-01050","顧客管理（CRM）のAndroidアプリUI（ニューブルータリズム）","上級"
"UI-01051","顧客管理（CRM）のAndroidアプリUI（ミニマル・洗練）","プロ（演出多め）"
"UI-01052","学習・語学アプリのWebアプリ（SaaS）UI（エディトリアル・雑誌風）","プロ（演出多め）"
"UI-01053","旅行・地図のAndroidアプリUI（ミニマル・洗練）","上級"
"UI-01054","家計簿・資産管理のiOSアプリUI（ダーク・シネマティック）","プロ（演出多め）"
"UI-01055","学習・語学アプリのWebアプリ（SaaS）UI（エネルギッシュ・スポーティ）","プロ（演出多め）"
"UI-01056","ヘルスケア・フィットネス記録のスマートウォッチUI（ニューブルータリズム）","上級"
"UI-01057","AIアシスタント・チャットのiOSアプリUI（クール・テック）","上級"
"UI-01058","顧客管理（CRM）の管理画面・ダッシュボードUI（3D・クレイ）","プロ（演出多め）"
"UI-01059","SNS・コミュニティのWebアプリ（SaaS）UI（ジオメトリック・グラフィカル）","プロ（演出多め）"
"UI-01060","フードデリバリーのWebアプリ（SaaS）UI（ポップ・カラフル）","プロ（演出多め）"
"UI-01061","アクセス解析・BIのiOSアプリUI（3D・クレイ）","上級"
"UI-01062","SNS・コミュニティのWebアプリ（SaaS）UI（ダーク・シネマティック）","プロ（演出多め）"
"UI-01063","旅行・地図のスマートウォッチUI（パステル・ドリーミー）","上級"
"UI-01064","フードデリバリーのキオスク・サイネージUI（3D・クレイ）","プロ（演出多め）"
"UI-01065","学習・語学アプリの管理画面・ダッシュボードUI（ネオン・サイバー）","プロ（演出多め）"
"UI-01066","飲食店モバイルオーダーの管理画面・ダッシュボードUI（ネオン・サイバー）","プロ（演出多め）"
"UI-01067","学習・語学アプリのタブレット / POSUI（ミニマル・洗練）","プロ（演出多め）"
"UI-01068","学習・語学アプリのAndroidアプリUI（パステル・ドリーミー）","プロ（演出多め）"
"UI-01069","旅行・地図のキオスク・サイネージUI（信頼・誠実（コーポレート））","プロ（演出多め）"
"UI-01070","旅行・地図のスマートウォッチUI（エネルギッシュ・スポーティ）","プロ（演出多め）"
"UI-01071","タスク・プロジェクト管理の管理画面・ダッシュボードUI（ネオン・サイバー）","上級"
"UI-01072","予約（サロン/ホテル/病院）のスマートウォッチUI（ハンドメイド・手書き）","上級"
"UI-01073","スマートホーム・IoTのiOSアプリUI（クール・テック）","プロ（演出多め）"
"UI-01074","家計簿・資産管理のAndroidアプリUI（パステル・ドリーミー）","プロ（演出多め）"
"UI-01075","フードデリバリーのキオスク・サイネージUI（グラスモーフィズム）","プロ（演出多め）"
"UI-01076","ショッピングのAndroidアプリUI（ミニマル・洗練）","プロ（演出多め）"
"UI-01077","家計簿・資産管理のキオスク・サイネージUI（ネオン・サイバー）","プロ（演出多め）"
"UI-01078","SNS・コミュニティのWebアプリ（SaaS）UI（ハンドメイド・手書き）","プロ（演出多め）"
"UI-01079","音楽・ポッドキャストのWebアプリ（SaaS）UI（パステル・ドリーミー）","上級"
"UI-01080","予約（サロン/ホテル/病院）のキオスク・サイネージUI（エネルギッシュ・スポーティ）","上級"
"UI-01081","音楽・ポッドキャストのWebアプリ（SaaS）UI（3D・クレイ）","上級"
"UI-01082","飲食店モバイルオーダーのAndroidアプリUI（パステル・ドリーミー）","プロ（演出多め）"
"UI-01083","スマートホーム・IoTのAndroidアプリUI（ミニマル・洗練）","上級"
"UI-01084","顧客管理（CRM）のタブレット / POSUI（信頼・誠実（コーポレート））","上級"
"UI-01085","タスク・プロジェクト管理のスマートウォッチUI（かわいい・ガーリー）","上級"
"UI-01086","マッチングのiOSアプリUI（ナチュラル・オーガニック）","プロ（演出多め）"
"UI-01087","アクセス解析・BIのスマートウォッチUI（ナチュラル・オーガニック）","プロ（演出多め）"
"UI-01088","飲食店モバイルオーダーのAndroidアプリUI（パステル・ドリーミー）","上級"
"UI-01089","学習・語学アプリのAndroidアプリUI（ハンドメイド・手書き）","プロ（演出多め）"
"UI-01090","アクセス解析・BIの管理画面・ダッシュボードUI（パステル・ドリーミー）","上級"
"UI-01091","フードデリバリーのスマートウォッチUI（ポップ・カラフル）","上級"
"UI-01092","タスク・プロジェクト管理のキオスク・サイネージUI（グラスモーフィズム）","プロ（演出多め）"
"UI-01093","旅行・地図のタブレット / POSUI（3D・クレイ）","上級"
"UI-01094","ショッピングのiOSアプリUI（エディトリアル・雑誌風）","プロ（演出多め）"
"UI-01095","フードデリバリーのスマートウォッチUI（ネオン・サイバー）","プロ（演出多め）"
"UI-01096","タスク・プロジェクト管理のiOSアプリUI（ニューブルータリズム）","プロ（演出多め）"
"UI-01097","顧客管理（CRM）のスマートウォッチUI（信頼・誠実（コーポレート））","プロ（演出多め）"
"UI-01098","ヘルスケア・フィットネス記録のAndroidアプリUI（パステル・ドリーミー）","プロ（演出多め）"
"UI-01099","ヘルスケア・フィットネス記録のAndroidアプリUI（ニューブルータリズム）","プロ（演出多め）"
"UI-01100","旅行・地図のWebアプリ（SaaS）UI（エディトリアル・雑誌風）","上級"
"UI-01101","ヘルスケア・フィットネス記録のAndroidアプリUI（パステル・ドリーミー）","上級"
"UI-01102","飲食店モバイルオーダーのiOSアプリUI（北欧・ライフスタイル）","プロ（演出多め）"
"UI-01103","飲食店モバイルオーダーのタブレット / POSUI（クール・テック）","上級"
"UI-01104","飲食店モバイルオーダーのタブレット / POSUI（かわいい・ガーリー）","プロ（演出多め）"
"UI-01105","ショッピングのスマートウォッチUI（クール・テック）","プロ（演出多め）"
"UI-01106","旅行・地図のスマートウォッチUI（信頼・誠実（コーポレート））","プロ（演出多め）"
"UI-01107","学習・語学アプリのスマートウォッチUI（3D・クレイ）","プロ（演出多め）"
"UI-01108","予約（サロン/ホテル/病院）のWebアプリ（SaaS）UI（ニューブルータリズム）","プロ（演出多め）"
"UI-01109","アクセス解析・BIの管理画面・ダッシュボードUI（ニューブルータリズム）","プロ（演出多め）"
"UI-01110","スマートホーム・IoTの管理画面・ダッシュボードUI（信頼・誠実（コーポレート））","プロ（演出多め）"
"UI-01111","顧客管理（CRM）のタブレット / POSUI（ニューブルータリズム）","プロ（演出多め）"
"UI-01112","予約（サロン/ホテル/病院）のiOSアプリUI（かわいい・ガーリー）","プロ（演出多め）"
"UI-01113","AIアシスタント・チャットのキオスク・サイネージUI（ニューブルータリズム）","プロ（演出多め）"
"UI-01114","音楽・ポッドキャストのiOSアプリUI（信頼・誠実（コーポレート））","プロ（演出多め）"
"UI-01115","学習・語学アプリの管理画面・ダッシュボードUI（レトロ・Y2K）","プロ（演出多め）"
"UI-01116","AIアシスタント・チャットのAndroidアプリUI（信頼・誠実（コーポレート））","プロ（演出多め）"
"UI-01117","タスク・プロジェクト管理のスマートウォッチUI（ジオメトリック・グラフィカル）","上級"
"UI-01118","ヘルスケア・フィットネス記録のWebアプリ（SaaS）UI（パステル・ドリーミー）","プロ（演出多め）"
"UI-01119","音楽・ポッドキャストのWebアプリ（SaaS）UI（ナチュラル・オーガニック）","プロ（演出多め）"
"UI-01120","ヘルスケア・フィットネス記録の管理画面・ダッシュボードUI（ネオン・サイバー）","プロ（演出多め）"
"UI-01121","フードデリバリーのスマートウォッチUI（ニューブルータリズム）","上級"
"UI-01122","音楽・ポッドキャストのAndroidアプリUI（3D・クレイ）","プロ（演出多め）"
"UI-01123","スマートホーム・IoTのAndroidアプリUI（信頼・誠実（コーポレート））","上級"
"UI-01124","ヘルスケア・フィットネス記録のAndroidアプリUI（ニューブルータリズム）","プロ（演出多め）"
"UI-01125","AIアシスタント・チャットのAndroidアプリUI（パステル・ドリーミー）","上級"
"UI-01126","飲食店モバイルオーダーのiOSアプリUI（ポップ・カラフル）","プロ（演出多め）"
"UI-01127","旅行・地図のタブレット / POSUI（ミニマル・洗練）","プロ（演出多め）"
"UI-01128","AIアシスタント・チャットのAndroidアプリUI（ニューブルータリズム）","上級"
"UI-01129","AIアシスタント・チャットの管理画面・ダッシュボードUI（3D・クレイ）","上級"
"UI-01130","ショッピングのAndroidアプリUI（3D・クレイ）","プロ（演出多め）"
"UI-01131","予約（サロン/ホテル/病院）のiOSアプリUI（3D・クレイ）","プロ（演出多め）"
"UI-01132","ヘルスケア・フィットネス記録のAndroidアプリUI（ミニマル・洗練）","上級"
"UI-01133","スマートホーム・IoTの管理画面・ダッシュボードUI（パステル・ドリーミー）","上級"
"UI-01134","マッチングのiOSアプリUI（パステル・ドリーミー）","プロ（演出多め）"
"UI-01135","ヘルスケア・フィットネス記録の管理画面・ダッシュボードUI（グラスモーフィズム）","プロ（演出多め）"
"UI-01136","SNS・コミュニティのAndroidアプリUI（かわいい・ガーリー）","プロ（演出多め）"
"UI-01137","予約（サロン/ホテル/病院）のキオスク・サイネージUI（信頼・誠実（コーポレート））","プロ（演出多め）"
"UI-01138","マッチングのキオスク・サイネージUI（ミニマル・洗練）","上級"
"UI-01139","マッチングのiOSアプリUI（グラスモーフィズム）","プロ（演出多め）"
"UI-01140","ヘルスケア・フィットネス記録のAndroidアプリUI（ダーク・シネマティック）","プロ（演出多め）"
"UI-01141","旅行・地図の管理画面・ダッシュボードUI（ポップ・カラフル）","プロ（演出多め）"
"UI-01142","予約（サロン/ホテル/病院）のスマートウォッチUI（エネルギッシュ・スポーティ）","プロ（演出多め）"
"UI-01143","タスク・プロジェクト管理のiOSアプリUI（信頼・誠実（コーポレート））","上級"
"UI-01144","学習・語学アプリのスマートウォッチUI（クール・テック）","上級"
"UI-01145","スマートホーム・IoTのAndroidアプリUI（クール・テック）","プロ（演出多め）"
"UI-01146","顧客管理（CRM）のiOSアプリUI（信頼・誠実（コーポレート））","プロ（演出多め）"
"UI-01147","予約（サロン/ホテル/病院）のWebアプリ（SaaS）UI（ニューブルータリズム）","プロ（演出多め）"
"UI-01148","旅行・地図の管理画面・ダッシュボードUI（ポップ・カラフル）","上級"
"UI-01149","ヘルスケア・フィットネス記録のタブレット / POSUI（クール・テック）","プロ（演出多め）"
"UI-01150","旅行・地図のAndroidアプリUI（3D・クレイ）","上級"
"UI-01151","アクセス解析・BIのWebアプリ（SaaS）UI（クール・テック）","プロ（演出多め）"
"UI-01152","予約（サロン/ホテル/病院）のキオスク・サイネージUI（グラスモーフィズム）","プロ（演出多め）"
"UI-01153","アクセス解析・BIの管理画面・ダッシュボードUI（ミニマル・洗練）","プロ（演出多め）"
"UI-01154","家計簿・資産管理のスマートウォッチUI（ジオメトリック・グラフィカル）","上級"
"UI-01155","家計簿・資産管理の管理画面・ダッシュボードUI（信頼・誠実（コーポレート））","上級"
"UI-01156","音楽・ポッドキャストのiOSアプリUI（ミニマル・洗練）","プロ（演出多め）"
"UI-01157","SNS・コミュニティのタブレット / POSUI（ネオン・サイバー）","プロ（演出多め）"
"UI-01158","予約（サロン/ホテル/病院）の管理画面・ダッシュボードUI（ネオン・サイバー）","プロ（演出多め）"
"UI-01159","ヘルスケア・フィットネス記録のWebアプリ（SaaS）UI（ミニマル・洗練）","上級"
"UI-01160","ヘルスケア・フィットネス記録のキオスク・サイネージUI（和モダン）","プロ（演出多め）"
"UI-01161","予約（サロン/ホテル/病院）の管理画面・ダッシュボードUI（3D・クレイ）","上級"
"UI-01162","フードデリバリーのタブレット / POSUI（ニューブルータリズム）","プロ（演出多め）"
"UI-01163","顧客管理（CRM）のタブレット / POSUI（クール・テック）","プロ（演出多め）"
"UI-01164","タスク・プロジェクト管理の管理画面・ダッシュボードUI（ニューブルータリズム）","プロ（演出多め）"
"UI-01165","マッチングのキオスク・サイネージUI（ポップ・カラフル）","上級"
"UI-01166","ショッピングのキオスク・サイネージUI（グラスモーフィズム）","上級"
"UI-01167","AIアシスタント・チャットのWebアプリ（SaaS）UI（ミニマル・洗練）","プロ（演出多め）"
"UI-01168","学習・語学アプリのAndroidアプリUI（ニューブルータリズム）","プロ（演出多め）"
"UI-01169","旅行・地図のAndroidアプリUI（和モダン）","プロ（演出多め）"
"UI-01170","ショッピングのキオスク・サイネージUI（ジオメトリック・グラフィカル）","上級"
"UI-01171","AIアシスタント・チャットのタブレット / POSUI（3D・クレイ）","上級"
"UI-01172","学習・語学アプリの管理画面・ダッシュボードUI（エディトリアル・雑誌風）","上級"
"UI-01173","予約（サロン/ホテル/病院）のWebアプリ（SaaS）UI（パステル・ドリーミー）","上級"
"UI-01174","ヘルスケア・フィットネス記録の管理画面・ダッシュボードUI（ニューブルータリズム）","上級"
"UI-01175","マッチングのAndroidアプリUI（ラグジュアリー・高級感）","プロ（演出多め）"
"UI-01176","予約（サロン/ホテル/病院）のWebアプリ（SaaS）UI（グラスモーフィズム）","プロ（演出多め）"
"UI-01177","音楽・ポッドキャストのAndroidアプリUI（エディトリアル・雑誌風）","上級"
"UI-01178","スマートホーム・IoTのスマートウォッチUI（ニューブルータリズム）","上級"
"UI-01179","マッチングのWebアプリ（SaaS）UI（信頼・誠実（コーポレート））","プロ（演出多め）"
"UI-01180","飲食店モバイルオーダーのスマートウォッチUI（ミニマル・洗練）","プロ（演出多め）"
"UI-01181","ヘルスケア・フィットネス記録のWebアプリ（SaaS）UI（3D・クレイ）","プロ（演出多め）"
"UI-01182","マッチングのAndroidアプリUI（ニューブルータリズム）","プロ（演出多め）"
"UI-01183","SNS・コミュニティのタブレット / POSUI（ジオメトリック・グラフィカル）","上級"
"UI-01184","SNS・コミュニティのタブレット / POSUI（信頼・誠実（コーポレート））","プロ（演出多め）"
"UI-01185","スマートホーム・IoTのスマートウォッチUI（ネオン・サイバー）","プロ（演出多め）"
"UI-01186","顧客管理（CRM）のWebアプリ（SaaS）UI（グラスモーフィズム）","プロ（演出多め）"
"UI-01187","フードデリバリーのスマートウォッチUI（クール・テック）","上級"
"UI-01188","マッチングのタブレット / POSUI（ミニマル・洗練）","プロ（演出多め）"
"UI-01189","AIアシスタント・チャットのキオスク・サイネージUI（パステル・ドリーミー）","上級"
"UI-01190","スマートホーム・IoTのスマートウォッチUI（ニューブルータリズム）","プロ（演出多め）"
"UI-01191","ヘルスケア・フィットネス記録のWebアプリ（SaaS）UI（ポップ・カラフル）","プロ（演出多め）"
"UI-01192","SNS・コミュニティのAndroidアプリUI（ポップ・カラフル）","上級"
"UI-01193","SNS・コミュニティのタブレット / POSUI（信頼・誠実（コーポレート））","上級"
"UI-01194","予約（サロン/ホテル/病院）のAndroidアプリUI（クール・テック）","プロ（演出多め）"
"UI-01195","AIアシスタント・チャットの管理画面・ダッシュボードUI（グラスモーフィズム）","プロ（演出多め）"
"UI-01196","マッチングのスマートウォッチUI（エディトリアル・雑誌風）","上級"
"UI-01197","音楽・ポッドキャストのスマートウォッチUI（ニューブルータリズム）","上級"
"UI-01198","フードデリバリーのiOSアプリUI（クール・テック）","上級"
"UI-01199","予約（サロン/ホテル/病院）のタブレット / POSUI（3D・クレイ）","プロ（演出多め）"
"UI-01200","アクセス解析・BIのスマートウォッチUI（ハンドメイド・手書き）","上級"
"UI-01201","旅行・地図の管理画面・ダッシュボードUI（ジオメトリック・グラフィカル）","プロ（演出多め）"
"UI-01202","AIアシスタント・チャットの管理画面・ダッシュボードUI（信頼・誠実（コーポレート））","上級"
"UI-01203","旅行・地図のAndroidアプリUI（パステル・ドリーミー）","プロ（演出多め）"
"UI-01204","ヘルスケア・フィットネス記録のiOSアプリUI（グラスモーフィズム）","プロ（演出多め）"
"UI-01205","予約（サロン/ホテル/病院）のWebアプリ（SaaS）UI（ネオン・サイバー）","プロ（演出多め）"
"UI-01206","ヘルスケア・フィットネス記録のキオスク・サイネージUI（ニューブルータリズム）","プロ（演出多め）"
"UI-01207","音楽・ポッドキャストのタブレット / POSUI（3D・クレイ）","プロ（演出多め）"
"UI-01208","フードデリバリーのタブレット / POSUI（グラスモーフィズム）","上級"
"UI-01209","顧客管理（CRM）のキオスク・サイネージUI（ミニマル・洗練）","プロ（演出多め）"
"UI-01210","SNS・コミュニティのWebアプリ（SaaS）UI（信頼・誠実（コーポレート））","プロ（演出多め）"
"UI-01211","予約（サロン/ホテル/病院）のタブレット / POSUI（信頼・誠実（コーポレート））","プロ（演出多め）"
"UI-01212","ショッピングのWebアプリ（SaaS）UI（ネオン・サイバー）","プロ（演出多め）"
"UI-01213","AIアシスタント・チャットのスマートウォッチUI（グラスモーフィズム）","上級"
"UI-01214","学習・語学アプリの管理画面・ダッシュボードUI（ポップ・カラフル）","上級"
"UI-01215","予約（サロン/ホテル/病院）のAndroidアプリUI（ジオメトリック・グラフィカル）","上級"
"UI-01216","AIアシスタント・チャットのスマートウォッチUI（クール・テック）","上級"
"UI-01217","旅行・地図のタブレット / POSUI（かわいい・ガーリー）","プロ（演出多め）"
"UI-01218","ショッピングの管理画面・ダッシュボードUI（ネオン・サイバー）","プロ（演出多め）"
"UI-01219","SNS・コミュニティのスマートウォッチUI（和モダン）","プロ（演出多め）"
"UI-01220","フードデリバリーのWebアプリ（SaaS）UI（グラスモーフィズム）","上級"
"UI-01221","学習・語学アプリのタブレット / POSUI（ジオメトリック・グラフィカル）","プロ（演出多め）"
"UI-01222","飲食店モバイルオーダーのタブレット / POSUI（ポップ・カラフル）","上級"
"UI-01223","フードデリバリーのiOSアプリUI（ニューブルータリズム）","プロ（演出多め）"
"UI-01224","顧客管理（CRM）のスマートウォッチUI（ナチュラル・オーガニック）","上級"
"UI-01225","ヘルスケア・フィットネス記録のタブレット / POSUI（ネオン・サイバー）","上級"
"UI-01226","学習・語学アプリのWebアプリ（SaaS）UI（ハンドメイド・手書き）","上級"
"UI-01227","顧客管理（CRM）のタブレット / POSUI（ナチュラル・オーガニック）","プロ（演出多め）"
"UI-01228","家計簿・資産管理のスマートウォッチUI（ネオン・サイバー）","上級"
"UI-01229","飲食店モバイルオーダーのキオスク・サイネージUI（グラスモーフィズム）","上級"
"UI-01230","ショッピングのiOSアプリUI（グラスモーフィズム）","上級"
"UI-01231","ヘルスケア・フィットネス記録のAndroidアプリUI（3D・クレイ）","プロ（演出多め）"
"UI-01232","顧客管理（CRM）のWebアプリ（SaaS）UI（ニューブルータリズム）","上級"
"UI-01233","音楽・ポッドキャストの管理画面・ダッシュボードUI（ミニマル・洗練）","プロ（演出多め）"
"UI-01234","予約（サロン/ホテル/病院）のキオスク・サイネージUI（クール・テック）","上級"
"UI-01235","予約（サロン/ホテル/病院）のAndroidアプリUI（クール・テック）","プロ（演出多め）"
"UI-01236","旅行・地図のAndroidアプリUI（信頼・誠実（コーポレート））","上級"
"UI-01237","マッチングのキオスク・サイネージUI（パステル・ドリーミー）","プロ（演出多め）"
"UI-01238","顧客管理（CRM）のWebアプリ（SaaS）UI（グラスモーフィズム）","プロ（演出多め）"
"UI-01239","フードデリバリーのスマートウォッチUI（ポップ・カラフル）","プロ（演出多め）"
"UI-01240","音楽・ポッドキャストのWebアプリ（SaaS）UI（ポップ・カラフル）","上級"
"UI-01241","フードデリバリーのスマートウォッチUI（ポップ・カラフル）","上級"
"UI-01242","タスク・プロジェクト管理の管理画面・ダッシュボードUI（クール・テック）","プロ（演出多め）"
"UI-01243","マッチングのスマートウォッチUI（ハンドメイド・手書き）","プロ（演出多め）"
"UI-01244","SNS・コミュニティのタブレット / POSUI（信頼・誠実（コーポレート））","上級"
"UI-01245","AIアシスタント・チャットのWebアプリ（SaaS）UI（ニューブルータリズム）","上級"
"UI-01246","マッチングのWebアプリ（SaaS）UI（北欧・ライフスタイル）","上級"
"UI-01247","飲食店モバイルオーダーの管理画面・ダッシュボードUI（パステル・ドリーミー）","プロ（演出多め）"
"UI-01248","ヘルスケア・フィットネス記録のキオスク・サイネージUI（ミニマル・洗練）","プロ（演出多め）"
"UI-01249","タスク・プロジェクト管理のWebアプリ（SaaS）UI（信頼・誠実（コーポレート））","プロ（演出多め）"
"UI-01250","AIアシスタント・チャットのタブレット / POSUI（3D・クレイ）","プロ（演出多め）"
"UI-01251","マッチングのキオスク・サイネージUI（ミニマル・洗練）","プロ（演出多め）"
"UI-01252","音楽・ポッドキャストのiOSアプリUI（ハンドメイド・手書き）","プロ（演出多め）"
"UI-01253","タスク・プロジェクト管理のWebアプリ（SaaS）UI（信頼・誠実（コーポレート））","プロ（演出多め）"
"UI-01254","アクセス解析・BIのWebアプリ（SaaS）UI（ジオメトリック・グラフィカル）","プロ（演出多め）"
"UI-01255","タスク・プロジェクト管理の管理画面・ダッシュボードUI（ニューブルータリズム）","プロ（演出多め）"
"UI-01256","音楽・ポッドキャストのiOSアプリUI（ナチュラル・オーガニック）","プロ（演出多め）"
"UI-01257","AIアシスタント・チャットのキオスク・サイネージUI（ミニマル・洗練）","プロ（演出多め）"
"UI-01258","フードデリバリーのタブレット / POSUI（ポップ・カラフル）","プロ（演出多め）"
"UI-01259","ショッピングのキオスク・サイネージUI（信頼・誠実（コーポレート））","上級"
"UI-01260","ショッピングのキオスク・サイネージUI（ニューブルータリズム）","プロ（演出多め）"
"UI-01261","家計簿・資産管理のスマートウォッチUI（パステル・ドリーミー）","プロ（演出多め）"
"UI-01262","マッチングのスマートウォッチUI（ラグジュアリー・高級感）","プロ（演出多め）"
"UI-01263","家計簿・資産管理のキオスク・サイネージUI（ジオメトリック・グラフィカル）","プロ（演出多め）"
"UI-01264","タスク・プロジェクト管理のキオスク・サイネージUI（北欧・ライフスタイル）","プロ（演出多め）"
"UI-01265","スマートホーム・IoTのAndroidアプリUI（信頼・誠実（コーポレート））","プロ（演出多め）"
"UI-01266","顧客管理（CRM）のAndroidアプリUI（パステル・ドリーミー）","上級"
"UI-01267","タスク・プロジェクト管理の管理画面・ダッシュボードUI（エディトリアル・雑誌風）","プロ（演出多め）"
"UI-01268","タスク・プロジェクト管理のスマートウォッチUI（クール・テック）","プロ（演出多め）"
"UI-01269","学習・語学アプリのタブレット / POSUI（グラスモーフィズム）","上級"
"UI-01270","フードデリバリーのスマートウォッチUI（ニューブルータリズム）","プロ（演出多め）"
"UI-01271","学習・語学アプリのWebアプリ（SaaS）UI（ダーク・シネマティック）","プロ（演出多め）"
"UI-01272","アクセス解析・BIのスマートウォッチUI（信頼・誠実（コーポレート））","プロ（演出多め）"
"UI-01273","フードデリバリーのスマートウォッチUI（ポップ・カラフル）","プロ（演出多め）"
"UI-01274","学習・語学アプリのスマートウォッチUI（かわいい・ガーリー）","プロ（演出多め）"
"UI-01275","タスク・プロジェクト管理の管理画面・ダッシュボードUI（ポップ・カラフル）","上級"
"UI-01276","音楽・ポッドキャストのキオスク・サイネージUI（ニューブルータリズム）","上級"
"UI-01277","旅行・地図のAndroidアプリUI（ネオン・サイバー）","上級"
"UI-01278","ショッピングのiOSアプリUI（ナチュラル・オーガニック）","プロ（演出多め）"
"UI-01279","学習・語学アプリのAndroidアプリUI（ネオン・サイバー）","上級"
"UI-01280","学習・語学アプリのiOSアプリUI（信頼・誠実（コーポレート））","上級"
"UI-01281","アクセス解析・BIのスマートウォッチUI（ニューブルータリズム）","上級"
"UI-01282","スマートホーム・IoTの管理画面・ダッシュボードUI（パステル・ドリーミー）","プロ（演出多め）"
"UI-01283","スマートホーム・IoTのスマートウォッチUI（ミニマル・洗練）","上級"
"UI-01284","学習・語学アプリの管理画面・ダッシュボードUI（ミニマル・洗練）","プロ（演出多め）"
"UI-01285","AIアシスタント・チャットのiOSアプリUI（レトロ・Y2K）","上級"
"UI-01286","顧客管理（CRM）のスマートウォッチUI（クール・テック）","プロ（演出多め）"
"UI-01287","スマートホーム・IoTのAndroidアプリUI（グラスモーフィズム）","上級"
"UI-01288","SNS・コミュニティのスマートウォッチUI（ナチュラル・オーガニック）","プロ（演出多め）"
"UI-01289","音楽・ポッドキャストのWebアプリ（SaaS）UI（エネルギッシュ・スポーティ）","プロ（演出多め）"
"UI-01290","アクセス解析・BIのスマートウォッチUI（ミニマル・洗練）","上級"
"UI-01291","タスク・プロジェクト管理のAndroidアプリUI（3D・クレイ）","プロ（演出多め）"
"UI-01292","旅行・地図の管理画面・ダッシュボードUI（3D・クレイ）","プロ（演出多め）"
"UI-01293","旅行・地図のキオスク・サイネージUI（パステル・ドリーミー）","上級"
"UI-01294","旅行・地図のWebアプリ（SaaS）UI（ミニマル・洗練）","プロ（演出多め）"
"UI-01295","予約（サロン/ホテル/病院）のiOSアプリUI（クール・テック）","プロ（演出多め）"
"UI-01296","顧客管理（CRM）のスマートウォッチUI（レトロ・Y2K）","プロ（演出多め）"
"UI-01297","顧客管理（CRM）の管理画面・ダッシュボードUI（信頼・誠実（コーポレート））","プロ（演出多め）"
"UI-01298","予約（サロン/ホテル/病院）のスマートウォッチUI（信頼・誠実（コーポレート））","上級"
"UI-01299","ヘルスケア・フィットネス記録のスマートウォッチUI（ネオン・サイバー）","上級"
"UI-01300","ショッピングのiOSアプリUI（ポップ・カラフル）","上級"
"UI-01301","音楽・ポッドキャストのスマートウォッチUI（信頼・誠実（コーポレート））","プロ（演出多め）"
"UI-01302","飲食店モバイルオーダーのiOSアプリUI（ニューブルータリズム）","プロ（演出多め）"
"UI-01303","マッチングのWebアプリ（SaaS）UI（3D・クレイ）","上級"
"UI-01304","予約（サロン/ホテル/病院）のiOSアプリUI（ポップ・カラフル）","プロ（演出多め）"
"UI-01305","SNS・コミュニティのキオスク・サイネージUI（和モダン）","プロ（演出多め）"
"UI-01306","音楽・ポッドキャストのiOSアプリUI（クール・テック）","上級"
"UI-01307","ショッピングのWebアプリ（SaaS）UI（3D・クレイ）","上級"
"UI-01308","音楽・ポッドキャストのキオスク・サイネージUI（ニューブルータリズム）","上級"
"UI-01309","タスク・プロジェクト管理のキオスク・サイネージUI（ミニマル・洗練）","プロ（演出多め）"
"UI-01310","学習・語学アプリのWebアプリ（SaaS）UI（3D・クレイ）","上級"
"UI-01311","スマートホーム・IoTのAndroidアプリUI（クール・テック）","上級"
"UI-01312","学習・語学アプリのWebアプリ（SaaS）UI（ポップ・カラフル）","プロ（演出多め）"
"UI-01313","家計簿・資産管理のタブレット / POSUI（3D・クレイ）","上級"
"UI-01314","AIアシスタント・チャットのタブレット / POSUI（ポップ・カラフル）","プロ（演出多め）"
"UI-01315","フードデリバリーのAndroidアプリUI（エディトリアル・雑誌風）","プロ（演出多め）"
"UI-01316","音楽・ポッドキャストのキオスク・サイネージUI（ネオン・サイバー）","プロ（演出多め）"
"UI-01317","スマートホーム・IoTの管理画面・ダッシュボードUI（ネオン・サイバー）","プロ（演出多め）"
"UI-01318","学習・語学アプリのスマートウォッチUI（ニューブルータリズム）","上級"
"UI-01319","家計簿・資産管理のWebアプリ（SaaS）UI（ニューブルータリズム）","上級"
"UI-01320","アクセス解析・BIの管理画面・ダッシュボードUI（ミニマル・洗練）","プロ（演出多め）"
"UI-01321","AIアシスタント・チャットのスマートウォッチUI（3D・クレイ）","上級"
"UI-01322","フードデリバリーのiOSアプリUI（ネオン・サイバー）","上級"
"UI-01323","家計簿・資産管理のAndroidアプリUI（ポップ・カラフル）","プロ（演出多め）"
"UI-01324","予約（サロン/ホテル/病院）のキオスク・サイネージUI（ニューブルータリズム）","プロ（演出多め）"
"UI-01325","音楽・ポッドキャストのキオスク・サイネージUI（ポップ・カラフル）","プロ（演出多め）"
"UI-01326","旅行・地図のスマートウォッチUI（グラスモーフィズム）","プロ（演出多め）"
"UI-01327","音楽・ポッドキャストのWebアプリ（SaaS）UI（ネオン・サイバー）","プロ（演出多め）"
"UI-01328","AIアシスタント・チャットのAndroidアプリUI（グラスモーフィズム）","上級"
"UI-01329","アクセス解析・BIのAndroidアプリUI（3D・クレイ）","プロ（演出多め）"
"UI-01330","予約（サロン/ホテル/病院）のWebアプリ（SaaS）UI（パステル・ドリーミー）","プロ（演出多め）"
"UI-01331","ショッピングのiOSアプリUI（ミニマル・洗練）","上級"
"UI-01332","スマートホーム・IoTのスマートウォッチUI（ニューブルータリズム）","プロ（演出多め）"
"UI-01333","タスク・プロジェクト管理のAndroidアプリUI（ナチュラル・オーガニック）","プロ（演出多め）"
"UI-01334","アクセス解析・BIの管理画面・ダッシュボードUI（グラスモーフィズム）","上級"
"UI-01335","顧客管理（CRM）のAndroidアプリUI（パステル・ドリーミー）","プロ（演出多め）"
"UI-01336","ヘルスケア・フィットネス記録のキオスク・サイネージUI（3D・クレイ）","プロ（演出多め）"
"UI-01337","マッチングのiOSアプリUI（信頼・誠実（コーポレート））","プロ（演出多め）"
"UI-01338","AIアシスタント・チャットのAndroidアプリUI（クール・テック）","プロ（演出多め）"
"UI-01339","顧客管理（CRM）のAndroidアプリUI（3D・クレイ）","プロ（演出多め）"
"UI-01340","顧客管理（CRM）のタブレット / POSUI（ミニマル・洗練）","上級"
"UI-01341","フードデリバリーのタブレット / POSUI（エネルギッシュ・スポーティ）","プロ（演出多め）"
"UI-01342","予約（サロン/ホテル/病院）のタブレット / POSUI（レトロ・Y2K）","上級"
"UI-01343","AIアシスタント・チャットのタブレット / POSUI（信頼・誠実（コーポレート））","プロ（演出多め）"
"UI-01344","タスク・プロジェクト管理のキオスク・サイネージUI（信頼・誠実（コーポレート））","プロ（演出多め）"
"UI-01345","AIアシスタント・チャットのスマートウォッチUI（クール・テック）","プロ（演出多め）"
"UI-01346","AIアシスタント・チャットのAndroidアプリUI（ミニマル・洗練）","上級"
"UI-01347","AIアシスタント・チャットのタブレット / POSUI（北欧・ライフスタイル）","上級"
"UI-01348","タスク・プロジェクト管理の管理画面・ダッシュボードUI（ネオン・サイバー）","プロ（演出多め）"
"UI-01349","飲食店モバイルオーダーのAndroidアプリUI（信頼・誠実（コーポレート））","プロ（演出多め）"
"UI-01350","タスク・プロジェクト管理のスマートウォッチUI（ネオン・サイバー）","プロ（演出多め）"
"UI-01351","学習・語学アプリの管理画面・ダッシュボードUI（パステル・ドリーミー）","上級"
"UI-01352","マッチングのWebアプリ（SaaS）UI（ナチュラル・オーガニック）","上級"
"UI-01353","SNS・コミュニティのキオスク・サイネージUI（グラスモーフィズム）","上級"
"UI-01354","ショッピングのキオスク・サイネージUI（エネルギッシュ・スポーティ）","プロ（演出多め）"
"UI-01355","飲食店モバイルオーダーのAndroidアプリUI（3D・クレイ）","上級"
"UI-01356","AIアシスタント・チャットのタブレット / POSUI（ジオメトリック・グラフィカル）","上級"
"UI-01357","ショッピングのキオスク・サイネージUI（ポップ・カラフル）","プロ（演出多め）"
"UI-01358","音楽・ポッドキャストのスマートウォッチUI（ミニマル・洗練）","プロ（演出多め）"
"UI-01359","タスク・プロジェクト管理のタブレット / POSUI（ニューブルータリズム）","プロ（演出多め）"
"UI-01360","ヘルスケア・フィットネス記録のキオスク・サイネージUI（グラスモーフィズム）","プロ（演出多め）"
"UI-01361","飲食店モバイルオーダーのスマートウォッチUI（クール・テック）","プロ（演出多め）"
"UI-01362","飲食店モバイルオーダーの管理画面・ダッシュボードUI（ネオン・サイバー）","プロ（演出多め）"
"UI-01363","マッチングのiOSアプリUI（グラスモーフィズム）","プロ（演出多め）"
"UI-01364","飲食店モバイルオーダーの管理画面・ダッシュボードUI（ミニマル・洗練）","プロ（演出多め）"
"UI-01365","家計簿・資産管理の管理画面・ダッシュボードUI（グラスモーフィズム）","プロ（演出多め）"
"UI-01366","タスク・プロジェクト管理のタブレット / POSUI（エネルギッシュ・スポーティ）","上級"
"UI-01367","家計簿・資産管理のスマートウォッチUI（ポップ・カラフル）","上級"
"UI-01368","旅行・地図のタブレット / POSUI（信頼・誠実（コーポレート））","プロ（演出多め）"
"UI-01369","ショッピングの管理画面・ダッシュボードUI（ハンドメイド・手書き）","上級"
"UI-01370","顧客管理（CRM）のiOSアプリUI（ミニマル・洗練）","上級"
"UI-01371","フードデリバリーのタブレット / POSUI（信頼・誠実（コーポレート））","プロ（演出多め）"
"UI-01372","飲食店モバイルオーダーのタブレット / POSUI（3D・クレイ）","プロ（演出多め）"
"UI-01373","音楽・ポッドキャストのキオスク・サイネージUI（クール・テック）","プロ（演出多め）"
"UI-01374","学習・語学アプリのタブレット / POSUI（ミニマル・洗練）","プロ（演出多め）"
"UI-01375","AIアシスタント・チャットのWebアプリ（SaaS）UI（グラスモーフィズム）","プロ（演出多め）"
"UI-01376","ヘルスケア・フィットネス記録のタブレット / POSUI（ミニマル・洗練）","上級"
"UI-01377","音楽・ポッドキャストのタブレット / POSUI（クール・テック）","上級"
"UI-01378","タスク・プロジェクト管理のWebアプリ（SaaS）UI（信頼・誠実（コーポレート））","上級"
"UI-01379","学習・語学アプリのAndroidアプリUI（ニューブルータリズム）","プロ（演出多め）"
"UI-01380","アクセス解析・BIのiOSアプリUI（ニューブルータリズム）","プロ（演出多め）"
"UI-01381","学習・語学アプリのスマートウォッチUI（クール・テック）","プロ（演出多め）"
"UI-01382","スマートホーム・IoTのスマートウォッチUI（ナチュラル・オーガニック）","プロ（演出多め）"
"UI-01383","アクセス解析・BIのキオスク・サイネージUI（エディトリアル・雑誌風）","プロ（演出多め）"
"UI-01384","予約（サロン/ホテル/病院）のスマートウォッチUI（パステル・ドリーミー）","上級"
"UI-01385","SNS・コミュニティのAndroidアプリUI（ポップ・カラフル）","プロ（演出多め）"
"UI-01386","ショッピングの管理画面・ダッシュボードUI（クール・テック）","プロ（演出多め）"
"UI-01387","スマートホーム・IoTの管理画面・ダッシュボードUI（ミニマル・洗練）","プロ（演出多め）"
"UI-01388","スマートホーム・IoTのタブレット / POSUI（パステル・ドリーミー）","上級"
"UI-01389","AIアシスタント・チャットの管理画面・ダッシュボードUI（ダーク・シネマティック）","プロ（演出多め）"
"UI-01390","AIアシスタント・チャットのスマートウォッチUI（北欧・ライフスタイル）","プロ（演出多め）"
"UI-01391","SNS・コミュニティのタブレット / POSUI（パステル・ドリーミー）","プロ（演出多め）"
"UI-01392","スマートホーム・IoTのWebアプリ（SaaS）UI（ポップ・カラフル）","プロ（演出多め）"
"UI-01393","顧客管理（CRM）のタブレット / POSUI（グラスモーフィズム）","上級"
"UI-01394","ヘルスケア・フィットネス記録のiOSアプリUI（ポップ・カラフル）","プロ（演出多め）"
"UI-01395","ヘルスケア・フィットネス記録のキオスク・サイネージUI（レトロ・Y2K）","プロ（演出多め）"
"UI-01396","AIアシスタント・チャットのスマートウォッチUI（信頼・誠実（コーポレート））","上級"
"UI-01397","ショッピングのスマートウォッチUI（ネオン・サイバー）","プロ（演出多め）"
"UI-01398","スマートホーム・IoTのiOSアプリUI（ネオン・サイバー）","プロ（演出多め）"
"UI-01399","タスク・プロジェクト管理のスマートウォッチUI（クール・テック）","プロ（演出多め）"
"UI-01400","旅行・地図のWebアプリ（SaaS）UI（3D・クレイ）","プロ（演出多め）"
"UI-01401","顧客管理（CRM）のスマートウォッチUI（パステル・ドリーミー）","プロ（演出多め）"
"UI-01402","予約（サロン/ホテル/病院）の管理画面・ダッシュボードUI（ナチュラル・オーガニック）","プロ（演出多め）"
"UI-01403","アクセス解析・BIの管理画面・ダッシュボードUI（グラスモーフィズム）","上級"
"UI-01404","学習・語学アプリのWebアプリ（SaaS）UI（グラスモーフィズム）","プロ（演出多め）"
"UI-01405","ヘルスケア・フィットネス記録のiOSアプリUI（ミニマル・洗練）","上級"
"UI-01406","ヘルスケア・フィットネス記録のキオスク・サイネージUI（ネオン・サイバー）","プロ（演出多め）"
"UI-01407","家計簿・資産管理のタブレット / POSUI（信頼・誠実（コーポレート））","プロ（演出多め）"
"UI-01408","アクセス解析・BIのWebアプリ（SaaS）UI（ポップ・カラフル）","プロ（演出多め）"
"UI-01409","家計簿・資産管理のAndroidアプリUI（信頼・誠実（コーポレート））","プロ（演出多め）"
"UI-01410","ヘルスケア・フィットネス記録のタブレット / POSUI（ニューブルータリズム）","プロ（演出多め）"
"UI-01411","家計簿・資産管理のAndroidアプリUI（ポップ・カラフル）","上級"
"UI-01412","学習・語学アプリのAndroidアプリUI（ニューブルータリズム）","プロ（演出多め）"
"UI-01413","マッチングの管理画面・ダッシュボードUI（クール・テック）","プロ（演出多め）"
"UI-01414","飲食店モバイルオーダーのスマートウォッチUI（3D・クレイ）","プロ（演出多め）"
"UI-01415","マッチングの管理画面・ダッシュボードUI（ネオン・サイバー）","上級"
"UI-01416","家計簿・資産管理のキオスク・サイネージUI（ハンドメイド・手書き）","プロ（演出多め）"
"UI-01417","アクセス解析・BIの管理画面・ダッシュボードUI（ポップ・カラフル）","プロ（演出多め）"
"UI-01418","SNS・コミュニティの管理画面・ダッシュボードUI（ナチュラル・オーガニック）","プロ（演出多め）"
"UI-01419","ヘルスケア・フィットネス記録のキオスク・サイネージUI（ポップ・カラフル）","プロ（演出多め）"
"UI-01420","AIアシスタント・チャットのタブレット / POSUI（パステル・ドリーミー）","上級"
"UI-01421","フードデリバリーのWebアプリ（SaaS）UI（信頼・誠実（コーポレート））","プロ（演出多め）"
"UI-01422","飲食店モバイルオーダーのスマートウォッチUI（信頼・誠実（コーポレート））","プロ（演出多め）"
"UI-01423","旅行・地図のスマートウォッチUI（かわいい・ガーリー）","プロ（演出多め）"
"UI-01424","飲食店モバイルオーダーのスマートウォッチUI（和モダン）","上級"
"UI-01425","音楽・ポッドキャストの管理画面・ダッシュボードUI（グラスモーフィズム）","プロ（演出多め）"
"UI-01426","マッチングのAndroidアプリUI（パステル・ドリーミー）","上級"
"UI-01427","フードデリバリーのAndroidアプリUI（信頼・誠実（コーポレート））","プロ（演出多め）"
"UI-01428","スマートホーム・IoTのAndroidアプリUI（信頼・誠実（コーポレート））","上級"
"UI-01429","予約（サロン/ホテル/病院）のキオスク・サイネージUI（ネオン・サイバー）","プロ（演出多め）"
"UI-01430","飲食店モバイルオーダーのAndroidアプリUI（かわいい・ガーリー）","プロ（演出多め）"
"UI-01431","AIアシスタント・チャットのiOSアプリUI（3D・クレイ）","上級"
"UI-01432","ショッピングの管理画面・ダッシュボードUI（エネルギッシュ・スポーティ）","プロ（演出多め）"
"UI-01433","フードデリバリーのWebアプリ（SaaS）UI（ポップ・カラフル）","プロ（演出多め）"
"UI-01434","家計簿・資産管理のiOSアプリUI（ポップ・カラフル）","プロ（演出多め）"
"UI-01435","ヘルスケア・フィットネス記録のキオスク・サイネージUI（ミニマル・洗練）","上級"
"UI-01436","アクセス解析・BIの管理画面・ダッシュボードUI（ミニマル・洗練）","上級"
"UI-01437","顧客管理（CRM）のAndroidアプリUI（グラスモーフィズム）","上級"
"UI-01438","スマートホーム・IoTのAndroidアプリUI（ニューブルータリズム）","プロ（演出多め）"
"UI-01439","スマートホーム・IoTの管理画面・ダッシュボードUI（信頼・誠実（コーポレート））","プロ（演出多め）"
"UI-01440","予約（サロン/ホテル/病院）のWebアプリ（SaaS）UI（ポップ・カラフル）","プロ（演出多め）"
"UI-01441","スマートホーム・IoTの管理画面・ダッシュボードUI（信頼・誠実（コーポレート））","プロ（演出多め）"
"UI-01442","学習・語学アプリのWebアプリ（SaaS）UI（パステル・ドリーミー）","プロ（演出多め）"
"UI-01443","アクセス解析・BIのタブレット / POSUI（パステル・ドリーミー）","上級"
"UI-01444","フードデリバリーのタブレット / POSUI（クール・テック）","上級"
"UI-01445","タスク・プロジェクト管理のiOSアプリUI（ネオン・サイバー）","上級"
"UI-01446","家計簿・資産管理のタブレット / POSUI（グラスモーフィズム）","プロ（演出多め）"
"UI-01447","顧客管理（CRM）のキオスク・サイネージUI（クール・テック）","プロ（演出多め）"
"UI-01448","家計簿・資産管理のWebアプリ（SaaS）UI（ニューブルータリズム）","プロ（演出多め）"
"UI-01449","マッチングのAndroidアプリUI（信頼・誠実（コーポレート））","プロ（演出多め）"
"UI-01450","家計簿・資産管理のタブレット / POSUI（和モダン）","上級"
"UI-01451","アクセス解析・BIのタブレット / POSUI（グラスモーフィズム）","プロ（演出多め）"
"UI-01452","タスク・プロジェクト管理のAndroidアプリUI（ニューブルータリズム）","上級"
"UI-01453","アクセス解析・BIのキオスク・サイネージUI（ネオン・サイバー）","プロ（演出多め）"
"UI-01454","AIアシスタント・チャットのAndroidアプリUI（信頼・誠実（コーポレート））","上級"
"UI-01455","ショッピングのWebアプリ（SaaS）UI（ミニマル・洗練）","プロ（演出多め）"
"UI-01456","旅行・地図のAndroidアプリUI（ミニマル・洗練）","プロ（演出多め）"
"UI-01457","タスク・プロジェクト管理のWebアプリ（SaaS）UI（3D・クレイ）","上級"
"UI-01458","顧客管理（CRM）のWebアプリ（SaaS）UI（ジオメトリック・グラフィカル）","プロ（演出多め）"
"UI-01459","顧客管理（CRM）のAndroidアプリUI（ネオン・サイバー）","上級"
"UI-01460","AIアシスタント・チャットのタブレット / POSUI（ネオン・サイバー）","プロ（演出多め）"
"UI-01461","旅行・地図のタブレット / POSUI（ニューブルータリズム）","プロ（演出多め）"
"UI-01462","AIアシスタント・チャットのスマートウォッチUI（ジオメトリック・グラフィカル）","プロ（演出多め）"
"UI-01463","顧客管理（CRM）のWebアプリ（SaaS）UI（ポップ・カラフル）","プロ（演出多め）"
"UI-01464","ショッピングのAndroidアプリUI（パステル・ドリーミー）","プロ（演出多め）"
"UI-01465","スマートホーム・IoTのスマートウォッチUI（グラスモーフィズム）","プロ（演出多め）"
"UI-01466","音楽・ポッドキャストのAndroidアプリUI（クール・テック）","上級"
"UI-01467","アクセス解析・BIのタブレット / POSUI（パステル・ドリーミー）","上級"
"UI-01468","タスク・プロジェクト管理のWebアプリ（SaaS）UI（ラグジュアリー・高級感）","上級"
"UI-01469","予約（サロン/ホテル/病院）の管理画面・ダッシュボードUI（レトロ・Y2K）","プロ（演出多め）"
"UI-01470","予約（サロン/ホテル/病院）のスマートウォッチUI（3D・クレイ）","上級"
"UI-01471","ヘルスケア・フィットネス記録のWebアプリ（SaaS）UI（ミニマル・洗練）","プロ（演出多め）"
"UI-01472","家計簿・資産管理のWebアプリ（SaaS）UI（ニューブルータリズム）","上級"
"UI-01473","音楽・ポッドキャストのタブレット / POSUI（ポップ・カラフル）","プロ（演出多め）"
"UI-01474","マッチングのWebアプリ（SaaS）UI（ポップ・カラフル）","上級"
"UI-01475","顧客管理（CRM）のAndroidアプリUI（グラスモーフィズム）","プロ（演出多め）"
"UI-01476","飲食店モバイルオーダーの管理画面・ダッシュボードUI（3D・クレイ）","上級"
"UI-01477","予約（サロン/ホテル/病院）のスマートウォッチUI（グラスモーフィズム）","上級"
"UI-01478","顧客管理（CRM）のキオスク・サイネージUI（ネオン・サイバー）","プロ（演出多め）"
"UI-01479","タスク・プロジェクト管理のキオスク・サイネージUI（ミニマル・洗練）","プロ（演出多め）"
"UI-01480","アクセス解析・BIのスマートウォッチUI（信頼・誠実（コーポレート））","上級"
"UI-01481","飲食店モバイルオーダーのWebアプリ（SaaS）UI（3D・クレイ）","上級"
"UI-01482","音楽・ポッドキャストのAndroidアプリUI（ミニマル・洗練）","プロ（演出多め）"
"UI-01483","旅行・地図のAndroidアプリUI（ニューブルータリズム）","プロ（演出多め）"
"UI-01484","ショッピングのタブレット / POSUI（クール・テック）","プロ（演出多め）"
"UI-01485","マッチングのiOSアプリUI（ミニマル・洗練）","プロ（演出多め）"
"UI-01486","学習・語学アプリのiOSアプリUI（パステル・ドリーミー）","上級"
"UI-01487","学習・語学アプリのWebアプリ（SaaS）UI（パステル・ドリーミー）","プロ（演出多め）"
"UI-01488","学習・語学アプリのiOSアプリUI（ニューブルータリズム）","上級"
"UI-01489","家計簿・資産管理の管理画面・ダッシュボードUI（ネオン・サイバー）","上級"
"UI-01490","音楽・ポッドキャストのWebアプリ（SaaS）UI（エネルギッシュ・スポーティ）","上級"
"UI-01491","フードデリバリーの管理画面・ダッシュボードUI（グラスモーフィズム）","プロ（演出多め）"
"UI-01492","ショッピングのスマートウォッチUI（グラスモーフィズム）","上級"
"UI-01493","SNS・コミュニティのスマートウォッチUI（エネルギッシュ・スポーティ）","プロ（演出多め）"
"UI-01494","アクセス解析・BIの管理画面・ダッシュボードUI（グラスモーフィズム）","プロ（演出多め）"
"UI-01495","フードデリバリーのWebアプリ（SaaS）UI（ミニマル・洗練）","上級"
"UI-01496","AIアシスタント・チャットのスマートウォッチUI（ネオン・サイバー）","プロ（演出多め）"
"UI-01497","ショッピングのスマートウォッチUI（グラスモーフィズム）","プロ（演出多め）"
"UI-01498","音楽・ポッドキャストのキオスク・サイネージUI（ミニマル・洗練）","プロ（演出多め）"
"UI-01499","アクセス解析・BIのキオスク・サイネージUI（パステル・ドリーミー）","上級"
"UI-01500","家計簿・資産管理のスマートウォッチUI（ネオン・サイバー）","上級"
"UI-01501","家計簿・資産管理のWebアプリ（SaaS）UI（信頼・誠実（コーポレート））","プロ（演出多め）"
"UI-01502","SNS・コミュニティのキオスク・サイネージUI（パステル・ドリーミー）","プロ（演出多め）"
"UI-01503","アクセス解析・BIのキオスク・サイネージUI（ネオン・サイバー）","上級"
"UI-01504","SNS・コミュニティの管理画面・ダッシュボードUI（和モダン）","上級"
"UI-01505","学習・語学アプリのキオスク・サイネージUI（ナチュラル・オーガニック）","上級"
"UI-01506","ヘルスケア・フィットネス記録のAndroidアプリUI（ニューブルータリズム）","プロ（演出多め）"
"UI-01507","旅行・地図のAndroidアプリUI（ミニマル・洗練）","プロ（演出多め）"
"UI-01508","予約（サロン/ホテル/病院）のキオスク・サイネージUI（ネオン・サイバー）","プロ（演出多め）"
"UI-01509","ショッピングのWebアプリ（SaaS）UI（クール・テック）","プロ（演出多め）"
"UI-01510","飲食店モバイルオーダーの管理画面・ダッシュボードUI（パステル・ドリーミー）","上級"
"UI-01511","SNS・コミュニティのiOSアプリUI（ニューブルータリズム）","プロ（演出多め）"
"UI-01512","音楽・ポッドキャストのiOSアプリUI（ニューブルータリズム）","プロ（演出多め）"
"UI-01513","家計簿・資産管理の管理画面・ダッシュボードUI（グラスモーフィズム）","上級"
"UI-01514","学習・語学アプリのiOSアプリUI（ポップ・カラフル）","上級"
"UI-01515","音楽・ポッドキャストのAndroidアプリUI（ミニマル・洗練）","プロ（演出多め）"
"UI-01516","ショッピングのキオスク・サイネージUI（グラスモーフィズム）","上級"
"UI-01517","タスク・プロジェクト管理のタブレット / POSUI（信頼・誠実（コーポレート））","上級"
"UI-01518","アクセス解析・BIのキオスク・サイネージUI（パステル・ドリーミー）","上級"
"UI-01519","飲食店モバイルオーダーのタブレット / POSUI（信頼・誠実（コーポレート））","プロ（演出多め）"
"UI-01520","アクセス解析・BIのキオスク・サイネージUI（ニューブルータリズム）","プロ（演出多め）"
"UI-01521","顧客管理（CRM）のWebアプリ（SaaS）UI（信頼・誠実（コーポレート））","プロ（演出多め）"
"UI-01522","顧客管理（CRM）のWebアプリ（SaaS）UI（クール・テック）","プロ（演出多め）"
"UI-01523","フードデリバリーのタブレット / POSUI（ジオメトリック・グラフィカル）","プロ（演出多め）"
"UI-01524","顧客管理（CRM）のAndroidアプリUI（ミニマル・洗練）","上級"
"UI-01525","マッチングのスマートウォッチUI（信頼・誠実（コーポレート））","上級"
"UI-01526","旅行・地図の管理画面・ダッシュボードUI（グラスモーフィズム）","上級"
"UI-01527","SNS・コミュニティのスマートウォッチUI（北欧・ライフスタイル）","プロ（演出多め）"
"UI-01528","音楽・ポッドキャストのiOSアプリUI（パステル・ドリーミー）","上級"
"UI-01529","旅行・地図のキオスク・サイネージUI（ジオメトリック・グラフィカル）","プロ（演出多め）"
"UI-01530","SNS・コミュニティのキオスク・サイネージUI（パステル・ドリーミー）","プロ（演出多め）"
"UI-01531","音楽・ポッドキャストのWebアプリ（SaaS）UI（ポップ・カラフル）","上級"
"UI-01532","SNS・コミュニティのAndroidアプリUI（ポップ・カラフル）","上級"
"UI-01533","フードデリバリーの管理画面・ダッシュボードUI（ナチュラル・オーガニック）","上級"
"UI-01534","顧客管理（CRM）のスマートウォッチUI（エネルギッシュ・スポーティ）","プロ（演出多め）"
"UI-01535","顧客管理（CRM）のキオスク・サイネージUI（グラスモーフィズム）","上級"
"UI-01536","学習・語学アプリのキオスク・サイネージUI（ネオン・サイバー）","プロ（演出多め）"
"UI-01537","フードデリバリーのキオスク・サイネージUI（北欧・ライフスタイル）","プロ（演出多め）"
"UI-01538","飲食店モバイルオーダーのタブレット / POSUI（3D・クレイ）","プロ（演出多め）"
"UI-01539","タスク・プロジェクト管理のiOSアプリUI（グラスモーフィズム）","プロ（演出多め）"
"UI-01540","スマートホーム・IoTのタブレット / POSUI（ネオン・サイバー）","上級"
"UI-01541","スマートホーム・IoTのスマートウォッチUI（信頼・誠実（コーポレート））","上級"
"UI-01542","学習・語学アプリの管理画面・ダッシュボードUI（グラスモーフィズム）","プロ（演出多め）"
"UI-01543","音楽・ポッドキャストのスマートウォッチUI（ネオン・サイバー）","プロ（演出多め）"
"UI-01544","SNS・コミュニティのWebアプリ（SaaS）UI（ポップ・カラフル）","プロ（演出多め）"
"UI-01545","予約（サロン/ホテル/病院）のWebアプリ（SaaS）UI（ジオメトリック・グラフィカル）","プロ（演出多め）"
"UI-01546","飲食店モバイルオーダーの管理画面・ダッシュボードUI（クール・テック）","プロ（演出多め）"
"UI-01547","予約（サロン/ホテル/病院）の管理画面・ダッシュボードUI（信頼・誠実（コーポレート））","プロ（演出多め）"
"UI-01548","ヘルスケア・フィットネス記録のWebアプリ（SaaS）UI（ハンドメイド・手書き）","プロ（演出多め）"
"UI-01549","AIアシスタント・チャットのタブレット / POSUI（パステル・ドリーミー）","プロ（演出多め）"
"UI-01550","マッチングのキオスク・サイネージUI（かわいい・ガーリー）","上級"
"UI-01551","SNS・コミュニティのキオスク・サイネージUI（ポップ・カラフル）","上級"
"UI-01552","スマートホーム・IoTのWebアプリ（SaaS）UI（3D・クレイ）","上級"
"UI-01553","飲食店モバイルオーダーのiOSアプリUI（エディトリアル・雑誌風）","プロ（演出多め）"
"UI-01554","学習・語学アプリのAndroidアプリUI（ニューブルータリズム）","プロ（演出多め）"
"UI-01555","ヘルスケア・フィットネス記録のスマートウォッチUI（ニューブルータリズム）","プロ（演出多め）"
"UI-01556","ショッピングのキオスク・サイネージUI（信頼・誠実（コーポレート））","プロ（演出多め）"
"UI-01557","マッチングの管理画面・ダッシュボードUI（グラスモーフィズム）","プロ（演出多め）"
"UI-01558","音楽・ポッドキャストのスマートウォッチUI（ネオン・サイバー）","上級"
"UI-01559","マッチングのAndroidアプリUI（クール・テック）","上級"
"UI-01560","タスク・プロジェクト管理の管理画面・ダッシュボードUI（ダーク・シネマティック）","プロ（演出多め）"
"UI-01561","AIアシスタント・チャットのスマートウォッチUI（信頼・誠実（コーポレート））","上級"
"UI-01562","AIアシスタント・チャットのWebアプリ（SaaS）UI（ネオン・サイバー）","プロ（演出多め）"
"UI-01563","学習・語学アプリのタブレット / POSUI（クール・テック）","プロ（演出多め）"
"UI-01564","アクセス解析・BIのiOSアプリUI（ジオメトリック・グラフィカル）","プロ（演出多め）"
"UI-01565","AIアシスタント・チャットのタブレット / POSUI（3D・クレイ）","プロ（演出多め）"
"UI-01566","予約（サロン/ホテル/病院）のWebアプリ（SaaS）UI（ポップ・カラフル）","プロ（演出多め）"
"UI-01567","ショッピングのキオスク・サイネージUI（ポップ・カラフル）","上級"
"UI-01568","学習・語学アプリのキオスク・サイネージUI（ミニマル・洗練）","プロ（演出多め）"
"UI-01569","マッチングのキオスク・サイネージUI（北欧・ライフスタイル）","上級"
"UI-01570","顧客管理（CRM）のキオスク・サイネージUI（信頼・誠実（コーポレート））","プロ（演出多め）"
"UI-01571","家計簿・資産管理のキオスク・サイネージUI（ニューブルータリズム）","上級"
"UI-01572","学習・語学アプリの管理画面・ダッシュボードUI（3D・クレイ）","プロ（演出多め）"
"UI-01573","スマートホーム・IoTの管理画面・ダッシュボードUI（ネオン・サイバー）","プロ（演出多め）"
"UI-01574","スマートホーム・IoTのiOSアプリUI（ポップ・カラフル）","上級"
"UI-01575","タスク・プロジェクト管理のタブレット / POSUI（ミニマル・洗練）","上級"
"UI-01576","マッチングのWebアプリ（SaaS）UI（信頼・誠実（コーポレート））","プロ（演出多め）"
"UI-01577","学習・語学アプリのスマートウォッチUI（グラスモーフィズム）","プロ（演出多め）"
"UI-01578","ショッピングのキオスク・サイネージUI（パステル・ドリーミー）","上級"
"UI-01579","旅行・地図のAndroidアプリUI（和モダン）","上級"
"UI-01580","AIアシスタント・チャットのiOSアプリUI（パステル・ドリーミー）","プロ（演出多め）"
"UI-01581","予約（サロン/ホテル/病院）のタブレット / POSUI（信頼・誠実（コーポレート））","上級"
"UI-01582","飲食店モバイルオーダーのiOSアプリUI（北欧・ライフスタイル）","プロ（演出多め）"
"UI-01583","タスク・プロジェクト管理のAndroidアプリUI（ハンドメイド・手書き）","上級"
"UI-01584","アクセス解析・BIのタブレット / POSUI（ミニマル・洗練）","プロ（演出多め）"
"UI-01585","ショッピングのWebアプリ（SaaS）UI（3D・クレイ）","上級"
"UI-01586","アクセス解析・BIのWebアプリ（SaaS）UI（ハンドメイド・手書き）","上級"
"UI-01587","学習・語学アプリの管理画面・ダッシュボードUI（パステル・ドリーミー）","プロ（演出多め）"
"UI-01588","タスク・プロジェクト管理のスマートウォッチUI（ニューブルータリズム）","プロ（演出多め）"
"UI-01589","予約（サロン/ホテル/病院）のAndroidアプリUI（ネオン・サイバー）","プロ（演出多め）"
"UI-01590","AIアシスタント・チャットのタブレット / POSUI（パステル・ドリーミー）","プロ（演出多め）"
"UI-01591","顧客管理（CRM）のWebアプリ（SaaS）UI（ラグジュアリー・高級感）","上級"
"UI-01592","SNS・コミュニティのiOSアプリUI（信頼・誠実（コーポレート））","プロ（演出多め）"
"UI-01593","SNS・コミュニティの管理画面・ダッシュボードUI（エディトリアル・雑誌風）","上級"
"UI-01594","ショッピングのタブレット / POSUI（ネオン・サイバー）","プロ（演出多め）"
"UI-01595","ショッピングのスマートウォッチUI（パステル・ドリーミー）","プロ（演出多め）"
"UI-01596","AIアシスタント・チャットのiOSアプリUI（ダーク・シネマティック）","上級"
"UI-01597","旅行・地図のスマートウォッチUI（グラスモーフィズム）","上級"
"UI-01598","フードデリバリーのAndroidアプリUI（和モダン）","プロ（演出多め）"
"UI-01599","飲食店モバイルオーダーの管理画面・ダッシュボードUI（北欧・ライフスタイル）","プロ（演出多め）"
"UI-01600","タスク・プロジェクト管理のスマートウォッチUI（エネルギッシュ・スポーティ）","プロ（演出多め）"
"UI-01601","旅行・地図のAndroidアプリUI（グラスモーフィズム）","プロ（演出多め）"
"UI-01602","ヘルスケア・フィットネス記録のiOSアプリUI（3D・クレイ）","上級"
"UI-01603","SNS・コミュニティの管理画面・ダッシュボードUI（ジオメトリック・グラフィカル）","上級"
"UI-01604","ショッピングのキオスク・サイネージUI（エディトリアル・雑誌風）","上級"
"UI-01605","音楽・ポッドキャストの管理画面・ダッシュボードUI（ジオメトリック・グラフィカル）","プロ（演出多め）"
"UI-01606","学習・語学アプリのAndroidアプリUI（パステル・ドリーミー）","プロ（演出多め）"
"UI-01607","SNS・コミュニティの管理画面・ダッシュボードUI（和モダン）","プロ（演出多め）"
"UI-01608","SNS・コミュニティのiOSアプリUI（和モダン）","上級"
"UI-01609","顧客管理（CRM）のWebアプリ（SaaS）UI（ポップ・カラフル）","プロ（演出多め）"
"UI-01610","AIアシスタント・チャットの管理画面・ダッシュボードUI（信頼・誠実（コーポレート））","プロ（演出多め）"
"UI-01611","ヘルスケア・フィットネス記録のキオスク・サイネージUI（3D・クレイ）","上級"
"UI-01612","マッチングのiOSアプリUI（3D・クレイ）","プロ（演出多め）"
"UI-01613","学習・語学アプリのスマートウォッチUI（かわいい・ガーリー）","プロ（演出多め）"
"UI-01614","飲食店モバイルオーダーのキオスク・サイネージUI（3D・クレイ）","上級"
"UI-01615","家計簿・資産管理のキオスク・サイネージUI（パステル・ドリーミー）","上級"
"UI-01616","家計簿・資産管理のスマートウォッチUI（信頼・誠実（コーポレート））","上級"
"UI-01617","学習・語学アプリのキオスク・サイネージUI（パステル・ドリーミー）","プロ（演出多め）"
"UI-01618","AIアシスタント・チャットのタブレット / POSUI（信頼・誠実（コーポレート））","上級"
"UI-01619","旅行・地図のタブレット / POSUI（ポップ・カラフル）","上級"
"UI-01620","予約（サロン/ホテル/病院）のタブレット / POSUI（北欧・ライフスタイル）","プロ（演出多め）"
"UI-01621","アクセス解析・BIのiOSアプリUI（ナチュラル・オーガニック）","プロ（演出多め）"
"UI-01622","マッチングのタブレット / POSUI（パステル・ドリーミー）","上級"
"UI-01623","マッチングのスマートウォッチUI（ポップ・カラフル）","プロ（演出多め）"
"UI-01624","マッチングのWebアプリ（SaaS）UI（パステル・ドリーミー）","上級"
"UI-01625","スマートホーム・IoTのAndroidアプリUI（ニューブルータリズム）","プロ（演出多め）"
"UI-01626","旅行・地図のキオスク・サイネージUI（和モダン）","上級"
"UI-01627","スマートホーム・IoTのキオスク・サイネージUI（パステル・ドリーミー）","上級"
"UI-01628","予約（サロン/ホテル/病院）のWebアプリ（SaaS）UI（信頼・誠実（コーポレート））","プロ（演出多め）"
"UI-01629","アクセス解析・BIのiOSアプリUI（ネオン・サイバー）","上級"
"UI-01630","ヘルスケア・フィットネス記録のAndroidアプリUI（ラグジュアリー・高級感）","プロ（演出多め）"
"UI-01631","予約（サロン/ホテル/病院）のAndroidアプリUI（ニューブルータリズム）","上級"
"UI-01632","予約（サロン/ホテル/病院）の管理画面・ダッシュボードUI（グラスモーフィズム）","プロ（演出多め）"
"UI-01633","飲食店モバイルオーダーのキオスク・サイネージUI（北欧・ライフスタイル）","プロ（演出多め）"
"UI-01634","タスク・プロジェクト管理のスマートウォッチUI（グラスモーフィズム）","プロ（演出多め）"
"UI-01635","ヘルスケア・フィットネス記録のキオスク・サイネージUI（パステル・ドリーミー）","上級"
"UI-01636","顧客管理（CRM）のWebアプリ（SaaS）UI（ジオメトリック・グラフィカル）","プロ（演出多め）"
"UI-01637","アクセス解析・BIのタブレット / POSUI（パステル・ドリーミー）","プロ（演出多め）"
"UI-01638","音楽・ポッドキャストのAndroidアプリUI（信頼・誠実（コーポレート））","プロ（演出多め）"
"UI-01639","学習・語学アプリのキオスク・サイネージUI（ネオン・サイバー）","プロ（演出多め）"
"UI-01640","ヘルスケア・フィットネス記録の管理画面・ダッシュボードUI（ポップ・カラフル）","プロ（演出多め）"
"UI-01641","タスク・プロジェクト管理のタブレット / POSUI（ミニマル・洗練）","プロ（演出多め）"
"UI-01642","SNS・コミュニティのタブレット / POSUI（ポップ・カラフル）","上級"
"UI-01643","ヘルスケア・フィットネス記録のタブレット / POSUI（グラスモーフィズム）","プロ（演出多め）"
"UI-01644","フードデリバリーのiOSアプリUI（クール・テック）","プロ（演出多め）"
"UI-01645","フードデリバリーのiOSアプリUI（ハンドメイド・手書き）","プロ（演出多め）"
"UI-01646","家計簿・資産管理のタブレット / POSUI（ニューブルータリズム）","プロ（演出多め）"
"UI-01647","予約（サロン/ホテル/病院）のキオスク・サイネージUI（グラスモーフィズム）","プロ（演出多め）"
"UI-01648","学習・語学アプリのタブレット / POSUI（ラグジュアリー・高級感）","上級"
"UI-01649","飲食店モバイルオーダーの管理画面・ダッシュボードUI（ラグジュアリー・高級感）","プロ（演出多め）"
"UI-01650","AIアシスタント・チャットのiOSアプリUI（3D・クレイ）","プロ（演出多め）"
"UI-01651","AIアシスタント・チャットのキオスク・サイネージUI（和モダン）","上級"
"UI-01652","学習・語学アプリのタブレット / POSUI（北欧・ライフスタイル）","プロ（演出多め）"
"UI-01653","AIアシスタント・チャットのキオスク・サイネージUI（グラスモーフィズム）","上級"
"UI-01654","SNS・コミュニティの管理画面・ダッシュボードUI（ネオン・サイバー）","上級"
"UI-01655","ヘルスケア・フィットネス記録のWebアプリ（SaaS）UI（クール・テック）","上級"
"UI-01656","SNS・コミュニティのタブレット / POSUI（パステル・ドリーミー）","プロ（演出多め）"
"UI-01657","ショッピングのAndroidアプリUI（エディトリアル・雑誌風）","上級"
"UI-01658","家計簿・資産管理のWebアプリ（SaaS）UI（ポップ・カラフル）","プロ（演出多め）"
"UI-01659","予約（サロン/ホテル/病院）のキオスク・サイネージUI（3D・クレイ）","プロ（演出多め）"
"UI-01660","音楽・ポッドキャストのキオスク・サイネージUI（クール・テック）","上級"
"UI-01661","タスク・プロジェクト管理の管理画面・ダッシュボードUI（グラスモーフィズム）","プロ（演出多め）"
"UI-01662","飲食店モバイルオーダーのスマートウォッチUI（ネオン・サイバー）","プロ（演出多め）"
"UI-01663","ヘルスケア・フィットネス記録のタブレット / POSUI（ポップ・カラフル）","プロ（演出多め）"
"UI-01664","SNS・コミュニティのキオスク・サイネージUI（ポップ・カラフル）","プロ（演出多め）"
"UI-01665","ショッピングのキオスク・サイネージUI（グラスモーフィズム）","プロ（演出多め）"
"UI-01666","フードデリバリーの管理画面・ダッシュボードUI（信頼・誠実（コーポレート））","プロ（演出多め）"
"UI-01667","顧客管理（CRM）のタブレット / POSUI（信頼・誠実（コーポレート））","プロ（演出多め）"
"UI-01668","タスク・プロジェクト管理のiOSアプリUI（北欧・ライフスタイル）","上級"
"UI-01669","ショッピングのAndroidアプリUI（パステル・ドリーミー）","プロ（演出多め）"
"UI-01670","予約（サロン/ホテル/病院）のタブレット / POSUI（ニューブルータリズム）","プロ（演出多め）"
"UI-01671","音楽・ポッドキャストの管理画面・ダッシュボードUI（3D・クレイ）","プロ（演出多め）"
"UI-01672","フードデリバリーのキオスク・サイネージUI（ミニマル・洗練）","プロ（演出多め）"
"UI-01673","予約（サロン/ホテル/病院）の管理画面・ダッシュボードUI（かわいい・ガーリー）","上級"
"UI-01674","タスク・プロジェクト管理の管理画面・ダッシュボードUI（ポップ・カラフル）","上級"
"UI-01675","家計簿・資産管理のiOSアプリUI（北欧・ライフスタイル）","上級"
"UI-01676","フードデリバリーのiOSアプリUI（エディトリアル・雑誌風）","上級"
"UI-01677","顧客管理（CRM）のキオスク・サイネージUI（ネオン・サイバー）","プロ（演出多め）"
"UI-01678","飲食店モバイルオーダーの管理画面・ダッシュボードUI（エディトリアル・雑誌風）","プロ（演出多め）"
"UI-01679","家計簿・資産管理のiOSアプリUI（ミニマル・洗練）","プロ（演出多め）"
"UI-01680","マッチングのスマートウォッチUI（ミニマル・洗練）","上級"
"UI-01681","タスク・プロジェクト管理のAndroidアプリUI（クール・テック）","プロ（演出多め）"
"UI-01682","アクセス解析・BIのキオスク・サイネージUI（北欧・ライフスタイル）","上級"
"UI-01683","ヘルスケア・フィットネス記録のキオスク・サイネージUI（ニューブルータリズム）","プロ（演出多め）"
"UI-01684","ショッピングのiOSアプリUI（ネオン・サイバー）","プロ（演出多め）"
"UI-01685","SNS・コミュニティのスマートウォッチUI（レトロ・Y2K）","上級"
"UI-01686","アクセス解析・BIのWebアプリ（SaaS）UI（ポップ・カラフル）","プロ（演出多め）"
"UI-01687","フードデリバリーのスマートウォッチUI（グラスモーフィズム）","上級"
"UI-01688","マッチングのキオスク・サイネージUI（ニューブルータリズム）","プロ（演出多め）"
"UI-01689","フードデリバリーのスマートウォッチUI（ミニマル・洗練）","プロ（演出多め）"
"UI-01690","旅行・地図のスマートウォッチUI（ポップ・カラフル）","プロ（演出多め）"
"UI-01691","AIアシスタント・チャットのタブレット / POSUI（かわいい・ガーリー）","プロ（演出多め）"
"UI-01692","家計簿・資産管理のAndroidアプリUI（グラスモーフィズム）","プロ（演出多め）"
"UI-01693","アクセス解析・BIのWebアプリ（SaaS）UI（クール・テック）","上級"
"UI-01694","ショッピングのAndroidアプリUI（北欧・ライフスタイル）","プロ（演出多め）"
"UI-01695","ショッピングのWebアプリ（SaaS）UI（クール・テック）","プロ（演出多め）"
"UI-01696","フードデリバリーのAndroidアプリUI（パステル・ドリーミー）","上級"
"UI-01697","予約（サロン/ホテル/病院）のiOSアプリUI（ミニマル・洗練）","プロ（演出多め）"
"UI-01698","ショッピングのAndroidアプリUI（グラスモーフィズム）","上級"
"UI-01699","学習・語学アプリのスマートウォッチUI（ニューブルータリズム）","プロ（演出多め）"
"UI-01700","学習・語学アプリのAndroidアプリUI（パステル・ドリーミー）","プロ（演出多め）"
"UI-01701","タスク・プロジェクト管理のタブレット / POSUI（ミニマル・洗練）","プロ（演出多め）"
"UI-01702","アクセス解析・BIのタブレット / POSUI（グラスモーフィズム）","上級"
"UI-01703","アクセス解析・BIのキオスク・サイネージUI（ミニマル・洗練）","上級"
"UI-01704","家計簿・資産管理のAndroidアプリUI（ハンドメイド・手書き）","プロ（演出多め）"
"UI-01705","AIアシスタント・チャットのスマートウォッチUI（パステル・ドリーミー）","上級"
"UI-01706","SNS・コミュニティのタブレット / POSUI（ポップ・カラフル）","プロ（演出多め）"
"UI-01707","ヘルスケア・フィットネス記録のAndroidアプリUI（信頼・誠実（コーポレート））","上級"
"UI-01708","SNS・コミュニティのAndroidアプリUI（クール・テック）","プロ（演出多め）"
"UI-01709","ヘルスケア・フィットネス記録のWebアプリ（SaaS）UI（3D・クレイ）","上級"
"UI-01710","SNS・コミュニティのiOSアプリUI（エネルギッシュ・スポーティ）","プロ（演出多め）"
"UI-01711","タスク・プロジェクト管理のキオスク・サイネージUI（ポップ・カラフル）","プロ（演出多め）"
"UI-01712","マッチングのWebアプリ（SaaS）UI（ミニマル・洗練）","プロ（演出多め）"
"UI-01713","音楽・ポッドキャストのWebアプリ（SaaS）UI（クール・テック）","プロ（演出多め）"
"UI-01714","音楽・ポッドキャストのタブレット / POSUI（ラグジュアリー・高級感）","プロ（演出多め）"
"UI-01715","家計簿・資産管理のWebアプリ（SaaS）UI（ポップ・カラフル）","プロ（演出多め）"
"UI-01716","予約（サロン/ホテル/病院）のキオスク・サイネージUI（北欧・ライフスタイル）","プロ（演出多め）"
"UI-01717","マッチングのiOSアプリUI（クール・テック）","上級"
"UI-01718","ショッピングの管理画面・ダッシュボードUI（グラスモーフィズム）","プロ（演出多め）"
"UI-01719","旅行・地図のキオスク・サイネージUI（かわいい・ガーリー）","上級"
"UI-01720","SNS・コミュニティのWebアプリ（SaaS）UI（グラスモーフィズム）","プロ（演出多め）"
"UI-01721","スマートホーム・IoTのAndroidアプリUI（かわいい・ガーリー）","上級"
"UI-01722","予約（サロン/ホテル/病院）のAndroidアプリUI（クール・テック）","プロ（演出多め）"
"UI-01723","飲食店モバイルオーダーのiOSアプリUI（クール・テック）","プロ（演出多め）"
"UI-01724","スマートホーム・IoTの管理画面・ダッシュボードUI（信頼・誠実（コーポレート））","プロ（演出多め）"
"UI-01725","飲食店モバイルオーダーのiOSアプリUI（ミニマル・洗練）","プロ（演出多め）"
"UI-01726","タスク・プロジェクト管理のタブレット / POSUI（ポップ・カラフル）","プロ（演出多め）"
"UI-01727","マッチングのWebアプリ（SaaS）UI（ハンドメイド・手書き）","プロ（演出多め）"
"UI-01728","予約（サロン/ホテル/病院）のタブレット / POSUI（ミニマル・洗練）","上級"
"UI-01729","学習・語学アプリのタブレット / POSUI（ミニマル・洗練）","プロ（演出多め）"
"UI-01730","ショッピングのスマートウォッチUI（ポップ・カラフル）","プロ（演出多め）"
"UI-01731","ヘルスケア・フィットネス記録の管理画面・ダッシュボードUI（和モダン）","プロ（演出多め）"
"UI-01732","旅行・地図のキオスク・サイネージUI（ニューブルータリズム）","上級"
"UI-01733","飲食店モバイルオーダーのWebアプリ（SaaS）UI（ミニマル・洗練）","プロ（演出多め）"
"UI-01734","音楽・ポッドキャストのタブレット / POSUI（3D・クレイ）","プロ（演出多め）"
"UI-01735","顧客管理（CRM）のWebアプリ（SaaS）UI（3D・クレイ）","上級"
"UI-01736","SNS・コミュニティの管理画面・ダッシュボードUI（3D・クレイ）","プロ（演出多め）"
"UI-01737","家計簿・資産管理のキオスク・サイネージUI（クール・テック）","プロ（演出多め）"
"UI-01738","予約（サロン/ホテル/病院）のWebアプリ（SaaS）UI（ネオン・サイバー）","プロ（演出多め）"
"UI-01739","フードデリバリーのタブレット / POSUI（グラスモーフィズム）","プロ（演出多め）"
"UI-01740","AIアシスタント・チャットのiOSアプリUI（パステル・ドリーミー）","上級"
"UI-01741","フードデリバリーのiOSアプリUI（和モダン）","上級"
"UI-01742","SNS・コミュニティのWebアプリ（SaaS）UI（パステル・ドリーミー）","プロ（演出多め）"
"UI-01743","AIアシスタント・チャットのWebアプリ（SaaS）UI（ミニマル・洗練）","プロ（演出多め）"
"UI-01744","SNS・コミュニティのスマートウォッチUI（3D・クレイ）","上級"
"UI-01745","マッチングのスマートウォッチUI（パステル・ドリーミー）","プロ（演出多め）"
"UI-01746","スマートホーム・IoTのiOSアプリUI（ポップ・カラフル）","上級"
"UI-01747","音楽・ポッドキャストの管理画面・ダッシュボードUI（パステル・ドリーミー）","プロ（演出多め）"
"UI-01748","AIアシスタント・チャットのWebアプリ（SaaS）UI（信頼・誠実（コーポレート））","プロ（演出多め）"
"UI-01749","SNS・コミュニティのスマートウォッチUI（クール・テック）","上級"
"UI-01750","予約（サロン/ホテル/病院）のAndroidアプリUI（ジオメトリック・グラフィカル）","上級"
"UI-01751","SNS・コミュニティのiOSアプリUI（グラスモーフィズム）","上級"
"UI-01752","学習・語学アプリのiOSアプリUI（信頼・誠実（コーポレート））","プロ（演出多め）"
"UI-01753","飲食店モバイルオーダーのAndroidアプリUI（ポップ・カラフル）","上級"
"UI-01754","SNS・コミュニティのWebアプリ（SaaS）UI（ジオメトリック・グラフィカル）","プロ（演出多め）"
"UI-01755","学習・語学アプリのAndroidアプリUI（パステル・ドリーミー）","プロ（演出多め）"
"UI-01756","学習・語学アプリのiOSアプリUI（ポップ・カラフル）","プロ（演出多め）"
"UI-01757","顧客管理（CRM）のAndroidアプリUI（グラスモーフィズム）","プロ（演出多め）"
"UI-01758","旅行・地図のスマートウォッチUI（ネオン・サイバー）","上級"
"UI-01759","家計簿・資産管理のスマートウォッチUI（信頼・誠実（コーポレート））","プロ（演出多め）"
"UI-01760","AIアシスタント・チャットのタブレット / POSUI（グラスモーフィズム）","上級"
"UI-01761","スマートホーム・IoTのタブレット / POSUI（ニューブルータリズム）","上級"
"UI-01762","音楽・ポッドキャストのiOSアプリUI（ミニマル・洗練）","プロ（演出多め）"
"UI-01763","顧客管理（CRM）のキオスク・サイネージUI（ラグジュアリー・高級感）","プロ（演出多め）"
"UI-01764","SNS・コミュニティのスマートウォッチUI（北欧・ライフスタイル）","上級"
"UI-01765","タスク・プロジェクト管理のWebアプリ（SaaS）UI（ジオメトリック・グラフィカル）","プロ（演出多め）"
"UI-01766","ショッピングのiOSアプリUI（信頼・誠実（コーポレート））","プロ（演出多め）"
"UI-01767","SNS・コミュニティのiOSアプリUI（北欧・ライフスタイル）","プロ（演出多め）"
"UI-01768","スマートホーム・IoTのキオスク・サイネージUI（クール・テック）","プロ（演出多め）"
"UI-01769","スマートホーム・IoTのキオスク・サイネージUI（3D・クレイ）","プロ（演出多め）"
"UI-01770","学習・語学アプリのAndroidアプリUI（3D・クレイ）","プロ（演出多め）"
"UI-01771","スマートホーム・IoTのタブレット / POSUI（ネオン・サイバー）","プロ（演出多め）"
"UI-01772","顧客管理（CRM）のAndroidアプリUI（ニューブルータリズム）","プロ（演出多め）"
"UI-01773","家計簿・資産管理のタブレット / POSUI（ポップ・カラフル）","プロ（演出多め）"
"UI-01774","音楽・ポッドキャストのタブレット / POSUI（ハンドメイド・手書き）","プロ（演出多め）"
"UI-01775","ショッピングのAndroidアプリUI（北欧・ライフスタイル）","上級"
"UI-01776","予約（サロン/ホテル/病院）のAndroidアプリUI（クール・テック）","プロ（演出多め）"
"UI-01777","SNS・コミュニティのタブレット / POSUI（ミニマル・洗練）","プロ（演出多め）"
"UI-01778","学習・語学アプリのスマートウォッチUI（レトロ・Y2K）","プロ（演出多め）"
"UI-01779","旅行・地図のiOSアプリUI（ポップ・カラフル）","上級"
"UI-01780","SNS・コミュニティのキオスク・サイネージUI（クール・テック）","プロ（演出多め）"
"UI-01781","アクセス解析・BIのスマートウォッチUI（3D・クレイ）","上級"
"UI-01782","予約（サロン/ホテル/病院）のスマートウォッチUI（ジオメトリック・グラフィカル）","プロ（演出多め）"
"UI-01783","ショッピングのタブレット / POSUI（グラスモーフィズム）","プロ（演出多め）"
"UI-01784","旅行・地図の管理画面・ダッシュボードUI（クール・テック）","プロ（演出多め）"
"UI-01785","アクセス解析・BIのiOSアプリUI（エディトリアル・雑誌風）","プロ（演出多め）"
"UI-01786","学習・語学アプリのタブレット / POSUI（3D・クレイ）","上級"
"UI-01787","スマートホーム・IoTのキオスク・サイネージUI（ニューブルータリズム）","プロ（演出多め）"
"UI-01788","SNS・コミュニティの管理画面・ダッシュボードUI（ポップ・カラフル）","上級"
"UI-01789","AIアシスタント・チャットのWebアプリ（SaaS）UI（ネオン・サイバー）","プロ（演出多め）"
"UI-01790","家計簿・資産管理のスマートウォッチUI（ダーク・シネマティック）","プロ（演出多め）"
"UI-01791","音楽・ポッドキャストのタブレット / POSUI（ポップ・カラフル）","プロ（演出多め）"
"UI-01792","顧客管理（CRM）のキオスク・サイネージUI（ナチュラル・オーガニック）","上級"
"UI-01793","SNS・コミュニティのiOSアプリUI（パステル・ドリーミー）","上級"
"UI-01794","フードデリバリーの管理画面・ダッシュボードUI（ジオメトリック・グラフィカル）","プロ（演出多め）"
"UI-01795","ヘルスケア・フィットネス記録のスマートウォッチUI（3D・クレイ）","プロ（演出多め）"
"UI-01796","音楽・ポッドキャストのタブレット / POSUI（ポップ・カラフル）","上級"
"UI-01797","スマートホーム・IoTのキオスク・サイネージUI（パステル・ドリーミー）","上級"
"UI-01798","タスク・プロジェクト管理のAndroidアプリUI（3D・クレイ）","上級"
"UI-01799","予約（サロン/ホテル/病院）のキオスク・サイネージUI（3D・クレイ）","プロ（演出多め）"
"UI-01800","アクセス解析・BIのWebアプリ（SaaS）UI（信頼・誠実（コーポレート））","プロ（演出多め）"
"UI-01801","学習・語学アプリのタブレット / POSUI（ポップ・カラフル）","プロ（演出多め）"
"UI-01802","予約（サロン/ホテル/病院）のiOSアプリUI（3D・クレイ）","上級"
"UI-01803","スマートホーム・IoTの管理画面・ダッシュボードUI（クール・テック）","プロ（演出多め）"
"UI-01804","AIアシスタント・チャットのiOSアプリUI（ミニマル・洗練）","上級"
"UI-01805","マッチングのキオスク・サイネージUI（ハンドメイド・手書き）","プロ（演出多め）"
"UI-01806","顧客管理（CRM）のスマートウォッチUI（ニューブルータリズム）","上級"
"UI-01807","フードデリバリーのAndroidアプリUI（3D・クレイ）","プロ（演出多め）"
"UI-01808","家計簿・資産管理のAndroidアプリUI（グラスモーフィズム）","プロ（演出多め）"
"UI-01809","ヘルスケア・フィットネス記録のスマートウォッチUI（パステル・ドリーミー）","上級"
"UI-01810","学習・語学アプリのWebアプリ（SaaS）UI（信頼・誠実（コーポレート））","プロ（演出多め）"
"UI-01811","フードデリバリーのiOSアプリUI（ミニマル・洗練）","プロ（演出多め）"
"UI-01812","ヘルスケア・フィットネス記録のWebアプリ（SaaS）UI（パステル・ドリーミー）","プロ（演出多め）"
"UI-01813","アクセス解析・BIの管理画面・ダッシュボードUI（グラスモーフィズム）","プロ（演出多め）"
"UI-01814","スマートホーム・IoTの管理画面・ダッシュボードUI（北欧・ライフスタイル）","上級"
"UI-01815","音楽・ポッドキャストのAndroidアプリUI（ニューブルータリズム）","プロ（演出多め）"
"UI-01816","ヘルスケア・フィットネス記録のAndroidアプリUI（エディトリアル・雑誌風）","プロ（演出多め）"
"UI-01817","タスク・プロジェクト管理のスマートウォッチUI（ラグジュアリー・高級感）","上級"
"UI-01818","スマートホーム・IoTのWebアプリ（SaaS）UI（ポップ・カラフル）","プロ（演出多め）"
"UI-01819","アクセス解析・BIのWebアプリ（SaaS）UI（ポップ・カラフル）","上級"
"UI-01820","アクセス解析・BIのWebアプリ（SaaS）UI（北欧・ライフスタイル）","プロ（演出多め）"
"UI-01821","SNS・コミュニティのタブレット / POSUI（北欧・ライフスタイル）","上級"
"UI-01822","家計簿・資産管理のキオスク・サイネージUI（グラスモーフィズム）","プロ（演出多め）"
"UI-01823","家計簿・資産管理のAndroidアプリUI（ハンドメイド・手書き）","プロ（演出多め）"
"UI-01824","学習・語学アプリの管理画面・ダッシュボードUI（パステル・ドリーミー）","上級"
"UI-01825","タスク・プロジェクト管理のスマートウォッチUI（クール・テック）","プロ（演出多め）"
"UI-01826","スマートホーム・IoTのAndroidアプリUI（グラスモーフィズム）","プロ（演出多め）"
"UI-01827","顧客管理（CRM）のスマートウォッチUI（3D・クレイ）","プロ（演出多め）"
"UI-01828","マッチングの管理画面・ダッシュボードUI（グラスモーフィズム）","プロ（演出多め）"
"UI-01829","ショッピングのWebアプリ（SaaS）UI（エネルギッシュ・スポーティ）","プロ（演出多め）"
"UI-01830","家計簿・資産管理のWebアプリ（SaaS）UI（ミニマル・洗練）","プロ（演出多め）"
"UI-01831","音楽・ポッドキャストのタブレット / POSUI（3D・クレイ）","プロ（演出多め）"
"UI-01832","ショッピングのWebアプリ（SaaS）UI（和モダン）","上級"
"UI-01833","ヘルスケア・フィットネス記録のAndroidアプリUI（ニューブルータリズム）","上級"
"UI-01834","家計簿・資産管理のタブレット / POSUI（ポップ・カラフル）","プロ（演出多め）"
"UI-01835","タスク・プロジェクト管理の管理画面・ダッシュボードUI（ニューブルータリズム）","上級"
"UI-01836","音楽・ポッドキャストの管理画面・ダッシュボードUI（信頼・誠実（コーポレート））","プロ（演出多め）"
"UI-01837","家計簿・資産管理のキオスク・サイネージUI（信頼・誠実（コーポレート））","プロ（演出多め）"
"UI-01838","顧客管理（CRM）のAndroidアプリUI（ネオン・サイバー）","プロ（演出多め）"
"UI-01839","ショッピングの管理画面・ダッシュボードUI（北欧・ライフスタイル）","上級"
"UI-01840","マッチングのiOSアプリUI（ハンドメイド・手書き）","上級"
"UI-01841","スマートホーム・IoTのiOSアプリUI（レトロ・Y2K）","プロ（演出多め）"
"UI-01842","音楽・ポッドキャストのAndroidアプリUI（ポップ・カラフル）","上級"
"UI-01843","AIアシスタント・チャットのWebアプリ（SaaS）UI（ナチュラル・オーガニック）","上級"
"UI-01844","フードデリバリーのAndroidアプリUI（グラスモーフィズム）","上級"
"UI-01845","家計簿・資産管理のiOSアプリUI（ミニマル・洗練）","プロ（演出多め）"
"UI-01846","フードデリバリーのタブレット / POSUI（3D・クレイ）","上級"
"UI-01847","学習・語学アプリのタブレット / POSUI（ミニマル・洗練）","プロ（演出多め）"
"UI-01848","ヘルスケア・フィットネス記録のタブレット / POSUI（信頼・誠実（コーポレート））","プロ（演出多め）"
"UI-01849","タスク・プロジェクト管理のWebアプリ（SaaS）UI（ポップ・カラフル）","上級"
"UI-01850","飲食店モバイルオーダーのタブレット / POSUI（ミニマル・洗練）","上級"
"UI-01851","AIアシスタント・チャットのWebアプリ（SaaS）UI（ミニマル・洗練）","プロ（演出多め）"
"UI-01852","AIアシスタント・チャットのキオスク・サイネージUI（ジオメトリック・グラフィカル）","プロ（演出多め）"
"UI-01853","マッチングのiOSアプリUI（ニューブルータリズム）","上級"
"UI-01854","ショッピングのWebアプリ（SaaS）UI（信頼・誠実（コーポレート））","プロ（演出多め）"
"UI-01855","学習・語学アプリのWebアプリ（SaaS）UI（信頼・誠実（コーポレート））","プロ（演出多め）"
"UI-01856","ヘルスケア・フィットネス記録のWebアプリ（SaaS）UI（和モダン）","プロ（演出多め）"
"UI-01857","AIアシスタント・チャットのAndroidアプリUI（ニューブルータリズム）","プロ（演出多め）"
"UI-01858","ヘルスケア・フィットネス記録のAndroidアプリUI（エディトリアル・雑誌風）","プロ（演出多め）"
"UI-01859","フードデリバリーの管理画面・ダッシュボードUI（ポップ・カラフル）","プロ（演出多め）"
"UI-01860","予約（サロン/ホテル/病院）のAndroidアプリUI（3D・クレイ）","上級"
"UI-01861","予約（サロン/ホテル/病院）のAndroidアプリUI（グラスモーフィズム）","プロ（演出多め）"
"UI-01862","学習・語学アプリのタブレット / POSUI（ネオン・サイバー）","上級"
"UI-01863","音楽・ポッドキャストのキオスク・サイネージUI（ハンドメイド・手書き）","上級"
"UI-01864","飲食店モバイルオーダーのタブレット / POSUI（ポップ・カラフル）","プロ（演出多め）"
"UI-01865","SNS・コミュニティのタブレット / POSUI（グラスモーフィズム）","プロ（演出多め）"
"UI-01866","スマートホーム・IoTのiOSアプリUI（ニューブルータリズム）","上級"
"UI-01867","ショッピングのスマートウォッチUI（ミニマル・洗練）","プロ（演出多め）"
"UI-01868","顧客管理（CRM）のiOSアプリUI（ネオン・サイバー）","プロ（演出多め）"
"UI-01869","家計簿・資産管理のタブレット / POSUI（ナチュラル・オーガニック）","プロ（演出多め）"
"UI-01870","飲食店モバイルオーダーのAndroidアプリUI（ニューブルータリズム）","プロ（演出多め）"
"UI-01871","顧客管理（CRM）の管理画面・ダッシュボードUI（3D・クレイ）","プロ（演出多め）"
"UI-01872","マッチングの管理画面・ダッシュボードUI（グラスモーフィズム）","プロ（演出多め）"
"UI-01873","旅行・地図のキオスク・サイネージUI（信頼・誠実（コーポレート））","プロ（演出多め）"
"UI-01874","ショッピングの管理画面・ダッシュボードUI（信頼・誠実（コーポレート））","プロ（演出多め）"
"UI-01875","アクセス解析・BIのiOSアプリUI（信頼・誠実（コーポレート））","上級"
"UI-01876","スマートホーム・IoTのスマートウォッチUI（ミニマル・洗練）","プロ（演出多め）"
"UI-01877","ショッピングのAndroidアプリUI（クール・テック）","プロ（演出多め）"
"UI-01878","マッチングのスマートウォッチUI（クール・テック）","上級"
"UI-01879","飲食店モバイルオーダーのiOSアプリUI（3D・クレイ）","上級"
"UI-01880","飲食店モバイルオーダーのAndroidアプリUI（パステル・ドリーミー）","プロ（演出多め）"
"UI-01881","予約（サロン/ホテル/病院）のiOSアプリUI（ニューブルータリズム）","プロ（演出多め）"
"UI-01882","フードデリバリーのタブレット / POSUI（かわいい・ガーリー）","上級"
"UI-01883","飲食店モバイルオーダーのWebアプリ（SaaS）UI（かわいい・ガーリー）","プロ（演出多め）"
"UI-01884","家計簿・資産管理のWebアプリ（SaaS）UI（ハンドメイド・手書き）","上級"
"UI-01885","スマートホーム・IoTのタブレット / POSUI（かわいい・ガーリー）","上級"
"UI-01886","アクセス解析・BIの管理画面・ダッシュボードUI（エディトリアル・雑誌風）","プロ（演出多め）"
"UI-01887","マッチングのAndroidアプリUI（ミニマル・洗練）","プロ（演出多め）"
"UI-01888","マッチングの管理画面・ダッシュボードUI（クール・テック）","上級"
"UI-01889","マッチングのiOSアプリUI（エディトリアル・雑誌風）","プロ（演出多め）"
"UI-01890","タスク・プロジェクト管理の管理画面・ダッシュボードUI（ダーク・シネマティック）","プロ（演出多め）"
"UI-01891","フードデリバリーのAndroidアプリUI（エネルギッシュ・スポーティ）","プロ（演出多め）"
"UI-01892","旅行・地図のAndroidアプリUI（グラスモーフィズム）","上級"
"UI-01893","AIアシスタント・チャットのスマートウォッチUI（かわいい・ガーリー）","上級"
"UI-01894","予約（サロン/ホテル/病院）のAndroidアプリUI（パステル・ドリーミー）","上級"
"UI-01895","タスク・プロジェクト管理のiOSアプリUI（レトロ・Y2K）","上級"
"UI-01896","予約（サロン/ホテル/病院）のAndroidアプリUI（ポップ・カラフル）","プロ（演出多め）"
"UI-01897","ヘルスケア・フィットネス記録の管理画面・ダッシュボードUI（レトロ・Y2K）","プロ（演出多め）"
"UI-01898","顧客管理（CRM）のiOSアプリUI（北欧・ライフスタイル）","プロ（演出多め）"
"UI-01899","AIアシスタント・チャットのAndroidアプリUI（北欧・ライフスタイル）","上級"
"UI-01900","スマートホーム・IoTの管理画面・ダッシュボードUI（クール・テック）","プロ（演出多め）"
"UI-01901","ショッピングのスマートウォッチUI（3D・クレイ）","プロ（演出多め）"
"UI-01902","アクセス解析・BIのWebアプリ（SaaS）UI（グラスモーフィズム）","プロ（演出多め）"
"UI-01903","家計簿・資産管理のWebアプリ（SaaS）UI（3D・クレイ）","プロ（演出多め）"
"UI-01904","ショッピングのiOSアプリUI（パステル・ドリーミー）","プロ（演出多め）"
"UI-01905","マッチングのAndroidアプリUI（ポップ・カラフル）","プロ（演出多め）"
"UI-01906","顧客管理（CRM）のWebアプリ（SaaS）UI（3D・クレイ）","上級"
"UI-01907","スマートホーム・IoTのキオスク・サイネージUI（3D・クレイ）","プロ（演出多め）"
"UI-01908","ヘルスケア・フィットネス記録のWebアプリ（SaaS）UI（ネオン・サイバー）","プロ（演出多め）"
"UI-01909","SNS・コミュニティのキオスク・サイネージUI（グラスモーフィズム）","上級"
"UI-01910","フードデリバリーのAndroidアプリUI（ニューブルータリズム）","上級"
"UI-01911","音楽・ポッドキャストの管理画面・ダッシュボードUI（信頼・誠実（コーポレート））","上級"
"UI-01912","マッチングの管理画面・ダッシュボードUI（クール・テック）","プロ（演出多め）"
"UI-01913","マッチングのキオスク・サイネージUI（3D・クレイ）","上級"
"UI-01914","フードデリバリーの管理画面・ダッシュボードUI（ポップ・カラフル）","プロ（演出多め）"
"UI-01915","音楽・ポッドキャストのiOSアプリUI（かわいい・ガーリー）","プロ（演出多め）"
"UI-01916","マッチングのキオスク・サイネージUI（ネオン・サイバー）","プロ（演出多め）"
"UI-01917","旅行・地図のiOSアプリUI（信頼・誠実（コーポレート））","上級"
"UI-01918","ショッピングのキオスク・サイネージUI（グラスモーフィズム）","上級"
"UI-01919","AIアシスタント・チャットのAndroidアプリUI（ミニマル・洗練）","プロ（演出多め）"
"UI-01920","飲食店モバイルオーダーのAndroidアプリUI（クール・テック）","プロ（演出多め）"
"UI-01921","スマートホーム・IoTの管理画面・ダッシュボードUI（ニューブルータリズム）","プロ（演出多め）"
"UI-01922","AIアシスタント・チャットのスマートウォッチUI（信頼・誠実（コーポレート））","上級"
"UI-01923","音楽・ポッドキャストのAndroidアプリUI（ラグジュアリー・高級感）","プロ（演出多め）"
"UI-01924","音楽・ポッドキャストの管理画面・ダッシュボードUI（ニューブルータリズム）","プロ（演出多め）"
"UI-01925","フードデリバリーのタブレット / POSUI（ポップ・カラフル）","プロ（演出多め）"
"UI-01926","旅行・地図のWebアプリ（SaaS）UI（3D・クレイ）","プロ（演出多め）"
"UI-01927","旅行・地図のiOSアプリUI（信頼・誠実（コーポレート））","プロ（演出多め）"
"UI-01928","学習・語学アプリのAndroidアプリUI（ラグジュアリー・高級感）","プロ（演出多め）"
"UI-01929","AIアシスタント・チャットのスマートウォッチUI（クール・テック）","プロ（演出多め）"
"UI-01930","家計簿・資産管理のWebアプリ（SaaS）UI（グラスモーフィズム）","上級"
"UI-01931","旅行・地図のキオスク・サイネージUI（ポップ・カラフル）","プロ（演出多め）"
"UI-01932","予約（サロン/ホテル/病院）の管理画面・ダッシュボードUI（ハンドメイド・手書き）","プロ（演出多め）"
"UI-01933","旅行・地図の管理画面・ダッシュボードUI（ニューブルータリズム）","上級"
"UI-01934","マッチングのiOSアプリUI（ニューブルータリズム）","プロ（演出多め）"
"UI-01935","フードデリバリーの管理画面・ダッシュボードUI（3D・クレイ）","上級"
"UI-01936","ショッピングのiOSアプリUI（エネルギッシュ・スポーティ）","上級"
"UI-01937","家計簿・資産管理の管理画面・ダッシュボードUI（クール・テック）","プロ（演出多め）"
"UI-01938","旅行・地図のAndroidアプリUI（かわいい・ガーリー）","プロ（演出多め）"
"UI-01939","学習・語学アプリのタブレット / POSUI（ダーク・シネマティック）","プロ（演出多め）"
"UI-01940","ショッピングのWebアプリ（SaaS）UI（ニューブルータリズム）","上級"
"UI-01941","学習・語学アプリのAndroidアプリUI（3D・クレイ）","プロ（演出多め）"
"UI-01942","ショッピングのiOSアプリUI（エネルギッシュ・スポーティ）","プロ（演出多め）"
"UI-01943","マッチングのキオスク・サイネージUI（クール・テック）","プロ（演出多め）"
"UI-01944","スマートホーム・IoTのキオスク・サイネージUI（ネオン・サイバー）","プロ（演出多め）"
"UI-01945","マッチングのWebアプリ（SaaS）UI（ミニマル・洗練）","プロ（演出多め）"
"UI-01946","家計簿・資産管理のAndroidアプリUI（ニューブルータリズム）","プロ（演出多め）"
"UI-01947","アクセス解析・BIのiOSアプリUI（信頼・誠実（コーポレート））","プロ（演出多め）"
"UI-01948","ヘルスケア・フィットネス記録のAndroidアプリUI（クール・テック）","プロ（演出多め）"
"UI-01949","学習・語学アプリのキオスク・サイネージUI（ミニマル・洗練）","プロ（演出多め）"
"UI-01950","ショッピングのスマートウォッチUI（ミニマル・洗練）","プロ（演出多め）"
"UI-01951","音楽・ポッドキャストのAndroidアプリUI（ミニマル・洗練）","プロ（演出多め）"
"UI-01952","スマートホーム・IoTの管理画面・ダッシュボードUI（ニューブルータリズム）","上級"
"UI-01953","音楽・ポッドキャストのiOSアプリUI（クール・テック）","プロ（演出多め）"
"UI-01954","ショッピングの管理画面・ダッシュボードUI（信頼・誠実（コーポレート））","プロ（演出多め）"
"UI-01955","アクセス解析・BIのAndroidアプリUI（クール・テック）","プロ（演出多め）"
"UI-01956","音楽・ポッドキャストのAndroidアプリUI（クール・テック）","プロ（演出多め）"
"UI-01957","音楽・ポッドキャストのキオスク・サイネージUI（かわいい・ガーリー）","プロ（演出多め）"
"UI-01958","顧客管理（CRM）の管理画面・ダッシュボードUI（ポップ・カラフル）","上級"
"UI-01959","アクセス解析・BIのAndroidアプリUI（ラグジュアリー・高級感）","プロ（演出多め）"
"UI-01960","マッチングのタブレット / POSUI（グラスモーフィズム）","プロ（演出多め）"
"UI-01961","顧客管理（CRM）の管理画面・ダッシュボードUI（ネオン・サイバー）","プロ（演出多め）"
"UI-01962","アクセス解析・BIの管理画面・ダッシュボードUI（グラスモーフィズム）","上級"
"UI-01963","飲食店モバイルオーダーのiOSアプリUI（ネオン・サイバー）","上級"
"UI-01964","アクセス解析・BIの管理画面・ダッシュボードUI（ナチュラル・オーガニック）","上級"
"UI-01965","タスク・プロジェクト管理のスマートウォッチUI（ネオン・サイバー）","プロ（演出多め）"
"UI-01966","飲食店モバイルオーダーのタブレット / POSUI（信頼・誠実（コーポレート））","プロ（演出多め）"
"UI-01967","SNS・コミュニティのタブレット / POSUI（レトロ・Y2K）","プロ（演出多め）"
"UI-01968","フードデリバリーのiOSアプリUI（北欧・ライフスタイル）","プロ（演出多め）"
"UI-01969","AIアシスタント・チャットのAndroidアプリUI（グラスモーフィズム）","プロ（演出多め）"
"UI-01970","家計簿・資産管理のキオスク・サイネージUI（ポップ・カラフル）","上級"
"UI-01971","家計簿・資産管理の管理画面・ダッシュボードUI（信頼・誠実（コーポレート））","上級"
"UI-01972","音楽・ポッドキャストのAndroidアプリUI（パステル・ドリーミー）","プロ（演出多め）"
"UI-01973","音楽・ポッドキャストのキオスク・サイネージUI（エディトリアル・雑誌風）","プロ（演出多め）"
"UI-01974","アクセス解析・BIのタブレット / POSUI（ネオン・サイバー）","プロ（演出多め）"
"UI-01975","フードデリバリーの管理画面・ダッシュボードUI（3D・クレイ）","プロ（演出多め）"
"UI-01976","スマートホーム・IoTのタブレット / POSUI（ポップ・カラフル）","プロ（演出多め）"
"UI-01977","旅行・地図のキオスク・サイネージUI（和モダン）","上級"
"UI-01978","ショッピングのiOSアプリUI（ニューブルータリズム）","プロ（演出多め）"
"UI-01979","スマートホーム・IoTの管理画面・ダッシュボードUI（ネオン・サイバー）","プロ（演出多め）"
"UI-01980","飲食店モバイルオーダーのスマートウォッチUI（クール・テック）","プロ（演出多め）"
"UI-01981","ヘルスケア・フィットネス記録の管理画面・ダッシュボードUI（かわいい・ガーリー）","プロ（演出多め）"
"UI-01982","AIアシスタント・チャットの管理画面・ダッシュボードUI（信頼・誠実（コーポレート））","プロ（演出多め）"
"UI-01983","タスク・プロジェクト管理の管理画面・ダッシュボードUI（ネオン・サイバー）","プロ（演出多め）"
"UI-01984","飲食店モバイルオーダーのiOSアプリUI（3D・クレイ）","プロ（演出多め）"
"UI-01985","フードデリバリーのスマートウォッチUI（ダーク・シネマティック）","プロ（演出多め）"
"UI-01986","家計簿・資産管理のタブレット / POSUI（レトロ・Y2K）","上級"
"UI-01987","顧客管理（CRM）のスマートウォッチUI（ポップ・カラフル）","プロ（演出多め）"
"UI-01988","旅行・地図のスマートウォッチUI（パステル・ドリーミー）","プロ（演出多め）"
"UI-01989","スマートホーム・IoTのスマートウォッチUI（ラグジュアリー・高級感）","プロ（演出多め）"
"UI-01990","マッチングの管理画面・ダッシュボードUI（ポップ・カラフル）","プロ（演出多め）"
"UI-01991","学習・語学アプリのAndroidアプリUI（ポップ・カラフル）","プロ（演出多め）"
"UI-01992","ショッピングのキオスク・サイネージUI（パステル・ドリーミー）","プロ（演出多め）"
"UI-01993","マッチングのAndroidアプリUI（ネオン・サイバー）","プロ（演出多め）"
"UI-01994","フードデリバリーのAndroidアプリUI（ハンドメイド・手書き）","上級"
"UI-01995","予約（サロン/ホテル/病院）のiOSアプリUI（クール・テック）","プロ（演出多め）"
"UI-01996","ヘルスケア・フィットネス記録のAndroidアプリUI（グラスモーフィズム）","プロ（演出多め）"
"UI-01997","スマートホーム・IoTのキオスク・サイネージUI（レトロ・Y2K）","上級"
"UI-01998","飲食店モバイルオーダーの管理画面・ダッシュボードUI（クール・テック）","プロ（演出多め）"
"UI-01999","ショッピングのAndroidアプリUI（クール・テック）","プロ（演出多め）"
"UI-02000","タスク・プロジェクト管理のタブレット / POSUI（パステル・ドリーミー）","プロ（演出多め）"
"UI-02001","アクセス解析・BIのタブレット / POSUI（パステル・ドリーミー）","上級"
"UI-02002","旅行・地図の管理画面・ダッシュボードUI（クール・テック）","上級"
"UI-02003","SNS・コミュニティのスマートウォッチUI（ニューブルータリズム）","上級"
"UI-02004","マッチングのAndroidアプリUI（ラグジュアリー・高級感）","プロ（演出多め）"
"UI-02005","AIアシスタント・チャットのキオスク・サイネージUI（グラスモーフィズム）","プロ（演出多め）"
"UI-02006","音楽・ポッドキャストのキオスク・サイネージUI（ミニマル・洗練）","上級"
"UI-02007","アクセス解析・BIのタブレット / POSUI（ネオン・サイバー）","上級"
"UI-02008","ショッピングのタブレット / POSUI（ミニマル・洗練）","プロ（演出多め）"
"UI-02009","ヘルスケア・フィットネス記録のタブレット / POSUI（パステル・ドリーミー）","プロ（演出多め）"
"UI-02010","旅行・地図のスマートウォッチUI（ネオン・サイバー）","上級"
"UI-02011","AIアシスタント・チャットのiOSアプリUI（クール・テック）","プロ（演出多め）"
"UI-02012","AIアシスタント・チャットのAndroidアプリUI（レトロ・Y2K）","プロ（演出多め）"
"UI-02013","ヘルスケア・フィットネス記録のタブレット / POSUI（クール・テック）","プロ（演出多め）"
"UI-02014","家計簿・資産管理のタブレット / POSUI（レトロ・Y2K）","プロ（演出多め）"
"UI-02015","タスク・プロジェクト管理のiOSアプリUI（パステル・ドリーミー）","プロ（演出多め）"
"UI-02016","タスク・プロジェクト管理のスマートウォッチUI（信頼・誠実（コーポレート））","プロ（演出多め）"
"UI-02017","マッチングのiOSアプリUI（パステル・ドリーミー）","プロ（演出多め）"
"UI-02018","予約（サロン/ホテル/病院）のAndroidアプリUI（ミニマル・洗練）","プロ（演出多め）"
"UI-02019","家計簿・資産管理のAndroidアプリUI（パステル・ドリーミー）","プロ（演出多め）"
"UI-02020","旅行・地図のキオスク・サイネージUI（クール・テック）","プロ（演出多め）"
"UI-02021","フードデリバリーのWebアプリ（SaaS）UI（ネオン・サイバー）","上級"
"UI-02022","家計簿・資産管理のスマートウォッチUI（グラスモーフィズム）","プロ（演出多め）"
"UI-02023","音楽・ポッドキャストのWebアプリ（SaaS）UI（信頼・誠実（コーポレート））","プロ（演出多め）"
"UI-02024","アクセス解析・BIの管理画面・ダッシュボードUI（ニューブルータリズム）","プロ（演出多め）"
"UI-02025","アクセス解析・BIのキオスク・サイネージUI（クール・テック）","プロ（演出多め）"
"UI-02026","音楽・ポッドキャストの管理画面・ダッシュボードUI（3D・クレイ）","プロ（演出多め）"
"UI-02027","マッチングの管理画面・ダッシュボードUI（グラスモーフィズム）","プロ（演出多め）"
"UI-02028","飲食店モバイルオーダーのタブレット / POSUI（ジオメトリック・グラフィカル）","プロ（演出多め）"
"UI-02029","ヘルスケア・フィットネス記録のiOSアプリUI（ネオン・サイバー）","プロ（演出多め）"
"UI-02030","予約（サロン/ホテル/病院）のiOSアプリUI（パステル・ドリーミー）","プロ（演出多め）"
"UI-02031","旅行・地図のタブレット / POSUI（ニューブルータリズム）","プロ（演出多め）"
"UI-02032","ヘルスケア・フィットネス記録のタブレット / POSUI（グラスモーフィズム）","プロ（演出多め）"
"UI-02033","ヘルスケア・フィットネス記録のAndroidアプリUI（ネオン・サイバー）","プロ（演出多め）"
"UI-02034","ヘルスケア・フィットネス記録のiOSアプリUI（ミニマル・洗練）","上級"
"UI-02035","AIアシスタント・チャットのWebアプリ（SaaS）UI（ダーク・シネマティック）","プロ（演出多め）"
"UI-02036","スマートホーム・IoTのキオスク・サイネージUI（ナチュラル・オーガニック）","プロ（演出多め）"
"UI-02037","AIアシスタント・チャットのタブレット / POSUI（和モダン）","上級"
"UI-02038","アクセス解析・BIのスマートウォッチUI（ポップ・カラフル）","プロ（演出多め）"
"UI-02039","顧客管理（CRM）のiOSアプリUI（ポップ・カラフル）","プロ（演出多め）"
"UI-02040","ヘルスケア・フィットネス記録のiOSアプリUI（ネオン・サイバー）","プロ（演出多め）"
"UI-02041","音楽・ポッドキャストのAndroidアプリUI（ネオン・サイバー）","プロ（演出多め）"
"UI-02042","フードデリバリーのiOSアプリUI（クール・テック）","プロ（演出多め）"
"UI-02043","ショッピングのキオスク・サイネージUI（信頼・誠実（コーポレート））","プロ（演出多め）"
"UI-02044","タスク・プロジェクト管理のキオスク・サイネージUI（パステル・ドリーミー）","プロ（演出多め）"
"UI-02045","予約（サロン/ホテル/病院）のキオスク・サイネージUI（グラスモーフィズム）","プロ（演出多め）"
"UI-02046","マッチングのWebアプリ（SaaS）UI（3D・クレイ）","プロ（演出多め）"
"UI-02047","フードデリバリーの管理画面・ダッシュボードUI（信頼・誠実（コーポレート））","上級"
"UI-02048","タスク・プロジェクト管理の管理画面・ダッシュボードUI（パステル・ドリーミー）","上級"
"UI-02049","スマートホーム・IoTのWebアプリ（SaaS）UI（パステル・ドリーミー）","プロ（演出多め）"
"UI-02050","アクセス解析・BIの管理画面・ダッシュボードUI（パステル・ドリーミー）","プロ（演出多め）"
"UI-02051","学習・語学アプリのWebアプリ（SaaS）UI（ニューブルータリズム）","プロ（演出多め）"
"UI-02052","ショッピングのキオスク・サイネージUI（グラスモーフィズム）","プロ（演出多め）"
"UI-02053","飲食店モバイルオーダーのWebアプリ（SaaS）UI（信頼・誠実（コーポレート））","プロ（演出多め）"
"UI-02054","AIアシスタント・チャットのAndroidアプリUI（3D・クレイ）","プロ（演出多め）"
"UI-02055","家計簿・資産管理のAndroidアプリUI（クール・テック）","プロ（演出多め）"
"UI-02056","学習・語学アプリのiOSアプリUI（3D・クレイ）","プロ（演出多め）"
"UI-02057","予約（サロン/ホテル/病院）のタブレット / POSUI（グラスモーフィズム）","上級"
"UI-02058","音楽・ポッドキャストのキオスク・サイネージUI（ニューブルータリズム）","上級"
"UI-02059","SNS・コミュニティのキオスク・サイネージUI（ネオン・サイバー）","上級"
"UI-02060","タスク・プロジェクト管理のiOSアプリUI（信頼・誠実（コーポレート））","プロ（演出多め）"
"UI-02061","学習・語学アプリのWebアプリ（SaaS）UI（ジオメトリック・グラフィカル）","上級"
"UI-02062","マッチングのiOSアプリUI（信頼・誠実（コーポレート））","プロ（演出多め）"
"UI-02063","家計簿・資産管理のWebアプリ（SaaS）UI（北欧・ライフスタイル）","プロ（演出多め）"
"UI-02064","飲食店モバイルオーダーの管理画面・ダッシュボードUI（クール・テック）","プロ（演出多め）"
"UI-02065","学習・語学アプリのiOSアプリUI（パステル・ドリーミー）","プロ（演出多め）"
"UI-02066","AIアシスタント・チャットのスマートウォッチUI（和モダン）","プロ（演出多め）"
"UI-02067","音楽・ポッドキャストのAndroidアプリUI（クール・テック）","上級"
"UI-02068","タスク・プロジェクト管理のiOSアプリUI（3D・クレイ）","プロ（演出多め）"
"UI-02069","学習・語学アプリの管理画面・ダッシュボードUI（ジオメトリック・グラフィカル）","プロ（演出多め）"
"UI-02070","SNS・コミュニティのタブレット / POSUI（ジオメトリック・グラフィカル）","上級"
"UI-02071","タスク・プロジェクト管理のキオスク・サイネージUI（ジオメトリック・グラフィカル）","プロ（演出多め）"
"UI-02072","タスク・プロジェクト管理のAndroidアプリUI（ポップ・カラフル）","上級"
"UI-02073","予約（サロン/ホテル/病院）の管理画面・ダッシュボードUI（ナチュラル・オーガニック）","上級"
"UI-02074","家計簿・資産管理のWebアプリ（SaaS）UI（パステル・ドリーミー）","プロ（演出多め）"
"UI-02075","ヘルスケア・フィットネス記録のWebアプリ（SaaS）UI（グラスモーフィズム）","上級"
"UI-02076","学習・語学アプリの管理画面・ダッシュボードUI（ナチュラル・オーガニック）","上級"
"UI-02077","マッチングのキオスク・サイネージUI（パステル・ドリーミー）","プロ（演出多め）"
"UI-02078","家計簿・資産管理のスマートウォッチUI（かわいい・ガーリー）","上級"
"UI-02079","予約（サロン/ホテル/病院）のWebアプリ（SaaS）UI（エネルギッシュ・スポーティ）","上級"
"UI-02080","学習・語学アプリのiOSアプリUI（グラスモーフィズム）","プロ（演出多め）"
"UI-02081","タスク・プロジェクト管理のiOSアプリUI（ネオン・サイバー）","上級"
"UI-02082","顧客管理（CRM）のスマートウォッチUI（クール・テック）","プロ（演出多め）"
"UI-02083","AIアシスタント・チャットのAndroidアプリUI（グラスモーフィズム）","上級"
"UI-02084","飲食店モバイルオーダーのAndroidアプリUI（レトロ・Y2K）","上級"
"UI-02085","飲食店モバイルオーダーの管理画面・ダッシュボードUI（クール・テック）","上級"
"UI-02086","旅行・地図のiOSアプリUI（信頼・誠実（コーポレート））","プロ（演出多め）"
"UI-02087","アクセス解析・BIのキオスク・サイネージUI（クール・テック）","プロ（演出多め）"
"UI-02088","アクセス解析・BIのタブレット / POSUI（ポップ・カラフル）","プロ（演出多め）"
"UI-02089","フードデリバリーのAndroidアプリUI（グラスモーフィズム）","上級"
"UI-02090","音楽・ポッドキャストのWebアプリ（SaaS）UI（グラスモーフィズム）","上級"
"UI-02091","旅行・地図のAndroidアプリUI（グラスモーフィズム）","上級"
"UI-02092","SNS・コミュニティのiOSアプリUI（かわいい・ガーリー）","プロ（演出多め）"
"UI-02093","家計簿・資産管理のAndroidアプリUI（グラスモーフィズム）","上級"
"UI-02094","アクセス解析・BIのタブレット / POSUI（パステル・ドリーミー）","上級"
"UI-02095","家計簿・資産管理のWebアプリ（SaaS）UI（パステル・ドリーミー）","上級"
"UI-02096","マッチングのAndroidアプリUI（クール・テック）","上級"
"UI-02097","学習・語学アプリの管理画面・ダッシュボードUI（ミニマル・洗練）","上級"
"UI-02098","旅行・地図のAndroidアプリUI（レトロ・Y2K）","上級"
"UI-02099","フードデリバリーのタブレット / POSUI（信頼・誠実（コーポレート））","プロ（演出多め）"
"UI-02100","フードデリバリーのキオスク・サイネージUI（ハンドメイド・手書き）","上級"
"UI-02101","予約（サロン/ホテル/病院）のスマートウォッチUI（信頼・誠実（コーポレート））","プロ（演出多め）"
"UI-02102","学習・語学アプリのWebアプリ（SaaS）UI（クール・テック）","プロ（演出多め）"
"UI-02103","音楽・ポッドキャストのスマートウォッチUI（ラグジュアリー・高級感）","プロ（演出多め）"
"UI-02104","マッチングのAndroidアプリUI（ミニマル・洗練）","プロ（演出多め）"
"UI-02105","マッチングのキオスク・サイネージUI（クール・テック）","プロ（演出多め）"
"UI-02106","予約（サロン/ホテル/病院）のキオスク・サイネージUI（エディトリアル・雑誌風）","プロ（演出多め）"
"UI-02107","AIアシスタント・チャットのスマートウォッチUI（クール・テック）","上級"
"UI-02108","予約（サロン/ホテル/病院）のAndroidアプリUI（ミニマル・洗練）","上級"
"UI-02109","ヘルスケア・フィットネス記録のスマートウォッチUI（クール・テック）","上級"
"UI-02110","SNS・コミュニティの管理画面・ダッシュボードUI（ミニマル・洗練）","上級"
"UI-02111","タスク・プロジェクト管理のタブレット / POSUI（ミニマル・洗練）","プロ（演出多め）"
"UI-02112","SNS・コミュニティのAndroidアプリUI（和モダン）","上級"
"UI-02113","学習・語学アプリのタブレット / POSUI（ポップ・カラフル）","プロ（演出多め）"
"UI-02114","ヘルスケア・フィットネス記録のキオスク・サイネージUI（信頼・誠実（コーポレート））","プロ（演出多め）"
"UI-02115","飲食店モバイルオーダーのWebアプリ（SaaS）UI（ミニマル・洗練）","プロ（演出多め）"
"UI-02116","ショッピングのキオスク・サイネージUI（パステル・ドリーミー）","上級"
"UI-02117","音楽・ポッドキャストのAndroidアプリUI（ダーク・シネマティック）","プロ（演出多め）"
"UI-02118","旅行・地図のスマートウォッチUI（和モダン）","プロ（演出多め）"
"UI-02119","旅行・地図の管理画面・ダッシュボードUI（ポップ・カラフル）","上級"
"UI-02120","家計簿・資産管理のiOSアプリUI（ニューブルータリズム）","プロ（演出多め）"
"UI-02121","ヘルスケア・フィットネス記録のスマートウォッチUI（ミニマル・洗練）","プロ（演出多め）"
"UI-02122","家計簿・資産管理のタブレット / POSUI（エネルギッシュ・スポーティ）","上級"
"UI-02123","アクセス解析・BIのスマートウォッチUI（ニューブルータリズム）","プロ（演出多め）"
"UI-02124","顧客管理（CRM）のキオスク・サイネージUI（パステル・ドリーミー）","上級"
"UI-02125","アクセス解析・BIのスマートウォッチUI（エディトリアル・雑誌風）","プロ（演出多め）"
"UI-02126","アクセス解析・BIのWebアプリ（SaaS）UI（3D・クレイ）","上級"
"UI-02127","マッチングのWebアプリ（SaaS）UI（クール・テック）","プロ（演出多め）"
"UI-02128","旅行・地図のiOSアプリUI（信頼・誠実（コーポレート））","上級"
"UI-02129","飲食店モバイルオーダーの管理画面・ダッシュボードUI（3D・クレイ）","プロ（演出多め）"
"UI-02130","SNS・コミュニティのスマートウォッチUI（パステル・ドリーミー）","上級"
"UI-02131","ヘルスケア・フィットネス記録のスマートウォッチUI（ポップ・カラフル）","プロ（演出多め）"
"UI-02132","予約（サロン/ホテル/病院）のタブレット / POSUI（ミニマル・洗練）","上級"
"UI-02133","マッチングのiOSアプリUI（グラスモーフィズム）","プロ（演出多め）"
"UI-02134","ショッピングのAndroidアプリUI（ネオン・サイバー）","プロ（演出多め）"
"UI-02135","マッチングのiOSアプリUI（パステル・ドリーミー）","プロ（演出多め）"
"UI-02136","AIアシスタント・チャットの管理画面・ダッシュボードUI（和モダン）","上級"
"UI-02137","SNS・コミュニティのWebアプリ（SaaS）UI（3D・クレイ）","プロ（演出多め）"
"UI-02138","タスク・プロジェクト管理のAndroidアプリUI（ミニマル・洗練）","プロ（演出多め）"
"UI-02139","ヘルスケア・フィットネス記録のAndroidアプリUI（パステル・ドリーミー）","上級"
"UI-02140","タスク・プロジェクト管理の管理画面・ダッシュボードUI（ニューブルータリズム）","プロ（演出多め）"
"UI-02141","家計簿・資産管理のキオスク・サイネージUI（かわいい・ガーリー）","上級"
"UI-02142","AIアシスタント・チャットのタブレット / POSUI（かわいい・ガーリー）","上級"
"UI-02143","アクセス解析・BIのWebアプリ（SaaS）UI（ポップ・カラフル）","プロ（演出多め）"
"UI-02144","マッチングのAndroidアプリUI（ミニマル・洗練）","上級"
"UI-02145","ショッピングのタブレット / POSUI（クール・テック）","プロ（演出多め）"
"UI-02146","SNS・コミュニティの管理画面・ダッシュボードUI（レトロ・Y2K）","プロ（演出多め）"
"UI-02147","顧客管理（CRM）のWebアプリ（SaaS）UI（ミニマル・洗練）","上級"
"UI-02148","フードデリバリーの管理画面・ダッシュボードUI（ニューブルータリズム）","上級"
"UI-02149","スマートホーム・IoTのキオスク・サイネージUI（グラスモーフィズム）","プロ（演出多め）"
"UI-02150","ショッピングのiOSアプリUI（ミニマル・洗練）","プロ（演出多め）"
"UI-02151","スマートホーム・IoTのiOSアプリUI（ネオン・サイバー）","上級"
"UI-02152","アクセス解析・BIのキオスク・サイネージUI（ニューブルータリズム）","プロ（演出多め）"
"UI-02153","予約（サロン/ホテル/病院）のタブレット / POSUI（ミニマル・洗練）","プロ（演出多め）"
"UI-02154","マッチングのAndroidアプリUI（ラグジュアリー・高級感）","上級"
"UI-02155","顧客管理（CRM）のiOSアプリUI（パステル・ドリーミー）","プロ（演出多め）"
"UI-02156","ヘルスケア・フィットネス記録のiOSアプリUI（パステル・ドリーミー）","プロ（演出多め）"
"UI-02157","音楽・ポッドキャストの管理画面・ダッシュボードUI（グラスモーフィズム）","プロ（演出多め）"
"UI-02158","マッチングのWebアプリ（SaaS）UI（ミニマル・洗練）","プロ（演出多め）"
"UI-02159","飲食店モバイルオーダーのiOSアプリUI（ミニマル・洗練）","上級"
"UI-02160","旅行・地図のWebアプリ（SaaS）UI（ポップ・カラフル）","プロ（演出多め）"
"UI-02161","ショッピングのキオスク・サイネージUI（3D・クレイ）","プロ（演出多め）"
"UI-02162","スマートホーム・IoTのiOSアプリUI（3D・クレイ）","プロ（演出多め）"
"UI-02163","予約（サロン/ホテル/病院）のキオスク・サイネージUI（パステル・ドリーミー）","プロ（演出多め）"
"UI-02164","音楽・ポッドキャストのキオスク・サイネージUI（ダーク・シネマティック）","プロ（演出多め）"
"UI-02165","家計簿・資産管理のAndroidアプリUI（信頼・誠実（コーポレート））","プロ（演出多め）"
"UI-02166","マッチングのWebアプリ（SaaS）UI（和モダン）","プロ（演出多め）"
"UI-02167","音楽・ポッドキャストのスマートウォッチUI（3D・クレイ）","プロ（演出多め）"
"UI-02168","ショッピングの管理画面・ダッシュボードUI（ミニマル・洗練）","上級"
"UI-02169","AIアシスタント・チャットの管理画面・ダッシュボードUI（レトロ・Y2K）","プロ（演出多め）"
"UI-02170","スマートホーム・IoTのキオスク・サイネージUI（ラグジュアリー・高級感）","上級"
"UI-02171","タスク・プロジェクト管理のスマートウォッチUI（3D・クレイ）","プロ（演出多め）"
"UI-02172","スマートホーム・IoTのキオスク・サイネージUI（パステル・ドリーミー）","プロ（演出多め）"
"UI-02173","予約（サロン/ホテル/病院）のタブレット / POSUI（ニューブルータリズム）","プロ（演出多め）"
"UI-02174","AIアシスタント・チャットのAndroidアプリUI（パステル・ドリーミー）","プロ（演出多め）"
"UI-02175","マッチングのタブレット / POSUI（3D・クレイ）","プロ（演出多め）"
"UI-02176","音楽・ポッドキャストのiOSアプリUI（パステル・ドリーミー）","プロ（演出多め）"
"UI-02177","予約（サロン/ホテル/病院）のキオスク・サイネージUI（グラスモーフィズム）","プロ（演出多め）"
"UI-02178","ヘルスケア・フィットネス記録のWebアプリ（SaaS）UI（ラグジュアリー・高級感）","上級"
"UI-02179","ショッピングのWebアプリ（SaaS）UI（エネルギッシュ・スポーティ）","プロ（演出多め）"
"UI-02180","フードデリバリーのAndroidアプリUI（エディトリアル・雑誌風）","上級"
"UI-02181","SNS・コミュニティのスマートウォッチUI（3D・クレイ）","上級"
"UI-02182","音楽・ポッドキャストのキオスク・サイネージUI（グラスモーフィズム）","上級"
"UI-02183","家計簿・資産管理の管理画面・ダッシュボードUI（グラスモーフィズム）","プロ（演出多め）"
"UI-02184","ヘルスケア・フィットネス記録のタブレット / POSUI（ネオン・サイバー）","プロ（演出多め）"
"UI-02185","AIアシスタント・チャットのWebアプリ（SaaS）UI（ポップ・カラフル）","プロ（演出多め）"
"UI-02186","マッチングのタブレット / POSUI（ミニマル・洗練）","プロ（演出多め）"
"UI-02187","ヘルスケア・フィットネス記録のキオスク・サイネージUI（エディトリアル・雑誌風）","上級"
"UI-02188","タスク・プロジェクト管理のスマートウォッチUI（ネオン・サイバー）","上級"
"UI-02189","旅行・地図のスマートウォッチUI（レトロ・Y2K）","プロ（演出多め）"
"UI-02190","予約（サロン/ホテル/病院）のタブレット / POSUI（ダーク・シネマティック）","プロ（演出多め）"
"UI-02191","家計簿・資産管理のタブレット / POSUI（ミニマル・洗練）","上級"
"UI-02192","AIアシスタント・チャットのスマートウォッチUI（3D・クレイ）","プロ（演出多め）"
"UI-02193","マッチングのiOSアプリUI（パステル・ドリーミー）","プロ（演出多め）"
"UI-02194","フードデリバリーのWebアプリ（SaaS）UI（信頼・誠実（コーポレート））","上級"
"UI-02195","AIアシスタント・チャットのAndroidアプリUI（ネオン・サイバー）","プロ（演出多め）"
"UI-02196","顧客管理（CRM）のタブレット / POSUI（ニューブルータリズム）","プロ（演出多め）"
"UI-02197","フードデリバリーのiOSアプリUI（エディトリアル・雑誌風）","プロ（演出多め）"
"UI-02198","飲食店モバイルオーダーのスマートウォッチUI（パステル・ドリーミー）","上級"
"UI-02199","スマートホーム・IoTのAndroidアプリUI（信頼・誠実（コーポレート））","上級"
"UI-02200","顧客管理（CRM）の管理画面・ダッシュボードUI（ポップ・カラフル）","プロ（演出多め）"
"UI-02201","飲食店モバイルオーダーの管理画面・ダッシュボードUI（ミニマル・洗練）","上級"
"UI-02202","予約（サロン/ホテル/病院）のiOSアプリUI（ポップ・カラフル）","プロ（演出多め）"
"UI-02203","飲食店モバイルオーダーのAndroidアプリUI（ニューブルータリズム）","プロ（演出多め）"
"UI-02204","AIアシスタント・チャットのキオスク・サイネージUI（ラグジュアリー・高級感）","プロ（演出多め）"
"UI-02205","AIアシスタント・チャットのAndroidアプリUI（パステル・ドリーミー）","プロ（演出多め）"
"UI-02206","マッチングのキオスク・サイネージUI（エネルギッシュ・スポーティ）","プロ（演出多め）"
"UI-02207","予約（サロン/ホテル/病院）のWebアプリ（SaaS）UI（パステル・ドリーミー）","プロ（演出多め）"
"UI-02208","SNS・コミュニティの管理画面・ダッシュボードUI（3D・クレイ）","プロ（演出多め）"
"UI-02209","ショッピングのAndroidアプリUI（クール・テック）","プロ（演出多め）"
"UI-02210","旅行・地図の管理画面・ダッシュボードUI（パステル・ドリーミー）","プロ（演出多め）"
"UI-02211","飲食店モバイルオーダーのスマートウォッチUI（ハンドメイド・手書き）","上級"
"UI-02212","飲食店モバイルオーダーのWebアプリ（SaaS）UI（信頼・誠実（コーポレート））","プロ（演出多め）"
"UI-02213","タスク・プロジェクト管理のiOSアプリUI（3D・クレイ）","上級"
"UI-02214","タスク・プロジェクト管理のiOSアプリUI（グラスモーフィズム）","プロ（演出多め）"
"UI-02215","飲食店モバイルオーダーのキオスク・サイネージUI（信頼・誠実（コーポレート））","プロ（演出多め）"
"UI-02216","フードデリバリーのキオスク・サイネージUI（ポップ・カラフル）","プロ（演出多め）"
"UI-02217","ショッピングのWebアプリ（SaaS）UI（レトロ・Y2K）","上級"
"UI-02218","スマートホーム・IoTのスマートウォッチUI（ハンドメイド・手書き）","プロ（演出多め）"
"UI-02219","アクセス解析・BIのキオスク・サイネージUI（ミニマル・洗練）","プロ（演出多め）"
"UI-02220","音楽・ポッドキャストのWebアプリ（SaaS）UI（ミニマル・洗練）","上級"
"UI-02221","アクセス解析・BIのキオスク・サイネージUI（グラスモーフィズム）","上級"
"UI-02222","ショッピングのスマートウォッチUI（かわいい・ガーリー）","プロ（演出多め）"
"UI-02223","ヘルスケア・フィットネス記録のWebアプリ（SaaS）UI（ジオメトリック・グラフィカル）","プロ（演出多め）"
"UI-02224","マッチングの管理画面・ダッシュボードUI（クール・テック）","プロ（演出多め）"
"UI-02225","フードデリバリーのスマートウォッチUI（ミニマル・洗練）","上級"
"UI-02226","音楽・ポッドキャストのタブレット / POSUI（ニューブルータリズム）","プロ（演出多め）"
"UI-02227","ショッピングのタブレット / POSUI（レトロ・Y2K）","上級"
"UI-02228","AIアシスタント・チャットのタブレット / POSUI（パステル・ドリーミー）","プロ（演出多め）"
"UI-02229","タスク・プロジェクト管理のWebアプリ（SaaS）UI（ポップ・カラフル）","プロ（演出多め）"
"UI-02230","SNS・コミュニティのキオスク・サイネージUI（ニューブルータリズム）","上級"
"UI-02231","ショッピングのキオスク・サイネージUI（パステル・ドリーミー）","プロ（演出多め）"
"UI-02232","AIアシスタント・チャットのキオスク・サイネージUI（ネオン・サイバー）","上級"
"UI-02233","予約（サロン/ホテル/病院）の管理画面・ダッシュボードUI（クール・テック）","プロ（演出多め）"
"UI-02234","SNS・コミュニティのタブレット / POSUI（ラグジュアリー・高級感）","上級"
"UI-02235","マッチングのWebアプリ（SaaS）UI（パステル・ドリーミー）","プロ（演出多め）"
"UI-02236","ヘルスケア・フィットネス記録のキオスク・サイネージUI（ニューブルータリズム）","プロ（演出多め）"
"UI-02237","飲食店モバイルオーダーの管理画面・ダッシュボードUI（ジオメトリック・グラフィカル）","上級"
"UI-02238","旅行・地図のiOSアプリUI（グラスモーフィズム）","プロ（演出多め）"
"UI-02239","ヘルスケア・フィットネス記録のWebアプリ（SaaS）UI（ダーク・シネマティック）","上級"
"UI-02240","飲食店モバイルオーダーのiOSアプリUI（ネオン・サイバー）","上級"
"UI-02241","アクセス解析・BIのWebアプリ（SaaS）UI（ネオン・サイバー）","プロ（演出多め）"
"UI-02242","フードデリバリーのキオスク・サイネージUI（ポップ・カラフル）","上級"
"UI-02243","予約（サロン/ホテル/病院）のWebアプリ（SaaS）UI（ミニマル・洗練）","プロ（演出多め）"
"UI-02244","AIアシスタント・チャットのiOSアプリUI（信頼・誠実（コーポレート））","プロ（演出多め）"
"UI-02245","アクセス解析・BIのWebアプリ（SaaS）UI（ポップ・カラフル）","プロ（演出多め）"
"UI-02246","ショッピングのAndroidアプリUI（信頼・誠実（コーポレート））","プロ（演出多め）"
"UI-02247","アクセス解析・BIのiOSアプリUI（ネオン・サイバー）","プロ（演出多め）"
"UI-02248","飲食店モバイルオーダーのiOSアプリUI（3D・クレイ）","上級"
"UI-02249","家計簿・資産管理のキオスク・サイネージUI（クール・テック）","プロ（演出多め）"
"UI-02250","SNS・コミュニティのスマートウォッチUI（かわいい・ガーリー）","上級"
"UI-02251","フードデリバリーのiOSアプリUI（ネオン・サイバー）","プロ（演出多め）"
"UI-02252","飲食店モバイルオーダーのタブレット / POSUI（ジオメトリック・グラフィカル）","プロ（演出多め）"
"UI-02253","SNS・コミュニティのWebアプリ（SaaS）UI（ポップ・カラフル）","上級"
"UI-02254","フードデリバリーのタブレット / POSUI（信頼・誠実（コーポレート））","プロ（演出多め）"
"UI-02255","家計簿・資産管理のWebアプリ（SaaS）UI（パステル・ドリーミー）","上級"
"UI-02256","顧客管理（CRM）のiOSアプリUI（クール・テック）","上級"
"UI-02257","フードデリバリーのスマートウォッチUI（ポップ・カラフル）","上級"
"UI-02258","スマートホーム・IoTのスマートウォッチUI（グラスモーフィズム）","プロ（演出多め）"
"UI-02259","SNS・コミュニティのiOSアプリUI（信頼・誠実（コーポレート））","プロ（演出多め）"
"UI-02260","学習・語学アプリのWebアプリ（SaaS）UI（パステル・ドリーミー）","プロ（演出多め）"
"UI-02261","学習・語学アプリのスマートウォッチUI（ダーク・シネマティック）","上級"
"UI-02262","飲食店モバイルオーダーのWebアプリ（SaaS）UI（ネオン・サイバー）","上級"
"UI-02263","学習・語学アプリのタブレット / POSUI（和モダン）","上級"
"UI-02264","マッチングのAndroidアプリUI（ネオン・サイバー）","プロ（演出多め）"
"UI-02265","顧客管理（CRM）のタブレット / POSUI（ニューブルータリズム）","プロ（演出多め）"
"UI-02266","家計簿・資産管理のiOSアプリUI（和モダン）","プロ（演出多め）"
"UI-02267","顧客管理（CRM）のキオスク・サイネージUI（信頼・誠実（コーポレート））","プロ（演出多め）"
"UI-02268","スマートホーム・IoTのAndroidアプリUI（グラスモーフィズム）","プロ（演出多め）"
"UI-02269","飲食店モバイルオーダーのタブレット / POSUI（ニューブルータリズム）","プロ（演出多め）"
"UI-02270","ショッピングのWebアプリ（SaaS）UI（パステル・ドリーミー）","プロ（演出多め）"
"UI-02271","フードデリバリーのAndroidアプリUI（パステル・ドリーミー）","プロ（演出多め）"
"UI-02272","スマートホーム・IoTのWebアプリ（SaaS）UI（エディトリアル・雑誌風）","上級"
"UI-02273","飲食店モバイルオーダーのキオスク・サイネージUI（クール・テック）","プロ（演出多め）"
"UI-02274","旅行・地図のWebアプリ（SaaS）UI（ニューブルータリズム）","プロ（演出多め）"
"UI-02275","アクセス解析・BIのAndroidアプリUI（ラグジュアリー・高級感）","上級"
"UI-02276","ショッピングのAndroidアプリUI（ニューブルータリズム）","上級"
"UI-02277","フードデリバリーのAndroidアプリUI（ハンドメイド・手書き）","上級"
"UI-02278","AIアシスタント・チャットのキオスク・サイネージUI（和モダン）","プロ（演出多め）"
"UI-02279","旅行・地図のスマートウォッチUI（信頼・誠実（コーポレート））","プロ（演出多め）"
"UI-02280","スマートホーム・IoTのスマートウォッチUI（ミニマル・洗練）","プロ（演出多め）"
"UI-02281","フードデリバリーのAndroidアプリUI（ネオン・サイバー）","プロ（演出多め）"
"UI-02282","顧客管理（CRM）の管理画面・ダッシュボードUI（パステル・ドリーミー）","プロ（演出多め）"
"UI-02283","AIアシスタント・チャットのiOSアプリUI（ネオン・サイバー）","上級"
"UI-02284","旅行・地図のキオスク・サイネージUI（ネオン・サイバー）","上級"
"UI-02285","音楽・ポッドキャストのスマートウォッチUI（信頼・誠実（コーポレート））","上級"
"UI-02286","ショッピングのタブレット / POSUI（ミニマル・洗練）","上級"
"UI-02287","AIアシスタント・チャットのWebアプリ（SaaS）UI（3D・クレイ）","上級"
"UI-02288","予約（サロン/ホテル/病院）のiOSアプリUI（ポップ・カラフル）","プロ（演出多め）"
"UI-02289","顧客管理（CRM）のキオスク・サイネージUI（ニューブルータリズム）","プロ（演出多め）"
"UI-02290","飲食店モバイルオーダーの管理画面・ダッシュボードUI（パステル・ドリーミー）","プロ（演出多め）"
"UI-02291","顧客管理（CRM）のWebアプリ（SaaS）UI（信頼・誠実（コーポレート））","プロ（演出多め）"
"UI-02292","SNS・コミュニティのスマートウォッチUI（パステル・ドリーミー）","上級"
"UI-02293","学習・語学アプリのAndroidアプリUI（3D・クレイ）","プロ（演出多め）"
"UI-02294","音楽・ポッドキャストのAndroidアプリUI（ネオン・サイバー）","プロ（演出多め）"
"UI-02295","タスク・プロジェクト管理の管理画面・ダッシュボードUI（信頼・誠実（コーポレート））","プロ（演出多め）"
"UI-02296","AIアシスタント・チャットのAndroidアプリUI（3D・クレイ）","プロ（演出多め）"
"UI-02297","家計簿・資産管理のキオスク・サイネージUI（ネオン・サイバー）","プロ（演出多め）"
"UI-02298","ヘルスケア・フィットネス記録のスマートウォッチUI（信頼・誠実（コーポレート））","プロ（演出多め）"
"UI-02299","音楽・ポッドキャストのスマートウォッチUI（ポップ・カラフル）","プロ（演出多め）"
"UI-02300","ヘルスケア・フィットネス記録のWebアプリ（SaaS）UI（グラスモーフィズム）","プロ（演出多め）"
"UI-02301","飲食店モバイルオーダーのiOSアプリUI（グラスモーフィズム）","プロ（演出多め）"
"UI-02302","ヘルスケア・フィットネス記録のAndroidアプリUI（ネオン・サイバー）","プロ（演出多め）"
"UI-02303","マッチングのスマートウォッチUI（信頼・誠実（コーポレート））","上級"
"UI-02304","マッチングのWebアプリ（SaaS）UI（ミニマル・洗練）","上級"
"UI-02305","AIアシスタント・チャットのスマートウォッチUI（ジオメトリック・グラフィカル）","上級"
"UI-02306","AIアシスタント・チャットのキオスク・サイネージUI（グラスモーフィズム）","上級"
"UI-02307","アクセス解析・BIのAndroidアプリUI（かわいい・ガーリー）","プロ（演出多め）"
"UI-02308","フードデリバリーのAndroidアプリUI（グラスモーフィズム）","上級"
"UI-02309","タスク・プロジェクト管理のWebアプリ（SaaS）UI（ネオン・サイバー）","プロ（演出多め）"
"UI-02310","アクセス解析・BIのタブレット / POSUI（ニューブルータリズム）","上級"
"UI-02311","家計簿・資産管理のスマートウォッチUI（ポップ・カラフル）","プロ（演出多め）"
"UI-02312","AIアシスタント・チャットのWebアプリ（SaaS）UI（パステル・ドリーミー）","プロ（演出多め）"
"UI-02313","アクセス解析・BIのタブレット / POSUI（クール・テック）","上級"
"UI-02314","フードデリバリーのAndroidアプリUI（ハンドメイド・手書き）","上級"
"UI-02315","AIアシスタント・チャットのWebアプリ（SaaS）UI（ニューブルータリズム）","プロ（演出多め）"
"UI-02316","音楽・ポッドキャストのiOSアプリUI（グラスモーフィズム）","上級"
"UI-02317","顧客管理（CRM）のキオスク・サイネージUI（3D・クレイ）","プロ（演出多め）"
"UI-02318","AIアシスタント・チャットのタブレット / POSUI（ネオン・サイバー）","プロ（演出多め）"
"UI-02319","スマートホーム・IoTのキオスク・サイネージUI（クール・テック）","上級"
"UI-02320","顧客管理（CRM）のAndroidアプリUI（3D・クレイ）","上級"
"UI-02321","AIアシスタント・チャットのタブレット / POSUI（3D・クレイ）","プロ（演出多め）"
"UI-02322","アクセス解析・BIのAndroidアプリUI（かわいい・ガーリー）","プロ（演出多め）"
"UI-02323","学習・語学アプリのWebアプリ（SaaS）UI（パステル・ドリーミー）","プロ（演出多め）"
"UI-02324","予約（サロン/ホテル/病院）のWebアプリ（SaaS）UI（ミニマル・洗練）","上級"
"UI-02325","予約（サロン/ホテル/病院）のWebアプリ（SaaS）UI（パステル・ドリーミー）","プロ（演出多め）"
"UI-02326","フードデリバリーのキオスク・サイネージUI（信頼・誠実（コーポレート））","上級"
"UI-02327","マッチングのスマートウォッチUI（ポップ・カラフル）","上級"
"UI-02328","タスク・プロジェクト管理のキオスク・サイネージUI（ネオン・サイバー）","プロ（演出多め）"
"UI-02329","AIアシスタント・チャットのWebアプリ（SaaS）UI（信頼・誠実（コーポレート））","プロ（演出多め）"
"UI-02330","飲食店モバイルオーダーのWebアプリ（SaaS）UI（グラスモーフィズム）","プロ（演出多め）"
"UI-02331","顧客管理（CRM）のWebアプリ（SaaS）UI（パステル・ドリーミー）","上級"
"UI-02332","AIアシスタント・チャットの管理画面・ダッシュボードUI（ニューブルータリズム）","プロ（演出多め）"
"UI-02333","学習・語学アプリの管理画面・ダッシュボードUI（ダーク・シネマティック）","プロ（演出多め）"
"UI-02334","音楽・ポッドキャストのiOSアプリUI（ラグジュアリー・高級感）","プロ（演出多め）"
"UI-02335","AIアシスタント・チャットのAndroidアプリUI（3D・クレイ）","プロ（演出多め）"
"UI-02336","AIアシスタント・チャットの管理画面・ダッシュボードUI（和モダン）","上級"
"UI-02337","飲食店モバイルオーダーのWebアプリ（SaaS）UI（エネルギッシュ・スポーティ）","上級"
"UI-02338","顧客管理（CRM）のキオスク・サイネージUI（ネオン・サイバー）","プロ（演出多め）"
"UI-02339","スマートホーム・IoTの管理画面・ダッシュボードUI（信頼・誠実（コーポレート））","プロ（演出多め）"
"UI-02340","アクセス解析・BIのタブレット / POSUI（ダーク・シネマティック）","プロ（演出多め）"
"UI-02341","飲食店モバイルオーダーのキオスク・サイネージUI（ポップ・カラフル）","プロ（演出多め）"
"UI-02342","音楽・ポッドキャストのタブレット / POSUI（パステル・ドリーミー）","プロ（演出多め）"
"UI-02343","ショッピングの管理画面・ダッシュボードUI（ラグジュアリー・高級感）","プロ（演出多め）"
"UI-02344","ヘルスケア・フィットネス記録の管理画面・ダッシュボードUI（グラスモーフィズム）","上級"
"UI-02345","アクセス解析・BIのWebアプリ（SaaS）UI（ニューブルータリズム）","プロ（演出多め）"
"UI-02346","SNS・コミュニティのWebアプリ（SaaS）UI（パステル・ドリーミー）","プロ（演出多め）"
"UI-02347","顧客管理（CRM）の管理画面・ダッシュボードUI（ラグジュアリー・高級感）","上級"
"UI-02348","飲食店モバイルオーダーのスマートウォッチUI（ニューブルータリズム）","プロ（演出多め）"
"UI-02349","予約（サロン/ホテル/病院）の管理画面・ダッシュボードUI（ラグジュアリー・高級感）","プロ（演出多め）"
"UI-02350","アクセス解析・BIのキオスク・サイネージUI（ポップ・カラフル）","上級"
"UI-02351","飲食店モバイルオーダーのWebアプリ（SaaS）UI（パステル・ドリーミー）","プロ（演出多め）"
"UI-02352","マッチングのキオスク・サイネージUI（クール・テック）","プロ（演出多め）"
"UI-02353","アクセス解析・BIのスマートウォッチUI（ニューブルータリズム）","プロ（演出多め）"
"UI-02354","AIアシスタント・チャットのiOSアプリUI（ラグジュアリー・高級感）","プロ（演出多め）"
"UI-02355","飲食店モバイルオーダーのスマートウォッチUI（信頼・誠実（コーポレート））","上級"
"UI-02356","予約（サロン/ホテル/病院）のスマートウォッチUI（信頼・誠実（コーポレート））","上級"
"UI-02357","AIアシスタント・チャットのiOSアプリUI（ポップ・カラフル）","プロ（演出多め）"
"UI-02358","スマートホーム・IoTのスマートウォッチUI（ポップ・カラフル）","プロ（演出多め）"
"UI-02359","顧客管理（CRM）のiOSアプリUI（北欧・ライフスタイル）","上級"
"UI-02360","学習・語学アプリのタブレット / POSUI（ネオン・サイバー）","プロ（演出多め）"
"UI-02361","顧客管理（CRM）のキオスク・サイネージUI（ラグジュアリー・高級感）","プロ（演出多め）"
"UI-02362","顧客管理（CRM）のiOSアプリUI（クール・テック）","上級"
"UI-02363","タスク・プロジェクト管理の管理画面・ダッシュボードUI（ポップ・カラフル）","プロ（演出多め）"
"UI-02364","SNS・コミュニティのキオスク・サイネージUI（ニューブルータリズム）","プロ（演出多め）"
"UI-02365","旅行・地図のタブレット / POSUI（ダーク・シネマティック）","プロ（演出多め）"
"UI-02366","ショッピングのスマートウォッチUI（信頼・誠実（コーポレート））","プロ（演出多め）"
"UI-02367","音楽・ポッドキャストの管理画面・ダッシュボードUI（エネルギッシュ・スポーティ）","上級"
"UI-02368","ショッピングの管理画面・ダッシュボードUI（ポップ・カラフル）","プロ（演出多め）"
"UI-02369","タスク・プロジェクト管理のAndroidアプリUI（3D・クレイ）","プロ（演出多め）"
"UI-02370","マッチングのiOSアプリUI（ミニマル・洗練）","プロ（演出多め）"
"UI-02371","フードデリバリーの管理画面・ダッシュボードUI（ネオン・サイバー）","プロ（演出多め）"
"UI-02372","音楽・ポッドキャストのキオスク・サイネージUI（ニューブルータリズム）","上級"
"UI-02373","AIアシスタント・チャットの管理画面・ダッシュボードUI（ジオメトリック・グラフィカル）","プロ（演出多め）"
"UI-02374","顧客管理（CRM）のキオスク・サイネージUI（パステル・ドリーミー）","プロ（演出多め）"
"UI-02375","SNS・コミュニティのWebアプリ（SaaS）UI（3D・クレイ）","プロ（演出多め）"
"UI-02376","マッチングのWebアプリ（SaaS）UI（エディトリアル・雑誌風）","プロ（演出多め）"
"UI-02377","飲食店モバイルオーダーのスマートウォッチUI（グラスモーフィズム）","上級"
"UI-02378","ヘルスケア・フィットネス記録のタブレット / POSUI（ポップ・カラフル）","プロ（演出多め）"
"UI-02379","AIアシスタント・チャットの管理画面・ダッシュボードUI（信頼・誠実（コーポレート））","プロ（演出多め）"
"UI-02380","家計簿・資産管理の管理画面・ダッシュボードUI（パステル・ドリーミー）","プロ（演出多め）"
"UI-02381","予約（サロン/ホテル/病院）のiOSアプリUI（ニューブルータリズム）","プロ（演出多め）"
"UI-02382","SNS・コミュニティのiOSアプリUI（ニューブルータリズム）","プロ（演出多め）"
"UI-02383","フードデリバリーのスマートウォッチUI（グラスモーフィズム）","プロ（演出多め）"
"UI-02384","マッチングの管理画面・ダッシュボードUI（ネオン・サイバー）","上級"
"UI-02385","ヘルスケア・フィットネス記録の管理画面・ダッシュボードUI（クール・テック）","プロ（演出多め）"
"UI-02386","スマートホーム・IoTのWebアプリ（SaaS）UI（エネルギッシュ・スポーティ）","プロ（演出多め）"
"UI-02387","AIアシスタント・チャットの管理画面・ダッシュボードUI（ミニマル・洗練）","プロ（演出多め）"
"UI-02388","ショッピングのWebアプリ（SaaS）UI（3D・クレイ）","プロ（演出多め）"
"UI-02389","アクセス解析・BIのWebアプリ（SaaS）UI（パステル・ドリーミー）","プロ（演出多め）"
"UI-02390","タスク・プロジェクト管理のタブレット / POSUI（ネオン・サイバー）","プロ（演出多め）"
"UI-02391","マッチングのタブレット / POSUI（エネルギッシュ・スポーティ）","上級"
"UI-02392","家計簿・資産管理のAndroidアプリUI（ネオン・サイバー）","上級"
"UI-02393","音楽・ポッドキャストのWebアプリ（SaaS）UI（信頼・誠実（コーポレート））","上級"
"UI-02394","マッチングのWebアプリ（SaaS）UI（ナチュラル・オーガニック）","プロ（演出多め）"
"UI-02395","音楽・ポッドキャストのWebアプリ（SaaS）UI（ポップ・カラフル）","プロ（演出多め）"
"UI-02396","SNS・コミュニティのキオスク・サイネージUI（3D・クレイ）","上級"
"UI-02397","学習・語学アプリのiOSアプリUI（パステル・ドリーミー）","上級"
"UI-02398","予約（サロン/ホテル/病院）のiOSアプリUI（クール・テック）","上級"
"UI-02399","予約（サロン/ホテル/病院）のスマートウォッチUI（北欧・ライフスタイル）","プロ（演出多め）"
"UI-02400","ヘルスケア・フィットネス記録のキオスク・サイネージUI（ハンドメイド・手書き）","プロ（演出多め）"
"UI-02401","AIアシスタント・チャットのタブレット / POSUI（信頼・誠実（コーポレート））","プロ（演出多め）"
"UI-02402","音楽・ポッドキャストのiOSアプリUI（ナチュラル・オーガニック）","プロ（演出多め）"
"UI-02403","マッチングのキオスク・サイネージUI（ネオン・サイバー）","プロ（演出多め）"
"UI-02404","スマートホーム・IoTのiOSアプリUI（グラスモーフィズム）","プロ（演出多め）"
"UI-02405","ヘルスケア・フィットネス記録のタブレット / POSUI（ミニマル・洗練）","上級"
"UI-02406","マッチングのAndroidアプリUI（クール・テック）","上級"
"UI-02407","AIアシスタント・チャットのiOSアプリUI（ジオメトリック・グラフィカル）","プロ（演出多め）"
"UI-02408","アクセス解析・BIのタブレット / POSUI（パステル・ドリーミー）","プロ（演出多め）"
"UI-02409","アクセス解析・BIのキオスク・サイネージUI（グラスモーフィズム）","プロ（演出多め）"
"UI-02410","タスク・プロジェクト管理のキオスク・サイネージUI（グラスモーフィズム）","上級"
"UI-02411","アクセス解析・BIのタブレット / POSUI（ラグジュアリー・高級感）","プロ（演出多め）"
"UI-02412","音楽・ポッドキャストのWebアプリ（SaaS）UI（クール・テック）","上級"
"UI-02413","タスク・プロジェクト管理のAndroidアプリUI（ミニマル・洗練）","プロ（演出多め）"
"UI-02414","旅行・地図の管理画面・ダッシュボードUI（グラスモーフィズム）","プロ（演出多め）"
"UI-02415","顧客管理（CRM）のiOSアプリUI（ジオメトリック・グラフィカル）","プロ（演出多め）"
"UI-02416","飲食店モバイルオーダーの管理画面・ダッシュボードUI（ラグジュアリー・高級感）","上級"
"UI-02417","SNS・コミュニティの管理画面・ダッシュボードUI（ニューブルータリズム）","プロ（演出多め）"
"UI-02418","マッチングの管理画面・ダッシュボードUI（パステル・ドリーミー）","上級"
"UI-02419","フードデリバリーのスマートウォッチUI（ニューブルータリズム）","上級"
"UI-02420","ヘルスケア・フィットネス記録のスマートウォッチUI（3D・クレイ）","上級"
"UI-02421","飲食店モバイルオーダーのキオスク・サイネージUI（ハンドメイド・手書き）","プロ（演出多め）"
"UI-02422","音楽・ポッドキャストのスマートウォッチUI（ダーク・シネマティック）","上級"
"UI-02423","アクセス解析・BIの管理画面・ダッシュボードUI（ネオン・サイバー）","プロ（演出多め）"
"UI-02424","スマートホーム・IoTのスマートウォッチUI（パステル・ドリーミー）","プロ（演出多め）"
"UI-02425","学習・語学アプリのAndroidアプリUI（3D・クレイ）","プロ（演出多め）"
"UI-02426","音楽・ポッドキャストの管理画面・ダッシュボードUI（グラスモーフィズム）","上級"
"UI-02427","ヘルスケア・フィットネス記録のタブレット / POSUI（ポップ・カラフル）","上級"
"UI-02428","ヘルスケア・フィットネス記録のスマートウォッチUI（北欧・ライフスタイル）","プロ（演出多め）"
"UI-02429","顧客管理（CRM）の管理画面・ダッシュボードUI（信頼・誠実（コーポレート））","上級"
"UI-02430","予約（サロン/ホテル/病院）のスマートウォッチUI（パステル・ドリーミー）","プロ（演出多め）"
"UI-02431","SNS・コミュニティのiOSアプリUI（グラスモーフィズム）","プロ（演出多め）"
"UI-02432","タスク・プロジェクト管理のキオスク・サイネージUI（ナチュラル・オーガニック）","プロ（演出多め）"
"UI-02433","ヘルスケア・フィットネス記録のWebアプリ（SaaS）UI（ポップ・カラフル）","上級"
"UI-02434","タスク・プロジェクト管理のキオスク・サイネージUI（かわいい・ガーリー）","上級"
"UI-02435","予約（サロン/ホテル/病院）のタブレット / POSUI（信頼・誠実（コーポレート））","上級"
"UI-02436","予約（サロン/ホテル/病院）のAndroidアプリUI（エネルギッシュ・スポーティ）","上級"
"UI-02437","アクセス解析・BIのスマートウォッチUI（ネオン・サイバー）","上級"
"UI-02438","飲食店モバイルオーダーのiOSアプリUI（クール・テック）","プロ（演出多め）"
"UI-02439","家計簿・資産管理のキオスク・サイネージUI（ニューブルータリズム）","上級"
"UI-02440","AIアシスタント・チャットのタブレット / POSUI（ポップ・カラフル）","上級"
"UI-02441","ショッピングのiOSアプリUI（ミニマル・洗練）","プロ（演出多め）"
"UI-02442","学習・語学アプリのキオスク・サイネージUI（3D・クレイ）","上級"
"UI-02443","タスク・プロジェクト管理のiOSアプリUI（信頼・誠実（コーポレート））","プロ（演出多め）"
"UI-02444","予約（サロン/ホテル/病院）のスマートウォッチUI（ニューブルータリズム）","プロ（演出多め）"
"UI-02445","AIアシスタント・チャットのiOSアプリUI（ポップ・カラフル）","プロ（演出多め）"
"UI-02446","ショッピングのタブレット / POSUI（パステル・ドリーミー）","上級"
"UI-02447","マッチングのiOSアプリUI（ポップ・カラフル）","プロ（演出多め）"
"UI-02448","ヘルスケア・フィットネス記録のWebアプリ（SaaS）UI（パステル・ドリーミー）","上級"
"UI-02449","アクセス解析・BIのiOSアプリUI（ダーク・シネマティック）","プロ（演出多め）"
"UI-02450","フードデリバリーのAndroidアプリUI（パステル・ドリーミー）","プロ（演出多め）"
"UI-02451","マッチングの管理画面・ダッシュボードUI（ポップ・カラフル）","上級"
"UI-02452","SNS・コミュニティのキオスク・サイネージUI（ミニマル・洗練）","上級"
"UI-02453","SNS・コミュニティの管理画面・ダッシュボードUI（ナチュラル・オーガニック）","プロ（演出多め）"
"UI-02454","予約（サロン/ホテル/病院）のタブレット / POSUI（ポップ・カラフル）","上級"
"UI-02455","スマートホーム・IoTのタブレット / POSUI（ポップ・カラフル）","プロ（演出多め）"
"UI-02456","SNS・コミュニティのAndroidアプリUI（ミニマル・洗練）","上級"
"UI-02457","SNS・コミュニティの管理画面・ダッシュボードUI（ダーク・シネマティック）","上級"
"UI-02458","AIアシスタント・チャットのタブレット / POSUI（パステル・ドリーミー）","プロ（演出多め）"
"UI-02459","フードデリバリーのAndroidアプリUI（かわいい・ガーリー）","プロ（演出多め）"
"UI-02460","タスク・プロジェクト管理のWebアプリ（SaaS）UI（ハンドメイド・手書き）","上級"
"UI-02461","旅行・地図のタブレット / POSUI（ニューブルータリズム）","上級"
"UI-02462","AIアシスタント・チャットのキオスク・サイネージUI（ネオン・サイバー）","プロ（演出多め）"
"UI-02463","ヘルスケア・フィットネス記録のキオスク・サイネージUI（ジオメトリック・グラフィカル）","プロ（演出多め）"
"UI-02464","顧客管理（CRM）のAndroidアプリUI（ネオン・サイバー）","上級"
"UI-02465","タスク・プロジェクト管理の管理画面・ダッシュボードUI（エディトリアル・雑誌風）","プロ（演出多め）"
"UI-02466","AIアシスタント・チャットのWebアプリ（SaaS）UI（グラスモーフィズム）","プロ（演出多め）"
"UI-02467","予約（サロン/ホテル/病院）のiOSアプリUI（北欧・ライフスタイル）","上級"
"UI-02468","予約（サロン/ホテル/病院）の管理画面・ダッシュボードUI（パステル・ドリーミー）","プロ（演出多め）"
"UI-02469","ヘルスケア・フィットネス記録のキオスク・サイネージUI（ネオン・サイバー）","上級"
"UI-02470","顧客管理（CRM）のAndroidアプリUI（グラスモーフィズム）","プロ（演出多め）"
"UI-02471","タスク・プロジェクト管理のAndroidアプリUI（ミニマル・洗練）","プロ（演出多め）"
"UI-02472","ショッピングのキオスク・サイネージUI（グラスモーフィズム）","プロ（演出多め）"
"UI-02473","アクセス解析・BIのAndroidアプリUI（ポップ・カラフル）","プロ（演出多め）"
"UI-02474","ショッピングのiOSアプリUI（ニューブルータリズム）","プロ（演出多め）"
"UI-02475","学習・語学アプリのAndroidアプリUI（クール・テック）","プロ（演出多め）"
"UI-02476","学習・語学アプリのキオスク・サイネージUI（クール・テック）","プロ（演出多め）"
"UI-02477","マッチングのキオスク・サイネージUI（グラスモーフィズム）","プロ（演出多め）"
"UI-02478","家計簿・資産管理のタブレット / POSUI（ニューブルータリズム）","上級"
"UI-02479","家計簿・資産管理のiOSアプリUI（レトロ・Y2K）","上級"
"UI-02480","アクセス解析・BIのキオスク・サイネージUI（ミニマル・洗練）","上級"
"UI-02481","ヘルスケア・フィットネス記録のスマートウォッチUI（ニューブルータリズム）","プロ（演出多め）"
"UI-02482","家計簿・資産管理のAndroidアプリUI（グラスモーフィズム）","上級"
"UI-02483","タスク・プロジェクト管理の管理画面・ダッシュボードUI（グラスモーフィズム）","上級"
"UI-02484","AIアシスタント・チャットのスマートウォッチUI（グラスモーフィズム）","プロ（演出多め）"
"UI-02485","ショッピングのWebアプリ（SaaS）UI（エネルギッシュ・スポーティ）","プロ（演出多め）"
"UI-02486","スマートホーム・IoTのiOSアプリUI（信頼・誠実（コーポレート））","上級"
"UI-02487","ヘルスケア・フィットネス記録の管理画面・ダッシュボードUI（ミニマル・洗練）","プロ（演出多め）"
"UI-02488","家計簿・資産管理のタブレット / POSUI（信頼・誠実（コーポレート））","プロ（演出多め）"
"UI-02489","ヘルスケア・フィットネス記録のタブレット / POSUI（クール・テック）","上級"
"UI-02490","スマートホーム・IoTのスマートウォッチUI（ミニマル・洗練）","プロ（演出多め）"
"UI-02491","タスク・プロジェクト管理のiOSアプリUI（ジオメトリック・グラフィカル）","上級"
"UI-02492","タスク・プロジェクト管理のWebアプリ（SaaS）UI（信頼・誠実（コーポレート））","プロ（演出多め）"
"UI-02493","飲食店モバイルオーダーのAndroidアプリUI（3D・クレイ）","プロ（演出多め）"
"UI-02494","ヘルスケア・フィットネス記録のWebアプリ（SaaS）UI（ネオン・サイバー）","プロ（演出多め）"
"UI-02495","フードデリバリーの管理画面・ダッシュボードUI（ポップ・カラフル）","プロ（演出多め）"
"UI-02496","アクセス解析・BIのキオスク・サイネージUI（グラスモーフィズム）","プロ（演出多め）"
"UI-02497","タスク・プロジェクト管理のタブレット / POSUI（レトロ・Y2K）","上級"
"UI-02498","顧客管理（CRM）のキオスク・サイネージUI（ナチュラル・オーガニック）","上級"
"UI-02499","音楽・ポッドキャストの管理画面・ダッシュボードUI（ニューブルータリズム）","プロ（演出多め）"
"UI-02500","マッチングのAndroidアプリUI（パステル・ドリーミー）","上級"
"UI-02501","家計簿・資産管理のキオスク・サイネージUI（ニューブルータリズム）","プロ（演出多め）"
"UI-02502","AIアシスタント・チャットのキオスク・サイネージUI（かわいい・ガーリー）","プロ（演出多め）"
"UI-02503","フードデリバリーのiOSアプリUI（ハンドメイド・手書き）","上級"
"UI-02504","学習・語学アプリのキオスク・サイネージUI（クール・テック）","プロ（演出多め）"
"UI-02505","AIアシスタント・チャットの管理画面・ダッシュボードUI（ナチュラル・オーガニック）","上級"
"UI-02506","音楽・ポッドキャストのiOSアプリUI（ダーク・シネマティック）","プロ（演出多め）"
"UI-02507","家計簿・資産管理のスマートウォッチUI（ニューブルータリズム）","プロ（演出多め）"
"UI-02508","SNS・コミュニティのWebアプリ（SaaS）UI（ナチュラル・オーガニック）","プロ（演出多め）"
"UI-02509","フードデリバリーのWebアプリ（SaaS）UI（かわいい・ガーリー）","プロ（演出多め）"
"UI-02510","タスク・プロジェクト管理のiOSアプリUI（ミニマル・洗練）","上級"
"UI-02511","旅行・地図のAndroidアプリUI（クール・テック）","上級"
"UI-02512","飲食店モバイルオーダーのスマートウォッチUI（信頼・誠実（コーポレート））","プロ（演出多め）"
"UI-02513","旅行・地図の管理画面・ダッシュボードUI（ネオン・サイバー）","プロ（演出多め）"
"UI-02514","フードデリバリーの管理画面・ダッシュボードUI（ハンドメイド・手書き）","プロ（演出多め）"
"UI-02515","ヘルスケア・フィットネス記録のAndroidアプリUI（クール・テック）","上級"
"UI-02516","ヘルスケア・フィットネス記録のキオスク・サイネージUI（レトロ・Y2K）","プロ（演出多め）"
"UI-02517","フードデリバリーのAndroidアプリUI（クール・テック）","プロ（演出多め）"
"UI-02518","家計簿・資産管理のiOSアプリUI（エディトリアル・雑誌風）","プロ（演出多め）"
"UI-02519","音楽・ポッドキャストのWebアプリ（SaaS）UI（ニューブルータリズム）","上級"
"UI-02520","アクセス解析・BIのキオスク・サイネージUI（グラスモーフィズム）","プロ（演出多め）"
"UI-02521","SNS・コミュニティの管理画面・ダッシュボードUI（ニューブルータリズム）","プロ（演出多め）"
"UI-02522","スマートホーム・IoTの管理画面・ダッシュボードUI（グラスモーフィズム）","プロ（演出多め）"
"UI-02523","顧客管理（CRM）のスマートウォッチUI（3D・クレイ）","プロ（演出多め）"
"UI-02524","家計簿・資産管理のWebアプリ（SaaS）UI（グラスモーフィズム）","プロ（演出多め）"
"UI-02525","マッチングのAndroidアプリUI（パステル・ドリーミー）","プロ（演出多め）"
"UI-02526","タスク・プロジェクト管理のスマートウォッチUI（パステル・ドリーミー）","プロ（演出多め）"
"UI-02527","ヘルスケア・フィットネス記録のキオスク・サイネージUI（信頼・誠実（コーポレート））","プロ（演出多め）"
"UI-02528","飲食店モバイルオーダーの管理画面・ダッシュボードUI（信頼・誠実（コーポレート））","プロ（演出多め）"
"UI-02529","AIアシスタント・チャットのタブレット / POSUI（パステル・ドリーミー）","上級"
"UI-02530","アクセス解析・BIのiOSアプリUI（ミニマル・洗練）","上級"
"UI-02531","スマートホーム・IoTの管理画面・ダッシュボードUI（ニューブルータリズム）","プロ（演出多め）"
"UI-02532","学習・語学アプリの管理画面・ダッシュボードUI（ネオン・サイバー）","プロ（演出多め）"
"UI-02533","フードデリバリーのスマートウォッチUI（ニューブルータリズム）","プロ（演出多め）"
"UI-02534","学習・語学アプリのキオスク・サイネージUI（クール・テック）","プロ（演出多め）"
"UI-02535","学習・語学アプリのiOSアプリUI（ニューブルータリズム）","プロ（演出多め）"
"UI-02536","タスク・プロジェクト管理のiOSアプリUI（ポップ・カラフル）","プロ（演出多め）"
"UI-02537","マッチングのタブレット / POSUI（3D・クレイ）","プロ（演出多め）"
"UI-02538","家計簿・資産管理のスマートウォッチUI（信頼・誠実（コーポレート））","上級"
"UI-02539","AIアシスタント・チャットの管理画面・ダッシュボードUI（ポップ・カラフル）","上級"
"UI-02540","ショッピングのiOSアプリUI（クール・テック）","プロ（演出多め）"
"UI-02541","家計簿・資産管理のWebアプリ（SaaS）UI（ニューブルータリズム）","プロ（演出多め）"
"UI-02542","飲食店モバイルオーダーのスマートウォッチUI（グラスモーフィズム）","プロ（演出多め）"
"UI-02543","タスク・プロジェクト管理のキオスク・サイネージUI（ミニマル・洗練）","プロ（演出多め）"
"UI-02544","SNS・コミュニティのiOSアプリUI（パステル・ドリーミー）","プロ（演出多め）"
"UI-02545","旅行・地図のWebアプリ（SaaS）UI（ニューブルータリズム）","プロ（演出多め）"
"UI-02546","タスク・プロジェクト管理のiOSアプリUI（信頼・誠実（コーポレート））","プロ（演出多め）"
"UI-02547","アクセス解析・BIのスマートウォッチUI（和モダン）","プロ（演出多め）"
"UI-02548","旅行・地図のWebアプリ（SaaS）UI（パステル・ドリーミー）","上級"
"UI-02549","SNS・コミュニティの管理画面・ダッシュボードUI（ネオン・サイバー）","プロ（演出多め）"
"UI-02550","タスク・プロジェクト管理の管理画面・ダッシュボードUI（ネオン・サイバー）","プロ（演出多め）"
"UI-02551","フードデリバリーのiOSアプリUI（クール・テック）","プロ（演出多め）"
"UI-02552","旅行・地図のスマートウォッチUI（グラスモーフィズム）","プロ（演出多め）"
"UI-02553","ヘルスケア・フィットネス記録のスマートウォッチUI（ダーク・シネマティック）","プロ（演出多め）"
"UI-02554","家計簿・資産管理のAndroidアプリUI（クール・テック）","プロ（演出多め）"
"UI-02555","家計簿・資産管理のiOSアプリUI（3D・クレイ）","プロ（演出多め）"
"UI-02556","旅行・地図のWebアプリ（SaaS）UI（信頼・誠実（コーポレート））","プロ（演出多め）"
"UI-02557","学習・語学アプリのAndroidアプリUI（クール・テック）","上級"
"UI-02558","予約（サロン/ホテル/病院）のタブレット / POSUI（ネオン・サイバー）","プロ（演出多め）"
"UI-02559","マッチングのWebアプリ（SaaS）UI（和モダン）","プロ（演出多め）"
"UI-02560","ヘルスケア・フィットネス記録のWebアプリ（SaaS）UI（ミニマル・洗練）","上級"
"UI-02561","旅行・地図のタブレット / POSUI（ポップ・カラフル）","プロ（演出多め）"
"UI-02562","音楽・ポッドキャストのWebアプリ（SaaS）UI（3D・クレイ）","プロ（演出多め）"
"UI-02563","飲食店モバイルオーダーのiOSアプリUI（ミニマル・洗練）","プロ（演出多め）"
"UI-02564","スマートホーム・IoTの管理画面・ダッシュボードUI（ニューブルータリズム）","プロ（演出多め）"
"UI-02565","マッチングのタブレット / POSUI（ミニマル・洗練）","プロ（演出多め）"
"UI-02566","ヘルスケア・フィットネス記録のスマートウォッチUI（ニューブルータリズム）","プロ（演出多め）"
"UI-02567","飲食店モバイルオーダーのWebアプリ（SaaS）UI（クール・テック）","プロ（演出多め）"
"UI-02568","ヘルスケア・フィットネス記録のAndroidアプリUI（信頼・誠実（コーポレート））","上級"
"UI-02569","旅行・地図のWebアプリ（SaaS）UI（パステル・ドリーミー）","プロ（演出多め）"
"UI-02570","顧客管理（CRM）のAndroidアプリUI（ハンドメイド・手書き）","プロ（演出多め）"
"UI-02571","SNS・コミュニティのキオスク・サイネージUI（パステル・ドリーミー）","上級"
"UI-02572","ショッピングのタブレット / POSUI（パステル・ドリーミー）","上級"
"UI-02573","ヘルスケア・フィットネス記録のWebアプリ（SaaS）UI（グラスモーフィズム）","プロ（演出多め）"
"UI-02574","ショッピングのタブレット / POSUI（パステル・ドリーミー）","上級"
"UI-02575","AIアシスタント・チャットのタブレット / POSUI（ラグジュアリー・高級感）","プロ（演出多め）"
"UI-02576","家計簿・資産管理のキオスク・サイネージUI（ポップ・カラフル）","プロ（演出多め）"
"UI-02577","AIアシスタント・チャットのiOSアプリUI（ニューブルータリズム）","プロ（演出多め）"
"UI-02578","AIアシスタント・チャットのWebアプリ（SaaS）UI（エネルギッシュ・スポーティ）","上級"
"UI-02579","SNS・コミュニティのタブレット / POSUI（3D・クレイ）","プロ（演出多め）"
"UI-02580","音楽・ポッドキャストのWebアプリ（SaaS）UI（クール・テック）","プロ（演出多め）"
"UI-02581","タスク・プロジェクト管理のキオスク・サイネージUI（3D・クレイ）","上級"
"UI-02582","家計簿・資産管理のキオスク・サイネージUI（ポップ・カラフル）","プロ（演出多め）"
"UI-02583","飲食店モバイルオーダーのWebアプリ（SaaS）UI（ポップ・カラフル）","プロ（演出多め）"
"UI-02584","フードデリバリーのスマートウォッチUI（クール・テック）","上級"
"UI-02585","顧客管理（CRM）のiOSアプリUI（パステル・ドリーミー）","上級"
"UI-02586","顧客管理（CRM）のiOSアプリUI（北欧・ライフスタイル）","プロ（演出多め）"
"UI-02587","ヘルスケア・フィットネス記録の管理画面・ダッシュボードUI（ミニマル・洗練）","プロ（演出多め）"
"UI-02588","顧客管理（CRM）のキオスク・サイネージUI（ネオン・サイバー）","プロ（演出多め）"
"UI-02589","ショッピングのiOSアプリUI（3D・クレイ）","プロ（演出多め）"
"UI-02590","フードデリバリーの管理画面・ダッシュボードUI（3D・クレイ）","プロ（演出多め）"
"UI-02591","旅行・地図のキオスク・サイネージUI（3D・クレイ）","プロ（演出多め）"
"UI-02592","音楽・ポッドキャストのタブレット / POSUI（パステル・ドリーミー）","プロ（演出多め）"
"UI-02593","タスク・プロジェクト管理のAndroidアプリUI（ニューブルータリズム）","上級"
"UI-02594","ショッピングのキオスク・サイネージUI（ニューブルータリズム）","プロ（演出多め）"
"UI-02595","予約（サロン/ホテル/病院）のWebアプリ（SaaS）UI（ニューブルータリズム）","上級"
"UI-02596","タスク・プロジェクト管理のスマートウォッチUI（グラスモーフィズム）","上級"
"UI-02597","旅行・地図のタブレット / POSUI（ナチュラル・オーガニック）","上級"
"UI-02598","マッチングの管理画面・ダッシュボードUI（ジオメトリック・グラフィカル）","プロ（演出多め）"
"UI-02599","タスク・プロジェクト管理のAndroidアプリUI（エネルギッシュ・スポーティ）","プロ（演出多め）"
"UI-02600","顧客管理（CRM）のiOSアプリUI（ミニマル・洗練）","上級"
"UI-02601","学習・語学アプリのiOSアプリUI（クール・テック）","上級"
"UI-02602","ショッピングのキオスク・サイネージUI（ネオン・サイバー）","プロ（演出多め）"
"UI-02603","家計簿・資産管理のAndroidアプリUI（ミニマル・洗練）","上級"
"UI-02604","音楽・ポッドキャストのスマートウォッチUI（3D・クレイ）","プロ（演出多め）"
"UI-02605","マッチングのiOSアプリUI（ポップ・カラフル）","上級"
"UI-02606","アクセス解析・BIのスマートウォッチUI（ポップ・カラフル）","上級"
"UI-02607","学習・語学アプリのスマートウォッチUI（パステル・ドリーミー）","上級"
"UI-02608","家計簿・資産管理の管理画面・ダッシュボードUI（グラスモーフィズム）","プロ（演出多め）"
"UI-02609","音楽・ポッドキャストのタブレット / POSUI（ナチュラル・オーガニック）","プロ（演出多め）"
"UI-02610","音楽・ポッドキャストのスマートウォッチUI（ミニマル・洗練）","上級"
"UI-02611","ショッピングの管理画面・ダッシュボードUI（ミニマル・洗練）","上級"
"UI-02612","ショッピングのWebアプリ（SaaS）UI（3D・クレイ）","プロ（演出多め）"
"UI-02613","顧客管理（CRM）のiOSアプリUI（パステル・ドリーミー）","プロ（演出多め）"
"UI-02614","SNS・コミュニティのAndroidアプリUI（3D・クレイ）","上級"
"UI-02615","SNS・コミュニティのWebアプリ（SaaS）UI（ナチュラル・オーガニック）","プロ（演出多め）"
"UI-02616","AIアシスタント・チャットのキオスク・サイネージUI（ネオン・サイバー）","上級"
"UI-02617","顧客管理（CRM）のiOSアプリUI（パステル・ドリーミー）","上級"
"UI-02618","アクセス解析・BIの管理画面・ダッシュボードUI（クール・テック）","上級"
"UI-02619","フードデリバリーのキオスク・サイネージUI（ネオン・サイバー）","プロ（演出多め）"
"UI-02620","予約（サロン/ホテル/病院）のAndroidアプリUI（信頼・誠実（コーポレート））","プロ（演出多め）"
"UI-02621","ヘルスケア・フィットネス記録のWebアプリ（SaaS）UI（信頼・誠実（コーポレート））","プロ（演出多め）"
"UI-02622","飲食店モバイルオーダーのiOSアプリUI（信頼・誠実（コーポレート））","プロ（演出多め）"
"UI-02623","スマートホーム・IoTのWebアプリ（SaaS）UI（ニューブルータリズム）","上級"
"UI-02624","AIアシスタント・チャットのiOSアプリUI（ニューブルータリズム）","プロ（演出多め）"
"UI-02625","ショッピングのAndroidアプリUI（ネオン・サイバー）","上級"
"UI-02626","アクセス解析・BIのキオスク・サイネージUI（信頼・誠実（コーポレート））","プロ（演出多め）"
"UI-02627","音楽・ポッドキャストのタブレット / POSUI（3D・クレイ）","プロ（演出多め）"
"UI-02628","スマートホーム・IoTのWebアプリ（SaaS）UI（ミニマル・洗練）","上級"
"UI-02629","マッチングのキオスク・サイネージUI（ポップ・カラフル）","プロ（演出多め）"
"UI-02630","家計簿・資産管理の管理画面・ダッシュボードUI（ミニマル・洗練）","プロ（演出多め）"
"UI-02631","アクセス解析・BIのAndroidアプリUI（ミニマル・洗練）","上級"
"UI-02632","AIアシスタント・チャットのAndroidアプリUI（グラスモーフィズム）","プロ（演出多め）"
"UI-02633","旅行・地図のタブレット / POSUI（ラグジュアリー・高級感）","プロ（演出多め）"
"UI-02634","学習・語学アプリのタブレット / POSUI（ジオメトリック・グラフィカル）","プロ（演出多め）"
"UI-02635","ショッピングのAndroidアプリUI（エネルギッシュ・スポーティ）","プロ（演出多め）"
"UI-02636","予約（サロン/ホテル/病院）のWebアプリ（SaaS）UI（ポップ・カラフル）","プロ（演出多め）"
"UI-02637","ショッピングのWebアプリ（SaaS）UI（ジオメトリック・グラフィカル）","プロ（演出多め）"
"UI-02638","マッチングのスマートウォッチUI（ネオン・サイバー）","プロ（演出多め）"
"UI-02639","旅行・地図のタブレット / POSUI（エネルギッシュ・スポーティ）","上級"
"UI-02640","SNS・コミュニティのWebアプリ（SaaS）UI（クール・テック）","プロ（演出多め）"
"UI-02641","予約（サロン/ホテル/病院）のタブレット / POSUI（レトロ・Y2K）","プロ（演出多め）"
"UI-02642","SNS・コミュニティのWebアプリ（SaaS）UI（ポップ・カラフル）","プロ（演出多め）"
"UI-02643","家計簿・資産管理のタブレット / POSUI（3D・クレイ）","上級"
"UI-02644","予約（サロン/ホテル/病院）のiOSアプリUI（3D・クレイ）","プロ（演出多め）"
"UI-02645","AIアシスタント・チャットのキオスク・サイネージUI（ポップ・カラフル）","プロ（演出多め）"
"UI-02646","飲食店モバイルオーダーのAndroidアプリUI（エディトリアル・雑誌風）","上級"
"UI-02647","家計簿・資産管理のタブレット / POSUI（クール・テック）","上級"
"UI-02648","学習・語学アプリのキオスク・サイネージUI（ポップ・カラフル）","プロ（演出多め）"
"UI-02649","学習・語学アプリの管理画面・ダッシュボードUI（ポップ・カラフル）","プロ（演出多め）"
"UI-02650","マッチングのWebアプリ（SaaS）UI（エディトリアル・雑誌風）","上級"
"UI-02651","アクセス解析・BIのAndroidアプリUI（パステル・ドリーミー）","プロ（演出多め）"
"UI-02652","タスク・プロジェクト管理のiOSアプリUI（ミニマル・洗練）","上級"
"UI-02653","SNS・コミュニティのスマートウォッチUI（ネオン・サイバー）","上級"
"UI-02654","旅行・地図のキオスク・サイネージUI（パステル・ドリーミー）","プロ（演出多め）"
"UI-02655","予約（サロン/ホテル/病院）のiOSアプリUI（ネオン・サイバー）","プロ（演出多め）"
"UI-02656","アクセス解析・BIのWebアプリ（SaaS）UI（ポップ・カラフル）","上級"
"UI-02657","マッチングのWebアプリ（SaaS）UI（ナチュラル・オーガニック）","プロ（演出多め）"
"UI-02658","学習・語学アプリのスマートウォッチUI（ポップ・カラフル）","プロ（演出多め）"
"UI-02659","顧客管理（CRM）のWebアプリ（SaaS）UI（ナチュラル・オーガニック）","上級"
"UI-02660","予約（サロン/ホテル/病院）の管理画面・ダッシュボードUI（ポップ・カラフル）","上級"
"UI-02661","ショッピングのスマートウォッチUI（ミニマル・洗練）","プロ（演出多め）"
"UI-02662","学習・語学アプリのWebアプリ（SaaS）UI（クール・テック）","プロ（演出多め）"
"UI-02663","ショッピングのWebアプリ（SaaS）UI（ポップ・カラフル）","プロ（演出多め）"
"UI-02664","家計簿・資産管理のiOSアプリUI（レトロ・Y2K）","上級"
"UI-02665","予約（サロン/ホテル/病院）のタブレット / POSUI（信頼・誠実（コーポレート））","プロ（演出多め）"
"UI-02666","スマートホーム・IoTのタブレット / POSUI（グラスモーフィズム）","プロ（演出多め）"
"UI-02667","予約（サロン/ホテル/病院）のiOSアプリUI（パステル・ドリーミー）","プロ（演出多め）"
"UI-02668","AIアシスタント・チャットのキオスク・サイネージUI（3D・クレイ）","上級"
"UI-02669","顧客管理（CRM）のキオスク・サイネージUI（3D・クレイ）","プロ（演出多め）"
"UI-02670","スマートホーム・IoTのAndroidアプリUI（エディトリアル・雑誌風）","プロ（演出多め）"
"UI-02671","フードデリバリーのスマートウォッチUI（3D・クレイ）","上級"
"UI-02672","ヘルスケア・フィットネス記録のスマートウォッチUI（ポップ・カラフル）","上級"
"UI-02673","SNS・コミュニティのキオスク・サイネージUI（信頼・誠実（コーポレート））","プロ（演出多め）"
"UI-02674","AIアシスタント・チャットのWebアプリ（SaaS）UI（信頼・誠実（コーポレート））","プロ（演出多め）"
"UI-02675","AIアシスタント・チャットのWebアプリ（SaaS）UI（クール・テック）","プロ（演出多め）"
"UI-02676","タスク・プロジェクト管理の管理画面・ダッシュボードUI（ミニマル・洗練）","上級"
"UI-02677","マッチングの管理画面・ダッシュボードUI（北欧・ライフスタイル）","プロ（演出多め）"
"UI-02678","学習・語学アプリのキオスク・サイネージUI（ミニマル・洗練）","プロ（演出多め）"
"UI-02679","学習・語学アプリのスマートウォッチUI（信頼・誠実（コーポレート））","プロ（演出多め）"
"UI-02680","アクセス解析・BIのキオスク・サイネージUI（エディトリアル・雑誌風）","プロ（演出多め）"
"UI-02681","スマートホーム・IoTのキオスク・サイネージUI（3D・クレイ）","プロ（演出多め）"
"UI-02682","マッチングのタブレット / POSUI（ミニマル・洗練）","上級"
"UI-02683","アクセス解析・BIのスマートウォッチUI（ポップ・カラフル）","上級"
"UI-02684","ヘルスケア・フィットネス記録のWebアプリ（SaaS）UI（ミニマル・洗練）","プロ（演出多め）"
"UI-02685","スマートホーム・IoTの管理画面・ダッシュボードUI（パステル・ドリーミー）","プロ（演出多め）"
"UI-02686","予約（サロン/ホテル/病院）の管理画面・ダッシュボードUI（和モダン）","上級"
"UI-02687","フードデリバリーのiOSアプリUI（グラスモーフィズム）","プロ（演出多め）"
"UI-02688","ショッピングのキオスク・サイネージUI（ニューブルータリズム）","プロ（演出多め）"
"UI-02689","家計簿・資産管理のスマートウォッチUI（和モダン）","プロ（演出多め）"
"UI-02690","家計簿・資産管理のAndroidアプリUI（グラスモーフィズム）","プロ（演出多め）"
"UI-02691","タスク・プロジェクト管理のiOSアプリUI（信頼・誠実（コーポレート））","プロ（演出多め）"
"UI-02692","学習・語学アプリのタブレット / POSUI（ダーク・シネマティック）","上級"
"UI-02693","音楽・ポッドキャストのAndroidアプリUI（ジオメトリック・グラフィカル）","上級"
"UI-02694","タスク・プロジェクト管理のiOSアプリUI（ネオン・サイバー）","上級"
"UI-02695","ショッピングの管理画面・ダッシュボードUI（クール・テック）","上級"
"UI-02696","AIアシスタント・チャットのAndroidアプリUI（信頼・誠実（コーポレート））","プロ（演出多め）"
"UI-02697","飲食店モバイルオーダーのタブレット / POSUI（ニューブルータリズム）","プロ（演出多め）"
"UI-02698","AIアシスタント・チャットの管理画面・ダッシュボードUI（ポップ・カラフル）","プロ（演出多め）"
"UI-02699","スマートホーム・IoTのiOSアプリUI（ポップ・カラフル）","プロ（演出多め）"
"UI-02700","旅行・地図のキオスク・サイネージUI（ダーク・シネマティック）","プロ（演出多め）"
"UI-02701","音楽・ポッドキャストの管理画面・ダッシュボードUI（ミニマル・洗練）","プロ（演出多め）"
"UI-02702","SNS・コミュニティのスマートウォッチUI（ミニマル・洗練）","プロ（演出多め）"
"UI-02703","アクセス解析・BIのWebアプリ（SaaS）UI（クール・テック）","プロ（演出多め）"
"UI-02704","学習・語学アプリのキオスク・サイネージUI（信頼・誠実（コーポレート））","上級"
"UI-02705","家計簿・資産管理のWebアプリ（SaaS）UI（信頼・誠実（コーポレート））","プロ（演出多め）"
"UI-02706","スマートホーム・IoTのiOSアプリUI（3D・クレイ）","プロ（演出多め）"
"UI-02707","学習・語学アプリのWebアプリ（SaaS）UI（ハンドメイド・手書き）","プロ（演出多め）"
"UI-02708","顧客管理（CRM）のWebアプリ（SaaS）UI（信頼・誠実（コーポレート））","プロ（演出多め）"
"UI-02709","家計簿・資産管理のスマートウォッチUI（グラスモーフィズム）","プロ（演出多め）"
"UI-02710","音楽・ポッドキャストのタブレット / POSUI（北欧・ライフスタイル）","プロ（演出多め）"
"UI-02711","ショッピングのAndroidアプリUI（ラグジュアリー・高級感）","上級"
"UI-02712","顧客管理（CRM）のWebアプリ（SaaS）UI（パステル・ドリーミー）","プロ（演出多め）"
"UI-02713","飲食店モバイルオーダーのタブレット / POSUI（ミニマル・洗練）","プロ（演出多め）"
"UI-02714","スマートホーム・IoTの管理画面・ダッシュボードUI（グラスモーフィズム）","上級"
"UI-02715","フードデリバリーのスマートウォッチUI（信頼・誠実（コーポレート））","上級"
"UI-02716","学習・語学アプリのWebアプリ（SaaS）UI（ポップ・カラフル）","プロ（演出多め）"
"UI-02717","家計簿・資産管理のスマートウォッチUI（エディトリアル・雑誌風）","上級"
"UI-02718","タスク・プロジェクト管理のスマートウォッチUI（クール・テック）","プロ（演出多め）"
"UI-02719","AIアシスタント・チャットのスマートウォッチUI（ニューブルータリズム）","上級"
"UI-02720","学習・語学アプリのiOSアプリUI（和モダン）","プロ（演出多め）"
"UI-02721","タスク・プロジェクト管理のキオスク・サイネージUI（ニューブルータリズム）","プロ（演出多め）"
"UI-02722","SNS・コミュニティのタブレット / POSUI（かわいい・ガーリー）","プロ（演出多め）"
"UI-02723","SNS・コミュニティのiOSアプリUI（ネオン・サイバー）","プロ（演出多め）"
"UI-02724","飲食店モバイルオーダーのキオスク・サイネージUI（ジオメトリック・グラフィカル）","上級"
"UI-02725","AIアシスタント・チャットのキオスク・サイネージUI（ミニマル・洗練）","プロ（演出多め）"
"UI-02726","予約（サロン/ホテル/病院）のiOSアプリUI（ラグジュアリー・高級感）","プロ（演出多め）"
"UI-02727","AIアシスタント・チャットのスマートウォッチUI（ポップ・カラフル）","上級"
"UI-02728","フードデリバリーのタブレット / POSUI（グラスモーフィズム）","プロ（演出多め）"
"UI-02729","マッチングのAndroidアプリUI（信頼・誠実（コーポレート））","プロ（演出多め）"
"UI-02730","飲食店モバイルオーダーの管理画面・ダッシュボードUI（ダーク・シネマティック）","プロ（演出多め）"
"UI-02731","タスク・プロジェクト管理のタブレット / POSUI（ニューブルータリズム）","プロ（演出多め）"
"UI-02732","飲食店モバイルオーダーのAndroidアプリUI（信頼・誠実（コーポレート））","プロ（演出多め）"
"UI-02733","音楽・ポッドキャストのAndroidアプリUI（信頼・誠実（コーポレート））","プロ（演出多め）"
"UI-02734","学習・語学アプリのWebアプリ（SaaS）UI（ニューブルータリズム）","プロ（演出多め）"
"UI-02735","飲食店モバイルオーダーのキオスク・サイネージUI（グラスモーフィズム）","上級"
"UI-02736","アクセス解析・BIのiOSアプリUI（グラスモーフィズム）","プロ（演出多め）"
"UI-02737","タスク・プロジェクト管理の管理画面・ダッシュボードUI（ラグジュアリー・高級感）","プロ（演出多め）"
"UI-02738","フードデリバリーの管理画面・ダッシュボードUI（和モダン）","プロ（演出多め）"
"UI-02739","ショッピングのキオスク・サイネージUI（ダーク・シネマティック）","プロ（演出多め）"
"UI-02740","学習・語学アプリのタブレット / POSUI（3D・クレイ）","上級"
"UI-02741","スマートホーム・IoTのタブレット / POSUI（ネオン・サイバー）","プロ（演出多め）"
"UI-02742","アクセス解析・BIのキオスク・サイネージUI（信頼・誠実（コーポレート））","上級"
"UI-02743","旅行・地図のタブレット / POSUI（和モダン）","上級"
"UI-02744","家計簿・資産管理のタブレット / POSUI（ポップ・カラフル）","プロ（演出多め）"
"UI-02745","スマートホーム・IoTのスマートウォッチUI（グラスモーフィズム）","上級"
"UI-02746","音楽・ポッドキャストのWebアプリ（SaaS）UI（ネオン・サイバー）","プロ（演出多め）"
"UI-02747","飲食店モバイルオーダーのスマートウォッチUI（グラスモーフィズム）","上級"
"UI-02748","学習・語学アプリのiOSアプリUI（ニューブルータリズム）","プロ（演出多め）"
"UI-02749","SNS・コミュニティのiOSアプリUI（ネオン・サイバー）","プロ（演出多め）"
"UI-02750","飲食店モバイルオーダーのタブレット / POSUI（ナチュラル・オーガニック）","プロ（演出多め）"
"UI-02751","飲食店モバイルオーダーのAndroidアプリUI（ミニマル・洗練）","プロ（演出多め）"
"UI-02752","飲食店モバイルオーダーのAndroidアプリUI（エディトリアル・雑誌風）","プロ（演出多め）"
"UI-02753","音楽・ポッドキャストのキオスク・サイネージUI（クール・テック）","上級"
"UI-02754","顧客管理（CRM）のAndroidアプリUI（ニューブルータリズム）","プロ（演出多め）"
"UI-02755","ヘルスケア・フィットネス記録のAndroidアプリUI（信頼・誠実（コーポレート））","プロ（演出多め）"
"UI-02756","飲食店モバイルオーダーのタブレット / POSUI（ネオン・サイバー）","上級"
"UI-02757","タスク・プロジェクト管理の管理画面・ダッシュボードUI（ポップ・カラフル）","プロ（演出多め）"
"UI-02758","旅行・地図のAndroidアプリUI（グラスモーフィズム）","プロ（演出多め）"
"UI-02759","予約（サロン/ホテル/病院）のiOSアプリUI（3D・クレイ）","プロ（演出多め）"
"UI-02760","学習・語学アプリの管理画面・ダッシュボードUI（ネオン・サイバー）","プロ（演出多め）"
"UI-02761","家計簿・資産管理のWebアプリ（SaaS）UI（パステル・ドリーミー）","プロ（演出多め）"
"UI-02762","家計簿・資産管理のWebアプリ（SaaS）UI（ナチュラル・オーガニック）","プロ（演出多め）"
"UI-02763","家計簿・資産管理のスマートウォッチUI（エネルギッシュ・スポーティ）","プロ（演出多め）"
"UI-02764","スマートホーム・IoTの管理画面・ダッシュボードUI（ポップ・カラフル）","上級"
"UI-02765","フードデリバリーのキオスク・サイネージUI（信頼・誠実（コーポレート））","プロ（演出多め）"
"UI-02766","旅行・地図のタブレット / POSUI（ニューブルータリズム）","プロ（演出多め）"
"UI-02767","スマートホーム・IoTのスマートウォッチUI（3D・クレイ）","プロ（演出多め）"
"UI-02768","旅行・地図のWebアプリ（SaaS）UI（信頼・誠実（コーポレート））","プロ（演出多め）"
"UI-02769","マッチングのタブレット / POSUI（ポップ・カラフル）","上級"
"UI-02770","アクセス解析・BIのiOSアプリUI（信頼・誠実（コーポレート））","プロ（演出多め）"
"UI-02771","マッチングのiOSアプリUI（パステル・ドリーミー）","プロ（演出多め）"
"UI-02772","顧客管理（CRM）の管理画面・ダッシュボードUI（グラスモーフィズム）","プロ（演出多め）"
"UI-02773","音楽・ポッドキャストの管理画面・ダッシュボードUI（ミニマル・洗練）","プロ（演出多め）"
"UI-02774","SNS・コミュニティのAndroidアプリUI（ネオン・サイバー）","プロ（演出多め）"
"UI-02775","スマートホーム・IoTの管理画面・ダッシュボードUI（ミニマル・洗練）","上級"
"UI-02776","家計簿・資産管理の管理画面・ダッシュボードUI（ハンドメイド・手書き）","上級"
"UI-02777","マッチングのスマートウォッチUI（クール・テック）","プロ（演出多め）"
"UI-02778","AIアシスタント・チャットのスマートウォッチUI（ネオン・サイバー）","上級"
"UI-02779","スマートホーム・IoTのWebアプリ（SaaS）UI（かわいい・ガーリー）","プロ（演出多め）"
"UI-02780","アクセス解析・BIの管理画面・ダッシュボードUI（ミニマル・洗練）","プロ（演出多め）"
"UI-02781","SNS・コミュニティのタブレット / POSUI（ニューブルータリズム）","プロ（演出多め）"
"UI-02782","飲食店モバイルオーダーのキオスク・サイネージUI（パステル・ドリーミー）","プロ（演出多め）"
"UI-02783","スマートホーム・IoTの管理画面・ダッシュボードUI（クール・テック）","プロ（演出多め）"
"UI-02784","ショッピングのタブレット / POSUI（ミニマル・洗練）","プロ（演出多め）"
"UI-02785","タスク・プロジェクト管理のiOSアプリUI（ダーク・シネマティック）","上級"
"UI-02786","家計簿・資産管理の管理画面・ダッシュボードUI（ネオン・サイバー）","プロ（演出多め）"
"UI-02787","フードデリバリーのiOSアプリUI（ハンドメイド・手書き）","プロ（演出多め）"
"UI-02788","ショッピングのWebアプリ（SaaS）UI（クール・テック）","プロ（演出多め）"
"UI-02789","アクセス解析・BIのキオスク・サイネージUI（ニューブルータリズム）","プロ（演出多め）"
"UI-02790","音楽・ポッドキャストのWebアプリ（SaaS）UI（かわいい・ガーリー）","プロ（演出多め）"
"UI-02791","ヘルスケア・フィットネス記録のタブレット / POSUI（グラスモーフィズム）","プロ（演出多め）"
"UI-02792","飲食店モバイルオーダーのAndroidアプリUI（信頼・誠実（コーポレート））","プロ（演出多め）"
"UI-02793","AIアシスタント・チャットのタブレット / POSUI（3D・クレイ）","プロ（演出多め）"
"UI-02794","マッチングのWebアプリ（SaaS）UI（パステル・ドリーミー）","プロ（演出多め）"
"UI-02795","AIアシスタント・チャットのAndroidアプリUI（ダーク・シネマティック）","プロ（演出多め）"
"UI-02796","タスク・プロジェクト管理のAndroidアプリUI（ポップ・カラフル）","上級"
"UI-02797","飲食店モバイルオーダーのWebアプリ（SaaS）UI（ミニマル・洗練）","プロ（演出多め）"
"UI-02798","飲食店モバイルオーダーのスマートウォッチUI（信頼・誠実（コーポレート））","プロ（演出多め）"
"UI-02799","顧客管理（CRM）のWebアプリ（SaaS）UI（クール・テック）","プロ（演出多め）"
"UI-02800","AIアシスタント・チャットのAndroidアプリUI（3D・クレイ）","プロ（演出多め）"
"UI-02801","旅行・地図のiOSアプリUI（ポップ・カラフル）","上級"
"UI-02802","飲食店モバイルオーダーのスマートウォッチUI（ナチュラル・オーガニック）","プロ（演出多め）"
"UI-02803","飲食店モバイルオーダーのAndroidアプリUI（ネオン・サイバー）","プロ（演出多め）"
"UI-02804","タスク・プロジェクト管理のキオスク・サイネージUI（パステル・ドリーミー）","上級"
"UI-02805","ヘルスケア・フィットネス記録の管理画面・ダッシュボードUI（3D・クレイ）","上級"
"UI-02806","旅行・地図のスマートウォッチUI（ミニマル・洗練）","上級"
"UI-02807","学習・語学アプリのiOSアプリUI（レトロ・Y2K）","プロ（演出多め）"
"UI-02808","アクセス解析・BIのキオスク・サイネージUI（クール・テック）","プロ（演出多め）"
"UI-02809","旅行・地図のiOSアプリUI（グラスモーフィズム）","プロ（演出多め）"
"UI-02810","顧客管理（CRM）のWebアプリ（SaaS）UI（北欧・ライフスタイル）","上級"
"UI-02811","学習・語学アプリのWebアプリ（SaaS）UI（ポップ・カラフル）","プロ（演出多め）"
"UI-02812","タスク・プロジェクト管理のキオスク・サイネージUI（グラスモーフィズム）","上級"
"UI-02813","予約（サロン/ホテル/病院）のキオスク・サイネージUI（エディトリアル・雑誌風）","プロ（演出多め）"
"UI-02814","マッチングのiOSアプリUI（北欧・ライフスタイル）","プロ（演出多め）"
"UI-02815","ショッピングのWebアプリ（SaaS）UI（ポップ・カラフル）","上級"
"UI-02816","AIアシスタント・チャットのWebアプリ（SaaS）UI（ニューブルータリズム）","上級"
"UI-02817","飲食店モバイルオーダーのスマートウォッチUI（グラスモーフィズム）","上級"
"UI-02818","音楽・ポッドキャストのスマートウォッチUI（クール・テック）","上級"
"UI-02819","AIアシスタント・チャットのキオスク・サイネージUI（レトロ・Y2K）","上級"
"UI-02820","音楽・ポッドキャストのWebアプリ（SaaS）UI（クール・テック）","プロ（演出多め）"
"UI-02821","AIアシスタント・チャットのキオスク・サイネージUI（パステル・ドリーミー）","上級"
"UI-02822","タスク・プロジェクト管理のiOSアプリUI（パステル・ドリーミー）","上級"
"UI-02823","アクセス解析・BIのキオスク・サイネージUI（クール・テック）","プロ（演出多め）"
"UI-02824","ショッピングの管理画面・ダッシュボードUI（グラスモーフィズム）","プロ（演出多め）"
"UI-02825","SNS・コミュニティのスマートウォッチUI（3D・クレイ）","上級"
"UI-02826","学習・語学アプリのキオスク・サイネージUI（ネオン・サイバー）","上級"
"UI-02827","ヘルスケア・フィットネス記録のスマートウォッチUI（パステル・ドリーミー）","プロ（演出多め）"
"UI-02828","SNS・コミュニティのキオスク・サイネージUI（ジオメトリック・グラフィカル）","上級"
"UI-02829","ショッピングのWebアプリ（SaaS）UI（クール・テック）","プロ（演出多め）"
"UI-02830","家計簿・資産管理のキオスク・サイネージUI（ハンドメイド・手書き）","プロ（演出多め）"
"UI-02831","学習・語学アプリのAndroidアプリUI（北欧・ライフスタイル）","プロ（演出多め）"
"UI-02832","AIアシスタント・チャットのスマートウォッチUI（ナチュラル・オーガニック）","プロ（演出多め）"
"UI-02833","飲食店モバイルオーダーのAndroidアプリUI（パステル・ドリーミー）","上級"
"UI-02834","フードデリバリーのWebアプリ（SaaS）UI（ナチュラル・オーガニック）","上級"
"UI-02835","ヘルスケア・フィットネス記録のキオスク・サイネージUI（信頼・誠実（コーポレート））","プロ（演出多め）"
"UI-02836","SNS・コミュニティのWebアプリ（SaaS）UI（ミニマル・洗練）","プロ（演出多め）"
"UI-02837","アクセス解析・BIの管理画面・ダッシュボードUI（ダーク・シネマティック）","プロ（演出多め）"
"UI-02838","アクセス解析・BIのAndroidアプリUI（エディトリアル・雑誌風）","上級"
"UI-02839","マッチングのWebアプリ（SaaS）UI（エネルギッシュ・スポーティ）","上級"
"UI-02840","音楽・ポッドキャストのタブレット / POSUI（パステル・ドリーミー）","プロ（演出多め）"
"UI-02841","予約（サロン/ホテル/病院）のWebアプリ（SaaS）UI（グラスモーフィズム）","プロ（演出多め）"
"UI-02842","ヘルスケア・フィットネス記録のスマートウォッチUI（3D・クレイ）","上級"
"UI-02843","飲食店モバイルオーダーのキオスク・サイネージUI（北欧・ライフスタイル）","プロ（演出多め）"
"UI-02844","学習・語学アプリのWebアプリ（SaaS）UI（エネルギッシュ・スポーティ）","プロ（演出多め）"
"UI-02845","旅行・地図のWebアプリ（SaaS）UI（ニューブルータリズム）","プロ（演出多め）"
"UI-02846","SNS・コミュニティのiOSアプリUI（北欧・ライフスタイル）","プロ（演出多め）"
"UI-02847","マッチングのAndroidアプリUI（ポップ・カラフル）","プロ（演出多め）"
"UI-02848","学習・語学アプリのキオスク・サイネージUI（パステル・ドリーミー）","プロ（演出多め）"
"UI-02849","SNS・コミュニティのキオスク・サイネージUI（信頼・誠実（コーポレート））","プロ（演出多め）"
"UI-02850","AIアシスタント・チャットのキオスク・サイネージUI（和モダン）","上級"
"UI-02851","家計簿・資産管理のWebアプリ（SaaS）UI（パステル・ドリーミー）","プロ（演出多め）"
"UI-02852","家計簿・資産管理のWebアプリ（SaaS）UI（グラスモーフィズム）","上級"
"UI-02853","AIアシスタント・チャットの管理画面・ダッシュボードUI（クール・テック）","上級"
"UI-02854","顧客管理（CRM）のタブレット / POSUI（ネオン・サイバー）","上級"
"UI-02855","アクセス解析・BIのタブレット / POSUI（グラスモーフィズム）","プロ（演出多め）"
"UI-02856","ヘルスケア・フィットネス記録のiOSアプリUI（クール・テック）","プロ（演出多め）"
"UI-02857","ヘルスケア・フィットネス記録のスマートウォッチUI（グラスモーフィズム）","上級"
"UI-02858","旅行・地図のiOSアプリUI（3D・クレイ）","上級"
"UI-02859","ショッピングのキオスク・サイネージUI（ミニマル・洗練）","プロ（演出多め）"
"UI-02860","顧客管理（CRM）のiOSアプリUI（信頼・誠実（コーポレート））","プロ（演出多め）"
"UI-02861","SNS・コミュニティの管理画面・ダッシュボードUI（ラグジュアリー・高級感）","プロ（演出多め）"
"UI-02862","タスク・プロジェクト管理のWebアプリ（SaaS）UI（ミニマル・洗練）","上級"
"UI-02863","SNS・コミュニティのAndroidアプリUI（ダーク・シネマティック）","上級"
"UI-02864","スマートホーム・IoTのiOSアプリUI（レトロ・Y2K）","プロ（演出多め）"
"UI-02865","飲食店モバイルオーダーのスマートウォッチUI（ハンドメイド・手書き）","プロ（演出多め）"
"UI-02866","ショッピングのキオスク・サイネージUI（信頼・誠実（コーポレート））","上級"
"UI-02867","スマートホーム・IoTのスマートウォッチUI（3D・クレイ）","プロ（演出多め）"
"UI-02868","ヘルスケア・フィットネス記録のWebアプリ（SaaS）UI（3D・クレイ）","プロ（演出多め）"
"UI-02869","ショッピングのiOSアプリUI（信頼・誠実（コーポレート））","プロ（演出多め）"
"UI-02870","音楽・ポッドキャストのiOSアプリUI（3D・クレイ）","プロ（演出多め）"
"UI-02871","タスク・プロジェクト管理の管理画面・ダッシュボードUI（パステル・ドリーミー）","上級"
"UI-02872","タスク・プロジェクト管理のスマートウォッチUI（グラスモーフィズム）","プロ（演出多め）"
"UI-02873","音楽・ポッドキャストのスマートウォッチUI（ニューブルータリズム）","プロ（演出多め）"
"UI-02874","SNS・コミュニティのスマートウォッチUI（ポップ・カラフル）","上級"
"UI-02875","音楽・ポッドキャストのキオスク・サイネージUI（ポップ・カラフル）","プロ（演出多め）"
"UI-02876","予約（サロン/ホテル/病院）のキオスク・サイネージUI（ニューブルータリズム）","プロ（演出多め）"
"UI-02877","タスク・プロジェクト管理のAndroidアプリUI（信頼・誠実（コーポレート））","上級"
"UI-02878","旅行・地図のキオスク・サイネージUI（クール・テック）","上級"
"UI-02879","飲食店モバイルオーダーのタブレット / POSUI（信頼・誠実（コーポレート））","上級"
"UI-02880","スマートホーム・IoTのキオスク・サイネージUI（ミニマル・洗練）","プロ（演出多め）"
"UI-02881","旅行・地図のキオスク・サイネージUI（ジオメトリック・グラフィカル）","プロ（演出多め）"
"UI-02882","ヘルスケア・フィットネス記録のAndroidアプリUI（エネルギッシュ・スポーティ）","プロ（演出多め）"
"UI-02883","タスク・プロジェクト管理の管理画面・ダッシュボードUI（ハンドメイド・手書き）","プロ（演出多め）"
"UI-02884","マッチングのタブレット / POSUI（ネオン・サイバー）","プロ（演出多め）"
"UI-02885","予約（サロン/ホテル/病院）のキオスク・サイネージUI（グラスモーフィズム）","プロ（演出多め）"
"UI-02886","ショッピングのキオスク・サイネージUI（ミニマル・洗練）","上級"
"UI-02887","旅行・地図のiOSアプリUI（信頼・誠実（コーポレート））","上級"
"UI-02888","スマートホーム・IoTのAndroidアプリUI（グラスモーフィズム）","上級"
"UI-02889","マッチングの管理画面・ダッシュボードUI（ミニマル・洗練）","上級"
"UI-02890","タスク・プロジェクト管理の管理画面・ダッシュボードUI（ナチュラル・オーガニック）","プロ（演出多め）"
"UI-02891","マッチングのWebアプリ（SaaS）UI（ポップ・カラフル）","上級"
"UI-02892","アクセス解析・BIのキオスク・サイネージUI（グラスモーフィズム）","プロ（演出多め）"
"UI-02893","ショッピングの管理画面・ダッシュボードUI（信頼・誠実（コーポレート））","上級"
"UI-02894","スマートホーム・IoTのAndroidアプリUI（ニューブルータリズム）","プロ（演出多め）"
"UI-02895","旅行・地図のスマートウォッチUI（ミニマル・洗練）","プロ（演出多め）"
"UI-02896","飲食店モバイルオーダーのキオスク・サイネージUI（ジオメトリック・グラフィカル）","上級"
"UI-02897","スマートホーム・IoTのキオスク・サイネージUI（ミニマル・洗練）","プロ（演出多め）"
"UI-02898","タスク・プロジェクト管理のタブレット / POSUI（グラスモーフィズム）","上級"
"UI-02899","ヘルスケア・フィットネス記録のAndroidアプリUI（ラグジュアリー・高級感）","プロ（演出多め）"
"UI-02900","タスク・プロジェクト管理のWebアプリ（SaaS）UI（ミニマル・洗練）","プロ（演出多め）"
"UI-02901","アクセス解析・BIのスマートウォッチUI（エディトリアル・雑誌風）","上級"
"UI-02902","SNS・コミュニティのAndroidアプリUI（クール・テック）","プロ（演出多め）"
"UI-02903","アクセス解析・BIの管理画面・ダッシュボードUI（パステル・ドリーミー）","プロ（演出多め）"
"UI-02904","タスク・プロジェクト管理のタブレット / POSUI（和モダン）","上級"
"UI-02905","タスク・プロジェクト管理のタブレット / POSUI（クール・テック）","プロ（演出多め）"
"UI-02906","フードデリバリーのAndroidアプリUI（3D・クレイ）","上級"
"UI-02907","マッチングのiOSアプリUI（ミニマル・洗練）","プロ（演出多め）"
"UI-02908","顧客管理（CRM）のAndroidアプリUI（クール・テック）","上級"
"UI-02909","家計簿・資産管理のキオスク・サイネージUI（ジオメトリック・グラフィカル）","上級"
"UI-02910","旅行・地図の管理画面・ダッシュボードUI（ナチュラル・オーガニック）","プロ（演出多め）"
"UI-02911","ヘルスケア・フィットネス記録のスマートウォッチUI（ネオン・サイバー）","プロ（演出多め）"
"UI-02912","顧客管理（CRM）のAndroidアプリUI（ポップ・カラフル）","上級"
"UI-02913","SNS・コミュニティの管理画面・ダッシュボードUI（クール・テック）","プロ（演出多め）"
"UI-02914","飲食店モバイルオーダーの管理画面・ダッシュボードUI（クール・テック）","プロ（演出多め）"
"UI-02915","AIアシスタント・チャットのスマートウォッチUI（ミニマル・洗練）","上級"
"UI-02916","タスク・プロジェクト管理の管理画面・ダッシュボードUI（ニューブルータリズム）","プロ（演出多め）"
"UI-02917","フードデリバリーのスマートウォッチUI（信頼・誠実（コーポレート））","プロ（演出多め）"
"UI-02918","飲食店モバイルオーダーの管理画面・ダッシュボードUI（ネオン・サイバー）","プロ（演出多め）"
"UI-02919","フードデリバリーのキオスク・サイネージUI（グラスモーフィズム）","プロ（演出多め）"
"UI-02920","SNS・コミュニティのスマートウォッチUI（ハンドメイド・手書き）","上級"
"UI-02921","AIアシスタント・チャットのスマートウォッチUI（パステル・ドリーミー）","上級"
"UI-02922","AIアシスタント・チャットのスマートウォッチUI（ニューブルータリズム）","プロ（演出多め）"
"UI-02923","顧客管理（CRM）のスマートウォッチUI（かわいい・ガーリー）","プロ（演出多め）"
"UI-02924","ヘルスケア・フィットネス記録のタブレット / POSUI（3D・クレイ）","プロ（演出多め）"
"UI-02925","マッチングの管理画面・ダッシュボードUI（ニューブルータリズム）","プロ（演出多め）"
"UI-02926","予約（サロン/ホテル/病院）の管理画面・ダッシュボードUI（グラスモーフィズム）","プロ（演出多め）"
"UI-02927","マッチングのAndroidアプリUI（エディトリアル・雑誌風）","プロ（演出多め）"
"UI-02928","スマートホーム・IoTのスマートウォッチUI（ニューブルータリズム）","プロ（演出多め）"
"UI-02929","家計簿・資産管理のタブレット / POSUI（グラスモーフィズム）","プロ（演出多め）"
"UI-02930","フードデリバリーのWebアプリ（SaaS）UI（3D・クレイ）","プロ（演出多め）"
"UI-02931","顧客管理（CRM）のiOSアプリUI（ニューブルータリズム）","プロ（演出多め）"
"UI-02932","スマートホーム・IoTのiOSアプリUI（ネオン・サイバー）","プロ（演出多め）"
"UI-02933","タスク・プロジェクト管理のAndroidアプリUI（クール・テック）","プロ（演出多め）"
"UI-02934","AIアシスタント・チャットのキオスク・サイネージUI（3D・クレイ）","プロ（演出多め）"
"UI-02935","音楽・ポッドキャストのAndroidアプリUI（ニューブルータリズム）","プロ（演出多め）"
"UI-02936","旅行・地図のAndroidアプリUI（パステル・ドリーミー）","プロ（演出多め）"
"UI-02937","旅行・地図のキオスク・サイネージUI（3D・クレイ）","プロ（演出多め）"
"UI-02938","家計簿・資産管理のAndroidアプリUI（グラスモーフィズム）","プロ（演出多め）"
"UI-02939","学習・語学アプリのWebアプリ（SaaS）UI（ポップ・カラフル）","プロ（演出多め）"
"UI-02940","家計簿・資産管理の管理画面・ダッシュボードUI（グラスモーフィズム）","上級"
"UI-02941","顧客管理（CRM）のAndroidアプリUI（ネオン・サイバー）","プロ（演出多め）"
"UI-02942","AIアシスタント・チャットのキオスク・サイネージUI（ニューブルータリズム）","プロ（演出多め）"
"UI-02943","タスク・プロジェクト管理のスマートウォッチUI（信頼・誠実（コーポレート））","プロ（演出多め）"
"UI-02944","タスク・プロジェクト管理のスマートウォッチUI（ネオン・サイバー）","プロ（演出多め）"
"UI-02945","音楽・ポッドキャストのiOSアプリUI（ハンドメイド・手書き）","プロ（演出多め）"
"UI-02946","SNS・コミュニティのAndroidアプリUI（和モダン）","上級"
"UI-02947","AIアシスタント・チャットのスマートウォッチUI（ネオン・サイバー）","プロ（演出多め）"
"UI-02948","スマートホーム・IoTのWebアプリ（SaaS）UI（パステル・ドリーミー）","上級"
"UI-02949","飲食店モバイルオーダーのAndroidアプリUI（3D・クレイ）","プロ（演出多め）"
"UI-02950","音楽・ポッドキャストの管理画面・ダッシュボードUI（クール・テック）","上級"
"UI-02951","アクセス解析・BIのタブレット / POSUI（パステル・ドリーミー）","上級"
"UI-02952","家計簿・資産管理のスマートウォッチUI（クール・テック）","上級"
"UI-02953","ヘルスケア・フィットネス記録のAndroidアプリUI（ポップ・カラフル）","プロ（演出多め）"
"UI-02954","アクセス解析・BIのタブレット / POSUI（3D・クレイ）","プロ（演出多め）"
"UI-02955","マッチングのWebアプリ（SaaS）UI（3D・クレイ）","プロ（演出多め）"
"UI-02956","音楽・ポッドキャストの管理画面・ダッシュボードUI（ネオン・サイバー）","プロ（演出多め）"
"UI-02957","アクセス解析・BIの管理画面・ダッシュボードUI（3D・クレイ）","上級"
"UI-02958","タスク・プロジェクト管理のキオスク・サイネージUI（パステル・ドリーミー）","プロ（演出多め）"
"UI-02959","ショッピングのキオスク・サイネージUI（パステル・ドリーミー）","プロ（演出多め）"
"UI-02960","ヘルスケア・フィットネス記録のWebアプリ（SaaS）UI（グラスモーフィズム）","プロ（演出多め）"
"UI-02961","SNS・コミュニティの管理画面・ダッシュボードUI（ミニマル・洗練）","プロ（演出多め）"
"UI-02962","タスク・プロジェクト管理のiOSアプリUI（ニューブルータリズム）","プロ（演出多め）"
"UI-02963","ヘルスケア・フィットネス記録のキオスク・サイネージUI（クール・テック）","プロ（演出多め）"
"UI-02964","ショッピングのキオスク・サイネージUI（ミニマル・洗練）","プロ（演出多め）"
"UI-02965","ヘルスケア・フィットネス記録のタブレット / POSUI（クール・テック）","プロ（演出多め）"
"UI-02966","ショッピングのAndroidアプリUI（ナチュラル・オーガニック）","上級"
"UI-02967","AIアシスタント・チャットのiOSアプリUI（ネオン・サイバー）","プロ（演出多め）"
"UI-02968","飲食店モバイルオーダーのAndroidアプリUI（ネオン・サイバー）","上級"
"UI-02969","タスク・プロジェクト管理のiOSアプリUI（クール・テック）","上級"
"UI-02970","マッチングのAndroidアプリUI（信頼・誠実（コーポレート））","プロ（演出多め）"
"UI-02971","飲食店モバイルオーダーのiOSアプリUI（ニューブルータリズム）","プロ（演出多め）"
"UI-02972","音楽・ポッドキャストのキオスク・サイネージUI（パステル・ドリーミー）","プロ（演出多め）"
"UI-02973","音楽・ポッドキャストのWebアプリ（SaaS）UI（クール・テック）","プロ（演出多め）"
"UI-02974","スマートホーム・IoTのiOSアプリUI（グラスモーフィズム）","プロ（演出多め）"
"UI-02975","フードデリバリーのAndroidアプリUI（ニューブルータリズム）","プロ（演出多め）"
"UI-02976","ショッピングの管理画面・ダッシュボードUI（3D・クレイ）","プロ（演出多め）"
"UI-02977","AIアシスタント・チャットのWebアプリ（SaaS）UI（ネオン・サイバー）","上級"
"UI-02978","学習・語学アプリのスマートウォッチUI（パステル・ドリーミー）","プロ（演出多め）"
"UI-02979","学習・語学アプリのAndroidアプリUI（ニューブルータリズム）","プロ（演出多め）"
"UI-02980","マッチングのAndroidアプリUI（クール・テック）","プロ（演出多め）"
"UI-02981","SNS・コミュニティのタブレット / POSUI（3D・クレイ）","上級"
"UI-02982","飲食店モバイルオーダーのタブレット / POSUI（ポップ・カラフル）","プロ（演出多め）"
"UI-02983","AIアシスタント・チャットのタブレット / POSUI（ジオメトリック・グラフィカル）","プロ（演出多め）"
"UI-02984","フードデリバリーのAndroidアプリUI（レトロ・Y2K）","上級"
"UI-02985","SNS・コミュニティのキオスク・サイネージUI（クール・テック）","プロ（演出多め）"
"UI-02986","マッチングのiOSアプリUI（ポップ・カラフル）","プロ（演出多め）"
"UI-02987","ショッピングのキオスク・サイネージUI（ジオメトリック・グラフィカル）","プロ（演出多め）"
"UI-02988","家計簿・資産管理のWebアプリ（SaaS）UI（北欧・ライフスタイル）","上級"
"UI-02989","SNS・コミュニティのスマートウォッチUI（3D・クレイ）","プロ（演出多め）"
"UI-02990","音楽・ポッドキャストの管理画面・ダッシュボードUI（ネオン・サイバー）","プロ（演出多め）"
"UI-02991","学習・語学アプリの管理画面・ダッシュボードUI（ネオン・サイバー）","プロ（演出多め）"
"UI-02992","旅行・地図のAndroidアプリUI（3D・クレイ）","上級"
"UI-02993","家計簿・資産管理のタブレット / POSUI（ラグジュアリー・高級感）","プロ（演出多め）"
"UI-02994","音楽・ポッドキャストのAndroidアプリUI（グラスモーフィズム）","プロ（演出多め）"
"UI-02995","ショッピングの管理画面・ダッシュボードUI（信頼・誠実（コーポレート））","上級"
"UI-02996","ヘルスケア・フィットネス記録のキオスク・サイネージUI（ニューブルータリズム）","上級"
"UI-02997","SNS・コミュニティのiOSアプリUI（ポップ・カラフル）","プロ（演出多め）"
"UI-02998","アクセス解析・BIのAndroidアプリUI（パステル・ドリーミー）","プロ（演出多め）"
"UI-02999","マッチングのキオスク・サイネージUI（ネオン・サイバー）","プロ（演出多め）"
"UI-03000","マッチングのWebアプリ（SaaS）UI（グラスモーフィズム）","プロ（演出多め）"
"UI-03001","AIアシスタント・チャットのタブレット / POSUI（パステル・ドリーミー）","上級"
"UI-03002","ヘルスケア・フィットネス記録のタブレット / POSUI（グラスモーフィズム）","プロ（演出多め）"
"UI-03003","旅行・地図のスマートウォッチUI（信頼・誠実（コーポレート））","プロ（演出多め）"
"UI-03004","学習・語学アプリのスマートウォッチUI（3D・クレイ）","プロ（演出多め）"
"UI-03005","家計簿・資産管理のWebアプリ（SaaS）UI（ハンドメイド・手書き）","上級"
"UI-03006","飲食店モバイルオーダーのWebアプリ（SaaS）UI（クール・テック）","上級"
"UI-03007","アクセス解析・BIのiOSアプリUI（信頼・誠実（コーポレート））","上級"
"UI-03008","AIアシスタント・チャットのスマートウォッチUI（エネルギッシュ・スポーティ）","プロ（演出多め）"
"UI-03009","飲食店モバイルオーダーのiOSアプリUI（ミニマル・洗練）","プロ（演出多め）"
"UI-03010","家計簿・資産管理のスマートウォッチUI（ラグジュアリー・高級感）","プロ（演出多め）"
"UI-03011","飲食店モバイルオーダーの管理画面・ダッシュボードUI（信頼・誠実（コーポレート））","プロ（演出多め）"
"UI-03012","飲食店モバイルオーダーのWebアプリ（SaaS）UI（グラスモーフィズム）","上級"
"UI-03013","タスク・プロジェクト管理のiOSアプリUI（グラスモーフィズム）","上級"
"UI-03014","スマートホーム・IoTのAndroidアプリUI（ミニマル・洗練）","プロ（演出多め）"
"UI-03015","アクセス解析・BIのiOSアプリUI（クール・テック）","上級"
"UI-03016","音楽・ポッドキャストのスマートウォッチUI（パステル・ドリーミー）","プロ（演出多め）"
"UI-03017","顧客管理（CRM）のタブレット / POSUI（グラスモーフィズム）","プロ（演出多め）"
"UI-03018","タスク・プロジェクト管理のタブレット / POSUI（グラスモーフィズム）","上級"
"UI-03019","AIアシスタント・チャットの管理画面・ダッシュボードUI（ニューブルータリズム）","プロ（演出多め）"
"UI-03020","家計簿・資産管理のiOSアプリUI（レトロ・Y2K）","プロ（演出多め）"
"UI-03021","顧客管理（CRM）のスマートウォッチUI（ネオン・サイバー）","プロ（演出多め）"
"UI-03022","スマートホーム・IoTのAndroidアプリUI（3D・クレイ）","プロ（演出多め）"
"UI-03023","顧客管理（CRM）のスマートウォッチUI（信頼・誠実（コーポレート））","上級"
"UI-03024","ヘルスケア・フィットネス記録の管理画面・ダッシュボードUI（ミニマル・洗練）","プロ（演出多め）"
"UI-03025","飲食店モバイルオーダーの管理画面・ダッシュボードUI（ニューブルータリズム）","プロ（演出多め）"
"UI-03026","予約（サロン/ホテル/病院）のAndroidアプリUI（北欧・ライフスタイル）","プロ（演出多め）"
"UI-03027","アクセス解析・BIのiOSアプリUI（信頼・誠実（コーポレート））","上級"
"UI-03028","SNS・コミュニティのiOSアプリUI（ポップ・カラフル）","上級"
"UI-03029","タスク・プロジェクト管理の管理画面・ダッシュボードUI（信頼・誠実（コーポレート））","プロ（演出多め）"
"UI-03030","タスク・プロジェクト管理のAndroidアプリUI（北欧・ライフスタイル）","プロ（演出多め）"
"UI-03031","AIアシスタント・チャットのiOSアプリUI（クール・テック）","プロ（演出多め）"
"UI-03032","SNS・コミュニティの管理画面・ダッシュボードUI（ミニマル・洗練）","プロ（演出多め）"
"UI-03033","スマートホーム・IoTのWebアプリ（SaaS）UI（ネオン・サイバー）","プロ（演出多め）"
"UI-03034","音楽・ポッドキャストのAndroidアプリUI（ミニマル・洗練）","上級"
"UI-03035","アクセス解析・BIのキオスク・サイネージUI（エネルギッシュ・スポーティ）","上級"
"UI-03036","学習・語学アプリのスマートウォッチUI（信頼・誠実（コーポレート））","上級"
"UI-03037","学習・語学アプリのスマートウォッチUI（ニューブルータリズム）","上級"
"UI-03038","旅行・地図のiOSアプリUI（ポップ・カラフル）","プロ（演出多め）"
"UI-03039","家計簿・資産管理のタブレット / POSUI（ネオン・サイバー）","上級"
"UI-03040","マッチングのiOSアプリUI（ポップ・カラフル）","プロ（演出多め）"
"UI-03041","予約（サロン/ホテル/病院）のタブレット / POSUI（グラスモーフィズム）","プロ（演出多め）"
"UI-03042","旅行・地図のAndroidアプリUI（パステル・ドリーミー）","プロ（演出多め）"
"UI-03043","マッチングのAndroidアプリUI（クール・テック）","上級"
"UI-03044","マッチングのタブレット / POSUI（信頼・誠実（コーポレート））","上級"
"UI-03045","旅行・地図のスマートウォッチUI（ポップ・カラフル）","プロ（演出多め）"
"UI-03046","音楽・ポッドキャストのタブレット / POSUI（3D・クレイ）","プロ（演出多め）"
"UI-03047","予約（サロン/ホテル/病院）のAndroidアプリUI（ポップ・カラフル）","プロ（演出多め）"
"UI-03048","飲食店モバイルオーダーのキオスク・サイネージUI（クール・テック）","プロ（演出多め）"
"UI-03049","フードデリバリーの管理画面・ダッシュボードUI（ネオン・サイバー）","上級"
"UI-03050","フードデリバリーのキオスク・サイネージUI（ラグジュアリー・高級感）","プロ（演出多め）"
"UI-03051","家計簿・資産管理のタブレット / POSUI（ネオン・サイバー）","プロ（演出多め）"
"UI-03052","飲食店モバイルオーダーのキオスク・サイネージUI（信頼・誠実（コーポレート））","プロ（演出多め）"
"UI-03053","顧客管理（CRM）のスマートウォッチUI（パステル・ドリーミー）","上級"
"UI-03054","予約（サロン/ホテル/病院）のiOSアプリUI（3D・クレイ）","プロ（演出多め）"
"UI-03055","音楽・ポッドキャストのスマートウォッチUI（ミニマル・洗練）","プロ（演出多め）"
"UI-03056","AIアシスタント・チャットのスマートウォッチUI（ダーク・シネマティック）","プロ（演出多め）"
"UI-03057","ヘルスケア・フィットネス記録のスマートウォッチUI（ナチュラル・オーガニック）","プロ（演出多め）"
"UI-03058","SNS・コミュニティの管理画面・ダッシュボードUI（ミニマル・洗練）","プロ（演出多め）"
"UI-03059","音楽・ポッドキャストのWebアプリ（SaaS）UI（ポップ・カラフル）","上級"
"UI-03060","AIアシスタント・チャットの管理画面・ダッシュボードUI（和モダン）","プロ（演出多め）"
"UI-03061","マッチングのWebアプリ（SaaS）UI（クール・テック）","上級"
"UI-03062","ヘルスケア・フィットネス記録のiOSアプリUI（ニューブルータリズム）","プロ（演出多め）"
"UI-03063","ショッピングのAndroidアプリUI（グラスモーフィズム）","プロ（演出多め）"
"UI-03064","音楽・ポッドキャストのAndroidアプリUI（ラグジュアリー・高級感）","プロ（演出多め）"
"UI-03065","マッチングのキオスク・サイネージUI（ネオン・サイバー）","プロ（演出多め）"
"UI-03066","学習・語学アプリのスマートウォッチUI（パステル・ドリーミー）","プロ（演出多め）"
"UI-03067","スマートホーム・IoTのキオスク・サイネージUI（和モダン）","上級"
"UI-03068","タスク・プロジェクト管理のキオスク・サイネージUI（クール・テック）","上級"
"UI-03069","スマートホーム・IoTの管理画面・ダッシュボードUI（グラスモーフィズム）","プロ（演出多め）"
"UI-03070","顧客管理（CRM）のキオスク・サイネージUI（エディトリアル・雑誌風）","上級"
"UI-03071","AIアシスタント・チャットのスマートウォッチUI（グラスモーフィズム）","プロ（演出多め）"
"UI-03072","旅行・地図の管理画面・ダッシュボードUI（グラスモーフィズム）","プロ（演出多め）"
"UI-03073","飲食店モバイルオーダーのキオスク・サイネージUI（ネオン・サイバー）","プロ（演出多め）"
"UI-03074","マッチングのタブレット / POSUI（グラスモーフィズム）","プロ（演出多め）"
"UI-03075","アクセス解析・BIのiOSアプリUI（ポップ・カラフル）","上級"
"UI-03076","音楽・ポッドキャストのiOSアプリUI（ニューブルータリズム）","プロ（演出多め）"
"UI-03077","タスク・プロジェクト管理のiOSアプリUI（ニューブルータリズム）","プロ（演出多め）"
"UI-03078","予約（サロン/ホテル/病院）のiOSアプリUI（ポップ・カラフル）","プロ（演出多め）"
"UI-03079","ヘルスケア・フィットネス記録の管理画面・ダッシュボードUI（グラスモーフィズム）","プロ（演出多め）"
"UI-03080","AIアシスタント・チャットのWebアプリ（SaaS）UI（ポップ・カラフル）","プロ（演出多め）"
"UI-03081","飲食店モバイルオーダーのWebアプリ（SaaS）UI（ミニマル・洗練）","プロ（演出多め）"
"UI-03082","学習・語学アプリのタブレット / POSUI（ジオメトリック・グラフィカル）","上級"
"UI-03083","アクセス解析・BIのタブレット / POSUI（3D・クレイ）","上級"
"UI-03084","マッチングのスマートウォッチUI（グラスモーフィズム）","上級"
"UI-03085","ヘルスケア・フィットネス記録のiOSアプリUI（ミニマル・洗練）","プロ（演出多め）"
"UI-03086","AIアシスタント・チャットのタブレット / POSUI（信頼・誠実（コーポレート））","プロ（演出多め）"
"UI-03087","学習・語学アプリのタブレット / POSUI（エディトリアル・雑誌風）","プロ（演出多め）"
"UI-03088","タスク・プロジェクト管理のiOSアプリUI（グラスモーフィズム）","上級"
"UI-03089","予約（サロン/ホテル/病院）の管理画面・ダッシュボードUI（ネオン・サイバー）","上級"
"UI-03090","旅行・地図のAndroidアプリUI（ニューブルータリズム）","プロ（演出多め）"
"UI-03091","スマートホーム・IoTのAndroidアプリUI（信頼・誠実（コーポレート））","上級"
"UI-03092","飲食店モバイルオーダーのスマートウォッチUI（ミニマル・洗練）","プロ（演出多め）"
"UI-03093","旅行・地図の管理画面・ダッシュボードUI（ネオン・サイバー）","上級"
"UI-03094","タスク・プロジェクト管理のキオスク・サイネージUI（ポップ・カラフル）","プロ（演出多め）"
"UI-03095","学習・語学アプリのWebアプリ（SaaS）UI（クール・テック）","プロ（演出多め）"
"UI-03096","家計簿・資産管理のAndroidアプリUI（和モダン）","プロ（演出多め）"
"UI-03097","飲食店モバイルオーダーのスマートウォッチUI（ポップ・カラフル）","プロ（演出多め）"
"UI-03098","スマートホーム・IoTのキオスク・サイネージUI（エディトリアル・雑誌風）","プロ（演出多め）"
"UI-03099","AIアシスタント・チャットのタブレット / POSUI（信頼・誠実（コーポレート））","上級"
"UI-03100","タスク・プロジェクト管理のキオスク・サイネージUI（クール・テック）","プロ（演出多め）"
"UI-03101","マッチングのWebアプリ（SaaS）UI（グラスモーフィズム）","プロ（演出多め）"
"UI-03102","アクセス解析・BIのAndroidアプリUI（ネオン・サイバー）","プロ（演出多め）"
"UI-03103","アクセス解析・BIのタブレット / POSUI（ポップ・カラフル）","プロ（演出多め）"
"UI-03104","顧客管理（CRM）のキオスク・サイネージUI（グラスモーフィズム）","プロ（演出多め）"
"UI-03105","AIアシスタント・チャットのiOSアプリUI（ミニマル・洗練）","プロ（演出多め）"
"UI-03106","スマートホーム・IoTのスマートウォッチUI（ネオン・サイバー）","プロ（演出多め）"
"UI-03107","学習・語学アプリのiOSアプリUI（ポップ・カラフル）","プロ（演出多め）"
"UI-03108","スマートホーム・IoTのスマートウォッチUI（3D・クレイ）","プロ（演出多め）"
"UI-03109","旅行・地図のAndroidアプリUI（北欧・ライフスタイル）","プロ（演出多め）"
"UI-03110","音楽・ポッドキャストのiOSアプリUI（ミニマル・洗練）","プロ（演出多め）"
"UI-03111","予約（サロン/ホテル/病院）のiOSアプリUI（ラグジュアリー・高級感）","プロ（演出多め）"
"UI-03112","ショッピングのタブレット / POSUI（ポップ・カラフル）","プロ（演出多め）"
"UI-03113","顧客管理（CRM）のスマートウォッチUI（ミニマル・洗練）","プロ（演出多め）"
"UI-03114","旅行・地図のAndroidアプリUI（ニューブルータリズム）","プロ（演出多め）"
"UI-03115","音楽・ポッドキャストのiOSアプリUI（3D・クレイ）","プロ（演出多め）"
"UI-03116","飲食店モバイルオーダーのiOSアプリUI（ポップ・カラフル）","プロ（演出多め）"
"UI-03117","アクセス解析・BIのWebアプリ（SaaS）UI（ポップ・カラフル）","プロ（演出多め）"
"UI-03118","顧客管理（CRM）のキオスク・サイネージUI（信頼・誠実（コーポレート））","プロ（演出多め）"
"UI-03119","タスク・プロジェクト管理のAndroidアプリUI（ポップ・カラフル）","上級"
"UI-03120","予約（サロン/ホテル/病院）の管理画面・ダッシュボードUI（和モダン）","プロ（演出多め）"
"UI-03121","フードデリバリーのスマートウォッチUI（クール・テック）","上級"
"UI-03122","音楽・ポッドキャストのWebアプリ（SaaS）UI（ネオン・サイバー）","プロ（演出多め）"
"UI-03123","アクセス解析・BIのiOSアプリUI（和モダン）","上級"
"UI-03124","AIアシスタント・チャットのiOSアプリUI（ニューブルータリズム）","プロ（演出多め）"
"UI-03125","音楽・ポッドキャストのiOSアプリUI（ネオン・サイバー）","プロ（演出多め）"
"UI-03126","音楽・ポッドキャストのAndroidアプリUI（ネオン・サイバー）","プロ（演出多め）"
"UI-03127","AIアシスタント・チャットのスマートウォッチUI（信頼・誠実（コーポレート））","プロ（演出多め）"
"UI-03128","ショッピングの管理画面・ダッシュボードUI（ポップ・カラフル）","上級"
"UI-03129","旅行・地図のスマートウォッチUI（3D・クレイ）","プロ（演出多め）"
"UI-03130","予約（サロン/ホテル/病院）のWebアプリ（SaaS）UI（レトロ・Y2K）","上級"
"UI-03131","ショッピングのタブレット / POSUI（かわいい・ガーリー）","プロ（演出多め）"
"UI-03132","旅行・地図のiOSアプリUI（ニューブルータリズム）","プロ（演出多め）"
"UI-03133","家計簿・資産管理のタブレット / POSUI（ダーク・シネマティック）","上級"
"UI-03134","フードデリバリーの管理画面・ダッシュボードUI（ミニマル・洗練）","プロ（演出多め）"
"UI-03135","ヘルスケア・フィットネス記録のiOSアプリUI（ネオン・サイバー）","プロ（演出多め）"
"UI-03136","飲食店モバイルオーダーのスマートウォッチUI（信頼・誠実（コーポレート））","プロ（演出多め）"
"UI-03137","AIアシスタント・チャットの管理画面・ダッシュボードUI（ネオン・サイバー）","プロ（演出多め）"
"UI-03138","ショッピングの管理画面・ダッシュボードUI（ニューブルータリズム）","プロ（演出多め）"
"UI-03139","飲食店モバイルオーダーの管理画面・ダッシュボードUI（ニューブルータリズム）","プロ（演出多め）"
"UI-03140","フードデリバリーのAndroidアプリUI（ラグジュアリー・高級感）","プロ（演出多め）"
"UI-03141","飲食店モバイルオーダーのタブレット / POSUI（グラスモーフィズム）","プロ（演出多め）"
"UI-03142","飲食店モバイルオーダーの管理画面・ダッシュボードUI（ハンドメイド・手書き）","上級"
"UI-03143","ヘルスケア・フィットネス記録のタブレット / POSUI（信頼・誠実（コーポレート））","プロ（演出多め）"
"UI-03144","予約（サロン/ホテル/病院）のスマートウォッチUI（ポップ・カラフル）","上級"
"UI-03145","旅行・地図のスマートウォッチUI（和モダン）","プロ（演出多め）"
"UI-03146","学習・語学アプリのAndroidアプリUI（クール・テック）","プロ（演出多め）"
"UI-03147","フードデリバリーのタブレット / POSUI（パステル・ドリーミー）","プロ（演出多め）"
"UI-03148","タスク・プロジェクト管理のスマートウォッチUI（ナチュラル・オーガニック）","プロ（演出多め）"
"UI-03149","予約（サロン/ホテル/病院）のiOSアプリUI（クール・テック）","プロ（演出多め）"
"UI-03150","アクセス解析・BIのAndroidアプリUI（ポップ・カラフル）","プロ（演出多め）"
"UI-03151","スマートホーム・IoTのiOSアプリUI（クール・テック）","プロ（演出多め）"
"UI-03152","AIアシスタント・チャットのタブレット / POSUI（かわいい・ガーリー）","プロ（演出多め）"
"UI-03153","マッチングのキオスク・サイネージUI（ニューブルータリズム）","プロ（演出多め）"
"UI-03154","フードデリバリーの管理画面・ダッシュボードUI（信頼・誠実（コーポレート））","プロ（演出多め）"
"UI-03155","スマートホーム・IoTのキオスク・サイネージUI（ネオン・サイバー）","上級"
"UI-03156","旅行・地図のiOSアプリUI（エディトリアル・雑誌風）","プロ（演出多め）"
"UI-03157","SNS・コミュニティのAndroidアプリUI（ミニマル・洗練）","プロ（演出多め）"
"UI-03158","AIアシスタント・チャットのiOSアプリUI（ニューブルータリズム）","プロ（演出多め）"
"UI-03159","予約（サロン/ホテル/病院）のAndroidアプリUI（3D・クレイ）","上級"
"UI-03160","アクセス解析・BIのタブレット / POSUI（ネオン・サイバー）","プロ（演出多め）"
"UI-03161","音楽・ポッドキャストのAndroidアプリUI（北欧・ライフスタイル）","プロ（演出多め）"
"UI-03162","予約（サロン/ホテル/病院）の管理画面・ダッシュボードUI（ラグジュアリー・高級感）","上級"
"UI-03163","家計簿・資産管理のiOSアプリUI（クール・テック）","プロ（演出多め）"
"UI-03164","音楽・ポッドキャストのiOSアプリUI（3D・クレイ）","プロ（演出多め）"
"UI-03165","顧客管理（CRM）のキオスク・サイネージUI（レトロ・Y2K）","プロ（演出多め）"
"UI-03166","スマートホーム・IoTのiOSアプリUI（エディトリアル・雑誌風）","プロ（演出多め）"
"UI-03167","学習・語学アプリのタブレット / POSUI（ニューブルータリズム）","プロ（演出多め）"
"UI-03168","アクセス解析・BIのタブレット / POSUI（グラスモーフィズム）","プロ（演出多め）"
"UI-03169","予約（サロン/ホテル/病院）のAndroidアプリUI（クール・テック）","プロ（演出多め）"
"UI-03170","AIアシスタント・チャットのWebアプリ（SaaS）UI（3D・クレイ）","プロ（演出多め）"
"UI-03171","スマートホーム・IoTのAndroidアプリUI（グラスモーフィズム）","上級"
"UI-03172","アクセス解析・BIのWebアプリ（SaaS）UI（3D・クレイ）","プロ（演出多め）"
"UI-03173","旅行・地図のAndroidアプリUI（ニューブルータリズム）","プロ（演出多め）"
"UI-03174","顧客管理（CRM）のiOSアプリUI（ニューブルータリズム）","プロ（演出多め）"
"UI-03175","ヘルスケア・フィットネス記録のWebアプリ（SaaS）UI（ミニマル・洗練）","プロ（演出多め）"
"UI-03176","フードデリバリーのWebアプリ（SaaS）UI（ネオン・サイバー）","プロ（演出多め）"
"UI-03177","学習・語学アプリのスマートウォッチUI（ネオン・サイバー）","プロ（演出多め）"
"UI-03178","顧客管理（CRM）のスマートウォッチUI（ジオメトリック・グラフィカル）","プロ（演出多め）"
"UI-03179","ショッピングのキオスク・サイネージUI（ミニマル・洗練）","上級"
"UI-03180","音楽・ポッドキャストのWebアプリ（SaaS）UI（ミニマル・洗練）","上級"
"UI-03181","学習・語学アプリのキオスク・サイネージUI（ニューブルータリズム）","上級"
"UI-03182","予約（サロン/ホテル/病院）のスマートウォッチUI（パステル・ドリーミー）","上級"
"UI-03183","予約（サロン/ホテル/病院）の管理画面・ダッシュボードUI（北欧・ライフスタイル）","プロ（演出多め）"
"UI-03184","アクセス解析・BIの管理画面・ダッシュボードUI（ラグジュアリー・高級感）","プロ（演出多め）"
"UI-03185","学習・語学アプリの管理画面・ダッシュボードUI（3D・クレイ）","プロ（演出多め）"
"UI-03186","タスク・プロジェクト管理のキオスク・サイネージUI（信頼・誠実（コーポレート））","プロ（演出多め）"
"UI-03187","マッチングのiOSアプリUI（パステル・ドリーミー）","プロ（演出多め）"
"UI-03188","学習・語学アプリのタブレット / POSUI（信頼・誠実（コーポレート））","プロ（演出多め）"
"UI-03189","飲食店モバイルオーダーのスマートウォッチUI（信頼・誠実（コーポレート））","プロ（演出多め）"
"UI-03190","旅行・地図のタブレット / POSUI（和モダン）","上級"
"UI-03191","ショッピングの管理画面・ダッシュボードUI（ネオン・サイバー）","プロ（演出多め）"
"UI-03192","旅行・地図のAndroidアプリUI（ニューブルータリズム）","プロ（演出多め）"
"UI-03193","ショッピングのAndroidアプリUI（ポップ・カラフル）","上級"
"UI-03194","旅行・地図のスマートウォッチUI（ナチュラル・オーガニック）","上級"
"UI-03195","ショッピングのiOSアプリUI（信頼・誠実（コーポレート））","プロ（演出多め）"
"UI-03196","学習・語学アプリのキオスク・サイネージUI（ニューブルータリズム）","プロ（演出多め）"
"UI-03197","旅行・地図のキオスク・サイネージUI（3D・クレイ）","上級"
"UI-03198","フードデリバリーのWebアプリ（SaaS）UI（ミニマル・洗練）","上級"
"UI-03199","予約（サロン/ホテル/病院）のスマートウォッチUI（クール・テック）","プロ（演出多め）"
"UI-03200","家計簿・資産管理のWebアプリ（SaaS）UI（ミニマル・洗練）","プロ（演出多め）"
"UI-03201","音楽・ポッドキャストのキオスク・サイネージUI（クール・テック）","上級"
"UI-03202","予約（サロン/ホテル/病院）のタブレット / POSUI（グラスモーフィズム）","プロ（演出多め）"
"UI-03203","ヘルスケア・フィットネス記録の管理画面・ダッシュボードUI（ネオン・サイバー）","上級"
"UI-03204","学習・語学アプリの管理画面・ダッシュボードUI（ネオン・サイバー）","プロ（演出多め）"
"UI-03205","音楽・ポッドキャストのiOSアプリUI（クール・テック）","プロ（演出多め）"
"UI-03206","学習・語学アプリのタブレット / POSUI（エディトリアル・雑誌風）","プロ（演出多め）"
"UI-03207","マッチングのスマートウォッチUI（ポップ・カラフル）","プロ（演出多め）"
"UI-03208","家計簿・資産管理のAndroidアプリUI（ナチュラル・オーガニック）","プロ（演出多め）"
"UI-03209","学習・語学アプリのキオスク・サイネージUI（クール・テック）","上級"
"UI-03210","アクセス解析・BIのスマートウォッチUI（ネオン・サイバー）","プロ（演出多め）"
"UI-03211","旅行・地図のWebアプリ（SaaS）UI（エディトリアル・雑誌風）","プロ（演出多め）"
"UI-03212","アクセス解析・BIのキオスク・サイネージUI（パステル・ドリーミー）","上級"
"UI-03213","旅行・地図のスマートウォッチUI（ラグジュアリー・高級感）","上級"
"UI-03214","旅行・地図のWebアプリ（SaaS）UI（レトロ・Y2K）","プロ（演出多め）"
"UI-03215","アクセス解析・BIのWebアプリ（SaaS）UI（グラスモーフィズム）","プロ（演出多め）"
"UI-03216","飲食店モバイルオーダーのiOSアプリUI（ミニマル・洗練）","プロ（演出多め）"
"UI-03217","飲食店モバイルオーダーの管理画面・ダッシュボードUI（ネオン・サイバー）","上級"
"UI-03218","学習・語学アプリのキオスク・サイネージUI（クール・テック）","プロ（演出多め）"
"UI-03219","音楽・ポッドキャストのキオスク・サイネージUI（北欧・ライフスタイル）","プロ（演出多め）"
"UI-03220","顧客管理（CRM）のAndroidアプリUI（ネオン・サイバー）","プロ（演出多め）"
"UI-03221","アクセス解析・BIのタブレット / POSUI（レトロ・Y2K）","上級"
"UI-03222","飲食店モバイルオーダーのキオスク・サイネージUI（クール・テック）","プロ（演出多め）"
"UI-03223","顧客管理（CRM）のAndroidアプリUI（グラスモーフィズム）","プロ（演出多め）"
"UI-03224","フードデリバリーのタブレット / POSUI（パステル・ドリーミー）","プロ（演出多め）"
"UI-03225","SNS・コミュニティのタブレット / POSUI（パステル・ドリーミー）","プロ（演出多め）"
"UI-03226","AIアシスタント・チャットのスマートウォッチUI（かわいい・ガーリー）","上級"
"UI-03227","SNS・コミュニティのスマートウォッチUI（ポップ・カラフル）","上級"
"UI-03228","飲食店モバイルオーダーのWebアプリ（SaaS）UI（3D・クレイ）","プロ（演出多め）"
"UI-03229","アクセス解析・BIのWebアプリ（SaaS）UI（レトロ・Y2K）","上級"
"UI-03230","学習・語学アプリのタブレット / POSUI（パステル・ドリーミー）","プロ（演出多め）"
"UI-03231","スマートホーム・IoTのスマートウォッチUI（ミニマル・洗練）","プロ（演出多め）"
"UI-03232","フードデリバリーのキオスク・サイネージUI（ミニマル・洗練）","プロ（演出多め）"
"UI-03233","飲食店モバイルオーダーのキオスク・サイネージUI（ダーク・シネマティック）","上級"
"UI-03234","顧客管理（CRM）のタブレット / POSUI（和モダン）","上級"
"UI-03235","スマートホーム・IoTのキオスク・サイネージUI（ニューブルータリズム）","プロ（演出多め）"
"UI-03236","タスク・プロジェクト管理のキオスク・サイネージUI（ニューブルータリズム）","プロ（演出多め）"
"UI-03237","顧客管理（CRM）のタブレット / POSUI（かわいい・ガーリー）","プロ（演出多め）"
"UI-03238","タスク・プロジェクト管理のiOSアプリUI（3D・クレイ）","プロ（演出多め）"
"UI-03239","家計簿・資産管理の管理画面・ダッシュボードUI（信頼・誠実（コーポレート））","プロ（演出多め）"
"UI-03240","旅行・地図の管理画面・ダッシュボードUI（3D・クレイ）","プロ（演出多め）"
"UI-03241","学習・語学アプリのiOSアプリUI（ポップ・カラフル）","プロ（演出多め）"
"UI-03242","家計簿・資産管理の管理画面・ダッシュボードUI（信頼・誠実（コーポレート））","上級"
"UI-03243","顧客管理（CRM）のWebアプリ（SaaS）UI（信頼・誠実（コーポレート））","プロ（演出多め）"
"UI-03244","ショッピングのタブレット / POSUI（クール・テック）","プロ（演出多め）"
"UI-03245","音楽・ポッドキャストのタブレット / POSUI（信頼・誠実（コーポレート））","プロ（演出多め）"
"UI-03246","ショッピングのWebアプリ（SaaS）UI（クール・テック）","プロ（演出多め）"
"UI-03247","飲食店モバイルオーダーのiOSアプリUI（エネルギッシュ・スポーティ）","プロ（演出多め）"
"UI-03248","ショッピングのiOSアプリUI（ミニマル・洗練）","プロ（演出多め）"
"UI-03249","SNS・コミュニティのタブレット / POSUI（3D・クレイ）","上級"
"UI-03250","顧客管理（CRM）のWebアプリ（SaaS）UI（ネオン・サイバー）","プロ（演出多め）"
"UI-03251","AIアシスタント・チャットのキオスク・サイネージUI（グラスモーフィズム）","上級"
"UI-03252","マッチングのAndroidアプリUI（かわいい・ガーリー）","上級"
"UI-03253","音楽・ポッドキャストのAndroidアプリUI（ポップ・カラフル）","プロ（演出多め）"
"UI-03254","音楽・ポッドキャストのiOSアプリUI（ニューブルータリズム）","上級"
"UI-03255","顧客管理（CRM）のWebアプリ（SaaS）UI（ナチュラル・オーガニック）","上級"
"UI-03256","スマートホーム・IoTのWebアプリ（SaaS）UI（ポップ・カラフル）","上級"
"UI-03257","旅行・地図のタブレット / POSUI（クール・テック）","上級"
"UI-03258","学習・語学アプリのiOSアプリUI（レトロ・Y2K）","プロ（演出多め）"
"UI-03259","AIアシスタント・チャットのAndroidアプリUI（信頼・誠実（コーポレート））","プロ（演出多め）"
"UI-03260","スマートホーム・IoTのiOSアプリUI（ネオン・サイバー）","プロ（演出多め）"
"UI-03261","SNS・コミュニティのWebアプリ（SaaS）UI（ポップ・カラフル）","プロ（演出多め）"
"UI-03262","アクセス解析・BIの管理画面・ダッシュボードUI（パステル・ドリーミー）","プロ（演出多め）"
"UI-03263","家計簿・資産管理のタブレット / POSUI（パステル・ドリーミー）","プロ（演出多め）"
"UI-03264","フードデリバリーの管理画面・ダッシュボードUI（レトロ・Y2K）","上級"
"UI-03265","マッチングのWebアプリ（SaaS）UI（ポップ・カラフル）","プロ（演出多め）"
"UI-03266","飲食店モバイルオーダーのタブレット / POSUI（3D・クレイ）","プロ（演出多め）"
"UI-03267","SNS・コミュニティのスマートウォッチUI（北欧・ライフスタイル）","プロ（演出多め）"
"UI-03268","フードデリバリーのWebアプリ（SaaS）UI（ニューブルータリズム）","プロ（演出多め）"
"UI-03269","顧客管理（CRM）のWebアプリ（SaaS）UI（3D・クレイ）","プロ（演出多め）"
"UI-03270","顧客管理（CRM）の管理画面・ダッシュボードUI（グラスモーフィズム）","プロ（演出多め）"
"UI-03271","SNS・コミュニティの管理画面・ダッシュボードUI（パステル・ドリーミー）","プロ（演出多め）"
"UI-03272","マッチングのWebアプリ（SaaS）UI（かわいい・ガーリー）","プロ（演出多め）"
"UI-03273","タスク・プロジェクト管理のタブレット / POSUI（ミニマル・洗練）","プロ（演出多め）"
"UI-03274","AIアシスタント・チャットのタブレット / POSUI（ポップ・カラフル）","プロ（演出多め）"
"UI-03275","予約（サロン/ホテル/病院）の管理画面・ダッシュボードUI（ネオン・サイバー）","プロ（演出多め）"
"UI-03276","家計簿・資産管理のiOSアプリUI（ミニマル・洗練）","プロ（演出多め）"
"UI-03277","フードデリバリーのスマートウォッチUI（グラスモーフィズム）","プロ（演出多め）"
"UI-03278","フードデリバリーのキオスク・サイネージUI（ミニマル・洗練）","プロ（演出多め）"
"UI-03279","ショッピングのスマートウォッチUI（グラスモーフィズム）","プロ（演出多め）"
"UI-03280","フードデリバリーのAndroidアプリUI（エディトリアル・雑誌風）","プロ（演出多め）"
"UI-03281","飲食店モバイルオーダーのWebアプリ（SaaS）UI（グラスモーフィズム）","プロ（演出多め）"
"UI-03282","ヘルスケア・フィットネス記録の管理画面・ダッシュボードUI（ダーク・シネマティック）","上級"
"UI-03283","マッチングのiOSアプリUI（ポップ・カラフル）","上級"
"UI-03284","アクセス解析・BIのAndroidアプリUI（信頼・誠実（コーポレート））","プロ（演出多め）"
"UI-03285","音楽・ポッドキャストの管理画面・ダッシュボードUI（エネルギッシュ・スポーティ）","プロ（演出多め）"
"UI-03286","アクセス解析・BIのAndroidアプリUI（パステル・ドリーミー）","プロ（演出多め）"
"UI-03287","飲食店モバイルオーダーの管理画面・ダッシュボードUI（ポップ・カラフル）","上級"
"UI-03288","旅行・地図のスマートウォッチUI（信頼・誠実（コーポレート））","上級"
"UI-03289","AIアシスタント・チャットのWebアプリ（SaaS）UI（ミニマル・洗練）","プロ（演出多め）"
"UI-03290","旅行・地図のiOSアプリUI（ネオン・サイバー）","プロ（演出多め）"
"UI-03291","スマートホーム・IoTの管理画面・ダッシュボードUI（3D・クレイ）","プロ（演出多め）"
"UI-03292","AIアシスタント・チャットのiOSアプリUI（パステル・ドリーミー）","プロ（演出多め）"
"UI-03293","飲食店モバイルオーダーの管理画面・ダッシュボードUI（ネオン・サイバー）","プロ（演出多め）"
"UI-03294","タスク・プロジェクト管理のタブレット / POSUI（ポップ・カラフル）","プロ（演出多め）"
"UI-03295","顧客管理（CRM）のAndroidアプリUI（信頼・誠実（コーポレート））","上級"
"UI-03296","予約（サロン/ホテル/病院）のキオスク・サイネージUI（ニューブルータリズム）","上級"
"UI-03297","マッチングのキオスク・サイネージUI（信頼・誠実（コーポレート））","プロ（演出多め）"
"UI-03298","スマートホーム・IoTのAndroidアプリUI（ポップ・カラフル）","上級"
"UI-03299","マッチングのスマートウォッチUI（クール・テック）","プロ（演出多め）"
"UI-03300","旅行・地図のタブレット / POSUI（北欧・ライフスタイル）","プロ（演出多め）"
"UI-03301","音楽・ポッドキャストのキオスク・サイネージUI（パステル・ドリーミー）","上級"
"UI-03302","ショッピングのWebアプリ（SaaS）UI（ネオン・サイバー）","プロ（演出多め）"
"UI-03303","スマートホーム・IoTのタブレット / POSUI（ミニマル・洗練）","プロ（演出多め）"
"UI-03304","旅行・地図のタブレット / POSUI（ニューブルータリズム）","プロ（演出多め）"
"UI-03305","スマートホーム・IoTのタブレット / POSUI（クール・テック）","プロ（演出多め）"
"UI-03306","家計簿・資産管理のiOSアプリUI（エディトリアル・雑誌風）","プロ（演出多め）"
"UI-03307","マッチングのキオスク・サイネージUI（ナチュラル・オーガニック）","プロ（演出多め）"
"UI-03308","顧客管理（CRM）のAndroidアプリUI（クール・テック）","プロ（演出多め）"
"UI-03309","マッチングのスマートウォッチUI（パステル・ドリーミー）","プロ（演出多め）"
"UI-03310","音楽・ポッドキャストのiOSアプリUI（エネルギッシュ・スポーティ）","プロ（演出多め）"
"UI-03311","マッチングのiOSアプリUI（ポップ・カラフル）","プロ（演出多め）"
"UI-03312","タスク・プロジェクト管理のタブレット / POSUI（パステル・ドリーミー）","プロ（演出多め）"
"UI-03313","タスク・プロジェクト管理のタブレット / POSUI（エネルギッシュ・スポーティ）","プロ（演出多め）"
"UI-03314","AIアシスタント・チャットのキオスク・サイネージUI（信頼・誠実（コーポレート））","プロ（演出多め）"
"UI-03315","家計簿・資産管理のキオスク・サイネージUI（ポップ・カラフル）","プロ（演出多め）"
"UI-03316","家計簿・資産管理のキオスク・サイネージUI（クール・テック）","プロ（演出多め）"
"UI-03317","学習・語学アプリのスマートウォッチUI（エディトリアル・雑誌風）","プロ（演出多め）"
"UI-03318","スマートホーム・IoTのiOSアプリUI（ニューブルータリズム）","上級"
"UI-03319","スマートホーム・IoTのスマートウォッチUI（ネオン・サイバー）","プロ（演出多め）"
"UI-03320","予約（サロン/ホテル/病院）のスマートウォッチUI（ネオン・サイバー）","上級"
"UI-03321","ショッピングのWebアプリ（SaaS）UI（ニューブルータリズム）","プロ（演出多め）"
"UI-03322","アクセス解析・BIのタブレット / POSUI（ミニマル・洗練）","上級"
"UI-03323","SNS・コミュニティの管理画面・ダッシュボードUI（クール・テック）","プロ（演出多め）"
"UI-03324","SNS・コミュニティのiOSアプリUI（ニューブルータリズム）","プロ（演出多め）"
"UI-03325","学習・語学アプリのタブレット / POSUI（クール・テック）","上級"
"UI-03326","フードデリバリーのスマートウォッチUI（パステル・ドリーミー）","上級"
"UI-03327","マッチングのiOSアプリUI（ニューブルータリズム）","プロ（演出多め）"
"UI-03328","顧客管理（CRM）のWebアプリ（SaaS）UI（ネオン・サイバー）","プロ（演出多め）"
"UI-03329","顧客管理（CRM）のiOSアプリUI（エネルギッシュ・スポーティ）","プロ（演出多め）"
"UI-03330","SNS・コミュニティのキオスク・サイネージUI（ネオン・サイバー）","プロ（演出多め）"
"UI-03331","音楽・ポッドキャストのiOSアプリUI（ミニマル・洗練）","プロ（演出多め）"
"UI-03332","家計簿・資産管理のスマートウォッチUI（パステル・ドリーミー）","プロ（演出多め）"
"UI-03333","SNS・コミュニティのタブレット / POSUI（クール・テック）","上級"
"UI-03334","ヘルスケア・フィットネス記録のタブレット / POSUI（3D・クレイ）","プロ（演出多め）"
"UI-03335","家計簿・資産管理のスマートウォッチUI（クール・テック）","上級"
"UI-03336","ショッピングのキオスク・サイネージUI（レトロ・Y2K）","プロ（演出多め）"
"UI-03337","フードデリバリーのWebアプリ（SaaS）UI（エネルギッシュ・スポーティ）","上級"
"UI-03338","AIアシスタント・チャットのタブレット / POSUI（ダーク・シネマティック）","プロ（演出多め）"
"UI-03339","旅行・地図のキオスク・サイネージUI（信頼・誠実（コーポレート））","プロ（演出多め）"
"UI-03340","フードデリバリーの管理画面・ダッシュボードUI（ニューブルータリズム）","プロ（演出多め）"
"UI-03341","スマートホーム・IoTのスマートウォッチUI（ハンドメイド・手書き）","プロ（演出多め）"
"UI-03342","飲食店モバイルオーダーのキオスク・サイネージUI（ハンドメイド・手書き）","プロ（演出多め）"
"UI-03343","タスク・プロジェクト管理のスマートウォッチUI（ミニマル・洗練）","プロ（演出多め）"
"UI-03344","ショッピングのスマートウォッチUI（ミニマル・洗練）","プロ（演出多め）"
"UI-03345","学習・語学アプリのタブレット / POSUI（ネオン・サイバー）","プロ（演出多め）"
"UI-03346","ヘルスケア・フィットネス記録のiOSアプリUI（ネオン・サイバー）","上級"
"UI-03347","AIアシスタント・チャットのiOSアプリUI（ポップ・カラフル）","プロ（演出多め）"
"UI-03348","スマートホーム・IoTのAndroidアプリUI（エディトリアル・雑誌風）","上級"
"UI-03349","旅行・地図のiOSアプリUI（ポップ・カラフル）","プロ（演出多め）"
"UI-03350","アクセス解析・BIの管理画面・ダッシュボードUI（ミニマル・洗練）","プロ（演出多め）"
"UI-03351","音楽・ポッドキャストの管理画面・ダッシュボードUI（3D・クレイ）","プロ（演出多め）"
"UI-03352","飲食店モバイルオーダーのWebアプリ（SaaS）UI（信頼・誠実（コーポレート））","プロ（演出多め）"
"UI-03353","音楽・ポッドキャストのキオスク・サイネージUI（ニューブルータリズム）","プロ（演出多め）"
"UI-03354","アクセス解析・BIのタブレット / POSUI（クール・テック）","上級"
"UI-03355","スマートホーム・IoTのスマートウォッチUI（ハンドメイド・手書き）","上級"
"UI-03356","学習・語学アプリのiOSアプリUI（信頼・誠実（コーポレート））","上級"
"UI-03357","タスク・プロジェクト管理のWebアプリ（SaaS）UI（ネオン・サイバー）","プロ（演出多め）"
"UI-03358","家計簿・資産管理の管理画面・ダッシュボードUI（信頼・誠実（コーポレート））","プロ（演出多め）"
"UI-03359","予約（サロン/ホテル/病院）のタブレット / POSUI（エネルギッシュ・スポーティ）","上級"
"UI-03360","飲食店モバイルオーダーのWebアプリ（SaaS）UI（パステル・ドリーミー）","上級"
"UI-03361","スマートホーム・IoTのタブレット / POSUI（ミニマル・洗練）","上級"
"UI-03362","アクセス解析・BIの管理画面・ダッシュボードUI（グラスモーフィズム）","上級"
"UI-03363","アクセス解析・BIのWebアプリ（SaaS）UI（ナチュラル・オーガニック）","プロ（演出多め）"
"UI-03364","音楽・ポッドキャストのiOSアプリUI（グラスモーフィズム）","上級"
"UI-03365","旅行・地図の管理画面・ダッシュボードUI（3D・クレイ）","プロ（演出多め）"
"UI-03366","顧客管理（CRM）のWebアプリ（SaaS）UI（ネオン・サイバー）","プロ（演出多め）"
"UI-03367","アクセス解析・BIの管理画面・ダッシュボードUI（ネオン・サイバー）","上級"
"UI-03368","SNS・コミュニティのタブレット / POSUI（ニューブルータリズム）","上級"
"UI-03369","学習・語学アプリのスマートウォッチUI（グラスモーフィズム）","プロ（演出多め）"
"UI-03370","マッチングのキオスク・サイネージUI（ナチュラル・オーガニック）","プロ（演出多め）"
"UI-03371","AIアシスタント・チャットのiOSアプリUI（ニューブルータリズム）","プロ（演出多め）"
"UI-03372","フードデリバリーのスマートウォッチUI（和モダン）","上級"
"UI-03373","AIアシスタント・チャットのタブレット / POSUI（ポップ・カラフル）","上級"
"UI-03374","AIアシスタント・チャットのAndroidアプリUI（3D・クレイ）","プロ（演出多め）"
"UI-03375","タスク・プロジェクト管理のiOSアプリUI（ニューブルータリズム）","上級"
"UI-03376","スマートホーム・IoTのAndroidアプリUI（ラグジュアリー・高級感）","プロ（演出多め）"
"UI-03377","家計簿・資産管理のAndroidアプリUI（信頼・誠実（コーポレート））","上級"
"UI-03378","アクセス解析・BIのWebアプリ（SaaS）UI（ネオン・サイバー）","上級"
"UI-03379","マッチングのキオスク・サイネージUI（グラスモーフィズム）","プロ（演出多め）"
"UI-03380","フードデリバリーのiOSアプリUI（ポップ・カラフル）","プロ（演出多め）"
"UI-03381","家計簿・資産管理のスマートウォッチUI（ポップ・カラフル）","上級"
"UI-03382","飲食店モバイルオーダーのスマートウォッチUI（信頼・誠実（コーポレート））","上級"
"UI-03383","フードデリバリーのWebアプリ（SaaS）UI（和モダン）","上級"
"UI-03384","タスク・プロジェクト管理のタブレット / POSUI（信頼・誠実（コーポレート））","上級"
"UI-03385","タスク・プロジェクト管理のWebアプリ（SaaS）UI（ニューブルータリズム）","プロ（演出多め）"
"UI-03386","フードデリバリーのキオスク・サイネージUI（クール・テック）","プロ（演出多め）"
"UI-03387","学習・語学アプリのWebアプリ（SaaS）UI（ミニマル・洗練）","プロ（演出多め）"
"UI-03388","スマートホーム・IoTのAndroidアプリUI（クール・テック）","プロ（演出多め）"
"UI-03389","家計簿・資産管理の管理画面・ダッシュボードUI（ミニマル・洗練）","プロ（演出多め）"
"UI-03390","顧客管理（CRM）のAndroidアプリUI（ナチュラル・オーガニック）","プロ（演出多め）"
"UI-03391","スマートホーム・IoTのWebアプリ（SaaS）UI（ポップ・カラフル）","プロ（演出多め）"
"UI-03392","飲食店モバイルオーダーのiOSアプリUI（ポップ・カラフル）","上級"
"UI-03393","音楽・ポッドキャストのキオスク・サイネージUI（信頼・誠実（コーポレート））","プロ（演出多め）"
"UI-03394","SNS・コミュニティのAndroidアプリUI（ハンドメイド・手書き）","上級"
"UI-03395","AIアシスタント・チャットのWebアプリ（SaaS）UI（ニューブルータリズム）","プロ（演出多め）"
"UI-03396","ショッピングの管理画面・ダッシュボードUI（パステル・ドリーミー）","プロ（演出多め）"
"UI-03397","学習・語学アプリのiOSアプリUI（ネオン・サイバー）","上級"
"UI-03398","マッチングのタブレット / POSUI（グラスモーフィズム）","プロ（演出多め）"
"UI-03399","学習・語学アプリの管理画面・ダッシュボードUI（和モダン）","プロ（演出多め）"
"UI-03400","SNS・コミュニティのキオスク・サイネージUI（ポップ・カラフル）","プロ（演出多め）"
"UI-03401","マッチングの管理画面・ダッシュボードUI（クール・テック）","プロ（演出多め）"
"UI-03402","スマートホーム・IoTのキオスク・サイネージUI（クール・テック）","プロ（演出多め）"
"UI-03403","飲食店モバイルオーダーのAndroidアプリUI（ミニマル・洗練）","プロ（演出多め）"
"UI-03404","ショッピングのキオスク・サイネージUI（クール・テック）","上級"
"UI-03405","SNS・コミュニティのタブレット / POSUI（ネオン・サイバー）","プロ（演出多め）"
"UI-03406","タスク・プロジェクト管理のiOSアプリUI（パステル・ドリーミー）","プロ（演出多め）"
"UI-03407","顧客管理（CRM）のiOSアプリUI（ダーク・シネマティック）","上級"
"UI-03408","マッチングのWebアプリ（SaaS）UI（和モダン）","プロ（演出多め）"
"UI-03409","SNS・コミュニティのタブレット / POSUI（かわいい・ガーリー）","プロ（演出多め）"
"UI-03410","フードデリバリーのキオスク・サイネージUI（信頼・誠実（コーポレート））","プロ（演出多め）"
"UI-03411","フードデリバリーのWebアプリ（SaaS）UI（パステル・ドリーミー）","プロ（演出多め）"
"UI-03412","家計簿・資産管理のWebアプリ（SaaS）UI（ナチュラル・オーガニック）","上級"
"UI-03413","スマートホーム・IoTのキオスク・サイネージUI（3D・クレイ）","プロ（演出多め）"
"UI-03414","AIアシスタント・チャットのAndroidアプリUI（クール・テック）","プロ（演出多め）"
"UI-03415","音楽・ポッドキャストのタブレット / POSUI（ミニマル・洗練）","プロ（演出多め）"
"UI-03416","マッチングのWebアプリ（SaaS）UI（ナチュラル・オーガニック）","プロ（演出多め）"
"UI-03417","飲食店モバイルオーダーのタブレット / POSUI（ポップ・カラフル）","上級"
"UI-03418","音楽・ポッドキャストのAndroidアプリUI（ポップ・カラフル）","プロ（演出多め）"
"UI-03419","予約（サロン/ホテル/病院）の管理画面・ダッシュボードUI（グラスモーフィズム）","プロ（演出多め）"
"UI-03420","予約（サロン/ホテル/病院）の管理画面・ダッシュボードUI（ナチュラル・オーガニック）","プロ（演出多め）"
"UI-03421","タスク・プロジェクト管理のiOSアプリUI（ミニマル・洗練）","プロ（演出多め）"
"UI-03422","SNS・コミュニティのタブレット / POSUI（クール・テック）","プロ（演出多め）"
"UI-03423","予約（サロン/ホテル/病院）のキオスク・サイネージUI（ミニマル・洗練）","プロ（演出多め）"
"UI-03424","アクセス解析・BIのWebアプリ（SaaS）UI（ミニマル・洗練）","上級"
"UI-03425","マッチングのタブレット / POSUI（グラスモーフィズム）","上級"
"UI-03426","旅行・地図のiOSアプリUI（レトロ・Y2K）","プロ（演出多め）"
"UI-03427","タスク・プロジェクト管理のWebアプリ（SaaS）UI（ポップ・カラフル）","上級"
"UI-03428","ヘルスケア・フィットネス記録のスマートウォッチUI（和モダン）","プロ（演出多め）"
"UI-03429","学習・語学アプリのAndroidアプリUI（ニューブルータリズム）","プロ（演出多め）"
"UI-03430","飲食店モバイルオーダーの管理画面・ダッシュボードUI（ダーク・シネマティック）","プロ（演出多め）"
"UI-03431","旅行・地図のタブレット / POSUI（ナチュラル・オーガニック）","上級"
"UI-03432","学習・語学アプリのキオスク・サイネージUI（ラグジュアリー・高級感）","プロ（演出多め）"
"UI-03433","顧客管理（CRM）のタブレット / POSUI（クール・テック）","プロ（演出多め）"
"UI-03434","ヘルスケア・フィットネス記録のキオスク・サイネージUI（ニューブルータリズム）","プロ（演出多め）"
"UI-03435","家計簿・資産管理のiOSアプリUI（ネオン・サイバー）","プロ（演出多め）"
"UI-03436","顧客管理（CRM）のWebアプリ（SaaS）UI（クール・テック）","上級"
"UI-03437","SNS・コミュニティのスマートウォッチUI（3D・クレイ）","上級"
"UI-03438","飲食店モバイルオーダーのAndroidアプリUI（パステル・ドリーミー）","プロ（演出多め）"
"UI-03439","音楽・ポッドキャストの管理画面・ダッシュボードUI（エネルギッシュ・スポーティ）","プロ（演出多め）"
"UI-03440","顧客管理（CRM）のAndroidアプリUI（信頼・誠実（コーポレート））","上級"
"UI-03441","タスク・プロジェクト管理の管理画面・ダッシュボードUI（信頼・誠実（コーポレート））","プロ（演出多め）"
"UI-03442","AIアシスタント・チャットのAndroidアプリUI（パステル・ドリーミー）","プロ（演出多め）"
"UI-03443","家計簿・資産管理のAndroidアプリUI（3D・クレイ）","上級"
"UI-03444","AIアシスタント・チャットの管理画面・ダッシュボードUI（グラスモーフィズム）","プロ（演出多め）"
"UI-03445","スマートホーム・IoTのWebアプリ（SaaS）UI（ポップ・カラフル）","プロ（演出多め）"
"UI-03446","学習・語学アプリのAndroidアプリUI（ナチュラル・オーガニック）","プロ（演出多め）"
"UI-03447","家計簿・資産管理のスマートウォッチUI（クール・テック）","プロ（演出多め）"
"UI-03448","ヘルスケア・フィットネス記録のAndroidアプリUI（パステル・ドリーミー）","上級"
"UI-03449","タスク・プロジェクト管理のWebアプリ（SaaS）UI（ネオン・サイバー）","プロ（演出多め）"
"UI-03450","家計簿・資産管理のスマートウォッチUI（ラグジュアリー・高級感）","上級"
"UI-03451","学習・語学アプリの管理画面・ダッシュボードUI（ダーク・シネマティック）","プロ（演出多め）"
"UI-03452","旅行・地図のスマートウォッチUI（3D・クレイ）","プロ（演出多め）"
"UI-03453","予約（サロン/ホテル/病院）のタブレット / POSUI（エディトリアル・雑誌風）","プロ（演出多め）"
"UI-03454","家計簿・資産管理のWebアプリ（SaaS）UI（ミニマル・洗練）","プロ（演出多め）"
"UI-03455","旅行・地図のiOSアプリUI（ポップ・カラフル）","プロ（演出多め）"
"UI-03456","ショッピングの管理画面・ダッシュボードUI（ポップ・カラフル）","上級"
"UI-03457","学習・語学アプリのWebアプリ（SaaS）UI（ナチュラル・オーガニック）","上級"
"UI-03458","アクセス解析・BIのWebアプリ（SaaS）UI（ラグジュアリー・高級感）","プロ（演出多め）"
"UI-03459","学習・語学アプリのキオスク・サイネージUI（ミニマル・洗練）","プロ（演出多め）"
"UI-03460","スマートホーム・IoTのキオスク・サイネージUI（ポップ・カラフル）","プロ（演出多め）"
"UI-03461","旅行・地図のキオスク・サイネージUI（レトロ・Y2K）","プロ（演出多め）"
"UI-03462","ヘルスケア・フィットネス記録のタブレット / POSUI（グラスモーフィズム）","上級"
"UI-03463","予約（サロン/ホテル/病院）のタブレット / POSUI（ポップ・カラフル）","プロ（演出多め）"
"UI-03464","予約（サロン/ホテル/病院）のスマートウォッチUI（ニューブルータリズム）","プロ（演出多め）"
"UI-03465","アクセス解析・BIの管理画面・ダッシュボードUI（ニューブルータリズム）","プロ（演出多め）"
"UI-03466","旅行・地図のスマートウォッチUI（3D・クレイ）","プロ（演出多め）"
"UI-03467","学習・語学アプリのキオスク・サイネージUI（信頼・誠実（コーポレート））","プロ（演出多め）"
"UI-03468","AIアシスタント・チャットの管理画面・ダッシュボードUI（3D・クレイ）","プロ（演出多め）"
"UI-03469","AIアシスタント・チャットのキオスク・サイネージUI（ポップ・カラフル）","上級"
"UI-03470","学習・語学アプリのAndroidアプリUI（3D・クレイ）","上級"
"UI-03471","マッチングの管理画面・ダッシュボードUI（信頼・誠実（コーポレート））","上級"
"UI-03472","アクセス解析・BIの管理画面・ダッシュボードUI（グラスモーフィズム）","プロ（演出多め）"
"UI-03473","飲食店モバイルオーダーの管理画面・ダッシュボードUI（3D・クレイ）","上級"
"UI-03474","フードデリバリーのiOSアプリUI（ネオン・サイバー）","プロ（演出多め）"
"UI-03475","AIアシスタント・チャットのキオスク・サイネージUI（パステル・ドリーミー）","プロ（演出多め）"
"UI-03476","SNS・コミュニティの管理画面・ダッシュボードUI（3D・クレイ）","上級"
"UI-03477","学習・語学アプリのスマートウォッチUI（ハンドメイド・手書き）","プロ（演出多め）"
"UI-03478","AIアシスタント・チャットのiOSアプリUI（信頼・誠実（コーポレート））","上級"
"UI-03479","スマートホーム・IoTのAndroidアプリUI（信頼・誠実（コーポレート））","プロ（演出多め）"
"UI-03480","家計簿・資産管理のスマートウォッチUI（パステル・ドリーミー）","プロ（演出多め）"
"UI-03481","タスク・プロジェクト管理のWebアプリ（SaaS）UI（クール・テック）","プロ（演出多め）"
"UI-03482","SNS・コミュニティのタブレット / POSUI（ネオン・サイバー）","上級"
"UI-03483","顧客管理（CRM）のiOSアプリUI（ニューブルータリズム）","プロ（演出多め）"
"UI-03484","旅行・地図のAndroidアプリUI（ニューブルータリズム）","プロ（演出多め）"
"UI-03485","音楽・ポッドキャストのiOSアプリUI（グラスモーフィズム）","プロ（演出多め）"
"UI-03486","学習・語学アプリのスマートウォッチUI（ポップ・カラフル）","上級"
"UI-03487","ショッピングのスマートウォッチUI（ハンドメイド・手書き）","上級"
"UI-03488","学習・語学アプリのキオスク・サイネージUI（パステル・ドリーミー）","プロ（演出多め）"
"UI-03489","飲食店モバイルオーダーのiOSアプリUI（ネオン・サイバー）","プロ（演出多め）"
"UI-03490","マッチングのキオスク・サイネージUI（信頼・誠実（コーポレート））","プロ（演出多め）"
"UI-03491","マッチングのキオスク・サイネージUI（パステル・ドリーミー）","上級"
"UI-03492","顧客管理（CRM）のAndroidアプリUI（パステル・ドリーミー）","プロ（演出多め）"
"UI-03493","スマートホーム・IoTの管理画面・ダッシュボードUI（3D・クレイ）","上級"
"UI-03494","タスク・プロジェクト管理のiOSアプリUI（ニューブルータリズム）","プロ（演出多め）"
"UI-03495","AIアシスタント・チャットのiOSアプリUI（パステル・ドリーミー）","プロ（演出多め）"
"UI-03496","家計簿・資産管理のキオスク・サイネージUI（信頼・誠実（コーポレート））","上級"
"UI-03497","スマートホーム・IoTのAndroidアプリUI（信頼・誠実（コーポレート））","プロ（演出多め）"
"UI-03498","顧客管理（CRM）のAndroidアプリUI（ネオン・サイバー）","プロ（演出多め）"
"UI-03499","音楽・ポッドキャストのスマートウォッチUI（グラスモーフィズム）","プロ（演出多め）"
"UI-03500","ヘルスケア・フィットネス記録のAndroidアプリUI（エネルギッシュ・スポーティ）","プロ（演出多め）"
"UI-03501","スマートホーム・IoTのWebアプリ（SaaS）UI（グラスモーフィズム）","上級"
"UI-03502","SNS・コミュニティの管理画面・ダッシュボードUI（ハンドメイド・手書き）","上級"
"UI-03503","家計簿・資産管理のタブレット / POSUI（パステル・ドリーミー）","プロ（演出多め）"
"UI-03504","AIアシスタント・チャットのスマートウォッチUI（ミニマル・洗練）","プロ（演出多め）"
"UI-03505","旅行・地図のスマートウォッチUI（パステル・ドリーミー）","プロ（演出多め）"
"UI-03506","アクセス解析・BIのタブレット / POSUI（ポップ・カラフル）","プロ（演出多め）"
"UI-03507","予約（サロン/ホテル/病院）のタブレット / POSUI（ネオン・サイバー）","プロ（演出多め）"
"UI-03508","音楽・ポッドキャストのキオスク・サイネージUI（3D・クレイ）","プロ（演出多め）"
"UI-03509","ヘルスケア・フィットネス記録のタブレット / POSUI（ネオン・サイバー）","上級"
"UI-03510","タスク・プロジェクト管理のタブレット / POSUI（ニューブルータリズム）","プロ（演出多め）"
"UI-03511","学習・語学アプリのキオスク・サイネージUI（ポップ・カラフル）","上級"
"UI-03512","家計簿・資産管理のタブレット / POSUI（クール・テック）","プロ（演出多め）"
"UI-03513","学習・語学アプリのiOSアプリUI（信頼・誠実（コーポレート））","上級"
"UI-03514","AIアシスタント・チャットのキオスク・サイネージUI（3D・クレイ）","プロ（演出多め）"
"UI-03515","家計簿・資産管理のWebアプリ（SaaS）UI（ニューブルータリズム）","プロ（演出多め）"
"UI-03516","スマートホーム・IoTのスマートウォッチUI（3D・クレイ）","上級"
"UI-03517","学習・語学アプリのAndroidアプリUI（3D・クレイ）","プロ（演出多め）"
"UI-03518","タスク・プロジェクト管理のタブレット / POSUI（ミニマル・洗練）","上級"
"UI-03519","旅行・地図のスマートウォッチUI（パステル・ドリーミー）","プロ（演出多め）"
"UI-03520","アクセス解析・BIのAndroidアプリUI（3D・クレイ）","プロ（演出多め）"
"UI-03521","SNS・コミュニティの管理画面・ダッシュボードUI（ニューブルータリズム）","プロ（演出多め）"
"UI-03522","SNS・コミュニティのAndroidアプリUI（ネオン・サイバー）","プロ（演出多め）"
"UI-03523","スマートホーム・IoTのiOSアプリUI（グラスモーフィズム）","プロ（演出多め）"
"UI-03524","SNS・コミュニティのAndroidアプリUI（パステル・ドリーミー）","プロ（演出多め）"
"UI-03525","タスク・プロジェクト管理のAndroidアプリUI（3D・クレイ）","プロ（演出多め）"
"UI-03526","フードデリバリーのWebアプリ（SaaS）UI（エネルギッシュ・スポーティ）","プロ（演出多め）"
"UI-03527","ショッピングのAndroidアプリUI（ポップ・カラフル）","プロ（演出多め）"
"UI-03528","飲食店モバイルオーダーのスマートウォッチUI（ジオメトリック・グラフィカル）","プロ（演出多め）"
"UI-03529","SNS・コミュニティのAndroidアプリUI（ミニマル・洗練）","プロ（演出多め）"
"UI-03530","ショッピングのスマートウォッチUI（3D・クレイ）","上級"
"UI-03531","SNS・コミュニティのWebアプリ（SaaS）UI（ポップ・カラフル）","プロ（演出多め）"
"UI-03532","ショッピングのiOSアプリUI（クール・テック）","上級"
"UI-03533","家計簿・資産管理のWebアプリ（SaaS）UI（ネオン・サイバー）","上級"
"UI-03534","飲食店モバイルオーダーのタブレット / POSUI（グラスモーフィズム）","上級"
"UI-03535","AIアシスタント・チャットのスマートウォッチUI（信頼・誠実（コーポレート））","プロ（演出多め）"
"UI-03536","顧客管理（CRM）のキオスク・サイネージUI（クール・テック）","上級"
"UI-03537","スマートホーム・IoTのスマートウォッチUI（ニューブルータリズム）","プロ（演出多め）"
"UI-03538","顧客管理（CRM）のスマートウォッチUI（ラグジュアリー・高級感）","上級"
"UI-03539","飲食店モバイルオーダーのWebアプリ（SaaS）UI（ニューブルータリズム）","プロ（演出多め）"
"UI-03540","旅行・地図の管理画面・ダッシュボードUI（クール・テック）","上級"
"UI-03541","アクセス解析・BIのiOSアプリUI（ニューブルータリズム）","上級"
"UI-03542","予約（サロン/ホテル/病院）のWebアプリ（SaaS）UI（ネオン・サイバー）","プロ（演出多め）"
"UI-03543","飲食店モバイルオーダーのiOSアプリUI（ニューブルータリズム）","プロ（演出多め）"
"UI-03544","ヘルスケア・フィットネス記録のタブレット / POSUI（ニューブルータリズム）","上級"
"UI-03545","学習・語学アプリのiOSアプリUI（ジオメトリック・グラフィカル）","プロ（演出多め）"
"UI-03546","アクセス解析・BIのWebアプリ（SaaS）UI（3D・クレイ）","プロ（演出多め）"
"UI-03547","顧客管理（CRM）のiOSアプリUI（グラスモーフィズム）","プロ（演出多め）"
"UI-03548","AIアシスタント・チャットのiOSアプリUI（ダーク・シネマティック）","プロ（演出多め）"
"UI-03549","飲食店モバイルオーダーのWebアプリ（SaaS）UI（ニューブルータリズム）","プロ（演出多め）"
"UI-03550","家計簿・資産管理のAndroidアプリUI（パステル・ドリーミー）","プロ（演出多め）"
"UI-03551","AIアシスタント・チャットのタブレット / POSUI（北欧・ライフスタイル）","プロ（演出多め）"
"UI-03552","AIアシスタント・チャットのキオスク・サイネージUI（和モダン）","プロ（演出多め）"
"UI-03553","音楽・ポッドキャストのAndroidアプリUI（ラグジュアリー・高級感）","プロ（演出多め）"
"UI-03554","音楽・ポッドキャストのAndroidアプリUI（ラグジュアリー・高級感）","上級"
"UI-03555","顧客管理（CRM）の管理画面・ダッシュボードUI（ハンドメイド・手書き）","プロ（演出多め）"
"UI-03556","AIアシスタント・チャットのスマートウォッチUI（ポップ・カラフル）","プロ（演出多め）"
"UI-03557","学習・語学アプリのキオスク・サイネージUI（ジオメトリック・グラフィカル）","プロ（演出多め）"
"UI-03558","音楽・ポッドキャストのタブレット / POSUI（パステル・ドリーミー）","上級"
"UI-03559","フードデリバリーのiOSアプリUI（パステル・ドリーミー）","プロ（演出多め）"
"UI-03560","顧客管理（CRM）のキオスク・サイネージUI（ネオン・サイバー）","上級"
"UI-03561","家計簿・資産管理のiOSアプリUI（ネオン・サイバー）","プロ（演出多め）"
"UI-03562","予約（サロン/ホテル/病院）のAndroidアプリUI（グラスモーフィズム）","プロ（演出多め）"
"UI-03563","家計簿・資産管理のWebアプリ（SaaS）UI（ミニマル・洗練）","プロ（演出多め）"
"UI-03564","顧客管理（CRM）のiOSアプリUI（3D・クレイ）","プロ（演出多め）"
"UI-03565","ヘルスケア・フィットネス記録のWebアプリ（SaaS）UI（ポップ・カラフル）","上級"
"UI-03566","顧客管理（CRM）のiOSアプリUI（ポップ・カラフル）","プロ（演出多め）"
"UI-03567","マッチングのWebアプリ（SaaS）UI（パステル・ドリーミー）","プロ（演出多め）"
"UI-03568","予約（サロン/ホテル/病院）のWebアプリ（SaaS）UI（和モダン）","プロ（演出多め）"
"UI-03569","AIアシスタント・チャットのタブレット / POSUI（クール・テック）","プロ（演出多め）"
"UI-03570","旅行・地図のAndroidアプリUI（和モダン）","プロ（演出多め）"
"UI-03571","ショッピングのキオスク・サイネージUI（信頼・誠実（コーポレート））","プロ（演出多め）"
"UI-03572","スマートホーム・IoTのAndroidアプリUI（信頼・誠実（コーポレート））","上級"
"UI-03573","タスク・プロジェクト管理のキオスク・サイネージUI（ポップ・カラフル）","プロ（演出多め）"
"UI-03574","旅行・地図のタブレット / POSUI（ネオン・サイバー）","上級"
"UI-03575","マッチングの管理画面・ダッシュボードUI（ラグジュアリー・高級感）","プロ（演出多め）"
"UI-03576","SNS・コミュニティのキオスク・サイネージUI（ミニマル・洗練）","上級"
"UI-03577","アクセス解析・BIのタブレット / POSUI（グラスモーフィズム）","プロ（演出多め）"
"UI-03578","タスク・プロジェクト管理のスマートウォッチUI（3D・クレイ）","上級"
"UI-03579","音楽・ポッドキャストのスマートウォッチUI（パステル・ドリーミー）","上級"
"UI-03580","タスク・プロジェクト管理の管理画面・ダッシュボードUI（エディトリアル・雑誌風）","プロ（演出多め）"
"UI-03581","アクセス解析・BIのAndroidアプリUI（レトロ・Y2K）","上級"
"UI-03582","家計簿・資産管理のAndroidアプリUI（ポップ・カラフル）","プロ（演出多め）"
"UI-03583","顧客管理（CRM）のタブレット / POSUI（ニューブルータリズム）","上級"
"UI-03584","音楽・ポッドキャストのスマートウォッチUI（ポップ・カラフル）","プロ（演出多め）"
"UI-03585","学習・語学アプリのタブレット / POSUI（ネオン・サイバー）","プロ（演出多め）"
"UI-03586","音楽・ポッドキャストのタブレット / POSUI（ミニマル・洗練）","上級"
"UI-03587","アクセス解析・BIのAndroidアプリUI（ニューブルータリズム）","上級"
"UI-03588","マッチングのWebアプリ（SaaS）UI（パステル・ドリーミー）","プロ（演出多め）"
"UI-03589","家計簿・資産管理の管理画面・ダッシュボードUI（クール・テック）","プロ（演出多め）"
"UI-03590","マッチングのAndroidアプリUI（ネオン・サイバー）","上級"
"UI-03591","飲食店モバイルオーダーのタブレット / POSUI（ナチュラル・オーガニック）","プロ（演出多め）"
"UI-03592","学習・語学アプリのキオスク・サイネージUI（ポップ・カラフル）","プロ（演出多め）"
"UI-03593","学習・語学アプリのタブレット / POSUI（パステル・ドリーミー）","プロ（演出多め）"
"UI-03594","音楽・ポッドキャストの管理画面・ダッシュボードUI（ジオメトリック・グラフィカル）","プロ（演出多め）"
"UI-03595","アクセス解析・BIのタブレット / POSUI（パステル・ドリーミー）","上級"
"UI-03596","学習・語学アプリのAndroidアプリUI（クール・テック）","プロ（演出多め）"
"UI-03597","学習・語学アプリのWebアプリ（SaaS）UI（ネオン・サイバー）","上級"
"UI-03598","アクセス解析・BIのWebアプリ（SaaS）UI（ミニマル・洗練）","上級"
"UI-03599","スマートホーム・IoTのiOSアプリUI（ネオン・サイバー）","プロ（演出多め）"
"UI-03600","AIアシスタント・チャットのキオスク・サイネージUI（グラスモーフィズム）","プロ（演出多め）"
"UI-03601","フードデリバリーのスマートウォッチUI（ハンドメイド・手書き）","プロ（演出多め）"
"UI-03602","SNS・コミュニティのスマートウォッチUI（クール・テック）","プロ（演出多め）"
"UI-03603","ヘルスケア・フィットネス記録の管理画面・ダッシュボードUI（ポップ・カラフル）","プロ（演出多め）"
"UI-03604","マッチングのAndroidアプリUI（パステル・ドリーミー）","上級"
"UI-03605","マッチングのキオスク・サイネージUI（ポップ・カラフル）","プロ（演出多め）"
"UI-03606","音楽・ポッドキャストのキオスク・サイネージUI（3D・クレイ）","プロ（演出多め）"
"UI-03607","飲食店モバイルオーダーのAndroidアプリUI（信頼・誠実（コーポレート））","プロ（演出多め）"
"UI-03608","ヘルスケア・フィットネス記録のWebアプリ（SaaS）UI（北欧・ライフスタイル）","プロ（演出多め）"
"UI-03609","タスク・プロジェクト管理の管理画面・ダッシュボードUI（ポップ・カラフル）","プロ（演出多め）"
"UI-03610","飲食店モバイルオーダーのキオスク・サイネージUI（クール・テック）","上級"
"UI-03611","学習・語学アプリのAndroidアプリUI（北欧・ライフスタイル）","上級"
"UI-03612","学習・語学アプリのWebアプリ（SaaS）UI（パステル・ドリーミー）","上級"
"UI-03613","ヘルスケア・フィットネス記録のiOSアプリUI（ジオメトリック・グラフィカル）","プロ（演出多め）"
"UI-03614","マッチングのキオスク・サイネージUI（ネオン・サイバー）","プロ（演出多め）"
"UI-03615","スマートホーム・IoTのiOSアプリUI（ミニマル・洗練）","上級"
"UI-03616","マッチングのキオスク・サイネージUI（グラスモーフィズム）","プロ（演出多め）"
"UI-03617","SNS・コミュニティのキオスク・サイネージUI（パステル・ドリーミー）","上級"
"UI-03618","アクセス解析・BIのWebアプリ（SaaS）UI（3D・クレイ）","プロ（演出多め）"
"UI-03619","AIアシスタント・チャットの管理画面・ダッシュボードUI（ミニマル・洗練）","プロ（演出多め）"
"UI-03620","音楽・ポッドキャストのスマートウォッチUI（ネオン・サイバー）","上級"
"UI-03621","家計簿・資産管理のiOSアプリUI（信頼・誠実（コーポレート））","プロ（演出多め）"
"UI-03622","旅行・地図のキオスク・サイネージUI（パステル・ドリーミー）","プロ（演出多め）"
"UI-03623","スマートホーム・IoTのWebアプリ（SaaS）UI（パステル・ドリーミー）","プロ（演出多め）"
"UI-03624","マッチングのスマートウォッチUI（グラスモーフィズム）","プロ（演出多め）"
"UI-03625","アクセス解析・BIの管理画面・ダッシュボードUI（グラスモーフィズム）","上級"
"UI-03626","アクセス解析・BIのスマートウォッチUI（ニューブルータリズム）","プロ（演出多め）"
"UI-03627","スマートホーム・IoTのAndroidアプリUI（クール・テック）","プロ（演出多め）"
"UI-03628","タスク・プロジェクト管理のWebアプリ（SaaS）UI（ニューブルータリズム）","プロ（演出多め）"
"UI-03629","フードデリバリーの管理画面・ダッシュボードUI（レトロ・Y2K）","プロ（演出多め）"
"UI-03630","ヘルスケア・フィットネス記録のWebアプリ（SaaS）UI（パステル・ドリーミー）","上級"
"UI-03631","フードデリバリーのWebアプリ（SaaS）UI（3D・クレイ）","プロ（演出多め）"
"UI-03632","SNS・コミュニティの管理画面・ダッシュボードUI（ポップ・カラフル）","プロ（演出多め）"
"UI-03633","ヘルスケア・フィットネス記録のスマートウォッチUI（ネオン・サイバー）","プロ（演出多め）"
"UI-03634","マッチングのAndroidアプリUI（エディトリアル・雑誌風）","上級"
"UI-03635","ヘルスケア・フィットネス記録のAndroidアプリUI（ニューブルータリズム）","プロ（演出多め）"
"UI-03636","SNS・コミュニティのタブレット / POSUI（ニューブルータリズム）","上級"
"UI-03637","顧客管理（CRM）のスマートウォッチUI（ダーク・シネマティック）","上級"
"UI-03638","ヘルスケア・フィットネス記録のキオスク・サイネージUI（ニューブルータリズム）","上級"
"UI-03639","学習・語学アプリのWebアプリ（SaaS）UI（信頼・誠実（コーポレート））","プロ（演出多め）"
"UI-03640","家計簿・資産管理のキオスク・サイネージUI（パステル・ドリーミー）","上級"
"UI-03641","学習・語学アプリの管理画面・ダッシュボードUI（3D・クレイ）","プロ（演出多め）"
"UI-03642","SNS・コミュニティのWebアプリ（SaaS）UI（パステル・ドリーミー）","プロ（演出多め）"
"UI-03643","旅行・地図のスマートウォッチUI（ラグジュアリー・高級感）","プロ（演出多め）"
"UI-03644","アクセス解析・BIの管理画面・ダッシュボードUI（ジオメトリック・グラフィカル）","プロ（演出多め）"
"UI-03645","SNS・コミュニティのAndroidアプリUI（ラグジュアリー・高級感）","プロ（演出多め）"
"UI-03646","予約（サロン/ホテル/病院）のタブレット / POSUI（ポップ・カラフル）","プロ（演出多め）"
"UI-03647","飲食店モバイルオーダーのWebアプリ（SaaS）UI（3D・クレイ）","プロ（演出多め）"
"UI-03648","顧客管理（CRM）のタブレット / POSUI（ラグジュアリー・高級感）","プロ（演出多め）"
"UI-03649","タスク・プロジェクト管理のWebアプリ（SaaS）UI（エネルギッシュ・スポーティ）","上級"
"UI-03650","タスク・プロジェクト管理のタブレット / POSUI（レトロ・Y2K）","上級"
"UI-03651","家計簿・資産管理のiOSアプリUI（ハンドメイド・手書き）","プロ（演出多め）"
"UI-03652","スマートホーム・IoTのスマートウォッチUI（和モダン）","プロ（演出多め）"
"UI-03653","学習・語学アプリのキオスク・サイネージUI（ニューブルータリズム）","プロ（演出多め）"
"UI-03654","ショッピングのスマートウォッチUI（ナチュラル・オーガニック）","プロ（演出多め）"
"UI-03655","旅行・地図のAndroidアプリUI（ポップ・カラフル）","プロ（演出多め）"
"UI-03656","マッチングのWebアプリ（SaaS）UI（ニューブルータリズム）","プロ（演出多め）"
"UI-03657","飲食店モバイルオーダーのiOSアプリUI（北欧・ライフスタイル）","プロ（演出多め）"
"UI-03658","マッチングの管理画面・ダッシュボードUI（3D・クレイ）","プロ（演出多め）"
"UI-03659","SNS・コミュニティのAndroidアプリUI（ネオン・サイバー）","上級"
"UI-03660","家計簿・資産管理のタブレット / POSUI（クール・テック）","プロ（演出多め）"
"UI-03661","飲食店モバイルオーダーのiOSアプリUI（ニューブルータリズム）","上級"
"UI-03662","音楽・ポッドキャストのスマートウォッチUI（3D・クレイ）","上級"
"UI-03663","AIアシスタント・チャットのスマートウォッチUI（ミニマル・洗練）","プロ（演出多め）"
"UI-03664","家計簿・資産管理のiOSアプリUI（パステル・ドリーミー）","プロ（演出多め）"
"UI-03665","アクセス解析・BIのiOSアプリUI（クール・テック）","上級"
"UI-03666","飲食店モバイルオーダーのiOSアプリUI（エネルギッシュ・スポーティ）","プロ（演出多め）"
"UI-03667","AIアシスタント・チャットのAndroidアプリUI（ニューブルータリズム）","上級"
"UI-03668","タスク・プロジェクト管理の管理画面・ダッシュボードUI（北欧・ライフスタイル）","プロ（演出多め）"
"UI-03669","飲食店モバイルオーダーのスマートウォッチUI（レトロ・Y2K）","プロ（演出多め）"
"UI-03670","予約（サロン/ホテル/病院）のキオスク・サイネージUI（パステル・ドリーミー）","プロ（演出多め）"
"UI-03671","スマートホーム・IoTのキオスク・サイネージUI（かわいい・ガーリー）","上級"
"UI-03672","家計簿・資産管理のタブレット / POSUI（3D・クレイ）","上級"
"UI-03673","SNS・コミュニティのスマートウォッチUI（パステル・ドリーミー）","プロ（演出多め）"
"UI-03674","アクセス解析・BIのWebアプリ（SaaS）UI（北欧・ライフスタイル）","プロ（演出多め）"
"UI-03675","家計簿・資産管理のタブレット / POSUI（パステル・ドリーミー）","プロ（演出多め）"
"UI-03676","ショッピングのキオスク・サイネージUI（信頼・誠実（コーポレート））","プロ（演出多め）"
"UI-03677","顧客管理（CRM）のWebアプリ（SaaS）UI（エネルギッシュ・スポーティ）","プロ（演出多め）"
"UI-03678","予約（サロン/ホテル/病院）のスマートウォッチUI（ネオン・サイバー）","上級"
"UI-03679","予約（サロン/ホテル/病院）のキオスク・サイネージUI（和モダン）","上級"
"UI-03680","ショッピングのスマートウォッチUI（ジオメトリック・グラフィカル）","プロ（演出多め）"
"UI-03681","家計簿・資産管理のiOSアプリUI（パステル・ドリーミー）","プロ（演出多め）"
"UI-03682","顧客管理（CRM）のiOSアプリUI（ニューブルータリズム）","上級"
"UI-03683","マッチングの管理画面・ダッシュボードUI（信頼・誠実（コーポレート））","上級"
"UI-03684","旅行・地図のタブレット / POSUI（ミニマル・洗練）","プロ（演出多め）"
"UI-03685","AIアシスタント・チャットのスマートウォッチUI（クール・テック）","上級"
"UI-03686","顧客管理（CRM）のタブレット / POSUI（ポップ・カラフル）","プロ（演出多め）"
"UI-03687","スマートホーム・IoTのiOSアプリUI（エネルギッシュ・スポーティ）","プロ（演出多め）"
"UI-03688","音楽・ポッドキャストの管理画面・ダッシュボードUI（信頼・誠実（コーポレート））","上級"
"UI-03689","フードデリバリーのキオスク・サイネージUI（ミニマル・洗練）","プロ（演出多め）"
"UI-03690","ショッピングのスマートウォッチUI（北欧・ライフスタイル）","上級"
"UI-03691","AIアシスタント・チャットのタブレット / POSUI（パステル・ドリーミー）","プロ（演出多め）"
"UI-03692","ヘルスケア・フィットネス記録のキオスク・サイネージUI（パステル・ドリーミー）","プロ（演出多め）"
"UI-03693","タスク・プロジェクト管理の管理画面・ダッシュボードUI（ネオン・サイバー）","上級"
"UI-03694","AIアシスタント・チャットのタブレット / POSUI（信頼・誠実（コーポレート））","プロ（演出多め）"
"UI-03695","顧客管理（CRM）のタブレット / POSUI（ニューブルータリズム）","上級"
"UI-03696","旅行・地図のキオスク・サイネージUI（ネオン・サイバー）","上級"
"UI-03697","マッチングのWebアプリ（SaaS）UI（北欧・ライフスタイル）","プロ（演出多め）"
"UI-03698","フードデリバリーのiOSアプリUI（エネルギッシュ・スポーティ）","上級"
"UI-03699","AIアシスタント・チャットのWebアプリ（SaaS）UI（3D・クレイ）","上級"
"UI-03700","アクセス解析・BIの管理画面・ダッシュボードUI（3D・クレイ）","上級"
"UI-03701","スマートホーム・IoTのタブレット / POSUI（ポップ・カラフル）","プロ（演出多め）"
"UI-03702","フードデリバリーのiOSアプリUI（パステル・ドリーミー）","プロ（演出多め）"
"UI-03703","家計簿・資産管理のWebアプリ（SaaS）UI（ニューブルータリズム）","プロ（演出多め）"
"UI-03704","旅行・地図のAndroidアプリUI（ミニマル・洗練）","上級"
"UI-03705","予約（サロン/ホテル/病院）のAndroidアプリUI（パステル・ドリーミー）","プロ（演出多め）"
"UI-03706","アクセス解析・BIのAndroidアプリUI（ミニマル・洗練）","プロ（演出多め）"
"UI-03707","ヘルスケア・フィットネス記録のAndroidアプリUI（3D・クレイ）","プロ（演出多め）"
"UI-03708","ショッピングのキオスク・サイネージUI（ハンドメイド・手書き）","プロ（演出多め）"
"UI-03709","ショッピングのスマートウォッチUI（グラスモーフィズム）","プロ（演出多め）"
"UI-03710","顧客管理（CRM）のスマートウォッチUI（クール・テック）","上級"
"UI-03711","顧客管理（CRM）のスマートウォッチUI（ミニマル・洗練）","プロ（演出多め）"
"UI-03712","飲食店モバイルオーダーのWebアプリ（SaaS）UI（信頼・誠実（コーポレート））","プロ（演出多め）"
"UI-03713","予約（サロン/ホテル/病院）のAndroidアプリUI（クール・テック）","プロ（演出多め）"
"UI-03714","マッチングのWebアプリ（SaaS）UI（ジオメトリック・グラフィカル）","プロ（演出多め）"
"UI-03715","家計簿・資産管理のiOSアプリUI（信頼・誠実（コーポレート））","プロ（演出多め）"
"UI-03716","旅行・地図のiOSアプリUI（ミニマル・洗練）","上級"
"UI-03717","学習・語学アプリの管理画面・ダッシュボードUI（エネルギッシュ・スポーティ）","プロ（演出多め）"
"UI-03718","家計簿・資産管理のiOSアプリUI（かわいい・ガーリー）","上級"
"UI-03719","スマートホーム・IoTのスマートウォッチUI（和モダン）","プロ（演出多め）"
"UI-03720","音楽・ポッドキャストのキオスク・サイネージUI（ポップ・カラフル）","プロ（演出多め）"
"UI-03721","AIアシスタント・チャットのタブレット / POSUI（ネオン・サイバー）","上級"
"UI-03722","学習・語学アプリのスマートウォッチUI（ニューブルータリズム）","プロ（演出多め）"
"UI-03723","ショッピングのタブレット / POSUI（3D・クレイ）","プロ（演出多め）"
"UI-03724","飲食店モバイルオーダーのAndroidアプリUI（エネルギッシュ・スポーティ）","プロ（演出多め）"
"UI-03725","スマートホーム・IoTのタブレット / POSUI（グラスモーフィズム）","プロ（演出多め）"
"UI-03726","音楽・ポッドキャストのiOSアプリUI（ポップ・カラフル）","プロ（演出多め）"
"UI-03727","家計簿・資産管理のスマートウォッチUI（ニューブルータリズム）","上級"
"UI-03728","ヘルスケア・フィットネス記録のタブレット / POSUI（レトロ・Y2K）","プロ（演出多め）"
"UI-03729","タスク・プロジェクト管理のスマートウォッチUI（信頼・誠実（コーポレート））","上級"
"UI-03730","家計簿・資産管理のスマートウォッチUI（パステル・ドリーミー）","プロ（演出多め）"
"UI-03731","スマートホーム・IoTの管理画面・ダッシュボードUI（ポップ・カラフル）","プロ（演出多め）"
"UI-03732","SNS・コミュニティのiOSアプリUI（エディトリアル・雑誌風）","プロ（演出多め）"
"UI-03733","タスク・プロジェクト管理のタブレット / POSUI（クール・テック）","上級"
"UI-03734","予約（サロン/ホテル/病院）のキオスク・サイネージUI（クール・テック）","プロ（演出多め）"
"UI-03735","スマートホーム・IoTのiOSアプリUI（かわいい・ガーリー）","上級"
"UI-03736","フードデリバリーのAndroidアプリUI（ネオン・サイバー）","プロ（演出多め）"
"UI-03737","フードデリバリーの管理画面・ダッシュボードUI（ミニマル・洗練）","プロ（演出多め）"
"UI-03738","AIアシスタント・チャットのWebアプリ（SaaS）UI（クール・テック）","上級"
"UI-03739","音楽・ポッドキャストのiOSアプリUI（和モダン）","上級"
"UI-03740","音楽・ポッドキャストのiOSアプリUI（3D・クレイ）","プロ（演出多め）"
"UI-03741","SNS・コミュニティのタブレット / POSUI（信頼・誠実（コーポレート））","プロ（演出多め）"
"UI-03742","顧客管理（CRM）の管理画面・ダッシュボードUI（北欧・ライフスタイル）","プロ（演出多め）"
"UI-03743","ヘルスケア・フィットネス記録の管理画面・ダッシュボードUI（クール・テック）","プロ（演出多め）"
"UI-03744","SNS・コミュニティのスマートウォッチUI（ニューブルータリズム）","プロ（演出多め）"
"UI-03745","学習・語学アプリのAndroidアプリUI（3D・クレイ）","プロ（演出多め）"
"UI-03746","学習・語学アプリのiOSアプリUI（ネオン・サイバー）","プロ（演出多め）"
"UI-03747","ヘルスケア・フィットネス記録のiOSアプリUI（クール・テック）","プロ（演出多め）"
"UI-03748","家計簿・資産管理のキオスク・サイネージUI（信頼・誠実（コーポレート））","プロ（演出多め）"
"UI-03749","AIアシスタント・チャットのキオスク・サイネージUI（パステル・ドリーミー）","プロ（演出多め）"
"UI-03750","タスク・プロジェクト管理の管理画面・ダッシュボードUI（ハンドメイド・手書き）","上級"
"UI-03751","AIアシスタント・チャットのキオスク・サイネージUI（エネルギッシュ・スポーティ）","プロ（演出多め）"
"UI-03752","飲食店モバイルオーダーのスマートウォッチUI（ミニマル・洗練）","プロ（演出多め）"
"UI-03753","タスク・プロジェクト管理のWebアプリ（SaaS）UI（エディトリアル・雑誌風）","プロ（演出多め）"
"UI-03754","AIアシスタント・チャットのAndroidアプリUI（ポップ・カラフル）","プロ（演出多め）"
"UI-03755","SNS・コミュニティの管理画面・ダッシュボードUI（3D・クレイ）","プロ（演出多め）"
"UI-03756","スマートホーム・IoTのキオスク・サイネージUI（ポップ・カラフル）","上級"
"UI-03757","SNS・コミュニティの管理画面・ダッシュボードUI（和モダン）","プロ（演出多め）"
"UI-03758","予約（サロン/ホテル/病院）のAndroidアプリUI（グラスモーフィズム）","プロ（演出多め）"
"UI-03759","ヘルスケア・フィットネス記録のタブレット / POSUI（3D・クレイ）","プロ（演出多め）"
"UI-03760","家計簿・資産管理のiOSアプリUI（ニューブルータリズム）","プロ（演出多め）"
"UI-03761","ヘルスケア・フィットネス記録のタブレット / POSUI（ネオン・サイバー）","プロ（演出多め）"
"UI-03762","飲食店モバイルオーダーのスマートウォッチUI（ネオン・サイバー）","プロ（演出多め）"
"UI-03763","学習・語学アプリのiOSアプリUI（3D・クレイ）","上級"
"UI-03764","タスク・プロジェクト管理のキオスク・サイネージUI（ニューブルータリズム）","プロ（演出多め）"
"UI-03765","AIアシスタント・チャットのWebアプリ（SaaS）UI（ネオン・サイバー）","上級"
"UI-03766","ショッピングのキオスク・サイネージUI（信頼・誠実（コーポレート））","プロ（演出多め）"
"UI-03767","スマートホーム・IoTのAndroidアプリUI（信頼・誠実（コーポレート））","上級"
"UI-03768","フードデリバリーのWebアプリ（SaaS）UI（ナチュラル・オーガニック）","プロ（演出多め）"
"UI-03769","フードデリバリーのWebアプリ（SaaS）UI（ポップ・カラフル）","上級"
"UI-03770","AIアシスタント・チャットのキオスク・サイネージUI（グラスモーフィズム）","プロ（演出多め）"
"UI-03771","音楽・ポッドキャストのタブレット / POSUI（ミニマル・洗練）","プロ（演出多め）"
"UI-03772","旅行・地図のWebアプリ（SaaS）UI（パステル・ドリーミー）","プロ（演出多め）"
"UI-03773","顧客管理（CRM）のタブレット / POSUI（3D・クレイ）","上級"
"UI-03774","SNS・コミュニティのスマートウォッチUI（ミニマル・洗練）","プロ（演出多め）"
"UI-03775","学習・語学アプリのAndroidアプリUI（ネオン・サイバー）","プロ（演出多め）"
"UI-03776","音楽・ポッドキャストのAndroidアプリUI（パステル・ドリーミー）","プロ（演出多め）"
"UI-03777","アクセス解析・BIのスマートウォッチUI（ニューブルータリズム）","上級"
"UI-03778","AIアシスタント・チャットのAndroidアプリUI（ネオン・サイバー）","プロ（演出多め）"
"UI-03779","フードデリバリーのAndroidアプリUI（グラスモーフィズム）","プロ（演出多め）"
"UI-03780","家計簿・資産管理のキオスク・サイネージUI（ネオン・サイバー）","上級"
"UI-03781","スマートホーム・IoTのAndroidアプリUI（クール・テック）","プロ（演出多め）"
"UI-03782","飲食店モバイルオーダーのキオスク・サイネージUI（クール・テック）","プロ（演出多め）"
"UI-03783","家計簿・資産管理のタブレット / POSUI（グラスモーフィズム）","プロ（演出多め）"
"UI-03784","AIアシスタント・チャットのWebアプリ（SaaS）UI（ミニマル・洗練）","プロ（演出多め）"
"UI-03785","ショッピングのWebアプリ（SaaS）UI（ニューブルータリズム）","プロ（演出多め）"
"UI-03786","SNS・コミュニティのキオスク・サイネージUI（グラスモーフィズム）","プロ（演出多め）"
"UI-03787","音楽・ポッドキャストのWebアプリ（SaaS）UI（和モダン）","プロ（演出多め）"
"UI-03788","ショッピングのWebアプリ（SaaS）UI（グラスモーフィズム）","プロ（演出多め）"
"UI-03789","AIアシスタント・チャットのキオスク・サイネージUI（パステル・ドリーミー）","プロ（演出多め）"
"UI-03790","アクセス解析・BIのキオスク・サイネージUI（レトロ・Y2K）","上級"
"UI-03791","AIアシスタント・チャットのタブレット / POSUI（パステル・ドリーミー）","上級"
"UI-03792","スマートホーム・IoTのWebアプリ（SaaS）UI（パステル・ドリーミー）","上級"
"UI-03793","旅行・地図のAndroidアプリUI（ミニマル・洗練）","プロ（演出多め）"
"UI-03794","スマートホーム・IoTのAndroidアプリUI（グラスモーフィズム）","プロ（演出多め）"
"UI-03795","タスク・プロジェクト管理のWebアプリ（SaaS）UI（ポップ・カラフル）","プロ（演出多め）"
"UI-03796","顧客管理（CRM）のタブレット / POSUI（レトロ・Y2K）","プロ（演出多め）"
"UI-03797","マッチングのスマートウォッチUI（グラスモーフィズム）","プロ（演出多め）"
"UI-03798","マッチングのiOSアプリUI（ジオメトリック・グラフィカル）","上級"
"UI-03799","タスク・プロジェクト管理のAndroidアプリUI（クール・テック）","プロ（演出多め）"
"UI-03800","旅行・地図のAndroidアプリUI（パステル・ドリーミー）","プロ（演出多め）"
"UI-03801","学習・語学アプリのタブレット / POSUI（かわいい・ガーリー）","プロ（演出多め）"
"UI-03802","アクセス解析・BIのAndroidアプリUI（信頼・誠実（コーポレート））","プロ（演出多め）"
"UI-03803","家計簿・資産管理のスマートウォッチUI（ダーク・シネマティック）","上級"
"UI-03804","SNS・コミュニティのAndroidアプリUI（信頼・誠実（コーポレート））","プロ（演出多め）"
"UI-03805","予約（サロン/ホテル/病院）のタブレット / POSUI（パステル・ドリーミー）","上級"
"UI-03806","ショッピングのAndroidアプリUI（3D・クレイ）","上級"
"UI-03807","旅行・地図の管理画面・ダッシュボードUI（信頼・誠実（コーポレート））","上級"
"UI-03808","タスク・プロジェクト管理のタブレット / POSUI（信頼・誠実（コーポレート））","上級"
"UI-03809","家計簿・資産管理のWebアプリ（SaaS）UI（3D・クレイ）","プロ（演出多め）"
"UI-03810","ヘルスケア・フィットネス記録の管理画面・ダッシュボードUI（パステル・ドリーミー）","プロ（演出多め）"
"UI-03811","タスク・プロジェクト管理のAndroidアプリUI（信頼・誠実（コーポレート））","プロ（演出多め）"
"UI-03812","アクセス解析・BIのスマートウォッチUI（ネオン・サイバー）","プロ（演出多め）"
"UI-03813","ショッピングのiOSアプリUI（3D・クレイ）","上級"
"UI-03814","AIアシスタント・チャットのWebアプリ（SaaS）UI（グラスモーフィズム）","プロ（演出多め）"
"UI-03815","予約（サロン/ホテル/病院）のWebアプリ（SaaS）UI（ポップ・カラフル）","上級"
"UI-03816","顧客管理（CRM）のAndroidアプリUI（ダーク・シネマティック）","プロ（演出多め）"
"UI-03817","フードデリバリーのキオスク・サイネージUI（信頼・誠実（コーポレート））","プロ（演出多め）"
"UI-03818","アクセス解析・BIのタブレット / POSUI（3D・クレイ）","上級"
"UI-03819","ショッピングのAndroidアプリUI（パステル・ドリーミー）","上級"
"UI-03820","飲食店モバイルオーダーの管理画面・ダッシュボードUI（クール・テック）","プロ（演出多め）"
"UI-03821","予約（サロン/ホテル/病院）のAndroidアプリUI（レトロ・Y2K）","上級"
"UI-03822","ヘルスケア・フィットネス記録のWebアプリ（SaaS）UI（ネオン・サイバー）","上級"
"UI-03823","音楽・ポッドキャストのタブレット / POSUI（クール・テック）","上級"
"UI-03824","家計簿・資産管理のAndroidアプリUI（エディトリアル・雑誌風）","プロ（演出多め）"
"UI-03825","タスク・プロジェクト管理のAndroidアプリUI（3D・クレイ）","上級"
"UI-03826","タスク・プロジェクト管理のiOSアプリUI（ネオン・サイバー）","プロ（演出多め）"
"UI-03827","AIアシスタント・チャットのキオスク・サイネージUI（グラスモーフィズム）","プロ（演出多め）"
"UI-03828","スマートホーム・IoTのiOSアプリUI（ニューブルータリズム）","プロ（演出多め）"
"UI-03829","SNS・コミュニティのキオスク・サイネージUI（グラスモーフィズム）","上級"
"UI-03830","アクセス解析・BIのタブレット / POSUI（北欧・ライフスタイル）","上級"
"UI-03831","ショッピングのWebアプリ（SaaS）UI（ダーク・シネマティック）","プロ（演出多め）"
"UI-03832","ショッピングのスマートウォッチUI（ネオン・サイバー）","上級"
"UI-03833","フードデリバリーの管理画面・ダッシュボードUI（パステル・ドリーミー）","プロ（演出多め）"
"UI-03834","予約（サロン/ホテル/病院）のスマートウォッチUI（ポップ・カラフル）","プロ（演出多め）"
"UI-03835","AIアシスタント・チャットのAndroidアプリUI（ポップ・カラフル）","プロ（演出多め）"
"UI-03836","ショッピングのキオスク・サイネージUI（パステル・ドリーミー）","プロ（演出多め）"
"UI-03837","フードデリバリーのスマートウォッチUI（北欧・ライフスタイル）","上級"
"UI-03838","飲食店モバイルオーダーのキオスク・サイネージUI（パステル・ドリーミー）","上級"
"UI-03839","旅行・地図のWebアプリ（SaaS）UI（ミニマル・洗練）","プロ（演出多め）"
"UI-03840","旅行・地図のiOSアプリUI（ミニマル・洗練）","上級"
"UI-03841","アクセス解析・BIのスマートウォッチUI（パステル・ドリーミー）","プロ（演出多め）"
"UI-03842","学習・語学アプリの管理画面・ダッシュボードUI（信頼・誠実（コーポレート））","上級"
"UI-03843","タスク・プロジェクト管理のWebアプリ（SaaS）UI（3D・クレイ）","上級"
"UI-03844","マッチングのタブレット / POSUI（信頼・誠実（コーポレート））","プロ（演出多め）"
"UI-03845","AIアシスタント・チャットのWebアプリ（SaaS）UI（信頼・誠実（コーポレート））","上級"
"UI-03846","AIアシスタント・チャットのキオスク・サイネージUI（ジオメトリック・グラフィカル）","プロ（演出多め）"
"UI-03847","AIアシスタント・チャットのキオスク・サイネージUI（ジオメトリック・グラフィカル）","プロ（演出多め）"
"UI-03848","旅行・地図のWebアプリ（SaaS）UI（3D・クレイ）","上級"
"UI-03849","顧客管理（CRM）のタブレット / POSUI（3D・クレイ）","プロ（演出多め）"
"UI-03850","旅行・地図の管理画面・ダッシュボードUI（パステル・ドリーミー）","プロ（演出多め）"
"UI-03851","SNS・コミュニティのiOSアプリUI（グラスモーフィズム）","プロ（演出多め）"
"UI-03852","旅行・地図のWebアプリ（SaaS）UI（クール・テック）","プロ（演出多め）"
"UI-03853","音楽・ポッドキャストのスマートウォッチUI（グラスモーフィズム）","プロ（演出多め）"
"UI-03854","スマートホーム・IoTの管理画面・ダッシュボードUI（かわいい・ガーリー）","上級"
"UI-03855","旅行・地図のiOSアプリUI（グラスモーフィズム）","プロ（演出多め）"
"UI-03856","顧客管理（CRM）のスマートウォッチUI（3D・クレイ）","プロ（演出多め）"
"UI-03857","ショッピングのWebアプリ（SaaS）UI（信頼・誠実（コーポレート））","上級"
"UI-03858","ヘルスケア・フィットネス記録のWebアプリ（SaaS）UI（クール・テック）","プロ（演出多め）"
"UI-03859","ショッピングのWebアプリ（SaaS）UI（3D・クレイ）","プロ（演出多め）"
"UI-03860","ショッピングのスマートウォッチUI（クール・テック）","プロ（演出多め）"
"UI-03861","SNS・コミュニティのタブレット / POSUI（信頼・誠実（コーポレート））","上級"
"UI-03862","家計簿・資産管理のiOSアプリUI（パステル・ドリーミー）","プロ（演出多め）"
"UI-03863","学習・語学アプリの管理画面・ダッシュボードUI（3D・クレイ）","プロ（演出多め）"
"UI-03864","SNS・コミュニティのAndroidアプリUI（ネオン・サイバー）","上級"
"UI-03865","SNS・コミュニティのAndroidアプリUI（3D・クレイ）","プロ（演出多め）"
"UI-03866","スマートホーム・IoTのタブレット / POSUI（ミニマル・洗練）","上級"
"UI-03867","ヘルスケア・フィットネス記録のiOSアプリUI（パステル・ドリーミー）","プロ（演出多め）"
"UI-03868","SNS・コミュニティのタブレット / POSUI（3D・クレイ）","上級"
"UI-03869","マッチングのスマートウォッチUI（ミニマル・洗練）","プロ（演出多め）"
"UI-03870","ショッピングのタブレット / POSUI（ラグジュアリー・高級感）","プロ（演出多め）"
"UI-03871","ヘルスケア・フィットネス記録のiOSアプリUI（信頼・誠実（コーポレート））","プロ（演出多め）"
"UI-03872","音楽・ポッドキャストのAndroidアプリUI（ポップ・カラフル）","プロ（演出多め）"
"UI-03873","顧客管理（CRM）のタブレット / POSUI（信頼・誠実（コーポレート））","プロ（演出多め）"
"UI-03874","学習・語学アプリの管理画面・ダッシュボードUI（ネオン・サイバー）","上級"
"UI-03875","顧客管理（CRM）のタブレット / POSUI（3D・クレイ）","上級"
"UI-03876","マッチングのキオスク・サイネージUI（信頼・誠実（コーポレート））","プロ（演出多め）"
"UI-03877","SNS・コミュニティのスマートウォッチUI（エディトリアル・雑誌風）","上級"
"UI-03878","家計簿・資産管理のiOSアプリUI（エディトリアル・雑誌風）","プロ（演出多め）"
"UI-03879","ヘルスケア・フィットネス記録のWebアプリ（SaaS）UI（3D・クレイ）","プロ（演出多め）"
"UI-03880","アクセス解析・BIのiOSアプリUI（ポップ・カラフル）","プロ（演出多め）"
"UI-03881","飲食店モバイルオーダーのキオスク・サイネージUI（かわいい・ガーリー）","プロ（演出多め）"
"UI-03882","ショッピングのAndroidアプリUI（クール・テック）","プロ（演出多め）"
"UI-03883","AIアシスタント・チャットのタブレット / POSUI（パステル・ドリーミー）","プロ（演出多め）"
"UI-03884","顧客管理（CRM）のWebアプリ（SaaS）UI（パステル・ドリーミー）","上級"
"UI-03885","フードデリバリーのキオスク・サイネージUI（ダーク・シネマティック）","プロ（演出多め）"
"UI-03886","予約（サロン/ホテル/病院）のAndroidアプリUI（ネオン・サイバー）","プロ（演出多め）"
"UI-03887","ヘルスケア・フィットネス記録のスマートウォッチUI（クール・テック）","上級"
"UI-03888","ヘルスケア・フィットネス記録のiOSアプリUI（クール・テック）","プロ（演出多め）"
"UI-03889","飲食店モバイルオーダーのスマートウォッチUI（3D・クレイ）","上級"
"UI-03890","ヘルスケア・フィットネス記録のタブレット / POSUI（3D・クレイ）","プロ（演出多め）"
"UI-03891","飲食店モバイルオーダーのAndroidアプリUI（クール・テック）","上級"
"UI-03892","SNS・コミュニティのタブレット / POSUI（3D・クレイ）","プロ（演出多め）"
"UI-03893","AIアシスタント・チャットのAndroidアプリUI（ミニマル・洗練）","上級"
"UI-03894","スマートホーム・IoTのAndroidアプリUI（和モダン）","プロ（演出多め）"
"UI-03895","顧客管理（CRM）のWebアプリ（SaaS）UI（ミニマル・洗練）","プロ（演出多め）"
"UI-03896","旅行・地図の管理画面・ダッシュボードUI（ポップ・カラフル）","プロ（演出多め）"
"UI-03897","旅行・地図のタブレット / POSUI（ニューブルータリズム）","上級"
"UI-03898","予約（サロン/ホテル/病院）のタブレット / POSUI（ニューブルータリズム）","プロ（演出多め）"
"UI-03899","顧客管理（CRM）のAndroidアプリUI（エディトリアル・雑誌風）","プロ（演出多め）"
"UI-03900","音楽・ポッドキャストのキオスク・サイネージUI（ポップ・カラフル）","プロ（演出多め）"
"UI-03901","予約（サロン/ホテル/病院）のWebアプリ（SaaS）UI（ダーク・シネマティック）","プロ（演出多め）"
"UI-03902","学習・語学アプリのスマートウォッチUI（パステル・ドリーミー）","上級"
"UI-03903","スマートホーム・IoTのキオスク・サイネージUI（信頼・誠実（コーポレート））","プロ（演出多め）"
"UI-03904","予約（サロン/ホテル/病院）のAndroidアプリUI（ニューブルータリズム）","プロ（演出多め）"
"UI-03905","学習・語学アプリの管理画面・ダッシュボードUI（エネルギッシュ・スポーティ）","プロ（演出多め）"
"UI-03906","家計簿・資産管理のiOSアプリUI（信頼・誠実（コーポレート））","プロ（演出多め）"
"UI-03907","顧客管理（CRM）のタブレット / POSUI（クール・テック）","プロ（演出多め）"
"UI-03908","旅行・地図のタブレット / POSUI（ダーク・シネマティック）","プロ（演出多め）"
"UI-03909","音楽・ポッドキャストのiOSアプリUI（ミニマル・洗練）","プロ（演出多め）"
"UI-03910","フードデリバリーの管理画面・ダッシュボードUI（ジオメトリック・グラフィカル）","プロ（演出多め）"
"UI-03911","音楽・ポッドキャストのスマートウォッチUI（ニューブルータリズム）","プロ（演出多め）"
"UI-03912","スマートホーム・IoTのAndroidアプリUI（信頼・誠実（コーポレート））","プロ（演出多め）"
"UI-03913","家計簿・資産管理のiOSアプリUI（ポップ・カラフル）","プロ（演出多め）"
"UI-03914","ヘルスケア・フィットネス記録の管理画面・ダッシュボードUI（グラスモーフィズム）","プロ（演出多め）"
"UI-03915","予約（サロン/ホテル/病院）のタブレット / POSUI（パステル・ドリーミー）","プロ（演出多め）"
"UI-03916","タスク・プロジェクト管理のスマートウォッチUI（ジオメトリック・グラフィカル）","プロ（演出多め）"
"UI-03917","旅行・地図のタブレット / POSUI（ニューブルータリズム）","プロ（演出多め）"
"UI-03918","ヘルスケア・フィットネス記録のタブレット / POSUI（3D・クレイ）","プロ（演出多め）"
"UI-03919","マッチングのiOSアプリUI（ニューブルータリズム）","上級"
"UI-03920","旅行・地図のiOSアプリUI（パステル・ドリーミー）","プロ（演出多め）"
"UI-03921","予約（サロン/ホテル/病院）のスマートウォッチUI（3D・クレイ）","プロ（演出多め）"
"UI-03922","ショッピングのAndroidアプリUI（ポップ・カラフル）","プロ（演出多め）"
"UI-03923","アクセス解析・BIのタブレット / POSUI（ネオン・サイバー）","上級"
"UI-03924","学習・語学アプリの管理画面・ダッシュボードUI（グラスモーフィズム）","プロ（演出多め）"
"UI-03925","SNS・コミュニティのAndroidアプリUI（信頼・誠実（コーポレート））","上級"
"UI-03926","ショッピングのAndroidアプリUI（グラスモーフィズム）","上級"
"UI-03927","飲食店モバイルオーダーのキオスク・サイネージUI（ネオン・サイバー）","プロ（演出多め）"
"UI-03928","予約（サロン/ホテル/病院）のWebアプリ（SaaS）UI（3D・クレイ）","上級"
"UI-03929","フードデリバリーのAndroidアプリUI（ミニマル・洗練）","プロ（演出多め）"
"UI-03930","予約（サロン/ホテル/病院）の管理画面・ダッシュボードUI（ミニマル・洗練）","プロ（演出多め）"
"UI-03931","予約（サロン/ホテル/病院）の管理画面・ダッシュボードUI（ポップ・カラフル）","プロ（演出多め）"
"UI-03932","ショッピングのAndroidアプリUI（ミニマル・洗練）","上級"
"UI-03933","マッチングのタブレット / POSUI（クール・テック）","上級"
"UI-03934","予約（サロン/ホテル/病院）のキオスク・サイネージUI（3D・クレイ）","プロ（演出多め）"
"UI-03935","フードデリバリーのキオスク・サイネージUI（ポップ・カラフル）","プロ（演出多め）"
"UI-03936","家計簿・資産管理のWebアプリ（SaaS）UI（ネオン・サイバー）","プロ（演出多め）"
"UI-03937","音楽・ポッドキャストのAndroidアプリUI（パステル・ドリーミー）","プロ（演出多め）"
"UI-03938","旅行・地図のiOSアプリUI（ネオン・サイバー）","プロ（演出多め）"
"UI-03939","スマートホーム・IoTのタブレット / POSUI（3D・クレイ）","プロ（演出多め）"
"UI-03940","学習・語学アプリのAndroidアプリUI（和モダン）","上級"
"UI-03941","ショッピングのWebアプリ（SaaS）UI（北欧・ライフスタイル）","プロ（演出多め）"
"UI-03942","マッチングのスマートウォッチUI（ハンドメイド・手書き）","プロ（演出多め）"
"UI-03943","スマートホーム・IoTのAndroidアプリUI（エディトリアル・雑誌風）","プロ（演出多め）"
"UI-03944","マッチングのWebアプリ（SaaS）UI（グラスモーフィズム）","プロ（演出多め）"
"UI-03945","予約（サロン/ホテル/病院）のiOSアプリUI（パステル・ドリーミー）","上級"
"UI-03946","アクセス解析・BIのAndroidアプリUI（ハンドメイド・手書き）","プロ（演出多め）"
"UI-03947","予約（サロン/ホテル/病院）の管理画面・ダッシュボードUI（ネオン・サイバー）","上級"
"UI-03948","タスク・プロジェクト管理のWebアプリ（SaaS）UI（ネオン・サイバー）","上級"
"UI-03949","学習・語学アプリのiOSアプリUI（ネオン・サイバー）","プロ（演出多め）"
"UI-03950","顧客管理（CRM）のタブレット / POSUI（ニューブルータリズム）","プロ（演出多め）"
"UI-03951","AIアシスタント・チャットのスマートウォッチUI（3D・クレイ）","プロ（演出多め）"
"UI-03952","学習・語学アプリのスマートウォッチUI（信頼・誠実（コーポレート））","プロ（演出多め）"
"UI-03953","スマートホーム・IoTのスマートウォッチUI（ニューブルータリズム）","上級"
"UI-03954","AIアシスタント・チャットの管理画面・ダッシュボードUI（パステル・ドリーミー）","上級"
"UI-03955","ショッピングのAndroidアプリUI（グラスモーフィズム）","プロ（演出多め）"
"UI-03956","家計簿・資産管理のWebアプリ（SaaS）UI（ポップ・カラフル）","プロ（演出多め）"
"UI-03957","旅行・地図のスマートウォッチUI（ナチュラル・オーガニック）","プロ（演出多め）"
"UI-03958","予約（サロン/ホテル/病院）のスマートウォッチUI（パステル・ドリーミー）","上級"
"UI-03959","アクセス解析・BIの管理画面・ダッシュボードUI（ネオン・サイバー）","プロ（演出多め）"
"UI-03960","飲食店モバイルオーダーのiOSアプリUI（ダーク・シネマティック）","上級"
"UI-03961","ショッピングのiOSアプリUI（3D・クレイ）","プロ（演出多め）"
"UI-03962","AIアシスタント・チャットのWebアプリ（SaaS）UI（グラスモーフィズム）","プロ（演出多め）"
"UI-03963","アクセス解析・BIのスマートウォッチUI（ミニマル・洗練）","プロ（演出多め）"
"UI-03964","アクセス解析・BIのWebアプリ（SaaS）UI（グラスモーフィズム）","プロ（演出多め）"
"UI-03965","旅行・地図の管理画面・ダッシュボードUI（信頼・誠実（コーポレート））","上級"
"UI-03966","ヘルスケア・フィットネス記録のWebアプリ（SaaS）UI（グラスモーフィズム）","プロ（演出多め）"
"UI-03967","学習・語学アプリのタブレット / POSUI（パステル・ドリーミー）","上級"
"UI-03968","ショッピングのiOSアプリUI（ダーク・シネマティック）","上級"
"UI-03969","家計簿・資産管理のWebアプリ（SaaS）UI（エディトリアル・雑誌風）","プロ（演出多め）"
"UI-03970","顧客管理（CRM）のキオスク・サイネージUI（クール・テック）","プロ（演出多め）"
"UI-03971","予約（サロン/ホテル/病院）のキオスク・サイネージUI（エディトリアル・雑誌風）","上級"
"UI-03972","タスク・プロジェクト管理のAndroidアプリUI（ポップ・カラフル）","上級"
"UI-03973","スマートホーム・IoTのiOSアプリUI（パステル・ドリーミー）","プロ（演出多め）"
"UI-03974","飲食店モバイルオーダーのキオスク・サイネージUI（信頼・誠実（コーポレート））","プロ（演出多め）"
"UI-03975","フードデリバリーのタブレット / POSUI（ニューブルータリズム）","プロ（演出多め）"
"UI-03976","音楽・ポッドキャストのiOSアプリUI（クール・テック）","上級"
"UI-03977","旅行・地図のiOSアプリUI（クール・テック）","プロ（演出多め）"
"UI-03978","マッチングのWebアプリ（SaaS）UI（信頼・誠実（コーポレート））","上級"
"UI-03979","飲食店モバイルオーダーのキオスク・サイネージUI（グラスモーフィズム）","プロ（演出多め）"
"UI-03980","スマートホーム・IoTのWebアプリ（SaaS）UI（パステル・ドリーミー）","プロ（演出多め）"
"UI-03981","音楽・ポッドキャストのスマートウォッチUI（クール・テック）","プロ（演出多め）"
"UI-03982","SNS・コミュニティのAndroidアプリUI（ポップ・カラフル）","プロ（演出多め）"
"UI-03983","タスク・プロジェクト管理のiOSアプリUI（信頼・誠実（コーポレート））","プロ（演出多め）"
"UI-03984","予約（サロン/ホテル/病院）のiOSアプリUI（ニューブルータリズム）","プロ（演出多め）"
"UI-03985","学習・語学アプリのスマートウォッチUI（ダーク・シネマティック）","プロ（演出多め）"
"UI-03986","マッチングのスマートウォッチUI（ミニマル・洗練）","上級"
"UI-03987","旅行・地図のAndroidアプリUI（ネオン・サイバー）","上級"
"UI-03988","アクセス解析・BIのスマートウォッチUI（ミニマル・洗練）","プロ（演出多め）"
"UI-03989","音楽・ポッドキャストのiOSアプリUI（ラグジュアリー・高級感）","プロ（演出多め）"
"UI-03990","家計簿・資産管理のスマートウォッチUI（ナチュラル・オーガニック）","プロ（演出多め）"
"UI-03991","マッチングのキオスク・サイネージUI（グラスモーフィズム）","上級"
"UI-03992","予約（サロン/ホテル/病院）のAndroidアプリUI（ニューブルータリズム）","プロ（演出多め）"
"UI-03993","顧客管理（CRM）の管理画面・ダッシュボードUI（ポップ・カラフル）","プロ（演出多め）"
"UI-03994","旅行・地図のタブレット / POSUI（パステル・ドリーミー）","プロ（演出多め）"
"UI-03995","アクセス解析・BIのスマートウォッチUI（レトロ・Y2K）","プロ（演出多め）"
"UI-03996","アクセス解析・BIのAndroidアプリUI（ナチュラル・オーガニック）","プロ（演出多め）"
"UI-03997","家計簿・資産管理のiOSアプリUI（ジオメトリック・グラフィカル）","プロ（演出多め）"
"UI-03998","ショッピングのWebアプリ（SaaS）UI（レトロ・Y2K）","上級"
"UI-03999","フードデリバリーのAndroidアプリUI（3D・クレイ）","プロ（演出多め）"
"UI-04000","学習・語学アプリのAndroidアプリUI（信頼・誠実（コーポレート））","プロ（演出多め）"
"UI-04001","旅行・地図のスマートウォッチUI（ミニマル・洗練）","上級"
"UI-04002","AIアシスタント・チャットのタブレット / POSUI（エディトリアル・雑誌風）","上級"
"UI-04003","タスク・プロジェクト管理のiOSアプリUI（信頼・誠実（コーポレート））","上級"
"UI-04004","学習・語学アプリのWebアプリ（SaaS）UI（ラグジュアリー・高級感）","プロ（演出多め）"
"UI-04005","家計簿・資産管理のスマートウォッチUI（ダーク・シネマティック）","プロ（演出多め）"
"UI-04006","SNS・コミュニティの管理画面・ダッシュボードUI（ニューブルータリズム）","プロ（演出多め）"
"UI-04007","マッチングのスマートウォッチUI（ミニマル・洗練）","プロ（演出多め）"
"UI-04008","顧客管理（CRM）のキオスク・サイネージUI（グラスモーフィズム）","プロ（演出多め）"
"UI-04009","顧客管理（CRM）のWebアプリ（SaaS）UI（クール・テック）","プロ（演出多め）"
"UI-04010","音楽・ポッドキャストのAndroidアプリUI（クール・テック）","プロ（演出多め）"
"UI-04011","スマートホーム・IoTのタブレット / POSUI（エディトリアル・雑誌風）","プロ（演出多め）"
"UI-04012","家計簿・資産管理のiOSアプリUI（グラスモーフィズム）","上級"
"UI-04013","家計簿・資産管理のAndroidアプリUI（ニューブルータリズム）","プロ（演出多め）"
"UI-04014","タスク・プロジェクト管理のWebアプリ（SaaS）UI（3D・クレイ）","プロ（演出多め）"
"UI-04015","SNS・コミュニティのタブレット / POSUI（3D・クレイ）","上級"
"UI-04016","ショッピングのAndroidアプリUI（ニューブルータリズム）","上級"
"UI-04017","家計簿・資産管理のWebアプリ（SaaS）UI（ハンドメイド・手書き）","プロ（演出多め）"
"UI-04018","旅行・地図のAndroidアプリUI（信頼・誠実（コーポレート））","プロ（演出多め）"
"UI-04019","アクセス解析・BIの管理画面・ダッシュボードUI（ダーク・シネマティック）","上級"
"UI-04020","スマートホーム・IoTの管理画面・ダッシュボードUI（クール・テック）","プロ（演出多め）"
"UI-04021","学習・語学アプリのキオスク・サイネージUI（ネオン・サイバー）","上級"
"UI-04022","AIアシスタント・チャットのタブレット / POSUI（パステル・ドリーミー）","プロ（演出多め）"
"UI-04023","ヘルスケア・フィットネス記録のスマートウォッチUI（エディトリアル・雑誌風）","上級"
"UI-04024","SNS・コミュニティのタブレット / POSUI（クール・テック）","プロ（演出多め）"
"UI-04025","家計簿・資産管理のiOSアプリUI（エディトリアル・雑誌風）","プロ（演出多め）"
"UI-04026","旅行・地図のタブレット / POSUI（3D・クレイ）","上級"
"UI-04027","アクセス解析・BIのiOSアプリUI（エディトリアル・雑誌風）","上級"
"UI-04028","旅行・地図のスマートウォッチUI（3D・クレイ）","上級"
"UI-04029","タスク・プロジェクト管理のWebアプリ（SaaS）UI（ニューブルータリズム）","プロ（演出多め）"
"UI-04030","ショッピングの管理画面・ダッシュボードUI（クール・テック）","上級"
"UI-04031","AIアシスタント・チャットのタブレット / POSUI（パステル・ドリーミー）","プロ（演出多め）"
"UI-04032","家計簿・資産管理のAndroidアプリUI（パステル・ドリーミー）","プロ（演出多め）"
"UI-04033","マッチングのWebアプリ（SaaS）UI（和モダン）","プロ（演出多め）"
"UI-04034","音楽・ポッドキャストのキオスク・サイネージUI（エディトリアル・雑誌風）","プロ（演出多め）"
"UI-04035","予約（サロン/ホテル/病院）のAndroidアプリUI（グラスモーフィズム）","プロ（演出多め）"
"UI-04036","学習・語学アプリのタブレット / POSUI（信頼・誠実（コーポレート））","プロ（演出多め）"
"UI-04037","SNS・コミュニティのスマートウォッチUI（信頼・誠実（コーポレート））","プロ（演出多め）"
"UI-04038","ヘルスケア・フィットネス記録のキオスク・サイネージUI（3D・クレイ）","上級"
"UI-04039","音楽・ポッドキャストの管理画面・ダッシュボードUI（ポップ・カラフル）","プロ（演出多め）"
"UI-04040","AIアシスタント・チャットのWebアプリ（SaaS）UI（ラグジュアリー・高級感）","プロ（演出多め）"
"UI-04041","フードデリバリーのスマートウォッチUI（ミニマル・洗練）","プロ（演出多め）"
"UI-04042","ヘルスケア・フィットネス記録のWebアプリ（SaaS）UI（パステル・ドリーミー）","プロ（演出多め）"
"UI-04043","学習・語学アプリのタブレット / POSUI（ネオン・サイバー）","プロ（演出多め）"
"UI-04044","学習・語学アプリのスマートウォッチUI（ミニマル・洗練）","プロ（演出多め）"
"UI-04045","マッチングのWebアプリ（SaaS）UI（ジオメトリック・グラフィカル）","上級"
"UI-04046","タスク・プロジェクト管理のスマートウォッチUI（グラスモーフィズム）","上級"
"UI-04047","旅行・地図の管理画面・ダッシュボードUI（ネオン・サイバー）","プロ（演出多め）"
"UI-04048","家計簿・資産管理のタブレット / POSUI（3D・クレイ）","プロ（演出多め）"
"UI-04049","音楽・ポッドキャストのタブレット / POSUI（エディトリアル・雑誌風）","プロ（演出多め）"
"UI-04050","顧客管理（CRM）の管理画面・ダッシュボードUI（パステル・ドリーミー）","プロ（演出多め）"
"UI-04051","ショッピングのWebアプリ（SaaS）UI（3D・クレイ）","プロ（演出多め）"
"UI-04052","ショッピングのWebアプリ（SaaS）UI（3D・クレイ）","プロ（演出多め）"
"UI-04053","ショッピングのキオスク・サイネージUI（レトロ・Y2K）","上級"
"UI-04054","ショッピングのAndroidアプリUI（信頼・誠実（コーポレート））","上級"
"UI-04055","SNS・コミュニティのスマートウォッチUI（ミニマル・洗練）","プロ（演出多め）"
"UI-04056","家計簿・資産管理のスマートウォッチUI（パステル・ドリーミー）","プロ（演出多め）"
"UI-04057","家計簿・資産管理のWebアプリ（SaaS）UI（3D・クレイ）","上級"
"UI-04058","ヘルスケア・フィットネス記録の管理画面・ダッシュボードUI（クール・テック）","プロ（演出多め）"
"UI-04059","アクセス解析・BIのキオスク・サイネージUI（パステル・ドリーミー）","上級"
"UI-04060","アクセス解析・BIのiOSアプリUI（北欧・ライフスタイル）","プロ（演出多め）"
"UI-04061","マッチングのAndroidアプリUI（パステル・ドリーミー）","プロ（演出多め）"
"UI-04062","タスク・プロジェクト管理のWebアプリ（SaaS）UI（グラスモーフィズム）","プロ（演出多め）"
"UI-04063","家計簿・資産管理の管理画面・ダッシュボードUI（ハンドメイド・手書き）","プロ（演出多め）"
"UI-04064","スマートホーム・IoTのタブレット / POSUI（パステル・ドリーミー）","上級"
"UI-04065","マッチングのiOSアプリUI（ポップ・カラフル）","プロ（演出多め）"
"UI-04066","アクセス解析・BIのWebアプリ（SaaS）UI（グラスモーフィズム）","プロ（演出多め）"
"UI-04067","SNS・コミュニティのiOSアプリUI（ミニマル・洗練）","プロ（演出多め）"
"UI-04068","学習・語学アプリのWebアプリ（SaaS）UI（ハンドメイド・手書き）","プロ（演出多め）"
"UI-04069","飲食店モバイルオーダーのiOSアプリUI（ネオン・サイバー）","プロ（演出多め）"
"UI-04070","音楽・ポッドキャストのスマートウォッチUI（ミニマル・洗練）","プロ（演出多め）"
"UI-04071","タスク・プロジェクト管理のタブレット / POSUI（3D・クレイ）","プロ（演出多め）"
"UI-04072","ヘルスケア・フィットネス記録の管理画面・ダッシュボードUI（クール・テック）","プロ（演出多め）"
"UI-04073","飲食店モバイルオーダーのiOSアプリUI（パステル・ドリーミー）","上級"
"UI-04074","AIアシスタント・チャットのWebアプリ（SaaS）UI（ダーク・シネマティック）","プロ（演出多め）"
"UI-04075","アクセス解析・BIの管理画面・ダッシュボードUI（レトロ・Y2K）","プロ（演出多め）"
"UI-04076","顧客管理（CRM）の管理画面・ダッシュボードUI（パステル・ドリーミー）","プロ（演出多め）"
"UI-04077","家計簿・資産管理のWebアプリ（SaaS）UI（クール・テック）","プロ（演出多め）"
"UI-04078","学習・語学アプリのiOSアプリUI（信頼・誠実（コーポレート））","プロ（演出多め）"
"UI-04079","音楽・ポッドキャストのタブレット / POSUI（グラスモーフィズム）","プロ（演出多め）"
"UI-04080","ヘルスケア・フィットネス記録のAndroidアプリUI（ネオン・サイバー）","プロ（演出多め）"
"UI-04081","フードデリバリーのiOSアプリUI（パステル・ドリーミー）","上級"
"UI-04082","旅行・地図の管理画面・ダッシュボードUI（ポップ・カラフル）","上級"
"UI-04083","タスク・プロジェクト管理のスマートウォッチUI（ポップ・カラフル）","プロ（演出多め）"
"UI-04084","マッチングのキオスク・サイネージUI（ポップ・カラフル）","プロ（演出多め）"
"UI-04085","スマートホーム・IoTのiOSアプリUI（ミニマル・洗練）","プロ（演出多め）"
"UI-04086","フードデリバリーの管理画面・ダッシュボードUI（エディトリアル・雑誌風）","プロ（演出多め）"
"UI-04087","フードデリバリーのタブレット / POSUI（3D・クレイ）","プロ（演出多め）"
"UI-04088","マッチングのAndroidアプリUI（グラスモーフィズム）","プロ（演出多め）"
"UI-04089","家計簿・資産管理のキオスク・サイネージUI（ミニマル・洗練）","プロ（演出多め）"
"UI-04090","顧客管理（CRM）のiOSアプリUI（ポップ・カラフル）","上級"
"UI-04091","マッチングのスマートウォッチUI（ミニマル・洗練）","上級"
"UI-04092","家計簿・資産管理の管理画面・ダッシュボードUI（和モダン）","プロ（演出多め）"
"UI-04093","ヘルスケア・フィットネス記録のスマートウォッチUI（3D・クレイ）","プロ（演出多め）"
"UI-04094","予約（サロン/ホテル/病院）のWebアプリ（SaaS）UI（パステル・ドリーミー）","プロ（演出多め）"
"UI-04095","タスク・プロジェクト管理の管理画面・ダッシュボードUI（エディトリアル・雑誌風）","上級"
"UI-04096","顧客管理（CRM）のAndroidアプリUI（ラグジュアリー・高級感）","プロ（演出多め）"
"UI-04097","家計簿・資産管理のWebアプリ（SaaS）UI（エネルギッシュ・スポーティ）","上級"
"UI-04098","音楽・ポッドキャストのスマートウォッチUI（グラスモーフィズム）","プロ（演出多め）"
"UI-04099","顧客管理（CRM）のWebアプリ（SaaS）UI（ニューブルータリズム）","上級"
"UI-04100","タスク・プロジェクト管理のWebアプリ（SaaS）UI（パステル・ドリーミー）","プロ（演出多め）"
"UI-04101","スマートホーム・IoTの管理画面・ダッシュボードUI（北欧・ライフスタイル）","プロ（演出多め）"
"UI-04102","飲食店モバイルオーダーのiOSアプリUI（クール・テック）","プロ（演出多め）"
"UI-04103","飲食店モバイルオーダーのiOSアプリUI（ミニマル・洗練）","上級"
"UI-04104","ヘルスケア・フィットネス記録のiOSアプリUI（信頼・誠実（コーポレート））","プロ（演出多め）"
"UI-04105","学習・語学アプリのタブレット / POSUI（ネオン・サイバー）","プロ（演出多め）"
"UI-04106","ショッピングのタブレット / POSUI（レトロ・Y2K）","上級"
"UI-04107","SNS・コミュニティのキオスク・サイネージUI（クール・テック）","プロ（演出多め）"
"UI-04108","マッチングのスマートウォッチUI（クール・テック）","プロ（演出多め）"
"UI-04109","ショッピングのWebアプリ（SaaS）UI（信頼・誠実（コーポレート））","プロ（演出多め）"
"UI-04110","顧客管理（CRM）のタブレット / POSUI（ミニマル・洗練）","上級"
"UI-04111","フードデリバリーの管理画面・ダッシュボードUI（グラスモーフィズム）","プロ（演出多め）"
"UI-04112","スマートホーム・IoTのiOSアプリUI（ミニマル・洗練）","上級"
"UI-04113","予約（サロン/ホテル/病院）のスマートウォッチUI（エディトリアル・雑誌風）","プロ（演出多め）"
"UI-04114","マッチングの管理画面・ダッシュボードUI（ニューブルータリズム）","プロ（演出多め）"
"UI-04115","ヘルスケア・フィットネス記録のタブレット / POSUI（ネオン・サイバー）","プロ（演出多め）"
"UI-04116","マッチングの管理画面・ダッシュボードUI（パステル・ドリーミー）","プロ（演出多め）"
"UI-04117","飲食店モバイルオーダーのキオスク・サイネージUI（ニューブルータリズム）","プロ（演出多め）"
"UI-04118","音楽・ポッドキャストのiOSアプリUI（ミニマル・洗練）","プロ（演出多め）"
"UI-04119","ヘルスケア・フィットネス記録のAndroidアプリUI（3D・クレイ）","上級"
"UI-04120","家計簿・資産管理のタブレット / POSUI（グラスモーフィズム）","上級"
"UI-04121","音楽・ポッドキャストのタブレット / POSUI（クール・テック）","プロ（演出多め）"
"UI-04122","SNS・コミュニティのWebアプリ（SaaS）UI（信頼・誠実（コーポレート））","プロ（演出多め）"
"UI-04123","顧客管理（CRM）のAndroidアプリUI（グラスモーフィズム）","上級"
"UI-04124","AIアシスタント・チャットのWebアプリ（SaaS）UI（ポップ・カラフル）","プロ（演出多め）"
"UI-04125","家計簿・資産管理のiOSアプリUI（ミニマル・洗練）","プロ（演出多め）"
"UI-04126","SNS・コミュニティの管理画面・ダッシュボードUI（エネルギッシュ・スポーティ）","プロ（演出多め）"
"UI-04127","学習・語学アプリのタブレット / POSUI（パステル・ドリーミー）","プロ（演出多め）"
"UI-04128","ショッピングのWebアプリ（SaaS）UI（パステル・ドリーミー）","上級"
"UI-04129","フードデリバリーの管理画面・ダッシュボードUI（信頼・誠実（コーポレート））","プロ（演出多め）"
"UI-04130","旅行・地図のWebアプリ（SaaS）UI（3D・クレイ）","プロ（演出多め）"
"UI-04131","予約（サロン/ホテル/病院）のキオスク・サイネージUI（ネオン・サイバー）","プロ（演出多め）"
"UI-04132","旅行・地図の管理画面・ダッシュボードUI（3D・クレイ）","プロ（演出多め）"
"UI-04133","飲食店モバイルオーダーのキオスク・サイネージUI（グラスモーフィズム）","プロ（演出多め）"
"UI-04134","予約（サロン/ホテル/病院）のWebアプリ（SaaS）UI（ニューブルータリズム）","上級"
"UI-04135","フードデリバリーのWebアプリ（SaaS）UI（ポップ・カラフル）","プロ（演出多め）"
"UI-04136","フードデリバリーの管理画面・ダッシュボードUI（パステル・ドリーミー）","上級"
"UI-04137","予約（サロン/ホテル/病院）のスマートウォッチUI（クール・テック）","プロ（演出多め）"
"UI-04138","飲食店モバイルオーダーのAndroidアプリUI（パステル・ドリーミー）","上級"
"UI-04139","家計簿・資産管理のAndroidアプリUI（ネオン・サイバー）","上級"
"UI-04140","AIアシスタント・チャットのAndroidアプリUI（ネオン・サイバー）","プロ（演出多め）"
"UI-04141","家計簿・資産管理のWebアプリ（SaaS）UI（ポップ・カラフル）","プロ（演出多め）"
"UI-04142","家計簿・資産管理のキオスク・サイネージUI（グラスモーフィズム）","プロ（演出多め）"
"UI-04143","タスク・プロジェクト管理のiOSアプリUI（クール・テック）","プロ（演出多め）"
"UI-04144","家計簿・資産管理のiOSアプリUI（信頼・誠実（コーポレート））","上級"
"UI-04145","学習・語学アプリのキオスク・サイネージUI（ハンドメイド・手書き）","上級"
"UI-04146","フードデリバリーのキオスク・サイネージUI（ポップ・カラフル）","プロ（演出多め）"
"UI-04147","アクセス解析・BIのiOSアプリUI（レトロ・Y2K）","プロ（演出多め）"
"UI-04148","顧客管理（CRM）のキオスク・サイネージUI（3D・クレイ）","プロ（演出多め）"
"UI-04149","学習・語学アプリの管理画面・ダッシュボードUI（3D・クレイ）","上級"
"UI-04150","AIアシスタント・チャットのタブレット / POSUI（和モダン）","上級"
"UI-04151","音楽・ポッドキャストのAndroidアプリUI（信頼・誠実（コーポレート））","プロ（演出多め）"
"UI-04152","フードデリバリーのキオスク・サイネージUI（クール・テック）","プロ（演出多め）"
"UI-04153","顧客管理（CRM）のAndroidアプリUI（ジオメトリック・グラフィカル）","プロ（演出多め）"
"UI-04154","ショッピングのiOSアプリUI（パステル・ドリーミー）","上級"
"UI-04155","マッチングのタブレット / POSUI（ニューブルータリズム）","プロ（演出多め）"
"UI-04156","ショッピングのAndroidアプリUI（パステル・ドリーミー）","プロ（演出多め）"
"UI-04157","AIアシスタント・チャットのAndroidアプリUI（ミニマル・洗練）","プロ（演出多め）"
"UI-04158","マッチングのスマートウォッチUI（ミニマル・洗練）","上級"
"UI-04159","家計簿・資産管理のiOSアプリUI（パステル・ドリーミー）","プロ（演出多め）"
"UI-04160","ショッピングのタブレット / POSUI（ニューブルータリズム）","プロ（演出多め）"
"UI-04161","学習・語学アプリのキオスク・サイネージUI（ニューブルータリズム）","プロ（演出多め）"
"UI-04162","学習・語学アプリのiOSアプリUI（パステル・ドリーミー）","上級"
"UI-04163","飲食店モバイルオーダーのスマートウォッチUI（グラスモーフィズム）","プロ（演出多め）"
"UI-04164","アクセス解析・BIのスマートウォッチUI（レトロ・Y2K）","プロ（演出多め）"
"UI-04165","タスク・プロジェクト管理のWebアプリ（SaaS）UI（パステル・ドリーミー）","プロ（演出多め）"
"UI-04166","SNS・コミュニティのAndroidアプリUI（ポップ・カラフル）","プロ（演出多め）"
"UI-04167","飲食店モバイルオーダーのWebアプリ（SaaS）UI（信頼・誠実（コーポレート））","プロ（演出多め）"
"UI-04168","マッチングのスマートウォッチUI（グラスモーフィズム）","プロ（演出多め）"
"UI-04169","マッチングのスマートウォッチUI（パステル・ドリーミー）","プロ（演出多め）"
"UI-04170","ショッピングのiOSアプリUI（ネオン・サイバー）","上級"
"UI-04171","SNS・コミュニティのスマートウォッチUI（和モダン）","上級"
"UI-04172","タスク・プロジェクト管理のAndroidアプリUI（ミニマル・洗練）","プロ（演出多め）"
"UI-04173","家計簿・資産管理のキオスク・サイネージUI（グラスモーフィズム）","上級"
"UI-04174","アクセス解析・BIの管理画面・ダッシュボードUI（ネオン・サイバー）","上級"
"UI-04175","AIアシスタント・チャットのキオスク・サイネージUI（ニューブルータリズム）","上級"
"UI-04176","予約（サロン/ホテル/病院）のWebアプリ（SaaS）UI（グラスモーフィズム）","上級"
"UI-04177","音楽・ポッドキャストのタブレット / POSUI（クール・テック）","プロ（演出多め）"
"UI-04178","顧客管理（CRM）のAndroidアプリUI（ポップ・カラフル）","上級"
"UI-04179","飲食店モバイルオーダーのWebアプリ（SaaS）UI（和モダン）","プロ（演出多め）"
"UI-04180","家計簿・資産管理のiOSアプリUI（ネオン・サイバー）","上級"
"UI-04181","AIアシスタント・チャットのAndroidアプリUI（クール・テック）","上級"
"UI-04182","飲食店モバイルオーダーのスマートウォッチUI（かわいい・ガーリー）","プロ（演出多め）"
"UI-04183","旅行・地図のAndroidアプリUI（ニューブルータリズム）","プロ（演出多め）"
"UI-04184","学習・語学アプリのタブレット / POSUI（ミニマル・洗練）","プロ（演出多め）"
"UI-04185","旅行・地図のキオスク・サイネージUI（ネオン・サイバー）","プロ（演出多め）"
"UI-04186","旅行・地図のAndroidアプリUI（ポップ・カラフル）","上級"
"UI-04187","飲食店モバイルオーダーのWebアプリ（SaaS）UI（信頼・誠実（コーポレート））","プロ（演出多め）"
"UI-04188","顧客管理（CRM）のWebアプリ（SaaS）UI（エディトリアル・雑誌風）","プロ（演出多め）"
"UI-04189","音楽・ポッドキャストのAndroidアプリUI（ポップ・カラフル）","プロ（演出多め）"
"UI-04190","予約（サロン/ホテル/病院）のWebアプリ（SaaS）UI（エネルギッシュ・スポーティ）","プロ（演出多め）"
"UI-04191","ヘルスケア・フィットネス記録のタブレット / POSUI（ポップ・カラフル）","プロ（演出多め）"
"UI-04192","フードデリバリーのiOSアプリUI（エディトリアル・雑誌風）","プロ（演出多め）"
"UI-04193","音楽・ポッドキャストのWebアプリ（SaaS）UI（かわいい・ガーリー）","プロ（演出多め）"
"UI-04194","飲食店モバイルオーダーのスマートウォッチUI（グラスモーフィズム）","プロ（演出多め）"
"UI-04195","AIアシスタント・チャットのタブレット / POSUI（ダーク・シネマティック）","プロ（演出多め）"
"UI-04196","音楽・ポッドキャストのタブレット / POSUI（3D・クレイ）","上級"
"UI-04197","フードデリバリーのキオスク・サイネージUI（和モダン）","上級"
"UI-04198","ヘルスケア・フィットネス記録の管理画面・ダッシュボードUI（ニューブルータリズム）","上級"
"UI-04199","音楽・ポッドキャストのタブレット / POSUI（グラスモーフィズム）","プロ（演出多め）"
"UI-04200","音楽・ポッドキャストの管理画面・ダッシュボードUI（ハンドメイド・手書き）","上級"
"UI-04201","タスク・プロジェクト管理のWebアプリ（SaaS）UI（ミニマル・洗練）","プロ（演出多め）"
"UI-04202","旅行・地図のキオスク・サイネージUI（信頼・誠実（コーポレート））","プロ（演出多め）"
"UI-04203","SNS・コミュニティのキオスク・サイネージUI（ネオン・サイバー）","プロ（演出多め）"
"UI-04204","フードデリバリーの管理画面・ダッシュボードUI（ミニマル・洗練）","プロ（演出多め）"
"UI-04205","マッチングの管理画面・ダッシュボードUI（ネオン・サイバー）","上級"
"UI-04206","タスク・プロジェクト管理のスマートウォッチUI（ポップ・カラフル）","プロ（演出多め）"
"UI-04207","顧客管理（CRM）の管理画面・ダッシュボードUI（クール・テック）","プロ（演出多め）"
"UI-04208","ヘルスケア・フィットネス記録の管理画面・ダッシュボードUI（クール・テック）","プロ（演出多め）"
"UI-04209","旅行・地図のiOSアプリUI（ポップ・カラフル）","プロ（演出多め）"
"UI-04210","飲食店モバイルオーダーのスマートウォッチUI（3D・クレイ）","上級"
"UI-04211","SNS・コミュニティの管理画面・ダッシュボードUI（エディトリアル・雑誌風）","プロ（演出多め）"
"UI-04212","フードデリバリーのタブレット / POSUI（ニューブルータリズム）","プロ（演出多め）"
"UI-04213","マッチングのキオスク・サイネージUI（3D・クレイ）","プロ（演出多め）"
"UI-04214","マッチングのAndroidアプリUI（グラスモーフィズム）","プロ（演出多め）"
"UI-04215","AIアシスタント・チャットのタブレット / POSUI（パステル・ドリーミー）","プロ（演出多め）"
"UI-04216","旅行・地図のWebアプリ（SaaS）UI（3D・クレイ）","プロ（演出多め）"
"UI-04217","顧客管理（CRM）のキオスク・サイネージUI（パステル・ドリーミー）","プロ（演出多め）"
"UI-04218","SNS・コミュニティのスマートウォッチUI（和モダン）","プロ（演出多め）"
"UI-04219","スマートホーム・IoTのスマートウォッチUI（エディトリアル・雑誌風）","プロ（演出多め）"
"UI-04220","ショッピングのタブレット / POSUI（和モダン）","上級"
"UI-04221","音楽・ポッドキャストのiOSアプリUI（パステル・ドリーミー）","プロ（演出多め）"
"UI-04222","フードデリバリーのiOSアプリUI（クール・テック）","プロ（演出多め）"
"UI-04223","ショッピングのiOSアプリUI（ポップ・カラフル）","プロ（演出多め）"
"UI-04224","学習・語学アプリのiOSアプリUI（パステル・ドリーミー）","プロ（演出多め）"
"UI-04225","SNS・コミュニティのWebアプリ（SaaS）UI（クール・テック）","上級"
"UI-04226","マッチングの管理画面・ダッシュボードUI（グラスモーフィズム）","プロ（演出多め）"
"UI-04227","予約（サロン/ホテル/病院）のキオスク・サイネージUI（グラスモーフィズム）","プロ（演出多め）"
"UI-04228","旅行・地図のiOSアプリUI（ハンドメイド・手書き）","プロ（演出多め）"
"UI-04229","フードデリバリーのAndroidアプリUI（ネオン・サイバー）","上級"
"UI-04230","家計簿・資産管理のタブレット / POSUI（クール・テック）","上級"
"UI-04231","AIアシスタント・チャットのAndroidアプリUI（ミニマル・洗練）","プロ（演出多め）"
"UI-04232","フードデリバリーのキオスク・サイネージUI（ニューブルータリズム）","プロ（演出多め）"
"UI-04233","マッチングのAndroidアプリUI（クール・テック）","プロ（演出多め）"
"UI-04234","家計簿・資産管理のiOSアプリUI（ジオメトリック・グラフィカル）","プロ（演出多め）"
"UI-04235","マッチングのWebアプリ（SaaS）UI（ニューブルータリズム）","プロ（演出多め）"
"UI-04236","飲食店モバイルオーダーのタブレット / POSUI（信頼・誠実（コーポレート））","プロ（演出多め）"
"UI-04237","旅行・地図のAndroidアプリUI（グラスモーフィズム）","プロ（演出多め）"
"UI-04238","学習・語学アプリの管理画面・ダッシュボードUI（グラスモーフィズム）","上級"
"UI-04239","音楽・ポッドキャストのWebアプリ（SaaS）UI（エネルギッシュ・スポーティ）","上級"
"UI-04240","顧客管理（CRM）のiOSアプリUI（ダーク・シネマティック）","プロ（演出多め）"
"UI-04241","音楽・ポッドキャストのWebアプリ（SaaS）UI（信頼・誠実（コーポレート））","上級"
"UI-04242","SNS・コミュニティのスマートウォッチUI（グラスモーフィズム）","プロ（演出多め）"
"UI-04243","予約（サロン/ホテル/病院）のiOSアプリUI（3D・クレイ）","プロ（演出多め）"
"UI-04244","フードデリバリーのスマートウォッチUI（ミニマル・洗練）","プロ（演出多め）"
"UI-04245","スマートホーム・IoTの管理画面・ダッシュボードUI（パステル・ドリーミー）","プロ（演出多め）"
"UI-04246","ショッピングのAndroidアプリUI（クール・テック）","プロ（演出多め）"
"UI-04247","予約（サロン/ホテル/病院）のiOSアプリUI（3D・クレイ）","上級"
"UI-04248","学習・語学アプリのタブレット / POSUI（パステル・ドリーミー）","プロ（演出多め）"
"UI-04249","音楽・ポッドキャストのキオスク・サイネージUI（ポップ・カラフル）","プロ（演出多め）"
"UI-04250","ヘルスケア・フィットネス記録のAndroidアプリUI（ポップ・カラフル）","上級"
"UI-04251","旅行・地図のスマートウォッチUI（3D・クレイ）","上級"
"UI-04252","SNS・コミュニティのタブレット / POSUI（パステル・ドリーミー）","プロ（演出多め）"
"UI-04253","AIアシスタント・チャットのキオスク・サイネージUI（ネオン・サイバー）","プロ（演出多め）"
"UI-04254","家計簿・資産管理のタブレット / POSUI（ネオン・サイバー）","上級"
"UI-04255","タスク・プロジェクト管理のキオスク・サイネージUI（ミニマル・洗練）","プロ（演出多め）"
"UI-04256","SNS・コミュニティの管理画面・ダッシュボードUI（エディトリアル・雑誌風）","上級"
"UI-04257","ヘルスケア・フィットネス記録のスマートウォッチUI（3D・クレイ）","プロ（演出多め）"
"UI-04258","家計簿・資産管理のキオスク・サイネージUI（ニューブルータリズム）","上級"
"UI-04259","旅行・地図のAndroidアプリUI（ポップ・カラフル）","プロ（演出多め）"
"UI-04260","SNS・コミュニティのキオスク・サイネージUI（ポップ・カラフル）","プロ（演出多め）"
"UI-04261","ショッピングのiOSアプリUI（ダーク・シネマティック）","上級"
"UI-04262","アクセス解析・BIの管理画面・ダッシュボードUI（クール・テック）","プロ（演出多め）"
"UI-04263","タスク・プロジェクト管理の管理画面・ダッシュボードUI（ダーク・シネマティック）","プロ（演出多め）"
"UI-04264","飲食店モバイルオーダーの管理画面・ダッシュボードUI（信頼・誠実（コーポレート））","プロ（演出多め）"
"UI-04265","タスク・プロジェクト管理のiOSアプリUI（ナチュラル・オーガニック）","プロ（演出多め）"
"UI-04266","学習・語学アプリのスマートウォッチUI（ポップ・カラフル）","プロ（演出多め）"
"UI-04267","マッチングのiOSアプリUI（ポップ・カラフル）","上級"
"UI-04268","顧客管理（CRM）の管理画面・ダッシュボードUI（クール・テック）","上級"
"UI-04269","マッチングのキオスク・サイネージUI（ポップ・カラフル）","上級"
"UI-04270","音楽・ポッドキャストの管理画面・ダッシュボードUI（ポップ・カラフル）","上級"
"UI-04271","アクセス解析・BIのスマートウォッチUI（ネオン・サイバー）","上級"
"UI-04272","タスク・プロジェクト管理のキオスク・サイネージUI（3D・クレイ）","プロ（演出多め）"
"UI-04273","フードデリバリーのiOSアプリUI（クール・テック）","プロ（演出多め）"
"UI-04274","予約（サロン/ホテル/病院）のWebアプリ（SaaS）UI（グラスモーフィズム）","プロ（演出多め）"
"UI-04275","家計簿・資産管理のiOSアプリUI（パステル・ドリーミー）","プロ（演出多め）"
"UI-04276","SNS・コミュニティのスマートウォッチUI（ポップ・カラフル）","プロ（演出多め）"
"UI-04277","予約（サロン/ホテル/病院）のタブレット / POSUI（ポップ・カラフル）","上級"
"UI-04278","アクセス解析・BIのタブレット / POSUI（エネルギッシュ・スポーティ）","プロ（演出多め）"
"UI-04279","アクセス解析・BIのAndroidアプリUI（パステル・ドリーミー）","プロ（演出多め）"
"UI-04280","マッチングのiOSアプリUI（北欧・ライフスタイル）","プロ（演出多め）"
"UI-04281","音楽・ポッドキャストのAndroidアプリUI（信頼・誠実（コーポレート））","プロ（演出多め）"
"UI-04282","タスク・プロジェクト管理のスマートウォッチUI（ポップ・カラフル）","上級"
"UI-04283","家計簿・資産管理のiOSアプリUI（ポップ・カラフル）","上級"
"UI-04284","音楽・ポッドキャストのiOSアプリUI（レトロ・Y2K）","上級"
"UI-04285","予約（サロン/ホテル/病院）のAndroidアプリUI（3D・クレイ）","プロ（演出多め）"
"UI-04286","旅行・地図のiOSアプリUI（信頼・誠実（コーポレート））","プロ（演出多め）"
"UI-04287","学習・語学アプリのiOSアプリUI（ポップ・カラフル）","プロ（演出多め）"
"UI-04288","タスク・プロジェクト管理のAndroidアプリUI（グラスモーフィズム）","プロ（演出多め）"
"UI-04289","スマートホーム・IoTのiOSアプリUI（ポップ・カラフル）","プロ（演出多め）"
"UI-04290","家計簿・資産管理のWebアプリ（SaaS）UI（信頼・誠実（コーポレート））","プロ（演出多め）"
"UI-04291","タスク・プロジェクト管理のキオスク・サイネージUI（ダーク・シネマティック）","上級"
"UI-04292","学習・語学アプリのキオスク・サイネージUI（ダーク・シネマティック）","プロ（演出多め）"
"UI-04293","旅行・地図のWebアプリ（SaaS）UI（ネオン・サイバー）","プロ（演出多め）"
"UI-04294","予約（サロン/ホテル/病院）のキオスク・サイネージUI（グラスモーフィズム）","プロ（演出多め）"
"UI-04295","ショッピングのスマートウォッチUI（ミニマル・洗練）","プロ（演出多め）"
"UI-04296","予約（サロン/ホテル/病院）のWebアプリ（SaaS）UI（信頼・誠実（コーポレート））","上級"
"UI-04297","顧客管理（CRM）のAndroidアプリUI（ポップ・カラフル）","上級"
"UI-04298","SNS・コミュニティの管理画面・ダッシュボードUI（グラスモーフィズム）","プロ（演出多め）"
"UI-04299","スマートホーム・IoTのスマートウォッチUI（パステル・ドリーミー）","プロ（演出多め）"
"UI-04300","顧客管理（CRM）のiOSアプリUI（ミニマル・洗練）","プロ（演出多め）"
"UI-04301","AIアシスタント・チャットのスマートウォッチUI（クール・テック）","上級"
"UI-04302","音楽・ポッドキャストのWebアプリ（SaaS）UI（グラスモーフィズム）","プロ（演出多め）"
"UI-04303","学習・語学アプリのタブレット / POSUI（ミニマル・洗練）","プロ（演出多め）"
"UI-04304","タスク・プロジェクト管理のAndroidアプリUI（ネオン・サイバー）","プロ（演出多め）"
"UI-04305","スマートホーム・IoTのAndroidアプリUI（信頼・誠実（コーポレート））","上級"
"UI-04306","フードデリバリーのWebアプリ（SaaS）UI（3D・クレイ）","プロ（演出多め）"
"UI-04307","家計簿・資産管理のWebアプリ（SaaS）UI（ニューブルータリズム）","プロ（演出多め）"
"UI-04308","ショッピングのAndroidアプリUI（グラスモーフィズム）","プロ（演出多め）"
"UI-04309","飲食店モバイルオーダーのスマートウォッチUI（ハンドメイド・手書き）","プロ（演出多め）"
"UI-04310","AIアシスタント・チャットのiOSアプリUI（かわいい・ガーリー）","プロ（演出多め）"
"UI-04311","学習・語学アプリのWebアプリ（SaaS）UI（信頼・誠実（コーポレート））","上級"
"UI-04312","音楽・ポッドキャストのiOSアプリUI（ニューブルータリズム）","上級"
"UI-04313","学習・語学アプリのスマートウォッチUI（ミニマル・洗練）","プロ（演出多め）"
"UI-04314","ヘルスケア・フィットネス記録の管理画面・ダッシュボードUI（信頼・誠実（コーポレート））","プロ（演出多め）"
"UI-04315","アクセス解析・BIのAndroidアプリUI（信頼・誠実（コーポレート））","プロ（演出多め）"
"UI-04316","予約（サロン/ホテル/病院）のタブレット / POSUI（パステル・ドリーミー）","プロ（演出多め）"
"UI-04317","顧客管理（CRM）のAndroidアプリUI（ジオメトリック・グラフィカル）","プロ（演出多め）"
"UI-04318","タスク・プロジェクト管理のタブレット / POSUI（パステル・ドリーミー）","上級"
"UI-04319","家計簿・資産管理のキオスク・サイネージUI（グラスモーフィズム）","上級"
"UI-04320","マッチングのタブレット / POSUI（クール・テック）","プロ（演出多め）"
"UI-04321","フードデリバリーのWebアプリ（SaaS）UI（ミニマル・洗練）","プロ（演出多め）"
"UI-04322","学習・語学アプリのスマートウォッチUI（クール・テック）","プロ（演出多め）"
"UI-04323","家計簿・資産管理の管理画面・ダッシュボードUI（3D・クレイ）","プロ（演出多め）"
"UI-04324","予約（サロン/ホテル/病院）のiOSアプリUI（パステル・ドリーミー）","プロ（演出多め）"
"UI-04325","飲食店モバイルオーダーの管理画面・ダッシュボードUI（ミニマル・洗練）","プロ（演出多め）"
"UI-04326","飲食店モバイルオーダーのWebアプリ（SaaS）UI（ミニマル・洗練）","プロ（演出多め）"
"UI-04327","音楽・ポッドキャストの管理画面・ダッシュボードUI（ネオン・サイバー）","上級"
"UI-04328","マッチングの管理画面・ダッシュボードUI（エディトリアル・雑誌風）","プロ（演出多め）"
"UI-04329","SNS・コミュニティのWebアプリ（SaaS）UI（ポップ・カラフル）","上級"
"UI-04330","マッチングの管理画面・ダッシュボードUI（ポップ・カラフル）","プロ（演出多め）"
"UI-04331","顧客管理（CRM）のWebアプリ（SaaS）UI（クール・テック）","上級"
"UI-04332","マッチングのWebアプリ（SaaS）UI（ラグジュアリー・高級感）","上級"
"UI-04333","フードデリバリーのタブレット / POSUI（和モダン）","上級"
"UI-04334","飲食店モバイルオーダーのAndroidアプリUI（ネオン・サイバー）","プロ（演出多め）"
"UI-04335","AIアシスタント・チャットのWebアプリ（SaaS）UI（エディトリアル・雑誌風）","プロ（演出多め）"
"UI-04336","飲食店モバイルオーダーの管理画面・ダッシュボードUI（グラスモーフィズム）","プロ（演出多め）"
"UI-04337","ヘルスケア・フィットネス記録のキオスク・サイネージUI（ポップ・カラフル）","上級"
"UI-04338","音楽・ポッドキャストのスマートウォッチUI（ニューブルータリズム）","上級"
"UI-04339","ヘルスケア・フィットネス記録のタブレット / POSUI（レトロ・Y2K）","上級"
"UI-04340","アクセス解析・BIの管理画面・ダッシュボードUI（ダーク・シネマティック）","プロ（演出多め）"
"UI-04341","アクセス解析・BIのiOSアプリUI（信頼・誠実（コーポレート））","プロ（演出多め）"
"UI-04342","旅行・地図のスマートウォッチUI（ポップ・カラフル）","プロ（演出多め）"
"UI-04343","旅行・地図のiOSアプリUI（クール・テック）","プロ（演出多め）"
"UI-04344","顧客管理（CRM）のキオスク・サイネージUI（グラスモーフィズム）","上級"
"UI-04345","ヘルスケア・フィットネス記録の管理画面・ダッシュボードUI（クール・テック）","プロ（演出多め）"
"UI-04346","ショッピングの管理画面・ダッシュボードUI（信頼・誠実（コーポレート））","上級"
"UI-04347","ショッピングの管理画面・ダッシュボードUI（ニューブルータリズム）","プロ（演出多め）"
"UI-04348","音楽・ポッドキャストのキオスク・サイネージUI（北欧・ライフスタイル）","上級"
"UI-04349","家計簿・資産管理のiOSアプリUI（信頼・誠実（コーポレート））","プロ（演出多め）"
"UI-04350","音楽・ポッドキャストのWebアプリ（SaaS）UI（グラスモーフィズム）","プロ（演出多め）"
"UI-04351","タスク・プロジェクト管理のWebアプリ（SaaS）UI（和モダン）","上級"
"UI-04352","AIアシスタント・チャットのタブレット / POSUI（ポップ・カラフル）","プロ（演出多め）"
"UI-04353","ヘルスケア・フィットネス記録のスマートウォッチUI（パステル・ドリーミー）","上級"
"UI-04354","アクセス解析・BIのiOSアプリUI（かわいい・ガーリー）","プロ（演出多め）"
"UI-04355","マッチングのタブレット / POSUI（パステル・ドリーミー）","上級"
"UI-04356","学習・語学アプリのAndroidアプリUI（ポップ・カラフル）","上級"
"UI-04357","家計簿・資産管理のWebアプリ（SaaS）UI（パステル・ドリーミー）","プロ（演出多め）"
"UI-04358","マッチングのWebアプリ（SaaS）UI（クール・テック）","上級"
"UI-04359","AIアシスタント・チャットの管理画面・ダッシュボードUI（信頼・誠実（コーポレート））","プロ（演出多め）"
"UI-04360","学習・語学アプリのAndroidアプリUI（ポップ・カラフル）","プロ（演出多め）"
"UI-04361","旅行・地図のAndroidアプリUI（3D・クレイ）","上級"
"UI-04362","ヘルスケア・フィットネス記録の管理画面・ダッシュボードUI（信頼・誠実（コーポレート））","プロ（演出多め）"
"UI-04363","家計簿・資産管理のタブレット / POSUI（クール・テック）","プロ（演出多め）"
"UI-04364","ショッピングのiOSアプリUI（クール・テック）","プロ（演出多め）"
"UI-04365","予約（サロン/ホテル/病院）のスマートウォッチUI（ニューブルータリズム）","プロ（演出多め）"
"UI-04366","家計簿・資産管理のiOSアプリUI（3D・クレイ）","上級"
"UI-04367","タスク・プロジェクト管理のAndroidアプリUI（3D・クレイ）","上級"
"UI-04368","旅行・地図のスマートウォッチUI（ニューブルータリズム）","プロ（演出多め）"
"UI-04369","アクセス解析・BIのAndroidアプリUI（ダーク・シネマティック）","プロ（演出多め）"
"UI-04370","SNS・コミュニティの管理画面・ダッシュボードUI（和モダン）","上級"
"UI-04371","SNS・コミュニティのWebアプリ（SaaS）UI（エネルギッシュ・スポーティ）","プロ（演出多め）"
"UI-04372","スマートホーム・IoTのAndroidアプリUI（ニューブルータリズム）","プロ（演出多め）"
"UI-04373","学習・語学アプリのAndroidアプリUI（エネルギッシュ・スポーティ）","上級"
"UI-04374","顧客管理（CRM）のスマートウォッチUI（ジオメトリック・グラフィカル）","上級"
"UI-04375","フードデリバリーのAndroidアプリUI（ポップ・カラフル）","プロ（演出多め）"
"UI-04376","ショッピングのスマートウォッチUI（ポップ・カラフル）","プロ（演出多め）"
"UI-04377","家計簿・資産管理のWebアプリ（SaaS）UI（クール・テック）","プロ（演出多め）"
"UI-04378","ショッピングのスマートウォッチUI（パステル・ドリーミー）","プロ（演出多め）"
"UI-04379","予約（サロン/ホテル/病院）のタブレット / POSUI（ポップ・カラフル）","プロ（演出多め）"
"UI-04380","音楽・ポッドキャストの管理画面・ダッシュボードUI（信頼・誠実（コーポレート））","プロ（演出多め）"
"UI-04381","タスク・プロジェクト管理のiOSアプリUI（ネオン・サイバー）","プロ（演出多め）"
"UI-04382","旅行・地図のAndroidアプリUI（和モダン）","上級"
"UI-04383","飲食店モバイルオーダーの管理画面・ダッシュボードUI（ネオン・サイバー）","プロ（演出多め）"
"UI-04384","予約（サロン/ホテル/病院）の管理画面・ダッシュボードUI（ネオン・サイバー）","プロ（演出多め）"
"UI-04385","旅行・地図のiOSアプリUI（ネオン・サイバー）","上級"
"UI-04386","学習・語学アプリのタブレット / POSUI（ポップ・カラフル）","上級"
"UI-04387","ショッピングのiOSアプリUI（ミニマル・洗練）","プロ（演出多め）"
"UI-04388","音楽・ポッドキャストの管理画面・ダッシュボードUI（ミニマル・洗練）","プロ（演出多め）"
"UI-04389","顧客管理（CRM）の管理画面・ダッシュボードUI（ポップ・カラフル）","プロ（演出多め）"
"UI-04390","アクセス解析・BIのWebアプリ（SaaS）UI（3D・クレイ）","プロ（演出多め）"
"UI-04391","旅行・地図の管理画面・ダッシュボードUI（パステル・ドリーミー）","上級"
"UI-04392","アクセス解析・BIのiOSアプリUI（ハンドメイド・手書き）","プロ（演出多め）"
"UI-04393","フードデリバリーのスマートウォッチUI（ニューブルータリズム）","プロ（演出多め）"
"UI-04394","タスク・プロジェクト管理のAndroidアプリUI（ネオン・サイバー）","上級"
"UI-04395","AIアシスタント・チャットのiOSアプリUI（パステル・ドリーミー）","プロ（演出多め）"
"UI-04396","家計簿・資産管理のキオスク・サイネージUI（和モダン）","プロ（演出多め）"
"UI-04397","タスク・プロジェクト管理のWebアプリ（SaaS）UI（ポップ・カラフル）","プロ（演出多め）"
"UI-04398","タスク・プロジェクト管理のキオスク・サイネージUI（ナチュラル・オーガニック）","プロ（演出多め）"
"UI-04399","AIアシスタント・チャットのWebアプリ（SaaS）UI（クール・テック）","プロ（演出多め）"
"UI-04400","スマートホーム・IoTのWebアプリ（SaaS）UI（ネオン・サイバー）","上級"
"UI-04401","音楽・ポッドキャストのiOSアプリUI（ポップ・カラフル）","プロ（演出多め）"
"UI-04402","音楽・ポッドキャストのWebアプリ（SaaS）UI（ネオン・サイバー）","プロ（演出多め）"
"UI-04403","予約（サロン/ホテル/病院）のAndroidアプリUI（ミニマル・洗練）","プロ（演出多め）"
"UI-04404","家計簿・資産管理の管理画面・ダッシュボードUI（ミニマル・洗練）","上級"
"UI-04405","音楽・ポッドキャストのスマートウォッチUI（かわいい・ガーリー）","プロ（演出多め）"
"UI-04406","家計簿・資産管理のスマートウォッチUI（ニューブルータリズム）","プロ（演出多め）"
"UI-04407","フードデリバリーのWebアプリ（SaaS）UI（ジオメトリック・グラフィカル）","プロ（演出多め）"
"UI-04408","旅行・地図のiOSアプリUI（ミニマル・洗練）","プロ（演出多め）"
"UI-04409","SNS・コミュニティのキオスク・サイネージUI（パステル・ドリーミー）","上級"
"UI-04410","顧客管理（CRM）のタブレット / POSUI（ハンドメイド・手書き）","プロ（演出多め）"
"UI-04411","フードデリバリーのタブレット / POSUI（3D・クレイ）","プロ（演出多め）"
"UI-04412","学習・語学アプリのキオスク・サイネージUI（レトロ・Y2K）","上級"
"UI-04413","予約（サロン/ホテル/病院）のスマートウォッチUI（ポップ・カラフル）","上級"
"UI-04414","タスク・プロジェクト管理のiOSアプリUI（グラスモーフィズム）","プロ（演出多め）"
"UI-04415","家計簿・資産管理のAndroidアプリUI（信頼・誠実（コーポレート））","プロ（演出多め）"
"UI-04416","タスク・プロジェクト管理のスマートウォッチUI（信頼・誠実（コーポレート））","上級"
"UI-04417","家計簿・資産管理のスマートウォッチUI（パステル・ドリーミー）","プロ（演出多め）"
"UI-04418","ショッピングの管理画面・ダッシュボードUI（信頼・誠実（コーポレート））","上級"
"UI-04419","フードデリバリーのスマートウォッチUI（クール・テック）","プロ（演出多め）"
"UI-04420","フードデリバリーのタブレット / POSUI（ネオン・サイバー）","プロ（演出多め）"
"UI-04421","旅行・地図のiOSアプリUI（ミニマル・洗練）","上級"
"UI-04422","マッチングのiOSアプリUI（ネオン・サイバー）","上級"
"UI-04423","家計簿・資産管理のiOSアプリUI（かわいい・ガーリー）","プロ（演出多め）"
"UI-04424","タスク・プロジェクト管理のスマートウォッチUI（ミニマル・洗練）","プロ（演出多め）"
"UI-04425","AIアシスタント・チャットのスマートウォッチUI（パステル・ドリーミー）","上級"
"UI-04426","スマートホーム・IoTのWebアプリ（SaaS）UI（クール・テック）","プロ（演出多め）"
"UI-04427","学習・語学アプリのタブレット / POSUI（グラスモーフィズム）","プロ（演出多め）"
"UI-04428","フードデリバリーのタブレット / POSUI（ポップ・カラフル）","プロ（演出多め）"
"UI-04429","スマートホーム・IoTのタブレット / POSUI（北欧・ライフスタイル）","プロ（演出多め）"
"UI-04430","フードデリバリーの管理画面・ダッシュボードUI（3D・クレイ）","上級"
"UI-04431","音楽・ポッドキャストのタブレット / POSUI（信頼・誠実（コーポレート））","上級"
"UI-04432","顧客管理（CRM）のiOSアプリUI（信頼・誠実（コーポレート））","上級"
"UI-04433","予約（サロン/ホテル/病院）のWebアプリ（SaaS）UI（3D・クレイ）","プロ（演出多め）"
"UI-04434","学習・語学アプリのタブレット / POSUI（エネルギッシュ・スポーティ）","上級"
"UI-04435","学習・語学アプリのスマートウォッチUI（グラスモーフィズム）","プロ（演出多め）"
"UI-04436","スマートホーム・IoTのキオスク・サイネージUI（3D・クレイ）","プロ（演出多め）"
"UI-04437","SNS・コミュニティのスマートウォッチUI（ジオメトリック・グラフィカル）","上級"
"UI-04438","タスク・プロジェクト管理のWebアプリ（SaaS）UI（ミニマル・洗練）","プロ（演出多め）"
"UI-04439","音楽・ポッドキャストのスマートウォッチUI（レトロ・Y2K）","プロ（演出多め）"
"UI-04440","学習・語学アプリのタブレット / POSUI（グラスモーフィズム）","プロ（演出多め）"
"UI-04441","AIアシスタント・チャットのiOSアプリUI（信頼・誠実（コーポレート））","プロ（演出多め）"
"UI-04442","音楽・ポッドキャストの管理画面・ダッシュボードUI（エディトリアル・雑誌風）","プロ（演出多め）"
"UI-04443","音楽・ポッドキャストのWebアプリ（SaaS）UI（ネオン・サイバー）","上級"
"UI-04444","顧客管理（CRM）のiOSアプリUI（3D・クレイ）","プロ（演出多め）"
"UI-04445","フードデリバリーのWebアプリ（SaaS）UI（グラスモーフィズム）","プロ（演出多め）"
"UI-04446","ヘルスケア・フィットネス記録のAndroidアプリUI（パステル・ドリーミー）","上級"
"UI-04447","ヘルスケア・フィットネス記録のAndroidアプリUI（ネオン・サイバー）","プロ（演出多め）"
"UI-04448","アクセス解析・BIのAndroidアプリUI（クール・テック）","上級"
"UI-04449","タスク・プロジェクト管理の管理画面・ダッシュボードUI（パステル・ドリーミー）","上級"
"UI-04450","顧客管理（CRM）のiOSアプリUI（ネオン・サイバー）","プロ（演出多め）"
"UI-04451","マッチングのキオスク・サイネージUI（ダーク・シネマティック）","プロ（演出多め）"
"UI-04452","アクセス解析・BIのiOSアプリUI（ニューブルータリズム）","プロ（演出多め）"
"UI-04453","AIアシスタント・チャットのスマートウォッチUI（クール・テック）","上級"
"UI-04454","AIアシスタント・チャットの管理画面・ダッシュボードUI（ポップ・カラフル）","上級"
"UI-04455","ショッピングのWebアプリ（SaaS）UI（パステル・ドリーミー）","プロ（演出多め）"
"UI-04456","SNS・コミュニティの管理画面・ダッシュボードUI（ポップ・カラフル）","プロ（演出多め）"
"UI-04457","ショッピングのWebアプリ（SaaS）UI（ニューブルータリズム）","プロ（演出多め）"
"UI-04458","アクセス解析・BIのタブレット / POSUI（ジオメトリック・グラフィカル）","上級"
"UI-04459","スマートホーム・IoTのWebアプリ（SaaS）UI（グラスモーフィズム）","上級"
"UI-04460","アクセス解析・BIのiOSアプリUI（ダーク・シネマティック）","プロ（演出多め）"
"UI-04461","フードデリバリーのiOSアプリUI（グラスモーフィズム）","プロ（演出多め）"
"UI-04462","予約（サロン/ホテル/病院）のタブレット / POSUI（信頼・誠実（コーポレート））","プロ（演出多め）"
"UI-04463","ヘルスケア・フィットネス記録のAndroidアプリUI（信頼・誠実（コーポレート））","プロ（演出多め）"
"UI-04464","飲食店モバイルオーダーのiOSアプリUI（信頼・誠実（コーポレート））","プロ（演出多め）"
"UI-04465","音楽・ポッドキャストのキオスク・サイネージUI（パステル・ドリーミー）","上級"
"UI-04466","アクセス解析・BIのiOSアプリUI（グラスモーフィズム）","上級"
"UI-04467","AIアシスタント・チャットのキオスク・サイネージUI（北欧・ライフスタイル）","プロ（演出多め）"
"UI-04468","ショッピングのWebアプリ（SaaS）UI（ミニマル・洗練）","プロ（演出多め）"
"UI-04469","SNS・コミュニティのタブレット / POSUI（信頼・誠実（コーポレート））","プロ（演出多め）"
"UI-04470","マッチングのキオスク・サイネージUI（ミニマル・洗練）","プロ（演出多め）"
"UI-04471","スマートホーム・IoTのスマートウォッチUI（ミニマル・洗練）","プロ（演出多め）"
"UI-04472","AIアシスタント・チャットのWebアプリ（SaaS）UI（ジオメトリック・グラフィカル）","プロ（演出多め）"
"UI-04473","学習・語学アプリのWebアプリ（SaaS）UI（ネオン・サイバー）","プロ（演出多め）"
"UI-04474","マッチングの管理画面・ダッシュボードUI（3D・クレイ）","プロ（演出多め）"
"UI-04475","タスク・プロジェクト管理のタブレット / POSUI（クール・テック）","上級"
"UI-04476","飲食店モバイルオーダーのスマートウォッチUI（エネルギッシュ・スポーティ）","プロ（演出多め）"
"UI-04477","学習・語学アプリのキオスク・サイネージUI（3D・クレイ）","上級"
"UI-04478","タスク・プロジェクト管理のWebアプリ（SaaS）UI（ポップ・カラフル）","プロ（演出多め）"
"UI-04479","音楽・ポッドキャストのAndroidアプリUI（信頼・誠実（コーポレート））","上級"
"UI-04480","ショッピングのキオスク・サイネージUI（ポップ・カラフル）","プロ（演出多め）"
"UI-04481","アクセス解析・BIのタブレット / POSUI（グラスモーフィズム）","上級"
"UI-04482","SNS・コミュニティのキオスク・サイネージUI（ネオン・サイバー）","上級"
"UI-04483","AIアシスタント・チャットのAndroidアプリUI（エディトリアル・雑誌風）","プロ（演出多め）"
"UI-04484","顧客管理（CRM）の管理画面・ダッシュボードUI（ポップ・カラフル）","プロ（演出多め）"
"UI-04485","ショッピングのAndroidアプリUI（ネオン・サイバー）","プロ（演出多め）"
"UI-04486","旅行・地図のキオスク・サイネージUI（グラスモーフィズム）","上級"
"UI-04487","SNS・コミュニティのキオスク・サイネージUI（グラスモーフィズム）","プロ（演出多め）"
"UI-04488","ショッピングのAndroidアプリUI（クール・テック）","プロ（演出多め）"
"UI-04489","AIアシスタント・チャットのタブレット / POSUI（パステル・ドリーミー）","プロ（演出多め）"
"UI-04490","学習・語学アプリのスマートウォッチUI（エディトリアル・雑誌風）","上級"
"UI-04491","家計簿・資産管理のタブレット / POSUI（クール・テック）","プロ（演出多め）"
"UI-04492","マッチングのタブレット / POSUI（ナチュラル・オーガニック）","プロ（演出多め）"
"UI-04493","アクセス解析・BIのiOSアプリUI（信頼・誠実（コーポレート））","プロ（演出多め）"
"UI-04494","マッチングのWebアプリ（SaaS）UI（クール・テック）","上級"
"UI-04495","マッチングのキオスク・サイネージUI（ネオン・サイバー）","プロ（演出多め）"
"UI-04496","フードデリバリーのAndroidアプリUI（ハンドメイド・手書き）","プロ（演出多め）"
"UI-04497","タスク・プロジェクト管理のWebアプリ（SaaS）UI（信頼・誠実（コーポレート））","上級"
"UI-04498","ヘルスケア・フィットネス記録のタブレット / POSUI（ダーク・シネマティック）","上級"
"UI-04499","予約（サロン/ホテル/病院）のスマートウォッチUI（ニューブルータリズム）","上級"
"UI-04500","ショッピングのAndroidアプリUI（信頼・誠実（コーポレート））","上級"
"UI-04501","音楽・ポッドキャストのWebアプリ（SaaS）UI（ネオン・サイバー）","プロ（演出多め）"
"UI-04502","飲食店モバイルオーダーのスマートウォッチUI（エディトリアル・雑誌風）","プロ（演出多め）"
"UI-04503","SNS・コミュニティのスマートウォッチUI（ネオン・サイバー）","プロ（演出多め）"
"UI-04504","タスク・プロジェクト管理のスマートウォッチUI（ニューブルータリズム）","プロ（演出多め）"
"UI-04505","飲食店モバイルオーダーのキオスク・サイネージUI（3D・クレイ）","プロ（演出多め）"
"UI-04506","ヘルスケア・フィットネス記録のWebアプリ（SaaS）UI（信頼・誠実（コーポレート））","上級"
"UI-04507","アクセス解析・BIのAndroidアプリUI（ハンドメイド・手書き）","プロ（演出多め）"
"UI-04508","フードデリバリーの管理画面・ダッシュボードUI（ニューブルータリズム）","プロ（演出多め）"
"UI-04509","スマートホーム・IoTのiOSアプリUI（かわいい・ガーリー）","プロ（演出多め）"
"UI-04510","飲食店モバイルオーダーのiOSアプリUI（パステル・ドリーミー）","プロ（演出多め）"
"UI-04511","マッチングのWebアプリ（SaaS）UI（レトロ・Y2K）","プロ（演出多め）"
"UI-04512","スマートホーム・IoTのスマートウォッチUI（エネルギッシュ・スポーティ）","上級"
"UI-04513","旅行・地図のWebアプリ（SaaS）UI（ミニマル・洗練）","プロ（演出多め）"
"UI-04514","タスク・プロジェクト管理のタブレット / POSUI（ラグジュアリー・高級感）","上級"
"UI-04515","AIアシスタント・チャットの管理画面・ダッシュボードUI（ミニマル・洗練）","プロ（演出多め）"
"UI-04516","SNS・コミュニティのタブレット / POSUI（ジオメトリック・グラフィカル）","プロ（演出多め）"
"UI-04517","旅行・地図のWebアプリ（SaaS）UI（ニューブルータリズム）","プロ（演出多め）"
"UI-04518","ショッピングのスマートウォッチUI（3D・クレイ）","プロ（演出多め）"
"UI-04519","スマートホーム・IoTのWebアプリ（SaaS）UI（グラスモーフィズム）","上級"
"UI-04520","飲食店モバイルオーダーのAndroidアプリUI（グラスモーフィズム）","プロ（演出多め）"
"UI-04521","音楽・ポッドキャストのAndroidアプリUI（ダーク・シネマティック）","プロ（演出多め）"
"UI-04522","家計簿・資産管理の管理画面・ダッシュボードUI（かわいい・ガーリー）","プロ（演出多め）"
"UI-04523","学習・語学アプリの管理画面・ダッシュボードUI（信頼・誠実（コーポレート））","プロ（演出多め）"
"UI-04524","家計簿・資産管理のタブレット / POSUI（パステル・ドリーミー）","上級"
"UI-04525","フードデリバリーの管理画面・ダッシュボードUI（レトロ・Y2K）","上級"
"UI-04526","アクセス解析・BIの管理画面・ダッシュボードUI（かわいい・ガーリー）","プロ（演出多め）"
"UI-04527","ヘルスケア・フィットネス記録のタブレット / POSUI（3D・クレイ）","上級"
"UI-04528","AIアシスタント・チャットの管理画面・ダッシュボードUI（信頼・誠実（コーポレート））","上級"
"UI-04529","予約（サロン/ホテル/病院）のWebアプリ（SaaS）UI（3D・クレイ）","プロ（演出多め）"
"UI-04530","ヘルスケア・フィットネス記録のキオスク・サイネージUI（ナチュラル・オーガニック）","上級"
"UI-04531","学習・語学アプリのスマートウォッチUI（3D・クレイ）","プロ（演出多め）"
"UI-04532","旅行・地図のキオスク・サイネージUI（クール・テック）","上級"
"UI-04533","SNS・コミュニティの管理画面・ダッシュボードUI（かわいい・ガーリー）","プロ（演出多め）"
"UI-04534","ショッピングのタブレット / POSUI（ミニマル・洗練）","プロ（演出多め）"
"UI-04535","ヘルスケア・フィットネス記録の管理画面・ダッシュボードUI（クール・テック）","上級"
"UI-04536","スマートホーム・IoTのWebアプリ（SaaS）UI（ポップ・カラフル）","プロ（演出多め）"
"UI-04537","ショッピングのWebアプリ（SaaS）UI（信頼・誠実（コーポレート））","プロ（演出多め）"
"UI-04538","ヘルスケア・フィットネス記録のキオスク・サイネージUI（エネルギッシュ・スポーティ）","プロ（演出多め）"
"UI-04539","学習・語学アプリのキオスク・サイネージUI（ミニマル・洗練）","プロ（演出多め）"
"UI-04540","マッチングのキオスク・サイネージUI（ジオメトリック・グラフィカル）","プロ（演出多め）"
"UI-04541","AIアシスタント・チャットのiOSアプリUI（ポップ・カラフル）","プロ（演出多め）"
"UI-04542","スマートホーム・IoTのiOSアプリUI（ハンドメイド・手書き）","上級"
"UI-04543","音楽・ポッドキャストのスマートウォッチUI（3D・クレイ）","上級"
"UI-04544","フードデリバリーのAndroidアプリUI（ミニマル・洗練）","プロ（演出多め）"
"UI-04545","予約（サロン/ホテル/病院）のWebアプリ（SaaS）UI（エネルギッシュ・スポーティ）","プロ（演出多め）"
"UI-04546","マッチングのWebアプリ（SaaS）UI（クール・テック）","プロ（演出多め）"
"UI-04547","家計簿・資産管理のスマートウォッチUI（クール・テック）","プロ（演出多め）"
"UI-04548","アクセス解析・BIのキオスク・サイネージUI（ミニマル・洗練）","上級"
"UI-04549","ヘルスケア・フィットネス記録の管理画面・ダッシュボードUI（ポップ・カラフル）","上級"
"UI-04550","旅行・地図のAndroidアプリUI（グラスモーフィズム）","プロ（演出多め）"
"UI-04551","SNS・コミュニティのAndroidアプリUI（グラスモーフィズム）","プロ（演出多め）"
"UI-04552","音楽・ポッドキャストのAndroidアプリUI（ニューブルータリズム）","プロ（演出多め）"
"UI-04553","スマートホーム・IoTのiOSアプリUI（ハンドメイド・手書き）","プロ（演出多め）"
"UI-04554","顧客管理（CRM）のタブレット / POSUI（クール・テック）","上級"
"UI-04555","飲食店モバイルオーダーのiOSアプリUI（グラスモーフィズム）","プロ（演出多め）"
"UI-04556","ショッピングのAndroidアプリUI（ニューブルータリズム）","プロ（演出多め）"
"UI-04557","マッチングのiOSアプリUI（エネルギッシュ・スポーティ）","プロ（演出多め）"
"UI-04558","顧客管理（CRM）の管理画面・ダッシュボードUI（グラスモーフィズム）","プロ（演出多め）"
"UI-04559","アクセス解析・BIのWebアプリ（SaaS）UI（ニューブルータリズム）","プロ（演出多め）"
"UI-04560","音楽・ポッドキャストのiOSアプリUI（ニューブルータリズム）","プロ（演出多め）"
"UI-04561","予約（サロン/ホテル/病院）のAndroidアプリUI（クール・テック）","上級"
"UI-04562","学習・語学アプリのAndroidアプリUI（信頼・誠実（コーポレート））","プロ（演出多め）"
"UI-04563","ショッピングのWebアプリ（SaaS）UI（信頼・誠実（コーポレート））","上級"
"UI-04564","家計簿・資産管理のAndroidアプリUI（クール・テック）","プロ（演出多め）"
"UI-04565","AIアシスタント・チャットのWebアプリ（SaaS）UI（ネオン・サイバー）","プロ（演出多め）"
"UI-04566","顧客管理（CRM）のスマートウォッチUI（3D・クレイ）","プロ（演出多め）"
"UI-04567","顧客管理（CRM）のタブレット / POSUI（グラスモーフィズム）","上級"
"UI-04568","スマートホーム・IoTのAndroidアプリUI（ミニマル・洗練）","上級"
"UI-04569","フードデリバリーのスマートウォッチUI（レトロ・Y2K）","プロ（演出多め）"
"UI-04570","ショッピングのAndroidアプリUI（3D・クレイ）","プロ（演出多め）"
"UI-04571","タスク・プロジェクト管理のスマートウォッチUI（パステル・ドリーミー）","上級"
"UI-04572","飲食店モバイルオーダーのスマートウォッチUI（クール・テック）","プロ（演出多め）"
"UI-04573","フードデリバリーのiOSアプリUI（パステル・ドリーミー）","上級"
"UI-04574","フードデリバリーの管理画面・ダッシュボードUI（グラスモーフィズム）","プロ（演出多め）"
"UI-04575","アクセス解析・BIのキオスク・サイネージUI（ジオメトリック・グラフィカル）","上級"
"UI-04576","マッチングのiOSアプリUI（パステル・ドリーミー）","プロ（演出多め）"
"UI-04577","スマートホーム・IoTのWebアプリ（SaaS）UI（ニューブルータリズム）","上級"
"UI-04578","ヘルスケア・フィットネス記録の管理画面・ダッシュボードUI（3D・クレイ）","上級"
"UI-04579","スマートホーム・IoTのiOSアプリUI（グラスモーフィズム）","プロ（演出多め）"
"UI-04580","ショッピングの管理画面・ダッシュボードUI（ラグジュアリー・高級感）","プロ（演出多め）"
"UI-04581","SNS・コミュニティのAndroidアプリUI（パステル・ドリーミー）","上級"
"UI-04582","タスク・プロジェクト管理のキオスク・サイネージUI（クール・テック）","プロ（演出多め）"
"UI-04583","顧客管理（CRM）の管理画面・ダッシュボードUI（ニューブルータリズム）","上級"
"UI-04584","学習・語学アプリのWebアプリ（SaaS）UI（ジオメトリック・グラフィカル）","プロ（演出多め）"
"UI-04585","顧客管理（CRM）のiOSアプリUI（グラスモーフィズム）","上級"
"UI-04586","アクセス解析・BIのWebアプリ（SaaS）UI（ニューブルータリズム）","上級"
"UI-04587","マッチングのスマートウォッチUI（パステル・ドリーミー）","プロ（演出多め）"
"UI-04588","飲食店モバイルオーダーのWebアプリ（SaaS）UI（ポップ・カラフル）","プロ（演出多め）"
"UI-04589","タスク・プロジェクト管理のWebアプリ（SaaS）UI（クール・テック）","プロ（演出多め）"
"UI-04590","マッチングのスマートウォッチUI（クール・テック）","プロ（演出多め）"
"UI-04591","ショッピングのスマートウォッチUI（パステル・ドリーミー）","プロ（演出多め）"
"UI-04592","旅行・地図のキオスク・サイネージUI（ニューブルータリズム）","プロ（演出多め）"
"UI-04593","旅行・地図のキオスク・サイネージUI（ナチュラル・オーガニック）","プロ（演出多め）"
"UI-04594","タスク・プロジェクト管理のタブレット / POSUI（ダーク・シネマティック）","上級"
"UI-04595","フードデリバリーのスマートウォッチUI（信頼・誠実（コーポレート））","プロ（演出多め）"
"UI-04596","学習・語学アプリのiOSアプリUI（かわいい・ガーリー）","プロ（演出多め）"
"UI-04597","アクセス解析・BIのiOSアプリUI（ラグジュアリー・高級感）","プロ（演出多め）"
"UI-04598","AIアシスタント・チャットのWebアプリ（SaaS）UI（ラグジュアリー・高級感）","プロ（演出多め）"
"UI-04599","音楽・ポッドキャストの管理画面・ダッシュボードUI（ハンドメイド・手書き）","プロ（演出多め）"
"UI-04600","スマートホーム・IoTのiOSアプリUI（エネルギッシュ・スポーティ）","プロ（演出多め）"
"UI-04601","マッチングのキオスク・サイネージUI（ミニマル・洗練）","上級"
"UI-04602","旅行・地図のスマートウォッチUI（ネオン・サイバー）","プロ（演出多め）"
"UI-04603","ショッピングのWebアプリ（SaaS）UI（ポップ・カラフル）","プロ（演出多め）"
"UI-04604","タスク・プロジェクト管理のスマートウォッチUI（グラスモーフィズム）","プロ（演出多め）"
"UI-04605","AIアシスタント・チャットのスマートウォッチUI（ニューブルータリズム）","プロ（演出多め）"
"UI-04606","マッチングのiOSアプリUI（クール・テック）","上級"
"UI-04607","学習・語学アプリのAndroidアプリUI（かわいい・ガーリー）","プロ（演出多め）"
"UI-04608","SNS・コミュニティのスマートウォッチUI（クール・テック）","プロ（演出多め）"
"UI-04609","顧客管理（CRM）のタブレット / POSUI（信頼・誠実（コーポレート））","プロ（演出多め）"
"UI-04610","ヘルスケア・フィットネス記録のタブレット / POSUI（3D・クレイ）","プロ（演出多め）"
"UI-04611","AIアシスタント・チャットのWebアプリ（SaaS）UI（ネオン・サイバー）","プロ（演出多め）"
"UI-04612","フードデリバリーのキオスク・サイネージUI（エネルギッシュ・スポーティ）","プロ（演出多め）"
"UI-04613","アクセス解析・BIのWebアプリ（SaaS）UI（信頼・誠実（コーポレート））","プロ（演出多め）"
"UI-04614","ヘルスケア・フィットネス記録の管理画面・ダッシュボードUI（ネオン・サイバー）","プロ（演出多め）"
"UI-04615","タスク・プロジェクト管理のiOSアプリUI（パステル・ドリーミー）","プロ（演出多め）"
"UI-04616","学習・語学アプリのキオスク・サイネージUI（信頼・誠実（コーポレート））","プロ（演出多め）"
"UI-04617","音楽・ポッドキャストのキオスク・サイネージUI（ポップ・カラフル）","プロ（演出多め）"
"UI-04618","顧客管理（CRM）のWebアプリ（SaaS）UI（ポップ・カラフル）","プロ（演出多め）"
"UI-04619","旅行・地図のWebアプリ（SaaS）UI（レトロ・Y2K）","プロ（演出多め）"
"UI-04620","ヘルスケア・フィットネス記録のタブレット / POSUI（グラスモーフィズム）","プロ（演出多め）"
"UI-04621","予約（サロン/ホテル/病院）の管理画面・ダッシュボードUI（ネオン・サイバー）","プロ（演出多め）"
"UI-04622","家計簿・資産管理のタブレット / POSUI（ハンドメイド・手書き）","プロ（演出多め）"
"UI-04623","顧客管理（CRM）のスマートウォッチUI（ミニマル・洗練）","プロ（演出多め）"
"UI-04624","フードデリバリーのiOSアプリUI（クール・テック）","プロ（演出多め）"
"UI-04625","家計簿・資産管理のiOSアプリUI（グラスモーフィズム）","プロ（演出多め）"
"UI-04626","学習・語学アプリのキオスク・サイネージUI（ニューブルータリズム）","プロ（演出多め）"
"UI-04627","マッチングのタブレット / POSUI（ポップ・カラフル）","プロ（演出多め）"
"UI-04628","顧客管理（CRM）のWebアプリ（SaaS）UI（ミニマル・洗練）","上級"
"UI-04629","タスク・プロジェクト管理のAndroidアプリUI（エディトリアル・雑誌風）","プロ（演出多め）"
"UI-04630","タスク・プロジェクト管理のiOSアプリUI（ナチュラル・オーガニック）","プロ（演出多め）"
"UI-04631","音楽・ポッドキャストのスマートウォッチUI（ナチュラル・オーガニック）","上級"
"UI-04632","タスク・プロジェクト管理のキオスク・サイネージUI（ニューブルータリズム）","プロ（演出多め）"
"UI-04633","学習・語学アプリのキオスク・サイネージUI（ミニマル・洗練）","プロ（演出多め）"
"UI-04634","SNS・コミュニティのiOSアプリUI（グラスモーフィズム）","プロ（演出多め）"
"UI-04635","アクセス解析・BIのAndroidアプリUI（グラスモーフィズム）","プロ（演出多め）"
"UI-04636","マッチングのWebアプリ（SaaS）UI（ダーク・シネマティック）","プロ（演出多め）"
"UI-04637","旅行・地図のWebアプリ（SaaS）UI（信頼・誠実（コーポレート））","上級"
"UI-04638","SNS・コミュニティのAndroidアプリUI（3D・クレイ）","プロ（演出多め）"
"UI-04639","スマートホーム・IoTのiOSアプリUI（クール・テック）","プロ（演出多め）"
"UI-04640","フードデリバリーのキオスク・サイネージUI（ネオン・サイバー）","プロ（演出多め）"
"UI-04641","アクセス解析・BIの管理画面・ダッシュボードUI（ポップ・カラフル）","プロ（演出多め）"
"UI-04642","スマートホーム・IoTの管理画面・ダッシュボードUI（エディトリアル・雑誌風）","プロ（演出多め）"
"UI-04643","家計簿・資産管理のiOSアプリUI（ネオン・サイバー）","上級"
"UI-04644","フードデリバリーのAndroidアプリUI（クール・テック）","プロ（演出多め）"
"UI-04645","飲食店モバイルオーダーのAndroidアプリUI（ニューブルータリズム）","上級"
"UI-04646","旅行・地図のスマートウォッチUI（ラグジュアリー・高級感）","上級"
"UI-04647","フードデリバリーのAndroidアプリUI（ナチュラル・オーガニック）","プロ（演出多め）"
"UI-04648","家計簿・資産管理の管理画面・ダッシュボードUI（クール・テック）","プロ（演出多め）"
"UI-04649","ショッピングのAndroidアプリUI（信頼・誠実（コーポレート））","上級"
"UI-04650","スマートホーム・IoTのスマートウォッチUI（ダーク・シネマティック）","プロ（演出多め）"
"UI-04651","フードデリバリーのiOSアプリUI（クール・テック）","プロ（演出多め）"
"UI-04652","旅行・地図のiOSアプリUI（パステル・ドリーミー）","プロ（演出多め）"
"UI-04653","マッチングのキオスク・サイネージUI（エネルギッシュ・スポーティ）","プロ（演出多め）"
"UI-04654","飲食店モバイルオーダーのWebアプリ（SaaS）UI（ポップ・カラフル）","プロ（演出多め）"
"UI-04655","タスク・プロジェクト管理の管理画面・ダッシュボードUI（ラグジュアリー・高級感）","上級"
"UI-04656","AIアシスタント・チャットのAndroidアプリUI（信頼・誠実（コーポレート））","プロ（演出多め）"
"UI-04657","AIアシスタント・チャットのスマートウォッチUI（ニューブルータリズム）","プロ（演出多め）"
"UI-04658","旅行・地図の管理画面・ダッシュボードUI（ジオメトリック・グラフィカル）","プロ（演出多め）"
"UI-04659","ショッピングのタブレット / POSUI（ジオメトリック・グラフィカル）","プロ（演出多め）"
"UI-04660","マッチングのiOSアプリUI（クール・テック）","上級"
"UI-04661","旅行・地図のキオスク・サイネージUI（ミニマル・洗練）","プロ（演出多め）"
"UI-04662","フードデリバリーのAndroidアプリUI（3D・クレイ）","プロ（演出多め）"
"UI-04663","飲食店モバイルオーダーのキオスク・サイネージUI（ミニマル・洗練）","プロ（演出多め）"
"UI-04664","顧客管理（CRM）のタブレット / POSUI（ミニマル・洗練）","プロ（演出多め）"
"UI-04665","SNS・コミュニティの管理画面・ダッシュボードUI（信頼・誠実（コーポレート））","プロ（演出多め）"
"UI-04666","スマートホーム・IoTのスマートウォッチUI（グラスモーフィズム）","上級"
"UI-04667","ヘルスケア・フィットネス記録のAndroidアプリUI（グラスモーフィズム）","上級"
"UI-04668","予約（サロン/ホテル/病院）の管理画面・ダッシュボードUI（ネオン・サイバー）","プロ（演出多め）"
"UI-04669","フードデリバリーのキオスク・サイネージUI（クール・テック）","上級"
"UI-04670","顧客管理（CRM）のiOSアプリUI（ネオン・サイバー）","プロ（演出多め）"
"UI-04671","フードデリバリーのiOSアプリUI（クール・テック）","プロ（演出多め）"
"UI-04672","マッチングのスマートウォッチUI（パステル・ドリーミー）","プロ（演出多め）"
"UI-04673","旅行・地図のiOSアプリUI（ラグジュアリー・高級感）","プロ（演出多め）"
"UI-04674","家計簿・資産管理のタブレット / POSUI（クール・テック）","プロ（演出多め）"
"UI-04675","ヘルスケア・フィットネス記録のAndroidアプリUI（エディトリアル・雑誌風）","プロ（演出多め）"
"UI-04676","マッチングのiOSアプリUI（ミニマル・洗練）","上級"
"UI-04677","音楽・ポッドキャストのWebアプリ（SaaS）UI（信頼・誠実（コーポレート））","上級"
"UI-04678","スマートホーム・IoTのiOSアプリUI（信頼・誠実（コーポレート））","プロ（演出多め）"
"UI-04679","旅行・地図のWebアプリ（SaaS）UI（ニューブルータリズム）","プロ（演出多め）"
"UI-04680","アクセス解析・BIの管理画面・ダッシュボードUI（ジオメトリック・グラフィカル）","プロ（演出多め）"
"UI-04681","AIアシスタント・チャットのAndroidアプリUI（パステル・ドリーミー）","プロ（演出多め）"
"UI-04682","飲食店モバイルオーダーのタブレット / POSUI（3D・クレイ）","プロ（演出多め）"
"UI-04683","AIアシスタント・チャットのタブレット / POSUI（ネオン・サイバー）","プロ（演出多め）"
"UI-04684","スマートホーム・IoTのスマートウォッチUI（ナチュラル・オーガニック）","プロ（演出多め）"
"UI-04685","学習・語学アプリのiOSアプリUI（ミニマル・洗練）","上級"
"UI-04686","AIアシスタント・チャットのキオスク・サイネージUI（ニューブルータリズム）","プロ（演出多め）"
"UI-04687","フードデリバリーのキオスク・サイネージUI（信頼・誠実（コーポレート））","プロ（演出多め）"
"UI-04688","顧客管理（CRM）の管理画面・ダッシュボードUI（グラスモーフィズム）","上級"
"UI-04689","AIアシスタント・チャットのキオスク・サイネージUI（グラスモーフィズム）","上級"
"UI-04690","フードデリバリーのiOSアプリUI（ネオン・サイバー）","プロ（演出多め）"
"UI-04691","飲食店モバイルオーダーのAndroidアプリUI（ミニマル・洗練）","プロ（演出多め）"
"UI-04692","飲食店モバイルオーダーの管理画面・ダッシュボードUI（クール・テック）","上級"
"UI-04693","アクセス解析・BIのAndroidアプリUI（北欧・ライフスタイル）","上級"
"UI-04694","スマートホーム・IoTのWebアプリ（SaaS）UI（ニューブルータリズム）","プロ（演出多め）"
"UI-04695","アクセス解析・BIのスマートウォッチUI（クール・テック）","プロ（演出多め）"
"UI-04696","音楽・ポッドキャストのiOSアプリUI（グラスモーフィズム）","プロ（演出多め）"
"UI-04697","旅行・地図のスマートウォッチUI（クール・テック）","上級"
"UI-04698","学習・語学アプリのキオスク・サイネージUI（ニューブルータリズム）","上級"
"UI-04699","家計簿・資産管理の管理画面・ダッシュボードUI（3D・クレイ）","上級"
"UI-04700","飲食店モバイルオーダーのiOSアプリUI（3D・クレイ）","プロ（演出多め）"
"UI-04701","旅行・地図の管理画面・ダッシュボードUI（ミニマル・洗練）","上級"
"UI-04702","旅行・地図のスマートウォッチUI（信頼・誠実（コーポレート））","プロ（演出多め）"
"UI-04703","家計簿・資産管理のiOSアプリUI（ミニマル・洗練）","プロ（演出多め）"
"UI-04704","顧客管理（CRM）のキオスク・サイネージUI（クール・テック）","プロ（演出多め）"
"UI-04705","AIアシスタント・チャットの管理画面・ダッシュボードUI（ダーク・シネマティック）","上級"
"UI-04706","ヘルスケア・フィットネス記録のキオスク・サイネージUI（クール・テック）","プロ（演出多め）"
"UI-04707","顧客管理（CRM）のスマートウォッチUI（3D・クレイ）","上級"
"UI-04708","顧客管理（CRM）のWebアプリ（SaaS）UI（パステル・ドリーミー）","プロ（演出多め）"
"UI-04709","音楽・ポッドキャストのiOSアプリUI（グラスモーフィズム）","プロ（演出多め）"
"UI-04710","スマートホーム・IoTのAndroidアプリUI（ダーク・シネマティック）","プロ（演出多め）"
"UI-04711","飲食店モバイルオーダーのiOSアプリUI（エネルギッシュ・スポーティ）","プロ（演出多め）"
"UI-04712","飲食店モバイルオーダーのキオスク・サイネージUI（ネオン・サイバー）","上級"
"UI-04713","AIアシスタント・チャットのスマートウォッチUI（クール・テック）","上級"
"UI-04714","タスク・プロジェクト管理のWebアプリ（SaaS）UI（ポップ・カラフル）","プロ（演出多め）"
"UI-04715","SNS・コミュニティの管理画面・ダッシュボードUI（ネオン・サイバー）","上級"
"UI-04716","マッチングのキオスク・サイネージUI（信頼・誠実（コーポレート））","プロ（演出多め）"
"UI-04717","ショッピングのiOSアプリUI（ミニマル・洗練）","プロ（演出多め）"
"UI-04718","飲食店モバイルオーダーの管理画面・ダッシュボードUI（クール・テック）","プロ（演出多め）"
"UI-04719","音楽・ポッドキャストの管理画面・ダッシュボードUI（グラスモーフィズム）","上級"
"UI-04720","アクセス解析・BIのスマートウォッチUI（ミニマル・洗練）","プロ（演出多め）"
"UI-04721","顧客管理（CRM）のタブレット / POSUI（ニューブルータリズム）","プロ（演出多め）"
"UI-04722","アクセス解析・BIのAndroidアプリUI（ナチュラル・オーガニック）","プロ（演出多め）"
"UI-04723","マッチングのAndroidアプリUI（クール・テック）","プロ（演出多め）"
"UI-04724","フードデリバリーのAndroidアプリUI（ポップ・カラフル）","上級"
"UI-04725","家計簿・資産管理のWebアプリ（SaaS）UI（レトロ・Y2K）","プロ（演出多め）"
"UI-04726","SNS・コミュニティのスマートウォッチUI（クール・テック）","上級"
"UI-04727","スマートホーム・IoTのタブレット / POSUI（クール・テック）","上級"
"UI-04728","音楽・ポッドキャストのキオスク・サイネージUI（パステル・ドリーミー）","プロ（演出多め）"
"UI-04729","音楽・ポッドキャストの管理画面・ダッシュボードUI（北欧・ライフスタイル）","上級"
"UI-04730","顧客管理（CRM）の管理画面・ダッシュボードUI（パステル・ドリーミー）","上級"
"UI-04731","フードデリバリーのキオスク・サイネージUI（ポップ・カラフル）","プロ（演出多め）"
"UI-04732","ショッピングのiOSアプリUI（クール・テック）","上級"
"UI-04733","予約（サロン/ホテル/病院）のスマートウォッチUI（ポップ・カラフル）","プロ（演出多め）"
"UI-04734","顧客管理（CRM）のタブレット / POSUI（ミニマル・洗練）","プロ（演出多め）"
"UI-04735","スマートホーム・IoTのWebアプリ（SaaS）UI（かわいい・ガーリー）","上級"
"UI-04736","ヘルスケア・フィットネス記録のAndroidアプリUI（グラスモーフィズム）","プロ（演出多め）"
"UI-04737","音楽・ポッドキャストのタブレット / POSUI（ニューブルータリズム）","プロ（演出多め）"
"UI-04738","学習・語学アプリのキオスク・サイネージUI（ニューブルータリズム）","上級"
"UI-04739","予約（サロン/ホテル/病院）のタブレット / POSUI（3D・クレイ）","プロ（演出多め）"
"UI-04740","タスク・プロジェクト管理のWebアプリ（SaaS）UI（信頼・誠実（コーポレート））","プロ（演出多め）"
"UI-04741","ショッピングのWebアプリ（SaaS）UI（ミニマル・洗練）","上級"
"UI-04742","マッチングのAndroidアプリUI（グラスモーフィズム）","上級"
"UI-04743","顧客管理（CRM）のスマートウォッチUI（ニューブルータリズム）","プロ（演出多め）"
"UI-04744","マッチングのWebアプリ（SaaS）UI（グラスモーフィズム）","上級"
"UI-04745","タスク・プロジェクト管理のAndroidアプリUI（ネオン・サイバー）","プロ（演出多め）"
"UI-04746","音楽・ポッドキャストのAndroidアプリUI（ポップ・カラフル）","プロ（演出多め）"
"UI-04747","スマートホーム・IoTのタブレット / POSUI（ポップ・カラフル）","プロ（演出多め）"
"UI-04748","飲食店モバイルオーダーのWebアプリ（SaaS）UI（パステル・ドリーミー）","プロ（演出多め）"
"UI-04749","スマートホーム・IoTのWebアプリ（SaaS）UI（北欧・ライフスタイル）","プロ（演出多め）"
"UI-04750","マッチングの管理画面・ダッシュボードUI（ネオン・サイバー）","上級"
"UI-04751","マッチングのスマートウォッチUI（ニューブルータリズム）","上級"
"UI-04752","スマートホーム・IoTのAndroidアプリUI（かわいい・ガーリー）","上級"
"UI-04753","学習・語学アプリのスマートウォッチUI（ハンドメイド・手書き）","プロ（演出多め）"
"UI-04754","予約（サロン/ホテル/病院）のキオスク・サイネージUI（レトロ・Y2K）","プロ（演出多め）"
"UI-04755","マッチングの管理画面・ダッシュボードUI（3D・クレイ）","プロ（演出多め）"
"UI-04756","AIアシスタント・チャットのAndroidアプリUI（エネルギッシュ・スポーティ）","上級"
"UI-04757","家計簿・資産管理のタブレット / POSUI（和モダン）","プロ（演出多め）"
"UI-04758","SNS・コミュニティのiOSアプリUI（ニューブルータリズム）","上級"
"UI-04759","ヘルスケア・フィットネス記録の管理画面・ダッシュボードUI（グラスモーフィズム）","上級"
"UI-04760","顧客管理（CRM）のiOSアプリUI（ニューブルータリズム）","上級"
"UI-04761","フードデリバリーのiOSアプリUI（ニューブルータリズム）","プロ（演出多め）"
"UI-04762","飲食店モバイルオーダーのキオスク・サイネージUI（クール・テック）","上級"
"UI-04763","音楽・ポッドキャストのタブレット / POSUI（ジオメトリック・グラフィカル）","プロ（演出多め）"
"UI-04764","家計簿・資産管理のiOSアプリUI（ミニマル・洗練）","プロ（演出多め）"
"UI-04765","AIアシスタント・チャットのスマートウォッチUI（ニューブルータリズム）","上級"
"UI-04766","顧客管理（CRM）のキオスク・サイネージUI（レトロ・Y2K）","プロ（演出多め）"
"UI-04767","タスク・プロジェクト管理の管理画面・ダッシュボードUI（クール・テック）","プロ（演出多め）"
"UI-04768","SNS・コミュニティのスマートウォッチUI（パステル・ドリーミー）","プロ（演出多め）"
"UI-04769","タスク・プロジェクト管理のタブレット / POSUI（信頼・誠実（コーポレート））","プロ（演出多め）"
"UI-04770","マッチングのWebアプリ（SaaS）UI（ネオン・サイバー）","上級"
"UI-04771","ヘルスケア・フィットネス記録の管理画面・ダッシュボードUI（グラスモーフィズム）","上級"
"UI-04772","タスク・プロジェクト管理のタブレット / POSUI（パステル・ドリーミー）","プロ（演出多め）"
"UI-04773","ヘルスケア・フィットネス記録のタブレット / POSUI（パステル・ドリーミー）","上級"
"UI-04774","SNS・コミュニティの管理画面・ダッシュボードUI（信頼・誠実（コーポレート））","上級"
"UI-04775","旅行・地図の管理画面・ダッシュボードUI（3D・クレイ）","プロ（演出多め）"
"UI-04776","旅行・地図のAndroidアプリUI（パステル・ドリーミー）","プロ（演出多め）"
"UI-04777","予約（サロン/ホテル/病院）のiOSアプリUI（信頼・誠実（コーポレート））","上級"
"UI-04778","音楽・ポッドキャストのAndroidアプリUI（3D・クレイ）","プロ（演出多め）"
"UI-04779","顧客管理（CRM）のAndroidアプリUI（3D・クレイ）","プロ（演出多め）"
"UI-04780","SNS・コミュニティのAndroidアプリUI（ポップ・カラフル）","プロ（演出多め）"
"UI-04781","学習・語学アプリのWebアプリ（SaaS）UI（北欧・ライフスタイル）","プロ（演出多め）"
"UI-04782","予約（サロン/ホテル/病院）のiOSアプリUI（パステル・ドリーミー）","プロ（演出多め）"
"UI-04783","マッチングのWebアプリ（SaaS）UI（ミニマル・洗練）","上級"
"UI-04784","ヘルスケア・フィットネス記録のタブレット / POSUI（ナチュラル・オーガニック）","プロ（演出多め）"
"UI-04785","タスク・プロジェクト管理のiOSアプリUI（ダーク・シネマティック）","上級"
"UI-04786","SNS・コミュニティのWebアプリ（SaaS）UI（信頼・誠実（コーポレート））","プロ（演出多め）"
"UI-04787","音楽・ポッドキャストのタブレット / POSUI（エディトリアル・雑誌風）","上級"
"UI-04788","ショッピングのAndroidアプリUI（ポップ・カラフル）","プロ（演出多め）"
"UI-04789","家計簿・資産管理のAndroidアプリUI（信頼・誠実（コーポレート））","プロ（演出多め）"
"UI-04790","家計簿・資産管理のキオスク・サイネージUI（ジオメトリック・グラフィカル）","プロ（演出多め）"
"UI-04791","学習・語学アプリの管理画面・ダッシュボードUI（ハンドメイド・手書き）","プロ（演出多め）"
"UI-04792","顧客管理（CRM）のWebアプリ（SaaS）UI（3D・クレイ）","プロ（演出多め）"
"UI-04793","飲食店モバイルオーダーのWebアプリ（SaaS）UI（パステル・ドリーミー）","プロ（演出多め）"
"UI-04794","飲食店モバイルオーダーのスマートウォッチUI（グラスモーフィズム）","プロ（演出多め）"
"UI-04795","フードデリバリーのiOSアプリUI（ニューブルータリズム）","プロ（演出多め）"
"UI-04796","音楽・ポッドキャストのiOSアプリUI（ナチュラル・オーガニック）","プロ（演出多め）"
"UI-04797","旅行・地図のAndroidアプリUI（レトロ・Y2K）","上級"
"UI-04798","SNS・コミュニティのAndroidアプリUI（クール・テック）","プロ（演出多め）"
"UI-04799","タスク・プロジェクト管理のWebアプリ（SaaS）UI（ポップ・カラフル）","プロ（演出多め）"
"UI-04800","フードデリバリーのiOSアプリUI（ネオン・サイバー）","プロ（演出多め）"
"UI-04801","旅行・地図のiOSアプリUI（ラグジュアリー・高級感）","プロ（演出多め）"
"UI-04802","家計簿・資産管理のキオスク・サイネージUI（かわいい・ガーリー）","上級"
"UI-04803","音楽・ポッドキャストのタブレット / POSUI（ハンドメイド・手書き）","プロ（演出多め）"
"UI-04804","顧客管理（CRM）のタブレット / POSUI（クール・テック）","プロ（演出多め）"
"UI-04805","ショッピングのスマートウォッチUI（ミニマル・洗練）","上級"
"UI-04806","マッチングの管理画面・ダッシュボードUI（パステル・ドリーミー）","上級"
"UI-04807","タスク・プロジェクト管理のAndroidアプリUI（グラスモーフィズム）","プロ（演出多め）"
"UI-04808","ショッピングのiOSアプリUI（ポップ・カラフル）","プロ（演出多め）"
"UI-04809","顧客管理（CRM）のスマートウォッチUI（クール・テック）","プロ（演出多め）"
"UI-04810","学習・語学アプリのキオスク・サイネージUI（ポップ・カラフル）","プロ（演出多め）"
"UI-04811","飲食店モバイルオーダーのAndroidアプリUI（信頼・誠実（コーポレート））","上級"
"UI-04812","スマートホーム・IoTのAndroidアプリUI（ニューブルータリズム）","プロ（演出多め）"
"UI-04813","音楽・ポッドキャストのiOSアプリUI（ミニマル・洗練）","上級"
"UI-04814","予約（サロン/ホテル/病院）のタブレット / POSUI（ミニマル・洗練）","プロ（演出多め）"
"UI-04815","旅行・地図のiOSアプリUI（ポップ・カラフル）","プロ（演出多め）"
"UI-04816","AIアシスタント・チャットの管理画面・ダッシュボードUI（3D・クレイ）","上級"
"UI-04817","スマートホーム・IoTのAndroidアプリUI（ポップ・カラフル）","プロ（演出多め）"
"UI-04818","マッチングの管理画面・ダッシュボードUI（パステル・ドリーミー）","プロ（演出多め）"
"UI-04819","SNS・コミュニティのスマートウォッチUI（ポップ・カラフル）","上級"
"UI-04820","飲食店モバイルオーダーのキオスク・サイネージUI（グラスモーフィズム）","プロ（演出多め）"
"UI-04821","旅行・地図の管理画面・ダッシュボードUI（パステル・ドリーミー）","プロ（演出多め）"
"UI-04822","ショッピングの管理画面・ダッシュボードUI（ミニマル・洗練）","プロ（演出多め）"
"UI-04823","タスク・プロジェクト管理のAndroidアプリUI（ポップ・カラフル）","プロ（演出多め）"
"UI-04824","旅行・地図のWebアプリ（SaaS）UI（パステル・ドリーミー）","上級"
"UI-04825","飲食店モバイルオーダーの管理画面・ダッシュボードUI（パステル・ドリーミー）","上級"
"UI-04826","顧客管理（CRM）のiOSアプリUI（レトロ・Y2K）","プロ（演出多め）"
"UI-04827","顧客管理（CRM）のキオスク・サイネージUI（ニューブルータリズム）","上級"
"UI-04828","スマートホーム・IoTのスマートウォッチUI（ネオン・サイバー）","プロ（演出多め）"
"UI-04829","飲食店モバイルオーダーのキオスク・サイネージUI（ジオメトリック・グラフィカル）","プロ（演出多め）"
"UI-04830","AIアシスタント・チャットの管理画面・ダッシュボードUI（グラスモーフィズム）","プロ（演出多め）"
"UI-04831","フードデリバリーのWebアプリ（SaaS）UI（ニューブルータリズム）","上級"
"UI-04832","音楽・ポッドキャストのキオスク・サイネージUI（ネオン・サイバー）","プロ（演出多め）"
"UI-04833","タスク・プロジェクト管理のタブレット / POSUI（ダーク・シネマティック）","プロ（演出多め）"
"UI-04834","AIアシスタント・チャットのiOSアプリUI（ジオメトリック・グラフィカル）","プロ（演出多め）"
"UI-04835","SNS・コミュニティの管理画面・ダッシュボードUI（北欧・ライフスタイル）","プロ（演出多め）"
"UI-04836","家計簿・資産管理のWebアプリ（SaaS）UI（パステル・ドリーミー）","プロ（演出多め）"
"UI-04837","飲食店モバイルオーダーのAndroidアプリUI（ミニマル・洗練）","プロ（演出多め）"
"UI-04838","AIアシスタント・チャットのタブレット / POSUI（かわいい・ガーリー）","プロ（演出多め）"
"UI-04839","アクセス解析・BIのWebアプリ（SaaS）UI（クール・テック）","上級"
"UI-04840","飲食店モバイルオーダーのiOSアプリUI（ニューブルータリズム）","プロ（演出多め）"
"UI-04841","タスク・プロジェクト管理のスマートウォッチUI（エネルギッシュ・スポーティ）","プロ（演出多め）"
"UI-04842","アクセス解析・BIのスマートウォッチUI（ハンドメイド・手書き）","上級"
"UI-04843","ヘルスケア・フィットネス記録のiOSアプリUI（ニューブルータリズム）","プロ（演出多め）"
"UI-04844","アクセス解析・BIのiOSアプリUI（ミニマル・洗練）","プロ（演出多め）"
"UI-04845","顧客管理（CRM）のスマートウォッチUI（3D・クレイ）","上級"
"UI-04846","AIアシスタント・チャットのAndroidアプリUI（ミニマル・洗練）","上級"
"UI-04847","旅行・地図のタブレット / POSUI（ニューブルータリズム）","上級"
"UI-04848","ヘルスケア・フィットネス記録のWebアプリ（SaaS）UI（ニューブルータリズム）","プロ（演出多め）"
"UI-04849","スマートホーム・IoTのスマートウォッチUI（ダーク・シネマティック）","上級"
"UI-04850","アクセス解析・BIの管理画面・ダッシュボードUI（パステル・ドリーミー）","プロ（演出多め）"
"UI-04851","SNS・コミュニティのWebアプリ（SaaS）UI（クール・テック）","プロ（演出多め）"
"UI-04852","AIアシスタント・チャットのAndroidアプリUI（クール・テック）","プロ（演出多め）"
"UI-04853","ショッピングのAndroidアプリUI（ネオン・サイバー）","プロ（演出多め）"
"UI-04854","AIアシスタント・チャットのスマートウォッチUI（信頼・誠実（コーポレート））","プロ（演出多め）"
"UI-04855","旅行・地図のAndroidアプリUI（ネオン・サイバー）","上級"
"UI-04856","飲食店モバイルオーダーのWebアプリ（SaaS）UI（グラスモーフィズム）","プロ（演出多め）"
"UI-04857","AIアシスタント・チャットのスマートウォッチUI（信頼・誠実（コーポレート））","プロ（演出多め）"
"UI-04858","学習・語学アプリのキオスク・サイネージUI（ジオメトリック・グラフィカル）","上級"
"UI-04859","飲食店モバイルオーダーのキオスク・サイネージUI（ネオン・サイバー）","上級"
"UI-04860","学習・語学アプリのAndroidアプリUI（信頼・誠実（コーポレート））","プロ（演出多め）"
"UI-04861","フードデリバリーのタブレット / POSUI（パステル・ドリーミー）","上級"
"UI-04862","音楽・ポッドキャストの管理画面・ダッシュボードUI（ミニマル・洗練）","プロ（演出多め）"
"UI-04863","SNS・コミュニティのAndroidアプリUI（ラグジュアリー・高級感）","プロ（演出多め）"
"UI-04864","ショッピングのタブレット / POSUI（ラグジュアリー・高級感）","上級"
"UI-04865","家計簿・資産管理の管理画面・ダッシュボードUI（ネオン・サイバー）","上級"
"UI-04866","スマートホーム・IoTのスマートウォッチUI（グラスモーフィズム）","プロ（演出多め）"
"UI-04867","飲食店モバイルオーダーのWebアプリ（SaaS）UI（3D・クレイ）","プロ（演出多め）"
"UI-04868","AIアシスタント・チャットのiOSアプリUI（ポップ・カラフル）","プロ（演出多め）"
"UI-04869","AIアシスタント・チャットのキオスク・サイネージUI（ポップ・カラフル）","プロ（演出多め）"
"UI-04870","旅行・地図のスマートウォッチUI（ナチュラル・オーガニック）","上級"
"UI-04871","マッチングのキオスク・サイネージUI（ポップ・カラフル）","上級"
"UI-04872","予約（サロン/ホテル/病院）の管理画面・ダッシュボードUI（クール・テック）","プロ（演出多め）"
"UI-04873","アクセス解析・BIのスマートウォッチUI（レトロ・Y2K）","プロ（演出多め）"
"UI-04874","旅行・地図のキオスク・サイネージUI（3D・クレイ）","上級"
"UI-04875","マッチングのタブレット / POSUI（信頼・誠実（コーポレート））","上級"
"UI-04876","音楽・ポッドキャストのiOSアプリUI（3D・クレイ）","プロ（演出多め）"
"UI-04877","学習・語学アプリのキオスク・サイネージUI（ミニマル・洗練）","プロ（演出多め）"
"UI-04878","旅行・地図の管理画面・ダッシュボードUI（信頼・誠実（コーポレート））","プロ（演出多め）"
"UI-04879","フードデリバリーのiOSアプリUI（ネオン・サイバー）","プロ（演出多め）"
"UI-04880","ショッピングのiOSアプリUI（ニューブルータリズム）","プロ（演出多め）"
"UI-04881","フードデリバリーのタブレット / POSUI（エネルギッシュ・スポーティ）","プロ（演出多め）"
"UI-04882","ショッピングのAndroidアプリUI（レトロ・Y2K）","プロ（演出多め）"
"UI-04883","アクセス解析・BIの管理画面・ダッシュボードUI（パステル・ドリーミー）","プロ（演出多め）"
"UI-04884","飲食店モバイルオーダーのAndroidアプリUI（ミニマル・洗練）","プロ（演出多め）"
"UI-04885","家計簿・資産管理の管理画面・ダッシュボードUI（北欧・ライフスタイル）","上級"
"UI-04886","ショッピングのAndroidアプリUI（ニューブルータリズム）","プロ（演出多め）"
"UI-04887","顧客管理（CRM）の管理画面・ダッシュボードUI（ポップ・カラフル）","プロ（演出多め）"
"UI-04888","タスク・プロジェクト管理のAndroidアプリUI（エネルギッシュ・スポーティ）","プロ（演出多め）"
"UI-04889","旅行・地図のスマートウォッチUI（パステル・ドリーミー）","プロ（演出多め）"
"UI-04890","タスク・プロジェクト管理の管理画面・ダッシュボードUI（ポップ・カラフル）","プロ（演出多め）"
"UI-04891","音楽・ポッドキャストのスマートウォッチUI（信頼・誠実（コーポレート））","プロ（演出多め）"
"UI-04892","飲食店モバイルオーダーのキオスク・サイネージUI（ジオメトリック・グラフィカル）","プロ（演出多め）"
"UI-04893","予約（サロン/ホテル/病院）のキオスク・サイネージUI（信頼・誠実（コーポレート））","プロ（演出多め）"
"UI-04894","SNS・コミュニティのiOSアプリUI（ネオン・サイバー）","プロ（演出多め）"
"UI-04895","フードデリバリーのiOSアプリUI（クール・テック）","プロ（演出多め）"
"UI-04896","顧客管理（CRM）のWebアプリ（SaaS）UI（ポップ・カラフル）","プロ（演出多め）"
"UI-04897","ヘルスケア・フィットネス記録のキオスク・サイネージUI（ミニマル・洗練）","プロ（演出多め）"
"UI-04898","顧客管理（CRM）のiOSアプリUI（ハンドメイド・手書き）","プロ（演出多め）"
"UI-04899","AIアシスタント・チャットのスマートウォッチUI（パステル・ドリーミー）","プロ（演出多め）"
"UI-04900","タスク・プロジェクト管理のタブレット / POSUI（ミニマル・洗練）","プロ（演出多め）"
"UI-04901","SNS・コミュニティの管理画面・ダッシュボードUI（信頼・誠実（コーポレート））","上級"
"UI-04902","家計簿・資産管理のスマートウォッチUI（かわいい・ガーリー）","プロ（演出多め）"
"UI-04903","マッチングのキオスク・サイネージUI（クール・テック）","プロ（演出多め）"
"UI-04904","家計簿・資産管理のキオスク・サイネージUI（ミニマル・洗練）","上級"
"UI-04905","フードデリバリーのキオスク・サイネージUI（ミニマル・洗練）","プロ（演出多め）"
"UI-04906","AIアシスタント・チャットのタブレット / POSUI（パステル・ドリーミー）","プロ（演出多め）"
"UI-04907","飲食店モバイルオーダーのキオスク・サイネージUI（ハンドメイド・手書き）","プロ（演出多め）"
"UI-04908","飲食店モバイルオーダーのスマートウォッチUI（ダーク・シネマティック）","プロ（演出多め）"
"UI-04909","ヘルスケア・フィットネス記録のキオスク・サイネージUI（クール・テック）","プロ（演出多め）"
"UI-04910","フードデリバリーのスマートウォッチUI（グラスモーフィズム）","プロ（演出多め）"
"UI-04911","飲食店モバイルオーダーのWebアプリ（SaaS）UI（ダーク・シネマティック）","プロ（演出多め）"
"UI-04912","アクセス解析・BIのスマートウォッチUI（信頼・誠実（コーポレート））","プロ（演出多め）"
"UI-04913","音楽・ポッドキャストのスマートウォッチUI（信頼・誠実（コーポレート））","プロ（演出多め）"
"UI-04914","旅行・地図のiOSアプリUI（パステル・ドリーミー）","上級"
"UI-04915","スマートホーム・IoTのタブレット / POSUI（3D・クレイ）","プロ（演出多め）"
"UI-04916","スマートホーム・IoTのiOSアプリUI（ナチュラル・オーガニック）","プロ（演出多め）"
"UI-04917","タスク・プロジェクト管理の管理画面・ダッシュボードUI（グラスモーフィズム）","プロ（演出多め）"
"UI-04918","アクセス解析・BIのAndroidアプリUI（ポップ・カラフル）","上級"
"UI-04919","学習・語学アプリのタブレット / POSUI（ミニマル・洗練）","プロ（演出多め）"
"UI-04920","アクセス解析・BIのスマートウォッチUI（クール・テック）","プロ（演出多め）"
"UI-04921","学習・語学アプリのWebアプリ（SaaS）UI（3D・クレイ）","上級"
"UI-04922","音楽・ポッドキャストのiOSアプリUI（グラスモーフィズム）","プロ（演出多め）"
"UI-04923","AIアシスタント・チャットのWebアプリ（SaaS）UI（ポップ・カラフル）","プロ（演出多め）"
"UI-04924","ヘルスケア・フィットネス記録のiOSアプリUI（3D・クレイ）","上級"
"UI-04925","タスク・プロジェクト管理のiOSアプリUI（ネオン・サイバー）","プロ（演出多め）"
"UI-04926","顧客管理（CRM）のAndroidアプリUI（信頼・誠実（コーポレート））","プロ（演出多め）"
"UI-04927","フードデリバリーのキオスク・サイネージUI（信頼・誠実（コーポレート））","プロ（演出多め）"
"UI-04928","顧客管理（CRM）のスマートウォッチUI（3D・クレイ）","プロ（演出多め）"
"UI-04929","ヘルスケア・フィットネス記録のタブレット / POSUI（ネオン・サイバー）","プロ（演出多め）"
"UI-04930","顧客管理（CRM）のタブレット / POSUI（グラスモーフィズム）","プロ（演出多め）"
"UI-04931","顧客管理（CRM）のAndroidアプリUI（ニューブルータリズム）","上級"
"UI-04932","ショッピングのiOSアプリUI（ネオン・サイバー）","プロ（演出多め）"
"UI-04933","飲食店モバイルオーダーのキオスク・サイネージUI（グラスモーフィズム）","プロ（演出多め）"
"UI-04934","学習・語学アプリのキオスク・サイネージUI（クール・テック）","プロ（演出多め）"
"UI-04935","スマートホーム・IoTのiOSアプリUI（ポップ・カラフル）","プロ（演出多め）"
"UI-04936","ヘルスケア・フィットネス記録のiOSアプリUI（ネオン・サイバー）","プロ（演出多め）"
"UI-04937","マッチングのiOSアプリUI（ネオン・サイバー）","上級"
"UI-04938","フードデリバリーの管理画面・ダッシュボードUI（ミニマル・洗練）","プロ（演出多め）"
"UI-04939","マッチングのiOSアプリUI（和モダン）","上級"
"UI-04940","ヘルスケア・フィットネス記録のiOSアプリUI（3D・クレイ）","プロ（演出多め）"
"UI-04941","旅行・地図のWebアプリ（SaaS）UI（クール・テック）","プロ（演出多め）"
"UI-04942","ショッピングのWebアプリ（SaaS）UI（ハンドメイド・手書き）","上級"
"UI-04943","AIアシスタント・チャットのタブレット / POSUI（ジオメトリック・グラフィカル）","上級"
"UI-04944","スマートホーム・IoTのAndroidアプリUI（ダーク・シネマティック）","上級"
"UI-04945","予約（サロン/ホテル/病院）のiOSアプリUI（ジオメトリック・グラフィカル）","上級"
"UI-04946","タスク・プロジェクト管理のスマートウォッチUI（ミニマル・洗練）","プロ（演出多め）"
"UI-04947","ショッピングのWebアプリ（SaaS）UI（ニューブルータリズム）","プロ（演出多め）"
"UI-04948","旅行・地図のキオスク・サイネージUI（信頼・誠実（コーポレート））","上級"
"UI-04949","家計簿・資産管理のWebアプリ（SaaS）UI（3D・クレイ）","上級"
"UI-04950","顧客管理（CRM）のキオスク・サイネージUI（ポップ・カラフル）","プロ（演出多め）"
"UI-04951","音楽・ポッドキャストのキオスク・サイネージUI（信頼・誠実（コーポレート））","プロ（演出多め）"
"UI-04952","SNS・コミュニティのキオスク・サイネージUI（パステル・ドリーミー）","プロ（演出多め）"
"UI-04953","アクセス解析・BIの管理画面・ダッシュボードUI（ミニマル・洗練）","上級"
"UI-04954","飲食店モバイルオーダーのAndroidアプリUI（グラスモーフィズム）","プロ（演出多め）"
"UI-04955","音楽・ポッドキャストのiOSアプリUI（パステル・ドリーミー）","上級"
"UI-04956","ヘルスケア・フィットネス記録のiOSアプリUI（3D・クレイ）","上級"
"UI-04957","マッチングのiOSアプリUI（ポップ・カラフル）","プロ（演出多め）"
"UI-04958","AIアシスタント・チャットの管理画面・ダッシュボードUI（ポップ・カラフル）","プロ（演出多め）"
"UI-04959","飲食店モバイルオーダーの管理画面・ダッシュボードUI（ネオン・サイバー）","プロ（演出多め）"
"UI-04960","ショッピングのキオスク・サイネージUI（ポップ・カラフル）","上級"
"UI-04961","ヘルスケア・フィットネス記録のキオスク・サイネージUI（クール・テック）","上級"
"UI-04962","スマートホーム・IoTのキオスク・サイネージUI（ミニマル・洗練）","プロ（演出多め）"
"UI-04963","学習・語学アプリのWebアプリ（SaaS）UI（ネオン・サイバー）","上級"
"UI-04964","ショッピングのスマートウォッチUI（グラスモーフィズム）","上級"
"UI-04965","スマートホーム・IoTのキオスク・サイネージUI（エディトリアル・雑誌風）","プロ（演出多め）"
"UI-04966","マッチングのキオスク・サイネージUI（ナチュラル・オーガニック）","プロ（演出多め）"
"UI-04967","飲食店モバイルオーダーのiOSアプリUI（3D・クレイ）","上級"
"UI-04968","スマートホーム・IoTのAndroidアプリUI（信頼・誠実（コーポレート））","上級"
"UI-04969","音楽・ポッドキャストのiOSアプリUI（クール・テック）","プロ（演出多め）"
"UI-04970","顧客管理（CRM）の管理画面・ダッシュボードUI（ナチュラル・オーガニック）","プロ（演出多め）"
"UI-04971","旅行・地図のWebアプリ（SaaS）UI（パステル・ドリーミー）","プロ（演出多め）"
"UI-04972","フードデリバリーのスマートウォッチUI（クール・テック）","プロ（演出多め）"
"UI-04973","AIアシスタント・チャットのタブレット / POSUI（ミニマル・洗練）","上級"
"UI-04974","学習・語学アプリのiOSアプリUI（エネルギッシュ・スポーティ）","上級"
"UI-04975","ヘルスケア・フィットネス記録のスマートウォッチUI（クール・テック）","上級"
"UI-04976","ショッピングのキオスク・サイネージUI（ポップ・カラフル）","プロ（演出多め）"
"UI-04977","家計簿・資産管理のAndroidアプリUI（パステル・ドリーミー）","プロ（演出多め）"
"UI-04978","予約（サロン/ホテル/病院）のAndroidアプリUI（ポップ・カラフル）","プロ（演出多め）"
"UI-04979","学習・語学アプリのiOSアプリUI（3D・クレイ）","上級"
"UI-04980","タスク・プロジェクト管理のキオスク・サイネージUI（パステル・ドリーミー）","プロ（演出多め）"
"UI-04981","マッチングのAndroidアプリUI（ニューブルータリズム）","上級"
"UI-04982","スマートホーム・IoTのタブレット / POSUI（3D・クレイ）","プロ（演出多め）"
"UI-04983","家計簿・資産管理の管理画面・ダッシュボードUI（ポップ・カラフル）","プロ（演出多め）"
"UI-04984","顧客管理（CRM）のAndroidアプリUI（ネオン・サイバー）","上級"
"UI-04985","音楽・ポッドキャストのキオスク・サイネージUI（クール・テック）","プロ（演出多め）"
"UI-04986","旅行・地図のWebアプリ（SaaS）UI（ミニマル・洗練）","プロ（演出多め）"
"UI-04987","飲食店モバイルオーダーのスマートウォッチUI（クール・テック）","プロ（演出多め）"
"UI-04988","AIアシスタント・チャットのタブレット / POSUI（クール・テック）","プロ（演出多め）"
"UI-04989","家計簿・資産管理のWebアプリ（SaaS）UI（パステル・ドリーミー）","上級"
"UI-04990","飲食店モバイルオーダーのスマートウォッチUI（ニューブルータリズム）","上級"
"UI-04991","スマートホーム・IoTのスマートウォッチUI（グラスモーフィズム）","上級"
"UI-04992","タスク・プロジェクト管理の管理画面・ダッシュボードUI（ラグジュアリー・高級感）","プロ（演出多め）"
"UI-04993","タスク・プロジェクト管理のキオスク・サイネージUI（グラスモーフィズム）","上級"
"UI-04994","フードデリバリーのWebアプリ（SaaS）UI（和モダン）","上級"
"UI-04995","フードデリバリーのスマートウォッチUI（グラスモーフィズム）","プロ（演出多め）"
"UI-04996","予約（サロン/ホテル/病院）のiOSアプリUI（パステル・ドリーミー）","プロ（演出多め）"
"UI-04997","SNS・コミュニティの管理画面・ダッシュボードUI（信頼・誠実（コーポレート））","プロ（演出多め）"
"UI-04998","ショッピングのWebアプリ（SaaS）UI（グラスモーフィズム）","プロ（演出多め）"
"UI-04999","SNS・コミュニティのキオスク・サイネージUI（信頼・誠実（コーポレート））","上級"
"UI-05000","マッチングのiOSアプリUI（ミニマル・洗練）","上級"
"UI-05001","予約（サロン/ホテル/病院）のAndroidアプリUI（信頼・誠実（コーポレート））","プロ（演出多め）"
"UI-05002","飲食店モバイルオーダーの管理画面・ダッシュボードUI（パステル・ドリーミー）","プロ（演出多め）"
"UI-05003","音楽・ポッドキャストのAndroidアプリUI（エネルギッシュ・スポーティ）","プロ（演出多め）"
"UI-05004","学習・語学アプリのiOSアプリUI（北欧・ライフスタイル）","プロ（演出多め）"
"UI-05005","顧客管理（CRM）のWebアプリ（SaaS）UI（クール・テック）","上級"
"UI-05006","SNS・コミュニティの管理画面・ダッシュボードUI（信頼・誠実（コーポレート））","プロ（演出多め）"
"UI-05007","SNS・コミュニティのタブレット / POSUI（ポップ・カラフル）","上級"
"UI-05008","ヘルスケア・フィットネス記録のWebアプリ（SaaS）UI（クール・テック）","プロ（演出多め）"
"UI-05009","飲食店モバイルオーダーのAndroidアプリUI（ネオン・サイバー）","上級"
"UI-05010","SNS・コミュニティのiOSアプリUI（エネルギッシュ・スポーティ）","プロ（演出多め）"
"UI-05011","フードデリバリーのiOSアプリUI（ダーク・シネマティック）","プロ（演出多め）"
"UI-05012","ショッピングのタブレット / POSUI（グラスモーフィズム）","上級"
"UI-05013","音楽・ポッドキャストのWebアプリ（SaaS）UI（かわいい・ガーリー）","プロ（演出多め）"
"UI-05014","予約（サロン/ホテル/病院）のAndroidアプリUI（ポップ・カラフル）","プロ（演出多め）"
"UI-05015","家計簿・資産管理のAndroidアプリUI（3D・クレイ）","プロ（演出多め）"
"UI-05016","AIアシスタント・チャットのAndroidアプリUI（ミニマル・洗練）","プロ（演出多め）"
"UI-05017","学習・語学アプリのタブレット / POSUI（ミニマル・洗練）","上級"
"UI-05018","ショッピングのタブレット / POSUI（和モダン）","プロ（演出多め）"
"UI-05019","予約（サロン/ホテル/病院）のスマートウォッチUI（クール・テック）","プロ（演出多め）"
"UI-05020","音楽・ポッドキャストのスマートウォッチUI（3D・クレイ）","プロ（演出多め）"
"UI-05021","飲食店モバイルオーダーのタブレット / POSUI（3D・クレイ）","プロ（演出多め）"
"UI-05022","SNS・コミュニティのWebアプリ（SaaS）UI（3D・クレイ）","プロ（演出多め）"
"UI-05023","家計簿・資産管理のキオスク・サイネージUI（クール・テック）","プロ（演出多め）"
"UI-05024","SNS・コミュニティのAndroidアプリUI（ポップ・カラフル）","プロ（演出多め）"
"UI-05025","SNS・コミュニティのスマートウォッチUI（ニューブルータリズム）","プロ（演出多め）"
"UI-05026","音楽・ポッドキャストのiOSアプリUI（ポップ・カラフル）","プロ（演出多め）"
"UI-05027","スマートホーム・IoTのiOSアプリUI（ポップ・カラフル）","上級"
"UI-05028","AIアシスタント・チャットのタブレット / POSUI（パステル・ドリーミー）","プロ（演出多め）"
"UI-05029","飲食店モバイルオーダーの管理画面・ダッシュボードUI（ニューブルータリズム）","上級"
"UI-05030","顧客管理（CRM）の管理画面・ダッシュボードUI（信頼・誠実（コーポレート））","プロ（演出多め）"
"UI-05031","AIアシスタント・チャットのWebアプリ（SaaS）UI（3D・クレイ）","上級"
"UI-05032","スマートホーム・IoTのAndroidアプリUI（ポップ・カラフル）","上級"
"UI-05033","顧客管理（CRM）のスマートウォッチUI（かわいい・ガーリー）","プロ（演出多め）"
"UI-05034","アクセス解析・BIのWebアプリ（SaaS）UI（グラスモーフィズム）","プロ（演出多め）"
"UI-05035","アクセス解析・BIのiOSアプリUI（ポップ・カラフル）","プロ（演出多め）"
"UI-05036","AIアシスタント・チャットのタブレット / POSUI（ミニマル・洗練）","プロ（演出多め）"
"UI-05037","フードデリバリーのAndroidアプリUI（ナチュラル・オーガニック）","プロ（演出多め）"
"UI-05038","飲食店モバイルオーダーのスマートウォッチUI（ポップ・カラフル）","プロ（演出多め）"
"UI-05039","旅行・地図のキオスク・サイネージUI（ミニマル・洗練）","プロ（演出多め）"
"UI-05040","アクセス解析・BIのタブレット / POSUI（クール・テック）","プロ（演出多め）"
"UI-05041","学習・語学アプリのキオスク・サイネージUI（パステル・ドリーミー）","プロ（演出多め）"
"UI-05042","顧客管理（CRM）のキオスク・サイネージUI（ポップ・カラフル）","プロ（演出多め）"
"UI-05043","スマートホーム・IoTのスマートウォッチUI（ミニマル・洗練）","プロ（演出多め）"
"UI-05044","ショッピングのキオスク・サイネージUI（3D・クレイ）","プロ（演出多め）"
"UI-05045","スマートホーム・IoTのWebアプリ（SaaS）UI（3D・クレイ）","プロ（演出多め）"
"UI-05046","旅行・地図のスマートウォッチUI（ミニマル・洗練）","上級"
"UI-05047","スマートホーム・IoTのWebアプリ（SaaS）UI（信頼・誠実（コーポレート））","プロ（演出多め）"
"UI-05048","アクセス解析・BIのiOSアプリUI（パステル・ドリーミー）","プロ（演出多め）"
"UI-05049","予約（サロン/ホテル/病院）のAndroidアプリUI（ラグジュアリー・高級感）","プロ（演出多め）"
"UI-05050","マッチングの管理画面・ダッシュボードUI（信頼・誠実（コーポレート））","プロ（演出多め）"
"UI-05051","フードデリバリーのAndroidアプリUI（パステル・ドリーミー）","プロ（演出多め）"
"UI-05052","スマートホーム・IoTのAndroidアプリUI（クール・テック）","上級"
"UI-05053","ショッピングのAndroidアプリUI（クール・テック）","プロ（演出多め）"
"UI-05054","家計簿・資産管理のiOSアプリUI（ポップ・カラフル）","上級"
"UI-05055","ショッピングのWebアプリ（SaaS）UI（パステル・ドリーミー）","プロ（演出多め）"
"UI-05056","音楽・ポッドキャストのiOSアプリUI（グラスモーフィズム）","プロ（演出多め）"
"UI-05057","音楽・ポッドキャストの管理画面・ダッシュボードUI（グラスモーフィズム）","プロ（演出多め）"
"UI-05058","旅行・地図のスマートウォッチUI（グラスモーフィズム）","プロ（演出多め）"
"UI-05059","タスク・プロジェクト管理のスマートウォッチUI（和モダン）","プロ（演出多め）"
"UI-05060","予約（サロン/ホテル/病院）のスマートウォッチUI（和モダン）","上級"
"UI-05061","フードデリバリーのiOSアプリUI（ニューブルータリズム）","プロ（演出多め）"
"UI-05062","家計簿・資産管理のタブレット / POSUI（グラスモーフィズム）","上級"
"UI-05063","タスク・プロジェクト管理のWebアプリ（SaaS）UI（ニューブルータリズム）","プロ（演出多め）"
"UI-05064","学習・語学アプリのタブレット / POSUI（ネオン・サイバー）","上級"
"UI-05065","音楽・ポッドキャストのiOSアプリUI（パステル・ドリーミー）","プロ（演出多め）"
"UI-05066","旅行・地図の管理画面・ダッシュボードUI（ネオン・サイバー）","プロ（演出多め）"
"UI-05067","SNS・コミュニティのAndroidアプリUI（信頼・誠実（コーポレート））","プロ（演出多め）"
"UI-05068","アクセス解析・BIの管理画面・ダッシュボードUI（和モダン）","プロ（演出多め）"
"UI-05069","家計簿・資産管理のAndroidアプリUI（ジオメトリック・グラフィカル）","プロ（演出多め）"
"UI-05070","ヘルスケア・フィットネス記録のiOSアプリUI（ニューブルータリズム）","上級"
"UI-05071","ヘルスケア・フィットネス記録のAndroidアプリUI（グラスモーフィズム）","プロ（演出多め）"
"UI-05072","家計簿・資産管理のタブレット / POSUI（レトロ・Y2K）","プロ（演出多め）"
"UI-05073","ヘルスケア・フィットネス記録の管理画面・ダッシュボードUI（ナチュラル・オーガニック）","プロ（演出多め）"
"UI-05074","アクセス解析・BIのAndroidアプリUI（信頼・誠実（コーポレート））","上級"
"UI-05075","フードデリバリーの管理画面・ダッシュボードUI（ニューブルータリズム）","プロ（演出多め）"
"UI-05076","顧客管理（CRM）のタブレット / POSUI（ニューブルータリズム）","上級"
"UI-05077","飲食店モバイルオーダーの管理画面・ダッシュボードUI（ミニマル・洗練）","上級"
"UI-05078","タスク・プロジェクト管理のiOSアプリUI（パステル・ドリーミー）","上級"
"UI-05079","予約（サロン/ホテル/病院）のスマートウォッチUI（ニューブルータリズム）","プロ（演出多め）"
"UI-05080","ショッピングのWebアプリ（SaaS）UI（3D・クレイ）","プロ（演出多め）"
"UI-05081","マッチングのiOSアプリUI（信頼・誠実（コーポレート））","プロ（演出多め）"
"UI-05082","マッチングのAndroidアプリUI（かわいい・ガーリー）","プロ（演出多め）"
"UI-05083","SNS・コミュニティのタブレット / POSUI（グラスモーフィズム）","プロ（演出多め）"
"UI-05084","予約（サロン/ホテル/病院）のAndroidアプリUI（ニューブルータリズム）","プロ（演出多め）"
"UI-05085","予約（サロン/ホテル/病院）のキオスク・サイネージUI（ポップ・カラフル）","上級"
"UI-05086","SNS・コミュニティのWebアプリ（SaaS）UI（3D・クレイ）","プロ（演出多め）"
"UI-05087","学習・語学アプリのAndroidアプリUI（パステル・ドリーミー）","プロ（演出多め）"
"UI-05088","タスク・プロジェクト管理のWebアプリ（SaaS）UI（ポップ・カラフル）","プロ（演出多め）"
"UI-05089","スマートホーム・IoTのタブレット / POSUI（ダーク・シネマティック）","上級"
"UI-05090","AIアシスタント・チャットのタブレット / POSUI（クール・テック）","プロ（演出多め）"
"UI-05091","飲食店モバイルオーダーのAndroidアプリUI（北欧・ライフスタイル）","プロ（演出多め）"
"UI-05092","顧客管理（CRM）のWebアプリ（SaaS）UI（信頼・誠実（コーポレート））","プロ（演出多め）"
"UI-05093","ショッピングの管理画面・ダッシュボードUI（ネオン・サイバー）","プロ（演出多め）"
"UI-05094","マッチングのAndroidアプリUI（ミニマル・洗練）","プロ（演出多め）"
"UI-05095","タスク・プロジェクト管理のスマートウォッチUI（パステル・ドリーミー）","プロ（演出多め）"
"UI-05096","顧客管理（CRM）のAndroidアプリUI（ハンドメイド・手書き）","プロ（演出多め）"
"UI-05097","アクセス解析・BIのタブレット / POSUI（ハンドメイド・手書き）","上級"
"UI-05098","マッチングのスマートウォッチUI（信頼・誠実（コーポレート））","プロ（演出多め）"
"UI-05099","フードデリバリーのキオスク・サイネージUI（3D・クレイ）","プロ（演出多め）"
"UI-05100","タスク・プロジェクト管理のAndroidアプリUI（エディトリアル・雑誌風）","プロ（演出多め）"
"UI-05101","アクセス解析・BIのAndroidアプリUI（パステル・ドリーミー）","プロ（演出多め）"
"UI-05102","顧客管理（CRM）のiOSアプリUI（クール・テック）","プロ（演出多め）"
"UI-05103","旅行・地図のキオスク・サイネージUI（パステル・ドリーミー）","プロ（演出多め）"
"UI-05104","学習・語学アプリのWebアプリ（SaaS）UI（北欧・ライフスタイル）","上級"
"UI-05105","AIアシスタント・チャットのキオスク・サイネージUI（グラスモーフィズム）","プロ（演出多め）"
"UI-05106","タスク・プロジェクト管理のiOSアプリUI（ラグジュアリー・高級感）","上級"
"UI-05107","スマートホーム・IoTのキオスク・サイネージUI（グラスモーフィズム）","プロ（演出多め）"
"UI-05108","フードデリバリーのスマートウォッチUI（ミニマル・洗練）","プロ（演出多め）"
"UI-05109","ヘルスケア・フィットネス記録のWebアプリ（SaaS）UI（ポップ・カラフル）","プロ（演出多め）"
"UI-05110","アクセス解析・BIのスマートウォッチUI（エネルギッシュ・スポーティ）","上級"
"UI-05111","マッチングのスマートウォッチUI（ニューブルータリズム）","プロ（演出多め）"
"UI-05112","家計簿・資産管理のスマートウォッチUI（信頼・誠実（コーポレート））","上級"
"UI-05113","ヘルスケア・フィットネス記録のタブレット / POSUI（ポップ・カラフル）","プロ（演出多め）"
"UI-05114","顧客管理（CRM）のAndroidアプリUI（ニューブルータリズム）","プロ（演出多め）"
"UI-05115","学習・語学アプリのタブレット / POSUI（ジオメトリック・グラフィカル）","プロ（演出多め）"
"UI-05116","ヘルスケア・フィットネス記録のAndroidアプリUI（パステル・ドリーミー）","プロ（演出多め）"
"UI-05117","マッチングの管理画面・ダッシュボードUI（3D・クレイ）","プロ（演出多め）"
"UI-05118","タスク・プロジェクト管理のスマートウォッチUI（ミニマル・洗練）","上級"
"UI-05119","予約（サロン/ホテル/病院）のキオスク・サイネージUI（3D・クレイ）","上級"
"UI-05120","スマートホーム・IoTのWebアプリ（SaaS）UI（ミニマル・洗練）","プロ（演出多め）"
"UI-05121","タスク・プロジェクト管理のWebアプリ（SaaS）UI（ダーク・シネマティック）","プロ（演出多め）"
"UI-05122","音楽・ポッドキャストのキオスク・サイネージUI（ポップ・カラフル）","プロ（演出多め）"
"UI-05123","タスク・プロジェクト管理の管理画面・ダッシュボードUI（信頼・誠実（コーポレート））","プロ（演出多め）"
"UI-05124","飲食店モバイルオーダーのiOSアプリUI（ポップ・カラフル）","プロ（演出多め）"
"UI-05125","ショッピングのキオスク・サイネージUI（3D・クレイ）","プロ（演出多め）"
"UI-05126","フードデリバリーのAndroidアプリUI（グラスモーフィズム）","プロ（演出多め）"
"UI-05127","フードデリバリーの管理画面・ダッシュボードUI（信頼・誠実（コーポレート））","プロ（演出多め）"
"UI-05128","AIアシスタント・チャットのAndroidアプリUI（ミニマル・洗練）","プロ（演出多め）"
"UI-05129","ヘルスケア・フィットネス記録のキオスク・サイネージUI（ポップ・カラフル）","上級"
"UI-05130","AIアシスタント・チャットのキオスク・サイネージUI（ネオン・サイバー）","上級"
"UI-05131","予約（サロン/ホテル/病院）の管理画面・ダッシュボードUI（パステル・ドリーミー）","上級"
"UI-05132","SNS・コミュニティのiOSアプリUI（レトロ・Y2K）","プロ（演出多め）"
"UI-05133","家計簿・資産管理のAndroidアプリUI（信頼・誠実（コーポレート））","上級"
"UI-05134","飲食店モバイルオーダーのキオスク・サイネージUI（信頼・誠実（コーポレート））","プロ（演出多め）"
"UI-05135","ショッピングのタブレット / POSUI（ミニマル・洗練）","プロ（演出多め）"
"UI-05136","予約（サロン/ホテル/病院）のキオスク・サイネージUI（3D・クレイ）","プロ（演出多め）"
"UI-05137","顧客管理（CRM）のiOSアプリUI（クール・テック）","プロ（演出多め）"
"UI-05138","ショッピングのWebアプリ（SaaS）UI（ポップ・カラフル）","上級"
"UI-05139","学習・語学アプリのスマートウォッチUI（レトロ・Y2K）","プロ（演出多め）"
"UI-05140","マッチングのWebアプリ（SaaS）UI（ナチュラル・オーガニック）","上級"
"UI-05141","家計簿・資産管理のWebアプリ（SaaS）UI（パステル・ドリーミー）","プロ（演出多め）"
"UI-05142","飲食店モバイルオーダーのタブレット / POSUI（信頼・誠実（コーポレート））","上級"
"UI-05143","AIアシスタント・チャットのiOSアプリUI（ニューブルータリズム）","プロ（演出多め）"
"UI-05144","顧客管理（CRM）のiOSアプリUI（信頼・誠実（コーポレート））","上級"
"UI-05145","スマートホーム・IoTのAndroidアプリUI（かわいい・ガーリー）","プロ（演出多め）"
"UI-05146","顧客管理（CRM）のキオスク・サイネージUI（パステル・ドリーミー）","プロ（演出多め）"
"UI-05147","旅行・地図のキオスク・サイネージUI（ジオメトリック・グラフィカル）","プロ（演出多め）"
"UI-05148","旅行・地図のAndroidアプリUI（ネオン・サイバー）","プロ（演出多め）"
"UI-05149","AIアシスタント・チャットのWebアプリ（SaaS）UI（パステル・ドリーミー）","プロ（演出多め）"
"UI-05150","飲食店モバイルオーダーのAndroidアプリUI（グラスモーフィズム）","上級"
"UI-05151","旅行・地図のタブレット / POSUI（パステル・ドリーミー）","プロ（演出多め）"
"UI-05152","家計簿・資産管理のタブレット / POSUI（ネオン・サイバー）","上級"
"UI-05153","スマートホーム・IoTのスマートウォッチUI（ニューブルータリズム）","プロ（演出多め）"
"UI-05154","予約（サロン/ホテル/病院）のスマートウォッチUI（ナチュラル・オーガニック）","プロ（演出多め）"
"UI-05155","ショッピングのタブレット / POSUI（ミニマル・洗練）","プロ（演出多め）"
"UI-05156","タスク・プロジェクト管理のスマートウォッチUI（北欧・ライフスタイル）","上級"
"UI-05157","飲食店モバイルオーダーのスマートウォッチUI（パステル・ドリーミー）","プロ（演出多め）"
"UI-05158","学習・語学アプリのスマートウォッチUI（パステル・ドリーミー）","上級"
"UI-05159","ショッピングのキオスク・サイネージUI（ダーク・シネマティック）","プロ（演出多め）"
"UI-05160","SNS・コミュニティのWebアプリ（SaaS）UI（信頼・誠実（コーポレート））","プロ（演出多め）"
"UI-05161","学習・語学アプリのタブレット / POSUI（ミニマル・洗練）","プロ（演出多め）"
"UI-05162","音楽・ポッドキャストのスマートウォッチUI（ナチュラル・オーガニック）","プロ（演出多め）"
"UI-05163","ショッピングのスマートウォッチUI（ネオン・サイバー）","上級"
"UI-05164","スマートホーム・IoTのキオスク・サイネージUI（信頼・誠実（コーポレート））","プロ（演出多め）"
"UI-05165","顧客管理（CRM）のWebアプリ（SaaS）UI（信頼・誠実（コーポレート））","プロ（演出多め）"
"UI-05166","音楽・ポッドキャストのキオスク・サイネージUI（3D・クレイ）","プロ（演出多め）"
"UI-05167","スマートホーム・IoTのiOSアプリUI（ハンドメイド・手書き）","上級"
"UI-05168","フードデリバリーのAndroidアプリUI（ニューブルータリズム）","上級"
"UI-05169","家計簿・資産管理のスマートウォッチUI（信頼・誠実（コーポレート））","上級"
"UI-05170","アクセス解析・BIのWebアプリ（SaaS）UI（クール・テック）","プロ（演出多め）"
"UI-05171","マッチングのiOSアプリUI（ニューブルータリズム）","プロ（演出多め）"
"UI-05172","顧客管理（CRM）のAndroidアプリUI（パステル・ドリーミー）","プロ（演出多め）"
"UI-05173","学習・語学アプリの管理画面・ダッシュボードUI（ミニマル・洗練）","プロ（演出多め）"
"UI-05174","飲食店モバイルオーダーのキオスク・サイネージUI（パステル・ドリーミー）","プロ（演出多め）"
"UI-05175","予約（サロン/ホテル/病院）のWebアプリ（SaaS）UI（ナチュラル・オーガニック）","上級"
"UI-05176","飲食店モバイルオーダーのWebアプリ（SaaS）UI（ポップ・カラフル）","プロ（演出多め）"
"UI-05177","顧客管理（CRM）のキオスク・サイネージUI（信頼・誠実（コーポレート））","プロ（演出多め）"
"UI-05178","旅行・地図のWebアプリ（SaaS）UI（エディトリアル・雑誌風）","プロ（演出多め）"
"UI-05179","ヘルスケア・フィットネス記録の管理画面・ダッシュボードUI（クール・テック）","上級"
"UI-05180","AIアシスタント・チャットのタブレット / POSUI（クール・テック）","プロ（演出多め）"
"UI-05181","アクセス解析・BIのWebアプリ（SaaS）UI（パステル・ドリーミー）","プロ（演出多め）"
"UI-05182","家計簿・資産管理のAndroidアプリUI（信頼・誠実（コーポレート））","プロ（演出多め）"
"UI-05183","スマートホーム・IoTのWebアプリ（SaaS）UI（かわいい・ガーリー）","プロ（演出多め）"
"UI-05184","マッチングのスマートウォッチUI（ダーク・シネマティック）","プロ（演出多め）"
"UI-05185","予約（サロン/ホテル/病院）のWebアプリ（SaaS）UI（パステル・ドリーミー）","上級"
"UI-05186","タスク・プロジェクト管理のiOSアプリUI（パステル・ドリーミー）","プロ（演出多め）"
"UI-05187","フードデリバリーのAndroidアプリUI（ミニマル・洗練）","上級"
"UI-05188","ヘルスケア・フィットネス記録の管理画面・ダッシュボードUI（ポップ・カラフル）","プロ（演出多め）"
"UI-05189","旅行・地図のiOSアプリUI（ネオン・サイバー）","プロ（演出多め）"
"UI-05190","顧客管理（CRM）のAndroidアプリUI（グラスモーフィズム）","上級"
"UI-05191","フードデリバリーのWebアプリ（SaaS）UI（3D・クレイ）","プロ（演出多め）"
"UI-05192","ヘルスケア・フィットネス記録のスマートウォッチUI（ナチュラル・オーガニック）","プロ（演出多め）"
"UI-05193","タスク・プロジェクト管理のキオスク・サイネージUI（ネオン・サイバー）","上級"
"UI-05194","マッチングのWebアプリ（SaaS）UI（ポップ・カラフル）","上級"
"UI-05195","マッチングのキオスク・サイネージUI（クール・テック）","プロ（演出多め）"
"UI-05196","家計簿・資産管理のタブレット / POSUI（グラスモーフィズム）","プロ（演出多め）"
"UI-05197","予約（サロン/ホテル/病院）の管理画面・ダッシュボードUI（ポップ・カラフル）","上級"
"UI-05198","音楽・ポッドキャストのWebアプリ（SaaS）UI（ポップ・カラフル）","プロ（演出多め）"
"UI-05199","フードデリバリーの管理画面・ダッシュボードUI（ナチュラル・オーガニック）","上級"
"UI-05200","家計簿・資産管理のiOSアプリUI（ニューブルータリズム）","プロ（演出多め）"
"UI-05201","予約（サロン/ホテル/病院）のiOSアプリUI（和モダン）","上級"
"UI-05202","学習・語学アプリのWebアプリ（SaaS）UI（ニューブルータリズム）","プロ（演出多め）"
"UI-05203","家計簿・資産管理の管理画面・ダッシュボードUI（ニューブルータリズム）","プロ（演出多め）"
"UI-05204","AIアシスタント・チャットのキオスク・サイネージUI（信頼・誠実（コーポレート））","上級"
"UI-05205","SNS・コミュニティのスマートウォッチUI（3D・クレイ）","上級"
"UI-05206","タスク・プロジェクト管理のタブレット / POSUI（ミニマル・洗練）","上級"
"UI-05207","アクセス解析・BIのAndroidアプリUI（ミニマル・洗練）","プロ（演出多め）"
"UI-05208","ショッピングのスマートウォッチUI（信頼・誠実（コーポレート））","上級"
"UI-05209","飲食店モバイルオーダーのWebアプリ（SaaS）UI（3D・クレイ）","プロ（演出多め）"
"UI-05210","マッチングのタブレット / POSUI（ミニマル・洗練）","上級"
"UI-05211","音楽・ポッドキャストのWebアプリ（SaaS）UI（ミニマル・洗練）","プロ（演出多め）"
"UI-05212","スマートホーム・IoTのWebアプリ（SaaS）UI（信頼・誠実（コーポレート））","プロ（演出多め）"
"UI-05213","SNS・コミュニティのAndroidアプリUI（3D・クレイ）","上級"
"UI-05214","顧客管理（CRM）のiOSアプリUI（3D・クレイ）","プロ（演出多め）"
"UI-05215","スマートホーム・IoTのAndroidアプリUI（パステル・ドリーミー）","上級"
"UI-05216","スマートホーム・IoTのiOSアプリUI（3D・クレイ）","上級"
"UI-05217","ヘルスケア・フィットネス記録の管理画面・ダッシュボードUI（ナチュラル・オーガニック）","プロ（演出多め）"
"UI-05218","ヘルスケア・フィットネス記録のiOSアプリUI（グラスモーフィズム）","プロ（演出多め）"
"UI-05219","顧客管理（CRM）のAndroidアプリUI（パステル・ドリーミー）","上級"
"UI-05220","マッチングのスマートウォッチUI（ラグジュアリー・高級感）","プロ（演出多め）"
"UI-05221","AIアシスタント・チャットのWebアプリ（SaaS）UI（信頼・誠実（コーポレート））","プロ（演出多め）"
"UI-05222","学習・語学アプリのタブレット / POSUI（信頼・誠実（コーポレート））","上級"
"UI-05223","フードデリバリーのWebアプリ（SaaS）UI（ポップ・カラフル）","プロ（演出多め）"
"UI-05224","SNS・コミュニティのiOSアプリUI（ネオン・サイバー）","プロ（演出多め）"
"UI-05225","AIアシスタント・チャットのキオスク・サイネージUI（グラスモーフィズム）","上級"
"UI-05226","家計簿・資産管理のキオスク・サイネージUI（ミニマル・洗練）","プロ（演出多め）"
"UI-05227","アクセス解析・BIのタブレット / POSUI（ナチュラル・オーガニック）","プロ（演出多め）"
"UI-05228","家計簿・資産管理のキオスク・サイネージUI（クール・テック）","上級"
"UI-05229","旅行・地図のキオスク・サイネージUI（グラスモーフィズム）","プロ（演出多め）"
"UI-05230","顧客管理（CRM）のAndroidアプリUI（信頼・誠実（コーポレート））","プロ（演出多め）"
"UI-05231","AIアシスタント・チャットの管理画面・ダッシュボードUI（ネオン・サイバー）","プロ（演出多め）"
"UI-05232","ヘルスケア・フィットネス記録のWebアプリ（SaaS）UI（3D・クレイ）","上級"
"UI-05233","旅行・地図のタブレット / POSUI（3D・クレイ）","上級"
"UI-05234","予約（サロン/ホテル/病院）のキオスク・サイネージUI（ラグジュアリー・高級感）","プロ（演出多め）"
"UI-05235","フードデリバリーのWebアプリ（SaaS）UI（3D・クレイ）","プロ（演出多め）"
"UI-05236","学習・語学アプリのキオスク・サイネージUI（グラスモーフィズム）","上級"
"UI-05237","音楽・ポッドキャストのスマートウォッチUI（ラグジュアリー・高級感）","プロ（演出多め）"
"UI-05238","SNS・コミュニティのタブレット / POSUI（ラグジュアリー・高級感）","プロ（演出多め）"
"UI-05239","AIアシスタント・チャットのキオスク・サイネージUI（ニューブルータリズム）","プロ（演出多め）"
"UI-05240","AIアシスタント・チャットのWebアプリ（SaaS）UI（ダーク・シネマティック）","プロ（演出多め）"
"UI-05241","AIアシスタント・チャットのWebアプリ（SaaS）UI（ジオメトリック・グラフィカル）","プロ（演出多め）"
"UI-05242","予約（サロン/ホテル/病院）のタブレット / POSUI（北欧・ライフスタイル）","プロ（演出多め）"
"UI-05243","旅行・地図のAndroidアプリUI（ニューブルータリズム）","プロ（演出多め）"
"UI-05244","顧客管理（CRM）のキオスク・サイネージUI（ポップ・カラフル）","上級"
"UI-05245","SNS・コミュニティのキオスク・サイネージUI（3D・クレイ）","プロ（演出多め）"
"UI-05246","予約（サロン/ホテル/病院）のiOSアプリUI（パステル・ドリーミー）","上級"
"UI-05247","家計簿・資産管理のWebアプリ（SaaS）UI（クール・テック）","上級"
"UI-05248","顧客管理（CRM）のAndroidアプリUI（ナチュラル・オーガニック）","上級"
"UI-05249","飲食店モバイルオーダーのタブレット / POSUI（ポップ・カラフル）","プロ（演出多め）"
"UI-05250","ショッピングの管理画面・ダッシュボードUI（ナチュラル・オーガニック）","プロ（演出多め）"
"UI-05251","SNS・コミュニティのスマートウォッチUI（ミニマル・洗練）","プロ（演出多め）"
"UI-05252","予約（サロン/ホテル/病院）のiOSアプリUI（ネオン・サイバー）","上級"
"UI-05253","タスク・プロジェクト管理のWebアプリ（SaaS）UI（3D・クレイ）","上級"
"UI-05254","マッチングのキオスク・サイネージUI（ニューブルータリズム）","上級"
"UI-05255","ヘルスケア・フィットネス記録のキオスク・サイネージUI（信頼・誠実（コーポレート））","プロ（演出多め）"
"UI-05256","マッチングのWebアプリ（SaaS）UI（ポップ・カラフル）","プロ（演出多め）"
"UI-05257","スマートホーム・IoTのiOSアプリUI（ニューブルータリズム）","プロ（演出多め）"
"UI-05258","予約（サロン/ホテル/病院）のキオスク・サイネージUI（ラグジュアリー・高級感）","プロ（演出多め）"
"UI-05259","AIアシスタント・チャットのキオスク・サイネージUI（信頼・誠実（コーポレート））","プロ（演出多め）"
"UI-05260","スマートホーム・IoTのWebアプリ（SaaS）UI（ミニマル・洗練）","上級"
"UI-05261","予約（サロン/ホテル/病院）のWebアプリ（SaaS）UI（クール・テック）","上級"
"UI-05262","マッチングのWebアプリ（SaaS）UI（ネオン・サイバー）","プロ（演出多め）"
"UI-05263","顧客管理（CRM）の管理画面・ダッシュボードUI（3D・クレイ）","上級"
"UI-05264","ヘルスケア・フィットネス記録のキオスク・サイネージUI（パステル・ドリーミー）","上級"
"UI-05265","スマートホーム・IoTのキオスク・サイネージUI（ジオメトリック・グラフィカル）","プロ（演出多め）"
"UI-05266","フードデリバリーの管理画面・ダッシュボードUI（ミニマル・洗練）","プロ（演出多め）"
"UI-05267","顧客管理（CRM）のスマートウォッチUI（3D・クレイ）","プロ（演出多め）"
"UI-05268","飲食店モバイルオーダーのキオスク・サイネージUI（ミニマル・洗練）","プロ（演出多め）"
"UI-05269","スマートホーム・IoTのキオスク・サイネージUI（ポップ・カラフル）","プロ（演出多め）"
"UI-05270","家計簿・資産管理のスマートウォッチUI（ネオン・サイバー）","上級"
"UI-05271","タスク・プロジェクト管理のキオスク・サイネージUI（ジオメトリック・グラフィカル）","プロ（演出多め）"
"UI-05272","顧客管理（CRM）のAndroidアプリUI（パステル・ドリーミー）","プロ（演出多め）"
"UI-05273","アクセス解析・BIのAndroidアプリUI（ミニマル・洗練）","上級"
"UI-05274","タスク・プロジェクト管理のWebアプリ（SaaS）UI（ジオメトリック・グラフィカル）","プロ（演出多め）"
"UI-05275","スマートホーム・IoTのタブレット / POSUI（ラグジュアリー・高級感）","プロ（演出多め）"
"UI-05276","学習・語学アプリのキオスク・サイネージUI（ミニマル・洗練）","上級"
"UI-05277","学習・語学アプリのキオスク・サイネージUI（ネオン・サイバー）","プロ（演出多め）"
"UI-05278","ショッピングのiOSアプリUI（エネルギッシュ・スポーティ）","上級"
"UI-05279","飲食店モバイルオーダーのスマートウォッチUI（ポップ・カラフル）","上級"
"UI-05280","ショッピングのAndroidアプリUI（ニューブルータリズム）","プロ（演出多め）"
"UI-05281","ショッピングのキオスク・サイネージUI（エディトリアル・雑誌風）","プロ（演出多め）"
"UI-05282","AIアシスタント・チャットのWebアプリ（SaaS）UI（ハンドメイド・手書き）","プロ（演出多め）"
"UI-05283","フードデリバリーのAndroidアプリUI（レトロ・Y2K）","プロ（演出多め）"
"UI-05284","SNS・コミュニティのiOSアプリUI（ミニマル・洗練）","プロ（演出多め）"
"UI-05285","タスク・プロジェクト管理のスマートウォッチUI（ポップ・カラフル）","上級"
"UI-05286","タスク・プロジェクト管理のタブレット / POSUI（パステル・ドリーミー）","プロ（演出多め）"
"UI-05287","スマートホーム・IoTのWebアプリ（SaaS）UI（ミニマル・洗練）","プロ（演出多め）"
"UI-05288","学習・語学アプリのiOSアプリUI（ミニマル・洗練）","プロ（演出多め）"
"UI-05289","マッチングの管理画面・ダッシュボードUI（ミニマル・洗練）","プロ（演出多め）"
"UI-05290","予約（サロン/ホテル/病院）のWebアプリ（SaaS）UI（ポップ・カラフル）","プロ（演出多め）"
"UI-05291","飲食店モバイルオーダーのタブレット / POSUI（クール・テック）","プロ（演出多め）"
"UI-05292","学習・語学アプリのWebアプリ（SaaS）UI（ニューブルータリズム）","プロ（演出多め）"
"UI-05293","スマートホーム・IoTの管理画面・ダッシュボードUI（クール・テック）","上級"
"UI-05294","家計簿・資産管理のタブレット / POSUI（3D・クレイ）","プロ（演出多め）"
"UI-05295","アクセス解析・BIのキオスク・サイネージUI（グラスモーフィズム）","プロ（演出多め）"
"UI-05296","飲食店モバイルオーダーのAndroidアプリUI（ポップ・カラフル）","プロ（演出多め）"
"UI-05297","SNS・コミュニティのiOSアプリUI（ミニマル・洗練）","プロ（演出多め）"
"UI-05298","顧客管理（CRM）のWebアプリ（SaaS）UI（ミニマル・洗練）","プロ（演出多め）"
"UI-05299","マッチングのキオスク・サイネージUI（クール・テック）","プロ（演出多め）"
"UI-05300","ヘルスケア・フィットネス記録の管理画面・ダッシュボードUI（ネオン・サイバー）","プロ（演出多め）"
"UI-05301","旅行・地図のキオスク・サイネージUI（グラスモーフィズム）","プロ（演出多め）"
"UI-05302","マッチングのWebアプリ（SaaS）UI（ポップ・カラフル）","プロ（演出多め）"
"UI-05303","フードデリバリーのiOSアプリUI（パステル・ドリーミー）","プロ（演出多め）"
"UI-05304","旅行・地図のiOSアプリUI（ポップ・カラフル）","プロ（演出多め）"
"UI-05305","フードデリバリーのiOSアプリUI（グラスモーフィズム）","上級"
"UI-05306","AIアシスタント・チャットのキオスク・サイネージUI（信頼・誠実（コーポレート））","上級"
"UI-05307","旅行・地図のキオスク・サイネージUI（ポップ・カラフル）","プロ（演出多め）"
"UI-05308","SNS・コミュニティのAndroidアプリUI（ネオン・サイバー）","プロ（演出多め）"
"UI-05309","アクセス解析・BIのタブレット / POSUI（パステル・ドリーミー）","プロ（演出多め）"
"UI-05310","予約（サロン/ホテル/病院）のキオスク・サイネージUI（信頼・誠実（コーポレート））","上級"
"UI-05311","顧客管理（CRM）の管理画面・ダッシュボードUI（北欧・ライフスタイル）","プロ（演出多め）"
"UI-05312","ヘルスケア・フィットネス記録のiOSアプリUI（グラスモーフィズム）","プロ（演出多め）"
"UI-05313","タスク・プロジェクト管理のキオスク・サイネージUI（ミニマル・洗練）","プロ（演出多め）"
"UI-05314","マッチングのAndroidアプリUI（クール・テック）","上級"
"UI-05315","タスク・プロジェクト管理のiOSアプリUI（パステル・ドリーミー）","プロ（演出多め）"
"UI-05316","スマートホーム・IoTのiOSアプリUI（3D・クレイ）","プロ（演出多め）"
"UI-05317","マッチングのスマートウォッチUI（和モダン）","上級"
"UI-05318","ヘルスケア・フィットネス記録のスマートウォッチUI（クール・テック）","プロ（演出多め）"
"UI-05319","アクセス解析・BIのタブレット / POSUI（クール・テック）","プロ（演出多め）"
"UI-05320","アクセス解析・BIのiOSアプリUI（グラスモーフィズム）","プロ（演出多め）"
"UI-05321","タスク・プロジェクト管理のWebアプリ（SaaS）UI（ポップ・カラフル）","プロ（演出多め）"
"UI-05322","フードデリバリーのiOSアプリUI（ラグジュアリー・高級感）","上級"
"UI-05323","マッチングのキオスク・サイネージUI（クール・テック）","上級"
"UI-05324","予約（サロン/ホテル/病院）のスマートウォッチUI（グラスモーフィズム）","プロ（演出多め）"
"UI-05325","フードデリバリーのiOSアプリUI（エネルギッシュ・スポーティ）","プロ（演出多め）"
"UI-05326","ヘルスケア・フィットネス記録のスマートウォッチUI（ニューブルータリズム）","プロ（演出多め）"
"UI-05327","顧客管理（CRM）のタブレット / POSUI（3D・クレイ）","プロ（演出多め）"
"UI-05328","AIアシスタント・チャットのタブレット / POSUI（パステル・ドリーミー）","プロ（演出多め）"
"UI-05329","音楽・ポッドキャストのAndroidアプリUI（ネオン・サイバー）","上級"
"UI-05330","飲食店モバイルオーダーのWebアプリ（SaaS）UI（パステル・ドリーミー）","プロ（演出多め）"
"UI-05331","SNS・コミュニティのWebアプリ（SaaS）UI（ラグジュアリー・高級感）","プロ（演出多め）"
"UI-05332","フードデリバリーのWebアプリ（SaaS）UI（ネオン・サイバー）","プロ（演出多め）"
"UI-05333","スマートホーム・IoTのiOSアプリUI（グラスモーフィズム）","上級"
"UI-05334","旅行・地図のスマートウォッチUI（ネオン・サイバー）","上級"
"UI-05335","フードデリバリーのスマートウォッチUI（クール・テック）","プロ（演出多め）"
"UI-05336","音楽・ポッドキャストのキオスク・サイネージUI（ニューブルータリズム）","上級"
"UI-05337","家計簿・資産管理のタブレット / POSUI（パステル・ドリーミー）","プロ（演出多め）"
"UI-05338","学習・語学アプリの管理画面・ダッシュボードUI（信頼・誠実（コーポレート））","プロ（演出多め）"
"UI-05339","ショッピングのiOSアプリUI（パステル・ドリーミー）","上級"
"UI-05340","アクセス解析・BIの管理画面・ダッシュボードUI（ミニマル・洗練）","上級"
"UI-05341","家計簿・資産管理のタブレット / POSUI（北欧・ライフスタイル）","プロ（演出多め）"
"UI-05342","SNS・コミュニティの管理画面・ダッシュボードUI（ミニマル・洗練）","プロ（演出多め）"
"UI-05343","AIアシスタント・チャットのスマートウォッチUI（信頼・誠実（コーポレート））","上級"
"UI-05344","音楽・ポッドキャストのタブレット / POSUI（ネオン・サイバー）","上級"
"UI-05345","AIアシスタント・チャットのタブレット / POSUI（ナチュラル・オーガニック）","プロ（演出多め）"
"UI-05346","顧客管理（CRM）の管理画面・ダッシュボードUI（ミニマル・洗練）","プロ（演出多め）"
"UI-05347","マッチングのキオスク・サイネージUI（ニューブルータリズム）","プロ（演出多め）"
"UI-05348","アクセス解析・BIの管理画面・ダッシュボードUI（グラスモーフィズム）","プロ（演出多め）"
"UI-05349","フードデリバリーのWebアプリ（SaaS）UI（ネオン・サイバー）","プロ（演出多め）"
"UI-05350","学習・語学アプリのAndroidアプリUI（ネオン・サイバー）","プロ（演出多め）"
"UI-05351","AIアシスタント・チャットの管理画面・ダッシュボードUI（3D・クレイ）","プロ（演出多め）"
"UI-05352","家計簿・資産管理の管理画面・ダッシュボードUI（グラスモーフィズム）","プロ（演出多め）"
"UI-05353","顧客管理（CRM）のタブレット / POSUI（ポップ・カラフル）","プロ（演出多め）"
"UI-05354","飲食店モバイルオーダーのタブレット / POSUI（かわいい・ガーリー）","プロ（演出多め）"
"UI-05355","家計簿・資産管理のキオスク・サイネージUI（ハンドメイド・手書き）","プロ（演出多め）"
"UI-05356","マッチングのiOSアプリUI（ニューブルータリズム）","上級"
"UI-05357","スマートホーム・IoTのWebアプリ（SaaS）UI（ラグジュアリー・高級感）","プロ（演出多め）"
"UI-05358","飲食店モバイルオーダーのタブレット / POSUI（グラスモーフィズム）","プロ（演出多め）"
"UI-05359","タスク・プロジェクト管理のiOSアプリUI（ポップ・カラフル）","プロ（演出多め）"
"UI-05360","マッチングのWebアプリ（SaaS）UI（パステル・ドリーミー）","プロ（演出多め）"
"UI-05361","フードデリバリーのWebアプリ（SaaS）UI（ネオン・サイバー）","プロ（演出多め）"
"UI-05362","アクセス解析・BIのWebアプリ（SaaS）UI（ポップ・カラフル）","プロ（演出多め）"
"UI-05363","学習・語学アプリのキオスク・サイネージUI（3D・クレイ）","上級"
"UI-05364","学習・語学アプリのタブレット / POSUI（エネルギッシュ・スポーティ）","プロ（演出多め）"
"UI-05365","家計簿・資産管理のAndroidアプリUI（クール・テック）","プロ（演出多め）"
"UI-05366","アクセス解析・BIのタブレット / POSUI（パステル・ドリーミー）","プロ（演出多め）"
"UI-05367","SNS・コミュニティのキオスク・サイネージUI（ネオン・サイバー）","プロ（演出多め）"
"UI-05368","フードデリバリーのiOSアプリUI（ニューブルータリズム）","プロ（演出多め）"
"UI-05369","AIアシスタント・チャットのiOSアプリUI（3D・クレイ）","プロ（演出多め）"
"UI-05370","SNS・コミュニティのWebアプリ（SaaS）UI（エディトリアル・雑誌風）","プロ（演出多め）"
"UI-05371","家計簿・資産管理のスマートウォッチUI（パステル・ドリーミー）","プロ（演出多め）"
"UI-05372","SNS・コミュニティのキオスク・サイネージUI（信頼・誠実（コーポレート））","プロ（演出多め）"
"UI-05373","旅行・地図のAndroidアプリUI（ニューブルータリズム）","プロ（演出多め）"
"UI-05374","予約（サロン/ホテル/病院）のWebアプリ（SaaS）UI（ジオメトリック・グラフィカル）","プロ（演出多め）"
"UI-05375","アクセス解析・BIの管理画面・ダッシュボードUI（ニューブルータリズム）","プロ（演出多め）"
"UI-05376","アクセス解析・BIのスマートウォッチUI（ネオン・サイバー）","プロ（演出多め）"
"UI-05377","アクセス解析・BIのWebアプリ（SaaS）UI（ネオン・サイバー）","プロ（演出多め）"
"UI-05378","アクセス解析・BIのスマートウォッチUI（パステル・ドリーミー）","プロ（演出多め）"
"UI-05379","マッチングのiOSアプリUI（ネオン・サイバー）","上級"
"UI-05380","マッチングのタブレット / POSUI（ダーク・シネマティック）","プロ（演出多め）"
"UI-05381","家計簿・資産管理のスマートウォッチUI（エネルギッシュ・スポーティ）","プロ（演出多め）"
"UI-05382","タスク・プロジェクト管理のiOSアプリUI（ニューブルータリズム）","上級"
"UI-05383","マッチングのスマートウォッチUI（グラスモーフィズム）","上級"
"UI-05384","顧客管理（CRM）の管理画面・ダッシュボードUI（クール・テック）","上級"
"UI-05385","顧客管理（CRM）のタブレット / POSUI（グラスモーフィズム）","プロ（演出多め）"
"UI-05386","学習・語学アプリのAndroidアプリUI（クール・テック）","プロ（演出多め）"
"UI-05387","家計簿・資産管理のスマートウォッチUI（パステル・ドリーミー）","プロ（演出多め）"
"UI-05388","マッチングのWebアプリ（SaaS）UI（ポップ・カラフル）","プロ（演出多め）"
"UI-05389","タスク・プロジェクト管理のスマートウォッチUI（ミニマル・洗練）","プロ（演出多め）"
"UI-05390","マッチングの管理画面・ダッシュボードUI（ポップ・カラフル）","プロ（演出多め）"
"UI-05391","顧客管理（CRM）のAndroidアプリUI（エネルギッシュ・スポーティ）","プロ（演出多め）"
"UI-05392","予約（サロン/ホテル/病院）のスマートウォッチUI（3D・クレイ）","プロ（演出多め）"
"UI-05393","飲食店モバイルオーダーのWebアプリ（SaaS）UI（パステル・ドリーミー）","上級"
"UI-05394","顧客管理（CRM）のAndroidアプリUI（ナチュラル・オーガニック）","プロ（演出多め）"
"UI-05395","マッチングのキオスク・サイネージUI（ニューブルータリズム）","プロ（演出多め）"
"UI-05396","アクセス解析・BIのWebアプリ（SaaS）UI（信頼・誠実（コーポレート））","上級"
"UI-05397","飲食店モバイルオーダーのWebアプリ（SaaS）UI（エネルギッシュ・スポーティ）","上級"
"UI-05398","マッチングのAndroidアプリUI（ポップ・カラフル）","プロ（演出多め）"
"UI-05399","ヘルスケア・フィットネス記録のキオスク・サイネージUI（信頼・誠実（コーポレート））","プロ（演出多め）"
"UI-05400","音楽・ポッドキャストのスマートウォッチUI（ニューブルータリズム）","上級"
"UI-05401","予約（サロン/ホテル/病院）の管理画面・ダッシュボードUI（ネオン・サイバー）","プロ（演出多め）"
"UI-05402","顧客管理（CRM）のAndroidアプリUI（クール・テック）","プロ（演出多め）"
"UI-05403","SNS・コミュニティの管理画面・ダッシュボードUI（信頼・誠実（コーポレート））","上級"
"UI-05404","フードデリバリーのAndroidアプリUI（和モダン）","プロ（演出多め）"
"UI-05405","ショッピングのWebアプリ（SaaS）UI（和モダン）","プロ（演出多め）"
"UI-05406","飲食店モバイルオーダーのiOSアプリUI（グラスモーフィズム）","プロ（演出多め）"
"UI-05407","AIアシスタント・チャットのキオスク・サイネージUI（かわいい・ガーリー）","プロ（演出多め）"
"UI-05408","ヘルスケア・フィットネス記録のWebアプリ（SaaS）UI（エネルギッシュ・スポーティ）","プロ（演出多め）"
"UI-05409","フードデリバリーのWebアプリ（SaaS）UI（ミニマル・洗練）","プロ（演出多め）"
"UI-05410","音楽・ポッドキャストのiOSアプリUI（信頼・誠実（コーポレート））","上級"
"UI-05411","AIアシスタント・チャットのスマートウォッチUI（パステル・ドリーミー）","プロ（演出多め）"
"UI-05412","ヘルスケア・フィットネス記録のタブレット / POSUI（ニューブルータリズム）","上級"
"UI-05413","音楽・ポッドキャストのスマートウォッチUI（3D・クレイ）","プロ（演出多め）"
"UI-05414","顧客管理（CRM）のキオスク・サイネージUI（ミニマル・洗練）","プロ（演出多め）"
"UI-05415","フードデリバリーの管理画面・ダッシュボードUI（グラスモーフィズム）","上級"
"UI-05416","アクセス解析・BIのタブレット / POSUI（信頼・誠実（コーポレート））","上級"
"UI-05417","マッチングのスマートウォッチUI（レトロ・Y2K）","上級"
"UI-05418","顧客管理（CRM）のキオスク・サイネージUI（グラスモーフィズム）","プロ（演出多め）"
"UI-05419","アクセス解析・BIのAndroidアプリUI（信頼・誠実（コーポレート））","プロ（演出多め）"
"UI-05420","学習・語学アプリのiOSアプリUI（ニューブルータリズム）","上級"
"UI-05421","ヘルスケア・フィットネス記録のスマートウォッチUI（ナチュラル・オーガニック）","上級"
"UI-05422","飲食店モバイルオーダーのAndroidアプリUI（ハンドメイド・手書き）","プロ（演出多め）"
"UI-05423","マッチングのキオスク・サイネージUI（パステル・ドリーミー）","プロ（演出多め）"
"UI-05424","予約（サロン/ホテル/病院）のキオスク・サイネージUI（ジオメトリック・グラフィカル）","プロ（演出多め）"
"UI-05425","フードデリバリーの管理画面・ダッシュボードUI（グラスモーフィズム）","プロ（演出多め）"
"UI-05426","学習・語学アプリのタブレット / POSUI（グラスモーフィズム）","上級"
"UI-05427","AIアシスタント・チャットのキオスク・サイネージUI（信頼・誠実（コーポレート））","プロ（演出多め）"
"UI-05428","ヘルスケア・フィットネス記録のタブレット / POSUI（グラスモーフィズム）","プロ（演出多め）"
"UI-05429","家計簿・資産管理のiOSアプリUI（ナチュラル・オーガニック）","プロ（演出多め）"
"UI-05430","飲食店モバイルオーダーのキオスク・サイネージUI（信頼・誠実（コーポレート））","プロ（演出多め）"
"UI-05431","飲食店モバイルオーダーのタブレット / POSUI（ジオメトリック・グラフィカル）","上級"
"UI-05432","旅行・地図のスマートウォッチUI（信頼・誠実（コーポレート））","プロ（演出多め）"
"UI-05433","旅行・地図の管理画面・ダッシュボードUI（ニューブルータリズム）","プロ（演出多め）"
"UI-05434","AIアシスタント・チャットのWebアプリ（SaaS）UI（ニューブルータリズム）","上級"
"UI-05435","音楽・ポッドキャストのタブレット / POSUI（北欧・ライフスタイル）","プロ（演出多め）"
"UI-05436","音楽・ポッドキャストのiOSアプリUI（ニューブルータリズム）","上級"
"UI-05437","アクセス解析・BIのWebアプリ（SaaS）UI（ラグジュアリー・高級感）","上級"
"UI-05438","旅行・地図のWebアプリ（SaaS）UI（グラスモーフィズム）","プロ（演出多め）"
"UI-05439","SNS・コミュニティのスマートウォッチUI（パステル・ドリーミー）","プロ（演出多め）"
"UI-05440","音楽・ポッドキャストのスマートウォッチUI（ネオン・サイバー）","上級"
"UI-05441","旅行・地図のキオスク・サイネージUI（信頼・誠実（コーポレート））","プロ（演出多め）"
"UI-05442","予約（サロン/ホテル/病院）のスマートウォッチUI（信頼・誠実（コーポレート））","上級"
"UI-05443","家計簿・資産管理のタブレット / POSUI（信頼・誠実（コーポレート））","プロ（演出多め）"
"UI-05444","AIアシスタント・チャットのスマートウォッチUI（3D・クレイ）","プロ（演出多め）"
"UI-05445","アクセス解析・BIのスマートウォッチUI（ダーク・シネマティック）","プロ（演出多め）"
"UI-05446","SNS・コミュニティのタブレット / POSUI（ポップ・カラフル）","プロ（演出多め）"
"UI-05447","学習・語学アプリの管理画面・ダッシュボードUI（信頼・誠実（コーポレート））","上級"
"UI-05448","飲食店モバイルオーダーの管理画面・ダッシュボードUI（パステル・ドリーミー）","プロ（演出多め）"
"UI-05449","アクセス解析・BIのキオスク・サイネージUI（クール・テック）","プロ（演出多め）"
"UI-05450","飲食店モバイルオーダーのタブレット / POSUI（ニューブルータリズム）","プロ（演出多め）"
"UI-05451","ショッピングのタブレット / POSUI（ミニマル・洗練）","上級"
"UI-05452","アクセス解析・BIのキオスク・サイネージUI（和モダン）","プロ（演出多め）"
"UI-05453","ヘルスケア・フィットネス記録のキオスク・サイネージUI（クール・テック）","プロ（演出多め）"
"UI-05454","ヘルスケア・フィットネス記録のAndroidアプリUI（3D・クレイ）","上級"
"UI-05455","家計簿・資産管理のスマートウォッチUI（ニューブルータリズム）","プロ（演出多め）"
"UI-05456","タスク・プロジェクト管理の管理画面・ダッシュボードUI（信頼・誠実（コーポレート））","プロ（演出多め）"
"UI-05457","AIアシスタント・チャットのキオスク・サイネージUI（ポップ・カラフル）","プロ（演出多め）"
"UI-05458","顧客管理（CRM）の管理画面・ダッシュボードUI（ポップ・カラフル）","プロ（演出多め）"
"UI-05459","SNS・コミュニティのWebアプリ（SaaS）UI（和モダン）","プロ（演出多め）"
"UI-05460","AIアシスタント・チャットのスマートウォッチUI（ネオン・サイバー）","プロ（演出多め）"
"UI-05461","スマートホーム・IoTのタブレット / POSUI（ミニマル・洗練）","プロ（演出多め）"
"UI-05462","ヘルスケア・フィットネス記録のWebアプリ（SaaS）UI（ポップ・カラフル）","上級"
"UI-05463","家計簿・資産管理のキオスク・サイネージUI（信頼・誠実（コーポレート））","上級"
"UI-05464","フードデリバリーのスマートウォッチUI（ラグジュアリー・高級感）","上級"
"UI-05465","音楽・ポッドキャストのiOSアプリUI（ポップ・カラフル）","上級"
"UI-05466","AIアシスタント・チャットのAndroidアプリUI（ネオン・サイバー）","上級"
"UI-05467","予約（サロン/ホテル/病院）の管理画面・ダッシュボードUI（ネオン・サイバー）","プロ（演出多め）"
"UI-05468","ショッピングの管理画面・ダッシュボードUI（クール・テック）","上級"
"UI-05469","AIアシスタント・チャットのWebアプリ（SaaS）UI（信頼・誠実（コーポレート））","プロ（演出多め）"
"UI-05470","スマートホーム・IoTのキオスク・サイネージUI（ミニマル・洗練）","上級"
"UI-05471","学習・語学アプリのタブレット / POSUI（ハンドメイド・手書き）","プロ（演出多め）"
"UI-05472","SNS・コミュニティのWebアプリ（SaaS）UI（ナチュラル・オーガニック）","上級"
"UI-05473","予約（サロン/ホテル/病院）のAndroidアプリUI（ジオメトリック・グラフィカル）","プロ（演出多め）"
"UI-05474","家計簿・資産管理のAndroidアプリUI（クール・テック）","上級"
"UI-05475","ヘルスケア・フィットネス記録のタブレット / POSUI（ダーク・シネマティック）","プロ（演出多め）"
"UI-05476","家計簿・資産管理のスマートウォッチUI（ミニマル・洗練）","上級"
"UI-05477","顧客管理（CRM）のiOSアプリUI（3D・クレイ）","上級"
"UI-05478","ショッピングの管理画面・ダッシュボードUI（和モダン）","プロ（演出多め）"
"UI-05479","予約（サロン/ホテル/病院）のスマートウォッチUI（クール・テック）","プロ（演出多め）"
"UI-05480","スマートホーム・IoTのWebアプリ（SaaS）UI（グラスモーフィズム）","上級"
"UI-05481","予約（サロン/ホテル/病院）のタブレット / POSUI（クール・テック）","プロ（演出多め）"
"UI-05482","ヘルスケア・フィットネス記録のAndroidアプリUI（3D・クレイ）","プロ（演出多め）"
"UI-05483","音楽・ポッドキャストのスマートウォッチUI（ポップ・カラフル）","プロ（演出多め）"
"UI-05484","フードデリバリーのiOSアプリUI（ポップ・カラフル）","プロ（演出多め）"
"UI-05485","家計簿・資産管理のiOSアプリUI（ネオン・サイバー）","上級"
"UI-05486","ショッピングのiOSアプリUI（信頼・誠実（コーポレート））","プロ（演出多め）"
"UI-05487","学習・語学アプリのWebアプリ（SaaS）UI（グラスモーフィズム）","プロ（演出多め）"
"UI-05488","学習・語学アプリのキオスク・サイネージUI（ダーク・シネマティック）","プロ（演出多め）"
"UI-05489","旅行・地図の管理画面・ダッシュボードUI（ラグジュアリー・高級感）","プロ（演出多め）"
"UI-05490","旅行・地図の管理画面・ダッシュボードUI（3D・クレイ）","プロ（演出多め）"
"UI-05491","マッチングのキオスク・サイネージUI（ハンドメイド・手書き）","プロ（演出多め）"
"UI-05492","ヘルスケア・フィットネス記録のスマートウォッチUI（ポップ・カラフル）","上級"
"UI-05493","飲食店モバイルオーダーのキオスク・サイネージUI（ジオメトリック・グラフィカル）","上級"
"UI-05494","飲食店モバイルオーダーの管理画面・ダッシュボードUI（和モダン）","プロ（演出多め）"
"UI-05495","ショッピングのWebアプリ（SaaS）UI（信頼・誠実（コーポレート））","プロ（演出多め）"
"UI-05496","SNS・コミュニティのWebアプリ（SaaS）UI（信頼・誠実（コーポレート））","プロ（演出多め）"
"UI-05497","飲食店モバイルオーダーのスマートウォッチUI（ポップ・カラフル）","プロ（演出多め）"
"UI-05498","音楽・ポッドキャストのiOSアプリUI（グラスモーフィズム）","上級"
"UI-05499","フードデリバリーのタブレット / POSUI（グラスモーフィズム）","上級"
"UI-05500","ショッピングのWebアプリ（SaaS）UI（グラスモーフィズム）","上級"
"UI-05501","学習・語学アプリのキオスク・サイネージUI（クール・テック）","プロ（演出多め）"
"UI-05502","音楽・ポッドキャストの管理画面・ダッシュボードUI（クール・テック）","上級"
"UI-05503","タスク・プロジェクト管理のタブレット / POSUI（グラスモーフィズム）","プロ（演出多め）"
"UI-05504","顧客管理（CRM）のAndroidアプリUI（ジオメトリック・グラフィカル）","上級"
"UI-05505","スマートホーム・IoTの管理画面・ダッシュボードUI（ポップ・カラフル）","上級"
"UI-05506","スマートホーム・IoTのキオスク・サイネージUI（クール・テック）","上級"
"UI-05507","顧客管理（CRM）のWebアプリ（SaaS）UI（ネオン・サイバー）","プロ（演出多め）"
"UI-05508","AIアシスタント・チャットのiOSアプリUI（ミニマル・洗練）","プロ（演出多め）"
"UI-05509","学習・語学アプリのWebアプリ（SaaS）UI（パステル・ドリーミー）","プロ（演出多め）"
"UI-05510","予約（サロン/ホテル/病院）のWebアプリ（SaaS）UI（ミニマル・洗練）","上級"
"UI-05511","フードデリバリーのAndroidアプリUI（エネルギッシュ・スポーティ）","プロ（演出多め）"
"UI-05512","フードデリバリーの管理画面・ダッシュボードUI（3D・クレイ）","プロ（演出多め）"
"UI-05513","マッチングのiOSアプリUI（ネオン・サイバー）","プロ（演出多め）"
"UI-05514","タスク・プロジェクト管理の管理画面・ダッシュボードUI（和モダン）","上級"
"UI-05515","旅行・地図のAndroidアプリUI（信頼・誠実（コーポレート））","プロ（演出多め）"
"UI-05516","AIアシスタント・チャットのキオスク・サイネージUI（3D・クレイ）","プロ（演出多め）"
"UI-05517","SNS・コミュニティのキオスク・サイネージUI（北欧・ライフスタイル）","プロ（演出多め）"
"UI-05518","タスク・プロジェクト管理のWebアプリ（SaaS）UI（信頼・誠実（コーポレート））","プロ（演出多め）"
"UI-05519","フードデリバリーの管理画面・ダッシュボードUI（ネオン・サイバー）","プロ（演出多め）"
"UI-05520","AIアシスタント・チャットのタブレット / POSUI（ニューブルータリズム）","上級"
"UI-05521","音楽・ポッドキャストの管理画面・ダッシュボードUI（ポップ・カラフル）","プロ（演出多め）"
"UI-05522","AIアシスタント・チャットのWebアプリ（SaaS）UI（3D・クレイ）","プロ（演出多め）"
"UI-05523","ヘルスケア・フィットネス記録のWebアプリ（SaaS）UI（3D・クレイ）","上級"
"UI-05524","アクセス解析・BIのWebアプリ（SaaS）UI（ハンドメイド・手書き）","プロ（演出多め）"
"UI-05525","ショッピングのキオスク・サイネージUI（パステル・ドリーミー）","プロ（演出多め）"
"UI-05526","学習・語学アプリの管理画面・ダッシュボードUI（パステル・ドリーミー）","上級"
"UI-05527","アクセス解析・BIのWebアプリ（SaaS）UI（パステル・ドリーミー）","上級"
"UI-05528","予約（サロン/ホテル/病院）の管理画面・ダッシュボードUI（ダーク・シネマティック）","上級"
"UI-05529","ショッピングの管理画面・ダッシュボードUI（ミニマル・洗練）","上級"
"UI-05530","アクセス解析・BIのAndroidアプリUI（グラスモーフィズム）","プロ（演出多め）"
"UI-05531","飲食店モバイルオーダーの管理画面・ダッシュボードUI（ニューブルータリズム）","プロ（演出多め）"
"UI-05532","アクセス解析・BIのAndroidアプリUI（パステル・ドリーミー）","上級"
"UI-05533","AIアシスタント・チャットのWebアプリ（SaaS）UI（信頼・誠実（コーポレート））","プロ（演出多め）"
"UI-05534","ヘルスケア・フィットネス記録のWebアプリ（SaaS）UI（エディトリアル・雑誌風）","上級"
"UI-05535","旅行・地図のキオスク・サイネージUI（ネオン・サイバー）","プロ（演出多め）"
"UI-05536","スマートホーム・IoTのWebアプリ（SaaS）UI（エディトリアル・雑誌風）","プロ（演出多め）"
"UI-05537","SNS・コミュニティの管理画面・ダッシュボードUI（3D・クレイ）","プロ（演出多め）"
"UI-05538","タスク・プロジェクト管理のタブレット / POSUI（グラスモーフィズム）","上級"
"UI-05539","学習・語学アプリのAndroidアプリUI（ニューブルータリズム）","プロ（演出多め）"
"UI-05540","フードデリバリーのiOSアプリUI（エネルギッシュ・スポーティ）","プロ（演出多め）"
"UI-05541","学習・語学アプリのAndroidアプリUI（パステル・ドリーミー）","上級"
"UI-05542","顧客管理（CRM）のWebアプリ（SaaS）UI（ポップ・カラフル）","プロ（演出多め）"
"UI-05543","ヘルスケア・フィットネス記録のAndroidアプリUI（ラグジュアリー・高級感）","プロ（演出多め）"
"UI-05544","家計簿・資産管理のAndroidアプリUI（北欧・ライフスタイル）","プロ（演出多め）"
"UI-05545","家計簿・資産管理のキオスク・サイネージUI（ネオン・サイバー）","上級"
"UI-05546","SNS・コミュニティのWebアプリ（SaaS）UI（ニューブルータリズム）","プロ（演出多め）"
"UI-05547","SNS・コミュニティのiOSアプリUI（3D・クレイ）","プロ（演出多め）"
"UI-05548","SNS・コミュニティのAndroidアプリUI（ミニマル・洗練）","プロ（演出多め）"
"UI-05549","ヘルスケア・フィットネス記録のAndroidアプリUI（パステル・ドリーミー）","プロ（演出多め）"
"UI-05550","学習・語学アプリのWebアプリ（SaaS）UI（レトロ・Y2K）","上級"
"UI-05551","スマートホーム・IoTのAndroidアプリUI（ネオン・サイバー）","上級"
"UI-05552","タスク・プロジェクト管理のAndroidアプリUI（パステル・ドリーミー）","プロ（演出多め）"
"UI-05553","学習・語学アプリのiOSアプリUI（3D・クレイ）","プロ（演出多め）"
"UI-05554","顧客管理（CRM）の管理画面・ダッシュボードUI（パステル・ドリーミー）","プロ（演出多め）"
"UI-05555","ショッピングの管理画面・ダッシュボードUI（ネオン・サイバー）","プロ（演出多め）"
"UI-05556","旅行・地図のタブレット / POSUI（ポップ・カラフル）","上級"
"UI-05557","家計簿・資産管理のWebアプリ（SaaS）UI（ミニマル・洗練）","プロ（演出多め）"
"UI-05558","顧客管理（CRM）の管理画面・ダッシュボードUI（ネオン・サイバー）","プロ（演出多め）"
"UI-05559","学習・語学アプリのiOSアプリUI（パステル・ドリーミー）","プロ（演出多め）"
"UI-05560","SNS・コミュニティのiOSアプリUI（ポップ・カラフル）","プロ（演出多め）"
"UI-05561","タスク・プロジェクト管理の管理画面・ダッシュボードUI（ポップ・カラフル）","プロ（演出多め）"
"UI-05562","SNS・コミュニティのAndroidアプリUI（グラスモーフィズム）","上級"
"UI-05563","予約（サロン/ホテル/病院）のスマートウォッチUI（エディトリアル・雑誌風）","上級"
"UI-05564","飲食店モバイルオーダーのタブレット / POSUI（ポップ・カラフル）","プロ（演出多め）"
"UI-05565","予約（サロン/ホテル/病院）のWebアプリ（SaaS）UI（3D・クレイ）","上級"
"UI-05566","タスク・プロジェクト管理のキオスク・サイネージUI（ミニマル・洗練）","上級"
"UI-05567","予約（サロン/ホテル/病院）のキオスク・サイネージUI（ポップ・カラフル）","プロ（演出多め）"
"UI-05568","タスク・プロジェクト管理のAndroidアプリUI（信頼・誠実（コーポレート））","プロ（演出多め）"
"UI-05569","顧客管理（CRM）のキオスク・サイネージUI（ニューブルータリズム）","プロ（演出多め）"
"UI-05570","SNS・コミュニティの管理画面・ダッシュボードUI（3D・クレイ）","上級"
"UI-05571","タスク・プロジェクト管理のAndroidアプリUI（エディトリアル・雑誌風）","プロ（演出多め）"
"UI-05572","ショッピングの管理画面・ダッシュボードUI（エネルギッシュ・スポーティ）","プロ（演出多め）"
"UI-05573","フードデリバリーのキオスク・サイネージUI（パステル・ドリーミー）","上級"
"UI-05574","予約（サロン/ホテル/病院）のWebアプリ（SaaS）UI（エディトリアル・雑誌風）","プロ（演出多め）"
"UI-05575","マッチングのiOSアプリUI（3D・クレイ）","上級"
"UI-05576","学習・語学アプリのAndroidアプリUI（信頼・誠実（コーポレート））","プロ（演出多め）"
"UI-05577","ショッピングのキオスク・サイネージUI（3D・クレイ）","プロ（演出多め）"
"UI-05578","家計簿・資産管理のAndroidアプリUI（クール・テック）","上級"
"UI-05579","学習・語学アプリのAndroidアプリUI（グラスモーフィズム）","プロ（演出多め）"
"UI-05580","アクセス解析・BIのキオスク・サイネージUI（ポップ・カラフル）","上級"
"UI-05581","旅行・地図のスマートウォッチUI（3D・クレイ）","プロ（演出多め）"
"UI-05582","家計簿・資産管理のWebアプリ（SaaS）UI（グラスモーフィズム）","プロ（演出多め）"
"UI-05583","SNS・コミュニティのAndroidアプリUI（3D・クレイ）","プロ（演出多め）"
"UI-05584","マッチングのキオスク・サイネージUI（信頼・誠実（コーポレート））","プロ（演出多め）"
"UI-05585","家計簿・資産管理のタブレット / POSUI（信頼・誠実（コーポレート））","上級"
"UI-05586","音楽・ポッドキャストのタブレット / POSUI（エディトリアル・雑誌風）","上級"
"UI-05587","スマートホーム・IoTのWebアプリ（SaaS）UI（クール・テック）","上級"
"UI-05588","旅行・地図のキオスク・サイネージUI（北欧・ライフスタイル）","プロ（演出多め）"
"UI-05589","旅行・地図のスマートウォッチUI（クール・テック）","プロ（演出多め）"
"UI-05590","顧客管理（CRM）のiOSアプリUI（ポップ・カラフル）","プロ（演出多め）"
"UI-05591","予約（サロン/ホテル/病院）のAndroidアプリUI（ポップ・カラフル）","プロ（演出多め）"
"UI-05592","アクセス解析・BIのWebアプリ（SaaS）UI（3D・クレイ）","プロ（演出多め）"
"UI-05593","フードデリバリーのAndroidアプリUI（グラスモーフィズム）","プロ（演出多め）"
"UI-05594","飲食店モバイルオーダーのキオスク・サイネージUI（3D・クレイ）","上級"
"UI-05595","ショッピングのスマートウォッチUI（パステル・ドリーミー）","プロ（演出多め）"
"UI-05596","マッチングのiOSアプリUI（グラスモーフィズム）","上級"
"UI-05597","AIアシスタント・チャットのiOSアプリUI（信頼・誠実（コーポレート））","上級"
"UI-05598","旅行・地図のスマートウォッチUI（ミニマル・洗練）","プロ（演出多め）"
"UI-05599","予約（サロン/ホテル/病院）のiOSアプリUI（北欧・ライフスタイル）","上級"
"UI-05600","SNS・コミュニティのタブレット / POSUI（ダーク・シネマティック）","プロ（演出多め）"
"UI-05601","タスク・プロジェクト管理のWebアプリ（SaaS）UI（パステル・ドリーミー）","プロ（演出多め）"
"UI-05602","飲食店モバイルオーダーのAndroidアプリUI（3D・クレイ）","プロ（演出多め）"
"UI-05603","音楽・ポッドキャストのタブレット / POSUI（3D・クレイ）","上級"
"UI-05604","アクセス解析・BIのWebアプリ（SaaS）UI（ニューブルータリズム）","上級"
"UI-05605","SNS・コミュニティのキオスク・サイネージUI（信頼・誠実（コーポレート））","上級"
"UI-05606","学習・語学アプリのAndroidアプリUI（ニューブルータリズム）","プロ（演出多め）"
"UI-05607","顧客管理（CRM）のタブレット / POSUI（グラスモーフィズム）","プロ（演出多め）"
"UI-05608","フードデリバリーのiOSアプリUI（ニューブルータリズム）","プロ（演出多め）"
"UI-05609","学習・語学アプリのキオスク・サイネージUI（ラグジュアリー・高級感）","プロ（演出多め）"
"UI-05610","飲食店モバイルオーダーの管理画面・ダッシュボードUI（ポップ・カラフル）","プロ（演出多め）"
"UI-05611","飲食店モバイルオーダーのキオスク・サイネージUI（クール・テック）","プロ（演出多め）"
"UI-05612","予約（サロン/ホテル/病院）のAndroidアプリUI（ネオン・サイバー）","プロ（演出多め）"
"UI-05613","顧客管理（CRM）の管理画面・ダッシュボードUI（3D・クレイ）","上級"
"UI-05614","スマートホーム・IoTのキオスク・サイネージUI（クール・テック）","プロ（演出多め）"
"UI-05615","アクセス解析・BIのスマートウォッチUI（エネルギッシュ・スポーティ）","プロ（演出多め）"
"UI-05616","SNS・コミュニティの管理画面・ダッシュボードUI（ニューブルータリズム）","上級"
"UI-05617","マッチングのiOSアプリUI（ナチュラル・オーガニック）","プロ（演出多め）"
"UI-05618","家計簿・資産管理の管理画面・ダッシュボードUI（ミニマル・洗練）","上級"
"UI-05619","ショッピングのキオスク・サイネージUI（クール・テック）","上級"
"UI-05620","飲食店モバイルオーダーのタブレット / POSUI（信頼・誠実（コーポレート））","プロ（演出多め）"
"UI-05621","マッチングのタブレット / POSUI（ポップ・カラフル）","プロ（演出多め）"
"UI-05622","タスク・プロジェクト管理のAndroidアプリUI（ポップ・カラフル）","プロ（演出多め）"
"UI-05623","予約（サロン/ホテル/病院）の管理画面・ダッシュボードUI（3D・クレイ）","プロ（演出多め）"
"UI-05624","フードデリバリーのスマートウォッチUI（ミニマル・洗練）","プロ（演出多め）"
"UI-05625","顧客管理（CRM）のAndroidアプリUI（グラスモーフィズム）","プロ（演出多め）"
"UI-05626","学習・語学アプリの管理画面・ダッシュボードUI（ネオン・サイバー）","プロ（演出多め）"
"UI-05627","学習・語学アプリのiOSアプリUI（ミニマル・洗練）","プロ（演出多め）"
"UI-05628","アクセス解析・BIの管理画面・ダッシュボードUI（ミニマル・洗練）","プロ（演出多め）"
"UI-05629","タスク・プロジェクト管理の管理画面・ダッシュボードUI（パステル・ドリーミー）","プロ（演出多め）"
"UI-05630","ショッピングのiOSアプリUI（3D・クレイ）","プロ（演出多め）"
"UI-05631","フードデリバリーのキオスク・サイネージUI（パステル・ドリーミー）","上級"
"UI-05632","旅行・地図の管理画面・ダッシュボードUI（ニューブルータリズム）","上級"
"UI-05633","家計簿・資産管理のスマートウォッチUI（ミニマル・洗練）","プロ（演出多め）"
"UI-05634","AIアシスタント・チャットのキオスク・サイネージUI（ミニマル・洗練）","上級"
"UI-05635","ヘルスケア・フィットネス記録のAndroidアプリUI（ニューブルータリズム）","上級"
"UI-05636","顧客管理（CRM）の管理画面・ダッシュボードUI（クール・テック）","プロ（演出多め）"
"UI-05637","スマートホーム・IoTのスマートウォッチUI（信頼・誠実（コーポレート））","上級"
"UI-05638","予約（サロン/ホテル/病院）のキオスク・サイネージUI（グラスモーフィズム）","上級"
"UI-05639","学習・語学アプリの管理画面・ダッシュボードUI（ハンドメイド・手書き）","上級"
"UI-05640","家計簿・資産管理のAndroidアプリUI（ポップ・カラフル）","上級"
"UI-05641","飲食店モバイルオーダーのAndroidアプリUI（ニューブルータリズム）","プロ（演出多め）"
"UI-05642","顧客管理（CRM）のiOSアプリUI（北欧・ライフスタイル）","プロ（演出多め）"
"UI-05643","AIアシスタント・チャットのタブレット / POSUI（北欧・ライフスタイル）","上級"
"UI-05644","アクセス解析・BIのAndroidアプリUI（ポップ・カラフル）","プロ（演出多め）"
"UI-05645","スマートホーム・IoTのタブレット / POSUI（かわいい・ガーリー）","プロ（演出多め）"
"UI-05646","AIアシスタント・チャットのiOSアプリUI（かわいい・ガーリー）","プロ（演出多め）"
"UI-05647","予約（サロン/ホテル/病院）のWebアプリ（SaaS）UI（パステル・ドリーミー）","プロ（演出多め）"
"UI-05648","フードデリバリーのiOSアプリUI（パステル・ドリーミー）","プロ（演出多め）"
"UI-05649","ショッピングのWebアプリ（SaaS）UI（北欧・ライフスタイル）","プロ（演出多め）"
"UI-05650","タスク・プロジェクト管理のWebアプリ（SaaS）UI（ニューブルータリズム）","プロ（演出多め）"
"UI-05651","AIアシスタント・チャットのスマートウォッチUI（ポップ・カラフル）","プロ（演出多め）"
"UI-05652","マッチングのiOSアプリUI（レトロ・Y2K）","上級"
"UI-05653","飲食店モバイルオーダーの管理画面・ダッシュボードUI（ミニマル・洗練）","プロ（演出多め）"
"UI-05654","マッチングのスマートウォッチUI（ネオン・サイバー）","プロ（演出多め）"
"UI-05655","飲食店モバイルオーダーのキオスク・サイネージUI（かわいい・ガーリー）","プロ（演出多め）"
"UI-05656","ショッピングのキオスク・サイネージUI（3D・クレイ）","上級"
"UI-05657","飲食店モバイルオーダーのWebアプリ（SaaS）UI（ラグジュアリー・高級感）","プロ（演出多め）"
"UI-05658","音楽・ポッドキャストのキオスク・サイネージUI（信頼・誠実（コーポレート））","プロ（演出多め）"
"UI-05659","SNS・コミュニティの管理画面・ダッシュボードUI（3D・クレイ）","プロ（演出多め）"
"UI-05660","飲食店モバイルオーダーのタブレット / POSUI（信頼・誠実（コーポレート））","プロ（演出多め）"
"UI-05661","フードデリバリーの管理画面・ダッシュボードUI（ニューブルータリズム）","プロ（演出多め）"
"UI-05662","SNS・コミュニティのキオスク・サイネージUI（クール・テック）","上級"
"UI-05663","飲食店モバイルオーダーのWebアプリ（SaaS）UI（パステル・ドリーミー）","プロ（演出多め）"
"UI-05664","予約（サロン/ホテル/病院）のWebアプリ（SaaS）UI（ニューブルータリズム）","プロ（演出多め）"
"UI-05665","家計簿・資産管理のAndroidアプリUI（信頼・誠実（コーポレート））","上級"
"UI-05666","学習・語学アプリのスマートウォッチUI（グラスモーフィズム）","プロ（演出多め）"
"UI-05667","AIアシスタント・チャットの管理画面・ダッシュボードUI（信頼・誠実（コーポレート））","プロ（演出多め）"
"UI-05668","AIアシスタント・チャットのキオスク・サイネージUI（ミニマル・洗練）","上級"
"UI-05669","フードデリバリーのiOSアプリUI（かわいい・ガーリー）","プロ（演出多め）"
"UI-05670","音楽・ポッドキャストのWebアプリ（SaaS）UI（グラスモーフィズム）","上級"
"UI-05671","ショッピングのスマートウォッチUI（グラスモーフィズム）","上級"
"UI-05672","アクセス解析・BIのスマートウォッチUI（ニューブルータリズム）","上級"
"UI-05673","音楽・ポッドキャストの管理画面・ダッシュボードUI（ニューブルータリズム）","上級"
"UI-05674","フードデリバリーのスマートウォッチUI（レトロ・Y2K）","上級"
"UI-05675","飲食店モバイルオーダーのキオスク・サイネージUI（ミニマル・洗練）","プロ（演出多め）"
"UI-05676","予約（サロン/ホテル/病院）のWebアプリ（SaaS）UI（エネルギッシュ・スポーティ）","上級"
"UI-05677","アクセス解析・BIのiOSアプリUI（ネオン・サイバー）","プロ（演出多め）"
"UI-05678","スマートホーム・IoTのiOSアプリUI（グラスモーフィズム）","プロ（演出多め）"
"UI-05679","予約（サロン/ホテル/病院）のWebアプリ（SaaS）UI（3D・クレイ）","上級"
"UI-05680","飲食店モバイルオーダーのタブレット / POSUI（グラスモーフィズム）","上級"
"UI-05681","音楽・ポッドキャストのiOSアプリUI（和モダン）","プロ（演出多め）"
"UI-05682","旅行・地図のキオスク・サイネージUI（ネオン・サイバー）","プロ（演出多め）"
"UI-05683","旅行・地図のiOSアプリUI（3D・クレイ）","プロ（演出多め）"
"UI-05684","予約（サロン/ホテル/病院）の管理画面・ダッシュボードUI（エネルギッシュ・スポーティ）","上級"
"UI-05685","音楽・ポッドキャストのAndroidアプリUI（ネオン・サイバー）","プロ（演出多め）"
"UI-05686","ヘルスケア・フィットネス記録のスマートウォッチUI（パステル・ドリーミー）","上級"
"UI-05687","予約（サロン/ホテル/病院）のスマートウォッチUI（ポップ・カラフル）","プロ（演出多め）"
"UI-05688","家計簿・資産管理のタブレット / POSUI（ニューブルータリズム）","上級"
"UI-05689","顧客管理（CRM）のスマートウォッチUI（北欧・ライフスタイル）","上級"
"UI-05690","タスク・プロジェクト管理の管理画面・ダッシュボードUI（エディトリアル・雑誌風）","プロ（演出多め）"
"UI-05691","飲食店モバイルオーダーのWebアプリ（SaaS）UI（和モダン）","上級"
"UI-05692","顧客管理（CRM）のAndroidアプリUI（パステル・ドリーミー）","上級"
"UI-05693","フードデリバリーのキオスク・サイネージUI（3D・クレイ）","上級"
"UI-05694","家計簿・資産管理のWebアプリ（SaaS）UI（グラスモーフィズム）","プロ（演出多め）"
"UI-05695","アクセス解析・BIのスマートウォッチUI（ポップ・カラフル）","プロ（演出多め）"
"UI-05696","AIアシスタント・チャットのキオスク・サイネージUI（ニューブルータリズム）","プロ（演出多め）"
"UI-05697","AIアシスタント・チャットのiOSアプリUI（クール・テック）","プロ（演出多め）"
"UI-05698","顧客管理（CRM）のタブレット / POSUI（グラスモーフィズム）","上級"
"UI-05699","旅行・地図のスマートウォッチUI（レトロ・Y2K）","プロ（演出多め）"
"UI-05700","フードデリバリーのWebアプリ（SaaS）UI（ジオメトリック・グラフィカル）","プロ（演出多め）"
"UI-05701","スマートホーム・IoTのiOSアプリUI（パステル・ドリーミー）","プロ（演出多め）"
"UI-05702","旅行・地図のスマートウォッチUI（ミニマル・洗練）","上級"
"UI-05703","家計簿・資産管理のiOSアプリUI（信頼・誠実（コーポレート））","プロ（演出多め）"
"UI-05704","予約（サロン/ホテル/病院）のAndroidアプリUI（ハンドメイド・手書き）","上級"
"UI-05705","学習・語学アプリのAndroidアプリUI（和モダン）","上級"
"UI-05706","タスク・プロジェクト管理のAndroidアプリUI（ポップ・カラフル）","上級"
"UI-05707","マッチングのスマートウォッチUI（エディトリアル・雑誌風）","プロ（演出多め）"
"UI-05708","ヘルスケア・フィットネス記録のAndroidアプリUI（エディトリアル・雑誌風）","プロ（演出多め）"
"UI-05709","顧客管理（CRM）の管理画面・ダッシュボードUI（クール・テック）","プロ（演出多め）"
"UI-05710","ショッピングのスマートウォッチUI（信頼・誠実（コーポレート））","上級"
"UI-05711","タスク・プロジェクト管理の管理画面・ダッシュボードUI（3D・クレイ）","上級"
"UI-05712","タスク・プロジェクト管理のタブレット / POSUI（3D・クレイ）","上級"
"UI-05713","アクセス解析・BIの管理画面・ダッシュボードUI（クール・テック）","プロ（演出多め）"
"UI-05714","AIアシスタント・チャットのタブレット / POSUI（ミニマル・洗練）","プロ（演出多め）"
"UI-05715","マッチングのスマートウォッチUI（ニューブルータリズム）","上級"
"UI-05716","マッチングの管理画面・ダッシュボードUI（グラスモーフィズム）","プロ（演出多め）"
"UI-05717","音楽・ポッドキャストのiOSアプリUI（和モダン）","プロ（演出多め）"
"UI-05718","アクセス解析・BIのiOSアプリUI（エネルギッシュ・スポーティ）","プロ（演出多め）"
"UI-05719","旅行・地図のタブレット / POSUI（ネオン・サイバー）","プロ（演出多め）"
"UI-05720","フードデリバリーのWebアプリ（SaaS）UI（3D・クレイ）","プロ（演出多め）"
"UI-05721","AIアシスタント・チャットのAndroidアプリUI（パステル・ドリーミー）","プロ（演出多め）"
"UI-05722","ショッピングのタブレット / POSUI（クール・テック）","上級"
"UI-05723","家計簿・資産管理のWebアプリ（SaaS）UI（エネルギッシュ・スポーティ）","プロ（演出多め）"
"UI-05724","顧客管理（CRM）のスマートウォッチUI（クール・テック）","プロ（演出多め）"
"UI-05725","顧客管理（CRM）の管理画面・ダッシュボードUI（ニューブルータリズム）","プロ（演出多め）"
"UI-05726","マッチングの管理画面・ダッシュボードUI（信頼・誠実（コーポレート））","プロ（演出多め）"
"UI-05727","飲食店モバイルオーダーのキオスク・サイネージUI（ラグジュアリー・高級感）","プロ（演出多め）"
"UI-05728","アクセス解析・BIのAndroidアプリUI（ネオン・サイバー）","プロ（演出多め）"
"UI-05729","旅行・地図のキオスク・サイネージUI（クール・テック）","プロ（演出多め）"
"UI-05730","家計簿・資産管理のスマートウォッチUI（信頼・誠実（コーポレート））","プロ（演出多め）"
"UI-05731","顧客管理（CRM）のスマートウォッチUI（3D・クレイ）","上級"
"UI-05732","AIアシスタント・チャットのタブレット / POSUI（ダーク・シネマティック）","上級"
"UI-05733","スマートホーム・IoTのiOSアプリUI（ミニマル・洗練）","上級"
"UI-05734","ショッピングのAndroidアプリUI（かわいい・ガーリー）","プロ（演出多め）"
"UI-05735","ショッピングのWebアプリ（SaaS）UI（信頼・誠実（コーポレート））","プロ（演出多め）"
"UI-05736","予約（サロン/ホテル/病院）のスマートウォッチUI（和モダン）","プロ（演出多め）"
"UI-05737","SNS・コミュニティのAndroidアプリUI（和モダン）","プロ（演出多め）"
"UI-05738","予約（サロン/ホテル/病院）のタブレット / POSUI（ネオン・サイバー）","プロ（演出多め）"
"UI-05739","学習・語学アプリのAndroidアプリUI（ニューブルータリズム）","プロ（演出多め）"
"UI-05740","音楽・ポッドキャストのAndroidアプリUI（ニューブルータリズム）","プロ（演出多め）"
"UI-05741","家計簿・資産管理のWebアプリ（SaaS）UI（ダーク・シネマティック）","プロ（演出多め）"
"UI-05742","マッチングのキオスク・サイネージUI（ナチュラル・オーガニック）","上級"
"UI-05743","タスク・プロジェクト管理のキオスク・サイネージUI（信頼・誠実（コーポレート））","上級"
"UI-05744","予約（サロン/ホテル/病院）のWebアプリ（SaaS）UI（パステル・ドリーミー）","上級"
"UI-05745","ショッピングのWebアプリ（SaaS）UI（ハンドメイド・手書き）","プロ（演出多め）"
"UI-05746","顧客管理（CRM）のタブレット / POSUI（グラスモーフィズム）","プロ（演出多め）"
"UI-05747","AIアシスタント・チャットのAndroidアプリUI（ハンドメイド・手書き）","プロ（演出多め）"
"UI-05748","ショッピングのiOSアプリUI（エネルギッシュ・スポーティ）","プロ（演出多め）"
"UI-05749","アクセス解析・BIの管理画面・ダッシュボードUI（ニューブルータリズム）","上級"
"UI-05750","SNS・コミュニティのキオスク・サイネージUI（クール・テック）","プロ（演出多め）"
"UI-05751","フードデリバリーのiOSアプリUI（3D・クレイ）","プロ（演出多め）"
"UI-05752","予約（サロン/ホテル/病院）の管理画面・ダッシュボードUI（クール・テック）","上級"
"UI-05753","スマートホーム・IoTのAndroidアプリUI（エネルギッシュ・スポーティ）","上級"
"UI-05754","マッチングのスマートウォッチUI（ポップ・カラフル）","プロ（演出多め）"
"UI-05755","AIアシスタント・チャットの管理画面・ダッシュボードUI（ポップ・カラフル）","プロ（演出多め）"
"UI-05756","スマートホーム・IoTのWebアプリ（SaaS）UI（和モダン）","上級"
"UI-05757","SNS・コミュニティのiOSアプリUI（パステル・ドリーミー）","プロ（演出多め）"
"UI-05758","家計簿・資産管理の管理画面・ダッシュボードUI（ハンドメイド・手書き）","上級"
"UI-05759","SNS・コミュニティの管理画面・ダッシュボードUI（ニューブルータリズム）","プロ（演出多め）"
"UI-05760","フードデリバリーの管理画面・ダッシュボードUI（パステル・ドリーミー）","プロ（演出多め）"
"UI-05761","ヘルスケア・フィットネス記録のiOSアプリUI（パステル・ドリーミー）","プロ（演出多め）"
"UI-05762","マッチングのタブレット / POSUI（3D・クレイ）","プロ（演出多め）"
"UI-05763","飲食店モバイルオーダーのスマートウォッチUI（かわいい・ガーリー）","上級"
"UI-05764","スマートホーム・IoTのAndroidアプリUI（パステル・ドリーミー）","プロ（演出多め）"
"UI-05765","家計簿・資産管理のWebアプリ（SaaS）UI（ハンドメイド・手書き）","プロ（演出多め）"
"UI-05766","ヘルスケア・フィットネス記録のタブレット / POSUI（ニューブルータリズム）","プロ（演出多め）"
"UI-05767","顧客管理（CRM）のタブレット / POSUI（パステル・ドリーミー）","プロ（演出多め）"
"UI-05768","スマートホーム・IoTのWebアプリ（SaaS）UI（3D・クレイ）","上級"
"UI-05769","マッチングのキオスク・サイネージUI（クール・テック）","プロ（演出多め）"
"UI-05770","家計簿・資産管理のスマートウォッチUI（ネオン・サイバー）","プロ（演出多め）"
"UI-05771","学習・語学アプリのAndroidアプリUI（ニューブルータリズム）","上級"
"UI-05772","ショッピングのWebアプリ（SaaS）UI（レトロ・Y2K）","プロ（演出多め）"
"UI-05773","マッチングのWebアプリ（SaaS）UI（ポップ・カラフル）","プロ（演出多め）"
"UI-05774","スマートホーム・IoTのiOSアプリUI（ネオン・サイバー）","上級"
"UI-05775","顧客管理（CRM）のタブレット / POSUI（パステル・ドリーミー）","プロ（演出多め）"
"UI-05776","タスク・プロジェクト管理のiOSアプリUI（クール・テック）","プロ（演出多め）"
"UI-05777","旅行・地図のiOSアプリUI（グラスモーフィズム）","プロ（演出多め）"
"UI-05778","マッチングのキオスク・サイネージUI（パステル・ドリーミー）","プロ（演出多め）"
"UI-05779","アクセス解析・BIのAndroidアプリUI（信頼・誠実（コーポレート））","上級"
"UI-05780","予約（サロン/ホテル/病院）の管理画面・ダッシュボードUI（ポップ・カラフル）","プロ（演出多め）"
"UI-05781","音楽・ポッドキャストのキオスク・サイネージUI（3D・クレイ）","上級"
"UI-05782","顧客管理（CRM）のスマートウォッチUI（ジオメトリック・グラフィカル）","プロ（演出多め）"
"UI-05783","AIアシスタント・チャットのキオスク・サイネージUI（ネオン・サイバー）","プロ（演出多め）"
"UI-05784","SNS・コミュニティのAndroidアプリUI（ネオン・サイバー）","プロ（演出多め）"
"UI-05785","顧客管理（CRM）のタブレット / POSUI（信頼・誠実（コーポレート））","上級"
"UI-05786","スマートホーム・IoTのAndroidアプリUI（グラスモーフィズム）","上級"
"UI-05787","音楽・ポッドキャストのWebアプリ（SaaS）UI（ハンドメイド・手書き）","上級"
"UI-05788","ショッピングのiOSアプリUI（グラスモーフィズム）","上級"
"UI-05789","予約（サロン/ホテル/病院）のタブレット / POSUI（ポップ・カラフル）","プロ（演出多め）"
"UI-05790","タスク・プロジェクト管理のiOSアプリUI（グラスモーフィズム）","プロ（演出多め）"
"UI-05791","アクセス解析・BIのWebアプリ（SaaS）UI（グラスモーフィズム）","プロ（演出多め）"
"UI-05792","顧客管理（CRM）のAndroidアプリUI（3D・クレイ）","上級"
"UI-05793","SNS・コミュニティのAndroidアプリUI（ニューブルータリズム）","プロ（演出多め）"
"UI-05794","AIアシスタント・チャットのスマートウォッチUI（ニューブルータリズム）","プロ（演出多め）"
"UI-05795","AIアシスタント・チャットの管理画面・ダッシュボードUI（ポップ・カラフル）","上級"
"UI-05796","アクセス解析・BIのタブレット / POSUI（ジオメトリック・グラフィカル）","プロ（演出多め）"
"UI-05797","タスク・プロジェクト管理のiOSアプリUI（ミニマル・洗練）","プロ（演出多め）"
"UI-05798","予約（サロン/ホテル/病院）のスマートウォッチUI（ネオン・サイバー）","上級"
"UI-05799","予約（サロン/ホテル/病院）のAndroidアプリUI（3D・クレイ）","プロ（演出多め）"
"UI-05800","スマートホーム・IoTのWebアプリ（SaaS）UI（ラグジュアリー・高級感）","プロ（演出多め）"
"UI-05801","顧客管理（CRM）の管理画面・ダッシュボードUI（ニューブルータリズム）","プロ（演出多め）"
"UI-05802","飲食店モバイルオーダーのAndroidアプリUI（ナチュラル・オーガニック）","プロ（演出多め）"
"UI-05803","フードデリバリーのタブレット / POSUI（北欧・ライフスタイル）","プロ（演出多め）"
"UI-05804","家計簿・資産管理のスマートウォッチUI（3D・クレイ）","上級"
"UI-05805","AIアシスタント・チャットのWebアプリ（SaaS）UI（ネオン・サイバー）","プロ（演出多め）"
"UI-05806","ショッピングのAndroidアプリUI（3D・クレイ）","プロ（演出多め）"
"UI-05807","学習・語学アプリの管理画面・ダッシュボードUI（ナチュラル・オーガニック）","プロ（演出多め）"
"UI-05808","顧客管理（CRM）の管理画面・ダッシュボードUI（ポップ・カラフル）","上級"
"UI-05809","ヘルスケア・フィットネス記録のキオスク・サイネージUI（ネオン・サイバー）","上級"
"UI-05810","音楽・ポッドキャストの管理画面・ダッシュボードUI（ニューブルータリズム）","上級"
"UI-05811","学習・語学アプリの管理画面・ダッシュボードUI（クール・テック）","プロ（演出多め）"
"UI-05812","家計簿・資産管理のAndroidアプリUI（ミニマル・洗練）","上級"
"UI-05813","予約（サロン/ホテル/病院）のタブレット / POSUI（ポップ・カラフル）","上級"
"UI-05814","ショッピングの管理画面・ダッシュボードUI（信頼・誠実（コーポレート））","プロ（演出多め）"
"UI-05815","スマートホーム・IoTの管理画面・ダッシュボードUI（パステル・ドリーミー）","プロ（演出多め）"
"UI-05816","AIアシスタント・チャットのスマートウォッチUI（ミニマル・洗練）","上級"
"UI-05817","予約（サロン/ホテル/病院）のキオスク・サイネージUI（信頼・誠実（コーポレート））","上級"
"UI-05818","ショッピングのタブレット / POSUI（ネオン・サイバー）","プロ（演出多め）"
"UI-05819","家計簿・資産管理のキオスク・サイネージUI（3D・クレイ）","プロ（演出多め）"
"UI-05820","旅行・地図のAndroidアプリUI（ミニマル・洗練）","プロ（演出多め）"
"UI-05821","タスク・プロジェクト管理の管理画面・ダッシュボードUI（エディトリアル・雑誌風）","プロ（演出多め）"
"UI-05822","予約（サロン/ホテル/病院）のスマートウォッチUI（グラスモーフィズム）","上級"
"UI-05823","飲食店モバイルオーダーの管理画面・ダッシュボードUI（ミニマル・洗練）","プロ（演出多め）"
"UI-05824","飲食店モバイルオーダーのWebアプリ（SaaS）UI（ネオン・サイバー）","上級"
"UI-05825","マッチングのiOSアプリUI（パステル・ドリーミー）","プロ（演出多め）"
"UI-05826","飲食店モバイルオーダーのWebアプリ（SaaS）UI（信頼・誠実（コーポレート））","上級"
"UI-05827","飲食店モバイルオーダーのタブレット / POSUI（ポップ・カラフル）","プロ（演出多め）"
"UI-05828","マッチングのiOSアプリUI（3D・クレイ）","上級"
"UI-05829","AIアシスタント・チャットのAndroidアプリUI（信頼・誠実（コーポレート））","プロ（演出多め）"
"UI-05830","飲食店モバイルオーダーのスマートウォッチUI（パステル・ドリーミー）","プロ（演出多め）"
"UI-05831","フードデリバリーのタブレット / POSUI（ミニマル・洗練）","上級"
"UI-05832","学習・語学アプリのキオスク・サイネージUI（パステル・ドリーミー）","プロ（演出多め）"
"UI-05833","ヘルスケア・フィットネス記録の管理画面・ダッシュボードUI（ラグジュアリー・高級感）","プロ（演出多め）"
"UI-05834","音楽・ポッドキャストのキオスク・サイネージUI（ダーク・シネマティック）","プロ（演出多め）"
"UI-05835","予約（サロン/ホテル/病院）の管理画面・ダッシュボードUI（ミニマル・洗練）","プロ（演出多め）"
"UI-05836","スマートホーム・IoTのiOSアプリUI（ネオン・サイバー）","プロ（演出多め）"
"UI-05837","AIアシスタント・チャットの管理画面・ダッシュボードUI（信頼・誠実（コーポレート））","プロ（演出多め）"
"UI-05838","ヘルスケア・フィットネス記録の管理画面・ダッシュボードUI（パステル・ドリーミー）","上級"
"UI-05839","スマートホーム・IoTのキオスク・サイネージUI（ミニマル・洗練）","上級"
"UI-05840","SNS・コミュニティのWebアプリ（SaaS）UI（ハンドメイド・手書き）","上級"
"UI-05841","スマートホーム・IoTのスマートウォッチUI（クール・テック）","上級"
"UI-05842","家計簿・資産管理のタブレット / POSUI（ミニマル・洗練）","上級"
"UI-05843","タスク・プロジェクト管理の管理画面・ダッシュボードUI（ポップ・カラフル）","プロ（演出多め）"
"UI-05844","ヘルスケア・フィットネス記録のAndroidアプリUI（パステル・ドリーミー）","上級"
"UI-05845","顧客管理（CRM）の管理画面・ダッシュボードUI（クール・テック）","プロ（演出多め）"
"UI-05846","スマートホーム・IoTのキオスク・サイネージUI（信頼・誠実（コーポレート））","プロ（演出多め）"
"UI-05847","マッチングのキオスク・サイネージUI（ポップ・カラフル）","プロ（演出多め）"
"UI-05848","音楽・ポッドキャストのWebアプリ（SaaS）UI（クール・テック）","上級"
"UI-05849","予約（サロン/ホテル/病院）のタブレット / POSUI（3D・クレイ）","プロ（演出多め）"
"UI-05850","アクセス解析・BIのWebアプリ（SaaS）UI（3D・クレイ）","プロ（演出多め）"
"UI-05851","音楽・ポッドキャストのiOSアプリUI（ポップ・カラフル）","プロ（演出多め）"
"UI-05852","予約（サロン/ホテル/病院）のAndroidアプリUI（3D・クレイ）","プロ（演出多め）"
"UI-05853","飲食店モバイルオーダーのキオスク・サイネージUI（北欧・ライフスタイル）","プロ（演出多め）"
"UI-05854","アクセス解析・BIの管理画面・ダッシュボードUI（グラスモーフィズム）","プロ（演出多め）"
"UI-05855","スマートホーム・IoTのタブレット / POSUI（パステル・ドリーミー）","プロ（演出多め）"
"UI-05856","ヘルスケア・フィットネス記録の管理画面・ダッシュボードUI（3D・クレイ）","上級"
"UI-05857","SNS・コミュニティのAndroidアプリUI（グラスモーフィズム）","プロ（演出多め）"
"UI-05858","マッチングのWebアプリ（SaaS）UI（パステル・ドリーミー）","上級"
"UI-05859","アクセス解析・BIの管理画面・ダッシュボードUI（信頼・誠実（コーポレート））","上級"
"UI-05860","家計簿・資産管理の管理画面・ダッシュボードUI（ニューブルータリズム）","上級"
"UI-05861","ヘルスケア・フィットネス記録のWebアプリ（SaaS）UI（ポップ・カラフル）","プロ（演出多め）"
"UI-05862","アクセス解析・BIのスマートウォッチUI（和モダン）","プロ（演出多め）"
"UI-05863","飲食店モバイルオーダーの管理画面・ダッシュボードUI（クール・テック）","上級"
"UI-05864","スマートホーム・IoTの管理画面・ダッシュボードUI（パステル・ドリーミー）","上級"
"UI-05865","飲食店モバイルオーダーのタブレット / POSUI（かわいい・ガーリー）","上級"
"UI-05866","アクセス解析・BIのAndroidアプリUI（レトロ・Y2K）","プロ（演出多め）"
"UI-05867","飲食店モバイルオーダーのiOSアプリUI（エディトリアル・雑誌風）","プロ（演出多め）"
"UI-05868","顧客管理（CRM）のAndroidアプリUI（北欧・ライフスタイル）","プロ（演出多め）"
"UI-05869","飲食店モバイルオーダーのタブレット / POSUI（パステル・ドリーミー）","プロ（演出多め）"
"UI-05870","顧客管理（CRM）のスマートウォッチUI（パステル・ドリーミー）","上級"
"UI-05871","ショッピングのキオスク・サイネージUI（パステル・ドリーミー）","プロ（演出多め）"
"UI-05872","スマートホーム・IoTのスマートウォッチUI（ポップ・カラフル）","上級"
"UI-05873","飲食店モバイルオーダーのタブレット / POSUI（ミニマル・洗練）","上級"
"UI-05874","スマートホーム・IoTのWebアプリ（SaaS）UI（ミニマル・洗練）","上級"
"UI-05875","音楽・ポッドキャストのWebアプリ（SaaS）UI（ミニマル・洗練）","上級"
"UI-05876","タスク・プロジェクト管理のタブレット / POSUI（ナチュラル・オーガニック）","上級"
"UI-05877","顧客管理（CRM）のスマートウォッチUI（パステル・ドリーミー）","プロ（演出多め）"
"UI-05878","マッチングのWebアプリ（SaaS）UI（ポップ・カラフル）","上級"
"UI-05879","ヘルスケア・フィットネス記録のキオスク・サイネージUI（和モダン）","プロ（演出多め）"
"UI-05880","ショッピングのキオスク・サイネージUI（パステル・ドリーミー）","プロ（演出多め）"
"UI-05881","旅行・地図のAndroidアプリUI（ニューブルータリズム）","プロ（演出多め）"
"UI-05882","マッチングのAndroidアプリUI（信頼・誠実（コーポレート））","上級"
"UI-05883","スマートホーム・IoTのキオスク・サイネージUI（ポップ・カラフル）","プロ（演出多め）"
"UI-05884","アクセス解析・BIのタブレット / POSUI（信頼・誠実（コーポレート））","プロ（演出多め）"
"UI-05885","AIアシスタント・チャットのキオスク・サイネージUI（パステル・ドリーミー）","プロ（演出多め）"
"UI-05886","家計簿・資産管理のWebアプリ（SaaS）UI（ポップ・カラフル）","プロ（演出多め）"
"UI-05887","ショッピングのスマートウォッチUI（ネオン・サイバー）","プロ（演出多め）"
"UI-05888","ヘルスケア・フィットネス記録のキオスク・サイネージUI（レトロ・Y2K）","プロ（演出多め）"
"UI-05889","SNS・コミュニティの管理画面・ダッシュボードUI（ネオン・サイバー）","上級"
"UI-05890","ヘルスケア・フィットネス記録のスマートウォッチUI（ジオメトリック・グラフィカル）","プロ（演出多め）"
"UI-05891","予約（サロン/ホテル/病院）のiOSアプリUI（パステル・ドリーミー）","上級"
"UI-05892","飲食店モバイルオーダーのキオスク・サイネージUI（ラグジュアリー・高級感）","プロ（演出多め）"
"UI-05893","スマートホーム・IoTのAndroidアプリUI（3D・クレイ）","プロ（演出多め）"
"UI-05894","マッチングのスマートウォッチUI（エディトリアル・雑誌風）","プロ（演出多め）"
"UI-05895","飲食店モバイルオーダーのキオスク・サイネージUI（パステル・ドリーミー）","プロ（演出多め）"
"UI-05896","家計簿・資産管理のスマートウォッチUI（ニューブルータリズム）","上級"
"UI-05897","マッチングのiOSアプリUI（3D・クレイ）","プロ（演出多め）"
"UI-05898","フードデリバリーのiOSアプリUI（パステル・ドリーミー）","プロ（演出多め）"
"UI-05899","予約（サロン/ホテル/病院）のタブレット / POSUI（ニューブルータリズム）","プロ（演出多め）"
"UI-05900","スマートホーム・IoTのAndroidアプリUI（ポップ・カラフル）","プロ（演出多め）"
"UI-05901","フードデリバリーのタブレット / POSUI（ハンドメイド・手書き）","上級"
"UI-05902","音楽・ポッドキャストのキオスク・サイネージUI（グラスモーフィズム）","上級"
"UI-05903","SNS・コミュニティのスマートウォッチUI（グラスモーフィズム）","プロ（演出多め）"
"UI-05904","ショッピングのスマートウォッチUI（ミニマル・洗練）","プロ（演出多め）"
"UI-05905","飲食店モバイルオーダーのタブレット / POSUI（ダーク・シネマティック）","上級"
"UI-05906","フードデリバリーのスマートウォッチUI（ミニマル・洗練）","上級"
"UI-05907","SNS・コミュニティの管理画面・ダッシュボードUI（ミニマル・洗練）","プロ（演出多め）"
"UI-05908","音楽・ポッドキャストのAndroidアプリUI（パステル・ドリーミー）","プロ（演出多め）"
"UI-05909","顧客管理（CRM）のタブレット / POSUI（3D・クレイ）","プロ（演出多め）"
"UI-05910","飲食店モバイルオーダーのAndroidアプリUI（ハンドメイド・手書き）","上級"
"UI-05911","タスク・プロジェクト管理のキオスク・サイネージUI（ラグジュアリー・高級感）","プロ（演出多め）"
"UI-05912","アクセス解析・BIのAndroidアプリUI（ミニマル・洗練）","プロ（演出多め）"
"UI-05913","顧客管理（CRM）の管理画面・ダッシュボードUI（信頼・誠実（コーポレート））","プロ（演出多め）"
"UI-05914","マッチングのWebアプリ（SaaS）UI（かわいい・ガーリー）","プロ（演出多め）"
"UI-05915","学習・語学アプリのキオスク・サイネージUI（3D・クレイ）","プロ（演出多め）"
"UI-05916","マッチングのキオスク・サイネージUI（信頼・誠実（コーポレート））","プロ（演出多め）"
"UI-05917","マッチングのキオスク・サイネージUI（ネオン・サイバー）","プロ（演出多め）"
"UI-05918","予約（サロン/ホテル/病院）のWebアプリ（SaaS）UI（パステル・ドリーミー）","プロ（演出多め）"
"UI-05919","タスク・プロジェクト管理のWebアプリ（SaaS）UI（ニューブルータリズム）","プロ（演出多め）"
"UI-05920","ヘルスケア・フィットネス記録のキオスク・サイネージUI（ミニマル・洗練）","プロ（演出多め）"
"UI-05921","スマートホーム・IoTのiOSアプリUI（ネオン・サイバー）","プロ（演出多め）"
"UI-05922","音楽・ポッドキャストのタブレット / POSUI（ニューブルータリズム）","プロ（演出多め）"
"UI-05923","タスク・プロジェクト管理のキオスク・サイネージUI（ラグジュアリー・高級感）","プロ（演出多め）"
"UI-05924","音楽・ポッドキャストのキオスク・サイネージUI（クール・テック）","上級"
"UI-05925","家計簿・資産管理のAndroidアプリUI（エネルギッシュ・スポーティ）","プロ（演出多め）"
"UI-05926","ヘルスケア・フィットネス記録のiOSアプリUI（信頼・誠実（コーポレート））","プロ（演出多め）"
"UI-05927","スマートホーム・IoTのiOSアプリUI（グラスモーフィズム）","プロ（演出多め）"
"UI-05928","スマートホーム・IoTのWebアプリ（SaaS）UI（ジオメトリック・グラフィカル）","上級"
"UI-05929","家計簿・資産管理のWebアプリ（SaaS）UI（レトロ・Y2K）","上級"
"UI-05930","音楽・ポッドキャストのAndroidアプリUI（ネオン・サイバー）","プロ（演出多め）"
"UI-05931","飲食店モバイルオーダーのキオスク・サイネージUI（グラスモーフィズム）","プロ（演出多め）"
"UI-05932","顧客管理（CRM）のiOSアプリUI（ニューブルータリズム）","上級"
"UI-05933","スマートホーム・IoTのスマートウォッチUI（和モダン）","プロ（演出多め）"
"UI-05934","アクセス解析・BIのAndroidアプリUI（ニューブルータリズム）","プロ（演出多め）"
"UI-05935","家計簿・資産管理のスマートウォッチUI（北欧・ライフスタイル）","プロ（演出多め）"
"UI-05936","アクセス解析・BIのiOSアプリUI（レトロ・Y2K）","プロ（演出多め）"
"UI-05937","学習・語学アプリのAndroidアプリUI（ポップ・カラフル）","プロ（演出多め）"
"UI-05938","フードデリバリーのAndroidアプリUI（ナチュラル・オーガニック）","プロ（演出多め）"
"UI-05939","アクセス解析・BIのWebアプリ（SaaS）UI（クール・テック）","プロ（演出多め）"
"UI-05940","アクセス解析・BIのキオスク・サイネージUI（パステル・ドリーミー）","プロ（演出多め）"
"UI-05941","フードデリバリーのAndroidアプリUI（グラスモーフィズム）","プロ（演出多め）"
"UI-05942","ショッピングのiOSアプリUI（エディトリアル・雑誌風）","プロ（演出多め）"
"UI-05943","予約（サロン/ホテル/病院）のスマートウォッチUI（クール・テック）","プロ（演出多め）"
"UI-05944","SNS・コミュニティのスマートウォッチUI（クール・テック）","プロ（演出多め）"
"UI-05945","タスク・プロジェクト管理のWebアプリ（SaaS）UI（3D・クレイ）","プロ（演出多め）"
"UI-05946","音楽・ポッドキャストのiOSアプリUI（エディトリアル・雑誌風）","プロ（演出多め）"
"UI-05947","ヘルスケア・フィットネス記録のタブレット / POSUI（かわいい・ガーリー）","上級"
"UI-05948","ヘルスケア・フィットネス記録のスマートウォッチUI（レトロ・Y2K）","プロ（演出多め）"
"UI-05949","音楽・ポッドキャストのスマートウォッチUI（ニューブルータリズム）","プロ（演出多め）"
"UI-05950","家計簿・資産管理のWebアプリ（SaaS）UI（パステル・ドリーミー）","上級"
"UI-05951","タスク・プロジェクト管理のiOSアプリUI（ミニマル・洗練）","プロ（演出多め）"
"UI-05952","マッチングのiOSアプリUI（3D・クレイ）","プロ（演出多め）"
"UI-05953","ショッピングのWebアプリ（SaaS）UI（グラスモーフィズム）","上級"
"UI-05954","マッチングのタブレット / POSUI（ポップ・カラフル）","上級"
"UI-05955","スマートホーム・IoTのキオスク・サイネージUI（ラグジュアリー・高級感）","プロ（演出多め）"
"UI-05956","SNS・コミュニティのタブレット / POSUI（北欧・ライフスタイル）","プロ（演出多め）"
"UI-05957","スマートホーム・IoTのiOSアプリUI（3D・クレイ）","プロ（演出多め）"
"UI-05958","旅行・地図のスマートウォッチUI（ネオン・サイバー）","プロ（演出多め）"
"UI-05959","AIアシスタント・チャットのタブレット / POSUI（3D・クレイ）","プロ（演出多め）"
"UI-05960","ショッピングのAndroidアプリUI（ネオン・サイバー）","プロ（演出多め）"
"UI-05961","旅行・地図のAndroidアプリUI（信頼・誠実（コーポレート））","プロ（演出多め）"
"UI-05962","スマートホーム・IoTのiOSアプリUI（3D・クレイ）","プロ（演出多め）"
"UI-05963","学習・語学アプリのAndroidアプリUI（ミニマル・洗練）","上級"
"UI-05964","スマートホーム・IoTのWebアプリ（SaaS）UI（信頼・誠実（コーポレート））","プロ（演出多め）"
"UI-05965","ヘルスケア・フィットネス記録の管理画面・ダッシュボードUI（グラスモーフィズム）","プロ（演出多め）"
"UI-05966","家計簿・資産管理のキオスク・サイネージUI（ミニマル・洗練）","上級"
"UI-05967","マッチングのWebアプリ（SaaS）UI（ポップ・カラフル）","プロ（演出多め）"
"UI-05968","学習・語学アプリのAndroidアプリUI（ニューブルータリズム）","プロ（演出多め）"
"UI-05969","タスク・プロジェクト管理のWebアプリ（SaaS）UI（ナチュラル・オーガニック）","上級"
"UI-05970","SNS・コミュニティのキオスク・サイネージUI（ミニマル・洗練）","上級"
"UI-05971","顧客管理（CRM）のタブレット / POSUI（3D・クレイ）","プロ（演出多め）"
"UI-05972","アクセス解析・BIのAndroidアプリUI（ネオン・サイバー）","プロ（演出多め）"
"UI-05973","タスク・プロジェクト管理のWebアプリ（SaaS）UI（ニューブルータリズム）","上級"
"UI-05974","音楽・ポッドキャストのiOSアプリUI（ポップ・カラフル）","プロ（演出多め）"
"UI-05975","家計簿・資産管理のiOSアプリUI（ネオン・サイバー）","プロ（演出多め）"
"UI-05976","家計簿・資産管理のタブレット / POSUI（ナチュラル・オーガニック）","上級"
"UI-05977","フードデリバリーのiOSアプリUI（エディトリアル・雑誌風）","プロ（演出多め）"
"UI-05978","家計簿・資産管理のキオスク・サイネージUI（信頼・誠実（コーポレート））","プロ（演出多め）"
"UI-05979","マッチングの管理画面・ダッシュボードUI（クール・テック）","プロ（演出多め）"
"UI-05980","マッチングのWebアプリ（SaaS）UI（ポップ・カラフル）","プロ（演出多め）"
"UI-05981","ヘルスケア・フィットネス記録のWebアプリ（SaaS）UI（ニューブルータリズム）","上級"
"UI-05982","タスク・プロジェクト管理のスマートウォッチUI（パステル・ドリーミー）","プロ（演出多め）"
"UI-05983","旅行・地図のAndroidアプリUI（ジオメトリック・グラフィカル）","プロ（演出多め）"
"UI-05984","家計簿・資産管理のスマートウォッチUI（クール・テック）","上級"
"UI-05985","旅行・地図のiOSアプリUI（グラスモーフィズム）","プロ（演出多め）"
"UI-05986","アクセス解析・BIのタブレット / POSUI（エネルギッシュ・スポーティ）","上級"
"UI-05987","スマートホーム・IoTのスマートウォッチUI（3D・クレイ）","上級"
"UI-05988","旅行・地図のタブレット / POSUI（グラスモーフィズム）","上級"
"UI-05989","フードデリバリーのiOSアプリUI（ジオメトリック・グラフィカル）","プロ（演出多め）"
"UI-05990","顧客管理（CRM）のタブレット / POSUI（3D・クレイ）","上級"
"UI-05991","AIアシスタント・チャットのスマートウォッチUI（信頼・誠実（コーポレート））","上級"
"UI-05992","予約（サロン/ホテル/病院）の管理画面・ダッシュボードUI（3D・クレイ）","プロ（演出多め）"
"UI-05993","SNS・コミュニティのタブレット / POSUI（3D・クレイ）","上級"
"UI-05994","ヘルスケア・フィットネス記録のスマートウォッチUI（ミニマル・洗練）","プロ（演出多め）"
"UI-05995","家計簿・資産管理のキオスク・サイネージUI（グラスモーフィズム）","上級"
"UI-05996","アクセス解析・BIのスマートウォッチUI（パステル・ドリーミー）","上級"
"UI-05997","学習・語学アプリのタブレット / POSUI（ナチュラル・オーガニック）","プロ（演出多め）"
"UI-05998","顧客管理（CRM）のWebアプリ（SaaS）UI（ポップ・カラフル）","プロ（演出多め）"
"UI-05999","タスク・プロジェクト管理のiOSアプリUI（3D・クレイ）","上級"
"UI-06000","アクセス解析・BIのWebアプリ（SaaS）UI（ミニマル・洗練）","上級"
"UI-06001","タスク・プロジェクト管理のスマートウォッチUI（3D・クレイ）","プロ（演出多め）"
"UI-06002","SNS・コミュニティのiOSアプリUI（エネルギッシュ・スポーティ）","プロ（演出多め）"
"UI-06003","タスク・プロジェクト管理のキオスク・サイネージUI（ミニマル・洗練）","上級"
"UI-06004","飲食店モバイルオーダーのタブレット / POSUI（ミニマル・洗練）","上級"
"UI-06005","旅行・地図のスマートウォッチUI（ナチュラル・オーガニック）","プロ（演出多め）"
"UI-06006","タスク・プロジェクト管理のiOSアプリUI（和モダン）","上級"
"UI-06007","アクセス解析・BIの管理画面・ダッシュボードUI（ラグジュアリー・高級感）","プロ（演出多め）"
"UI-06008","顧客管理（CRM）の管理画面・ダッシュボードUI（ニューブルータリズム）","上級"
"UI-06009","タスク・プロジェクト管理のiOSアプリUI（ラグジュアリー・高級感）","上級"
"UI-06010","アクセス解析・BIのWebアプリ（SaaS）UI（ハンドメイド・手書き）","上級"
"UI-06011","音楽・ポッドキャストのiOSアプリUI（ミニマル・洗練）","プロ（演出多め）"
"UI-06012","アクセス解析・BIのWebアプリ（SaaS）UI（クール・テック）","上級"
"UI-06013","アクセス解析・BIのWebアプリ（SaaS）UI（エネルギッシュ・スポーティ）","プロ（演出多め）"
"UI-06014","顧客管理（CRM）の管理画面・ダッシュボードUI（信頼・誠実（コーポレート））","プロ（演出多め）"
"UI-06015","ショッピングのスマートウォッチUI（エネルギッシュ・スポーティ）","プロ（演出多め）"
"UI-06016","旅行・地図のスマートウォッチUI（ミニマル・洗練）","プロ（演出多め）"
"UI-06017","顧客管理（CRM）のWebアプリ（SaaS）UI（信頼・誠実（コーポレート））","プロ（演出多め）"
"UI-06018","ヘルスケア・フィットネス記録のスマートウォッチUI（信頼・誠実（コーポレート））","プロ（演出多め）"
"UI-06019","アクセス解析・BIのiOSアプリUI（ジオメトリック・グラフィカル）","上級"
"UI-06020","フードデリバリーのWebアプリ（SaaS）UI（ネオン・サイバー）","上級"
"UI-06021","AIアシスタント・チャットのタブレット / POSUI（パステル・ドリーミー）","プロ（演出多め）"
"UI-06022","スマートホーム・IoTの管理画面・ダッシュボードUI（ポップ・カラフル）","プロ（演出多め）"
"UI-06023","顧客管理（CRM）のWebアプリ（SaaS）UI（ニューブルータリズム）","プロ（演出多め）"
"UI-06024","予約（サロン/ホテル/病院）のタブレット / POSUI（ジオメトリック・グラフィカル）","プロ（演出多め）"
"UI-06025","音楽・ポッドキャストのAndroidアプリUI（ポップ・カラフル）","プロ（演出多め）"
"UI-06026","アクセス解析・BIの管理画面・ダッシュボードUI（信頼・誠実（コーポレート））","プロ（演出多め）"
"UI-06027","SNS・コミュニティのAndroidアプリUI（3D・クレイ）","上級"
"UI-06028","スマートホーム・IoTのスマートウォッチUI（クール・テック）","上級"
"UI-06029","タスク・プロジェクト管理のAndroidアプリUI（ニューブルータリズム）","上級"
"UI-06030","ヘルスケア・フィットネス記録のキオスク・サイネージUI（ミニマル・洗練）","プロ（演出多め）"
"UI-06031","ヘルスケア・フィットネス記録のiOSアプリUI（3D・クレイ）","プロ（演出多め）"
"UI-06032","SNS・コミュニティのキオスク・サイネージUI（ジオメトリック・グラフィカル）","プロ（演出多め）"
"UI-06033","マッチングのWebアプリ（SaaS）UI（ニューブルータリズム）","上級"
"UI-06034","予約（サロン/ホテル/病院）のiOSアプリUI（3D・クレイ）","プロ（演出多め）"
"UI-06035","ショッピングのスマートウォッチUI（ハンドメイド・手書き）","プロ（演出多め）"
"UI-06036","家計簿・資産管理のキオスク・サイネージUI（ニューブルータリズム）","プロ（演出多め）"
"UI-06037","アクセス解析・BIのiOSアプリUI（エネルギッシュ・スポーティ）","上級"
"UI-06038","旅行・地図の管理画面・ダッシュボードUI（信頼・誠実（コーポレート））","上級"
"UI-06039","学習・語学アプリの管理画面・ダッシュボードUI（ポップ・カラフル）","上級"
"UI-06040","アクセス解析・BIのタブレット / POSUI（レトロ・Y2K）","上級"
"UI-06041","フードデリバリーのWebアプリ（SaaS）UI（ポップ・カラフル）","プロ（演出多め）"
"UI-06042","家計簿・資産管理のスマートウォッチUI（ダーク・シネマティック）","プロ（演出多め）"
"UI-06043","ヘルスケア・フィットネス記録のタブレット / POSUI（ミニマル・洗練）","プロ（演出多め）"
"UI-06044","飲食店モバイルオーダーのスマートウォッチUI（パステル・ドリーミー）","プロ（演出多め）"
"UI-06045","予約（サロン/ホテル/病院）のWebアプリ（SaaS）UI（3D・クレイ）","プロ（演出多め）"
"UI-06046","マッチングの管理画面・ダッシュボードUI（ミニマル・洗練）","上級"
"UI-06047","フードデリバリーのキオスク・サイネージUI（クール・テック）","プロ（演出多め）"
"UI-06048","フードデリバリーのスマートウォッチUI（北欧・ライフスタイル）","上級"
"UI-06049","学習・語学アプリの管理画面・ダッシュボードUI（ニューブルータリズム）","上級"
"UI-06050","音楽・ポッドキャストのAndroidアプリUI（信頼・誠実（コーポレート））","上級"
"UI-06051","学習・語学アプリのタブレット / POSUI（ネオン・サイバー）","プロ（演出多め）"
"UI-06052","ヘルスケア・フィットネス記録のiOSアプリUI（エディトリアル・雑誌風）","プロ（演出多め）"
"UI-06053","学習・語学アプリのタブレット / POSUI（3D・クレイ）","上級"
"UI-06054","マッチングのiOSアプリUI（レトロ・Y2K）","プロ（演出多め）"
"UI-06055","家計簿・資産管理のiOSアプリUI（ポップ・カラフル）","プロ（演出多め）"
"UI-06056","飲食店モバイルオーダーのAndroidアプリUI（ポップ・カラフル）","プロ（演出多め）"
"UI-06057","マッチングのタブレット / POSUI（北欧・ライフスタイル）","プロ（演出多め）"
"UI-06058","音楽・ポッドキャストのスマートウォッチUI（和モダン）","プロ（演出多め）"
"UI-06059","飲食店モバイルオーダーのキオスク・サイネージUI（北欧・ライフスタイル）","上級"
"UI-06060","顧客管理（CRM）のタブレット / POSUI（エディトリアル・雑誌風）","プロ（演出多め）"
"UI-06061","スマートホーム・IoTのキオスク・サイネージUI（3D・クレイ）","上級"
"UI-06062","顧客管理（CRM）のWebアプリ（SaaS）UI（ポップ・カラフル）","プロ（演出多め）"
"UI-06063","アクセス解析・BIのAndroidアプリUI（パステル・ドリーミー）","プロ（演出多め）"
"UI-06064","ヘルスケア・フィットネス記録のAndroidアプリUI（ラグジュアリー・高級感）","上級"
"UI-06065","AIアシスタント・チャットのAndroidアプリUI（ネオン・サイバー）","プロ（演出多め）"
"UI-06066","顧客管理（CRM）のiOSアプリUI（ポップ・カラフル）","プロ（演出多め）"
"UI-06067","顧客管理（CRM）のタブレット / POSUI（ネオン・サイバー）","プロ（演出多め）"
"UI-06068","AIアシスタント・チャットのタブレット / POSUI（ダーク・シネマティック）","上級"
"UI-06069","マッチングのAndroidアプリUI（ネオン・サイバー）","プロ（演出多め）"
"UI-06070","アクセス解析・BIのスマートウォッチUI（ネオン・サイバー）","プロ（演出多め）"
"UI-06071","顧客管理（CRM）のタブレット / POSUI（クール・テック）","プロ（演出多め）"
"UI-06072","顧客管理（CRM）のWebアプリ（SaaS）UI（グラスモーフィズム）","プロ（演出多め）"
"UI-06073","学習・語学アプリのタブレット / POSUI（パステル・ドリーミー）","プロ（演出多め）"
"UI-06074","学習・語学アプリのタブレット / POSUI（ハンドメイド・手書き）","プロ（演出多め）"
"UI-06075","ヘルスケア・フィットネス記録のスマートウォッチUI（ニューブルータリズム）","上級"
"UI-06076","タスク・プロジェクト管理のiOSアプリUI（信頼・誠実（コーポレート））","上級"
"UI-06077","SNS・コミュニティのiOSアプリUI（ミニマル・洗練）","プロ（演出多め）"
"UI-06078","ショッピングのAndroidアプリUI（ポップ・カラフル）","プロ（演出多め）"
"UI-06079","マッチングのAndroidアプリUI（ミニマル・洗練）","上級"
"UI-06080","飲食店モバイルオーダーのAndroidアプリUI（ネオン・サイバー）","上級"
"UI-06081","旅行・地図の管理画面・ダッシュボードUI（クール・テック）","プロ（演出多め）"
"UI-06082","ヘルスケア・フィットネス記録のタブレット / POSUI（ネオン・サイバー）","プロ（演出多め）"
"UI-06083","旅行・地図のAndroidアプリUI（エネルギッシュ・スポーティ）","プロ（演出多め）"
"UI-06084","マッチングのタブレット / POSUI（ネオン・サイバー）","プロ（演出多め）"
"UI-06085","予約（サロン/ホテル/病院）のキオスク・サイネージUI（3D・クレイ）","プロ（演出多め）"
"UI-06086","タスク・プロジェクト管理のAndroidアプリUI（かわいい・ガーリー）","プロ（演出多め）"
"UI-06087","予約（サロン/ホテル/病院）のAndroidアプリUI（ポップ・カラフル）","プロ（演出多め）"
"UI-06088","ヘルスケア・フィットネス記録の管理画面・ダッシュボードUI（3D・クレイ）","プロ（演出多め）"
"UI-06089","AIアシスタント・チャットの管理画面・ダッシュボードUI（ネオン・サイバー）","上級"
"UI-06090","旅行・地図のキオスク・サイネージUI（ダーク・シネマティック）","プロ（演出多め）"
"UI-06091","AIアシスタント・チャットのタブレット / POSUI（ネオン・サイバー）","プロ（演出多め）"
"UI-06092","旅行・地図のAndroidアプリUI（3D・クレイ）","上級"
"UI-06093","ショッピングのAndroidアプリUI（ダーク・シネマティック）","プロ（演出多め）"
"UI-06094","ヘルスケア・フィットネス記録のスマートウォッチUI（パステル・ドリーミー）","プロ（演出多め）"
"UI-06095","スマートホーム・IoTのタブレット / POSUI（信頼・誠実（コーポレート））","プロ（演出多め）"
"UI-06096","AIアシスタント・チャットのiOSアプリUI（ナチュラル・オーガニック）","上級"
"UI-06097","タスク・プロジェクト管理のiOSアプリUI（クール・テック）","プロ（演出多め）"
"UI-06098","SNS・コミュニティのスマートウォッチUI（グラスモーフィズム）","プロ（演出多め）"
"UI-06099","音楽・ポッドキャストのタブレット / POSUI（ネオン・サイバー）","プロ（演出多め）"
"UI-06100","旅行・地図の管理画面・ダッシュボードUI（3D・クレイ）","上級"
"UI-06101","アクセス解析・BIの管理画面・ダッシュボードUI（北欧・ライフスタイル）","上級"
"UI-06102","ヘルスケア・フィットネス記録のAndroidアプリUI（ネオン・サイバー）","プロ（演出多め）"
"UI-06103","タスク・プロジェクト管理のタブレット / POSUI（グラスモーフィズム）","プロ（演出多め）"
"UI-06104","顧客管理（CRM）のiOSアプリUI（パステル・ドリーミー）","上級"
"UI-06105","フードデリバリーの管理画面・ダッシュボードUI（クール・テック）","プロ（演出多め）"
"UI-06106","顧客管理（CRM）のAndroidアプリUI（クール・テック）","プロ（演出多め）"
"UI-06107","SNS・コミュニティのiOSアプリUI（信頼・誠実（コーポレート））","プロ（演出多め）"
"UI-06108","タスク・プロジェクト管理のWebアプリ（SaaS）UI（レトロ・Y2K）","上級"
"UI-06109","ヘルスケア・フィットネス記録のキオスク・サイネージUI（ハンドメイド・手書き）","プロ（演出多め）"
"UI-06110","フードデリバリーのWebアプリ（SaaS）UI（3D・クレイ）","上級"
"UI-06111","SNS・コミュニティのAndroidアプリUI（ネオン・サイバー）","プロ（演出多め）"
"UI-06112","飲食店モバイルオーダーのiOSアプリUI（信頼・誠実（コーポレート））","プロ（演出多め）"
"UI-06113","家計簿・資産管理のタブレット / POSUI（グラスモーフィズム）","上級"
"UI-06114","フードデリバリーのタブレット / POSUI（パステル・ドリーミー）","上級"
"UI-06115","アクセス解析・BIのWebアプリ（SaaS）UI（クール・テック）","上級"
"UI-06116","フードデリバリーのiOSアプリUI（ネオン・サイバー）","プロ（演出多め）"
"UI-06117","音楽・ポッドキャストのiOSアプリUI（グラスモーフィズム）","プロ（演出多め）"
"UI-06118","予約（サロン/ホテル/病院）のAndroidアプリUI（ラグジュアリー・高級感）","プロ（演出多め）"
"UI-06119","アクセス解析・BIのWebアプリ（SaaS）UI（北欧・ライフスタイル）","上級"
"UI-06120","フードデリバリーのiOSアプリUI（和モダン）","プロ（演出多め）"
"UI-06121","音楽・ポッドキャストのタブレット / POSUI（ニューブルータリズム）","プロ（演出多め）"
"UI-06122","顧客管理（CRM）のキオスク・サイネージUI（クール・テック）","プロ（演出多め）"
"UI-06123","音楽・ポッドキャストのiOSアプリUI（ラグジュアリー・高級感）","プロ（演出多め）"
"UI-06124","SNS・コミュニティのタブレット / POSUI（信頼・誠実（コーポレート））","プロ（演出多め）"
"UI-06125","マッチングのiOSアプリUI（ハンドメイド・手書き）","上級"
"UI-06126","タスク・プロジェクト管理のWebアプリ（SaaS）UI（信頼・誠実（コーポレート））","上級"
"UI-06127","SNS・コミュニティのスマートウォッチUI（ニューブルータリズム）","上級"
"UI-06128","ヘルスケア・フィットネス記録のAndroidアプリUI（ポップ・カラフル）","プロ（演出多め）"
"UI-06129","家計簿・資産管理のタブレット / POSUI（和モダン）","プロ（演出多め）"
"UI-06130","音楽・ポッドキャストのAndroidアプリUI（ポップ・カラフル）","上級"
"UI-06131","家計簿・資産管理のスマートウォッチUI（3D・クレイ）","プロ（演出多め）"
"UI-06132","旅行・地図の管理画面・ダッシュボードUI（ニューブルータリズム）","プロ（演出多め）"
"UI-06133","スマートホーム・IoTのスマートウォッチUI（ポップ・カラフル）","上級"
"UI-06134","家計簿・資産管理の管理画面・ダッシュボードUI（パステル・ドリーミー）","プロ（演出多め）"
"UI-06135","旅行・地図のキオスク・サイネージUI（ニューブルータリズム）","プロ（演出多め）"
"UI-06136","AIアシスタント・チャットのAndroidアプリUI（パステル・ドリーミー）","プロ（演出多め）"
"UI-06137","スマートホーム・IoTのiOSアプリUI（ネオン・サイバー）","プロ（演出多め）"
"UI-06138","旅行・地図のキオスク・サイネージUI（ミニマル・洗練）","プロ（演出多め）"
"UI-06139","音楽・ポッドキャストのスマートウォッチUI（信頼・誠実（コーポレート））","プロ（演出多め）"
"UI-06140","顧客管理（CRM）のiOSアプリUI（ネオン・サイバー）","プロ（演出多め）"
"UI-06141","タスク・プロジェクト管理のiOSアプリUI（エディトリアル・雑誌風）","上級"
"UI-06142","アクセス解析・BIのスマートウォッチUI（クール・テック）","プロ（演出多め）"
"UI-06143","スマートホーム・IoTのタブレット / POSUI（ネオン・サイバー）","プロ（演出多め）"
"UI-06144","飲食店モバイルオーダーのキオスク・サイネージUI（クール・テック）","上級"
"UI-06145","アクセス解析・BIのタブレット / POSUI（ネオン・サイバー）","上級"
"UI-06146","フードデリバリーのスマートウォッチUI（ニューブルータリズム）","プロ（演出多め）"
"UI-06147","旅行・地図のタブレット / POSUI（ジオメトリック・グラフィカル）","プロ（演出多め）"
"UI-06148","旅行・地図のiOSアプリUI（ハンドメイド・手書き）","プロ（演出多め）"
"UI-06149","アクセス解析・BIのスマートウォッチUI（パステル・ドリーミー）","プロ（演出多め）"
"UI-06150","顧客管理（CRM）のタブレット / POSUI（エディトリアル・雑誌風）","上級"
"UI-06151","タスク・プロジェクト管理のAndroidアプリUI（ポップ・カラフル）","プロ（演出多め）"
"UI-06152","顧客管理（CRM）のAndroidアプリUI（ニューブルータリズム）","プロ（演出多め）"
"UI-06153","マッチングのiOSアプリUI（ニューブルータリズム）","上級"
"UI-06154","旅行・地図のキオスク・サイネージUI（ミニマル・洗練）","プロ（演出多め）"
"UI-06155","音楽・ポッドキャストのタブレット / POSUI（ネオン・サイバー）","プロ（演出多め）"
"UI-06156","学習・語学アプリのiOSアプリUI（グラスモーフィズム）","上級"
"UI-06157","AIアシスタント・チャットのWebアプリ（SaaS）UI（クール・テック）","上級"
"UI-06158","AIアシスタント・チャットのAndroidアプリUI（3D・クレイ）","プロ（演出多め）"
"UI-06159","旅行・地図のキオスク・サイネージUI（グラスモーフィズム）","プロ（演出多め）"
"UI-06160","音楽・ポッドキャストのWebアプリ（SaaS）UI（ミニマル・洗練）","プロ（演出多め）"
"UI-06161","マッチングの管理画面・ダッシュボードUI（エネルギッシュ・スポーティ）","上級"
"UI-06162","AIアシスタント・チャットのスマートウォッチUI（ダーク・シネマティック）","プロ（演出多め）"
"UI-06163","スマートホーム・IoTのWebアプリ（SaaS）UI（クール・テック）","プロ（演出多め）"
"UI-06164","ヘルスケア・フィットネス記録のiOSアプリUI（ネオン・サイバー）","プロ（演出多め）"
"UI-06165","予約（サロン/ホテル/病院）のキオスク・サイネージUI（ポップ・カラフル）","上級"
"UI-06166","スマートホーム・IoTのスマートウォッチUI（和モダン）","上級"
"UI-06167","タスク・プロジェクト管理のタブレット / POSUI（ネオン・サイバー）","上級"
"UI-06168","アクセス解析・BIの管理画面・ダッシュボードUI（グラスモーフィズム）","プロ（演出多め）"
"UI-06169","予約（サロン/ホテル/病院）のスマートウォッチUI（パステル・ドリーミー）","プロ（演出多め）"
"UI-06170","スマートホーム・IoTのキオスク・サイネージUI（ポップ・カラフル）","上級"
"UI-06171","予約（サロン/ホテル/病院）の管理画面・ダッシュボードUI（3D・クレイ）","プロ（演出多め）"
"UI-06172","ショッピングのAndroidアプリUI（クール・テック）","プロ（演出多め）"
"UI-06173","顧客管理（CRM）のWebアプリ（SaaS）UI（クール・テック）","上級"
"UI-06174","SNS・コミュニティのスマートウォッチUI（ニューブルータリズム）","プロ（演出多め）"
"UI-06175","音楽・ポッドキャストのiOSアプリUI（信頼・誠実（コーポレート））","プロ（演出多め）"
"UI-06176","マッチングのキオスク・サイネージUI（クール・テック）","プロ（演出多め）"
"UI-06177","スマートホーム・IoTのWebアプリ（SaaS）UI（ミニマル・洗練）","上級"
"UI-06178","顧客管理（CRM）のスマートウォッチUI（ミニマル・洗練）","上級"
"UI-06179","アクセス解析・BIのWebアプリ（SaaS）UI（信頼・誠実（コーポレート））","プロ（演出多め）"
"UI-06180","AIアシスタント・チャットの管理画面・ダッシュボードUI（ネオン・サイバー）","プロ（演出多め）"
"UI-06181","顧客管理（CRM）の管理画面・ダッシュボードUI（和モダン）","上級"
"UI-06182","学習・語学アプリのiOSアプリUI（パステル・ドリーミー）","プロ（演出多め）"
"UI-06183","タスク・プロジェクト管理のAndroidアプリUI（エネルギッシュ・スポーティ）","プロ（演出多め）"
"UI-06184","音楽・ポッドキャストのキオスク・サイネージUI（クール・テック）","プロ（演出多め）"
"UI-06185","音楽・ポッドキャストのタブレット / POSUI（ミニマル・洗練）","プロ（演出多め）"
"UI-06186","AIアシスタント・チャットのキオスク・サイネージUI（ネオン・サイバー）","プロ（演出多め）"
"UI-06187","ヘルスケア・フィットネス記録のスマートウォッチUI（ニューブルータリズム）","上級"
"UI-06188","タスク・プロジェクト管理のスマートウォッチUI（ネオン・サイバー）","プロ（演出多め）"
"UI-06189","フードデリバリーのAndroidアプリUI（グラスモーフィズム）","プロ（演出多め）"
"UI-06190","タスク・プロジェクト管理のタブレット / POSUI（ミニマル・洗練）","プロ（演出多め）"
"UI-06191","家計簿・資産管理のWebアプリ（SaaS）UI（和モダン）","上級"
"UI-06192","AIアシスタント・チャットのスマートウォッチUI（ポップ・カラフル）","プロ（演出多め）"
"UI-06193","旅行・地図のWebアプリ（SaaS）UI（ナチュラル・オーガニック）","プロ（演出多め）"
"UI-06194","音楽・ポッドキャストの管理画面・ダッシュボードUI（クール・テック）","プロ（演出多め）"
"UI-06195","フードデリバリーのタブレット / POSUI（ポップ・カラフル）","プロ（演出多め）"
"UI-06196","学習・語学アプリの管理画面・ダッシュボードUI（信頼・誠実（コーポレート））","プロ（演出多め）"
"UI-06197","ヘルスケア・フィットネス記録のiOSアプリUI（かわいい・ガーリー）","上級"
"UI-06198","ショッピングのタブレット / POSUI（かわいい・ガーリー）","プロ（演出多め）"
"UI-06199","飲食店モバイルオーダーの管理画面・ダッシュボードUI（ミニマル・洗練）","プロ（演出多め）"
"UI-06200","スマートホーム・IoTのタブレット / POSUI（パステル・ドリーミー）","プロ（演出多め）"
"UI-06201","旅行・地図のタブレット / POSUI（ニューブルータリズム）","プロ（演出多め）"
"UI-06202","フードデリバリーのキオスク・サイネージUI（和モダン）","上級"
"UI-06203","飲食店モバイルオーダーの管理画面・ダッシュボードUI（3D・クレイ）","上級"
"UI-06204","音楽・ポッドキャストのスマートウォッチUI（グラスモーフィズム）","プロ（演出多め）"
"UI-06205","タスク・プロジェクト管理のWebアプリ（SaaS）UI（3D・クレイ）","上級"
"UI-06206","予約（サロン/ホテル/病院）のWebアプリ（SaaS）UI（北欧・ライフスタイル）","プロ（演出多め）"
"UI-06207","タスク・プロジェクト管理のタブレット / POSUI（ネオン・サイバー）","プロ（演出多め）"
"UI-06208","スマートホーム・IoTのWebアプリ（SaaS）UI（クール・テック）","上級"
"UI-06209","ヘルスケア・フィットネス記録のWebアプリ（SaaS）UI（ハンドメイド・手書き）","プロ（演出多め）"
"UI-06210","学習・語学アプリのスマートウォッチUI（クール・テック）","プロ（演出多め）"
"UI-06211","タスク・プロジェクト管理のタブレット / POSUI（クール・テック）","プロ（演出多め）"
"UI-06212","音楽・ポッドキャストのキオスク・サイネージUI（ポップ・カラフル）","プロ（演出多め）"
"UI-06213","AIアシスタント・チャットのスマートウォッチUI（パステル・ドリーミー）","プロ（演出多め）"
"UI-06214","予約（サロン/ホテル/病院）のWebアプリ（SaaS）UI（パステル・ドリーミー）","プロ（演出多め）"
"UI-06215","旅行・地図のタブレット / POSUI（3D・クレイ）","プロ（演出多め）"
"UI-06216","家計簿・資産管理のiOSアプリUI（和モダン）","プロ（演出多め）"
"UI-06217","顧客管理（CRM）のタブレット / POSUI（信頼・誠実（コーポレート））","プロ（演出多め）"
"UI-06218","タスク・プロジェクト管理のAndroidアプリUI（ナチュラル・オーガニック）","プロ（演出多め）"
"UI-06219","AIアシスタント・チャットのスマートウォッチUI（グラスモーフィズム）","プロ（演出多め）"
"UI-06220","音楽・ポッドキャストのiOSアプリUI（ラグジュアリー・高級感）","プロ（演出多め）"
"UI-06221","アクセス解析・BIの管理画面・ダッシュボードUI（ポップ・カラフル）","プロ（演出多め）"
"UI-06222","旅行・地図のスマートウォッチUI（クール・テック）","プロ（演出多め）"
"UI-06223","飲食店モバイルオーダーのWebアプリ（SaaS）UI（クール・テック）","上級"
"UI-06224","アクセス解析・BIのWebアプリ（SaaS）UI（エネルギッシュ・スポーティ）","プロ（演出多め）"
"UI-06225","アクセス解析・BIのキオスク・サイネージUI（ナチュラル・オーガニック）","プロ（演出多め）"
"UI-06226","AIアシスタント・チャットのスマートウォッチUI（パステル・ドリーミー）","プロ（演出多め）"
"UI-06227","スマートホーム・IoTのスマートウォッチUI（ダーク・シネマティック）","上級"
"UI-06228","学習・語学アプリのスマートウォッチUI（ミニマル・洗練）","上級"
"UI-06229","アクセス解析・BIのキオスク・サイネージUI（ニューブルータリズム）","上級"
"UI-06230","SNS・コミュニティのAndroidアプリUI（信頼・誠実（コーポレート））","上級"
"UI-06231","学習・語学アプリのWebアプリ（SaaS）UI（信頼・誠実（コーポレート））","プロ（演出多め）"
"UI-06232","ショッピングのキオスク・サイネージUI（ポップ・カラフル）","プロ（演出多め）"
"UI-06233","旅行・地図のiOSアプリUI（和モダン）","上級"
"UI-06234","スマートホーム・IoTのタブレット / POSUI（ダーク・シネマティック）","プロ（演出多め）"
"UI-06235","学習・語学アプリのAndroidアプリUI（ニューブルータリズム）","上級"
"UI-06236","スマートホーム・IoTのタブレット / POSUI（信頼・誠実（コーポレート））","プロ（演出多め）"
"UI-06237","AIアシスタント・チャットのAndroidアプリUI（ポップ・カラフル）","プロ（演出多め）"
"UI-06238","マッチングのキオスク・サイネージUI（北欧・ライフスタイル）","プロ（演出多め）"
"UI-06239","フードデリバリーのタブレット / POSUI（エネルギッシュ・スポーティ）","プロ（演出多め）"
"UI-06240","マッチングのタブレット / POSUI（ポップ・カラフル）","上級"
"UI-06241","スマートホーム・IoTのスマートウォッチUI（ネオン・サイバー）","上級"
"UI-06242","家計簿・資産管理のWebアプリ（SaaS）UI（3D・クレイ）","プロ（演出多め）"
"UI-06243","タスク・プロジェクト管理のiOSアプリUI（クール・テック）","プロ（演出多め）"
"UI-06244","SNS・コミュニティの管理画面・ダッシュボードUI（ダーク・シネマティック）","上級"
"UI-06245","学習・語学アプリの管理画面・ダッシュボードUI（ニューブルータリズム）","上級"
"UI-06246","SNS・コミュニティのiOSアプリUI（ニューブルータリズム）","プロ（演出多め）"
"UI-06247","AIアシスタント・チャットのWebアプリ（SaaS）UI（ミニマル・洗練）","プロ（演出多め）"
"UI-06248","家計簿・資産管理のタブレット / POSUI（グラスモーフィズム）","プロ（演出多め）"
"UI-06249","アクセス解析・BIのWebアプリ（SaaS）UI（クール・テック）","上級"
"UI-06250","タスク・プロジェクト管理のキオスク・サイネージUI（クール・テック）","上級"
"UI-06251","予約（サロン/ホテル/病院）のWebアプリ（SaaS）UI（ポップ・カラフル）","プロ（演出多め）"
"UI-06252","フードデリバリーのWebアプリ（SaaS）UI（パステル・ドリーミー）","プロ（演出多め）"
"UI-06253","ヘルスケア・フィットネス記録のタブレット / POSUI（3D・クレイ）","プロ（演出多め）"
"UI-06254","音楽・ポッドキャストの管理画面・ダッシュボードUI（信頼・誠実（コーポレート））","プロ（演出多め）"
"UI-06255","音楽・ポッドキャストのタブレット / POSUI（ネオン・サイバー）","プロ（演出多め）"
"UI-06256","予約（サロン/ホテル/病院）のキオスク・サイネージUI（ハンドメイド・手書き）","プロ（演出多め）"
"UI-06257","飲食店モバイルオーダーのAndroidアプリUI（クール・テック）","上級"
"UI-06258","音楽・ポッドキャストのスマートウォッチUI（3D・クレイ）","プロ（演出多め）"
"UI-06259","ショッピングのキオスク・サイネージUI（パステル・ドリーミー）","プロ（演出多め）"
"UI-06260","タスク・プロジェクト管理のAndroidアプリUI（ネオン・サイバー）","上級"
"UI-06261","家計簿・資産管理のタブレット / POSUI（ポップ・カラフル）","プロ（演出多め）"
"UI-06262","予約（サロン/ホテル/病院）のiOSアプリUI（ポップ・カラフル）","プロ（演出多め）"
"UI-06263","フードデリバリーの管理画面・ダッシュボードUI（かわいい・ガーリー）","プロ（演出多め）"
"UI-06264","顧客管理（CRM）のスマートウォッチUI（3D・クレイ）","上級"
"UI-06265","音楽・ポッドキャストのキオスク・サイネージUI（信頼・誠実（コーポレート））","プロ（演出多め）"
"UI-06266","飲食店モバイルオーダーのスマートウォッチUI（ラグジュアリー・高級感）","プロ（演出多め）"
"UI-06267","マッチングのタブレット / POSUI（パステル・ドリーミー）","上級"
"UI-06268","タスク・プロジェクト管理のキオスク・サイネージUI（クール・テック）","上級"
"UI-06269","フードデリバリーのAndroidアプリUI（ニューブルータリズム）","上級"
"UI-06270","ヘルスケア・フィットネス記録のAndroidアプリUI（クール・テック）","プロ（演出多め）"
"UI-06271","ヘルスケア・フィットネス記録のスマートウォッチUI（クール・テック）","プロ（演出多め）"
"UI-06272","AIアシスタント・チャットのスマートウォッチUI（ミニマル・洗練）","上級"
"UI-06273","SNS・コミュニティのスマートウォッチUI（ポップ・カラフル）","上級"
"UI-06274","ヘルスケア・フィットネス記録のWebアプリ（SaaS）UI（ポップ・カラフル）","プロ（演出多め）"
"UI-06275","マッチングのキオスク・サイネージUI（グラスモーフィズム）","プロ（演出多め）"
"UI-06276","予約（サロン/ホテル/病院）のキオスク・サイネージUI（信頼・誠実（コーポレート））","プロ（演出多め）"
"UI-06277","スマートホーム・IoTのWebアプリ（SaaS）UI（ナチュラル・オーガニック）","上級"
"UI-06278","旅行・地図の管理画面・ダッシュボードUI（信頼・誠実（コーポレート））","上級"
"UI-06279","予約（サロン/ホテル/病院）のWebアプリ（SaaS）UI（ネオン・サイバー）","プロ（演出多め）"
"UI-06280","AIアシスタント・チャットのWebアプリ（SaaS）UI（ダーク・シネマティック）","プロ（演出多め）"
"UI-06281","タスク・プロジェクト管理のiOSアプリUI（ネオン・サイバー）","プロ（演出多め）"
"UI-06282","ショッピングのタブレット / POSUI（ポップ・カラフル）","プロ（演出多め）"
"UI-06283","ショッピングのAndroidアプリUI（信頼・誠実（コーポレート））","プロ（演出多め）"
"UI-06284","AIアシスタント・チャットの管理画面・ダッシュボードUI（パステル・ドリーミー）","プロ（演出多め）"
"UI-06285","ヘルスケア・フィットネス記録のAndroidアプリUI（信頼・誠実（コーポレート））","上級"
"UI-06286","SNS・コミュニティのスマートウォッチUI（グラスモーフィズム）","プロ（演出多め）"
"UI-06287","タスク・プロジェクト管理のiOSアプリUI（クール・テック）","プロ（演出多め）"
"UI-06288","タスク・プロジェクト管理のスマートウォッチUI（ポップ・カラフル）","上級"
"UI-06289","予約（サロン/ホテル/病院）のWebアプリ（SaaS）UI（パステル・ドリーミー）","プロ（演出多め）"
"UI-06290","フードデリバリーの管理画面・ダッシュボードUI（ナチュラル・オーガニック）","プロ（演出多め）"
"UI-06291","顧客管理（CRM）のスマートウォッチUI（ニューブルータリズム）","プロ（演出多め）"
"UI-06292","スマートホーム・IoTのスマートウォッチUI（パステル・ドリーミー）","プロ（演出多め）"
"UI-06293","旅行・地図のタブレット / POSUI（ニューブルータリズム）","プロ（演出多め）"
"UI-06294","フードデリバリーのキオスク・サイネージUI（ネオン・サイバー）","上級"
"UI-06295","ヘルスケア・フィットネス記録のタブレット / POSUI（3D・クレイ）","プロ（演出多め）"
"UI-06296","マッチングのWebアプリ（SaaS）UI（ミニマル・洗練）","プロ（演出多め）"
"UI-06297","AIアシスタント・チャットのAndroidアプリUI（ミニマル・洗練）","上級"
"UI-06298","タスク・プロジェクト管理のタブレット / POSUI（ミニマル・洗練）","プロ（演出多め）"
"UI-06299","飲食店モバイルオーダーのAndroidアプリUI（ネオン・サイバー）","プロ（演出多め）"
"UI-06300","タスク・プロジェクト管理のタブレット / POSUI（グラスモーフィズム）","上級"
"UI-06301","マッチングのAndroidアプリUI（信頼・誠実（コーポレート））","プロ（演出多め）"
"UI-06302","フードデリバリーのキオスク・サイネージUI（信頼・誠実（コーポレート））","上級"
"UI-06303","SNS・コミュニティのスマートウォッチUI（ハンドメイド・手書き）","プロ（演出多め）"
"UI-06304","飲食店モバイルオーダーのiOSアプリUI（ポップ・カラフル）","プロ（演出多め）"
"UI-06305","旅行・地図のタブレット / POSUI（ネオン・サイバー）","上級"
"UI-06306","学習・語学アプリのWebアプリ（SaaS）UI（グラスモーフィズム）","プロ（演出多め）"
"UI-06307","アクセス解析・BIのキオスク・サイネージUI（エネルギッシュ・スポーティ）","プロ（演出多め）"
"UI-06308","旅行・地図のスマートウォッチUI（パステル・ドリーミー）","プロ（演出多め）"
"UI-06309","フードデリバリーのAndroidアプリUI（和モダン）","上級"
"UI-06310","学習・語学アプリのiOSアプリUI（クール・テック）","プロ（演出多め）"
"UI-06311","アクセス解析・BIの管理画面・ダッシュボードUI（ネオン・サイバー）","プロ（演出多め）"
"UI-06312","アクセス解析・BIのタブレット / POSUI（3D・クレイ）","プロ（演出多め）"
"UI-06313","マッチングのWebアプリ（SaaS）UI（パステル・ドリーミー）","上級"
"UI-06314","SNS・コミュニティのAndroidアプリUI（かわいい・ガーリー）","プロ（演出多め）"
"UI-06315","ヘルスケア・フィットネス記録のキオスク・サイネージUI（ミニマル・洗練）","プロ（演出多め）"
"UI-06316","家計簿・資産管理のキオスク・サイネージUI（レトロ・Y2K）","プロ（演出多め）"
"UI-06317","AIアシスタント・チャットのWebアプリ（SaaS）UI（グラスモーフィズム）","プロ（演出多め）"
"UI-06318","フードデリバリーのキオスク・サイネージUI（3D・クレイ）","プロ（演出多め）"
"UI-06319","旅行・地図のAndroidアプリUI（ジオメトリック・グラフィカル）","プロ（演出多め）"
"UI-06320","家計簿・資産管理のAndroidアプリUI（かわいい・ガーリー）","上級"
"UI-06321","マッチングのスマートウォッチUI（3D・クレイ）","上級"
"UI-06322","予約（サロン/ホテル/病院）のタブレット / POSUI（パステル・ドリーミー）","プロ（演出多め）"
"UI-06323","ショッピングのスマートウォッチUI（パステル・ドリーミー）","プロ（演出多め）"
"UI-06324","アクセス解析・BIのiOSアプリUI（クール・テック）","プロ（演出多め）"
"UI-06325","SNS・コミュニティのWebアプリ（SaaS）UI（ポップ・カラフル）","プロ（演出多め）"
"UI-06326","顧客管理（CRM）のAndroidアプリUI（信頼・誠実（コーポレート））","上級"
"UI-06327","飲食店モバイルオーダーのキオスク・サイネージUI（グラスモーフィズム）","プロ（演出多め）"
"UI-06328","AIアシスタント・チャットのWebアプリ（SaaS）UI（クール・テック）","プロ（演出多め）"
"UI-06329","スマートホーム・IoTのキオスク・サイネージUI（3D・クレイ）","上級"
"UI-06330","飲食店モバイルオーダーのWebアプリ（SaaS）UI（ポップ・カラフル）","プロ（演出多め）"
"UI-06331","SNS・コミュニティのAndroidアプリUI（ミニマル・洗練）","上級"
"UI-06332","フードデリバリーのAndroidアプリUI（グラスモーフィズム）","上級"
"UI-06333","顧客管理（CRM）のAndroidアプリUI（信頼・誠実（コーポレート））","プロ（演出多め）"
"UI-06334","学習・語学アプリのAndroidアプリUI（ネオン・サイバー）","プロ（演出多め）"
"UI-06335","顧客管理（CRM）のスマートウォッチUI（クール・テック）","上級"
"UI-06336","飲食店モバイルオーダーのWebアプリ（SaaS）UI（ニューブルータリズム）","上級"
"UI-06337","スマートホーム・IoTの管理画面・ダッシュボードUI（ニューブルータリズム）","プロ（演出多め）"
"UI-06338","音楽・ポッドキャストのAndroidアプリUI（北欧・ライフスタイル）","プロ（演出多め）"
"UI-06339","ヘルスケア・フィットネス記録のスマートウォッチUI（信頼・誠実（コーポレート））","プロ（演出多め）"
"UI-06340","ヘルスケア・フィットネス記録の管理画面・ダッシュボードUI（グラスモーフィズム）","上級"
"UI-06341","マッチングの管理画面・ダッシュボードUI（3D・クレイ）","プロ（演出多め）"
"UI-06342","ショッピングの管理画面・ダッシュボードUI（ネオン・サイバー）","プロ（演出多め）"
"UI-06343","予約（サロン/ホテル/病院）のスマートウォッチUI（グラスモーフィズム）","プロ（演出多め）"
"UI-06344","飲食店モバイルオーダーのAndroidアプリUI（ポップ・カラフル）","上級"
"UI-06345","家計簿・資産管理のiOSアプリUI（ニューブルータリズム）","上級"
"UI-06346","学習・語学アプリのキオスク・サイネージUI（パステル・ドリーミー）","プロ（演出多め）"
"UI-06347","AIアシスタント・チャットの管理画面・ダッシュボードUI（信頼・誠実（コーポレート））","プロ（演出多め）"
"UI-06348","SNS・コミュニティの管理画面・ダッシュボードUI（グラスモーフィズム）","プロ（演出多め）"
"UI-06349","ヘルスケア・フィットネス記録のタブレット / POSUI（ミニマル・洗練）","上級"
"UI-06350","SNS・コミュニティのキオスク・サイネージUI（和モダン）","上級"
"UI-06351","旅行・地図のAndroidアプリUI（ナチュラル・オーガニック）","プロ（演出多め）"
"UI-06352","フードデリバリーの管理画面・ダッシュボードUI（ハンドメイド・手書き）","上級"
"UI-06353","スマートホーム・IoTのタブレット / POSUI（3D・クレイ）","プロ（演出多め）"
"UI-06354","学習・語学アプリのスマートウォッチUI（ミニマル・洗練）","上級"
"UI-06355","家計簿・資産管理のAndroidアプリUI（パステル・ドリーミー）","プロ（演出多め）"
"UI-06356","予約（サロン/ホテル/病院）のWebアプリ（SaaS）UI（信頼・誠実（コーポレート））","プロ（演出多め）"
"UI-06357","ショッピングのAndroidアプリUI（クール・テック）","プロ（演出多め）"
"UI-06358","予約（サロン/ホテル/病院）のキオスク・サイネージUI（ネオン・サイバー）","プロ（演出多め）"
"UI-06359","アクセス解析・BIのWebアプリ（SaaS）UI（パステル・ドリーミー）","プロ（演出多め）"
"UI-06360","タスク・プロジェクト管理の管理画面・ダッシュボードUI（かわいい・ガーリー）","プロ（演出多め）"
"UI-06361","顧客管理（CRM）のキオスク・サイネージUI（グラスモーフィズム）","プロ（演出多め）"
"UI-06362","ヘルスケア・フィットネス記録の管理画面・ダッシュボードUI（3D・クレイ）","プロ（演出多め）"
"UI-06363","学習・語学アプリのキオスク・サイネージUI（ミニマル・洗練）","上級"
"UI-06364","アクセス解析・BIのタブレット / POSUI（信頼・誠実（コーポレート））","上級"
"UI-06365","ヘルスケア・フィットネス記録のWebアプリ（SaaS）UI（レトロ・Y2K）","プロ（演出多め）"
"UI-06366","AIアシスタント・チャットのiOSアプリUI（ミニマル・洗練）","上級"
"UI-06367","家計簿・資産管理の管理画面・ダッシュボードUI（パステル・ドリーミー）","プロ（演出多め）"
"UI-06368","AIアシスタント・チャットのAndroidアプリUI（ミニマル・洗練）","プロ（演出多め）"
"UI-06369","家計簿・資産管理のAndroidアプリUI（和モダン）","上級"
"UI-06370","タスク・プロジェクト管理のiOSアプリUI（ハンドメイド・手書き）","プロ（演出多め）"
"UI-06371","フードデリバリーのWebアプリ（SaaS）UI（ポップ・カラフル）","上級"
"UI-06372","スマートホーム・IoTの管理画面・ダッシュボードUI（ネオン・サイバー）","上級"
"UI-06373","家計簿・資産管理のAndroidアプリUI（信頼・誠実（コーポレート））","プロ（演出多め）"
"UI-06374","予約（サロン/ホテル/病院）のAndroidアプリUI（ナチュラル・オーガニック）","上級"
"UI-06375","予約（サロン/ホテル/病院）のiOSアプリUI（3D・クレイ）","プロ（演出多め）"
"UI-06376","タスク・プロジェクト管理のAndroidアプリUI（ネオン・サイバー）","プロ（演出多め）"
"UI-06377","AIアシスタント・チャットのキオスク・サイネージUI（クール・テック）","上級"
"UI-06378","家計簿・資産管理のタブレット / POSUI（ミニマル・洗練）","プロ（演出多め）"
"UI-06379","家計簿・資産管理のキオスク・サイネージUI（ミニマル・洗練）","プロ（演出多め）"
"UI-06380","飲食店モバイルオーダーのWebアプリ（SaaS）UI（ミニマル・洗練）","プロ（演出多め）"
"UI-06381","AIアシスタント・チャットのWebアプリ（SaaS）UI（ダーク・シネマティック）","プロ（演出多め）"
"UI-06382","音楽・ポッドキャストのキオスク・サイネージUI（3D・クレイ）","上級"
"UI-06383","スマートホーム・IoTのキオスク・サイネージUI（信頼・誠実（コーポレート））","プロ（演出多め）"
"UI-06384","家計簿・資産管理のスマートウォッチUI（ネオン・サイバー）","プロ（演出多め）"
"UI-06385","SNS・コミュニティのWebアプリ（SaaS）UI（ニューブルータリズム）","上級"
"UI-06386","家計簿・資産管理のAndroidアプリUI（3D・クレイ）","プロ（演出多め）"
"UI-06387","旅行・地図の管理画面・ダッシュボードUI（エディトリアル・雑誌風）","プロ（演出多め）"
"UI-06388","家計簿・資産管理のiOSアプリUI（グラスモーフィズム）","プロ（演出多め）"
"UI-06389","家計簿・資産管理の管理画面・ダッシュボードUI（信頼・誠実（コーポレート））","プロ（演出多め）"
"UI-06390","音楽・ポッドキャストのタブレット / POSUI（信頼・誠実（コーポレート））","プロ（演出多め）"
"UI-06391","マッチングのAndroidアプリUI（ニューブルータリズム）","プロ（演出多め）"
"UI-06392","ショッピングのスマートウォッチUI（ダーク・シネマティック）","上級"
"UI-06393","家計簿・資産管理のWebアプリ（SaaS）UI（ニューブルータリズム）","プロ（演出多め）"
"UI-06394","音楽・ポッドキャストのキオスク・サイネージUI（かわいい・ガーリー）","プロ（演出多め）"
"UI-06395","SNS・コミュニティのタブレット / POSUI（3D・クレイ）","プロ（演出多め）"
"UI-06396","スマートホーム・IoTのWebアプリ（SaaS）UI（ジオメトリック・グラフィカル）","上級"
"UI-06397","フードデリバリーのスマートウォッチUI（信頼・誠実（コーポレート））","プロ（演出多め）"
"UI-06398","SNS・コミュニティのWebアプリ（SaaS）UI（クール・テック）","上級"
"UI-06399","ヘルスケア・フィットネス記録のWebアプリ（SaaS）UI（信頼・誠実（コーポレート））","プロ（演出多め）"
"UI-06400","予約（サロン/ホテル/病院）のiOSアプリUI（ミニマル・洗練）","上級"
"UI-06401","顧客管理（CRM）のiOSアプリUI（信頼・誠実（コーポレート））","上級"
"UI-06402","学習・語学アプリのWebアプリ（SaaS）UI（クール・テック）","プロ（演出多め）"
"UI-06403","音楽・ポッドキャストのキオスク・サイネージUI（信頼・誠実（コーポレート））","上級"
"UI-06404","予約（サロン/ホテル/病院）のiOSアプリUI（信頼・誠実（コーポレート））","プロ（演出多め）"
"UI-06405","AIアシスタント・チャットのタブレット / POSUI（ラグジュアリー・高級感）","プロ（演出多め）"
"UI-06406","AIアシスタント・チャットのタブレット / POSUI（ネオン・サイバー）","プロ（演出多め）"
"UI-06407","SNS・コミュニティのWebアプリ（SaaS）UI（ニューブルータリズム）","プロ（演出多め）"
"UI-06408","マッチングのタブレット / POSUI（信頼・誠実（コーポレート））","上級"
"UI-06409","スマートホーム・IoTのキオスク・サイネージUI（グラスモーフィズム）","プロ（演出多め）"
"UI-06410","SNS・コミュニティの管理画面・ダッシュボードUI（ニューブルータリズム）","上級"
"UI-06411","学習・語学アプリのWebアプリ（SaaS）UI（ニューブルータリズム）","プロ（演出多め）"
"UI-06412","アクセス解析・BIのAndroidアプリUI（ニューブルータリズム）","プロ（演出多め）"
"UI-06413","ヘルスケア・フィットネス記録のWebアプリ（SaaS）UI（ポップ・カラフル）","プロ（演出多め）"
"UI-06414","学習・語学アプリのスマートウォッチUI（グラスモーフィズム）","プロ（演出多め）"
"UI-06415","旅行・地図のタブレット / POSUI（ポップ・カラフル）","プロ（演出多め）"
"UI-06416","AIアシスタント・チャットのAndroidアプリUI（ミニマル・洗練）","プロ（演出多め）"
"UI-06417","予約（サロン/ホテル/病院）のAndroidアプリUI（かわいい・ガーリー）","上級"
"UI-06418","旅行・地図のWebアプリ（SaaS）UI（グラスモーフィズム）","上級"
"UI-06419","旅行・地図のiOSアプリUI（ナチュラル・オーガニック）","プロ（演出多め）"
"UI-06420","飲食店モバイルオーダーのWebアプリ（SaaS）UI（ネオン・サイバー）","プロ（演出多め）"
"UI-06421","顧客管理（CRM）のAndroidアプリUI（ニューブルータリズム）","プロ（演出多め）"
"UI-06422","飲食店モバイルオーダーのキオスク・サイネージUI（北欧・ライフスタイル）","プロ（演出多め）"
"UI-06423","タスク・プロジェクト管理のWebアプリ（SaaS）UI（ミニマル・洗練）","プロ（演出多め）"
"UI-06424","SNS・コミュニティのキオスク・サイネージUI（3D・クレイ）","上級"
"UI-06425","スマートホーム・IoTのキオスク・サイネージUI（ミニマル・洗練）","プロ（演出多め）"
"UI-06426","学習・語学アプリのiOSアプリUI（ニューブルータリズム）","プロ（演出多め）"
"UI-06427","SNS・コミュニティのiOSアプリUI（3D・クレイ）","上級"
"UI-06428","マッチングの管理画面・ダッシュボードUI（ネオン・サイバー）","プロ（演出多め）"
"UI-06429","学習・語学アプリのWebアプリ（SaaS）UI（クール・テック）","プロ（演出多め）"
"UI-06430","AIアシスタント・チャットの管理画面・ダッシュボードUI（ネオン・サイバー）","上級"
"UI-06431","旅行・地図のWebアプリ（SaaS）UI（ミニマル・洗練）","プロ（演出多め）"
"UI-06432","音楽・ポッドキャストのWebアプリ（SaaS）UI（3D・クレイ）","プロ（演出多め）"
"UI-06433","ショッピングのAndroidアプリUI（ニューブルータリズム）","プロ（演出多め）"
"UI-06434","SNS・コミュニティのキオスク・サイネージUI（ニューブルータリズム）","上級"
"UI-06435","タスク・プロジェクト管理のiOSアプリUI（ニューブルータリズム）","プロ（演出多め）"
"UI-06436","ショッピングのスマートウォッチUI（かわいい・ガーリー）","プロ（演出多め）"
"UI-06437","フードデリバリーのキオスク・サイネージUI（ニューブルータリズム）","プロ（演出多め）"
"UI-06438","予約（サロン/ホテル/病院）のキオスク・サイネージUI（パステル・ドリーミー）","上級"
"UI-06439","ショッピングのタブレット / POSUI（信頼・誠実（コーポレート））","プロ（演出多め）"
"UI-06440","予約（サロン/ホテル/病院）のタブレット / POSUI（ネオン・サイバー）","プロ（演出多め）"
"UI-06441","フードデリバリーのキオスク・サイネージUI（グラスモーフィズム）","プロ（演出多め）"
"UI-06442","旅行・地図のキオスク・サイネージUI（3D・クレイ）","上級"
"UI-06443","アクセス解析・BIのキオスク・サイネージUI（かわいい・ガーリー）","プロ（演出多め）"
"UI-06444","顧客管理（CRM）の管理画面・ダッシュボードUI（グラスモーフィズム）","プロ（演出多め）"
"UI-06445","AIアシスタント・チャットのタブレット / POSUI（パステル・ドリーミー）","上級"
"UI-06446","予約（サロン/ホテル/病院）のiOSアプリUI（クール・テック）","プロ（演出多め）"
"UI-06447","旅行・地図のWebアプリ（SaaS）UI（ジオメトリック・グラフィカル）","上級"
"UI-06448","フードデリバリーの管理画面・ダッシュボードUI（信頼・誠実（コーポレート））","プロ（演出多め）"
"UI-06449","音楽・ポッドキャストのタブレット / POSUI（ミニマル・洗練）","プロ（演出多め）"
"UI-06450","タスク・プロジェクト管理のiOSアプリUI（ポップ・カラフル）","プロ（演出多め）"
"UI-06451","旅行・地図のiOSアプリUI（ナチュラル・オーガニック）","プロ（演出多め）"
"UI-06452","AIアシスタント・チャットの管理画面・ダッシュボードUI（3D・クレイ）","プロ（演出多め）"
"UI-06453","フードデリバリーのキオスク・サイネージUI（グラスモーフィズム）","プロ（演出多め）"
"UI-06454","旅行・地図のスマートウォッチUI（グラスモーフィズム）","プロ（演出多め）"
"UI-06455","フードデリバリーのキオスク・サイネージUI（ダーク・シネマティック）","上級"
"UI-06456","フードデリバリーの管理画面・ダッシュボードUI（パステル・ドリーミー）","プロ（演出多め）"
"UI-06457","AIアシスタント・チャットのWebアプリ（SaaS）UI（ミニマル・洗練）","上級"
"UI-06458","学習・語学アプリのAndroidアプリUI（ポップ・カラフル）","上級"
"UI-06459","スマートホーム・IoTのキオスク・サイネージUI（パステル・ドリーミー）","プロ（演出多め）"
"UI-06460","予約（サロン/ホテル/病院）のAndroidアプリUI（グラスモーフィズム）","上級"
"UI-06461","タスク・プロジェクト管理のiOSアプリUI（クール・テック）","プロ（演出多め）"
"UI-06462","SNS・コミュニティのiOSアプリUI（ニューブルータリズム）","上級"
"UI-06463","飲食店モバイルオーダーの管理画面・ダッシュボードUI（ハンドメイド・手書き）","プロ（演出多め）"
"UI-06464","音楽・ポッドキャストのAndroidアプリUI（ミニマル・洗練）","プロ（演出多め）"
"UI-06465","SNS・コミュニティのスマートウォッチUI（ネオン・サイバー）","プロ（演出多め）"
"UI-06466","予約（サロン/ホテル/病院）のスマートウォッチUI（3D・クレイ）","プロ（演出多め）"
"UI-06467","ヘルスケア・フィットネス記録のタブレット / POSUI（3D・クレイ）","上級"
"UI-06468","学習・語学アプリの管理画面・ダッシュボードUI（ポップ・カラフル）","プロ（演出多め）"
"UI-06469","スマートホーム・IoTのスマートウォッチUI（ミニマル・洗練）","プロ（演出多め）"
"UI-06470","SNS・コミュニティのiOSアプリUI（ミニマル・洗練）","プロ（演出多め）"
"UI-06471","ショッピングの管理画面・ダッシュボードUI（ミニマル・洗練）","プロ（演出多め）"
"UI-06472","音楽・ポッドキャストのタブレット / POSUI（ネオン・サイバー）","プロ（演出多め）"
"UI-06473","フードデリバリーのiOSアプリUI（ニューブルータリズム）","プロ（演出多め）"
"UI-06474","ショッピングのキオスク・サイネージUI（レトロ・Y2K）","上級"
"UI-06475","家計簿・資産管理のiOSアプリUI（ネオン・サイバー）","上級"
"UI-06476","アクセス解析・BIのスマートウォッチUI（パステル・ドリーミー）","プロ（演出多め）"
"UI-06477","SNS・コミュニティのタブレット / POSUI（ポップ・カラフル）","プロ（演出多め）"
"UI-06478","飲食店モバイルオーダーのキオスク・サイネージUI（パステル・ドリーミー）","プロ（演出多め）"
"UI-06479","家計簿・資産管理のAndroidアプリUI（パステル・ドリーミー）","プロ（演出多め）"
"UI-06480","家計簿・資産管理のスマートウォッチUI（ニューブルータリズム）","プロ（演出多め）"
"UI-06481","アクセス解析・BIのタブレット / POSUI（ポップ・カラフル）","プロ（演出多め）"
"UI-06482","ショッピングのiOSアプリUI（クール・テック）","プロ（演出多め）"
"UI-06483","予約（サロン/ホテル/病院）のWebアプリ（SaaS）UI（エネルギッシュ・スポーティ）","プロ（演出多め）"
"UI-06484","スマートホーム・IoTのiOSアプリUI（信頼・誠実（コーポレート））","プロ（演出多め）"
"UI-06485","学習・語学アプリの管理画面・ダッシュボードUI（エディトリアル・雑誌風）","上級"
"UI-06486","マッチングのタブレット / POSUI（パステル・ドリーミー）","プロ（演出多め）"
"UI-06487","ヘルスケア・フィットネス記録の管理画面・ダッシュボードUI（ハンドメイド・手書き）","プロ（演出多め）"
"UI-06488","AIアシスタント・チャットのAndroidアプリUI（和モダン）","プロ（演出多め）"
"UI-06489","タスク・プロジェクト管理のタブレット / POSUI（ジオメトリック・グラフィカル）","上級"
"UI-06490","AIアシスタント・チャットのAndroidアプリUI（3D・クレイ）","プロ（演出多め）"
"UI-06491","タスク・プロジェクト管理のiOSアプリUI（ジオメトリック・グラフィカル）","プロ（演出多め）"
"UI-06492","タスク・プロジェクト管理のキオスク・サイネージUI（3D・クレイ）","プロ（演出多め）"
"UI-06493","マッチングのスマートウォッチUI（クール・テック）","プロ（演出多め）"
"UI-06494","ヘルスケア・フィットネス記録の管理画面・ダッシュボードUI（パステル・ドリーミー）","プロ（演出多め）"
"UI-06495","顧客管理（CRM）のキオスク・サイネージUI（グラスモーフィズム）","プロ（演出多め）"
"UI-06496","SNS・コミュニティのスマートウォッチUI（ネオン・サイバー）","上級"
"UI-06497","スマートホーム・IoTのWebアプリ（SaaS）UI（グラスモーフィズム）","プロ（演出多め）"
"UI-06498","学習・語学アプリのWebアプリ（SaaS）UI（エディトリアル・雑誌風）","上級"
"UI-06499","顧客管理（CRM）のキオスク・サイネージUI（北欧・ライフスタイル）","上級"
"UI-06500","飲食店モバイルオーダーのスマートウォッチUI（ニューブルータリズム）","プロ（演出多め）"
"UI-06501","アクセス解析・BIのキオスク・サイネージUI（北欧・ライフスタイル）","プロ（演出多め）"
"UI-06502","ヘルスケア・フィットネス記録のiOSアプリUI（ポップ・カラフル）","プロ（演出多め）"
"UI-06503","アクセス解析・BIの管理画面・ダッシュボードUI（ミニマル・洗練）","上級"
"UI-06504","AIアシスタント・チャットのiOSアプリUI（グラスモーフィズム）","プロ（演出多め）"
"UI-06505","AIアシスタント・チャットのスマートウォッチUI（ニューブルータリズム）","プロ（演出多め）"
"UI-06506","家計簿・資産管理のキオスク・サイネージUI（クール・テック）","プロ（演出多め）"
"UI-06507","音楽・ポッドキャストのWebアプリ（SaaS）UI（クール・テック）","上級"
"UI-06508","飲食店モバイルオーダーのWebアプリ（SaaS）UI（ラグジュアリー・高級感）","上級"
"UI-06509","家計簿・資産管理のAndroidアプリUI（パステル・ドリーミー）","プロ（演出多め）"
"UI-06510","飲食店モバイルオーダーの管理画面・ダッシュボードUI（ミニマル・洗練）","プロ（演出多め）"
"UI-06511","旅行・地図の管理画面・ダッシュボードUI（グラスモーフィズム）","プロ（演出多め）"
"UI-06512","AIアシスタント・チャットのAndroidアプリUI（ミニマル・洗練）","プロ（演出多め）"
"UI-06513","フードデリバリーのAndroidアプリUI（3D・クレイ）","プロ（演出多め）"
"UI-06514","顧客管理（CRM）のスマートウォッチUI（ニューブルータリズム）","上級"
"UI-06515","タスク・プロジェクト管理のタブレット / POSUI（ナチュラル・オーガニック）","上級"
"UI-06516","予約（サロン/ホテル/病院）のAndroidアプリUI（ニューブルータリズム）","上級"
"UI-06517","飲食店モバイルオーダーのWebアプリ（SaaS）UI（ミニマル・洗練）","プロ（演出多め）"
"UI-06518","マッチングのタブレット / POSUI（クール・テック）","プロ（演出多め）"
"UI-06519","AIアシスタント・チャットのスマートウォッチUI（ニューブルータリズム）","上級"
"UI-06520","マッチングのタブレット / POSUI（エディトリアル・雑誌風）","プロ（演出多め）"
"UI-06521","予約（サロン/ホテル/病院）のAndroidアプリUI（クール・テック）","プロ（演出多め）"
"UI-06522","旅行・地図のタブレット / POSUI（ポップ・カラフル）","上級"
"UI-06523","ヘルスケア・フィットネス記録のAndroidアプリUI（クール・テック）","上級"
"UI-06524","AIアシスタント・チャットのキオスク・サイネージUI（ミニマル・洗練）","プロ（演出多め）"
"UI-06525","スマートホーム・IoTのiOSアプリUI（ミニマル・洗練）","上級"
"UI-06526","学習・語学アプリのiOSアプリUI（ハンドメイド・手書き）","上級"
"UI-06527","ヘルスケア・フィットネス記録のWebアプリ（SaaS）UI（ネオン・サイバー）","上級"
"UI-06528","AIアシスタント・チャットのスマートウォッチUI（3D・クレイ）","上級"
"UI-06529","アクセス解析・BIのWebアプリ（SaaS）UI（ポップ・カラフル）","プロ（演出多め）"
"UI-06530","旅行・地図のスマートウォッチUI（信頼・誠実（コーポレート））","プロ（演出多め）"
"UI-06531","予約（サロン/ホテル/病院）のタブレット / POSUI（ポップ・カラフル）","上級"
"UI-06532","学習・語学アプリのスマートウォッチUI（ニューブルータリズム）","上級"
"UI-06533","予約（サロン/ホテル/病院）のキオスク・サイネージUI（ポップ・カラフル）","プロ（演出多め）"
"UI-06534","ヘルスケア・フィットネス記録のiOSアプリUI（ミニマル・洗練）","プロ（演出多め）"
"UI-06535","飲食店モバイルオーダーのスマートウォッチUI（ニューブルータリズム）","上級"
"UI-06536","スマートホーム・IoTのAndroidアプリUI（ナチュラル・オーガニック）","上級"
"UI-06537","AIアシスタント・チャットのWebアプリ（SaaS）UI（北欧・ライフスタイル）","上級"
"UI-06538","アクセス解析・BIの管理画面・ダッシュボードUI（ミニマル・洗練）","上級"
"UI-06539","スマートホーム・IoTのiOSアプリUI（クール・テック）","プロ（演出多め）"
"UI-06540","ショッピングのスマートウォッチUI（かわいい・ガーリー）","プロ（演出多め）"
"UI-06541","SNS・コミュニティのスマートウォッチUI（ネオン・サイバー）","プロ（演出多め）"
"UI-06542","ショッピングのキオスク・サイネージUI（パステル・ドリーミー）","プロ（演出多め）"
"UI-06543","SNS・コミュニティのタブレット / POSUI（クール・テック）","プロ（演出多め）"
"UI-06544","音楽・ポッドキャストのキオスク・サイネージUI（3D・クレイ）","プロ（演出多め）"
"UI-06545","学習・語学アプリのAndroidアプリUI（クール・テック）","上級"
"UI-06546","家計簿・資産管理のキオスク・サイネージUI（ネオン・サイバー）","プロ（演出多め）"
"UI-06547","顧客管理（CRM）の管理画面・ダッシュボードUI（グラスモーフィズム）","上級"
"UI-06548","タスク・プロジェクト管理のiOSアプリUI（ポップ・カラフル）","上級"
"UI-06549","ヘルスケア・フィットネス記録のAndroidアプリUI（ミニマル・洗練）","プロ（演出多め）"
"UI-06550","音楽・ポッドキャストのタブレット / POSUI（グラスモーフィズム）","プロ（演出多め）"
"UI-06551","フードデリバリーの管理画面・ダッシュボードUI（エネルギッシュ・スポーティ）","プロ（演出多め）"
"UI-06552","フードデリバリーのキオスク・サイネージUI（パステル・ドリーミー）","プロ（演出多め）"
"UI-06553","予約（サロン/ホテル/病院）のスマートウォッチUI（クール・テック）","プロ（演出多め）"
"UI-06554","音楽・ポッドキャストのAndroidアプリUI（和モダン）","上級"
"UI-06555","旅行・地図のWebアプリ（SaaS）UI（ニューブルータリズム）","プロ（演出多め）"
"UI-06556","AIアシスタント・チャットのiOSアプリUI（クール・テック）","プロ（演出多め）"
"UI-06557","AIアシスタント・チャットのAndroidアプリUI（ニューブルータリズム）","プロ（演出多め）"
"UI-06558","学習・語学アプリのタブレット / POSUI（クール・テック）","上級"
"UI-06559","マッチングの管理画面・ダッシュボードUI（エネルギッシュ・スポーティ）","上級"
"UI-06560","SNS・コミュニティのiOSアプリUI（ネオン・サイバー）","プロ（演出多め）"
"UI-06561","フードデリバリーのタブレット / POSUI（ミニマル・洗練）","プロ（演出多め）"
"UI-06562","SNS・コミュニティのスマートウォッチUI（ネオン・サイバー）","上級"
"UI-06563","SNS・コミュニティのスマートウォッチUI（ニューブルータリズム）","上級"
"UI-06564","予約（サロン/ホテル/病院）の管理画面・ダッシュボードUI（ミニマル・洗練）","上級"
"UI-06565","顧客管理（CRM）のタブレット / POSUI（エネルギッシュ・スポーティ）","上級"
"UI-06566","アクセス解析・BIのAndroidアプリUI（ポップ・カラフル）","プロ（演出多め）"
"UI-06567","飲食店モバイルオーダーのWebアプリ（SaaS）UI（グラスモーフィズム）","プロ（演出多め）"
"UI-06568","ヘルスケア・フィットネス記録の管理画面・ダッシュボードUI（北欧・ライフスタイル）","プロ（演出多め）"
"UI-06569","ヘルスケア・フィットネス記録のWebアプリ（SaaS）UI（クール・テック）","プロ（演出多め）"
"UI-06570","家計簿・資産管理の管理画面・ダッシュボードUI（ポップ・カラフル）","プロ（演出多め）"
"UI-06571","顧客管理（CRM）のスマートウォッチUI（クール・テック）","プロ（演出多め）"
"UI-06572","家計簿・資産管理の管理画面・ダッシュボードUI（ネオン・サイバー）","プロ（演出多め）"
"UI-06573","顧客管理（CRM）のAndroidアプリUI（ミニマル・洗練）","上級"
"UI-06574","飲食店モバイルオーダーのスマートウォッチUI（3D・クレイ）","上級"
"UI-06575","ヘルスケア・フィットネス記録の管理画面・ダッシュボードUI（ジオメトリック・グラフィカル）","プロ（演出多め）"
"UI-06576","スマートホーム・IoTのiOSアプリUI（3D・クレイ）","プロ（演出多め）"
"UI-06577","顧客管理（CRM）のスマートウォッチUI（ニューブルータリズム）","プロ（演出多め）"
"UI-06578","ヘルスケア・フィットネス記録のキオスク・サイネージUI（ニューブルータリズム）","上級"
"UI-06579","スマートホーム・IoTの管理画面・ダッシュボードUI（ポップ・カラフル）","プロ（演出多め）"
"UI-06580","顧客管理（CRM）のWebアプリ（SaaS）UI（クール・テック）","プロ（演出多め）"
"UI-06581","顧客管理（CRM）のタブレット / POSUI（信頼・誠実（コーポレート））","プロ（演出多め）"
"UI-06582","タスク・プロジェクト管理のキオスク・サイネージUI（信頼・誠実（コーポレート））","プロ（演出多め）"
"UI-06583","飲食店モバイルオーダーのAndroidアプリUI（クール・テック）","プロ（演出多め）"
"UI-06584","顧客管理（CRM）のiOSアプリUI（ナチュラル・オーガニック）","上級"
"UI-06585","ヘルスケア・フィットネス記録のタブレット / POSUI（かわいい・ガーリー）","上級"
"UI-06586","ヘルスケア・フィットネス記録のスマートウォッチUI（グラスモーフィズム）","上級"
"UI-06587","飲食店モバイルオーダーのiOSアプリUI（グラスモーフィズム）","プロ（演出多め）"
"UI-06588","音楽・ポッドキャストのiOSアプリUI（ニューブルータリズム）","上級"
"UI-06589","ヘルスケア・フィットネス記録のタブレット / POSUI（信頼・誠実（コーポレート））","プロ（演出多め）"
"UI-06590","アクセス解析・BIのiOSアプリUI（信頼・誠実（コーポレート））","上級"
"UI-06591","ヘルスケア・フィットネス記録のiOSアプリUI（ミニマル・洗練）","上級"
"UI-06592","アクセス解析・BIの管理画面・ダッシュボードUI（クール・テック）","プロ（演出多め）"
"UI-06593","スマートホーム・IoTの管理画面・ダッシュボードUI（レトロ・Y2K）","プロ（演出多め）"
"UI-06594","タスク・プロジェクト管理のiOSアプリUI（クール・テック）","上級"
"UI-06595","SNS・コミュニティのAndroidアプリUI（かわいい・ガーリー）","プロ（演出多め）"
"UI-06596","スマートホーム・IoTのWebアプリ（SaaS）UI（ポップ・カラフル）","上級"
"UI-06597","AIアシスタント・チャットのiOSアプリUI（グラスモーフィズム）","プロ（演出多め）"
"UI-06598","学習・語学アプリの管理画面・ダッシュボードUI（3D・クレイ）","プロ（演出多め）"
"UI-06599","スマートホーム・IoTのスマートウォッチUI（ニューブルータリズム）","プロ（演出多め）"
"UI-06600","顧客管理（CRM）の管理画面・ダッシュボードUI（かわいい・ガーリー）","プロ（演出多め）"
"UI-06601","顧客管理（CRM）のiOSアプリUI（北欧・ライフスタイル）","プロ（演出多め）"
"UI-06602","フードデリバリーのAndroidアプリUI（3D・クレイ）","プロ（演出多め）"
"UI-06603","旅行・地図のiOSアプリUI（エネルギッシュ・スポーティ）","プロ（演出多め）"
"UI-06604","飲食店モバイルオーダーのiOSアプリUI（和モダン）","上級"
"UI-06605","アクセス解析・BIのタブレット / POSUI（ネオン・サイバー）","上級"
"UI-06606","顧客管理（CRM）のAndroidアプリUI（クール・テック）","プロ（演出多め）"
"UI-06607","飲食店モバイルオーダーのタブレット / POSUI（3D・クレイ）","プロ（演出多め）"
"UI-06608","AIアシスタント・チャットの管理画面・ダッシュボードUI（ネオン・サイバー）","上級"
"UI-06609","SNS・コミュニティのスマートウォッチUI（ミニマル・洗練）","上級"
"UI-06610","音楽・ポッドキャストの管理画面・ダッシュボードUI（和モダン）","プロ（演出多め）"
"UI-06611","スマートホーム・IoTの管理画面・ダッシュボードUI（ハンドメイド・手書き）","プロ（演出多め）"
"UI-06612","家計簿・資産管理の管理画面・ダッシュボードUI（パステル・ドリーミー）","プロ（演出多め）"
"UI-06613","学習・語学アプリの管理画面・ダッシュボードUI（ニューブルータリズム）","プロ（演出多め）"
"UI-06614","旅行・地図のキオスク・サイネージUI（3D・クレイ）","プロ（演出多め）"
"UI-06615","旅行・地図のWebアプリ（SaaS）UI（クール・テック）","プロ（演出多め）"
"UI-06616","タスク・プロジェクト管理の管理画面・ダッシュボードUI（ナチュラル・オーガニック）","上級"
"UI-06617","AIアシスタント・チャットのキオスク・サイネージUI（ナチュラル・オーガニック）","プロ（演出多め）"
"UI-06618","フードデリバリーのAndroidアプリUI（エネルギッシュ・スポーティ）","上級"
"UI-06619","AIアシスタント・チャットのスマートウォッチUI（エディトリアル・雑誌風）","上級"
"UI-06620","家計簿・資産管理のWebアプリ（SaaS）UI（ネオン・サイバー）","プロ（演出多め）"
"UI-06621","顧客管理（CRM）のiOSアプリUI（3D・クレイ）","プロ（演出多め）"
"UI-06622","飲食店モバイルオーダーのスマートウォッチUI（グラスモーフィズム）","上級"
"UI-06623","家計簿・資産管理のタブレット / POSUI（クール・テック）","プロ（演出多め）"
"UI-06624","SNS・コミュニティのAndroidアプリUI（ネオン・サイバー）","プロ（演出多め）"
"UI-06625","フードデリバリーのWebアプリ（SaaS）UI（ミニマル・洗練）","上級"
"UI-06626","SNS・コミュニティのタブレット / POSUI（かわいい・ガーリー）","プロ（演出多め）"
"UI-06627","アクセス解析・BIのタブレット / POSUI（エディトリアル・雑誌風）","プロ（演出多め）"
"UI-06628","フードデリバリーのWebアプリ（SaaS）UI（信頼・誠実（コーポレート））","プロ（演出多め）"
"UI-06629","SNS・コミュニティのタブレット / POSUI（3D・クレイ）","プロ（演出多め）"
"UI-06630","予約（サロン/ホテル/病院）のWebアプリ（SaaS）UI（グラスモーフィズム）","プロ（演出多め）"
"UI-06631","SNS・コミュニティのタブレット / POSUI（ポップ・カラフル）","プロ（演出多め）"
"UI-06632","SNS・コミュニティのタブレット / POSUI（ニューブルータリズム）","プロ（演出多め）"
"UI-06633","旅行・地図のAndroidアプリUI（信頼・誠実（コーポレート））","上級"
"UI-06634","飲食店モバイルオーダーのキオスク・サイネージUI（パステル・ドリーミー）","プロ（演出多め）"
"UI-06635","家計簿・資産管理のキオスク・サイネージUI（ポップ・カラフル）","プロ（演出多め）"
"UI-06636","スマートホーム・IoTのiOSアプリUI（レトロ・Y2K）","プロ（演出多め）"
"UI-06637","SNS・コミュニティのタブレット / POSUI（ニューブルータリズム）","上級"
"UI-06638","ショッピングのiOSアプリUI（ポップ・カラフル）","プロ（演出多め）"
"UI-06639","タスク・プロジェクト管理のキオスク・サイネージUI（ミニマル・洗練）","上級"
"UI-06640","スマートホーム・IoTの管理画面・ダッシュボードUI（ナチュラル・オーガニック）","プロ（演出多め）"
"UI-06641","スマートホーム・IoTの管理画面・ダッシュボードUI（和モダン）","プロ（演出多め）"
"UI-06642","顧客管理（CRM）のスマートウォッチUI（ラグジュアリー・高級感）","プロ（演出多め）"
"UI-06643","ヘルスケア・フィットネス記録のタブレット / POSUI（ハンドメイド・手書き）","プロ（演出多め）"
"UI-06644","ヘルスケア・フィットネス記録のAndroidアプリUI（ナチュラル・オーガニック）","上級"
"UI-06645","音楽・ポッドキャストのスマートウォッチUI（ポップ・カラフル）","プロ（演出多め）"
"UI-06646","SNS・コミュニティのWebアプリ（SaaS）UI（ジオメトリック・グラフィカル）","プロ（演出多め）"
"UI-06647","音楽・ポッドキャストのスマートウォッチUI（パステル・ドリーミー）","上級"
"UI-06648","マッチングのキオスク・サイネージUI（3D・クレイ）","上級"
"UI-06649","フードデリバリーのタブレット / POSUI（信頼・誠実（コーポレート））","プロ（演出多め）"
"UI-06650","旅行・地図のiOSアプリUI（パステル・ドリーミー）","プロ（演出多め）"
"UI-06651","ショッピングのWebアプリ（SaaS）UI（北欧・ライフスタイル）","プロ（演出多め）"
"UI-06652","アクセス解析・BIの管理画面・ダッシュボードUI（信頼・誠実（コーポレート））","プロ（演出多め）"
"UI-06653","音楽・ポッドキャストのスマートウォッチUI（クール・テック）","プロ（演出多め）"
"UI-06654","スマートホーム・IoTの管理画面・ダッシュボードUI（ポップ・カラフル）","上級"
"UI-06655","アクセス解析・BIのスマートウォッチUI（ポップ・カラフル）","プロ（演出多め）"
"UI-06656","予約（サロン/ホテル/病院）のiOSアプリUI（3D・クレイ）","プロ（演出多め）"
"UI-06657","音楽・ポッドキャストの管理画面・ダッシュボードUI（エディトリアル・雑誌風）","プロ（演出多め）"
"UI-06658","家計簿・資産管理のスマートウォッチUI（グラスモーフィズム）","プロ（演出多め）"
"UI-06659","SNS・コミュニティの管理画面・ダッシュボードUI（ニューブルータリズム）","プロ（演出多め）"
"UI-06660","家計簿・資産管理のキオスク・サイネージUI（エネルギッシュ・スポーティ）","上級"
"UI-06661","スマートホーム・IoTのキオスク・サイネージUI（クール・テック）","プロ（演出多め）"
"UI-06662","アクセス解析・BIのiOSアプリUI（信頼・誠実（コーポレート））","プロ（演出多め）"
"UI-06663","ヘルスケア・フィットネス記録のタブレット / POSUI（ニューブルータリズム）","上級"
"UI-06664","マッチングのiOSアプリUI（ネオン・サイバー）","プロ（演出多め）"
"UI-06665","スマートホーム・IoTのスマートウォッチUI（和モダン）","プロ（演出多め）"
"UI-06666","音楽・ポッドキャストのキオスク・サイネージUI（ネオン・サイバー）","上級"
"UI-06667","スマートホーム・IoTのスマートウォッチUI（ニューブルータリズム）","プロ（演出多め）"
"UI-06668","学習・語学アプリのiOSアプリUI（ニューブルータリズム）","プロ（演出多め）"
"UI-06669","AIアシスタント・チャットのキオスク・サイネージUI（3D・クレイ）","プロ（演出多め）"
"UI-06670","飲食店モバイルオーダーのキオスク・サイネージUI（3D・クレイ）","上級"
"UI-06671","家計簿・資産管理のキオスク・サイネージUI（グラスモーフィズム）","プロ（演出多め）"
"UI-06672","顧客管理（CRM）のAndroidアプリUI（ポップ・カラフル）","プロ（演出多め）"
"UI-06673","タスク・プロジェクト管理のAndroidアプリUI（北欧・ライフスタイル）","上級"
"UI-06674","学習・語学アプリのWebアプリ（SaaS）UI（クール・テック）","上級"
"UI-06675","アクセス解析・BIのキオスク・サイネージUI（ミニマル・洗練）","上級"
"UI-06676","フードデリバリーのAndroidアプリUI（ミニマル・洗練）","プロ（演出多め）"
"UI-06677","SNS・コミュニティの管理画面・ダッシュボードUI（ポップ・カラフル）","プロ（演出多め）"
"UI-06678","アクセス解析・BIのAndroidアプリUI（3D・クレイ）","プロ（演出多め）"
"UI-06679","アクセス解析・BIのAndroidアプリUI（ネオン・サイバー）","上級"
"UI-06680","フードデリバリーのAndroidアプリUI（ニューブルータリズム）","プロ（演出多め）"
"UI-06681","タスク・プロジェクト管理の管理画面・ダッシュボードUI（北欧・ライフスタイル）","上級"
"UI-06682","アクセス解析・BIの管理画面・ダッシュボードUI（グラスモーフィズム）","プロ（演出多め）"
"UI-06683","学習・語学アプリのWebアプリ（SaaS）UI（ハンドメイド・手書き）","プロ（演出多め）"
"UI-06684","アクセス解析・BIのスマートウォッチUI（クール・テック）","プロ（演出多め）"
"UI-06685","飲食店モバイルオーダーのAndroidアプリUI（ネオン・サイバー）","上級"
"UI-06686","アクセス解析・BIのiOSアプリUI（クール・テック）","上級"
"UI-06687","AIアシスタント・チャットのスマートウォッチUI（3D・クレイ）","プロ（演出多め）"
"UI-06688","家計簿・資産管理のキオスク・サイネージUI（3D・クレイ）","プロ（演出多め）"
"UI-06689","学習・語学アプリの管理画面・ダッシュボードUI（パステル・ドリーミー）","プロ（演出多め）"
"UI-06690","スマートホーム・IoTのiOSアプリUI（かわいい・ガーリー）","プロ（演出多め）"
"UI-06691","ショッピングのAndroidアプリUI（ミニマル・洗練）","上級"
"UI-06692","アクセス解析・BIの管理画面・ダッシュボードUI（ニューブルータリズム）","プロ（演出多め）"
"UI-06693","音楽・ポッドキャストのスマートウォッチUI（ネオン・サイバー）","プロ（演出多め）"
"UI-06694","顧客管理（CRM）のAndroidアプリUI（ジオメトリック・グラフィカル）","プロ（演出多め）"
"UI-06695","予約（サロン/ホテル/病院）のスマートウォッチUI（ネオン・サイバー）","プロ（演出多め）"
"UI-06696","旅行・地図のWebアプリ（SaaS）UI（ニューブルータリズム）","上級"
"UI-06697","音楽・ポッドキャストのiOSアプリUI（信頼・誠実（コーポレート））","プロ（演出多め）"
"UI-06698","AIアシスタント・チャットのスマートウォッチUI（パステル・ドリーミー）","プロ（演出多め）"
"UI-06699","スマートホーム・IoTのWebアプリ（SaaS）UI（パステル・ドリーミー）","プロ（演出多め）"
"UI-06700","家計簿・資産管理のWebアプリ（SaaS）UI（ネオン・サイバー）","プロ（演出多め）"
"UI-06701","タスク・プロジェクト管理のAndroidアプリUI（レトロ・Y2K）","プロ（演出多め）"
"UI-06702","家計簿・資産管理のタブレット / POSUI（信頼・誠実（コーポレート））","プロ（演出多め）"
"UI-06703","顧客管理（CRM）のキオスク・サイネージUI（グラスモーフィズム）","上級"
"UI-06704","家計簿・資産管理のAndroidアプリUI（グラスモーフィズム）","上級"
"UI-06705","顧客管理（CRM）のiOSアプリUI（信頼・誠実（コーポレート））","プロ（演出多め）"
"UI-06706","アクセス解析・BIのスマートウォッチUI（信頼・誠実（コーポレート））","プロ（演出多め）"
"UI-06707","予約（サロン/ホテル/病院）のキオスク・サイネージUI（ポップ・カラフル）","プロ（演出多め）"
"UI-06708","旅行・地図のWebアプリ（SaaS）UI（ラグジュアリー・高級感）","プロ（演出多め）"
"UI-06709","AIアシスタント・チャットの管理画面・ダッシュボードUI（ニューブルータリズム）","プロ（演出多め）"
"UI-06710","アクセス解析・BIの管理画面・ダッシュボードUI（ポップ・カラフル）","上級"
"UI-06711","フードデリバリーのWebアプリ（SaaS）UI（グラスモーフィズム）","上級"
"UI-06712","音楽・ポッドキャストのスマートウォッチUI（ダーク・シネマティック）","プロ（演出多め）"
"UI-06713","フードデリバリーのWebアプリ（SaaS）UI（ダーク・シネマティック）","上級"
"UI-06714","ショッピングのAndroidアプリUI（北欧・ライフスタイル）","上級"
"UI-06715","タスク・プロジェクト管理のiOSアプリUI（グラスモーフィズム）","プロ（演出多め）"
"UI-06716","タスク・プロジェクト管理のWebアプリ（SaaS）UI（ジオメトリック・グラフィカル）","上級"
"UI-06717","音楽・ポッドキャストのタブレット / POSUI（パステル・ドリーミー）","プロ（演出多め）"
"UI-06718","SNS・コミュニティのiOSアプリUI（クール・テック）","上級"
"UI-06719","旅行・地図のWebアプリ（SaaS）UI（クール・テック）","プロ（演出多め）"
"UI-06720","フードデリバリーの管理画面・ダッシュボードUI（信頼・誠実（コーポレート））","上級"
"UI-06721","タスク・プロジェクト管理のWebアプリ（SaaS）UI（ニューブルータリズム）","プロ（演出多め）"
"UI-06722","音楽・ポッドキャストのスマートウォッチUI（ニューブルータリズム）","上級"
"UI-06723","SNS・コミュニティのWebアプリ（SaaS）UI（かわいい・ガーリー）","プロ（演出多め）"
"UI-06724","フードデリバリーのキオスク・サイネージUI（グラスモーフィズム）","プロ（演出多め）"
"UI-06725","家計簿・資産管理のiOSアプリUI（信頼・誠実（コーポレート））","プロ（演出多め）"
"UI-06726","ヘルスケア・フィットネス記録のタブレット / POSUI（3D・クレイ）","プロ（演出多め）"
"UI-06727","学習・語学アプリのキオスク・サイネージUI（ニューブルータリズム）","プロ（演出多め）"
"UI-06728","スマートホーム・IoTの管理画面・ダッシュボードUI（信頼・誠実（コーポレート））","プロ（演出多め）"
"UI-06729","予約（サロン/ホテル/病院）のiOSアプリUI（ミニマル・洗練）","プロ（演出多め）"
"UI-06730","マッチングのiOSアプリUI（北欧・ライフスタイル）","プロ（演出多め）"
"UI-06731","SNS・コミュニティのスマートウォッチUI（グラスモーフィズム）","プロ（演出多め）"
"UI-06732","予約（サロン/ホテル/病院）のWebアプリ（SaaS）UI（クール・テック）","プロ（演出多め）"
"UI-06733","ショッピングのキオスク・サイネージUI（グラスモーフィズム）","プロ（演出多め）"
"UI-06734","SNS・コミュニティの管理画面・ダッシュボードUI（ネオン・サイバー）","プロ（演出多め）"
"UI-06735","スマートホーム・IoTのキオスク・サイネージUI（パステル・ドリーミー）","上級"
"UI-06736","予約（サロン/ホテル/病院）のタブレット / POSUI（ニューブルータリズム）","プロ（演出多め）"
"UI-06737","ヘルスケア・フィットネス記録のキオスク・サイネージUI（ダーク・シネマティック）","上級"
"UI-06738","SNS・コミュニティのWebアプリ（SaaS）UI（和モダン）","プロ（演出多め）"
"UI-06739","マッチングのキオスク・サイネージUI（ネオン・サイバー）","プロ（演出多め）"
"UI-06740","ヘルスケア・フィットネス記録の管理画面・ダッシュボードUI（信頼・誠実（コーポレート））","プロ（演出多め）"
"UI-06741","ショッピングのキオスク・サイネージUI（ネオン・サイバー）","プロ（演出多め）"
"UI-06742","タスク・プロジェクト管理のiOSアプリUI（グラスモーフィズム）","プロ（演出多め）"
"UI-06743","顧客管理（CRM）のiOSアプリUI（ミニマル・洗練）","プロ（演出多め）"
"UI-06744","タスク・プロジェクト管理のタブレット / POSUI（グラスモーフィズム）","プロ（演出多め）"
"UI-06745","ショッピングのiOSアプリUI（ミニマル・洗練）","プロ（演出多め）"
"UI-06746","SNS・コミュニティのAndroidアプリUI（北欧・ライフスタイル）","プロ（演出多め）"
"UI-06747","飲食店モバイルオーダーのキオスク・サイネージUI（ポップ・カラフル）","プロ（演出多め）"
"UI-06748","アクセス解析・BIのWebアプリ（SaaS）UI（ラグジュアリー・高級感）","プロ（演出多め）"
"UI-06749","AIアシスタント・チャットのキオスク・サイネージUI（ネオン・サイバー）","プロ（演出多め）"
"UI-06750","タスク・プロジェクト管理のiOSアプリUI（ミニマル・洗練）","上級"
"UI-06751","ショッピングのiOSアプリUI（グラスモーフィズム）","上級"
"UI-06752","学習・語学アプリの管理画面・ダッシュボードUI（ポップ・カラフル）","プロ（演出多め）"
"UI-06753","スマートホーム・IoTのWebアプリ（SaaS）UI（ニューブルータリズム）","プロ（演出多め）"
"UI-06754","タスク・プロジェクト管理の管理画面・ダッシュボードUI（ミニマル・洗練）","上級"
"UI-06755","マッチングのAndroidアプリUI（ネオン・サイバー）","上級"
"UI-06756","顧客管理（CRM）の管理画面・ダッシュボードUI（信頼・誠実（コーポレート））","上級"
"UI-06757","フードデリバリーのスマートウォッチUI（グラスモーフィズム）","プロ（演出多め）"
"UI-06758","SNS・コミュニティのiOSアプリUI（3D・クレイ）","プロ（演出多め）"
"UI-06759","ヘルスケア・フィットネス記録の管理画面・ダッシュボードUI（ネオン・サイバー）","プロ（演出多め）"
"UI-06760","アクセス解析・BIのAndroidアプリUI（ダーク・シネマティック）","上級"
"UI-06761","フードデリバリーのスマートウォッチUI（パステル・ドリーミー）","プロ（演出多め）"
"UI-06762","ショッピングのタブレット / POSUI（信頼・誠実（コーポレート））","上級"
"UI-06763","ショッピングのAndroidアプリUI（3D・クレイ）","上級"
"UI-06764","タスク・プロジェクト管理のスマートウォッチUI（ミニマル・洗練）","プロ（演出多め）"
"UI-06765","SNS・コミュニティのキオスク・サイネージUI（グラスモーフィズム）","上級"
"UI-06766","顧客管理（CRM）のAndroidアプリUI（かわいい・ガーリー）","プロ（演出多め）"
"UI-06767","AIアシスタント・チャットの管理画面・ダッシュボードUI（ポップ・カラフル）","上級"
"UI-06768","音楽・ポッドキャストのキオスク・サイネージUI（パステル・ドリーミー）","プロ（演出多め）"
"UI-06769","スマートホーム・IoTの管理画面・ダッシュボードUI（ミニマル・洗練）","プロ（演出多め）"
"UI-06770","SNS・コミュニティのiOSアプリUI（ナチュラル・オーガニック）","プロ（演出多め）"
"UI-06771","AIアシスタント・チャットのスマートウォッチUI（信頼・誠実（コーポレート））","プロ（演出多め）"
"UI-06772","マッチングのスマートウォッチUI（ミニマル・洗練）","上級"
"UI-06773","旅行・地図のAndroidアプリUI（信頼・誠実（コーポレート））","プロ（演出多め）"
"UI-06774","SNS・コミュニティのAndroidアプリUI（エディトリアル・雑誌風）","プロ（演出多め）"
"UI-06775","旅行・地図のタブレット / POSUI（ニューブルータリズム）","上級"
"UI-06776","アクセス解析・BIの管理画面・ダッシュボードUI（クール・テック）","プロ（演出多め）"
"UI-06777","ショッピングのタブレット / POSUI（ポップ・カラフル）","プロ（演出多め）"
"UI-06778","飲食店モバイルオーダーのWebアプリ（SaaS）UI（かわいい・ガーリー）","プロ（演出多め）"
"UI-06779","顧客管理（CRM）のタブレット / POSUI（ポップ・カラフル）","プロ（演出多め）"
"UI-06780","音楽・ポッドキャストのWebアプリ（SaaS）UI（ミニマル・洗練）","上級"
"UI-06781","フードデリバリーのキオスク・サイネージUI（ハンドメイド・手書き）","上級"
"UI-06782","タスク・プロジェクト管理のタブレット / POSUI（ニューブルータリズム）","プロ（演出多め）"
"UI-06783","音楽・ポッドキャストのスマートウォッチUI（3D・クレイ）","プロ（演出多め）"
"UI-06784","ヘルスケア・フィットネス記録のiOSアプリUI（ポップ・カラフル）","プロ（演出多め）"
"UI-06785","アクセス解析・BIのAndroidアプリUI（エネルギッシュ・スポーティ）","プロ（演出多め）"
"UI-06786","ショッピングのiOSアプリUI（ニューブルータリズム）","上級"
"UI-06787","予約（サロン/ホテル/病院）のAndroidアプリUI（パステル・ドリーミー）","上級"
"UI-06788","フードデリバリーのWebアプリ（SaaS）UI（クール・テック）","プロ（演出多め）"
"UI-06789","タスク・プロジェクト管理の管理画面・ダッシュボードUI（ミニマル・洗練）","上級"
"UI-06790","旅行・地図のタブレット / POSUI（パステル・ドリーミー）","上級"
"UI-06791","AIアシスタント・チャットのAndroidアプリUI（3D・クレイ）","プロ（演出多め）"
"UI-06792","飲食店モバイルオーダーのスマートウォッチUI（信頼・誠実（コーポレート））","プロ（演出多め）"
"UI-06793","タスク・プロジェクト管理の管理画面・ダッシュボードUI（ミニマル・洗練）","プロ（演出多め）"
"UI-06794","アクセス解析・BIのAndroidアプリUI（パステル・ドリーミー）","プロ（演出多め）"
"UI-06795","スマートホーム・IoTのタブレット / POSUI（ネオン・サイバー）","プロ（演出多め）"
"UI-06796","家計簿・資産管理の管理画面・ダッシュボードUI（3D・クレイ）","プロ（演出多め）"
"UI-06797","スマートホーム・IoTの管理画面・ダッシュボードUI（パステル・ドリーミー）","プロ（演出多め）"
"UI-06798","フードデリバリーのWebアプリ（SaaS）UI（信頼・誠実（コーポレート））","上級"
"UI-06799","マッチングのAndroidアプリUI（3D・クレイ）","プロ（演出多め）"
"UI-06800","スマートホーム・IoTの管理画面・ダッシュボードUI（ミニマル・洗練）","上級"
"UI-06801","飲食店モバイルオーダーの管理画面・ダッシュボードUI（グラスモーフィズム）","プロ（演出多め）"
"UI-06802","マッチングのiOSアプリUI（ミニマル・洗練）","プロ（演出多め）"
"UI-06803","AIアシスタント・チャットのキオスク・サイネージUI（3D・クレイ）","上級"
"UI-06804","スマートホーム・IoTのAndroidアプリUI（ナチュラル・オーガニック）","プロ（演出多め）"
"UI-06805","SNS・コミュニティのキオスク・サイネージUI（ポップ・カラフル）","プロ（演出多め）"
"UI-06806","旅行・地図のタブレット / POSUI（ポップ・カラフル）","プロ（演出多め）"
"UI-06807","ヘルスケア・フィットネス記録のiOSアプリUI（北欧・ライフスタイル）","上級"
"UI-06808","音楽・ポッドキャストの管理画面・ダッシュボードUI（ニューブルータリズム）","上級"
"UI-06809","AIアシスタント・チャットのWebアプリ（SaaS）UI（ネオン・サイバー）","プロ（演出多め）"
"UI-06810","家計簿・資産管理のタブレット / POSUI（ハンドメイド・手書き）","上級"
"UI-06811","タスク・プロジェクト管理のiOSアプリUI（ニューブルータリズム）","プロ（演出多め）"
"UI-06812","学習・語学アプリの管理画面・ダッシュボードUI（グラスモーフィズム）","上級"
"UI-06813","SNS・コミュニティのWebアプリ（SaaS）UI（ニューブルータリズム）","プロ（演出多め）"
"UI-06814","SNS・コミュニティのAndroidアプリUI（ラグジュアリー・高級感）","上級"
"UI-06815","タスク・プロジェクト管理のiOSアプリUI（和モダン）","上級"
"UI-06816","飲食店モバイルオーダーのiOSアプリUI（パステル・ドリーミー）","上級"
"UI-06817","ショッピングのスマートウォッチUI（ジオメトリック・グラフィカル）","プロ（演出多め）"
"UI-06818","旅行・地図のスマートウォッチUI（グラスモーフィズム）","プロ（演出多め）"
"UI-06819","家計簿・資産管理のスマートウォッチUI（ニューブルータリズム）","上級"
"UI-06820","家計簿・資産管理のiOSアプリUI（クール・テック）","上級"
"UI-06821","ヘルスケア・フィットネス記録のスマートウォッチUI（ハンドメイド・手書き）","プロ（演出多め）"
"UI-06822","タスク・プロジェクト管理のスマートウォッチUI（ジオメトリック・グラフィカル）","プロ（演出多め）"
"UI-06823","SNS・コミュニティのiOSアプリUI（3D・クレイ）","プロ（演出多め）"
"UI-06824","アクセス解析・BIのAndroidアプリUI（ハンドメイド・手書き）","プロ（演出多め）"
"UI-06825","ショッピングのWebアプリ（SaaS）UI（3D・クレイ）","プロ（演出多め）"
"UI-06826","SNS・コミュニティのAndroidアプリUI（パステル・ドリーミー）","プロ（演出多め）"
"UI-06827","AIアシスタント・チャットのキオスク・サイネージUI（ネオン・サイバー）","上級"
"UI-06828","ヘルスケア・フィットネス記録のWebアプリ（SaaS）UI（クール・テック）","プロ（演出多め）"
"UI-06829","SNS・コミュニティのキオスク・サイネージUI（ポップ・カラフル）","プロ（演出多め）"
"UI-06830","顧客管理（CRM）のAndroidアプリUI（ハンドメイド・手書き）","上級"
"UI-06831","家計簿・資産管理のWebアプリ（SaaS）UI（北欧・ライフスタイル）","上級"
"UI-06832","スマートホーム・IoTのキオスク・サイネージUI（信頼・誠実（コーポレート））","プロ（演出多め）"
"UI-06833","AIアシスタント・チャットのタブレット / POSUI（ナチュラル・オーガニック）","上級"
"UI-06834","ショッピングの管理画面・ダッシュボードUI（信頼・誠実（コーポレート））","プロ（演出多め）"
"UI-06835","タスク・プロジェクト管理のWebアプリ（SaaS）UI（ダーク・シネマティック）","上級"
"UI-06836","フードデリバリーのAndroidアプリUI（ダーク・シネマティック）","プロ（演出多め）"
"UI-06837","SNS・コミュニティのAndroidアプリUI（ミニマル・洗練）","プロ（演出多め）"
"UI-06838","ヘルスケア・フィットネス記録のAndroidアプリUI（ナチュラル・オーガニック）","プロ（演出多め）"
"UI-06839","SNS・コミュニティのWebアプリ（SaaS）UI（信頼・誠実（コーポレート））","プロ（演出多め）"
"UI-06840","顧客管理（CRM）のAndroidアプリUI（クール・テック）","プロ（演出多め）"
"UI-06841","予約（サロン/ホテル/病院）のタブレット / POSUI（グラスモーフィズム）","上級"
"UI-06842","学習・語学アプリのWebアプリ（SaaS）UI（ネオン・サイバー）","プロ（演出多め）"
"UI-06843","ショッピングのAndroidアプリUI（ポップ・カラフル）","プロ（演出多め）"
"UI-06844","ヘルスケア・フィットネス記録の管理画面・ダッシュボードUI（ポップ・カラフル）","プロ（演出多め）"
"UI-06845","家計簿・資産管理のスマートウォッチUI（信頼・誠実（コーポレート））","上級"
"UI-06846","フードデリバリーのAndroidアプリUI（グラスモーフィズム）","プロ（演出多め）"
"UI-06847","ショッピングのWebアプリ（SaaS）UI（ポップ・カラフル）","プロ（演出多め）"
"UI-06848","家計簿・資産管理のキオスク・サイネージUI（クール・テック）","プロ（演出多め）"
"UI-06849","音楽・ポッドキャストのスマートウォッチUI（信頼・誠実（コーポレート））","プロ（演出多め）"
"UI-06850","音楽・ポッドキャストのWebアプリ（SaaS）UI（クール・テック）","プロ（演出多め）"
"UI-06851","顧客管理（CRM）の管理画面・ダッシュボードUI（グラスモーフィズム）","プロ（演出多め）"
"UI-06852","アクセス解析・BIのスマートウォッチUI（ナチュラル・オーガニック）","プロ（演出多め）"
"UI-06853","学習・語学アプリのキオスク・サイネージUI（ミニマル・洗練）","プロ（演出多め）"
"UI-06854","学習・語学アプリのiOSアプリUI（ニューブルータリズム）","プロ（演出多め）"
"UI-06855","飲食店モバイルオーダーのキオスク・サイネージUI（クール・テック）","プロ（演出多め）"
"UI-06856","タスク・プロジェクト管理のiOSアプリUI（ダーク・シネマティック）","プロ（演出多め）"
"UI-06857","家計簿・資産管理のキオスク・サイネージUI（パステル・ドリーミー）","プロ（演出多め）"
"UI-06858","家計簿・資産管理のiOSアプリUI（信頼・誠実（コーポレート））","プロ（演出多め）"
"UI-06859","タスク・プロジェクト管理の管理画面・ダッシュボードUI（かわいい・ガーリー）","プロ（演出多め）"
"UI-06860","予約（サロン/ホテル/病院）の管理画面・ダッシュボードUI（ポップ・カラフル）","プロ（演出多め）"
"UI-06861","スマートホーム・IoTのiOSアプリUI（グラスモーフィズム）","上級"
"UI-06862","スマートホーム・IoTの管理画面・ダッシュボードUI（ミニマル・洗練）","プロ（演出多め）"
"UI-06863","学習・語学アプリのキオスク・サイネージUI（ネオン・サイバー）","プロ（演出多め）"
"UI-06864","アクセス解析・BIのスマートウォッチUI（ニューブルータリズム）","プロ（演出多め）"
"UI-06865","音楽・ポッドキャストのスマートウォッチUI（和モダン）","上級"
"UI-06866","予約（サロン/ホテル/病院）のiOSアプリUI（クール・テック）","上級"
"UI-06867","旅行・地図のスマートウォッチUI（パステル・ドリーミー）","プロ（演出多め）"
"UI-06868","飲食店モバイルオーダーのスマートウォッチUI（ネオン・サイバー）","上級"
"UI-06869","家計簿・資産管理のWebアプリ（SaaS）UI（レトロ・Y2K）","プロ（演出多め）"
"UI-06870","タスク・プロジェクト管理のAndroidアプリUI（3D・クレイ）","プロ（演出多め）"
"UI-06871","ショッピングのタブレット / POSUI（3D・クレイ）","プロ（演出多め）"
"UI-06872","学習・語学アプリのタブレット / POSUI（信頼・誠実（コーポレート））","上級"
"UI-06873","学習・語学アプリの管理画面・ダッシュボードUI（パステル・ドリーミー）","プロ（演出多め）"
"UI-06874","家計簿・資産管理のAndroidアプリUI（ニューブルータリズム）","プロ（演出多め）"
"UI-06875","飲食店モバイルオーダーのWebアプリ（SaaS）UI（ハンドメイド・手書き）","上級"
"UI-06876","飲食店モバイルオーダーの管理画面・ダッシュボードUI（ミニマル・洗練）","プロ（演出多め）"
"UI-06877","SNS・コミュニティのタブレット / POSUI（ミニマル・洗練）","プロ（演出多め）"
"UI-06878","スマートホーム・IoTの管理画面・ダッシュボードUI（3D・クレイ）","上級"
"UI-06879","飲食店モバイルオーダーのiOSアプリUI（グラスモーフィズム）","プロ（演出多め）"
"UI-06880","スマートホーム・IoTのスマートウォッチUI（ミニマル・洗練）","プロ（演出多め）"
"UI-06881","SNS・コミュニティのタブレット / POSUI（ダーク・シネマティック）","上級"
"UI-06882","顧客管理（CRM）のWebアプリ（SaaS）UI（3D・クレイ）","プロ（演出多め）"
"UI-06883","タスク・プロジェクト管理のAndroidアプリUI（クール・テック）","プロ（演出多め）"
"UI-06884","AIアシスタント・チャットのキオスク・サイネージUI（ポップ・カラフル）","プロ（演出多め）"
"UI-06885","予約（サロン/ホテル/病院）のWebアプリ（SaaS）UI（3D・クレイ）","プロ（演出多め）"
"UI-06886","スマートホーム・IoTのキオスク・サイネージUI（ミニマル・洗練）","プロ（演出多め）"
"UI-06887","学習・語学アプリのキオスク・サイネージUI（エネルギッシュ・スポーティ）","プロ（演出多め）"
"UI-06888","顧客管理（CRM）のタブレット / POSUI（レトロ・Y2K）","上級"
"UI-06889","音楽・ポッドキャストのタブレット / POSUI（クール・テック）","プロ（演出多め）"
"UI-06890","家計簿・資産管理のスマートウォッチUI（3D・クレイ）","プロ（演出多め）"
"UI-06891","予約（サロン/ホテル/病院）の管理画面・ダッシュボードUI（和モダン）","上級"
"UI-06892","スマートホーム・IoTの管理画面・ダッシュボードUI（ネオン・サイバー）","プロ（演出多め）"
"UI-06893","音楽・ポッドキャストのスマートウォッチUI（レトロ・Y2K）","プロ（演出多め）"
"UI-06894","家計簿・資産管理のAndroidアプリUI（3D・クレイ）","プロ（演出多め）"
"UI-06895","ヘルスケア・フィットネス記録のスマートウォッチUI（ナチュラル・オーガニック）","プロ（演出多め）"
"UI-06896","タスク・プロジェクト管理のスマートウォッチUI（ダーク・シネマティック）","プロ（演出多め）"
"UI-06897","予約（サロン/ホテル/病院）のWebアプリ（SaaS）UI（パステル・ドリーミー）","上級"
"UI-06898","家計簿・資産管理のタブレット / POSUI（和モダン）","上級"
"UI-06899","ショッピングのスマートウォッチUI（ネオン・サイバー）","プロ（演出多め）"
"UI-06900","顧客管理（CRM）のタブレット / POSUI（クール・テック）","上級"
"UI-06901","タスク・プロジェクト管理のAndroidアプリUI（ニューブルータリズム）","上級"
"UI-06902","予約（サロン/ホテル/病院）のスマートウォッチUI（クール・テック）","プロ（演出多め）"
"UI-06903","スマートホーム・IoTの管理画面・ダッシュボードUI（パステル・ドリーミー）","プロ（演出多め）"
"UI-06904","マッチングのキオスク・サイネージUI（パステル・ドリーミー）","プロ（演出多め）"
"UI-06905","AIアシスタント・チャットのAndroidアプリUI（ミニマル・洗練）","プロ（演出多め）"
"UI-06906","予約（サロン/ホテル/病院）のスマートウォッチUI（3D・クレイ）","プロ（演出多め）"
"UI-06907","タスク・プロジェクト管理のタブレット / POSUI（グラスモーフィズム）","上級"
"UI-06908","ショッピングのAndroidアプリUI（ニューブルータリズム）","プロ（演出多め）"
"UI-06909","スマートホーム・IoTのWebアプリ（SaaS）UI（クール・テック）","上級"
"UI-06910","SNS・コミュニティのWebアプリ（SaaS）UI（ポップ・カラフル）","プロ（演出多め）"
"UI-06911","ショッピングのAndroidアプリUI（ナチュラル・オーガニック）","プロ（演出多め）"
"UI-06912","家計簿・資産管理のWebアプリ（SaaS）UI（ミニマル・洗練）","上級"
"UI-06913","旅行・地図のスマートウォッチUI（かわいい・ガーリー）","プロ（演出多め）"
"UI-06914","スマートホーム・IoTのiOSアプリUI（3D・クレイ）","プロ（演出多め）"
"UI-06915","旅行・地図のキオスク・サイネージUI（グラスモーフィズム）","プロ（演出多め）"
"UI-06916","マッチングの管理画面・ダッシュボードUI（ハンドメイド・手書き）","プロ（演出多め）"
"UI-06917","ヘルスケア・フィットネス記録のiOSアプリUI（ニューブルータリズム）","プロ（演出多め）"
"UI-06918","家計簿・資産管理のタブレット / POSUI（3D・クレイ）","上級"
"UI-06919","顧客管理（CRM）のキオスク・サイネージUI（ニューブルータリズム）","プロ（演出多め）"
"UI-06920","AIアシスタント・チャットのAndroidアプリUI（ポップ・カラフル）","プロ（演出多め）"
"UI-06921","顧客管理（CRM）のキオスク・サイネージUI（信頼・誠実（コーポレート））","プロ（演出多め）"
"UI-06922","AIアシスタント・チャットのWebアプリ（SaaS）UI（グラスモーフィズム）","プロ（演出多め）"
"UI-06923","アクセス解析・BIのタブレット / POSUI（グラスモーフィズム）","上級"
"UI-06924","フードデリバリーのAndroidアプリUI（パステル・ドリーミー）","上級"
"UI-06925","ヘルスケア・フィットネス記録のキオスク・サイネージUI（ポップ・カラフル）","プロ（演出多め）"
"UI-06926","旅行・地図の管理画面・ダッシュボードUI（パステル・ドリーミー）","プロ（演出多め）"
"UI-06927","ショッピングの管理画面・ダッシュボードUI（グラスモーフィズム）","プロ（演出多め）"
"UI-06928","予約（サロン/ホテル/病院）のAndroidアプリUI（ネオン・サイバー）","プロ（演出多め）"
"UI-06929","旅行・地図のキオスク・サイネージUI（レトロ・Y2K）","上級"
"UI-06930","マッチングの管理画面・ダッシュボードUI（ハンドメイド・手書き）","プロ（演出多め）"
"UI-06931","旅行・地図のタブレット / POSUI（信頼・誠実（コーポレート））","プロ（演出多め）"
"UI-06932","SNS・コミュニティのスマートウォッチUI（ニューブルータリズム）","プロ（演出多め）"
"UI-06933","予約（サロン/ホテル/病院）の管理画面・ダッシュボードUI（パステル・ドリーミー）","上級"
"UI-06934","アクセス解析・BIのiOSアプリUI（3D・クレイ）","プロ（演出多め）"
"UI-06935","マッチングのiOSアプリUI（かわいい・ガーリー）","プロ（演出多め）"
"UI-06936","ショッピングのiOSアプリUI（3D・クレイ）","プロ（演出多め）"
"UI-06937","AIアシスタント・チャットのWebアプリ（SaaS）UI（クール・テック）","上級"
"UI-06938","ヘルスケア・フィットネス記録のタブレット / POSUI（ポップ・カラフル）","プロ（演出多め）"
"UI-06939","フードデリバリーのWebアプリ（SaaS）UI（信頼・誠実（コーポレート））","上級"
"UI-06940","マッチングのキオスク・サイネージUI（かわいい・ガーリー）","上級"
"UI-06941","ヘルスケア・フィットネス記録のキオスク・サイネージUI（ポップ・カラフル）","プロ（演出多め）"
"UI-06942","AIアシスタント・チャットのタブレット / POSUI（クール・テック）","プロ（演出多め）"
"UI-06943","SNS・コミュニティのタブレット / POSUI（エネルギッシュ・スポーティ）","上級"
"UI-06944","飲食店モバイルオーダーのiOSアプリUI（クール・テック）","上級"
"UI-06945","AIアシスタント・チャットのスマートウォッチUI（クール・テック）","プロ（演出多め）"
"UI-06946","ショッピングのタブレット / POSUI（北欧・ライフスタイル）","上級"
"UI-06947","顧客管理（CRM）の管理画面・ダッシュボードUI（ニューブルータリズム）","プロ（演出多め）"
"UI-06948","予約（サロン/ホテル/病院）のWebアプリ（SaaS）UI（ミニマル・洗練）","上級"
"UI-06949","音楽・ポッドキャストのタブレット / POSUI（エネルギッシュ・スポーティ）","プロ（演出多め）"
"UI-06950","顧客管理（CRM）の管理画面・ダッシュボードUI（クール・テック）","プロ（演出多め）"
"UI-06951","アクセス解析・BIのiOSアプリUI（ポップ・カラフル）","プロ（演出多め）"
"UI-06952","タスク・プロジェクト管理のWebアプリ（SaaS）UI（ネオン・サイバー）","上級"
"UI-06953","マッチングのタブレット / POSUI（ミニマル・洗練）","上級"
"UI-06954","家計簿・資産管理のAndroidアプリUI（グラスモーフィズム）","プロ（演出多め）"
"UI-06955","予約（サロン/ホテル/病院）のWebアプリ（SaaS）UI（ネオン・サイバー）","上級"
"UI-06956","タスク・プロジェクト管理のキオスク・サイネージUI（グラスモーフィズム）","上級"
"UI-06957","AIアシスタント・チャットのiOSアプリUI（ミニマル・洗練）","上級"
"UI-06958","タスク・プロジェクト管理のキオスク・サイネージUI（ネオン・サイバー）","プロ（演出多め）"
"UI-06959","AIアシスタント・チャットのタブレット / POSUI（ミニマル・洗練）","プロ（演出多め）"
"UI-06960","予約（サロン/ホテル/病院）のキオスク・サイネージUI（グラスモーフィズム）","プロ（演出多め）"
"UI-06961","学習・語学アプリのキオスク・サイネージUI（ジオメトリック・グラフィカル）","プロ（演出多め）"
"UI-06962","タスク・プロジェクト管理のAndroidアプリUI（ポップ・カラフル）","プロ（演出多め）"
"UI-06963","マッチングのiOSアプリUI（クール・テック）","プロ（演出多め）"
"UI-06964","ショッピングのスマートウォッチUI（グラスモーフィズム）","プロ（演出多め）"
"UI-06965","家計簿・資産管理のスマートウォッチUI（ポップ・カラフル）","プロ（演出多め）"
"UI-06966","ヘルスケア・フィットネス記録の管理画面・ダッシュボードUI（グラスモーフィズム）","プロ（演出多め）"
"UI-06967","SNS・コミュニティのタブレット / POSUI（ネオン・サイバー）","プロ（演出多め）"
"UI-06968","マッチングの管理画面・ダッシュボードUI（ミニマル・洗練）","プロ（演出多め）"
"UI-06969","旅行・地図のキオスク・サイネージUI（クール・テック）","上級"
"UI-06970","マッチングのWebアプリ（SaaS）UI（ミニマル・洗練）","プロ（演出多め）"
"UI-06971","旅行・地図のタブレット / POSUI（クール・テック）","上級"
"UI-06972","予約（サロン/ホテル/病院）のスマートウォッチUI（レトロ・Y2K）","プロ（演出多め）"
"UI-06973","音楽・ポッドキャストのAndroidアプリUI（ジオメトリック・グラフィカル）","プロ（演出多め）"
"UI-06974","AIアシスタント・チャットのキオスク・サイネージUI（3D・クレイ）","プロ（演出多め）"
"UI-06975","音楽・ポッドキャストのタブレット / POSUI（グラスモーフィズム）","プロ（演出多め）"
"UI-06976","タスク・プロジェクト管理のスマートウォッチUI（ネオン・サイバー）","プロ（演出多め）"
"UI-06977","顧客管理（CRM）の管理画面・ダッシュボードUI（ネオン・サイバー）","プロ（演出多め）"
"UI-06978","ショッピングのスマートウォッチUI（信頼・誠実（コーポレート））","プロ（演出多め）"
"UI-06979","SNS・コミュニティのスマートウォッチUI（ハンドメイド・手書き）","上級"
"UI-06980","スマートホーム・IoTのタブレット / POSUI（エネルギッシュ・スポーティ）","上級"
"UI-06981","AIアシスタント・チャットのキオスク・サイネージUI（ナチュラル・オーガニック）","プロ（演出多め）"
"UI-06982","音楽・ポッドキャストのタブレット / POSUI（パステル・ドリーミー）","上級"
"UI-06983","旅行・地図のタブレット / POSUI（ネオン・サイバー）","上級"
"UI-06984","AIアシスタント・チャットのスマートウォッチUI（3D・クレイ）","上級"
"UI-06985","学習・語学アプリのAndroidアプリUI（ネオン・サイバー）","プロ（演出多め）"
"UI-06986","学習・語学アプリのAndroidアプリUI（信頼・誠実（コーポレート））","プロ（演出多め）"
"UI-06987","スマートホーム・IoTのスマートウォッチUI（ニューブルータリズム）","プロ（演出多め）"
"UI-06988","音楽・ポッドキャストのキオスク・サイネージUI（ポップ・カラフル）","プロ（演出多め）"
"UI-06989","予約（サロン/ホテル/病院）のスマートウォッチUI（グラスモーフィズム）","上級"
"UI-06990","音楽・ポッドキャストのタブレット / POSUI（かわいい・ガーリー）","プロ（演出多め）"
"UI-06991","顧客管理（CRM）の管理画面・ダッシュボードUI（クール・テック）","上級"
"UI-06992","音楽・ポッドキャストのWebアプリ（SaaS）UI（グラスモーフィズム）","プロ（演出多め）"
"UI-06993","ヘルスケア・フィットネス記録のWebアプリ（SaaS）UI（ミニマル・洗練）","上級"
"UI-06994","タスク・プロジェクト管理のタブレット / POSUI（ネオン・サイバー）","上級"
"UI-06995","フードデリバリーのAndroidアプリUI（エディトリアル・雑誌風）","プロ（演出多め）"
"UI-06996","家計簿・資産管理のAndroidアプリUI（ニューブルータリズム）","上級"
"UI-06997","音楽・ポッドキャストのiOSアプリUI（ネオン・サイバー）","プロ（演出多め）"
"UI-06998","旅行・地図のWebアプリ（SaaS）UI（ネオン・サイバー）","プロ（演出多め）"
"UI-06999","アクセス解析・BIのキオスク・サイネージUI（グラスモーフィズム）","プロ（演出多め）"
"UI-07000","SNS・コミュニティのiOSアプリUI（ポップ・カラフル）","プロ（演出多め）"
"UI-07001","スマートホーム・IoTの管理画面・ダッシュボードUI（パステル・ドリーミー）","プロ（演出多め）"
"UI-07002","アクセス解析・BIのAndroidアプリUI（グラスモーフィズム）","上級"
"UI-07003","スマートホーム・IoTのキオスク・サイネージUI（信頼・誠実（コーポレート））","上級"
"UI-07004","フードデリバリーのスマートウォッチUI（ダーク・シネマティック）","プロ（演出多め）"
"UI-07005","マッチングのタブレット / POSUI（和モダン）","上級"
"UI-07006","学習・語学アプリのAndroidアプリUI（レトロ・Y2K）","上級"
"UI-07007","AIアシスタント・チャットのキオスク・サイネージUI（ハンドメイド・手書き）","プロ（演出多め）"
"UI-07008","旅行・地図のキオスク・サイネージUI（グラスモーフィズム）","プロ（演出多め）"
"UI-07009","フードデリバリーのキオスク・サイネージUI（ニューブルータリズム）","上級"
"UI-07010","予約（サロン/ホテル/病院）のWebアプリ（SaaS）UI（レトロ・Y2K）","プロ（演出多め）"
"UI-07011","SNS・コミュニティのiOSアプリUI（ハンドメイド・手書き）","プロ（演出多め）"
"UI-07012","旅行・地図のAndroidアプリUI（ハンドメイド・手書き）","上級"
"UI-07013","マッチングのスマートウォッチUI（3D・クレイ）","プロ（演出多め）"
"UI-07014","タスク・プロジェクト管理のAndroidアプリUI（ネオン・サイバー）","プロ（演出多め）"
"UI-07015","AIアシスタント・チャットのWebアプリ（SaaS）UI（ポップ・カラフル）","プロ（演出多め）"
"UI-07016","家計簿・資産管理のキオスク・サイネージUI（ダーク・シネマティック）","プロ（演出多め）"
"UI-07017","スマートホーム・IoTの管理画面・ダッシュボードUI（グラスモーフィズム）","プロ（演出多め）"
"UI-07018","マッチングのAndroidアプリUI（ネオン・サイバー）","プロ（演出多め）"
"UI-07019","ショッピングのiOSアプリUI（ダーク・シネマティック）","プロ（演出多め）"
"UI-07020","AIアシスタント・チャットのキオスク・サイネージUI（信頼・誠実（コーポレート））","プロ（演出多め）"
"UI-07021","フードデリバリーのAndroidアプリUI（ミニマル・洗練）","プロ（演出多め）"
"UI-07022","スマートホーム・IoTのタブレット / POSUI（信頼・誠実（コーポレート））","プロ（演出多め）"
"UI-07023","フードデリバリーのタブレット / POSUI（クール・テック）","プロ（演出多め）"
"UI-07024","顧客管理（CRM）のiOSアプリUI（エディトリアル・雑誌風）","プロ（演出多め）"
"UI-07025","旅行・地図のキオスク・サイネージUI（グラスモーフィズム）","上級"
"UI-07026","顧客管理（CRM）のキオスク・サイネージUI（グラスモーフィズム）","プロ（演出多め）"
"UI-07027","AIアシスタント・チャットのiOSアプリUI（ネオン・サイバー）","プロ（演出多め）"
"UI-07028","音楽・ポッドキャストのWebアプリ（SaaS）UI（3D・クレイ）","プロ（演出多め）"
"UI-07029","AIアシスタント・チャットのAndroidアプリUI（3D・クレイ）","プロ（演出多め）"
"UI-07030","タスク・プロジェクト管理のキオスク・サイネージUI（エディトリアル・雑誌風）","プロ（演出多め）"
"UI-07031","家計簿・資産管理のiOSアプリUI（グラスモーフィズム）","プロ（演出多め）"
"UI-07032","フードデリバリーのタブレット / POSUI（ハンドメイド・手書き）","プロ（演出多め）"
"UI-07033","旅行・地図の管理画面・ダッシュボードUI（クール・テック）","プロ（演出多め）"
"UI-07034","ヘルスケア・フィットネス記録のWebアプリ（SaaS）UI（ハンドメイド・手書き）","プロ（演出多め）"
"UI-07035","スマートホーム・IoTのWebアプリ（SaaS）UI（ネオン・サイバー）","プロ（演出多め）"
"UI-07036","予約（サロン/ホテル/病院）のiOSアプリUI（ネオン・サイバー）","プロ（演出多め）"
"UI-07037","SNS・コミュニティのWebアプリ（SaaS）UI（信頼・誠実（コーポレート））","プロ（演出多め）"
"UI-07038","ヘルスケア・フィットネス記録のスマートウォッチUI（グラスモーフィズム）","プロ（演出多め）"
"UI-07039","ショッピングのタブレット / POSUI（クール・テック）","プロ（演出多め）"
"UI-07040","旅行・地図のキオスク・サイネージUI（3D・クレイ）","上級"
"UI-07041","ヘルスケア・フィットネス記録の管理画面・ダッシュボードUI（3D・クレイ）","プロ（演出多め）"
"UI-07042","AIアシスタント・チャットのWebアプリ（SaaS）UI（クール・テック）","プロ（演出多め）"
"UI-07043","飲食店モバイルオーダーのWebアプリ（SaaS）UI（ニューブルータリズム）","プロ（演出多め）"
"UI-07044","旅行・地図のタブレット / POSUI（ポップ・カラフル）","上級"
"UI-07045","飲食店モバイルオーダーのスマートウォッチUI（ポップ・カラフル）","プロ（演出多め）"
"UI-07046","飲食店モバイルオーダーのタブレット / POSUI（クール・テック）","プロ（演出多め）"
"UI-07047","家計簿・資産管理のiOSアプリUI（パステル・ドリーミー）","プロ（演出多め）"
"UI-07048","家計簿・資産管理のiOSアプリUI（パステル・ドリーミー）","プロ（演出多め）"
"UI-07049","旅行・地図のタブレット / POSUI（ラグジュアリー・高級感）","上級"
"UI-07050","スマートホーム・IoTのスマートウォッチUI（ネオン・サイバー）","上級"
"UI-07051","マッチングのキオスク・サイネージUI（ジオメトリック・グラフィカル）","プロ（演出多め）"
"UI-07052","SNS・コミュニティのiOSアプリUI（ネオン・サイバー）","上級"
"UI-07053","旅行・地図のiOSアプリUI（ポップ・カラフル）","プロ（演出多め）"
"UI-07054","音楽・ポッドキャストのWebアプリ（SaaS）UI（ミニマル・洗練）","上級"
"UI-07055","スマートホーム・IoTのスマートウォッチUI（信頼・誠実（コーポレート））","プロ（演出多め）"
"UI-07056","スマートホーム・IoTの管理画面・ダッシュボードUI（ネオン・サイバー）","上級"
"UI-07057","ショッピングのWebアプリ（SaaS）UI（クール・テック）","上級"
"UI-07058","学習・語学アプリの管理画面・ダッシュボードUI（信頼・誠実（コーポレート））","プロ（演出多め）"
"UI-07059","アクセス解析・BIのスマートウォッチUI（信頼・誠実（コーポレート））","プロ（演出多め）"
"UI-07060","フードデリバリーのキオスク・サイネージUI（クール・テック）","プロ（演出多め）"
"UI-07061","ヘルスケア・フィットネス記録の管理画面・ダッシュボードUI（信頼・誠実（コーポレート））","プロ（演出多め）"
"UI-07062","旅行・地図のWebアプリ（SaaS）UI（クール・テック）","プロ（演出多め）"
"UI-07063","ショッピングのAndroidアプリUI（エネルギッシュ・スポーティ）","上級"
"UI-07064","学習・語学アプリのキオスク・サイネージUI（3D・クレイ）","上級"
"UI-07065","音楽・ポッドキャストのAndroidアプリUI（ナチュラル・オーガニック）","上級"
"UI-07066","フードデリバリーのAndroidアプリUI（ポップ・カラフル）","プロ（演出多め）"
"UI-07067","顧客管理（CRM）のWebアプリ（SaaS）UI（ネオン・サイバー）","プロ（演出多め）"
"UI-07068","学習・語学アプリのスマートウォッチUI（グラスモーフィズム）","プロ（演出多め）"
"UI-07069","家計簿・資産管理のiOSアプリUI（北欧・ライフスタイル）","上級"
"UI-07070","マッチングのWebアプリ（SaaS）UI（ミニマル・洗練）","プロ（演出多め）"
"UI-07071","予約（サロン/ホテル/病院）のiOSアプリUI（北欧・ライフスタイル）","上級"
"UI-07072","SNS・コミュニティのAndroidアプリUI（クール・テック）","プロ（演出多め）"
"UI-07073","旅行・地図のAndroidアプリUI（パステル・ドリーミー）","上級"
"UI-07074","学習・語学アプリのWebアプリ（SaaS）UI（クール・テック）","プロ（演出多め）"
"UI-07075","学習・語学アプリのAndroidアプリUI（パステル・ドリーミー）","上級"
"UI-07076","アクセス解析・BIのAndroidアプリUI（ネオン・サイバー）","プロ（演出多め）"
"UI-07077","学習・語学アプリのスマートウォッチUI（ラグジュアリー・高級感）","プロ（演出多め）"
"UI-07078","ヘルスケア・フィットネス記録のiOSアプリUI（ダーク・シネマティック）","プロ（演出多め）"
"UI-07079","音楽・ポッドキャストのタブレット / POSUI（ナチュラル・オーガニック）","上級"
"UI-07080","旅行・地図のキオスク・サイネージUI（クール・テック）","プロ（演出多め）"
"UI-07081","フードデリバリーのキオスク・サイネージUI（グラスモーフィズム）","プロ（演出多め）"
"UI-07082","ショッピングのタブレット / POSUI（クール・テック）","プロ（演出多め）"
"UI-07083","家計簿・資産管理のiOSアプリUI（ネオン・サイバー）","上級"
"UI-07084","顧客管理（CRM）のタブレット / POSUI（ミニマル・洗練）","上級"
"UI-07085","SNS・コミュニティのiOSアプリUI（パステル・ドリーミー）","プロ（演出多め）"
"UI-07086","顧客管理（CRM）のタブレット / POSUI（ネオン・サイバー）","上級"
"UI-07087","飲食店モバイルオーダーのキオスク・サイネージUI（ミニマル・洗練）","プロ（演出多め）"
"UI-07088","予約（サロン/ホテル/病院）の管理画面・ダッシュボードUI（ポップ・カラフル）","プロ（演出多め）"
"UI-07089","スマートホーム・IoTのスマートウォッチUI（3D・クレイ）","プロ（演出多め）"
"UI-07090","マッチングの管理画面・ダッシュボードUI（3D・クレイ）","プロ（演出多め）"
"UI-07091","タスク・プロジェクト管理のキオスク・サイネージUI（グラスモーフィズム）","プロ（演出多め）"
"UI-07092","顧客管理（CRM）のAndroidアプリUI（クール・テック）","プロ（演出多め）"
"UI-07093","SNS・コミュニティのキオスク・サイネージUI（レトロ・Y2K）","上級"
"UI-07094","アクセス解析・BIのWebアプリ（SaaS）UI（パステル・ドリーミー）","プロ（演出多め）"
"UI-07095","音楽・ポッドキャストのWebアプリ（SaaS）UI（グラスモーフィズム）","上級"
"UI-07096","アクセス解析・BIのキオスク・サイネージUI（ネオン・サイバー）","プロ（演出多め）"
"UI-07097","音楽・ポッドキャストの管理画面・ダッシュボードUI（ネオン・サイバー）","上級"
"UI-07098","予約（サロン/ホテル/病院）のiOSアプリUI（かわいい・ガーリー）","プロ（演出多め）"
"UI-07099","マッチングのキオスク・サイネージUI（ラグジュアリー・高級感）","プロ（演出多め）"
"UI-07100","スマートホーム・IoTのタブレット / POSUI（ハンドメイド・手書き）","プロ（演出多め）"
"UI-07101","音楽・ポッドキャストのタブレット / POSUI（パステル・ドリーミー）","プロ（演出多め）"
"UI-07102","フードデリバリーのスマートウォッチUI（ミニマル・洗練）","上級"
"UI-07103","AIアシスタント・チャットのタブレット / POSUI（3D・クレイ）","プロ（演出多め）"
"UI-07104","学習・語学アプリのキオスク・サイネージUI（かわいい・ガーリー）","上級"
"UI-07105","学習・語学アプリのスマートウォッチUI（かわいい・ガーリー）","プロ（演出多め）"
"UI-07106","旅行・地図のAndroidアプリUI（ダーク・シネマティック）","プロ（演出多め）"
"UI-07107","SNS・コミュニティのiOSアプリUI（ナチュラル・オーガニック）","プロ（演出多め）"
"UI-07108","音楽・ポッドキャストのキオスク・サイネージUI（3D・クレイ）","プロ（演出多め）"
"UI-07109","音楽・ポッドキャストの管理画面・ダッシュボードUI（ミニマル・洗練）","上級"
"UI-07110","顧客管理（CRM）のAndroidアプリUI（ポップ・カラフル）","プロ（演出多め）"
"UI-07111","アクセス解析・BIのキオスク・サイネージUI（クール・テック）","プロ（演出多め）"
"UI-07112","顧客管理（CRM）のAndroidアプリUI（レトロ・Y2K）","プロ（演出多め）"
"UI-07113","家計簿・資産管理のAndroidアプリUI（ネオン・サイバー）","プロ（演出多め）"
"UI-07114","マッチングのスマートウォッチUI（エディトリアル・雑誌風）","プロ（演出多め）"
"UI-07115","SNS・コミュニティのWebアプリ（SaaS）UI（ダーク・シネマティック）","上級"
"UI-07116","飲食店モバイルオーダーの管理画面・ダッシュボードUI（エネルギッシュ・スポーティ）","上級"
"UI-07117","学習・語学アプリのタブレット / POSUI（パステル・ドリーミー）","上級"
"UI-07118","ヘルスケア・フィットネス記録のタブレット / POSUI（ハンドメイド・手書き）","プロ（演出多め）"
"UI-07119","アクセス解析・BIのスマートウォッチUI（和モダン）","プロ（演出多め）"
"UI-07120","音楽・ポッドキャストのキオスク・サイネージUI（ミニマル・洗練）","上級"
"UI-07121","スマートホーム・IoTのスマートウォッチUI（ネオン・サイバー）","プロ（演出多め）"
"UI-07122","アクセス解析・BIのWebアプリ（SaaS）UI（グラスモーフィズム）","プロ（演出多め）"
"UI-07123","AIアシスタント・チャットのキオスク・サイネージUI（ミニマル・洗練）","上級"
"UI-07124","ヘルスケア・フィットネス記録のAndroidアプリUI（3D・クレイ）","プロ（演出多め）"
"UI-07125","SNS・コミュニティの管理画面・ダッシュボードUI（ミニマル・洗練）","プロ（演出多め）"
"UI-07126","家計簿・資産管理のAndroidアプリUI（ミニマル・洗練）","プロ（演出多め）"
"UI-07127","顧客管理（CRM）のWebアプリ（SaaS）UI（ミニマル・洗練）","上級"
"UI-07128","SNS・コミュニティのAndroidアプリUI（3D・クレイ）","上級"
"UI-07129","ショッピングのWebアプリ（SaaS）UI（ポップ・カラフル）","プロ（演出多め）"
"UI-07130","ヘルスケア・フィットネス記録のタブレット / POSUI（ネオン・サイバー）","プロ（演出多め）"
"UI-07131","予約（サロン/ホテル/病院）のキオスク・サイネージUI（3D・クレイ）","上級"
"UI-07132","アクセス解析・BIのタブレット / POSUI（ダーク・シネマティック）","プロ（演出多め）"
"UI-07133","ショッピングのタブレット / POSUI（ネオン・サイバー）","上級"
"UI-07134","アクセス解析・BIのタブレット / POSUI（ネオン・サイバー）","上級"
"UI-07135","フードデリバリーの管理画面・ダッシュボードUI（ミニマル・洗練）","プロ（演出多め）"
"UI-07136","音楽・ポッドキャストのAndroidアプリUI（ミニマル・洗練）","プロ（演出多め）"
"UI-07137","アクセス解析・BIの管理画面・ダッシュボードUI（ネオン・サイバー）","プロ（演出多め）"
"UI-07138","飲食店モバイルオーダーのWebアプリ（SaaS）UI（ジオメトリック・グラフィカル）","プロ（演出多め）"
"UI-07139","ヘルスケア・フィットネス記録のキオスク・サイネージUI（クール・テック）","プロ（演出多め）"
"UI-07140","顧客管理（CRM）のiOSアプリUI（信頼・誠実（コーポレート））","上級"
"UI-07141","音楽・ポッドキャストのiOSアプリUI（ミニマル・洗練）","プロ（演出多め）"
"UI-07142","予約（サロン/ホテル/病院）のiOSアプリUI（グラスモーフィズム）","上級"
"UI-07143","旅行・地図のiOSアプリUI（ニューブルータリズム）","上級"
"UI-07144","旅行・地図のiOSアプリUI（ポップ・カラフル）","プロ（演出多め）"
"UI-07145","飲食店モバイルオーダーのWebアプリ（SaaS）UI（ニューブルータリズム）","上級"
"UI-07146","顧客管理（CRM）のiOSアプリUI（グラスモーフィズム）","プロ（演出多め）"
"UI-07147","SNS・コミュニティの管理画面・ダッシュボードUI（ミニマル・洗練）","プロ（演出多め）"
"UI-07148","アクセス解析・BIのWebアプリ（SaaS）UI（クール・テック）","プロ（演出多め）"
"UI-07149","SNS・コミュニティのタブレット / POSUI（グラスモーフィズム）","上級"
"UI-07150","フードデリバリーのWebアプリ（SaaS）UI（ミニマル・洗練）","プロ（演出多め）"
"UI-07151","AIアシスタント・チャットのキオスク・サイネージUI（ニューブルータリズム）","上級"
"UI-07152","SNS・コミュニティのiOSアプリUI（パステル・ドリーミー）","プロ（演出多め）"
"UI-07153","学習・語学アプリのiOSアプリUI（ネオン・サイバー）","上級"
"UI-07154","予約（サロン/ホテル/病院）のタブレット / POSUI（ニューブルータリズム）","プロ（演出多め）"
"UI-07155","学習・語学アプリの管理画面・ダッシュボードUI（北欧・ライフスタイル）","上級"
"UI-07156","学習・語学アプリの管理画面・ダッシュボードUI（信頼・誠実（コーポレート））","上級"
"UI-07157","飲食店モバイルオーダーのWebアプリ（SaaS）UI（ミニマル・洗練）","プロ（演出多め）"
"UI-07158","タスク・プロジェクト管理のキオスク・サイネージUI（パステル・ドリーミー）","プロ（演出多め）"
"UI-07159","ヘルスケア・フィットネス記録のWebアプリ（SaaS）UI（ポップ・カラフル）","プロ（演出多め）"
"UI-07160","ショッピングのAndroidアプリUI（かわいい・ガーリー）","プロ（演出多め）"
"UI-07161","学習・語学アプリのキオスク・サイネージUI（ネオン・サイバー）","プロ（演出多め）"
"UI-07162","タスク・プロジェクト管理のAndroidアプリUI（ハンドメイド・手書き）","上級"
"UI-07163","AIアシスタント・チャットのiOSアプリUI（エディトリアル・雑誌風）","プロ（演出多め）"
"UI-07164","家計簿・資産管理のタブレット / POSUI（グラスモーフィズム）","プロ（演出多め）"
"UI-07165","学習・語学アプリのスマートウォッチUI（信頼・誠実（コーポレート））","プロ（演出多め）"
"UI-07166","学習・語学アプリのキオスク・サイネージUI（クール・テック）","上級"
"UI-07167","アクセス解析・BIのタブレット / POSUI（ネオン・サイバー）","上級"
"UI-07168","学習・語学アプリのiOSアプリUI（エディトリアル・雑誌風）","プロ（演出多め）"
"UI-07169","家計簿・資産管理のAndroidアプリUI（パステル・ドリーミー）","プロ（演出多め）"
"UI-07170","音楽・ポッドキャストのWebアプリ（SaaS）UI（ミニマル・洗練）","プロ（演出多め）"
"UI-07171","音楽・ポッドキャストのWebアプリ（SaaS）UI（かわいい・ガーリー）","プロ（演出多め）"
"UI-07172","家計簿・資産管理のタブレット / POSUI（ミニマル・洗練）","プロ（演出多め）"
"UI-07173","ヘルスケア・フィットネス記録のスマートウォッチUI（ネオン・サイバー）","プロ（演出多め）"
"UI-07174","AIアシスタント・チャットの管理画面・ダッシュボードUI（ラグジュアリー・高級感）","上級"
"UI-07175","旅行・地図のタブレット / POSUI（グラスモーフィズム）","プロ（演出多め）"
"UI-07176","SNS・コミュニティのタブレット / POSUI（ミニマル・洗練）","プロ（演出多め）"
"UI-07177","フードデリバリーの管理画面・ダッシュボードUI（ニューブルータリズム）","プロ（演出多め）"
"UI-07178","予約（サロン/ホテル/病院）のiOSアプリUI（ラグジュアリー・高級感）","上級"
"UI-07179","ショッピングのAndroidアプリUI（ネオン・サイバー）","プロ（演出多め）"
"UI-07180","タスク・プロジェクト管理のタブレット / POSUI（ラグジュアリー・高級感）","プロ（演出多め）"
"UI-07181","AIアシスタント・チャットのWebアプリ（SaaS）UI（3D・クレイ）","プロ（演出多め）"
"UI-07182","マッチングのiOSアプリUI（ニューブルータリズム）","プロ（演出多め）"
"UI-07183","ヘルスケア・フィットネス記録のタブレット / POSUI（北欧・ライフスタイル）","プロ（演出多め）"
"UI-07184","マッチングのiOSアプリUI（パステル・ドリーミー）","プロ（演出多め）"
"UI-07185","家計簿・資産管理のスマートウォッチUI（3D・クレイ）","プロ（演出多め）"
"UI-07186","飲食店モバイルオーダーのWebアプリ（SaaS）UI（かわいい・ガーリー）","プロ（演出多め）"
"UI-07187","タスク・プロジェクト管理の管理画面・ダッシュボードUI（ミニマル・洗練）","上級"
"UI-07188","音楽・ポッドキャストの管理画面・ダッシュボードUI（ハンドメイド・手書き）","上級"
"UI-07189","スマートホーム・IoTのWebアプリ（SaaS）UI（ネオン・サイバー）","プロ（演出多め）"
"UI-07190","予約（サロン/ホテル/病院）のスマートウォッチUI（ポップ・カラフル）","プロ（演出多め）"
"UI-07191","タスク・プロジェクト管理のスマートウォッチUI（ポップ・カラフル）","プロ（演出多め）"
"UI-07192","音楽・ポッドキャストのiOSアプリUI（クール・テック）","プロ（演出多め）"
"UI-07193","予約（サロン/ホテル/病院）のAndroidアプリUI（和モダン）","上級"
"UI-07194","顧客管理（CRM）のWebアプリ（SaaS）UI（レトロ・Y2K）","プロ（演出多め）"
"UI-07195","旅行・地図のスマートウォッチUI（グラスモーフィズム）","プロ（演出多め）"
"UI-07196","予約（サロン/ホテル/病院）のWebアプリ（SaaS）UI（クール・テック）","プロ（演出多め）"
"UI-07197","学習・語学アプリのiOSアプリUI（ポップ・カラフル）","プロ（演出多め）"
"UI-07198","アクセス解析・BIのスマートウォッチUI（グラスモーフィズム）","上級"
"UI-07199","音楽・ポッドキャストのAndroidアプリUI（ネオン・サイバー）","上級"
"UI-07200","顧客管理（CRM）のタブレット / POSUI（信頼・誠実（コーポレート））","上級"
"UI-07201","旅行・地図のタブレット / POSUI（クール・テック）","プロ（演出多め）"
"UI-07202","スマートホーム・IoTの管理画面・ダッシュボードUI（ラグジュアリー・高級感）","上級"
"UI-07203","AIアシスタント・チャットのキオスク・サイネージUI（グラスモーフィズム）","プロ（演出多め）"
"UI-07204","AIアシスタント・チャットのAndroidアプリUI（ポップ・カラフル）","プロ（演出多め）"
"UI-07205","フードデリバリーのWebアプリ（SaaS）UI（ニューブルータリズム）","プロ（演出多め）"
"UI-07206","フードデリバリーの管理画面・ダッシュボードUI（レトロ・Y2K）","上級"
"UI-07207","SNS・コミュニティのキオスク・サイネージUI（パステル・ドリーミー）","上級"
"UI-07208","旅行・地図のAndroidアプリUI（グラスモーフィズム）","プロ（演出多め）"
"UI-07209","顧客管理（CRM）のWebアプリ（SaaS）UI（グラスモーフィズム）","上級"
"UI-07210","飲食店モバイルオーダーの管理画面・ダッシュボードUI（ニューブルータリズム）","上級"
"UI-07211","学習・語学アプリのタブレット / POSUI（ミニマル・洗練）","プロ（演出多め）"
"UI-07212","ショッピングのスマートウォッチUI（ネオン・サイバー）","プロ（演出多め）"
"UI-07213","学習・語学アプリのWebアプリ（SaaS）UI（ポップ・カラフル）","上級"
"UI-07214","ショッピングのiOSアプリUI（信頼・誠実（コーポレート））","プロ（演出多め）"
"UI-07215","ショッピングのAndroidアプリUI（信頼・誠実（コーポレート））","プロ（演出多め）"
"UI-07216","フードデリバリーのWebアプリ（SaaS）UI（クール・テック）","プロ（演出多め）"
"UI-07217","家計簿・資産管理のWebアプリ（SaaS）UI（ポップ・カラフル）","プロ（演出多め）"
"UI-07218","アクセス解析・BIの管理画面・ダッシュボードUI（ニューブルータリズム）","プロ（演出多め）"
"UI-07219","AIアシスタント・チャットのタブレット / POSUI（信頼・誠実（コーポレート））","プロ（演出多め）"
"UI-07220","タスク・プロジェクト管理の管理画面・ダッシュボードUI（ポップ・カラフル）","プロ（演出多め）"
"UI-07221","家計簿・資産管理のタブレット / POSUI（ネオン・サイバー）","上級"
"UI-07222","AIアシスタント・チャットのAndroidアプリUI（ネオン・サイバー）","上級"
"UI-07223","音楽・ポッドキャストのキオスク・サイネージUI（グラスモーフィズム）","上級"
"UI-07224","音楽・ポッドキャストの管理画面・ダッシュボードUI（クール・テック）","プロ（演出多め）"
"UI-07225","家計簿・資産管理の管理画面・ダッシュボードUI（ミニマル・洗練）","上級"
"UI-07226","飲食店モバイルオーダーのiOSアプリUI（ジオメトリック・グラフィカル）","プロ（演出多め）"
"UI-07227","ショッピングのiOSアプリUI（信頼・誠実（コーポレート））","上級"
"UI-07228","アクセス解析・BIのAndroidアプリUI（3D・クレイ）","プロ（演出多め）"
"UI-07229","旅行・地図のAndroidアプリUI（グラスモーフィズム）","上級"
"UI-07230","学習・語学アプリのAndroidアプリUI（ラグジュアリー・高級感）","上級"
"UI-07231","予約（サロン/ホテル/病院）のAndroidアプリUI（ジオメトリック・グラフィカル）","プロ（演出多め）"
"UI-07232","学習・語学アプリのAndroidアプリUI（ニューブルータリズム）","上級"
"UI-07233","顧客管理（CRM）のWebアプリ（SaaS）UI（パステル・ドリーミー）","プロ（演出多め）"
"UI-07234","SNS・コミュニティのWebアプリ（SaaS）UI（ネオン・サイバー）","プロ（演出多め）"
"UI-07235","旅行・地図の管理画面・ダッシュボードUI（パステル・ドリーミー）","プロ（演出多め）"
"UI-07236","アクセス解析・BIの管理画面・ダッシュボードUI（3D・クレイ）","上級"
"UI-07237","学習・語学アプリのWebアプリ（SaaS）UI（ネオン・サイバー）","プロ（演出多め）"
"UI-07238","タスク・プロジェクト管理のスマートウォッチUI（パステル・ドリーミー）","プロ（演出多め）"
"UI-07239","飲食店モバイルオーダーのスマートウォッチUI（3D・クレイ）","上級"
"UI-07240","音楽・ポッドキャストのキオスク・サイネージUI（クール・テック）","上級"
"UI-07241","アクセス解析・BIのWebアプリ（SaaS）UI（クール・テック）","プロ（演出多め）"
"UI-07242","顧客管理（CRM）のAndroidアプリUI（パステル・ドリーミー）","上級"
"UI-07243","スマートホーム・IoTのキオスク・サイネージUI（ニューブルータリズム）","プロ（演出多め）"
"UI-07244","ヘルスケア・フィットネス記録のキオスク・サイネージUI（グラスモーフィズム）","プロ（演出多め）"
"UI-07245","フードデリバリーのタブレット / POSUI（クール・テック）","上級"
"UI-07246","音楽・ポッドキャストのWebアプリ（SaaS）UI（クール・テック）","プロ（演出多め）"
"UI-07247","家計簿・資産管理のAndroidアプリUI（ポップ・カラフル）","上級"
"UI-07248","音楽・ポッドキャストのWebアプリ（SaaS）UI（信頼・誠実（コーポレート））","上級"
"UI-07249","音楽・ポッドキャストのタブレット / POSUI（3D・クレイ）","プロ（演出多め）"
"UI-07250","顧客管理（CRM）の管理画面・ダッシュボードUI（ニューブルータリズム）","プロ（演出多め）"
"UI-07251","学習・語学アプリのタブレット / POSUI（グラスモーフィズム）","上級"
"UI-07252","スマートホーム・IoTのWebアプリ（SaaS）UI（ポップ・カラフル）","上級"
"UI-07253","飲食店モバイルオーダーのタブレット / POSUI（ミニマル・洗練）","上級"
"UI-07254","予約（サロン/ホテル/病院）のスマートウォッチUI（ハンドメイド・手書き）","上級"
"UI-07255","飲食店モバイルオーダーのタブレット / POSUI（グラスモーフィズム）","上級"
"UI-07256","家計簿・資産管理のスマートウォッチUI（3D・クレイ）","プロ（演出多め）"
"UI-07257","SNS・コミュニティのスマートウォッチUI（ネオン・サイバー）","プロ（演出多め）"
"UI-07258","飲食店モバイルオーダーのスマートウォッチUI（ミニマル・洗練）","プロ（演出多め）"
"UI-07259","ショッピングのiOSアプリUI（クール・テック）","プロ（演出多め）"
"UI-07260","予約（サロン/ホテル/病院）のAndroidアプリUI（エネルギッシュ・スポーティ）","上級"
"UI-07261","アクセス解析・BIのキオスク・サイネージUI（エディトリアル・雑誌風）","プロ（演出多め）"
"UI-07262","予約（サロン/ホテル/病院）のWebアプリ（SaaS）UI（ニューブルータリズム）","上級"
"UI-07263","音楽・ポッドキャストのiOSアプリUI（ミニマル・洗練）","上級"
"UI-07264","音楽・ポッドキャストのスマートウォッチUI（パステル・ドリーミー）","プロ（演出多め）"
"UI-07265","予約（サロン/ホテル/病院）のiOSアプリUI（ポップ・カラフル）","上級"
"UI-07266","予約（サロン/ホテル/病院）のタブレット / POSUI（信頼・誠実（コーポレート））","プロ（演出多め）"
"UI-07267","アクセス解析・BIのキオスク・サイネージUI（ポップ・カラフル）","プロ（演出多め）"
"UI-07268","マッチングのタブレット / POSUI（かわいい・ガーリー）","上級"
"UI-07269","顧客管理（CRM）のAndroidアプリUI（ミニマル・洗練）","プロ（演出多め）"
"UI-07270","スマートホーム・IoTのタブレット / POSUI（3D・クレイ）","プロ（演出多め）"
"UI-07271","予約（サロン/ホテル/病院）のタブレット / POSUI（グラスモーフィズム）","上級"
"UI-07272","タスク・プロジェクト管理のタブレット / POSUI（パステル・ドリーミー）","プロ（演出多め）"
"UI-07273","スマートホーム・IoTのiOSアプリUI（ポップ・カラフル）","上級"
"UI-07274","SNS・コミュニティのキオスク・サイネージUI（信頼・誠実（コーポレート））","プロ（演出多め）"
"UI-07275","フードデリバリーのAndroidアプリUI（ポップ・カラフル）","プロ（演出多め）"
"UI-07276","スマートホーム・IoTのAndroidアプリUI（グラスモーフィズム）","プロ（演出多め）"
"UI-07277","音楽・ポッドキャストのAndroidアプリUI（ミニマル・洗練）","プロ（演出多め）"
"UI-07278","スマートホーム・IoTのキオスク・サイネージUI（ネオン・サイバー）","プロ（演出多め）"
"UI-07279","ショッピングのWebアプリ（SaaS）UI（ミニマル・洗練）","上級"
"UI-07280","タスク・プロジェクト管理のタブレット / POSUI（ニューブルータリズム）","上級"
"UI-07281","飲食店モバイルオーダーのタブレット / POSUI（信頼・誠実（コーポレート））","プロ（演出多め）"
"UI-07282","フードデリバリーの管理画面・ダッシュボードUI（ミニマル・洗練）","上級"
"UI-07283","予約（サロン/ホテル/病院）の管理画面・ダッシュボードUI（ネオン・サイバー）","プロ（演出多め）"
"UI-07284","音楽・ポッドキャストの管理画面・ダッシュボードUI（信頼・誠実（コーポレート））","プロ（演出多め）"
"UI-07285","家計簿・資産管理のタブレット / POSUI（ジオメトリック・グラフィカル）","プロ（演出多め）"
"UI-07286","飲食店モバイルオーダーのスマートウォッチUI（北欧・ライフスタイル）","プロ（演出多め）"
"UI-07287","ショッピングのタブレット / POSUI（エネルギッシュ・スポーティ）","上級"
"UI-07288","飲食店モバイルオーダーの管理画面・ダッシュボードUI（パステル・ドリーミー）","プロ（演出多め）"
"UI-07289","マッチングのAndroidアプリUI（エネルギッシュ・スポーティ）","プロ（演出多め）"
"UI-07290","ショッピングのキオスク・サイネージUI（ネオン・サイバー）","上級"
"UI-07291","ヘルスケア・フィットネス記録のタブレット / POSUI（ミニマル・洗練）","プロ（演出多め）"
"UI-07292","家計簿・資産管理のスマートウォッチUI（和モダン）","上級"
"UI-07293","AIアシスタント・チャットのタブレット / POSUI（パステル・ドリーミー）","プロ（演出多め）"
"UI-07294","音楽・ポッドキャストの管理画面・ダッシュボードUI（パステル・ドリーミー）","プロ（演出多め）"
"UI-07295","AIアシスタント・チャットのタブレット / POSUI（ニューブルータリズム）","上級"
"UI-07296","旅行・地図のタブレット / POSUI（ポップ・カラフル）","プロ（演出多め）"
"UI-07297","学習・語学アプリの管理画面・ダッシュボードUI（ハンドメイド・手書き）","上級"
"UI-07298","旅行・地図のAndroidアプリUI（ミニマル・洗練）","上級"
"UI-07299","家計簿・資産管理のキオスク・サイネージUI（パステル・ドリーミー）","プロ（演出多め）"
"UI-07300","タスク・プロジェクト管理のiOSアプリUI（3D・クレイ）","プロ（演出多め）"
"UI-07301","フードデリバリーのWebアプリ（SaaS）UI（ニューブルータリズム）","プロ（演出多め）"
"UI-07302","SNS・コミュニティのキオスク・サイネージUI（ニューブルータリズム）","プロ（演出多め）"
"UI-07303","顧客管理（CRM）のiOSアプリUI（ニューブルータリズム）","プロ（演出多め）"
"UI-07304","タスク・プロジェクト管理のAndroidアプリUI（クール・テック）","プロ（演出多め）"
"UI-07305","家計簿・資産管理のAndroidアプリUI（グラスモーフィズム）","プロ（演出多め）"
"UI-07306","マッチングのキオスク・サイネージUI（和モダン）","プロ（演出多め）"
"UI-07307","SNS・コミュニティのスマートウォッチUI（ニューブルータリズム）","上級"
"UI-07308","SNS・コミュニティのiOSアプリUI（ネオン・サイバー）","プロ（演出多め）"
"UI-07309","顧客管理（CRM）のWebアプリ（SaaS）UI（エディトリアル・雑誌風）","上級"
"UI-07310","音楽・ポッドキャストのiOSアプリUI（クール・テック）","プロ（演出多め）"
"UI-07311","スマートホーム・IoTの管理画面・ダッシュボードUI（グラスモーフィズム）","プロ（演出多め）"
"UI-07312","SNS・コミュニティのiOSアプリUI（ネオン・サイバー）","プロ（演出多め）"
"UI-07313","学習・語学アプリのiOSアプリUI（ミニマル・洗練）","上級"
"UI-07314","ヘルスケア・フィットネス記録のAndroidアプリUI（3D・クレイ）","プロ（演出多め）"
"UI-07315","旅行・地図の管理画面・ダッシュボードUI（かわいい・ガーリー）","上級"
"UI-07316","学習・語学アプリのWebアプリ（SaaS）UI（ジオメトリック・グラフィカル）","プロ（演出多め）"
"UI-07317","旅行・地図のタブレット / POSUI（ニューブルータリズム）","上級"
"UI-07318","予約（サロン/ホテル/病院）の管理画面・ダッシュボードUI（ラグジュアリー・高級感）","プロ（演出多め）"
"UI-07319","タスク・プロジェクト管理のWebアプリ（SaaS）UI（信頼・誠実（コーポレート））","上級"
"UI-07320","ショッピングのスマートウォッチUI（レトロ・Y2K）","プロ（演出多め）"
"UI-07321","スマートホーム・IoTのスマートウォッチUI（パステル・ドリーミー）","プロ（演出多め）"
"UI-07322","スマートホーム・IoTのiOSアプリUI（グラスモーフィズム）","プロ（演出多め）"
"UI-07323","旅行・地図のiOSアプリUI（パステル・ドリーミー）","プロ（演出多め）"
"UI-07324","顧客管理（CRM）のWebアプリ（SaaS）UI（クール・テック）","プロ（演出多め）"
"UI-07325","飲食店モバイルオーダーのスマートウォッチUI（ミニマル・洗練）","上級"
"UI-07326","ヘルスケア・フィットネス記録のタブレット / POSUI（3D・クレイ）","プロ（演出多め）"
"UI-07327","顧客管理（CRM）のAndroidアプリUI（パステル・ドリーミー）","上級"
"UI-07328","ヘルスケア・フィットネス記録のWebアプリ（SaaS）UI（グラスモーフィズム）","上級"
"UI-07329","旅行・地図のiOSアプリUI（3D・クレイ）","プロ（演出多め）"
"UI-07330","学習・語学アプリのAndroidアプリUI（ダーク・シネマティック）","プロ（演出多め）"
"UI-07331","マッチングのキオスク・サイネージUI（グラスモーフィズム）","プロ（演出多め）"
"UI-07332","顧客管理（CRM）のスマートウォッチUI（クール・テック）","プロ（演出多め）"
"UI-07333","ショッピングのスマートウォッチUI（パステル・ドリーミー）","プロ（演出多め）"
"UI-07334","予約（サロン/ホテル/病院）のiOSアプリUI（ミニマル・洗練）","プロ（演出多め）"
"UI-07335","顧客管理（CRM）のAndroidアプリUI（パステル・ドリーミー）","プロ（演出多め）"
"UI-07336","AIアシスタント・チャットのタブレット / POSUI（グラスモーフィズム）","上級"
"UI-07337","家計簿・資産管理のAndroidアプリUI（ニューブルータリズム）","プロ（演出多め）"
"UI-07338","家計簿・資産管理のキオスク・サイネージUI（3D・クレイ）","上級"
"UI-07339","学習・語学アプリのAndroidアプリUI（信頼・誠実（コーポレート））","プロ（演出多め）"
"UI-07340","SNS・コミュニティのキオスク・サイネージUI（ミニマル・洗練）","プロ（演出多め）"
"UI-07341","マッチングのキオスク・サイネージUI（ミニマル・洗練）","上級"
"UI-07342","予約（サロン/ホテル/病院）のタブレット / POSUI（ニューブルータリズム）","プロ（演出多め）"
"UI-07343","AIアシスタント・チャットのキオスク・サイネージUI（ニューブルータリズム）","プロ（演出多め）"
"UI-07344","スマートホーム・IoTのタブレット / POSUI（グラスモーフィズム）","プロ（演出多め）"
"UI-07345","飲食店モバイルオーダーのスマートウォッチUI（ネオン・サイバー）","プロ（演出多め）"
"UI-07346","フードデリバリーのタブレット / POSUI（3D・クレイ）","プロ（演出多め）"
"UI-07347","スマートホーム・IoTのキオスク・サイネージUI（3D・クレイ）","プロ（演出多め）"
"UI-07348","スマートホーム・IoTのAndroidアプリUI（ネオン・サイバー）","プロ（演出多め）"
"UI-07349","スマートホーム・IoTのスマートウォッチUI（ポップ・カラフル）","上級"
"UI-07350","音楽・ポッドキャストのキオスク・サイネージUI（ニューブルータリズム）","上級"
"UI-07351","学習・語学アプリのスマートウォッチUI（レトロ・Y2K）","プロ（演出多め）"
"UI-07352","タスク・プロジェクト管理の管理画面・ダッシュボードUI（グラスモーフィズム）","上級"
"UI-07353","予約（サロン/ホテル/病院）のタブレット / POSUI（エディトリアル・雑誌風）","上級"
"UI-07354","ヘルスケア・フィットネス記録の管理画面・ダッシュボードUI（パステル・ドリーミー）","上級"
"UI-07355","スマートホーム・IoTのキオスク・サイネージUI（ニューブルータリズム）","上級"
"UI-07356","顧客管理（CRM）のiOSアプリUI（信頼・誠実（コーポレート））","上級"
"UI-07357","AIアシスタント・チャットのスマートウォッチUI（グラスモーフィズム）","上級"
"UI-07358","ショッピングのiOSアプリUI（ネオン・サイバー）","プロ（演出多め）"
"UI-07359","ヘルスケア・フィットネス記録のiOSアプリUI（信頼・誠実（コーポレート））","上級"
"UI-07360","スマートホーム・IoTのキオスク・サイネージUI（レトロ・Y2K）","プロ（演出多め）"
"UI-07361","予約（サロン/ホテル/病院）の管理画面・ダッシュボードUI（ネオン・サイバー）","プロ（演出多め）"
"UI-07362","タスク・プロジェクト管理の管理画面・ダッシュボードUI（レトロ・Y2K）","プロ（演出多め）"
"UI-07363","タスク・プロジェクト管理のスマートウォッチUI（3D・クレイ）","プロ（演出多め）"
"UI-07364","ショッピングのスマートウォッチUI（グラスモーフィズム）","プロ（演出多め）"
"UI-07365","SNS・コミュニティのタブレット / POSUI（ニューブルータリズム）","プロ（演出多め）"
"UI-07366","ショッピングのタブレット / POSUI（ジオメトリック・グラフィカル）","プロ（演出多め）"
"UI-07367","音楽・ポッドキャストの管理画面・ダッシュボードUI（ハンドメイド・手書き）","プロ（演出多め）"
"UI-07368","旅行・地図のタブレット / POSUI（ミニマル・洗練）","プロ（演出多め）"
"UI-07369","フードデリバリーの管理画面・ダッシュボードUI（ニューブルータリズム）","プロ（演出多め）"
"UI-07370","予約（サロン/ホテル/病院）のスマートウォッチUI（和モダン）","上級"
"UI-07371","ショッピングのタブレット / POSUI（北欧・ライフスタイル）","プロ（演出多め）"
"UI-07372","顧客管理（CRM）のAndroidアプリUI（ネオン・サイバー）","プロ（演出多め）"
"UI-07373","ショッピングの管理画面・ダッシュボードUI（グラスモーフィズム）","上級"
"UI-07374","スマートホーム・IoTのスマートウォッチUI（グラスモーフィズム）","上級"
"UI-07375","音楽・ポッドキャストのキオスク・サイネージUI（パステル・ドリーミー）","上級"
"UI-07376","旅行・地図のキオスク・サイネージUI（3D・クレイ）","プロ（演出多め）"
"UI-07377","飲食店モバイルオーダーのスマートウォッチUI（信頼・誠実（コーポレート））","プロ（演出多め）"
"UI-07378","音楽・ポッドキャストのキオスク・サイネージUI（かわいい・ガーリー）","上級"
"UI-07379","ショッピングのスマートウォッチUI（クール・テック）","プロ（演出多め）"
"UI-07380","顧客管理（CRM）のキオスク・サイネージUI（グラスモーフィズム）","プロ（演出多め）"
"UI-07381","家計簿・資産管理の管理画面・ダッシュボードUI（ミニマル・洗練）","プロ（演出多め）"
"UI-07382","ヘルスケア・フィットネス記録のキオスク・サイネージUI（ニューブルータリズム）","上級"
"UI-07383","スマートホーム・IoTのキオスク・サイネージUI（グラスモーフィズム）","プロ（演出多め）"
"UI-07384","ショッピングのAndroidアプリUI（エネルギッシュ・スポーティ）","プロ（演出多め）"
"UI-07385","マッチングの管理画面・ダッシュボードUI（ラグジュアリー・高級感）","プロ（演出多め）"
"UI-07386","予約（サロン/ホテル/病院）のiOSアプリUI（グラスモーフィズム）","プロ（演出多め）"
"UI-07387","顧客管理（CRM）のiOSアプリUI（グラスモーフィズム）","上級"
"UI-07388","予約（サロン/ホテル/病院）のAndroidアプリUI（ネオン・サイバー）","プロ（演出多め）"
"UI-07389","飲食店モバイルオーダーのキオスク・サイネージUI（信頼・誠実（コーポレート））","上級"
"UI-07390","マッチングのタブレット / POSUI（ネオン・サイバー）","プロ（演出多め）"
"UI-07391","ヘルスケア・フィットネス記録のスマートウォッチUI（パステル・ドリーミー）","プロ（演出多め）"
"UI-07392","アクセス解析・BIのAndroidアプリUI（ネオン・サイバー）","プロ（演出多め）"
"UI-07393","家計簿・資産管理のiOSアプリUI（ミニマル・洗練）","プロ（演出多め）"
"UI-07394","SNS・コミュニティのiOSアプリUI（ミニマル・洗練）","上級"
"UI-07395","家計簿・資産管理のタブレット / POSUI（ポップ・カラフル）","プロ（演出多め）"
"UI-07396","顧客管理（CRM）のAndroidアプリUI（エネルギッシュ・スポーティ）","上級"
"UI-07397","家計簿・資産管理のタブレット / POSUI（ポップ・カラフル）","プロ（演出多め）"
"UI-07398","タスク・プロジェクト管理のキオスク・サイネージUI（ラグジュアリー・高級感）","プロ（演出多め）"
"UI-07399","AIアシスタント・チャットのタブレット / POSUI（ネオン・サイバー）","プロ（演出多め）"
"UI-07400","音楽・ポッドキャストのAndroidアプリUI（ポップ・カラフル）","プロ（演出多め）"
"UI-07401","SNS・コミュニティのタブレット / POSUI（ニューブルータリズム）","プロ（演出多め）"
"UI-07402","ショッピングの管理画面・ダッシュボードUI（ポップ・カラフル）","プロ（演出多め）"
"UI-07403","音楽・ポッドキャストのタブレット / POSUI（ネオン・サイバー）","プロ（演出多め）"
"UI-07404","学習・語学アプリの管理画面・ダッシュボードUI（3D・クレイ）","プロ（演出多め）"
"UI-07405","マッチングのスマートウォッチUI（ジオメトリック・グラフィカル）","プロ（演出多め）"
"UI-07406","タスク・プロジェクト管理のWebアプリ（SaaS）UI（3D・クレイ）","プロ（演出多め）"
"UI-07407","ヘルスケア・フィットネス記録のスマートウォッチUI（ニューブルータリズム）","プロ（演出多め）"
"UI-07408","ヘルスケア・フィットネス記録の管理画面・ダッシュボードUI（信頼・誠実（コーポレート））","プロ（演出多め）"
"UI-07409","AIアシスタント・チャットのスマートウォッチUI（ネオン・サイバー）","プロ（演出多め）"
"UI-07410","スマートホーム・IoTの管理画面・ダッシュボードUI（ジオメトリック・グラフィカル）","プロ（演出多め）"
"UI-07411","音楽・ポッドキャストの管理画面・ダッシュボードUI（ポップ・カラフル）","プロ（演出多め）"
"UI-07412","マッチングのWebアプリ（SaaS）UI（グラスモーフィズム）","プロ（演出多め）"
"UI-07413","予約（サロン/ホテル/病院）のAndroidアプリUI（ジオメトリック・グラフィカル）","プロ（演出多め）"
"UI-07414","飲食店モバイルオーダーのAndroidアプリUI（クール・テック）","プロ（演出多め）"
"UI-07415","スマートホーム・IoTのスマートウォッチUI（信頼・誠実（コーポレート））","プロ（演出多め）"
"UI-07416","スマートホーム・IoTの管理画面・ダッシュボードUI（ミニマル・洗練）","プロ（演出多め）"
"UI-07417","ヘルスケア・フィットネス記録のタブレット / POSUI（和モダン）","プロ（演出多め）"
"UI-07418","飲食店モバイルオーダーのiOSアプリUI（3D・クレイ）","上級"
"UI-07419","顧客管理（CRM）のスマートウォッチUI（ラグジュアリー・高級感）","プロ（演出多め）"
"UI-07420","フードデリバリーのiOSアプリUI（ネオン・サイバー）","プロ（演出多め）"
"UI-07421","予約（サロン/ホテル/病院）のタブレット / POSUI（ナチュラル・オーガニック）","上級"
"UI-07422","マッチングの管理画面・ダッシュボードUI（3D・クレイ）","プロ（演出多め）"
"UI-07423","SNS・コミュニティの管理画面・ダッシュボードUI（エディトリアル・雑誌風）","プロ（演出多め）"
"UI-07424","旅行・地図のキオスク・サイネージUI（信頼・誠実（コーポレート））","上級"
"UI-07425","タスク・プロジェクト管理のキオスク・サイネージUI（クール・テック）","上級"
"UI-07426","顧客管理（CRM）のWebアプリ（SaaS）UI（3D・クレイ）","プロ（演出多め）"
"UI-07427","ショッピングのWebアプリ（SaaS）UI（グラスモーフィズム）","プロ（演出多め）"
"UI-07428","AIアシスタント・チャットの管理画面・ダッシュボードUI（北欧・ライフスタイル）","プロ（演出多め）"
"UI-07429","家計簿・資産管理の管理画面・ダッシュボードUI（パステル・ドリーミー）","上級"
"UI-07430","マッチングのキオスク・サイネージUI（3D・クレイ）","上級"
"UI-07431","スマートホーム・IoTのスマートウォッチUI（ニューブルータリズム）","上級"
"UI-07432","飲食店モバイルオーダーのキオスク・サイネージUI（エネルギッシュ・スポーティ）","上級"
"UI-07433","旅行・地図のiOSアプリUI（グラスモーフィズム）","プロ（演出多め）"
"UI-07434","予約（サロン/ホテル/病院）のiOSアプリUI（ネオン・サイバー）","プロ（演出多め）"
"UI-07435","音楽・ポッドキャストのスマートウォッチUI（クール・テック）","プロ（演出多め）"
"UI-07436","予約（サロン/ホテル/病院）のタブレット / POSUI（ネオン・サイバー）","プロ（演出多め）"
"UI-07437","家計簿・資産管理の管理画面・ダッシュボードUI（信頼・誠実（コーポレート））","上級"
"UI-07438","AIアシスタント・チャットの管理画面・ダッシュボードUI（エネルギッシュ・スポーティ）","上級"
"UI-07439","ショッピングの管理画面・ダッシュボードUI（信頼・誠実（コーポレート））","上級"
"UI-07440","SNS・コミュニティのタブレット / POSUI（クール・テック）","プロ（演出多め）"
"UI-07441","飲食店モバイルオーダーのWebアプリ（SaaS）UI（かわいい・ガーリー）","プロ（演出多め）"
"UI-07442","家計簿・資産管理のAndroidアプリUI（ネオン・サイバー）","プロ（演出多め）"
"UI-07443","タスク・プロジェクト管理のAndroidアプリUI（パステル・ドリーミー）","プロ（演出多め）"
"UI-07444","音楽・ポッドキャストのスマートウォッチUI（3D・クレイ）","プロ（演出多め）"
"UI-07445","SNS・コミュニティのWebアプリ（SaaS）UI（パステル・ドリーミー）","上級"
"UI-07446","AIアシスタント・チャットのスマートウォッチUI（ネオン・サイバー）","プロ（演出多め）"
"UI-07447","フードデリバリーのスマートウォッチUI（レトロ・Y2K）","上級"
"UI-07448","家計簿・資産管理のWebアプリ（SaaS）UI（エディトリアル・雑誌風）","プロ（演出多め）"
"UI-07449","旅行・地図の管理画面・ダッシュボードUI（かわいい・ガーリー）","プロ（演出多め）"
"UI-07450","タスク・プロジェクト管理の管理画面・ダッシュボードUI（ナチュラル・オーガニック）","上級"
"UI-07451","ショッピングのiOSアプリUI（ハンドメイド・手書き）","プロ（演出多め）"
"UI-07452","AIアシスタント・チャットのiOSアプリUI（信頼・誠実（コーポレート））","プロ（演出多め）"
"UI-07453","予約（サロン/ホテル/病院）のスマートウォッチUI（和モダン）","プロ（演出多め）"
"UI-07454","旅行・地図のタブレット / POSUI（信頼・誠実（コーポレート））","上級"
"UI-07455","ショッピングのタブレット / POSUI（ニューブルータリズム）","プロ（演出多め）"
"UI-07456","旅行・地図の管理画面・ダッシュボードUI（ジオメトリック・グラフィカル）","プロ（演出多め）"
"UI-07457","旅行・地図のキオスク・サイネージUI（クール・テック）","上級"
"UI-07458","顧客管理（CRM）のキオスク・サイネージUI（信頼・誠実（コーポレート））","プロ（演出多め）"
"UI-07459","ショッピングのキオスク・サイネージUI（クール・テック）","プロ（演出多め）"
"UI-07460","ヘルスケア・フィットネス記録のキオスク・サイネージUI（レトロ・Y2K）","プロ（演出多め）"
"UI-07461","ショッピングのタブレット / POSUI（信頼・誠実（コーポレート））","プロ（演出多め）"
"UI-07462","スマートホーム・IoTのキオスク・サイネージUI（クール・テック）","プロ（演出多め）"
"UI-07463","マッチングの管理画面・ダッシュボードUI（グラスモーフィズム）","プロ（演出多め）"
"UI-07464","スマートホーム・IoTの管理画面・ダッシュボードUI（ミニマル・洗練）","プロ（演出多め）"
"UI-07465","顧客管理（CRM）のタブレット / POSUI（ダーク・シネマティック）","プロ（演出多め）"
"UI-07466","音楽・ポッドキャストのAndroidアプリUI（ニューブルータリズム）","プロ（演出多め）"
"UI-07467","フードデリバリーのWebアプリ（SaaS）UI（グラスモーフィズム）","プロ（演出多め）"
"UI-07468","アクセス解析・BIのiOSアプリUI（和モダン）","上級"
"UI-07469","ショッピングのiOSアプリUI（ハンドメイド・手書き）","上級"
"UI-07470","顧客管理（CRM）のiOSアプリUI（グラスモーフィズム）","プロ（演出多め）"
"UI-07471","AIアシスタント・チャットのキオスク・サイネージUI（ニューブルータリズム）","プロ（演出多め）"
"UI-07472","アクセス解析・BIのキオスク・サイネージUI（ハンドメイド・手書き）","プロ（演出多め）"
"UI-07473","顧客管理（CRM）のWebアプリ（SaaS）UI（ニューブルータリズム）","プロ（演出多め）"
"UI-07474","SNS・コミュニティのキオスク・サイネージUI（グラスモーフィズム）","上級"
"UI-07475","アクセス解析・BIのキオスク・サイネージUI（クール・テック）","プロ（演出多め）"
"UI-07476","音楽・ポッドキャストの管理画面・ダッシュボードUI（3D・クレイ）","上級"
"UI-07477","音楽・ポッドキャストのWebアプリ（SaaS）UI（ナチュラル・オーガニック）","プロ（演出多め）"
"UI-07478","音楽・ポッドキャストのiOSアプリUI（ポップ・カラフル）","上級"
"UI-07479","SNS・コミュニティのキオスク・サイネージUI（和モダン）","プロ（演出多め）"
"UI-07480","SNS・コミュニティのキオスク・サイネージUI（3D・クレイ）","上級"
"UI-07481","アクセス解析・BIのWebアプリ（SaaS）UI（パステル・ドリーミー）","プロ（演出多め）"
"UI-07482","ヘルスケア・フィットネス記録のiOSアプリUI（エネルギッシュ・スポーティ）","プロ（演出多め）"
"UI-07483","マッチングのタブレット / POSUI（ニューブルータリズム）","プロ（演出多め）"
"UI-07484","マッチングのスマートウォッチUI（パステル・ドリーミー）","上級"
"UI-07485","音楽・ポッドキャストのiOSアプリUI（パステル・ドリーミー）","プロ（演出多め）"
"UI-07486","フードデリバリーのWebアプリ（SaaS）UI（ナチュラル・オーガニック）","上級"
"UI-07487","家計簿・資産管理のタブレット / POSUI（レトロ・Y2K）","プロ（演出多め）"
"UI-07488","予約（サロン/ホテル/病院）のAndroidアプリUI（ポップ・カラフル）","上級"
"UI-07489","ヘルスケア・フィットネス記録の管理画面・ダッシュボードUI（かわいい・ガーリー）","上級"
"UI-07490","アクセス解析・BIのキオスク・サイネージUI（北欧・ライフスタイル）","プロ（演出多め）"
"UI-07491","飲食店モバイルオーダーの管理画面・ダッシュボードUI（3D・クレイ）","上級"
"UI-07492","家計簿・資産管理のiOSアプリUI（3D・クレイ）","上級"
"UI-07493","音楽・ポッドキャストのスマートウォッチUI（ハンドメイド・手書き）","プロ（演出多め）"
"UI-07494","旅行・地図の管理画面・ダッシュボードUI（和モダン）","プロ（演出多め）"
"UI-07495","家計簿・資産管理のスマートウォッチUI（信頼・誠実（コーポレート））","上級"
"UI-07496","SNS・コミュニティのタブレット / POSUI（かわいい・ガーリー）","プロ（演出多め）"
"UI-07497","音楽・ポッドキャストの管理画面・ダッシュボードUI（ニューブルータリズム）","上級"
"UI-07498","AIアシスタント・チャットのAndroidアプリUI（パステル・ドリーミー）","プロ（演出多め）"
"UI-07499","アクセス解析・BIのスマートウォッチUI（ポップ・カラフル）","上級"
"UI-07500","アクセス解析・BIのiOSアプリUI（エディトリアル・雑誌風）","上級"
"UI-07501","家計簿・資産管理のiOSアプリUI（ニューブルータリズム）","プロ（演出多め）"
"UI-07502","旅行・地図のキオスク・サイネージUI（エネルギッシュ・スポーティ）","プロ（演出多め）"
"UI-07503","音楽・ポッドキャストのスマートウォッチUI（ハンドメイド・手書き）","上級"
"UI-07504","音楽・ポッドキャストのAndroidアプリUI（3D・クレイ）","プロ（演出多め）"
"UI-07505","顧客管理（CRM）のキオスク・サイネージUI（ダーク・シネマティック）","上級"
"UI-07506","予約（サロン/ホテル/病院）のタブレット / POSUI（ポップ・カラフル）","上級"
"UI-07507","マッチングのWebアプリ（SaaS）UI（パステル・ドリーミー）","上級"
"UI-07508","家計簿・資産管理のiOSアプリUI（ダーク・シネマティック）","プロ（演出多め）"
"UI-07509","顧客管理（CRM）のWebアプリ（SaaS）UI（和モダン）","上級"
"UI-07510","顧客管理（CRM）のタブレット / POSUI（信頼・誠実（コーポレート））","上級"
"UI-07511","タスク・プロジェクト管理のスマートウォッチUI（信頼・誠実（コーポレート））","上級"
"UI-07512","マッチングのAndroidアプリUI（3D・クレイ）","プロ（演出多め）"
"UI-07513","ショッピングのWebアプリ（SaaS）UI（クール・テック）","上級"
"UI-07514","顧客管理（CRM）の管理画面・ダッシュボードUI（ポップ・カラフル）","プロ（演出多め）"
"UI-07515","タスク・プロジェクト管理のスマートウォッチUI（パステル・ドリーミー）","上級"
"UI-07516","ヘルスケア・フィットネス記録の管理画面・ダッシュボードUI（ポップ・カラフル）","プロ（演出多め）"
"UI-07517","AIアシスタント・チャットのWebアプリ（SaaS）UI（ポップ・カラフル）","プロ（演出多め）"
"UI-07518","家計簿・資産管理のWebアプリ（SaaS）UI（和モダン）","プロ（演出多め）"
"UI-07519","ショッピングのAndroidアプリUI（レトロ・Y2K）","プロ（演出多め）"
"UI-07520","飲食店モバイルオーダーのAndroidアプリUI（3D・クレイ）","上級"
"UI-07521","AIアシスタント・チャットの管理画面・ダッシュボードUI（クール・テック）","プロ（演出多め）"
"UI-07522","アクセス解析・BIの管理画面・ダッシュボードUI（ナチュラル・オーガニック）","上級"
"UI-07523","家計簿・資産管理のスマートウォッチUI（ネオン・サイバー）","上級"
"UI-07524","アクセス解析・BIのWebアプリ（SaaS）UI（ジオメトリック・グラフィカル）","上級"
"UI-07525","ショッピングのタブレット / POSUI（信頼・誠実（コーポレート））","上級"
"UI-07526","学習・語学アプリのiOSアプリUI（ハンドメイド・手書き）","プロ（演出多め）"
"UI-07527","学習・語学アプリのAndroidアプリUI（クール・テック）","プロ（演出多め）"
"UI-07528","フードデリバリーのWebアプリ（SaaS）UI（グラスモーフィズム）","プロ（演出多め）"
"UI-07529","ヘルスケア・フィットネス記録のキオスク・サイネージUI（グラスモーフィズム）","上級"
"UI-07530","スマートホーム・IoTのタブレット / POSUI（グラスモーフィズム）","プロ（演出多め）"
"UI-07531","AIアシスタント・チャットのタブレット / POSUI（グラスモーフィズム）","プロ（演出多め）"
"UI-07532","タスク・プロジェクト管理のスマートウォッチUI（信頼・誠実（コーポレート））","プロ（演出多め）"
"UI-07533","音楽・ポッドキャストのWebアプリ（SaaS）UI（ダーク・シネマティック）","プロ（演出多め）"
"UI-07534","ヘルスケア・フィットネス記録のAndroidアプリUI（ミニマル・洗練）","プロ（演出多め）"
"UI-07535","スマートホーム・IoTのスマートウォッチUI（ネオン・サイバー）","プロ（演出多め）"
"UI-07536","ヘルスケア・フィットネス記録の管理画面・ダッシュボードUI（パステル・ドリーミー）","プロ（演出多め）"
"UI-07537","音楽・ポッドキャストのWebアプリ（SaaS）UI（パステル・ドリーミー）","プロ（演出多め）"
"UI-07538","旅行・地図のキオスク・サイネージUI（ナチュラル・オーガニック）","プロ（演出多め）"
"UI-07539","タスク・プロジェクト管理のiOSアプリUI（パステル・ドリーミー）","プロ（演出多め）"
"UI-07540","AIアシスタント・チャットのWebアプリ（SaaS）UI（ニューブルータリズム）","プロ（演出多め）"
"UI-07541","ヘルスケア・フィットネス記録のAndroidアプリUI（パステル・ドリーミー）","プロ（演出多め）"
"UI-07542","SNS・コミュニティのキオスク・サイネージUI（ネオン・サイバー）","上級"
"UI-07543","SNS・コミュニティのキオスク・サイネージUI（グラスモーフィズム）","プロ（演出多め）"
"UI-07544","飲食店モバイルオーダーのWebアプリ（SaaS）UI（ポップ・カラフル）","上級"
"UI-07545","ショッピングのタブレット / POSUI（ネオン・サイバー）","プロ（演出多め）"
"UI-07546","SNS・コミュニティのWebアプリ（SaaS）UI（ネオン・サイバー）","プロ（演出多め）"
"UI-07547","飲食店モバイルオーダーのタブレット / POSUI（3D・クレイ）","プロ（演出多め）"
"UI-07548","家計簿・資産管理のタブレット / POSUI（ポップ・カラフル）","プロ（演出多め）"
"UI-07549","マッチングのiOSアプリUI（3D・クレイ）","プロ（演出多め）"
"UI-07550","家計簿・資産管理のWebアプリ（SaaS）UI（ポップ・カラフル）","プロ（演出多め）"
"UI-07551","SNS・コミュニティのキオスク・サイネージUI（ポップ・カラフル）","プロ（演出多め）"
"UI-07552","フードデリバリーのキオスク・サイネージUI（クール・テック）","プロ（演出多め）"
"UI-07553","顧客管理（CRM）のタブレット / POSUI（クール・テック）","プロ（演出多め）"
"UI-07554","予約（サロン/ホテル/病院）のWebアプリ（SaaS）UI（ハンドメイド・手書き）","上級"
"UI-07555","SNS・コミュニティのキオスク・サイネージUI（パステル・ドリーミー）","上級"
"UI-07556","飲食店モバイルオーダーのAndroidアプリUI（ニューブルータリズム）","プロ（演出多め）"
"UI-07557","ショッピングのiOSアプリUI（パステル・ドリーミー）","プロ（演出多め）"
"UI-07558","飲食店モバイルオーダーのタブレット / POSUI（ネオン・サイバー）","プロ（演出多め）"
"UI-07559","音楽・ポッドキャストの管理画面・ダッシュボードUI（ポップ・カラフル）","上級"
"UI-07560","音楽・ポッドキャストのiOSアプリUI（かわいい・ガーリー）","上級"
"UI-07561","ショッピングのタブレット / POSUI（グラスモーフィズム）","プロ（演出多め）"
"UI-07562","アクセス解析・BIのiOSアプリUI（ミニマル・洗練）","プロ（演出多め）"
"UI-07563","フードデリバリーのiOSアプリUI（ハンドメイド・手書き）","上級"
"UI-07564","学習・語学アプリのタブレット / POSUI（信頼・誠実（コーポレート））","プロ（演出多め）"
"UI-07565","飲食店モバイルオーダーのキオスク・サイネージUI（グラスモーフィズム）","上級"
"UI-07566","学習・語学アプリのタブレット / POSUI（3D・クレイ）","プロ（演出多め）"
"UI-07567","音楽・ポッドキャストのスマートウォッチUI（ミニマル・洗練）","上級"
"UI-07568","予約（サロン/ホテル/病院）のスマートウォッチUI（ミニマル・洗練）","上級"
"UI-07569","タスク・プロジェクト管理のキオスク・サイネージUI（ネオン・サイバー）","上級"
"UI-07570","フードデリバリーのスマートウォッチUI（パステル・ドリーミー）","上級"
"UI-07571","SNS・コミュニティのタブレット / POSUI（グラスモーフィズム）","上級"
"UI-07572","予約（サロン/ホテル/病院）のAndroidアプリUI（ミニマル・洗練）","プロ（演出多め）"
"UI-07573","旅行・地図の管理画面・ダッシュボードUI（クール・テック）","上級"
"UI-07574","タスク・プロジェクト管理のAndroidアプリUI（信頼・誠実（コーポレート））","プロ（演出多め）"
"UI-07575","飲食店モバイルオーダーのAndroidアプリUI（クール・テック）","プロ（演出多め）"
"UI-07576","ヘルスケア・フィットネス記録の管理画面・ダッシュボードUI（ミニマル・洗練）","上級"
"UI-07577","音楽・ポッドキャストのAndroidアプリUI（信頼・誠実（コーポレート））","上級"
"UI-07578","ショッピングの管理画面・ダッシュボードUI（ニューブルータリズム）","プロ（演出多め）"
"UI-07579","SNS・コミュニティのキオスク・サイネージUI（ポップ・カラフル）","プロ（演出多め）"
"UI-07580","飲食店モバイルオーダーのAndroidアプリUI（クール・テック）","上級"
"UI-07581","音楽・ポッドキャストのスマートウォッチUI（ニューブルータリズム）","上級"
"UI-07582","予約（サロン/ホテル/病院）のiOSアプリUI（3D・クレイ）","上級"
"UI-07583","アクセス解析・BIのキオスク・サイネージUI（信頼・誠実（コーポレート））","上級"
"UI-07584","マッチングの管理画面・ダッシュボードUI（クール・テック）","プロ（演出多め）"
"UI-07585","ショッピングの管理画面・ダッシュボードUI（グラスモーフィズム）","プロ（演出多め）"
"UI-07586","学習・語学アプリのスマートウォッチUI（ナチュラル・オーガニック）","プロ（演出多め）"
"UI-07587","スマートホーム・IoTのタブレット / POSUI（クール・テック）","プロ（演出多め）"
"UI-07588","フードデリバリーのiOSアプリUI（ポップ・カラフル）","プロ（演出多め）"
"UI-07589","マッチングのスマートウォッチUI（3D・クレイ）","プロ（演出多め）"
"UI-07590","タスク・プロジェクト管理の管理画面・ダッシュボードUI（ネオン・サイバー）","プロ（演出多め）"
"UI-07591","音楽・ポッドキャストの管理画面・ダッシュボードUI（パステル・ドリーミー）","プロ（演出多め）"
"UI-07592","ショッピングのスマートウォッチUI（ポップ・カラフル）","プロ（演出多め）"
"UI-07593","フードデリバリーの管理画面・ダッシュボードUI（パステル・ドリーミー）","上級"
"UI-07594","学習・語学アプリのWebアプリ（SaaS）UI（ポップ・カラフル）","プロ（演出多め）"
"UI-07595","タスク・プロジェクト管理のタブレット / POSUI（ハンドメイド・手書き）","プロ（演出多め）"
"UI-07596","フードデリバリーのタブレット / POSUI（クール・テック）","プロ（演出多め）"
"UI-07597","アクセス解析・BIのiOSアプリUI（グラスモーフィズム）","プロ（演出多め）"
"UI-07598","旅行・地図のキオスク・サイネージUI（グラスモーフィズム）","プロ（演出多め）"
"UI-07599","ショッピングのスマートウォッチUI（エネルギッシュ・スポーティ）","上級"
"UI-07600","アクセス解析・BIのWebアプリ（SaaS）UI（3D・クレイ）","プロ（演出多め）"
"UI-07601","マッチングのスマートウォッチUI（ニューブルータリズム）","プロ（演出多め）"
"UI-07602","ショッピングのWebアプリ（SaaS）UI（ネオン・サイバー）","プロ（演出多め）"
"UI-07603","タスク・プロジェクト管理のタブレット / POSUI（グラスモーフィズム）","プロ（演出多め）"
"UI-07604","予約（サロン/ホテル/病院）のWebアプリ（SaaS）UI（ポップ・カラフル）","プロ（演出多め）"
"UI-07605","アクセス解析・BIのタブレット / POSUI（和モダン）","プロ（演出多め）"
"UI-07606","SNS・コミュニティのWebアプリ（SaaS）UI（レトロ・Y2K）","プロ（演出多め）"
"UI-07607","顧客管理（CRM）のWebアプリ（SaaS）UI（ミニマル・洗練）","プロ（演出多め）"
"UI-07608","SNS・コミュニティのWebアプリ（SaaS）UI（ニューブルータリズム）","プロ（演出多め）"
"UI-07609","ショッピングのスマートウォッチUI（ラグジュアリー・高級感）","プロ（演出多め）"
"UI-07610","顧客管理（CRM）のキオスク・サイネージUI（ポップ・カラフル）","プロ（演出多め）"
"UI-07611","SNS・コミュニティのキオスク・サイネージUI（3D・クレイ）","上級"
"UI-07612","顧客管理（CRM）の管理画面・ダッシュボードUI（ミニマル・洗練）","プロ（演出多め）"
"UI-07613","ヘルスケア・フィットネス記録のAndroidアプリUI（ニューブルータリズム）","プロ（演出多め）"
"UI-07614","フードデリバリーのスマートウォッチUI（信頼・誠実（コーポレート））","プロ（演出多め）"
"UI-07615","顧客管理（CRM）のキオスク・サイネージUI（グラスモーフィズム）","プロ（演出多め）"
"UI-07616","音楽・ポッドキャストのスマートウォッチUI（3D・クレイ）","プロ（演出多め）"
"UI-07617","スマートホーム・IoTのiOSアプリUI（エディトリアル・雑誌風）","プロ（演出多め）"
"UI-07618","旅行・地図のWebアプリ（SaaS）UI（ニューブルータリズム）","上級"
"UI-07619","ヘルスケア・フィットネス記録のAndroidアプリUI（ミニマル・洗練）","上級"
"UI-07620","フードデリバリーのキオスク・サイネージUI（ニューブルータリズム）","プロ（演出多め）"
"UI-07621","タスク・プロジェクト管理のAndroidアプリUI（和モダン）","プロ（演出多め）"
"UI-07622","フードデリバリーのスマートウォッチUI（ポップ・カラフル）","上級"
"UI-07623","アクセス解析・BIのキオスク・サイネージUI（エネルギッシュ・スポーティ）","上級"
"UI-07624","家計簿・資産管理の管理画面・ダッシュボードUI（信頼・誠実（コーポレート））","プロ（演出多め）"
"UI-07625","SNS・コミュニティのスマートウォッチUI（信頼・誠実（コーポレート））","上級"
"UI-07626","顧客管理（CRM）のAndroidアプリUI（ナチュラル・オーガニック）","プロ（演出多め）"
"UI-07627","タスク・プロジェクト管理の管理画面・ダッシュボードUI（ニューブルータリズム）","プロ（演出多め）"
"UI-07628","予約（サロン/ホテル/病院）のキオスク・サイネージUI（ポップ・カラフル）","プロ（演出多め）"
"UI-07629","顧客管理（CRM）のタブレット / POSUI（ニューブルータリズム）","プロ（演出多め）"
"UI-07630","音楽・ポッドキャストの管理画面・ダッシュボードUI（3D・クレイ）","上級"
"UI-07631","AIアシスタント・チャットのキオスク・サイネージUI（ネオン・サイバー）","プロ（演出多め）"
"UI-07632","SNS・コミュニティのスマートウォッチUI（ネオン・サイバー）","プロ（演出多め）"
"UI-07633","顧客管理（CRM）のスマートウォッチUI（3D・クレイ）","プロ（演出多め）"
"UI-07634","家計簿・資産管理のスマートウォッチUI（信頼・誠実（コーポレート））","プロ（演出多め）"
"UI-07635","スマートホーム・IoTの管理画面・ダッシュボードUI（ネオン・サイバー）","上級"
"UI-07636","学習・語学アプリのWebアプリ（SaaS）UI（ニューブルータリズム）","プロ（演出多め）"
"UI-07637","予約（サロン/ホテル/病院）のタブレット / POSUI（ミニマル・洗練）","プロ（演出多め）"
"UI-07638","フードデリバリーのiOSアプリUI（信頼・誠実（コーポレート））","プロ（演出多め）"
"UI-07639","音楽・ポッドキャストのiOSアプリUI（クール・テック）","プロ（演出多め）"
"UI-07640","音楽・ポッドキャストのキオスク・サイネージUI（クール・テック）","上級"
"UI-07641","学習・語学アプリのWebアプリ（SaaS）UI（かわいい・ガーリー）","プロ（演出多め）"
"UI-07642","顧客管理（CRM）の管理画面・ダッシュボードUI（ポップ・カラフル）","上級"
"UI-07643","SNS・コミュニティの管理画面・ダッシュボードUI（ジオメトリック・グラフィカル）","プロ（演出多め）"
"UI-07644","ショッピングのタブレット / POSUI（信頼・誠実（コーポレート））","プロ（演出多め）"
"UI-07645","アクセス解析・BIの管理画面・ダッシュボードUI（信頼・誠実（コーポレート））","上級"
"UI-07646","予約（サロン/ホテル/病院）のキオスク・サイネージUI（信頼・誠実（コーポレート））","プロ（演出多め）"
"UI-07647","ショッピングのiOSアプリUI（ニューブルータリズム）","上級"
"UI-07648","学習・語学アプリのタブレット / POSUI（3D・クレイ）","上級"
"UI-07649","飲食店モバイルオーダーのタブレット / POSUI（ネオン・サイバー）","上級"
"UI-07650","ヘルスケア・フィットネス記録のキオスク・サイネージUI（3D・クレイ）","プロ（演出多め）"
"UI-07651","アクセス解析・BIのWebアプリ（SaaS）UI（ミニマル・洗練）","プロ（演出多め）"
"UI-07652","マッチングのiOSアプリUI（ラグジュアリー・高級感）","プロ（演出多め）"
"UI-07653","マッチングのキオスク・サイネージUI（ポップ・カラフル）","プロ（演出多め）"
"UI-07654","SNS・コミュニティの管理画面・ダッシュボードUI（パステル・ドリーミー）","プロ（演出多め）"
"UI-07655","マッチングの管理画面・ダッシュボードUI（かわいい・ガーリー）","上級"
"UI-07656","旅行・地図のスマートウォッチUI（かわいい・ガーリー）","上級"
"UI-07657","家計簿・資産管理の管理画面・ダッシュボードUI（信頼・誠実（コーポレート））","プロ（演出多め）"
"UI-07658","AIアシスタント・チャットのWebアプリ（SaaS）UI（ニューブルータリズム）","プロ（演出多め）"
"UI-07659","タスク・プロジェクト管理のiOSアプリUI（ネオン・サイバー）","上級"
"UI-07660","家計簿・資産管理のiOSアプリUI（ポップ・カラフル）","プロ（演出多め）"
"UI-07661","マッチングのキオスク・サイネージUI（3D・クレイ）","プロ（演出多め）"
"UI-07662","旅行・地図のWebアプリ（SaaS）UI（グラスモーフィズム）","上級"
"UI-07663","SNS・コミュニティの管理画面・ダッシュボードUI（ニューブルータリズム）","プロ（演出多め）"
"UI-07664","予約（サロン/ホテル/病院）のAndroidアプリUI（ニューブルータリズム）","プロ（演出多め）"
"UI-07665","タスク・プロジェクト管理の管理画面・ダッシュボードUI（グラスモーフィズム）","プロ（演出多め）"
"UI-07666","家計簿・資産管理のiOSアプリUI（ミニマル・洗練）","プロ（演出多め）"
"UI-07667","スマートホーム・IoTのスマートウォッチUI（ニューブルータリズム）","上級"
"UI-07668","予約（サロン/ホテル/病院）のiOSアプリUI（ミニマル・洗練）","上級"
"UI-07669","学習・語学アプリのAndroidアプリUI（グラスモーフィズム）","上級"
"UI-07670","学習・語学アプリのiOSアプリUI（ニューブルータリズム）","プロ（演出多め）"
"UI-07671","アクセス解析・BIのiOSアプリUI（グラスモーフィズム）","プロ（演出多め）"
"UI-07672","フードデリバリーのタブレット / POSUI（クール・テック）","プロ（演出多め）"
"UI-07673","アクセス解析・BIのキオスク・サイネージUI（エネルギッシュ・スポーティ）","プロ（演出多め）"
"UI-07674","ショッピングのiOSアプリUI（ネオン・サイバー）","プロ（演出多め）"
"UI-07675","飲食店モバイルオーダーの管理画面・ダッシュボードUI（ネオン・サイバー）","プロ（演出多め）"
"UI-07676","SNS・コミュニティのWebアプリ（SaaS）UI（クール・テック）","プロ（演出多め）"
"UI-07677","音楽・ポッドキャストのスマートウォッチUI（ミニマル・洗練）","プロ（演出多め）"
"UI-07678","マッチングのAndroidアプリUI（ポップ・カラフル）","プロ（演出多め）"
"UI-07679","音楽・ポッドキャストの管理画面・ダッシュボードUI（かわいい・ガーリー）","プロ（演出多め）"
"UI-07680","学習・語学アプリのWebアプリ（SaaS）UI（レトロ・Y2K）","上級"
"UI-07681","マッチングのWebアプリ（SaaS）UI（パステル・ドリーミー）","プロ（演出多め）"
"UI-07682","予約（サロン/ホテル/病院）のタブレット / POSUI（レトロ・Y2K）","プロ（演出多め）"
"UI-07683","旅行・地図のスマートウォッチUI（クール・テック）","プロ（演出多め）"
"UI-07684","SNS・コミュニティのiOSアプリUI（エネルギッシュ・スポーティ）","上級"
"UI-07685","AIアシスタント・チャットのiOSアプリUI（ラグジュアリー・高級感）","プロ（演出多め）"
"UI-07686","ショッピングの管理画面・ダッシュボードUI（ミニマル・洗練）","上級"
"UI-07687","顧客管理（CRM）のスマートウォッチUI（ニューブルータリズム）","上級"
"UI-07688","ショッピングのiOSアプリUI（ネオン・サイバー）","上級"
"UI-07689","SNS・コミュニティの管理画面・ダッシュボードUI（パステル・ドリーミー）","上級"
"UI-07690","顧客管理（CRM）のWebアプリ（SaaS）UI（ナチュラル・オーガニック）","プロ（演出多め）"
"UI-07691","AIアシスタント・チャットのキオスク・サイネージUI（ニューブルータリズム）","プロ（演出多め）"
"UI-07692","マッチングの管理画面・ダッシュボードUI（グラスモーフィズム）","上級"
"UI-07693","飲食店モバイルオーダーのAndroidアプリUI（北欧・ライフスタイル）","上級"
"UI-07694","マッチングのiOSアプリUI（クール・テック）","上級"
"UI-07695","音楽・ポッドキャストのキオスク・サイネージUI（パステル・ドリーミー）","上級"
"UI-07696","旅行・地図の管理画面・ダッシュボードUI（ミニマル・洗練）","上級"
"UI-07697","ヘルスケア・フィットネス記録のiOSアプリUI（グラスモーフィズム）","上級"
"UI-07698","顧客管理（CRM）のスマートウォッチUI（ミニマル・洗練）","プロ（演出多め）"
"UI-07699","旅行・地図のキオスク・サイネージUI（レトロ・Y2K）","上級"
"UI-07700","SNS・コミュニティのキオスク・サイネージUI（クール・テック）","上級"
"UI-07701","アクセス解析・BIのタブレット / POSUI（パステル・ドリーミー）","プロ（演出多め）"
"UI-07702","音楽・ポッドキャストのAndroidアプリUI（クール・テック）","上級"
"UI-07703","アクセス解析・BIのiOSアプリUI（信頼・誠実（コーポレート））","プロ（演出多め）"
"UI-07704","顧客管理（CRM）のスマートウォッチUI（ミニマル・洗練）","上級"
"UI-07705","家計簿・資産管理のタブレット / POSUI（レトロ・Y2K）","プロ（演出多め）"
"UI-07706","学習・語学アプリのWebアプリ（SaaS）UI（パステル・ドリーミー）","プロ（演出多め）"
"UI-07707","AIアシスタント・チャットのWebアプリ（SaaS）UI（エネルギッシュ・スポーティ）","プロ（演出多め）"
"UI-07708","顧客管理（CRM）のiOSアプリUI（クール・テック）","プロ（演出多め）"
"UI-07709","ヘルスケア・フィットネス記録のキオスク・サイネージUI（エネルギッシュ・スポーティ）","プロ（演出多め）"
"UI-07710","ショッピングのWebアプリ（SaaS）UI（ニューブルータリズム）","プロ（演出多め）"
"UI-07711","顧客管理（CRM）のWebアプリ（SaaS）UI（ミニマル・洗練）","上級"
"UI-07712","ヘルスケア・フィットネス記録のタブレット / POSUI（信頼・誠実（コーポレート））","上級"
"UI-07713","ショッピングのスマートウォッチUI（3D・クレイ）","上級"
"UI-07714","タスク・プロジェクト管理のiOSアプリUI（エディトリアル・雑誌風）","プロ（演出多め）"
"UI-07715","家計簿・資産管理のキオスク・サイネージUI（かわいい・ガーリー）","上級"
"UI-07716","マッチングのAndroidアプリUI（ネオン・サイバー）","プロ（演出多め）"
"UI-07717","音楽・ポッドキャストの管理画面・ダッシュボードUI（ミニマル・洗練）","上級"
"UI-07718","飲食店モバイルオーダーのキオスク・サイネージUI（かわいい・ガーリー）","プロ（演出多め）"
"UI-07719","スマートホーム・IoTの管理画面・ダッシュボードUI（3D・クレイ）","プロ（演出多め）"
"UI-07720","フードデリバリーのiOSアプリUI（ポップ・カラフル）","上級"
"UI-07721","SNS・コミュニティのキオスク・サイネージUI（クール・テック）","プロ（演出多め）"
"UI-07722","マッチングのタブレット / POSUI（エネルギッシュ・スポーティ）","プロ（演出多め）"
"UI-07723","マッチングのキオスク・サイネージUI（ネオン・サイバー）","上級"
"UI-07724","旅行・地図のAndroidアプリUI（信頼・誠実（コーポレート））","上級"
"UI-07725","ショッピングのAndroidアプリUI（信頼・誠実（コーポレート））","プロ（演出多め）"
"UI-07726","顧客管理（CRM）の管理画面・ダッシュボードUI（3D・クレイ）","プロ（演出多め）"
"UI-07727","飲食店モバイルオーダーのWebアプリ（SaaS）UI（グラスモーフィズム）","上級"
"UI-07728","予約（サロン/ホテル/病院）のAndroidアプリUI（ナチュラル・オーガニック）","上級"
"UI-07729","SNS・コミュニティのスマートウォッチUI（ネオン・サイバー）","プロ（演出多め）"
"UI-07730","SNS・コミュニティのiOSアプリUI（グラスモーフィズム）","プロ（演出多め）"
"UI-07731","マッチングのiOSアプリUI（グラスモーフィズム）","上級"
"UI-07732","フードデリバリーのWebアプリ（SaaS）UI（ニューブルータリズム）","プロ（演出多め）"
"UI-07733","マッチングの管理画面・ダッシュボードUI（ネオン・サイバー）","プロ（演出多め）"
"UI-07734","飲食店モバイルオーダーのタブレット / POSUI（北欧・ライフスタイル）","プロ（演出多め）"
"UI-07735","顧客管理（CRM）のスマートウォッチUI（ポップ・カラフル）","上級"
"UI-07736","ショッピングのAndroidアプリUI（信頼・誠実（コーポレート））","プロ（演出多め）"
"UI-07737","フードデリバリーのタブレット / POSUI（ニューブルータリズム）","プロ（演出多め）"
"UI-07738","ショッピングのAndroidアプリUI（信頼・誠実（コーポレート））","プロ（演出多め）"
"UI-07739","フードデリバリーのスマートウォッチUI（ミニマル・洗練）","上級"
"UI-07740","予約（サロン/ホテル/病院）の管理画面・ダッシュボードUI（パステル・ドリーミー）","上級"
"UI-07741","アクセス解析・BIのiOSアプリUI（エネルギッシュ・スポーティ）","上級"
"UI-07742","AIアシスタント・チャットのスマートウォッチUI（ポップ・カラフル）","プロ（演出多め）"
"UI-07743","SNS・コミュニティのWebアプリ（SaaS）UI（クール・テック）","上級"
"UI-07744","学習・語学アプリのiOSアプリUI（グラスモーフィズム）","上級"
"UI-07745","フードデリバリーのスマートウォッチUI（クール・テック）","上級"
"UI-07746","学習・語学アプリのiOSアプリUI（ミニマル・洗練）","プロ（演出多め）"
"UI-07747","SNS・コミュニティのWebアプリ（SaaS）UI（信頼・誠実（コーポレート））","プロ（演出多め）"
"UI-07748","音楽・ポッドキャストのスマートウォッチUI（信頼・誠実（コーポレート））","プロ（演出多め）"
"UI-07749","AIアシスタント・チャットのキオスク・サイネージUI（ニューブルータリズム）","プロ（演出多め）"
"UI-07750","ヘルスケア・フィットネス記録のタブレット / POSUI（ミニマル・洗練）","上級"
"UI-07751","予約（サロン/ホテル/病院）のキオスク・サイネージUI（エディトリアル・雑誌風）","プロ（演出多め）"
"UI-07752","飲食店モバイルオーダーのキオスク・サイネージUI（ネオン・サイバー）","プロ（演出多め）"
"UI-07753","スマートホーム・IoTの管理画面・ダッシュボードUI（ダーク・シネマティック）","プロ（演出多め）"
"UI-07754","予約（サロン/ホテル/病院）のキオスク・サイネージUI（クール・テック）","上級"
"UI-07755","ヘルスケア・フィットネス記録のキオスク・サイネージUI（信頼・誠実（コーポレート））","プロ（演出多め）"
"UI-07756","音楽・ポッドキャストのスマートウォッチUI（ダーク・シネマティック）","プロ（演出多め）"
"UI-07757","SNS・コミュニティのタブレット / POSUI（北欧・ライフスタイル）","上級"
"UI-07758","飲食店モバイルオーダーのAndroidアプリUI（クール・テック）","プロ（演出多め）"
"UI-07759","飲食店モバイルオーダーのスマートウォッチUI（グラスモーフィズム）","プロ（演出多め）"
"UI-07760","ヘルスケア・フィットネス記録のiOSアプリUI（グラスモーフィズム）","上級"
"UI-07761","タスク・プロジェクト管理のAndroidアプリUI（ニューブルータリズム）","プロ（演出多め）"
"UI-07762","ヘルスケア・フィットネス記録のスマートウォッチUI（クール・テック）","上級"
"UI-07763","飲食店モバイルオーダーのiOSアプリUI（信頼・誠実（コーポレート））","上級"
"UI-07764","家計簿・資産管理のWebアプリ（SaaS）UI（北欧・ライフスタイル）","プロ（演出多め）"
"UI-07765","マッチングのタブレット / POSUI（信頼・誠実（コーポレート））","プロ（演出多め）"
"UI-07766","旅行・地図のタブレット / POSUI（クール・テック）","上級"
"UI-07767","顧客管理（CRM）のスマートウォッチUI（グラスモーフィズム）","プロ（演出多め）"
"UI-07768","アクセス解析・BIのiOSアプリUI（ミニマル・洗練）","上級"
"UI-07769","ショッピングのiOSアプリUI（クール・テック）","プロ（演出多め）"
"UI-07770","予約（サロン/ホテル/病院）の管理画面・ダッシュボードUI（3D・クレイ）","プロ（演出多め）"
"UI-07771","飲食店モバイルオーダーのWebアプリ（SaaS）UI（ナチュラル・オーガニック）","上級"
"UI-07772","ヘルスケア・フィットネス記録のキオスク・サイネージUI（ニューブルータリズム）","上級"
"UI-07773","旅行・地図のスマートウォッチUI（ニューブルータリズム）","プロ（演出多め）"
"UI-07774","予約（サロン/ホテル/病院）のWebアプリ（SaaS）UI（ミニマル・洗練）","プロ（演出多め）"
"UI-07775","タスク・プロジェクト管理のWebアプリ（SaaS）UI（ポップ・カラフル）","プロ（演出多め）"
"UI-07776","スマートホーム・IoTのキオスク・サイネージUI（グラスモーフィズム）","プロ（演出多め）"
"UI-07777","マッチングのタブレット / POSUI（パステル・ドリーミー）","上級"
"UI-07778","音楽・ポッドキャストのスマートウォッチUI（ミニマル・洗練）","プロ（演出多め）"
"UI-07779","飲食店モバイルオーダーのAndroidアプリUI（クール・テック）","プロ（演出多め）"
"UI-07780","予約（サロン/ホテル/病院）のタブレット / POSUI（ポップ・カラフル）","プロ（演出多め）"
"UI-07781","SNS・コミュニティのAndroidアプリUI（ダーク・シネマティック）","プロ（演出多め）"
"UI-07782","SNS・コミュニティのWebアプリ（SaaS）UI（ネオン・サイバー）","プロ（演出多め）"
"UI-07783","予約（サロン/ホテル/病院）のAndroidアプリUI（クール・テック）","上級"
"UI-07784","スマートホーム・IoTのWebアプリ（SaaS）UI（エディトリアル・雑誌風）","プロ（演出多め）"
"UI-07785","顧客管理（CRM）の管理画面・ダッシュボードUI（3D・クレイ）","プロ（演出多め）"
"UI-07786","家計簿・資産管理のWebアプリ（SaaS）UI（3D・クレイ）","プロ（演出多め）"
"UI-07787","アクセス解析・BIのiOSアプリUI（北欧・ライフスタイル）","プロ（演出多め）"
"UI-07788","学習・語学アプリのiOSアプリUI（ニューブルータリズム）","プロ（演出多め）"
"UI-07789","ヘルスケア・フィットネス記録のiOSアプリUI（グラスモーフィズム）","プロ（演出多め）"
"UI-07790","学習・語学アプリのWebアプリ（SaaS）UI（ニューブルータリズム）","上級"
"UI-07791","飲食店モバイルオーダーのWebアプリ（SaaS）UI（エディトリアル・雑誌風）","プロ（演出多め）"
"UI-07792","タスク・プロジェクト管理のAndroidアプリUI（クール・テック）","プロ（演出多め）"
"UI-07793","飲食店モバイルオーダーの管理画面・ダッシュボードUI（ネオン・サイバー）","プロ（演出多め）"
"UI-07794","フードデリバリーのiOSアプリUI（3D・クレイ）","プロ（演出多め）"
"UI-07795","ヘルスケア・フィットネス記録のAndroidアプリUI（信頼・誠実（コーポレート））","プロ（演出多め）"
"UI-07796","音楽・ポッドキャストのWebアプリ（SaaS）UI（ニューブルータリズム）","プロ（演出多め）"
"UI-07797","旅行・地図のWebアプリ（SaaS）UI（ラグジュアリー・高級感）","プロ（演出多め）"
"UI-07798","予約（サロン/ホテル/病院）のキオスク・サイネージUI（3D・クレイ）","プロ（演出多め）"
"UI-07799","スマートホーム・IoTのスマートウォッチUI（ナチュラル・オーガニック）","プロ（演出多め）"
"UI-07800","顧客管理（CRM）のキオスク・サイネージUI（ジオメトリック・グラフィカル）","プロ（演出多め）"
"UI-07801","AIアシスタント・チャットの管理画面・ダッシュボードUI（かわいい・ガーリー）","上級"
"UI-07802","マッチングのAndroidアプリUI（ネオン・サイバー）","プロ（演出多め）"
"UI-07803","ショッピングのタブレット / POSUI（信頼・誠実（コーポレート））","上級"
"UI-07804","AIアシスタント・チャットのタブレット / POSUI（ネオン・サイバー）","プロ（演出多め）"
"UI-07805","学習・語学アプリのAndroidアプリUI（クール・テック）","上級"
"UI-07806","顧客管理（CRM）のAndroidアプリUI（3D・クレイ）","上級"
"UI-07807","スマートホーム・IoTの管理画面・ダッシュボードUI（ミニマル・洗練）","プロ（演出多め）"
"UI-07808","スマートホーム・IoTのWebアプリ（SaaS）UI（ポップ・カラフル）","プロ（演出多め）"
"UI-07809","ショッピングの管理画面・ダッシュボードUI（ミニマル・洗練）","上級"
"UI-07810","予約（サロン/ホテル/病院）のAndroidアプリUI（ポップ・カラフル）","プロ（演出多め）"
"UI-07811","マッチングのAndroidアプリUI（ネオン・サイバー）","プロ（演出多め）"
"UI-07812","アクセス解析・BIの管理画面・ダッシュボードUI（信頼・誠実（コーポレート））","プロ（演出多め）"
"UI-07813","アクセス解析・BIの管理画面・ダッシュボードUI（ネオン・サイバー）","上級"
"UI-07814","フードデリバリーのタブレット / POSUI（ジオメトリック・グラフィカル）","プロ（演出多め）"
"UI-07815","フードデリバリーのWebアプリ（SaaS）UI（ナチュラル・オーガニック）","プロ（演出多め）"
"UI-07816","アクセス解析・BIのタブレット / POSUI（パステル・ドリーミー）","プロ（演出多め）"
"UI-07817","ショッピングのスマートウォッチUI（ミニマル・洗練）","プロ（演出多め）"
"UI-07818","顧客管理（CRM）のスマートウォッチUI（ミニマル・洗練）","プロ（演出多め）"
"UI-07819","ショッピングの管理画面・ダッシュボードUI（ジオメトリック・グラフィカル）","プロ（演出多め）"
"UI-07820","アクセス解析・BIのiOSアプリUI（クール・テック）","プロ（演出多め）"
"UI-07821","アクセス解析・BIのWebアプリ（SaaS）UI（ポップ・カラフル）","プロ（演出多め）"
"UI-07822","ショッピングのスマートウォッチUI（ラグジュアリー・高級感）","プロ（演出多め）"
"UI-07823","アクセス解析・BIのスマートウォッチUI（ジオメトリック・グラフィカル）","プロ（演出多め）"
"UI-07824","AIアシスタント・チャットのAndroidアプリUI（クール・テック）","プロ（演出多め）"
"UI-07825","ヘルスケア・フィットネス記録のAndroidアプリUI（クール・テック）","上級"
"UI-07826","予約（サロン/ホテル/病院）のiOSアプリUI（エネルギッシュ・スポーティ）","上級"
"UI-07827","ショッピングのiOSアプリUI（ポップ・カラフル）","上級"
"UI-07828","顧客管理（CRM）のキオスク・サイネージUI（パステル・ドリーミー）","プロ（演出多め）"
"UI-07829","ヘルスケア・フィットネス記録のAndroidアプリUI（ネオン・サイバー）","プロ（演出多め）"
"UI-07830","マッチングのAndroidアプリUI（3D・クレイ）","プロ（演出多め）"
"UI-07831","ヘルスケア・フィットネス記録の管理画面・ダッシュボードUI（パステル・ドリーミー）","プロ（演出多め）"
"UI-07832","飲食店モバイルオーダーのWebアプリ（SaaS）UI（ネオン・サイバー）","プロ（演出多め）"
"UI-07833","予約（サロン/ホテル/病院）のタブレット / POSUI（ハンドメイド・手書き）","上級"
"UI-07834","ヘルスケア・フィットネス記録のAndroidアプリUI（信頼・誠実（コーポレート））","プロ（演出多め）"
"UI-07835","マッチングのAndroidアプリUI（グラスモーフィズム）","上級"
"UI-07836","旅行・地図のWebアプリ（SaaS）UI（ネオン・サイバー）","プロ（演出多め）"
"UI-07837","フードデリバリーのキオスク・サイネージUI（パステル・ドリーミー）","プロ（演出多め）"
"UI-07838","飲食店モバイルオーダーのAndroidアプリUI（パステル・ドリーミー）","プロ（演出多め）"
"UI-07839","ヘルスケア・フィットネス記録のスマートウォッチUI（ポップ・カラフル）","プロ（演出多め）"
"UI-07840","SNS・コミュニティのiOSアプリUI（グラスモーフィズム）","上級"
"UI-07841","ショッピングのキオスク・サイネージUI（ダーク・シネマティック）","上級"
"UI-07842","顧客管理（CRM）のスマートウォッチUI（ネオン・サイバー）","プロ（演出多め）"
"UI-07843","飲食店モバイルオーダーのキオスク・サイネージUI（信頼・誠実（コーポレート））","上級"
"UI-07844","旅行・地図のスマートウォッチUI（ジオメトリック・グラフィカル）","プロ（演出多め）"
"UI-07845","ヘルスケア・フィットネス記録のWebアプリ（SaaS）UI（レトロ・Y2K）","プロ（演出多め）"
"UI-07846","旅行・地図のタブレット / POSUI（ネオン・サイバー）","上級"
"UI-07847","アクセス解析・BIのAndroidアプリUI（パステル・ドリーミー）","プロ（演出多め）"
"UI-07848","飲食店モバイルオーダーのタブレット / POSUI（ミニマル・洗練）","プロ（演出多め）"
"UI-07849","音楽・ポッドキャストのiOSアプリUI（信頼・誠実（コーポレート））","上級"
"UI-07850","飲食店モバイルオーダーのiOSアプリUI（3D・クレイ）","プロ（演出多め）"
"UI-07851","フードデリバリーのAndroidアプリUI（ニューブルータリズム）","プロ（演出多め）"
"UI-07852","家計簿・資産管理のスマートウォッチUI（ミニマル・洗練）","上級"
"UI-07853","飲食店モバイルオーダーのAndroidアプリUI（クール・テック）","プロ（演出多め）"
"UI-07854","マッチングのキオスク・サイネージUI（ナチュラル・オーガニック）","上級"
"UI-07855","スマートホーム・IoTのスマートウォッチUI（パステル・ドリーミー）","プロ（演出多め）"
"UI-07856","フードデリバリーの管理画面・ダッシュボードUI（レトロ・Y2K）","プロ（演出多め）"
"UI-07857","フードデリバリーの管理画面・ダッシュボードUI（ニューブルータリズム）","プロ（演出多め）"
"UI-07858","顧客管理（CRM）のキオスク・サイネージUI（グラスモーフィズム）","プロ（演出多め）"
"UI-07859","旅行・地図の管理画面・ダッシュボードUI（和モダン）","上級"
"UI-07860","AIアシスタント・チャットのAndroidアプリUI（和モダン）","上級"
"UI-07861","予約（サロン/ホテル/病院）のタブレット / POSUI（ミニマル・洗練）","プロ（演出多め）"
"UI-07862","タスク・プロジェクト管理のキオスク・サイネージUI（信頼・誠実（コーポレート））","上級"
"UI-07863","飲食店モバイルオーダーのAndroidアプリUI（ネオン・サイバー）","プロ（演出多め）"
"UI-07864","アクセス解析・BIのWebアプリ（SaaS）UI（ハンドメイド・手書き）","プロ（演出多め）"
"UI-07865","顧客管理（CRM）のキオスク・サイネージUI（ニューブルータリズム）","上級"
"UI-07866","音楽・ポッドキャストのタブレット / POSUI（ミニマル・洗練）","プロ（演出多め）"
"UI-07867","スマートホーム・IoTのiOSアプリUI（ネオン・サイバー）","プロ（演出多め）"
"UI-07868","旅行・地図のキオスク・サイネージUI（信頼・誠実（コーポレート））","上級"
"UI-07869","音楽・ポッドキャストのスマートウォッチUI（グラスモーフィズム）","プロ（演出多め）"
"UI-07870","SNS・コミュニティのタブレット / POSUI（エネルギッシュ・スポーティ）","プロ（演出多め）"
"UI-07871","タスク・プロジェクト管理のタブレット / POSUI（3D・クレイ）","プロ（演出多め）"
"UI-07872","タスク・プロジェクト管理のスマートウォッチUI（信頼・誠実（コーポレート））","プロ（演出多め）"
"UI-07873","ショッピングの管理画面・ダッシュボードUI（レトロ・Y2K）","プロ（演出多め）"
"UI-07874","飲食店モバイルオーダーのキオスク・サイネージUI（ポップ・カラフル）","上級"
"UI-07875","SNS・コミュニティのWebアプリ（SaaS）UI（ミニマル・洗練）","プロ（演出多め）"
"UI-07876","SNS・コミュニティのWebアプリ（SaaS）UI（北欧・ライフスタイル）","プロ（演出多め）"
"UI-07877","ショッピングのスマートウォッチUI（ハンドメイド・手書き）","プロ（演出多め）"
"UI-07878","飲食店モバイルオーダーのタブレット / POSUI（ダーク・シネマティック）","プロ（演出多め）"
"UI-07879","飲食店モバイルオーダーのiOSアプリUI（3D・クレイ）","プロ（演出多め）"
"UI-07880","SNS・コミュニティのスマートウォッチUI（ミニマル・洗練）","プロ（演出多め）"
"UI-07881","マッチングのAndroidアプリUI（グラスモーフィズム）","プロ（演出多め）"
"UI-07882","スマートホーム・IoTのWebアプリ（SaaS）UI（北欧・ライフスタイル）","上級"
"UI-07883","ヘルスケア・フィットネス記録のスマートウォッチUI（パステル・ドリーミー）","プロ（演出多め）"
"UI-07884","家計簿・資産管理のタブレット / POSUI（グラスモーフィズム）","プロ（演出多め）"
"UI-07885","ショッピングのタブレット / POSUI（エディトリアル・雑誌風）","上級"
"UI-07886","タスク・プロジェクト管理のWebアプリ（SaaS）UI（グラスモーフィズム）","プロ（演出多め）"
"UI-07887","マッチングのAndroidアプリUI（グラスモーフィズム）","プロ（演出多め）"
"UI-07888","タスク・プロジェクト管理のキオスク・サイネージUI（ポップ・カラフル）","上級"
"UI-07889","旅行・地図のWebアプリ（SaaS）UI（グラスモーフィズム）","プロ（演出多め）"
"UI-07890","アクセス解析・BIのスマートウォッチUI（ポップ・カラフル）","プロ（演出多め）"
"UI-07891","タスク・プロジェクト管理のキオスク・サイネージUI（ニューブルータリズム）","プロ（演出多め）"
"UI-07892","学習・語学アプリのタブレット / POSUI（ネオン・サイバー）","上級"
"UI-07893","タスク・プロジェクト管理のキオスク・サイネージUI（信頼・誠実（コーポレート））","上級"
"UI-07894","ショッピングのスマートウォッチUI（かわいい・ガーリー）","上級"
"UI-07895","家計簿・資産管理のWebアプリ（SaaS）UI（ニューブルータリズム）","プロ（演出多め）"
"UI-07896","飲食店モバイルオーダーの管理画面・ダッシュボードUI（ネオン・サイバー）","上級"
"UI-07897","マッチングのWebアプリ（SaaS）UI（3D・クレイ）","プロ（演出多め）"
"UI-07898","ショッピングの管理画面・ダッシュボードUI（パステル・ドリーミー）","プロ（演出多め）"
"UI-07899","SNS・コミュニティのスマートウォッチUI（ラグジュアリー・高級感）","上級"
"UI-07900","学習・語学アプリの管理画面・ダッシュボードUI（パステル・ドリーミー）","プロ（演出多め）"
"UI-07901","飲食店モバイルオーダーのタブレット / POSUI（ミニマル・洗練）","プロ（演出多め）"
"UI-07902","ショッピングのキオスク・サイネージUI（レトロ・Y2K）","上級"
"UI-07903","音楽・ポッドキャストのキオスク・サイネージUI（ニューブルータリズム）","プロ（演出多め）"
"UI-07904","ヘルスケア・フィットネス記録のスマートウォッチUI（パステル・ドリーミー）","プロ（演出多め）"
"UI-07905","SNS・コミュニティのAndroidアプリUI（ネオン・サイバー）","プロ（演出多め）"
"UI-07906","顧客管理（CRM）のタブレット / POSUI（エディトリアル・雑誌風）","プロ（演出多め）"
"UI-07907","飲食店モバイルオーダーのタブレット / POSUI（ミニマル・洗練）","上級"
"UI-07908","学習・語学アプリの管理画面・ダッシュボードUI（グラスモーフィズム）","プロ（演出多め）"
"UI-07909","スマートホーム・IoTのAndroidアプリUI（信頼・誠実（コーポレート））","プロ（演出多め）"
"UI-07910","タスク・プロジェクト管理のスマートウォッチUI（エディトリアル・雑誌風）","プロ（演出多め）"
"UI-07911","タスク・プロジェクト管理のタブレット / POSUI（クール・テック）","上級"
"UI-07912","学習・語学アプリのAndroidアプリUI（パステル・ドリーミー）","プロ（演出多め）"
"UI-07913","フードデリバリーのiOSアプリUI（パステル・ドリーミー）","プロ（演出多め）"
"UI-07914","スマートホーム・IoTの管理画面・ダッシュボードUI（ニューブルータリズム）","プロ（演出多め）"
"UI-07915","家計簿・資産管理のキオスク・サイネージUI（ハンドメイド・手書き）","上級"
"UI-07916","ショッピングのスマートウォッチUI（ネオン・サイバー）","プロ（演出多め）"
"UI-07917","音楽・ポッドキャストのキオスク・サイネージUI（グラスモーフィズム）","上級"
"UI-07918","旅行・地図のキオスク・サイネージUI（ネオン・サイバー）","プロ（演出多め）"
"UI-07919","予約（サロン/ホテル/病院）のタブレット / POSUI（ミニマル・洗練）","プロ（演出多め）"
"UI-07920","マッチングのiOSアプリUI（ネオン・サイバー）","上級"
"UI-07921","スマートホーム・IoTのキオスク・サイネージUI（ネオン・サイバー）","プロ（演出多め）"
"UI-07922","タスク・プロジェクト管理のスマートウォッチUI（ハンドメイド・手書き）","上級"
"UI-07923","フードデリバリーのWebアプリ（SaaS）UI（クール・テック）","上級"
"UI-07924","学習・語学アプリのAndroidアプリUI（3D・クレイ）","上級"
"UI-07925","AIアシスタント・チャットの管理画面・ダッシュボードUI（ミニマル・洗練）","プロ（演出多め）"
"UI-07926","飲食店モバイルオーダーのiOSアプリUI（3D・クレイ）","プロ（演出多め）"
"UI-07927","AIアシスタント・チャットのAndroidアプリUI（信頼・誠実（コーポレート））","上級"
"UI-07928","予約（サロン/ホテル/病院）のAndroidアプリUI（ニューブルータリズム）","プロ（演出多め）"
"UI-07929","タスク・プロジェクト管理のiOSアプリUI（パステル・ドリーミー）","プロ（演出多め）"
"UI-07930","タスク・プロジェクト管理のキオスク・サイネージUI（レトロ・Y2K）","プロ（演出多め）"
"UI-07931","SNS・コミュニティのスマートウォッチUI（ミニマル・洗練）","プロ（演出多め）"
"UI-07932","フードデリバリーのタブレット / POSUI（ラグジュアリー・高級感）","プロ（演出多め）"
"UI-07933","学習・語学アプリのiOSアプリUI（ミニマル・洗練）","プロ（演出多め）"
"UI-07934","旅行・地図の管理画面・ダッシュボードUI（ポップ・カラフル）","プロ（演出多め）"
"UI-07935","アクセス解析・BIのタブレット / POSUI（グラスモーフィズム）","プロ（演出多め）"
"UI-07936","タスク・プロジェクト管理のWebアプリ（SaaS）UI（レトロ・Y2K）","プロ（演出多め）"
"UI-07937","マッチングのWebアプリ（SaaS）UI（信頼・誠実（コーポレート））","プロ（演出多め）"
"UI-07938","飲食店モバイルオーダーのスマートウォッチUI（ネオン・サイバー）","プロ（演出多め）"
"UI-07939","フードデリバリーのタブレット / POSUI（ニューブルータリズム）","上級"
"UI-07940","タスク・プロジェクト管理のキオスク・サイネージUI（ニューブルータリズム）","プロ（演出多め）"
"UI-07941","スマートホーム・IoTのタブレット / POSUI（パステル・ドリーミー）","上級"
"UI-07942","予約（サロン/ホテル/病院）のiOSアプリUI（和モダン）","プロ（演出多め）"
"UI-07943","SNS・コミュニティのスマートウォッチUI（かわいい・ガーリー）","プロ（演出多め）"
"UI-07944","マッチングの管理画面・ダッシュボードUI（3D・クレイ）","プロ（演出多め）"
"UI-07945","スマートホーム・IoTのWebアプリ（SaaS）UI（ジオメトリック・グラフィカル）","プロ（演出多め）"
"UI-07946","ショッピングのタブレット / POSUI（和モダン）","プロ（演出多め）"
"UI-07947","飲食店モバイルオーダーのキオスク・サイネージUI（レトロ・Y2K）","プロ（演出多め）"
"UI-07948","スマートホーム・IoTのAndroidアプリUI（ポップ・カラフル）","プロ（演出多め）"
"UI-07949","予約（サロン/ホテル/病院）のタブレット / POSUI（信頼・誠実（コーポレート））","プロ（演出多め）"
"UI-07950","旅行・地図のWebアプリ（SaaS）UI（グラスモーフィズム）","プロ（演出多め）"
"UI-07951","マッチングの管理画面・ダッシュボードUI（パステル・ドリーミー）","上級"
"UI-07952","タスク・プロジェクト管理のタブレット / POSUI（レトロ・Y2K）","プロ（演出多め）"
"UI-07953","顧客管理（CRM）のAndroidアプリUI（ポップ・カラフル）","プロ（演出多め）"
"UI-07954","学習・語学アプリのiOSアプリUI（ジオメトリック・グラフィカル）","プロ（演出多め）"
"UI-07955","スマートホーム・IoTのiOSアプリUI（クール・テック）","上級"
"UI-07956","ショッピングのAndroidアプリUI（エネルギッシュ・スポーティ）","上級"
"UI-07957","AIアシスタント・チャットの管理画面・ダッシュボードUI（3D・クレイ）","上級"
"UI-07958","スマートホーム・IoTのAndroidアプリUI（信頼・誠実（コーポレート））","上級"
"UI-07959","予約（サロン/ホテル/病院）のタブレット / POSUI（クール・テック）","上級"
"UI-07960","顧客管理（CRM）のスマートウォッチUI（3D・クレイ）","上級"
"UI-07961","アクセス解析・BIのキオスク・サイネージUI（クール・テック）","上級"
"UI-07962","マッチングのWebアプリ（SaaS）UI（ラグジュアリー・高級感）","上級"
"UI-07963","ショッピングのAndroidアプリUI（ニューブルータリズム）","プロ（演出多め）"
"UI-07964","飲食店モバイルオーダーのタブレット / POSUI（ミニマル・洗練）","上級"
"UI-07965","飲食店モバイルオーダーのキオスク・サイネージUI（ミニマル・洗練）","プロ（演出多め）"
"UI-07966","マッチングのキオスク・サイネージUI（ミニマル・洗練）","プロ（演出多め）"
"UI-07967","マッチングのスマートウォッチUI（ニューブルータリズム）","プロ（演出多め）"
"UI-07968","フードデリバリーのキオスク・サイネージUI（クール・テック）","上級"
"UI-07969","タスク・プロジェクト管理のiOSアプリUI（エディトリアル・雑誌風）","プロ（演出多め）"
"UI-07970","マッチングのタブレット / POSUI（ナチュラル・オーガニック）","上級"
"UI-07971","フードデリバリーのスマートウォッチUI（和モダン）","プロ（演出多め）"
"UI-07972","タスク・プロジェクト管理のAndroidアプリUI（パステル・ドリーミー）","上級"
"UI-07973","飲食店モバイルオーダーのタブレット / POSUI（信頼・誠実（コーポレート））","プロ（演出多め）"
"UI-07974","タスク・プロジェクト管理のスマートウォッチUI（3D・クレイ）","プロ（演出多め）"
"UI-07975","旅行・地図のキオスク・サイネージUI（3D・クレイ）","プロ（演出多め）"
"UI-07976","AIアシスタント・チャットのスマートウォッチUI（3D・クレイ）","プロ（演出多め）"
"UI-07977","顧客管理（CRM）のAndroidアプリUI（ミニマル・洗練）","上級"
"UI-07978","ヘルスケア・フィットネス記録のスマートウォッチUI（ポップ・カラフル）","プロ（演出多め）"
"UI-07979","アクセス解析・BIのiOSアプリUI（和モダン）","上級"
"UI-07980","タスク・プロジェクト管理のタブレット / POSUI（信頼・誠実（コーポレート））","上級"
"UI-07981","飲食店モバイルオーダーのAndroidアプリUI（3D・クレイ）","上級"
"UI-07982","家計簿・資産管理の管理画面・ダッシュボードUI（エディトリアル・雑誌風）","上級"
"UI-07983","学習・語学アプリのタブレット / POSUI（パステル・ドリーミー）","プロ（演出多め）"
"UI-07984","ヘルスケア・フィットネス記録のiOSアプリUI（3D・クレイ）","プロ（演出多め）"
"UI-07985","SNS・コミュニティのキオスク・サイネージUI（ミニマル・洗練）","プロ（演出多め）"
"UI-07986","家計簿・資産管理のAndroidアプリUI（パステル・ドリーミー）","プロ（演出多め）"
"UI-07987","音楽・ポッドキャストのキオスク・サイネージUI（クール・テック）","プロ（演出多め）"
"UI-07988","ショッピングのWebアプリ（SaaS）UI（和モダン）","プロ（演出多め）"
"UI-07989","タスク・プロジェクト管理のキオスク・サイネージUI（ネオン・サイバー）","プロ（演出多め）"
"UI-07990","AIアシスタント・チャットのiOSアプリUI（クール・テック）","プロ（演出多め）"
"UI-07991","学習・語学アプリのiOSアプリUI（かわいい・ガーリー）","上級"
"UI-07992","音楽・ポッドキャストのタブレット / POSUI（ミニマル・洗練）","プロ（演出多め）"
"UI-07993","飲食店モバイルオーダーのiOSアプリUI（3D・クレイ）","プロ（演出多め）"
"UI-07994","SNS・コミュニティのAndroidアプリUI（クール・テック）","プロ（演出多め）"
"UI-07995","予約（サロン/ホテル/病院）のタブレット / POSUI（ミニマル・洗練）","プロ（演出多め）"
"UI-07996","旅行・地図のスマートウォッチUI（クール・テック）","プロ（演出多め）"
"UI-07997","旅行・地図のWebアプリ（SaaS）UI（ラグジュアリー・高級感）","上級"
"UI-07998","予約（サロン/ホテル/病院）のキオスク・サイネージUI（パステル・ドリーミー）","上級"
"UI-07999","フードデリバリーのWebアプリ（SaaS）UI（和モダン）","プロ（演出多め）"
"UI-08000","スマートホーム・IoTの管理画面・ダッシュボードUI（グラスモーフィズム）","プロ（演出多め）"
"UI-08001","予約（サロン/ホテル/病院）のキオスク・サイネージUI（ジオメトリック・グラフィカル）","上級"
"UI-08002","飲食店モバイルオーダーのAndroidアプリUI（ミニマル・洗練）","プロ（演出多め）"
"UI-08003","音楽・ポッドキャストのAndroidアプリUI（グラスモーフィズム）","上級"
"UI-08004","家計簿・資産管理のiOSアプリUI（信頼・誠実（コーポレート））","プロ（演出多め）"
"UI-08005","飲食店モバイルオーダーのiOSアプリUI（ミニマル・洗練）","プロ（演出多め）"
"UI-08006","AIアシスタント・チャットのiOSアプリUI（ネオン・サイバー）","上級"
"UI-08007","家計簿・資産管理のiOSアプリUI（ジオメトリック・グラフィカル）","プロ（演出多め）"
"UI-08008","飲食店モバイルオーダーのAndroidアプリUI（クール・テック）","プロ（演出多め）"
"UI-08009","スマートホーム・IoTのタブレット / POSUI（ミニマル・洗練）","上級"
"UI-08010","アクセス解析・BIのキオスク・サイネージUI（クール・テック）","プロ（演出多め）"
"UI-08011","顧客管理（CRM）のタブレット / POSUI（北欧・ライフスタイル）","プロ（演出多め）"
"UI-08012","飲食店モバイルオーダーのiOSアプリUI（パステル・ドリーミー）","上級"
"UI-08013","学習・語学アプリのAndroidアプリUI（ミニマル・洗練）","プロ（演出多め）"
"UI-08014","アクセス解析・BIのキオスク・サイネージUI（ニューブルータリズム）","上級"
"UI-08015","マッチングのスマートウォッチUI（信頼・誠実（コーポレート））","プロ（演出多め）"
"UI-08016","フードデリバリーのWebアプリ（SaaS）UI（ニューブルータリズム）","プロ（演出多め）"
"UI-08017","AIアシスタント・チャットのiOSアプリUI（ミニマル・洗練）","上級"
"UI-08018","AIアシスタント・チャットのiOSアプリUI（パステル・ドリーミー）","上級"
"UI-08019","スマートホーム・IoTのタブレット / POSUI（パステル・ドリーミー）","プロ（演出多め）"
"UI-08020","家計簿・資産管理のWebアプリ（SaaS）UI（ニューブルータリズム）","プロ（演出多め）"
"UI-08021","予約（サロン/ホテル/病院）のタブレット / POSUI（ジオメトリック・グラフィカル）","上級"
"UI-08022","顧客管理（CRM）のキオスク・サイネージUI（ポップ・カラフル）","プロ（演出多め）"
"UI-08023","ショッピングのキオスク・サイネージUI（ポップ・カラフル）","プロ（演出多め）"
"UI-08024","ヘルスケア・フィットネス記録のキオスク・サイネージUI（パステル・ドリーミー）","プロ（演出多め）"
"UI-08025","飲食店モバイルオーダーのiOSアプリUI（信頼・誠実（コーポレート））","プロ（演出多め）"
"UI-08026","顧客管理（CRM）のキオスク・サイネージUI（北欧・ライフスタイル）","プロ（演出多め）"
"UI-08027","ヘルスケア・フィットネス記録のキオスク・サイネージUI（エネルギッシュ・スポーティ）","プロ（演出多め）"
"UI-08028","スマートホーム・IoTのiOSアプリUI（ネオン・サイバー）","プロ（演出多め）"
"UI-08029","ショッピングのiOSアプリUI（信頼・誠実（コーポレート））","上級"
"UI-08030","飲食店モバイルオーダーのスマートウォッチUI（パステル・ドリーミー）","プロ（演出多め）"
"UI-08031","タスク・プロジェクト管理のタブレット / POSUI（エネルギッシュ・スポーティ）","プロ（演出多め）"
"UI-08032","SNS・コミュニティのタブレット / POSUI（ミニマル・洗練）","プロ（演出多め）"
"UI-08033","飲食店モバイルオーダーのWebアプリ（SaaS）UI（ミニマル・洗練）","プロ（演出多め）"
"UI-08034","ヘルスケア・フィットネス記録の管理画面・ダッシュボードUI（和モダン）","上級"
"UI-08035","家計簿・資産管理のWebアプリ（SaaS）UI（信頼・誠実（コーポレート））","プロ（演出多め）"
"UI-08036","ヘルスケア・フィットネス記録のスマートウォッチUI（ミニマル・洗練）","プロ（演出多め）"
"UI-08037","音楽・ポッドキャストのタブレット / POSUI（ミニマル・洗練）","上級"
"UI-08038","飲食店モバイルオーダーの管理画面・ダッシュボードUI（ネオン・サイバー）","プロ（演出多め）"
"UI-08039","予約（サロン/ホテル/病院）のAndroidアプリUI（ポップ・カラフル）","プロ（演出多め）"
"UI-08040","スマートホーム・IoTの管理画面・ダッシュボードUI（信頼・誠実（コーポレート））","プロ（演出多め）"
"UI-08041","家計簿・資産管理のAndroidアプリUI（ミニマル・洗練）","上級"
"UI-08042","アクセス解析・BIのiOSアプリUI（エネルギッシュ・スポーティ）","プロ（演出多め）"
"UI-08043","SNS・コミュニティの管理画面・ダッシュボードUI（ポップ・カラフル）","プロ（演出多め）"
"UI-08044","学習・語学アプリの管理画面・ダッシュボードUI（信頼・誠実（コーポレート））","上級"
"UI-08045","予約（サロン/ホテル/病院）の管理画面・ダッシュボードUI（ラグジュアリー・高級感）","プロ（演出多め）"
"UI-08046","SNS・コミュニティのWebアプリ（SaaS）UI（ラグジュアリー・高級感）","プロ（演出多め）"
"UI-08047","タスク・プロジェクト管理の管理画面・ダッシュボードUI（パステル・ドリーミー）","上級"
"UI-08048","音楽・ポッドキャストのiOSアプリUI（クール・テック）","プロ（演出多め）"
"UI-08049","学習・語学アプリのタブレット / POSUI（和モダン）","上級"
"UI-08050","マッチングの管理画面・ダッシュボードUI（信頼・誠実（コーポレート））","プロ（演出多め）"
"UI-08051","タスク・プロジェクト管理のAndroidアプリUI（クール・テック）","プロ（演出多め）"
"UI-08052","AIアシスタント・チャットのAndroidアプリUI（ニューブルータリズム）","プロ（演出多め）"
"UI-08053","音楽・ポッドキャストのAndroidアプリUI（信頼・誠実（コーポレート））","プロ（演出多め）"
"UI-08054","音楽・ポッドキャストのWebアプリ（SaaS）UI（パステル・ドリーミー）","プロ（演出多め）"
"UI-08055","マッチングのiOSアプリUI（3D・クレイ）","上級"
"UI-08056","フードデリバリーのWebアプリ（SaaS）UI（3D・クレイ）","上級"
"UI-08057","マッチングの管理画面・ダッシュボードUI（3D・クレイ）","プロ（演出多め）"
"UI-08058","顧客管理（CRM）のWebアプリ（SaaS）UI（ニューブルータリズム）","プロ（演出多め）"
"UI-08059","旅行・地図のAndroidアプリUI（3D・クレイ）","上級"
"UI-08060","スマートホーム・IoTのAndroidアプリUI（ミニマル・洗練）","プロ（演出多め）"
"UI-08061","音楽・ポッドキャストの管理画面・ダッシュボードUI（北欧・ライフスタイル）","プロ（演出多め）"
"UI-08062","家計簿・資産管理のスマートウォッチUI（エネルギッシュ・スポーティ）","上級"
"UI-08063","家計簿・資産管理のWebアプリ（SaaS）UI（ネオン・サイバー）","プロ（演出多め）"
"UI-08064","旅行・地図のキオスク・サイネージUI（信頼・誠実（コーポレート））","プロ（演出多め）"
"UI-08065","ヘルスケア・フィットネス記録のWebアプリ（SaaS）UI（グラスモーフィズム）","プロ（演出多め）"
"UI-08066","スマートホーム・IoTのスマートウォッチUI（レトロ・Y2K）","プロ（演出多め）"
"UI-08067","マッチングのWebアプリ（SaaS）UI（信頼・誠実（コーポレート））","上級"
"UI-08068","学習・語学アプリのAndroidアプリUI（信頼・誠実（コーポレート））","プロ（演出多め）"
"UI-08069","顧客管理（CRM）のキオスク・サイネージUI（クール・テック）","プロ（演出多め）"
"UI-08070","ショッピングのタブレット / POSUI（ポップ・カラフル）","上級"
"UI-08071","顧客管理（CRM）のWebアプリ（SaaS）UI（ポップ・カラフル）","プロ（演出多め）"
"UI-08072","AIアシスタント・チャットの管理画面・ダッシュボードUI（ミニマル・洗練）","プロ（演出多め）"
"UI-08073","顧客管理（CRM）のiOSアプリUI（エネルギッシュ・スポーティ）","プロ（演出多め）"
"UI-08074","フードデリバリーのAndroidアプリUI（クール・テック）","上級"
"UI-08075","フードデリバリーのスマートウォッチUI（パステル・ドリーミー）","上級"
"UI-08076","ヘルスケア・フィットネス記録のスマートウォッチUI（クール・テック）","プロ（演出多め）"
"UI-08077","旅行・地図のAndroidアプリUI（3D・クレイ）","上級"
"UI-08078","AIアシスタント・チャットのAndroidアプリUI（エネルギッシュ・スポーティ）","上級"
"UI-08079","マッチングのスマートウォッチUI（ネオン・サイバー）","上級"
"UI-08080","SNS・コミュニティのキオスク・サイネージUI（エネルギッシュ・スポーティ）","プロ（演出多め）"
"UI-08081","家計簿・資産管理のiOSアプリUI（エネルギッシュ・スポーティ）","上級"
"UI-08082","フードデリバリーのWebアプリ（SaaS）UI（信頼・誠実（コーポレート））","プロ（演出多め）"
"UI-08083","フードデリバリーのWebアプリ（SaaS）UI（3D・クレイ）","プロ（演出多め）"
"UI-08084","タスク・プロジェクト管理のAndroidアプリUI（3D・クレイ）","プロ（演出多め）"
"UI-08085","フードデリバリーのタブレット / POSUI（ミニマル・洗練）","プロ（演出多め）"
"UI-08086","AIアシスタント・チャットのWebアプリ（SaaS）UI（信頼・誠実（コーポレート））","上級"
"UI-08087","タスク・プロジェクト管理のキオスク・サイネージUI（ミニマル・洗練）","プロ（演出多め）"
"UI-08088","AIアシスタント・チャットのWebアプリ（SaaS）UI（ジオメトリック・グラフィカル）","上級"
"UI-08089","音楽・ポッドキャストのiOSアプリUI（信頼・誠実（コーポレート））","プロ（演出多め）"
"UI-08090","スマートホーム・IoTのタブレット / POSUI（ニューブルータリズム）","上級"
"UI-08091","飲食店モバイルオーダーのiOSアプリUI（信頼・誠実（コーポレート））","上級"
"UI-08092","ヘルスケア・フィットネス記録のタブレット / POSUI（ニューブルータリズム）","プロ（演出多め）"
"UI-08093","アクセス解析・BIのiOSアプリUI（ポップ・カラフル）","プロ（演出多め）"
"UI-08094","フードデリバリーの管理画面・ダッシュボードUI（ハンドメイド・手書き）","上級"
"UI-08095","家計簿・資産管理のAndroidアプリUI（パステル・ドリーミー）","プロ（演出多め）"
"UI-08096","タスク・プロジェクト管理のキオスク・サイネージUI（ニューブルータリズム）","上級"
"UI-08097","フードデリバリーのスマートウォッチUI（パステル・ドリーミー）","プロ（演出多め）"
"UI-08098","SNS・コミュニティの管理画面・ダッシュボードUI（かわいい・ガーリー）","上級"
"UI-08099","アクセス解析・BIのWebアプリ（SaaS）UI（ニューブルータリズム）","上級"
"UI-08100","SNS・コミュニティのiOSアプリUI（ネオン・サイバー）","上級"
"UI-08101","飲食店モバイルオーダーの管理画面・ダッシュボードUI（クール・テック）","プロ（演出多め）"
"UI-08102","フードデリバリーのキオスク・サイネージUI（ニューブルータリズム）","プロ（演出多め）"
"UI-08103","タスク・プロジェクト管理のiOSアプリUI（ミニマル・洗練）","プロ（演出多め）"
"UI-08104","音楽・ポッドキャストのタブレット / POSUI（ネオン・サイバー）","上級"
"UI-08105","家計簿・資産管理のWebアプリ（SaaS）UI（ニューブルータリズム）","上級"
"UI-08106","顧客管理（CRM）のスマートウォッチUI（3D・クレイ）","プロ（演出多め）"
"UI-08107","顧客管理（CRM）のAndroidアプリUI（3D・クレイ）","上級"
"UI-08108","タスク・プロジェクト管理のスマートウォッチUI（ネオン・サイバー）","プロ（演出多め）"
"UI-08109","旅行・地図の管理画面・ダッシュボードUI（パステル・ドリーミー）","プロ（演出多め）"
"UI-08110","顧客管理（CRM）のWebアプリ（SaaS）UI（パステル・ドリーミー）","上級"
"UI-08111","飲食店モバイルオーダーのiOSアプリUI（ナチュラル・オーガニック）","プロ（演出多め）"
"UI-08112","フードデリバリーのタブレット / POSUI（ミニマル・洗練）","プロ（演出多め）"
"UI-08113","旅行・地図のWebアプリ（SaaS）UI（グラスモーフィズム）","上級"
"UI-08114","家計簿・資産管理のスマートウォッチUI（エディトリアル・雑誌風）","プロ（演出多め）"
"UI-08115","旅行・地図のAndroidアプリUI（ニューブルータリズム）","プロ（演出多め）"
"UI-08116","マッチングのスマートウォッチUI（3D・クレイ）","上級"
"UI-08117","スマートホーム・IoTの管理画面・ダッシュボードUI（ミニマル・洗練）","プロ（演出多め）"
"UI-08118","音楽・ポッドキャストのAndroidアプリUI（かわいい・ガーリー）","プロ（演出多め）"
"UI-08119","ヘルスケア・フィットネス記録のiOSアプリUI（ネオン・サイバー）","上級"
"UI-08120","アクセス解析・BIのキオスク・サイネージUI（ニューブルータリズム）","プロ（演出多め）"
"UI-08121","マッチングのAndroidアプリUI（ハンドメイド・手書き）","上級"
"UI-08122","飲食店モバイルオーダーの管理画面・ダッシュボードUI（ポップ・カラフル）","プロ（演出多め）"
"UI-08123","アクセス解析・BIのiOSアプリUI（ポップ・カラフル）","上級"
"UI-08124","学習・語学アプリのAndroidアプリUI（グラスモーフィズム）","プロ（演出多め）"
"UI-08125","マッチングの管理画面・ダッシュボードUI（ラグジュアリー・高級感）","プロ（演出多め）"
"UI-08126","ショッピングのAndroidアプリUI（ネオン・サイバー）","プロ（演出多め）"
"UI-08127","タスク・プロジェクト管理のタブレット / POSUI（パステル・ドリーミー）","上級"
"UI-08128","予約（サロン/ホテル/病院）のWebアプリ（SaaS）UI（ニューブルータリズム）","上級"
"UI-08129","AIアシスタント・チャットのキオスク・サイネージUI（ダーク・シネマティック）","プロ（演出多め）"
"UI-08130","顧客管理（CRM）のスマートウォッチUI（ダーク・シネマティック）","プロ（演出多め）"
"UI-08131","SNS・コミュニティのiOSアプリUI（ポップ・カラフル）","プロ（演出多め）"
"UI-08132","マッチングの管理画面・ダッシュボードUI（ミニマル・洗練）","上級"
"UI-08133","音楽・ポッドキャストのタブレット / POSUI（グラスモーフィズム）","プロ（演出多め）"
"UI-08134","ヘルスケア・フィットネス記録のキオスク・サイネージUI（ネオン・サイバー）","プロ（演出多め）"
"UI-08135","予約（サロン/ホテル/病院）のスマートウォッチUI（ネオン・サイバー）","プロ（演出多め）"
"UI-08136","アクセス解析・BIのキオスク・サイネージUI（ポップ・カラフル）","上級"
"UI-08137","家計簿・資産管理のiOSアプリUI（ミニマル・洗練）","プロ（演出多め）"
"UI-08138","スマートホーム・IoTのWebアプリ（SaaS）UI（信頼・誠実（コーポレート））","プロ（演出多め）"
"UI-08139","タスク・プロジェクト管理のiOSアプリUI（パステル・ドリーミー）","プロ（演出多め）"
"UI-08140","学習・語学アプリのキオスク・サイネージUI（ポップ・カラフル）","プロ（演出多め）"
"UI-08141","顧客管理（CRM）のAndroidアプリUI（ジオメトリック・グラフィカル）","プロ（演出多め）"
"UI-08142","学習・語学アプリのタブレット / POSUI（3D・クレイ）","上級"
"UI-08143","予約（サロン/ホテル/病院）のiOSアプリUI（エネルギッシュ・スポーティ）","プロ（演出多め）"
"UI-08144","タスク・プロジェクト管理のiOSアプリUI（パステル・ドリーミー）","プロ（演出多め）"
"UI-08145","ショッピングのiOSアプリUI（パステル・ドリーミー）","プロ（演出多め）"
"UI-08146","ショッピングのキオスク・サイネージUI（ナチュラル・オーガニック）","プロ（演出多め）"
"UI-08147","顧客管理（CRM）のキオスク・サイネージUI（グラスモーフィズム）","上級"
"UI-08148","スマートホーム・IoTのiOSアプリUI（ラグジュアリー・高級感）","プロ（演出多め）"
"UI-08149","アクセス解析・BIのキオスク・サイネージUI（グラスモーフィズム）","プロ（演出多め）"
"UI-08150","旅行・地図のWebアプリ（SaaS）UI（エネルギッシュ・スポーティ）","上級"
"UI-08151","ヘルスケア・フィットネス記録のキオスク・サイネージUI（ジオメトリック・グラフィカル）","上級"
"UI-08152","マッチングのiOSアプリUI（かわいい・ガーリー）","プロ（演出多め）"
"UI-08153","マッチングの管理画面・ダッシュボードUI（エネルギッシュ・スポーティ）","プロ（演出多め）"
"UI-08154","音楽・ポッドキャストのキオスク・サイネージUI（信頼・誠実（コーポレート））","プロ（演出多め）"
"UI-08155","マッチングのiOSアプリUI（レトロ・Y2K）","プロ（演出多め）"
"UI-08156","学習・語学アプリのスマートウォッチUI（和モダン）","プロ（演出多め）"
"UI-08157","SNS・コミュニティのiOSアプリUI（エディトリアル・雑誌風）","プロ（演出多め）"
"UI-08158","顧客管理（CRM）のキオスク・サイネージUI（パステル・ドリーミー）","上級"
"UI-08159","ショッピングのスマートウォッチUI（レトロ・Y2K）","プロ（演出多め）"
"UI-08160","予約（サロン/ホテル/病院）のキオスク・サイネージUI（エディトリアル・雑誌風）","プロ（演出多め）"
"UI-08161","旅行・地図のタブレット / POSUI（信頼・誠実（コーポレート））","上級"
"UI-08162","フードデリバリーのiOSアプリUI（ポップ・カラフル）","プロ（演出多め）"
"UI-08163","顧客管理（CRM）のキオスク・サイネージUI（ポップ・カラフル）","上級"
"UI-08164","アクセス解析・BIのスマートウォッチUI（パステル・ドリーミー）","上級"
"UI-08165","スマートホーム・IoTのiOSアプリUI（ナチュラル・オーガニック）","プロ（演出多め）"
"UI-08166","ショッピングの管理画面・ダッシュボードUI（グラスモーフィズム）","上級"
"UI-08167","ヘルスケア・フィットネス記録のスマートウォッチUI（ニューブルータリズム）","上級"
"UI-08168","スマートホーム・IoTのキオスク・サイネージUI（北欧・ライフスタイル）","プロ（演出多め）"
"UI-08169","スマートホーム・IoTのAndroidアプリUI（クール・テック）","プロ（演出多め）"
"UI-08170","予約（サロン/ホテル/病院）の管理画面・ダッシュボードUI（和モダン）","プロ（演出多め）"
"UI-08171","フードデリバリーのスマートウォッチUI（ニューブルータリズム）","上級"
"UI-08172","学習・語学アプリのタブレット / POSUI（ネオン・サイバー）","上級"
"UI-08173","学習・語学アプリのスマートウォッチUI（パステル・ドリーミー）","プロ（演出多め）"
"UI-08174","旅行・地図のタブレット / POSUI（クール・テック）","上級"
"UI-08175","フードデリバリーの管理画面・ダッシュボードUI（3D・クレイ）","プロ（演出多め）"
"UI-08176","家計簿・資産管理のスマートウォッチUI（和モダン）","プロ（演出多め）"
"UI-08177","SNS・コミュニティのAndroidアプリUI（ポップ・カラフル）","上級"
"UI-08178","スマートホーム・IoTのキオスク・サイネージUI（クール・テック）","プロ（演出多め）"
"UI-08179","フードデリバリーのスマートウォッチUI（ダーク・シネマティック）","プロ（演出多め）"
"UI-08180","学習・語学アプリの管理画面・ダッシュボードUI（ニューブルータリズム）","プロ（演出多め）"
"UI-08181","ヘルスケア・フィットネス記録のスマートウォッチUI（信頼・誠実（コーポレート））","プロ（演出多め）"
"UI-08182","ショッピングの管理画面・ダッシュボードUI（グラスモーフィズム）","プロ（演出多め）"
"UI-08183","アクセス解析・BIのスマートウォッチUI（信頼・誠実（コーポレート））","上級"
"UI-08184","スマートホーム・IoTのキオスク・サイネージUI（ニューブルータリズム）","プロ（演出多め）"
"UI-08185","予約（サロン/ホテル/病院）のAndroidアプリUI（ミニマル・洗練）","プロ（演出多め）"
"UI-08186","飲食店モバイルオーダーのキオスク・サイネージUI（ポップ・カラフル）","上級"
"UI-08187","SNS・コミュニティのiOSアプリUI（かわいい・ガーリー）","上級"
"UI-08188","学習・語学アプリのスマートウォッチUI（ニューブルータリズム）","上級"
"UI-08189","スマートホーム・IoTのタブレット / POSUI（ナチュラル・オーガニック）","プロ（演出多め）"
"UI-08190","AIアシスタント・チャットのキオスク・サイネージUI（信頼・誠実（コーポレート））","プロ（演出多め）"
"UI-08191","AIアシスタント・チャットのAndroidアプリUI（ポップ・カラフル）","プロ（演出多め）"
"UI-08192","飲食店モバイルオーダーのタブレット / POSUI（3D・クレイ）","上級"
"UI-08193","学習・語学アプリの管理画面・ダッシュボードUI（レトロ・Y2K）","プロ（演出多め）"
"UI-08194","ヘルスケア・フィットネス記録のAndroidアプリUI（ニューブルータリズム）","プロ（演出多め）"
"UI-08195","SNS・コミュニティのiOSアプリUI（ネオン・サイバー）","プロ（演出多め）"
"UI-08196","タスク・プロジェクト管理の管理画面・ダッシュボードUI（北欧・ライフスタイル）","プロ（演出多め）"
"UI-08197","音楽・ポッドキャストのiOSアプリUI（ミニマル・洗練）","プロ（演出多め）"
"UI-08198","タスク・プロジェクト管理のAndroidアプリUI（ポップ・カラフル）","プロ（演出多め）"
"UI-08199","フードデリバリーのタブレット / POSUI（ポップ・カラフル）","プロ（演出多め）"
"UI-08200","マッチングのAndroidアプリUI（ポップ・カラフル）","上級"
"UI-08201","飲食店モバイルオーダーのAndroidアプリUI（ラグジュアリー・高級感）","プロ（演出多め）"
"UI-08202","予約（サロン/ホテル/病院）のタブレット / POSUI（ポップ・カラフル）","プロ（演出多め）"
"UI-08203","フードデリバリーのスマートウォッチUI（ネオン・サイバー）","上級"
"UI-08204","アクセス解析・BIのタブレット / POSUI（ミニマル・洗練）","プロ（演出多め）"
"UI-08205","家計簿・資産管理のタブレット / POSUI（ミニマル・洗練）","プロ（演出多め）"
"UI-08206","AIアシスタント・チャットのスマートウォッチUI（ミニマル・洗練）","プロ（演出多め）"
"UI-08207","予約（サロン/ホテル/病院）のタブレット / POSUI（パステル・ドリーミー）","上級"
"UI-08208","ヘルスケア・フィットネス記録のスマートウォッチUI（グラスモーフィズム）","プロ（演出多め）"
"UI-08209","学習・語学アプリのiOSアプリUI（グラスモーフィズム）","上級"
"UI-08210","音楽・ポッドキャストのスマートウォッチUI（ポップ・カラフル）","プロ（演出多め）"
"UI-08211","音楽・ポッドキャストのAndroidアプリUI（パステル・ドリーミー）","上級"
"UI-08212","ショッピングのAndroidアプリUI（パステル・ドリーミー）","プロ（演出多め）"
"UI-08213","AIアシスタント・チャットのキオスク・サイネージUI（ポップ・カラフル）","プロ（演出多め）"
"UI-08214","飲食店モバイルオーダーの管理画面・ダッシュボードUI（ハンドメイド・手書き）","上級"
"UI-08215","顧客管理（CRM）のAndroidアプリUI（3D・クレイ）","上級"
"UI-08216","学習・語学アプリの管理画面・ダッシュボードUI（ネオン・サイバー）","上級"
"UI-08217","ショッピングのスマートウォッチUI（3D・クレイ）","上級"
"UI-08218","予約（サロン/ホテル/病院）のタブレット / POSUI（3D・クレイ）","プロ（演出多め）"
"UI-08219","学習・語学アプリのAndroidアプリUI（ネオン・サイバー）","上級"
"UI-08220","飲食店モバイルオーダーのキオスク・サイネージUI（ネオン・サイバー）","プロ（演出多め）"
"UI-08221","マッチングのキオスク・サイネージUI（パステル・ドリーミー）","プロ（演出多め）"
"UI-08222","フードデリバリーのスマートウォッチUI（信頼・誠実（コーポレート））","プロ（演出多め）"
"UI-08223","学習・語学アプリのキオスク・サイネージUI（ジオメトリック・グラフィカル）","上級"
"UI-08224","音楽・ポッドキャストのキオスク・サイネージUI（3D・クレイ）","プロ（演出多め）"
"UI-08225","SNS・コミュニティのWebアプリ（SaaS）UI（ミニマル・洗練）","上級"
"UI-08226","SNS・コミュニティのスマートウォッチUI（ニューブルータリズム）","上級"
"UI-08227","予約（サロン/ホテル/病院）の管理画面・ダッシュボードUI（ジオメトリック・グラフィカル）","上級"
"UI-08228","タスク・プロジェクト管理のスマートウォッチUI（ミニマル・洗練）","プロ（演出多め）"
"UI-08229","家計簿・資産管理のAndroidアプリUI（パステル・ドリーミー）","プロ（演出多め）"
"UI-08230","音楽・ポッドキャストのタブレット / POSUI（パステル・ドリーミー）","プロ（演出多め）"
"UI-08231","学習・語学アプリのタブレット / POSUI（ポップ・カラフル）","プロ（演出多め）"
"UI-08232","フードデリバリーの管理画面・ダッシュボードUI（ネオン・サイバー）","プロ（演出多め）"
"UI-08233","家計簿・資産管理のキオスク・サイネージUI（クール・テック）","プロ（演出多め）"
"UI-08234","ヘルスケア・フィットネス記録のタブレット / POSUI（ネオン・サイバー）","プロ（演出多め）"
"UI-08235","スマートホーム・IoTの管理画面・ダッシュボードUI（ハンドメイド・手書き）","上級"
"UI-08236","家計簿・資産管理のAndroidアプリUI（北欧・ライフスタイル）","プロ（演出多め）"
"UI-08237","音楽・ポッドキャストのタブレット / POSUI（信頼・誠実（コーポレート））","プロ（演出多め）"
"UI-08238","マッチングのキオスク・サイネージUI（ニューブルータリズム）","プロ（演出多め）"
"UI-08239","顧客管理（CRM）のiOSアプリUI（ポップ・カラフル）","プロ（演出多め）"
"UI-08240","SNS・コミュニティの管理画面・ダッシュボードUI（ポップ・カラフル）","プロ（演出多め）"
"UI-08241","ショッピングのWebアプリ（SaaS）UI（クール・テック）","上級"
"UI-08242","SNS・コミュニティのキオスク・サイネージUI（信頼・誠実（コーポレート））","プロ（演出多め）"
"UI-08243","スマートホーム・IoTのWebアプリ（SaaS）UI（3D・クレイ）","プロ（演出多め）"
"UI-08244","フードデリバリーのAndroidアプリUI（ネオン・サイバー）","プロ（演出多め）"
"UI-08245","SNS・コミュニティのタブレット / POSUI（ラグジュアリー・高級感）","プロ（演出多め）"
"UI-08246","家計簿・資産管理のキオスク・サイネージUI（ハンドメイド・手書き）","上級"
"UI-08247","ヘルスケア・フィットネス記録のWebアプリ（SaaS）UI（ハンドメイド・手書き）","プロ（演出多め）"
"UI-08248","ヘルスケア・フィットネス記録のAndroidアプリUI（3D・クレイ）","上級"
"UI-08249","ヘルスケア・フィットネス記録のiOSアプリUI（レトロ・Y2K）","プロ（演出多め）"
"UI-08250","SNS・コミュニティのスマートウォッチUI（ネオン・サイバー）","上級"
"UI-08251","予約（サロン/ホテル/病院）のWebアプリ（SaaS）UI（和モダン）","プロ（演出多め）"
"UI-08252","SNS・コミュニティのタブレット / POSUI（ポップ・カラフル）","プロ（演出多め）"
"UI-08253","マッチングのキオスク・サイネージUI（和モダン）","上級"
"UI-08254","顧客管理（CRM）のスマートウォッチUI（ポップ・カラフル）","上級"
"UI-08255","マッチングのiOSアプリUI（グラスモーフィズム）","上級"
"UI-08256","学習・語学アプリのタブレット / POSUI（ミニマル・洗練）","上級"
"UI-08257","マッチングの管理画面・ダッシュボードUI（クール・テック）","プロ（演出多め）"
"UI-08258","アクセス解析・BIのキオスク・サイネージUI（パステル・ドリーミー）","上級"
"UI-08259","SNS・コミュニティのWebアプリ（SaaS）UI（ネオン・サイバー）","プロ（演出多め）"
"UI-08260","AIアシスタント・チャットのスマートウォッチUI（グラスモーフィズム）","プロ（演出多め）"
"UI-08261","スマートホーム・IoTのスマートウォッチUI（ネオン・サイバー）","プロ（演出多め）"
"UI-08262","フードデリバリーのキオスク・サイネージUI（グラスモーフィズム）","上級"
"UI-08263","音楽・ポッドキャストのタブレット / POSUI（信頼・誠実（コーポレート））","上級"
"UI-08264","フードデリバリーのタブレット / POSUI（ダーク・シネマティック）","プロ（演出多め）"
"UI-08265","音楽・ポッドキャストのタブレット / POSUI（ミニマル・洗練）","プロ（演出多め）"
"UI-08266","AIアシスタント・チャットのAndroidアプリUI（ニューブルータリズム）","上級"
"UI-08267","アクセス解析・BIのAndroidアプリUI（3D・クレイ）","プロ（演出多め）"
"UI-08268","音楽・ポッドキャストのスマートウォッチUI（ナチュラル・オーガニック）","プロ（演出多め）"
"UI-08269","スマートホーム・IoTのタブレット / POSUI（クール・テック）","プロ（演出多め）"
"UI-08270","ショッピングのAndroidアプリUI（クール・テック）","上級"
"UI-08271","学習・語学アプリの管理画面・ダッシュボードUI（エディトリアル・雑誌風）","プロ（演出多め）"
"UI-08272","音楽・ポッドキャストのAndroidアプリUI（ニューブルータリズム）","プロ（演出多め）"
"UI-08273","顧客管理（CRM）の管理画面・ダッシュボードUI（ラグジュアリー・高級感）","上級"
"UI-08274","学習・語学アプリのWebアプリ（SaaS）UI（ラグジュアリー・高級感）","上級"
"UI-08275","マッチングのスマートウォッチUI（北欧・ライフスタイル）","上級"
"UI-08276","SNS・コミュニティのスマートウォッチUI（グラスモーフィズム）","上級"
"UI-08277","家計簿・資産管理のiOSアプリUI（かわいい・ガーリー）","プロ（演出多め）"
"UI-08278","ヘルスケア・フィットネス記録のキオスク・サイネージUI（信頼・誠実（コーポレート））","プロ（演出多め）"
"UI-08279","SNS・コミュニティのタブレット / POSUI（ミニマル・洗練）","プロ（演出多め）"
"UI-08280","飲食店モバイルオーダーのiOSアプリUI（パステル・ドリーミー）","プロ（演出多め）"
"UI-08281","ショッピングのキオスク・サイネージUI（クール・テック）","上級"
"UI-08282","学習・語学アプリのタブレット / POSUI（レトロ・Y2K）","上級"
"UI-08283","フードデリバリーのAndroidアプリUI（クール・テック）","プロ（演出多め）"
"UI-08284","AIアシスタント・チャットのスマートウォッチUI（ダーク・シネマティック）","上級"
"UI-08285","アクセス解析・BIのAndroidアプリUI（グラスモーフィズム）","プロ（演出多め）"
"UI-08286","音楽・ポッドキャストのタブレット / POSUI（クール・テック）","プロ（演出多め）"
"UI-08287","ショッピングのスマートウォッチUI（エネルギッシュ・スポーティ）","プロ（演出多め）"
"UI-08288","旅行・地図のiOSアプリUI（ニューブルータリズム）","プロ（演出多め）"
"UI-08289","家計簿・資産管理のAndroidアプリUI（エディトリアル・雑誌風）","プロ（演出多め）"
"UI-08290","飲食店モバイルオーダーのタブレット / POSUI（クール・テック）","上級"
"UI-08291","顧客管理（CRM）のスマートウォッチUI（ニューブルータリズム）","プロ（演出多め）"
"UI-08292","フードデリバリーの管理画面・ダッシュボードUI（ニューブルータリズム）","上級"
"UI-08293","ショッピングのAndroidアプリUI（ニューブルータリズム）","プロ（演出多め）"
"UI-08294","家計簿・資産管理のスマートウォッチUI（ミニマル・洗練）","プロ（演出多め）"
"UI-08295","飲食店モバイルオーダーのスマートウォッチUI（クール・テック）","プロ（演出多め）"
"UI-08296","スマートホーム・IoTのスマートウォッチUI（ネオン・サイバー）","プロ（演出多め）"
"UI-08297","家計簿・資産管理のAndroidアプリUI（信頼・誠実（コーポレート））","プロ（演出多め）"
"UI-08298","ヘルスケア・フィットネス記録のWebアプリ（SaaS）UI（3D・クレイ）","プロ（演出多め）"
"UI-08299","AIアシスタント・チャットのWebアプリ（SaaS）UI（北欧・ライフスタイル）","上級"
"UI-08300","タスク・プロジェクト管理のタブレット / POSUI（ダーク・シネマティック）","上級"
"UI-08301","ショッピングのスマートウォッチUI（クール・テック）","プロ（演出多め）"
"UI-08302","学習・語学アプリのキオスク・サイネージUI（ニューブルータリズム）","プロ（演出多め）"
"UI-08303","マッチングのWebアプリ（SaaS）UI（ネオン・サイバー）","上級"
"UI-08304","ヘルスケア・フィットネス記録のAndroidアプリUI（ミニマル・洗練）","上級"
"UI-08305","AIアシスタント・チャットのWebアプリ（SaaS）UI（3D・クレイ）","プロ（演出多め）"
"UI-08306","音楽・ポッドキャストのタブレット / POSUI（ニューブルータリズム）","上級"
"UI-08307","飲食店モバイルオーダーのキオスク・サイネージUI（ネオン・サイバー）","上級"
"UI-08308","マッチングのiOSアプリUI（ポップ・カラフル）","プロ（演出多め）"
"UI-08309","音楽・ポッドキャストのiOSアプリUI（ネオン・サイバー）","プロ（演出多め）"
"UI-08310","タスク・プロジェクト管理のAndroidアプリUI（3D・クレイ）","上級"
"UI-08311","音楽・ポッドキャストのAndroidアプリUI（グラスモーフィズム）","プロ（演出多め）"
"UI-08312","フードデリバリーの管理画面・ダッシュボードUI（クール・テック）","プロ（演出多め）"
"UI-08313","飲食店モバイルオーダーのキオスク・サイネージUI（エディトリアル・雑誌風）","プロ（演出多め）"
"UI-08314","スマートホーム・IoTのスマートウォッチUI（信頼・誠実（コーポレート））","上級"
"UI-08315","マッチングのスマートウォッチUI（ハンドメイド・手書き）","プロ（演出多め）"
"UI-08316","タスク・プロジェクト管理の管理画面・ダッシュボードUI（ニューブルータリズム）","プロ（演出多め）"
"UI-08317","飲食店モバイルオーダーの管理画面・ダッシュボードUI（信頼・誠実（コーポレート））","上級"
"UI-08318","SNS・コミュニティのキオスク・サイネージUI（レトロ・Y2K）","上級"
"UI-08319","飲食店モバイルオーダーのiOSアプリUI（ミニマル・洗練）","プロ（演出多め）"
"UI-08320","ショッピングのスマートウォッチUI（信頼・誠実（コーポレート））","上級"
"UI-08321","フードデリバリーのWebアプリ（SaaS）UI（ニューブルータリズム）","プロ（演出多め）"
"UI-08322","フードデリバリーのWebアプリ（SaaS）UI（3D・クレイ）","プロ（演出多め）"
"UI-08323","予約（サロン/ホテル/病院）のAndroidアプリUI（パステル・ドリーミー）","プロ（演出多め）"
"UI-08324","AIアシスタント・チャットのWebアプリ（SaaS）UI（ニューブルータリズム）","プロ（演出多め）"
"UI-08325","アクセス解析・BIの管理画面・ダッシュボードUI（レトロ・Y2K）","プロ（演出多め）"
"UI-08326","マッチングのAndroidアプリUI（ポップ・カラフル）","上級"
"UI-08327","学習・語学アプリの管理画面・ダッシュボードUI（パステル・ドリーミー）","上級"
"UI-08328","ヘルスケア・フィットネス記録のWebアプリ（SaaS）UI（信頼・誠実（コーポレート））","上級"
"UI-08329","旅行・地図のWebアプリ（SaaS）UI（ダーク・シネマティック）","プロ（演出多め）"
"UI-08330","予約（サロン/ホテル/病院）の管理画面・ダッシュボードUI（ネオン・サイバー）","プロ（演出多め）"
"UI-08331","旅行・地図のWebアプリ（SaaS）UI（ニューブルータリズム）","プロ（演出多め）"
"UI-08332","家計簿・資産管理のタブレット / POSUI（3D・クレイ）","上級"
"UI-08333","ショッピングのiOSアプリUI（パステル・ドリーミー）","上級"
"UI-08334","予約（サロン/ホテル/病院）のキオスク・サイネージUI（ミニマル・洗練）","プロ（演出多め）"
"UI-08335","顧客管理（CRM）のタブレット / POSUI（パステル・ドリーミー）","プロ（演出多め）"
"UI-08336","アクセス解析・BIのタブレット / POSUI（信頼・誠実（コーポレート））","プロ（演出多め）"
"UI-08337","旅行・地図のタブレット / POSUI（ニューブルータリズム）","上級"
"UI-08338","ショッピングのAndroidアプリUI（グラスモーフィズム）","上級"
"UI-08339","スマートホーム・IoTのスマートウォッチUI（ポップ・カラフル）","上級"
"UI-08340","SNS・コミュニティの管理画面・ダッシュボードUI（ミニマル・洗練）","上級"
"UI-08341","学習・語学アプリのタブレット / POSUI（パステル・ドリーミー）","上級"
"UI-08342","予約（サロン/ホテル/病院）のタブレット / POSUI（3D・クレイ）","上級"
"UI-08343","ショッピングの管理画面・ダッシュボードUI（ナチュラル・オーガニック）","プロ（演出多め）"
"UI-08344","タスク・プロジェクト管理のAndroidアプリUI（3D・クレイ）","プロ（演出多め）"
"UI-08345","ショッピングのスマートウォッチUI（ネオン・サイバー）","プロ（演出多め）"
"UI-08346","AIアシスタント・チャットのタブレット / POSUI（ニューブルータリズム）","プロ（演出多め）"
"UI-08347","スマートホーム・IoTのスマートウォッチUI（ネオン・サイバー）","上級"
"UI-08348","飲食店モバイルオーダーのAndroidアプリUI（パステル・ドリーミー）","プロ（演出多め）"
"UI-08349","ヘルスケア・フィットネス記録のiOSアプリUI（信頼・誠実（コーポレート））","上級"
"UI-08350","ヘルスケア・フィットネス記録のAndroidアプリUI（ニューブルータリズム）","プロ（演出多め）"
"UI-08351","音楽・ポッドキャストのスマートウォッチUI（ネオン・サイバー）","上級"
"UI-08352","音楽・ポッドキャストのスマートウォッチUI（ミニマル・洗練）","プロ（演出多め）"
"UI-08353","家計簿・資産管理のスマートウォッチUI（ミニマル・洗練）","上級"
"UI-08354","ヘルスケア・フィットネス記録の管理画面・ダッシュボードUI（パステル・ドリーミー）","プロ（演出多め）"
"UI-08355","フードデリバリーのキオスク・サイネージUI（エネルギッシュ・スポーティ）","上級"
"UI-08356","アクセス解析・BIのiOSアプリUI（ミニマル・洗練）","プロ（演出多め）"
"UI-08357","家計簿・資産管理のiOSアプリUI（和モダン）","プロ（演出多め）"
"UI-08358","飲食店モバイルオーダーのスマートウォッチUI（グラスモーフィズム）","プロ（演出多め）"
"UI-08359","家計簿・資産管理のスマートウォッチUI（ミニマル・洗練）","プロ（演出多め）"
"UI-08360","アクセス解析・BIのタブレット / POSUI（ネオン・サイバー）","プロ（演出多め）"
"UI-08361","旅行・地図のスマートウォッチUI（グラスモーフィズム）","プロ（演出多め）"
"UI-08362","旅行・地図の管理画面・ダッシュボードUI（ラグジュアリー・高級感）","プロ（演出多め）"
"UI-08363","飲食店モバイルオーダーのAndroidアプリUI（ポップ・カラフル）","上級"
"UI-08364","スマートホーム・IoTのiOSアプリUI（ネオン・サイバー）","プロ（演出多め）"
"UI-08365","スマートホーム・IoTのiOSアプリUI（3D・クレイ）","上級"
"UI-08366","音楽・ポッドキャストのWebアプリ（SaaS）UI（クール・テック）","プロ（演出多め）"
"UI-08367","音楽・ポッドキャストの管理画面・ダッシュボードUI（信頼・誠実（コーポレート））","上級"
"UI-08368","アクセス解析・BIのWebアプリ（SaaS）UI（3D・クレイ）","プロ（演出多め）"
"UI-08369","学習・語学アプリのWebアプリ（SaaS）UI（ネオン・サイバー）","プロ（演出多め）"
"UI-08370","旅行・地図のiOSアプリUI（グラスモーフィズム）","プロ（演出多め）"
"UI-08371","AIアシスタント・チャットの管理画面・ダッシュボードUI（グラスモーフィズム）","プロ（演出多め）"
"UI-08372","フードデリバリーのタブレット / POSUI（ネオン・サイバー）","上級"
"UI-08373","ショッピングのAndroidアプリUI（クール・テック）","上級"
"UI-08374","音楽・ポッドキャストのiOSアプリUI（クール・テック）","プロ（演出多め）"
"UI-08375","ショッピングのiOSアプリUI（信頼・誠実（コーポレート））","プロ（演出多め）"
"UI-08376","飲食店モバイルオーダーの管理画面・ダッシュボードUI（ニューブルータリズム）","プロ（演出多め）"
"UI-08377","音楽・ポッドキャストのWebアプリ（SaaS）UI（ネオン・サイバー）","プロ（演出多め）"
"UI-08378","顧客管理（CRM）のタブレット / POSUI（ポップ・カラフル）","プロ（演出多め）"
"UI-08379","スマートホーム・IoTのAndroidアプリUI（3D・クレイ）","上級"
"UI-08380","スマートホーム・IoTのタブレット / POSUI（ニューブルータリズム）","プロ（演出多め）"
"UI-08381","顧客管理（CRM）のAndroidアプリUI（信頼・誠実（コーポレート））","プロ（演出多め）"
"UI-08382","SNS・コミュニティのスマートウォッチUI（パステル・ドリーミー）","上級"
"UI-08383","家計簿・資産管理の管理画面・ダッシュボードUI（ネオン・サイバー）","プロ（演出多め）"
"UI-08384","スマートホーム・IoTのキオスク・サイネージUI（グラスモーフィズム）","プロ（演出多め）"
"UI-08385","スマートホーム・IoTのタブレット / POSUI（ダーク・シネマティック）","プロ（演出多め）"
"UI-08386","フードデリバリーのタブレット / POSUI（グラスモーフィズム）","プロ（演出多め）"
"UI-08387","アクセス解析・BIのWebアプリ（SaaS）UI（和モダン）","上級"
"UI-08388","フードデリバリーのAndroidアプリUI（エディトリアル・雑誌風）","プロ（演出多め）"
"UI-08389","家計簿・資産管理のWebアプリ（SaaS）UI（ナチュラル・オーガニック）","プロ（演出多め）"
"UI-08390","ヘルスケア・フィットネス記録の管理画面・ダッシュボードUI（パステル・ドリーミー）","プロ（演出多め）"
"UI-08391","家計簿・資産管理の管理画面・ダッシュボードUI（ナチュラル・オーガニック）","プロ（演出多め）"
"UI-08392","アクセス解析・BIのキオスク・サイネージUI（ネオン・サイバー）","上級"
"UI-08393","飲食店モバイルオーダーの管理画面・ダッシュボードUI（ミニマル・洗練）","プロ（演出多め）"
"UI-08394","フードデリバリーのAndroidアプリUI（信頼・誠実（コーポレート））","プロ（演出多め）"
"UI-08395","スマートホーム・IoTのキオスク・サイネージUI（エネルギッシュ・スポーティ）","上級"
"UI-08396","予約（サロン/ホテル/病院）のキオスク・サイネージUI（ネオン・サイバー）","プロ（演出多め）"
"UI-08397","SNS・コミュニティのキオスク・サイネージUI（ネオン・サイバー）","上級"
"UI-08398","飲食店モバイルオーダーのキオスク・サイネージUI（ネオン・サイバー）","上級"
"UI-08399","タスク・プロジェクト管理のiOSアプリUI（かわいい・ガーリー）","上級"
"UI-08400","タスク・プロジェクト管理のiOSアプリUI（ミニマル・洗練）","プロ（演出多め）"
"UI-08401","家計簿・資産管理のWebアプリ（SaaS）UI（ニューブルータリズム）","上級"
"UI-08402","ヘルスケア・フィットネス記録のiOSアプリUI（和モダン）","上級"
"UI-08403","ヘルスケア・フィットネス記録のキオスク・サイネージUI（信頼・誠実（コーポレート））","プロ（演出多め）"
"UI-08404","ショッピングのWebアプリ（SaaS）UI（ポップ・カラフル）","プロ（演出多め）"
"UI-08405","予約（サロン/ホテル/病院）のWebアプリ（SaaS）UI（グラスモーフィズム）","上級"
"UI-08406","学習・語学アプリのiOSアプリUI（ダーク・シネマティック）","プロ（演出多め）"
"UI-08407","飲食店モバイルオーダーのスマートウォッチUI（ポップ・カラフル）","プロ（演出多め）"
"UI-08408","マッチングのタブレット / POSUI（ナチュラル・オーガニック）","上級"
"UI-08409","ヘルスケア・フィットネス記録の管理画面・ダッシュボードUI（クール・テック）","プロ（演出多め）"
"UI-08410","AIアシスタント・チャットのタブレット / POSUI（ネオン・サイバー）","プロ（演出多め）"
"UI-08411","AIアシスタント・チャットの管理画面・ダッシュボードUI（レトロ・Y2K）","プロ（演出多め）"
"UI-08412","飲食店モバイルオーダーのWebアプリ（SaaS）UI（北欧・ライフスタイル）","上級"
"UI-08413","音楽・ポッドキャストのWebアプリ（SaaS）UI（ポップ・カラフル）","プロ（演出多め）"
"UI-08414","AIアシスタント・チャットのスマートウォッチUI（ポップ・カラフル）","プロ（演出多め）"
"UI-08415","学習・語学アプリのスマートウォッチUI（信頼・誠実（コーポレート））","上級"
"UI-08416","タスク・プロジェクト管理のキオスク・サイネージUI（ネオン・サイバー）","上級"
"UI-08417","旅行・地図のタブレット / POSUI（ネオン・サイバー）","プロ（演出多め）"
"UI-08418","ショッピングのAndroidアプリUI（ミニマル・洗練）","プロ（演出多め）"
"UI-08419","SNS・コミュニティのAndroidアプリUI（グラスモーフィズム）","上級"
"UI-08420","顧客管理（CRM）のiOSアプリUI（ミニマル・洗練）","上級"
"UI-08421","スマートホーム・IoTの管理画面・ダッシュボードUI（信頼・誠実（コーポレート））","プロ（演出多め）"
"UI-08422","スマートホーム・IoTのiOSアプリUI（クール・テック）","プロ（演出多め）"
"UI-08423","ヘルスケア・フィットネス記録のAndroidアプリUI（クール・テック）","プロ（演出多め）"
"UI-08424","マッチングのキオスク・サイネージUI（パステル・ドリーミー）","プロ（演出多め）"
"UI-08425","学習・語学アプリの管理画面・ダッシュボードUI（ネオン・サイバー）","プロ（演出多め）"
"UI-08426","飲食店モバイルオーダーのAndroidアプリUI（ジオメトリック・グラフィカル）","上級"
"UI-08427","音楽・ポッドキャストの管理画面・ダッシュボードUI（クール・テック）","プロ（演出多め）"
"UI-08428","SNS・コミュニティのスマートウォッチUI（和モダン）","上級"
"UI-08429","ヘルスケア・フィットネス記録のタブレット / POSUI（パステル・ドリーミー）","上級"
"UI-08430","アクセス解析・BIのタブレット / POSUI（信頼・誠実（コーポレート））","上級"
"UI-08431","予約（サロン/ホテル/病院）のWebアプリ（SaaS）UI（ニューブルータリズム）","プロ（演出多め）"
"UI-08432","旅行・地図のキオスク・サイネージUI（ハンドメイド・手書き）","プロ（演出多め）"
"UI-08433","SNS・コミュニティのスマートウォッチUI（3D・クレイ）","プロ（演出多め）"
"UI-08434","アクセス解析・BIのスマートウォッチUI（信頼・誠実（コーポレート））","上級"
"UI-08435","音楽・ポッドキャストの管理画面・ダッシュボードUI（3D・クレイ）","プロ（演出多め）"
"UI-08436","ヘルスケア・フィットネス記録のスマートウォッチUI（グラスモーフィズム）","上級"
"UI-08437","学習・語学アプリのiOSアプリUI（パステル・ドリーミー）","上級"
"UI-08438","スマートホーム・IoTのiOSアプリUI（信頼・誠実（コーポレート））","プロ（演出多め）"
"UI-08439","ヘルスケア・フィットネス記録のWebアプリ（SaaS）UI（ミニマル・洗練）","プロ（演出多め）"
"UI-08440","旅行・地図のAndroidアプリUI（クール・テック）","上級"
"UI-08441","音楽・ポッドキャストのAndroidアプリUI（ミニマル・洗練）","プロ（演出多め）"
"UI-08442","アクセス解析・BIのAndroidアプリUI（3D・クレイ）","プロ（演出多め）"
"UI-08443","スマートホーム・IoTのタブレット / POSUI（信頼・誠実（コーポレート））","プロ（演出多め）"
"UI-08444","AIアシスタント・チャットのタブレット / POSUI（和モダン）","プロ（演出多め）"
"UI-08445","フードデリバリーのキオスク・サイネージUI（信頼・誠実（コーポレート））","上級"
"UI-08446","顧客管理（CRM）のAndroidアプリUI（ミニマル・洗練）","プロ（演出多め）"
"UI-08447","スマートホーム・IoTのタブレット / POSUI（エディトリアル・雑誌風）","プロ（演出多め）"
"UI-08448","ヘルスケア・フィットネス記録のiOSアプリUI（ニューブルータリズム）","プロ（演出多め）"
"UI-08449","スマートホーム・IoTのWebアプリ（SaaS）UI（3D・クレイ）","プロ（演出多め）"
"UI-08450","マッチングのWebアプリ（SaaS）UI（ネオン・サイバー）","プロ（演出多め）"
"UI-08451","アクセス解析・BIのAndroidアプリUI（信頼・誠実（コーポレート））","プロ（演出多め）"
"UI-08452","スマートホーム・IoTの管理画面・ダッシュボードUI（パステル・ドリーミー）","上級"
"UI-08453","アクセス解析・BIのWebアプリ（SaaS）UI（パステル・ドリーミー）","プロ（演出多め）"
"UI-08454","マッチングのタブレット / POSUI（グラスモーフィズム）","上級"
"UI-08455","旅行・地図の管理画面・ダッシュボードUI（ポップ・カラフル）","プロ（演出多め）"
"UI-08456","スマートホーム・IoTのスマートウォッチUI（信頼・誠実（コーポレート））","上級"
"UI-08457","SNS・コミュニティのiOSアプリUI（ニューブルータリズム）","上級"
"UI-08458","音楽・ポッドキャストのスマートウォッチUI（ポップ・カラフル）","上級"
"UI-08459","フードデリバリーのWebアプリ（SaaS）UI（ジオメトリック・グラフィカル）","プロ（演出多め）"
"UI-08460","タスク・プロジェクト管理のWebアプリ（SaaS）UI（ラグジュアリー・高級感）","プロ（演出多め）"
"UI-08461","タスク・プロジェクト管理の管理画面・ダッシュボードUI（ネオン・サイバー）","上級"
"UI-08462","マッチングの管理画面・ダッシュボードUI（ミニマル・洗練）","上級"
"UI-08463","アクセス解析・BIのタブレット / POSUI（3D・クレイ）","プロ（演出多め）"
"UI-08464","家計簿・資産管理のWebアプリ（SaaS）UI（パステル・ドリーミー）","上級"
"UI-08465","予約（サロン/ホテル/病院）のタブレット / POSUI（クール・テック）","上級"
"UI-08466","タスク・プロジェクト管理のWebアプリ（SaaS）UI（ラグジュアリー・高級感）","上級"
"UI-08467","SNS・コミュニティのAndroidアプリUI（ネオン・サイバー）","プロ（演出多め）"
"UI-08468","旅行・地図の管理画面・ダッシュボードUI（ポップ・カラフル）","上級"
"UI-08469","フードデリバリーのAndroidアプリUI（ハンドメイド・手書き）","プロ（演出多め）"
"UI-08470","スマートホーム・IoTのタブレット / POSUI（グラスモーフィズム）","プロ（演出多め）"
"UI-08471","フードデリバリーのiOSアプリUI（ニューブルータリズム）","プロ（演出多め）"
"UI-08472","アクセス解析・BIのスマートウォッチUI（ミニマル・洗練）","プロ（演出多め）"
"UI-08473","アクセス解析・BIのiOSアプリUI（ミニマル・洗練）","上級"
"UI-08474","フードデリバリーのWebアプリ（SaaS）UI（ラグジュアリー・高級感）","プロ（演出多め）"
"UI-08475","フードデリバリーのAndroidアプリUI（ジオメトリック・グラフィカル）","プロ（演出多め）"
"UI-08476","飲食店モバイルオーダーのスマートウォッチUI（ポップ・カラフル）","上級"
"UI-08477","SNS・コミュニティのタブレット / POSUI（パステル・ドリーミー）","プロ（演出多め）"
"UI-08478","家計簿・資産管理のWebアプリ（SaaS）UI（ニューブルータリズム）","プロ（演出多め）"
"UI-08479","音楽・ポッドキャストの管理画面・ダッシュボードUI（クール・テック）","プロ（演出多め）"
"UI-08480","音楽・ポッドキャストのAndroidアプリUI（グラスモーフィズム）","上級"
"UI-08481","マッチングのAndroidアプリUI（ニューブルータリズム）","プロ（演出多め）"
"UI-08482","予約（サロン/ホテル/病院）のAndroidアプリUI（エディトリアル・雑誌風）","プロ（演出多め）"
"UI-08483","SNS・コミュニティのWebアプリ（SaaS）UI（信頼・誠実（コーポレート））","プロ（演出多め）"
"UI-08484","飲食店モバイルオーダーの管理画面・ダッシュボードUI（グラスモーフィズム）","プロ（演出多め）"
"UI-08485","音楽・ポッドキャストのAndroidアプリUI（ハンドメイド・手書き）","プロ（演出多め）"
"UI-08486","学習・語学アプリのスマートウォッチUI（ネオン・サイバー）","プロ（演出多め）"
"UI-08487","タスク・プロジェクト管理のタブレット / POSUI（ポップ・カラフル）","上級"
"UI-08488","飲食店モバイルオーダーのWebアプリ（SaaS）UI（レトロ・Y2K）","プロ（演出多め）"
"UI-08489","マッチングのiOSアプリUI（ハンドメイド・手書き）","プロ（演出多め）"
"UI-08490","AIアシスタント・チャットの管理画面・ダッシュボードUI（ポップ・カラフル）","上級"
"UI-08491","予約（サロン/ホテル/病院）の管理画面・ダッシュボードUI（グラスモーフィズム）","上級"
"UI-08492","SNS・コミュニティの管理画面・ダッシュボードUI（ポップ・カラフル）","プロ（演出多め）"
"UI-08493","タスク・プロジェクト管理のキオスク・サイネージUI（3D・クレイ）","プロ（演出多め）"
"UI-08494","AIアシスタント・チャットのWebアプリ（SaaS）UI（ポップ・カラフル）","プロ（演出多め）"
"UI-08495","予約（サロン/ホテル/病院）のタブレット / POSUI（ミニマル・洗練）","上級"
"UI-08496","アクセス解析・BIのAndroidアプリUI（信頼・誠実（コーポレート））","上級"
"UI-08497","AIアシスタント・チャットの管理画面・ダッシュボードUI（パステル・ドリーミー）","プロ（演出多め）"
"UI-08498","旅行・地図のキオスク・サイネージUI（ジオメトリック・グラフィカル）","プロ（演出多め）"
"UI-08499","飲食店モバイルオーダーのタブレット / POSUI（3D・クレイ）","プロ（演出多め）"
"UI-08500","AIアシスタント・チャットのWebアプリ（SaaS）UI（ミニマル・洗練）","上級"
"UI-08501","タスク・プロジェクト管理のWebアプリ（SaaS）UI（3D・クレイ）","上級"
"UI-08502","アクセス解析・BIのキオスク・サイネージUI（ニューブルータリズム）","プロ（演出多め）"
"UI-08503","AIアシスタント・チャットの管理画面・ダッシュボードUI（パステル・ドリーミー）","プロ（演出多め）"
"UI-08504","ショッピングのAndroidアプリUI（かわいい・ガーリー）","プロ（演出多め）"
"UI-08505","予約（サロン/ホテル/病院）のキオスク・サイネージUI（3D・クレイ）","プロ（演出多め）"
"UI-08506","ヘルスケア・フィットネス記録の管理画面・ダッシュボードUI（ミニマル・洗練）","上級"
"UI-08507","SNS・コミュニティのWebアプリ（SaaS）UI（パステル・ドリーミー）","上級"
"UI-08508","フードデリバリーのWebアプリ（SaaS）UI（パステル・ドリーミー）","上級"
"UI-08509","家計簿・資産管理のキオスク・サイネージUI（ポップ・カラフル）","プロ（演出多め）"
"UI-08510","SNS・コミュニティのWebアプリ（SaaS）UI（パステル・ドリーミー）","上級"
"UI-08511","マッチングのキオスク・サイネージUI（ミニマル・洗練）","プロ（演出多め）"
"UI-08512","飲食店モバイルオーダーのiOSアプリUI（ポップ・カラフル）","プロ（演出多め）"
"UI-08513","スマートホーム・IoTの管理画面・ダッシュボードUI（3D・クレイ）","上級"
"UI-08514","家計簿・資産管理のキオスク・サイネージUI（レトロ・Y2K）","上級"
"UI-08515","スマートホーム・IoTのスマートウォッチUI（信頼・誠実（コーポレート））","プロ（演出多め）"
"UI-08516","飲食店モバイルオーダーのiOSアプリUI（ナチュラル・オーガニック）","上級"
"UI-08517","スマートホーム・IoTのiOSアプリUI（レトロ・Y2K）","プロ（演出多め）"
"UI-08518","家計簿・資産管理のAndroidアプリUI（3D・クレイ）","上級"
"UI-08519","学習・語学アプリのWebアプリ（SaaS）UI（ネオン・サイバー）","上級"
"UI-08520","フードデリバリーのタブレット / POSUI（パステル・ドリーミー）","プロ（演出多め）"
"UI-08521","家計簿・資産管理のAndroidアプリUI（信頼・誠実（コーポレート））","上級"
"UI-08522","学習・語学アプリのタブレット / POSUI（ネオン・サイバー）","プロ（演出多め）"
"UI-08523","予約（サロン/ホテル/病院）の管理画面・ダッシュボードUI（ネオン・サイバー）","プロ（演出多め）"
"UI-08524","マッチングのAndroidアプリUI（ネオン・サイバー）","上級"
"UI-08525","スマートホーム・IoTのAndroidアプリUI（和モダン）","プロ（演出多め）"
"UI-08526","マッチングのキオスク・サイネージUI（ミニマル・洗練）","プロ（演出多め）"
"UI-08527","SNS・コミュニティのスマートウォッチUI（ミニマル・洗練）","上級"
"UI-08528","学習・語学アプリのスマートウォッチUI（クール・テック）","プロ（演出多め）"
"UI-08529","飲食店モバイルオーダーの管理画面・ダッシュボードUI（ポップ・カラフル）","上級"
"UI-08530","スマートホーム・IoTのiOSアプリUI（ネオン・サイバー）","上級"
"UI-08531","AIアシスタント・チャットのiOSアプリUI（和モダン）","プロ（演出多め）"
"UI-08532","アクセス解析・BIのWebアプリ（SaaS）UI（信頼・誠実（コーポレート））","プロ（演出多め）"
"UI-08533","音楽・ポッドキャストのiOSアプリUI（エディトリアル・雑誌風）","上級"
"UI-08534","マッチングのiOSアプリUI（3D・クレイ）","上級"
"UI-08535","顧客管理（CRM）のAndroidアプリUI（パステル・ドリーミー）","プロ（演出多め）"
"UI-08536","タスク・プロジェクト管理のスマートウォッチUI（ニューブルータリズム）","プロ（演出多め）"
"UI-08537","AIアシスタント・チャットのAndroidアプリUI（ポップ・カラフル）","上級"
"UI-08538","アクセス解析・BIのタブレット / POSUI（ネオン・サイバー）","プロ（演出多め）"
"UI-08539","フードデリバリーの管理画面・ダッシュボードUI（パステル・ドリーミー）","プロ（演出多め）"
"UI-08540","SNS・コミュニティのiOSアプリUI（クール・テック）","プロ（演出多め）"
"UI-08541","飲食店モバイルオーダーのキオスク・サイネージUI（ジオメトリック・グラフィカル）","プロ（演出多め）"
"UI-08542","マッチングのWebアプリ（SaaS）UI（3D・クレイ）","上級"
"UI-08543","顧客管理（CRM）のAndroidアプリUI（信頼・誠実（コーポレート））","上級"
"UI-08544","学習・語学アプリのキオスク・サイネージUI（信頼・誠実（コーポレート））","上級"
"UI-08545","予約（サロン/ホテル/病院）のタブレット / POSUI（ポップ・カラフル）","プロ（演出多め）"
"UI-08546","予約（サロン/ホテル/病院）のスマートウォッチUI（ネオン・サイバー）","プロ（演出多め）"
"UI-08547","アクセス解析・BIのスマートウォッチUI（グラスモーフィズム）","プロ（演出多め）"
"UI-08548","AIアシスタント・チャットのWebアプリ（SaaS）UI（パステル・ドリーミー）","上級"
"UI-08549","フードデリバリーのiOSアプリUI（ミニマル・洗練）","プロ（演出多め）"
"UI-08550","アクセス解析・BIのタブレット / POSUI（クール・テック）","プロ（演出多め）"
"UI-08551","音楽・ポッドキャストのタブレット / POSUI（ポップ・カラフル）","上級"
"UI-08552","フードデリバリーのキオスク・サイネージUI（ラグジュアリー・高級感）","プロ（演出多め）"
"UI-08553","アクセス解析・BIのタブレット / POSUI（クール・テック）","プロ（演出多め）"
"UI-08554","スマートホーム・IoTのAndroidアプリUI（ミニマル・洗練）","プロ（演出多め）"
"UI-08555","家計簿・資産管理の管理画面・ダッシュボードUI（エディトリアル・雑誌風）","プロ（演出多め）"
"UI-08556","アクセス解析・BIのキオスク・サイネージUI（北欧・ライフスタイル）","上級"
"UI-08557","予約（サロン/ホテル/病院）の管理画面・ダッシュボードUI（ポップ・カラフル）","上級"
"UI-08558","家計簿・資産管理のキオスク・サイネージUI（ラグジュアリー・高級感）","プロ（演出多め）"
"UI-08559","フードデリバリーのiOSアプリUI（グラスモーフィズム）","上級"
"UI-08560","フードデリバリーのキオスク・サイネージUI（信頼・誠実（コーポレート））","プロ（演出多め）"
"UI-08561","学習・語学アプリのスマートウォッチUI（ハンドメイド・手書き）","プロ（演出多め）"
"UI-08562","家計簿・資産管理のWebアプリ（SaaS）UI（信頼・誠実（コーポレート））","上級"
"UI-08563","アクセス解析・BIのスマートウォッチUI（エディトリアル・雑誌風）","プロ（演出多め）"
"UI-08564","音楽・ポッドキャストの管理画面・ダッシュボードUI（グラスモーフィズム）","プロ（演出多め）"
"UI-08565","飲食店モバイルオーダーの管理画面・ダッシュボードUI（パステル・ドリーミー）","プロ（演出多め）"
"UI-08566","スマートホーム・IoTのWebアプリ（SaaS）UI（かわいい・ガーリー）","プロ（演出多め）"
"UI-08567","スマートホーム・IoTの管理画面・ダッシュボードUI（ニューブルータリズム）","プロ（演出多め）"
"UI-08568","音楽・ポッドキャストのiOSアプリUI（エディトリアル・雑誌風）","プロ（演出多め）"
"UI-08569","音楽・ポッドキャストのAndroidアプリUI（パステル・ドリーミー）","上級"
"UI-08570","SNS・コミュニティのiOSアプリUI（ニューブルータリズム）","プロ（演出多め）"
"UI-08571","ショッピングのタブレット / POSUI（クール・テック）","プロ（演出多め）"
"UI-08572","ヘルスケア・フィットネス記録のWebアプリ（SaaS）UI（ミニマル・洗練）","上級"
"UI-08573","AIアシスタント・チャットの管理画面・ダッシュボードUI（ネオン・サイバー）","プロ（演出多め）"
"UI-08574","学習・語学アプリの管理画面・ダッシュボードUI（3D・クレイ）","上級"
"UI-08575","スマートホーム・IoTのiOSアプリUI（ミニマル・洗練）","プロ（演出多め）"
"UI-08576","AIアシスタント・チャットの管理画面・ダッシュボードUI（信頼・誠実（コーポレート））","プロ（演出多め）"
"UI-08577","スマートホーム・IoTのキオスク・サイネージUI（ミニマル・洗練）","プロ（演出多め）"
"UI-08578","ショッピングのWebアプリ（SaaS）UI（ニューブルータリズム）","プロ（演出多め）"
"UI-08579","予約（サロン/ホテル/病院）のiOSアプリUI（ナチュラル・オーガニック）","プロ（演出多め）"
"UI-08580","家計簿・資産管理のスマートウォッチUI（かわいい・ガーリー）","プロ（演出多め）"
"UI-08581","アクセス解析・BIの管理画面・ダッシュボードUI（3D・クレイ）","プロ（演出多め）"
"UI-08582","SNS・コミュニティのキオスク・サイネージUI（クール・テック）","プロ（演出多め）"
"UI-08583","飲食店モバイルオーダーのAndroidアプリUI（3D・クレイ）","上級"
"UI-08584","マッチングの管理画面・ダッシュボードUI（ダーク・シネマティック）","上級"
"UI-08585","飲食店モバイルオーダーのタブレット / POSUI（ダーク・シネマティック）","プロ（演出多め）"
"UI-08586","家計簿・資産管理のタブレット / POSUI（和モダン）","プロ（演出多め）"
"UI-08587","飲食店モバイルオーダーのキオスク・サイネージUI（信頼・誠実（コーポレート））","上級"
"UI-08588","マッチングのWebアプリ（SaaS）UI（ニューブルータリズム）","上級"
"UI-08589","AIアシスタント・チャットのタブレット / POSUI（パステル・ドリーミー）","プロ（演出多め）"
"UI-08590","ショッピングのWebアプリ（SaaS）UI（ニューブルータリズム）","プロ（演出多め）"
"UI-08591","タスク・プロジェクト管理のiOSアプリUI（ネオン・サイバー）","上級"
"UI-08592","マッチングのAndroidアプリUI（ポップ・カラフル）","プロ（演出多め）"
"UI-08593","家計簿・資産管理のAndroidアプリUI（ラグジュアリー・高級感）","上級"
"UI-08594","アクセス解析・BIのAndroidアプリUI（ダーク・シネマティック）","プロ（演出多め）"
"UI-08595","ヘルスケア・フィットネス記録の管理画面・ダッシュボードUI（信頼・誠実（コーポレート））","プロ（演出多め）"
"UI-08596","ヘルスケア・フィットネス記録のタブレット / POSUI（ミニマル・洗練）","プロ（演出多め）"
"UI-08597","ショッピングのキオスク・サイネージUI（エネルギッシュ・スポーティ）","プロ（演出多め）"
"UI-08598","ヘルスケア・フィットネス記録のタブレット / POSUI（ダーク・シネマティック）","上級"
"UI-08599","顧客管理（CRM）の管理画面・ダッシュボードUI（ポップ・カラフル）","プロ（演出多め）"
"UI-08600","音楽・ポッドキャストのWebアプリ（SaaS）UI（和モダン）","上級"
"UI-08601","家計簿・資産管理のキオスク・サイネージUI（レトロ・Y2K）","プロ（演出多め）"
"UI-08602","飲食店モバイルオーダーのiOSアプリUI（ナチュラル・オーガニック）","上級"
"UI-08603","音楽・ポッドキャストのスマートウォッチUI（グラスモーフィズム）","上級"
"UI-08604","AIアシスタント・チャットのスマートウォッチUI（ミニマル・洗練）","上級"
"UI-08605","飲食店モバイルオーダーのiOSアプリUI（クール・テック）","プロ（演出多め）"
"UI-08606","予約（サロン/ホテル/病院）のWebアプリ（SaaS）UI（ポップ・カラフル）","プロ（演出多め）"
"UI-08607","スマートホーム・IoTのスマートウォッチUI（北欧・ライフスタイル）","プロ（演出多め）"
"UI-08608","飲食店モバイルオーダーのスマートウォッチUI（ポップ・カラフル）","プロ（演出多め）"
"UI-08609","ヘルスケア・フィットネス記録のiOSアプリUI（パステル・ドリーミー）","上級"
"UI-08610","スマートホーム・IoTの管理画面・ダッシュボードUI（ナチュラル・オーガニック）","プロ（演出多め）"
"UI-08611","学習・語学アプリのiOSアプリUI（グラスモーフィズム）","上級"
"UI-08612","ショッピングのキオスク・サイネージUI（パステル・ドリーミー）","プロ（演出多め）"
"UI-08613","家計簿・資産管理のWebアプリ（SaaS）UI（ネオン・サイバー）","上級"
"UI-08614","旅行・地図のAndroidアプリUI（3D・クレイ）","上級"
"UI-08615","音楽・ポッドキャストのWebアプリ（SaaS）UI（かわいい・ガーリー）","プロ（演出多め）"
"UI-08616","旅行・地図のAndroidアプリUI（ミニマル・洗練）","プロ（演出多め）"
"UI-08617","旅行・地図のAndroidアプリUI（ニューブルータリズム）","上級"
"UI-08618","予約（サロン/ホテル/病院）の管理画面・ダッシュボードUI（信頼・誠実（コーポレート））","プロ（演出多め）"
"UI-08619","音楽・ポッドキャストのスマートウォッチUI（ダーク・シネマティック）","プロ（演出多め）"
"UI-08620","学習・語学アプリの管理画面・ダッシュボードUI（ミニマル・洗練）","上級"
"UI-08621","マッチングの管理画面・ダッシュボードUI（信頼・誠実（コーポレート））","プロ（演出多め）"
"UI-08622","スマートホーム・IoTのWebアプリ（SaaS）UI（ニューブルータリズム）","プロ（演出多め）"
"UI-08623","タスク・プロジェクト管理のWebアプリ（SaaS）UI（信頼・誠実（コーポレート））","上級"
"UI-08624","学習・語学アプリのWebアプリ（SaaS）UI（パステル・ドリーミー）","上級"
"UI-08625","フードデリバリーのiOSアプリUI（エネルギッシュ・スポーティ）","プロ（演出多め）"
"UI-08626","予約（サロン/ホテル/病院）のキオスク・サイネージUI（ミニマル・洗練）","上級"
"UI-08627","ヘルスケア・フィットネス記録のスマートウォッチUI（パステル・ドリーミー）","上級"
"UI-08628","予約（サロン/ホテル/病院）の管理画面・ダッシュボードUI（パステル・ドリーミー）","プロ（演出多め）"
"UI-08629","アクセス解析・BIのAndroidアプリUI（グラスモーフィズム）","プロ（演出多め）"
"UI-08630","アクセス解析・BIのWebアプリ（SaaS）UI（パステル・ドリーミー）","プロ（演出多め）"
"UI-08631","予約（サロン/ホテル/病院）の管理画面・ダッシュボードUI（パステル・ドリーミー）","上級"
"UI-08632","音楽・ポッドキャストのAndroidアプリUI（ポップ・カラフル）","プロ（演出多め）"
"UI-08633","SNS・コミュニティのiOSアプリUI（エディトリアル・雑誌風）","上級"
"UI-08634","SNS・コミュニティのAndroidアプリUI（ミニマル・洗練）","プロ（演出多め）"
"UI-08635","家計簿・資産管理の管理画面・ダッシュボードUI（グラスモーフィズム）","上級"
"UI-08636","旅行・地図のAndroidアプリUI（北欧・ライフスタイル）","上級"
"UI-08637","ヘルスケア・フィットネス記録のタブレット / POSUI（レトロ・Y2K）","上級"
"UI-08638","ヘルスケア・フィットネス記録の管理画面・ダッシュボードUI（クール・テック）","上級"
"UI-08639","AIアシスタント・チャットのiOSアプリUI（ネオン・サイバー）","上級"
"UI-08640","アクセス解析・BIのiOSアプリUI（クール・テック）","プロ（演出多め）"
"UI-08641","アクセス解析・BIのAndroidアプリUI（ミニマル・洗練）","プロ（演出多め）"
"UI-08642","顧客管理（CRM）のAndroidアプリUI（信頼・誠実（コーポレート））","上級"
"UI-08643","ヘルスケア・フィットネス記録のタブレット / POSUI（パステル・ドリーミー）","上級"
"UI-08644","アクセス解析・BIのスマートウォッチUI（ミニマル・洗練）","上級"
"UI-08645","AIアシスタント・チャットの管理画面・ダッシュボードUI（ニューブルータリズム）","プロ（演出多め）"
"UI-08646","アクセス解析・BIのタブレット / POSUI（パステル・ドリーミー）","プロ（演出多め）"
"UI-08647","顧客管理（CRM）のiOSアプリUI（ニューブルータリズム）","上級"
"UI-08648","予約（サロン/ホテル/病院）のWebアプリ（SaaS）UI（グラスモーフィズム）","上級"
"UI-08649","ヘルスケア・フィットネス記録のWebアプリ（SaaS）UI（ミニマル・洗練）","上級"
"UI-08650","タスク・プロジェクト管理の管理画面・ダッシュボードUI（エディトリアル・雑誌風）","プロ（演出多め）"
"UI-08651","タスク・プロジェクト管理のiOSアプリUI（ポップ・カラフル）","プロ（演出多め）"
"UI-08652","顧客管理（CRM）のWebアプリ（SaaS）UI（ニューブルータリズム）","プロ（演出多め）"
"UI-08653","家計簿・資産管理のWebアプリ（SaaS）UI（ポップ・カラフル）","上級"
"UI-08654","飲食店モバイルオーダーのスマートウォッチUI（北欧・ライフスタイル）","プロ（演出多め）"
"UI-08655","フードデリバリーのキオスク・サイネージUI（3D・クレイ）","プロ（演出多め）"
"UI-08656","スマートホーム・IoTのキオスク・サイネージUI（ミニマル・洗練）","プロ（演出多め）"
"UI-08657","ショッピングの管理画面・ダッシュボードUI（ジオメトリック・グラフィカル）","プロ（演出多め）"
"UI-08658","タスク・プロジェクト管理のWebアプリ（SaaS）UI（ネオン・サイバー）","プロ（演出多め）"
"UI-08659","学習・語学アプリのAndroidアプリUI（信頼・誠実（コーポレート））","プロ（演出多め）"
"UI-08660","飲食店モバイルオーダーのWebアプリ（SaaS）UI（ニューブルータリズム）","プロ（演出多め）"
"UI-08661","旅行・地図のAndroidアプリUI（ジオメトリック・グラフィカル）","プロ（演出多め）"
"UI-08662","音楽・ポッドキャストのタブレット / POSUI（ニューブルータリズム）","上級"
"UI-08663","AIアシスタント・チャットの管理画面・ダッシュボードUI（ネオン・サイバー）","プロ（演出多め）"
"UI-08664","ヘルスケア・フィットネス記録のタブレット / POSUI（信頼・誠実（コーポレート））","上級"
"UI-08665","学習・語学アプリのタブレット / POSUI（ミニマル・洗練）","プロ（演出多め）"
"UI-08666","家計簿・資産管理のキオスク・サイネージUI（グラスモーフィズム）","プロ（演出多め）"
"UI-08667","ヘルスケア・フィットネス記録の管理画面・ダッシュボードUI（ネオン・サイバー）","プロ（演出多め）"
"UI-08668","SNS・コミュニティの管理画面・ダッシュボードUI（グラスモーフィズム）","プロ（演出多め）"
"UI-08669","学習・語学アプリの管理画面・ダッシュボードUI（信頼・誠実（コーポレート））","上級"
"UI-08670","顧客管理（CRM）のキオスク・サイネージUI（グラスモーフィズム）","上級"
"UI-08671","マッチングの管理画面・ダッシュボードUI（クール・テック）","プロ（演出多め）"
"UI-08672","スマートホーム・IoTのiOSアプリUI（ミニマル・洗練）","プロ（演出多め）"
"UI-08673","マッチングのAndroidアプリUI（ポップ・カラフル）","プロ（演出多め）"
"UI-08674","マッチングの管理画面・ダッシュボードUI（クール・テック）","プロ（演出多め）"
"UI-08675","ヘルスケア・フィットネス記録のスマートウォッチUI（ナチュラル・オーガニック）","プロ（演出多め）"
"UI-08676","スマートホーム・IoTのWebアプリ（SaaS）UI（レトロ・Y2K）","プロ（演出多め）"
"UI-08677","学習・語学アプリのタブレット / POSUI（ラグジュアリー・高級感）","上級"
"UI-08678","旅行・地図の管理画面・ダッシュボードUI（ネオン・サイバー）","上級"
"UI-08679","顧客管理（CRM）のキオスク・サイネージUI（かわいい・ガーリー）","プロ（演出多め）"
"UI-08680","家計簿・資産管理のキオスク・サイネージUI（パステル・ドリーミー）","プロ（演出多め）"
"UI-08681","スマートホーム・IoTの管理画面・ダッシュボードUI（ネオン・サイバー）","上級"
"UI-08682","スマートホーム・IoTのiOSアプリUI（クール・テック）","上級"
"UI-08683","ヘルスケア・フィットネス記録のキオスク・サイネージUI（エネルギッシュ・スポーティ）","プロ（演出多め）"
"UI-08684","アクセス解析・BIのAndroidアプリUI（3D・クレイ）","上級"
"UI-08685","タスク・プロジェクト管理のキオスク・サイネージUI（ミニマル・洗練）","プロ（演出多め）"
"UI-08686","音楽・ポッドキャストのiOSアプリUI（ニューブルータリズム）","プロ（演出多め）"
"UI-08687","ショッピングのWebアプリ（SaaS）UI（ミニマル・洗練）","プロ（演出多め）"
"UI-08688","SNS・コミュニティのiOSアプリUI（ニューブルータリズム）","プロ（演出多め）"
"UI-08689","SNS・コミュニティのスマートウォッチUI（ミニマル・洗練）","プロ（演出多め）"
"UI-08690","タスク・プロジェクト管理のタブレット / POSUI（ネオン・サイバー）","上級"
"UI-08691","マッチングのAndroidアプリUI（ミニマル・洗練）","プロ（演出多め）"
"UI-08692","マッチングの管理画面・ダッシュボードUI（ダーク・シネマティック）","プロ（演出多め）"
"UI-08693","学習・語学アプリのタブレット / POSUI（ポップ・カラフル）","プロ（演出多め）"
"UI-08694","アクセス解析・BIのキオスク・サイネージUI（グラスモーフィズム）","プロ（演出多め）"
"UI-08695","タスク・プロジェクト管理のWebアプリ（SaaS）UI（ミニマル・洗練）","上級"
"UI-08696","飲食店モバイルオーダーのスマートウォッチUI（パステル・ドリーミー）","上級"
"UI-08697","顧客管理（CRM）のキオスク・サイネージUI（エネルギッシュ・スポーティ）","プロ（演出多め）"
"UI-08698","家計簿・資産管理のスマートウォッチUI（ジオメトリック・グラフィカル）","プロ（演出多め）"
"UI-08699","顧客管理（CRM）のスマートウォッチUI（ラグジュアリー・高級感）","プロ（演出多め）"
"UI-08700","旅行・地図のWebアプリ（SaaS）UI（ポップ・カラフル）","プロ（演出多め）"
"UI-08701","予約（サロン/ホテル/病院）のタブレット / POSUI（3D・クレイ）","プロ（演出多め）"
"UI-08702","音楽・ポッドキャストのスマートウォッチUI（グラスモーフィズム）","上級"
"UI-08703","学習・語学アプリのAndroidアプリUI（クール・テック）","プロ（演出多め）"
"UI-08704","ヘルスケア・フィットネス記録のキオスク・サイネージUI（3D・クレイ）","上級"
"UI-08705","AIアシスタント・チャットのiOSアプリUI（和モダン）","上級"
"UI-08706","音楽・ポッドキャストのキオスク・サイネージUI（ナチュラル・オーガニック）","プロ（演出多め）"
"UI-08707","ヘルスケア・フィットネス記録のWebアプリ（SaaS）UI（ミニマル・洗練）","プロ（演出多め）"
"UI-08708","タスク・プロジェクト管理のスマートウォッチUI（3D・クレイ）","プロ（演出多め）"
"UI-08709","家計簿・資産管理の管理画面・ダッシュボードUI（北欧・ライフスタイル）","プロ（演出多め）"
"UI-08710","飲食店モバイルオーダーのスマートウォッチUI（ネオン・サイバー）","プロ（演出多め）"
"UI-08711","飲食店モバイルオーダーのキオスク・サイネージUI（ネオン・サイバー）","プロ（演出多め）"
"UI-08712","学習・語学アプリのAndroidアプリUI（ポップ・カラフル）","上級"
"UI-08713","タスク・プロジェクト管理のタブレット / POSUI（ニューブルータリズム）","プロ（演出多め）"
"UI-08714","スマートホーム・IoTのスマートウォッチUI（信頼・誠実（コーポレート））","プロ（演出多め）"
"UI-08715","タスク・プロジェクト管理のタブレット / POSUI（クール・テック）","プロ（演出多め）"
"UI-08716","SNS・コミュニティの管理画面・ダッシュボードUI（グラスモーフィズム）","上級"
"UI-08717","アクセス解析・BIのAndroidアプリUI（信頼・誠実（コーポレート））","プロ（演出多め）"
"UI-08718","ショッピングのキオスク・サイネージUI（信頼・誠実（コーポレート））","プロ（演出多め）"
"UI-08719","ヘルスケア・フィットネス記録のスマートウォッチUI（グラスモーフィズム）","プロ（演出多め）"
"UI-08720","スマートホーム・IoTのスマートウォッチUI（パステル・ドリーミー）","上級"
"UI-08721","ヘルスケア・フィットネス記録のタブレット / POSUI（パステル・ドリーミー）","上級"
"UI-08722","飲食店モバイルオーダーのiOSアプリUI（ネオン・サイバー）","プロ（演出多め）"
"UI-08723","マッチングのiOSアプリUI（ミニマル・洗練）","プロ（演出多め）"
"UI-08724","マッチングのスマートウォッチUI（パステル・ドリーミー）","プロ（演出多め）"
"UI-08725","予約（サロン/ホテル/病院）のiOSアプリUI（レトロ・Y2K）","上級"
"UI-08726","予約（サロン/ホテル/病院）のAndroidアプリUI（ネオン・サイバー）","上級"
"UI-08727","飲食店モバイルオーダーのスマートウォッチUI（3D・クレイ）","プロ（演出多め）"
"UI-08728","飲食店モバイルオーダーのAndroidアプリUI（信頼・誠実（コーポレート））","上級"
"UI-08729","SNS・コミュニティのiOSアプリUI（北欧・ライフスタイル）","上級"
"UI-08730","家計簿・資産管理のスマートウォッチUI（ニューブルータリズム）","プロ（演出多め）"
"UI-08731","タスク・プロジェクト管理のiOSアプリUI（パステル・ドリーミー）","上級"
"UI-08732","AIアシスタント・チャットのWebアプリ（SaaS）UI（信頼・誠実（コーポレート））","プロ（演出多め）"
"UI-08733","予約（サロン/ホテル/病院）のAndroidアプリUI（レトロ・Y2K）","プロ（演出多め）"
"UI-08734","飲食店モバイルオーダーのWebアプリ（SaaS）UI（パステル・ドリーミー）","上級"
"UI-08735","家計簿・資産管理のキオスク・サイネージUI（エディトリアル・雑誌風）","プロ（演出多め）"
"UI-08736","SNS・コミュニティのタブレット / POSUI（ジオメトリック・グラフィカル）","プロ（演出多め）"
"UI-08737","旅行・地図の管理画面・ダッシュボードUI（パステル・ドリーミー）","上級"
"UI-08738","マッチングのWebアプリ（SaaS）UI（かわいい・ガーリー）","上級"
"UI-08739","学習・語学アプリのタブレット / POSUI（クール・テック）","上級"
"UI-08740","学習・語学アプリの管理画面・ダッシュボードUI（ネオン・サイバー）","プロ（演出多め）"
"UI-08741","顧客管理（CRM）のスマートウォッチUI（グラスモーフィズム）","上級"
"UI-08742","飲食店モバイルオーダーの管理画面・ダッシュボードUI（ニューブルータリズム）","上級"
"UI-08743","ヘルスケア・フィットネス記録の管理画面・ダッシュボードUI（グラスモーフィズム）","プロ（演出多め）"
"UI-08744","家計簿・資産管理の管理画面・ダッシュボードUI（ネオン・サイバー）","プロ（演出多め）"
"UI-08745","ショッピングのiOSアプリUI（グラスモーフィズム）","プロ（演出多め）"
"UI-08746","学習・語学アプリの管理画面・ダッシュボードUI（ミニマル・洗練）","プロ（演出多め）"
"UI-08747","予約（サロン/ホテル/病院）のAndroidアプリUI（ネオン・サイバー）","プロ（演出多め）"
"UI-08748","音楽・ポッドキャストのキオスク・サイネージUI（ニューブルータリズム）","上級"
"UI-08749","アクセス解析・BIのタブレット / POSUI（ポップ・カラフル）","上級"
"UI-08750","スマートホーム・IoTのAndroidアプリUI（ミニマル・洗練）","プロ（演出多め）"
"UI-08751","AIアシスタント・チャットのiOSアプリUI（ジオメトリック・グラフィカル）","上級"
"UI-08752","飲食店モバイルオーダーのAndroidアプリUI（ナチュラル・オーガニック）","上級"
"UI-08753","タスク・プロジェクト管理のキオスク・サイネージUI（パステル・ドリーミー）","プロ（演出多め）"
"UI-08754","アクセス解析・BIの管理画面・ダッシュボードUI（ミニマル・洗練）","上級"
"UI-08755","顧客管理（CRM）の管理画面・ダッシュボードUI（パステル・ドリーミー）","プロ（演出多め）"
"UI-08756","旅行・地図のタブレット / POSUI（3D・クレイ）","プロ（演出多め）"
"UI-08757","マッチングのスマートウォッチUI（ポップ・カラフル）","プロ（演出多め）"
"UI-08758","AIアシスタント・チャットの管理画面・ダッシュボードUI（和モダン）","プロ（演出多め）"
"UI-08759","フードデリバリーのiOSアプリUI（信頼・誠実（コーポレート））","プロ（演出多め）"
"UI-08760","アクセス解析・BIのAndroidアプリUI（北欧・ライフスタイル）","プロ（演出多め）"
"UI-08761","SNS・コミュニティのAndroidアプリUI（和モダン）","プロ（演出多め）"
"UI-08762","アクセス解析・BIの管理画面・ダッシュボードUI（ネオン・サイバー）","プロ（演出多め）"
"UI-08763","タスク・プロジェクト管理の管理画面・ダッシュボードUI（ミニマル・洗練）","上級"
"UI-08764","家計簿・資産管理のキオスク・サイネージUI（クール・テック）","プロ（演出多め）"
"UI-08765","学習・語学アプリのスマートウォッチUI（クール・テック）","プロ（演出多め）"
"UI-08766","フードデリバリーの管理画面・ダッシュボードUI（エネルギッシュ・スポーティ）","上級"
"UI-08767","家計簿・資産管理のスマートウォッチUI（レトロ・Y2K）","プロ（演出多め）"
"UI-08768","マッチングのWebアプリ（SaaS）UI（信頼・誠実（コーポレート））","プロ（演出多め）"
"UI-08769","顧客管理（CRM）のiOSアプリUI（ミニマル・洗練）","プロ（演出多め）"
"UI-08770","飲食店モバイルオーダーのWebアプリ（SaaS）UI（パステル・ドリーミー）","上級"
"UI-08771","顧客管理（CRM）のスマートウォッチUI（3D・クレイ）","プロ（演出多め）"
"UI-08772","音楽・ポッドキャストのiOSアプリUI（信頼・誠実（コーポレート））","プロ（演出多め）"
"UI-08773","フードデリバリーのスマートウォッチUI（ミニマル・洗練）","上級"
"UI-08774","スマートホーム・IoTのタブレット / POSUI（ネオン・サイバー）","プロ（演出多め）"
"UI-08775","顧客管理（CRM）のiOSアプリUI（北欧・ライフスタイル）","プロ（演出多め）"
"UI-08776","学習・語学アプリの管理画面・ダッシュボードUI（ネオン・サイバー）","プロ（演出多め）"
"UI-08777","顧客管理（CRM）のキオスク・サイネージUI（信頼・誠実（コーポレート））","上級"
"UI-08778","タスク・プロジェクト管理のWebアプリ（SaaS）UI（エネルギッシュ・スポーティ）","プロ（演出多め）"
"UI-08779","マッチングのWebアプリ（SaaS）UI（3D・クレイ）","上級"
"UI-08780","ショッピングのAndroidアプリUI（クール・テック）","プロ（演出多め）"
"UI-08781","フードデリバリーのキオスク・サイネージUI（クール・テック）","上級"
"UI-08782","旅行・地図のキオスク・サイネージUI（ハンドメイド・手書き）","プロ（演出多め）"
"UI-08783","マッチングのタブレット / POSUI（ニューブルータリズム）","プロ（演出多め）"
"UI-08784","予約（サロン/ホテル/病院）の管理画面・ダッシュボードUI（ポップ・カラフル）","プロ（演出多め）"
"UI-08785","旅行・地図のタブレット / POSUI（グラスモーフィズム）","プロ（演出多め）"
"UI-08786","スマートホーム・IoTのスマートウォッチUI（クール・テック）","プロ（演出多め）"
"UI-08787","顧客管理（CRM）のキオスク・サイネージUI（信頼・誠実（コーポレート））","プロ（演出多め）"
"UI-08788","タスク・プロジェクト管理のiOSアプリUI（信頼・誠実（コーポレート））","プロ（演出多め）"
"UI-08789","ショッピングのタブレット / POSUI（3D・クレイ）","プロ（演出多め）"
"UI-08790","AIアシスタント・チャットのキオスク・サイネージUI（ミニマル・洗練）","プロ（演出多め）"
"UI-08791","フードデリバリーのiOSアプリUI（ミニマル・洗練）","上級"
"UI-08792","ヘルスケア・フィットネス記録のiOSアプリUI（ニューブルータリズム）","プロ（演出多め）"
"UI-08793","マッチングのタブレット / POSUI（ラグジュアリー・高級感）","プロ（演出多め）"
"UI-08794","音楽・ポッドキャストのiOSアプリUI（ニューブルータリズム）","プロ（演出多め）"
"UI-08795","顧客管理（CRM）のタブレット / POSUI（ラグジュアリー・高級感）","上級"
"UI-08796","ヘルスケア・フィットネス記録のiOSアプリUI（パステル・ドリーミー）","プロ（演出多め）"
"UI-08797","SNS・コミュニティのiOSアプリUI（ポップ・カラフル）","上級"
"UI-08798","AIアシスタント・チャットのタブレット / POSUI（パステル・ドリーミー）","プロ（演出多め）"
"UI-08799","タスク・プロジェクト管理の管理画面・ダッシュボードUI（ハンドメイド・手書き）","上級"
"UI-08800","学習・語学アプリのタブレット / POSUI（ミニマル・洗練）","上級"
"UI-08801","音楽・ポッドキャストのスマートウォッチUI（クール・テック）","プロ（演出多め）"
"UI-08802","飲食店モバイルオーダーのWebアプリ（SaaS）UI（ニューブルータリズム）","プロ（演出多め）"
"UI-08803","マッチングのWebアプリ（SaaS）UI（ネオン・サイバー）","プロ（演出多め）"
"UI-08804","SNS・コミュニティのWebアプリ（SaaS）UI（ポップ・カラフル）","プロ（演出多め）"
"UI-08805","旅行・地図のタブレット / POSUI（グラスモーフィズム）","プロ（演出多め）"
"UI-08806","顧客管理（CRM）のキオスク・サイネージUI（ハンドメイド・手書き）","上級"
"UI-08807","顧客管理（CRM）のAndroidアプリUI（グラスモーフィズム）","プロ（演出多め）"
"UI-08808","アクセス解析・BIのAndroidアプリUI（ミニマル・洗練）","プロ（演出多め）"
"UI-08809","ショッピングのキオスク・サイネージUI（北欧・ライフスタイル）","上級"
"UI-08810","予約（サロン/ホテル/病院）のキオスク・サイネージUI（ネオン・サイバー）","プロ（演出多め）"
"UI-08811","ヘルスケア・フィットネス記録のWebアプリ（SaaS）UI（ハンドメイド・手書き）","プロ（演出多め）"
"UI-08812","ショッピングのタブレット / POSUI（ポップ・カラフル）","上級"
"UI-08813","飲食店モバイルオーダーのキオスク・サイネージUI（ネオン・サイバー）","プロ（演出多め）"
"UI-08814","ショッピングのタブレット / POSUI（信頼・誠実（コーポレート））","プロ（演出多め）"
"UI-08815","旅行・地図のタブレット / POSUI（エディトリアル・雑誌風）","上級"
"UI-08816","ヘルスケア・フィットネス記録のWebアプリ（SaaS）UI（ネオン・サイバー）","プロ（演出多め）"
"UI-08817","ショッピングのiOSアプリUI（クール・テック）","プロ（演出多め）"
"UI-08818","学習・語学アプリのタブレット / POSUI（パステル・ドリーミー）","プロ（演出多め）"
"UI-08819","顧客管理（CRM）のタブレット / POSUI（ミニマル・洗練）","プロ（演出多め）"
"UI-08820","タスク・プロジェクト管理のAndroidアプリUI（クール・テック）","上級"
"UI-08821","顧客管理（CRM）の管理画面・ダッシュボードUI（グラスモーフィズム）","上級"
"UI-08822","予約（サロン/ホテル/病院）の管理画面・ダッシュボードUI（クール・テック）","プロ（演出多め）"
"UI-08823","学習・語学アプリのWebアプリ（SaaS）UI（ネオン・サイバー）","プロ（演出多め）"
"UI-08824","タスク・プロジェクト管理のキオスク・サイネージUI（信頼・誠実（コーポレート））","プロ（演出多め）"
"UI-08825","旅行・地図のキオスク・サイネージUI（ニューブルータリズム）","プロ（演出多め）"
"UI-08826","ショッピングのスマートウォッチUI（ミニマル・洗練）","プロ（演出多め）"
"UI-08827","SNS・コミュニティのAndroidアプリUI（ネオン・サイバー）","プロ（演出多め）"
"UI-08828","学習・語学アプリのAndroidアプリUI（パステル・ドリーミー）","上級"
"UI-08829","家計簿・資産管理のAndroidアプリUI（信頼・誠実（コーポレート））","プロ（演出多め）"
"UI-08830","マッチングの管理画面・ダッシュボードUI（パステル・ドリーミー）","上級"
"UI-08831","タスク・プロジェクト管理のAndroidアプリUI（クール・テック）","上級"
"UI-08832","顧客管理（CRM）の管理画面・ダッシュボードUI（北欧・ライフスタイル）","プロ（演出多め）"
"UI-08833","タスク・プロジェクト管理のAndroidアプリUI（クール・テック）","プロ（演出多め）"
"UI-08834","ショッピングのスマートウォッチUI（グラスモーフィズム）","プロ（演出多め）"
"UI-08835","タスク・プロジェクト管理の管理画面・ダッシュボードUI（信頼・誠実（コーポレート））","上級"
"UI-08836","飲食店モバイルオーダーのスマートウォッチUI（ダーク・シネマティック）","プロ（演出多め）"
"UI-08837","予約（サロン/ホテル/病院）のタブレット / POSUI（信頼・誠実（コーポレート））","上級"
"UI-08838","マッチングのスマートウォッチUI（ミニマル・洗練）","上級"
"UI-08839","旅行・地図のAndroidアプリUI（ニューブルータリズム）","プロ（演出多め）"
"UI-08840","SNS・コミュニティのiOSアプリUI（グラスモーフィズム）","プロ（演出多め）"
"UI-08841","マッチングのiOSアプリUI（パステル・ドリーミー）","上級"
"UI-08842","タスク・プロジェクト管理のiOSアプリUI（3D・クレイ）","プロ（演出多め）"
"UI-08843","音楽・ポッドキャストのタブレット / POSUI（3D・クレイ）","上級"
"UI-08844","旅行・地図のスマートウォッチUI（ハンドメイド・手書き）","プロ（演出多め）"
"UI-08845","旅行・地図のスマートウォッチUI（グラスモーフィズム）","上級"
"UI-08846","学習・語学アプリのタブレット / POSUI（ミニマル・洗練）","プロ（演出多め）"
"UI-08847","アクセス解析・BIのスマートウォッチUI（ニューブルータリズム）","プロ（演出多め）"
"UI-08848","飲食店モバイルオーダーのAndroidアプリUI（グラスモーフィズム）","上級"
"UI-08849","予約（サロン/ホテル/病院）のAndroidアプリUI（ポップ・カラフル）","プロ（演出多め）"
"UI-08850","学習・語学アプリのタブレット / POSUI（エディトリアル・雑誌風）","プロ（演出多め）"
"UI-08851","顧客管理（CRM）のAndroidアプリUI（信頼・誠実（コーポレート））","プロ（演出多め）"
"UI-08852","顧客管理（CRM）のWebアプリ（SaaS）UI（北欧・ライフスタイル）","プロ（演出多め）"
"UI-08853","フードデリバリーのWebアプリ（SaaS）UI（ポップ・カラフル）","プロ（演出多め）"
"UI-08854","マッチングのキオスク・サイネージUI（グラスモーフィズム）","プロ（演出多め）"
"UI-08855","マッチングのAndroidアプリUI（グラスモーフィズム）","上級"
"UI-08856","アクセス解析・BIのタブレット / POSUI（ニューブルータリズム）","プロ（演出多め）"
"UI-08857","音楽・ポッドキャストのWebアプリ（SaaS）UI（ニューブルータリズム）","プロ（演出多め）"
"UI-08858","フードデリバリーのiOSアプリUI（ミニマル・洗練）","プロ（演出多め）"
"UI-08859","顧客管理（CRM）のWebアプリ（SaaS）UI（ニューブルータリズム）","プロ（演出多め）"
"UI-08860","顧客管理（CRM）のスマートウォッチUI（ポップ・カラフル）","プロ（演出多め）"
"UI-08861","顧客管理（CRM）のiOSアプリUI（クール・テック）","プロ（演出多め）"
"UI-08862","タスク・プロジェクト管理のiOSアプリUI（クール・テック）","上級"
"UI-08863","顧客管理（CRM）のiOSアプリUI（ミニマル・洗練）","プロ（演出多め）"
"UI-08864","旅行・地図のiOSアプリUI（ミニマル・洗練）","プロ（演出多め）"
"UI-08865","顧客管理（CRM）のスマートウォッチUI（クール・テック）","プロ（演出多め）"
"UI-08866","AIアシスタント・チャットの管理画面・ダッシュボードUI（ネオン・サイバー）","上級"
"UI-08867","フードデリバリーのキオスク・サイネージUI（クール・テック）","上級"
"UI-08868","学習・語学アプリのキオスク・サイネージUI（クール・テック）","プロ（演出多め）"
"UI-08869","アクセス解析・BIのAndroidアプリUI（3D・クレイ）","プロ（演出多め）"
"UI-08870","ショッピングのキオスク・サイネージUI（パステル・ドリーミー）","上級"
"UI-08871","スマートホーム・IoTのキオスク・サイネージUI（ニューブルータリズム）","上級"
"UI-08872","SNS・コミュニティのWebアプリ（SaaS）UI（クール・テック）","プロ（演出多め）"
"UI-08873","旅行・地図のWebアプリ（SaaS）UI（グラスモーフィズム）","プロ（演出多め）"
"UI-08874","マッチングのAndroidアプリUI（ミニマル・洗練）","上級"
"UI-08875","飲食店モバイルオーダーのキオスク・サイネージUI（エディトリアル・雑誌風）","プロ（演出多め）"
"UI-08876","音楽・ポッドキャストのiOSアプリUI（ミニマル・洗練）","プロ（演出多め）"
"UI-08877","AIアシスタント・チャットのスマートウォッチUI（信頼・誠実（コーポレート））","プロ（演出多め）"
"UI-08878","スマートホーム・IoTのキオスク・サイネージUI（信頼・誠実（コーポレート））","プロ（演出多め）"
"UI-08879","フードデリバリーのiOSアプリUI（かわいい・ガーリー）","プロ（演出多め）"
"UI-08880","ヘルスケア・フィットネス記録のスマートウォッチUI（ネオン・サイバー）","上級"
"UI-08881","タスク・プロジェクト管理のタブレット / POSUI（ダーク・シネマティック）","プロ（演出多め）"
"UI-08882","飲食店モバイルオーダーのスマートウォッチUI（和モダン）","上級"
"UI-08883","ショッピングのAndroidアプリUI（ナチュラル・オーガニック）","プロ（演出多め）"
"UI-08884","アクセス解析・BIのスマートウォッチUI（パステル・ドリーミー）","プロ（演出多め）"
"UI-08885","学習・語学アプリの管理画面・ダッシュボードUI（グラスモーフィズム）","プロ（演出多め）"
"UI-08886","SNS・コミュニティの管理画面・ダッシュボードUI（パステル・ドリーミー）","プロ（演出多め）"
"UI-08887","学習・語学アプリのキオスク・サイネージUI（パステル・ドリーミー）","プロ（演出多め）"
"UI-08888","フードデリバリーのiOSアプリUI（ニューブルータリズム）","プロ（演出多め）"
"UI-08889","SNS・コミュニティのスマートウォッチUI（ニューブルータリズム）","上級"
"UI-08890","SNS・コミュニティの管理画面・ダッシュボードUI（3D・クレイ）","プロ（演出多め）"
"UI-08891","家計簿・資産管理のキオスク・サイネージUI（ミニマル・洗練）","上級"
"UI-08892","ヘルスケア・フィットネス記録のタブレット / POSUI（ネオン・サイバー）","上級"
"UI-08893","ヘルスケア・フィットネス記録のタブレット / POSUI（クール・テック）","プロ（演出多め）"
"UI-08894","フードデリバリーのAndroidアプリUI（ラグジュアリー・高級感）","プロ（演出多め）"
"UI-08895","ショッピングのWebアプリ（SaaS）UI（ニューブルータリズム）","プロ（演出多め）"
"UI-08896","タスク・プロジェクト管理のタブレット / POSUI（クール・テック）","プロ（演出多め）"
"UI-08897","SNS・コミュニティのWebアプリ（SaaS）UI（ネオン・サイバー）","上級"
"UI-08898","ショッピングのキオスク・サイネージUI（パステル・ドリーミー）","上級"
"UI-08899","マッチングのスマートウォッチUI（かわいい・ガーリー）","プロ（演出多め）"
"UI-08900","マッチングのWebアプリ（SaaS）UI（パステル・ドリーミー）","プロ（演出多め）"
"UI-08901","家計簿・資産管理のWebアプリ（SaaS）UI（ポップ・カラフル）","プロ（演出多め）"
"UI-08902","音楽・ポッドキャストのキオスク・サイネージUI（エディトリアル・雑誌風）","プロ（演出多め）"
"UI-08903","ヘルスケア・フィットネス記録のWebアプリ（SaaS）UI（クール・テック）","プロ（演出多め）"
"UI-08904","顧客管理（CRM）のキオスク・サイネージUI（ニューブルータリズム）","プロ（演出多め）"
"UI-08905","フードデリバリーのAndroidアプリUI（信頼・誠実（コーポレート））","上級"
"UI-08906","旅行・地図のスマートウォッチUI（クール・テック）","上級"
"UI-08907","予約（サロン/ホテル/病院）の管理画面・ダッシュボードUI（ポップ・カラフル）","プロ（演出多め）"
"UI-08908","マッチングのiOSアプリUI（信頼・誠実（コーポレート））","上級"
"UI-08909","家計簿・資産管理のスマートウォッチUI（3D・クレイ）","上級"
"UI-08910","SNS・コミュニティのAndroidアプリUI（北欧・ライフスタイル）","プロ（演出多め）"
"UI-08911","ヘルスケア・フィットネス記録のiOSアプリUI（エネルギッシュ・スポーティ）","プロ（演出多め）"
"UI-08912","音楽・ポッドキャストのiOSアプリUI（ネオン・サイバー）","プロ（演出多め）"
"UI-08913","マッチングのAndroidアプリUI（グラスモーフィズム）","上級"
"UI-08914","飲食店モバイルオーダーの管理画面・ダッシュボードUI（ラグジュアリー・高級感）","上級"
"UI-08915","予約（サロン/ホテル/病院）のiOSアプリUI（クール・テック）","プロ（演出多め）"
"UI-08916","学習・語学アプリのWebアプリ（SaaS）UI（3D・クレイ）","プロ（演出多め）"
"UI-08917","スマートホーム・IoTの管理画面・ダッシュボードUI（ポップ・カラフル）","プロ（演出多め）"
"UI-08918","飲食店モバイルオーダーのキオスク・サイネージUI（クール・テック）","プロ（演出多め）"
"UI-08919","顧客管理（CRM）の管理画面・ダッシュボードUI（ニューブルータリズム）","プロ（演出多め）"
"UI-08920","スマートホーム・IoTのスマートウォッチUI（3D・クレイ）","プロ（演出多め）"
"UI-08921","音楽・ポッドキャストのキオスク・サイネージUI（3D・クレイ）","プロ（演出多め）"
"UI-08922","学習・語学アプリのWebアプリ（SaaS）UI（ネオン・サイバー）","プロ（演出多め）"
"UI-08923","スマートホーム・IoTのスマートウォッチUI（ニューブルータリズム）","プロ（演出多め）"
"UI-08924","音楽・ポッドキャストの管理画面・ダッシュボードUI（ナチュラル・オーガニック）","プロ（演出多め）"
"UI-08925","タスク・プロジェクト管理のスマートウォッチUI（クール・テック）","プロ（演出多め）"
"UI-08926","音楽・ポッドキャストの管理画面・ダッシュボードUI（ネオン・サイバー）","プロ（演出多め）"
"UI-08927","AIアシスタント・チャットの管理画面・ダッシュボードUI（ニューブルータリズム）","プロ（演出多め）"
"UI-08928","タスク・プロジェクト管理のWebアプリ（SaaS）UI（クール・テック）","上級"
"UI-08929","AIアシスタント・チャットのWebアプリ（SaaS）UI（ネオン・サイバー）","プロ（演出多め）"
"UI-08930","飲食店モバイルオーダーのiOSアプリUI（信頼・誠実（コーポレート））","上級"
"UI-08931","マッチングのキオスク・サイネージUI（3D・クレイ）","プロ（演出多め）"
"UI-08932","フードデリバリーの管理画面・ダッシュボードUI（クール・テック）","プロ（演出多め）"
"UI-08933","SNS・コミュニティのAndroidアプリUI（クール・テック）","プロ（演出多め）"
"UI-08934","マッチングのWebアプリ（SaaS）UI（ネオン・サイバー）","プロ（演出多め）"
"UI-08935","SNS・コミュニティのスマートウォッチUI（エネルギッシュ・スポーティ）","プロ（演出多め）"
"UI-08936","顧客管理（CRM）のタブレット / POSUI（ネオン・サイバー）","プロ（演出多め）"
"UI-08937","フードデリバリーのスマートウォッチUI（和モダン）","プロ（演出多め）"
"UI-08938","SNS・コミュニティのAndroidアプリUI（3D・クレイ）","プロ（演出多め）"
"UI-08939","アクセス解析・BIのWebアプリ（SaaS）UI（北欧・ライフスタイル）","プロ（演出多め）"
"UI-08940","飲食店モバイルオーダーのWebアプリ（SaaS）UI（クール・テック）","上級"
"UI-08941","顧客管理（CRM）のAndroidアプリUI（クール・テック）","プロ（演出多め）"
"UI-08942","ショッピングのAndroidアプリUI（ラグジュアリー・高級感）","プロ（演出多め）"
"UI-08943","SNS・コミュニティのキオスク・サイネージUI（クール・テック）","上級"
"UI-08944","旅行・地図のAndroidアプリUI（パステル・ドリーミー）","上級"
"UI-08945","音楽・ポッドキャストのスマートウォッチUI（ミニマル・洗練）","上級"
"UI-08946","音楽・ポッドキャストのタブレット / POSUI（ニューブルータリズム）","プロ（演出多め）"
"UI-08947","スマートホーム・IoTのスマートウォッチUI（グラスモーフィズム）","上級"
"UI-08948","ヘルスケア・フィットネス記録のWebアプリ（SaaS）UI（グラスモーフィズム）","上級"
"UI-08949","家計簿・資産管理のAndroidアプリUI（ミニマル・洗練）","上級"
"UI-08950","ショッピングのWebアプリ（SaaS）UI（ハンドメイド・手書き）","プロ（演出多め）"
"UI-08951","ヘルスケア・フィットネス記録のiOSアプリUI（ポップ・カラフル）","プロ（演出多め）"
"UI-08952","飲食店モバイルオーダーのキオスク・サイネージUI（ニューブルータリズム）","プロ（演出多め）"
"UI-08953","音楽・ポッドキャストのiOSアプリUI（グラスモーフィズム）","プロ（演出多め）"
"UI-08954","タスク・プロジェクト管理のAndroidアプリUI（グラスモーフィズム）","プロ（演出多め）"
"UI-08955","SNS・コミュニティのスマートウォッチUI（ニューブルータリズム）","プロ（演出多め）"
"UI-08956","ヘルスケア・フィットネス記録のWebアプリ（SaaS）UI（ニューブルータリズム）","上級"
"UI-08957","飲食店モバイルオーダーの管理画面・ダッシュボードUI（パステル・ドリーミー）","上級"
"UI-08958","家計簿・資産管理のiOSアプリUI（ニューブルータリズム）","プロ（演出多め）"
"UI-08959","飲食店モバイルオーダーのタブレット / POSUI（グラスモーフィズム）","プロ（演出多め）"
"UI-08960","音楽・ポッドキャストのiOSアプリUI（3D・クレイ）","プロ（演出多め）"
"UI-08961","タスク・プロジェクト管理のAndroidアプリUI（エネルギッシュ・スポーティ）","上級"
"UI-08962","家計簿・資産管理のスマートウォッチUI（グラスモーフィズム）","上級"
"UI-08963","フードデリバリーのスマートウォッチUI（パステル・ドリーミー）","上級"
"UI-08964","AIアシスタント・チャットのキオスク・サイネージUI（3D・クレイ）","プロ（演出多め）"
"UI-08965","ヘルスケア・フィットネス記録のAndroidアプリUI（信頼・誠実（コーポレート））","上級"
"UI-08966","旅行・地図のタブレット / POSUI（3D・クレイ）","プロ（演出多め）"
"UI-08967","ショッピングのAndroidアプリUI（クール・テック）","上級"
"UI-08968","スマートホーム・IoTのスマートウォッチUI（クール・テック）","上級"
"UI-08969","ヘルスケア・フィットネス記録のWebアプリ（SaaS）UI（信頼・誠実（コーポレート））","上級"
"UI-08970","タスク・プロジェクト管理のスマートウォッチUI（ニューブルータリズム）","プロ（演出多め）"
"UI-08971","フードデリバリーのAndroidアプリUI（ミニマル・洗練）","プロ（演出多め）"
"UI-08972","家計簿・資産管理のWebアプリ（SaaS）UI（信頼・誠実（コーポレート））","プロ（演出多め）"
"UI-08973","ヘルスケア・フィットネス記録のスマートウォッチUI（クール・テック）","上級"
"UI-08974","ヘルスケア・フィットネス記録のiOSアプリUI（3D・クレイ）","上級"
"UI-08975","SNS・コミュニティの管理画面・ダッシュボードUI（ネオン・サイバー）","プロ（演出多め）"
"UI-08976","タスク・プロジェクト管理のスマートウォッチUI（信頼・誠実（コーポレート））","プロ（演出多め）"
"UI-08977","ショッピングのAndroidアプリUI（エディトリアル・雑誌風）","プロ（演出多め）"
"UI-08978","スマートホーム・IoTのスマートウォッチUI（グラスモーフィズム）","プロ（演出多め）"
"UI-08979","学習・語学アプリのiOSアプリUI（ポップ・カラフル）","プロ（演出多め）"
"UI-08980","タスク・プロジェクト管理のタブレット / POSUI（ネオン・サイバー）","プロ（演出多め）"
"UI-08981","SNS・コミュニティのキオスク・サイネージUI（ハンドメイド・手書き）","プロ（演出多め）"
"UI-08982","音楽・ポッドキャストの管理画面・ダッシュボードUI（ミニマル・洗練）","プロ（演出多め）"
"UI-08983","学習・語学アプリのWebアプリ（SaaS）UI（ミニマル・洗練）","プロ（演出多め）"
"UI-08984","アクセス解析・BIの管理画面・ダッシュボードUI（かわいい・ガーリー）","上級"
"UI-08985","旅行・地図のWebアプリ（SaaS）UI（パステル・ドリーミー）","上級"
"UI-08986","音楽・ポッドキャストのAndroidアプリUI（北欧・ライフスタイル）","上級"
"UI-08987","顧客管理（CRM）のWebアプリ（SaaS）UI（グラスモーフィズム）","上級"
"UI-08988","AIアシスタント・チャットのスマートウォッチUI（ミニマル・洗練）","プロ（演出多め）"
"UI-08989","学習・語学アプリのWebアプリ（SaaS）UI（グラスモーフィズム）","プロ（演出多め）"
"UI-08990","予約（サロン/ホテル/病院）のタブレット / POSUI（グラスモーフィズム）","プロ（演出多め）"
"UI-08991","マッチングのキオスク・サイネージUI（和モダン）","プロ（演出多め）"
"UI-08992","旅行・地図のキオスク・サイネージUI（信頼・誠実（コーポレート））","プロ（演出多め）"
"UI-08993","ショッピングのスマートウォッチUI（グラスモーフィズム）","プロ（演出多め）"
"UI-08994","SNS・コミュニティのキオスク・サイネージUI（ニューブルータリズム）","プロ（演出多め）"
"UI-08995","タスク・プロジェクト管理のWebアプリ（SaaS）UI（ニューブルータリズム）","上級"
"UI-08996","フードデリバリーのキオスク・サイネージUI（ネオン・サイバー）","プロ（演出多め）"
"UI-08997","マッチングのスマートウォッチUI（ネオン・サイバー）","上級"
"UI-08998","音楽・ポッドキャストのAndroidアプリUI（ミニマル・洗練）","上級"
"UI-08999","旅行・地図のAndroidアプリUI（パステル・ドリーミー）","プロ（演出多め）"
"UI-09000","SNS・コミュニティのスマートウォッチUI（グラスモーフィズム）","上級"
"UI-09001","顧客管理（CRM）のAndroidアプリUI（3D・クレイ）","プロ（演出多め）"
"UI-09002","予約（サロン/ホテル/病院）のiOSアプリUI（3D・クレイ）","プロ（演出多め）"
"UI-09003","旅行・地図のWebアプリ（SaaS）UI（3D・クレイ）","上級"
"UI-09004","タスク・プロジェクト管理のWebアプリ（SaaS）UI（3D・クレイ）","プロ（演出多め）"
"UI-09005","タスク・プロジェクト管理のWebアプリ（SaaS）UI（クール・テック）","上級"
"UI-09006","家計簿・資産管理のスマートウォッチUI（ネオン・サイバー）","上級"
"UI-09007","音楽・ポッドキャストのキオスク・サイネージUI（ミニマル・洗練）","上級"
"UI-09008","学習・語学アプリのタブレット / POSUI（ネオン・サイバー）","プロ（演出多め）"
"UI-09009","SNS・コミュニティのタブレット / POSUI（ナチュラル・オーガニック）","プロ（演出多め）"
"UI-09010","ショッピングの管理画面・ダッシュボードUI（ネオン・サイバー）","プロ（演出多め）"
"UI-09011","マッチングのAndroidアプリUI（エディトリアル・雑誌風）","プロ（演出多め）"
"UI-09012","アクセス解析・BIのAndroidアプリUI（ハンドメイド・手書き）","プロ（演出多め）"
"UI-09013","音楽・ポッドキャストのAndroidアプリUI（パステル・ドリーミー）","プロ（演出多め）"
"UI-09014","ショッピングのキオスク・サイネージUI（ダーク・シネマティック）","上級"
"UI-09015","マッチングのAndroidアプリUI（ラグジュアリー・高級感）","上級"
"UI-09016","ヘルスケア・フィットネス記録のiOSアプリUI（信頼・誠実（コーポレート））","上級"
"UI-09017","顧客管理（CRM）のスマートウォッチUI（3D・クレイ）","上級"
"UI-09018","音楽・ポッドキャストの管理画面・ダッシュボードUI（グラスモーフィズム）","プロ（演出多め）"
"UI-09019","AIアシスタント・チャットのキオスク・サイネージUI（3D・クレイ）","プロ（演出多め）"
"UI-09020","アクセス解析・BIのWebアプリ（SaaS）UI（ミニマル・洗練）","上級"
"UI-09021","SNS・コミュニティのiOSアプリUI（ナチュラル・オーガニック）","プロ（演出多め）"
"UI-09022","飲食店モバイルオーダーのタブレット / POSUI（ミニマル・洗練）","プロ（演出多め）"
"UI-09023","家計簿・資産管理のiOSアプリUI（3D・クレイ）","プロ（演出多め）"
"UI-09024","マッチングのiOSアプリUI（信頼・誠実（コーポレート））","プロ（演出多め）"
"UI-09025","予約（サロン/ホテル/病院）のWebアプリ（SaaS）UI（ポップ・カラフル）","上級"
"UI-09026","SNS・コミュニティのiOSアプリUI（ポップ・カラフル）","プロ（演出多め）"
"UI-09027","アクセス解析・BIのAndroidアプリUI（クール・テック）","上級"
"UI-09028","顧客管理（CRM）のWebアプリ（SaaS）UI（北欧・ライフスタイル）","上級"
"UI-09029","飲食店モバイルオーダーのスマートウォッチUI（信頼・誠実（コーポレート））","プロ（演出多め）"
"UI-09030","スマートホーム・IoTのタブレット / POSUI（クール・テック）","上級"
"UI-09031","アクセス解析・BIの管理画面・ダッシュボードUI（和モダン）","プロ（演出多め）"
"UI-09032","アクセス解析・BIのスマートウォッチUI（クール・テック）","上級"
"UI-09033","SNS・コミュニティのタブレット / POSUI（ネオン・サイバー）","プロ（演出多め）"
"UI-09034","学習・語学アプリのキオスク・サイネージUI（グラスモーフィズム）","上級"
"UI-09035","旅行・地図のタブレット / POSUI（パステル・ドリーミー）","プロ（演出多め）"
"UI-09036","AIアシスタント・チャットのキオスク・サイネージUI（信頼・誠実（コーポレート））","プロ（演出多め）"
"UI-09037","学習・語学アプリのWebアプリ（SaaS）UI（エネルギッシュ・スポーティ）","プロ（演出多め）"
"UI-09038","スマートホーム・IoTのAndroidアプリUI（ラグジュアリー・高級感）","プロ（演出多め）"
"UI-09039","音楽・ポッドキャストのiOSアプリUI（ミニマル・洗練）","プロ（演出多め）"
"UI-09040","スマートホーム・IoTのiOSアプリUI（ポップ・カラフル）","上級"
"UI-09041","タスク・プロジェクト管理の管理画面・ダッシュボードUI（信頼・誠実（コーポレート））","上級"
"UI-09042","旅行・地図のWebアプリ（SaaS）UI（ミニマル・洗練）","プロ（演出多め）"
"UI-09043","AIアシスタント・チャットのタブレット / POSUI（信頼・誠実（コーポレート））","上級"
"UI-09044","フードデリバリーの管理画面・ダッシュボードUI（ジオメトリック・グラフィカル）","プロ（演出多め）"
"UI-09045","マッチングのiOSアプリUI（ネオン・サイバー）","プロ（演出多め）"
"UI-09046","スマートホーム・IoTのタブレット / POSUI（北欧・ライフスタイル）","上級"
"UI-09047","飲食店モバイルオーダーの管理画面・ダッシュボードUI（和モダン）","プロ（演出多め）"
"UI-09048","予約（サロン/ホテル/病院）のタブレット / POSUI（ミニマル・洗練）","プロ（演出多め）"
"UI-09049","顧客管理（CRM）のキオスク・サイネージUI（かわいい・ガーリー）","プロ（演出多め）"
"UI-09050","アクセス解析・BIのiOSアプリUI（クール・テック）","上級"
"UI-09051","SNS・コミュニティのキオスク・サイネージUI（パステル・ドリーミー）","上級"
"UI-09052","アクセス解析・BIのスマートウォッチUI（ミニマル・洗練）","プロ（演出多め）"
"UI-09053","タスク・プロジェクト管理のタブレット / POSUI（北欧・ライフスタイル）","プロ（演出多め）"
"UI-09054","ヘルスケア・フィットネス記録のWebアプリ（SaaS）UI（ミニマル・洗練）","上級"
"UI-09055","音楽・ポッドキャストの管理画面・ダッシュボードUI（3D・クレイ）","プロ（演出多め）"
"UI-09056","アクセス解析・BIのiOSアプリUI（エディトリアル・雑誌風）","プロ（演出多め）"
"UI-09057","顧客管理（CRM）のスマートウォッチUI（ネオン・サイバー）","プロ（演出多め）"
"UI-09058","SNS・コミュニティのタブレット / POSUI（エディトリアル・雑誌風）","プロ（演出多め）"
"UI-09059","飲食店モバイルオーダーのスマートウォッチUI（グラスモーフィズム）","プロ（演出多め）"
"UI-09060","SNS・コミュニティのiOSアプリUI（ネオン・サイバー）","プロ（演出多め）"
"UI-09061","スマートホーム・IoTのキオスク・サイネージUI（グラスモーフィズム）","上級"
"UI-09062","予約（サロン/ホテル/病院）のAndroidアプリUI（3D・クレイ）","上級"
"UI-09063","音楽・ポッドキャストのWebアプリ（SaaS）UI（クール・テック）","プロ（演出多め）"
"UI-09064","SNS・コミュニティのAndroidアプリUI（パステル・ドリーミー）","上級"
"UI-09065","旅行・地図のタブレット / POSUI（3D・クレイ）","プロ（演出多め）"
"UI-09066","アクセス解析・BIのWebアプリ（SaaS）UI（3D・クレイ）","プロ（演出多め）"
"UI-09067","学習・語学アプリのキオスク・サイネージUI（グラスモーフィズム）","上級"
"UI-09068","家計簿・資産管理のiOSアプリUI（信頼・誠実（コーポレート））","上級"
"UI-09069","SNS・コミュニティのタブレット / POSUI（ナチュラル・オーガニック）","上級"
"UI-09070","AIアシスタント・チャットのキオスク・サイネージUI（グラスモーフィズム）","プロ（演出多め）"
"UI-09071","音楽・ポッドキャストのタブレット / POSUI（ニューブルータリズム）","プロ（演出多め）"
"UI-09072","アクセス解析・BIのAndroidアプリUI（ネオン・サイバー）","上級"
"UI-09073","スマートホーム・IoTのタブレット / POSUI（ニューブルータリズム）","上級"
"UI-09074","フードデリバリーのキオスク・サイネージUI（ネオン・サイバー）","プロ（演出多め）"
"UI-09075","スマートホーム・IoTのWebアプリ（SaaS）UI（ミニマル・洗練）","プロ（演出多め）"
"UI-09076","顧客管理（CRM）のWebアプリ（SaaS）UI（ポップ・カラフル）","プロ（演出多め）"
"UI-09077","タスク・プロジェクト管理のキオスク・サイネージUI（ミニマル・洗練）","プロ（演出多め）"
"UI-09078","AIアシスタント・チャットのスマートウォッチUI（ニューブルータリズム）","プロ（演出多め）"
"UI-09079","学習・語学アプリのタブレット / POSUI（クール・テック）","上級"
"UI-09080","旅行・地図のAndroidアプリUI（パステル・ドリーミー）","プロ（演出多め）"
"UI-09081","顧客管理（CRM）のタブレット / POSUI（クール・テック）","プロ（演出多め）"
"UI-09082","予約（サロン/ホテル/病院）のタブレット / POSUI（ネオン・サイバー）","プロ（演出多め）"
"UI-09083","AIアシスタント・チャットのiOSアプリUI（信頼・誠実（コーポレート））","上級"
"UI-09084","アクセス解析・BIのWebアプリ（SaaS）UI（ポップ・カラフル）","上級"
"UI-09085","マッチングのスマートウォッチUI（信頼・誠実（コーポレート））","プロ（演出多め）"
"UI-09086","SNS・コミュニティのiOSアプリUI（ニューブルータリズム）","プロ（演出多め）"
"UI-09087","飲食店モバイルオーダーのタブレット / POSUI（クール・テック）","プロ（演出多め）"
"UI-09088","旅行・地図のタブレット / POSUI（3D・クレイ）","プロ（演出多め）"
"UI-09089","マッチングのAndroidアプリUI（ミニマル・洗練）","プロ（演出多め）"
"UI-09090","家計簿・資産管理のタブレット / POSUI（ネオン・サイバー）","プロ（演出多め）"
"UI-09091","学習・語学アプリのタブレット / POSUI（グラスモーフィズム）","プロ（演出多め）"
"UI-09092","アクセス解析・BIのAndroidアプリUI（ネオン・サイバー）","プロ（演出多め）"
"UI-09093","予約（サロン/ホテル/病院）のAndroidアプリUI（3D・クレイ）","プロ（演出多め）"
"UI-09094","フードデリバリーのキオスク・サイネージUI（ネオン・サイバー）","上級"
"UI-09095","マッチングのiOSアプリUI（3D・クレイ）","上級"
"UI-09096","ショッピングのスマートウォッチUI（3D・クレイ）","プロ（演出多め）"
"UI-09097","家計簿・資産管理のキオスク・サイネージUI（パステル・ドリーミー）","プロ（演出多め）"
"UI-09098","アクセス解析・BIのタブレット / POSUI（ポップ・カラフル）","プロ（演出多め）"
"UI-09099","予約（サロン/ホテル/病院）のタブレット / POSUI（ニューブルータリズム）","プロ（演出多め）"
"UI-09100","旅行・地図のWebアプリ（SaaS）UI（グラスモーフィズム）","プロ（演出多め）"
"UI-09101","AIアシスタント・チャットのスマートウォッチUI（ポップ・カラフル）","プロ（演出多め）"
"UI-09102","マッチングのWebアプリ（SaaS）UI（3D・クレイ）","プロ（演出多め）"
"UI-09103","SNS・コミュニティの管理画面・ダッシュボードUI（ナチュラル・オーガニック）","プロ（演出多め）"
"UI-09104","AIアシスタント・チャットのWebアプリ（SaaS）UI（ニューブルータリズム）","プロ（演出多め）"
"UI-09105","旅行・地図のタブレット / POSUI（クール・テック）","プロ（演出多め）"
"UI-09106","AIアシスタント・チャットの管理画面・ダッシュボードUI（3D・クレイ）","上級"
"UI-09107","マッチングのiOSアプリUI（グラスモーフィズム）","プロ（演出多め）"
"UI-09108","学習・語学アプリの管理画面・ダッシュボードUI（和モダン）","プロ（演出多め）"
"UI-09109","音楽・ポッドキャストのスマートウォッチUI（信頼・誠実（コーポレート））","プロ（演出多め）"
"UI-09110","マッチングのタブレット / POSUI（クール・テック）","上級"
"UI-09111","旅行・地図のスマートウォッチUI（ネオン・サイバー）","上級"
"UI-09112","ヘルスケア・フィットネス記録のタブレット / POSUI（ニューブルータリズム）","プロ（演出多め）"
"UI-09113","SNS・コミュニティのWebアプリ（SaaS）UI（ネオン・サイバー）","プロ（演出多め）"
"UI-09114","タスク・プロジェクト管理のWebアプリ（SaaS）UI（グラスモーフィズム）","プロ（演出多め）"
"UI-09115","ショッピングのタブレット / POSUI（3D・クレイ）","プロ（演出多め）"
"UI-09116","家計簿・資産管理のタブレット / POSUI（ネオン・サイバー）","プロ（演出多め）"
"UI-09117","飲食店モバイルオーダーのAndroidアプリUI（北欧・ライフスタイル）","プロ（演出多め）"
"UI-09118","顧客管理（CRM）のキオスク・サイネージUI（ニューブルータリズム）","上級"
"UI-09119","音楽・ポッドキャストのスマートウォッチUI（グラスモーフィズム）","プロ（演出多め）"
"UI-09120","学習・語学アプリのiOSアプリUI（和モダン）","プロ（演出多め）"
"UI-09121","AIアシスタント・チャットのAndroidアプリUI（信頼・誠実（コーポレート））","上級"
"UI-09122","飲食店モバイルオーダーのAndroidアプリUI（パステル・ドリーミー）","プロ（演出多め）"
"UI-09123","スマートホーム・IoTのAndroidアプリUI（3D・クレイ）","上級"
"UI-09124","音楽・ポッドキャストのキオスク・サイネージUI（ポップ・カラフル）","プロ（演出多め）"
"UI-09125","旅行・地図のスマートウォッチUI（ハンドメイド・手書き）","プロ（演出多め）"
"UI-09126","フードデリバリーのキオスク・サイネージUI（ハンドメイド・手書き）","プロ（演出多め）"
"UI-09127","飲食店モバイルオーダーのタブレット / POSUI（和モダン）","上級"
"UI-09128","ヘルスケア・フィットネス記録のAndroidアプリUI（ニューブルータリズム）","プロ（演出多め）"
"UI-09129","予約（サロン/ホテル/病院）のAndroidアプリUI（グラスモーフィズム）","上級"
"UI-09130","フードデリバリーのiOSアプリUI（レトロ・Y2K）","プロ（演出多め）"
"UI-09131","スマートホーム・IoTのWebアプリ（SaaS）UI（クール・テック）","上級"
"UI-09132","スマートホーム・IoTの管理画面・ダッシュボードUI（クール・テック）","プロ（演出多め）"
"UI-09133","学習・語学アプリのタブレット / POSUI（パステル・ドリーミー）","プロ（演出多め）"
"UI-09134","顧客管理（CRM）の管理画面・ダッシュボードUI（エディトリアル・雑誌風）","上級"
"UI-09135","予約（サロン/ホテル/病院）のキオスク・サイネージUI（ミニマル・洗練）","上級"
"UI-09136","家計簿・資産管理のiOSアプリUI（ニューブルータリズム）","プロ（演出多め）"
"UI-09137","フードデリバリーのタブレット / POSUI（ミニマル・洗練）","プロ（演出多め）"
"UI-09138","タスク・プロジェクト管理のWebアプリ（SaaS）UI（ニューブルータリズム）","プロ（演出多め）"
"UI-09139","マッチングのタブレット / POSUI（ネオン・サイバー）","プロ（演出多め）"
"UI-09140","マッチングのWebアプリ（SaaS）UI（ネオン・サイバー）","上級"
"UI-09141","AIアシスタント・チャットの管理画面・ダッシュボードUI（グラスモーフィズム）","上級"
"UI-09142","タスク・プロジェクト管理のAndroidアプリUI（3D・クレイ）","プロ（演出多め）"
"UI-09143","AIアシスタント・チャットのAndroidアプリUI（北欧・ライフスタイル）","プロ（演出多め）"
"UI-09144","ショッピングのスマートウォッチUI（ネオン・サイバー）","上級"
"UI-09145","学習・語学アプリのスマートウォッチUI（信頼・誠実（コーポレート））","プロ（演出多め）"
"UI-09146","マッチングのスマートウォッチUI（3D・クレイ）","上級"
"UI-09147","音楽・ポッドキャストのタブレット / POSUI（信頼・誠実（コーポレート））","上級"
"UI-09148","音楽・ポッドキャストのiOSアプリUI（ナチュラル・オーガニック）","プロ（演出多め）"
"UI-09149","ヘルスケア・フィットネス記録のキオスク・サイネージUI（ナチュラル・オーガニック）","プロ（演出多め）"
"UI-09150","飲食店モバイルオーダーのスマートウォッチUI（ネオン・サイバー）","上級"
"UI-09151","ショッピングのスマートウォッチUI（クール・テック）","上級"
"UI-09152","飲食店モバイルオーダーのiOSアプリUI（パステル・ドリーミー）","プロ（演出多め）"
"UI-09153","顧客管理（CRM）のタブレット / POSUI（信頼・誠実（コーポレート））","プロ（演出多め）"
"UI-09154","家計簿・資産管理のAndroidアプリUI（ネオン・サイバー）","プロ（演出多め）"
"UI-09155","学習・語学アプリのキオスク・サイネージUI（ポップ・カラフル）","プロ（演出多め）"
"UI-09156","飲食店モバイルオーダーのキオスク・サイネージUI（ネオン・サイバー）","プロ（演出多め）"
"UI-09157","音楽・ポッドキャストのタブレット / POSUI（信頼・誠実（コーポレート））","プロ（演出多め）"
"UI-09158","顧客管理（CRM）のスマートウォッチUI（ネオン・サイバー）","プロ（演出多め）"
"UI-09159","マッチングのタブレット / POSUI（かわいい・ガーリー）","上級"
"UI-09160","スマートホーム・IoTの管理画面・ダッシュボードUI（ニューブルータリズム）","プロ（演出多め）"
"UI-09161","タスク・プロジェクト管理のスマートウォッチUI（ラグジュアリー・高級感）","上級"
"UI-09162","ショッピングのWebアプリ（SaaS）UI（ポップ・カラフル）","プロ（演出多め）"
"UI-09163","フードデリバリーのAndroidアプリUI（グラスモーフィズム）","プロ（演出多め）"
"UI-09164","アクセス解析・BIのAndroidアプリUI（パステル・ドリーミー）","上級"
"UI-09165","SNS・コミュニティのタブレット / POSUI（グラスモーフィズム）","プロ（演出多め）"
"UI-09166","家計簿・資産管理のスマートウォッチUI（3D・クレイ）","プロ（演出多め）"
"UI-09167","SNS・コミュニティのWebアプリ（SaaS）UI（ハンドメイド・手書き）","上級"
"UI-09168","スマートホーム・IoTのiOSアプリUI（エネルギッシュ・スポーティ）","プロ（演出多め）"
"UI-09169","タスク・プロジェクト管理のキオスク・サイネージUI（ジオメトリック・グラフィカル）","プロ（演出多め）"
"UI-09170","音楽・ポッドキャストのキオスク・サイネージUI（信頼・誠実（コーポレート））","プロ（演出多め）"
"UI-09171","ショッピングのAndroidアプリUI（ニューブルータリズム）","プロ（演出多め）"
"UI-09172","フードデリバリーのタブレット / POSUI（レトロ・Y2K）","プロ（演出多め）"
"UI-09173","学習・語学アプリのタブレット / POSUI（3D・クレイ）","プロ（演出多め）"
"UI-09174","ヘルスケア・フィットネス記録のスマートウォッチUI（3D・クレイ）","プロ（演出多め）"
"UI-09175","家計簿・資産管理のタブレット / POSUI（ラグジュアリー・高級感）","プロ（演出多め）"
"UI-09176","ショッピングの管理画面・ダッシュボードUI（3D・クレイ）","プロ（演出多め）"
"UI-09177","AIアシスタント・チャットのAndroidアプリUI（信頼・誠実（コーポレート））","プロ（演出多め）"
"UI-09178","音楽・ポッドキャストの管理画面・ダッシュボードUI（ポップ・カラフル）","プロ（演出多め）"
"UI-09179","フードデリバリーのAndroidアプリUI（信頼・誠実（コーポレート））","プロ（演出多め）"
"UI-09180","ショッピングのAndroidアプリUI（グラスモーフィズム）","上級"
"UI-09181","飲食店モバイルオーダーのiOSアプリUI（ニューブルータリズム）","プロ（演出多め）"
"UI-09182","旅行・地図のスマートウォッチUI（パステル・ドリーミー）","上級"
"UI-09183","AIアシスタント・チャットのWebアプリ（SaaS）UI（パステル・ドリーミー）","プロ（演出多め）"
"UI-09184","アクセス解析・BIのiOSアプリUI（ポップ・カラフル）","プロ（演出多め）"
"UI-09185","音楽・ポッドキャストの管理画面・ダッシュボードUI（パステル・ドリーミー）","上級"
"UI-09186","ショッピングのスマートウォッチUI（クール・テック）","プロ（演出多め）"
"UI-09187","家計簿・資産管理のWebアプリ（SaaS）UI（ニューブルータリズム）","プロ（演出多め）"
"UI-09188","SNS・コミュニティのAndroidアプリUI（北欧・ライフスタイル）","プロ（演出多め）"
"UI-09189","飲食店モバイルオーダーの管理画面・ダッシュボードUI（ミニマル・洗練）","上級"
"UI-09190","顧客管理（CRM）のキオスク・サイネージUI（ポップ・カラフル）","プロ（演出多め）"
"UI-09191","学習・語学アプリのタブレット / POSUI（ネオン・サイバー）","プロ（演出多め）"
"UI-09192","スマートホーム・IoTのiOSアプリUI（クール・テック）","プロ（演出多め）"
"UI-09193","アクセス解析・BIのタブレット / POSUI（北欧・ライフスタイル）","プロ（演出多め）"
"UI-09194","アクセス解析・BIの管理画面・ダッシュボードUI（ネオン・サイバー）","プロ（演出多め）"
"UI-09195","顧客管理（CRM）のAndroidアプリUI（クール・テック）","プロ（演出多め）"
"UI-09196","スマートホーム・IoTのiOSアプリUI（グラスモーフィズム）","プロ（演出多め）"
"UI-09197","顧客管理（CRM）のタブレット / POSUI（レトロ・Y2K）","上級"
"UI-09198","マッチングのスマートウォッチUI（パステル・ドリーミー）","プロ（演出多め）"
"UI-09199","旅行・地図のAndroidアプリUI（レトロ・Y2K）","プロ（演出多め）"
"UI-09200","スマートホーム・IoTの管理画面・ダッシュボードUI（北欧・ライフスタイル）","プロ（演出多め）"
"UI-09201","ヘルスケア・フィットネス記録のiOSアプリUI（3D・クレイ）","プロ（演出多め）"
"UI-09202","学習・語学アプリのiOSアプリUI（ミニマル・洗練）","プロ（演出多め）"
"UI-09203","マッチングのスマートウォッチUI（ニューブルータリズム）","プロ（演出多め）"
"UI-09204","音楽・ポッドキャストのスマートウォッチUI（グラスモーフィズム）","プロ（演出多め）"
"UI-09205","飲食店モバイルオーダーのWebアプリ（SaaS）UI（ポップ・カラフル）","上級"
"UI-09206","AIアシスタント・チャットのキオスク・サイネージUI（かわいい・ガーリー）","上級"
"UI-09207","タスク・プロジェクト管理のiOSアプリUI（ポップ・カラフル）","プロ（演出多め）"
"UI-09208","家計簿・資産管理のWebアプリ（SaaS）UI（3D・クレイ）","上級"
"UI-09209","スマートホーム・IoTのタブレット / POSUI（ネオン・サイバー）","プロ（演出多め）"
"UI-09210","ショッピングのiOSアプリUI（信頼・誠実（コーポレート））","上級"
"UI-09211","マッチングのWebアプリ（SaaS）UI（ネオン・サイバー）","プロ（演出多め）"
"UI-09212","音楽・ポッドキャストのWebアプリ（SaaS）UI（パステル・ドリーミー）","プロ（演出多め）"
"UI-09213","家計簿・資産管理のiOSアプリUI（ネオン・サイバー）","プロ（演出多め）"
"UI-09214","学習・語学アプリのAndroidアプリUI（グラスモーフィズム）","プロ（演出多め）"
"UI-09215","マッチングのiOSアプリUI（クール・テック）","プロ（演出多め）"
"UI-09216","飲食店モバイルオーダーのAndroidアプリUI（ミニマル・洗練）","プロ（演出多め）"
"UI-09217","AIアシスタント・チャットのタブレット / POSUI（ハンドメイド・手書き）","上級"
"UI-09218","フードデリバリーのiOSアプリUI（信頼・誠実（コーポレート））","プロ（演出多め）"
"UI-09219","学習・語学アプリのiOSアプリUI（クール・テック）","プロ（演出多め）"
"UI-09220","予約（サロン/ホテル/病院）のキオスク・サイネージUI（信頼・誠実（コーポレート））","プロ（演出多め）"
"UI-09221","AIアシスタント・チャットのiOSアプリUI（エネルギッシュ・スポーティ）","プロ（演出多め）"
"UI-09222","飲食店モバイルオーダーのスマートウォッチUI（信頼・誠実（コーポレート））","プロ（演出多め）"
"UI-09223","旅行・地図のAndroidアプリUI（ニューブルータリズム）","上級"
"UI-09224","SNS・コミュニティの管理画面・ダッシュボードUI（3D・クレイ）","プロ（演出多め）"
"UI-09225","SNS・コミュニティの管理画面・ダッシュボードUI（信頼・誠実（コーポレート））","プロ（演出多め）"
"UI-09226","音楽・ポッドキャストの管理画面・ダッシュボードUI（クール・テック）","プロ（演出多め）"
"UI-09227","家計簿・資産管理の管理画面・ダッシュボードUI（クール・テック）","プロ（演出多め）"
"UI-09228","アクセス解析・BIのキオスク・サイネージUI（信頼・誠実（コーポレート））","上級"
"UI-09229","タスク・プロジェクト管理のiOSアプリUI（ネオン・サイバー）","プロ（演出多め）"
"UI-09230","アクセス解析・BIのiOSアプリUI（グラスモーフィズム）","プロ（演出多め）"
"UI-09231","マッチングのキオスク・サイネージUI（ネオン・サイバー）","上級"
"UI-09232","家計簿・資産管理の管理画面・ダッシュボードUI（3D・クレイ）","プロ（演出多め）"
"UI-09233","家計簿・資産管理のタブレット / POSUI（エディトリアル・雑誌風）","プロ（演出多め）"
"UI-09234","スマートホーム・IoTのタブレット / POSUI（クール・テック）","プロ（演出多め）"
"UI-09235","学習・語学アプリのiOSアプリUI（3D・クレイ）","プロ（演出多め）"
"UI-09236","予約（サロン/ホテル/病院）のキオスク・サイネージUI（ハンドメイド・手書き）","上級"
"UI-09237","旅行・地図のタブレット / POSUI（ニューブルータリズム）","プロ（演出多め）"
"UI-09238","フードデリバリーのスマートウォッチUI（グラスモーフィズム）","プロ（演出多め）"
"UI-09239","フードデリバリーの管理画面・ダッシュボードUI（和モダン）","プロ（演出多め）"
"UI-09240","SNS・コミュニティのAndroidアプリUI（ネオン・サイバー）","上級"
"UI-09241","学習・語学アプリのスマートウォッチUI（グラスモーフィズム）","プロ（演出多め）"
"UI-09242","フードデリバリーのタブレット / POSUI（クール・テック）","上級"
"UI-09243","スマートホーム・IoTのAndroidアプリUI（3D・クレイ）","プロ（演出多め）"
"UI-09244","ショッピングのスマートウォッチUI（レトロ・Y2K）","プロ（演出多め）"
"UI-09245","ヘルスケア・フィットネス記録のキオスク・サイネージUI（パステル・ドリーミー）","プロ（演出多め）"
"UI-09246","飲食店モバイルオーダーのタブレット / POSUI（パステル・ドリーミー）","プロ（演出多め）"
"UI-09247","旅行・地図のAndroidアプリUI（信頼・誠実（コーポレート））","プロ（演出多め）"
"UI-09248","スマートホーム・IoTのiOSアプリUI（ミニマル・洗練）","上級"
"UI-09249","顧客管理（CRM）の管理画面・ダッシュボードUI（ナチュラル・オーガニック）","プロ（演出多め）"
"UI-09250","飲食店モバイルオーダーのiOSアプリUI（グラスモーフィズム）","プロ（演出多め）"
"UI-09251","学習・語学アプリのスマートウォッチUI（ポップ・カラフル）","プロ（演出多め）"
"UI-09252","音楽・ポッドキャストのタブレット / POSUI（パステル・ドリーミー）","上級"
"UI-09253","学習・語学アプリのタブレット / POSUI（パステル・ドリーミー）","上級"
"UI-09254","飲食店モバイルオーダーの管理画面・ダッシュボードUI（北欧・ライフスタイル）","プロ（演出多め）"
"UI-09255","マッチングのスマートウォッチUI（ポップ・カラフル）","プロ（演出多め）"
"UI-09256","顧客管理（CRM）のスマートウォッチUI（ネオン・サイバー）","プロ（演出多め）"
"UI-09257","予約（サロン/ホテル/病院）のAndroidアプリUI（ナチュラル・オーガニック）","上級"
"UI-09258","飲食店モバイルオーダーのキオスク・サイネージUI（3D・クレイ）","プロ（演出多め）"
"UI-09259","SNS・コミュニティのiOSアプリUI（パステル・ドリーミー）","上級"
"UI-09260","旅行・地図のiOSアプリUI（3D・クレイ）","上級"
"UI-09261","家計簿・資産管理のiOSアプリUI（グラスモーフィズム）","プロ（演出多め）"
"UI-09262","飲食店モバイルオーダーの管理画面・ダッシュボードUI（ミニマル・洗練）","プロ（演出多め）"
"UI-09263","スマートホーム・IoTのスマートウォッチUI（ニューブルータリズム）","プロ（演出多め）"
"UI-09264","飲食店モバイルオーダーの管理画面・ダッシュボードUI（パステル・ドリーミー）","上級"
"UI-09265","旅行・地図のAndroidアプリUI（3D・クレイ）","プロ（演出多め）"
"UI-09266","顧客管理（CRM）のiOSアプリUI（ナチュラル・オーガニック）","上級"
"UI-09267","学習・語学アプリのキオスク・サイネージUI（パステル・ドリーミー）","プロ（演出多め）"
"UI-09268","アクセス解析・BIのタブレット / POSUI（グラスモーフィズム）","上級"
"UI-09269","家計簿・資産管理のタブレット / POSUI（グラスモーフィズム）","プロ（演出多め）"
"UI-09270","マッチングのiOSアプリUI（グラスモーフィズム）","上級"
"UI-09271","飲食店モバイルオーダーのAndroidアプリUI（かわいい・ガーリー）","上級"
"UI-09272","ヘルスケア・フィットネス記録のタブレット / POSUI（パステル・ドリーミー）","プロ（演出多め）"
"UI-09273","ショッピングのWebアプリ（SaaS）UI（信頼・誠実（コーポレート））","プロ（演出多め）"
"UI-09274","ヘルスケア・フィットネス記録のスマートウォッチUI（ネオン・サイバー）","プロ（演出多め）"
"UI-09275","フードデリバリーのキオスク・サイネージUI（パステル・ドリーミー）","プロ（演出多め）"
"UI-09276","フードデリバリーのタブレット / POSUI（レトロ・Y2K）","プロ（演出多め）"
"UI-09277","AIアシスタント・チャットのiOSアプリUI（グラスモーフィズム）","上級"
"UI-09278","音楽・ポッドキャストのキオスク・サイネージUI（ミニマル・洗練）","上級"
"UI-09279","顧客管理（CRM）のスマートウォッチUI（ポップ・カラフル）","プロ（演出多め）"
"UI-09280","マッチングの管理画面・ダッシュボードUI（ポップ・カラフル）","プロ（演出多め）"
"UI-09281","旅行・地図の管理画面・ダッシュボードUI（ニューブルータリズム）","上級"
"UI-09282","家計簿・資産管理のスマートウォッチUI（ニューブルータリズム）","上級"
"UI-09283","予約（サロン/ホテル/病院）のスマートウォッチUI（グラスモーフィズム）","プロ（演出多め）"
"UI-09284","マッチングの管理画面・ダッシュボードUI（パステル・ドリーミー）","上級"
"UI-09285","予約（サロン/ホテル/病院）のAndroidアプリUI（ポップ・カラフル）","プロ（演出多め）"
"UI-09286","アクセス解析・BIのキオスク・サイネージUI（ミニマル・洗練）","上級"
"UI-09287","マッチングのiOSアプリUI（クール・テック）","上級"
"UI-09288","AIアシスタント・チャットのAndroidアプリUI（ポップ・カラフル）","プロ（演出多め）"
"UI-09289","マッチングの管理画面・ダッシュボードUI（ニューブルータリズム）","プロ（演出多め）"
"UI-09290","旅行・地図のスマートウォッチUI（ネオン・サイバー）","上級"
"UI-09291","スマートホーム・IoTのWebアプリ（SaaS）UI（パステル・ドリーミー）","上級"
"UI-09292","家計簿・資産管理のキオスク・サイネージUI（ミニマル・洗練）","プロ（演出多め）"
"UI-09293","アクセス解析・BIのタブレット / POSUI（ネオン・サイバー）","プロ（演出多め）"
"UI-09294","家計簿・資産管理のキオスク・サイネージUI（エネルギッシュ・スポーティ）","上級"
"UI-09295","顧客管理（CRM）のAndroidアプリUI（3D・クレイ）","プロ（演出多め）"
"UI-09296","フードデリバリーのiOSアプリUI（かわいい・ガーリー）","プロ（演出多め）"
"UI-09297","家計簿・資産管理の管理画面・ダッシュボードUI（ミニマル・洗練）","上級"
"UI-09298","家計簿・資産管理のスマートウォッチUI（グラスモーフィズム）","プロ（演出多め）"
"UI-09299","タスク・プロジェクト管理のiOSアプリUI（ハンドメイド・手書き）","プロ（演出多め）"
"UI-09300","飲食店モバイルオーダーの管理画面・ダッシュボードUI（3D・クレイ）","プロ（演出多め）"
"UI-09301","ショッピングのタブレット / POSUI（ナチュラル・オーガニック）","プロ（演出多め）"
"UI-09302","顧客管理（CRM）のスマートウォッチUI（3D・クレイ）","プロ（演出多め）"
"UI-09303","飲食店モバイルオーダーのiOSアプリUI（信頼・誠実（コーポレート））","プロ（演出多め）"
"UI-09304","フードデリバリーのキオスク・サイネージUI（エネルギッシュ・スポーティ）","上級"
"UI-09305","マッチングのキオスク・サイネージUI（3D・クレイ）","上級"
"UI-09306","音楽・ポッドキャストのスマートウォッチUI（ネオン・サイバー）","プロ（演出多め）"
"UI-09307","フードデリバリーの管理画面・ダッシュボードUI（ニューブルータリズム）","プロ（演出多め）"
"UI-09308","飲食店モバイルオーダーのタブレット / POSUI（ミニマル・洗練）","プロ（演出多め）"
"UI-09309","AIアシスタント・チャットのスマートウォッチUI（レトロ・Y2K）","プロ（演出多め）"
"UI-09310","AIアシスタント・チャットのWebアプリ（SaaS）UI（3D・クレイ）","上級"
"UI-09311","家計簿・資産管理のタブレット / POSUI（クール・テック）","プロ（演出多め）"
"UI-09312","AIアシスタント・チャットのスマートウォッチUI（信頼・誠実（コーポレート））","プロ（演出多め）"
"UI-09313","飲食店モバイルオーダーのAndroidアプリUI（ニューブルータリズム）","プロ（演出多め）"
"UI-09314","フードデリバリーのタブレット / POSUI（信頼・誠実（コーポレート））","上級"
"UI-09315","アクセス解析・BIのWebアプリ（SaaS）UI（パステル・ドリーミー）","プロ（演出多め）"
"UI-09316","フードデリバリーのiOSアプリUI（ミニマル・洗練）","プロ（演出多め）"
"UI-09317","旅行・地図のスマートウォッチUI（エディトリアル・雑誌風）","上級"
"UI-09318","スマートホーム・IoTのスマートウォッチUI（レトロ・Y2K）","上級"
"UI-09319","AIアシスタント・チャットのスマートウォッチUI（パステル・ドリーミー）","上級"
"UI-09320","旅行・地図のキオスク・サイネージUI（クール・テック）","上級"
"UI-09321","SNS・コミュニティのタブレット / POSUI（ダーク・シネマティック）","プロ（演出多め）"
"UI-09322","顧客管理（CRM）のAndroidアプリUI（かわいい・ガーリー）","プロ（演出多め）"
"UI-09323","飲食店モバイルオーダーのiOSアプリUI（かわいい・ガーリー）","プロ（演出多め）"
"UI-09324","AIアシスタント・チャットのスマートウォッチUI（ネオン・サイバー）","プロ（演出多め）"
"UI-09325","スマートホーム・IoTのWebアプリ（SaaS）UI（ミニマル・洗練）","プロ（演出多め）"
"UI-09326","SNS・コミュニティのWebアプリ（SaaS）UI（ニューブルータリズム）","プロ（演出多め）"
"UI-09327","ヘルスケア・フィットネス記録のタブレット / POSUI（エネルギッシュ・スポーティ）","プロ（演出多め）"
"UI-09328","ショッピングのWebアプリ（SaaS）UI（ネオン・サイバー）","プロ（演出多め）"
"UI-09329","音楽・ポッドキャストのWebアプリ（SaaS）UI（ミニマル・洗練）","プロ（演出多め）"
"UI-09330","AIアシスタント・チャットのキオスク・サイネージUI（信頼・誠実（コーポレート））","上級"
"UI-09331","顧客管理（CRM）のWebアプリ（SaaS）UI（ミニマル・洗練）","プロ（演出多め）"
"UI-09332","スマートホーム・IoTのWebアプリ（SaaS）UI（ネオン・サイバー）","プロ（演出多め）"
"UI-09333","学習・語学アプリのAndroidアプリUI（ニューブルータリズム）","プロ（演出多め）"
"UI-09334","予約（サロン/ホテル/病院）のAndroidアプリUI（レトロ・Y2K）","プロ（演出多め）"
"UI-09335","マッチングのスマートウォッチUI（エネルギッシュ・スポーティ）","プロ（演出多め）"
"UI-09336","フードデリバリーのキオスク・サイネージUI（パステル・ドリーミー）","プロ（演出多め）"
"UI-09337","スマートホーム・IoTのキオスク・サイネージUI（3D・クレイ）","プロ（演出多め）"
"UI-09338","フードデリバリーのWebアプリ（SaaS）UI（ミニマル・洗練）","上級"
"UI-09339","マッチングのWebアプリ（SaaS）UI（ポップ・カラフル）","上級"
"UI-09340","音楽・ポッドキャストのiOSアプリUI（パステル・ドリーミー）","プロ（演出多め）"
"UI-09341","フードデリバリーのタブレット / POSUI（信頼・誠実（コーポレート））","プロ（演出多め）"
"UI-09342","音楽・ポッドキャストの管理画面・ダッシュボードUI（ラグジュアリー・高級感）","プロ（演出多め）"
"UI-09343","家計簿・資産管理のスマートウォッチUI（クール・テック）","プロ（演出多め）"
"UI-09344","タスク・プロジェクト管理のキオスク・サイネージUI（パステル・ドリーミー）","上級"
"UI-09345","フードデリバリーのタブレット / POSUI（ネオン・サイバー）","プロ（演出多め）"
"UI-09346","ヘルスケア・フィットネス記録のWebアプリ（SaaS）UI（3D・クレイ）","上級"
"UI-09347","ヘルスケア・フィットネス記録のスマートウォッチUI（エディトリアル・雑誌風）","上級"
"UI-09348","音楽・ポッドキャストのAndroidアプリUI（ポップ・カラフル）","プロ（演出多め）"
"UI-09349","ヘルスケア・フィットネス記録のiOSアプリUI（クール・テック）","上級"
"UI-09350","旅行・地図のWebアプリ（SaaS）UI（ネオン・サイバー）","プロ（演出多め）"
"UI-09351","学習・語学アプリのiOSアプリUI（3D・クレイ）","プロ（演出多め）"
"UI-09352","タスク・プロジェクト管理のiOSアプリUI（3D・クレイ）","プロ（演出多め）"
"UI-09353","タスク・プロジェクト管理の管理画面・ダッシュボードUI（パステル・ドリーミー）","上級"
"UI-09354","ショッピングの管理画面・ダッシュボードUI（パステル・ドリーミー）","プロ（演出多め）"
"UI-09355","飲食店モバイルオーダーのAndroidアプリUI（ポップ・カラフル）","上級"
"UI-09356","学習・語学アプリのキオスク・サイネージUI（ラグジュアリー・高級感）","プロ（演出多め）"
"UI-09357","旅行・地図のWebアプリ（SaaS）UI（ミニマル・洗練）","上級"
"UI-09358","顧客管理（CRM）のスマートウォッチUI（3D・クレイ）","上級"
"UI-09359","ショッピングのAndroidアプリUI（パステル・ドリーミー）","プロ（演出多め）"
"UI-09360","ヘルスケア・フィットネス記録のiOSアプリUI（3D・クレイ）","上級"
"UI-09361","アクセス解析・BIの管理画面・ダッシュボードUI（ジオメトリック・グラフィカル）","上級"
"UI-09362","AIアシスタント・チャットのiOSアプリUI（グラスモーフィズム）","プロ（演出多め）"
"UI-09363","家計簿・資産管理の管理画面・ダッシュボードUI（北欧・ライフスタイル）","プロ（演出多め）"
"UI-09364","マッチングのタブレット / POSUI（ジオメトリック・グラフィカル）","プロ（演出多め）"
"UI-09365","フードデリバリーのタブレット / POSUI（クール・テック）","プロ（演出多め）"
"UI-09366","顧客管理（CRM）のWebアプリ（SaaS）UI（ポップ・カラフル）","プロ（演出多め）"
"UI-09367","タスク・プロジェクト管理のキオスク・サイネージUI（グラスモーフィズム）","プロ（演出多め）"
"UI-09368","AIアシスタント・チャットのAndroidアプリUI（信頼・誠実（コーポレート））","プロ（演出多め）"
"UI-09369","AIアシスタント・チャットのタブレット / POSUI（ネオン・サイバー）","上級"
"UI-09370","フードデリバリーのタブレット / POSUI（ミニマル・洗練）","上級"
"UI-09371","学習・語学アプリのAndroidアプリUI（ポップ・カラフル）","プロ（演出多め）"
"UI-09372","AIアシスタント・チャットのWebアプリ（SaaS）UI（ポップ・カラフル）","上級"
"UI-09373","ヘルスケア・フィットネス記録のキオスク・サイネージUI（ジオメトリック・グラフィカル）","上級"
"UI-09374","家計簿・資産管理のスマートウォッチUI（ネオン・サイバー）","上級"
"UI-09375","音楽・ポッドキャストのキオスク・サイネージUI（ダーク・シネマティック）","プロ（演出多め）"
"UI-09376","アクセス解析・BIのAndroidアプリUI（ハンドメイド・手書き）","プロ（演出多め）"
"UI-09377","AIアシスタント・チャットのスマートウォッチUI（ジオメトリック・グラフィカル）","上級"
"UI-09378","SNS・コミュニティのタブレット / POSUI（3D・クレイ）","上級"
"UI-09379","ヘルスケア・フィットネス記録のAndroidアプリUI（ラグジュアリー・高級感）","プロ（演出多め）"
"UI-09380","音楽・ポッドキャストのAndroidアプリUI（ニューブルータリズム）","上級"
"UI-09381","ヘルスケア・フィットネス記録のキオスク・サイネージUI（ポップ・カラフル）","プロ（演出多め）"
"UI-09382","家計簿・資産管理のスマートウォッチUI（ジオメトリック・グラフィカル）","プロ（演出多め）"
"UI-09383","SNS・コミュニティの管理画面・ダッシュボードUI（パステル・ドリーミー）","プロ（演出多め）"
"UI-09384","音楽・ポッドキャストのWebアプリ（SaaS）UI（ミニマル・洗練）","プロ（演出多め）"
"UI-09385","家計簿・資産管理の管理画面・ダッシュボードUI（ポップ・カラフル）","上級"
"UI-09386","家計簿・資産管理のタブレット / POSUI（ミニマル・洗練）","上級"
"UI-09387","マッチングのタブレット / POSUI（グラスモーフィズム）","上級"
"UI-09388","予約（サロン/ホテル/病院）のWebアプリ（SaaS）UI（かわいい・ガーリー）","プロ（演出多め）"
"UI-09389","ヘルスケア・フィットネス記録のiOSアプリUI（グラスモーフィズム）","上級"
"UI-09390","ヘルスケア・フィットネス記録のスマートウォッチUI（ネオン・サイバー）","上級"
"UI-09391","フードデリバリーのキオスク・サイネージUI（パステル・ドリーミー）","上級"
"UI-09392","SNS・コミュニティのAndroidアプリUI（3D・クレイ）","プロ（演出多め）"
"UI-09393","顧客管理（CRM）のキオスク・サイネージUI（ニューブルータリズム）","プロ（演出多め）"
"UI-09394","タスク・プロジェクト管理のタブレット / POSUI（ポップ・カラフル）","プロ（演出多め）"
"UI-09395","AIアシスタント・チャットのWebアプリ（SaaS）UI（信頼・誠実（コーポレート））","プロ（演出多め）"
"UI-09396","家計簿・資産管理のキオスク・サイネージUI（ジオメトリック・グラフィカル）","上級"
"UI-09397","タスク・プロジェクト管理のタブレット / POSUI（グラスモーフィズム）","プロ（演出多め）"
"UI-09398","家計簿・資産管理のタブレット / POSUI（ミニマル・洗練）","上級"
"UI-09399","ショッピングのスマートウォッチUI（グラスモーフィズム）","プロ（演出多め）"
"UI-09400","飲食店モバイルオーダーのWebアプリ（SaaS）UI（パステル・ドリーミー）","プロ（演出多め）"
"UI-09401","予約（サロン/ホテル/病院）のWebアプリ（SaaS）UI（グラスモーフィズム）","上級"
"UI-09402","タスク・プロジェクト管理のタブレット / POSUI（3D・クレイ）","プロ（演出多め）"
"UI-09403","AIアシスタント・チャットのAndroidアプリUI（ポップ・カラフル）","プロ（演出多め）"
"UI-09404","ショッピングのスマートウォッチUI（ポップ・カラフル）","プロ（演出多め）"
"UI-09405","SNS・コミュニティのタブレット / POSUI（グラスモーフィズム）","上級"
"UI-09406","学習・語学アプリのAndroidアプリUI（ニューブルータリズム）","プロ（演出多め）"
"UI-09407","ヘルスケア・フィットネス記録のキオスク・サイネージUI（ナチュラル・オーガニック）","上級"
"UI-09408","家計簿・資産管理のタブレット / POSUI（エディトリアル・雑誌風）","プロ（演出多め）"
"UI-09409","旅行・地図の管理画面・ダッシュボードUI（ネオン・サイバー）","上級"
"UI-09410","AIアシスタント・チャットのWebアプリ（SaaS）UI（ジオメトリック・グラフィカル）","上級"
"UI-09411","SNS・コミュニティのキオスク・サイネージUI（ミニマル・洗練）","プロ（演出多め）"
"UI-09412","家計簿・資産管理の管理画面・ダッシュボードUI（ネオン・サイバー）","上級"
"UI-09413","タスク・プロジェクト管理のAndroidアプリUI（ミニマル・洗練）","プロ（演出多め）"
"UI-09414","アクセス解析・BIのWebアプリ（SaaS）UI（かわいい・ガーリー）","上級"
"UI-09415","飲食店モバイルオーダーのWebアプリ（SaaS）UI（かわいい・ガーリー）","プロ（演出多め）"
"UI-09416","旅行・地図のスマートウォッチUI（ネオン・サイバー）","プロ（演出多め）"
"UI-09417","ショッピングのWebアプリ（SaaS）UI（ミニマル・洗練）","プロ（演出多め）"
"UI-09418","飲食店モバイルオーダーのiOSアプリUI（ニューブルータリズム）","プロ（演出多め）"
"UI-09419","家計簿・資産管理のスマートウォッチUI（ハンドメイド・手書き）","プロ（演出多め）"
"UI-09420","飲食店モバイルオーダーのスマートウォッチUI（グラスモーフィズム）","プロ（演出多め）"
"UI-09421","AIアシスタント・チャットのiOSアプリUI（信頼・誠実（コーポレート））","上級"
"UI-09422","ヘルスケア・フィットネス記録のWebアプリ（SaaS）UI（3D・クレイ）","上級"
"UI-09423","飲食店モバイルオーダーのスマートウォッチUI（ネオン・サイバー）","上級"
"UI-09424","予約（サロン/ホテル/病院）のキオスク・サイネージUI（信頼・誠実（コーポレート））","上級"
"UI-09425","ショッピングのiOSアプリUI（かわいい・ガーリー）","上級"
"UI-09426","飲食店モバイルオーダーのタブレット / POSUI（グラスモーフィズム）","上級"
"UI-09427","学習・語学アプリのキオスク・サイネージUI（3D・クレイ）","上級"
"UI-09428","タスク・プロジェクト管理のスマートウォッチUI（信頼・誠実（コーポレート））","プロ（演出多め）"
"UI-09429","ヘルスケア・フィットネス記録の管理画面・ダッシュボードUI（クール・テック）","プロ（演出多め）"
"UI-09430","アクセス解析・BIのiOSアプリUI（ポップ・カラフル）","上級"
"UI-09431","音楽・ポッドキャストのWebアプリ（SaaS）UI（ハンドメイド・手書き）","上級"
"UI-09432","タスク・プロジェクト管理のタブレット / POSUI（ポップ・カラフル）","プロ（演出多め）"
"UI-09433","タスク・プロジェクト管理のWebアプリ（SaaS）UI（ポップ・カラフル）","プロ（演出多め）"
"UI-09434","マッチングのAndroidアプリUI（3D・クレイ）","プロ（演出多め）"
"UI-09435","予約（サロン/ホテル/病院）のタブレット / POSUI（3D・クレイ）","プロ（演出多め）"
"UI-09436","フードデリバリーのiOSアプリUI（信頼・誠実（コーポレート））","上級"
"UI-09437","家計簿・資産管理のスマートウォッチUI（信頼・誠実（コーポレート））","上級"
"UI-09438","学習・語学アプリのWebアプリ（SaaS）UI（ミニマル・洗練）","プロ（演出多め）"
"UI-09439","顧客管理（CRM）のキオスク・サイネージUI（ハンドメイド・手書き）","プロ（演出多め）"
"UI-09440","ショッピングのキオスク・サイネージUI（ニューブルータリズム）","プロ（演出多め）"
"UI-09441","音楽・ポッドキャストのキオスク・サイネージUI（クール・テック）","上級"
"UI-09442","AIアシスタント・チャットのAndroidアプリUI（かわいい・ガーリー）","プロ（演出多め）"
"UI-09443","飲食店モバイルオーダーのWebアプリ（SaaS）UI（ネオン・サイバー）","プロ（演出多め）"
"UI-09444","アクセス解析・BIのWebアプリ（SaaS）UI（ポップ・カラフル）","プロ（演出多め）"
"UI-09445","タスク・プロジェクト管理のキオスク・サイネージUI（ハンドメイド・手書き）","プロ（演出多め）"
"UI-09446","家計簿・資産管理のAndroidアプリUI（かわいい・ガーリー）","上級"
"UI-09447","家計簿・資産管理の管理画面・ダッシュボードUI（信頼・誠実（コーポレート））","プロ（演出多め）"
"UI-09448","スマートホーム・IoTのタブレット / POSUI（グラスモーフィズム）","上級"
"UI-09449","スマートホーム・IoTのスマートウォッチUI（ミニマル・洗練）","プロ（演出多め）"
"UI-09450","飲食店モバイルオーダーのスマートウォッチUI（和モダン）","上級"
"UI-09451","マッチングのiOSアプリUI（ニューブルータリズム）","上級"
"UI-09452","家計簿・資産管理のタブレット / POSUI（かわいい・ガーリー）","プロ（演出多め）"
"UI-09453","ヘルスケア・フィットネス記録の管理画面・ダッシュボードUI（グラスモーフィズム）","プロ（演出多め）"
"UI-09454","音楽・ポッドキャストの管理画面・ダッシュボードUI（ネオン・サイバー）","プロ（演出多め）"
"UI-09455","飲食店モバイルオーダーのスマートウォッチUI（ポップ・カラフル）","プロ（演出多め）"
"UI-09456","予約（サロン/ホテル/病院）のキオスク・サイネージUI（クール・テック）","上級"
"UI-09457","SNS・コミュニティのiOSアプリUI（ポップ・カラフル）","プロ（演出多め）"
"UI-09458","フードデリバリーのWebアプリ（SaaS）UI（和モダン）","上級"
"UI-09459","マッチングのスマートウォッチUI（グラスモーフィズム）","プロ（演出多め）"
"UI-09460","音楽・ポッドキャストのAndroidアプリUI（信頼・誠実（コーポレート））","上級"
"UI-09461","予約（サロン/ホテル/病院）のスマートウォッチUI（かわいい・ガーリー）","上級"
"UI-09462","スマートホーム・IoTのAndroidアプリUI（エディトリアル・雑誌風）","上級"
"UI-09463","タスク・プロジェクト管理のタブレット / POSUI（クール・テック）","プロ（演出多め）"
"UI-09464","学習・語学アプリのキオスク・サイネージUI（パステル・ドリーミー）","プロ（演出多め）"
"UI-09465","タスク・プロジェクト管理のAndroidアプリUI（グラスモーフィズム）","上級"
"UI-09466","フードデリバリーのAndroidアプリUI（ニューブルータリズム）","プロ（演出多め）"
"UI-09467","学習・語学アプリのWebアプリ（SaaS）UI（信頼・誠実（コーポレート））","プロ（演出多め）"
"UI-09468","学習・語学アプリのiOSアプリUI（パステル・ドリーミー）","プロ（演出多め）"
"UI-09469","音楽・ポッドキャストのキオスク・サイネージUI（ネオン・サイバー）","上級"
"UI-09470","音楽・ポッドキャストのキオスク・サイネージUI（3D・クレイ）","プロ（演出多め）"
"UI-09471","フードデリバリーのWebアプリ（SaaS）UI（グラスモーフィズム）","プロ（演出多め）"
"UI-09472","SNS・コミュニティのタブレット / POSUI（信頼・誠実（コーポレート））","プロ（演出多め）"
"UI-09473","アクセス解析・BIのスマートウォッチUI（ミニマル・洗練）","プロ（演出多め）"
"UI-09474","旅行・地図のタブレット / POSUI（信頼・誠実（コーポレート））","プロ（演出多め）"
"UI-09475","SNS・コミュニティのキオスク・サイネージUI（ジオメトリック・グラフィカル）","上級"
"UI-09476","スマートホーム・IoTのAndroidアプリUI（ポップ・カラフル）","プロ（演出多め）"
"UI-09477","アクセス解析・BIの管理画面・ダッシュボードUI（グラスモーフィズム）","上級"
"UI-09478","学習・語学アプリのiOSアプリUI（ミニマル・洗練）","プロ（演出多め）"
"UI-09479","飲食店モバイルオーダーのiOSアプリUI（ポップ・カラフル）","上級"
"UI-09480","マッチングのタブレット / POSUI（ジオメトリック・グラフィカル）","プロ（演出多め）"
"UI-09481","飲食店モバイルオーダーのキオスク・サイネージUI（3D・クレイ）","上級"
"UI-09482","マッチングのWebアプリ（SaaS）UI（信頼・誠実（コーポレート））","プロ（演出多め）"
"UI-09483","スマートホーム・IoTのiOSアプリUI（ニューブルータリズム）","プロ（演出多め）"
"UI-09484","ヘルスケア・フィットネス記録のキオスク・サイネージUI（3D・クレイ）","上級"
"UI-09485","AIアシスタント・チャットの管理画面・ダッシュボードUI（クール・テック）","上級"
"UI-09486","予約（サロン/ホテル/病院）のキオスク・サイネージUI（クール・テック）","上級"
"UI-09487","アクセス解析・BIのスマートウォッチUI（パステル・ドリーミー）","プロ（演出多め）"
"UI-09488","マッチングのタブレット / POSUI（信頼・誠実（コーポレート））","プロ（演出多め）"
"UI-09489","SNS・コミュニティのタブレット / POSUI（パステル・ドリーミー）","プロ（演出多め）"
"UI-09490","マッチングのスマートウォッチUI（ミニマル・洗練）","プロ（演出多め）"
"UI-09491","顧客管理（CRM）のWebアプリ（SaaS）UI（信頼・誠実（コーポレート））","上級"
"UI-09492","音楽・ポッドキャストのAndroidアプリUI（ポップ・カラフル）","プロ（演出多め）"
"UI-09493","学習・語学アプリのタブレット / POSUI（クール・テック）","プロ（演出多め）"
"UI-09494","アクセス解析・BIのスマートウォッチUI（ミニマル・洗練）","上級"
"UI-09495","マッチングのスマートウォッチUI（3D・クレイ）","上級"
"UI-09496","予約（サロン/ホテル/病院）のタブレット / POSUI（北欧・ライフスタイル）","上級"
"UI-09497","アクセス解析・BIのタブレット / POSUI（クール・テック）","プロ（演出多め）"
"UI-09498","マッチングの管理画面・ダッシュボードUI（信頼・誠実（コーポレート））","プロ（演出多め）"
"UI-09499","AIアシスタント・チャットのキオスク・サイネージUI（3D・クレイ）","プロ（演出多め）"
"UI-09500","フードデリバリーのWebアプリ（SaaS）UI（3D・クレイ）","プロ（演出多め）"
"UI-09501","フードデリバリーの管理画面・ダッシュボードUI（エディトリアル・雑誌風）","プロ（演出多め）"
"UI-09502","フードデリバリーのキオスク・サイネージUI（ネオン・サイバー）","上級"
"UI-09503","学習・語学アプリのスマートウォッチUI（ニューブルータリズム）","プロ（演出多め）"
"UI-09504","顧客管理（CRM）のiOSアプリUI（ダーク・シネマティック）","プロ（演出多め）"
"UI-09505","学習・語学アプリのキオスク・サイネージUI（エネルギッシュ・スポーティ）","上級"
"UI-09506","学習・語学アプリのキオスク・サイネージUI（ネオン・サイバー）","上級"
"UI-09507","スマートホーム・IoTのキオスク・サイネージUI（ニューブルータリズム）","プロ（演出多め）"
"UI-09508","予約（サロン/ホテル/病院）の管理画面・ダッシュボードUI（パステル・ドリーミー）","プロ（演出多め）"
"UI-09509","マッチングの管理画面・ダッシュボードUI（和モダン）","上級"
"UI-09510","フードデリバリーのキオスク・サイネージUI（グラスモーフィズム）","プロ（演出多め）"
"UI-09511","ショッピングのタブレット / POSUI（ポップ・カラフル）","上級"
"UI-09512","旅行・地図のスマートウォッチUI（北欧・ライフスタイル）","上級"
"UI-09513","SNS・コミュニティのiOSアプリUI（ポップ・カラフル）","プロ（演出多め）"
"UI-09514","タスク・プロジェクト管理のキオスク・サイネージUI（グラスモーフィズム）","プロ（演出多め）"
"UI-09515","旅行・地図のキオスク・サイネージUI（クール・テック）","プロ（演出多め）"
"UI-09516","予約（サロン/ホテル/病院）のスマートウォッチUI（ミニマル・洗練）","上級"
"UI-09517","予約（サロン/ホテル/病院）のAndroidアプリUI（クール・テック）","プロ（演出多め）"
"UI-09518","アクセス解析・BIのWebアプリ（SaaS）UI（北欧・ライフスタイル）","プロ（演出多め）"
"UI-09519","学習・語学アプリのタブレット / POSUI（ポップ・カラフル）","上級"
"UI-09520","学習・語学アプリのAndroidアプリUI（ニューブルータリズム）","上級"
"UI-09521","学習・語学アプリの管理画面・ダッシュボードUI（ネオン・サイバー）","プロ（演出多め）"
"UI-09522","フードデリバリーのWebアプリ（SaaS）UI（北欧・ライフスタイル）","プロ（演出多め）"
"UI-09523","ヘルスケア・フィットネス記録のスマートウォッチUI（ネオン・サイバー）","プロ（演出多め）"
"UI-09524","ヘルスケア・フィットネス記録のスマートウォッチUI（信頼・誠実（コーポレート））","上級"
"UI-09525","AIアシスタント・チャットのキオスク・サイネージUI（かわいい・ガーリー）","プロ（演出多め）"
"UI-09526","タスク・プロジェクト管理のスマートウォッチUI（信頼・誠実（コーポレート））","プロ（演出多め）"
"UI-09527","学習・語学アプリのAndroidアプリUI（クール・テック）","上級"
"UI-09528","学習・語学アプリの管理画面・ダッシュボードUI（パステル・ドリーミー）","上級"
"UI-09529","音楽・ポッドキャストの管理画面・ダッシュボードUI（3D・クレイ）","プロ（演出多め）"
"UI-09530","タスク・プロジェクト管理のタブレット / POSUI（3D・クレイ）","上級"
"UI-09531","ヘルスケア・フィットネス記録のキオスク・サイネージUI（クール・テック）","プロ（演出多め）"
"UI-09532","スマートホーム・IoTのスマートウォッチUI（ミニマル・洗練）","上級"
"UI-09533","家計簿・資産管理のスマートウォッチUI（グラスモーフィズム）","上級"
"UI-09534","顧客管理（CRM）のタブレット / POSUI（クール・テック）","上級"
"UI-09535","旅行・地図のタブレット / POSUI（ポップ・カラフル）","プロ（演出多め）"
"UI-09536","フードデリバリーのタブレット / POSUI（ネオン・サイバー）","プロ（演出多め）"
"UI-09537","スマートホーム・IoTのキオスク・サイネージUI（クール・テック）","上級"
"UI-09538","顧客管理（CRM）のWebアプリ（SaaS）UI（3D・クレイ）","プロ（演出多め）"
"UI-09539","音楽・ポッドキャストのスマートウォッチUI（ポップ・カラフル）","プロ（演出多め）"
"UI-09540","学習・語学アプリの管理画面・ダッシュボードUI（ネオン・サイバー）","プロ（演出多め）"
"UI-09541","ヘルスケア・フィットネス記録のAndroidアプリUI（ダーク・シネマティック）","プロ（演出多め）"
"UI-09542","ショッピングのスマートウォッチUI（パステル・ドリーミー）","プロ（演出多め）"
"UI-09543","旅行・地図のスマートウォッチUI（ダーク・シネマティック）","プロ（演出多め）"
"UI-09544","ショッピングのiOSアプリUI（ニューブルータリズム）","プロ（演出多め）"
"UI-09545","予約（サロン/ホテル/病院）のiOSアプリUI（ネオン・サイバー）","プロ（演出多め）"
"UI-09546","旅行・地図のiOSアプリUI（パステル・ドリーミー）","プロ（演出多め）"
"UI-09547","旅行・地図のタブレット / POSUI（3D・クレイ）","プロ（演出多め）"
"UI-09548","ヘルスケア・フィットネス記録の管理画面・ダッシュボードUI（信頼・誠実（コーポレート））","プロ（演出多め）"
"UI-09549","家計簿・資産管理の管理画面・ダッシュボードUI（パステル・ドリーミー）","プロ（演出多め）"
"UI-09550","ヘルスケア・フィットネス記録のWebアプリ（SaaS）UI（ニューブルータリズム）","プロ（演出多め）"
"UI-09551","マッチングのタブレット / POSUI（グラスモーフィズム）","プロ（演出多め）"
"UI-09552","家計簿・資産管理の管理画面・ダッシュボードUI（ジオメトリック・グラフィカル）","上級"
"UI-09553","顧客管理（CRM）のキオスク・サイネージUI（ニューブルータリズム）","上級"
"UI-09554","飲食店モバイルオーダーのiOSアプリUI（ハンドメイド・手書き）","プロ（演出多め）"
"UI-09555","マッチングのAndroidアプリUI（レトロ・Y2K）","プロ（演出多め）"
"UI-09556","スマートホーム・IoTのWebアプリ（SaaS）UI（ミニマル・洗練）","上級"
"UI-09557","家計簿・資産管理のiOSアプリUI（エネルギッシュ・スポーティ）","上級"
"UI-09558","ショッピングのiOSアプリUI（ミニマル・洗練）","プロ（演出多め）"
"UI-09559","学習・語学アプリのWebアプリ（SaaS）UI（ニューブルータリズム）","プロ（演出多め）"
"UI-09560","音楽・ポッドキャストのスマートウォッチUI（北欧・ライフスタイル）","プロ（演出多め）"
"UI-09561","アクセス解析・BIのiOSアプリUI（クール・テック）","プロ（演出多め）"
"UI-09562","マッチングのWebアプリ（SaaS）UI（信頼・誠実（コーポレート））","プロ（演出多め）"
"UI-09563","マッチングの管理画面・ダッシュボードUI（パステル・ドリーミー）","プロ（演出多め）"
"UI-09564","旅行・地図のキオスク・サイネージUI（パステル・ドリーミー）","プロ（演出多め）"
"UI-09565","フードデリバリーのWebアプリ（SaaS）UI（ネオン・サイバー）","プロ（演出多め）"
"UI-09566","学習・語学アプリのiOSアプリUI（ニューブルータリズム）","プロ（演出多め）"
"UI-09567","ショッピングのAndroidアプリUI（クール・テック）","プロ（演出多め）"
"UI-09568","音楽・ポッドキャストの管理画面・ダッシュボードUI（ハンドメイド・手書き）","プロ（演出多め）"
"UI-09569","ヘルスケア・フィットネス記録のiOSアプリUI（ミニマル・洗練）","プロ（演出多め）"
"UI-09570","学習・語学アプリのiOSアプリUI（3D・クレイ）","上級"
"UI-09571","飲食店モバイルオーダーのWebアプリ（SaaS）UI（ダーク・シネマティック）","プロ（演出多め）"
"UI-09572","タスク・プロジェクト管理のタブレット / POSUI（クール・テック）","プロ（演出多め）"
"UI-09573","飲食店モバイルオーダーのWebアプリ（SaaS）UI（パステル・ドリーミー）","プロ（演出多め）"
"UI-09574","ショッピングのAndroidアプリUI（ネオン・サイバー）","上級"
"UI-09575","ヘルスケア・フィットネス記録の管理画面・ダッシュボードUI（パステル・ドリーミー）","上級"
"UI-09576","音楽・ポッドキャストのAndroidアプリUI（ニューブルータリズム）","上級"
"UI-09577","ヘルスケア・フィットネス記録のiOSアプリUI（信頼・誠実（コーポレート））","上級"
"UI-09578","ショッピングのWebアプリ（SaaS）UI（信頼・誠実（コーポレート））","プロ（演出多め）"
"UI-09579","家計簿・資産管理のAndroidアプリUI（ミニマル・洗練）","プロ（演出多め）"
"UI-09580","顧客管理（CRM）のiOSアプリUI（ネオン・サイバー）","プロ（演出多め）"
"UI-09581","音楽・ポッドキャストのWebアプリ（SaaS）UI（ミニマル・洗練）","上級"
"UI-09582","音楽・ポッドキャストのキオスク・サイネージUI（グラスモーフィズム）","プロ（演出多め）"
"UI-09583","予約（サロン/ホテル/病院）のiOSアプリUI（グラスモーフィズム）","上級"
"UI-09584","ショッピングのAndroidアプリUI（ミニマル・洗練）","プロ（演出多め）"
"UI-09585","ヘルスケア・フィットネス記録のAndroidアプリUI（かわいい・ガーリー）","プロ（演出多め）"
"UI-09586","飲食店モバイルオーダーのスマートウォッチUI（エディトリアル・雑誌風）","プロ（演出多め）"
"UI-09587","顧客管理（CRM）の管理画面・ダッシュボードUI（ジオメトリック・グラフィカル）","プロ（演出多め）"
"UI-09588","フードデリバリーのiOSアプリUI（グラスモーフィズム）","プロ（演出多め）"
"UI-09589","アクセス解析・BIのスマートウォッチUI（ニューブルータリズム）","上級"
"UI-09590","飲食店モバイルオーダーのタブレット / POSUI（信頼・誠実（コーポレート））","プロ（演出多め）"
"UI-09591","飲食店モバイルオーダーの管理画面・ダッシュボードUI（ポップ・カラフル）","プロ（演出多め）"
"UI-09592","ショッピングのWebアプリ（SaaS）UI（3D・クレイ）","プロ（演出多め）"
"UI-09593","学習・語学アプリのスマートウォッチUI（かわいい・ガーリー）","プロ（演出多め）"
"UI-09594","アクセス解析・BIのiOSアプリUI（ポップ・カラフル）","プロ（演出多め）"
"UI-09595","タスク・プロジェクト管理のタブレット / POSUI（パステル・ドリーミー）","プロ（演出多め）"
"UI-09596","ヘルスケア・フィットネス記録のAndroidアプリUI（グラスモーフィズム）","プロ（演出多め）"
"UI-09597","学習・語学アプリのiOSアプリUI（3D・クレイ）","上級"
"UI-09598","顧客管理（CRM）のWebアプリ（SaaS）UI（ポップ・カラフル）","プロ（演出多め）"
"UI-09599","飲食店モバイルオーダーのキオスク・サイネージUI（パステル・ドリーミー）","上級"
"UI-09600","スマートホーム・IoTのタブレット / POSUI（パステル・ドリーミー）","上級"
"UI-09601","タスク・プロジェクト管理のキオスク・サイネージUI（レトロ・Y2K）","プロ（演出多め）"
"UI-09602","フードデリバリーのWebアプリ（SaaS）UI（グラスモーフィズム）","プロ（演出多め）"
"UI-09603","AIアシスタント・チャットのスマートウォッチUI（エディトリアル・雑誌風）","上級"
"UI-09604","マッチングのWebアプリ（SaaS）UI（クール・テック）","上級"
"UI-09605","ショッピングの管理画面・ダッシュボードUI（3D・クレイ）","上級"
"UI-09606","ショッピングのWebアプリ（SaaS）UI（ナチュラル・オーガニック）","プロ（演出多め）"
"UI-09607","予約（サロン/ホテル/病院）のスマートウォッチUI（ネオン・サイバー）","上級"
"UI-09608","顧客管理（CRM）の管理画面・ダッシュボードUI（パステル・ドリーミー）","プロ（演出多め）"
"UI-09609","ショッピングのキオスク・サイネージUI（ポップ・カラフル）","上級"
"UI-09610","顧客管理（CRM）のAndroidアプリUI（ミニマル・洗練）","プロ（演出多め）"
"UI-09611","旅行・地図のiOSアプリUI（ネオン・サイバー）","上級"
"UI-09612","ヘルスケア・フィットネス記録のiOSアプリUI（信頼・誠実（コーポレート））","上級"
"UI-09613","予約（サロン/ホテル/病院）のタブレット / POSUI（ネオン・サイバー）","プロ（演出多め）"
"UI-09614","フードデリバリーの管理画面・ダッシュボードUI（ニューブルータリズム）","上級"
"UI-09615","スマートホーム・IoTのAndroidアプリUI（ポップ・カラフル）","プロ（演出多め）"
"UI-09616","音楽・ポッドキャストのスマートウォッチUI（ポップ・カラフル）","プロ（演出多め）"
"UI-09617","アクセス解析・BIのキオスク・サイネージUI（エディトリアル・雑誌風）","上級"
"UI-09618","ショッピングのiOSアプリUI（ミニマル・洗練）","上級"
"UI-09619","音楽・ポッドキャストの管理画面・ダッシュボードUI（ダーク・シネマティック）","プロ（演出多め）"
"UI-09620","ショッピングの管理画面・ダッシュボードUI（ニューブルータリズム）","上級"
"UI-09621","旅行・地図のタブレット / POSUI（クール・テック）","上級"
"UI-09622","アクセス解析・BIのiOSアプリUI（ラグジュアリー・高級感）","プロ（演出多め）"
"UI-09623","飲食店モバイルオーダーのWebアプリ（SaaS）UI（かわいい・ガーリー）","プロ（演出多め）"
"UI-09624","家計簿・資産管理のキオスク・サイネージUI（3D・クレイ）","上級"
"UI-09625","予約（サロン/ホテル/病院）の管理画面・ダッシュボードUI（グラスモーフィズム）","プロ（演出多め）"
"UI-09626","顧客管理（CRM）のAndroidアプリUI（ポップ・カラフル）","上級"
"UI-09627","家計簿・資産管理のiOSアプリUI（ナチュラル・オーガニック）","上級"
"UI-09628","SNS・コミュニティの管理画面・ダッシュボードUI（パステル・ドリーミー）","プロ（演出多め）"
"UI-09629","音楽・ポッドキャストの管理画面・ダッシュボードUI（レトロ・Y2K）","プロ（演出多め）"
"UI-09630","AIアシスタント・チャットのAndroidアプリUI（ミニマル・洗練）","プロ（演出多め）"
"UI-09631","タスク・プロジェクト管理の管理画面・ダッシュボードUI（ニューブルータリズム）","プロ（演出多め）"
"UI-09632","スマートホーム・IoTのキオスク・サイネージUI（パステル・ドリーミー）","プロ（演出多め）"
"UI-09633","ショッピングのスマートウォッチUI（ニューブルータリズム）","プロ（演出多め）"
"UI-09634","ショッピングのキオスク・サイネージUI（グラスモーフィズム）","プロ（演出多め）"
"UI-09635","フードデリバリーのAndroidアプリUI（ミニマル・洗練）","プロ（演出多め）"
"UI-09636","予約（サロン/ホテル/病院）のiOSアプリUI（ミニマル・洗練）","上級"
"UI-09637","学習・語学アプリのWebアプリ（SaaS）UI（3D・クレイ）","プロ（演出多め）"
"UI-09638","SNS・コミュニティの管理画面・ダッシュボードUI（グラスモーフィズム）","プロ（演出多め）"
"UI-09639","旅行・地図のタブレット / POSUI（ミニマル・洗練）","プロ（演出多め）"
"UI-09640","AIアシスタント・チャットのキオスク・サイネージUI（ポップ・カラフル）","プロ（演出多め）"
"UI-09641","旅行・地図のAndroidアプリUI（ミニマル・洗練）","プロ（演出多め）"
"UI-09642","ショッピングのWebアプリ（SaaS）UI（信頼・誠実（コーポレート））","プロ（演出多め）"
"UI-09643","ヘルスケア・フィットネス記録の管理画面・ダッシュボードUI（ミニマル・洗練）","上級"
"UI-09644","アクセス解析・BIのWebアプリ（SaaS）UI（ポップ・カラフル）","プロ（演出多め）"
"UI-09645","フードデリバリーのキオスク・サイネージUI（ミニマル・洗練）","プロ（演出多め）"
"UI-09646","音楽・ポッドキャストのスマートウォッチUI（ニューブルータリズム）","プロ（演出多め）"
"UI-09647","ヘルスケア・フィットネス記録のAndroidアプリUI（パステル・ドリーミー）","プロ（演出多め）"
"UI-09648","音楽・ポッドキャストの管理画面・ダッシュボードUI（エネルギッシュ・スポーティ）","プロ（演出多め）"
"UI-09649","マッチングのタブレット / POSUI（ポップ・カラフル）","プロ（演出多め）"
"UI-09650","旅行・地図のWebアプリ（SaaS）UI（ニューブルータリズム）","プロ（演出多め）"
"UI-09651","予約（サロン/ホテル/病院）のWebアプリ（SaaS）UI（グラスモーフィズム）","上級"
"UI-09652","予約（サロン/ホテル/病院）の管理画面・ダッシュボードUI（パステル・ドリーミー）","プロ（演出多め）"
"UI-09653","予約（サロン/ホテル/病院）のiOSアプリUI（グラスモーフィズム）","プロ（演出多め）"
"UI-09654","AIアシスタント・チャットの管理画面・ダッシュボードUI（クール・テック）","プロ（演出多め）"
"UI-09655","ヘルスケア・フィットネス記録のタブレット / POSUI（パステル・ドリーミー）","プロ（演出多め）"
"UI-09656","ヘルスケア・フィットネス記録のタブレット / POSUI（パステル・ドリーミー）","上級"
"UI-09657","スマートホーム・IoTのAndroidアプリUI（ポップ・カラフル）","プロ（演出多め）"
"UI-09658","タスク・プロジェクト管理のAndroidアプリUI（ニューブルータリズム）","上級"
"UI-09659","スマートホーム・IoTのタブレット / POSUI（グラスモーフィズム）","プロ（演出多め）"
"UI-09660","予約（サロン/ホテル/病院）のスマートウォッチUI（パステル・ドリーミー）","上級"
"UI-09661","音楽・ポッドキャストのWebアプリ（SaaS）UI（信頼・誠実（コーポレート））","プロ（演出多め）"
"UI-09662","マッチングのキオスク・サイネージUI（ポップ・カラフル）","プロ（演出多め）"
"UI-09663","ショッピングのタブレット / POSUI（エネルギッシュ・スポーティ）","上級"
"UI-09664","飲食店モバイルオーダーの管理画面・ダッシュボードUI（クール・テック）","上級"
"UI-09665","旅行・地図のスマートウォッチUI（グラスモーフィズム）","上級"
"UI-09666","予約（サロン/ホテル/病院）のタブレット / POSUI（ダーク・シネマティック）","プロ（演出多め）"
"UI-09667","学習・語学アプリの管理画面・ダッシュボードUI（ネオン・サイバー）","上級"
"UI-09668","タスク・プロジェクト管理のAndroidアプリUI（3D・クレイ）","上級"
"UI-09669","アクセス解析・BIの管理画面・ダッシュボードUI（ナチュラル・オーガニック）","プロ（演出多め）"
"UI-09670","予約（サロン/ホテル/病院）のiOSアプリUI（3D・クレイ）","プロ（演出多め）"
"UI-09671","AIアシスタント・チャットのiOSアプリUI（ネオン・サイバー）","上級"
"UI-09672","家計簿・資産管理のキオスク・サイネージUI（グラスモーフィズム）","プロ（演出多め）"
"UI-09673","音楽・ポッドキャストのキオスク・サイネージUI（ミニマル・洗練）","上級"
"UI-09674","マッチングのWebアプリ（SaaS）UI（ナチュラル・オーガニック）","プロ（演出多め）"
"UI-09675","フードデリバリーのキオスク・サイネージUI（ミニマル・洗練）","プロ（演出多め）"
"UI-09676","スマートホーム・IoTの管理画面・ダッシュボードUI（ネオン・サイバー）","上級"
"UI-09677","学習・語学アプリの管理画面・ダッシュボードUI（信頼・誠実（コーポレート））","プロ（演出多め）"
"UI-09678","AIアシスタント・チャットのタブレット / POSUI（和モダン）","プロ（演出多め）"
"UI-09679","予約（サロン/ホテル/病院）の管理画面・ダッシュボードUI（ネオン・サイバー）","上級"
"UI-09680","マッチングのAndroidアプリUI（ジオメトリック・グラフィカル）","プロ（演出多め）"
"UI-09681","旅行・地図のスマートウォッチUI（ミニマル・洗練）","上級"
"UI-09682","アクセス解析・BIのスマートウォッチUI（ミニマル・洗練）","上級"
"UI-09683","飲食店モバイルオーダーのキオスク・サイネージUI（ネオン・サイバー）","プロ（演出多め）"
"UI-09684","AIアシスタント・チャットのiOSアプリUI（ネオン・サイバー）","プロ（演出多め）"
"UI-09685","予約（サロン/ホテル/病院）の管理画面・ダッシュボードUI（ネオン・サイバー）","プロ（演出多め）"
"UI-09686","旅行・地図のWebアプリ（SaaS）UI（クール・テック）","プロ（演出多め）"
"UI-09687","アクセス解析・BIの管理画面・ダッシュボードUI（ミニマル・洗練）","上級"
"UI-09688","SNS・コミュニティのスマートウォッチUI（グラスモーフィズム）","プロ（演出多め）"
"UI-09689","音楽・ポッドキャストのAndroidアプリUI（ネオン・サイバー）","プロ（演出多め）"
"UI-09690","音楽・ポッドキャストのタブレット / POSUI（グラスモーフィズム）","プロ（演出多め）"
"UI-09691","顧客管理（CRM）のスマートウォッチUI（信頼・誠実（コーポレート））","上級"
"UI-09692","顧客管理（CRM）の管理画面・ダッシュボードUI（ニューブルータリズム）","プロ（演出多め）"
"UI-09693","予約（サロン/ホテル/病院）のスマートウォッチUI（3D・クレイ）","プロ（演出多め）"
"UI-09694","SNS・コミュニティのWebアプリ（SaaS）UI（ミニマル・洗練）","プロ（演出多め）"
"UI-09695","SNS・コミュニティのWebアプリ（SaaS）UI（ミニマル・洗練）","プロ（演出多め）"
"UI-09696","予約（サロン/ホテル/病院）のキオスク・サイネージUI（ジオメトリック・グラフィカル）","プロ（演出多め）"
"UI-09697","家計簿・資産管理のiOSアプリUI（ハンドメイド・手書き）","プロ（演出多め）"
"UI-09698","学習・語学アプリの管理画面・ダッシュボードUI（ミニマル・洗練）","プロ（演出多め）"
"UI-09699","マッチングのWebアプリ（SaaS）UI（ポップ・カラフル）","プロ（演出多め）"
"UI-09700","スマートホーム・IoTのスマートウォッチUI（パステル・ドリーミー）","上級"
"UI-09701","学習・語学アプリの管理画面・ダッシュボードUI（3D・クレイ）","上級"
"UI-09702","飲食店モバイルオーダーのスマートウォッチUI（グラスモーフィズム）","プロ（演出多め）"
"UI-09703","タスク・プロジェクト管理のタブレット / POSUI（ニューブルータリズム）","上級"
"UI-09704","顧客管理（CRM）のAndroidアプリUI（ミニマル・洗練）","上級"
"UI-09705","旅行・地図のスマートウォッチUI（エディトリアル・雑誌風）","上級"
"UI-09706","旅行・地図の管理画面・ダッシュボードUI（パステル・ドリーミー）","プロ（演出多め）"
"UI-09707","アクセス解析・BIのスマートウォッチUI（クール・テック）","プロ（演出多め）"
"UI-09708","学習・語学アプリのAndroidアプリUI（ラグジュアリー・高級感）","上級"
"UI-09709","旅行・地図のキオスク・サイネージUI（ニューブルータリズム）","上級"
"UI-09710","音楽・ポッドキャストのキオスク・サイネージUI（ミニマル・洗練）","プロ（演出多め）"
"UI-09711","SNS・コミュニティのタブレット / POSUI（3D・クレイ）","上級"
"UI-09712","予約（サロン/ホテル/病院）のタブレット / POSUI（パステル・ドリーミー）","上級"
"UI-09713","音楽・ポッドキャストのキオスク・サイネージUI（ポップ・カラフル）","上級"
"UI-09714","ヘルスケア・フィットネス記録のAndroidアプリUI（クール・テック）","プロ（演出多め）"
"UI-09715","マッチングのスマートウォッチUI（エディトリアル・雑誌風）","プロ（演出多め）"
"UI-09716","学習・語学アプリのAndroidアプリUI（3D・クレイ）","上級"
"UI-09717","SNS・コミュニティのWebアプリ（SaaS）UI（ラグジュアリー・高級感）","プロ（演出多め）"
"UI-09718","AIアシスタント・チャットの管理画面・ダッシュボードUI（信頼・誠実（コーポレート））","プロ（演出多め）"
"UI-09719","タスク・プロジェクト管理のキオスク・サイネージUI（クール・テック）","上級"
"UI-09720","音楽・ポッドキャストの管理画面・ダッシュボードUI（クール・テック）","上級"
"UI-09721","旅行・地図のiOSアプリUI（信頼・誠実（コーポレート））","プロ（演出多め）"
"UI-09722","SNS・コミュニティのiOSアプリUI（ネオン・サイバー）","プロ（演出多め）"
"UI-09723","タスク・プロジェクト管理のスマートウォッチUI（ネオン・サイバー）","プロ（演出多め）"
"UI-09724","予約（サロン/ホテル/病院）のキオスク・サイネージUI（グラスモーフィズム）","プロ（演出多め）"
"UI-09725","家計簿・資産管理のAndroidアプリUI（3D・クレイ）","プロ（演出多め）"
"UI-09726","旅行・地図のAndroidアプリUI（ネオン・サイバー）","上級"
"UI-09727","顧客管理（CRM）のWebアプリ（SaaS）UI（信頼・誠実（コーポレート））","プロ（演出多め）"
"UI-09728","スマートホーム・IoTのiOSアプリUI（ニューブルータリズム）","プロ（演出多め）"
"UI-09729","飲食店モバイルオーダーのキオスク・サイネージUI（ミニマル・洗練）","上級"
"UI-09730","家計簿・資産管理のiOSアプリUI（ニューブルータリズム）","上級"
"UI-09731","タスク・プロジェクト管理のキオスク・サイネージUI（ラグジュアリー・高級感）","プロ（演出多め）"
"UI-09732","学習・語学アプリのスマートウォッチUI（クール・テック）","上級"
"UI-09733","飲食店モバイルオーダーのキオスク・サイネージUI（ネオン・サイバー）","プロ（演出多め）"
"UI-09734","タスク・プロジェクト管理のWebアプリ（SaaS）UI（エディトリアル・雑誌風）","上級"
"UI-09735","家計簿・資産管理のスマートウォッチUI（パステル・ドリーミー）","上級"
"UI-09736","家計簿・資産管理のWebアプリ（SaaS）UI（ナチュラル・オーガニック）","プロ（演出多め）"
"UI-09737","アクセス解析・BIのキオスク・サイネージUI（クール・テック）","プロ（演出多め）"
"UI-09738","顧客管理（CRM）のiOSアプリUI（ミニマル・洗練）","プロ（演出多め）"
"UI-09739","予約（サロン/ホテル/病院）のタブレット / POSUI（信頼・誠実（コーポレート））","プロ（演出多め）"
"UI-09740","ヘルスケア・フィットネス記録のタブレット / POSUI（クール・テック）","プロ（演出多め）"
"UI-09741","家計簿・資産管理のスマートウォッチUI（エネルギッシュ・スポーティ）","プロ（演出多め）"
"UI-09742","スマートホーム・IoTのタブレット / POSUI（ポップ・カラフル）","上級"
"UI-09743","音楽・ポッドキャストのキオスク・サイネージUI（エディトリアル・雑誌風）","プロ（演出多め）"
"UI-09744","家計簿・資産管理のスマートウォッチUI（レトロ・Y2K）","プロ（演出多め）"
"UI-09745","旅行・地図のスマートウォッチUI（ポップ・カラフル）","上級"
"UI-09746","アクセス解析・BIの管理画面・ダッシュボードUI（ニューブルータリズム）","プロ（演出多め）"
"UI-09747","SNS・コミュニティのWebアプリ（SaaS）UI（3D・クレイ）","プロ（演出多め）"
"UI-09748","ショッピングのWebアプリ（SaaS）UI（クール・テック）","プロ（演出多め）"
"UI-09749","ヘルスケア・フィットネス記録のキオスク・サイネージUI（ネオン・サイバー）","プロ（演出多め）"
"UI-09750","顧客管理（CRM）のAndroidアプリUI（ジオメトリック・グラフィカル）","プロ（演出多め）"
"UI-09751","旅行・地図のAndroidアプリUI（信頼・誠実（コーポレート））","上級"
"UI-09752","学習・語学アプリのタブレット / POSUI（ニューブルータリズム）","プロ（演出多め）"
"UI-09753","フードデリバリーのiOSアプリUI（信頼・誠実（コーポレート））","プロ（演出多め）"
"UI-09754","音楽・ポッドキャストのiOSアプリUI（パステル・ドリーミー）","上級"
"UI-09755","飲食店モバイルオーダーのスマートウォッチUI（パステル・ドリーミー）","上級"
"UI-09756","学習・語学アプリのスマートウォッチUI（グラスモーフィズム）","プロ（演出多め）"
"UI-09757","ショッピングのAndroidアプリUI（パステル・ドリーミー）","上級"
"UI-09758","AIアシスタント・チャットのキオスク・サイネージUI（パステル・ドリーミー）","プロ（演出多め）"
"UI-09759","音楽・ポッドキャストのWebアプリ（SaaS）UI（信頼・誠実（コーポレート））","プロ（演出多め）"
"UI-09760","予約（サロン/ホテル/病院）のiOSアプリUI（ミニマル・洗練）","プロ（演出多め）"
"UI-09761","SNS・コミュニティの管理画面・ダッシュボードUI（ニューブルータリズム）","上級"
"UI-09762","フードデリバリーのキオスク・サイネージUI（ネオン・サイバー）","プロ（演出多め）"
"UI-09763","ヘルスケア・フィットネス記録のタブレット / POSUI（ポップ・カラフル）","プロ（演出多め）"
"UI-09764","ショッピングのスマートウォッチUI（ポップ・カラフル）","上級"
"UI-09765","SNS・コミュニティの管理画面・ダッシュボードUI（和モダン）","上級"
"UI-09766","AIアシスタント・チャットのAndroidアプリUI（ネオン・サイバー）","上級"
"UI-09767","学習・語学アプリのWebアプリ（SaaS）UI（レトロ・Y2K）","プロ（演出多め）"
"UI-09768","顧客管理（CRM）のスマートウォッチUI（グラスモーフィズム）","上級"
"UI-09769","スマートホーム・IoTのAndroidアプリUI（クール・テック）","プロ（演出多め）"
"UI-09770","音楽・ポッドキャストのスマートウォッチUI（クール・テック）","上級"
"UI-09771","飲食店モバイルオーダーのスマートウォッチUI（信頼・誠実（コーポレート））","上級"
"UI-09772","AIアシスタント・チャットのAndroidアプリUI（パステル・ドリーミー）","上級"
"UI-09773","飲食店モバイルオーダーのWebアプリ（SaaS）UI（パステル・ドリーミー）","プロ（演出多め）"
"UI-09774","SNS・コミュニティのスマートウォッチUI（クール・テック）","プロ（演出多め）"
"UI-09775","音楽・ポッドキャストのiOSアプリUI（レトロ・Y2K）","上級"
"UI-09776","タスク・プロジェクト管理のキオスク・サイネージUI（ニューブルータリズム）","プロ（演出多め）"
"UI-09777","マッチングのiOSアプリUI（ニューブルータリズム）","プロ（演出多め）"
"UI-09778","スマートホーム・IoTの管理画面・ダッシュボードUI（かわいい・ガーリー）","プロ（演出多め）"
"UI-09779","ヘルスケア・フィットネス記録のキオスク・サイネージUI（ミニマル・洗練）","プロ（演出多め）"
"UI-09780","旅行・地図のiOSアプリUI（ポップ・カラフル）","上級"
"UI-09781","顧客管理（CRM）のiOSアプリUI（グラスモーフィズム）","上級"
"UI-09782","AIアシスタント・チャットのiOSアプリUI（ジオメトリック・グラフィカル）","プロ（演出多め）"
"UI-09783","タスク・プロジェクト管理のiOSアプリUI（ジオメトリック・グラフィカル）","プロ（演出多め）"
"UI-09784","予約（サロン/ホテル/病院）のキオスク・サイネージUI（クール・テック）","上級"
"UI-09785","アクセス解析・BIのキオスク・サイネージUI（信頼・誠実（コーポレート））","上級"
"UI-09786","旅行・地図の管理画面・ダッシュボードUI（パステル・ドリーミー）","プロ（演出多め）"
"UI-09787","フードデリバリーのタブレット / POSUI（信頼・誠実（コーポレート））","プロ（演出多め）"
"UI-09788","AIアシスタント・チャットのタブレット / POSUI（グラスモーフィズム）","上級"
"UI-09789","顧客管理（CRM）のAndroidアプリUI（3D・クレイ）","プロ（演出多め）"
"UI-09790","ヘルスケア・フィットネス記録のタブレット / POSUI（ナチュラル・オーガニック）","プロ（演出多め）"
"UI-09791","音楽・ポッドキャストのAndroidアプリUI（グラスモーフィズム）","プロ（演出多め）"
"UI-09792","スマートホーム・IoTのタブレット / POSUI（信頼・誠実（コーポレート））","プロ（演出多め）"
"UI-09793","顧客管理（CRM）のWebアプリ（SaaS）UI（3D・クレイ）","プロ（演出多め）"
"UI-09794","旅行・地図のスマートウォッチUI（信頼・誠実（コーポレート））","プロ（演出多め）"
"UI-09795","AIアシスタント・チャットのWebアプリ（SaaS）UI（和モダン）","プロ（演出多め）"
"UI-09796","タスク・プロジェクト管理のタブレット / POSUI（グラスモーフィズム）","プロ（演出多め）"
"UI-09797","飲食店モバイルオーダーのAndroidアプリUI（ポップ・カラフル）","プロ（演出多め）"
"UI-09798","旅行・地図の管理画面・ダッシュボードUI（ニューブルータリズム）","上級"
"UI-09799","マッチングのスマートウォッチUI（クール・テック）","プロ（演出多め）"
"UI-09800","フードデリバリーのiOSアプリUI（クール・テック）","プロ（演出多め）"
"UI-09801","タスク・プロジェクト管理の管理画面・ダッシュボードUI（信頼・誠実（コーポレート））","上級"
"UI-09802","マッチングの管理画面・ダッシュボードUI（ネオン・サイバー）","プロ（演出多め）"
"UI-09803","タスク・プロジェクト管理のキオスク・サイネージUI（ミニマル・洗練）","プロ（演出多め）"
"UI-09804","フードデリバリーのWebアプリ（SaaS）UI（ニューブルータリズム）","上級"
"UI-09805","予約（サロン/ホテル/病院）のキオスク・サイネージUI（グラスモーフィズム）","プロ（演出多め）"
"UI-09806","ヘルスケア・フィットネス記録のキオスク・サイネージUI（エディトリアル・雑誌風）","プロ（演出多め）"
"UI-09807","SNS・コミュニティのスマートウォッチUI（グラスモーフィズム）","上級"
"UI-09808","学習・語学アプリのタブレット / POSUI（信頼・誠実（コーポレート））","上級"
"UI-09809","ヘルスケア・フィットネス記録のiOSアプリUI（ネオン・サイバー）","プロ（演出多め）"
"UI-09810","AIアシスタント・チャットのキオスク・サイネージUI（ラグジュアリー・高級感）","プロ（演出多め）"
"UI-09811","ヘルスケア・フィットネス記録のタブレット / POSUI（ニューブルータリズム）","プロ（演出多め）"
"UI-09812","学習・語学アプリのタブレット / POSUI（信頼・誠実（コーポレート））","上級"
"UI-09813","スマートホーム・IoTのスマートウォッチUI（ネオン・サイバー）","プロ（演出多め）"
"UI-09814","フードデリバリーのスマートウォッチUI（ラグジュアリー・高級感）","プロ（演出多め）"
"UI-09815","飲食店モバイルオーダーのタブレット / POSUI（ポップ・カラフル）","プロ（演出多め）"
"UI-09816","ショッピングのタブレット / POSUI（グラスモーフィズム）","プロ（演出多め）"
"UI-09817","飲食店モバイルオーダーのWebアプリ（SaaS）UI（信頼・誠実（コーポレート））","プロ（演出多め）"
"UI-09818","マッチングのAndroidアプリUI（信頼・誠実（コーポレート））","プロ（演出多め）"
"UI-09819","家計簿・資産管理のキオスク・サイネージUI（ポップ・カラフル）","上級"
"UI-09820","顧客管理（CRM）のスマートウォッチUI（ミニマル・洗練）","上級"
"UI-09821","旅行・地図のiOSアプリUI（3D・クレイ）","プロ（演出多め）"
"UI-09822","飲食店モバイルオーダーのWebアプリ（SaaS）UI（ニューブルータリズム）","プロ（演出多め）"
"UI-09823","予約（サロン/ホテル/病院）のWebアプリ（SaaS）UI（クール・テック）","上級"
"UI-09824","SNS・コミュニティのキオスク・サイネージUI（ポップ・カラフル）","プロ（演出多め）"
"UI-09825","音楽・ポッドキャストのタブレット / POSUI（ネオン・サイバー）","プロ（演出多め）"
"UI-09826","フードデリバリーの管理画面・ダッシュボードUI（ハンドメイド・手書き）","上級"
"UI-09827","ヘルスケア・フィットネス記録の管理画面・ダッシュボードUI（3D・クレイ）","プロ（演出多め）"
"UI-09828","飲食店モバイルオーダーのWebアプリ（SaaS）UI（3D・クレイ）","上級"
"UI-09829","飲食店モバイルオーダーのスマートウォッチUI（信頼・誠実（コーポレート））","プロ（演出多め）"
"UI-09830","フードデリバリーのiOSアプリUI（クール・テック）","プロ（演出多め）"
"UI-09831","SNS・コミュニティのiOSアプリUI（ニューブルータリズム）","プロ（演出多め）"
"UI-09832","ヘルスケア・フィットネス記録の管理画面・ダッシュボードUI（北欧・ライフスタイル）","プロ（演出多め）"
"UI-09833","旅行・地図のiOSアプリUI（3D・クレイ）","プロ（演出多め）"
"UI-09834","タスク・プロジェクト管理のWebアプリ（SaaS）UI（ネオン・サイバー）","上級"
"UI-09835","学習・語学アプリのタブレット / POSUI（グラスモーフィズム）","上級"
"UI-09836","予約（サロン/ホテル/病院）のWebアプリ（SaaS）UI（パステル・ドリーミー）","上級"
"UI-09837","旅行・地図のスマートウォッチUI（ミニマル・洗練）","プロ（演出多め）"
"UI-09838","SNS・コミュニティのWebアプリ（SaaS）UI（ナチュラル・オーガニック）","上級"
"UI-09839","旅行・地図の管理画面・ダッシュボードUI（ミニマル・洗練）","上級"
"UI-09840","スマートホーム・IoTのキオスク・サイネージUI（ダーク・シネマティック）","上級"
"UI-09841","ヘルスケア・フィットネス記録のタブレット / POSUI（ニューブルータリズム）","プロ（演出多め）"
"UI-09842","音楽・ポッドキャストの管理画面・ダッシュボードUI（グラスモーフィズム）","プロ（演出多め）"
"UI-09843","学習・語学アプリのWebアプリ（SaaS）UI（ポップ・カラフル）","プロ（演出多め）"
"UI-09844","マッチングのiOSアプリUI（ネオン・サイバー）","プロ（演出多め）"
"UI-09845","タスク・プロジェクト管理の管理画面・ダッシュボードUI（かわいい・ガーリー）","プロ（演出多め）"
"UI-09846","家計簿・資産管理のタブレット / POSUI（信頼・誠実（コーポレート））","プロ（演出多め）"
"UI-09847","SNS・コミュニティのキオスク・サイネージUI（グラスモーフィズム）","上級"
"UI-09848","アクセス解析・BIのスマートウォッチUI（北欧・ライフスタイル）","上級"
"UI-09849","音楽・ポッドキャストのiOSアプリUI（ニューブルータリズム）","プロ（演出多め）"
"UI-09850","旅行・地図のAndroidアプリUI（ニューブルータリズム）","プロ（演出多め）"
"UI-09851","旅行・地図のスマートウォッチUI（ニューブルータリズム）","上級"
"UI-09852","フードデリバリーのAndroidアプリUI（ダーク・シネマティック）","プロ（演出多め）"
"UI-09853","音楽・ポッドキャストのiOSアプリUI（ポップ・カラフル）","上級"
"UI-09854","SNS・コミュニティのタブレット / POSUI（ジオメトリック・グラフィカル）","プロ（演出多め）"
"UI-09855","音楽・ポッドキャストの管理画面・ダッシュボードUI（グラスモーフィズム）","プロ（演出多め）"
"UI-09856","AIアシスタント・チャットのスマートウォッチUI（クール・テック）","プロ（演出多め）"
"UI-09857","マッチングの管理画面・ダッシュボードUI（グラスモーフィズム）","プロ（演出多め）"
"UI-09858","学習・語学アプリのタブレット / POSUI（ポップ・カラフル）","プロ（演出多め）"
"UI-09859","顧客管理（CRM）のキオスク・サイネージUI（3D・クレイ）","プロ（演出多め）"
"UI-09860","AIアシスタント・チャットのキオスク・サイネージUI（3D・クレイ）","プロ（演出多め）"
"UI-09861","ヘルスケア・フィットネス記録のスマートウォッチUI（ポップ・カラフル）","プロ（演出多め）"
"UI-09862","音楽・ポッドキャストのスマートウォッチUI（ポップ・カラフル）","プロ（演出多め）"
"UI-09863","フードデリバリーのWebアプリ（SaaS）UI（北欧・ライフスタイル）","プロ（演出多め）"
"UI-09864","ヘルスケア・フィットネス記録のキオスク・サイネージUI（エディトリアル・雑誌風）","上級"
"UI-09865","ヘルスケア・フィットネス記録のタブレット / POSUI（パステル・ドリーミー）","プロ（演出多め）"
"UI-09866","旅行・地図のAndroidアプリUI（信頼・誠実（コーポレート））","プロ（演出多め）"
"UI-09867","フードデリバリーのタブレット / POSUI（クール・テック）","プロ（演出多め）"
"UI-09868","SNS・コミュニティのタブレット / POSUI（3D・クレイ）","プロ（演出多め）"
"UI-09869","音楽・ポッドキャストのWebアプリ（SaaS）UI（ポップ・カラフル）","プロ（演出多め）"
"UI-09870","音楽・ポッドキャストのiOSアプリUI（ニューブルータリズム）","上級"
"UI-09871","SNS・コミュニティのキオスク・サイネージUI（北欧・ライフスタイル）","プロ（演出多め）"
"UI-09872","フードデリバリーのキオスク・サイネージUI（ニューブルータリズム）","プロ（演出多め）"
"UI-09873","フードデリバリーのタブレット / POSUI（グラスモーフィズム）","プロ（演出多め）"
"UI-09874","ショッピングのAndroidアプリUI（ニューブルータリズム）","プロ（演出多め）"
"UI-09875","家計簿・資産管理のタブレット / POSUI（ニューブルータリズム）","プロ（演出多め）"
"UI-09876","予約（サロン/ホテル/病院）のAndroidアプリUI（ミニマル・洗練）","プロ（演出多め）"
"UI-09877","スマートホーム・IoTのキオスク・サイネージUI（クール・テック）","プロ（演出多め）"
"UI-09878","飲食店モバイルオーダーのスマートウォッチUI（3D・クレイ）","プロ（演出多め）"
"UI-09879","旅行・地図のスマートウォッチUI（3D・クレイ）","プロ（演出多め）"
"UI-09880","予約（サロン/ホテル/病院）の管理画面・ダッシュボードUI（エネルギッシュ・スポーティ）","プロ（演出多め）"
"UI-09881","家計簿・資産管理のタブレット / POSUI（レトロ・Y2K）","上級"
"UI-09882","音楽・ポッドキャストのAndroidアプリUI（信頼・誠実（コーポレート））","上級"
"UI-09883","AIアシスタント・チャットのタブレット / POSUI（信頼・誠実（コーポレート））","上級"
"UI-09884","フードデリバリーの管理画面・ダッシュボードUI（ニューブルータリズム）","上級"
"UI-09885","SNS・コミュニティのスマートウォッチUI（ハンドメイド・手書き）","プロ（演出多め）"
"UI-09886","音楽・ポッドキャストのiOSアプリUI（クール・テック）","上級"
"UI-09887","予約（サロン/ホテル/病院）のWebアプリ（SaaS）UI（ハンドメイド・手書き）","上級"
"UI-09888","ショッピングのWebアプリ（SaaS）UI（ポップ・カラフル）","プロ（演出多め）"
"UI-09889","予約（サロン/ホテル/病院）のAndroidアプリUI（グラスモーフィズム）","プロ（演出多め）"
"UI-09890","SNS・コミュニティのWebアプリ（SaaS）UI（ニューブルータリズム）","プロ（演出多め）"
"UI-09891","スマートホーム・IoTの管理画面・ダッシュボードUI（パステル・ドリーミー）","上級"
"UI-09892","SNS・コミュニティのキオスク・サイネージUI（ラグジュアリー・高級感）","プロ（演出多め）"
"UI-09893","ショッピングのWebアプリ（SaaS）UI（ネオン・サイバー）","上級"
"UI-09894","旅行・地図のWebアプリ（SaaS）UI（かわいい・ガーリー）","上級"
"UI-09895","フードデリバリーのAndroidアプリUI（和モダン）","プロ（演出多め）"
"UI-09896","マッチングのiOSアプリUI（3D・クレイ）","プロ（演出多め）"
"UI-09897","SNS・コミュニティの管理画面・ダッシュボードUI（グラスモーフィズム）","プロ（演出多め）"
"UI-09898","顧客管理（CRM）のキオスク・サイネージUI（レトロ・Y2K）","プロ（演出多め）"
"UI-09899","ヘルスケア・フィットネス記録のAndroidアプリUI（3D・クレイ）","上級"
"UI-09900","音楽・ポッドキャストの管理画面・ダッシュボードUI（ジオメトリック・グラフィカル）","プロ（演出多め）"
"UI-09901","タスク・プロジェクト管理のタブレット / POSUI（クール・テック）","上級"
"UI-09902","学習・語学アプリのキオスク・サイネージUI（ダーク・シネマティック）","プロ（演出多め）"
"UI-09903","AIアシスタント・チャットのiOSアプリUI（ニューブルータリズム）","プロ（演出多め）"
"UI-09904","アクセス解析・BIのAndroidアプリUI（3D・クレイ）","上級"
"UI-09905","顧客管理（CRM）のiOSアプリUI（かわいい・ガーリー）","プロ（演出多め）"
"UI-09906","ヘルスケア・フィットネス記録のキオスク・サイネージUI（グラスモーフィズム）","上級"
"UI-09907","タスク・プロジェクト管理のiOSアプリUI（ニューブルータリズム）","プロ（演出多め）"
"UI-09908","旅行・地図のWebアプリ（SaaS）UI（ミニマル・洗練）","上級"
"UI-09909","飲食店モバイルオーダーのタブレット / POSUI（グラスモーフィズム）","上級"
"UI-09910","ショッピングのスマートウォッチUI（クール・テック）","上級"
"UI-09911","SNS・コミュニティのAndroidアプリUI（信頼・誠実（コーポレート））","上級"
"UI-09912","SNS・コミュニティのWebアプリ（SaaS）UI（ポップ・カラフル）","プロ（演出多め）"
"UI-09913","タスク・プロジェクト管理のAndroidアプリUI（ニューブルータリズム）","プロ（演出多め）"
"UI-09914","タスク・プロジェクト管理のタブレット / POSUI（ポップ・カラフル）","上級"
"UI-09915","家計簿・資産管理のiOSアプリUI（ポップ・カラフル）","上級"
"UI-09916","予約（サロン/ホテル/病院）のスマートウォッチUI（ラグジュアリー・高級感）","プロ（演出多め）"
"UI-09917","ショッピングのAndroidアプリUI（クール・テック）","上級"
"UI-09918","予約（サロン/ホテル/病院）の管理画面・ダッシュボードUI（北欧・ライフスタイル）","上級"
"UI-09919","顧客管理（CRM）のiOSアプリUI（信頼・誠実（コーポレート））","上級"
"UI-09920","AIアシスタント・チャットのキオスク・サイネージUI（3D・クレイ）","プロ（演出多め）"
"UI-09921","ショッピングのAndroidアプリUI（ジオメトリック・グラフィカル）","プロ（演出多め）"
"UI-09922","アクセス解析・BIのiOSアプリUI（クール・テック）","プロ（演出多め）"
"UI-09923","音楽・ポッドキャストのWebアプリ（SaaS）UI（3D・クレイ）","プロ（演出多め）"
"UI-09924","顧客管理（CRM）の管理画面・ダッシュボードUI（信頼・誠実（コーポレート））","上級"
"UI-09925","予約（サロン/ホテル/病院）のiOSアプリUI（3D・クレイ）","上級"
"UI-09926","SNS・コミュニティのスマートウォッチUI（ポップ・カラフル）","プロ（演出多め）"
"UI-09927","旅行・地図のAndroidアプリUI（クール・テック）","上級"
"UI-09928","顧客管理（CRM）のWebアプリ（SaaS）UI（クール・テック）","プロ（演出多め）"
"UI-09929","家計簿・資産管理のタブレット / POSUI（ミニマル・洗練）","プロ（演出多め）"
"UI-09930","家計簿・資産管理のスマートウォッチUI（信頼・誠実（コーポレート））","プロ（演出多め）"
"UI-09931","飲食店モバイルオーダーのiOSアプリUI（ラグジュアリー・高級感）","プロ（演出多め）"
"UI-09932","音楽・ポッドキャストの管理画面・ダッシュボードUI（レトロ・Y2K）","プロ（演出多め）"
"UI-09933","スマートホーム・IoTのスマートウォッチUI（ポップ・カラフル）","プロ（演出多め）"
"UI-09934","SNS・コミュニティのAndroidアプリUI（グラスモーフィズム）","プロ（演出多め）"
"UI-09935","SNS・コミュニティのAndroidアプリUI（パステル・ドリーミー）","上級"
"UI-09936","スマートホーム・IoTのキオスク・サイネージUI（ラグジュアリー・高級感）","プロ（演出多め）"
"UI-09937","アクセス解析・BIのタブレット / POSUI（パステル・ドリーミー）","プロ（演出多め）"
"UI-09938","予約（サロン/ホテル/病院）の管理画面・ダッシュボードUI（信頼・誠実（コーポレート））","プロ（演出多め）"
"UI-09939","飲食店モバイルオーダーのキオスク・サイネージUI（ミニマル・洗練）","プロ（演出多め）"
"UI-09940","AIアシスタント・チャットのiOSアプリUI（パステル・ドリーミー）","プロ（演出多め）"
"UI-09941","学習・語学アプリの管理画面・ダッシュボードUI（ポップ・カラフル）","プロ（演出多め）"
"UI-09942","SNS・コミュニティのAndroidアプリUI（信頼・誠実（コーポレート））","プロ（演出多め）"
"UI-09943","フードデリバリーのタブレット / POSUI（ミニマル・洗練）","プロ（演出多め）"
"UI-09944","ヘルスケア・フィットネス記録のiOSアプリUI（ミニマル・洗練）","上級"
"UI-09945","タスク・プロジェクト管理のWebアプリ（SaaS）UI（ニューブルータリズム）","上級"
"UI-09946","顧客管理（CRM）のタブレット / POSUI（パステル・ドリーミー）","上級"
"UI-09947","スマートホーム・IoTのWebアプリ（SaaS）UI（3D・クレイ）","プロ（演出多め）"
"UI-09948","顧客管理（CRM）のiOSアプリUI（ジオメトリック・グラフィカル）","プロ（演出多め）"
"UI-09949","音楽・ポッドキャストのキオスク・サイネージUI（信頼・誠実（コーポレート））","プロ（演出多め）"
"UI-09950","顧客管理（CRM）のWebアプリ（SaaS）UI（かわいい・ガーリー）","上級"
"UI-09951","予約（サロン/ホテル/病院）のスマートウォッチUI（ポップ・カラフル）","上級"
"UI-09952","飲食店モバイルオーダーのiOSアプリUI（グラスモーフィズム）","プロ（演出多め）"
"UI-09953","ヘルスケア・フィットネス記録のAndroidアプリUI（信頼・誠実（コーポレート））","プロ（演出多め）"
"UI-09954","ヘルスケア・フィットネス記録のAndroidアプリUI（北欧・ライフスタイル）","上級"
"UI-09955","AIアシスタント・チャットの管理画面・ダッシュボードUI（ネオン・サイバー）","プロ（演出多め）"
"UI-09956","学習・語学アプリのiOSアプリUI（クール・テック）","上級"
"UI-09957","マッチングのAndroidアプリUI（エネルギッシュ・スポーティ）","上級"
"UI-09958","予約（サロン/ホテル/病院）のキオスク・サイネージUI（ネオン・サイバー）","プロ（演出多め）"
"UI-09959","家計簿・資産管理の管理画面・ダッシュボードUI（ポップ・カラフル）","上級"
"UI-09960","AIアシスタント・チャットのスマートウォッチUI（クール・テック）","プロ（演出多め）"
"UI-09961","ショッピングのWebアプリ（SaaS）UI（ポップ・カラフル）","プロ（演出多め）"
"UI-09962","音楽・ポッドキャストのAndroidアプリUI（ニューブルータリズム）","プロ（演出多め）"
"UI-09963","家計簿・資産管理のタブレット / POSUI（ポップ・カラフル）","プロ（演出多め）"
"UI-09964","学習・語学アプリのiOSアプリUI（信頼・誠実（コーポレート））","プロ（演出多め）"
"UI-09965","ヘルスケア・フィットネス記録のスマートウォッチUI（ミニマル・洗練）","上級"
"UI-09966","家計簿・資産管理のスマートウォッチUI（和モダン）","プロ（演出多め）"
"UI-09967","学習・語学アプリの管理画面・ダッシュボードUI（ポップ・カラフル）","プロ（演出多め）"
"UI-09968","飲食店モバイルオーダーのタブレット / POSUI（ネオン・サイバー）","プロ（演出多め）"
"UI-09969","マッチングの管理画面・ダッシュボードUI（ネオン・サイバー）","プロ（演出多め）"
"UI-09970","学習・語学アプリの管理画面・ダッシュボードUI（ジオメトリック・グラフィカル）","上級"
"UI-09971","タスク・プロジェクト管理のタブレット / POSUI（グラスモーフィズム）","プロ（演出多め）"
"UI-09972","顧客管理（CRM）のスマートウォッチUI（ニューブルータリズム）","プロ（演出多め）"
"UI-09973","家計簿・資産管理のタブレット / POSUI（3D・クレイ）","上級"
"UI-09974","音楽・ポッドキャストのiOSアプリUI（クール・テック）","プロ（演出多め）"
"UI-09975","ショッピングのキオスク・サイネージUI（グラスモーフィズム）","プロ（演出多め）"
"UI-09976","ヘルスケア・フィットネス記録のキオスク・サイネージUI（かわいい・ガーリー）","プロ（演出多め）"
"UI-09977","アクセス解析・BIのWebアプリ（SaaS）UI（ナチュラル・オーガニック）","プロ（演出多め）"
"UI-09978","音楽・ポッドキャストのキオスク・サイネージUI（ポップ・カラフル）","プロ（演出多め）"
"UI-09979","スマートホーム・IoTの管理画面・ダッシュボードUI（パステル・ドリーミー）","上級"
"UI-09980","AIアシスタント・チャットのスマートウォッチUI（信頼・誠実（コーポレート））","上級"
"UI-09981","旅行・地図のiOSアプリUI（信頼・誠実（コーポレート））","上級"
"UI-09982","フードデリバリーのスマートウォッチUI（信頼・誠実（コーポレート））","プロ（演出多め）"
"UI-09983","家計簿・資産管理の管理画面・ダッシュボードUI（ポップ・カラフル）","プロ（演出多め）"
"UI-09984","家計簿・資産管理のiOSアプリUI（エディトリアル・雑誌風）","上級"
"UI-09985","SNS・コミュニティのAndroidアプリUI（ポップ・カラフル）","上級"
"UI-09986","フードデリバリーの管理画面・ダッシュボードUI（ポップ・カラフル）","プロ（演出多め）"
"UI-09987","学習・語学アプリのタブレット / POSUI（パステル・ドリーミー）","プロ（演出多め）"
"UI-09988","学習・語学アプリのキオスク・サイネージUI（3D・クレイ）","上級"
"UI-09989","ヘルスケア・フィットネス記録のAndroidアプリUI（グラスモーフィズム）","プロ（演出多め）"
"UI-09990","SNS・コミュニティのWebアプリ（SaaS）UI（ニューブルータリズム）","上級"
"UI-09991","タスク・プロジェクト管理のiOSアプリUI（ミニマル・洗練）","上級"
"UI-09992","フードデリバリーの管理画面・ダッシュボードUI（ミニマル・洗練）","上級"
"UI-09993","アクセス解析・BIのスマートウォッチUI（ネオン・サイバー）","上級"
"UI-09994","SNS・コミュニティのスマートウォッチUI（ジオメトリック・グラフィカル）","プロ（演出多め）"
"UI-09995","学習・語学アプリのタブレット / POSUI（信頼・誠実（コーポレート））","プロ（演出多め）"
"UI-09996","SNS・コミュニティのタブレット / POSUI（ニューブルータリズム）","上級"
"UI-09997","ショッピングの管理画面・ダッシュボードUI（信頼・誠実（コーポレート））","プロ（演出多め）"
"UI-09998","旅行・地図のタブレット / POSUI（3D・クレイ）","上級"
"UI-09999","飲食店モバイルオーダーのAndroidアプリUI（ニューブルータリズム）","プロ（演出多め）"
"UI-10000","ヘルスケア・フィットネス記録のWebアプリ（SaaS）UI（レトロ・Y2K）","プロ（演出多め）"
