id,title,level
"WEB-00001","コンサル・コーチングの採用サイト（レトロ・Y2K・3Dオブジェクト/ジェネラティブ背景）","プロ（演出多め）"
"WEB-00002","工務店・注文住宅・リフォームのコーポレートサイト（ナチュラル・オーガニック・スクロール連動のストーリー）","プロ（演出多め）"
"WEB-00003","金融・保険・投資のコーポレートサイト（グラスモーフィズム・全画面ループ動画）","プロ（演出多め）"
"WEB-00004","サウナ・温浴施設のサービスサイト（ナチュラル・オーガニック・画面2分割（写真｜コピー））","プロ（演出多め）"
"WEB-00005","コンサル・コーチングのブランドサイト（ラグジュアリー・高級感・スクロール連動のストーリー）","プロ（演出多め）"
"WEB-00006","プログラミングスクールのスクール・教室サイト（ポップ・カラフル・全画面ループ動画）","プロ（演出多め）"
"WEB-00007","自動車・バイクのブランドサイト（ダーク・シネマティック・縦書きコピー＋余白）","上級"
"WEB-00008","観光・地域プロモーションの自治体・観光協会サイト（レトロ・Y2K・縦書きコピー＋余白）","上級"
"WEB-00009","ペット・トリミング・動物病院のコーポレートサイト（3D・クレイ・3Dオブジェクト/ジェネラティブ背景）","プロ（演出多め）"
"WEB-00010","ゲーム・eスポーツのブランドサイト（北欧・ライフスタイル・縦書きコピー＋余白）","上級"
"WEB-00011","士業（税理士・弁護士・行政書士）のサービスサイト（ハンドメイド・手書き・縦書きコピー＋余白）","上級"
"WEB-00012","Web制作・デザイン事務所のサービスサイト（ジオメトリック・グラフィカル・フェード/ズームのスライドショー）","プロ（演出多め）"
"WEB-00013","YouTuber・インフルエンサーのイベント・フェスサイト（信頼・誠実（コーポレート）・画面2分割（写真｜コピー））","プロ（演出多め）"
"WEB-00014","歯科医院のサービスサイト（信頼・誠実（コーポレート）・ローディング演出→ロゴ→メインビジュアル）","プロ（演出多め）"
"WEB-00015","工務店・注文住宅・リフォームのブランドサイト（パステル・ドリーミー・散らばった写真コラージュ）","プロ（演出多め）"
"WEB-00016","プログラミングスクールのスクール・教室サイト（ネオン・サイバー・散らばった写真コラージュ）","プロ（演出多め）"
"WEB-00017","カフェ・ベーカリーのサービスサイト（レトロ・Y2K・3Dオブジェクト/ジェネラティブ背景）","プロ（演出多め）"
"WEB-00018","ウェディング・結婚相談所のポートフォリオ（個人/事務所）（ダーク・シネマティック・ローディング演出→ロゴ→メインビジュアル）","プロ（演出多め）"
"WEB-00019","AIサービス・スタートアップのサービスサイト（ミニマル・洗練・3Dオブジェクト/ジェネラティブ背景）","プロ（演出多め）"
"WEB-00020","ゲーム・eスポーツのイベント・フェスサイト（レトロ・Y2K・全画面ループ動画）","プロ（演出多め）"
"WEB-00021","英会話・語学のサービスサイト（ジオメトリック・グラフィカル・全画面ループ動画）","上級"
"WEB-00022","スクール・オンライン講座のスクール・教室サイト（3D・クレイ・スクロール連動のストーリー）","プロ（演出多め）"
"WEB-00023","エステ・脱毛サロンのサービスサイト（ミニマル・洗練・スクロール連動のストーリー）","プロ（演出多め）"
"WEB-00024","プログラミングスクールの採用サイト（ポップ・カラフル・全画面ループ動画）","上級"
"WEB-00025","保育園・幼児教育・習い事のサービスサイト（かわいい・ガーリー・3Dオブジェクト/ジェネラティブ背景）","プロ（演出多め）"
"WEB-00026","採用・求人のオウンドメディア・ブログ（エネルギッシュ・スポーティ・ローディング演出→ロゴ→メインビジュアル）","上級"
"WEB-00027","建築設計事務所のコーポレートサイト（ミニマル・洗練・3Dオブジェクト/ジェネラティブ背景）","プロ（演出多め）"
"WEB-00028","英会話・語学の採用サイト（信頼・誠実（コーポレート）・ローディング演出→ロゴ→メインビジュアル）","上級"
"WEB-00029","士業（税理士・弁護士・行政書士）のサービスサイト（和モダン・3Dオブジェクト/ジェネラティブ背景）","プロ（演出多め）"
"WEB-00030","エステ・脱毛サロンのサービスサイト（パステル・ドリーミー・3Dオブジェクト/ジェネラティブ背景）","上級"
"WEB-00031","レストラン・居酒屋のコーポレートサイト（3D・クレイ・3Dオブジェクト/ジェネラティブ背景）","上級"
"WEB-00032","和菓子・スイーツのECサイト（ナチュラル・オーガニック・散らばった写真コラージュ）","上級"
"WEB-00033","占い・スピリチュアルのコーポレートサイト（クール・テック・散らばった写真コラージュ）","プロ（演出多め）"
"WEB-00034","ヨガ・ピラティスのスクール・教室サイト（ナチュラル・オーガニック・ローディング演出→ロゴ→メインビジュアル）","プロ（演出多め）"
"WEB-00035","音楽・ライブ・イベントのイベント・フェスサイト（レトロ・Y2K・ローディング演出→ロゴ→メインビジュアル）","プロ（演出多め）"
"WEB-00036","ヨガ・ピラティスのスクール・教室サイト（和モダン・画面2分割（写真｜コピー））","プロ（演出多め）"
"WEB-00037","食品・産直ECの採用サイト（ポップ・カラフル・画面2分割（写真｜コピー））","上級"
"WEB-00038","英会話・語学のサービスサイト（ミニマル・洗練・3Dオブジェクト/ジェネラティブ背景）","プロ（演出多め）"
"WEB-00039","引越し・生活サービスのオウンドメディア・ブログ（ポップ・カラフル・スクロール連動のストーリー）","プロ（演出多め）"
"WEB-00040","プログラミングスクールのブランドサイト（ミニマル・洗練・ローディング演出→ロゴ→メインビジュアル）","上級"
"WEB-00041","不動産・マンションのコーポレートサイト（信頼・誠実（コーポレート）・巨大コピー＋小さな写真）","上級"
"WEB-00042","英会話・語学のオウンドメディア・ブログ（ポップ・カラフル・3Dオブジェクト/ジェネラティブ背景）","プロ（演出多め）"
"WEB-00043","ペット・トリミング・動物病院のサービスサイト（ニューブルータリズム・縦書きコピー＋余白）","上級"
"WEB-00044","SaaS・BtoBツールのコーポレートサイト（3D・クレイ・画面2分割（写真｜コピー））","プロ（演出多め）"
"WEB-00045","自動車・バイクの採用サイト（ラグジュアリー・高級感・3Dオブジェクト/ジェネラティブ背景）","プロ（演出多め）"
"WEB-00046","ペット・トリミング・動物病院の採用サイト（クール・テック・縦書きコピー＋余白）","プロ（演出多め）"
"WEB-00047","観光・地域プロモーションのコーポレートサイト（和モダン・画面2分割（写真｜コピー））","上級"
"WEB-00048","サウナ・温浴施設のホテル・旅館サイト（ニューブルータリズム・全画面ループ動画）","プロ（演出多め）"
"WEB-00049","音楽・ライブ・イベントのサービスサイト（ダーク・シネマティック・巨大コピー＋小さな写真）","上級"
"WEB-00050","ホテル・旅館のオウンドメディア・ブログ（ミニマル・洗練・散らばった写真コラージュ）","プロ（演出多め）"
"WEB-00051","士業（税理士・弁護士・行政書士）のオウンドメディア・ブログ（グラスモーフィズム・縦書きコピー＋余白）","上級"
"WEB-00052","金融・保険・投資のサービスサイト（ミニマル・洗練・全画面ループ動画）","プロ（演出多め）"
"WEB-00053","自動車・バイクのブランドサイト（ダーク・シネマティック・3Dオブジェクト/ジェネラティブ背景）","プロ（演出多め）"
"WEB-00054","サウナ・温浴施設の店舗サイト（飲食・美容・サロン）（和モダン・巨大コピー＋小さな写真）","上級"
"WEB-00055","採用・求人の採用サイト（ジオメトリック・グラフィカル・ローディング演出→ロゴ→メインビジュアル）","プロ（演出多め）"
"WEB-00056","コンサル・コーチングのオウンドメディア・ブログ（クール・テック・縦書きコピー＋余白）","プロ（演出多め）"
"WEB-00057","レストラン・居酒屋のサービスサイト（和モダン・縦書きコピー＋余白）","プロ（演出多め）"
"WEB-00058","士業（税理士・弁護士・行政書士）の採用サイト（信頼・誠実（コーポレート）・スクロール連動のストーリー）","プロ（演出多め）"
"WEB-00059","アパレル・ファッションECのECサイト（ニューブルータリズム・縦書きコピー＋余白）","プロ（演出多め）"
"WEB-00060","士業（税理士・弁護士・行政書士）のオウンドメディア・ブログ（信頼・誠実（コーポレート）・スクロール連動のストーリー）","プロ（演出多め）"
"WEB-00061","ホテル・旅館の採用サイト（北欧・ライフスタイル・散らばった写真コラージュ）","プロ（演出多め）"
"WEB-00062","ヨガ・ピラティスのオウンドメディア・ブログ（パステル・ドリーミー・巨大コピー＋小さな写真）","上級"
"WEB-00063","サウナ・温浴施設のオウンドメディア・ブログ（ナチュラル・オーガニック・3Dオブジェクト/ジェネラティブ背景）","プロ（演出多め）"
"WEB-00064","パーソナルジム・フィットネスのコーポレートサイト（クール・テック・巨大コピー＋小さな写真）","プロ（演出多め）"
"WEB-00065","自動車・バイクのコーポレートサイト（ダーク・シネマティック・散らばった写真コラージュ）","上級"
"WEB-00066","レストラン・居酒屋のコーポレートサイト（ラグジュアリー・高級感・ローディング演出→ロゴ→メインビジュアル）","プロ（演出多め）"
"WEB-00067","音楽・ライブ・イベントのコーポレートサイト（ダーク・シネマティック・スクロール連動のストーリー）","プロ（演出多め）"
"WEB-00068","コンサル・コーチングの採用サイト（エディトリアル・雑誌風・巨大コピー＋小さな写真）","プロ（演出多め）"
"WEB-00069","ゲーム・eスポーツの採用サイト（ネオン・サイバー・散らばった写真コラージュ）","プロ（演出多め）"
"WEB-00070","歯科医院のコーポレートサイト（3D・クレイ・縦書きコピー＋余白）","上級"
"WEB-00071","エステ・脱毛サロンのコーポレートサイト（ミニマル・洗練・ローディング演出→ロゴ→メインビジュアル）","プロ（演出多め）"
"WEB-00072","パーソナルジム・フィットネスのサービスサイト（エネルギッシュ・スポーティ・フェード/ズームのスライドショー）","プロ（演出多め）"
"WEB-00073","自動車・バイクのサービスサイト（エネルギッシュ・スポーティ・散らばった写真コラージュ）","プロ（演出多め）"
"WEB-00074","YouTuber・インフルエンサーのポートフォリオ（個人/事務所）（かわいい・ガーリー・3Dオブジェクト/ジェネラティブ背景）","プロ（演出多め）"
"WEB-00075","パーソナルジム・フィットネスのスクール・教室サイト（エネルギッシュ・スポーティ・スクロール連動のストーリー）","プロ（演出多め）"
"WEB-00076","占い・スピリチュアルのサービスサイト（ラグジュアリー・高級感・ローディング演出→ロゴ→メインビジュアル）","上級"
"WEB-00077","AIサービス・スタートアップのサービスサイト（グラスモーフィズム・全画面ループ動画）","上級"
"WEB-00078","ウェディング・結婚相談所のサービスサイト（パステル・ドリーミー・画面2分割（写真｜コピー））","プロ（演出多め）"
"WEB-00079","クラウドファンディング・新商品のサービスサイト（ナチュラル・オーガニック・巨大コピー＋小さな写真）","プロ（演出多め）"
"WEB-00080","ホテル・旅館のオウンドメディア・ブログ（和モダン・画面2分割（写真｜コピー））","上級"
"WEB-00081","食品・産直ECのECサイト（ナチュラル・オーガニック・全画面ループ動画）","プロ（演出多め）"
"WEB-00082","NPO・地方自治体のブランドサイト（ナチュラル・オーガニック・縦書きコピー＋余白）","上級"
"WEB-00083","ヨガ・ピラティスの店舗サイト（飲食・美容・サロン）（北欧・ライフスタイル・縦書きコピー＋余白）","プロ（演出多め）"
"WEB-00084","ヨガ・ピラティスの店舗サイト（飲食・美容・サロン）（パステル・ドリーミー・ローディング演出→ロゴ→メインビジュアル）","上級"
"WEB-00085","ヨガ・ピラティスのサービスサイト（ナチュラル・オーガニック・画面2分割（写真｜コピー））","プロ（演出多め）"
"WEB-00086","士業（税理士・弁護士・行政書士）のブランドサイト（和モダン・縦書きコピー＋余白）","プロ（演出多め）"
"WEB-00087","レストラン・居酒屋のブランドサイト（レトロ・Y2K・縦書きコピー＋余白）","プロ（演出多め）"
"WEB-00088","金融・保険・投資のブランドサイト（信頼・誠実（コーポレート）・画面2分割（写真｜コピー））","プロ（演出多め）"
"WEB-00089","レストラン・居酒屋のサービスサイト（ダーク・シネマティック・ローディング演出→ロゴ→メインビジュアル）","上級"
"WEB-00090","レストラン・居酒屋の採用サイト（ラグジュアリー・高級感・3Dオブジェクト/ジェネラティブ背景）","プロ（演出多め）"
"WEB-00091","食品・産直ECのECサイト（ハンドメイド・手書き・ローディング演出→ロゴ→メインビジュアル）","プロ（演出多め）"
"WEB-00092","建築設計事務所のブランドサイト（北欧・ライフスタイル・スクロール連動のストーリー）","プロ（演出多め）"
"WEB-00093","英会話・語学の採用サイト（ジオメトリック・グラフィカル・縦書きコピー＋余白）","プロ（演出多め）"
"WEB-00094","食品・産直ECのECサイト（ナチュラル・オーガニック・縦書きコピー＋余白）","プロ（演出多め）"
"WEB-00095","スクール・オンライン講座のオウンドメディア・ブログ（ポップ・カラフル・縦書きコピー＋余白）","プロ（演出多め）"
"WEB-00096","食品・産直ECのECサイト（ナチュラル・オーガニック・散らばった写真コラージュ）","上級"
"WEB-00097","引越し・生活サービスの採用サイト（レトロ・Y2K・巨大コピー＋小さな写真）","プロ（演出多め）"
"WEB-00098","建築設計事務所の採用サイト（ジオメトリック・グラフィカル・全画面ループ動画）","プロ（演出多め）"
"WEB-00099","ゲーム・eスポーツのコーポレートサイト（ネオン・サイバー・フェード/ズームのスライドショー）","プロ（演出多め）"
"WEB-00100","Web制作・デザイン事務所の採用サイト（エディトリアル・雑誌風・フェード/ズームのスライドショー）","プロ（演出多め）"
"WEB-00101","英会話・語学の採用サイト（ミニマル・洗練・縦書きコピー＋余白）","上級"
"WEB-00102","AIサービス・スタートアップのオウンドメディア・ブログ（グラスモーフィズム・フェード/ズームのスライドショー）","上級"
"WEB-00103","コンサル・コーチングの採用サイト（ラグジュアリー・高級感・縦書きコピー＋余白）","プロ（演出多め）"
"WEB-00104","アパレル・ファッションECのサービスサイト（ニューブルータリズム・全画面ループ動画）","プロ（演出多め）"
"WEB-00105","カフェ・ベーカリーの店舗サイト（飲食・美容・サロン）（エディトリアル・雑誌風・画面2分割（写真｜コピー））","上級"
"WEB-00106","ペット・トリミング・動物病院のサービスサイト（かわいい・ガーリー・画面2分割（写真｜コピー））","プロ（演出多め）"
"WEB-00107","パーソナルジム・フィットネスの採用サイト（クール・テック・フェード/ズームのスライドショー）","プロ（演出多め）"
"WEB-00108","自動車・バイクのブランドサイト（ラグジュアリー・高級感・画面2分割（写真｜コピー））","プロ（演出多め）"
"WEB-00109","美容室・ヘアサロンのポートフォリオ（個人/事務所）（ラグジュアリー・高級感・全画面ループ動画）","プロ（演出多め）"
"WEB-00110","ホテル・旅館の採用サイト（ダーク・シネマティック・フェード/ズームのスライドショー）","上級"
"WEB-00111","コスメ・スキンケアのECサイト（ラグジュアリー・高級感・スクロール連動のストーリー）","プロ（演出多め）"
"WEB-00112","YouTuber・インフルエンサーの採用サイト（かわいい・ガーリー・巨大コピー＋小さな写真）","プロ（演出多め）"
"WEB-00113","美容室・ヘアサロンの店舗サイト（飲食・美容・サロン）（ミニマル・洗練・散らばった写真コラージュ）","上級"
"WEB-00114","観光・地域プロモーションのコーポレートサイト（和モダン・散らばった写真コラージュ）","上級"
"WEB-00115","金融・保険・投資のブランドサイト（ニューブルータリズム・巨大コピー＋小さな写真）","プロ（演出多め）"
"WEB-00116","士業（税理士・弁護士・行政書士）のブランドサイト（和モダン・巨大コピー＋小さな写真）","プロ（演出多め）"
"WEB-00117","占い・スピリチュアルのブランドサイト（パステル・ドリーミー・フェード/ズームのスライドショー）","プロ（演出多め）"
"WEB-00118","美容室・ヘアサロンのブランドサイト（かわいい・ガーリー・3Dオブジェクト/ジェネラティブ背景）","プロ（演出多め）"
"WEB-00119","農業・地方の生産者のサービスサイト（和モダン・ローディング演出→ロゴ→メインビジュアル）","プロ（演出多め）"
"WEB-00120","歯科医院のブランドサイト（グラスモーフィズム・スクロール連動のストーリー）","プロ（演出多め）"
"WEB-00121","カフェ・ベーカリーのブランドサイト（ナチュラル・オーガニック・巨大コピー＋小さな写真）","プロ（演出多め）"
"WEB-00122","プログラミングスクールのスクール・教室サイト（ネオン・サイバー・スクロール連動のストーリー）","プロ（演出多め）"
"WEB-00123","ヨガ・ピラティスのコーポレートサイト（パステル・ドリーミー・3Dオブジェクト/ジェネラティブ背景）","プロ（演出多め）"
"WEB-00124","AIサービス・スタートアップのブランドサイト（グラスモーフィズム・3Dオブジェクト/ジェネラティブ背景）","プロ（演出多め）"
"WEB-00125","引越し・生活サービスのコーポレートサイト（3D・クレイ・ローディング演出→ロゴ→メインビジュアル）","プロ（演出多め）"
"WEB-00126","工務店・注文住宅・リフォームのブランドサイト（ミニマル・洗練・巨大コピー＋小さな写真）","プロ（演出多め）"
"WEB-00127","コンサル・コーチングのポートフォリオ（個人/事務所）（信頼・誠実（コーポレート）・全画面ループ動画）","プロ（演出多め）"
"WEB-00128","美容クリニックのブランドサイト（ミニマル・洗練・ローディング演出→ロゴ→メインビジュアル）","上級"
"WEB-00129","士業（税理士・弁護士・行政書士）のコーポレートサイト（信頼・誠実（コーポレート）・画面2分割（写真｜コピー））","プロ（演出多め）"
"WEB-00130","YouTuber・インフルエンサーのブランドサイト（ネオン・サイバー・フェード/ズームのスライドショー）","プロ（演出多め）"
"WEB-00131","保育園・幼児教育・習い事のコーポレートサイト（ハンドメイド・手書き・画面2分割（写真｜コピー））","プロ（演出多め）"
"WEB-00132","YouTuber・インフルエンサーのサービスサイト（ニューブルータリズム・巨大コピー＋小さな写真）","プロ（演出多め）"
"WEB-00133","エステ・脱毛サロンのサービスサイト（パステル・ドリーミー・散らばった写真コラージュ）","上級"
"WEB-00134","和菓子・スイーツのコーポレートサイト（ナチュラル・オーガニック・巨大コピー＋小さな写真）","上級"
"WEB-00135","金融・保険・投資のオウンドメディア・ブログ（レトロ・Y2K・散らばった写真コラージュ）","プロ（演出多め）"
"WEB-00136","食品・産直ECのサービスサイト（信頼・誠実（コーポレート）・フェード/ズームのスライドショー）","プロ（演出多め）"
"WEB-00137","SaaS・BtoBツールのサービスサイト（グラスモーフィズム・巨大コピー＋小さな写真）","上級"
"WEB-00138","音楽・ライブ・イベントのコーポレートサイト（ダーク・シネマティック・散らばった写真コラージュ）","上級"
"WEB-00139","内科・クリニックのサービスサイト（北欧・ライフスタイル・ローディング演出→ロゴ→メインビジュアル）","上級"
"WEB-00140","ウェディング・結婚相談所のブランドサイト（ミニマル・洗練・全画面ループ動画）","上級"
"WEB-00141","スマホアプリのサービスサイト（グラスモーフィズム・フェード/ズームのスライドショー）","上級"
"WEB-00142","歯科医院のサービスサイト（和モダン・3Dオブジェクト/ジェネラティブ背景）","プロ（演出多め）"
"WEB-00143","コンサル・コーチングのサービスサイト（ラグジュアリー・高級感・画面2分割（写真｜コピー））","上級"
"WEB-00144","ゲーム・eスポーツのサービスサイト（ネオン・サイバー・縦書きコピー＋余白）","プロ（演出多め）"
"WEB-00145","ゲーム・eスポーツのサービスサイト（エネルギッシュ・スポーティ・画面2分割（写真｜コピー））","プロ（演出多め）"
"WEB-00146","英会話・語学のブランドサイト（信頼・誠実（コーポレート）・ローディング演出→ロゴ→メインビジュアル）","上級"
"WEB-00147","歯科医院のクリニック・医院サイト（ミニマル・洗練・全画面ループ動画）","上級"
"WEB-00148","エステ・脱毛サロンの店舗サイト（飲食・美容・サロン）（ラグジュアリー・高級感・画面2分割（写真｜コピー））","プロ（演出多め）"
"WEB-00149","ウェディング・結婚相談所のブランドサイト（パステル・ドリーミー・画面2分割（写真｜コピー））","上級"
"WEB-00150","農業・地方の生産者のサービスサイト（3D・クレイ・巨大コピー＋小さな写真）","プロ（演出多め）"
"WEB-00151","自動車・バイクのコーポレートサイト（ラグジュアリー・高級感・散らばった写真コラージュ）","プロ（演出多め）"
"WEB-00152","和菓子・スイーツの採用サイト（和モダン・ローディング演出→ロゴ→メインビジュアル）","上級"
"WEB-00153","士業（税理士・弁護士・行政書士）の採用サイト（ミニマル・洗練・スクロール連動のストーリー）","プロ（演出多め）"
"WEB-00154","不動産・マンションのオウンドメディア・ブログ（ラグジュアリー・高級感・3Dオブジェクト/ジェネラティブ背景）","プロ（演出多め）"
"WEB-00155","プログラミングスクールのサービスサイト（ネオン・サイバー・ローディング演出→ロゴ→メインビジュアル）","上級"
"WEB-00156","ヨガ・ピラティスのオウンドメディア・ブログ（パステル・ドリーミー・巨大コピー＋小さな写真）","プロ（演出多め）"
"WEB-00157","AIサービス・スタートアップの採用サイト（クール・テック・スクロール連動のストーリー）","上級"
"WEB-00158","音楽・ライブ・イベントのオウンドメディア・ブログ（ニューブルータリズム・全画面ループ動画）","プロ（演出多め）"
"WEB-00159","パーソナルジム・フィットネスのスクール・教室サイト（ダーク・シネマティック・散らばった写真コラージュ）","プロ（演出多め）"
"WEB-00160","ヨガ・ピラティスのブランドサイト（パステル・ドリーミー・散らばった写真コラージュ）","プロ（演出多め）"
"WEB-00161","音楽・ライブ・イベントの採用サイト（ダーク・シネマティック・散らばった写真コラージュ）","プロ（演出多め）"
"WEB-00162","ゲーム・eスポーツの採用サイト（ネオン・サイバー・散らばった写真コラージュ）","プロ（演出多め）"
"WEB-00163","ゲーム・eスポーツのサービスサイト（ネオン・サイバー・3Dオブジェクト/ジェネラティブ背景）","プロ（演出多め）"
"WEB-00164","建築設計事務所のサービスサイト（ミニマル・洗練・スクロール連動のストーリー）","上級"
"WEB-00165","内科・クリニックのクリニック・医院サイト（北欧・ライフスタイル・巨大コピー＋小さな写真）","プロ（演出多め）"
"WEB-00166","音楽・ライブ・イベントのブランドサイト（ニューブルータリズム・巨大コピー＋小さな写真）","プロ（演出多め）"
"WEB-00167","Web制作・デザイン事務所のコーポレートサイト（ダーク・シネマティック・スクロール連動のストーリー）","プロ（演出多め）"
"WEB-00168","占い・スピリチュアルのブランドサイト（エディトリアル・雑誌風・巨大コピー＋小さな写真）","上級"
"WEB-00169","自動車・バイクのオウンドメディア・ブログ（エネルギッシュ・スポーティ・全画面ループ動画）","プロ（演出多め）"
"WEB-00170","金融・保険・投資のオウンドメディア・ブログ（信頼・誠実（コーポレート）・巨大コピー＋小さな写真）","プロ（演出多め）"
"WEB-00171","内科・クリニックのコーポレートサイト（信頼・誠実（コーポレート）・スクロール連動のストーリー）","プロ（演出多め）"
"WEB-00172","採用・求人のブランドサイト（3D・クレイ・縦書きコピー＋余白）","上級"
"WEB-00173","コンサル・コーチングのオウンドメディア・ブログ（信頼・誠実（コーポレート）・ローディング演出→ロゴ→メインビジュアル）","プロ（演出多め）"
"WEB-00174","エステ・脱毛サロンのブランドサイト（ラグジュアリー・高級感・3Dオブジェクト/ジェネラティブ背景）","プロ（演出多め）"
"WEB-00175","YouTuber・インフルエンサーの採用サイト（かわいい・ガーリー・ローディング演出→ロゴ→メインビジュアル）","プロ（演出多め）"
"WEB-00176","農業・地方の生産者のECサイト（和モダン・巨大コピー＋小さな写真）","プロ（演出多め）"
"WEB-00177","サウナ・温浴施設の採用サイト（レトロ・Y2K・画面2分割（写真｜コピー））","上級"
"WEB-00178","金融・保険・投資のコーポレートサイト（信頼・誠実（コーポレート）・3Dオブジェクト/ジェネラティブ背景）","プロ（演出多め）"
"WEB-00179","コンサル・コーチングのオウンドメディア・ブログ（ミニマル・洗練・散らばった写真コラージュ）","上級"
"WEB-00180","スクール・オンライン講座のスクール・教室サイト（クール・テック・フェード/ズームのスライドショー）","プロ（演出多め）"
"WEB-00181","金融・保険・投資のオウンドメディア・ブログ（クール・テック・フェード/ズームのスライドショー）","プロ（演出多め）"
"WEB-00182","クラウドファンディング・新商品のコーポレートサイト（クール・テック・散らばった写真コラージュ）","プロ（演出多め）"
"WEB-00183","士業（税理士・弁護士・行政書士）の採用サイト（信頼・誠実（コーポレート）・フェード/ズームのスライドショー）","プロ（演出多め）"
"WEB-00184","美容室・ヘアサロンの店舗サイト（飲食・美容・サロン）（ラグジュアリー・高級感・縦書きコピー＋余白）","プロ（演出多め）"
"WEB-00185","英会話・語学のブランドサイト（ニューブルータリズム・縦書きコピー＋余白）","プロ（演出多め）"
"WEB-00186","Web制作・デザイン事務所のサービスサイト（レトロ・Y2K・全画面ループ動画）","上級"
"WEB-00187","コンサル・コーチングの採用サイト（ミニマル・洗練・縦書きコピー＋余白）","上級"
"WEB-00188","ヨガ・ピラティスのオウンドメディア・ブログ（ナチュラル・オーガニック・巨大コピー＋小さな写真）","プロ（演出多め）"
"WEB-00189","和菓子・スイーツのECサイト（パステル・ドリーミー・散らばった写真コラージュ）","プロ（演出多め）"
"WEB-00190","内科・クリニックのサービスサイト（グラスモーフィズム・3Dオブジェクト/ジェネラティブ背景）","プロ（演出多め）"
"WEB-00191","Web制作・デザイン事務所のオウンドメディア・ブログ（ダーク・シネマティック・3Dオブジェクト/ジェネラティブ背景）","プロ（演出多め）"
"WEB-00192","NPO・地方自治体の自治体・観光協会サイト（ハンドメイド・手書き・画面2分割（写真｜コピー））","上級"
"WEB-00193","美容室・ヘアサロンの店舗サイト（飲食・美容・サロン）（北欧・ライフスタイル・全画面ループ動画）","プロ（演出多め）"
"WEB-00194","建築設計事務所の採用サイト（ジオメトリック・グラフィカル・3Dオブジェクト/ジェネラティブ背景）","プロ（演出多め）"
"WEB-00195","金融・保険・投資の採用サイト（北欧・ライフスタイル・巨大コピー＋小さな写真）","上級"
"WEB-00196","コンサル・コーチングの採用サイト（ニューブルータリズム・散らばった写真コラージュ）","プロ（演出多め）"
"WEB-00197","ホテル・旅館の採用サイト（ミニマル・洗練・巨大コピー＋小さな写真）","プロ（演出多め）"
"WEB-00198","Web制作・デザイン事務所の採用サイト（パステル・ドリーミー・フェード/ズームのスライドショー）","上級"
"WEB-00199","プログラミングスクールのブランドサイト（ポップ・カラフル・ローディング演出→ロゴ→メインビジュアル）","上級"
"WEB-00200","サウナ・温浴施設のサービスサイト（ニューブルータリズム・スクロール連動のストーリー）","プロ（演出多め）"
"WEB-00201","プログラミングスクールのコーポレートサイト（3D・クレイ・全画面ループ動画）","上級"
"WEB-00202","不動産・マンションのサービスサイト（ミニマル・洗練・ローディング演出→ロゴ→メインビジュアル）","プロ（演出多め）"
"WEB-00203","占い・スピリチュアルのブランドサイト（和モダン・巨大コピー＋小さな写真）","プロ（演出多め）"
"WEB-00204","内科・クリニックのクリニック・医院サイト（信頼・誠実（コーポレート）・スクロール連動のストーリー）","プロ（演出多め）"
"WEB-00205","和菓子・スイーツのブランドサイト（和モダン・ローディング演出→ロゴ→メインビジュアル）","プロ（演出多め）"
"WEB-00206","不動産・マンションのコーポレートサイト（信頼・誠実（コーポレート）・巨大コピー＋小さな写真）","プロ（演出多め）"
"WEB-00207","Web制作・デザイン事務所のブランドサイト（ジオメトリック・グラフィカル・縦書きコピー＋余白）","プロ（演出多め）"
"WEB-00208","スクール・オンライン講座のサービスサイト（ポップ・カラフル・巨大コピー＋小さな写真）","プロ（演出多め）"
"WEB-00209","AIサービス・スタートアップのコーポレートサイト（ネオン・サイバー・ローディング演出→ロゴ→メインビジュアル）","上級"
"WEB-00210","コスメ・スキンケアのオウンドメディア・ブログ（ミニマル・洗練・スクロール連動のストーリー）","プロ（演出多め）"
"WEB-00211","建築設計事務所のオウンドメディア・ブログ（ジオメトリック・グラフィカル・3Dオブジェクト/ジェネラティブ背景）","プロ（演出多め）"
"WEB-00212","金融・保険・投資のコーポレートサイト（信頼・誠実（コーポレート）・散らばった写真コラージュ）","プロ（演出多め）"
"WEB-00213","パーソナルジム・フィットネスの店舗サイト（飲食・美容・サロン）（ダーク・シネマティック・ローディング演出→ロゴ→メインビジュアル）","上級"
"WEB-00214","パーソナルジム・フィットネスの店舗サイト（飲食・美容・サロン）（ネオン・サイバー・ローディング演出→ロゴ→メインビジュアル）","プロ（演出多め）"
"WEB-00215","コンサル・コーチングのポートフォリオ（個人/事務所）（エディトリアル・雑誌風・フェード/ズームのスライドショー）","プロ（演出多め）"
"WEB-00216","和菓子・スイーツのコーポレートサイト（ナチュラル・オーガニック・巨大コピー＋小さな写真）","上級"
"WEB-00217","ゲーム・eスポーツのブランドサイト（ダーク・シネマティック・スクロール連動のストーリー）","上級"
"WEB-00218","ゲーム・eスポーツの採用サイト（レトロ・Y2K・画面2分割（写真｜コピー））","上級"
"WEB-00219","Web制作・デザイン事務所のサービスサイト（エディトリアル・雑誌風・全画面ループ動画）","上級"
"WEB-00220","観光・地域プロモーションのイベント・フェスサイト（ハンドメイド・手書き・フェード/ズームのスライドショー）","上級"
"WEB-00221","エステ・脱毛サロンのコーポレートサイト（パステル・ドリーミー・3Dオブジェクト/ジェネラティブ背景）","上級"
"WEB-00222","農業・地方の生産者のECサイト（グラスモーフィズム・画面2分割（写真｜コピー））","プロ（演出多め）"
"WEB-00223","和菓子・スイーツのブランドサイト（かわいい・ガーリー・巨大コピー＋小さな写真）","上級"
"WEB-00224","プログラミングスクールのスクール・教室サイト（ネオン・サイバー・巨大コピー＋小さな写真）","上級"
"WEB-00225","建築設計事務所のコーポレートサイト（ミニマル・洗練・画面2分割（写真｜コピー））","上級"
"WEB-00226","建築設計事務所のブランドサイト（ジオメトリック・グラフィカル・スクロール連動のストーリー）","上級"
"WEB-00227","クラウドファンディング・新商品のコーポレートサイト（ナチュラル・オーガニック・ローディング演出→ロゴ→メインビジュアル）","上級"
"WEB-00228","アパレル・ファッションECの採用サイト（エディトリアル・雑誌風・スクロール連動のストーリー）","プロ（演出多め）"
"WEB-00229","ヨガ・ピラティスの採用サイト（北欧・ライフスタイル・散らばった写真コラージュ）","プロ（演出多め）"
"WEB-00230","スマホアプリのブランドサイト（3D・クレイ・ローディング演出→ロゴ→メインビジュアル）","プロ（演出多め）"
"WEB-00231","不動産・マンションの採用サイト（ラグジュアリー・高級感・ローディング演出→ロゴ→メインビジュアル）","プロ（演出多め）"
"WEB-00232","ペット・トリミング・動物病院の採用サイト（かわいい・ガーリー・画面2分割（写真｜コピー））","上級"
"WEB-00233","ペット・トリミング・動物病院のサービスサイト（ハンドメイド・手書き・縦書きコピー＋余白）","プロ（演出多め）"
"WEB-00234","Web制作・デザイン事務所の採用サイト（ニューブルータリズム・3Dオブジェクト/ジェネラティブ背景）","上級"
"WEB-00235","レストラン・居酒屋のサービスサイト（ダーク・シネマティック・3Dオブジェクト/ジェネラティブ背景）","プロ（演出多め）"
"WEB-00236","プログラミングスクールのコーポレートサイト（クール・テック・フェード/ズームのスライドショー）","上級"
"WEB-00237","観光・地域プロモーションのイベント・フェスサイト（レトロ・Y2K・巨大コピー＋小さな写真）","上級"
"WEB-00238","歯科医院のサービスサイト（ナチュラル・オーガニック・スクロール連動のストーリー）","上級"
"WEB-00239","建築設計事務所のコーポレートサイト（ジオメトリック・グラフィカル・ローディング演出→ロゴ→メインビジュアル）","上級"
"WEB-00240","ゲーム・eスポーツのサービスサイト（ジオメトリック・グラフィカル・全画面ループ動画）","プロ（演出多め）"
"WEB-00241","建築設計事務所のブランドサイト（エディトリアル・雑誌風・フェード/ズームのスライドショー）","プロ（演出多め）"
"WEB-00242","引越し・生活サービスのブランドサイト（和モダン・散らばった写真コラージュ）","上級"
"WEB-00243","ペット・トリミング・動物病院のサービスサイト（ハンドメイド・手書き・フェード/ズームのスライドショー）","プロ（演出多め）"
"WEB-00244","士業（税理士・弁護士・行政書士）のコーポレートサイト（和モダン・画面2分割（写真｜コピー））","プロ（演出多め）"
"WEB-00245","カフェ・ベーカリーの店舗サイト（飲食・美容・サロン）（北欧・ライフスタイル・フェード/ズームのスライドショー）","上級"
"WEB-00246","音楽・ライブ・イベントのサービスサイト（ネオン・サイバー・巨大コピー＋小さな写真）","上級"
"WEB-00247","AIサービス・スタートアップのオウンドメディア・ブログ（グラスモーフィズム・散らばった写真コラージュ）","プロ（演出多め）"
"WEB-00248","農業・地方の生産者のコーポレートサイト（グラスモーフィズム・巨大コピー＋小さな写真）","プロ（演出多め）"
"WEB-00249","プログラミングスクールの採用サイト（グラスモーフィズム・ローディング演出→ロゴ→メインビジュアル）","プロ（演出多め）"
"WEB-00250","士業（税理士・弁護士・行政書士）のオウンドメディア・ブログ（信頼・誠実（コーポレート）・ローディング演出→ロゴ→メインビジュアル）","上級"
"WEB-00251","食品・産直ECのオウンドメディア・ブログ（ハンドメイド・手書き・全画面ループ動画）","上級"
"WEB-00252","クラウドファンディング・新商品のオウンドメディア・ブログ（ポップ・カラフル・画面2分割（写真｜コピー））","上級"
"WEB-00253","ゲーム・eスポーツのイベント・フェスサイト（ネオン・サイバー・散らばった写真コラージュ）","プロ（演出多め）"
"WEB-00254","美容室・ヘアサロンのポートフォリオ（個人/事務所）（北欧・ライフスタイル・縦書きコピー＋余白）","プロ（演出多め）"
"WEB-00255","歯科医院のブランドサイト（ミニマル・洗練・ローディング演出→ロゴ→メインビジュアル）","プロ（演出多め）"
"WEB-00256","エステ・脱毛サロンのブランドサイト（ラグジュアリー・高級感・画面2分割（写真｜コピー））","上級"
"WEB-00257","内科・クリニックのクリニック・医院サイト（信頼・誠実（コーポレート）・全画面ループ動画）","プロ（演出多め）"
"WEB-00258","工務店・注文住宅・リフォームのコーポレートサイト（信頼・誠実（コーポレート）・3Dオブジェクト/ジェネラティブ背景）","プロ（演出多め）"
"WEB-00259","スクール・オンライン講座のブランドサイト（かわいい・ガーリー・ローディング演出→ロゴ→メインビジュアル）","プロ（演出多め）"
"WEB-00260","AIサービス・スタートアップの採用サイト（ネオン・サイバー・巨大コピー＋小さな写真）","プロ（演出多め）"
"WEB-00261","引越し・生活サービスの採用サイト（ネオン・サイバー・3Dオブジェクト/ジェネラティブ背景）","プロ（演出多め）"
"WEB-00262","不動産・マンションのサービスサイト（ダーク・シネマティック・フェード/ズームのスライドショー）","プロ（演出多め）"
"WEB-00263","建築設計事務所のブランドサイト（エディトリアル・雑誌風・ローディング演出→ロゴ→メインビジュアル）","プロ（演出多め）"
"WEB-00264","サウナ・温浴施設のサービスサイト（ナチュラル・オーガニック・ローディング演出→ロゴ→メインビジュアル）","プロ（演出多め）"
"WEB-00265","AIサービス・スタートアップのサービスサイト（クール・テック・散らばった写真コラージュ）","上級"
"WEB-00266","美容室・ヘアサロンのポートフォリオ（個人/事務所）（ラグジュアリー・高級感・全画面ループ動画）","プロ（演出多め）"
"WEB-00267","レストラン・居酒屋のオウンドメディア・ブログ（ダーク・シネマティック・ローディング演出→ロゴ→メインビジュアル）","上級"
"WEB-00268","自動車・バイクのコーポレートサイト（エネルギッシュ・スポーティ・スクロール連動のストーリー）","上級"
"WEB-00269","アパレル・ファッションECの採用サイト（エネルギッシュ・スポーティ・画面2分割（写真｜コピー））","プロ（演出多め）"
"WEB-00270","ペット・トリミング・動物病院のコーポレートサイト（ナチュラル・オーガニック・3Dオブジェクト/ジェネラティブ背景）","プロ（演出多め）"
"WEB-00271","SaaS・BtoBツールのブランドサイト（クール・テック・縦書きコピー＋余白）","プロ（演出多め）"
"WEB-00272","自動車・バイクのサービスサイト（エネルギッシュ・スポーティ・3Dオブジェクト/ジェネラティブ背景）","プロ（演出多め）"
"WEB-00273","ホテル・旅館のオウンドメディア・ブログ（和モダン・散らばった写真コラージュ）","プロ（演出多め）"
"WEB-00274","アパレル・ファッションECのオウンドメディア・ブログ（エディトリアル・雑誌風・画面2分割（写真｜コピー））","プロ（演出多め）"
"WEB-00275","YouTuber・インフルエンサーのコーポレートサイト（ネオン・サイバー・画面2分割（写真｜コピー））","プロ（演出多め）"
"WEB-00276","ホテル・旅館の採用サイト（ラグジュアリー・高級感・縦書きコピー＋余白）","プロ（演出多め）"
"WEB-00277","美容室・ヘアサロンの店舗サイト（飲食・美容・サロン）（エディトリアル・雑誌風・3Dオブジェクト/ジェネラティブ背景）","プロ（演出多め）"
"WEB-00278","NPO・地方自治体の採用サイト（ミニマル・洗練・フェード/ズームのスライドショー）","プロ（演出多め）"
"WEB-00279","食品・産直ECの採用サイト（ポップ・カラフル・散らばった写真コラージュ）","プロ（演出多め）"
"WEB-00280","パーソナルジム・フィットネスのブランドサイト（エネルギッシュ・スポーティ・ローディング演出→ロゴ→メインビジュアル）","プロ（演出多め）"
"WEB-00281","工務店・注文住宅・リフォームのオウンドメディア・ブログ（北欧・ライフスタイル・縦書きコピー＋余白）","プロ（演出多め）"
"WEB-00282","採用・求人のオウンドメディア・ブログ（ジオメトリック・グラフィカル・散らばった写真コラージュ）","プロ（演出多め）"
"WEB-00283","カフェ・ベーカリーの店舗サイト（飲食・美容・サロン）（信頼・誠実（コーポレート）・スクロール連動のストーリー）","プロ（演出多め）"
"WEB-00284","ペット・トリミング・動物病院の採用サイト（ナチュラル・オーガニック・画面2分割（写真｜コピー））","プロ（演出多め）"
"WEB-00285","ペット・トリミング・動物病院のクリニック・医院サイト（ナチュラル・オーガニック・ローディング演出→ロゴ→メインビジュアル）","上級"
"WEB-00286","工務店・注文住宅・リフォームのコーポレートサイト（信頼・誠実（コーポレート）・縦書きコピー＋余白）","上級"
"WEB-00287","ペット・トリミング・動物病院のオウンドメディア・ブログ（かわいい・ガーリー・フェード/ズームのスライドショー）","プロ（演出多め）"
"WEB-00288","農業・地方の生産者の自治体・観光協会サイト（ナチュラル・オーガニック・巨大コピー＋小さな写真）","プロ（演出多め）"
"WEB-00289","ゲーム・eスポーツのイベント・フェスサイト（ネオン・サイバー・画面2分割（写真｜コピー））","上級"
"WEB-00290","Web制作・デザイン事務所のサービスサイト（クール・テック・全画面ループ動画）","上級"
"WEB-00291","Web制作・デザイン事務所のポートフォリオ（個人/事務所）（エディトリアル・雑誌風・散らばった写真コラージュ）","上級"
"WEB-00292","スマホアプリのサービスサイト（グラスモーフィズム・縦書きコピー＋余白）","プロ（演出多め）"
"WEB-00293","保育園・幼児教育・習い事のスクール・教室サイト（かわいい・ガーリー・全画面ループ動画）","プロ（演出多め）"
"WEB-00294","和菓子・スイーツのサービスサイト（和モダン・フェード/ズームのスライドショー）","上級"
"WEB-00295","不動産・マンションのコーポレートサイト（ダーク・シネマティック・縦書きコピー＋余白）","プロ（演出多め）"
"WEB-00296","歯科医院のクリニック・医院サイト（信頼・誠実（コーポレート）・散らばった写真コラージュ）","プロ（演出多め）"
"WEB-00297","自動車・バイクのコーポレートサイト（クール・テック・フェード/ズームのスライドショー）","プロ（演出多め）"
"WEB-00298","工務店・注文住宅・リフォームの採用サイト（信頼・誠実（コーポレート）・画面2分割（写真｜コピー））","プロ（演出多め）"
"WEB-00299","プログラミングスクールのオウンドメディア・ブログ（クール・テック・散らばった写真コラージュ）","プロ（演出多め）"
"WEB-00300","ペット・トリミング・動物病院のコーポレートサイト（3D・クレイ・全画面ループ動画）","プロ（演出多め）"
"WEB-00301","コスメ・スキンケアのECサイト（ナチュラル・オーガニック・ローディング演出→ロゴ→メインビジュアル）","プロ（演出多め）"
"WEB-00302","観光・地域プロモーションのイベント・フェスサイト（ダーク・シネマティック・スクロール連動のストーリー）","上級"
"WEB-00303","カフェ・ベーカリーのオウンドメディア・ブログ（ナチュラル・オーガニック・ローディング演出→ロゴ→メインビジュアル）","上級"
"WEB-00304","サウナ・温浴施設のブランドサイト（レトロ・Y2K・散らばった写真コラージュ）","プロ（演出多め）"
"WEB-00305","プログラミングスクールのブランドサイト（クール・テック・画面2分割（写真｜コピー））","プロ（演出多め）"
"WEB-00306","和菓子・スイーツの店舗サイト（飲食・美容・サロン）（かわいい・ガーリー・フェード/ズームのスライドショー）","プロ（演出多め）"
"WEB-00307","採用・求人のブランドサイト（ジオメトリック・グラフィカル・フェード/ズームのスライドショー）","プロ（演出多め）"
"WEB-00308","スクール・オンライン講座のコーポレートサイト（クール・テック・散らばった写真コラージュ）","プロ（演出多め）"
"WEB-00309","Web制作・デザイン事務所のコーポレートサイト（ジオメトリック・グラフィカル・ローディング演出→ロゴ→メインビジュアル）","上級"
"WEB-00310","ホテル・旅館のホテル・旅館サイト（ダーク・シネマティック・巨大コピー＋小さな写真）","プロ（演出多め）"
"WEB-00311","ホテル・旅館のサービスサイト（和モダン・巨大コピー＋小さな写真）","プロ（演出多め）"
"WEB-00312","食品・産直ECのサービスサイト（ミニマル・洗練・3Dオブジェクト/ジェネラティブ背景）","プロ（演出多め）"
"WEB-00313","ホテル・旅館の採用サイト（ラグジュアリー・高級感・フェード/ズームのスライドショー）","上級"
"WEB-00314","ウェディング・結婚相談所のオウンドメディア・ブログ（和モダン・画面2分割（写真｜コピー））","プロ（演出多め）"
"WEB-00315","SaaS・BtoBツールのサービスサイト（ミニマル・洗練・縦書きコピー＋余白）","プロ（演出多め）"
"WEB-00316","YouTuber・インフルエンサーのコーポレートサイト（グラスモーフィズム・3Dオブジェクト/ジェネラティブ背景）","プロ（演出多め）"
"WEB-00317","コンサル・コーチングのブランドサイト（ミニマル・洗練・全画面ループ動画）","プロ（演出多め）"
"WEB-00318","引越し・生活サービスのサービスサイト（ポップ・カラフル・巨大コピー＋小さな写真）","プロ（演出多め）"
"WEB-00319","不動産・マンションのサービスサイト（ダーク・シネマティック・スクロール連動のストーリー）","プロ（演出多め）"
"WEB-00320","建築設計事務所のサービスサイト（ミニマル・洗練・スクロール連動のストーリー）","プロ（演出多め）"
"WEB-00321","サウナ・温浴施設の採用サイト（エネルギッシュ・スポーティ・フェード/ズームのスライドショー）","プロ（演出多め）"
"WEB-00322","ゲーム・eスポーツのブランドサイト（レトロ・Y2K・3Dオブジェクト/ジェネラティブ背景）","プロ（演出多め）"
"WEB-00323","美容クリニックのサービスサイト（信頼・誠実（コーポレート）・画面2分割（写真｜コピー））","上級"
"WEB-00324","コンサル・コーチングの採用サイト（ラグジュアリー・高級感・フェード/ズームのスライドショー）","プロ（演出多め）"
"WEB-00325","保育園・幼児教育・習い事のブランドサイト（ニューブルータリズム・ローディング演出→ロゴ→メインビジュアル）","上級"
"WEB-00326","Web制作・デザイン事務所の採用サイト（クール・テック・フェード/ズームのスライドショー）","上級"
"WEB-00327","工務店・注文住宅・リフォームのサービスサイト（信頼・誠実（コーポレート）・散らばった写真コラージュ）","プロ（演出多め）"
"WEB-00328","不動産・マンションのサービスサイト（ラグジュアリー・高級感・スクロール連動のストーリー）","プロ（演出多め）"
"WEB-00329","引越し・生活サービスの採用サイト（信頼・誠実（コーポレート）・3Dオブジェクト/ジェネラティブ背景）","上級"
"WEB-00330","歯科医院のコーポレートサイト（ナチュラル・オーガニック・巨大コピー＋小さな写真）","上級"
"WEB-00331","SaaS・BtoBツールのコーポレートサイト（ミニマル・洗練・全画面ループ動画）","上級"
"WEB-00332","不動産・マンションのコーポレートサイト（信頼・誠実（コーポレート）・ローディング演出→ロゴ→メインビジュアル）","プロ（演出多め）"
"WEB-00333","美容室・ヘアサロンのサービスサイト（ラグジュアリー・高級感・巨大コピー＋小さな写真）","プロ（演出多め）"
"WEB-00334","内科・クリニックのブランドサイト（北欧・ライフスタイル・全画面ループ動画）","プロ（演出多め）"
"WEB-00335","レストラン・居酒屋の店舗サイト（飲食・美容・サロン）（和モダン・フェード/ズームのスライドショー）","プロ（演出多め）"
"WEB-00336","食品・産直ECのコーポレートサイト（ハンドメイド・手書き・ローディング演出→ロゴ→メインビジュアル）","プロ（演出多め）"
"WEB-00337","美容クリニックのサービスサイト（ラグジュアリー・高級感・縦書きコピー＋余白）","上級"
"WEB-00338","美容クリニックのブランドサイト（信頼・誠実（コーポレート）・巨大コピー＋小さな写真）","プロ（演出多め）"
"WEB-00339","ヨガ・ピラティスの採用サイト（ダーク・シネマティック・スクロール連動のストーリー）","プロ（演出多め）"
"WEB-00340","プログラミングスクールのサービスサイト（クール・テック・巨大コピー＋小さな写真）","プロ（演出多め）"
"WEB-00341","サウナ・温浴施設のサービスサイト（和モダン・縦書きコピー＋余白）","上級"
"WEB-00342","士業（税理士・弁護士・行政書士）の採用サイト（信頼・誠実（コーポレート）・ローディング演出→ロゴ→メインビジュアル）","上級"
"WEB-00343","不動産・マンションのサービスサイト（ダーク・シネマティック・3Dオブジェクト/ジェネラティブ背景）","プロ（演出多め）"
"WEB-00344","音楽・ライブ・イベントのサービスサイト（ダーク・シネマティック・巨大コピー＋小さな写真）","上級"
"WEB-00345","YouTuber・インフルエンサーの採用サイト（ネオン・サイバー・縦書きコピー＋余白）","上級"
"WEB-00346","ペット・トリミング・動物病院の採用サイト（かわいい・ガーリー・縦書きコピー＋余白）","プロ（演出多め）"
"WEB-00347","レストラン・居酒屋のコーポレートサイト（レトロ・Y2K・縦書きコピー＋余白）","上級"
"WEB-00348","美容クリニックのクリニック・医院サイト（パステル・ドリーミー・3Dオブジェクト/ジェネラティブ背景）","プロ（演出多め）"
"WEB-00349","採用・求人のオウンドメディア・ブログ（ジオメトリック・グラフィカル・3Dオブジェクト/ジェネラティブ背景）","プロ（演出多め）"
"WEB-00350","工務店・注文住宅・リフォームのブランドサイト（北欧・ライフスタイル・フェード/ズームのスライドショー）","プロ（演出多め）"
"WEB-00351","AIサービス・スタートアップのサービスサイト（ネオン・サイバー・画面2分割（写真｜コピー））","プロ（演出多め）"
"WEB-00352","ホテル・旅館の採用サイト（グラスモーフィズム・巨大コピー＋小さな写真）","プロ（演出多め）"
"WEB-00353","引越し・生活サービスのサービスサイト（ポップ・カラフル・縦書きコピー＋余白）","プロ（演出多め）"
"WEB-00354","SaaS・BtoBツールのブランドサイト（3D・クレイ・ローディング演出→ロゴ→メインビジュアル）","プロ（演出多め）"
"WEB-00355","英会話・語学のオウンドメディア・ブログ（ポップ・カラフル・ローディング演出→ロゴ→メインビジュアル）","上級"
"WEB-00356","自動車・バイクのコーポレートサイト（レトロ・Y2K・画面2分割（写真｜コピー））","上級"
"WEB-00357","工務店・注文住宅・リフォームの採用サイト（ナチュラル・オーガニック・巨大コピー＋小さな写真）","プロ（演出多め）"
"WEB-00358","ウェディング・結婚相談所のポートフォリオ（個人/事務所）（パステル・ドリーミー・全画面ループ動画）","プロ（演出多め）"
"WEB-00359","美容クリニックの採用サイト（ラグジュアリー・高級感・縦書きコピー＋余白）","上級"
"WEB-00360","サウナ・温浴施設のコーポレートサイト（レトロ・Y2K・巨大コピー＋小さな写真）","プロ（演出多め）"
"WEB-00361","Web制作・デザイン事務所のサービスサイト（レトロ・Y2K・フェード/ズームのスライドショー）","プロ（演出多め）"
"WEB-00362","ゲーム・eスポーツのサービスサイト（エネルギッシュ・スポーティ・フェード/ズームのスライドショー）","プロ（演出多め）"
"WEB-00363","プログラミングスクールの採用サイト（3D・クレイ・ローディング演出→ロゴ→メインビジュアル）","プロ（演出多め）"
"WEB-00364","引越し・生活サービスのコーポレートサイト（かわいい・ガーリー・散らばった写真コラージュ）","プロ（演出多め）"
"WEB-00365","引越し・生活サービスのコーポレートサイト（信頼・誠実（コーポレート）・3Dオブジェクト/ジェネラティブ背景）","プロ（演出多め）"
"WEB-00366","ペット・トリミング・動物病院の採用サイト（3D・クレイ・縦書きコピー＋余白）","プロ（演出多め）"
"WEB-00367","ウェディング・結婚相談所のオウンドメディア・ブログ（ハンドメイド・手書き・散らばった写真コラージュ）","上級"
"WEB-00368","ウェディング・結婚相談所のオウンドメディア・ブログ（ミニマル・洗練・スクロール連動のストーリー）","プロ（演出多め）"
"WEB-00369","スクール・オンライン講座のコーポレートサイト（クール・テック・3Dオブジェクト/ジェネラティブ背景）","プロ（演出多め）"
"WEB-00370","AIサービス・スタートアップのブランドサイト（ニューブルータリズム・ローディング演出→ロゴ→メインビジュアル）","プロ（演出多め）"
"WEB-00371","プログラミングスクールのブランドサイト（レトロ・Y2K・全画面ループ動画）","プロ（演出多め）"
"WEB-00372","レストラン・居酒屋のブランドサイト（和モダン・スクロール連動のストーリー）","プロ（演出多め）"
"WEB-00373","NPO・地方自治体のコーポレートサイト（ハンドメイド・手書き・画面2分割（写真｜コピー））","プロ（演出多め）"
"WEB-00374","スマホアプリのブランドサイト（クール・テック・縦書きコピー＋余白）","プロ（演出多め）"
"WEB-00375","Web制作・デザイン事務所のコーポレートサイト（クール・テック・スクロール連動のストーリー）","上級"
"WEB-00376","ウェディング・結婚相談所のオウンドメディア・ブログ（かわいい・ガーリー・散らばった写真コラージュ）","プロ（演出多め）"
"WEB-00377","アパレル・ファッションECのブランドサイト（レトロ・Y2K・ローディング演出→ロゴ→メインビジュアル）","プロ（演出多め）"
"WEB-00378","美容室・ヘアサロンのポートフォリオ（個人/事務所）（ミニマル・洗練・巨大コピー＋小さな写真）","上級"
"WEB-00379","ヨガ・ピラティスのサービスサイト（ミニマル・洗練・スクロール連動のストーリー）","上級"
"WEB-00380","Web制作・デザイン事務所のブランドサイト（クール・テック・巨大コピー＋小さな写真）","プロ（演出多め）"
"WEB-00381","美容クリニックのブランドサイト（信頼・誠実（コーポレート）・縦書きコピー＋余白）","プロ（演出多め）"
"WEB-00382","エステ・脱毛サロンの採用サイト（かわいい・ガーリー・全画面ループ動画）","プロ（演出多め）"
"WEB-00383","建築設計事務所のコーポレートサイト（ミニマル・洗練・ローディング演出→ロゴ→メインビジュアル）","上級"
"WEB-00384","占い・スピリチュアルのオウンドメディア・ブログ（和モダン・ローディング演出→ロゴ→メインビジュアル）","プロ（演出多め）"
"WEB-00385","YouTuber・インフルエンサーのオウンドメディア・ブログ（ニューブルータリズム・スクロール連動のストーリー）","プロ（演出多め）"
"WEB-00386","アパレル・ファッションECのコーポレートサイト（エディトリアル・雑誌風・巨大コピー＋小さな写真）","プロ（演出多め）"
"WEB-00387","引越し・生活サービスの採用サイト（ポップ・カラフル・フェード/ズームのスライドショー）","プロ（演出多め）"
"WEB-00388","ウェディング・結婚相談所の採用サイト（クール・テック・3Dオブジェクト/ジェネラティブ背景）","プロ（演出多め）"
"WEB-00389","観光・地域プロモーションの自治体・観光協会サイト（ハンドメイド・手書き・フェード/ズームのスライドショー）","プロ（演出多め）"
"WEB-00390","カフェ・ベーカリーのサービスサイト（レトロ・Y2K・巨大コピー＋小さな写真）","プロ（演出多め）"
"WEB-00391","ウェディング・結婚相談所のオウンドメディア・ブログ（かわいい・ガーリー・フェード/ズームのスライドショー）","プロ（演出多め）"
"WEB-00392","コンサル・コーチングのサービスサイト（信頼・誠実（コーポレート）・ローディング演出→ロゴ→メインビジュアル）","プロ（演出多め）"
"WEB-00393","占い・スピリチュアルのブランドサイト（ダーク・シネマティック・画面2分割（写真｜コピー））","プロ（演出多め）"
"WEB-00394","YouTuber・インフルエンサーのコーポレートサイト（かわいい・ガーリー・縦書きコピー＋余白）","上級"
"WEB-00395","自動車・バイクのブランドサイト（ラグジュアリー・高級感・フェード/ズームのスライドショー）","プロ（演出多め）"
"WEB-00396","YouTuber・インフルエンサーのオウンドメディア・ブログ（ダーク・シネマティック・縦書きコピー＋余白）","上級"
"WEB-00397","NPO・地方自治体のサービスサイト（ハンドメイド・手書き・スクロール連動のストーリー）","プロ（演出多め）"
"WEB-00398","工務店・注文住宅・リフォームのサービスサイト（パステル・ドリーミー・縦書きコピー＋余白）","プロ（演出多め）"
"WEB-00399","建築設計事務所のブランドサイト（ミニマル・洗練・全画面ループ動画）","プロ（演出多め）"
"WEB-00400","AIサービス・スタートアップの採用サイト（ネオン・サイバー・スクロール連動のストーリー）","上級"
"WEB-00401","士業（税理士・弁護士・行政書士）のブランドサイト（3D・クレイ・画面2分割（写真｜コピー））","プロ（演出多め）"
"WEB-00402","自動車・バイクのブランドサイト（ラグジュアリー・高級感・スクロール連動のストーリー）","プロ（演出多め）"
"WEB-00403","スマホアプリのコーポレートサイト（クール・テック・全画面ループ動画）","プロ（演出多め）"
"WEB-00404","ウェディング・結婚相談所の採用サイト（かわいい・ガーリー・縦書きコピー＋余白）","プロ（演出多め）"
"WEB-00405","エステ・脱毛サロンのサービスサイト（パステル・ドリーミー・縦書きコピー＋余白）","プロ（演出多め）"
"WEB-00406","ホテル・旅館のブランドサイト（ダーク・シネマティック・縦書きコピー＋余白）","上級"
"WEB-00407","カフェ・ベーカリーの店舗サイト（飲食・美容・サロン）（エディトリアル・雑誌風・画面2分割（写真｜コピー））","上級"
"WEB-00408","美容クリニックのコーポレートサイト（ラグジュアリー・高級感・巨大コピー＋小さな写真）","プロ（演出多め）"
"WEB-00409","採用・求人の採用サイト（ハンドメイド・手書き・散らばった写真コラージュ）","上級"
"WEB-00410","建築設計事務所のオウンドメディア・ブログ（ミニマル・洗練・縦書きコピー＋余白）","プロ（演出多め）"
"WEB-00411","英会話・語学のコーポレートサイト（ハンドメイド・手書き・ローディング演出→ロゴ→メインビジュアル）","上級"
"WEB-00412","ホテル・旅館のホテル・旅館サイト（ラグジュアリー・高級感・スクロール連動のストーリー）","上級"
"WEB-00413","コスメ・スキンケアのサービスサイト（ミニマル・洗練・散らばった写真コラージュ）","プロ（演出多め）"
"WEB-00414","サウナ・温浴施設の採用サイト（ミニマル・洗練・全画面ループ動画）","上級"
"WEB-00415","コスメ・スキンケアのオウンドメディア・ブログ（グラスモーフィズム・巨大コピー＋小さな写真）","上級"
"WEB-00416","士業（税理士・弁護士・行政書士）のオウンドメディア・ブログ（和モダン・巨大コピー＋小さな写真）","プロ（演出多め）"
"WEB-00417","引越し・生活サービスのオウンドメディア・ブログ（ポップ・カラフル・フェード/ズームのスライドショー）","プロ（演出多め）"
"WEB-00418","不動産・マンションのブランドサイト（ミニマル・洗練・スクロール連動のストーリー）","上級"
"WEB-00419","サウナ・温浴施設の店舗サイト（飲食・美容・サロン）（和モダン・3Dオブジェクト/ジェネラティブ背景）","上級"
"WEB-00420","観光・地域プロモーションのサービスサイト（ダーク・シネマティック・フェード/ズームのスライドショー）","プロ（演出多め）"
"WEB-00421","ペット・トリミング・動物病院のクリニック・医院サイト（ハンドメイド・手書き・ローディング演出→ロゴ→メインビジュアル）","上級"
"WEB-00422","ペット・トリミング・動物病院の採用サイト（ハンドメイド・手書き・縦書きコピー＋余白）","上級"
"WEB-00423","食品・産直ECのコーポレートサイト（和モダン・縦書きコピー＋余白）","プロ（演出多め）"
"WEB-00424","クラウドファンディング・新商品のサービスサイト（パステル・ドリーミー・スクロール連動のストーリー）","上級"
"WEB-00425","工務店・注文住宅・リフォームのブランドサイト（ナチュラル・オーガニック・フェード/ズームのスライドショー）","プロ（演出多め）"
"WEB-00426","パーソナルジム・フィットネスの店舗サイト（飲食・美容・サロン）（ダーク・シネマティック・画面2分割（写真｜コピー））","上級"
"WEB-00427","美容室・ヘアサロンのオウンドメディア・ブログ（ミニマル・洗練・3Dオブジェクト/ジェネラティブ背景）","プロ（演出多め）"
"WEB-00428","英会話・語学の採用サイト（ミニマル・洗練・散らばった写真コラージュ）","プロ（演出多め）"
"WEB-00429","引越し・生活サービスの採用サイト（信頼・誠実（コーポレート）・散らばった写真コラージュ）","上級"
"WEB-00430","占い・スピリチュアルのコーポレートサイト（ニューブルータリズム・縦書きコピー＋余白）","プロ（演出多め）"
"WEB-00431","観光・地域プロモーションのブランドサイト（ダーク・シネマティック・散らばった写真コラージュ）","プロ（演出多め）"
"WEB-00432","レストラン・居酒屋の店舗サイト（飲食・美容・サロン）（和モダン・画面2分割（写真｜コピー））","上級"
"WEB-00433","NPO・地方自治体のオウンドメディア・ブログ（ナチュラル・オーガニック・スクロール連動のストーリー）","プロ（演出多め）"
"WEB-00434","不動産・マンションのコーポレートサイト（3D・クレイ・画面2分割（写真｜コピー））","プロ（演出多め）"
"WEB-00435","金融・保険・投資の採用サイト（ミニマル・洗練・画面2分割（写真｜コピー））","プロ（演出多め）"
"WEB-00436","レストラン・居酒屋の店舗サイト（飲食・美容・サロン）（ラグジュアリー・高級感・フェード/ズームのスライドショー）","プロ（演出多め）"
"WEB-00437","占い・スピリチュアルのブランドサイト（パステル・ドリーミー・巨大コピー＋小さな写真）","プロ（演出多め）"
"WEB-00438","採用・求人のコーポレートサイト（エディトリアル・雑誌風・全画面ループ動画）","プロ（演出多め）"
"WEB-00439","食品・産直ECのオウンドメディア・ブログ（ナチュラル・オーガニック・巨大コピー＋小さな写真）","上級"
"WEB-00440","NPO・地方自治体の自治体・観光協会サイト（ナチュラル・オーガニック・ローディング演出→ロゴ→メインビジュアル）","プロ（演出多め）"
"WEB-00441","コスメ・スキンケアのブランドサイト（ラグジュアリー・高級感・フェード/ズームのスライドショー）","プロ（演出多め）"
"WEB-00442","パーソナルジム・フィットネスの店舗サイト（飲食・美容・サロン）（ダーク・シネマティック・画面2分割（写真｜コピー））","上級"
"WEB-00443","音楽・ライブ・イベントのコーポレートサイト（ダーク・シネマティック・スクロール連動のストーリー）","プロ（演出多め）"
"WEB-00444","ペット・トリミング・動物病院のコーポレートサイト（ハンドメイド・手書き・巨大コピー＋小さな写真）","上級"
"WEB-00445","音楽・ライブ・イベントのイベント・フェスサイト（ネオン・サイバー・スクロール連動のストーリー）","プロ（演出多め）"
"WEB-00446","SaaS・BtoBツールのサービスサイト（3D・クレイ・全画面ループ動画）","プロ（演出多め）"
"WEB-00447","美容室・ヘアサロンの店舗サイト（飲食・美容・サロン）（エディトリアル・雑誌風・散らばった写真コラージュ）","プロ（演出多め）"
"WEB-00448","アパレル・ファッションECのブランドサイト（ニューブルータリズム・散らばった写真コラージュ）","プロ（演出多め）"
"WEB-00449","サウナ・温浴施設のサービスサイト（ナチュラル・オーガニック・縦書きコピー＋余白）","プロ（演出多め）"
"WEB-00450","クラウドファンディング・新商品のブランドサイト（クール・テック・巨大コピー＋小さな写真）","プロ（演出多め）"
"WEB-00451","ホテル・旅館のオウンドメディア・ブログ（パステル・ドリーミー・スクロール連動のストーリー）","プロ（演出多め）"
"WEB-00452","美容クリニックの店舗サイト（飲食・美容・サロン）（ラグジュアリー・高級感・散らばった写真コラージュ）","上級"
"WEB-00453","和菓子・スイーツの採用サイト（パステル・ドリーミー・縦書きコピー＋余白）","プロ（演出多め）"
"WEB-00454","ゲーム・eスポーツのイベント・フェスサイト（エネルギッシュ・スポーティ・フェード/ズームのスライドショー）","プロ（演出多め）"
"WEB-00455","スクール・オンライン講座のブランドサイト（クール・テック・縦書きコピー＋余白）","プロ（演出多め）"
"WEB-00456","SaaS・BtoBツールの採用サイト（3D・クレイ・ローディング演出→ロゴ→メインビジュアル）","プロ（演出多め）"
"WEB-00457","クラウドファンディング・新商品の採用サイト（ダーク・シネマティック・スクロール連動のストーリー）","プロ（演出多め）"
"WEB-00458","工務店・注文住宅・リフォームの採用サイト（信頼・誠実（コーポレート）・ローディング演出→ロゴ→メインビジュアル）","プロ（演出多め）"
"WEB-00459","食品・産直ECのECサイト（ハンドメイド・手書き・縦書きコピー＋余白）","プロ（演出多め）"
"WEB-00460","音楽・ライブ・イベントの採用サイト（ニューブルータリズム・画面2分割（写真｜コピー））","プロ（演出多め）"
"WEB-00461","美容クリニックのサービスサイト（信頼・誠実（コーポレート）・3Dオブジェクト/ジェネラティブ背景）","上級"
"WEB-00462","食品・産直ECのECサイト（ポップ・カラフル・巨大コピー＋小さな写真）","プロ（演出多め）"
"WEB-00463","工務店・注文住宅・リフォームのコーポレートサイト（ミニマル・洗練・3Dオブジェクト/ジェネラティブ背景）","上級"
"WEB-00464","工務店・注文住宅・リフォームの採用サイト（北欧・ライフスタイル・巨大コピー＋小さな写真）","上級"
"WEB-00465","スクール・オンライン講座の採用サイト（3D・クレイ・3Dオブジェクト/ジェネラティブ背景）","プロ（演出多め）"
"WEB-00466","英会話・語学のブランドサイト（ジオメトリック・グラフィカル・全画面ループ動画）","上級"
"WEB-00467","英会話・語学のサービスサイト（3D・クレイ・全画面ループ動画）","プロ（演出多め）"
"WEB-00468","NPO・地方自治体の採用サイト（ハンドメイド・手書き・巨大コピー＋小さな写真）","プロ（演出多め）"
"WEB-00469","パーソナルジム・フィットネスのブランドサイト（エネルギッシュ・スポーティ・3Dオブジェクト/ジェネラティブ背景）","プロ（演出多め）"
"WEB-00470","ホテル・旅館のオウンドメディア・ブログ（ミニマル・洗練・3Dオブジェクト/ジェネラティブ背景）","プロ（演出多め）"
"WEB-00471","Web制作・デザイン事務所のオウンドメディア・ブログ（クール・テック・スクロール連動のストーリー）","プロ（演出多め）"
"WEB-00472","食品・産直ECのECサイト（ポップ・カラフル・3Dオブジェクト/ジェネラティブ背景）","プロ（演出多め）"
"WEB-00473","サウナ・温浴施設の採用サイト（レトロ・Y2K・3Dオブジェクト/ジェネラティブ背景）","上級"
"WEB-00474","歯科医院のオウンドメディア・ブログ（信頼・誠実（コーポレート）・3Dオブジェクト/ジェネラティブ背景）","プロ（演出多め）"
"WEB-00475","クラウドファンディング・新商品の採用サイト（クール・テック・縦書きコピー＋余白）","上級"
"WEB-00476","SaaS・BtoBツールのコーポレートサイト（ミニマル・洗練・フェード/ズームのスライドショー）","プロ（演出多め）"
"WEB-00477","コンサル・コーチングのポートフォリオ（個人/事務所）（信頼・誠実（コーポレート）・画面2分割（写真｜コピー））","上級"
"WEB-00478","SaaS・BtoBツールのコーポレートサイト（クール・テック・フェード/ズームのスライドショー）","プロ（演出多め）"
"WEB-00479","工務店・注文住宅・リフォームの採用サイト（信頼・誠実（コーポレート）・画面2分割（写真｜コピー））","プロ（演出多め）"
"WEB-00480","和菓子・スイーツのブランドサイト（かわいい・ガーリー・全画面ループ動画）","上級"
"WEB-00481","サウナ・温浴施設のホテル・旅館サイト（レトロ・Y2K・フェード/ズームのスライドショー）","上級"
"WEB-00482","建築設計事務所のブランドサイト（パステル・ドリーミー・画面2分割（写真｜コピー））","プロ（演出多め）"
"WEB-00483","ヨガ・ピラティスのコーポレートサイト（ジオメトリック・グラフィカル・3Dオブジェクト/ジェネラティブ背景）","プロ（演出多め）"
"WEB-00484","YouTuber・インフルエンサーのサービスサイト（かわいい・ガーリー・3Dオブジェクト/ジェネラティブ背景）","プロ（演出多め）"
"WEB-00485","工務店・注文住宅・リフォームのブランドサイト（ナチュラル・オーガニック・縦書きコピー＋余白）","プロ（演出多め）"
"WEB-00486","保育園・幼児教育・習い事の採用サイト（ポップ・カラフル・画面2分割（写真｜コピー））","上級"
"WEB-00487","ペット・トリミング・動物病院のブランドサイト（ハンドメイド・手書き・3Dオブジェクト/ジェネラティブ背景）","上級"
"WEB-00488","保育園・幼児教育・習い事のブランドサイト（ジオメトリック・グラフィカル・スクロール連動のストーリー）","上級"
"WEB-00489","工務店・注文住宅・リフォームの採用サイト（信頼・誠実（コーポレート）・スクロール連動のストーリー）","プロ（演出多め）"
"WEB-00490","SaaS・BtoBツールのコーポレートサイト（3D・クレイ・スクロール連動のストーリー）","上級"
"WEB-00491","SaaS・BtoBツールのブランドサイト（パステル・ドリーミー・スクロール連動のストーリー）","プロ（演出多め）"
"WEB-00492","観光・地域プロモーションのコーポレートサイト（ダーク・シネマティック・巨大コピー＋小さな写真）","プロ（演出多め）"
"WEB-00493","ウェディング・結婚相談所のポートフォリオ（個人/事務所）（かわいい・ガーリー・ローディング演出→ロゴ→メインビジュアル）","プロ（演出多め）"
"WEB-00494","クラウドファンディング・新商品のオウンドメディア・ブログ（和モダン・全画面ループ動画）","上級"
"WEB-00495","パーソナルジム・フィットネスのスクール・教室サイト（ダーク・シネマティック・縦書きコピー＋余白）","上級"
"WEB-00496","美容室・ヘアサロンのオウンドメディア・ブログ（かわいい・ガーリー・巨大コピー＋小さな写真）","プロ（演出多め）"
"WEB-00497","ヨガ・ピラティスのスクール・教室サイト（北欧・ライフスタイル・スクロール連動のストーリー）","プロ（演出多め）"
"WEB-00498","自動車・バイクのブランドサイト（エネルギッシュ・スポーティ・全画面ループ動画）","プロ（演出多め）"
"WEB-00499","農業・地方の生産者のオウンドメディア・ブログ（ハンドメイド・手書き・ローディング演出→ロゴ→メインビジュアル）","上級"
"WEB-00500","スマホアプリのサービスサイト（3D・クレイ・3Dオブジェクト/ジェネラティブ背景）","上級"
"WEB-00501","プログラミングスクールのブランドサイト（クール・テック・全画面ループ動画）","上級"
"WEB-00502","ゲーム・eスポーツのブランドサイト（ダーク・シネマティック・スクロール連動のストーリー）","プロ（演出多め）"
"WEB-00503","建築設計事務所のコーポレートサイト（ジオメトリック・グラフィカル・縦書きコピー＋余白）","プロ（演出多め）"
"WEB-00504","ヨガ・ピラティスの店舗サイト（飲食・美容・サロン）（ミニマル・洗練・フェード/ズームのスライドショー）","上級"
"WEB-00505","ゲーム・eスポーツのコーポレートサイト（レトロ・Y2K・画面2分割（写真｜コピー））","プロ（演出多め）"
"WEB-00506","ホテル・旅館のサービスサイト（和モダン・巨大コピー＋小さな写真）","上級"
"WEB-00507","ペット・トリミング・動物病院のオウンドメディア・ブログ（クール・テック・散らばった写真コラージュ）","プロ（演出多め）"
"WEB-00508","内科・クリニックのクリニック・医院サイト（信頼・誠実（コーポレート）・ローディング演出→ロゴ→メインビジュアル）","上級"
"WEB-00509","引越し・生活サービスのコーポレートサイト（3D・クレイ・フェード/ズームのスライドショー）","プロ（演出多め）"
"WEB-00510","歯科医院のコーポレートサイト（ナチュラル・オーガニック・縦書きコピー＋余白）","プロ（演出多め）"
"WEB-00511","AIサービス・スタートアップのサービスサイト（ミニマル・洗練・縦書きコピー＋余白）","プロ（演出多め）"
"WEB-00512","アパレル・ファッションECのサービスサイト（レトロ・Y2K・フェード/ズームのスライドショー）","上級"
"WEB-00513","引越し・生活サービスのオウンドメディア・ブログ（3D・クレイ・3Dオブジェクト/ジェネラティブ背景）","上級"
"WEB-00514","ゲーム・eスポーツのイベント・フェスサイト（エネルギッシュ・スポーティ・全画面ループ動画）","プロ（演出多め）"
"WEB-00515","NPO・地方自治体のイベント・フェスサイト（ジオメトリック・グラフィカル・スクロール連動のストーリー）","上級"
"WEB-00516","引越し・生活サービスのブランドサイト（信頼・誠実（コーポレート）・画面2分割（写真｜コピー））","上級"
"WEB-00517","コンサル・コーチングの採用サイト（ミニマル・洗練・フェード/ズームのスライドショー）","プロ（演出多め）"
"WEB-00518","採用・求人のブランドサイト（信頼・誠実（コーポレート）・画面2分割（写真｜コピー））","プロ（演出多め）"
"WEB-00519","エステ・脱毛サロンのサービスサイト（パステル・ドリーミー・ローディング演出→ロゴ→メインビジュアル）","プロ（演出多め）"
"WEB-00520","YouTuber・インフルエンサーのイベント・フェスサイト（ネオン・サイバー・縦書きコピー＋余白）","プロ（演出多め）"
"WEB-00521","アパレル・ファッションECのサービスサイト（ナチュラル・オーガニック・縦書きコピー＋余白）","上級"
"WEB-00522","SaaS・BtoBツールのオウンドメディア・ブログ（グラスモーフィズム・3Dオブジェクト/ジェネラティブ背景）","プロ（演出多め）"
"WEB-00523","ホテル・旅館の採用サイト（和モダン・縦書きコピー＋余白）","プロ（演出多め）"
"WEB-00524","AIサービス・スタートアップの採用サイト（3D・クレイ・3Dオブジェクト/ジェネラティブ背景）","プロ（演出多め）"
"WEB-00525","エステ・脱毛サロンのコーポレートサイト（かわいい・ガーリー・ローディング演出→ロゴ→メインビジュアル）","上級"
"WEB-00526","ヨガ・ピラティスのブランドサイト（かわいい・ガーリー・フェード/ズームのスライドショー）","上級"
"WEB-00527","スクール・オンライン講座の採用サイト（クール・テック・フェード/ズームのスライドショー）","プロ（演出多め）"
"WEB-00528","不動産・マンションの採用サイト（ラグジュアリー・高級感・3Dオブジェクト/ジェネラティブ背景）","プロ（演出多め）"
"WEB-00529","NPO・地方自治体のブランドサイト（ジオメトリック・グラフィカル・縦書きコピー＋余白）","プロ（演出多め）"
"WEB-00530","ペット・トリミング・動物病院のクリニック・医院サイト（3D・クレイ・散らばった写真コラージュ）","上級"
"WEB-00531","ペット・トリミング・動物病院のオウンドメディア・ブログ（3D・クレイ・画面2分割（写真｜コピー））","プロ（演出多め）"
"WEB-00532","内科・クリニックのオウンドメディア・ブログ（北欧・ライフスタイル・ローディング演出→ロゴ→メインビジュアル）","上級"
"WEB-00533","コンサル・コーチングのサービスサイト（信頼・誠実（コーポレート）・3Dオブジェクト/ジェネラティブ背景）","プロ（演出多め）"
"WEB-00534","アパレル・ファッションECのコーポレートサイト（レトロ・Y2K・全画面ループ動画）","上級"
"WEB-00535","クラウドファンディング・新商品のオウンドメディア・ブログ（ポップ・カラフル・巨大コピー＋小さな写真）","プロ（演出多め）"
"WEB-00536","レストラン・居酒屋のブランドサイト（和モダン・3Dオブジェクト/ジェネラティブ背景）","プロ（演出多め）"
"WEB-00537","食品・産直ECのオウンドメディア・ブログ（ジオメトリック・グラフィカル・画面2分割（写真｜コピー））","プロ（演出多め）"
"WEB-00538","自動車・バイクのコーポレートサイト（クール・テック・フェード/ズームのスライドショー）","プロ（演出多め）"
"WEB-00539","観光・地域プロモーションの採用サイト（和モダン・スクロール連動のストーリー）","プロ（演出多め）"
"WEB-00540","NPO・地方自治体のイベント・フェスサイト（信頼・誠実（コーポレート）・全画面ループ動画）","プロ（演出多め）"
"WEB-00541","スクール・オンライン講座の採用サイト（ポップ・カラフル・散らばった写真コラージュ）","プロ（演出多め）"
"WEB-00542","エステ・脱毛サロンの店舗サイト（飲食・美容・サロン）（かわいい・ガーリー・散らばった写真コラージュ）","プロ（演出多め）"
"WEB-00543","歯科医院のサービスサイト（信頼・誠実（コーポレート）・縦書きコピー＋余白）","プロ（演出多め）"
"WEB-00544","英会話・語学のコーポレートサイト（3D・クレイ・フェード/ズームのスライドショー）","上級"
"WEB-00545","美容クリニックの採用サイト（ラグジュアリー・高級感・スクロール連動のストーリー）","プロ（演出多め）"
"WEB-00546","エステ・脱毛サロンのオウンドメディア・ブログ（ミニマル・洗練・巨大コピー＋小さな写真）","プロ（演出多め）"
"WEB-00547","ウェディング・結婚相談所の採用サイト（ダーク・シネマティック・ローディング演出→ロゴ→メインビジュアル）","プロ（演出多め）"
"WEB-00548","保育園・幼児教育・習い事のブランドサイト（ハンドメイド・手書き・巨大コピー＋小さな写真）","プロ（演出多め）"
"WEB-00549","アパレル・ファッションECのコーポレートサイト（ジオメトリック・グラフィカル・フェード/ズームのスライドショー）","プロ（演出多め）"
"WEB-00550","エステ・脱毛サロンのサービスサイト（ラグジュアリー・高級感・3Dオブジェクト/ジェネラティブ背景）","上級"
"WEB-00551","ゲーム・eスポーツのイベント・フェスサイト（ネオン・サイバー・散らばった写真コラージュ）","プロ（演出多め）"
"WEB-00552","カフェ・ベーカリーの採用サイト（エディトリアル・雑誌風・散らばった写真コラージュ）","上級"
"WEB-00553","保育園・幼児教育・習い事のスクール・教室サイト（ナチュラル・オーガニック・散らばった写真コラージュ）","上級"
"WEB-00554","保育園・幼児教育・習い事のスクール・教室サイト（ナチュラル・オーガニック・巨大コピー＋小さな写真）","上級"
"WEB-00555","建築設計事務所の採用サイト（ジオメトリック・グラフィカル・散らばった写真コラージュ）","上級"
"WEB-00556","Web制作・デザイン事務所の採用サイト（エディトリアル・雑誌風・全画面ループ動画）","上級"
"WEB-00557","クラウドファンディング・新商品のオウンドメディア・ブログ（ネオン・サイバー・散らばった写真コラージュ）","プロ（演出多め）"
"WEB-00558","美容クリニックのサービスサイト（信頼・誠実（コーポレート）・スクロール連動のストーリー）","上級"
"WEB-00559","美容クリニックの採用サイト（ラグジュアリー・高級感・巨大コピー＋小さな写真）","上級"
"WEB-00560","ヨガ・ピラティスの採用サイト（ミニマル・洗練・縦書きコピー＋余白）","プロ（演出多め）"
"WEB-00561","ヨガ・ピラティスのスクール・教室サイト（ミニマル・洗練・巨大コピー＋小さな写真）","上級"
"WEB-00562","歯科医院のコーポレートサイト（信頼・誠実（コーポレート）・全画面ループ動画）","プロ（演出多め）"
"WEB-00563","自動車・バイクのコーポレートサイト（クール・テック・スクロール連動のストーリー）","プロ（演出多め）"
"WEB-00564","パーソナルジム・フィットネスのオウンドメディア・ブログ（ジオメトリック・グラフィカル・フェード/ズームのスライドショー）","プロ（演出多め）"
"WEB-00565","ペット・トリミング・動物病院のブランドサイト（ハンドメイド・手書き・ローディング演出→ロゴ→メインビジュアル）","上級"
"WEB-00566","農業・地方の生産者のコーポレートサイト（ハンドメイド・手書き・3Dオブジェクト/ジェネラティブ背景）","プロ（演出多め）"
"WEB-00567","レストラン・居酒屋のサービスサイト（ラグジュアリー・高級感・画面2分割（写真｜コピー））","上級"
"WEB-00568","歯科医院のオウンドメディア・ブログ（ナチュラル・オーガニック・散らばった写真コラージュ）","プロ（演出多め）"
"WEB-00569","プログラミングスクールのスクール・教室サイト（3D・クレイ・縦書きコピー＋余白）","上級"
"WEB-00570","音楽・ライブ・イベントのブランドサイト（ダーク・シネマティック・フェード/ズームのスライドショー）","上級"
"WEB-00571","農業・地方の生産者のECサイト（ナチュラル・オーガニック・縦書きコピー＋余白）","プロ（演出多め）"
"WEB-00572","コスメ・スキンケアのECサイト（かわいい・ガーリー・画面2分割（写真｜コピー））","プロ（演出多め）"
"WEB-00573","美容室・ヘアサロンの店舗サイト（飲食・美容・サロン）（レトロ・Y2K・画面2分割（写真｜コピー））","プロ（演出多め）"
"WEB-00574","コスメ・スキンケアのECサイト（ラグジュアリー・高級感・散らばった写真コラージュ）","プロ（演出多め）"
"WEB-00575","YouTuber・インフルエンサーの採用サイト（ニューブルータリズム・全画面ループ動画）","プロ（演出多め）"
"WEB-00576","レストラン・居酒屋の店舗サイト（飲食・美容・サロン）（和モダン・縦書きコピー＋余白）","プロ（演出多め）"
"WEB-00577","NPO・地方自治体のブランドサイト（ハンドメイド・手書き・ローディング演出→ロゴ→メインビジュアル）","上級"
"WEB-00578","歯科医院のコーポレートサイト（信頼・誠実（コーポレート）・3Dオブジェクト/ジェネラティブ背景）","上級"
"WEB-00579","建築設計事務所のオウンドメディア・ブログ（ジオメトリック・グラフィカル・ローディング演出→ロゴ→メインビジュアル）","プロ（演出多め）"
"WEB-00580","Web制作・デザイン事務所のコーポレートサイト（かわいい・ガーリー・全画面ループ動画）","プロ（演出多め）"
"WEB-00581","美容クリニックの店舗サイト（飲食・美容・サロン）（信頼・誠実（コーポレート）・ローディング演出→ロゴ→メインビジュアル）","プロ（演出多め）"
"WEB-00582","アパレル・ファッションECのサービスサイト（ニューブルータリズム・ローディング演出→ロゴ→メインビジュアル）","プロ（演出多め）"
"WEB-00583","アパレル・ファッションECのECサイト（ニューブルータリズム・縦書きコピー＋余白）","プロ（演出多め）"
"WEB-00584","内科・クリニックのコーポレートサイト（北欧・ライフスタイル・画面2分割（写真｜コピー））","プロ（演出多め）"
"WEB-00585","スマホアプリのコーポレートサイト（クール・テック・画面2分割（写真｜コピー））","上級"
"WEB-00586","コスメ・スキンケアの採用サイト（ラグジュアリー・高級感・縦書きコピー＋余白）","プロ（演出多め）"
"WEB-00587","農業・地方の生産者のECサイト（和モダン・縦書きコピー＋余白）","上級"
"WEB-00588","ホテル・旅館のブランドサイト（ダーク・シネマティック・フェード/ズームのスライドショー）","上級"
"WEB-00589","スマホアプリのサービスサイト（ネオン・サイバー・スクロール連動のストーリー）","上級"
"WEB-00590","美容室・ヘアサロンのブランドサイト（ナチュラル・オーガニック・全画面ループ動画）","プロ（演出多め）"
"WEB-00591","コンサル・コーチングのコーポレートサイト（ミニマル・洗練・縦書きコピー＋余白）","上級"
"WEB-00592","スマホアプリのサービスサイト（クール・テック・3Dオブジェクト/ジェネラティブ背景）","プロ（演出多め）"
"WEB-00593","士業（税理士・弁護士・行政書士）のサービスサイト（和モダン・ローディング演出→ロゴ→メインビジュアル）","プロ（演出多め）"
"WEB-00594","ウェディング・結婚相談所のサービスサイト（パステル・ドリーミー・スクロール連動のストーリー）","上級"
"WEB-00595","保育園・幼児教育・習い事のオウンドメディア・ブログ（エディトリアル・雑誌風・スクロール連動のストーリー）","上級"
"WEB-00596","保育園・幼児教育・習い事のサービスサイト（かわいい・ガーリー・縦書きコピー＋余白）","プロ（演出多め）"
"WEB-00597","引越し・生活サービスのサービスサイト（北欧・ライフスタイル・縦書きコピー＋余白）","上級"
"WEB-00598","カフェ・ベーカリーの採用サイト（ナチュラル・オーガニック・縦書きコピー＋余白）","上級"
"WEB-00599","スマホアプリの採用サイト（クール・テック・縦書きコピー＋余白）","プロ（演出多め）"
"WEB-00600","カフェ・ベーカリーのサービスサイト（ナチュラル・オーガニック・全画面ループ動画）","プロ（演出多め）"
"WEB-00601","引越し・生活サービスのオウンドメディア・ブログ（信頼・誠実（コーポレート）・散らばった写真コラージュ）","プロ（演出多め）"
"WEB-00602","スクール・オンライン講座のオウンドメディア・ブログ（クール・テック・散らばった写真コラージュ）","プロ（演出多め）"
"WEB-00603","建築設計事務所のコーポレートサイト（ミニマル・洗練・ローディング演出→ロゴ→メインビジュアル）","プロ（演出多め）"
"WEB-00604","エステ・脱毛サロンのサービスサイト（ミニマル・洗練・巨大コピー＋小さな写真）","プロ（演出多め）"
"WEB-00605","音楽・ライブ・イベントのイベント・フェスサイト（ネオン・サイバー・3Dオブジェクト/ジェネラティブ背景）","上級"
"WEB-00606","クラウドファンディング・新商品の採用サイト（クール・テック・3Dオブジェクト/ジェネラティブ背景）","プロ（演出多め）"
"WEB-00607","スクール・オンライン講座のスクール・教室サイト（3D・クレイ・散らばった写真コラージュ）","上級"
"WEB-00608","プログラミングスクールのオウンドメディア・ブログ（クール・テック・フェード/ズームのスライドショー）","プロ（演出多め）"
"WEB-00609","ホテル・旅館のブランドサイト（かわいい・ガーリー・全画面ループ動画）","上級"
"WEB-00610","金融・保険・投資のコーポレートサイト（ジオメトリック・グラフィカル・画面2分割（写真｜コピー））","プロ（演出多め）"
"WEB-00611","ゲーム・eスポーツのブランドサイト（ハンドメイド・手書き・スクロール連動のストーリー）","プロ（演出多め）"
"WEB-00612","内科・クリニックのオウンドメディア・ブログ（信頼・誠実（コーポレート）・画面2分割（写真｜コピー））","プロ（演出多め）"
"WEB-00613","建築設計事務所のコーポレートサイト（ミニマル・洗練・散らばった写真コラージュ）","プロ（演出多め）"
"WEB-00614","Web制作・デザイン事務所のコーポレートサイト（ダーク・シネマティック・散らばった写真コラージュ）","上級"
"WEB-00615","士業（税理士・弁護士・行政書士）のサービスサイト（信頼・誠実（コーポレート）・散らばった写真コラージュ）","プロ（演出多め）"
"WEB-00616","自動車・バイクの採用サイト（クール・テック・フェード/ズームのスライドショー）","上級"
"WEB-00617","エステ・脱毛サロンのサービスサイト（ラグジュアリー・高級感・フェード/ズームのスライドショー）","プロ（演出多め）"
"WEB-00618","パーソナルジム・フィットネスのブランドサイト（エネルギッシュ・スポーティ・全画面ループ動画）","プロ（演出多め）"
"WEB-00619","クラウドファンディング・新商品の採用サイト（ポップ・カラフル・3Dオブジェクト/ジェネラティブ背景）","上級"
"WEB-00620","クラウドファンディング・新商品のオウンドメディア・ブログ（ナチュラル・オーガニック・画面2分割（写真｜コピー））","プロ（演出多め）"
"WEB-00621","工務店・注文住宅・リフォームのブランドサイト（ナチュラル・オーガニック・スクロール連動のストーリー）","プロ（演出多め）"
"WEB-00622","パーソナルジム・フィットネスのブランドサイト（ダーク・シネマティック・全画面ループ動画）","プロ（演出多め）"
"WEB-00623","AIサービス・スタートアップのコーポレートサイト（ミニマル・洗練・散らばった写真コラージュ）","上級"
"WEB-00624","引越し・生活サービスのコーポレートサイト（エネルギッシュ・スポーティ・スクロール連動のストーリー）","プロ（演出多め）"
"WEB-00625","士業（税理士・弁護士・行政書士）のオウンドメディア・ブログ（和モダン・フェード/ズームのスライドショー）","プロ（演出多め）"
"WEB-00626","コスメ・スキンケアのブランドサイト（ナチュラル・オーガニック・3Dオブジェクト/ジェネラティブ背景）","プロ（演出多め）"
"WEB-00627","ゲーム・eスポーツのブランドサイト（エネルギッシュ・スポーティ・画面2分割（写真｜コピー））","上級"
"WEB-00628","観光・地域プロモーションのホテル・旅館サイト（和モダン・散らばった写真コラージュ）","上級"
"WEB-00629","英会話・語学のブランドサイト（ジオメトリック・グラフィカル・散らばった写真コラージュ）","プロ（演出多め）"
"WEB-00630","ホテル・旅館のコーポレートサイト（和モダン・3Dオブジェクト/ジェネラティブ背景）","プロ（演出多め）"
"WEB-00631","採用・求人の採用サイト（エディトリアル・雑誌風・フェード/ズームのスライドショー）","プロ（演出多め）"
"WEB-00632","農業・地方の生産者の採用サイト（ナチュラル・オーガニック・3Dオブジェクト/ジェネラティブ背景）","プロ（演出多め）"
"WEB-00633","NPO・地方自治体のサービスサイト（ナチュラル・オーガニック・散らばった写真コラージュ）","プロ（演出多め）"
"WEB-00634","自動車・バイクのブランドサイト（エネルギッシュ・スポーティ・巨大コピー＋小さな写真）","プロ（演出多め）"
"WEB-00635","金融・保険・投資の採用サイト（信頼・誠実（コーポレート）・縦書きコピー＋余白）","プロ（演出多め）"
"WEB-00636","ゲーム・eスポーツのオウンドメディア・ブログ（グラスモーフィズム・スクロール連動のストーリー）","プロ（演出多め）"
"WEB-00637","採用・求人のオウンドメディア・ブログ（エネルギッシュ・スポーティ・縦書きコピー＋余白）","プロ（演出多め）"
"WEB-00638","YouTuber・インフルエンサーの採用サイト（かわいい・ガーリー・巨大コピー＋小さな写真）","プロ（演出多め）"
"WEB-00639","採用・求人のオウンドメディア・ブログ（かわいい・ガーリー・スクロール連動のストーリー）","上級"
"WEB-00640","工務店・注文住宅・リフォームのサービスサイト（信頼・誠実（コーポレート）・画面2分割（写真｜コピー））","上級"
"WEB-00641","歯科医院のコーポレートサイト（ダーク・シネマティック・画面2分割（写真｜コピー））","プロ（演出多め）"
"WEB-00642","英会話・語学のスクール・教室サイト（ポップ・カラフル・全画面ループ動画）","上級"
"WEB-00643","スマホアプリのブランドサイト（3D・クレイ・巨大コピー＋小さな写真）","上級"
"WEB-00644","音楽・ライブ・イベントのコーポレートサイト（レトロ・Y2K・画面2分割（写真｜コピー））","上級"
"WEB-00645","音楽・ライブ・イベントのサービスサイト（ジオメトリック・グラフィカル・縦書きコピー＋余白）","プロ（演出多め）"
"WEB-00646","ウェディング・結婚相談所のサービスサイト（パステル・ドリーミー・3Dオブジェクト/ジェネラティブ背景）","プロ（演出多め）"
"WEB-00647","士業（税理士・弁護士・行政書士）のコーポレートサイト（ジオメトリック・グラフィカル・フェード/ズームのスライドショー）","上級"
"WEB-00648","和菓子・スイーツのECサイト（和モダン・ローディング演出→ロゴ→メインビジュアル）","上級"
"WEB-00649","ヨガ・ピラティスの採用サイト（ナチュラル・オーガニック・3Dオブジェクト/ジェネラティブ背景）","プロ（演出多め）"
"WEB-00650","音楽・ライブ・イベントのサービスサイト（和モダン・フェード/ズームのスライドショー）","上級"
"WEB-00651","音楽・ライブ・イベントのブランドサイト（ダーク・シネマティック・フェード/ズームのスライドショー）","プロ（演出多め）"
"WEB-00652","コンサル・コーチングのコーポレートサイト（ラグジュアリー・高級感・縦書きコピー＋余白）","プロ（演出多め）"
"WEB-00653","建築設計事務所の採用サイト（ミニマル・洗練・スクロール連動のストーリー）","上級"
"WEB-00654","YouTuber・インフルエンサーのオウンドメディア・ブログ（ナチュラル・オーガニック・縦書きコピー＋余白）","プロ（演出多め）"
"WEB-00655","和菓子・スイーツのオウンドメディア・ブログ（和モダン・全画面ループ動画）","プロ（演出多め）"
"WEB-00656","AIサービス・スタートアップの採用サイト（ネオン・サイバー・全画面ループ動画）","プロ（演出多め）"
"WEB-00657","不動産・マンションのオウンドメディア・ブログ（ダーク・シネマティック・全画面ループ動画）","上級"
"WEB-00658","美容クリニックの採用サイト（グラスモーフィズム・巨大コピー＋小さな写真）","上級"
"WEB-00659","コスメ・スキンケアの採用サイト（ネオン・サイバー・画面2分割（写真｜コピー））","プロ（演出多め）"
"WEB-00660","スクール・オンライン講座のブランドサイト（3D・クレイ・スクロール連動のストーリー）","上級"
"WEB-00661","金融・保険・投資のサービスサイト（ミニマル・洗練・巨大コピー＋小さな写真）","プロ（演出多め）"
"WEB-00662","音楽・ライブ・イベントのオウンドメディア・ブログ（ダーク・シネマティック・縦書きコピー＋余白）","プロ（演出多め）"
"WEB-00663","自動車・バイクの採用サイト（ラグジュアリー・高級感・縦書きコピー＋余白）","プロ（演出多め）"
"WEB-00664","自動車・バイクの採用サイト（ラグジュアリー・高級感・巨大コピー＋小さな写真）","プロ（演出多め）"
"WEB-00665","パーソナルジム・フィットネスのオウンドメディア・ブログ（エネルギッシュ・スポーティ・巨大コピー＋小さな写真）","プロ（演出多め）"
"WEB-00666","美容室・ヘアサロンのブランドサイト（かわいい・ガーリー・散らばった写真コラージュ）","プロ（演出多め）"
"WEB-00667","アパレル・ファッションECのコーポレートサイト（レトロ・Y2K・3Dオブジェクト/ジェネラティブ背景）","上級"
"WEB-00668","美容クリニックのクリニック・医院サイト（信頼・誠実（コーポレート）・全画面ループ動画）","プロ（演出多め）"
"WEB-00669","自動車・バイクのブランドサイト（ラグジュアリー・高級感・フェード/ズームのスライドショー）","プロ（演出多め）"
"WEB-00670","ヨガ・ピラティスのスクール・教室サイト（パステル・ドリーミー・3Dオブジェクト/ジェネラティブ背景）","プロ（演出多め）"
"WEB-00671","プログラミングスクールのコーポレートサイト（クール・テック・スクロール連動のストーリー）","プロ（演出多め）"
"WEB-00672","コンサル・コーチングのポートフォリオ（個人/事務所）（ミニマル・洗練・全画面ループ動画）","プロ（演出多め）"
"WEB-00673","スマホアプリのブランドサイト（グラスモーフィズム・スクロール連動のストーリー）","プロ（演出多め）"
"WEB-00674","パーソナルジム・フィットネスのブランドサイト（ダーク・シネマティック・巨大コピー＋小さな写真）","プロ（演出多め）"
"WEB-00675","採用・求人のサービスサイト（信頼・誠実（コーポレート）・散らばった写真コラージュ）","上級"
"WEB-00676","カフェ・ベーカリーの店舗サイト（飲食・美容・サロン）（ハンドメイド・手書き・縦書きコピー＋余白）","上級"
"WEB-00677","英会話・語学のコーポレートサイト（ジオメトリック・グラフィカル・巨大コピー＋小さな写真）","上級"
"WEB-00678","SaaS・BtoBツールのブランドサイト（信頼・誠実（コーポレート）・3Dオブジェクト/ジェネラティブ背景）","プロ（演出多め）"
"WEB-00679","カフェ・ベーカリーの店舗サイト（飲食・美容・サロン）（ナチュラル・オーガニック・縦書きコピー＋余白）","プロ（演出多め）"
"WEB-00680","観光・地域プロモーションの採用サイト（北欧・ライフスタイル・散らばった写真コラージュ）","プロ（演出多め）"
"WEB-00681","NPO・地方自治体のブランドサイト（ネオン・サイバー・フェード/ズームのスライドショー）","上級"
"WEB-00682","プログラミングスクールのスクール・教室サイト（クール・テック・散らばった写真コラージュ）","プロ（演出多め）"
"WEB-00683","建築設計事務所のコーポレートサイト（ミニマル・洗練・散らばった写真コラージュ）","プロ（演出多め）"
"WEB-00684","観光・地域プロモーションの自治体・観光協会サイト（グラスモーフィズム・画面2分割（写真｜コピー））","上級"
"WEB-00685","ペット・トリミング・動物病院の採用サイト（3D・クレイ・画面2分割（写真｜コピー））","プロ（演出多め）"
"WEB-00686","和菓子・スイーツのブランドサイト（エネルギッシュ・スポーティ・巨大コピー＋小さな写真）","上級"
"WEB-00687","自動車・バイクのサービスサイト（ポップ・カラフル・縦書きコピー＋余白）","プロ（演出多め）"
"WEB-00688","ペット・トリミング・動物病院のクリニック・医院サイト（ハンドメイド・手書き・スクロール連動のストーリー）","プロ（演出多め）"
"WEB-00689","パーソナルジム・フィットネスのコーポレートサイト（ダーク・シネマティック・全画面ループ動画）","プロ（演出多め）"
"WEB-00690","AIサービス・スタートアップのサービスサイト（クール・テック・縦書きコピー＋余白）","プロ（演出多め）"
"WEB-00691","建築設計事務所のサービスサイト（ジオメトリック・グラフィカル・ローディング演出→ロゴ→メインビジュアル）","プロ（演出多め）"
"WEB-00692","美容室・ヘアサロンのオウンドメディア・ブログ（エディトリアル・雑誌風・フェード/ズームのスライドショー）","上級"
"WEB-00693","Web制作・デザイン事務所のブランドサイト（ニューブルータリズム・ローディング演出→ロゴ→メインビジュアル）","上級"
"WEB-00694","美容クリニックのクリニック・医院サイト（ラグジュアリー・高級感・巨大コピー＋小さな写真）","プロ（演出多め）"
"WEB-00695","工務店・注文住宅・リフォームの採用サイト（ミニマル・洗練・巨大コピー＋小さな写真）","プロ（演出多め）"
"WEB-00696","AIサービス・スタートアップの採用サイト（ミニマル・洗練・スクロール連動のストーリー）","プロ（演出多め）"
"WEB-00697","AIサービス・スタートアップのコーポレートサイト（グラスモーフィズム・ローディング演出→ロゴ→メインビジュアル）","プロ（演出多め）"
"WEB-00698","クラウドファンディング・新商品のコーポレートサイト（かわいい・ガーリー・ローディング演出→ロゴ→メインビジュアル）","上級"
"WEB-00699","NPO・地方自治体のイベント・フェスサイト（ナチュラル・オーガニック・フェード/ズームのスライドショー）","プロ（演出多め）"
"WEB-00700","スマホアプリのサービスサイト（ハンドメイド・手書き・3Dオブジェクト/ジェネラティブ背景）","上級"
"WEB-00701","採用・求人のコーポレートサイト（ポップ・カラフル・縦書きコピー＋余白）","プロ（演出多め）"
"WEB-00702","コスメ・スキンケアのサービスサイト（ミニマル・洗練・スクロール連動のストーリー）","プロ（演出多め）"
"WEB-00703","建築設計事務所のポートフォリオ（個人/事務所）（3D・クレイ・フェード/ズームのスライドショー）","プロ（演出多め）"
"WEB-00704","スクール・オンライン講座のブランドサイト（クール・テック・3Dオブジェクト/ジェネラティブ背景）","上級"
"WEB-00705","レストラン・居酒屋のサービスサイト（レトロ・Y2K・3Dオブジェクト/ジェネラティブ背景）","上級"
"WEB-00706","和菓子・スイーツのコーポレートサイト（かわいい・ガーリー・全画面ループ動画）","上級"
"WEB-00707","サウナ・温浴施設のコーポレートサイト（ニューブルータリズム・縦書きコピー＋余白）","プロ（演出多め）"
"WEB-00708","士業（税理士・弁護士・行政書士）のコーポレートサイト（和モダン・画面2分割（写真｜コピー））","プロ（演出多め）"
"WEB-00709","保育園・幼児教育・習い事のサービスサイト（ナチュラル・オーガニック・スクロール連動のストーリー）","プロ（演出多め）"
"WEB-00710","ペット・トリミング・動物病院の採用サイト（3D・クレイ・スクロール連動のストーリー）","プロ（演出多め）"
"WEB-00711","歯科医院のクリニック・医院サイト（ナチュラル・オーガニック・巨大コピー＋小さな写真）","プロ（演出多め）"
"WEB-00712","AIサービス・スタートアップのオウンドメディア・ブログ（ミニマル・洗練・ローディング演出→ロゴ→メインビジュアル）","プロ（演出多め）"
"WEB-00713","歯科医院の採用サイト（ナチュラル・オーガニック・スクロール連動のストーリー）","プロ（演出多め）"
"WEB-00714","金融・保険・投資のサービスサイト（ミニマル・洗練・フェード/ズームのスライドショー）","プロ（演出多め）"
"WEB-00715","工務店・注文住宅・リフォームのオウンドメディア・ブログ（ミニマル・洗練・巨大コピー＋小さな写真）","プロ（演出多め）"
"WEB-00716","工務店・注文住宅・リフォームのブランドサイト（ジオメトリック・グラフィカル・スクロール連動のストーリー）","プロ（演出多め）"
"WEB-00717","音楽・ライブ・イベントのイベント・フェスサイト（ニューブルータリズム・スクロール連動のストーリー）","上級"
"WEB-00718","不動産・マンションのオウンドメディア・ブログ（ラグジュアリー・高級感・散らばった写真コラージュ）","上級"
"WEB-00719","食品・産直ECのサービスサイト（ポップ・カラフル・画面2分割（写真｜コピー））","プロ（演出多め）"
"WEB-00720","自動車・バイクのブランドサイト（クール・テック・全画面ループ動画）","プロ（演出多め）"
"WEB-00721","歯科医院の採用サイト（ミニマル・洗練・3Dオブジェクト/ジェネラティブ背景）","プロ（演出多め）"
"WEB-00722","美容クリニックの採用サイト（ラグジュアリー・高級感・スクロール連動のストーリー）","プロ（演出多め）"
"WEB-00723","観光・地域プロモーションのオウンドメディア・ブログ（ダーク・シネマティック・縦書きコピー＋余白）","プロ（演出多め）"
"WEB-00724","和菓子・スイーツのコーポレートサイト（かわいい・ガーリー・全画面ループ動画）","プロ（演出多め）"
"WEB-00725","引越し・生活サービスの採用サイト（3D・クレイ・巨大コピー＋小さな写真）","上級"
"WEB-00726","農業・地方の生産者の採用サイト（和モダン・全画面ループ動画）","プロ（演出多め）"
"WEB-00727","プログラミングスクールの採用サイト（ネオン・サイバー・フェード/ズームのスライドショー）","上級"
"WEB-00728","占い・スピリチュアルのサービスサイト（ラグジュアリー・高級感・ローディング演出→ロゴ→メインビジュアル）","プロ（演出多め）"
"WEB-00729","Web制作・デザイン事務所のサービスサイト（エディトリアル・雑誌風・散らばった写真コラージュ）","上級"
"WEB-00730","SaaS・BtoBツールのブランドサイト（3D・クレイ・巨大コピー＋小さな写真）","プロ（演出多め）"
"WEB-00731","英会話・語学のブランドサイト（信頼・誠実（コーポレート）・3Dオブジェクト/ジェネラティブ背景）","上級"
"WEB-00732","エステ・脱毛サロンのコーポレートサイト（パステル・ドリーミー・ローディング演出→ロゴ→メインビジュアル）","上級"
"WEB-00733","カフェ・ベーカリーのブランドサイト（エディトリアル・雑誌風・3Dオブジェクト/ジェネラティブ背景）","プロ（演出多め）"
"WEB-00734","コスメ・スキンケアのオウンドメディア・ブログ（ナチュラル・オーガニック・散らばった写真コラージュ）","プロ（演出多め）"
"WEB-00735","Web制作・デザイン事務所のオウンドメディア・ブログ（ダーク・シネマティック・3Dオブジェクト/ジェネラティブ背景）","プロ（演出多め）"
"WEB-00736","スマホアプリのオウンドメディア・ブログ（グラスモーフィズム・ローディング演出→ロゴ→メインビジュアル）","プロ（演出多め）"
"WEB-00737","SaaS・BtoBツールのオウンドメディア・ブログ（クール・テック・3Dオブジェクト/ジェネラティブ背景）","プロ（演出多め）"
"WEB-00738","和菓子・スイーツの店舗サイト（飲食・美容・サロン）（ラグジュアリー・高級感・スクロール連動のストーリー）","プロ（演出多め）"
"WEB-00739","コスメ・スキンケアの採用サイト（パステル・ドリーミー・散らばった写真コラージュ）","プロ（演出多め）"
"WEB-00740","農業・地方の生産者のオウンドメディア・ブログ（かわいい・ガーリー・巨大コピー＋小さな写真）","プロ（演出多め）"
"WEB-00741","和菓子・スイーツのブランドサイト（ナチュラル・オーガニック・散らばった写真コラージュ）","プロ（演出多め）"
"WEB-00742","英会話・語学のスクール・教室サイト（ポップ・カラフル・散らばった写真コラージュ）","上級"
"WEB-00743","食品・産直ECのコーポレートサイト（かわいい・ガーリー・スクロール連動のストーリー）","プロ（演出多め）"
"WEB-00744","コスメ・スキンケアのオウンドメディア・ブログ（ハンドメイド・手書き・画面2分割（写真｜コピー））","上級"
"WEB-00745","建築設計事務所のオウンドメディア・ブログ（ジオメトリック・グラフィカル・巨大コピー＋小さな写真）","プロ（演出多め）"
"WEB-00746","引越し・生活サービスのオウンドメディア・ブログ（信頼・誠実（コーポレート）・全画面ループ動画）","プロ（演出多め）"
"WEB-00747","サウナ・温浴施設のコーポレートサイト（北欧・ライフスタイル・ローディング演出→ロゴ→メインビジュアル）","プロ（演出多め）"
"WEB-00748","占い・スピリチュアルの採用サイト（ラグジュアリー・高級感・全画面ループ動画）","上級"
"WEB-00749","音楽・ライブ・イベントのコーポレートサイト（ニューブルータリズム・3Dオブジェクト/ジェネラティブ背景）","プロ（演出多め）"
"WEB-00750","和菓子・スイーツのブランドサイト（パステル・ドリーミー・全画面ループ動画）","プロ（演出多め）"
"WEB-00751","美容クリニックのコーポレートサイト（ラグジュアリー・高級感・3Dオブジェクト/ジェネラティブ背景）","上級"
"WEB-00752","採用・求人の採用サイト（かわいい・ガーリー・画面2分割（写真｜コピー））","上級"
"WEB-00753","内科・クリニックのクリニック・医院サイト（北欧・ライフスタイル・縦書きコピー＋余白）","プロ（演出多め）"
"WEB-00754","不動産・マンションのブランドサイト（ミニマル・洗練・スクロール連動のストーリー）","プロ（演出多め）"
"WEB-00755","NPO・地方自治体の採用サイト（信頼・誠実（コーポレート）・スクロール連動のストーリー）","プロ（演出多め）"
"WEB-00756","ウェディング・結婚相談所のポートフォリオ（個人/事務所）（かわいい・ガーリー・フェード/ズームのスライドショー）","上級"
"WEB-00757","内科・クリニックのクリニック・医院サイト（信頼・誠実（コーポレート）・散らばった写真コラージュ）","プロ（演出多め）"
"WEB-00758","カフェ・ベーカリーのブランドサイト（北欧・ライフスタイル・ローディング演出→ロゴ→メインビジュアル）","上級"
"WEB-00759","英会話・語学のコーポレートサイト（ジオメトリック・グラフィカル・フェード/ズームのスライドショー）","上級"
"WEB-00760","カフェ・ベーカリーのサービスサイト（クール・テック・3Dオブジェクト/ジェネラティブ背景）","プロ（演出多め）"
"WEB-00761","農業・地方の生産者のサービスサイト（和モダン・散らばった写真コラージュ）","プロ（演出多め）"
"WEB-00762","採用・求人の採用サイト（エネルギッシュ・スポーティ・縦書きコピー＋余白）","プロ（演出多め）"
"WEB-00763","カフェ・ベーカリーのブランドサイト（レトロ・Y2K・スクロール連動のストーリー）","上級"
"WEB-00764","レストラン・居酒屋のブランドサイト（レトロ・Y2K・散らばった写真コラージュ）","上級"
"WEB-00765","アパレル・ファッションECのオウンドメディア・ブログ（ニューブルータリズム・巨大コピー＋小さな写真）","プロ（演出多め）"
"WEB-00766","和菓子・スイーツのブランドサイト（ナチュラル・オーガニック・散らばった写真コラージュ）","プロ（演出多め）"
"WEB-00767","AIサービス・スタートアップのオウンドメディア・ブログ（ネオン・サイバー・画面2分割（写真｜コピー））","プロ（演出多め）"
"WEB-00768","内科・クリニックのコーポレートサイト（ナチュラル・オーガニック・全画面ループ動画）","プロ（演出多め）"
"WEB-00769","パーソナルジム・フィットネスの採用サイト（パステル・ドリーミー・画面2分割（写真｜コピー））","プロ（演出多め）"
"WEB-00770","美容クリニックのオウンドメディア・ブログ（ミニマル・洗練・画面2分割（写真｜コピー））","プロ（演出多め）"
"WEB-00771","ペット・トリミング・動物病院の採用サイト（グラスモーフィズム・スクロール連動のストーリー）","プロ（演出多め）"
"WEB-00772","レストラン・居酒屋のサービスサイト（ダーク・シネマティック・フェード/ズームのスライドショー）","プロ（演出多め）"
"WEB-00773","英会話・語学のサービスサイト（ジオメトリック・グラフィカル・画面2分割（写真｜コピー））","上級"
"WEB-00774","エステ・脱毛サロンのコーポレートサイト（パステル・ドリーミー・ローディング演出→ロゴ→メインビジュアル）","プロ（演出多め）"
"WEB-00775","美容クリニックのオウンドメディア・ブログ（ミニマル・洗練・スクロール連動のストーリー）","プロ（演出多め）"
"WEB-00776","美容室・ヘアサロンのポートフォリオ（個人/事務所）（北欧・ライフスタイル・3Dオブジェクト/ジェネラティブ背景）","プロ（演出多め）"
"WEB-00777","内科・クリニックのコーポレートサイト（信頼・誠実（コーポレート）・全画面ループ動画）","プロ（演出多め）"
"WEB-00778","スクール・オンライン講座のコーポレートサイト（3D・クレイ・3Dオブジェクト/ジェネラティブ背景）","プロ（演出多め）"
"WEB-00779","アパレル・ファッションECのサービスサイト（ニューブルータリズム・全画面ループ動画）","プロ（演出多め）"
"WEB-00780","プログラミングスクールの採用サイト（ラグジュアリー・高級感・スクロール連動のストーリー）","プロ（演出多め）"
"WEB-00781","AIサービス・スタートアップのサービスサイト（ダーク・シネマティック・ローディング演出→ロゴ→メインビジュアル）","上級"
"WEB-00782","美容クリニックのクリニック・医院サイト（北欧・ライフスタイル・ローディング演出→ロゴ→メインビジュアル）","プロ（演出多め）"
"WEB-00783","レストラン・居酒屋のサービスサイト（ナチュラル・オーガニック・散らばった写真コラージュ）","プロ（演出多め）"
"WEB-00784","クラウドファンディング・新商品のオウンドメディア・ブログ（ナチュラル・オーガニック・フェード/ズームのスライドショー）","プロ（演出多め）"
"WEB-00785","スクール・オンライン講座のスクール・教室サイト（クール・テック・ローディング演出→ロゴ→メインビジュアル）","上級"
"WEB-00786","クラウドファンディング・新商品のオウンドメディア・ブログ（ポップ・カラフル・画面2分割（写真｜コピー））","プロ（演出多め）"
"WEB-00787","建築設計事務所のオウンドメディア・ブログ（ミニマル・洗練・全画面ループ動画）","上級"
"WEB-00788","ヨガ・ピラティスの採用サイト（ポップ・カラフル・画面2分割（写真｜コピー））","上級"
"WEB-00789","プログラミングスクールのブランドサイト（ポップ・カラフル・スクロール連動のストーリー）","プロ（演出多め）"
"WEB-00790","アパレル・ファッションECのコーポレートサイト（エディトリアル・雑誌風・ローディング演出→ロゴ→メインビジュアル）","プロ（演出多め）"
"WEB-00791","工務店・注文住宅・リフォームのブランドサイト（ラグジュアリー・高級感・散らばった写真コラージュ）","プロ（演出多め）"
"WEB-00792","Web制作・デザイン事務所のオウンドメディア・ブログ（ダーク・シネマティック・フェード/ズームのスライドショー）","上級"
"WEB-00793","保育園・幼児教育・習い事のスクール・教室サイト（ポップ・カラフル・フェード/ズームのスライドショー）","プロ（演出多め）"
"WEB-00794","ヨガ・ピラティスのスクール・教室サイト（北欧・ライフスタイル・フェード/ズームのスライドショー）","プロ（演出多め）"
"WEB-00795","士業（税理士・弁護士・行政書士）のサービスサイト（ミニマル・洗練・散らばった写真コラージュ）","上級"
"WEB-00796","ペット・トリミング・動物病院のオウンドメディア・ブログ（ナチュラル・オーガニック・ローディング演出→ロゴ→メインビジュアル）","上級"
"WEB-00797","不動産・マンションのブランドサイト（ラグジュアリー・高級感・3Dオブジェクト/ジェネラティブ背景）","プロ（演出多め）"
"WEB-00798","歯科医院のサービスサイト（ナチュラル・オーガニック・縦書きコピー＋余白）","上級"
"WEB-00799","NPO・地方自治体のコーポレートサイト（ジオメトリック・グラフィカル・散らばった写真コラージュ）","プロ（演出多め）"
"WEB-00800","農業・地方の生産者のブランドサイト（ハンドメイド・手書き・巨大コピー＋小さな写真）","プロ（演出多め）"
"WEB-00801","歯科医院のブランドサイト（ミニマル・洗練・フェード/ズームのスライドショー）","上級"
"WEB-00802","Web制作・デザイン事務所のサービスサイト（ジオメトリック・グラフィカル・巨大コピー＋小さな写真）","プロ（演出多め）"
"WEB-00803","ゲーム・eスポーツのブランドサイト（ダーク・シネマティック・ローディング演出→ロゴ→メインビジュアル）","上級"
"WEB-00804","サウナ・温浴施設の店舗サイト（飲食・美容・サロン）（和モダン・巨大コピー＋小さな写真）","上級"
"WEB-00805","プログラミングスクールのサービスサイト（北欧・ライフスタイル・散らばった写真コラージュ）","上級"
"WEB-00806","食品・産直ECの採用サイト（ポップ・カラフル・ローディング演出→ロゴ→メインビジュアル）","プロ（演出多め）"
"WEB-00807","引越し・生活サービスの採用サイト（信頼・誠実（コーポレート）・スクロール連動のストーリー）","プロ（演出多め）"
"WEB-00808","建築設計事務所の採用サイト（エディトリアル・雑誌風・巨大コピー＋小さな写真）","プロ（演出多め）"
"WEB-00809","ゲーム・eスポーツのブランドサイト（ネオン・サイバー・フェード/ズームのスライドショー）","プロ（演出多め）"
"WEB-00810","SaaS・BtoBツールのサービスサイト（グラスモーフィズム・スクロール連動のストーリー）","プロ（演出多め）"
"WEB-00811","観光・地域プロモーションのサービスサイト（ダーク・シネマティック・画面2分割（写真｜コピー））","プロ（演出多め）"
"WEB-00812","歯科医院の採用サイト（ナチュラル・オーガニック・3Dオブジェクト/ジェネラティブ背景）","プロ（演出多め）"
"WEB-00813","エステ・脱毛サロンのサービスサイト（かわいい・ガーリー・3Dオブジェクト/ジェネラティブ背景）","プロ（演出多め）"
"WEB-00814","歯科医院のサービスサイト（グラスモーフィズム・縦書きコピー＋余白）","プロ（演出多め）"
"WEB-00815","内科・クリニックのオウンドメディア・ブログ（信頼・誠実（コーポレート）・縦書きコピー＋余白）","プロ（演出多め）"
"WEB-00816","保育園・幼児教育・習い事のオウンドメディア・ブログ（ナチュラル・オーガニック・全画面ループ動画）","プロ（演出多め）"
"WEB-00817","NPO・地方自治体の採用サイト（ダーク・シネマティック・巨大コピー＋小さな写真）","上級"
"WEB-00818","カフェ・ベーカリーの採用サイト（レトロ・Y2K・全画面ループ動画）","上級"
"WEB-00819","カフェ・ベーカリーの店舗サイト（飲食・美容・サロン）（レトロ・Y2K・スクロール連動のストーリー）","上級"
"WEB-00820","建築設計事務所のポートフォリオ（個人/事務所）（ジオメトリック・グラフィカル・画面2分割（写真｜コピー））","上級"
"WEB-00821","観光・地域プロモーションのオウンドメディア・ブログ（ダーク・シネマティック・巨大コピー＋小さな写真）","上級"
"WEB-00822","ゲーム・eスポーツのサービスサイト（ネオン・サイバー・ローディング演出→ロゴ→メインビジュアル）","上級"
"WEB-00823","採用・求人のブランドサイト（ジオメトリック・グラフィカル・ローディング演出→ロゴ→メインビジュアル）","上級"
"WEB-00824","農業・地方の生産者の自治体・観光協会サイト（和モダン・縦書きコピー＋余白）","プロ（演出多め）"
"WEB-00825","英会話・語学のオウンドメディア・ブログ（ナチュラル・オーガニック・散らばった写真コラージュ）","上級"
"WEB-00826","プログラミングスクールのブランドサイト（クール・テック・スクロール連動のストーリー）","上級"
"WEB-00827","ヨガ・ピラティスの店舗サイト（飲食・美容・サロン）（ナチュラル・オーガニック・全画面ループ動画）","プロ（演出多め）"
"WEB-00828","食品・産直ECのサービスサイト（和モダン・散らばった写真コラージュ）","プロ（演出多め）"
"WEB-00829","パーソナルジム・フィットネスのスクール・教室サイト（クール・テック・画面2分割（写真｜コピー））","プロ（演出多め）"
"WEB-00830","AIサービス・スタートアップのブランドサイト（ミニマル・洗練・スクロール連動のストーリー）","プロ（演出多め）"
"WEB-00831","占い・スピリチュアルの採用サイト（ダーク・シネマティック・画面2分割（写真｜コピー））","上級"
"WEB-00832","NPO・地方自治体のコーポレートサイト（レトロ・Y2K・縦書きコピー＋余白）","プロ（演出多め）"
"WEB-00833","金融・保険・投資のコーポレートサイト（信頼・誠実（コーポレート）・3Dオブジェクト/ジェネラティブ背景）","上級"
"WEB-00834","食品・産直ECのブランドサイト（ポップ・カラフル・画面2分割（写真｜コピー））","プロ（演出多め）"
"WEB-00835","サウナ・温浴施設の店舗サイト（飲食・美容・サロン）（ハンドメイド・手書き・フェード/ズームのスライドショー）","上級"
"WEB-00836","引越し・生活サービスのオウンドメディア・ブログ（信頼・誠実（コーポレート）・散らばった写真コラージュ）","上級"
"WEB-00837","食品・産直ECの採用サイト（ハンドメイド・手書き・全画面ループ動画）","プロ（演出多め）"
"WEB-00838","ホテル・旅館のオウンドメディア・ブログ（和モダン・散らばった写真コラージュ）","プロ（演出多め）"
"WEB-00839","士業（税理士・弁護士・行政書士）の採用サイト（ミニマル・洗練・3Dオブジェクト/ジェネラティブ背景）","上級"
"WEB-00840","アパレル・ファッションECのECサイト（ミニマル・洗練・画面2分割（写真｜コピー））","プロ（演出多め）"
"WEB-00841","クラウドファンディング・新商品のオウンドメディア・ブログ（ポップ・カラフル・画面2分割（写真｜コピー））","上級"
"WEB-00842","YouTuber・インフルエンサーのコーポレートサイト（ネオン・サイバー・巨大コピー＋小さな写真）","上級"
"WEB-00843","占い・スピリチュアルのコーポレートサイト（ダーク・シネマティック・ローディング演出→ロゴ→メインビジュアル）","上級"
"WEB-00844","歯科医院のコーポレートサイト（ナチュラル・オーガニック・全画面ループ動画）","上級"
"WEB-00845","クラウドファンディング・新商品のECサイト（ネオン・サイバー・画面2分割（写真｜コピー））","プロ（演出多め）"
"WEB-00846","プログラミングスクールの採用サイト（ポップ・カラフル・ローディング演出→ロゴ→メインビジュアル）","プロ（演出多め）"
"WEB-00847","プログラミングスクールのコーポレートサイト（ネオン・サイバー・フェード/ズームのスライドショー）","上級"
"WEB-00848","プログラミングスクールの採用サイト（クール・テック・フェード/ズームのスライドショー）","プロ（演出多め）"
"WEB-00849","プログラミングスクールの採用サイト（ネオン・サイバー・全画面ループ動画）","上級"
"WEB-00850","YouTuber・インフルエンサーのブランドサイト（かわいい・ガーリー・散らばった写真コラージュ）","プロ（演出多め）"
"WEB-00851","プログラミングスクールのブランドサイト（ネオン・サイバー・画面2分割（写真｜コピー））","プロ（演出多め）"
"WEB-00852","スクール・オンライン講座のスクール・教室サイト（ニューブルータリズム・散らばった写真コラージュ）","プロ（演出多め）"
"WEB-00853","士業（税理士・弁護士・行政書士）のコーポレートサイト（ポップ・カラフル・3Dオブジェクト/ジェネラティブ背景）","プロ（演出多め）"
"WEB-00854","コスメ・スキンケアのECサイト（ラグジュアリー・高級感・ローディング演出→ロゴ→メインビジュアル）","プロ（演出多め）"
"WEB-00855","保育園・幼児教育・習い事のスクール・教室サイト（ポップ・カラフル・フェード/ズームのスライドショー）","プロ（演出多め）"
"WEB-00856","英会話・語学の採用サイト（かわいい・ガーリー・縦書きコピー＋余白）","プロ（演出多め）"
"WEB-00857","AIサービス・スタートアップのサービスサイト（クール・テック・縦書きコピー＋余白）","プロ（演出多め）"
"WEB-00858","パーソナルジム・フィットネスの店舗サイト（飲食・美容・サロン）（ラグジュアリー・高級感・散らばった写真コラージュ）","上級"
"WEB-00859","占い・スピリチュアルのブランドサイト（和モダン・全画面ループ動画）","上級"
"WEB-00860","英会話・語学のコーポレートサイト（3D・クレイ・散らばった写真コラージュ）","プロ（演出多め）"
"WEB-00861","カフェ・ベーカリーのブランドサイト（エディトリアル・雑誌風・巨大コピー＋小さな写真）","プロ（演出多め）"
"WEB-00862","カフェ・ベーカリーのブランドサイト（北欧・ライフスタイル・巨大コピー＋小さな写真）","プロ（演出多め）"
"WEB-00863","美容室・ヘアサロンのオウンドメディア・ブログ（エディトリアル・雑誌風・全画面ループ動画）","プロ（演出多め）"
"WEB-00864","AIサービス・スタートアップのサービスサイト（ミニマル・洗練・画面2分割（写真｜コピー））","プロ（演出多め）"
"WEB-00865","観光・地域プロモーションの自治体・観光協会サイト（ハンドメイド・手書き・縦書きコピー＋余白）","プロ（演出多め）"
"WEB-00866","採用・求人のコーポレートサイト（ジオメトリック・グラフィカル・縦書きコピー＋余白）","プロ（演出多め）"
"WEB-00867","士業（税理士・弁護士・行政書士）のブランドサイト（信頼・誠実（コーポレート）・スクロール連動のストーリー）","プロ（演出多め）"
"WEB-00868","AIサービス・スタートアップのコーポレートサイト（ネオン・サイバー・巨大コピー＋小さな写真）","上級"
"WEB-00869","内科・クリニックの採用サイト（北欧・ライフスタイル・全画面ループ動画）","プロ（演出多め）"
"WEB-00870","内科・クリニックのサービスサイト（信頼・誠実（コーポレート）・画面2分割（写真｜コピー））","上級"
"WEB-00871","パーソナルジム・フィットネスのコーポレートサイト（クール・テック・巨大コピー＋小さな写真）","プロ（演出多め）"
"WEB-00872","サウナ・温浴施設のブランドサイト（ニューブルータリズム・巨大コピー＋小さな写真）","プロ（演出多め）"
"WEB-00873","レストラン・居酒屋のコーポレートサイト（ネオン・サイバー・スクロール連動のストーリー）","上級"
"WEB-00874","食品・産直ECのECサイト（ダーク・シネマティック・スクロール連動のストーリー）","プロ（演出多め）"
"WEB-00875","引越し・生活サービスのサービスサイト（信頼・誠実（コーポレート）・スクロール連動のストーリー）","プロ（演出多め）"
"WEB-00876","クラウドファンディング・新商品のECサイト（ダーク・シネマティック・全画面ループ動画）","プロ（演出多め）"
"WEB-00877","Web制作・デザイン事務所のブランドサイト（ジオメトリック・グラフィカル・フェード/ズームのスライドショー）","プロ（演出多め）"
"WEB-00878","工務店・注文住宅・リフォームのコーポレートサイト（エネルギッシュ・スポーティ・巨大コピー＋小さな写真）","プロ（演出多め）"
"WEB-00879","歯科医院のコーポレートサイト（北欧・ライフスタイル・スクロール連動のストーリー）","上級"
"WEB-00880","金融・保険・投資のサービスサイト（クール・テック・縦書きコピー＋余白）","プロ（演出多め）"
"WEB-00881","採用・求人のブランドサイト（ジオメトリック・グラフィカル・フェード/ズームのスライドショー）","プロ（演出多め）"
"WEB-00882","採用・求人のコーポレートサイト（エディトリアル・雑誌風・散らばった写真コラージュ）","上級"
"WEB-00883","保育園・幼児教育・習い事のオウンドメディア・ブログ（かわいい・ガーリー・縦書きコピー＋余白）","プロ（演出多め）"
"WEB-00884","観光・地域プロモーションの自治体・観光協会サイト（ハンドメイド・手書き・3Dオブジェクト/ジェネラティブ背景）","上級"
"WEB-00885","占い・スピリチュアルのコーポレートサイト（3D・クレイ・全画面ループ動画）","プロ（演出多め）"
"WEB-00886","美容室・ヘアサロンのコーポレートサイト（かわいい・ガーリー・3Dオブジェクト/ジェネラティブ背景）","プロ（演出多め）"
"WEB-00887","ペット・トリミング・動物病院のオウンドメディア・ブログ（ハンドメイド・手書き・3Dオブジェクト/ジェネラティブ背景）","上級"
"WEB-00888","美容クリニックの採用サイト（ラグジュアリー・高級感・フェード/ズームのスライドショー）","上級"
"WEB-00889","建築設計事務所のブランドサイト（ダーク・シネマティック・3Dオブジェクト/ジェネラティブ背景）","上級"
"WEB-00890","美容クリニックの店舗サイト（飲食・美容・サロン）（ミニマル・洗練・全画面ループ動画）","プロ（演出多め）"
"WEB-00891","スクール・オンライン講座のスクール・教室サイト（信頼・誠実（コーポレート）・ローディング演出→ロゴ→メインビジュアル）","プロ（演出多め）"
"WEB-00892","美容クリニックのブランドサイト（ラグジュアリー・高級感・ローディング演出→ロゴ→メインビジュアル）","プロ（演出多め）"
"WEB-00893","ペット・トリミング・動物病院のクリニック・医院サイト（レトロ・Y2K・3Dオブジェクト/ジェネラティブ背景）","プロ（演出多め）"
"WEB-00894","NPO・地方自治体のブランドサイト（ニューブルータリズム・フェード/ズームのスライドショー）","プロ（演出多め）"
"WEB-00895","建築設計事務所の採用サイト（ジオメトリック・グラフィカル・画面2分割（写真｜コピー））","上級"
"WEB-00896","ペット・トリミング・動物病院のクリニック・医院サイト（かわいい・ガーリー・ローディング演出→ロゴ→メインビジュアル）","上級"
"WEB-00897","農業・地方の生産者のサービスサイト（レトロ・Y2K・画面2分割（写真｜コピー））","プロ（演出多め）"
"WEB-00898","内科・クリニックのブランドサイト（かわいい・ガーリー・ローディング演出→ロゴ→メインビジュアル）","プロ（演出多め）"
"WEB-00899","引越し・生活サービスの採用サイト（3D・クレイ・散らばった写真コラージュ）","上級"
"WEB-00900","占い・スピリチュアルのサービスサイト（ダーク・シネマティック・画面2分割（写真｜コピー））","プロ（演出多め）"
"WEB-00901","内科・クリニックのブランドサイト（ダーク・シネマティック・巨大コピー＋小さな写真）","プロ（演出多め）"
"WEB-00902","ホテル・旅館のサービスサイト（和モダン・縦書きコピー＋余白）","プロ（演出多め）"
"WEB-00903","ゲーム・eスポーツの採用サイト（信頼・誠実（コーポレート）・全画面ループ動画）","プロ（演出多め）"
"WEB-00904","プログラミングスクールの採用サイト（ネオン・サイバー・全画面ループ動画）","上級"
"WEB-00905","音楽・ライブ・イベントのイベント・フェスサイト（ダーク・シネマティック・ローディング演出→ロゴ→メインビジュアル）","プロ（演出多め）"
"WEB-00906","工務店・注文住宅・リフォームのサービスサイト（ミニマル・洗練・巨大コピー＋小さな写真）","プロ（演出多め）"
"WEB-00907","保育園・幼児教育・習い事のオウンドメディア・ブログ（ナチュラル・オーガニック・巨大コピー＋小さな写真）","プロ（演出多め）"
"WEB-00908","YouTuber・インフルエンサーのオウンドメディア・ブログ（かわいい・ガーリー・全画面ループ動画）","プロ（演出多め）"
"WEB-00909","スマホアプリのコーポレートサイト（グラスモーフィズム・画面2分割（写真｜コピー））","プロ（演出多め）"
"WEB-00910","ホテル・旅館のブランドサイト（ミニマル・洗練・フェード/ズームのスライドショー）","プロ（演出多め）"
"WEB-00911","ウェディング・結婚相談所のサービスサイト（ダーク・シネマティック・画面2分割（写真｜コピー））","プロ（演出多め）"
"WEB-00912","占い・スピリチュアルのオウンドメディア・ブログ（和モダン・フェード/ズームのスライドショー）","プロ（演出多め）"
"WEB-00913","パーソナルジム・フィットネスのブランドサイト（エネルギッシュ・スポーティ・縦書きコピー＋余白）","プロ（演出多め）"
"WEB-00914","美容クリニックの採用サイト（ミニマル・洗練・3Dオブジェクト/ジェネラティブ背景）","上級"
"WEB-00915","英会話・語学のブランドサイト（ジオメトリック・グラフィカル・スクロール連動のストーリー）","プロ（演出多め）"
"WEB-00916","エステ・脱毛サロンのブランドサイト（ミニマル・洗練・ローディング演出→ロゴ→メインビジュアル）","プロ（演出多め）"
"WEB-00917","プログラミングスクールのオウンドメディア・ブログ（3D・クレイ・フェード/ズームのスライドショー）","プロ（演出多め）"
"WEB-00918","サウナ・温浴施設のサービスサイト（ナチュラル・オーガニック・ローディング演出→ロゴ→メインビジュアル）","プロ（演出多め）"
"WEB-00919","カフェ・ベーカリーのブランドサイト（エディトリアル・雑誌風・スクロール連動のストーリー）","プロ（演出多め）"
"WEB-00920","パーソナルジム・フィットネスのスクール・教室サイト（ニューブルータリズム・画面2分割（写真｜コピー））","プロ（演出多め）"
"WEB-00921","内科・クリニックのクリニック・医院サイト（ナチュラル・オーガニック・巨大コピー＋小さな写真）","上級"
"WEB-00922","クラウドファンディング・新商品のブランドサイト（ダーク・シネマティック・3Dオブジェクト/ジェネラティブ背景）","プロ（演出多め）"
"WEB-00923","ペット・トリミング・動物病院のコーポレートサイト（かわいい・ガーリー・ローディング演出→ロゴ→メインビジュアル）","プロ（演出多め）"
"WEB-00924","工務店・注文住宅・リフォームのサービスサイト（ハンドメイド・手書き・3Dオブジェクト/ジェネラティブ背景）","プロ（演出多め）"
"WEB-00925","農業・地方の生産者の自治体・観光協会サイト（和モダン・縦書きコピー＋余白）","プロ（演出多め）"
"WEB-00926","Web制作・デザイン事務所のオウンドメディア・ブログ（クール・テック・スクロール連動のストーリー）","上級"
"WEB-00927","ゲーム・eスポーツのイベント・フェスサイト（ネオン・サイバー・3Dオブジェクト/ジェネラティブ背景）","プロ（演出多め）"
"WEB-00928","ペット・トリミング・動物病院のコーポレートサイト（ナチュラル・オーガニック・縦書きコピー＋余白）","プロ（演出多め）"
"WEB-00929","ホテル・旅館のコーポレートサイト（ダーク・シネマティック・ローディング演出→ロゴ→メインビジュアル）","プロ（演出多め）"
"WEB-00930","NPO・地方自治体の採用サイト（ハンドメイド・手書き・縦書きコピー＋余白）","プロ（演出多め）"
"WEB-00931","コンサル・コーチングのコーポレートサイト（信頼・誠実（コーポレート）・スクロール連動のストーリー）","プロ（演出多め）"
"WEB-00932","採用・求人のブランドサイト（エディトリアル・雑誌風・縦書きコピー＋余白）","プロ（演出多め）"
"WEB-00933","士業（税理士・弁護士・行政書士）のオウンドメディア・ブログ（レトロ・Y2K・画面2分割（写真｜コピー））","プロ（演出多め）"
"WEB-00934","クラウドファンディング・新商品の採用サイト（ナチュラル・オーガニック・3Dオブジェクト/ジェネラティブ背景）","プロ（演出多め）"
"WEB-00935","アパレル・ファッションECの採用サイト（ニューブルータリズム・散らばった写真コラージュ）","プロ（演出多め）"
"WEB-00936","農業・地方の生産者のコーポレートサイト（ナチュラル・オーガニック・フェード/ズームのスライドショー）","プロ（演出多め）"
"WEB-00937","ヨガ・ピラティスの店舗サイト（飲食・美容・サロン）（ミニマル・洗練・フェード/ズームのスライドショー）","プロ（演出多め）"
"WEB-00938","美容室・ヘアサロンの採用サイト（エディトリアル・雑誌風・全画面ループ動画）","上級"
"WEB-00939","カフェ・ベーカリーのコーポレートサイト（ナチュラル・オーガニック・スクロール連動のストーリー）","プロ（演出多め）"
"WEB-00940","英会話・語学のコーポレートサイト（信頼・誠実（コーポレート）・画面2分割（写真｜コピー））","プロ（演出多め）"
"WEB-00941","内科・クリニックのブランドサイト（ナチュラル・オーガニック・3Dオブジェクト/ジェネラティブ背景）","上級"
"WEB-00942","パーソナルジム・フィットネスのスクール・教室サイト（エネルギッシュ・スポーティ・散らばった写真コラージュ）","プロ（演出多め）"
"WEB-00943","カフェ・ベーカリーのオウンドメディア・ブログ（かわいい・ガーリー・3Dオブジェクト/ジェネラティブ背景）","プロ（演出多め）"
"WEB-00944","金融・保険・投資のオウンドメディア・ブログ（クール・テック・巨大コピー＋小さな写真）","プロ（演出多め）"
"WEB-00945","ホテル・旅館のコーポレートサイト（ラグジュアリー・高級感・巨大コピー＋小さな写真）","上級"
"WEB-00946","ゲーム・eスポーツの採用サイト（ネオン・サイバー・散らばった写真コラージュ）","プロ（演出多め）"
"WEB-00947","カフェ・ベーカリーのブランドサイト（レトロ・Y2K・ローディング演出→ロゴ→メインビジュアル）","プロ（演出多め）"
"WEB-00948","不動産・マンションのオウンドメディア・ブログ（信頼・誠実（コーポレート）・全画面ループ動画）","上級"
"WEB-00949","美容クリニックのオウンドメディア・ブログ（信頼・誠実（コーポレート）・全画面ループ動画）","上級"
"WEB-00950","アパレル・ファッションECのオウンドメディア・ブログ（ニューブルータリズム・散らばった写真コラージュ）","プロ（演出多め）"
"WEB-00951","占い・スピリチュアルのオウンドメディア・ブログ（ラグジュアリー・高級感・ローディング演出→ロゴ→メインビジュアル）","プロ（演出多め）"
"WEB-00952","コスメ・スキンケアのサービスサイト（ニューブルータリズム・フェード/ズームのスライドショー）","プロ（演出多め）"
"WEB-00953","和菓子・スイーツのブランドサイト（パステル・ドリーミー・縦書きコピー＋余白）","上級"
"WEB-00954","ホテル・旅館のホテル・旅館サイト（和モダン・フェード/ズームのスライドショー）","プロ（演出多め）"
"WEB-00955","士業（税理士・弁護士・行政書士）のサービスサイト（和モダン・全画面ループ動画）","プロ（演出多め）"
"WEB-00956","占い・スピリチュアルのコーポレートサイト（ラグジュアリー・高級感・巨大コピー＋小さな写真）","上級"
"WEB-00957","内科・クリニックのオウンドメディア・ブログ（信頼・誠実（コーポレート）・3Dオブジェクト/ジェネラティブ背景）","プロ（演出多め）"
"WEB-00958","美容室・ヘアサロンの店舗サイト（飲食・美容・サロン）（北欧・ライフスタイル・縦書きコピー＋余白）","上級"
"WEB-00959","金融・保険・投資のサービスサイト（信頼・誠実（コーポレート）・ローディング演出→ロゴ→メインビジュアル）","プロ（演出多め）"
"WEB-00960","カフェ・ベーカリーのサービスサイト（ハンドメイド・手書き・ローディング演出→ロゴ→メインビジュアル）","プロ（演出多め）"
"WEB-00961","美容室・ヘアサロンのオウンドメディア・ブログ（ミニマル・洗練・スクロール連動のストーリー）","プロ（演出多め）"
"WEB-00962","NPO・地方自治体のサービスサイト（ジオメトリック・グラフィカル・スクロール連動のストーリー）","プロ（演出多め）"
"WEB-00963","美容クリニックの採用サイト（信頼・誠実（コーポレート）・スクロール連動のストーリー）","上級"
"WEB-00964","クラウドファンディング・新商品のオウンドメディア・ブログ（クール・テック・散らばった写真コラージュ）","プロ（演出多め）"
"WEB-00965","歯科医院のサービスサイト（信頼・誠実（コーポレート）・縦書きコピー＋余白）","プロ（演出多め）"
"WEB-00966","パーソナルジム・フィットネスの店舗サイト（飲食・美容・サロン）（信頼・誠実（コーポレート）・フェード/ズームのスライドショー）","プロ（演出多め）"
"WEB-00967","カフェ・ベーカリーのコーポレートサイト（ラグジュアリー・高級感・ローディング演出→ロゴ→メインビジュアル）","プロ（演出多め）"
"WEB-00968","士業（税理士・弁護士・行政書士）のコーポレートサイト（ミニマル・洗練・ローディング演出→ロゴ→メインビジュアル）","上級"
"WEB-00969","自動車・バイクのブランドサイト（エネルギッシュ・スポーティ・縦書きコピー＋余白）","上級"
"WEB-00970","サウナ・温浴施設のホテル・旅館サイト（レトロ・Y2K・散らばった写真コラージュ）","上級"
"WEB-00971","建築設計事務所の採用サイト（エディトリアル・雑誌風・散らばった写真コラージュ）","プロ（演出多め）"
"WEB-00972","パーソナルジム・フィットネスのブランドサイト（クール・テック・巨大コピー＋小さな写真）","プロ（演出多め）"
"WEB-00973","YouTuber・インフルエンサーのブランドサイト（ポップ・カラフル・巨大コピー＋小さな写真）","プロ（演出多め）"
"WEB-00974","内科・クリニックのサービスサイト（北欧・ライフスタイル・フェード/ズームのスライドショー）","上級"
"WEB-00975","ペット・トリミング・動物病院のブランドサイト（ナチュラル・オーガニック・縦書きコピー＋余白）","プロ（演出多め）"
"WEB-00976","サウナ・温浴施設のホテル・旅館サイト（ニューブルータリズム・画面2分割（写真｜コピー））","プロ（演出多め）"
"WEB-00977","アパレル・ファッションECのコーポレートサイト（エディトリアル・雑誌風・画面2分割（写真｜コピー））","プロ（演出多め）"
"WEB-00978","スクール・オンライン講座のスクール・教室サイト（ネオン・サイバー・散らばった写真コラージュ）","上級"
"WEB-00979","エステ・脱毛サロンのコーポレートサイト（ラグジュアリー・高級感・散らばった写真コラージュ）","上級"
"WEB-00980","NPO・地方自治体の自治体・観光協会サイト（ハンドメイド・手書き・3Dオブジェクト/ジェネラティブ背景）","プロ（演出多め）"
"WEB-00981","音楽・ライブ・イベントのブランドサイト（ネオン・サイバー・3Dオブジェクト/ジェネラティブ背景）","プロ（演出多め）"
"WEB-00982","レストラン・居酒屋のサービスサイト（ダーク・シネマティック・全画面ループ動画）","プロ（演出多め）"
"WEB-00983","プログラミングスクールのオウンドメディア・ブログ（3D・クレイ・3Dオブジェクト/ジェネラティブ背景）","プロ（演出多め）"
"WEB-00984","コスメ・スキンケアの採用サイト（ナチュラル・オーガニック・スクロール連動のストーリー）","プロ（演出多め）"
"WEB-00985","不動産・マンションのオウンドメディア・ブログ（信頼・誠実（コーポレート）・3Dオブジェクト/ジェネラティブ背景）","上級"
"WEB-00986","ホテル・旅館の採用サイト（ハンドメイド・手書き・散らばった写真コラージュ）","プロ（演出多め）"
"WEB-00987","コンサル・コーチングの採用サイト（エディトリアル・雑誌風・散らばった写真コラージュ）","上級"
"WEB-00988","引越し・生活サービスのコーポレートサイト（信頼・誠実（コーポレート）・フェード/ズームのスライドショー）","プロ（演出多め）"
"WEB-00989","レストラン・居酒屋の採用サイト（ダーク・シネマティック・3Dオブジェクト/ジェネラティブ背景）","プロ（演出多め）"
"WEB-00990","ゲーム・eスポーツのコーポレートサイト（ダーク・シネマティック・ローディング演出→ロゴ→メインビジュアル）","上級"
"WEB-00991","ペット・トリミング・動物病院のオウンドメディア・ブログ（3D・クレイ・散らばった写真コラージュ）","上級"
"WEB-00992","サウナ・温浴施設の店舗サイト（飲食・美容・サロン）（ナチュラル・オーガニック・ローディング演出→ロゴ→メインビジュアル）","プロ（演出多め）"
"WEB-00993","レストラン・居酒屋のサービスサイト（ラグジュアリー・高級感・3Dオブジェクト/ジェネラティブ背景）","プロ（演出多め）"
"WEB-00994","ヨガ・ピラティスの採用サイト（パステル・ドリーミー・全画面ループ動画）","上級"
"WEB-00995","エステ・脱毛サロンの採用サイト（エディトリアル・雑誌風・フェード/ズームのスライドショー）","プロ（演出多め）"
"WEB-00996","和菓子・スイーツの採用サイト（パステル・ドリーミー・3Dオブジェクト/ジェネラティブ背景）","プロ（演出多め）"
"WEB-00997","士業（税理士・弁護士・行政書士）の採用サイト（ミニマル・洗練・全画面ループ動画）","上級"
"WEB-00998","レストラン・居酒屋のサービスサイト（北欧・ライフスタイル・3Dオブジェクト/ジェネラティブ背景）","上級"
"WEB-00999","和菓子・スイーツの採用サイト（パステル・ドリーミー・スクロール連動のストーリー）","プロ（演出多め）"
"WEB-01000","工務店・注文住宅・リフォームのサービスサイト（ミニマル・洗練・巨大コピー＋小さな写真）","プロ（演出多め）"
"WEB-01001","不動産・マンションのコーポレートサイト（ミニマル・洗練・全画面ループ動画）","上級"
"WEB-01002","自動車・バイクの採用サイト（ダーク・シネマティック・巨大コピー＋小さな写真）","上級"
"WEB-01003","コスメ・スキンケアのコーポレートサイト（パステル・ドリーミー・全画面ループ動画）","プロ（演出多め）"
"WEB-01004","採用・求人のオウンドメディア・ブログ（グラスモーフィズム・画面2分割（写真｜コピー））","上級"
"WEB-01005","建築設計事務所のコーポレートサイト（ミニマル・洗練・画面2分割（写真｜コピー））","プロ（演出多め）"
"WEB-01006","アパレル・ファッションECのブランドサイト（レトロ・Y2K・縦書きコピー＋余白）","上級"
"WEB-01007","採用・求人のオウンドメディア・ブログ（ジオメトリック・グラフィカル・ローディング演出→ロゴ→メインビジュアル）","上級"
"WEB-01008","カフェ・ベーカリーのオウンドメディア・ブログ（北欧・ライフスタイル・巨大コピー＋小さな写真）","プロ（演出多め）"
"WEB-01009","保育園・幼児教育・習い事の採用サイト（ポップ・カラフル・全画面ループ動画）","上級"
"WEB-01010","コスメ・スキンケアのオウンドメディア・ブログ（ラグジュアリー・高級感・縦書きコピー＋余白）","プロ（演出多め）"
"WEB-01011","英会話・語学の採用サイト（ジオメトリック・グラフィカル・画面2分割（写真｜コピー））","上級"
"WEB-01012","クラウドファンディング・新商品のサービスサイト（ダーク・シネマティック・巨大コピー＋小さな写真）","プロ（演出多め）"
"WEB-01013","NPO・地方自治体のサービスサイト（ハンドメイド・手書き・フェード/ズームのスライドショー）","プロ（演出多め）"
"WEB-01014","スマホアプリのブランドサイト（グラスモーフィズム・画面2分割（写真｜コピー））","プロ（演出多め）"
"WEB-01015","美容室・ヘアサロンの店舗サイト（飲食・美容・サロン）（北欧・ライフスタイル・縦書きコピー＋余白）","上級"
"WEB-01016","工務店・注文住宅・リフォームの採用サイト（ミニマル・洗練・散らばった写真コラージュ）","プロ（演出多め）"
"WEB-01017","ゲーム・eスポーツの採用サイト（ダーク・シネマティック・ローディング演出→ロゴ→メインビジュアル）","プロ（演出多め）"
"WEB-01018","観光・地域プロモーションの自治体・観光協会サイト（ネオン・サイバー・フェード/ズームのスライドショー）","プロ（演出多め）"
"WEB-01019","食品・産直ECの採用サイト（ハンドメイド・手書き・3Dオブジェクト/ジェネラティブ背景）","上級"
"WEB-01020","エステ・脱毛サロンのコーポレートサイト（ミニマル・洗練・全画面ループ動画）","プロ（演出多め）"
"WEB-01021","レストラン・居酒屋のサービスサイト（レトロ・Y2K・巨大コピー＋小さな写真）","上級"
"WEB-01022","NPO・地方自治体のイベント・フェスサイト（信頼・誠実（コーポレート）・スクロール連動のストーリー）","プロ（演出多め）"
"WEB-01023","食品・産直ECのサービスサイト（ハンドメイド・手書き・散らばった写真コラージュ）","上級"
"WEB-01024","プログラミングスクールのスクール・教室サイト（ポップ・カラフル・散らばった写真コラージュ）","プロ（演出多め）"
"WEB-01025","ウェディング・結婚相談所のポートフォリオ（個人/事務所）（ミニマル・洗練・3Dオブジェクト/ジェネラティブ背景）","プロ（演出多め）"
"WEB-01026","工務店・注文住宅・リフォームのコーポレートサイト（北欧・ライフスタイル・ローディング演出→ロゴ→メインビジュアル）","プロ（演出多め）"
"WEB-01027","AIサービス・スタートアップの採用サイト（クール・テック・3Dオブジェクト/ジェネラティブ背景）","上級"
"WEB-01028","建築設計事務所のブランドサイト（ジオメトリック・グラフィカル・画面2分割（写真｜コピー））","プロ（演出多め）"
"WEB-01029","工務店・注文住宅・リフォームのブランドサイト（信頼・誠実（コーポレート）・全画面ループ動画）","プロ（演出多め）"
"WEB-01030","士業（税理士・弁護士・行政書士）の採用サイト（ミニマル・洗練・巨大コピー＋小さな写真）","プロ（演出多め）"
"WEB-01031","不動産・マンションのオウンドメディア・ブログ（信頼・誠実（コーポレート）・画面2分割（写真｜コピー））","プロ（演出多め）"
"WEB-01032","歯科医院のオウンドメディア・ブログ（ナチュラル・オーガニック・散らばった写真コラージュ）","上級"
"WEB-01033","ホテル・旅館のオウンドメディア・ブログ（ラグジュアリー・高級感・スクロール連動のストーリー）","プロ（演出多め）"
"WEB-01034","観光・地域プロモーションの自治体・観光協会サイト（和モダン・画面2分割（写真｜コピー））","上級"
"WEB-01035","不動産・マンションのコーポレートサイト（ジオメトリック・グラフィカル・ローディング演出→ロゴ→メインビジュアル）","プロ（演出多め）"
"WEB-01036","歯科医院のコーポレートサイト（ミニマル・洗練・散らばった写真コラージュ）","上級"
"WEB-01037","スマホアプリのブランドサイト（ポップ・カラフル・フェード/ズームのスライドショー）","上級"
"WEB-01038","不動産・マンションのコーポレートサイト（ラグジュアリー・高級感・ローディング演出→ロゴ→メインビジュアル）","プロ（演出多め）"
"WEB-01039","サウナ・温浴施設のホテル・旅館サイト（ネオン・サイバー・3Dオブジェクト/ジェネラティブ背景）","上級"
"WEB-01040","不動産・マンションの採用サイト（信頼・誠実（コーポレート）・フェード/ズームのスライドショー）","プロ（演出多め）"
"WEB-01041","内科・クリニックのブランドサイト（北欧・ライフスタイル・全画面ループ動画）","上級"
"WEB-01042","コスメ・スキンケアのコーポレートサイト（エディトリアル・雑誌風・ローディング演出→ロゴ→メインビジュアル）","プロ（演出多め）"
"WEB-01043","エステ・脱毛サロンのサービスサイト（ミニマル・洗練・スクロール連動のストーリー）","プロ（演出多め）"
"WEB-01044","保育園・幼児教育・習い事のオウンドメディア・ブログ（かわいい・ガーリー・画面2分割（写真｜コピー））","プロ（演出多め）"
"WEB-01045","コスメ・スキンケアのブランドサイト（ラグジュアリー・高級感・散らばった写真コラージュ）","上級"
"WEB-01046","内科・クリニックのオウンドメディア・ブログ（グラスモーフィズム・巨大コピー＋小さな写真）","プロ（演出多め）"
"WEB-01047","農業・地方の生産者のブランドサイト（ナチュラル・オーガニック・3Dオブジェクト/ジェネラティブ背景）","上級"
"WEB-01048","スクール・オンライン講座のサービスサイト（ポップ・カラフル・画面2分割（写真｜コピー））","上級"
"WEB-01049","AIサービス・スタートアップのオウンドメディア・ブログ（ミニマル・洗練・巨大コピー＋小さな写真）","プロ（演出多め）"
"WEB-01050","音楽・ライブ・イベントのコーポレートサイト（ニューブルータリズム・ローディング演出→ロゴ→メインビジュアル）","上級"
"WEB-01051","プログラミングスクールのサービスサイト（3D・クレイ・全画面ループ動画）","上級"
"WEB-01052","食品・産直ECのコーポレートサイト（ハンドメイド・手書き・巨大コピー＋小さな写真）","プロ（演出多め）"
"WEB-01053","ホテル・旅館のオウンドメディア・ブログ（ダーク・シネマティック・スクロール連動のストーリー）","プロ（演出多め）"
"WEB-01054","採用・求人のオウンドメディア・ブログ（エディトリアル・雑誌風・スクロール連動のストーリー）","上級"
"WEB-01055","音楽・ライブ・イベントのサービスサイト（ダーク・シネマティック・フェード/ズームのスライドショー）","プロ（演出多め）"
"WEB-01056","美容室・ヘアサロンのブランドサイト（パステル・ドリーミー・画面2分割（写真｜コピー））","上級"
"WEB-01057","工務店・注文住宅・リフォームのブランドサイト（ナチュラル・オーガニック・縦書きコピー＋余白）","プロ（演出多め）"
"WEB-01058","占い・スピリチュアルの採用サイト（パステル・ドリーミー・散らばった写真コラージュ）","プロ（演出多め）"
"WEB-01059","自動車・バイクの採用サイト（クール・テック・画面2分割（写真｜コピー））","プロ（演出多め）"
"WEB-01060","Web制作・デザイン事務所のサービスサイト（ジオメトリック・グラフィカル・巨大コピー＋小さな写真）","プロ（演出多め）"
"WEB-01061","ゲーム・eスポーツのイベント・フェスサイト（レトロ・Y2K・巨大コピー＋小さな写真）","プロ（演出多め）"
"WEB-01062","Web制作・デザイン事務所のサービスサイト（ダーク・シネマティック・フェード/ズームのスライドショー）","プロ（演出多め）"
"WEB-01063","YouTuber・インフルエンサーのイベント・フェスサイト（かわいい・ガーリー・ローディング演出→ロゴ→メインビジュアル）","プロ（演出多め）"
"WEB-01064","引越し・生活サービスのオウンドメディア・ブログ（信頼・誠実（コーポレート）・ローディング演出→ロゴ→メインビジュアル）","プロ（演出多め）"
"WEB-01065","建築設計事務所の採用サイト（ミニマル・洗練・画面2分割（写真｜コピー））","プロ（演出多め）"
"WEB-01066","歯科医院のクリニック・医院サイト（ミニマル・洗練・3Dオブジェクト/ジェネラティブ背景）","プロ（演出多め）"
"WEB-01067","不動産・マンションのオウンドメディア・ブログ（ラグジュアリー・高級感・ローディング演出→ロゴ→メインビジュアル）","プロ（演出多め）"
"WEB-01068","NPO・地方自治体のオウンドメディア・ブログ（ハンドメイド・手書き・3Dオブジェクト/ジェネラティブ背景）","プロ（演出多め）"
"WEB-01069","Web制作・デザイン事務所のポートフォリオ（個人/事務所）（エディトリアル・雑誌風・ローディング演出→ロゴ→メインビジュアル）","プロ（演出多め）"
"WEB-01070","占い・スピリチュアルのサービスサイト（和モダン・縦書きコピー＋余白）","プロ（演出多め）"
"WEB-01071","和菓子・スイーツの採用サイト（パステル・ドリーミー・全画面ループ動画）","上級"
"WEB-01072","食品・産直ECのECサイト（ナチュラル・オーガニック・全画面ループ動画）","プロ（演出多め）"
"WEB-01073","内科・クリニックのコーポレートサイト（ナチュラル・オーガニック・巨大コピー＋小さな写真）","プロ（演出多め）"
"WEB-01074","美容室・ヘアサロンの店舗サイト（飲食・美容・サロン）（ミニマル・洗練・スクロール連動のストーリー）","上級"
"WEB-01075","観光・地域プロモーションの自治体・観光協会サイト（ダーク・シネマティック・3Dオブジェクト/ジェネラティブ背景）","プロ（演出多め）"
"WEB-01076","観光・地域プロモーションの採用サイト（ミニマル・洗練・フェード/ズームのスライドショー）","上級"
"WEB-01077","SaaS・BtoBツールのサービスサイト（3D・クレイ・フェード/ズームのスライドショー）","上級"
"WEB-01078","音楽・ライブ・イベントの採用サイト（北欧・ライフスタイル・画面2分割（写真｜コピー））","上級"
"WEB-01079","コンサル・コーチングのブランドサイト（エディトリアル・雑誌風・縦書きコピー＋余白）","プロ（演出多め）"
"WEB-01080","食品・産直ECのコーポレートサイト（和モダン・縦書きコピー＋余白）","プロ（演出多め）"
"WEB-01081","ペット・トリミング・動物病院のクリニック・医院サイト（ハンドメイド・手書き・全画面ループ動画）","上級"
"WEB-01082","占い・スピリチュアルのオウンドメディア・ブログ（ラグジュアリー・高級感・巨大コピー＋小さな写真）","プロ（演出多め）"
"WEB-01083","ウェディング・結婚相談所のコーポレートサイト（ラグジュアリー・高級感・ローディング演出→ロゴ→メインビジュアル）","プロ（演出多め）"
"WEB-01084","引越し・生活サービスのブランドサイト（ダーク・シネマティック・全画面ループ動画）","上級"
"WEB-01085","士業（税理士・弁護士・行政書士）の採用サイト（和モダン・ローディング演出→ロゴ→メインビジュアル）","プロ（演出多め）"
"WEB-01086","音楽・ライブ・イベントのブランドサイト（ネオン・サイバー・全画面ループ動画）","プロ（演出多め）"
"WEB-01087","NPO・地方自治体のイベント・フェスサイト（ナチュラル・オーガニック・巨大コピー＋小さな写真）","プロ（演出多め）"
"WEB-01088","観光・地域プロモーションのコーポレートサイト（ハンドメイド・手書き・縦書きコピー＋余白）","プロ（演出多め）"
"WEB-01089","サウナ・温浴施設のサービスサイト（ニューブルータリズム・全画面ループ動画）","プロ（演出多め）"
"WEB-01090","カフェ・ベーカリーの採用サイト（北欧・ライフスタイル・散らばった写真コラージュ）","上級"
"WEB-01091","和菓子・スイーツの採用サイト（かわいい・ガーリー・画面2分割（写真｜コピー））","プロ（演出多め）"
"WEB-01092","YouTuber・インフルエンサーのサービスサイト（信頼・誠実（コーポレート）・縦書きコピー＋余白）","プロ（演出多め）"
"WEB-01093","コンサル・コーチングのコーポレートサイト（レトロ・Y2K・3Dオブジェクト/ジェネラティブ背景）","プロ（演出多め）"
"WEB-01094","ゲーム・eスポーツのブランドサイト（ネオン・サイバー・フェード/ズームのスライドショー）","プロ（演出多め）"
"WEB-01095","和菓子・スイーツのECサイト（ニューブルータリズム・縦書きコピー＋余白）","プロ（演出多め）"
"WEB-01096","プログラミングスクールのブランドサイト（ポップ・カラフル・3Dオブジェクト/ジェネラティブ背景）","プロ（演出多め）"
"WEB-01097","和菓子・スイーツのオウンドメディア・ブログ（パステル・ドリーミー・3Dオブジェクト/ジェネラティブ背景）","上級"
"WEB-01098","カフェ・ベーカリーのコーポレートサイト（北欧・ライフスタイル・縦書きコピー＋余白）","プロ（演出多め）"
"WEB-01099","プログラミングスクールの採用サイト（ポップ・カラフル・全画面ループ動画）","上級"
"WEB-01100","音楽・ライブ・イベントのオウンドメディア・ブログ（ダーク・シネマティック・スクロール連動のストーリー）","上級"
"WEB-01101","パーソナルジム・フィットネスのブランドサイト（クール・テック・全画面ループ動画）","上級"
"WEB-01102","保育園・幼児教育・習い事のスクール・教室サイト（ラグジュアリー・高級感・縦書きコピー＋余白）","上級"
"WEB-01103","ペット・トリミング・動物病院のサービスサイト（3D・クレイ・ローディング演出→ロゴ→メインビジュアル）","プロ（演出多め）"
"WEB-01104","英会話・語学の採用サイト（ポップ・カラフル・3Dオブジェクト/ジェネラティブ背景）","プロ（演出多め）"
"WEB-01105","エステ・脱毛サロンの採用サイト（かわいい・ガーリー・フェード/ズームのスライドショー）","プロ（演出多め）"
"WEB-01106","YouTuber・インフルエンサーの採用サイト（ニューブルータリズム・巨大コピー＋小さな写真）","プロ（演出多め）"
"WEB-01107","SaaS・BtoBツールの採用サイト（信頼・誠実（コーポレート）・フェード/ズームのスライドショー）","プロ（演出多め）"
"WEB-01108","内科・クリニックのオウンドメディア・ブログ（ダーク・シネマティック・フェード/ズームのスライドショー）","上級"
"WEB-01109","カフェ・ベーカリーの採用サイト（ミニマル・洗練・ローディング演出→ロゴ→メインビジュアル）","プロ（演出多め）"
"WEB-01110","美容室・ヘアサロンのサービスサイト（ミニマル・洗練・縦書きコピー＋余白）","プロ（演出多め）"
"WEB-01111","クラウドファンディング・新商品のサービスサイト（クール・テック・ローディング演出→ロゴ→メインビジュアル）","プロ（演出多め）"
"WEB-01112","和菓子・スイーツのECサイト（和モダン・縦書きコピー＋余白）","プロ（演出多め）"
"WEB-01113","ゲーム・eスポーツのブランドサイト（エネルギッシュ・スポーティ・散らばった写真コラージュ）","上級"
"WEB-01114","ホテル・旅館のサービスサイト（和モダン・散らばった写真コラージュ）","プロ（演出多め）"
"WEB-01115","AIサービス・スタートアップのサービスサイト（レトロ・Y2K・3Dオブジェクト/ジェネラティブ背景）","プロ（演出多め）"
"WEB-01116","カフェ・ベーカリーのコーポレートサイト（エディトリアル・雑誌風・散らばった写真コラージュ）","プロ（演出多め）"
"WEB-01117","観光・地域プロモーションのイベント・フェスサイト（ナチュラル・オーガニック・全画面ループ動画）","プロ（演出多め）"
"WEB-01118","エステ・脱毛サロンのコーポレートサイト（ミニマル・洗練・スクロール連動のストーリー）","上級"
"WEB-01119","カフェ・ベーカリーのブランドサイト（ハンドメイド・手書き・画面2分割（写真｜コピー））","プロ（演出多め）"
"WEB-01120","スマホアプリのサービスサイト（グラスモーフィズム・巨大コピー＋小さな写真）","上級"
"WEB-01121","ゲーム・eスポーツのサービスサイト（レトロ・Y2K・スクロール連動のストーリー）","プロ（演出多め）"
"WEB-01122","スクール・オンライン講座のスクール・教室サイト（信頼・誠実（コーポレート）・巨大コピー＋小さな写真）","プロ（演出多め）"
"WEB-01123","内科・クリニックのコーポレートサイト（信頼・誠実（コーポレート）・3Dオブジェクト/ジェネラティブ背景）","上級"
"WEB-01124","NPO・地方自治体のサービスサイト（ナチュラル・オーガニック・スクロール連動のストーリー）","上級"
"WEB-01125","建築設計事務所のポートフォリオ（個人/事務所）（3D・クレイ・散らばった写真コラージュ）","プロ（演出多め）"
"WEB-01126","引越し・生活サービスのサービスサイト（ポップ・カラフル・フェード/ズームのスライドショー）","プロ（演出多め）"
"WEB-01127","不動産・マンションのオウンドメディア・ブログ（ダーク・シネマティック・散らばった写真コラージュ）","プロ（演出多め）"
"WEB-01128","エステ・脱毛サロンの採用サイト（ラグジュアリー・高級感・画面2分割（写真｜コピー））","プロ（演出多め）"
"WEB-01129","ウェディング・結婚相談所の採用サイト（ミニマル・洗練・全画面ループ動画）","プロ（演出多め）"
"WEB-01130","スクール・オンライン講座のコーポレートサイト（ハンドメイド・手書き・フェード/ズームのスライドショー）","プロ（演出多め）"
"WEB-01131","プログラミングスクールのコーポレートサイト（クール・テック・全画面ループ動画）","上級"
"WEB-01132","パーソナルジム・フィットネスのサービスサイト（ダーク・シネマティック・縦書きコピー＋余白）","プロ（演出多め）"
"WEB-01133","アパレル・ファッションECの採用サイト（レトロ・Y2K・ローディング演出→ロゴ→メインビジュアル）","プロ（演出多め）"
"WEB-01134","スマホアプリの採用サイト（グラスモーフィズム・ローディング演出→ロゴ→メインビジュアル）","プロ（演出多め）"
"WEB-01135","ウェディング・結婚相談所のオウンドメディア・ブログ（ラグジュアリー・高級感・全画面ループ動画）","上級"
"WEB-01136","カフェ・ベーカリーの採用サイト（北欧・ライフスタイル・画面2分割（写真｜コピー））","プロ（演出多め）"
"WEB-01137","YouTuber・インフルエンサーのポートフォリオ（個人/事務所）（ポップ・カラフル・スクロール連動のストーリー）","上級"
"WEB-01138","ホテル・旅館のブランドサイト（ミニマル・洗練・フェード/ズームのスライドショー）","上級"
"WEB-01139","スマホアプリのブランドサイト（ジオメトリック・グラフィカル・3Dオブジェクト/ジェネラティブ背景）","プロ（演出多め）"
"WEB-01140","建築設計事務所のコーポレートサイト（エディトリアル・雑誌風・画面2分割（写真｜コピー））","プロ（演出多め）"
"WEB-01141","サウナ・温浴施設のサービスサイト（ナチュラル・オーガニック・散らばった写真コラージュ）","プロ（演出多め）"
"WEB-01142","占い・スピリチュアルのオウンドメディア・ブログ（ラグジュアリー・高級感・巨大コピー＋小さな写真）","プロ（演出多め）"
"WEB-01143","農業・地方の生産者のブランドサイト（和モダン・スクロール連動のストーリー）","プロ（演出多め）"
"WEB-01144","観光・地域プロモーションのサービスサイト（和モダン・フェード/ズームのスライドショー）","上級"
"WEB-01145","占い・スピリチュアルのオウンドメディア・ブログ（信頼・誠実（コーポレート）・スクロール連動のストーリー）","プロ（演出多め）"
"WEB-01146","ペット・トリミング・動物病院のサービスサイト（ナチュラル・オーガニック・3Dオブジェクト/ジェネラティブ背景）","プロ（演出多め）"
"WEB-01147","クラウドファンディング・新商品のコーポレートサイト（ポップ・カラフル・3Dオブジェクト/ジェネラティブ背景）","上級"
"WEB-01148","SaaS・BtoBツールの採用サイト（グラスモーフィズム・巨大コピー＋小さな写真）","プロ（演出多め）"
"WEB-01149","農業・地方の生産者のコーポレートサイト（和モダン・3Dオブジェクト/ジェネラティブ背景）","プロ（演出多め）"
"WEB-01150","SaaS・BtoBツールのコーポレートサイト（信頼・誠実（コーポレート）・3Dオブジェクト/ジェネラティブ背景）","プロ（演出多め）"
"WEB-01151","士業（税理士・弁護士・行政書士）のオウンドメディア・ブログ（和モダン・画面2分割（写真｜コピー））","プロ（演出多め）"
"WEB-01152","スマホアプリのブランドサイト（クール・テック・画面2分割（写真｜コピー））","プロ（演出多め）"
"WEB-01153","アパレル・ファッションECの採用サイト（ミニマル・洗練・散らばった写真コラージュ）","プロ（演出多め）"
"WEB-01154","不動産・マンションのサービスサイト（ダーク・シネマティック・画面2分割（写真｜コピー））","上級"
"WEB-01155","引越し・生活サービスのサービスサイト（ポップ・カラフル・散らばった写真コラージュ）","プロ（演出多め）"
"WEB-01156","ヨガ・ピラティスのコーポレートサイト（信頼・誠実（コーポレート）・スクロール連動のストーリー）","上級"
"WEB-01157","歯科医院の採用サイト（信頼・誠実（コーポレート）・散らばった写真コラージュ）","プロ（演出多め）"
"WEB-01158","保育園・幼児教育・習い事のスクール・教室サイト（ナチュラル・オーガニック・縦書きコピー＋余白）","上級"
"WEB-01159","ホテル・旅館のサービスサイト（ダーク・シネマティック・3Dオブジェクト/ジェネラティブ背景）","プロ（演出多め）"
"WEB-01160","ペット・トリミング・動物病院のブランドサイト（ナチュラル・オーガニック・ローディング演出→ロゴ→メインビジュアル）","プロ（演出多め）"
"WEB-01161","美容室・ヘアサロンのブランドサイト（エディトリアル・雑誌風・全画面ループ動画）","上級"
"WEB-01162","エステ・脱毛サロンの採用サイト（ミニマル・洗練・巨大コピー＋小さな写真）","プロ（演出多め）"
"WEB-01163","自動車・バイクの採用サイト（クール・テック・フェード/ズームのスライドショー）","上級"
"WEB-01164","SaaS・BtoBツールのサービスサイト（ハンドメイド・手書き・散らばった写真コラージュ）","上級"
"WEB-01165","音楽・ライブ・イベントのサービスサイト（レトロ・Y2K・ローディング演出→ロゴ→メインビジュアル）","プロ（演出多め）"
"WEB-01166","引越し・生活サービスのコーポレートサイト（ポップ・カラフル・ローディング演出→ロゴ→メインビジュアル）","上級"
"WEB-01167","パーソナルジム・フィットネスのスクール・教室サイト（エネルギッシュ・スポーティ・全画面ループ動画）","プロ（演出多め）"
"WEB-01168","AIサービス・スタートアップのオウンドメディア・ブログ（クール・テック・ローディング演出→ロゴ→メインビジュアル）","プロ（演出多め）"
"WEB-01169","自動車・バイクのブランドサイト（ラグジュアリー・高級感・散らばった写真コラージュ）","プロ（演出多め）"
"WEB-01170","ヨガ・ピラティスのオウンドメディア・ブログ（パステル・ドリーミー・全画面ループ動画）","上級"
"WEB-01171","音楽・ライブ・イベントのサービスサイト（ダーク・シネマティック・全画面ループ動画）","プロ（演出多め）"
"WEB-01172","YouTuber・インフルエンサーのイベント・フェスサイト（ポップ・カラフル・縦書きコピー＋余白）","プロ（演出多め）"
"WEB-01173","音楽・ライブ・イベントのコーポレートサイト（ハンドメイド・手書き・3Dオブジェクト/ジェネラティブ背景）","上級"
"WEB-01174","音楽・ライブ・イベントのオウンドメディア・ブログ（ネオン・サイバー・3Dオブジェクト/ジェネラティブ背景）","上級"
"WEB-01175","SaaS・BtoBツールのサービスサイト（ミニマル・洗練・全画面ループ動画）","プロ（演出多め）"
"WEB-01176","金融・保険・投資の採用サイト（信頼・誠実（コーポレート）・ローディング演出→ロゴ→メインビジュアル）","プロ（演出多め）"
"WEB-01177","美容室・ヘアサロンのサービスサイト（ラグジュアリー・高級感・3Dオブジェクト/ジェネラティブ背景）","プロ（演出多め）"
"WEB-01178","カフェ・ベーカリーの採用サイト（ハンドメイド・手書き・縦書きコピー＋余白）","プロ（演出多め）"
"WEB-01179","ペット・トリミング・動物病院のサービスサイト（ハンドメイド・手書き・3Dオブジェクト/ジェネラティブ背景）","プロ（演出多め）"
"WEB-01180","和菓子・スイーツのサービスサイト（和モダン・全画面ループ動画）","プロ（演出多め）"
"WEB-01181","スクール・オンライン講座のブランドサイト（3D・クレイ・画面2分割（写真｜コピー））","上級"
"WEB-01182","パーソナルジム・フィットネスのコーポレートサイト（エネルギッシュ・スポーティ・フェード/ズームのスライドショー）","上級"
"WEB-01183","コンサル・コーチングのブランドサイト（ラグジュアリー・高級感・散らばった写真コラージュ）","プロ（演出多め）"
"WEB-01184","士業（税理士・弁護士・行政書士）のブランドサイト（和モダン・スクロール連動のストーリー）","上級"
"WEB-01185","プログラミングスクールの採用サイト（ポップ・カラフル・散らばった写真コラージュ）","プロ（演出多め）"
"WEB-01186","コスメ・スキンケアのオウンドメディア・ブログ（グラスモーフィズム・ローディング演出→ロゴ→メインビジュアル）","プロ（演出多め）"
"WEB-01187","ゲーム・eスポーツのサービスサイト（ポップ・カラフル・巨大コピー＋小さな写真）","プロ（演出多め）"
"WEB-01188","ホテル・旅館のブランドサイト（ラグジュアリー・高級感・スクロール連動のストーリー）","プロ（演出多め）"
"WEB-01189","観光・地域プロモーションのホテル・旅館サイト（ポップ・カラフル・巨大コピー＋小さな写真）","上級"
"WEB-01190","SaaS・BtoBツールのサービスサイト（信頼・誠実（コーポレート）・画面2分割（写真｜コピー））","プロ（演出多め）"
"WEB-01191","コンサル・コーチングのサービスサイト（エディトリアル・雑誌風・ローディング演出→ロゴ→メインビジュアル）","上級"
"WEB-01192","占い・スピリチュアルのコーポレートサイト（ダーク・シネマティック・画面2分割（写真｜コピー））","プロ（演出多め）"
"WEB-01193","Web制作・デザイン事務所のブランドサイト（ダーク・シネマティック・フェード/ズームのスライドショー）","プロ（演出多め）"
"WEB-01194","美容室・ヘアサロンのポートフォリオ（個人/事務所）（エネルギッシュ・スポーティ・散らばった写真コラージュ）","上級"
"WEB-01195","コスメ・スキンケアのコーポレートサイト（ナチュラル・オーガニック・3Dオブジェクト/ジェネラティブ背景）","プロ（演出多め）"
"WEB-01196","カフェ・ベーカリーのブランドサイト（エディトリアル・雑誌風・ローディング演出→ロゴ→メインビジュアル）","プロ（演出多め）"
"WEB-01197","士業（税理士・弁護士・行政書士）のオウンドメディア・ブログ（ミニマル・洗練・ローディング演出→ロゴ→メインビジュアル）","プロ（演出多め）"
"WEB-01198","アパレル・ファッションECのサービスサイト（レトロ・Y2K・巨大コピー＋小さな写真）","プロ（演出多め）"
"WEB-01199","YouTuber・インフルエンサーのオウンドメディア・ブログ（ポップ・カラフル・画面2分割（写真｜コピー））","プロ（演出多め）"
"WEB-01200","音楽・ライブ・イベントの採用サイト（信頼・誠実（コーポレート）・3Dオブジェクト/ジェネラティブ背景）","プロ（演出多め）"
"WEB-01201","ペット・トリミング・動物病院のブランドサイト（エネルギッシュ・スポーティ・フェード/ズームのスライドショー）","上級"
"WEB-01202","サウナ・温浴施設のホテル・旅館サイト（和モダン・巨大コピー＋小さな写真）","上級"
"WEB-01203","和菓子・スイーツのオウンドメディア・ブログ（かわいい・ガーリー・全画面ループ動画）","プロ（演出多め）"
"WEB-01204","カフェ・ベーカリーのコーポレートサイト（エディトリアル・雑誌風・画面2分割（写真｜コピー））","上級"
"WEB-01205","パーソナルジム・フィットネスのコーポレートサイト（クール・テック・画面2分割（写真｜コピー））","上級"
"WEB-01206","AIサービス・スタートアップのブランドサイト（ネオン・サイバー・ローディング演出→ロゴ→メインビジュアル）","上級"
"WEB-01207","NPO・地方自治体のブランドサイト（信頼・誠実（コーポレート）・縦書きコピー＋余白）","プロ（演出多め）"
"WEB-01208","内科・クリニックのサービスサイト（ネオン・サイバー・画面2分割（写真｜コピー））","プロ（演出多め）"
"WEB-01209","ホテル・旅館のブランドサイト（ミニマル・洗練・全画面ループ動画）","プロ（演出多め）"
"WEB-01210","美容室・ヘアサロンの採用サイト（エディトリアル・雑誌風・スクロール連動のストーリー）","プロ（演出多め）"
"WEB-01211","レストラン・居酒屋のブランドサイト（エネルギッシュ・スポーティ・スクロール連動のストーリー）","プロ（演出多め）"
"WEB-01212","占い・スピリチュアルの採用サイト（和モダン・画面2分割（写真｜コピー））","上級"
"WEB-01213","プログラミングスクールのオウンドメディア・ブログ（信頼・誠実（コーポレート）・フェード/ズームのスライドショー）","上級"
"WEB-01214","不動産・マンションの採用サイト（エディトリアル・雑誌風・3Dオブジェクト/ジェネラティブ背景）","プロ（演出多め）"
"WEB-01215","内科・クリニックのコーポレートサイト（信頼・誠実（コーポレート）・巨大コピー＋小さな写真）","上級"
"WEB-01216","士業（税理士・弁護士・行政書士）のブランドサイト（ラグジュアリー・高級感・スクロール連動のストーリー）","上級"
"WEB-01217","クラウドファンディング・新商品の採用サイト（和モダン・ローディング演出→ロゴ→メインビジュアル）","プロ（演出多め）"
"WEB-01218","和菓子・スイーツの店舗サイト（飲食・美容・サロン）（パステル・ドリーミー・縦書きコピー＋余白）","プロ（演出多め）"
"WEB-01219","ペット・トリミング・動物病院の店舗サイト（飲食・美容・サロン）（3D・クレイ・散らばった写真コラージュ）","プロ（演出多め）"
"WEB-01220","サウナ・温浴施設のホテル・旅館サイト（和モダン・画面2分割（写真｜コピー））","上級"
"WEB-01221","ゲーム・eスポーツのブランドサイト（ネオン・サイバー・3Dオブジェクト/ジェネラティブ背景）","プロ（演出多め）"
"WEB-01222","内科・クリニックのコーポレートサイト（北欧・ライフスタイル・巨大コピー＋小さな写真）","プロ（演出多め）"
"WEB-01223","採用・求人のオウンドメディア・ブログ（エディトリアル・雑誌風・画面2分割（写真｜コピー））","プロ（演出多め）"
"WEB-01224","採用・求人のコーポレートサイト（3D・クレイ・散らばった写真コラージュ）","プロ（演出多め）"
"WEB-01225","農業・地方の生産者のオウンドメディア・ブログ（ナチュラル・オーガニック・縦書きコピー＋余白）","プロ（演出多め）"
"WEB-01226","Web制作・デザイン事務所のサービスサイト（ジオメトリック・グラフィカル・散らばった写真コラージュ）","上級"
"WEB-01227","採用・求人の採用サイト（エネルギッシュ・スポーティ・ローディング演出→ロゴ→メインビジュアル）","プロ（演出多め）"
"WEB-01228","パーソナルジム・フィットネスの店舗サイト（飲食・美容・サロン）（ダーク・シネマティック・画面2分割（写真｜コピー））","上級"
"WEB-01229","AIサービス・スタートアップのコーポレートサイト（レトロ・Y2K・画面2分割（写真｜コピー））","プロ（演出多め）"
"WEB-01230","音楽・ライブ・イベントのオウンドメディア・ブログ（ネオン・サイバー・画面2分割（写真｜コピー））","上級"
"WEB-01231","ホテル・旅館のブランドサイト（ミニマル・洗練・ローディング演出→ロゴ→メインビジュアル）","プロ（演出多め）"
"WEB-01232","レストラン・居酒屋のサービスサイト（ダーク・シネマティック・画面2分割（写真｜コピー））","プロ（演出多め）"
"WEB-01233","AIサービス・スタートアップのコーポレートサイト（グラスモーフィズム・全画面ループ動画）","プロ（演出多め）"
"WEB-01234","引越し・生活サービスのオウンドメディア・ブログ（かわいい・ガーリー・巨大コピー＋小さな写真）","プロ（演出多め）"
"WEB-01235","金融・保険・投資のサービスサイト（信頼・誠実（コーポレート）・スクロール連動のストーリー）","プロ（演出多め）"
"WEB-01236","ウェディング・結婚相談所のブランドサイト（かわいい・ガーリー・画面2分割（写真｜コピー））","プロ（演出多め）"
"WEB-01237","工務店・注文住宅・リフォームのコーポレートサイト（北欧・ライフスタイル・全画面ループ動画）","プロ（演出多め）"
"WEB-01238","ペット・トリミング・動物病院のコーポレートサイト（3D・クレイ・散らばった写真コラージュ）","プロ（演出多め）"
"WEB-01239","英会話・語学の採用サイト（3D・クレイ・フェード/ズームのスライドショー）","プロ（演出多め）"
"WEB-01240","NPO・地方自治体のブランドサイト（ナチュラル・オーガニック・巨大コピー＋小さな写真）","プロ（演出多め）"
"WEB-01241","カフェ・ベーカリーのブランドサイト（レトロ・Y2K・全画面ループ動画）","プロ（演出多め）"
"WEB-01242","カフェ・ベーカリーのオウンドメディア・ブログ（レトロ・Y2K・3Dオブジェクト/ジェネラティブ背景）","プロ（演出多め）"
"WEB-01243","和菓子・スイーツのオウンドメディア・ブログ（和モダン・3Dオブジェクト/ジェネラティブ背景）","プロ（演出多め）"
"WEB-01244","内科・クリニックのオウンドメディア・ブログ（北欧・ライフスタイル・縦書きコピー＋余白）","プロ（演出多め）"
"WEB-01245","農業・地方の生産者の採用サイト（ラグジュアリー・高級感・全画面ループ動画）","プロ（演出多め）"
"WEB-01246","Web制作・デザイン事務所のポートフォリオ（個人/事務所）（エディトリアル・雑誌風・3Dオブジェクト/ジェネラティブ背景）","上級"
"WEB-01247","引越し・生活サービスのオウンドメディア・ブログ（信頼・誠実（コーポレート）・フェード/ズームのスライドショー）","上級"
"WEB-01248","保育園・幼児教育・習い事のブランドサイト（かわいい・ガーリー・散らばった写真コラージュ）","上級"
"WEB-01249","保育園・幼児教育・習い事のスクール・教室サイト（レトロ・Y2K・3Dオブジェクト/ジェネラティブ背景）","上級"
"WEB-01250","食品・産直ECの採用サイト（ハンドメイド・手書き・フェード/ズームのスライドショー）","プロ（演出多め）"
"WEB-01251","YouTuber・インフルエンサーのオウンドメディア・ブログ（ネオン・サイバー・画面2分割（写真｜コピー））","上級"
"WEB-01252","自動車・バイクのサービスサイト（エネルギッシュ・スポーティ・ローディング演出→ロゴ→メインビジュアル）","プロ（演出多め）"
"WEB-01253","ヨガ・ピラティスのスクール・教室サイト（パステル・ドリーミー・画面2分割（写真｜コピー））","プロ（演出多め）"
"WEB-01254","エステ・脱毛サロンのブランドサイト（ネオン・サイバー・フェード/ズームのスライドショー）","プロ（演出多め）"
"WEB-01255","工務店・注文住宅・リフォームの採用サイト（信頼・誠実（コーポレート）・ローディング演出→ロゴ→メインビジュアル）","上級"
"WEB-01256","保育園・幼児教育・習い事のサービスサイト（かわいい・ガーリー・ローディング演出→ロゴ→メインビジュアル）","上級"
"WEB-01257","NPO・地方自治体の自治体・観光協会サイト（かわいい・ガーリー・3Dオブジェクト/ジェネラティブ背景）","上級"
"WEB-01258","ペット・トリミング・動物病院のサービスサイト（3D・クレイ・画面2分割（写真｜コピー））","プロ（演出多め）"
"WEB-01259","歯科医院のクリニック・医院サイト（信頼・誠実（コーポレート）・全画面ループ動画）","上級"
"WEB-01260","アパレル・ファッションECのオウンドメディア・ブログ（3D・クレイ・スクロール連動のストーリー）","上級"
"WEB-01261","音楽・ライブ・イベントのサービスサイト（グラスモーフィズム・フェード/ズームのスライドショー）","プロ（演出多め）"
"WEB-01262","ヨガ・ピラティスの採用サイト（パステル・ドリーミー・散らばった写真コラージュ）","上級"
"WEB-01263","カフェ・ベーカリーの店舗サイト（飲食・美容・サロン）（3D・クレイ・スクロール連動のストーリー）","プロ（演出多め）"
"WEB-01264","音楽・ライブ・イベントのコーポレートサイト（和モダン・フェード/ズームのスライドショー）","プロ（演出多め）"
"WEB-01265","工務店・注文住宅・リフォームのオウンドメディア・ブログ（ミニマル・洗練・縦書きコピー＋余白）","プロ（演出多め）"
"WEB-01266","サウナ・温浴施設の採用サイト（クール・テック・散らばった写真コラージュ）","プロ（演出多め）"
"WEB-01267","プログラミングスクールのオウンドメディア・ブログ（クール・テック・巨大コピー＋小さな写真）","上級"
"WEB-01268","農業・地方の生産者のブランドサイト（ハンドメイド・手書き・スクロール連動のストーリー）","上級"
"WEB-01269","引越し・生活サービスのコーポレートサイト（ナチュラル・オーガニック・全画面ループ動画）","プロ（演出多め）"
"WEB-01270","採用・求人のブランドサイト（ラグジュアリー・高級感・全画面ループ動画）","プロ（演出多め）"
"WEB-01271","サウナ・温浴施設のサービスサイト（ニューブルータリズム・スクロール連動のストーリー）","プロ（演出多め）"
"WEB-01272","金融・保険・投資のコーポレートサイト（信頼・誠実（コーポレート）・3Dオブジェクト/ジェネラティブ背景）","上級"
"WEB-01273","カフェ・ベーカリーの採用サイト（エディトリアル・雑誌風・巨大コピー＋小さな写真）","上級"
"WEB-01274","Web制作・デザイン事務所の採用サイト（パステル・ドリーミー・フェード/ズームのスライドショー）","プロ（演出多め）"
"WEB-01275","YouTuber・インフルエンサーのブランドサイト（ニューブルータリズム・縦書きコピー＋余白）","プロ（演出多め）"
"WEB-01276","コンサル・コーチングの採用サイト（信頼・誠実（コーポレート）・ローディング演出→ロゴ→メインビジュアル）","プロ（演出多め）"
"WEB-01277","美容室・ヘアサロンの採用サイト（かわいい・ガーリー・スクロール連動のストーリー）","プロ（演出多め）"
"WEB-01278","ゲーム・eスポーツのコーポレートサイト（ダーク・シネマティック・フェード/ズームのスライドショー）","プロ（演出多め）"
"WEB-01279","カフェ・ベーカリーのコーポレートサイト（北欧・ライフスタイル・画面2分割（写真｜コピー））","上級"
"WEB-01280","保育園・幼児教育・習い事の採用サイト（ハンドメイド・手書き・散らばった写真コラージュ）","プロ（演出多め）"
"WEB-01281","スマホアプリのオウンドメディア・ブログ（グラスモーフィズム・散らばった写真コラージュ）","上級"
"WEB-01282","占い・スピリチュアルのブランドサイト（ダーク・シネマティック・散らばった写真コラージュ）","プロ（演出多め）"
"WEB-01283","コンサル・コーチングのコーポレートサイト（エネルギッシュ・スポーティ・スクロール連動のストーリー）","プロ（演出多め）"
"WEB-01284","和菓子・スイーツの採用サイト（パステル・ドリーミー・3Dオブジェクト/ジェネラティブ背景）","上級"
"WEB-01285","ゲーム・eスポーツのブランドサイト（ジオメトリック・グラフィカル・フェード/ズームのスライドショー）","プロ（演出多め）"
"WEB-01286","不動産・マンションの採用サイト（ラグジュアリー・高級感・画面2分割（写真｜コピー））","プロ（演出多め）"
"WEB-01287","観光・地域プロモーションのホテル・旅館サイト（ダーク・シネマティック・巨大コピー＋小さな写真）","プロ（演出多め）"
"WEB-01288","金融・保険・投資のコーポレートサイト（ミニマル・洗練・ローディング演出→ロゴ→メインビジュアル）","プロ（演出多め）"
"WEB-01289","ペット・トリミング・動物病院のブランドサイト（ハンドメイド・手書き・散らばった写真コラージュ）","プロ（演出多め）"
"WEB-01290","工務店・注文住宅・リフォームのサービスサイト（ナチュラル・オーガニック・ローディング演出→ロゴ→メインビジュアル）","プロ（演出多め）"
"WEB-01291","ホテル・旅館のコーポレートサイト（ラグジュアリー・高級感・画面2分割（写真｜コピー））","プロ（演出多め）"
"WEB-01292","音楽・ライブ・イベントのブランドサイト（ニューブルータリズム・スクロール連動のストーリー）","上級"
"WEB-01293","和菓子・スイーツのオウンドメディア・ブログ（かわいい・ガーリー・全画面ループ動画）","プロ（演出多め）"
"WEB-01294","スクール・オンライン講座のコーポレートサイト（信頼・誠実（コーポレート）・縦書きコピー＋余白）","上級"
"WEB-01295","自動車・バイクのブランドサイト（エネルギッシュ・スポーティ・縦書きコピー＋余白）","プロ（演出多め）"
"WEB-01296","内科・クリニックのオウンドメディア・ブログ（信頼・誠実（コーポレート）・散らばった写真コラージュ）","プロ（演出多め）"
"WEB-01297","金融・保険・投資のコーポレートサイト（ミニマル・洗練・縦書きコピー＋余白）","プロ（演出多め）"
"WEB-01298","不動産・マンションのコーポレートサイト（ラグジュアリー・高級感・全画面ループ動画）","上級"
"WEB-01299","サウナ・温浴施設の店舗サイト（飲食・美容・サロン）（和モダン・散らばった写真コラージュ）","上級"
"WEB-01300","引越し・生活サービスのオウンドメディア・ブログ（グラスモーフィズム・全画面ループ動画）","プロ（演出多め）"
"WEB-01301","アパレル・ファッションECのECサイト（エディトリアル・雑誌風・ローディング演出→ロゴ→メインビジュアル）","プロ（演出多め）"
"WEB-01302","ヨガ・ピラティスの採用サイト（パステル・ドリーミー・ローディング演出→ロゴ→メインビジュアル）","プロ（演出多め）"
"WEB-01303","スマホアプリの採用サイト（グラスモーフィズム・3Dオブジェクト/ジェネラティブ背景）","上級"
"WEB-01304","サウナ・温浴施設のコーポレートサイト（ニューブルータリズム・フェード/ズームのスライドショー）","プロ（演出多め）"
"WEB-01305","スマホアプリのオウンドメディア・ブログ（3D・クレイ・3Dオブジェクト/ジェネラティブ背景）","上級"
"WEB-01306","パーソナルジム・フィットネスのオウンドメディア・ブログ（ダーク・シネマティック・散らばった写真コラージュ）","プロ（演出多め）"
"WEB-01307","Web制作・デザイン事務所のポートフォリオ（個人/事務所）（エディトリアル・雑誌風・画面2分割（写真｜コピー））","プロ（演出多め）"
"WEB-01308","建築設計事務所の採用サイト（ジオメトリック・グラフィカル・全画面ループ動画）","プロ（演出多め）"
"WEB-01309","SaaS・BtoBツールの採用サイト（3D・クレイ・画面2分割（写真｜コピー））","上級"
"WEB-01310","アパレル・ファッションECのECサイト（レトロ・Y2K・画面2分割（写真｜コピー））","プロ（演出多め）"
"WEB-01311","カフェ・ベーカリーのコーポレートサイト（ハンドメイド・手書き・ローディング演出→ロゴ→メインビジュアル）","プロ（演出多め）"
"WEB-01312","不動産・マンションのオウンドメディア・ブログ（信頼・誠実（コーポレート）・巨大コピー＋小さな写真）","プロ（演出多め）"
"WEB-01313","レストラン・居酒屋の採用サイト（ダーク・シネマティック・画面2分割（写真｜コピー））","プロ（演出多め）"
"WEB-01314","ウェディング・結婚相談所のポートフォリオ（個人/事務所）（かわいい・ガーリー・画面2分割（写真｜コピー））","プロ（演出多め）"
"WEB-01315","パーソナルジム・フィットネスのブランドサイト（ダーク・シネマティック・3Dオブジェクト/ジェネラティブ背景）","上級"
"WEB-01316","英会話・語学のサービスサイト（ジオメトリック・グラフィカル・全画面ループ動画）","上級"
"WEB-01317","和菓子・スイーツのECサイト（和モダン・フェード/ズームのスライドショー）","プロ（演出多め）"
"WEB-01318","農業・地方の生産者のコーポレートサイト（ナチュラル・オーガニック・散らばった写真コラージュ）","上級"
"WEB-01319","内科・クリニックのサービスサイト（信頼・誠実（コーポレート）・散らばった写真コラージュ）","上級"
"WEB-01320","スクール・オンライン講座のブランドサイト（ポップ・カラフル・3Dオブジェクト/ジェネラティブ背景）","プロ（演出多め）"
"WEB-01321","士業（税理士・弁護士・行政書士）のコーポレートサイト（信頼・誠実（コーポレート）・全画面ループ動画）","プロ（演出多め）"
"WEB-01322","歯科医院のオウンドメディア・ブログ（ナチュラル・オーガニック・ローディング演出→ロゴ→メインビジュアル）","プロ（演出多め）"
"WEB-01323","パーソナルジム・フィットネスの採用サイト（エネルギッシュ・スポーティ・スクロール連動のストーリー）","プロ（演出多め）"
"WEB-01324","コンサル・コーチングの採用サイト（エディトリアル・雑誌風・巨大コピー＋小さな写真）","プロ（演出多め）"
"WEB-01325","SaaS・BtoBツールのオウンドメディア・ブログ（グラスモーフィズム・3Dオブジェクト/ジェネラティブ背景）","上級"
"WEB-01326","観光・地域プロモーションのホテル・旅館サイト（ハンドメイド・手書き・スクロール連動のストーリー）","プロ（演出多め）"
"WEB-01327","ゲーム・eスポーツのブランドサイト（ネオン・サイバー・画面2分割（写真｜コピー））","プロ（演出多め）"
"WEB-01328","和菓子・スイーツの店舗サイト（飲食・美容・サロン）（ナチュラル・オーガニック・ローディング演出→ロゴ→メインビジュアル）","上級"
"WEB-01329","スクール・オンライン講座のブランドサイト（ポップ・カラフル・ローディング演出→ロゴ→メインビジュアル）","上級"
"WEB-01330","コスメ・スキンケアの採用サイト（グラスモーフィズム・縦書きコピー＋余白）","プロ（演出多め）"
"WEB-01331","パーソナルジム・フィットネスのブランドサイト（北欧・ライフスタイル・3Dオブジェクト/ジェネラティブ背景）","プロ（演出多め）"
"WEB-01332","内科・クリニックのコーポレートサイト（エディトリアル・雑誌風・全画面ループ動画）","プロ（演出多め）"
"WEB-01333","エステ・脱毛サロンの店舗サイト（飲食・美容・サロン）（パステル・ドリーミー・ローディング演出→ロゴ→メインビジュアル）","プロ（演出多め）"
"WEB-01334","音楽・ライブ・イベントのオウンドメディア・ブログ（レトロ・Y2K・スクロール連動のストーリー）","上級"
"WEB-01335","プログラミングスクールのブランドサイト（ネオン・サイバー・巨大コピー＋小さな写真）","プロ（演出多め）"
"WEB-01336","レストラン・居酒屋のブランドサイト（ジオメトリック・グラフィカル・フェード/ズームのスライドショー）","プロ（演出多め）"
"WEB-01337","アパレル・ファッションECのECサイト（エディトリアル・雑誌風・全画面ループ動画）","上級"
"WEB-01338","英会話・語学のコーポレートサイト（3D・クレイ・全画面ループ動画）","上級"
"WEB-01339","SaaS・BtoBツールのオウンドメディア・ブログ（グラスモーフィズム・フェード/ズームのスライドショー）","プロ（演出多め）"
"WEB-01340","YouTuber・インフルエンサーのコーポレートサイト（ニューブルータリズム・3Dオブジェクト/ジェネラティブ背景）","プロ（演出多め）"
"WEB-01341","スマホアプリのサービスサイト（ポップ・カラフル・3Dオブジェクト/ジェネラティブ背景）","プロ（演出多め）"
"WEB-01342","採用・求人のコーポレートサイト（エネルギッシュ・スポーティ・3Dオブジェクト/ジェネラティブ背景）","プロ（演出多め）"
"WEB-01343","農業・地方の生産者の自治体・観光協会サイト（ハンドメイド・手書き・3Dオブジェクト/ジェネラティブ背景）","プロ（演出多め）"
"WEB-01344","保育園・幼児教育・習い事のオウンドメディア・ブログ（ハンドメイド・手書き・フェード/ズームのスライドショー）","プロ（演出多め）"
"WEB-01345","パーソナルジム・フィットネスのスクール・教室サイト（エネルギッシュ・スポーティ・散らばった写真コラージュ）","プロ（演出多め）"
"WEB-01346","プログラミングスクールのスクール・教室サイト（ネオン・サイバー・ローディング演出→ロゴ→メインビジュアル）","プロ（演出多め）"
"WEB-01347","引越し・生活サービスのコーポレートサイト（3D・クレイ・画面2分割（写真｜コピー））","プロ（演出多め）"
"WEB-01348","観光・地域プロモーションのコーポレートサイト（ダーク・シネマティック・3Dオブジェクト/ジェネラティブ背景）","上級"
"WEB-01349","ウェディング・結婚相談所のコーポレートサイト（ラグジュアリー・高級感・画面2分割（写真｜コピー））","プロ（演出多め）"
"WEB-01350","NPO・地方自治体のイベント・フェスサイト（ジオメトリック・グラフィカル・ローディング演出→ロゴ→メインビジュアル）","上級"
"WEB-01351","音楽・ライブ・イベントのイベント・フェスサイト（ネオン・サイバー・巨大コピー＋小さな写真）","プロ（演出多め）"
"WEB-01352","美容クリニックのブランドサイト（信頼・誠実（コーポレート）・フェード/ズームのスライドショー）","プロ（演出多め）"
"WEB-01353","農業・地方の生産者の自治体・観光協会サイト（ナチュラル・オーガニック・3Dオブジェクト/ジェネラティブ背景）","プロ（演出多め）"
"WEB-01354","自動車・バイクの採用サイト（ダーク・シネマティック・散らばった写真コラージュ）","プロ（演出多め）"
"WEB-01355","クラウドファンディング・新商品のコーポレートサイト（クール・テック・フェード/ズームのスライドショー）","プロ（演出多め）"
"WEB-01356","美容室・ヘアサロンの店舗サイト（飲食・美容・サロン）（かわいい・ガーリー・フェード/ズームのスライドショー）","プロ（演出多め）"
"WEB-01357","食品・産直ECのECサイト（ナチュラル・オーガニック・散らばった写真コラージュ）","上級"
"WEB-01358","美容クリニックのブランドサイト（信頼・誠実（コーポレート）・縦書きコピー＋余白）","プロ（演出多め）"
"WEB-01359","建築設計事務所のオウンドメディア・ブログ（ジオメトリック・グラフィカル・全画面ループ動画）","プロ（演出多め）"
"WEB-01360","採用・求人のサービスサイト（ジオメトリック・グラフィカル・巨大コピー＋小さな写真）","プロ（演出多め）"
"WEB-01361","エステ・脱毛サロンのブランドサイト（ポップ・カラフル・散らばった写真コラージュ）","プロ（演出多め）"
"WEB-01362","NPO・地方自治体のオウンドメディア・ブログ（ナチュラル・オーガニック・3Dオブジェクト/ジェネラティブ背景）","プロ（演出多め）"
"WEB-01363","農業・地方の生産者のサービスサイト（ハンドメイド・手書き・散らばった写真コラージュ）","プロ（演出多め）"
"WEB-01364","AIサービス・スタートアップのオウンドメディア・ブログ（ネオン・サイバー・フェード/ズームのスライドショー）","プロ（演出多め）"
"WEB-01365","ヨガ・ピラティスの採用サイト（ナチュラル・オーガニック・スクロール連動のストーリー）","プロ（演出多め）"
"WEB-01366","不動産・マンションの採用サイト（クール・テック・巨大コピー＋小さな写真）","プロ（演出多め）"
"WEB-01367","自動車・バイクのオウンドメディア・ブログ（クール・テック・3Dオブジェクト/ジェネラティブ背景）","プロ（演出多め）"
"WEB-01368","コンサル・コーチングの採用サイト（ミニマル・洗練・縦書きコピー＋余白）","プロ（演出多め）"
"WEB-01369","美容クリニックのサービスサイト（ミニマル・洗練・画面2分割（写真｜コピー））","上級"
"WEB-01370","エステ・脱毛サロンのブランドサイト（かわいい・ガーリー・画面2分割（写真｜コピー））","プロ（演出多め）"
"WEB-01371","NPO・地方自治体の採用サイト（信頼・誠実（コーポレート）・フェード/ズームのスライドショー）","プロ（演出多め）"
"WEB-01372","占い・スピリチュアルのブランドサイト（ラグジュアリー・高級感・散らばった写真コラージュ）","プロ（演出多め）"
"WEB-01373","コンサル・コーチングのサービスサイト（ラグジュアリー・高級感・縦書きコピー＋余白）","プロ（演出多め）"
"WEB-01374","占い・スピリチュアルのブランドサイト（パステル・ドリーミー・フェード/ズームのスライドショー）","上級"
"WEB-01375","採用・求人のオウンドメディア・ブログ（エネルギッシュ・スポーティ・3Dオブジェクト/ジェネラティブ背景）","プロ（演出多め）"
"WEB-01376","アパレル・ファッションECのコーポレートサイト（グラスモーフィズム・画面2分割（写真｜コピー））","上級"
"WEB-01377","歯科医院のオウンドメディア・ブログ（ハンドメイド・手書き・縦書きコピー＋余白）","プロ（演出多め）"
"WEB-01378","NPO・地方自治体の採用サイト（クール・テック・スクロール連動のストーリー）","プロ（演出多め）"
"WEB-01379","美容室・ヘアサロンのブランドサイト（北欧・ライフスタイル・縦書きコピー＋余白）","プロ（演出多め）"
"WEB-01380","NPO・地方自治体のブランドサイト（ハンドメイド・手書き・ローディング演出→ロゴ→メインビジュアル）","プロ（演出多め）"
"WEB-01381","パーソナルジム・フィットネスの店舗サイト（飲食・美容・サロン）（ダーク・シネマティック・フェード/ズームのスライドショー）","上級"
"WEB-01382","採用・求人のオウンドメディア・ブログ（エネルギッシュ・スポーティ・散らばった写真コラージュ）","プロ（演出多め）"
"WEB-01383","士業（税理士・弁護士・行政書士）のコーポレートサイト（ミニマル・洗練・全画面ループ動画）","プロ（演出多め）"
"WEB-01384","ペット・トリミング・動物病院のクリニック・医院サイト（かわいい・ガーリー・ローディング演出→ロゴ→メインビジュアル）","プロ（演出多め）"
"WEB-01385","工務店・注文住宅・リフォームのコーポレートサイト（信頼・誠実（コーポレート）・スクロール連動のストーリー）","上級"
"WEB-01386","YouTuber・インフルエンサーの採用サイト（ポップ・カラフル・ローディング演出→ロゴ→メインビジュアル）","プロ（演出多め）"
"WEB-01387","内科・クリニックのサービスサイト（信頼・誠実（コーポレート）・スクロール連動のストーリー）","プロ（演出多め）"
"WEB-01388","農業・地方の生産者の自治体・観光協会サイト（ハンドメイド・手書き・フェード/ズームのスライドショー）","プロ（演出多め）"
"WEB-01389","ウェディング・結婚相談所の採用サイト（かわいい・ガーリー・画面2分割（写真｜コピー））","プロ（演出多め）"
"WEB-01390","和菓子・スイーツのコーポレートサイト（ナチュラル・オーガニック・全画面ループ動画）","プロ（演出多め）"
"WEB-01391","コスメ・スキンケアのブランドサイト（ナチュラル・オーガニック・フェード/ズームのスライドショー）","プロ（演出多め）"
"WEB-01392","金融・保険・投資のサービスサイト（信頼・誠実（コーポレート）・画面2分割（写真｜コピー））","プロ（演出多め）"
"WEB-01393","SaaS・BtoBツールのサービスサイト（グラスモーフィズム・全画面ループ動画）","プロ（演出多め）"
"WEB-01394","士業（税理士・弁護士・行政書士）のコーポレートサイト（信頼・誠実（コーポレート）・巨大コピー＋小さな写真）","上級"
"WEB-01395","スマホアプリのブランドサイト（クール・テック・ローディング演出→ロゴ→メインビジュアル）","プロ（演出多め）"
"WEB-01396","金融・保険・投資のオウンドメディア・ブログ（ミニマル・洗練・縦書きコピー＋余白）","上級"
"WEB-01397","AIサービス・スタートアップのブランドサイト（クール・テック・巨大コピー＋小さな写真）","プロ（演出多め）"
"WEB-01398","パーソナルジム・フィットネスのブランドサイト（ダーク・シネマティック・全画面ループ動画）","上級"
"WEB-01399","観光・地域プロモーションの自治体・観光協会サイト（ハンドメイド・手書き・ローディング演出→ロゴ→メインビジュアル）","プロ（演出多め）"
"WEB-01400","ホテル・旅館のサービスサイト（ミニマル・洗練・縦書きコピー＋余白）","上級"
"WEB-01401","スクール・オンライン講座のコーポレートサイト（ポップ・カラフル・全画面ループ動画）","上級"
"WEB-01402","自動車・バイクのオウンドメディア・ブログ（ダーク・シネマティック・画面2分割（写真｜コピー））","プロ（演出多め）"
"WEB-01403","不動産・マンションのブランドサイト（ミニマル・洗練・散らばった写真コラージュ）","プロ（演出多め）"
"WEB-01404","コンサル・コーチングの採用サイト（ミニマル・洗練・縦書きコピー＋余白）","プロ（演出多め）"
"WEB-01405","スマホアプリの採用サイト（クール・テック・巨大コピー＋小さな写真）","プロ（演出多め）"
"WEB-01406","ウェディング・結婚相談所のサービスサイト（ミニマル・洗練・ローディング演出→ロゴ→メインビジュアル）","プロ（演出多め）"
"WEB-01407","士業（税理士・弁護士・行政書士）の採用サイト（和モダン・ローディング演出→ロゴ→メインビジュアル）","プロ（演出多め）"
"WEB-01408","ヨガ・ピラティスのオウンドメディア・ブログ（パステル・ドリーミー・全画面ループ動画）","プロ（演出多め）"
"WEB-01409","ウェディング・結婚相談所のサービスサイト（パステル・ドリーミー・巨大コピー＋小さな写真）","プロ（演出多め）"
"WEB-01410","金融・保険・投資のサービスサイト（信頼・誠実（コーポレート）・散らばった写真コラージュ）","上級"
"WEB-01411","スクール・オンライン講座のスクール・教室サイト（信頼・誠実（コーポレート）・画面2分割（写真｜コピー））","プロ（演出多め）"
"WEB-01412","YouTuber・インフルエンサーのブランドサイト（ニューブルータリズム・フェード/ズームのスライドショー）","上級"
"WEB-01413","美容クリニックのブランドサイト（信頼・誠実（コーポレート）・画面2分割（写真｜コピー））","プロ（演出多め）"
"WEB-01414","引越し・生活サービスのコーポレートサイト（信頼・誠実（コーポレート）・縦書きコピー＋余白）","上級"
"WEB-01415","観光・地域プロモーションの自治体・観光協会サイト（ダーク・シネマティック・全画面ループ動画）","プロ（演出多め）"
"WEB-01416","士業（税理士・弁護士・行政書士）のサービスサイト（ミニマル・洗練・巨大コピー＋小さな写真）","上級"
"WEB-01417","クラウドファンディング・新商品のコーポレートサイト（ナチュラル・オーガニック・フェード/ズームのスライドショー）","プロ（演出多め）"
"WEB-01418","ゲーム・eスポーツのブランドサイト（ダーク・シネマティック・巨大コピー＋小さな写真）","上級"
"WEB-01419","採用・求人の採用サイト（信頼・誠実（コーポレート）・巨大コピー＋小さな写真）","上級"
"WEB-01420","ヨガ・ピラティスのスクール・教室サイト（ナチュラル・オーガニック・縦書きコピー＋余白）","プロ（演出多め）"
"WEB-01421","カフェ・ベーカリーのコーポレートサイト（ミニマル・洗練・縦書きコピー＋余白）","プロ（演出多め）"
"WEB-01422","歯科医院のコーポレートサイト（ミニマル・洗練・フェード/ズームのスライドショー）","プロ（演出多め）"
"WEB-01423","コンサル・コーチングのブランドサイト（ラグジュアリー・高級感・散らばった写真コラージュ）","上級"
"WEB-01424","エステ・脱毛サロンのブランドサイト（ラグジュアリー・高級感・3Dオブジェクト/ジェネラティブ背景）","プロ（演出多め）"
"WEB-01425","ホテル・旅館の採用サイト（ポップ・カラフル・散らばった写真コラージュ）","プロ（演出多め）"
"WEB-01426","英会話・語学のサービスサイト（ジオメトリック・グラフィカル・画面2分割（写真｜コピー））","上級"
"WEB-01427","YouTuber・インフルエンサーのイベント・フェスサイト（ポップ・カラフル・画面2分割（写真｜コピー））","プロ（演出多め）"
"WEB-01428","美容室・ヘアサロンのサービスサイト（北欧・ライフスタイル・フェード/ズームのスライドショー）","上級"
"WEB-01429","自動車・バイクの採用サイト（信頼・誠実（コーポレート）・3Dオブジェクト/ジェネラティブ背景）","上級"
"WEB-01430","YouTuber・インフルエンサーのサービスサイト（ニューブルータリズム・スクロール連動のストーリー）","プロ（演出多め）"
"WEB-01431","Web制作・デザイン事務所のサービスサイト（ダーク・シネマティック・ローディング演出→ロゴ→メインビジュアル）","プロ（演出多め）"
"WEB-01432","美容室・ヘアサロンのポートフォリオ（個人/事務所）（ミニマル・洗練・散らばった写真コラージュ）","プロ（演出多め）"
"WEB-01433","士業（税理士・弁護士・行政書士）のサービスサイト（信頼・誠実（コーポレート）・フェード/ズームのスライドショー）","プロ（演出多め）"
"WEB-01434","ゲーム・eスポーツのイベント・フェスサイト（ポップ・カラフル・3Dオブジェクト/ジェネラティブ背景）","プロ（演出多め）"
"WEB-01435","スクール・オンライン講座のブランドサイト（エネルギッシュ・スポーティ・ローディング演出→ロゴ→メインビジュアル）","プロ（演出多め）"
"WEB-01436","引越し・生活サービスのサービスサイト（信頼・誠実（コーポレート）・縦書きコピー＋余白）","プロ（演出多め）"
"WEB-01437","保育園・幼児教育・習い事のオウンドメディア・ブログ（グラスモーフィズム・フェード/ズームのスライドショー）","プロ（演出多め）"
"WEB-01438","引越し・生活サービスのブランドサイト（かわいい・ガーリー・フェード/ズームのスライドショー）","プロ（演出多め）"
"WEB-01439","カフェ・ベーカリーの採用サイト（エディトリアル・雑誌風・ローディング演出→ロゴ→メインビジュアル）","上級"
"WEB-01440","英会話・語学のスクール・教室サイト（3D・クレイ・全画面ループ動画）","プロ（演出多め）"
"WEB-01441","歯科医院のオウンドメディア・ブログ（ナチュラル・オーガニック・フェード/ズームのスライドショー）","プロ（演出多め）"
"WEB-01442","建築設計事務所のブランドサイト（エディトリアル・雑誌風・縦書きコピー＋余白）","上級"
"WEB-01443","コスメ・スキンケアのコーポレートサイト（パステル・ドリーミー・縦書きコピー＋余白）","プロ（演出多め）"
"WEB-01444","SaaS・BtoBツールのコーポレートサイト（信頼・誠実（コーポレート）・スクロール連動のストーリー）","上級"
"WEB-01445","サウナ・温浴施設のオウンドメディア・ブログ（ハンドメイド・手書き・画面2分割（写真｜コピー））","プロ（演出多め）"
"WEB-01446","SaaS・BtoBツールの採用サイト（グラスモーフィズム・縦書きコピー＋余白）","プロ（演出多め）"
"WEB-01447","ゲーム・eスポーツのブランドサイト（ネオン・サイバー・フェード/ズームのスライドショー）","プロ（演出多め）"
"WEB-01448","食品・産直ECのサービスサイト（ハンドメイド・手書き・縦書きコピー＋余白）","プロ（演出多め）"
"WEB-01449","観光・地域プロモーションのホテル・旅館サイト（ダーク・シネマティック・ローディング演出→ロゴ→メインビジュアル）","プロ（演出多め）"
"WEB-01450","和菓子・スイーツのコーポレートサイト（信頼・誠実（コーポレート）・画面2分割（写真｜コピー））","プロ（演出多め）"
"WEB-01451","ゲーム・eスポーツのコーポレートサイト（エネルギッシュ・スポーティ・画面2分割（写真｜コピー））","上級"
"WEB-01452","カフェ・ベーカリーのコーポレートサイト（レトロ・Y2K・フェード/ズームのスライドショー）","プロ（演出多め）"
"WEB-01453","占い・スピリチュアルのサービスサイト（ダーク・シネマティック・スクロール連動のストーリー）","上級"
"WEB-01454","英会話・語学のコーポレートサイト（ジオメトリック・グラフィカル・散らばった写真コラージュ）","プロ（演出多め）"
"WEB-01455","NPO・地方自治体の採用サイト（エネルギッシュ・スポーティ・3Dオブジェクト/ジェネラティブ背景）","プロ（演出多め）"
"WEB-01456","観光・地域プロモーションの採用サイト（ナチュラル・オーガニック・縦書きコピー＋余白）","プロ（演出多め）"
"WEB-01457","和菓子・スイーツの店舗サイト（飲食・美容・サロン）（かわいい・ガーリー・フェード/ズームのスライドショー）","プロ（演出多め）"
"WEB-01458","観光・地域プロモーションのイベント・フェスサイト（北欧・ライフスタイル・巨大コピー＋小さな写真）","プロ（演出多め）"
"WEB-01459","美容室・ヘアサロンの採用サイト（エディトリアル・雑誌風・縦書きコピー＋余白）","プロ（演出多め）"
"WEB-01460","プログラミングスクールのオウンドメディア・ブログ（ナチュラル・オーガニック・ローディング演出→ロゴ→メインビジュアル）","プロ（演出多め）"
"WEB-01461","士業（税理士・弁護士・行政書士）のオウンドメディア・ブログ（和モダン・スクロール連動のストーリー）","プロ（演出多め）"
"WEB-01462","音楽・ライブ・イベントの採用サイト（パステル・ドリーミー・縦書きコピー＋余白）","プロ（演出多め）"
"WEB-01463","アパレル・ファッションECのECサイト（エディトリアル・雑誌風・全画面ループ動画）","プロ（演出多め）"
"WEB-01464","パーソナルジム・フィットネスのサービスサイト（クール・テック・フェード/ズームのスライドショー）","プロ（演出多め）"
"WEB-01465","保育園・幼児教育・習い事のサービスサイト（ハンドメイド・手書き・フェード/ズームのスライドショー）","上級"
"WEB-01466","Web制作・デザイン事務所の採用サイト（クール・テック・スクロール連動のストーリー）","プロ（演出多め）"
"WEB-01467","和菓子・スイーツのサービスサイト（和モダン・縦書きコピー＋余白）","プロ（演出多め）"
"WEB-01468","パーソナルジム・フィットネスのサービスサイト（エネルギッシュ・スポーティ・3Dオブジェクト/ジェネラティブ背景）","上級"
"WEB-01469","保育園・幼児教育・習い事のコーポレートサイト（ポップ・カラフル・縦書きコピー＋余白）","プロ（演出多め）"
"WEB-01470","NPO・地方自治体のブランドサイト（ジオメトリック・グラフィカル・縦書きコピー＋余白）","プロ（演出多め）"
"WEB-01471","英会話・語学のスクール・教室サイト（ポップ・カラフル・3Dオブジェクト/ジェネラティブ背景）","上級"
"WEB-01472","エステ・脱毛サロンの店舗サイト（飲食・美容・サロン）（レトロ・Y2K・ローディング演出→ロゴ→メインビジュアル）","プロ（演出多め）"
"WEB-01473","アパレル・ファッションECのECサイト（ミニマル・洗練・散らばった写真コラージュ）","プロ（演出多め）"
"WEB-01474","和菓子・スイーツのコーポレートサイト（ポップ・カラフル・散らばった写真コラージュ）","上級"
"WEB-01475","内科・クリニックのサービスサイト（ナチュラル・オーガニック・3Dオブジェクト/ジェネラティブ背景）","プロ（演出多め）"
"WEB-01476","士業（税理士・弁護士・行政書士）のコーポレートサイト（信頼・誠実（コーポレート）・画面2分割（写真｜コピー））","上級"
"WEB-01477","採用・求人のブランドサイト（クール・テック・巨大コピー＋小さな写真）","プロ（演出多め）"
"WEB-01478","美容室・ヘアサロンのコーポレートサイト（エディトリアル・雑誌風・全画面ループ動画）","プロ（演出多め）"
"WEB-01479","歯科医院の採用サイト（ミニマル・洗練・縦書きコピー＋余白）","プロ（演出多め）"
"WEB-01480","スマホアプリのオウンドメディア・ブログ（ハンドメイド・手書き・縦書きコピー＋余白）","プロ（演出多め）"
"WEB-01481","スクール・オンライン講座のブランドサイト（クール・テック・巨大コピー＋小さな写真）","上級"
"WEB-01482","歯科医院のクリニック・医院サイト（ミニマル・洗練・縦書きコピー＋余白）","プロ（演出多め）"
"WEB-01483","YouTuber・インフルエンサーのオウンドメディア・ブログ（パステル・ドリーミー・3Dオブジェクト/ジェネラティブ背景）","プロ（演出多め）"
"WEB-01484","レストラン・居酒屋のサービスサイト（和モダン・3Dオブジェクト/ジェネラティブ背景）","プロ（演出多め）"
"WEB-01485","SaaS・BtoBツールのコーポレートサイト（信頼・誠実（コーポレート）・3Dオブジェクト/ジェネラティブ背景）","プロ（演出多め）"
"WEB-01486","工務店・注文住宅・リフォームの採用サイト（信頼・誠実（コーポレート）・散らばった写真コラージュ）","プロ（演出多め）"
"WEB-01487","音楽・ライブ・イベントのコーポレートサイト（ダーク・シネマティック・巨大コピー＋小さな写真）","上級"
"WEB-01488","コスメ・スキンケアのECサイト（ミニマル・洗練・ローディング演出→ロゴ→メインビジュアル）","プロ（演出多め）"
"WEB-01489","観光・地域プロモーションのコーポレートサイト（ナチュラル・オーガニック・スクロール連動のストーリー）","プロ（演出多め）"
"WEB-01490","クラウドファンディング・新商品のサービスサイト（ナチュラル・オーガニック・3Dオブジェクト/ジェネラティブ背景）","プロ（演出多め）"
"WEB-01491","食品・産直ECのECサイト（かわいい・ガーリー・散らばった写真コラージュ）","プロ（演出多め）"
"WEB-01492","コンサル・コーチングのコーポレートサイト（グラスモーフィズム・巨大コピー＋小さな写真）","上級"
"WEB-01493","自動車・バイクのブランドサイト（エネルギッシュ・スポーティ・3Dオブジェクト/ジェネラティブ背景）","プロ（演出多め）"
"WEB-01494","自動車・バイクのブランドサイト（クール・テック・縦書きコピー＋余白）","プロ（演出多め）"
"WEB-01495","ホテル・旅館のサービスサイト（ミニマル・洗練・全画面ループ動画）","プロ（演出多め）"
"WEB-01496","AIサービス・スタートアップのサービスサイト（ネオン・サイバー・散らばった写真コラージュ）","上級"
"WEB-01497","スマホアプリのオウンドメディア・ブログ（クール・テック・全画面ループ動画）","プロ（演出多め）"
"WEB-01498","コスメ・スキンケアの採用サイト（ミニマル・洗練・散らばった写真コラージュ）","上級"
"WEB-01499","英会話・語学のオウンドメディア・ブログ（3D・クレイ・巨大コピー＋小さな写真）","上級"
"WEB-01500","観光・地域プロモーションのブランドサイト（ハンドメイド・手書き・スクロール連動のストーリー）","上級"
"WEB-01501","歯科医院の採用サイト（信頼・誠実（コーポレート）・3Dオブジェクト/ジェネラティブ背景）","プロ（演出多め）"
"WEB-01502","建築設計事務所のオウンドメディア・ブログ（エディトリアル・雑誌風・3Dオブジェクト/ジェネラティブ背景）","プロ（演出多め）"
"WEB-01503","コスメ・スキンケアの採用サイト（パステル・ドリーミー・全画面ループ動画）","プロ（演出多め）"
"WEB-01504","美容室・ヘアサロンのポートフォリオ（個人/事務所）（かわいい・ガーリー・散らばった写真コラージュ）","上級"
"WEB-01505","引越し・生活サービスの採用サイト（ダーク・シネマティック・画面2分割（写真｜コピー））","上級"
"WEB-01506","YouTuber・インフルエンサーのポートフォリオ（個人/事務所）（ニューブルータリズム・全画面ループ動画）","プロ（演出多め）"
"WEB-01507","美容クリニックのコーポレートサイト（ラグジュアリー・高級感・巨大コピー＋小さな写真）","プロ（演出多め）"
"WEB-01508","アパレル・ファッションECの採用サイト（エディトリアル・雑誌風・巨大コピー＋小さな写真）","プロ（演出多め）"
"WEB-01509","NPO・地方自治体のイベント・フェスサイト（信頼・誠実（コーポレート）・縦書きコピー＋余白）","プロ（演出多め）"
"WEB-01510","音楽・ライブ・イベントの採用サイト（ダーク・シネマティック・全画面ループ動画）","上級"
"WEB-01511","ウェディング・結婚相談所のサービスサイト（かわいい・ガーリー・フェード/ズームのスライドショー）","プロ（演出多め）"
"WEB-01512","ヨガ・ピラティスのサービスサイト（ナチュラル・オーガニック・縦書きコピー＋余白）","プロ（演出多め）"
"WEB-01513","ウェディング・結婚相談所の採用サイト（ラグジュアリー・高級感・フェード/ズームのスライドショー）","プロ（演出多め）"
"WEB-01514","ペット・トリミング・動物病院のコーポレートサイト（3D・クレイ・縦書きコピー＋余白）","プロ（演出多め）"
"WEB-01515","保育園・幼児教育・習い事のブランドサイト（ハンドメイド・手書き・フェード/ズームのスライドショー）","プロ（演出多め）"
"WEB-01516","ペット・トリミング・動物病院のオウンドメディア・ブログ（ミニマル・洗練・画面2分割（写真｜コピー））","上級"
"WEB-01517","Web制作・デザイン事務所のコーポレートサイト（クール・テック・巨大コピー＋小さな写真）","プロ（演出多め）"
"WEB-01518","食品・産直ECのサービスサイト（ナチュラル・オーガニック・ローディング演出→ロゴ→メインビジュアル）","プロ（演出多め）"
"WEB-01519","ウェディング・結婚相談所のコーポレートサイト（かわいい・ガーリー・ローディング演出→ロゴ→メインビジュアル）","プロ（演出多め）"
"WEB-01520","AIサービス・スタートアップのサービスサイト（ネオン・サイバー・巨大コピー＋小さな写真）","プロ（演出多め）"
"WEB-01521","NPO・地方自治体の自治体・観光協会サイト（ポップ・カラフル・縦書きコピー＋余白）","プロ（演出多め）"
"WEB-01522","英会話・語学のブランドサイト（信頼・誠実（コーポレート）・ローディング演出→ロゴ→メインビジュアル）","上級"
"WEB-01523","コスメ・スキンケアの採用サイト（エネルギッシュ・スポーティ・全画面ループ動画）","プロ（演出多め）"
"WEB-01524","コスメ・スキンケアのECサイト（ミニマル・洗練・巨大コピー＋小さな写真）","プロ（演出多め）"
"WEB-01525","食品・産直ECのオウンドメディア・ブログ（和モダン・全画面ループ動画）","プロ（演出多め）"
"WEB-01526","美容クリニックの店舗サイト（飲食・美容・サロン）（信頼・誠実（コーポレート）・スクロール連動のストーリー）","プロ（演出多め）"
"WEB-01527","NPO・地方自治体のコーポレートサイト（北欧・ライフスタイル・散らばった写真コラージュ）","プロ（演出多め）"
"WEB-01528","レストラン・居酒屋のブランドサイト（和モダン・ローディング演出→ロゴ→メインビジュアル）","上級"
"WEB-01529","ゲーム・eスポーツのオウンドメディア・ブログ（ダーク・シネマティック・フェード/ズームのスライドショー）","上級"
"WEB-01530","カフェ・ベーカリーのブランドサイト（北欧・ライフスタイル・散らばった写真コラージュ）","上級"
"WEB-01531","占い・スピリチュアルのコーポレートサイト（ネオン・サイバー・3Dオブジェクト/ジェネラティブ背景）","プロ（演出多め）"
"WEB-01532","採用・求人のサービスサイト（ポップ・カラフル・ローディング演出→ロゴ→メインビジュアル）","上級"
"WEB-01533","工務店・注文住宅・リフォームのサービスサイト（ニューブルータリズム・スクロール連動のストーリー）","プロ（演出多め）"
"WEB-01534","美容室・ヘアサロンのブランドサイト（北欧・ライフスタイル・画面2分割（写真｜コピー））","上級"
"WEB-01535","美容室・ヘアサロンのコーポレートサイト（エディトリアル・雑誌風・巨大コピー＋小さな写真）","プロ（演出多め）"
"WEB-01536","士業（税理士・弁護士・行政書士）のサービスサイト（信頼・誠実（コーポレート）・スクロール連動のストーリー）","プロ（演出多め）"
"WEB-01537","プログラミングスクールのサービスサイト（3D・クレイ・縦書きコピー＋余白）","上級"
"WEB-01538","採用・求人のコーポレートサイト（エディトリアル・雑誌風・縦書きコピー＋余白）","プロ（演出多め）"
"WEB-01539","自動車・バイクのコーポレートサイト（クール・テック・画面2分割（写真｜コピー））","上級"
"WEB-01540","採用・求人の採用サイト（ポップ・カラフル・3Dオブジェクト/ジェネラティブ背景）","プロ（演出多め）"
"WEB-01541","士業（税理士・弁護士・行政書士）のオウンドメディア・ブログ（ミニマル・洗練・フェード/ズームのスライドショー）","上級"
"WEB-01542","クラウドファンディング・新商品の採用サイト（ポップ・カラフル・3Dオブジェクト/ジェネラティブ背景）","プロ（演出多め）"
"WEB-01543","スマホアプリのオウンドメディア・ブログ（ポップ・カラフル・3Dオブジェクト/ジェネラティブ背景）","プロ（演出多め）"
"WEB-01544","SaaS・BtoBツールのコーポレートサイト（パステル・ドリーミー・全画面ループ動画）","プロ（演出多め）"
"WEB-01545","パーソナルジム・フィットネスのオウンドメディア・ブログ（ダーク・シネマティック・3Dオブジェクト/ジェネラティブ背景）","プロ（演出多め）"
"WEB-01546","採用・求人のオウンドメディア・ブログ（レトロ・Y2K・3Dオブジェクト/ジェネラティブ背景）","上級"
"WEB-01547","観光・地域プロモーションのブランドサイト（ハンドメイド・手書き・フェード/ズームのスライドショー）","プロ（演出多め）"
"WEB-01548","金融・保険・投資のブランドサイト（クール・テック・画面2分割（写真｜コピー））","上級"
"WEB-01549","食品・産直ECのオウンドメディア・ブログ（ナチュラル・オーガニック・3Dオブジェクト/ジェネラティブ背景）","プロ（演出多め）"
"WEB-01550","スクール・オンライン講座のコーポレートサイト（パステル・ドリーミー・ローディング演出→ロゴ→メインビジュアル）","上級"
"WEB-01551","コスメ・スキンケアのブランドサイト（ポップ・カラフル・巨大コピー＋小さな写真）","プロ（演出多め）"
"WEB-01552","自動車・バイクのオウンドメディア・ブログ（ミニマル・洗練・散らばった写真コラージュ）","上級"
"WEB-01553","占い・スピリチュアルの採用サイト（ラグジュアリー・高級感・ローディング演出→ロゴ→メインビジュアル）","プロ（演出多め）"
"WEB-01554","観光・地域プロモーションの採用サイト（ポップ・カラフル・ローディング演出→ロゴ→メインビジュアル）","プロ（演出多め）"
"WEB-01555","スクール・オンライン講座のサービスサイト（3D・クレイ・全画面ループ動画）","上級"
"WEB-01556","パーソナルジム・フィットネスのサービスサイト（かわいい・ガーリー・全画面ループ動画）","上級"
"WEB-01557","スクール・オンライン講座のスクール・教室サイト（ハンドメイド・手書き・散らばった写真コラージュ）","上級"
"WEB-01558","エステ・脱毛サロンのオウンドメディア・ブログ（北欧・ライフスタイル・縦書きコピー＋余白）","プロ（演出多め）"
"WEB-01559","士業（税理士・弁護士・行政書士）のコーポレートサイト（信頼・誠実（コーポレート）・散らばった写真コラージュ）","プロ（演出多め）"
"WEB-01560","ウェディング・結婚相談所のサービスサイト（ラグジュアリー・高級感・フェード/ズームのスライドショー）","上級"
"WEB-01561","ウェディング・結婚相談所のオウンドメディア・ブログ（ミニマル・洗練・画面2分割（写真｜コピー））","プロ（演出多め）"
"WEB-01562","農業・地方の生産者の採用サイト（ハンドメイド・手書き・スクロール連動のストーリー）","プロ（演出多め）"
"WEB-01563","観光・地域プロモーションのブランドサイト（和モダン・スクロール連動のストーリー）","プロ（演出多め）"
"WEB-01564","士業（税理士・弁護士・行政書士）のブランドサイト（信頼・誠実（コーポレート）・ローディング演出→ロゴ→メインビジュアル）","上級"
"WEB-01565","AIサービス・スタートアップのブランドサイト（和モダン・縦書きコピー＋余白）","上級"
"WEB-01566","サウナ・温浴施設のホテル・旅館サイト（ニューブルータリズム・散らばった写真コラージュ）","上級"
"WEB-01567","士業（税理士・弁護士・行政書士）のオウンドメディア・ブログ（ミニマル・洗練・縦書きコピー＋余白）","上級"
"WEB-01568","建築設計事務所のコーポレートサイト（ジオメトリック・グラフィカル・3Dオブジェクト/ジェネラティブ背景）","プロ（演出多め）"
"WEB-01569","内科・クリニックのブランドサイト（北欧・ライフスタイル・縦書きコピー＋余白）","プロ（演出多め）"
"WEB-01570","士業（税理士・弁護士・行政書士）のブランドサイト（和モダン・3Dオブジェクト/ジェネラティブ背景）","プロ（演出多め）"
"WEB-01571","ホテル・旅館のサービスサイト（ダーク・シネマティック・全画面ループ動画）","プロ（演出多め）"
"WEB-01572","歯科医院のクリニック・医院サイト（ナチュラル・オーガニック・フェード/ズームのスライドショー）","プロ（演出多め）"
"WEB-01573","観光・地域プロモーションの自治体・観光協会サイト（ハンドメイド・手書き・ローディング演出→ロゴ→メインビジュアル）","プロ（演出多め）"
"WEB-01574","美容クリニックのオウンドメディア・ブログ（ラグジュアリー・高級感・3Dオブジェクト/ジェネラティブ背景）","上級"
"WEB-01575","建築設計事務所のサービスサイト（エディトリアル・雑誌風・ローディング演出→ロゴ→メインビジュアル）","プロ（演出多め）"
"WEB-01576","占い・スピリチュアルのオウンドメディア・ブログ（パステル・ドリーミー・画面2分割（写真｜コピー））","上級"
"WEB-01577","プログラミングスクールのオウンドメディア・ブログ（ポップ・カラフル・縦書きコピー＋余白）","上級"
"WEB-01578","占い・スピリチュアルのオウンドメディア・ブログ（パステル・ドリーミー・巨大コピー＋小さな写真）","プロ（演出多め）"
"WEB-01579","和菓子・スイーツのブランドサイト（北欧・ライフスタイル・巨大コピー＋小さな写真）","プロ（演出多め）"
"WEB-01580","食品・産直ECのECサイト（ナチュラル・オーガニック・ローディング演出→ロゴ→メインビジュアル）","プロ（演出多め）"
"WEB-01581","士業（税理士・弁護士・行政書士）のオウンドメディア・ブログ（信頼・誠実（コーポレート）・縦書きコピー＋余白）","プロ（演出多め）"
"WEB-01582","士業（税理士・弁護士・行政書士）のサービスサイト（ミニマル・洗練・スクロール連動のストーリー）","プロ（演出多め）"
"WEB-01583","音楽・ライブ・イベントのブランドサイト（レトロ・Y2K・3Dオブジェクト/ジェネラティブ背景）","上級"
"WEB-01584","採用・求人のブランドサイト（信頼・誠実（コーポレート）・3Dオブジェクト/ジェネラティブ背景）","プロ（演出多め）"
"WEB-01585","金融・保険・投資のオウンドメディア・ブログ（ミニマル・洗練・散らばった写真コラージュ）","プロ（演出多め）"
"WEB-01586","工務店・注文住宅・リフォームの採用サイト（北欧・ライフスタイル・画面2分割（写真｜コピー））","プロ（演出多め）"
"WEB-01587","不動産・マンションのブランドサイト（パステル・ドリーミー・全画面ループ動画）","プロ（演出多め）"
"WEB-01588","ペット・トリミング・動物病院のサービスサイト（ハンドメイド・手書き・全画面ループ動画）","上級"
"WEB-01589","食品・産直ECのECサイト（和モダン・スクロール連動のストーリー）","プロ（演出多め）"
"WEB-01590","引越し・生活サービスのブランドサイト（ポップ・カラフル・ローディング演出→ロゴ→メインビジュアル）","プロ（演出多め）"
"WEB-01591","アパレル・ファッションECのオウンドメディア・ブログ（レトロ・Y2K・画面2分割（写真｜コピー））","上級"
"WEB-01592","サウナ・温浴施設のサービスサイト（ニューブルータリズム・ローディング演出→ロゴ→メインビジュアル）","上級"
"WEB-01593","食品・産直ECのオウンドメディア・ブログ（ポップ・カラフル・縦書きコピー＋余白）","プロ（演出多め）"
"WEB-01594","音楽・ライブ・イベントのブランドサイト（ネオン・サイバー・画面2分割（写真｜コピー））","上級"
"WEB-01595","クラウドファンディング・新商品のオウンドメディア・ブログ（北欧・ライフスタイル・散らばった写真コラージュ）","上級"
"WEB-01596","建築設計事務所のサービスサイト（エディトリアル・雑誌風・ローディング演出→ロゴ→メインビジュアル）","上級"
"WEB-01597","スクール・オンライン講座のコーポレートサイト（ダーク・シネマティック・散らばった写真コラージュ）","プロ（演出多め）"
"WEB-01598","占い・スピリチュアルのサービスサイト（パステル・ドリーミー・3Dオブジェクト/ジェネラティブ背景）","プロ（演出多め）"
"WEB-01599","工務店・注文住宅・リフォームの採用サイト（ミニマル・洗練・フェード/ズームのスライドショー）","上級"
"WEB-01600","ホテル・旅館の採用サイト（ミニマル・洗練・3Dオブジェクト/ジェネラティブ背景）","プロ（演出多め）"
"WEB-01601","エステ・脱毛サロンのオウンドメディア・ブログ（パステル・ドリーミー・ローディング演出→ロゴ→メインビジュアル）","プロ（演出多め）"
"WEB-01602","アパレル・ファッションECの採用サイト（エディトリアル・雑誌風・スクロール連動のストーリー）","プロ（演出多め）"
"WEB-01603","引越し・生活サービスのコーポレートサイト（ポップ・カラフル・全画面ループ動画）","プロ（演出多め）"
"WEB-01604","農業・地方の生産者のECサイト（ジオメトリック・グラフィカル・画面2分割（写真｜コピー））","上級"
"WEB-01605","コスメ・スキンケアの採用サイト（グラスモーフィズム・巨大コピー＋小さな写真）","プロ（演出多め）"
"WEB-01606","採用・求人のブランドサイト（信頼・誠実（コーポレート）・画面2分割（写真｜コピー））","プロ（演出多め）"
"WEB-01607","内科・クリニックの採用サイト（信頼・誠実（コーポレート）・ローディング演出→ロゴ→メインビジュアル）","プロ（演出多め）"
"WEB-01608","ホテル・旅館のコーポレートサイト（エディトリアル・雑誌風・散らばった写真コラージュ）","上級"
"WEB-01609","パーソナルジム・フィットネスのオウンドメディア・ブログ（エネルギッシュ・スポーティ・巨大コピー＋小さな写真）","プロ（演出多め）"
"WEB-01610","カフェ・ベーカリーのオウンドメディア・ブログ（信頼・誠実（コーポレート）・散らばった写真コラージュ）","上級"
"WEB-01611","スクール・オンライン講座の採用サイト（信頼・誠実（コーポレート）・スクロール連動のストーリー）","プロ（演出多め）"
"WEB-01612","士業（税理士・弁護士・行政書士）のコーポレートサイト（和モダン・スクロール連動のストーリー）","上級"
"WEB-01613","美容クリニックのサービスサイト（エネルギッシュ・スポーティ・フェード/ズームのスライドショー）","プロ（演出多め）"
"WEB-01614","内科・クリニックの採用サイト（ナチュラル・オーガニック・スクロール連動のストーリー）","上級"
"WEB-01615","NPO・地方自治体のオウンドメディア・ブログ（ジオメトリック・グラフィカル・散らばった写真コラージュ）","上級"
"WEB-01616","Web制作・デザイン事務所のブランドサイト（エディトリアル・雑誌風・縦書きコピー＋余白）","プロ（演出多め）"
"WEB-01617","Web制作・デザイン事務所の採用サイト（エディトリアル・雑誌風・スクロール連動のストーリー）","プロ（演出多め）"
"WEB-01618","不動産・マンションのブランドサイト（ラグジュアリー・高級感・全画面ループ動画）","上級"
"WEB-01619","ヨガ・ピラティスのオウンドメディア・ブログ（パステル・ドリーミー・全画面ループ動画）","プロ（演出多め）"
"WEB-01620","士業（税理士・弁護士・行政書士）のサービスサイト（信頼・誠実（コーポレート）・画面2分割（写真｜コピー））","プロ（演出多め）"
"WEB-01621","クラウドファンディング・新商品の採用サイト（ナチュラル・オーガニック・全画面ループ動画）","プロ（演出多め）"
"WEB-01622","クラウドファンディング・新商品のECサイト（ナチュラル・オーガニック・スクロール連動のストーリー）","プロ（演出多め）"
"WEB-01623","ホテル・旅館のコーポレートサイト（北欧・ライフスタイル・散らばった写真コラージュ）","上級"
"WEB-01624","農業・地方の生産者のブランドサイト（ハンドメイド・手書き・縦書きコピー＋余白）","プロ（演出多め）"
"WEB-01625","コスメ・スキンケアのオウンドメディア・ブログ（ラグジュアリー・高級感・散らばった写真コラージュ）","上級"
"WEB-01626","士業（税理士・弁護士・行政書士）のサービスサイト（ミニマル・洗練・ローディング演出→ロゴ→メインビジュアル）","プロ（演出多め）"
"WEB-01627","英会話・語学のコーポレートサイト（ジオメトリック・グラフィカル・画面2分割（写真｜コピー））","プロ（演出多め）"
"WEB-01628","プログラミングスクールの採用サイト（ミニマル・洗練・巨大コピー＋小さな写真）","プロ（演出多め）"
"WEB-01629","スマホアプリのブランドサイト（レトロ・Y2K・画面2分割（写真｜コピー））","プロ（演出多め）"
"WEB-01630","英会話・語学のコーポレートサイト（ポップ・カラフル・ローディング演出→ロゴ→メインビジュアル）","プロ（演出多め）"
"WEB-01631","レストラン・居酒屋のサービスサイト（ダーク・シネマティック・散らばった写真コラージュ）","プロ（演出多め）"
"WEB-01632","ペット・トリミング・動物病院の店舗サイト（飲食・美容・サロン）（ナチュラル・オーガニック・3Dオブジェクト/ジェネラティブ背景）","プロ（演出多め）"
"WEB-01633","ホテル・旅館のオウンドメディア・ブログ（和モダン・3Dオブジェクト/ジェネラティブ背景）","プロ（演出多め）"
"WEB-01634","食品・産直ECのECサイト（ナチュラル・オーガニック・全画面ループ動画）","プロ（演出多め）"
"WEB-01635","ヨガ・ピラティスの店舗サイト（飲食・美容・サロン）（北欧・ライフスタイル・フェード/ズームのスライドショー）","プロ（演出多め）"
"WEB-01636","内科・クリニックのコーポレートサイト（3D・クレイ・散らばった写真コラージュ）","上級"
"WEB-01637","美容クリニックの店舗サイト（飲食・美容・サロン）（ミニマル・洗練・画面2分割（写真｜コピー））","プロ（演出多め）"
"WEB-01638","クラウドファンディング・新商品のサービスサイト（ポップ・カラフル・全画面ループ動画）","プロ（演出多め）"
"WEB-01639","建築設計事務所のブランドサイト（エディトリアル・雑誌風・巨大コピー＋小さな写真）","プロ（演出多め）"
"WEB-01640","音楽・ライブ・イベントのコーポレートサイト（ニューブルータリズム・全画面ループ動画）","プロ（演出多め）"
"WEB-01641","Web制作・デザイン事務所のコーポレートサイト（ニューブルータリズム・画面2分割（写真｜コピー））","プロ（演出多め）"
"WEB-01642","保育園・幼児教育・習い事のオウンドメディア・ブログ（かわいい・ガーリー・巨大コピー＋小さな写真）","上級"
"WEB-01643","NPO・地方自治体のコーポレートサイト（ナチュラル・オーガニック・フェード/ズームのスライドショー）","プロ（演出多め）"
"WEB-01644","音楽・ライブ・イベントのコーポレートサイト（ダーク・シネマティック・フェード/ズームのスライドショー）","プロ（演出多め）"
"WEB-01645","内科・クリニックのブランドサイト（グラスモーフィズム・ローディング演出→ロゴ→メインビジュアル）","プロ（演出多め）"
"WEB-01646","食品・産直ECのブランドサイト（ハンドメイド・手書き・縦書きコピー＋余白）","プロ（演出多め）"
"WEB-01647","英会話・語学のコーポレートサイト（ジオメトリック・グラフィカル・3Dオブジェクト/ジェネラティブ背景）","上級"
"WEB-01648","英会話・語学の採用サイト（信頼・誠実（コーポレート）・画面2分割（写真｜コピー））","上級"
"WEB-01649","ヨガ・ピラティスのコーポレートサイト（パステル・ドリーミー・スクロール連動のストーリー）","上級"
"WEB-01650","美容クリニックの店舗サイト（飲食・美容・サロン）（ラグジュアリー・高級感・ローディング演出→ロゴ→メインビジュアル）","プロ（演出多め）"
"WEB-01651","カフェ・ベーカリーのサービスサイト（信頼・誠実（コーポレート）・縦書きコピー＋余白）","プロ（演出多め）"
"WEB-01652","YouTuber・インフルエンサーのコーポレートサイト（ネオン・サイバー・巨大コピー＋小さな写真）","プロ（演出多め）"
"WEB-01653","スマホアプリのブランドサイト（グラスモーフィズム・フェード/ズームのスライドショー）","プロ（演出多め）"
"WEB-01654","AIサービス・スタートアップのブランドサイト（クール・テック・全画面ループ動画）","プロ（演出多め）"
"WEB-01655","農業・地方の生産者のサービスサイト（ナチュラル・オーガニック・画面2分割（写真｜コピー））","プロ（演出多め）"
"WEB-01656","保育園・幼児教育・習い事のブランドサイト（エディトリアル・雑誌風・ローディング演出→ロゴ→メインビジュアル）","プロ（演出多め）"
"WEB-01657","採用・求人のブランドサイト（ポップ・カラフル・散らばった写真コラージュ）","プロ（演出多め）"
"WEB-01658","NPO・地方自治体のイベント・フェスサイト（ジオメトリック・グラフィカル・フェード/ズームのスライドショー）","プロ（演出多め）"
"WEB-01659","英会話・語学のスクール・教室サイト（ポップ・カラフル・巨大コピー＋小さな写真）","プロ（演出多め）"
"WEB-01660","工務店・注文住宅・リフォームのオウンドメディア・ブログ（信頼・誠実（コーポレート）・3Dオブジェクト/ジェネラティブ背景）","プロ（演出多め）"
"WEB-01661","NPO・地方自治体のサービスサイト（信頼・誠実（コーポレート）・フェード/ズームのスライドショー）","プロ（演出多め）"
"WEB-01662","不動産・マンションの採用サイト（ミニマル・洗練・フェード/ズームのスライドショー）","プロ（演出多め）"
"WEB-01663","ゲーム・eスポーツの採用サイト（ネオン・サイバー・ローディング演出→ロゴ→メインビジュアル）","プロ（演出多め）"
"WEB-01664","金融・保険・投資のブランドサイト（ミニマル・洗練・散らばった写真コラージュ）","プロ（演出多め）"
"WEB-01665","カフェ・ベーカリーのコーポレートサイト（エディトリアル・雑誌風・縦書きコピー＋余白）","上級"
"WEB-01666","ゲーム・eスポーツのサービスサイト（ネオン・サイバー・スクロール連動のストーリー）","プロ（演出多め）"
"WEB-01667","YouTuber・インフルエンサーのイベント・フェスサイト（ラグジュアリー・高級感・散らばった写真コラージュ）","上級"
"WEB-01668","スクール・オンライン講座のスクール・教室サイト（信頼・誠実（コーポレート）・散らばった写真コラージュ）","プロ（演出多め）"
"WEB-01669","レストラン・居酒屋の店舗サイト（飲食・美容・サロン）（和モダン・散らばった写真コラージュ）","プロ（演出多め）"
"WEB-01670","観光・地域プロモーションのサービスサイト（和モダン・ローディング演出→ロゴ→メインビジュアル）","プロ（演出多め）"
"WEB-01671","サウナ・温浴施設のブランドサイト（ミニマル・洗練・ローディング演出→ロゴ→メインビジュアル）","プロ（演出多め）"
"WEB-01672","プログラミングスクールのオウンドメディア・ブログ（ポップ・カラフル・ローディング演出→ロゴ→メインビジュアル）","上級"
"WEB-01673","不動産・マンションの採用サイト（信頼・誠実（コーポレート）・巨大コピー＋小さな写真）","プロ（演出多め）"
"WEB-01674","採用・求人のコーポレートサイト（エネルギッシュ・スポーティ・フェード/ズームのスライドショー）","上級"
"WEB-01675","YouTuber・インフルエンサーの採用サイト（ニューブルータリズム・全画面ループ動画）","プロ（演出多め）"
"WEB-01676","工務店・注文住宅・リフォームのコーポレートサイト（北欧・ライフスタイル・フェード/ズームのスライドショー）","プロ（演出多め）"
"WEB-01677","クラウドファンディング・新商品のECサイト（ナチュラル・オーガニック・スクロール連動のストーリー）","プロ（演出多め）"
"WEB-01678","カフェ・ベーカリーのサービスサイト（エディトリアル・雑誌風・ローディング演出→ロゴ→メインビジュアル）","上級"
"WEB-01679","美容クリニックのサービスサイト（ミニマル・洗練・全画面ループ動画）","プロ（演出多め）"
"WEB-01680","スマホアプリのオウンドメディア・ブログ（クール・テック・全画面ループ動画）","プロ（演出多め）"
"WEB-01681","美容クリニックのサービスサイト（ミニマル・洗練・スクロール連動のストーリー）","プロ（演出多め）"
"WEB-01682","AIサービス・スタートアップの採用サイト（クール・テック・フェード/ズームのスライドショー）","プロ（演出多め）"
"WEB-01683","レストラン・居酒屋のブランドサイト（ラグジュアリー・高級感・フェード/ズームのスライドショー）","上級"
"WEB-01684","ヨガ・ピラティスのブランドサイト（ネオン・サイバー・巨大コピー＋小さな写真）","プロ（演出多め）"
"WEB-01685","スマホアプリのブランドサイト（ポップ・カラフル・散らばった写真コラージュ）","上級"
"WEB-01686","コスメ・スキンケアのサービスサイト（グラスモーフィズム・巨大コピー＋小さな写真）","プロ（演出多め）"
"WEB-01687","プログラミングスクールの採用サイト（3D・クレイ・3Dオブジェクト/ジェネラティブ背景）","上級"
"WEB-01688","ヨガ・ピラティスのサービスサイト（ナチュラル・オーガニック・3Dオブジェクト/ジェネラティブ背景）","プロ（演出多め）"
"WEB-01689","歯科医院の採用サイト（ナチュラル・オーガニック・画面2分割（写真｜コピー））","上級"
"WEB-01690","ゲーム・eスポーツのブランドサイト（ダーク・シネマティック・ローディング演出→ロゴ→メインビジュアル）","上級"
"WEB-01691","プログラミングスクールのオウンドメディア・ブログ（ネオン・サイバー・縦書きコピー＋余白）","プロ（演出多め）"
"WEB-01692","美容クリニックの店舗サイト（飲食・美容・サロン）（ネオン・サイバー・フェード/ズームのスライドショー）","上級"
"WEB-01693","スクール・オンライン講座のブランドサイト（信頼・誠実（コーポレート）・巨大コピー＋小さな写真）","プロ（演出多め）"
"WEB-01694","内科・クリニックのコーポレートサイト（信頼・誠実（コーポレート）・全画面ループ動画）","上級"
"WEB-01695","ホテル・旅館のオウンドメディア・ブログ（ミニマル・洗練・縦書きコピー＋余白）","プロ（演出多め）"
"WEB-01696","パーソナルジム・フィットネスのオウンドメディア・ブログ（クール・テック・縦書きコピー＋余白）","上級"
"WEB-01697","採用・求人の採用サイト（ポップ・カラフル・縦書きコピー＋余白）","プロ（演出多め）"
"WEB-01698","不動産・マンションのサービスサイト（和モダン・縦書きコピー＋余白）","プロ（演出多め）"
"WEB-01699","和菓子・スイーツのコーポレートサイト（パステル・ドリーミー・スクロール連動のストーリー）","プロ（演出多め）"
"WEB-01700","英会話・語学のオウンドメディア・ブログ（ポップ・カラフル・フェード/ズームのスライドショー）","プロ（演出多め）"
"WEB-01701","スマホアプリのサービスサイト（グラスモーフィズム・全画面ループ動画）","プロ（演出多め）"
"WEB-01702","ホテル・旅館のコーポレートサイト（ラグジュアリー・高級感・フェード/ズームのスライドショー）","プロ（演出多め）"
"WEB-01703","内科・クリニックのサービスサイト（北欧・ライフスタイル・巨大コピー＋小さな写真）","上級"
"WEB-01704","工務店・注文住宅・リフォームのサービスサイト（北欧・ライフスタイル・縦書きコピー＋余白）","上級"
"WEB-01705","クラウドファンディング・新商品の採用サイト（ポップ・カラフル・縦書きコピー＋余白）","プロ（演出多め）"
"WEB-01706","美容クリニックのサービスサイト（信頼・誠実（コーポレート）・フェード/ズームのスライドショー）","上級"
"WEB-01707","アパレル・ファッションECのコーポレートサイト（エディトリアル・雑誌風・散らばった写真コラージュ）","プロ（演出多め）"
"WEB-01708","NPO・地方自治体の自治体・観光協会サイト（ジオメトリック・グラフィカル・3Dオブジェクト/ジェネラティブ背景）","プロ（演出多め）"
"WEB-01709","金融・保険・投資のサービスサイト（ミニマル・洗練・縦書きコピー＋余白）","上級"
"WEB-01710","プログラミングスクールのブランドサイト（ネオン・サイバー・画面2分割（写真｜コピー））","プロ（演出多め）"
"WEB-01711","美容クリニックのコーポレートサイト（ラグジュアリー・高級感・縦書きコピー＋余白）","プロ（演出多め）"
"WEB-01712","YouTuber・インフルエンサーのポートフォリオ（個人/事務所）（ニューブルータリズム・画面2分割（写真｜コピー））","プロ（演出多め）"
"WEB-01713","クラウドファンディング・新商品の採用サイト（ダーク・シネマティック・画面2分割（写真｜コピー））","プロ（演出多め）"
"WEB-01714","士業（税理士・弁護士・行政書士）のオウンドメディア・ブログ（ハンドメイド・手書き・全画面ループ動画）","プロ（演出多め）"
"WEB-01715","コンサル・コーチングのサービスサイト（ラグジュアリー・高級感・ローディング演出→ロゴ→メインビジュアル）","上級"
"WEB-01716","観光・地域プロモーションのサービスサイト（ダーク・シネマティック・ローディング演出→ロゴ→メインビジュアル）","プロ（演出多め）"
"WEB-01717","プログラミングスクールのブランドサイト（3D・クレイ・散らばった写真コラージュ）","上級"
"WEB-01718","プログラミングスクールの採用サイト（ポップ・カラフル・ローディング演出→ロゴ→メインビジュアル）","プロ（演出多め）"
"WEB-01719","クラウドファンディング・新商品のブランドサイト（クール・テック・縦書きコピー＋余白）","プロ（演出多め）"
"WEB-01720","スクール・オンライン講座のスクール・教室サイト（ニューブルータリズム・3Dオブジェクト/ジェネラティブ背景）","プロ（演出多め）"
"WEB-01721","保育園・幼児教育・習い事のブランドサイト（ハンドメイド・手書き・3Dオブジェクト/ジェネラティブ背景）","プロ（演出多め）"
"WEB-01722","建築設計事務所のブランドサイト（ハンドメイド・手書き・3Dオブジェクト/ジェネラティブ背景）","上級"
"WEB-01723","自動車・バイクのブランドサイト（クール・テック・フェード/ズームのスライドショー）","プロ（演出多め）"
"WEB-01724","サウナ・温浴施設のホテル・旅館サイト（ニューブルータリズム・全画面ループ動画）","プロ（演出多め）"
"WEB-01725","カフェ・ベーカリーのサービスサイト（ハンドメイド・手書き・フェード/ズームのスライドショー）","上級"
"WEB-01726","不動産・マンションのコーポレートサイト（信頼・誠実（コーポレート）・散らばった写真コラージュ）","プロ（演出多め）"
"WEB-01727","ホテル・旅館のホテル・旅館サイト（クール・テック・全画面ループ動画）","プロ（演出多め）"
"WEB-01728","美容室・ヘアサロンのポートフォリオ（個人/事務所）（かわいい・ガーリー・ローディング演出→ロゴ→メインビジュアル）","上級"
"WEB-01729","SaaS・BtoBツールのサービスサイト（北欧・ライフスタイル・散らばった写真コラージュ）","プロ（演出多め）"
"WEB-01730","Web制作・デザイン事務所のサービスサイト（ダーク・シネマティック・スクロール連動のストーリー）","上級"
"WEB-01731","サウナ・温浴施設のブランドサイト（レトロ・Y2K・ローディング演出→ロゴ→メインビジュアル）","プロ（演出多め）"
"WEB-01732","士業（税理士・弁護士・行政書士）の採用サイト（和モダン・3Dオブジェクト/ジェネラティブ背景）","プロ（演出多め）"
"WEB-01733","歯科医院のサービスサイト（信頼・誠実（コーポレート）・スクロール連動のストーリー）","上級"
"WEB-01734","工務店・注文住宅・リフォームのサービスサイト（北欧・ライフスタイル・フェード/ズームのスライドショー）","プロ（演出多め）"
"WEB-01735","自動車・バイクのサービスサイト（クール・テック・全画面ループ動画）","上級"
"WEB-01736","エステ・脱毛サロンのコーポレートサイト（ミニマル・洗練・スクロール連動のストーリー）","プロ（演出多め）"
"WEB-01737","パーソナルジム・フィットネスのオウンドメディア・ブログ（ラグジュアリー・高級感・縦書きコピー＋余白）","プロ（演出多め）"
"WEB-01738","エステ・脱毛サロンのサービスサイト（パステル・ドリーミー・スクロール連動のストーリー）","プロ（演出多め）"
"WEB-01739","観光・地域プロモーションのコーポレートサイト（ナチュラル・オーガニック・全画面ループ動画）","プロ（演出多め）"
"WEB-01740","観光・地域プロモーションのコーポレートサイト（和モダン・画面2分割（写真｜コピー））","プロ（演出多め）"
"WEB-01741","観光・地域プロモーションのホテル・旅館サイト（ダーク・シネマティック・スクロール連動のストーリー）","プロ（演出多め）"
"WEB-01742","和菓子・スイーツのコーポレートサイト（和モダン・巨大コピー＋小さな写真）","プロ（演出多め）"
"WEB-01743","スクール・オンライン講座のスクール・教室サイト（3D・クレイ・フェード/ズームのスライドショー）","上級"
"WEB-01744","プログラミングスクールのスクール・教室サイト（3D・クレイ・散らばった写真コラージュ）","プロ（演出多め）"
"WEB-01745","和菓子・スイーツのサービスサイト（かわいい・ガーリー・全画面ループ動画）","プロ（演出多め）"
"WEB-01746","工務店・注文住宅・リフォームのオウンドメディア・ブログ（ミニマル・洗練・縦書きコピー＋余白）","上級"
"WEB-01747","ヨガ・ピラティスの採用サイト（ミニマル・洗練・3Dオブジェクト/ジェネラティブ背景）","プロ（演出多め）"
"WEB-01748","音楽・ライブ・イベントのイベント・フェスサイト（ダーク・シネマティック・画面2分割（写真｜コピー））","プロ（演出多め）"
"WEB-01749","内科・クリニックのオウンドメディア・ブログ（ナチュラル・オーガニック・縦書きコピー＋余白）","プロ（演出多め）"
"WEB-01750","占い・スピリチュアルのオウンドメディア・ブログ（ダーク・シネマティック・散らばった写真コラージュ）","上級"
"WEB-01751","SaaS・BtoBツールのサービスサイト（クール・テック・全画面ループ動画）","プロ（演出多め）"
"WEB-01752","AIサービス・スタートアップのブランドサイト（グラスモーフィズム・ローディング演出→ロゴ→メインビジュアル）","プロ（演出多め）"
"WEB-01753","採用・求人のコーポレートサイト（エネルギッシュ・スポーティ・全画面ループ動画）","上級"
"WEB-01754","YouTuber・インフルエンサーの採用サイト（ポップ・カラフル・散らばった写真コラージュ）","上級"
"WEB-01755","スマホアプリのオウンドメディア・ブログ（クール・テック・全画面ループ動画）","上級"
"WEB-01756","プログラミングスクールのブランドサイト（クール・テック・巨大コピー＋小さな写真）","プロ（演出多め）"
"WEB-01757","アパレル・ファッションECの採用サイト（ミニマル・洗練・縦書きコピー＋余白）","プロ（演出多め）"
"WEB-01758","アパレル・ファッションECのECサイト（信頼・誠実（コーポレート）・フェード/ズームのスライドショー）","プロ（演出多め）"
"WEB-01759","カフェ・ベーカリーのオウンドメディア・ブログ（信頼・誠実（コーポレート）・ローディング演出→ロゴ→メインビジュアル）","上級"
"WEB-01760","食品・産直ECの採用サイト（ハンドメイド・手書き・フェード/ズームのスライドショー）","上級"
"WEB-01761","パーソナルジム・フィットネスのサービスサイト（クール・テック・全画面ループ動画）","プロ（演出多め）"
"WEB-01762","コスメ・スキンケアの採用サイト（ナチュラル・オーガニック・スクロール連動のストーリー）","上級"
"WEB-01763","食品・産直ECのサービスサイト（ナチュラル・オーガニック・画面2分割（写真｜コピー））","プロ（演出多め）"
"WEB-01764","工務店・注文住宅・リフォームのブランドサイト（ミニマル・洗練・フェード/ズームのスライドショー）","プロ（演出多め）"
"WEB-01765","カフェ・ベーカリーの採用サイト（ナチュラル・オーガニック・縦書きコピー＋余白）","プロ（演出多め）"
"WEB-01766","美容クリニックのクリニック・医院サイト（ラグジュアリー・高級感・画面2分割（写真｜コピー））","上級"
"WEB-01767","音楽・ライブ・イベントのイベント・フェスサイト（ニューブルータリズム・画面2分割（写真｜コピー））","プロ（演出多め）"
"WEB-01768","カフェ・ベーカリーのオウンドメディア・ブログ（北欧・ライフスタイル・3Dオブジェクト/ジェネラティブ背景）","プロ（演出多め）"
"WEB-01769","AIサービス・スタートアップのブランドサイト（ネオン・サイバー・スクロール連動のストーリー）","プロ（演出多め）"
"WEB-01770","ペット・トリミング・動物病院の採用サイト（ハンドメイド・手書き・画面2分割（写真｜コピー））","上級"
"WEB-01771","食品・産直ECのコーポレートサイト（ハンドメイド・手書き・スクロール連動のストーリー）","上級"
"WEB-01772","アパレル・ファッションECのコーポレートサイト（エディトリアル・雑誌風・3Dオブジェクト/ジェネラティブ背景）","プロ（演出多め）"
"WEB-01773","農業・地方の生産者のECサイト（ナチュラル・オーガニック・ローディング演出→ロゴ→メインビジュアル）","プロ（演出多め）"
"WEB-01774","音楽・ライブ・イベントの採用サイト（ダーク・シネマティック・散らばった写真コラージュ）","プロ（演出多め）"
"WEB-01775","美容クリニックのブランドサイト（ニューブルータリズム・巨大コピー＋小さな写真）","プロ（演出多め）"
"WEB-01776","自動車・バイクのオウンドメディア・ブログ（ラグジュアリー・高級感・画面2分割（写真｜コピー））","プロ（演出多め）"
"WEB-01777","観光・地域プロモーションのコーポレートサイト（ナチュラル・オーガニック・散らばった写真コラージュ）","上級"
"WEB-01778","自動車・バイクのブランドサイト（ダーク・シネマティック・ローディング演出→ロゴ→メインビジュアル）","プロ（演出多め）"
"WEB-01779","プログラミングスクールの採用サイト（3D・クレイ・縦書きコピー＋余白）","プロ（演出多め）"
"WEB-01780","ウェディング・結婚相談所のサービスサイト（パステル・ドリーミー・ローディング演出→ロゴ→メインビジュアル）","プロ（演出多め）"
"WEB-01781","採用・求人のコーポレートサイト（エディトリアル・雑誌風・全画面ループ動画）","プロ（演出多め）"
"WEB-01782","レストラン・居酒屋のサービスサイト（和モダン・フェード/ズームのスライドショー）","上級"
"WEB-01783","金融・保険・投資のコーポレートサイト（クール・テック・スクロール連動のストーリー）","プロ（演出多め）"
"WEB-01784","エステ・脱毛サロンの店舗サイト（飲食・美容・サロン）（ミニマル・洗練・全画面ループ動画）","プロ（演出多め）"
"WEB-01785","クラウドファンディング・新商品のブランドサイト（クール・テック・全画面ループ動画）","プロ（演出多め）"
"WEB-01786","観光・地域プロモーションの採用サイト（ナチュラル・オーガニック・画面2分割（写真｜コピー））","プロ（演出多め）"
"WEB-01787","カフェ・ベーカリーの採用サイト（エディトリアル・雑誌風・3Dオブジェクト/ジェネラティブ背景）","上級"
"WEB-01788","Web制作・デザイン事務所の採用サイト（クール・テック・全画面ループ動画）","プロ（演出多め）"
"WEB-01789","歯科医院のクリニック・医院サイト（ナチュラル・オーガニック・スクロール連動のストーリー）","プロ（演出多め）"
"WEB-01790","AIサービス・スタートアップの採用サイト（ネオン・サイバー・3Dオブジェクト/ジェネラティブ背景）","プロ（演出多め）"
"WEB-01791","YouTuber・インフルエンサーのサービスサイト（ポップ・カラフル・縦書きコピー＋余白）","上級"
"WEB-01792","音楽・ライブ・イベントの採用サイト（レトロ・Y2K・散らばった写真コラージュ）","プロ（演出多め）"
"WEB-01793","美容クリニックの店舗サイト（飲食・美容・サロン）（ラグジュアリー・高級感・ローディング演出→ロゴ→メインビジュアル）","上級"
"WEB-01794","金融・保険・投資のコーポレートサイト（ジオメトリック・グラフィカル・画面2分割（写真｜コピー））","プロ（演出多め）"
"WEB-01795","アパレル・ファッションECの採用サイト（パステル・ドリーミー・散らばった写真コラージュ）","上級"
"WEB-01796","建築設計事務所のコーポレートサイト（エディトリアル・雑誌風・画面2分割（写真｜コピー））","プロ（演出多め）"
"WEB-01797","Web制作・デザイン事務所のオウンドメディア・ブログ（ダーク・シネマティック・全画面ループ動画）","上級"
"WEB-01798","YouTuber・インフルエンサーのオウンドメディア・ブログ（ポップ・カラフル・散らばった写真コラージュ）","プロ（演出多め）"
"WEB-01799","金融・保険・投資のオウンドメディア・ブログ（信頼・誠実（コーポレート）・巨大コピー＋小さな写真）","上級"
"WEB-01800","プログラミングスクールのスクール・教室サイト（3D・クレイ・縦書きコピー＋余白）","プロ（演出多め）"
"WEB-01801","音楽・ライブ・イベントの採用サイト（ダーク・シネマティック・スクロール連動のストーリー）","プロ（演出多め）"
"WEB-01802","YouTuber・インフルエンサーのサービスサイト（ダーク・シネマティック・画面2分割（写真｜コピー））","プロ（演出多め）"
"WEB-01803","ゲーム・eスポーツのブランドサイト（レトロ・Y2K・3Dオブジェクト/ジェネラティブ背景）","プロ（演出多め）"
"WEB-01804","工務店・注文住宅・リフォームのコーポレートサイト（ナチュラル・オーガニック・フェード/ズームのスライドショー）","プロ（演出多め）"
"WEB-01805","ウェディング・結婚相談所のサービスサイト（レトロ・Y2K・スクロール連動のストーリー）","プロ（演出多め）"
"WEB-01806","ホテル・旅館の採用サイト（ミニマル・洗練・3Dオブジェクト/ジェネラティブ背景）","プロ（演出多め）"
"WEB-01807","クラウドファンディング・新商品のブランドサイト（ナチュラル・オーガニック・画面2分割（写真｜コピー））","上級"
"WEB-01808","英会話・語学のサービスサイト（ジオメトリック・グラフィカル・巨大コピー＋小さな写真）","プロ（演出多め）"
"WEB-01809","コスメ・スキンケアのブランドサイト（ミニマル・洗練・3Dオブジェクト/ジェネラティブ背景）","プロ（演出多め）"
"WEB-01810","英会話・語学のオウンドメディア・ブログ（信頼・誠実（コーポレート）・3Dオブジェクト/ジェネラティブ背景）","プロ（演出多め）"
"WEB-01811","不動産・マンションの採用サイト（信頼・誠実（コーポレート）・スクロール連動のストーリー）","プロ（演出多め）"
"WEB-01812","引越し・生活サービスのコーポレートサイト（3D・クレイ・画面2分割（写真｜コピー））","プロ（演出多め）"
"WEB-01813","ヨガ・ピラティスのオウンドメディア・ブログ（ミニマル・洗練・画面2分割（写真｜コピー））","上級"
"WEB-01814","英会話・語学のサービスサイト（ポップ・カラフル・巨大コピー＋小さな写真）","プロ（演出多め）"
"WEB-01815","美容室・ヘアサロンのサービスサイト（ラグジュアリー・高級感・全画面ループ動画）","プロ（演出多め）"
"WEB-01816","ゲーム・eスポーツのイベント・フェスサイト（レトロ・Y2K・画面2分割（写真｜コピー））","プロ（演出多め）"
"WEB-01817","クラウドファンディング・新商品のオウンドメディア・ブログ（ダーク・シネマティック・ローディング演出→ロゴ→メインビジュアル）","上級"
"WEB-01818","クラウドファンディング・新商品のコーポレートサイト（ポップ・カラフル・スクロール連動のストーリー）","上級"
"WEB-01819","引越し・生活サービスのサービスサイト（ミニマル・洗練・巨大コピー＋小さな写真）","プロ（演出多め）"
"WEB-01820","自動車・バイクのコーポレートサイト（エネルギッシュ・スポーティ・巨大コピー＋小さな写真）","プロ（演出多め）"
"WEB-01821","コスメ・スキンケアのサービスサイト（グラスモーフィズム・画面2分割（写真｜コピー））","上級"
"WEB-01822","ホテル・旅館のコーポレートサイト（ミニマル・洗練・全画面ループ動画）","上級"
"WEB-01823","採用・求人のブランドサイト（エディトリアル・雑誌風・画面2分割（写真｜コピー））","上級"
"WEB-01824","コンサル・コーチングのブランドサイト（エディトリアル・雑誌風・全画面ループ動画）","プロ（演出多め）"
"WEB-01825","美容クリニックの店舗サイト（飲食・美容・サロン）（和モダン・画面2分割（写真｜コピー））","プロ（演出多め）"
"WEB-01826","工務店・注文住宅・リフォームのコーポレートサイト（ミニマル・洗練・フェード/ズームのスライドショー）","プロ（演出多め）"
"WEB-01827","アパレル・ファッションECの採用サイト（レトロ・Y2K・ローディング演出→ロゴ→メインビジュアル）","プロ（演出多め）"
"WEB-01828","士業（税理士・弁護士・行政書士）のブランドサイト（ミニマル・洗練・画面2分割（写真｜コピー））","上級"
"WEB-01829","コスメ・スキンケアのコーポレートサイト（ナチュラル・オーガニック・ローディング演出→ロゴ→メインビジュアル）","上級"
"WEB-01830","英会話・語学のスクール・教室サイト（ラグジュアリー・高級感・3Dオブジェクト/ジェネラティブ背景）","プロ（演出多め）"
"WEB-01831","サウナ・温浴施設の店舗サイト（飲食・美容・サロン）（ジオメトリック・グラフィカル・ローディング演出→ロゴ→メインビジュアル）","上級"
"WEB-01832","ゲーム・eスポーツのイベント・フェスサイト（ミニマル・洗練・フェード/ズームのスライドショー）","プロ（演出多め）"
"WEB-01833","不動産・マンションのサービスサイト（ダーク・シネマティック・画面2分割（写真｜コピー））","プロ（演出多め）"
"WEB-01834","建築設計事務所のオウンドメディア・ブログ（ミニマル・洗練・散らばった写真コラージュ）","上級"
"WEB-01835","クラウドファンディング・新商品の採用サイト（3D・クレイ・画面2分割（写真｜コピー））","プロ（演出多め）"
"WEB-01836","採用・求人の採用サイト（レトロ・Y2K・巨大コピー＋小さな写真）","上級"
"WEB-01837","金融・保険・投資の採用サイト（クール・テック・巨大コピー＋小さな写真）","上級"
"WEB-01838","内科・クリニックのサービスサイト（3D・クレイ・縦書きコピー＋余白）","プロ（演出多め）"
"WEB-01839","パーソナルジム・フィットネスの店舗サイト（飲食・美容・サロン）（クール・テック・フェード/ズームのスライドショー）","プロ（演出多め）"
"WEB-01840","建築設計事務所のブランドサイト（ジオメトリック・グラフィカル・巨大コピー＋小さな写真）","プロ（演出多め）"
"WEB-01841","内科・クリニックのコーポレートサイト（エネルギッシュ・スポーティ・縦書きコピー＋余白）","プロ（演出多め）"
"WEB-01842","コスメ・スキンケアのオウンドメディア・ブログ（ナチュラル・オーガニック・縦書きコピー＋余白）","プロ（演出多め）"
"WEB-01843","ウェディング・結婚相談所のコーポレートサイト（ミニマル・洗練・スクロール連動のストーリー）","上級"
"WEB-01844","パーソナルジム・フィットネスのブランドサイト（エネルギッシュ・スポーティ・フェード/ズームのスライドショー）","プロ（演出多め）"
"WEB-01845","採用・求人の採用サイト（パステル・ドリーミー・ローディング演出→ロゴ→メインビジュアル）","プロ（演出多め）"
"WEB-01846","NPO・地方自治体のブランドサイト（ジオメトリック・グラフィカル・スクロール連動のストーリー）","上級"
"WEB-01847","保育園・幼児教育・習い事の採用サイト（ポップ・カラフル・巨大コピー＋小さな写真）","プロ（演出多め）"
"WEB-01848","Web制作・デザイン事務所のコーポレートサイト（ジオメトリック・グラフィカル・散らばった写真コラージュ）","プロ（演出多め）"
"WEB-01849","保育園・幼児教育・習い事のオウンドメディア・ブログ（ポップ・カラフル・3Dオブジェクト/ジェネラティブ背景）","上級"
"WEB-01850","農業・地方の生産者の採用サイト（ナチュラル・オーガニック・縦書きコピー＋余白）","プロ（演出多め）"
"WEB-01851","歯科医院のクリニック・医院サイト（ミニマル・洗練・ローディング演出→ロゴ→メインビジュアル）","プロ（演出多め）"
"WEB-01852","不動産・マンションのブランドサイト（ラグジュアリー・高級感・全画面ループ動画）","プロ（演出多め）"
"WEB-01853","サウナ・温浴施設のブランドサイト（ナチュラル・オーガニック・3Dオブジェクト/ジェネラティブ背景）","プロ（演出多め）"
"WEB-01854","和菓子・スイーツのサービスサイト（かわいい・ガーリー・全画面ループ動画）","プロ（演出多め）"
"WEB-01855","SaaS・BtoBツールのブランドサイト（グラスモーフィズム・フェード/ズームのスライドショー）","プロ（演出多め）"
"WEB-01856","歯科医院の採用サイト（グラスモーフィズム・画面2分割（写真｜コピー））","上級"
"WEB-01857","食品・産直ECの採用サイト（和モダン・巨大コピー＋小さな写真）","上級"
"WEB-01858","観光・地域プロモーションのブランドサイト（信頼・誠実（コーポレート）・散らばった写真コラージュ）","プロ（演出多め）"
"WEB-01859","内科・クリニックのサービスサイト（北欧・ライフスタイル・3Dオブジェクト/ジェネラティブ背景）","プロ（演出多め）"
"WEB-01860","ヨガ・ピラティスの採用サイト（ラグジュアリー・高級感・ローディング演出→ロゴ→メインビジュアル）","上級"
"WEB-01861","プログラミングスクールの採用サイト（ポップ・カラフル・画面2分割（写真｜コピー））","プロ（演出多め）"
"WEB-01862","コスメ・スキンケアのオウンドメディア・ブログ（ミニマル・洗練・縦書きコピー＋余白）","プロ（演出多め）"
"WEB-01863","ペット・トリミング・動物病院の採用サイト（ナチュラル・オーガニック・全画面ループ動画）","プロ（演出多め）"
"WEB-01864","スクール・オンライン講座のコーポレートサイト（3D・クレイ・全画面ループ動画）","上級"
"WEB-01865","保育園・幼児教育・習い事のブランドサイト（ハンドメイド・手書き・画面2分割（写真｜コピー））","プロ（演出多め）"
"WEB-01866","引越し・生活サービスのブランドサイト（ナチュラル・オーガニック・ローディング演出→ロゴ→メインビジュアル）","上級"
"WEB-01867","カフェ・ベーカリーの店舗サイト（飲食・美容・サロン）（ミニマル・洗練・スクロール連動のストーリー）","プロ（演出多め）"
"WEB-01868","不動産・マンションのオウンドメディア・ブログ（ラグジュアリー・高級感・スクロール連動のストーリー）","プロ（演出多め）"
"WEB-01869","保育園・幼児教育・習い事のスクール・教室サイト（ハンドメイド・手書き・フェード/ズームのスライドショー）","プロ（演出多め）"
"WEB-01870","スマホアプリのコーポレートサイト（3D・クレイ・画面2分割（写真｜コピー））","プロ（演出多め）"
"WEB-01871","スクール・オンライン講座のオウンドメディア・ブログ（ポップ・カラフル・スクロール連動のストーリー）","上級"
"WEB-01872","内科・クリニックのクリニック・医院サイト（ナチュラル・オーガニック・ローディング演出→ロゴ→メインビジュアル）","プロ（演出多め）"
"WEB-01873","農業・地方の生産者のコーポレートサイト（ナチュラル・オーガニック・散らばった写真コラージュ）","プロ（演出多め）"
"WEB-01874","NPO・地方自治体のオウンドメディア・ブログ（ナチュラル・オーガニック・スクロール連動のストーリー）","プロ（演出多め）"
"WEB-01875","クラウドファンディング・新商品のオウンドメディア・ブログ（ポップ・カラフル・フェード/ズームのスライドショー）","上級"
"WEB-01876","英会話・語学のスクール・教室サイト（ジオメトリック・グラフィカル・3Dオブジェクト/ジェネラティブ背景）","プロ（演出多め）"
"WEB-01877","NPO・地方自治体のイベント・フェスサイト（ジオメトリック・グラフィカル・フェード/ズームのスライドショー）","プロ（演出多め）"
"WEB-01878","美容クリニックのコーポレートサイト（ラグジュアリー・高級感・散らばった写真コラージュ）","プロ（演出多め）"
"WEB-01879","士業（税理士・弁護士・行政書士）のコーポレートサイト（和モダン・スクロール連動のストーリー）","上級"
"WEB-01880","内科・クリニックのブランドサイト（北欧・ライフスタイル・3Dオブジェクト/ジェネラティブ背景）","プロ（演出多め）"
"WEB-01881","建築設計事務所のサービスサイト（ミニマル・洗練・3Dオブジェクト/ジェネラティブ背景）","上級"
"WEB-01882","Web制作・デザイン事務所のサービスサイト（クール・テック・画面2分割（写真｜コピー））","プロ（演出多め）"
"WEB-01883","歯科医院のコーポレートサイト（ミニマル・洗練・ローディング演出→ロゴ→メインビジュアル）","プロ（演出多め）"
"WEB-01884","占い・スピリチュアルの採用サイト（ジオメトリック・グラフィカル・フェード/ズームのスライドショー）","プロ（演出多め）"
"WEB-01885","食品・産直ECのコーポレートサイト（クール・テック・ローディング演出→ロゴ→メインビジュアル）","プロ（演出多め）"
"WEB-01886","SaaS・BtoBツールのサービスサイト（3D・クレイ・縦書きコピー＋余白）","プロ（演出多め）"
"WEB-01887","ホテル・旅館のオウンドメディア・ブログ（和モダン・スクロール連動のストーリー）","上級"
"WEB-01888","不動産・マンションの採用サイト（ラグジュアリー・高級感・ローディング演出→ロゴ→メインビジュアル）","プロ（演出多め）"
"WEB-01889","SaaS・BtoBツールのオウンドメディア・ブログ（グラスモーフィズム・3Dオブジェクト/ジェネラティブ背景）","上級"
"WEB-01890","サウナ・温浴施設のオウンドメディア・ブログ（レトロ・Y2K・3Dオブジェクト/ジェネラティブ背景）","上級"
"WEB-01891","ホテル・旅館の採用サイト（和モダン・スクロール連動のストーリー）","プロ（演出多め）"
"WEB-01892","金融・保険・投資のサービスサイト（ネオン・サイバー・ローディング演出→ロゴ→メインビジュアル）","上級"
"WEB-01893","金融・保険・投資の採用サイト（ミニマル・洗練・全画面ループ動画）","上級"
"WEB-01894","スマホアプリのコーポレートサイト（クール・テック・画面2分割（写真｜コピー））","プロ（演出多め）"
"WEB-01895","工務店・注文住宅・リフォームのオウンドメディア・ブログ（ネオン・サイバー・巨大コピー＋小さな写真）","プロ（演出多め）"
"WEB-01896","美容室・ヘアサロンのポートフォリオ（個人/事務所）（かわいい・ガーリー・ローディング演出→ロゴ→メインビジュアル）","プロ（演出多め）"
"WEB-01897","コンサル・コーチングの採用サイト（ミニマル・洗練・全画面ループ動画）","プロ（演出多め）"
"WEB-01898","スマホアプリの採用サイト（ハンドメイド・手書き・3Dオブジェクト/ジェネラティブ背景）","プロ（演出多め）"
"WEB-01899","プログラミングスクールのコーポレートサイト（ポップ・カラフル・ローディング演出→ロゴ→メインビジュアル）","上級"
"WEB-01900","スマホアプリのコーポレートサイト（グラスモーフィズム・散らばった写真コラージュ）","上級"
"WEB-01901","ホテル・旅館の採用サイト（ミニマル・洗練・縦書きコピー＋余白）","上級"
"WEB-01902","建築設計事務所のポートフォリオ（個人/事務所）（ジオメトリック・グラフィカル・散らばった写真コラージュ）","上級"
"WEB-01903","ペット・トリミング・動物病院のクリニック・医院サイト（3D・クレイ・散らばった写真コラージュ）","プロ（演出多め）"
"WEB-01904","自動車・バイクのサービスサイト（クール・テック・ローディング演出→ロゴ→メインビジュアル）","上級"
"WEB-01905","歯科医院のサービスサイト（信頼・誠実（コーポレート）・縦書きコピー＋余白）","プロ（演出多め）"
"WEB-01906","引越し・生活サービスのブランドサイト（信頼・誠実（コーポレート）・ローディング演出→ロゴ→メインビジュアル）","プロ（演出多め）"
"WEB-01907","AIサービス・スタートアップのサービスサイト（グラスモーフィズム・フェード/ズームのスライドショー）","プロ（演出多め）"
"WEB-01908","食品・産直ECのコーポレートサイト（パステル・ドリーミー・全画面ループ動画）","上級"
"WEB-01909","建築設計事務所の採用サイト（ハンドメイド・手書き・ローディング演出→ロゴ→メインビジュアル）","プロ（演出多め）"
"WEB-01910","ゲーム・eスポーツのブランドサイト（ネオン・サイバー・散らばった写真コラージュ）","プロ（演出多め）"
"WEB-01911","士業（税理士・弁護士・行政書士）のオウンドメディア・ブログ（ミニマル・洗練・縦書きコピー＋余白）","上級"
"WEB-01912","美容クリニックのオウンドメディア・ブログ（ジオメトリック・グラフィカル・縦書きコピー＋余白）","プロ（演出多め）"
"WEB-01913","クラウドファンディング・新商品のサービスサイト（ダーク・シネマティック・全画面ループ動画）","プロ（演出多め）"
"WEB-01914","コンサル・コーチングの採用サイト（ラグジュアリー・高級感・画面2分割（写真｜コピー））","プロ（演出多め）"
"WEB-01915","コスメ・スキンケアのサービスサイト（グラスモーフィズム・散らばった写真コラージュ）","上級"
"WEB-01916","歯科医院のブランドサイト（エネルギッシュ・スポーティ・全画面ループ動画）","プロ（演出多め）"
"WEB-01917","カフェ・ベーカリーのコーポレートサイト（ラグジュアリー・高級感・ローディング演出→ロゴ→メインビジュアル）","プロ（演出多め）"
"WEB-01918","工務店・注文住宅・リフォームの採用サイト（北欧・ライフスタイル・画面2分割（写真｜コピー））","プロ（演出多め）"
"WEB-01919","ウェディング・結婚相談所のブランドサイト（ラグジュアリー・高級感・全画面ループ動画）","プロ（演出多め）"
"WEB-01920","クラウドファンディング・新商品のECサイト（クール・テック・ローディング演出→ロゴ→メインビジュアル）","上級"
"WEB-01921","金融・保険・投資の採用サイト（ミニマル・洗練・巨大コピー＋小さな写真）","プロ（演出多め）"
"WEB-01922","工務店・注文住宅・リフォームのサービスサイト（北欧・ライフスタイル・スクロール連動のストーリー）","プロ（演出多め）"
"WEB-01923","建築設計事務所のブランドサイト（ミニマル・洗練・フェード/ズームのスライドショー）","プロ（演出多め）"
"WEB-01924","自動車・バイクのサービスサイト（クール・テック・全画面ループ動画）","プロ（演出多め）"
"WEB-01925","クラウドファンディング・新商品の採用サイト（ダーク・シネマティック・スクロール連動のストーリー）","プロ（演出多め）"
"WEB-01926","農業・地方の生産者のブランドサイト（和モダン・スクロール連動のストーリー）","プロ（演出多め）"
"WEB-01927","建築設計事務所のコーポレートサイト（ミニマル・洗練・スクロール連動のストーリー）","プロ（演出多め）"
"WEB-01928","コンサル・コーチングのコーポレートサイト（ミニマル・洗練・巨大コピー＋小さな写真）","プロ（演出多め）"
"WEB-01929","NPO・地方自治体のサービスサイト（ハンドメイド・手書き・縦書きコピー＋余白）","プロ（演出多め）"
"WEB-01930","ゲーム・eスポーツのオウンドメディア・ブログ（ミニマル・洗練・画面2分割（写真｜コピー））","上級"
"WEB-01931","ゲーム・eスポーツのイベント・フェスサイト（ネオン・サイバー・縦書きコピー＋余白）","プロ（演出多め）"
"WEB-01932","歯科医院の採用サイト（ハンドメイド・手書き・フェード/ズームのスライドショー）","プロ（演出多め）"
"WEB-01933","SaaS・BtoBツールのサービスサイト（3D・クレイ・散らばった写真コラージュ）","プロ（演出多め）"
"WEB-01934","ウェディング・結婚相談所のブランドサイト（かわいい・ガーリー・散らばった写真コラージュ）","プロ（演出多め）"
"WEB-01935","保育園・幼児教育・習い事の採用サイト（ナチュラル・オーガニック・3Dオブジェクト/ジェネラティブ背景）","上級"
"WEB-01936","スクール・オンライン講座のサービスサイト（クール・テック・ローディング演出→ロゴ→メインビジュアル）","プロ（演出多め）"
"WEB-01937","AIサービス・スタートアップのブランドサイト（クール・テック・スクロール連動のストーリー）","プロ（演出多め）"
"WEB-01938","音楽・ライブ・イベントのコーポレートサイト（ネオン・サイバー・ローディング演出→ロゴ→メインビジュアル）","プロ（演出多め）"
"WEB-01939","ホテル・旅館のブランドサイト（ミニマル・洗練・フェード/ズームのスライドショー）","上級"
"WEB-01940","美容クリニックのサービスサイト（ラグジュアリー・高級感・ローディング演出→ロゴ→メインビジュアル）","プロ（演出多め）"
"WEB-01941","Web制作・デザイン事務所のコーポレートサイト（ダーク・シネマティック・スクロール連動のストーリー）","プロ（演出多め）"
"WEB-01942","農業・地方の生産者のブランドサイト（和モダン・巨大コピー＋小さな写真）","プロ（演出多め）"
"WEB-01943","Web制作・デザイン事務所のサービスサイト（北欧・ライフスタイル・フェード/ズームのスライドショー）","プロ（演出多め）"
"WEB-01944","プログラミングスクールの採用サイト（クール・テック・画面2分割（写真｜コピー））","プロ（演出多め）"
"WEB-01945","歯科医院のブランドサイト（北欧・ライフスタイル・ローディング演出→ロゴ→メインビジュアル）","プロ（演出多め）"
"WEB-01946","士業（税理士・弁護士・行政書士）の採用サイト（信頼・誠実（コーポレート）・全画面ループ動画）","プロ（演出多め）"
"WEB-01947","食品・産直ECのサービスサイト（ジオメトリック・グラフィカル・画面2分割（写真｜コピー））","プロ（演出多め）"
"WEB-01948","コンサル・コーチングのオウンドメディア・ブログ（信頼・誠実（コーポレート）・ローディング演出→ロゴ→メインビジュアル）","上級"
"WEB-01949","ホテル・旅館のコーポレートサイト（ミニマル・洗練・スクロール連動のストーリー）","プロ（演出多め）"
"WEB-01950","採用・求人の採用サイト（和モダン・全画面ループ動画）","上級"
"WEB-01951","工務店・注文住宅・リフォームの採用サイト（ナチュラル・オーガニック・全画面ループ動画）","上級"
"WEB-01952","金融・保険・投資のサービスサイト（クール・テック・3Dオブジェクト/ジェネラティブ背景）","プロ（演出多め）"
"WEB-01953","スマホアプリのコーポレートサイト（グラスモーフィズム・ローディング演出→ロゴ→メインビジュアル）","プロ（演出多め）"
"WEB-01954","レストラン・居酒屋の採用サイト（和モダン・スクロール連動のストーリー）","プロ（演出多め）"
"WEB-01955","内科・クリニックのブランドサイト（和モダン・散らばった写真コラージュ）","プロ（演出多め）"
"WEB-01956","音楽・ライブ・イベントのブランドサイト（パステル・ドリーミー・巨大コピー＋小さな写真）","プロ（演出多め）"
"WEB-01957","パーソナルジム・フィットネスのサービスサイト（ネオン・サイバー・3Dオブジェクト/ジェネラティブ背景）","プロ（演出多め）"
"WEB-01958","SaaS・BtoBツールの採用サイト（グラスモーフィズム・全画面ループ動画）","プロ（演出多め）"
"WEB-01959","採用・求人のオウンドメディア・ブログ（ポップ・カラフル・巨大コピー＋小さな写真）","プロ（演出多め）"
"WEB-01960","観光・地域プロモーションのオウンドメディア・ブログ（ネオン・サイバー・縦書きコピー＋余白）","上級"
"WEB-01961","カフェ・ベーカリーの店舗サイト（飲食・美容・サロン）（ハンドメイド・手書き・フェード/ズームのスライドショー）","プロ（演出多め）"
"WEB-01962","美容室・ヘアサロンの店舗サイト（飲食・美容・サロン）（ラグジュアリー・高級感・ローディング演出→ロゴ→メインビジュアル）","プロ（演出多め）"
"WEB-01963","自動車・バイクの採用サイト（クール・テック・フェード/ズームのスライドショー）","プロ（演出多め）"
"WEB-01964","占い・スピリチュアルのオウンドメディア・ブログ（北欧・ライフスタイル・フェード/ズームのスライドショー）","上級"
"WEB-01965","パーソナルジム・フィットネスのスクール・教室サイト（ダーク・シネマティック・画面2分割（写真｜コピー））","プロ（演出多め）"
"WEB-01966","カフェ・ベーカリーのコーポレートサイト（ナチュラル・オーガニック・縦書きコピー＋余白）","上級"
"WEB-01967","カフェ・ベーカリーのコーポレートサイト（エディトリアル・雑誌風・3Dオブジェクト/ジェネラティブ背景）","プロ（演出多め）"
"WEB-01968","ヨガ・ピラティスの採用サイト（北欧・ライフスタイル・画面2分割（写真｜コピー））","上級"
"WEB-01969","コンサル・コーチングのブランドサイト（ミニマル・洗練・3Dオブジェクト/ジェネラティブ背景）","プロ（演出多め）"
"WEB-01970","ペット・トリミング・動物病院のクリニック・医院サイト（ハンドメイド・手書き・散らばった写真コラージュ）","プロ（演出多め）"
"WEB-01971","占い・スピリチュアルのコーポレートサイト（ラグジュアリー・高級感・3Dオブジェクト/ジェネラティブ背景）","プロ（演出多め）"
"WEB-01972","採用・求人のサービスサイト（エディトリアル・雑誌風・フェード/ズームのスライドショー）","プロ（演出多め）"
"WEB-01973","ゲーム・eスポーツのサービスサイト（レトロ・Y2K・3Dオブジェクト/ジェネラティブ背景）","上級"
"WEB-01974","サウナ・温浴施設のホテル・旅館サイト（ニューブルータリズム・ローディング演出→ロゴ→メインビジュアル）","プロ（演出多め）"
"WEB-01975","カフェ・ベーカリーの店舗サイト（飲食・美容・サロン）（ネオン・サイバー・フェード/ズームのスライドショー）","プロ（演出多め）"
"WEB-01976","食品・産直ECのコーポレートサイト（ナチュラル・オーガニック・画面2分割（写真｜コピー））","プロ（演出多め）"
"WEB-01977","スクール・オンライン講座のコーポレートサイト（クール・テック・スクロール連動のストーリー）","プロ（演出多め）"
"WEB-01978","自動車・バイクのブランドサイト（エネルギッシュ・スポーティ・フェード/ズームのスライドショー）","プロ（演出多め）"
"WEB-01979","引越し・生活サービスのオウンドメディア・ブログ（信頼・誠実（コーポレート）・画面2分割（写真｜コピー））","プロ（演出多め）"
"WEB-01980","内科・クリニックのサービスサイト（信頼・誠実（コーポレート）・散らばった写真コラージュ）","上級"
"WEB-01981","和菓子・スイーツの採用サイト（和モダン・ローディング演出→ロゴ→メインビジュアル）","上級"
"WEB-01982","ウェディング・結婚相談所のサービスサイト（パステル・ドリーミー・ローディング演出→ロゴ→メインビジュアル）","上級"
"WEB-01983","食品・産直ECのオウンドメディア・ブログ（ポップ・カラフル・フェード/ズームのスライドショー）","上級"
"WEB-01984","士業（税理士・弁護士・行政書士）のサービスサイト（ミニマル・洗練・巨大コピー＋小さな写真）","プロ（演出多め）"
"WEB-01985","ペット・トリミング・動物病院のオウンドメディア・ブログ（かわいい・ガーリー・巨大コピー＋小さな写真）","プロ（演出多め）"
"WEB-01986","サウナ・温浴施設の店舗サイト（飲食・美容・サロン）（和モダン・3Dオブジェクト/ジェネラティブ背景）","プロ（演出多め）"
"WEB-01987","保育園・幼児教育・習い事のオウンドメディア・ブログ（かわいい・ガーリー・3Dオブジェクト/ジェネラティブ背景）","プロ（演出多め）"
"WEB-01988","スクール・オンライン講座のブランドサイト（クール・テック・画面2分割（写真｜コピー））","上級"
"WEB-01989","英会話・語学のオウンドメディア・ブログ（ダーク・シネマティック・縦書きコピー＋余白）","プロ（演出多め）"
"WEB-01990","ヨガ・ピラティスの採用サイト（ナチュラル・オーガニック・スクロール連動のストーリー）","上級"
"WEB-01991","AIサービス・スタートアップのコーポレートサイト（クール・テック・散らばった写真コラージュ）","プロ（演出多め）"
"WEB-01992","士業（税理士・弁護士・行政書士）の採用サイト（和モダン・全画面ループ動画）","プロ（演出多め）"
"WEB-01993","ホテル・旅館のコーポレートサイト（和モダン・縦書きコピー＋余白）","プロ（演出多め）"
"WEB-01994","レストラン・居酒屋の採用サイト（ラグジュアリー・高級感・3Dオブジェクト/ジェネラティブ背景）","プロ（演出多め）"
"WEB-01995","コンサル・コーチングのコーポレートサイト（信頼・誠実（コーポレート）・巨大コピー＋小さな写真）","プロ（演出多め）"
"WEB-01996","保育園・幼児教育・習い事のブランドサイト（かわいい・ガーリー・散らばった写真コラージュ）","プロ（演出多め）"
"WEB-01997","エステ・脱毛サロンの店舗サイト（飲食・美容・サロン）（クール・テック・縦書きコピー＋余白）","プロ（演出多め）"
"WEB-01998","レストラン・居酒屋のコーポレートサイト（エディトリアル・雑誌風・3Dオブジェクト/ジェネラティブ背景）","上級"
"WEB-01999","採用・求人のブランドサイト（エネルギッシュ・スポーティ・画面2分割（写真｜コピー））","上級"
"WEB-02000","スマホアプリのブランドサイト（3D・クレイ・ローディング演出→ロゴ→メインビジュアル）","プロ（演出多め）"
"WEB-02001","アパレル・ファッションECのオウンドメディア・ブログ（レトロ・Y2K・巨大コピー＋小さな写真）","上級"
"WEB-02002","保育園・幼児教育・習い事のサービスサイト（ダーク・シネマティック・縦書きコピー＋余白）","プロ（演出多め）"
"WEB-02003","NPO・地方自治体の採用サイト（ジオメトリック・グラフィカル・散らばった写真コラージュ）","プロ（演出多め）"
"WEB-02004","ウェディング・結婚相談所のポートフォリオ（個人/事務所）（ミニマル・洗練・巨大コピー＋小さな写真）","プロ（演出多め）"
"WEB-02005","レストラン・居酒屋の採用サイト（ダーク・シネマティック・ローディング演出→ロゴ→メインビジュアル）","プロ（演出多め）"
"WEB-02006","NPO・地方自治体のコーポレートサイト（ジオメトリック・グラフィカル・縦書きコピー＋余白）","プロ（演出多め）"
"WEB-02007","パーソナルジム・フィットネスのサービスサイト（ダーク・シネマティック・画面2分割（写真｜コピー））","プロ（演出多め）"
"WEB-02008","占い・スピリチュアルのサービスサイト（和モダン・スクロール連動のストーリー）","上級"
"WEB-02009","ウェディング・結婚相談所のサービスサイト（パステル・ドリーミー・画面2分割（写真｜コピー））","プロ（演出多め）"
"WEB-02010","SaaS・BtoBツールのオウンドメディア・ブログ（3D・クレイ・3Dオブジェクト/ジェネラティブ背景）","プロ（演出多め）"
"WEB-02011","観光・地域プロモーションの自治体・観光協会サイト（和モダン・散らばった写真コラージュ）","上級"
"WEB-02012","英会話・語学のサービスサイト（信頼・誠実（コーポレート）・巨大コピー＋小さな写真）","プロ（演出多め）"
"WEB-02013","金融・保険・投資の採用サイト（パステル・ドリーミー・巨大コピー＋小さな写真）","プロ（演出多め）"
"WEB-02014","YouTuber・インフルエンサーのコーポレートサイト（かわいい・ガーリー・フェード/ズームのスライドショー）","プロ（演出多め）"
"WEB-02015","食品・産直ECのECサイト（和モダン・3Dオブジェクト/ジェネラティブ背景）","上級"
"WEB-02016","士業（税理士・弁護士・行政書士）のサービスサイト（ミニマル・洗練・巨大コピー＋小さな写真）","プロ（演出多め）"
"WEB-02017","農業・地方の生産者のコーポレートサイト（ダーク・シネマティック・全画面ループ動画）","プロ（演出多め）"
"WEB-02018","英会話・語学のブランドサイト（レトロ・Y2K・ローディング演出→ロゴ→メインビジュアル）","プロ（演出多め）"
"WEB-02019","工務店・注文住宅・リフォームのオウンドメディア・ブログ（北欧・ライフスタイル・縦書きコピー＋余白）","上級"
"WEB-02020","歯科医院のクリニック・医院サイト（グラスモーフィズム・フェード/ズームのスライドショー）","上級"
"WEB-02021","ウェディング・結婚相談所のポートフォリオ（個人/事務所）（ミニマル・洗練・フェード/ズームのスライドショー）","上級"
"WEB-02022","Web制作・デザイン事務所のコーポレートサイト（ジオメトリック・グラフィカル・スクロール連動のストーリー）","プロ（演出多め）"
"WEB-02023","自動車・バイクのコーポレートサイト（ジオメトリック・グラフィカル・巨大コピー＋小さな写真）","上級"
"WEB-02024","農業・地方の生産者のコーポレートサイト（ナチュラル・オーガニック・巨大コピー＋小さな写真）","プロ（演出多め）"
"WEB-02025","歯科医院のコーポレートサイト（ナチュラル・オーガニック・ローディング演出→ロゴ→メインビジュアル）","プロ（演出多め）"
"WEB-02026","内科・クリニックのサービスサイト（信頼・誠実（コーポレート）・縦書きコピー＋余白）","上級"
"WEB-02027","NPO・地方自治体の自治体・観光協会サイト（ジオメトリック・グラフィカル・3Dオブジェクト/ジェネラティブ背景）","プロ（演出多め）"
"WEB-02028","英会話・語学のブランドサイト（ポップ・カラフル・3Dオブジェクト/ジェネラティブ背景）","プロ（演出多め）"
"WEB-02029","コンサル・コーチングのブランドサイト（かわいい・ガーリー・画面2分割（写真｜コピー））","上級"
"WEB-02030","スマホアプリの採用サイト（グラスモーフィズム・スクロール連動のストーリー）","上級"
"WEB-02031","英会話・語学のコーポレートサイト（3D・クレイ・全画面ループ動画）","プロ（演出多め）"
"WEB-02032","英会話・語学のスクール・教室サイト（信頼・誠実（コーポレート）・全画面ループ動画）","プロ（演出多め）"
"WEB-02033","内科・クリニックのサービスサイト（北欧・ライフスタイル・全画面ループ動画）","プロ（演出多め）"
"WEB-02034","ヨガ・ピラティスの採用サイト（北欧・ライフスタイル・散らばった写真コラージュ）","上級"
"WEB-02035","カフェ・ベーカリーのブランドサイト（北欧・ライフスタイル・スクロール連動のストーリー）","プロ（演出多め）"
"WEB-02036","NPO・地方自治体の自治体・観光協会サイト（ハンドメイド・手書き・巨大コピー＋小さな写真）","プロ（演出多め）"
"WEB-02037","プログラミングスクールの採用サイト（ポップ・カラフル・3Dオブジェクト/ジェネラティブ背景）","プロ（演出多め）"
"WEB-02038","AIサービス・スタートアップのサービスサイト（ネオン・サイバー・画面2分割（写真｜コピー））","上級"
"WEB-02039","ホテル・旅館のサービスサイト（和モダン・巨大コピー＋小さな写真）","プロ（演出多め）"
"WEB-02040","ゲーム・eスポーツのサービスサイト（エネルギッシュ・スポーティ・縦書きコピー＋余白）","プロ（演出多め）"
"WEB-02041","美容クリニックのクリニック・医院サイト（ミニマル・洗練・画面2分割（写真｜コピー））","プロ（演出多め）"
"WEB-02042","クラウドファンディング・新商品のサービスサイト（ポップ・カラフル・3Dオブジェクト/ジェネラティブ背景）","プロ（演出多め）"
"WEB-02043","SaaS・BtoBツールのブランドサイト（ミニマル・洗練・フェード/ズームのスライドショー）","プロ（演出多め）"
"WEB-02044","コスメ・スキンケアのオウンドメディア・ブログ（パステル・ドリーミー・フェード/ズームのスライドショー）","プロ（演出多め）"
"WEB-02045","レストラン・居酒屋のコーポレートサイト（ナチュラル・オーガニック・縦書きコピー＋余白）","上級"
"WEB-02046","引越し・生活サービスのブランドサイト（ポップ・カラフル・スクロール連動のストーリー）","プロ（演出多め）"
"WEB-02047","自動車・バイクのサービスサイト（エネルギッシュ・スポーティ・巨大コピー＋小さな写真）","プロ（演出多め）"
"WEB-02048","コンサル・コーチングのブランドサイト（信頼・誠実（コーポレート）・全画面ループ動画）","プロ（演出多め）"
"WEB-02049","ウェディング・結婚相談所のコーポレートサイト（パステル・ドリーミー・スクロール連動のストーリー）","プロ（演出多め）"
"WEB-02050","YouTuber・インフルエンサーのオウンドメディア・ブログ（ネオン・サイバー・全画面ループ動画）","プロ（演出多め）"
"WEB-02051","レストラン・居酒屋の店舗サイト（飲食・美容・サロン）（ラグジュアリー・高級感・スクロール連動のストーリー）","プロ（演出多め）"
"WEB-02052","ゲーム・eスポーツのサービスサイト（ダーク・シネマティック・フェード/ズームのスライドショー）","上級"
"WEB-02053","AIサービス・スタートアップのオウンドメディア・ブログ（ミニマル・洗練・全画面ループ動画）","上級"
"WEB-02054","ホテル・旅館のブランドサイト（エネルギッシュ・スポーティ・散らばった写真コラージュ）","プロ（演出多め）"
"WEB-02055","レストラン・居酒屋のコーポレートサイト（ダーク・シネマティック・ローディング演出→ロゴ→メインビジュアル）","上級"
"WEB-02056","歯科医院のオウンドメディア・ブログ（ニューブルータリズム・散らばった写真コラージュ）","プロ（演出多め）"
"WEB-02057","士業（税理士・弁護士・行政書士）のブランドサイト（和モダン・ローディング演出→ロゴ→メインビジュアル）","プロ（演出多め）"
"WEB-02058","建築設計事務所のコーポレートサイト（エディトリアル・雑誌風・フェード/ズームのスライドショー）","プロ（演出多め）"
"WEB-02059","スマホアプリのオウンドメディア・ブログ（ポップ・カラフル・全画面ループ動画）","プロ（演出多め）"
"WEB-02060","自動車・バイクのブランドサイト（エネルギッシュ・スポーティ・縦書きコピー＋余白）","上級"
"WEB-02061","英会話・語学のブランドサイト（ポップ・カラフル・ローディング演出→ロゴ→メインビジュアル）","上級"
"WEB-02062","ウェディング・結婚相談所のオウンドメディア・ブログ（ラグジュアリー・高級感・巨大コピー＋小さな写真）","上級"
"WEB-02063","保育園・幼児教育・習い事のスクール・教室サイト（ナチュラル・オーガニック・ローディング演出→ロゴ→メインビジュアル）","上級"
"WEB-02064","自動車・バイクのオウンドメディア・ブログ（エネルギッシュ・スポーティ・ローディング演出→ロゴ→メインビジュアル）","上級"
"WEB-02065","スマホアプリのオウンドメディア・ブログ（ニューブルータリズム・ローディング演出→ロゴ→メインビジュアル）","プロ（演出多め）"
"WEB-02066","エステ・脱毛サロンのコーポレートサイト（パステル・ドリーミー・フェード/ズームのスライドショー）","プロ（演出多め）"
"WEB-02067","工務店・注文住宅・リフォームのコーポレートサイト（ナチュラル・オーガニック・フェード/ズームのスライドショー）","上級"
"WEB-02068","自動車・バイクの採用サイト（クール・テック・画面2分割（写真｜コピー））","プロ（演出多め）"
"WEB-02069","英会話・語学のブランドサイト（信頼・誠実（コーポレート）・ローディング演出→ロゴ→メインビジュアル）","プロ（演出多め）"
"WEB-02070","Web制作・デザイン事務所のコーポレートサイト（エディトリアル・雑誌風・全画面ループ動画）","プロ（演出多め）"
"WEB-02071","占い・スピリチュアルのコーポレートサイト（ダーク・シネマティック・巨大コピー＋小さな写真）","プロ（演出多め）"
"WEB-02072","占い・スピリチュアルのコーポレートサイト（和モダン・全画面ループ動画）","上級"
"WEB-02073","保育園・幼児教育・習い事のスクール・教室サイト（かわいい・ガーリー・ローディング演出→ロゴ→メインビジュアル）","プロ（演出多め）"
"WEB-02074","AIサービス・スタートアップの採用サイト（ミニマル・洗練・散らばった写真コラージュ）","プロ（演出多め）"
"WEB-02075","和菓子・スイーツのECサイト（ナチュラル・オーガニック・縦書きコピー＋余白）","上級"
"WEB-02076","士業（税理士・弁護士・行政書士）の採用サイト（ダーク・シネマティック・散らばった写真コラージュ）","プロ（演出多め）"
"WEB-02077","パーソナルジム・フィットネスのスクール・教室サイト（クール・テック・ローディング演出→ロゴ→メインビジュアル）","プロ（演出多め）"
"WEB-02078","食品・産直ECのECサイト（ネオン・サイバー・スクロール連動のストーリー）","プロ（演出多め）"
"WEB-02079","スクール・オンライン講座のオウンドメディア・ブログ（クール・テック・全画面ループ動画）","プロ（演出多め）"
"WEB-02080","金融・保険・投資のコーポレートサイト（ミニマル・洗練・3Dオブジェクト/ジェネラティブ背景）","上級"
"WEB-02081","音楽・ライブ・イベントのコーポレートサイト（ミニマル・洗練・フェード/ズームのスライドショー）","上級"
"WEB-02082","観光・地域プロモーションのブランドサイト（ハンドメイド・手書き・ローディング演出→ロゴ→メインビジュアル）","プロ（演出多め）"
"WEB-02083","英会話・語学のブランドサイト（ジオメトリック・グラフィカル・巨大コピー＋小さな写真）","プロ（演出多め）"
"WEB-02084","保育園・幼児教育・習い事のコーポレートサイト（ハンドメイド・手書き・フェード/ズームのスライドショー）","プロ（演出多め）"
"WEB-02085","Web制作・デザイン事務所のオウンドメディア・ブログ（北欧・ライフスタイル・散らばった写真コラージュ）","プロ（演出多め）"
"WEB-02086","音楽・ライブ・イベントのオウンドメディア・ブログ（ダーク・シネマティック・スクロール連動のストーリー）","上級"
"WEB-02087","自動車・バイクのオウンドメディア・ブログ（エディトリアル・雑誌風・縦書きコピー＋余白）","プロ（演出多め）"
"WEB-02088","ペット・トリミング・動物病院のサービスサイト（かわいい・ガーリー・3Dオブジェクト/ジェネラティブ背景）","プロ（演出多め）"
"WEB-02089","YouTuber・インフルエンサーのサービスサイト（ラグジュアリー・高級感・縦書きコピー＋余白）","上級"
"WEB-02090","コスメ・スキンケアのブランドサイト（ミニマル・洗練・画面2分割（写真｜コピー））","プロ（演出多め）"
"WEB-02091","保育園・幼児教育・習い事の採用サイト（北欧・ライフスタイル・フェード/ズームのスライドショー）","上級"
"WEB-02092","英会話・語学のオウンドメディア・ブログ（ジオメトリック・グラフィカル・画面2分割（写真｜コピー））","プロ（演出多め）"
"WEB-02093","音楽・ライブ・イベントのイベント・フェスサイト（ニューブルータリズム・散らばった写真コラージュ）","プロ（演出多め）"
"WEB-02094","Web制作・デザイン事務所のサービスサイト（クール・テック・画面2分割（写真｜コピー））","プロ（演出多め）"
"WEB-02095","クラウドファンディング・新商品のオウンドメディア・ブログ（ダーク・シネマティック・スクロール連動のストーリー）","プロ（演出多め）"
"WEB-02096","プログラミングスクールのサービスサイト（3D・クレイ・画面2分割（写真｜コピー））","プロ（演出多め）"
"WEB-02097","コンサル・コーチングのサービスサイト（ラグジュアリー・高級感・散らばった写真コラージュ）","プロ（演出多め）"
"WEB-02098","引越し・生活サービスのサービスサイト（3D・クレイ・ローディング演出→ロゴ→メインビジュアル）","上級"
"WEB-02099","エステ・脱毛サロンの店舗サイト（飲食・美容・サロン）（ミニマル・洗練・ローディング演出→ロゴ→メインビジュアル）","上級"
"WEB-02100","スクール・オンライン講座の採用サイト（クール・テック・3Dオブジェクト/ジェネラティブ背景）","プロ（演出多め）"
"WEB-02101","美容クリニックのオウンドメディア・ブログ（ポップ・カラフル・3Dオブジェクト/ジェネラティブ背景）","プロ（演出多め）"
"WEB-02102","金融・保険・投資のブランドサイト（ミニマル・洗練・縦書きコピー＋余白）","プロ（演出多め）"
"WEB-02103","サウナ・温浴施設のコーポレートサイト（ニューブルータリズム・縦書きコピー＋余白）","プロ（演出多め）"
"WEB-02104","工務店・注文住宅・リフォームの採用サイト（北欧・ライフスタイル・巨大コピー＋小さな写真）","プロ（演出多め）"
"WEB-02105","観光・地域プロモーションのサービスサイト（ダーク・シネマティック・3Dオブジェクト/ジェネラティブ背景）","プロ（演出多め）"
"WEB-02106","ウェディング・結婚相談所のポートフォリオ（個人/事務所）（かわいい・ガーリー・巨大コピー＋小さな写真）","プロ（演出多め）"
"WEB-02107","プログラミングスクールのスクール・教室サイト（ナチュラル・オーガニック・ローディング演出→ロゴ→メインビジュアル）","上級"
"WEB-02108","コスメ・スキンケアのオウンドメディア・ブログ（ラグジュアリー・高級感・スクロール連動のストーリー）","上級"
"WEB-02109","美容クリニックのコーポレートサイト（ラグジュアリー・高級感・画面2分割（写真｜コピー））","上級"
"WEB-02110","AIサービス・スタートアップのブランドサイト（ネオン・サイバー・スクロール連動のストーリー）","プロ（演出多め）"
"WEB-02111","引越し・生活サービスの採用サイト（3D・クレイ・散らばった写真コラージュ）","プロ（演出多め）"
"WEB-02112","美容クリニックの採用サイト（ミニマル・洗練・スクロール連動のストーリー）","プロ（演出多め）"
"WEB-02113","不動産・マンションのコーポレートサイト（かわいい・ガーリー・散らばった写真コラージュ）","上級"
"WEB-02114","スクール・オンライン講座のコーポレートサイト（クール・テック・画面2分割（写真｜コピー））","上級"
"WEB-02115","工務店・注文住宅・リフォームのブランドサイト（クール・テック・画面2分割（写真｜コピー））","プロ（演出多め）"
"WEB-02116","レストラン・居酒屋のブランドサイト（ダーク・シネマティック・巨大コピー＋小さな写真）","上級"
"WEB-02117","音楽・ライブ・イベントのサービスサイト（レトロ・Y2K・スクロール連動のストーリー）","プロ（演出多め）"
"WEB-02118","ペット・トリミング・動物病院のクリニック・医院サイト（3D・クレイ・全画面ループ動画）","プロ（演出多め）"
"WEB-02119","スマホアプリのブランドサイト（3D・クレイ・3Dオブジェクト/ジェネラティブ背景）","プロ（演出多め）"
"WEB-02120","英会話・語学のコーポレートサイト（3D・クレイ・巨大コピー＋小さな写真）","プロ（演出多め）"
"WEB-02121","コンサル・コーチングのサービスサイト（信頼・誠実（コーポレート）・ローディング演出→ロゴ→メインビジュアル）","上級"
"WEB-02122","AIサービス・スタートアップのサービスサイト（クール・テック・ローディング演出→ロゴ→メインビジュアル）","プロ（演出多め）"
"WEB-02123","建築設計事務所のブランドサイト（ジオメトリック・グラフィカル・3Dオブジェクト/ジェネラティブ背景）","プロ（演出多め）"
"WEB-02124","美容クリニックのクリニック・医院サイト（信頼・誠実（コーポレート）・散らばった写真コラージュ）","上級"
"WEB-02125","NPO・地方自治体の自治体・観光協会サイト（信頼・誠実（コーポレート）・スクロール連動のストーリー）","プロ（演出多め）"
"WEB-02126","金融・保険・投資のサービスサイト（ミニマル・洗練・フェード/ズームのスライドショー）","上級"
"WEB-02127","サウナ・温浴施設のオウンドメディア・ブログ（ナチュラル・オーガニック・フェード/ズームのスライドショー）","プロ（演出多め）"
"WEB-02128","アパレル・ファッションECのECサイト（レトロ・Y2K・ローディング演出→ロゴ→メインビジュアル）","プロ（演出多め）"
"WEB-02129","金融・保険・投資のコーポレートサイト（ミニマル・洗練・散らばった写真コラージュ）","上級"
"WEB-02130","占い・スピリチュアルのオウンドメディア・ブログ（和モダン・巨大コピー＋小さな写真）","上級"
"WEB-02131","スマホアプリのブランドサイト（ポップ・カラフル・巨大コピー＋小さな写真）","プロ（演出多め）"
"WEB-02132","内科・クリニックのブランドサイト（北欧・ライフスタイル・スクロール連動のストーリー）","プロ（演出多め）"
"WEB-02133","SaaS・BtoBツールのサービスサイト（クール・テック・画面2分割（写真｜コピー））","プロ（演出多め）"
"WEB-02134","スマホアプリのサービスサイト（3D・クレイ・縦書きコピー＋余白）","プロ（演出多め）"
"WEB-02135","観光・地域プロモーションのサービスサイト（信頼・誠実（コーポレート）・巨大コピー＋小さな写真）","上級"
"WEB-02136","食品・産直ECのコーポレートサイト（ポップ・カラフル・3Dオブジェクト/ジェネラティブ背景）","プロ（演出多め）"
"WEB-02137","アパレル・ファッションECの採用サイト（ミニマル・洗練・スクロール連動のストーリー）","プロ（演出多め）"
"WEB-02138","自動車・バイクのコーポレートサイト（ニューブルータリズム・縦書きコピー＋余白）","プロ（演出多め）"
"WEB-02139","レストラン・居酒屋のサービスサイト（ラグジュアリー・高級感・画面2分割（写真｜コピー））","プロ（演出多め）"
"WEB-02140","アパレル・ファッションECのオウンドメディア・ブログ（エディトリアル・雑誌風・スクロール連動のストーリー）","上級"
"WEB-02141","YouTuber・インフルエンサーのポートフォリオ（個人/事務所）（ネオン・サイバー・散らばった写真コラージュ）","プロ（演出多め）"
"WEB-02142","パーソナルジム・フィットネスのブランドサイト（ダーク・シネマティック・フェード/ズームのスライドショー）","上級"
"WEB-02143","レストラン・居酒屋のブランドサイト（レトロ・Y2K・画面2分割（写真｜コピー））","プロ（演出多め）"
"WEB-02144","コスメ・スキンケアの採用サイト（パステル・ドリーミー・縦書きコピー＋余白）","プロ（演出多め）"
"WEB-02145","パーソナルジム・フィットネスのオウンドメディア・ブログ（クール・テック・3Dオブジェクト/ジェネラティブ背景）","プロ（演出多め）"
"WEB-02146","和菓子・スイーツのオウンドメディア・ブログ（和モダン・ローディング演出→ロゴ→メインビジュアル）","プロ（演出多め）"
"WEB-02147","工務店・注文住宅・リフォームのサービスサイト（ミニマル・洗練・縦書きコピー＋余白）","プロ（演出多め）"
"WEB-02148","サウナ・温浴施設の採用サイト（北欧・ライフスタイル・フェード/ズームのスライドショー）","プロ（演出多め）"
"WEB-02149","エステ・脱毛サロンの店舗サイト（飲食・美容・サロン）（ミニマル・洗練・3Dオブジェクト/ジェネラティブ背景）","プロ（演出多め）"
"WEB-02150","スマホアプリの採用サイト（グラスモーフィズム・3Dオブジェクト/ジェネラティブ背景）","プロ（演出多め）"
"WEB-02151","音楽・ライブ・イベントのコーポレートサイト（ネオン・サイバー・散らばった写真コラージュ）","プロ（演出多め）"
"WEB-02152","コスメ・スキンケアのECサイト（パステル・ドリーミー・散らばった写真コラージュ）","上級"
"WEB-02153","プログラミングスクールの採用サイト（3D・クレイ・全画面ループ動画）","プロ（演出多め）"
"WEB-02154","SaaS・BtoBツールのコーポレートサイト（3D・クレイ・全画面ループ動画）","プロ（演出多め）"
"WEB-02155","スマホアプリのブランドサイト（グラスモーフィズム・画面2分割（写真｜コピー））","プロ（演出多め）"
"WEB-02156","保育園・幼児教育・習い事のコーポレートサイト（ハンドメイド・手書き・フェード/ズームのスライドショー）","プロ（演出多め）"
"WEB-02157","Web制作・デザイン事務所の採用サイト（ニューブルータリズム・縦書きコピー＋余白）","プロ（演出多め）"
"WEB-02158","ウェディング・結婚相談所のサービスサイト（パステル・ドリーミー・スクロール連動のストーリー）","プロ（演出多め）"
"WEB-02159","コスメ・スキンケアの採用サイト（グラスモーフィズム・画面2分割（写真｜コピー））","プロ（演出多め）"
"WEB-02160","スクール・オンライン講座のオウンドメディア・ブログ（3D・クレイ・縦書きコピー＋余白）","プロ（演出多め）"
"WEB-02161","アパレル・ファッションECのオウンドメディア・ブログ（ミニマル・洗練・散らばった写真コラージュ）","上級"
"WEB-02162","サウナ・温浴施設のサービスサイト（パステル・ドリーミー・フェード/ズームのスライドショー）","プロ（演出多め）"
"WEB-02163","サウナ・温浴施設のホテル・旅館サイト（レトロ・Y2K・散らばった写真コラージュ）","プロ（演出多め）"
"WEB-02164","カフェ・ベーカリーのブランドサイト（ハンドメイド・手書き・縦書きコピー＋余白）","上級"
"WEB-02165","自動車・バイクのブランドサイト（ダーク・シネマティック・スクロール連動のストーリー）","プロ（演出多め）"
"WEB-02166","歯科医院のオウンドメディア・ブログ（信頼・誠実（コーポレート）・フェード/ズームのスライドショー）","上級"
"WEB-02167","保育園・幼児教育・習い事のサービスサイト（ハンドメイド・手書き・巨大コピー＋小さな写真）","プロ（演出多め）"
"WEB-02168","クラウドファンディング・新商品のオウンドメディア・ブログ（ポップ・カラフル・スクロール連動のストーリー）","プロ（演出多め）"
"WEB-02169","士業（税理士・弁護士・行政書士）のブランドサイト（ネオン・サイバー・スクロール連動のストーリー）","プロ（演出多め）"
"WEB-02170","サウナ・温浴施設のブランドサイト（ナチュラル・オーガニック・3Dオブジェクト/ジェネラティブ背景）","上級"
"WEB-02171","自動車・バイクのサービスサイト（エネルギッシュ・スポーティ・巨大コピー＋小さな写真）","上級"
"WEB-02172","金融・保険・投資のサービスサイト（グラスモーフィズム・縦書きコピー＋余白）","上級"
"WEB-02173","美容クリニックの採用サイト（ラグジュアリー・高級感・画面2分割（写真｜コピー））","プロ（演出多め）"
"WEB-02174","食品・産直ECのオウンドメディア・ブログ（ダーク・シネマティック・散らばった写真コラージュ）","上級"
"WEB-02175","サウナ・温浴施設のホテル・旅館サイト（レトロ・Y2K・ローディング演出→ロゴ→メインビジュアル）","プロ（演出多め）"
"WEB-02176","Web制作・デザイン事務所のブランドサイト（クール・テック・フェード/ズームのスライドショー）","プロ（演出多め）"
"WEB-02177","ホテル・旅館のオウンドメディア・ブログ（ダーク・シネマティック・スクロール連動のストーリー）","プロ（演出多め）"
"WEB-02178","コスメ・スキンケアのECサイト（グラスモーフィズム・縦書きコピー＋余白）","上級"
"WEB-02179","ヨガ・ピラティスのオウンドメディア・ブログ（パステル・ドリーミー・画面2分割（写真｜コピー））","プロ（演出多め）"
"WEB-02180","歯科医院のコーポレートサイト（ミニマル・洗練・散らばった写真コラージュ）","プロ（演出多め）"
"WEB-02181","和菓子・スイーツのサービスサイト（和モダン・3Dオブジェクト/ジェネラティブ背景）","プロ（演出多め）"
"WEB-02182","内科・クリニックのオウンドメディア・ブログ（ナチュラル・オーガニック・ローディング演出→ロゴ→メインビジュアル）","プロ（演出多め）"
"WEB-02183","ペット・トリミング・動物病院のクリニック・医院サイト（和モダン・スクロール連動のストーリー）","プロ（演出多め）"
"WEB-02184","パーソナルジム・フィットネスのコーポレートサイト（エネルギッシュ・スポーティ・画面2分割（写真｜コピー））","上級"
"WEB-02185","採用・求人のコーポレートサイト（エディトリアル・雑誌風・ローディング演出→ロゴ→メインビジュアル）","プロ（演出多め）"
"WEB-02186","不動産・マンションのオウンドメディア・ブログ（ミニマル・洗練・ローディング演出→ロゴ→メインビジュアル）","上級"
"WEB-02187","引越し・生活サービスのコーポレートサイト（3D・クレイ・全画面ループ動画）","上級"
"WEB-02188","和菓子・スイーツのブランドサイト（パステル・ドリーミー・散らばった写真コラージュ）","プロ（演出多め）"
"WEB-02189","ゲーム・eスポーツのイベント・フェスサイト（エネルギッシュ・スポーティ・全画面ループ動画）","プロ（演出多め）"
"WEB-02190","Web制作・デザイン事務所のブランドサイト（クール・テック・ローディング演出→ロゴ→メインビジュアル）","上級"
"WEB-02191","ヨガ・ピラティスの店舗サイト（飲食・美容・サロン）（ミニマル・洗練・ローディング演出→ロゴ→メインビジュアル）","上級"
"WEB-02192","食品・産直ECのブランドサイト（ポップ・カラフル・縦書きコピー＋余白）","プロ（演出多め）"
"WEB-02193","保育園・幼児教育・習い事のサービスサイト（ハンドメイド・手書き・全画面ループ動画）","上級"
"WEB-02194","建築設計事務所のポートフォリオ（個人/事務所）（北欧・ライフスタイル・全画面ループ動画）","プロ（演出多め）"
"WEB-02195","スクール・オンライン講座のコーポレートサイト（ポップ・カラフル・散らばった写真コラージュ）","上級"
"WEB-02196","レストラン・居酒屋のブランドサイト（レトロ・Y2K・画面2分割（写真｜コピー））","プロ（演出多め）"
"WEB-02197","AIサービス・スタートアップのサービスサイト（グラスモーフィズム・画面2分割（写真｜コピー））","プロ（演出多め）"
"WEB-02198","クラウドファンディング・新商品の採用サイト（ラグジュアリー・高級感・3Dオブジェクト/ジェネラティブ背景）","上級"
"WEB-02199","SaaS・BtoBツールのサービスサイト（グラスモーフィズム・散らばった写真コラージュ）","プロ（演出多め）"
"WEB-02200","美容クリニックの店舗サイト（飲食・美容・サロン）（ラグジュアリー・高級感・フェード/ズームのスライドショー）","プロ（演出多め）"
"WEB-02201","ペット・トリミング・動物病院のクリニック・医院サイト（信頼・誠実（コーポレート）・スクロール連動のストーリー）","上級"
"WEB-02202","プログラミングスクールの採用サイト（ネオン・サイバー・ローディング演出→ロゴ→メインビジュアル）","上級"
"WEB-02203","ウェディング・結婚相談所の採用サイト（パステル・ドリーミー・画面2分割（写真｜コピー））","プロ（演出多め）"
"WEB-02204","YouTuber・インフルエンサーのオウンドメディア・ブログ（ニューブルータリズム・全画面ループ動画）","プロ（演出多め）"
"WEB-02205","パーソナルジム・フィットネスのブランドサイト（グラスモーフィズム・散らばった写真コラージュ）","上級"
"WEB-02206","採用・求人のサービスサイト（ジオメトリック・グラフィカル・フェード/ズームのスライドショー）","プロ（演出多め）"
"WEB-02207","コンサル・コーチングのサービスサイト（ジオメトリック・グラフィカル・スクロール連動のストーリー）","上級"
"WEB-02208","アパレル・ファッションECのコーポレートサイト（レトロ・Y2K・ローディング演出→ロゴ→メインビジュアル）","上級"
"WEB-02209","歯科医院のサービスサイト（信頼・誠実（コーポレート）・スクロール連動のストーリー）","プロ（演出多め）"
"WEB-02210","クラウドファンディング・新商品の採用サイト（ポップ・カラフル・3Dオブジェクト/ジェネラティブ背景）","プロ（演出多め）"
"WEB-02211","英会話・語学のサービスサイト（3D・クレイ・3Dオブジェクト/ジェネラティブ背景）","プロ（演出多め）"
"WEB-02212","採用・求人のブランドサイト（ナチュラル・オーガニック・ローディング演出→ロゴ→メインビジュアル）","プロ（演出多め）"
"WEB-02213","Web制作・デザイン事務所のサービスサイト（信頼・誠実（コーポレート）・3Dオブジェクト/ジェネラティブ背景）","プロ（演出多め）"
"WEB-02214","食品・産直ECのブランドサイト（和モダン・巨大コピー＋小さな写真）","プロ（演出多め）"
"WEB-02215","ウェディング・結婚相談所のポートフォリオ（個人/事務所）（パステル・ドリーミー・散らばった写真コラージュ）","プロ（演出多め）"
"WEB-02216","士業（税理士・弁護士・行政書士）のブランドサイト（ジオメトリック・グラフィカル・縦書きコピー＋余白）","プロ（演出多め）"
"WEB-02217","士業（税理士・弁護士・行政書士）のサービスサイト（和モダン・全画面ループ動画）","プロ（演出多め）"
"WEB-02218","コスメ・スキンケアのECサイト（ミニマル・洗練・スクロール連動のストーリー）","プロ（演出多め）"
"WEB-02219","カフェ・ベーカリーのオウンドメディア・ブログ（北欧・ライフスタイル・巨大コピー＋小さな写真）","プロ（演出多め）"
"WEB-02220","NPO・地方自治体のオウンドメディア・ブログ（信頼・誠実（コーポレート）・全画面ループ動画）","プロ（演出多め）"
"WEB-02221","パーソナルジム・フィットネスのブランドサイト（ダーク・シネマティック・ローディング演出→ロゴ→メインビジュアル）","プロ（演出多め）"
"WEB-02222","農業・地方の生産者のブランドサイト（ハンドメイド・手書き・巨大コピー＋小さな写真）","プロ（演出多め）"
"WEB-02223","農業・地方の生産者の採用サイト（3D・クレイ・巨大コピー＋小さな写真）","プロ（演出多め）"
"WEB-02224","音楽・ライブ・イベントのサービスサイト（ニューブルータリズム・散らばった写真コラージュ）","プロ（演出多め）"
"WEB-02225","不動産・マンションのサービスサイト（ミニマル・洗練・全画面ループ動画）","プロ（演出多め）"
"WEB-02226","歯科医院の採用サイト（信頼・誠実（コーポレート）・ローディング演出→ロゴ→メインビジュアル）","プロ（演出多め）"
"WEB-02227","内科・クリニックのブランドサイト（信頼・誠実（コーポレート）・縦書きコピー＋余白）","プロ（演出多め）"
"WEB-02228","ペット・トリミング・動物病院のオウンドメディア・ブログ（ナチュラル・オーガニック・散らばった写真コラージュ）","プロ（演出多め）"
"WEB-02229","カフェ・ベーカリーの採用サイト（3D・クレイ・散らばった写真コラージュ）","上級"
"WEB-02230","スマホアプリの採用サイト（グラスモーフィズム・画面2分割（写真｜コピー））","プロ（演出多め）"
"WEB-02231","ホテル・旅館のブランドサイト（ミニマル・洗練・スクロール連動のストーリー）","上級"
"WEB-02232","アパレル・ファッションECの採用サイト（ミニマル・洗練・全画面ループ動画）","上級"
"WEB-02233","美容室・ヘアサロンの採用サイト（レトロ・Y2K・縦書きコピー＋余白）","プロ（演出多め）"
"WEB-02234","美容室・ヘアサロンのコーポレートサイト（かわいい・ガーリー・ローディング演出→ロゴ→メインビジュアル）","プロ（演出多め）"
"WEB-02235","和菓子・スイーツの店舗サイト（飲食・美容・サロン）（かわいい・ガーリー・巨大コピー＋小さな写真）","プロ（演出多め）"
"WEB-02236","和菓子・スイーツの店舗サイト（飲食・美容・サロン）（パステル・ドリーミー・全画面ループ動画）","プロ（演出多め）"
"WEB-02237","採用・求人のコーポレートサイト（ダーク・シネマティック・フェード/ズームのスライドショー）","プロ（演出多め）"
"WEB-02238","YouTuber・インフルエンサーのコーポレートサイト（ネオン・サイバー・画面2分割（写真｜コピー））","プロ（演出多め）"
"WEB-02239","建築設計事務所のサービスサイト（ジオメトリック・グラフィカル・全画面ループ動画）","プロ（演出多め）"
"WEB-02240","食品・産直ECのブランドサイト（ジオメトリック・グラフィカル・3Dオブジェクト/ジェネラティブ背景）","プロ（演出多め）"
"WEB-02241","ヨガ・ピラティスのスクール・教室サイト（ニューブルータリズム・フェード/ズームのスライドショー）","上級"
"WEB-02242","コンサル・コーチングの採用サイト（信頼・誠実（コーポレート）・3Dオブジェクト/ジェネラティブ背景）","上級"
"WEB-02243","SaaS・BtoBツールのコーポレートサイト（ハンドメイド・手書き・スクロール連動のストーリー）","プロ（演出多め）"
"WEB-02244","占い・スピリチュアルのサービスサイト（ダーク・シネマティック・ローディング演出→ロゴ→メインビジュアル）","プロ（演出多め）"
"WEB-02245","NPO・地方自治体のブランドサイト（ナチュラル・オーガニック・全画面ループ動画）","上級"
"WEB-02246","プログラミングスクールのサービスサイト（3D・クレイ・ローディング演出→ロゴ→メインビジュアル）","プロ（演出多め）"
"WEB-02247","金融・保険・投資のコーポレートサイト（ミニマル・洗練・ローディング演出→ロゴ→メインビジュアル）","プロ（演出多め）"
"WEB-02248","自動車・バイクのコーポレートサイト（ラグジュアリー・高級感・全画面ループ動画）","上級"
"WEB-02249","ヨガ・ピラティスの店舗サイト（飲食・美容・サロン）（パステル・ドリーミー・スクロール連動のストーリー）","プロ（演出多め）"
"WEB-02250","ホテル・旅館のサービスサイト（ラグジュアリー・高級感・フェード/ズームのスライドショー）","プロ（演出多め）"
"WEB-02251","NPO・地方自治体のブランドサイト（信頼・誠実（コーポレート）・3Dオブジェクト/ジェネラティブ背景）","上級"
"WEB-02252","エステ・脱毛サロンのサービスサイト（ラグジュアリー・高級感・フェード/ズームのスライドショー）","上級"
"WEB-02253","自動車・バイクのコーポレートサイト（ラグジュアリー・高級感・フェード/ズームのスライドショー）","プロ（演出多め）"
"WEB-02254","音楽・ライブ・イベントのオウンドメディア・ブログ（ネオン・サイバー・ローディング演出→ロゴ→メインビジュアル）","プロ（演出多め）"
"WEB-02255","農業・地方の生産者のオウンドメディア・ブログ（和モダン・縦書きコピー＋余白）","プロ（演出多め）"
"WEB-02256","プログラミングスクールのブランドサイト（ネオン・サイバー・画面2分割（写真｜コピー））","プロ（演出多め）"
"WEB-02257","エステ・脱毛サロンの採用サイト（パステル・ドリーミー・全画面ループ動画）","プロ（演出多め）"
"WEB-02258","和菓子・スイーツのブランドサイト（ポップ・カラフル・フェード/ズームのスライドショー）","プロ（演出多め）"
"WEB-02259","ヨガ・ピラティスのオウンドメディア・ブログ（パステル・ドリーミー・スクロール連動のストーリー）","プロ（演出多め）"
"WEB-02260","カフェ・ベーカリーの採用サイト（エネルギッシュ・スポーティ・フェード/ズームのスライドショー）","上級"
"WEB-02261","美容室・ヘアサロンのコーポレートサイト（かわいい・ガーリー・散らばった写真コラージュ）","プロ（演出多め）"
"WEB-02262","パーソナルジム・フィットネスのブランドサイト（ダーク・シネマティック・全画面ループ動画）","プロ（演出多め）"
"WEB-02263","レストラン・居酒屋のオウンドメディア・ブログ（和モダン・スクロール連動のストーリー）","プロ（演出多め）"
"WEB-02264","ペット・トリミング・動物病院の採用サイト（ダーク・シネマティック・スクロール連動のストーリー）","プロ（演出多め）"
"WEB-02265","ペット・トリミング・動物病院のオウンドメディア・ブログ（ポップ・カラフル・フェード/ズームのスライドショー）","上級"
"WEB-02266","カフェ・ベーカリーの店舗サイト（飲食・美容・サロン）（ハンドメイド・手書き・スクロール連動のストーリー）","プロ（演出多め）"
"WEB-02267","ウェディング・結婚相談所のオウンドメディア・ブログ（かわいい・ガーリー・スクロール連動のストーリー）","プロ（演出多め）"
"WEB-02268","スマホアプリのブランドサイト（クール・テック・散らばった写真コラージュ）","プロ（演出多め）"
"WEB-02269","食品・産直ECのブランドサイト（ポップ・カラフル・ローディング演出→ロゴ→メインビジュアル）","プロ（演出多め）"
"WEB-02270","ホテル・旅館のオウンドメディア・ブログ（ダーク・シネマティック・フェード/ズームのスライドショー）","上級"
"WEB-02271","パーソナルジム・フィットネスのブランドサイト（ダーク・シネマティック・散らばった写真コラージュ）","プロ（演出多め）"
"WEB-02272","歯科医院のブランドサイト（信頼・誠実（コーポレート）・縦書きコピー＋余白）","上級"
"WEB-02273","和菓子・スイーツのコーポレートサイト（和モダン・縦書きコピー＋余白）","プロ（演出多め）"
"WEB-02274","和菓子・スイーツのブランドサイト（和モダン・全画面ループ動画）","上級"
"WEB-02275","Web制作・デザイン事務所のポートフォリオ（個人/事務所）（エディトリアル・雑誌風・全画面ループ動画）","プロ（演出多め）"
"WEB-02276","採用・求人のサービスサイト（信頼・誠実（コーポレート）・スクロール連動のストーリー）","プロ（演出多め）"
"WEB-02277","コスメ・スキンケアの採用サイト（ラグジュアリー・高級感・全画面ループ動画）","上級"
"WEB-02278","観光・地域プロモーションのホテル・旅館サイト（ダーク・シネマティック・3Dオブジェクト/ジェネラティブ背景）","上級"
"WEB-02279","AIサービス・スタートアップのコーポレートサイト（ミニマル・洗練・全画面ループ動画）","上級"
"WEB-02280","ゲーム・eスポーツのイベント・フェスサイト（ダーク・シネマティック・3Dオブジェクト/ジェネラティブ背景）","上級"
"WEB-02281","建築設計事務所のブランドサイト（ジオメトリック・グラフィカル・画面2分割（写真｜コピー））","プロ（演出多め）"
"WEB-02282","美容クリニックのクリニック・医院サイト（ラグジュアリー・高級感・スクロール連動のストーリー）","上級"
"WEB-02283","クラウドファンディング・新商品の採用サイト（ナチュラル・オーガニック・散らばった写真コラージュ）","プロ（演出多め）"
"WEB-02284","音楽・ライブ・イベントのイベント・フェスサイト（ネオン・サイバー・全画面ループ動画）","プロ（演出多め）"
"WEB-02285","スマホアプリのブランドサイト（クール・テック・ローディング演出→ロゴ→メインビジュアル）","プロ（演出多め）"
"WEB-02286","YouTuber・インフルエンサーのイベント・フェスサイト（ポップ・カラフル・巨大コピー＋小さな写真）","プロ（演出多め）"
"WEB-02287","建築設計事務所のオウンドメディア・ブログ（エディトリアル・雑誌風・ローディング演出→ロゴ→メインビジュアル）","プロ（演出多め）"
"WEB-02288","農業・地方の生産者のコーポレートサイト（ミニマル・洗練・画面2分割（写真｜コピー））","プロ（演出多め）"
"WEB-02289","採用・求人のブランドサイト（信頼・誠実（コーポレート）・縦書きコピー＋余白）","プロ（演出多め）"
"WEB-02290","内科・クリニックのブランドサイト（ナチュラル・オーガニック・フェード/ズームのスライドショー）","プロ（演出多め）"
"WEB-02291","ホテル・旅館のオウンドメディア・ブログ（クール・テック・画面2分割（写真｜コピー））","プロ（演出多め）"
"WEB-02292","レストラン・居酒屋のサービスサイト（レトロ・Y2K・3Dオブジェクト/ジェネラティブ背景）","プロ（演出多め）"
"WEB-02293","保育園・幼児教育・習い事の採用サイト（グラスモーフィズム・散らばった写真コラージュ）","上級"
"WEB-02294","プログラミングスクールのサービスサイト（クール・テック・3Dオブジェクト/ジェネラティブ背景）","プロ（演出多め）"
"WEB-02295","食品・産直ECのサービスサイト（ハンドメイド・手書き・縦書きコピー＋余白）","プロ（演出多め）"
"WEB-02296","エステ・脱毛サロンのオウンドメディア・ブログ（パステル・ドリーミー・画面2分割（写真｜コピー））","プロ（演出多め）"
"WEB-02297","カフェ・ベーカリーのオウンドメディア・ブログ（ハンドメイド・手書き・画面2分割（写真｜コピー））","上級"
"WEB-02298","不動産・マンションのブランドサイト（ミニマル・洗練・縦書きコピー＋余白）","プロ（演出多め）"
"WEB-02299","SaaS・BtoBツールの採用サイト（かわいい・ガーリー・全画面ループ動画）","プロ（演出多め）"
"WEB-02300","不動産・マンションのサービスサイト（ジオメトリック・グラフィカル・散らばった写真コラージュ）","プロ（演出多め）"
"WEB-02301","カフェ・ベーカリーの採用サイト（ジオメトリック・グラフィカル・3Dオブジェクト/ジェネラティブ背景）","上級"
"WEB-02302","食品・産直ECのブランドサイト（和モダン・全画面ループ動画）","プロ（演出多め）"
"WEB-02303","士業（税理士・弁護士・行政書士）のオウンドメディア・ブログ（和モダン・縦書きコピー＋余白）","プロ（演出多め）"
"WEB-02304","工務店・注文住宅・リフォームのブランドサイト（ラグジュアリー・高級感・3Dオブジェクト/ジェネラティブ背景）","上級"
"WEB-02305","YouTuber・インフルエンサーのコーポレートサイト（ポップ・カラフル・縦書きコピー＋余白）","プロ（演出多め）"
"WEB-02306","金融・保険・投資の採用サイト（クール・テック・3Dオブジェクト/ジェネラティブ背景）","プロ（演出多め）"
"WEB-02307","引越し・生活サービスのオウンドメディア・ブログ（ポップ・カラフル・3Dオブジェクト/ジェネラティブ背景）","プロ（演出多め）"
"WEB-02308","和菓子・スイーツのサービスサイト（かわいい・ガーリー・フェード/ズームのスライドショー）","上級"
"WEB-02309","歯科医院のクリニック・医院サイト（信頼・誠実（コーポレート）・スクロール連動のストーリー）","上級"
"WEB-02310","スクール・オンライン講座のオウンドメディア・ブログ（クール・テック・ローディング演出→ロゴ→メインビジュアル）","上級"
"WEB-02311","プログラミングスクールのスクール・教室サイト（3D・クレイ・全画面ループ動画）","プロ（演出多め）"
"WEB-02312","引越し・生活サービスのブランドサイト（3D・クレイ・フェード/ズームのスライドショー）","プロ（演出多め）"
"WEB-02313","歯科医院の採用サイト（ミニマル・洗練・縦書きコピー＋余白）","上級"
"WEB-02314","エステ・脱毛サロンのサービスサイト（ミニマル・洗練・ローディング演出→ロゴ→メインビジュアル）","上級"
"WEB-02315","農業・地方の生産者の採用サイト（ナチュラル・オーガニック・フェード/ズームのスライドショー）","プロ（演出多め）"
"WEB-02316","SaaS・BtoBツールのブランドサイト（北欧・ライフスタイル・巨大コピー＋小さな写真）","上級"
"WEB-02317","和菓子・スイーツのサービスサイト（和モダン・全画面ループ動画）","プロ（演出多め）"
"WEB-02318","SaaS・BtoBツールのサービスサイト（クール・テック・3Dオブジェクト/ジェネラティブ背景）","プロ（演出多め）"
"WEB-02319","スマホアプリのブランドサイト（3D・クレイ・フェード/ズームのスライドショー）","プロ（演出多め）"
"WEB-02320","NPO・地方自治体の採用サイト（ナチュラル・オーガニック・ローディング演出→ロゴ→メインビジュアル）","上級"
"WEB-02321","AIサービス・スタートアップの採用サイト（3D・クレイ・スクロール連動のストーリー）","プロ（演出多め）"
"WEB-02322","観光・地域プロモーションのブランドサイト（ナチュラル・オーガニック・全画面ループ動画）","上級"
"WEB-02323","カフェ・ベーカリーの店舗サイト（飲食・美容・サロン）（ハンドメイド・手書き・縦書きコピー＋余白）","上級"
"WEB-02324","レストラン・居酒屋のコーポレートサイト（和モダン・スクロール連動のストーリー）","プロ（演出多め）"
"WEB-02325","プログラミングスクールのコーポレートサイト（ネオン・サイバー・スクロール連動のストーリー）","プロ（演出多め）"
"WEB-02326","和菓子・スイーツのコーポレートサイト（和モダン・散らばった写真コラージュ）","プロ（演出多め）"
"WEB-02327","金融・保険・投資のブランドサイト（信頼・誠実（コーポレート）・散らばった写真コラージュ）","プロ（演出多め）"
"WEB-02328","不動産・マンションのオウンドメディア・ブログ（信頼・誠実（コーポレート）・ローディング演出→ロゴ→メインビジュアル）","プロ（演出多め）"
"WEB-02329","アパレル・ファッションECの採用サイト（レトロ・Y2K・フェード/ズームのスライドショー）","プロ（演出多め）"
"WEB-02330","プログラミングスクールのスクール・教室サイト（ポップ・カラフル・巨大コピー＋小さな写真）","プロ（演出多め）"
"WEB-02331","エステ・脱毛サロンの店舗サイト（飲食・美容・サロン）（ラグジュアリー・高級感・画面2分割（写真｜コピー））","上級"
"WEB-02332","カフェ・ベーカリーのサービスサイト（エディトリアル・雑誌風・スクロール連動のストーリー）","上級"
"WEB-02333","レストラン・居酒屋の店舗サイト（飲食・美容・サロン）（ラグジュアリー・高級感・散らばった写真コラージュ）","プロ（演出多め）"
"WEB-02334","AIサービス・スタートアップのサービスサイト（ネオン・サイバー・ローディング演出→ロゴ→メインビジュアル）","プロ（演出多め）"
"WEB-02335","クラウドファンディング・新商品のコーポレートサイト（ダーク・シネマティック・全画面ループ動画）","上級"
"WEB-02336","ゲーム・eスポーツのコーポレートサイト（ダーク・シネマティック・縦書きコピー＋余白）","上級"
"WEB-02337","和菓子・スイーツのECサイト（ナチュラル・オーガニック・全画面ループ動画）","上級"
"WEB-02338","パーソナルジム・フィットネスのサービスサイト（エネルギッシュ・スポーティ・フェード/ズームのスライドショー）","プロ（演出多め）"
"WEB-02339","SaaS・BtoBツールのコーポレートサイト（ミニマル・洗練・ローディング演出→ロゴ→メインビジュアル）","プロ（演出多め）"
"WEB-02340","AIサービス・スタートアップのオウンドメディア・ブログ（3D・クレイ・全画面ループ動画）","プロ（演出多め）"
"WEB-02341","NPO・地方自治体のオウンドメディア・ブログ（和モダン・巨大コピー＋小さな写真）","プロ（演出多め）"
"WEB-02342","ウェディング・結婚相談所のオウンドメディア・ブログ（ミニマル・洗練・散らばった写真コラージュ）","プロ（演出多め）"
"WEB-02343","プログラミングスクールのサービスサイト（ポップ・カラフル・画面2分割（写真｜コピー））","プロ（演出多め）"
"WEB-02344","コスメ・スキンケアのサービスサイト（グラスモーフィズム・3Dオブジェクト/ジェネラティブ背景）","プロ（演出多め）"
"WEB-02345","エステ・脱毛サロンのブランドサイト（ラグジュアリー・高級感・巨大コピー＋小さな写真）","プロ（演出多め）"
"WEB-02346","ウェディング・結婚相談所のオウンドメディア・ブログ（かわいい・ガーリー・ローディング演出→ロゴ→メインビジュアル）","プロ（演出多め）"
"WEB-02347","スマホアプリのブランドサイト（ポップ・カラフル・巨大コピー＋小さな写真）","上級"
"WEB-02348","工務店・注文住宅・リフォームのブランドサイト（北欧・ライフスタイル・全画面ループ動画）","上級"
"WEB-02349","保育園・幼児教育・習い事のコーポレートサイト（かわいい・ガーリー・縦書きコピー＋余白）","プロ（演出多め）"
"WEB-02350","ペット・トリミング・動物病院のブランドサイト（ハンドメイド・手書き・画面2分割（写真｜コピー））","プロ（演出多め）"
"WEB-02351","保育園・幼児教育・習い事の採用サイト（かわいい・ガーリー・全画面ループ動画）","プロ（演出多め）"
"WEB-02352","工務店・注文住宅・リフォームのコーポレートサイト（3D・クレイ・画面2分割（写真｜コピー））","プロ（演出多め）"
"WEB-02353","Web制作・デザイン事務所のサービスサイト（エディトリアル・雑誌風・散らばった写真コラージュ）","プロ（演出多め）"
"WEB-02354","工務店・注文住宅・リフォームのサービスサイト（ミニマル・洗練・ローディング演出→ロゴ→メインビジュアル）","プロ（演出多め）"
"WEB-02355","スマホアプリのコーポレートサイト（ハンドメイド・手書き・散らばった写真コラージュ）","上級"
"WEB-02356","観光・地域プロモーションのイベント・フェスサイト（和モダン・縦書きコピー＋余白）","プロ（演出多め）"
"WEB-02357","ヨガ・ピラティスのブランドサイト（ナチュラル・オーガニック・縦書きコピー＋余白）","プロ（演出多め）"
"WEB-02358","レストラン・居酒屋の店舗サイト（飲食・美容・サロン）（エディトリアル・雑誌風・縦書きコピー＋余白）","プロ（演出多め）"
"WEB-02359","コスメ・スキンケアの採用サイト（ラグジュアリー・高級感・散らばった写真コラージュ）","プロ（演出多め）"
"WEB-02360","クラウドファンディング・新商品のコーポレートサイト（クール・テック・フェード/ズームのスライドショー）","プロ（演出多め）"
"WEB-02361","パーソナルジム・フィットネスのオウンドメディア・ブログ（ダーク・シネマティック・縦書きコピー＋余白）","プロ（演出多め）"
"WEB-02362","アパレル・ファッションECのコーポレートサイト（エディトリアル・雑誌風・フェード/ズームのスライドショー）","プロ（演出多め）"
"WEB-02363","アパレル・ファッションECのコーポレートサイト（ミニマル・洗練・ローディング演出→ロゴ→メインビジュアル）","プロ（演出多め）"
"WEB-02364","農業・地方の生産者のブランドサイト（和モダン・ローディング演出→ロゴ→メインビジュアル）","上級"
"WEB-02365","美容室・ヘアサロンの店舗サイト（飲食・美容・サロン）（エディトリアル・雑誌風・巨大コピー＋小さな写真）","プロ（演出多め）"
"WEB-02366","観光・地域プロモーションのイベント・フェスサイト（和モダン・ローディング演出→ロゴ→メインビジュアル）","上級"
"WEB-02367","アパレル・ファッションECのECサイト（和モダン・散らばった写真コラージュ）","上級"
"WEB-02368","パーソナルジム・フィットネスのコーポレートサイト（クール・テック・巨大コピー＋小さな写真）","プロ（演出多め）"
"WEB-02369","採用・求人のサービスサイト（ジオメトリック・グラフィカル・画面2分割（写真｜コピー））","プロ（演出多め）"
"WEB-02370","エステ・脱毛サロンのサービスサイト（かわいい・ガーリー・散らばった写真コラージュ）","プロ（演出多め）"
"WEB-02371","音楽・ライブ・イベントのブランドサイト（ネオン・サイバー・全画面ループ動画）","プロ（演出多め）"
"WEB-02372","パーソナルジム・フィットネスの採用サイト（ミニマル・洗練・3Dオブジェクト/ジェネラティブ背景）","プロ（演出多め）"
"WEB-02373","レストラン・居酒屋のブランドサイト（信頼・誠実（コーポレート）・画面2分割（写真｜コピー））","プロ（演出多め）"
"WEB-02374","Web制作・デザイン事務所のポートフォリオ（個人/事務所）（ジオメトリック・グラフィカル・散らばった写真コラージュ）","プロ（演出多め）"
"WEB-02375","美容クリニックのサービスサイト（ミニマル・洗練・画面2分割（写真｜コピー））","プロ（演出多め）"
"WEB-02376","SaaS・BtoBツールの採用サイト（ミニマル・洗練・ローディング演出→ロゴ→メインビジュアル）","プロ（演出多め）"
"WEB-02377","レストラン・居酒屋のブランドサイト（エディトリアル・雑誌風・フェード/ズームのスライドショー）","上級"
"WEB-02378","不動産・マンションのブランドサイト（ミニマル・洗練・全画面ループ動画）","上級"
"WEB-02379","Web制作・デザイン事務所の採用サイト（和モダン・ローディング演出→ロゴ→メインビジュアル）","上級"
"WEB-02380","NPO・地方自治体のコーポレートサイト（ナチュラル・オーガニック・全画面ループ動画）","上級"
"WEB-02381","美容クリニックのサービスサイト（エディトリアル・雑誌風・巨大コピー＋小さな写真）","プロ（演出多め）"
"WEB-02382","パーソナルジム・フィットネスのコーポレートサイト（ダーク・シネマティック・散らばった写真コラージュ）","プロ（演出多め）"
"WEB-02383","不動産・マンションの採用サイト（ラグジュアリー・高級感・縦書きコピー＋余白）","プロ（演出多め）"
"WEB-02384","英会話・語学の採用サイト（北欧・ライフスタイル・画面2分割（写真｜コピー））","上級"
"WEB-02385","エステ・脱毛サロンの採用サイト（かわいい・ガーリー・画面2分割（写真｜コピー））","プロ（演出多め）"
"WEB-02386","スマホアプリのオウンドメディア・ブログ（3D・クレイ・縦書きコピー＋余白）","上級"
"WEB-02387","エステ・脱毛サロンのコーポレートサイト（パステル・ドリーミー・全画面ループ動画）","プロ（演出多め）"
"WEB-02388","占い・スピリチュアルのコーポレートサイト（エネルギッシュ・スポーティ・フェード/ズームのスライドショー）","上級"
"WEB-02389","AIサービス・スタートアップのサービスサイト（ミニマル・洗練・散らばった写真コラージュ）","上級"
"WEB-02390","観光・地域プロモーションのコーポレートサイト（ハンドメイド・手書き・全画面ループ動画）","プロ（演出多め）"
"WEB-02391","農業・地方の生産者の自治体・観光協会サイト（ハンドメイド・手書き・フェード/ズームのスライドショー）","上級"
"WEB-02392","観光・地域プロモーションのオウンドメディア・ブログ（ナチュラル・オーガニック・巨大コピー＋小さな写真）","プロ（演出多め）"
"WEB-02393","英会話・語学のオウンドメディア・ブログ（信頼・誠実（コーポレート）・巨大コピー＋小さな写真）","プロ（演出多め）"
"WEB-02394","YouTuber・インフルエンサーのポートフォリオ（個人/事務所）（ネオン・サイバー・ローディング演出→ロゴ→メインビジュアル）","プロ（演出多め）"
"WEB-02395","NPO・地方自治体のコーポレートサイト（ラグジュアリー・高級感・巨大コピー＋小さな写真）","上級"
"WEB-02396","英会話・語学のオウンドメディア・ブログ（ジオメトリック・グラフィカル・スクロール連動のストーリー）","プロ（演出多め）"
"WEB-02397","ホテル・旅館のサービスサイト（ミニマル・洗練・散らばった写真コラージュ）","プロ（演出多め）"
"WEB-02398","YouTuber・インフルエンサーのブランドサイト（エネルギッシュ・スポーティ・全画面ループ動画）","プロ（演出多め）"
"WEB-02399","金融・保険・投資の採用サイト（信頼・誠実（コーポレート）・縦書きコピー＋余白）","プロ（演出多め）"
"WEB-02400","美容クリニックの店舗サイト（飲食・美容・サロン）（クール・テック・全画面ループ動画）","上級"
"WEB-02401","和菓子・スイーツのサービスサイト（ナチュラル・オーガニック・縦書きコピー＋余白）","プロ（演出多め）"
"WEB-02402","引越し・生活サービスのブランドサイト（3D・クレイ・3Dオブジェクト/ジェネラティブ背景）","上級"
"WEB-02403","ヨガ・ピラティスのブランドサイト（北欧・ライフスタイル・散らばった写真コラージュ）","上級"
"WEB-02404","NPO・地方自治体のブランドサイト（ナチュラル・オーガニック・散らばった写真コラージュ）","プロ（演出多め）"
"WEB-02405","引越し・生活サービスの採用サイト（3D・クレイ・巨大コピー＋小さな写真）","上級"
"WEB-02406","歯科医院の採用サイト（信頼・誠実（コーポレート）・スクロール連動のストーリー）","プロ（演出多め）"
"WEB-02407","引越し・生活サービスのブランドサイト（信頼・誠実（コーポレート）・巨大コピー＋小さな写真）","プロ（演出多め）"
"WEB-02408","英会話・語学の採用サイト（ネオン・サイバー・画面2分割（写真｜コピー））","上級"
"WEB-02409","ヨガ・ピラティスのコーポレートサイト（エネルギッシュ・スポーティ・全画面ループ動画）","上級"
"WEB-02410","農業・地方の生産者のブランドサイト（ナチュラル・オーガニック・3Dオブジェクト/ジェネラティブ背景）","プロ（演出多め）"
"WEB-02411","保育園・幼児教育・習い事のサービスサイト（かわいい・ガーリー・3Dオブジェクト/ジェネラティブ背景）","上級"
"WEB-02412","AIサービス・スタートアップのオウンドメディア・ブログ（ミニマル・洗練・縦書きコピー＋余白）","プロ（演出多め）"
"WEB-02413","美容室・ヘアサロンのコーポレートサイト（エディトリアル・雑誌風・フェード/ズームのスライドショー）","上級"
"WEB-02414","AIサービス・スタートアップの採用サイト（ネオン・サイバー・散らばった写真コラージュ）","プロ（演出多め）"
"WEB-02415","NPO・地方自治体のブランドサイト（ジオメトリック・グラフィカル・スクロール連動のストーリー）","プロ（演出多め）"
"WEB-02416","歯科医院のオウンドメディア・ブログ（ミニマル・洗練・3Dオブジェクト/ジェネラティブ背景）","上級"
"WEB-02417","占い・スピリチュアルのオウンドメディア・ブログ（パステル・ドリーミー・画面2分割（写真｜コピー））","上級"
"WEB-02418","SaaS・BtoBツールの採用サイト（グラスモーフィズム・3Dオブジェクト/ジェネラティブ背景）","上級"
"WEB-02419","美容室・ヘアサロンのポートフォリオ（個人/事務所）（ラグジュアリー・高級感・スクロール連動のストーリー）","プロ（演出多め）"
"WEB-02420","ヨガ・ピラティスの採用サイト（ハンドメイド・手書き・フェード/ズームのスライドショー）","プロ（演出多め）"
"WEB-02421","ホテル・旅館のコーポレートサイト（和モダン・フェード/ズームのスライドショー）","プロ（演出多め）"
"WEB-02422","パーソナルジム・フィットネスのオウンドメディア・ブログ（エネルギッシュ・スポーティ・3Dオブジェクト/ジェネラティブ背景）","プロ（演出多め）"
"WEB-02423","不動産・マンションのコーポレートサイト（エディトリアル・雑誌風・ローディング演出→ロゴ→メインビジュアル）","上級"
"WEB-02424","カフェ・ベーカリーのオウンドメディア・ブログ（北欧・ライフスタイル・巨大コピー＋小さな写真）","上級"
"WEB-02425","カフェ・ベーカリーのブランドサイト（ミニマル・洗練・スクロール連動のストーリー）","プロ（演出多め）"
"WEB-02426","クラウドファンディング・新商品のECサイト（ニューブルータリズム・巨大コピー＋小さな写真）","プロ（演出多め）"
"WEB-02427","パーソナルジム・フィットネスの店舗サイト（飲食・美容・サロン）（ダーク・シネマティック・スクロール連動のストーリー）","プロ（演出多め）"
"WEB-02428","内科・クリニックのコーポレートサイト（信頼・誠実（コーポレート）・散らばった写真コラージュ）","上級"
"WEB-02429","歯科医院のブランドサイト（信頼・誠実（コーポレート）・スクロール連動のストーリー）","プロ（演出多め）"
"WEB-02430","ヨガ・ピラティスのスクール・教室サイト（ミニマル・洗練・巨大コピー＋小さな写真）","プロ（演出多め）"
"WEB-02431","採用・求人のブランドサイト（信頼・誠実（コーポレート）・散らばった写真コラージュ）","上級"
"WEB-02432","コンサル・コーチングのサービスサイト（ミニマル・洗練・縦書きコピー＋余白）","プロ（演出多め）"
"WEB-02433","アパレル・ファッションECのブランドサイト（ニューブルータリズム・巨大コピー＋小さな写真）","プロ（演出多め）"
"WEB-02434","金融・保険・投資のコーポレートサイト（信頼・誠実（コーポレート）・スクロール連動のストーリー）","プロ（演出多め）"
"WEB-02435","英会話・語学のブランドサイト（ポップ・カラフル・散らばった写真コラージュ）","上級"
"WEB-02436","不動産・マンションのブランドサイト（信頼・誠実（コーポレート）・フェード/ズームのスライドショー）","上級"
"WEB-02437","音楽・ライブ・イベントのサービスサイト（ネオン・サイバー・巨大コピー＋小さな写真）","プロ（演出多め）"
"WEB-02438","士業（税理士・弁護士・行政書士）の採用サイト（信頼・誠実（コーポレート）・縦書きコピー＋余白）","上級"
"WEB-02439","英会話・語学のサービスサイト（ジオメトリック・グラフィカル・縦書きコピー＋余白）","プロ（演出多め）"
"WEB-02440","SaaS・BtoBツールのサービスサイト（グラスモーフィズム・縦書きコピー＋余白）","プロ（演出多め）"
"WEB-02441","SaaS・BtoBツールのオウンドメディア・ブログ（クール・テック・全画面ループ動画）","プロ（演出多め）"
"WEB-02442","NPO・地方自治体のイベント・フェスサイト（かわいい・ガーリー・全画面ループ動画）","プロ（演出多め）"
"WEB-02443","工務店・注文住宅・リフォームの採用サイト（信頼・誠実（コーポレート）・縦書きコピー＋余白）","プロ（演出多め）"
"WEB-02444","Web制作・デザイン事務所のサービスサイト（クール・テック・巨大コピー＋小さな写真）","プロ（演出多め）"
"WEB-02445","士業（税理士・弁護士・行政書士）のサービスサイト（パステル・ドリーミー・ローディング演出→ロゴ→メインビジュアル）","上級"
"WEB-02446","ウェディング・結婚相談所のコーポレートサイト（ミニマル・洗練・散らばった写真コラージュ）","上級"
"WEB-02447","コンサル・コーチングのサービスサイト（ラグジュアリー・高級感・フェード/ズームのスライドショー）","プロ（演出多め）"
"WEB-02448","NPO・地方自治体のサービスサイト（ナチュラル・オーガニック・散らばった写真コラージュ）","プロ（演出多め）"
"WEB-02449","英会話・語学のオウンドメディア・ブログ（ポップ・カラフル・巨大コピー＋小さな写真）","上級"
"WEB-02450","サウナ・温浴施設の採用サイト（レトロ・Y2K・全画面ループ動画）","プロ（演出多め）"
"WEB-02451","和菓子・スイーツのオウンドメディア・ブログ（ナチュラル・オーガニック・スクロール連動のストーリー）","上級"
"WEB-02452","ゲーム・eスポーツのサービスサイト（エネルギッシュ・スポーティ・散らばった写真コラージュ）","上級"
"WEB-02453","コンサル・コーチングのコーポレートサイト（エディトリアル・雑誌風・縦書きコピー＋余白）","上級"
"WEB-02454","NPO・地方自治体のコーポレートサイト（ハンドメイド・手書き・巨大コピー＋小さな写真）","上級"
"WEB-02455","採用・求人のコーポレートサイト（信頼・誠実（コーポレート）・散らばった写真コラージュ）","上級"
"WEB-02456","観光・地域プロモーションの自治体・観光協会サイト（ハンドメイド・手書き・ローディング演出→ロゴ→メインビジュアル）","プロ（演出多め）"
"WEB-02457","コスメ・スキンケアのブランドサイト（グラスモーフィズム・散らばった写真コラージュ）","プロ（演出多め）"
"WEB-02458","美容クリニックのオウンドメディア・ブログ（信頼・誠実（コーポレート）・巨大コピー＋小さな写真）","プロ（演出多め）"
"WEB-02459","食品・産直ECのオウンドメディア・ブログ（ハンドメイド・手書き・ローディング演出→ロゴ→メインビジュアル）","上級"
"WEB-02460","採用・求人のブランドサイト（エネルギッシュ・スポーティ・フェード/ズームのスライドショー）","上級"
"WEB-02461","ペット・トリミング・動物病院の採用サイト（ナチュラル・オーガニック・フェード/ズームのスライドショー）","上級"
"WEB-02462","ホテル・旅館のサービスサイト（和モダン・全画面ループ動画）","上級"
"WEB-02463","コスメ・スキンケアのサービスサイト（グラスモーフィズム・ローディング演出→ロゴ→メインビジュアル）","上級"
"WEB-02464","ホテル・旅館のオウンドメディア・ブログ（ダーク・シネマティック・3Dオブジェクト/ジェネラティブ背景）","プロ（演出多め）"
"WEB-02465","農業・地方の生産者のオウンドメディア・ブログ（和モダン・画面2分割（写真｜コピー））","プロ（演出多め）"
"WEB-02466","プログラミングスクールのブランドサイト（クール・テック・巨大コピー＋小さな写真）","上級"
"WEB-02467","美容室・ヘアサロンのポートフォリオ（個人/事務所）（北欧・ライフスタイル・フェード/ズームのスライドショー）","上級"
"WEB-02468","採用・求人のオウンドメディア・ブログ（信頼・誠実（コーポレート）・縦書きコピー＋余白）","上級"
"WEB-02469","ホテル・旅館のブランドサイト（和モダン・3Dオブジェクト/ジェネラティブ背景）","上級"
"WEB-02470","AIサービス・スタートアップのオウンドメディア・ブログ（北欧・ライフスタイル・スクロール連動のストーリー）","プロ（演出多め）"
"WEB-02471","採用・求人の採用サイト（エネルギッシュ・スポーティ・ローディング演出→ロゴ→メインビジュアル）","プロ（演出多め）"
"WEB-02472","ホテル・旅館のホテル・旅館サイト（ダーク・シネマティック・全画面ループ動画）","プロ（演出多め）"
"WEB-02473","不動産・マンションのブランドサイト（ミニマル・洗練・スクロール連動のストーリー）","プロ（演出多め）"
"WEB-02474","エステ・脱毛サロンの店舗サイト（飲食・美容・サロン）（レトロ・Y2K・フェード/ズームのスライドショー）","プロ（演出多め）"
"WEB-02475","ウェディング・結婚相談所のサービスサイト（ハンドメイド・手書き・縦書きコピー＋余白）","プロ（演出多め）"
"WEB-02476","カフェ・ベーカリーのブランドサイト（エディトリアル・雑誌風・ローディング演出→ロゴ→メインビジュアル）","上級"
"WEB-02477","食品・産直ECのサービスサイト（和モダン・縦書きコピー＋余白）","プロ（演出多め）"
"WEB-02478","カフェ・ベーカリーのブランドサイト（ナチュラル・オーガニック・巨大コピー＋小さな写真）","プロ（演出多め）"
"WEB-02479","ゲーム・eスポーツのコーポレートサイト（ダーク・シネマティック・ローディング演出→ロゴ→メインビジュアル）","プロ（演出多め）"
"WEB-02480","ヨガ・ピラティスのオウンドメディア・ブログ（ダーク・シネマティック・3Dオブジェクト/ジェネラティブ背景）","上級"
"WEB-02481","コンサル・コーチングのコーポレートサイト（エディトリアル・雑誌風・3Dオブジェクト/ジェネラティブ背景）","プロ（演出多め）"
"WEB-02482","サウナ・温浴施設のブランドサイト（ナチュラル・オーガニック・フェード/ズームのスライドショー）","上級"
"WEB-02483","士業（税理士・弁護士・行政書士）のコーポレートサイト（信頼・誠実（コーポレート）・巨大コピー＋小さな写真）","上級"
"WEB-02484","コンサル・コーチングのブランドサイト（ジオメトリック・グラフィカル・3Dオブジェクト/ジェネラティブ背景）","プロ（演出多め）"
"WEB-02485","自動車・バイクのオウンドメディア・ブログ（ラグジュアリー・高級感・散らばった写真コラージュ）","プロ（演出多め）"
"WEB-02486","ウェディング・結婚相談所の採用サイト（パステル・ドリーミー・巨大コピー＋小さな写真）","プロ（演出多め）"
"WEB-02487","工務店・注文住宅・リフォームのブランドサイト（ミニマル・洗練・巨大コピー＋小さな写真）","上級"
"WEB-02488","和菓子・スイーツのコーポレートサイト（ナチュラル・オーガニック・散らばった写真コラージュ）","プロ（演出多め）"
"WEB-02489","美容室・ヘアサロンのサービスサイト（ラグジュアリー・高級感・3Dオブジェクト/ジェネラティブ背景）","上級"
"WEB-02490","サウナ・温浴施設のブランドサイト（ナチュラル・オーガニック・3Dオブジェクト/ジェネラティブ背景）","上級"
"WEB-02491","士業（税理士・弁護士・行政書士）のブランドサイト（和モダン・フェード/ズームのスライドショー）","プロ（演出多め）"
"WEB-02492","サウナ・温浴施設の店舗サイト（飲食・美容・サロン）（レトロ・Y2K・3Dオブジェクト/ジェネラティブ背景）","プロ（演出多め）"
"WEB-02493","食品・産直ECのオウンドメディア・ブログ（ナチュラル・オーガニック・スクロール連動のストーリー）","プロ（演出多め）"
"WEB-02494","ホテル・旅館の採用サイト（ミニマル・洗練・画面2分割（写真｜コピー））","プロ（演出多め）"
"WEB-02495","食品・産直ECのブランドサイト（ナチュラル・オーガニック・3Dオブジェクト/ジェネラティブ背景）","上級"
"WEB-02496","和菓子・スイーツのECサイト（パステル・ドリーミー・散らばった写真コラージュ）","プロ（演出多め）"
"WEB-02497","採用・求人のブランドサイト（信頼・誠実（コーポレート）・3Dオブジェクト/ジェネラティブ背景）","プロ（演出多め）"
"WEB-02498","金融・保険・投資のサービスサイト（信頼・誠実（コーポレート）・縦書きコピー＋余白）","上級"
"WEB-02499","歯科医院の採用サイト（信頼・誠実（コーポレート）・画面2分割（写真｜コピー））","上級"
"WEB-02500","スマホアプリのコーポレートサイト（ハンドメイド・手書き・ローディング演出→ロゴ→メインビジュアル）","プロ（演出多め）"
"WEB-02501","食品・産直ECのオウンドメディア・ブログ（ハンドメイド・手書き・フェード/ズームのスライドショー）","プロ（演出多め）"
"WEB-02502","保育園・幼児教育・習い事のオウンドメディア・ブログ（ハンドメイド・手書き・巨大コピー＋小さな写真）","上級"
"WEB-02503","観光・地域プロモーションの採用サイト（ナチュラル・オーガニック・全画面ループ動画）","プロ（演出多め）"
"WEB-02504","ゲーム・eスポーツのブランドサイト（ダーク・シネマティック・全画面ループ動画）","プロ（演出多め）"
"WEB-02505","金融・保険・投資のブランドサイト（ミニマル・洗練・全画面ループ動画）","プロ（演出多め）"
"WEB-02506","工務店・注文住宅・リフォームのサービスサイト（ミニマル・洗練・巨大コピー＋小さな写真）","プロ（演出多め）"
"WEB-02507","金融・保険・投資のオウンドメディア・ブログ（クール・テック・3Dオブジェクト/ジェネラティブ背景）","上級"
"WEB-02508","スクール・オンライン講座のブランドサイト（ナチュラル・オーガニック・巨大コピー＋小さな写真）","プロ（演出多め）"
"WEB-02509","自動車・バイクのオウンドメディア・ブログ（ラグジュアリー・高級感・全画面ループ動画）","プロ（演出多め）"
"WEB-02510","NPO・地方自治体の採用サイト（ジオメトリック・グラフィカル・3Dオブジェクト/ジェネラティブ背景）","上級"
"WEB-02511","SaaS・BtoBツールのオウンドメディア・ブログ（3D・クレイ・3Dオブジェクト/ジェネラティブ背景）","プロ（演出多め）"
"WEB-02512","採用・求人のオウンドメディア・ブログ（信頼・誠実（コーポレート）・ローディング演出→ロゴ→メインビジュアル）","プロ（演出多め）"
"WEB-02513","歯科医院のオウンドメディア・ブログ（信頼・誠実（コーポレート）・ローディング演出→ロゴ→メインビジュアル）","プロ（演出多め）"
"WEB-02514","サウナ・温浴施設のオウンドメディア・ブログ（ナチュラル・オーガニック・3Dオブジェクト/ジェネラティブ背景）","プロ（演出多め）"
"WEB-02515","YouTuber・インフルエンサーのコーポレートサイト（ニューブルータリズム・散らばった写真コラージュ）","上級"
"WEB-02516","アパレル・ファッションECのブランドサイト（レトロ・Y2K・ローディング演出→ロゴ→メインビジュアル）","プロ（演出多め）"
"WEB-02517","士業（税理士・弁護士・行政書士）のサービスサイト（ミニマル・洗練・巨大コピー＋小さな写真）","上級"
"WEB-02518","ヨガ・ピラティスの採用サイト（ナチュラル・オーガニック・巨大コピー＋小さな写真）","プロ（演出多め）"
"WEB-02519","自動車・バイクのオウンドメディア・ブログ（ダーク・シネマティック・画面2分割（写真｜コピー））","上級"
"WEB-02520","自動車・バイクのサービスサイト（ミニマル・洗練・ローディング演出→ロゴ→メインビジュアル）","プロ（演出多め）"
"WEB-02521","ゲーム・eスポーツの採用サイト（エネルギッシュ・スポーティ・フェード/ズームのスライドショー）","プロ（演出多め）"
"WEB-02522","金融・保険・投資のオウンドメディア・ブログ（信頼・誠実（コーポレート）・巨大コピー＋小さな写真）","プロ（演出多め）"
"WEB-02523","歯科医院の採用サイト（信頼・誠実（コーポレート）・散らばった写真コラージュ）","プロ（演出多め）"
"WEB-02524","スクール・オンライン講座のブランドサイト（レトロ・Y2K・巨大コピー＋小さな写真）","プロ（演出多め）"
"WEB-02525","採用・求人のオウンドメディア・ブログ（信頼・誠実（コーポレート）・縦書きコピー＋余白）","上級"
"WEB-02526","引越し・生活サービスのオウンドメディア・ブログ（ポップ・カラフル・散らばった写真コラージュ）","プロ（演出多め）"
"WEB-02527","士業（税理士・弁護士・行政書士）のサービスサイト（信頼・誠実（コーポレート）・散らばった写真コラージュ）","プロ（演出多め）"
"WEB-02528","コンサル・コーチングのコーポレートサイト（エディトリアル・雑誌風・散らばった写真コラージュ）","プロ（演出多め）"
"WEB-02529","ホテル・旅館の採用サイト（ハンドメイド・手書き・全画面ループ動画）","プロ（演出多め）"
"WEB-02530","自動車・バイクのコーポレートサイト（クール・テック・巨大コピー＋小さな写真）","プロ（演出多め）"
"WEB-02531","食品・産直ECのECサイト（和モダン・3Dオブジェクト/ジェネラティブ背景）","プロ（演出多め）"
"WEB-02532","YouTuber・インフルエンサーのイベント・フェスサイト（ネオン・サイバー・散らばった写真コラージュ）","プロ（演出多め）"
"WEB-02533","YouTuber・インフルエンサーのオウンドメディア・ブログ（かわいい・ガーリー・縦書きコピー＋余白）","プロ（演出多め）"
"WEB-02534","Web制作・デザイン事務所の採用サイト（ニューブルータリズム・画面2分割（写真｜コピー））","上級"
"WEB-02535","建築設計事務所のブランドサイト（ハンドメイド・手書き・ローディング演出→ロゴ→メインビジュアル）","プロ（演出多め）"
"WEB-02536","不動産・マンションのコーポレートサイト（ミニマル・洗練・縦書きコピー＋余白）","プロ（演出多め）"
"WEB-02537","パーソナルジム・フィットネスのコーポレートサイト（エネルギッシュ・スポーティ・巨大コピー＋小さな写真）","プロ（演出多め）"
"WEB-02538","サウナ・温浴施設の店舗サイト（飲食・美容・サロン）（ナチュラル・オーガニック・散らばった写真コラージュ）","プロ（演出多め）"
"WEB-02539","農業・地方の生産者のサービスサイト（ナチュラル・オーガニック・3Dオブジェクト/ジェネラティブ背景）","上級"
"WEB-02540","パーソナルジム・フィットネスのオウンドメディア・ブログ（ダーク・シネマティック・巨大コピー＋小さな写真）","上級"
"WEB-02541","農業・地方の生産者のサービスサイト（和モダン・3Dオブジェクト/ジェネラティブ背景）","上級"
"WEB-02542","ホテル・旅館のサービスサイト（ラグジュアリー・高級感・縦書きコピー＋余白）","上級"
"WEB-02543","コスメ・スキンケアの採用サイト（クール・テック・縦書きコピー＋余白）","プロ（演出多め）"
"WEB-02544","Web制作・デザイン事務所のブランドサイト（ニューブルータリズム・縦書きコピー＋余白）","プロ（演出多め）"
"WEB-02545","AIサービス・スタートアップの採用サイト（ネオン・サイバー・全画面ループ動画）","上級"
"WEB-02546","農業・地方の生産者のサービスサイト（ポップ・カラフル・スクロール連動のストーリー）","上級"
"WEB-02547","内科・クリニックのオウンドメディア・ブログ（信頼・誠実（コーポレート）・散らばった写真コラージュ）","プロ（演出多め）"
"WEB-02548","SaaS・BtoBツールのサービスサイト（ミニマル・洗練・スクロール連動のストーリー）","プロ（演出多め）"
"WEB-02549","金融・保険・投資のサービスサイト（ミニマル・洗練・画面2分割（写真｜コピー））","プロ（演出多め）"
"WEB-02550","占い・スピリチュアルのサービスサイト（ダーク・シネマティック・巨大コピー＋小さな写真）","上級"
"WEB-02551","ホテル・旅館のオウンドメディア・ブログ（ミニマル・洗練・散らばった写真コラージュ）","プロ（演出多め）"
"WEB-02552","NPO・地方自治体のブランドサイト（信頼・誠実（コーポレート）・全画面ループ動画）","プロ（演出多め）"
"WEB-02553","不動産・マンションのオウンドメディア・ブログ（ダーク・シネマティック・散らばった写真コラージュ）","プロ（演出多め）"
"WEB-02554","ゲーム・eスポーツの採用サイト（レトロ・Y2K・フェード/ズームのスライドショー）","プロ（演出多め）"
"WEB-02555","NPO・地方自治体の採用サイト（ナチュラル・オーガニック・全画面ループ動画）","プロ（演出多め）"
"WEB-02556","Web制作・デザイン事務所のサービスサイト（エディトリアル・雑誌風・巨大コピー＋小さな写真）","プロ（演出多め）"
"WEB-02557","食品・産直ECのサービスサイト（和モダン・画面2分割（写真｜コピー））","上級"
"WEB-02558","不動産・マンションのオウンドメディア・ブログ（ラグジュアリー・高級感・画面2分割（写真｜コピー））","上級"
"WEB-02559","和菓子・スイーツのサービスサイト（ナチュラル・オーガニック・縦書きコピー＋余白）","プロ（演出多め）"
"WEB-02560","コンサル・コーチングのブランドサイト（ラグジュアリー・高級感・3Dオブジェクト/ジェネラティブ背景）","プロ（演出多め）"
"WEB-02561","和菓子・スイーツのECサイト（ナチュラル・オーガニック・縦書きコピー＋余白）","上級"
"WEB-02562","建築設計事務所のオウンドメディア・ブログ（ジオメトリック・グラフィカル・縦書きコピー＋余白）","プロ（演出多め）"
"WEB-02563","エステ・脱毛サロンの店舗サイト（飲食・美容・サロン）（かわいい・ガーリー・散らばった写真コラージュ）","プロ（演出多め）"
"WEB-02564","アパレル・ファッションECのブランドサイト（かわいい・ガーリー・フェード/ズームのスライドショー）","プロ（演出多め）"
"WEB-02565","AIサービス・スタートアップのオウンドメディア・ブログ（ネオン・サイバー・縦書きコピー＋余白）","プロ（演出多め）"
"WEB-02566","自動車・バイクのサービスサイト（ダーク・シネマティック・縦書きコピー＋余白）","プロ（演出多め）"
"WEB-02567","パーソナルジム・フィットネスの店舗サイト（飲食・美容・サロン）（エネルギッシュ・スポーティ・ローディング演出→ロゴ→メインビジュアル）","上級"
"WEB-02568","ヨガ・ピラティスのスクール・教室サイト（パステル・ドリーミー・3Dオブジェクト/ジェネラティブ背景）","上級"
"WEB-02569","不動産・マンションのサービスサイト（信頼・誠実（コーポレート）・画面2分割（写真｜コピー））","プロ（演出多め）"
"WEB-02570","食品・産直ECのECサイト（和モダン・巨大コピー＋小さな写真）","上級"
"WEB-02571","観光・地域プロモーションの自治体・観光協会サイト（ダーク・シネマティック・画面2分割（写真｜コピー））","上級"
"WEB-02572","エステ・脱毛サロンのコーポレートサイト（パステル・ドリーミー・ローディング演出→ロゴ→メインビジュアル）","上級"
"WEB-02573","農業・地方の生産者のコーポレートサイト（ナチュラル・オーガニック・フェード/ズームのスライドショー）","プロ（演出多め）"
"WEB-02574","和菓子・スイーツのオウンドメディア・ブログ（和モダン・スクロール連動のストーリー）","上級"
"WEB-02575","農業・地方の生産者の自治体・観光協会サイト（ハンドメイド・手書き・画面2分割（写真｜コピー））","プロ（演出多め）"
"WEB-02576","音楽・ライブ・イベントのコーポレートサイト（ニューブルータリズム・ローディング演出→ロゴ→メインビジュアル）","プロ（演出多め）"
"WEB-02577","不動産・マンションのサービスサイト（ジオメトリック・グラフィカル・散らばった写真コラージュ）","プロ（演出多め）"
"WEB-02578","クラウドファンディング・新商品のサービスサイト（ポップ・カラフル・縦書きコピー＋余白）","上級"
"WEB-02579","引越し・生活サービスの採用サイト（ナチュラル・オーガニック・3Dオブジェクト/ジェネラティブ背景）","上級"
"WEB-02580","食品・産直ECのオウンドメディア・ブログ（ハンドメイド・手書き・スクロール連動のストーリー）","プロ（演出多め）"
"WEB-02581","引越し・生活サービスのコーポレートサイト（ラグジュアリー・高級感・全画面ループ動画）","プロ（演出多め）"
"WEB-02582","歯科医院の採用サイト（ハンドメイド・手書き・巨大コピー＋小さな写真）","プロ（演出多め）"
"WEB-02583","内科・クリニックのオウンドメディア・ブログ（信頼・誠実（コーポレート）・3Dオブジェクト/ジェネラティブ背景）","上級"
"WEB-02584","プログラミングスクールの採用サイト（信頼・誠実（コーポレート）・3Dオブジェクト/ジェネラティブ背景）","プロ（演出多め）"
"WEB-02585","工務店・注文住宅・リフォームのサービスサイト（ミニマル・洗練・散らばった写真コラージュ）","上級"
"WEB-02586","コスメ・スキンケアのECサイト（ポップ・カラフル・巨大コピー＋小さな写真）","プロ（演出多め）"
"WEB-02587","スマホアプリのコーポレートサイト（ポップ・カラフル・3Dオブジェクト/ジェネラティブ背景）","プロ（演出多め）"
"WEB-02588","自動車・バイクのサービスサイト（ラグジュアリー・高級感・画面2分割（写真｜コピー））","プロ（演出多め）"
"WEB-02589","コンサル・コーチングのサービスサイト（ジオメトリック・グラフィカル・ローディング演出→ロゴ→メインビジュアル）","プロ（演出多め）"
"WEB-02590","美容室・ヘアサロンの店舗サイト（飲食・美容・サロン）（ネオン・サイバー・巨大コピー＋小さな写真）","上級"
"WEB-02591","パーソナルジム・フィットネスのコーポレートサイト（ダーク・シネマティック・スクロール連動のストーリー）","プロ（演出多め）"
"WEB-02592","観光・地域プロモーションのイベント・フェスサイト（北欧・ライフスタイル・画面2分割（写真｜コピー））","プロ（演出多め）"
"WEB-02593","工務店・注文住宅・リフォームの採用サイト（北欧・ライフスタイル・全画面ループ動画）","上級"
"WEB-02594","美容クリニックの採用サイト（信頼・誠実（コーポレート）・フェード/ズームのスライドショー）","プロ（演出多め）"
"WEB-02595","クラウドファンディング・新商品のブランドサイト（ダーク・シネマティック・フェード/ズームのスライドショー）","プロ（演出多め）"
"WEB-02596","クラウドファンディング・新商品のECサイト（ナチュラル・オーガニック・スクロール連動のストーリー）","プロ（演出多め）"
"WEB-02597","ヨガ・ピラティスのサービスサイト（パステル・ドリーミー・全画面ループ動画）","プロ（演出多め）"
"WEB-02598","レストラン・居酒屋のサービスサイト（和モダン・巨大コピー＋小さな写真）","プロ（演出多め）"
"WEB-02599","クラウドファンディング・新商品の採用サイト（クール・テック・フェード/ズームのスライドショー）","プロ（演出多め）"
"WEB-02600","採用・求人のブランドサイト（ポップ・カラフル・フェード/ズームのスライドショー）","上級"
"WEB-02601","英会話・語学のオウンドメディア・ブログ（ジオメトリック・グラフィカル・3Dオブジェクト/ジェネラティブ背景）","プロ（演出多め）"
"WEB-02602","美容室・ヘアサロンのポートフォリオ（個人/事務所）（ラグジュアリー・高級感・巨大コピー＋小さな写真）","上級"
"WEB-02603","SaaS・BtoBツールのブランドサイト（クール・テック・ローディング演出→ロゴ→メインビジュアル）","プロ（演出多め）"
"WEB-02604","コスメ・スキンケアのブランドサイト（ナチュラル・オーガニック・3Dオブジェクト/ジェネラティブ背景）","プロ（演出多め）"
"WEB-02605","エステ・脱毛サロンのコーポレートサイト（ミニマル・洗練・巨大コピー＋小さな写真）","上級"
"WEB-02606","カフェ・ベーカリーのコーポレートサイト（ハンドメイド・手書き・フェード/ズームのスライドショー）","プロ（演出多め）"
"WEB-02607","採用・求人のコーポレートサイト（ジオメトリック・グラフィカル・フェード/ズームのスライドショー）","プロ（演出多め）"
"WEB-02608","ペット・トリミング・動物病院の採用サイト（ナチュラル・オーガニック・3Dオブジェクト/ジェネラティブ背景）","上級"
"WEB-02609","スクール・オンライン講座のスクール・教室サイト（3D・クレイ・全画面ループ動画）","プロ（演出多め）"
"WEB-02610","占い・スピリチュアルのサービスサイト（和モダン・3Dオブジェクト/ジェネラティブ背景）","プロ（演出多め）"
"WEB-02611","アパレル・ファッションECのコーポレートサイト（ポップ・カラフル・スクロール連動のストーリー）","プロ（演出多め）"
"WEB-02612","和菓子・スイーツの採用サイト（和モダン・全画面ループ動画）","上級"
"WEB-02613","英会話・語学のブランドサイト（3D・クレイ・全画面ループ動画）","プロ（演出多め）"
"WEB-02614","YouTuber・インフルエンサーのポートフォリオ（個人/事務所）（ニューブルータリズム・散らばった写真コラージュ）","プロ（演出多め）"
"WEB-02615","保育園・幼児教育・習い事のサービスサイト（ポップ・カラフル・スクロール連動のストーリー）","プロ（演出多め）"
"WEB-02616","保育園・幼児教育・習い事の採用サイト（かわいい・ガーリー・画面2分割（写真｜コピー））","プロ（演出多め）"
"WEB-02617","クラウドファンディング・新商品のブランドサイト（グラスモーフィズム・全画面ループ動画）","上級"
"WEB-02618","占い・スピリチュアルのブランドサイト（ダーク・シネマティック・3Dオブジェクト/ジェネラティブ背景）","上級"
"WEB-02619","YouTuber・インフルエンサーのブランドサイト（ポップ・カラフル・画面2分割（写真｜コピー））","プロ（演出多め）"
"WEB-02620","コンサル・コーチングのポートフォリオ（個人/事務所）（ミニマル・洗練・散らばった写真コラージュ）","上級"
"WEB-02621","スマホアプリのブランドサイト（3D・クレイ・ローディング演出→ロゴ→メインビジュアル）","プロ（演出多め）"
"WEB-02622","美容クリニックの採用サイト（グラスモーフィズム・全画面ループ動画）","プロ（演出多め）"
"WEB-02623","工務店・注文住宅・リフォームのコーポレートサイト（信頼・誠実（コーポレート）・縦書きコピー＋余白）","プロ（演出多め）"
"WEB-02624","ウェディング・結婚相談所のコーポレートサイト（和モダン・フェード/ズームのスライドショー）","プロ（演出多め）"
"WEB-02625","音楽・ライブ・イベントのコーポレートサイト（ダーク・シネマティック・3Dオブジェクト/ジェネラティブ背景）","プロ（演出多め）"
"WEB-02626","観光・地域プロモーションのオウンドメディア・ブログ（ダーク・シネマティック・全画面ループ動画）","プロ（演出多め）"
"WEB-02627","美容室・ヘアサロンのコーポレートサイト（エディトリアル・雑誌風・スクロール連動のストーリー）","上級"
"WEB-02628","ホテル・旅館のホテル・旅館サイト（ラグジュアリー・高級感・全画面ループ動画）","プロ（演出多め）"
"WEB-02629","パーソナルジム・フィットネスのスクール・教室サイト（クール・テック・全画面ループ動画）","上級"
"WEB-02630","スマホアプリの採用サイト（グラスモーフィズム・画面2分割（写真｜コピー））","上級"
"WEB-02631","アパレル・ファッションECのECサイト（ニューブルータリズム・散らばった写真コラージュ）","プロ（演出多め）"
"WEB-02632","NPO・地方自治体のブランドサイト（信頼・誠実（コーポレート）・スクロール連動のストーリー）","プロ（演出多め）"
"WEB-02633","カフェ・ベーカリーのオウンドメディア・ブログ（エディトリアル・雑誌風・全画面ループ動画）","プロ（演出多め）"
"WEB-02634","ゲーム・eスポーツのサービスサイト（ネオン・サイバー・縦書きコピー＋余白）","プロ（演出多め）"
"WEB-02635","観光・地域プロモーションのホテル・旅館サイト（ハンドメイド・手書き・3Dオブジェクト/ジェネラティブ背景）","上級"
"WEB-02636","金融・保険・投資のサービスサイト（ミニマル・洗練・縦書きコピー＋余白）","プロ（演出多め）"
"WEB-02637","美容室・ヘアサロンのコーポレートサイト（エディトリアル・雑誌風・画面2分割（写真｜コピー））","プロ（演出多め）"
"WEB-02638","士業（税理士・弁護士・行政書士）のコーポレートサイト（ミニマル・洗練・巨大コピー＋小さな写真）","上級"
"WEB-02639","音楽・ライブ・イベントの採用サイト（ナチュラル・オーガニック・3Dオブジェクト/ジェネラティブ背景）","プロ（演出多め）"
"WEB-02640","観光・地域プロモーションの自治体・観光協会サイト（和モダン・縦書きコピー＋余白）","プロ（演出多め）"
"WEB-02641","コンサル・コーチングのブランドサイト（ミニマル・洗練・3Dオブジェクト/ジェネラティブ背景）","プロ（演出多め）"
"WEB-02642","工務店・注文住宅・リフォームのブランドサイト（北欧・ライフスタイル・3Dオブジェクト/ジェネラティブ背景）","プロ（演出多め）"
"WEB-02643","ゲーム・eスポーツのコーポレートサイト（ネオン・サイバー・ローディング演出→ロゴ→メインビジュアル）","上級"
"WEB-02644","サウナ・温浴施設のオウンドメディア・ブログ（ニューブルータリズム・フェード/ズームのスライドショー）","プロ（演出多め）"
"WEB-02645","引越し・生活サービスのオウンドメディア・ブログ（信頼・誠実（コーポレート）・スクロール連動のストーリー）","上級"
"WEB-02646","ホテル・旅館のサービスサイト（和モダン・散らばった写真コラージュ）","プロ（演出多め）"
"WEB-02647","エステ・脱毛サロンのコーポレートサイト（ダーク・シネマティック・スクロール連動のストーリー）","プロ（演出多め）"
"WEB-02648","レストラン・居酒屋の採用サイト（和モダン・縦書きコピー＋余白）","プロ（演出多め）"
"WEB-02649","採用・求人のサービスサイト（ジオメトリック・グラフィカル・縦書きコピー＋余白）","プロ（演出多め）"
"WEB-02650","ホテル・旅館のサービスサイト（ダーク・シネマティック・ローディング演出→ロゴ→メインビジュアル）","プロ（演出多め）"
"WEB-02651","美容室・ヘアサロンのブランドサイト（ラグジュアリー・高級感・全画面ループ動画）","プロ（演出多め）"
"WEB-02652","美容室・ヘアサロンのサービスサイト（北欧・ライフスタイル・巨大コピー＋小さな写真）","プロ（演出多め）"
"WEB-02653","ゲーム・eスポーツのコーポレートサイト（ネオン・サイバー・スクロール連動のストーリー）","上級"
"WEB-02654","アパレル・ファッションECのオウンドメディア・ブログ（エディトリアル・雑誌風・スクロール連動のストーリー）","プロ（演出多め）"
"WEB-02655","和菓子・スイーツのECサイト（和モダン・散らばった写真コラージュ）","プロ（演出多め）"
"WEB-02656","SaaS・BtoBツールのブランドサイト（グラスモーフィズム・全画面ループ動画）","上級"
"WEB-02657","金融・保険・投資のサービスサイト（ミニマル・洗練・全画面ループ動画）","上級"
"WEB-02658","Web制作・デザイン事務所のオウンドメディア・ブログ（クール・テック・縦書きコピー＋余白）","プロ（演出多め）"
"WEB-02659","採用・求人のブランドサイト（信頼・誠実（コーポレート）・ローディング演出→ロゴ→メインビジュアル）","プロ（演出多め）"
"WEB-02660","占い・スピリチュアルのコーポレートサイト（パステル・ドリーミー・画面2分割（写真｜コピー））","プロ（演出多め）"
"WEB-02661","和菓子・スイーツのコーポレートサイト（ナチュラル・オーガニック・画面2分割（写真｜コピー））","上級"
"WEB-02662","コスメ・スキンケアのオウンドメディア・ブログ（ミニマル・洗練・スクロール連動のストーリー）","プロ（演出多め）"
"WEB-02663","サウナ・温浴施設の採用サイト（ジオメトリック・グラフィカル・全画面ループ動画）","プロ（演出多め）"
"WEB-02664","プログラミングスクールのサービスサイト（ポップ・カラフル・3Dオブジェクト/ジェネラティブ背景）","プロ（演出多め）"
"WEB-02665","エステ・脱毛サロンのブランドサイト（ミニマル・洗練・画面2分割（写真｜コピー））","プロ（演出多め）"
"WEB-02666","コンサル・コーチングのサービスサイト（信頼・誠実（コーポレート）・散らばった写真コラージュ）","プロ（演出多め）"
"WEB-02667","建築設計事務所のサービスサイト（北欧・ライフスタイル・散らばった写真コラージュ）","プロ（演出多め）"
"WEB-02668","ホテル・旅館のホテル・旅館サイト（和モダン・フェード/ズームのスライドショー）","上級"
"WEB-02669","YouTuber・インフルエンサーのオウンドメディア・ブログ（ニューブルータリズム・縦書きコピー＋余白）","プロ（演出多め）"
"WEB-02670","観光・地域プロモーションのブランドサイト（ナチュラル・オーガニック・巨大コピー＋小さな写真）","プロ（演出多め）"
"WEB-02671","採用・求人の採用サイト（エネルギッシュ・スポーティ・スクロール連動のストーリー）","プロ（演出多め）"
"WEB-02672","内科・クリニックのサービスサイト（信頼・誠実（コーポレート）・散らばった写真コラージュ）","プロ（演出多め）"
"WEB-02673","ホテル・旅館の採用サイト（ラグジュアリー・高級感・全画面ループ動画）","プロ（演出多め）"
"WEB-02674","占い・スピリチュアルのコーポレートサイト（ラグジュアリー・高級感・スクロール連動のストーリー）","上級"
"WEB-02675","農業・地方の生産者のコーポレートサイト（ナチュラル・オーガニック・全画面ループ動画）","上級"
"WEB-02676","ウェディング・結婚相談所のサービスサイト（エディトリアル・雑誌風・散らばった写真コラージュ）","上級"
"WEB-02677","アパレル・ファッションECの採用サイト（ミニマル・洗練・画面2分割（写真｜コピー））","プロ（演出多め）"
"WEB-02678","パーソナルジム・フィットネスのサービスサイト（ラグジュアリー・高級感・散らばった写真コラージュ）","上級"
"WEB-02679","自動車・バイクのサービスサイト（クール・テック・スクロール連動のストーリー）","プロ（演出多め）"
"WEB-02680","士業（税理士・弁護士・行政書士）の採用サイト（ニューブルータリズム・巨大コピー＋小さな写真）","上級"
"WEB-02681","アパレル・ファッションECのオウンドメディア・ブログ（レトロ・Y2K・3Dオブジェクト/ジェネラティブ背景）","上級"
"WEB-02682","士業（税理士・弁護士・行政書士）のブランドサイト（ミニマル・洗練・フェード/ズームのスライドショー）","上級"
"WEB-02683","NPO・地方自治体の自治体・観光協会サイト（信頼・誠実（コーポレート）・スクロール連動のストーリー）","上級"
"WEB-02684","ホテル・旅館のコーポレートサイト（ダーク・シネマティック・巨大コピー＋小さな写真）","プロ（演出多め）"
"WEB-02685","士業（税理士・弁護士・行政書士）のコーポレートサイト（ミニマル・洗練・画面2分割（写真｜コピー））","プロ（演出多め）"
"WEB-02686","歯科医院のクリニック・医院サイト（信頼・誠実（コーポレート）・散らばった写真コラージュ）","上級"
"WEB-02687","保育園・幼児教育・習い事のコーポレートサイト（ハンドメイド・手書き・全画面ループ動画）","プロ（演出多め）"
"WEB-02688","美容クリニックの店舗サイト（飲食・美容・サロン）（ミニマル・洗練・フェード/ズームのスライドショー）","プロ（演出多め）"
"WEB-02689","ゲーム・eスポーツのイベント・フェスサイト（ネオン・サイバー・全画面ループ動画）","プロ（演出多め）"
"WEB-02690","アパレル・ファッションECのサービスサイト（レトロ・Y2K・縦書きコピー＋余白）","プロ（演出多め）"
"WEB-02691","クラウドファンディング・新商品のコーポレートサイト（ダーク・シネマティック・全画面ループ動画）","プロ（演出多め）"
"WEB-02692","自動車・バイクの採用サイト（ラグジュアリー・高級感・フェード/ズームのスライドショー）","上級"
"WEB-02693","ペット・トリミング・動物病院の店舗サイト（飲食・美容・サロン）（かわいい・ガーリー・巨大コピー＋小さな写真）","プロ（演出多め）"
"WEB-02694","プログラミングスクールのコーポレートサイト（ポップ・カラフル・縦書きコピー＋余白）","上級"
"WEB-02695","美容クリニックのブランドサイト（ラグジュアリー・高級感・ローディング演出→ロゴ→メインビジュアル）","プロ（演出多め）"
"WEB-02696","ヨガ・ピラティスのオウンドメディア・ブログ（北欧・ライフスタイル・全画面ループ動画）","上級"
"WEB-02697","パーソナルジム・フィットネスのブランドサイト（エネルギッシュ・スポーティ・画面2分割（写真｜コピー））","プロ（演出多め）"
"WEB-02698","美容クリニックのコーポレートサイト（ラグジュアリー・高級感・全画面ループ動画）","プロ（演出多め）"
"WEB-02699","サウナ・温浴施設のコーポレートサイト（和モダン・3Dオブジェクト/ジェネラティブ背景）","上級"
"WEB-02700","美容室・ヘアサロンのブランドサイト（かわいい・ガーリー・縦書きコピー＋余白）","上級"
"WEB-02701","採用・求人のサービスサイト（ポップ・カラフル・画面2分割（写真｜コピー））","プロ（演出多め）"
"WEB-02702","音楽・ライブ・イベントのサービスサイト（パステル・ドリーミー・ローディング演出→ロゴ→メインビジュアル）","上級"
"WEB-02703","ヨガ・ピラティスのスクール・教室サイト（ナチュラル・オーガニック・縦書きコピー＋余白）","上級"
"WEB-02704","観光・地域プロモーションのホテル・旅館サイト（ナチュラル・オーガニック・巨大コピー＋小さな写真）","プロ（演出多め）"
"WEB-02705","自動車・バイクのオウンドメディア・ブログ（エネルギッシュ・スポーティ・画面2分割（写真｜コピー））","プロ（演出多め）"
"WEB-02706","NPO・地方自治体のオウンドメディア・ブログ（ハンドメイド・手書き・散らばった写真コラージュ）","上級"
"WEB-02707","レストラン・居酒屋のコーポレートサイト（ラグジュアリー・高級感・スクロール連動のストーリー）","プロ（演出多め）"
"WEB-02708","歯科医院のコーポレートサイト（信頼・誠実（コーポレート）・全画面ループ動画）","プロ（演出多め）"
"WEB-02709","美容クリニックのブランドサイト（ミニマル・洗練・3Dオブジェクト/ジェネラティブ背景）","上級"
"WEB-02710","スクール・オンライン講座のブランドサイト（ポップ・カラフル・ローディング演出→ロゴ→メインビジュアル）","上級"
"WEB-02711","コスメ・スキンケアの採用サイト（パステル・ドリーミー・3Dオブジェクト/ジェネラティブ背景）","上級"
"WEB-02712","歯科医院のクリニック・医院サイト（ナチュラル・オーガニック・巨大コピー＋小さな写真）","上級"
"WEB-02713","占い・スピリチュアルのサービスサイト（ジオメトリック・グラフィカル・画面2分割（写真｜コピー））","プロ（演出多め）"
"WEB-02714","アパレル・ファッションECのコーポレートサイト（レトロ・Y2K・巨大コピー＋小さな写真）","プロ（演出多め）"
"WEB-02715","歯科医院のオウンドメディア・ブログ（ミニマル・洗練・フェード/ズームのスライドショー）","プロ（演出多め）"
"WEB-02716","保育園・幼児教育・習い事のブランドサイト（ハンドメイド・手書き・散らばった写真コラージュ）","プロ（演出多め）"
"WEB-02717","観光・地域プロモーションのオウンドメディア・ブログ（信頼・誠実（コーポレート）・3Dオブジェクト/ジェネラティブ背景）","上級"
"WEB-02718","英会話・語学のオウンドメディア・ブログ（ポップ・カラフル・スクロール連動のストーリー）","プロ（演出多め）"
"WEB-02719","和菓子・スイーツのサービスサイト（ハンドメイド・手書き・スクロール連動のストーリー）","プロ（演出多め）"
"WEB-02720","YouTuber・インフルエンサーのイベント・フェスサイト（ネオン・サイバー・ローディング演出→ロゴ→メインビジュアル）","プロ（演出多め）"
"WEB-02721","スマホアプリのサービスサイト（ポップ・カラフル・スクロール連動のストーリー）","プロ（演出多め）"
"WEB-02722","AIサービス・スタートアップのコーポレートサイト（グラスモーフィズム・全画面ループ動画）","上級"
"WEB-02723","クラウドファンディング・新商品のブランドサイト（ダーク・シネマティック・画面2分割（写真｜コピー））","プロ（演出多め）"
"WEB-02724","金融・保険・投資の採用サイト（信頼・誠実（コーポレート）・巨大コピー＋小さな写真）","プロ（演出多め）"
"WEB-02725","ヨガ・ピラティスのサービスサイト（パステル・ドリーミー・全画面ループ動画）","上級"
"WEB-02726","スマホアプリのブランドサイト（3D・クレイ・ローディング演出→ロゴ→メインビジュアル）","プロ（演出多め）"
"WEB-02727","コスメ・スキンケアのサービスサイト（グラスモーフィズム・散らばった写真コラージュ）","プロ（演出多め）"
"WEB-02728","内科・クリニックのクリニック・医院サイト（レトロ・Y2K・フェード/ズームのスライドショー）","プロ（演出多め）"
"WEB-02729","保育園・幼児教育・習い事のサービスサイト（ナチュラル・オーガニック・フェード/ズームのスライドショー）","プロ（演出多め）"
"WEB-02730","コンサル・コーチングのコーポレートサイト（3D・クレイ・縦書きコピー＋余白）","プロ（演出多め）"
"WEB-02731","ヨガ・ピラティスのスクール・教室サイト（北欧・ライフスタイル・ローディング演出→ロゴ→メインビジュアル）","プロ（演出多め）"
"WEB-02732","引越し・生活サービスのオウンドメディア・ブログ（3D・クレイ・巨大コピー＋小さな写真）","プロ（演出多め）"
"WEB-02733","AIサービス・スタートアップのオウンドメディア・ブログ（ミニマル・洗練・スクロール連動のストーリー）","プロ（演出多め）"
"WEB-02734","金融・保険・投資のサービスサイト（クール・テック・散らばった写真コラージュ）","プロ（演出多め）"
"WEB-02735","和菓子・スイーツのオウンドメディア・ブログ（かわいい・ガーリー・画面2分割（写真｜コピー））","プロ（演出多め）"
"WEB-02736","占い・スピリチュアルのコーポレートサイト（ラグジュアリー・高級感・ローディング演出→ロゴ→メインビジュアル）","上級"
"WEB-02737","レストラン・居酒屋の採用サイト（和モダン・スクロール連動のストーリー）","プロ（演出多め）"
"WEB-02738","不動産・マンションのオウンドメディア・ブログ（ナチュラル・オーガニック・画面2分割（写真｜コピー））","プロ（演出多め）"
"WEB-02739","パーソナルジム・フィットネスの採用サイト（クール・テック・散らばった写真コラージュ）","上級"
"WEB-02740","スマホアプリの採用サイト（グラスモーフィズム・画面2分割（写真｜コピー））","上級"
"WEB-02741","金融・保険・投資のブランドサイト（クール・テック・フェード/ズームのスライドショー）","プロ（演出多め）"
"WEB-02742","和菓子・スイーツのECサイト（和モダン・ローディング演出→ロゴ→メインビジュアル）","上級"
"WEB-02743","サウナ・温浴施設のオウンドメディア・ブログ（ニューブルータリズム・全画面ループ動画）","プロ（演出多め）"
"WEB-02744","ホテル・旅館のサービスサイト（和モダン・フェード/ズームのスライドショー）","上級"
"WEB-02745","コスメ・スキンケアのECサイト（ラグジュアリー・高級感・巨大コピー＋小さな写真）","上級"
"WEB-02746","エステ・脱毛サロンのコーポレートサイト（ラグジュアリー・高級感・ローディング演出→ロゴ→メインビジュアル）","プロ（演出多め）"
"WEB-02747","Web制作・デザイン事務所のコーポレートサイト（ジオメトリック・グラフィカル・散らばった写真コラージュ）","上級"
"WEB-02748","ゲーム・eスポーツのサービスサイト（ネオン・サイバー・画面2分割（写真｜コピー））","プロ（演出多め）"
"WEB-02749","歯科医院のサービスサイト（信頼・誠実（コーポレート）・縦書きコピー＋余白）","プロ（演出多め）"
"WEB-02750","保育園・幼児教育・習い事のブランドサイト（かわいい・ガーリー・縦書きコピー＋余白）","プロ（演出多め）"
"WEB-02751","自動車・バイクのサービスサイト（ダーク・シネマティック・スクロール連動のストーリー）","プロ（演出多め）"
"WEB-02752","ホテル・旅館のホテル・旅館サイト（ダーク・シネマティック・フェード/ズームのスライドショー）","プロ（演出多め）"
"WEB-02753","Web制作・デザイン事務所のポートフォリオ（個人/事務所）（ニューブルータリズム・フェード/ズームのスライドショー）","プロ（演出多め）"
"WEB-02754","占い・スピリチュアルのサービスサイト（和モダン・散らばった写真コラージュ）","プロ（演出多め）"
"WEB-02755","占い・スピリチュアルの採用サイト（パステル・ドリーミー・スクロール連動のストーリー）","上級"
"WEB-02756","SaaS・BtoBツールのブランドサイト（信頼・誠実（コーポレート）・フェード/ズームのスライドショー）","上級"
"WEB-02757","美容室・ヘアサロンのサービスサイト（ジオメトリック・グラフィカル・画面2分割（写真｜コピー））","上級"
"WEB-02758","美容クリニックの店舗サイト（飲食・美容・サロン）（ミニマル・洗練・全画面ループ動画）","プロ（演出多め）"
"WEB-02759","工務店・注文住宅・リフォームの採用サイト（ナチュラル・オーガニック・3Dオブジェクト/ジェネラティブ背景）","上級"
"WEB-02760","不動産・マンションのオウンドメディア・ブログ（ラグジュアリー・高級感・全画面ループ動画）","プロ（演出多め）"
"WEB-02761","ウェディング・結婚相談所のブランドサイト（かわいい・ガーリー・全画面ループ動画）","プロ（演出多め）"
"WEB-02762","ウェディング・結婚相談所のポートフォリオ（個人/事務所）（ミニマル・洗練・全画面ループ動画）","プロ（演出多め）"
"WEB-02763","アパレル・ファッションECのブランドサイト（ミニマル・洗練・ローディング演出→ロゴ→メインビジュアル）","上級"
"WEB-02764","ホテル・旅館のコーポレートサイト（和モダン・ローディング演出→ロゴ→メインビジュアル）","上級"
"WEB-02765","和菓子・スイーツの採用サイト（ミニマル・洗練・画面2分割（写真｜コピー））","プロ（演出多め）"
"WEB-02766","エステ・脱毛サロンの店舗サイト（飲食・美容・サロン）（ラグジュアリー・高級感・ローディング演出→ロゴ→メインビジュアル）","プロ（演出多め）"
"WEB-02767","スクール・オンライン講座のオウンドメディア・ブログ（エディトリアル・雑誌風・ローディング演出→ロゴ→メインビジュアル）","プロ（演出多め）"
"WEB-02768","採用・求人のサービスサイト（ポップ・カラフル・全画面ループ動画）","プロ（演出多め）"
"WEB-02769","不動産・マンションの採用サイト（ネオン・サイバー・画面2分割（写真｜コピー））","プロ（演出多め）"
"WEB-02770","占い・スピリチュアルのブランドサイト（パステル・ドリーミー・画面2分割（写真｜コピー））","プロ（演出多め）"
"WEB-02771","ゲーム・eスポーツのオウンドメディア・ブログ（レトロ・Y2K・スクロール連動のストーリー）","プロ（演出多め）"
"WEB-02772","和菓子・スイーツの店舗サイト（飲食・美容・サロン）（かわいい・ガーリー・ローディング演出→ロゴ→メインビジュアル）","プロ（演出多め）"
"WEB-02773","ゲーム・eスポーツのオウンドメディア・ブログ（ハンドメイド・手書き・全画面ループ動画）","プロ（演出多め）"
"WEB-02774","ウェディング・結婚相談所のポートフォリオ（個人/事務所）（ラグジュアリー・高級感・散らばった写真コラージュ）","プロ（演出多め）"
"WEB-02775","英会話・語学のオウンドメディア・ブログ（ジオメトリック・グラフィカル・3Dオブジェクト/ジェネラティブ背景）","プロ（演出多め）"
"WEB-02776","ヨガ・ピラティスのコーポレートサイト（ポップ・カラフル・画面2分割（写真｜コピー））","プロ（演出多め）"
"WEB-02777","音楽・ライブ・イベントの採用サイト（ネオン・サイバー・画面2分割（写真｜コピー））","プロ（演出多め）"
"WEB-02778","ホテル・旅館のオウンドメディア・ブログ（ミニマル・洗練・フェード/ズームのスライドショー）","プロ（演出多め）"
"WEB-02779","美容室・ヘアサロンのブランドサイト（ミニマル・洗練・全画面ループ動画）","上級"
"WEB-02780","引越し・生活サービスの採用サイト（ポップ・カラフル・3Dオブジェクト/ジェネラティブ背景）","プロ（演出多め）"
"WEB-02781","スクール・オンライン講座のコーポレートサイト（ポップ・カラフル・散らばった写真コラージュ）","プロ（演出多め）"
"WEB-02782","占い・スピリチュアルのオウンドメディア・ブログ（ダーク・シネマティック・巨大コピー＋小さな写真）","プロ（演出多め）"
"WEB-02783","パーソナルジム・フィットネスのブランドサイト（エネルギッシュ・スポーティ・縦書きコピー＋余白）","プロ（演出多め）"
"WEB-02784","スマホアプリのブランドサイト（ポップ・カラフル・フェード/ズームのスライドショー）","プロ（演出多め）"
"WEB-02785","NPO・地方自治体の採用サイト（ハンドメイド・手書き・フェード/ズームのスライドショー）","プロ（演出多め）"
"WEB-02786","コスメ・スキンケアの採用サイト（ナチュラル・オーガニック・巨大コピー＋小さな写真）","プロ（演出多め）"
"WEB-02787","採用・求人のコーポレートサイト（エディトリアル・雑誌風・3Dオブジェクト/ジェネラティブ背景）","プロ（演出多め）"
"WEB-02788","占い・スピリチュアルのブランドサイト（ラグジュアリー・高級感・3Dオブジェクト/ジェネラティブ背景）","上級"
"WEB-02789","NPO・地方自治体のコーポレートサイト（ハンドメイド・手書き・縦書きコピー＋余白）","上級"
"WEB-02790","カフェ・ベーカリーの店舗サイト（飲食・美容・サロン）（北欧・ライフスタイル・スクロール連動のストーリー）","上級"
"WEB-02791","英会話・語学のサービスサイト（ジオメトリック・グラフィカル・3Dオブジェクト/ジェネラティブ背景）","上級"
"WEB-02792","スマホアプリのサービスサイト（ポップ・カラフル・3Dオブジェクト/ジェネラティブ背景）","プロ（演出多め）"
"WEB-02793","食品・産直ECの採用サイト（ポップ・カラフル・ローディング演出→ロゴ→メインビジュアル）","プロ（演出多め）"
"WEB-02794","YouTuber・インフルエンサーのポートフォリオ（個人/事務所）（ネオン・サイバー・フェード/ズームのスライドショー）","プロ（演出多め）"
"WEB-02795","AIサービス・スタートアップのオウンドメディア・ブログ（クール・テック・ローディング演出→ロゴ→メインビジュアル）","上級"
"WEB-02796","内科・クリニックのサービスサイト（ナチュラル・オーガニック・フェード/ズームのスライドショー）","プロ（演出多め）"
"WEB-02797","士業（税理士・弁護士・行政書士）の採用サイト（信頼・誠実（コーポレート）・巨大コピー＋小さな写真）","プロ（演出多め）"
"WEB-02798","ペット・トリミング・動物病院のコーポレートサイト（3D・クレイ・全画面ループ動画）","上級"
"WEB-02799","SaaS・BtoBツールの採用サイト（3D・クレイ・巨大コピー＋小さな写真）","上級"
"WEB-02800","建築設計事務所のサービスサイト（ジオメトリック・グラフィカル・画面2分割（写真｜コピー））","上級"
"WEB-02801","英会話・語学のサービスサイト（信頼・誠実（コーポレート）・散らばった写真コラージュ）","プロ（演出多め）"
"WEB-02802","英会話・語学の採用サイト（3D・クレイ・フェード/ズームのスライドショー）","プロ（演出多め）"
"WEB-02803","引越し・生活サービスのコーポレートサイト（信頼・誠実（コーポレート）・散らばった写真コラージュ）","上級"
"WEB-02804","歯科医院のオウンドメディア・ブログ（ダーク・シネマティック・スクロール連動のストーリー）","プロ（演出多め）"
"WEB-02805","観光・地域プロモーションのコーポレートサイト（ナチュラル・オーガニック・縦書きコピー＋余白）","プロ（演出多め）"
"WEB-02806","占い・スピリチュアルのブランドサイト（ダーク・シネマティック・全画面ループ動画）","上級"
"WEB-02807","プログラミングスクールのオウンドメディア・ブログ（ネオン・サイバー・スクロール連動のストーリー）","上級"
"WEB-02808","ペット・トリミング・動物病院のクリニック・医院サイト（ハンドメイド・手書き・散らばった写真コラージュ）","上級"
"WEB-02809","エステ・脱毛サロンのブランドサイト（和モダン・ローディング演出→ロゴ→メインビジュアル）","プロ（演出多め）"
"WEB-02810","カフェ・ベーカリーの店舗サイト（飲食・美容・サロン）（ハンドメイド・手書き・画面2分割（写真｜コピー））","プロ（演出多め）"
"WEB-02811","金融・保険・投資のサービスサイト（ニューブルータリズム・縦書きコピー＋余白）","プロ（演出多め）"
"WEB-02812","自動車・バイクのオウンドメディア・ブログ（ダーク・シネマティック・フェード/ズームのスライドショー）","上級"
"WEB-02813","コンサル・コーチングのコーポレートサイト（3D・クレイ・フェード/ズームのスライドショー）","上級"
"WEB-02814","エステ・脱毛サロンのブランドサイト（3D・クレイ・3Dオブジェクト/ジェネラティブ背景）","上級"
"WEB-02815","ホテル・旅館のサービスサイト（和モダン・画面2分割（写真｜コピー））","プロ（演出多め）"
"WEB-02816","農業・地方の生産者の自治体・観光協会サイト（和モダン・スクロール連動のストーリー）","上級"
"WEB-02817","食品・産直ECのECサイト（ナチュラル・オーガニック・スクロール連動のストーリー）","プロ（演出多め）"
"WEB-02818","ゲーム・eスポーツのサービスサイト（ダーク・シネマティック・全画面ループ動画）","上級"
"WEB-02819","建築設計事務所のブランドサイト（ミニマル・洗練・画面2分割（写真｜コピー））","プロ（演出多め）"
"WEB-02820","スクール・オンライン講座のスクール・教室サイト（和モダン・ローディング演出→ロゴ→メインビジュアル）","プロ（演出多め）"
"WEB-02821","音楽・ライブ・イベントのサービスサイト（ダーク・シネマティック・巨大コピー＋小さな写真）","プロ（演出多め）"
"WEB-02822","サウナ・温浴施設の採用サイト（ナチュラル・オーガニック・縦書きコピー＋余白）","プロ（演出多め）"
"WEB-02823","士業（税理士・弁護士・行政書士）のサービスサイト（ミニマル・洗練・縦書きコピー＋余白）","上級"
"WEB-02824","ウェディング・結婚相談所のオウンドメディア・ブログ（ミニマル・洗練・縦書きコピー＋余白）","プロ（演出多め）"
"WEB-02825","歯科医院の採用サイト（信頼・誠実（コーポレート）・全画面ループ動画）","プロ（演出多め）"
"WEB-02826","美容クリニックの採用サイト（信頼・誠実（コーポレート）・スクロール連動のストーリー）","プロ（演出多め）"
"WEB-02827","スマホアプリの採用サイト（グラスモーフィズム・全画面ループ動画）","プロ（演出多め）"
"WEB-02828","音楽・ライブ・イベントのオウンドメディア・ブログ（和モダン・画面2分割（写真｜コピー））","プロ（演出多め）"
"WEB-02829","ホテル・旅館のコーポレートサイト（和モダン・画面2分割（写真｜コピー））","上級"
"WEB-02830","工務店・注文住宅・リフォームのサービスサイト（北欧・ライフスタイル・画面2分割（写真｜コピー））","上級"
"WEB-02831","クラウドファンディング・新商品のブランドサイト（ダーク・シネマティック・縦書きコピー＋余白）","プロ（演出多め）"
"WEB-02832","スマホアプリのコーポレートサイト（3D・クレイ・散らばった写真コラージュ）","上級"
"WEB-02833","不動産・マンションのオウンドメディア・ブログ（ダーク・シネマティック・フェード/ズームのスライドショー）","上級"
"WEB-02834","士業（税理士・弁護士・行政書士）のオウンドメディア・ブログ（信頼・誠実（コーポレート）・フェード/ズームのスライドショー）","上級"
"WEB-02835","Web制作・デザイン事務所のポートフォリオ（個人/事務所）（ポップ・カラフル・スクロール連動のストーリー）","プロ（演出多め）"
"WEB-02836","NPO・地方自治体の自治体・観光協会サイト（信頼・誠実（コーポレート）・散らばった写真コラージュ）","上級"
"WEB-02837","プログラミングスクールのサービスサイト（3D・クレイ・散らばった写真コラージュ）","上級"
"WEB-02838","観光・地域プロモーションのサービスサイト（和モダン・フェード/ズームのスライドショー）","上級"
"WEB-02839","保育園・幼児教育・習い事のブランドサイト（かわいい・ガーリー・巨大コピー＋小さな写真）","プロ（演出多め）"
"WEB-02840","建築設計事務所のブランドサイト（ミニマル・洗練・全画面ループ動画）","上級"
"WEB-02841","AIサービス・スタートアップのサービスサイト（レトロ・Y2K・スクロール連動のストーリー）","プロ（演出多め）"
"WEB-02842","レストラン・居酒屋のオウンドメディア・ブログ（レトロ・Y2K・巨大コピー＋小さな写真）","プロ（演出多め）"
"WEB-02843","パーソナルジム・フィットネスの採用サイト（エネルギッシュ・スポーティ・スクロール連動のストーリー）","プロ（演出多め）"
"WEB-02844","美容室・ヘアサロンのポートフォリオ（個人/事務所）（エディトリアル・雑誌風・縦書きコピー＋余白）","上級"
"WEB-02845","サウナ・温浴施設のブランドサイト（和モダン・3Dオブジェクト/ジェネラティブ背景）","プロ（演出多め）"
"WEB-02846","農業・地方の生産者の採用サイト（ナチュラル・オーガニック・画面2分割（写真｜コピー））","上級"
"WEB-02847","スクール・オンライン講座の採用サイト（3D・クレイ・ローディング演出→ロゴ→メインビジュアル）","上級"
"WEB-02848","クラウドファンディング・新商品のサービスサイト（ポップ・カラフル・全画面ループ動画）","上級"
"WEB-02849","ペット・トリミング・動物病院のブランドサイト（3D・クレイ・スクロール連動のストーリー）","上級"
"WEB-02850","工務店・注文住宅・リフォームのブランドサイト（ナチュラル・オーガニック・フェード/ズームのスライドショー）","プロ（演出多め）"
"WEB-02851","英会話・語学の採用サイト（グラスモーフィズム・スクロール連動のストーリー）","プロ（演出多め）"
"WEB-02852","音楽・ライブ・イベントのイベント・フェスサイト（レトロ・Y2K・全画面ループ動画）","プロ（演出多め）"
"WEB-02853","工務店・注文住宅・リフォームの採用サイト（ジオメトリック・グラフィカル・散らばった写真コラージュ）","プロ（演出多め）"
"WEB-02854","美容室・ヘアサロンの採用サイト（ミニマル・洗練・全画面ループ動画）","プロ（演出多め）"
"WEB-02855","歯科医院のサービスサイト（ラグジュアリー・高級感・縦書きコピー＋余白）","プロ（演出多め）"
"WEB-02856","クラウドファンディング・新商品のオウンドメディア・ブログ（クール・テック・画面2分割（写真｜コピー））","上級"
"WEB-02857","不動産・マンションのブランドサイト（信頼・誠実（コーポレート）・3Dオブジェクト/ジェネラティブ背景）","プロ（演出多め）"
"WEB-02858","AIサービス・スタートアップのサービスサイト（ミニマル・洗練・巨大コピー＋小さな写真）","プロ（演出多め）"
"WEB-02859","和菓子・スイーツのブランドサイト（ナチュラル・オーガニック・巨大コピー＋小さな写真）","上級"
"WEB-02860","不動産・マンションのオウンドメディア・ブログ（ダーク・シネマティック・フェード/ズームのスライドショー）","プロ（演出多め）"
"WEB-02861","ペット・トリミング・動物病院の店舗サイト（飲食・美容・サロン）（ミニマル・洗練・巨大コピー＋小さな写真）","プロ（演出多め）"
"WEB-02862","SaaS・BtoBツールのサービスサイト（北欧・ライフスタイル・縦書きコピー＋余白）","プロ（演出多め）"
"WEB-02863","美容クリニックのクリニック・医院サイト（北欧・ライフスタイル・スクロール連動のストーリー）","プロ（演出多め）"
"WEB-02864","パーソナルジム・フィットネスのブランドサイト（ダーク・シネマティック・スクロール連動のストーリー）","上級"
"WEB-02865","内科・クリニックのコーポレートサイト（信頼・誠実（コーポレート）・フェード/ズームのスライドショー）","上級"
"WEB-02866","ウェディング・結婚相談所のサービスサイト（パステル・ドリーミー・スクロール連動のストーリー）","プロ（演出多め）"
"WEB-02867","美容室・ヘアサロンのコーポレートサイト（ミニマル・洗練・巨大コピー＋小さな写真）","上級"
"WEB-02868","ウェディング・結婚相談所のポートフォリオ（個人/事務所）（レトロ・Y2K・ローディング演出→ロゴ→メインビジュアル）","プロ（演出多め）"
"WEB-02869","金融・保険・投資のサービスサイト（ミニマル・洗練・散らばった写真コラージュ）","上級"
"WEB-02870","プログラミングスクールのサービスサイト（ポップ・カラフル・全画面ループ動画）","プロ（演出多め）"
"WEB-02871","占い・スピリチュアルの採用サイト（ダーク・シネマティック・巨大コピー＋小さな写真）","プロ（演出多め）"
"WEB-02872","歯科医院のサービスサイト（信頼・誠実（コーポレート）・散らばった写真コラージュ）","プロ（演出多め）"
"WEB-02873","歯科医院のサービスサイト（ミニマル・洗練・3Dオブジェクト/ジェネラティブ背景）","上級"
"WEB-02874","ペット・トリミング・動物病院のコーポレートサイト（ナチュラル・オーガニック・全画面ループ動画）","プロ（演出多め）"
"WEB-02875","スクール・オンライン講座のブランドサイト（信頼・誠実（コーポレート）・フェード/ズームのスライドショー）","プロ（演出多め）"
"WEB-02876","アパレル・ファッションECのコーポレートサイト（エディトリアル・雑誌風・3Dオブジェクト/ジェネラティブ背景）","プロ（演出多め）"
"WEB-02877","歯科医院のサービスサイト（ナチュラル・オーガニック・画面2分割（写真｜コピー））","プロ（演出多め）"
"WEB-02878","和菓子・スイーツのコーポレートサイト（和モダン・巨大コピー＋小さな写真）","プロ（演出多め）"
"WEB-02879","英会話・語学の採用サイト（ジオメトリック・グラフィカル・ローディング演出→ロゴ→メインビジュアル）","プロ（演出多め）"
"WEB-02880","引越し・生活サービスのブランドサイト（かわいい・ガーリー・散らばった写真コラージュ）","上級"
"WEB-02881","アパレル・ファッションECの採用サイト（ニューブルータリズム・縦書きコピー＋余白）","プロ（演出多め）"
"WEB-02882","ゲーム・eスポーツのオウンドメディア・ブログ（ダーク・シネマティック・巨大コピー＋小さな写真）","プロ（演出多め）"
"WEB-02883","コスメ・スキンケアのブランドサイト（パステル・ドリーミー・フェード/ズームのスライドショー）","上級"
"WEB-02884","ヨガ・ピラティスのスクール・教室サイト（ナチュラル・オーガニック・散らばった写真コラージュ）","プロ（演出多め）"
"WEB-02885","NPO・地方自治体のイベント・フェスサイト（ジオメトリック・グラフィカル・画面2分割（写真｜コピー））","上級"
"WEB-02886","エステ・脱毛サロンのサービスサイト（パステル・ドリーミー・画面2分割（写真｜コピー））","上級"
"WEB-02887","美容クリニックのサービスサイト（ミニマル・洗練・ローディング演出→ロゴ→メインビジュアル）","プロ（演出多め）"
"WEB-02888","美容クリニックのクリニック・医院サイト（ミニマル・洗練・スクロール連動のストーリー）","上級"
"WEB-02889","プログラミングスクールのブランドサイト（ネオン・サイバー・3Dオブジェクト/ジェネラティブ背景）","プロ（演出多め）"
"WEB-02890","ホテル・旅館のオウンドメディア・ブログ（ラグジュアリー・高級感・スクロール連動のストーリー）","上級"
"WEB-02891","金融・保険・投資のオウンドメディア・ブログ（クール・テック・フェード/ズームのスライドショー）","プロ（演出多め）"
"WEB-02892","保育園・幼児教育・習い事のブランドサイト（ポップ・カラフル・フェード/ズームのスライドショー）","プロ（演出多め）"
"WEB-02893","歯科医院のオウンドメディア・ブログ（信頼・誠実（コーポレート）・散らばった写真コラージュ）","プロ（演出多め）"
"WEB-02894","音楽・ライブ・イベントのイベント・フェスサイト（ニューブルータリズム・全画面ループ動画）","上級"
"WEB-02895","占い・スピリチュアルの採用サイト（パステル・ドリーミー・スクロール連動のストーリー）","プロ（演出多め）"
"WEB-02896","和菓子・スイーツのサービスサイト（かわいい・ガーリー・縦書きコピー＋余白）","上級"
"WEB-02897","美容室・ヘアサロンの店舗サイト（飲食・美容・サロン）（ミニマル・洗練・縦書きコピー＋余白）","プロ（演出多め）"
"WEB-02898","NPO・地方自治体のブランドサイト（ナチュラル・オーガニック・スクロール連動のストーリー）","上級"
"WEB-02899","歯科医院のクリニック・医院サイト（ニューブルータリズム・3Dオブジェクト/ジェネラティブ背景）","上級"
"WEB-02900","引越し・生活サービスのブランドサイト（ポップ・カラフル・3Dオブジェクト/ジェネラティブ背景）","プロ（演出多め）"
"WEB-02901","美容クリニックのオウンドメディア・ブログ（ラグジュアリー・高級感・画面2分割（写真｜コピー））","上級"
"WEB-02902","歯科医院のコーポレートサイト（ミニマル・洗練・スクロール連動のストーリー）","上級"
"WEB-02903","レストラン・居酒屋のブランドサイト（和モダン・縦書きコピー＋余白）","上級"
"WEB-02904","レストラン・居酒屋のブランドサイト（和モダン・散らばった写真コラージュ）","プロ（演出多め）"
"WEB-02905","工務店・注文住宅・リフォームのコーポレートサイト（ナチュラル・オーガニック・縦書きコピー＋余白）","上級"
"WEB-02906","エステ・脱毛サロンのコーポレートサイト（かわいい・ガーリー・ローディング演出→ロゴ→メインビジュアル）","プロ（演出多め）"
"WEB-02907","アパレル・ファッションECのサービスサイト（ニューブルータリズム・縦書きコピー＋余白）","プロ（演出多め）"
"WEB-02908","クラウドファンディング・新商品のECサイト（ダーク・シネマティック・散らばった写真コラージュ）","プロ（演出多め）"
"WEB-02909","食品・産直ECのコーポレートサイト（ナチュラル・オーガニック・スクロール連動のストーリー）","プロ（演出多め）"
"WEB-02910","美容室・ヘアサロンのサービスサイト（ラグジュアリー・高級感・巨大コピー＋小さな写真）","上級"
"WEB-02911","音楽・ライブ・イベントのイベント・フェスサイト（ニューブルータリズム・フェード/ズームのスライドショー）","プロ（演出多め）"
"WEB-02912","アパレル・ファッションECのオウンドメディア・ブログ（レトロ・Y2K・スクロール連動のストーリー）","プロ（演出多め）"
"WEB-02913","コンサル・コーチングのオウンドメディア・ブログ（ラグジュアリー・高級感・フェード/ズームのスライドショー）","プロ（演出多め）"
"WEB-02914","農業・地方の生産者のブランドサイト（レトロ・Y2K・画面2分割（写真｜コピー））","プロ（演出多め）"
"WEB-02915","パーソナルジム・フィットネスのオウンドメディア・ブログ（ナチュラル・オーガニック・スクロール連動のストーリー）","上級"
"WEB-02916","サウナ・温浴施設の採用サイト（グラスモーフィズム・フェード/ズームのスライドショー）","上級"
"WEB-02917","サウナ・温浴施設のブランドサイト（エディトリアル・雑誌風・3Dオブジェクト/ジェネラティブ背景）","上級"
"WEB-02918","保育園・幼児教育・習い事のコーポレートサイト（ハンドメイド・手書き・スクロール連動のストーリー）","プロ（演出多め）"
"WEB-02919","アパレル・ファッションECのコーポレートサイト（ミニマル・洗練・画面2分割（写真｜コピー））","上級"
"WEB-02920","内科・クリニックの採用サイト（ナチュラル・オーガニック・画面2分割（写真｜コピー））","プロ（演出多め）"
"WEB-02921","占い・スピリチュアルのコーポレートサイト（ダーク・シネマティック・画面2分割（写真｜コピー））","上級"
"WEB-02922","クラウドファンディング・新商品のサービスサイト（クール・テック・3Dオブジェクト/ジェネラティブ背景）","プロ（演出多め）"
"WEB-02923","アパレル・ファッションECのブランドサイト（ニューブルータリズム・スクロール連動のストーリー）","上級"
"WEB-02924","プログラミングスクールのスクール・教室サイト（ポップ・カラフル・縦書きコピー＋余白）","上級"
"WEB-02925","内科・クリニックの採用サイト（ナチュラル・オーガニック・画面2分割（写真｜コピー））","プロ（演出多め）"
"WEB-02926","ペット・トリミング・動物病院の採用サイト（かわいい・ガーリー・ローディング演出→ロゴ→メインビジュアル）","プロ（演出多め）"
"WEB-02927","SaaS・BtoBツールのブランドサイト（ミニマル・洗練・3Dオブジェクト/ジェネラティブ背景）","上級"
"WEB-02928","和菓子・スイーツのECサイト（ナチュラル・オーガニック・フェード/ズームのスライドショー）","上級"
"WEB-02929","美容室・ヘアサロンのポートフォリオ（個人/事務所）（かわいい・ガーリー・縦書きコピー＋余白）","上級"
"WEB-02930","YouTuber・インフルエンサーのサービスサイト（ラグジュアリー・高級感・ローディング演出→ロゴ→メインビジュアル）","プロ（演出多め）"
"WEB-02931","士業（税理士・弁護士・行政書士）の採用サイト（ミニマル・洗練・画面2分割（写真｜コピー））","プロ（演出多め）"
"WEB-02932","ヨガ・ピラティスのブランドサイト（パステル・ドリーミー・ローディング演出→ロゴ→メインビジュアル）","上級"
"WEB-02933","SaaS・BtoBツールのオウンドメディア・ブログ（ハンドメイド・手書き・フェード/ズームのスライドショー）","プロ（演出多め）"
"WEB-02934","コンサル・コーチングのサービスサイト（ラグジュアリー・高級感・画面2分割（写真｜コピー））","プロ（演出多め）"
"WEB-02935","サウナ・温浴施設のコーポレートサイト（ニューブルータリズム・画面2分割（写真｜コピー））","プロ（演出多め）"
"WEB-02936","SaaS・BtoBツールのコーポレートサイト（3D・クレイ・画面2分割（写真｜コピー））","プロ（演出多め）"
"WEB-02937","プログラミングスクールのサービスサイト（ネオン・サイバー・巨大コピー＋小さな写真）","プロ（演出多め）"
"WEB-02938","農業・地方の生産者のコーポレートサイト（ハンドメイド・手書き・フェード/ズームのスライドショー）","プロ（演出多め）"
"WEB-02939","プログラミングスクールのブランドサイト（ネオン・サイバー・フェード/ズームのスライドショー）","上級"
"WEB-02940","ペット・トリミング・動物病院のオウンドメディア・ブログ（かわいい・ガーリー・スクロール連動のストーリー）","プロ（演出多め）"
"WEB-02941","コスメ・スキンケアのオウンドメディア・ブログ（グラスモーフィズム・ローディング演出→ロゴ→メインビジュアル）","プロ（演出多め）"
"WEB-02942","不動産・マンションの採用サイト（ミニマル・洗練・全画面ループ動画）","プロ（演出多め）"
"WEB-02943","音楽・ライブ・イベントのイベント・フェスサイト（ニューブルータリズム・スクロール連動のストーリー）","上級"
"WEB-02944","農業・地方の生産者の採用サイト（ハンドメイド・手書き・フェード/ズームのスライドショー）","プロ（演出多め）"
"WEB-02945","YouTuber・インフルエンサーのオウンドメディア・ブログ（かわいい・ガーリー・スクロール連動のストーリー）","上級"
"WEB-02946","金融・保険・投資のサービスサイト（信頼・誠実（コーポレート）・散らばった写真コラージュ）","上級"
"WEB-02947","保育園・幼児教育・習い事のサービスサイト（ハンドメイド・手書き・画面2分割（写真｜コピー））","プロ（演出多め）"
"WEB-02948","採用・求人の採用サイト（信頼・誠実（コーポレート）・ローディング演出→ロゴ→メインビジュアル）","上級"
"WEB-02949","美容室・ヘアサロンの採用サイト（ミニマル・洗練・ローディング演出→ロゴ→メインビジュアル）","プロ（演出多め）"
"WEB-02950","スマホアプリのコーポレートサイト（ポップ・カラフル・フェード/ズームのスライドショー）","上級"
"WEB-02951","AIサービス・スタートアップのブランドサイト（ミニマル・洗練・スクロール連動のストーリー）","プロ（演出多め）"
"WEB-02952","スマホアプリのオウンドメディア・ブログ（かわいい・ガーリー・スクロール連動のストーリー）","プロ（演出多め）"
"WEB-02953","スクール・オンライン講座のスクール・教室サイト（信頼・誠実（コーポレート）・フェード/ズームのスライドショー）","プロ（演出多め）"
"WEB-02954","カフェ・ベーカリーの店舗サイト（飲食・美容・サロン）（ナチュラル・オーガニック・3Dオブジェクト/ジェネラティブ背景）","上級"
"WEB-02955","歯科医院のクリニック・医院サイト（ラグジュアリー・高級感・画面2分割（写真｜コピー））","上級"
"WEB-02956","カフェ・ベーカリーの店舗サイト（飲食・美容・サロン）（ナチュラル・オーガニック・3Dオブジェクト/ジェネラティブ背景）","プロ（演出多め）"
"WEB-02957","採用・求人のサービスサイト（ジオメトリック・グラフィカル・巨大コピー＋小さな写真）","上級"
"WEB-02958","NPO・地方自治体のブランドサイト（ハンドメイド・手書き・散らばった写真コラージュ）","上級"
"WEB-02959","パーソナルジム・フィットネスのスクール・教室サイト（エネルギッシュ・スポーティ・縦書きコピー＋余白）","上級"
"WEB-02960","コンサル・コーチングのオウンドメディア・ブログ（パステル・ドリーミー・縦書きコピー＋余白）","プロ（演出多め）"
"WEB-02961","食品・産直ECの採用サイト（ナチュラル・オーガニック・スクロール連動のストーリー）","上級"
"WEB-02962","美容室・ヘアサロンのオウンドメディア・ブログ（かわいい・ガーリー・巨大コピー＋小さな写真）","プロ（演出多め）"
"WEB-02963","プログラミングスクールのサービスサイト（クール・テック・全画面ループ動画）","プロ（演出多め）"
"WEB-02964","占い・スピリチュアルのサービスサイト（ラグジュアリー・高級感・画面2分割（写真｜コピー））","プロ（演出多め）"
"WEB-02965","レストラン・居酒屋の店舗サイト（飲食・美容・サロン）（レトロ・Y2K・スクロール連動のストーリー）","プロ（演出多め）"
"WEB-02966","保育園・幼児教育・習い事のスクール・教室サイト（ポップ・カラフル・ローディング演出→ロゴ→メインビジュアル）","上級"
"WEB-02967","クラウドファンディング・新商品のオウンドメディア・ブログ（ナチュラル・オーガニック・縦書きコピー＋余白）","プロ（演出多め）"
"WEB-02968","ゲーム・eスポーツのコーポレートサイト（ナチュラル・オーガニック・縦書きコピー＋余白）","上級"
"WEB-02969","引越し・生活サービスのコーポレートサイト（ポップ・カラフル・スクロール連動のストーリー）","プロ（演出多め）"
"WEB-02970","ゲーム・eスポーツのサービスサイト（レトロ・Y2K・3Dオブジェクト/ジェネラティブ背景）","プロ（演出多め）"
"WEB-02971","Web制作・デザイン事務所のポートフォリオ（個人/事務所）（ジオメトリック・グラフィカル・縦書きコピー＋余白）","プロ（演出多め）"
"WEB-02972","工務店・注文住宅・リフォームのサービスサイト（信頼・誠実（コーポレート）・全画面ループ動画）","プロ（演出多め）"
"WEB-02973","スクール・オンライン講座のコーポレートサイト（信頼・誠実（コーポレート）・フェード/ズームのスライドショー）","上級"
"WEB-02974","音楽・ライブ・イベントの採用サイト（レトロ・Y2K・全画面ループ動画）","プロ（演出多め）"
"WEB-02975","スクール・オンライン講座のサービスサイト（信頼・誠実（コーポレート）・3Dオブジェクト/ジェネラティブ背景）","上級"
"WEB-02976","内科・クリニックの採用サイト（ナチュラル・オーガニック・フェード/ズームのスライドショー）","上級"
"WEB-02977","観光・地域プロモーションのサービスサイト（ネオン・サイバー・散らばった写真コラージュ）","プロ（演出多め）"
"WEB-02978","エステ・脱毛サロンの採用サイト（パステル・ドリーミー・画面2分割（写真｜コピー））","上級"
"WEB-02979","英会話・語学のコーポレートサイト（ポップ・カラフル・全画面ループ動画）","上級"
"WEB-02980","観光・地域プロモーションのブランドサイト（ハンドメイド・手書き・3Dオブジェクト/ジェネラティブ背景）","プロ（演出多め）"
"WEB-02981","SaaS・BtoBツールのオウンドメディア・ブログ（信頼・誠実（コーポレート）・3Dオブジェクト/ジェネラティブ背景）","上級"
"WEB-02982","保育園・幼児教育・習い事のオウンドメディア・ブログ（ハンドメイド・手書き・全画面ループ動画）","プロ（演出多め）"
"WEB-02983","工務店・注文住宅・リフォームのサービスサイト（ナチュラル・オーガニック・巨大コピー＋小さな写真）","プロ（演出多め）"
"WEB-02984","不動産・マンションのサービスサイト（ラグジュアリー・高級感・全画面ループ動画）","上級"
"WEB-02985","自動車・バイクのオウンドメディア・ブログ（和モダン・スクロール連動のストーリー）","プロ（演出多め）"
"WEB-02986","コンサル・コーチングのポートフォリオ（個人/事務所）（北欧・ライフスタイル・全画面ループ動画）","上級"
"WEB-02987","建築設計事務所の採用サイト（3D・クレイ・3Dオブジェクト/ジェネラティブ背景）","上級"
"WEB-02988","観光・地域プロモーションのホテル・旅館サイト（和モダン・フェード/ズームのスライドショー）","プロ（演出多め）"
"WEB-02989","コスメ・スキンケアの採用サイト（グラスモーフィズム・3Dオブジェクト/ジェネラティブ背景）","プロ（演出多め）"
"WEB-02990","美容クリニックのクリニック・医院サイト（ミニマル・洗練・縦書きコピー＋余白）","プロ（演出多め）"
"WEB-02991","保育園・幼児教育・習い事のコーポレートサイト（ハンドメイド・手書き・3Dオブジェクト/ジェネラティブ背景）","プロ（演出多め）"
"WEB-02992","工務店・注文住宅・リフォームのコーポレートサイト（ミニマル・洗練・フェード/ズームのスライドショー）","プロ（演出多め）"
"WEB-02993","プログラミングスクールのコーポレートサイト（ナチュラル・オーガニック・ローディング演出→ロゴ→メインビジュアル）","プロ（演出多め）"
"WEB-02994","美容室・ヘアサロンのブランドサイト（北欧・ライフスタイル・散らばった写真コラージュ）","上級"
"WEB-02995","スクール・オンライン講座のコーポレートサイト（ニューブルータリズム・全画面ループ動画）","上級"
"WEB-02996","レストラン・居酒屋のブランドサイト（レトロ・Y2K・散らばった写真コラージュ）","プロ（演出多め）"
"WEB-02997","建築設計事務所のオウンドメディア・ブログ（ミニマル・洗練・縦書きコピー＋余白）","プロ（演出多め）"
"WEB-02998","引越し・生活サービスの採用サイト（ポップ・カラフル・スクロール連動のストーリー）","上級"
"WEB-02999","コスメ・スキンケアのECサイト（グラスモーフィズム・スクロール連動のストーリー）","プロ（演出多め）"
"WEB-03000","カフェ・ベーカリーの店舗サイト（飲食・美容・サロン）（ハンドメイド・手書き・全画面ループ動画）","プロ（演出多め）"
"WEB-03001","コスメ・スキンケアのオウンドメディア・ブログ（ラグジュアリー・高級感・ローディング演出→ロゴ→メインビジュアル）","上級"
"WEB-03002","ペット・トリミング・動物病院のブランドサイト（かわいい・ガーリー・散らばった写真コラージュ）","プロ（演出多め）"
"WEB-03003","スクール・オンライン講座のブランドサイト（信頼・誠実（コーポレート）・全画面ループ動画）","プロ（演出多め）"
"WEB-03004","コスメ・スキンケアのオウンドメディア・ブログ（パステル・ドリーミー・ローディング演出→ロゴ→メインビジュアル）","上級"
"WEB-03005","コスメ・スキンケアのブランドサイト（グラスモーフィズム・散らばった写真コラージュ）","プロ（演出多め）"
"WEB-03006","引越し・生活サービスのコーポレートサイト（信頼・誠実（コーポレート）・スクロール連動のストーリー）","プロ（演出多め）"
"WEB-03007","工務店・注文住宅・リフォームのブランドサイト（レトロ・Y2K・画面2分割（写真｜コピー））","プロ（演出多め）"
"WEB-03008","士業（税理士・弁護士・行政書士）のブランドサイト（ナチュラル・オーガニック・画面2分割（写真｜コピー））","上級"
"WEB-03009","クラウドファンディング・新商品のブランドサイト（クール・テック・3Dオブジェクト/ジェネラティブ背景）","プロ（演出多め）"
"WEB-03010","和菓子・スイーツのブランドサイト（ナチュラル・オーガニック・3Dオブジェクト/ジェネラティブ背景）","プロ（演出多め）"
"WEB-03011","コンサル・コーチングの採用サイト（ジオメトリック・グラフィカル・スクロール連動のストーリー）","プロ（演出多め）"
"WEB-03012","スクール・オンライン講座のブランドサイト（3D・クレイ・画面2分割（写真｜コピー））","プロ（演出多め）"
"WEB-03013","内科・クリニックのブランドサイト（北欧・ライフスタイル・巨大コピー＋小さな写真）","プロ（演出多め）"
"WEB-03014","ヨガ・ピラティスのスクール・教室サイト（パステル・ドリーミー・全画面ループ動画）","プロ（演出多め）"
"WEB-03015","観光・地域プロモーションのイベント・フェスサイト（ハンドメイド・手書き・スクロール連動のストーリー）","上級"
"WEB-03016","音楽・ライブ・イベントのコーポレートサイト（グラスモーフィズム・縦書きコピー＋余白）","プロ（演出多め）"
"WEB-03017","エステ・脱毛サロンのオウンドメディア・ブログ（エディトリアル・雑誌風・スクロール連動のストーリー）","プロ（演出多め）"
"WEB-03018","内科・クリニックの採用サイト（ナチュラル・オーガニック・巨大コピー＋小さな写真）","プロ（演出多め）"
"WEB-03019","レストラン・居酒屋の採用サイト（レトロ・Y2K・ローディング演出→ロゴ→メインビジュアル）","上級"
"WEB-03020","SaaS・BtoBツールのオウンドメディア・ブログ（3D・クレイ・フェード/ズームのスライドショー）","プロ（演出多め）"
"WEB-03021","保育園・幼児教育・習い事のスクール・教室サイト（北欧・ライフスタイル・画面2分割（写真｜コピー））","プロ（演出多め）"
"WEB-03022","音楽・ライブ・イベントのコーポレートサイト（ダーク・シネマティック・3Dオブジェクト/ジェネラティブ背景）","プロ（演出多め）"
"WEB-03023","占い・スピリチュアルのオウンドメディア・ブログ（和モダン・画面2分割（写真｜コピー））","プロ（演出多め）"
"WEB-03024","サウナ・温浴施設の採用サイト（和モダン・巨大コピー＋小さな写真）","上級"
"WEB-03025","食品・産直ECの採用サイト（ポップ・カラフル・縦書きコピー＋余白）","上級"
"WEB-03026","プログラミングスクールの採用サイト（3D・クレイ・縦書きコピー＋余白）","プロ（演出多め）"
"WEB-03027","士業（税理士・弁護士・行政書士）のブランドサイト（ミニマル・洗練・全画面ループ動画）","プロ（演出多め）"
"WEB-03028","コンサル・コーチングのオウンドメディア・ブログ（パステル・ドリーミー・巨大コピー＋小さな写真）","プロ（演出多め）"
"WEB-03029","農業・地方の生産者のコーポレートサイト（ナチュラル・オーガニック・巨大コピー＋小さな写真）","プロ（演出多め）"
"WEB-03030","歯科医院のブランドサイト（信頼・誠実（コーポレート）・縦書きコピー＋余白）","プロ（演出多め）"
"WEB-03031","YouTuber・インフルエンサーのコーポレートサイト（ニューブルータリズム・スクロール連動のストーリー）","プロ（演出多め）"
"WEB-03032","レストラン・居酒屋のオウンドメディア・ブログ（ポップ・カラフル・3Dオブジェクト/ジェネラティブ背景）","プロ（演出多め）"
"WEB-03033","YouTuber・インフルエンサーのオウンドメディア・ブログ（ネオン・サイバー・全画面ループ動画）","プロ（演出多め）"
"WEB-03034","建築設計事務所のオウンドメディア・ブログ（和モダン・巨大コピー＋小さな写真）","プロ（演出多め）"
"WEB-03035","エステ・脱毛サロンのブランドサイト（ミニマル・洗練・散らばった写真コラージュ）","プロ（演出多め）"
"WEB-03036","美容室・ヘアサロンのオウンドメディア・ブログ（エディトリアル・雑誌風・縦書きコピー＋余白）","プロ（演出多め）"
"WEB-03037","保育園・幼児教育・習い事のサービスサイト（ポップ・カラフル・全画面ループ動画）","プロ（演出多め）"
"WEB-03038","ペット・トリミング・動物病院のブランドサイト（かわいい・ガーリー・フェード/ズームのスライドショー）","プロ（演出多め）"
"WEB-03039","サウナ・温浴施設のサービスサイト（ニューブルータリズム・画面2分割（写真｜コピー））","上級"
"WEB-03040","歯科医院のクリニック・医院サイト（信頼・誠実（コーポレート）・3Dオブジェクト/ジェネラティブ背景）","プロ（演出多め）"
"WEB-03041","自動車・バイクのブランドサイト（ダーク・シネマティック・3Dオブジェクト/ジェネラティブ背景）","上級"
"WEB-03042","ホテル・旅館のブランドサイト（ミニマル・洗練・画面2分割（写真｜コピー））","プロ（演出多め）"
"WEB-03043","和菓子・スイーツのサービスサイト（パステル・ドリーミー・画面2分割（写真｜コピー））","プロ（演出多め）"
"WEB-03044","コンサル・コーチングの採用サイト（ラグジュアリー・高級感・全画面ループ動画）","上級"
"WEB-03045","農業・地方の生産者の自治体・観光協会サイト（ナチュラル・オーガニック・スクロール連動のストーリー）","プロ（演出多め）"
"WEB-03046","不動産・マンションの採用サイト（クール・テック・散らばった写真コラージュ）","プロ（演出多め）"
"WEB-03047","不動産・マンションのブランドサイト（信頼・誠実（コーポレート）・画面2分割（写真｜コピー））","上級"
"WEB-03048","エステ・脱毛サロンの店舗サイト（飲食・美容・サロン）（パステル・ドリーミー・散らばった写真コラージュ）","プロ（演出多め）"
"WEB-03049","自動車・バイクのオウンドメディア・ブログ（ダーク・シネマティック・巨大コピー＋小さな写真）","上級"
"WEB-03050","食品・産直ECのサービスサイト（ハンドメイド・手書き・スクロール連動のストーリー）","プロ（演出多め）"
"WEB-03051","YouTuber・インフルエンサーのブランドサイト（ネオン・サイバー・スクロール連動のストーリー）","上級"
"WEB-03052","自動車・バイクのオウンドメディア・ブログ（クール・テック・散らばった写真コラージュ）","プロ（演出多め）"
"WEB-03053","AIサービス・スタートアップのコーポレートサイト（ネオン・サイバー・縦書きコピー＋余白）","プロ（演出多め）"
"WEB-03054","工務店・注文住宅・リフォームのコーポレートサイト（ナチュラル・オーガニック・巨大コピー＋小さな写真）","上級"
"WEB-03055","プログラミングスクールの採用サイト（クール・テック・全画面ループ動画）","上級"
"WEB-03056","和菓子・スイーツの店舗サイト（飲食・美容・サロン）（ナチュラル・オーガニック・画面2分割（写真｜コピー））","プロ（演出多め）"
"WEB-03057","ゲーム・eスポーツのブランドサイト（ダーク・シネマティック・巨大コピー＋小さな写真）","上級"
"WEB-03058","レストラン・居酒屋のブランドサイト（ダーク・シネマティック・巨大コピー＋小さな写真）","プロ（演出多め）"
"WEB-03059","引越し・生活サービスのブランドサイト（信頼・誠実（コーポレート）・巨大コピー＋小さな写真）","プロ（演出多め）"
"WEB-03060","ゲーム・eスポーツのコーポレートサイト（ダーク・シネマティック・縦書きコピー＋余白）","プロ（演出多め）"
"WEB-03061","歯科医院のコーポレートサイト（ミニマル・洗練・全画面ループ動画）","上級"
"WEB-03062","ホテル・旅館のブランドサイト（ラグジュアリー・高級感・巨大コピー＋小さな写真）","プロ（演出多め）"
"WEB-03063","レストラン・居酒屋のブランドサイト（信頼・誠実（コーポレート）・巨大コピー＋小さな写真）","上級"
"WEB-03064","SaaS・BtoBツールのサービスサイト（3D・クレイ・巨大コピー＋小さな写真）","プロ（演出多め）"
"WEB-03065","採用・求人のオウンドメディア・ブログ（ジオメトリック・グラフィカル・フェード/ズームのスライドショー）","上級"
"WEB-03066","観光・地域プロモーションのイベント・フェスサイト（和モダン・縦書きコピー＋余白）","プロ（演出多め）"
"WEB-03067","レストラン・居酒屋の採用サイト（ダーク・シネマティック・スクロール連動のストーリー）","上級"
"WEB-03068","農業・地方の生産者のコーポレートサイト（ナチュラル・オーガニック・全画面ループ動画）","上級"
"WEB-03069","スマホアプリのサービスサイト（ジオメトリック・グラフィカル・縦書きコピー＋余白）","プロ（演出多め）"
"WEB-03070","クラウドファンディング・新商品のサービスサイト（ポップ・カラフル・全画面ループ動画）","上級"
"WEB-03071","工務店・注文住宅・リフォームのオウンドメディア・ブログ（ミニマル・洗練・全画面ループ動画）","プロ（演出多め）"
"WEB-03072","食品・産直ECの採用サイト（ナチュラル・オーガニック・ローディング演出→ロゴ→メインビジュアル）","上級"
"WEB-03073","クラウドファンディング・新商品のECサイト（ダーク・シネマティック・全画面ループ動画）","プロ（演出多め）"
"WEB-03074","不動産・マンションのオウンドメディア・ブログ（ダーク・シネマティック・縦書きコピー＋余白）","プロ（演出多め）"
"WEB-03075","観光・地域プロモーションの採用サイト（ハンドメイド・手書き・3Dオブジェクト/ジェネラティブ背景）","プロ（演出多め）"
"WEB-03076","引越し・生活サービスのオウンドメディア・ブログ（クール・テック・3Dオブジェクト/ジェネラティブ背景）","プロ（演出多め）"
"WEB-03077","美容室・ヘアサロンのサービスサイト（北欧・ライフスタイル・全画面ループ動画）","プロ（演出多め）"
"WEB-03078","工務店・注文住宅・リフォームの採用サイト（ハンドメイド・手書き・ローディング演出→ロゴ→メインビジュアル）","プロ（演出多め）"
"WEB-03079","プログラミングスクールのブランドサイト（クール・テック・フェード/ズームのスライドショー）","プロ（演出多め）"
"WEB-03080","ウェディング・結婚相談所のサービスサイト（パステル・ドリーミー・フェード/ズームのスライドショー）","プロ（演出多め）"
"WEB-03081","引越し・生活サービスの採用サイト（信頼・誠実（コーポレート）・フェード/ズームのスライドショー）","プロ（演出多め）"
"WEB-03082","ウェディング・結婚相談所のブランドサイト（ミニマル・洗練・フェード/ズームのスライドショー）","プロ（演出多め）"
"WEB-03083","和菓子・スイーツの採用サイト（和モダン・画面2分割（写真｜コピー））","プロ（演出多め）"
"WEB-03084","SaaS・BtoBツールのサービスサイト（信頼・誠実（コーポレート）・巨大コピー＋小さな写真）","プロ（演出多め）"
"WEB-03085","保育園・幼児教育・習い事の採用サイト（かわいい・ガーリー・散らばった写真コラージュ）","プロ（演出多め）"
"WEB-03086","工務店・注文住宅・リフォームのサービスサイト（信頼・誠実（コーポレート）・巨大コピー＋小さな写真）","プロ（演出多め）"
"WEB-03087","サウナ・温浴施設のオウンドメディア・ブログ（レトロ・Y2K・散らばった写真コラージュ）","上級"
"WEB-03088","引越し・生活サービスのオウンドメディア・ブログ（ポップ・カラフル・画面2分割（写真｜コピー））","プロ（演出多め）"
"WEB-03089","Web制作・デザイン事務所のサービスサイト（ニューブルータリズム・画面2分割（写真｜コピー））","プロ（演出多め）"
"WEB-03090","カフェ・ベーカリーの店舗サイト（飲食・美容・サロン）（北欧・ライフスタイル・散らばった写真コラージュ）","プロ（演出多め）"
"WEB-03091","建築設計事務所のサービスサイト（ミニマル・洗練・画面2分割（写真｜コピー））","プロ（演出多め）"
"WEB-03092","プログラミングスクールの採用サイト（ネオン・サイバー・ローディング演出→ロゴ→メインビジュアル）","プロ（演出多め）"
"WEB-03093","Web制作・デザイン事務所のコーポレートサイト（和モダン・巨大コピー＋小さな写真）","プロ（演出多め）"
"WEB-03094","英会話・語学の採用サイト（3D・クレイ・巨大コピー＋小さな写真）","プロ（演出多め）"
"WEB-03095","アパレル・ファッションECのブランドサイト（ナチュラル・オーガニック・巨大コピー＋小さな写真）","プロ（演出多め）"
"WEB-03096","自動車・バイクのブランドサイト（ラグジュアリー・高級感・画面2分割（写真｜コピー））","プロ（演出多め）"
"WEB-03097","士業（税理士・弁護士・行政書士）のオウンドメディア・ブログ（ミニマル・洗練・フェード/ズームのスライドショー）","プロ（演出多め）"
"WEB-03098","音楽・ライブ・イベントのコーポレートサイト（ネオン・サイバー・巨大コピー＋小さな写真）","プロ（演出多め）"
"WEB-03099","ウェディング・結婚相談所のオウンドメディア・ブログ（かわいい・ガーリー・フェード/ズームのスライドショー）","プロ（演出多め）"
"WEB-03100","クラウドファンディング・新商品のECサイト（ナチュラル・オーガニック・スクロール連動のストーリー）","上級"
"WEB-03101","コンサル・コーチングのサービスサイト（ポップ・カラフル・全画面ループ動画）","プロ（演出多め）"
"WEB-03102","レストラン・居酒屋のコーポレートサイト（レトロ・Y2K・巨大コピー＋小さな写真）","プロ（演出多め）"
"WEB-03103","レストラン・居酒屋のオウンドメディア・ブログ（レトロ・Y2K・全画面ループ動画）","プロ（演出多め）"
"WEB-03104","英会話・語学のコーポレートサイト（信頼・誠実（コーポレート）・画面2分割（写真｜コピー））","上級"
"WEB-03105","歯科医院のオウンドメディア・ブログ（信頼・誠実（コーポレート）・巨大コピー＋小さな写真）","プロ（演出多め）"
"WEB-03106","スマホアプリの採用サイト（グラスモーフィズム・散らばった写真コラージュ）","上級"
"WEB-03107","スマホアプリのブランドサイト（3D・クレイ・フェード/ズームのスライドショー）","プロ（演出多め）"
"WEB-03108","ペット・トリミング・動物病院の採用サイト（ナチュラル・オーガニック・ローディング演出→ロゴ→メインビジュアル）","上級"
"WEB-03109","採用・求人のサービスサイト（ジオメトリック・グラフィカル・スクロール連動のストーリー）","プロ（演出多め）"
"WEB-03110","不動産・マンションのブランドサイト（和モダン・スクロール連動のストーリー）","プロ（演出多め）"
"WEB-03111","エステ・脱毛サロンのコーポレートサイト（ラグジュアリー・高級感・巨大コピー＋小さな写真）","上級"
"WEB-03112","歯科医院のクリニック・医院サイト（ナチュラル・オーガニック・画面2分割（写真｜コピー））","上級"
"WEB-03113","ヨガ・ピラティスの店舗サイト（飲食・美容・サロン）（北欧・ライフスタイル・全画面ループ動画）","プロ（演出多め）"
"WEB-03114","YouTuber・インフルエンサーのブランドサイト（ポップ・カラフル・画面2分割（写真｜コピー））","プロ（演出多め）"
"WEB-03115","不動産・マンションのサービスサイト（ラグジュアリー・高級感・散らばった写真コラージュ）","プロ（演出多め）"
"WEB-03116","ペット・トリミング・動物病院のコーポレートサイト（ナチュラル・オーガニック・巨大コピー＋小さな写真）","上級"
"WEB-03117","美容クリニックのオウンドメディア・ブログ（ラグジュアリー・高級感・3Dオブジェクト/ジェネラティブ背景）","上級"
"WEB-03118","スクール・オンライン講座のブランドサイト（かわいい・ガーリー・全画面ループ動画）","プロ（演出多め）"
"WEB-03119","食品・産直ECのサービスサイト（和モダン・スクロール連動のストーリー）","プロ（演出多め）"
"WEB-03120","美容室・ヘアサロンのコーポレートサイト（エディトリアル・雑誌風・全画面ループ動画）","プロ（演出多め）"
"WEB-03121","プログラミングスクールのスクール・教室サイト（ポップ・カラフル・散らばった写真コラージュ）","プロ（演出多め）"
"WEB-03122","クラウドファンディング・新商品のECサイト（ダーク・シネマティック・画面2分割（写真｜コピー））","上級"
"WEB-03123","ペット・トリミング・動物病院のオウンドメディア・ブログ（3D・クレイ・巨大コピー＋小さな写真）","プロ（演出多め）"
"WEB-03124","内科・クリニックのコーポレートサイト（北欧・ライフスタイル・縦書きコピー＋余白）","プロ（演出多め）"
"WEB-03125","工務店・注文住宅・リフォームのブランドサイト（信頼・誠実（コーポレート）・散らばった写真コラージュ）","プロ（演出多め）"
"WEB-03126","金融・保険・投資のコーポレートサイト（ミニマル・洗練・3Dオブジェクト/ジェネラティブ背景）","プロ（演出多め）"
"WEB-03127","採用・求人の採用サイト（エネルギッシュ・スポーティ・3Dオブジェクト/ジェネラティブ背景）","プロ（演出多め）"
"WEB-03128","カフェ・ベーカリーの店舗サイト（飲食・美容・サロン）（グラスモーフィズム・3Dオブジェクト/ジェネラティブ背景）","プロ（演出多め）"
"WEB-03129","サウナ・温浴施設のサービスサイト（ポップ・カラフル・3Dオブジェクト/ジェネラティブ背景）","プロ（演出多め）"
"WEB-03130","士業（税理士・弁護士・行政書士）のコーポレートサイト（ミニマル・洗練・3Dオブジェクト/ジェネラティブ背景）","プロ（演出多め）"
"WEB-03131","観光・地域プロモーションのブランドサイト（ダーク・シネマティック・ローディング演出→ロゴ→メインビジュアル）","プロ（演出多め）"
"WEB-03132","ホテル・旅館の採用サイト（パステル・ドリーミー・3Dオブジェクト/ジェネラティブ背景）","プロ（演出多め）"
"WEB-03133","レストラン・居酒屋のオウンドメディア・ブログ（和モダン・フェード/ズームのスライドショー）","プロ（演出多め）"
"WEB-03134","歯科医院のブランドサイト（ラグジュアリー・高級感・ローディング演出→ロゴ→メインビジュアル）","プロ（演出多め）"
"WEB-03135","美容室・ヘアサロンの店舗サイト（飲食・美容・サロン）（ニューブルータリズム・3Dオブジェクト/ジェネラティブ背景）","上級"
"WEB-03136","スマホアプリのオウンドメディア・ブログ（ポップ・カラフル・スクロール連動のストーリー）","プロ（演出多め）"
"WEB-03137","英会話・語学のスクール・教室サイト（ミニマル・洗練・縦書きコピー＋余白）","上級"
"WEB-03138","引越し・生活サービスのサービスサイト（ポップ・カラフル・巨大コピー＋小さな写真）","プロ（演出多め）"
"WEB-03139","コンサル・コーチングのオウンドメディア・ブログ（ラグジュアリー・高級感・ローディング演出→ロゴ→メインビジュアル）","プロ（演出多め）"
"WEB-03140","美容クリニックのコーポレートサイト（ラグジュアリー・高級感・ローディング演出→ロゴ→メインビジュアル）","プロ（演出多め）"
"WEB-03141","和菓子・スイーツのECサイト（かわいい・ガーリー・巨大コピー＋小さな写真）","プロ（演出多め）"
"WEB-03142","工務店・注文住宅・リフォームのサービスサイト（北欧・ライフスタイル・3Dオブジェクト/ジェネラティブ背景）","プロ（演出多め）"
"WEB-03143","Web制作・デザイン事務所のコーポレートサイト（ジオメトリック・グラフィカル・3Dオブジェクト/ジェネラティブ背景）","上級"
"WEB-03144","アパレル・ファッションECのブランドサイト（レトロ・Y2K・画面2分割（写真｜コピー））","プロ（演出多め）"
"WEB-03145","コスメ・スキンケアの採用サイト（ナチュラル・オーガニック・縦書きコピー＋余白）","上級"
"WEB-03146","クラウドファンディング・新商品のサービスサイト（ナチュラル・オーガニック・巨大コピー＋小さな写真）","上級"
"WEB-03147","採用・求人のサービスサイト（エネルギッシュ・スポーティ・全画面ループ動画）","プロ（演出多め）"
"WEB-03148","不動産・マンションのオウンドメディア・ブログ（3D・クレイ・全画面ループ動画）","上級"
"WEB-03149","ウェディング・結婚相談所のポートフォリオ（個人/事務所）（かわいい・ガーリー・3Dオブジェクト/ジェネラティブ背景）","プロ（演出多め）"
"WEB-03150","ゲーム・eスポーツの採用サイト（レトロ・Y2K・3Dオブジェクト/ジェネラティブ背景）","プロ（演出多め）"
"WEB-03151","内科・クリニックのブランドサイト（北欧・ライフスタイル・巨大コピー＋小さな写真）","プロ（演出多め）"
"WEB-03152","カフェ・ベーカリーの店舗サイト（飲食・美容・サロン）（エディトリアル・雑誌風・ローディング演出→ロゴ→メインビジュアル）","プロ（演出多め）"
"WEB-03153","占い・スピリチュアルのコーポレートサイト（ナチュラル・オーガニック・全画面ループ動画）","上級"
"WEB-03154","ヨガ・ピラティスの採用サイト（北欧・ライフスタイル・全画面ループ動画）","上級"
"WEB-03155","スクール・オンライン講座のサービスサイト（信頼・誠実（コーポレート）・巨大コピー＋小さな写真）","上級"
"WEB-03156","YouTuber・インフルエンサーのオウンドメディア・ブログ（ニューブルータリズム・3Dオブジェクト/ジェネラティブ背景）","プロ（演出多め）"
"WEB-03157","引越し・生活サービスの採用サイト（3D・クレイ・フェード/ズームのスライドショー）","上級"
"WEB-03158","Web制作・デザイン事務所のオウンドメディア・ブログ（ニューブルータリズム・スクロール連動のストーリー）","プロ（演出多め）"
"WEB-03159","コンサル・コーチングのブランドサイト（信頼・誠実（コーポレート）・全画面ループ動画）","プロ（演出多め）"
"WEB-03160","観光・地域プロモーションの採用サイト（ハンドメイド・手書き・画面2分割（写真｜コピー））","上級"
"WEB-03161","内科・クリニックのコーポレートサイト（北欧・ライフスタイル・画面2分割（写真｜コピー））","プロ（演出多め）"
"WEB-03162","コスメ・スキンケアの採用サイト（パステル・ドリーミー・縦書きコピー＋余白）","上級"
"WEB-03163","採用・求人のオウンドメディア・ブログ（ポップ・カラフル・スクロール連動のストーリー）","上級"
"WEB-03164","サウナ・温浴施設のオウンドメディア・ブログ（エディトリアル・雑誌風・画面2分割（写真｜コピー））","プロ（演出多め）"
"WEB-03165","スクール・オンライン講座のオウンドメディア・ブログ（ポップ・カラフル・ローディング演出→ロゴ→メインビジュアル）","プロ（演出多め）"
"WEB-03166","食品・産直ECのコーポレートサイト（ナチュラル・オーガニック・全画面ループ動画）","プロ（演出多め）"
"WEB-03167","採用・求人のコーポレートサイト（ジオメトリック・グラフィカル・縦書きコピー＋余白）","プロ（演出多め）"
"WEB-03168","カフェ・ベーカリーの採用サイト（ミニマル・洗練・画面2分割（写真｜コピー））","プロ（演出多め）"
"WEB-03169","ホテル・旅館のコーポレートサイト（ミニマル・洗練・画面2分割（写真｜コピー））","プロ（演出多め）"
"WEB-03170","プログラミングスクールのスクール・教室サイト（ポップ・カラフル・散らばった写真コラージュ）","プロ（演出多め）"
"WEB-03171","ホテル・旅館のオウンドメディア・ブログ（ミニマル・洗練・巨大コピー＋小さな写真）","プロ（演出多め）"
"WEB-03172","ウェディング・結婚相談所のサービスサイト（ミニマル・洗練・画面2分割（写真｜コピー））","プロ（演出多め）"
"WEB-03173","工務店・注文住宅・リフォームのオウンドメディア・ブログ（信頼・誠実（コーポレート）・3Dオブジェクト/ジェネラティブ背景）","上級"
"WEB-03174","パーソナルジム・フィットネスの採用サイト（ダーク・シネマティック・3Dオブジェクト/ジェネラティブ背景）","プロ（演出多め）"
"WEB-03175","食品・産直ECの採用サイト（ポップ・カラフル・散らばった写真コラージュ）","プロ（演出多め）"
"WEB-03176","AIサービス・スタートアップのサービスサイト（ネオン・サイバー・全画面ループ動画）","プロ（演出多め）"
"WEB-03177","採用・求人のオウンドメディア・ブログ（エディトリアル・雑誌風・スクロール連動のストーリー）","プロ（演出多め）"
"WEB-03178","和菓子・スイーツのブランドサイト（和モダン・スクロール連動のストーリー）","プロ（演出多め）"
"WEB-03179","スマホアプリのサービスサイト（ニューブルータリズム・縦書きコピー＋余白）","プロ（演出多め）"
"WEB-03180","農業・地方の生産者の自治体・観光協会サイト（信頼・誠実（コーポレート）・縦書きコピー＋余白）","プロ（演出多め）"
"WEB-03181","パーソナルジム・フィットネスのオウンドメディア・ブログ（ダーク・シネマティック・巨大コピー＋小さな写真）","上級"
"WEB-03182","ヨガ・ピラティスのサービスサイト（ナチュラル・オーガニック・巨大コピー＋小さな写真）","プロ（演出多め）"
"WEB-03183","農業・地方の生産者のサービスサイト（和モダン・散らばった写真コラージュ）","プロ（演出多め）"
"WEB-03184","AIサービス・スタートアップの採用サイト（ネオン・サイバー・縦書きコピー＋余白）","上級"
"WEB-03185","観光・地域プロモーションのブランドサイト（和モダン・縦書きコピー＋余白）","プロ（演出多め）"
"WEB-03186","不動産・マンションのコーポレートサイト（信頼・誠実（コーポレート）・ローディング演出→ロゴ→メインビジュアル）","上級"
"WEB-03187","アパレル・ファッションECのコーポレートサイト（レトロ・Y2K・ローディング演出→ロゴ→メインビジュアル）","プロ（演出多め）"
"WEB-03188","NPO・地方自治体のコーポレートサイト（信頼・誠実（コーポレート）・散らばった写真コラージュ）","上級"
"WEB-03189","食品・産直ECのコーポレートサイト（ナチュラル・オーガニック・縦書きコピー＋余白）","プロ（演出多め）"
"WEB-03190","観光・地域プロモーションの採用サイト（ポップ・カラフル・フェード/ズームのスライドショー）","プロ（演出多め）"
"WEB-03191","レストラン・居酒屋のブランドサイト（和モダン・全画面ループ動画）","プロ（演出多め）"
"WEB-03192","カフェ・ベーカリーの採用サイト（信頼・誠実（コーポレート）・スクロール連動のストーリー）","プロ（演出多め）"
"WEB-03193","ヨガ・ピラティスのサービスサイト（ダーク・シネマティック・3Dオブジェクト/ジェネラティブ背景）","プロ（演出多め）"
"WEB-03194","ウェディング・結婚相談所のコーポレートサイト（ラグジュアリー・高級感・全画面ループ動画）","上級"
"WEB-03195","ホテル・旅館のホテル・旅館サイト（ミニマル・洗練・全画面ループ動画）","上級"
"WEB-03196","農業・地方の生産者のブランドサイト（ナチュラル・オーガニック・散らばった写真コラージュ）","上級"
"WEB-03197","ホテル・旅館のブランドサイト（和モダン・3Dオブジェクト/ジェネラティブ背景）","プロ（演出多め）"
"WEB-03198","食品・産直ECのコーポレートサイト（和モダン・全画面ループ動画）","プロ（演出多め）"
"WEB-03199","SaaS・BtoBツールのサービスサイト（ジオメトリック・グラフィカル・スクロール連動のストーリー）","プロ（演出多め）"
"WEB-03200","アパレル・ファッションECのブランドサイト（ミニマル・洗練・散らばった写真コラージュ）","上級"
"WEB-03201","ゲーム・eスポーツのブランドサイト（ハンドメイド・手書き・散らばった写真コラージュ）","上級"
"WEB-03202","スクール・オンライン講座の採用サイト（ポップ・カラフル・スクロール連動のストーリー）","上級"
"WEB-03203","スクール・オンライン講座のスクール・教室サイト（クール・テック・画面2分割（写真｜コピー））","プロ（演出多め）"
"WEB-03204","コンサル・コーチングのブランドサイト（ラグジュアリー・高級感・全画面ループ動画）","上級"
"WEB-03205","観光・地域プロモーションのイベント・フェスサイト（ハンドメイド・手書き・縦書きコピー＋余白）","プロ（演出多め）"
"WEB-03206","音楽・ライブ・イベントのサービスサイト（ダーク・シネマティック・フェード/ズームのスライドショー）","上級"
"WEB-03207","保育園・幼児教育・習い事のコーポレートサイト（かわいい・ガーリー・フェード/ズームのスライドショー）","プロ（演出多め）"
"WEB-03208","NPO・地方自治体のコーポレートサイト（エディトリアル・雑誌風・スクロール連動のストーリー）","プロ（演出多め）"
"WEB-03209","保育園・幼児教育・習い事のオウンドメディア・ブログ（ハンドメイド・手書き・散らばった写真コラージュ）","プロ（演出多め）"
"WEB-03210","AIサービス・スタートアップのサービスサイト（かわいい・ガーリー・ローディング演出→ロゴ→メインビジュアル）","上級"
"WEB-03211","YouTuber・インフルエンサーのコーポレートサイト（ハンドメイド・手書き・フェード/ズームのスライドショー）","プロ（演出多め）"
"WEB-03212","YouTuber・インフルエンサーのポートフォリオ（個人/事務所）（ネオン・サイバー・巨大コピー＋小さな写真）","上級"
"WEB-03213","サウナ・温浴施設のホテル・旅館サイト（ニューブルータリズム・巨大コピー＋小さな写真）","上級"
"WEB-03214","コンサル・コーチングのオウンドメディア・ブログ（ラグジュアリー・高級感・ローディング演出→ロゴ→メインビジュアル）","上級"
"WEB-03215","英会話・語学のブランドサイト（ジオメトリック・グラフィカル・ローディング演出→ロゴ→メインビジュアル）","上級"
"WEB-03216","YouTuber・インフルエンサーのイベント・フェスサイト（ポップ・カラフル・画面2分割（写真｜コピー））","プロ（演出多め）"
"WEB-03217","金融・保険・投資のブランドサイト（クール・テック・全画面ループ動画）","プロ（演出多め）"
"WEB-03218","パーソナルジム・フィットネスの店舗サイト（飲食・美容・サロン）（クール・テック・ローディング演出→ロゴ→メインビジュアル）","上級"
"WEB-03219","ヨガ・ピラティスの採用サイト（北欧・ライフスタイル・ローディング演出→ロゴ→メインビジュアル）","プロ（演出多め）"
"WEB-03220","農業・地方の生産者のブランドサイト（ジオメトリック・グラフィカル・スクロール連動のストーリー）","プロ（演出多め）"
"WEB-03221","不動産・マンションの採用サイト（ダーク・シネマティック・画面2分割（写真｜コピー））","プロ（演出多め）"
"WEB-03222","美容クリニックのブランドサイト（ミニマル・洗練・ローディング演出→ロゴ→メインビジュアル）","プロ（演出多め）"
"WEB-03223","採用・求人のブランドサイト（エディトリアル・雑誌風・画面2分割（写真｜コピー））","プロ（演出多め）"
"WEB-03224","金融・保険・投資のオウンドメディア・ブログ（ミニマル・洗練・ローディング演出→ロゴ→メインビジュアル）","プロ（演出多め）"
"WEB-03225","Web制作・デザイン事務所のポートフォリオ（個人/事務所）（エディトリアル・雑誌風・フェード/ズームのスライドショー）","上級"
"WEB-03226","ヨガ・ピラティスの店舗サイト（飲食・美容・サロン）（ナチュラル・オーガニック・ローディング演出→ロゴ→メインビジュアル）","上級"
"WEB-03227","スマホアプリのコーポレートサイト（グラスモーフィズム・ローディング演出→ロゴ→メインビジュアル）","プロ（演出多め）"
"WEB-03228","歯科医院のブランドサイト（ミニマル・洗練・巨大コピー＋小さな写真）","プロ（演出多め）"
"WEB-03229","クラウドファンディング・新商品のオウンドメディア・ブログ（ダーク・シネマティック・巨大コピー＋小さな写真）","プロ（演出多め）"
"WEB-03230","金融・保険・投資のコーポレートサイト（信頼・誠実（コーポレート）・全画面ループ動画）","プロ（演出多め）"
"WEB-03231","英会話・語学の採用サイト（3D・クレイ・全画面ループ動画）","プロ（演出多め）"
"WEB-03232","英会話・語学のブランドサイト（ポップ・カラフル・スクロール連動のストーリー）","プロ（演出多め）"
"WEB-03233","ペット・トリミング・動物病院のコーポレートサイト（かわいい・ガーリー・ローディング演出→ロゴ→メインビジュアル）","上級"
"WEB-03234","美容室・ヘアサロンのコーポレートサイト（エディトリアル・雑誌風・ローディング演出→ロゴ→メインビジュアル）","上級"
"WEB-03235","保育園・幼児教育・習い事のオウンドメディア・ブログ（ナチュラル・オーガニック・散らばった写真コラージュ）","プロ（演出多め）"
"WEB-03236","建築設計事務所のオウンドメディア・ブログ（ジオメトリック・グラフィカル・散らばった写真コラージュ）","上級"
"WEB-03237","AIサービス・スタートアップのサービスサイト（ミニマル・洗練・散らばった写真コラージュ）","上級"
"WEB-03238","内科・クリニックのブランドサイト（信頼・誠実（コーポレート）・縦書きコピー＋余白）","プロ（演出多め）"
"WEB-03239","美容クリニックの採用サイト（ミニマル・洗練・全画面ループ動画）","上級"
"WEB-03240","YouTuber・インフルエンサーのサービスサイト（ネオン・サイバー・縦書きコピー＋余白）","プロ（演出多め）"
"WEB-03241","農業・地方の生産者のブランドサイト（ハンドメイド・手書き・縦書きコピー＋余白）","プロ（演出多め）"
"WEB-03242","内科・クリニックのオウンドメディア・ブログ（ナチュラル・オーガニック・フェード/ズームのスライドショー）","上級"
"WEB-03243","和菓子・スイーツのオウンドメディア・ブログ（かわいい・ガーリー・3Dオブジェクト/ジェネラティブ背景）","プロ（演出多め）"
"WEB-03244","金融・保険・投資のコーポレートサイト（信頼・誠実（コーポレート）・全画面ループ動画）","上級"
"WEB-03245","コスメ・スキンケアの採用サイト（ネオン・サイバー・巨大コピー＋小さな写真）","プロ（演出多め）"
"WEB-03246","クラウドファンディング・新商品のブランドサイト（ナチュラル・オーガニック・画面2分割（写真｜コピー））","プロ（演出多め）"
"WEB-03247","ゲーム・eスポーツの採用サイト（レトロ・Y2K・フェード/ズームのスライドショー）","プロ（演出多め）"
"WEB-03248","アパレル・ファッションECのコーポレートサイト（ナチュラル・オーガニック・3Dオブジェクト/ジェネラティブ背景）","プロ（演出多め）"
"WEB-03249","歯科医院のオウンドメディア・ブログ（ラグジュアリー・高級感・巨大コピー＋小さな写真）","プロ（演出多め）"
"WEB-03250","クラウドファンディング・新商品のコーポレートサイト（ナチュラル・オーガニック・画面2分割（写真｜コピー））","上級"
"WEB-03251","美容クリニックのサービスサイト（ラグジュアリー・高級感・ローディング演出→ロゴ→メインビジュアル）","上級"
"WEB-03252","ヨガ・ピラティスの採用サイト（北欧・ライフスタイル・縦書きコピー＋余白）","プロ（演出多め）"
"WEB-03253","食品・産直ECのオウンドメディア・ブログ（ナチュラル・オーガニック・巨大コピー＋小さな写真）","プロ（演出多め）"
"WEB-03254","ヨガ・ピラティスのコーポレートサイト（3D・クレイ・巨大コピー＋小さな写真）","上級"
"WEB-03255","歯科医院のオウンドメディア・ブログ（ミニマル・洗練・3Dオブジェクト/ジェネラティブ背景）","プロ（演出多め）"
"WEB-03256","金融・保険・投資のサービスサイト（クール・テック・ローディング演出→ロゴ→メインビジュアル）","上級"
"WEB-03257","英会話・語学のオウンドメディア・ブログ（ポップ・カラフル・画面2分割（写真｜コピー））","上級"
"WEB-03258","プログラミングスクールのスクール・教室サイト（ポップ・カラフル・散らばった写真コラージュ）","プロ（演出多め）"
"WEB-03259","ウェディング・結婚相談所のコーポレートサイト（ラグジュアリー・高級感・3Dオブジェクト/ジェネラティブ背景）","プロ（演出多め）"
"WEB-03260","NPO・地方自治体のブランドサイト（ジオメトリック・グラフィカル・3Dオブジェクト/ジェネラティブ背景）","上級"
"WEB-03261","スクール・オンライン講座の採用サイト（クール・テック・散らばった写真コラージュ）","上級"
"WEB-03262","自動車・バイクのコーポレートサイト（ラグジュアリー・高級感・フェード/ズームのスライドショー）","プロ（演出多め）"
"WEB-03263","カフェ・ベーカリーのオウンドメディア・ブログ（レトロ・Y2K・3Dオブジェクト/ジェネラティブ背景）","プロ（演出多め）"
"WEB-03264","士業（税理士・弁護士・行政書士）のブランドサイト（信頼・誠実（コーポレート）・ローディング演出→ロゴ→メインビジュアル）","プロ（演出多め）"
"WEB-03265","アパレル・ファッションECのオウンドメディア・ブログ（ミニマル・洗練・ローディング演出→ロゴ→メインビジュアル）","プロ（演出多め）"
"WEB-03266","コンサル・コーチングのコーポレートサイト（北欧・ライフスタイル・全画面ループ動画）","プロ（演出多め）"
"WEB-03267","パーソナルジム・フィットネスのスクール・教室サイト（エネルギッシュ・スポーティ・縦書きコピー＋余白）","プロ（演出多め）"
"WEB-03268","Web制作・デザイン事務所のオウンドメディア・ブログ（ダーク・シネマティック・スクロール連動のストーリー）","プロ（演出多め）"
"WEB-03269","ペット・トリミング・動物病院の店舗サイト（飲食・美容・サロン）（ハンドメイド・手書き・ローディング演出→ロゴ→メインビジュアル）","プロ（演出多め）"
"WEB-03270","歯科医院のコーポレートサイト（ナチュラル・オーガニック・巨大コピー＋小さな写真）","プロ（演出多め）"
"WEB-03271","英会話・語学のブランドサイト（3D・クレイ・画面2分割（写真｜コピー））","プロ（演出多め）"
"WEB-03272","カフェ・ベーカリーの採用サイト（ハンドメイド・手書き・全画面ループ動画）","プロ（演出多め）"
"WEB-03273","コスメ・スキンケアのコーポレートサイト（3D・クレイ・フェード/ズームのスライドショー）","上級"
"WEB-03274","内科・クリニックのクリニック・医院サイト（信頼・誠実（コーポレート）・巨大コピー＋小さな写真）","プロ（演出多め）"
"WEB-03275","美容室・ヘアサロンの採用サイト（ラグジュアリー・高級感・ローディング演出→ロゴ→メインビジュアル）","プロ（演出多め）"
"WEB-03276","食品・産直ECのECサイト（和モダン・縦書きコピー＋余白）","プロ（演出多め）"
"WEB-03277","占い・スピリチュアルの採用サイト（パステル・ドリーミー・スクロール連動のストーリー）","上級"
"WEB-03278","パーソナルジム・フィットネスのブランドサイト（ダーク・シネマティック・フェード/ズームのスライドショー）","上級"
"WEB-03279","引越し・生活サービスのサービスサイト（ナチュラル・オーガニック・3Dオブジェクト/ジェネラティブ背景）","上級"
"WEB-03280","コスメ・スキンケアの採用サイト（パステル・ドリーミー・全画面ループ動画）","プロ（演出多め）"
"WEB-03281","クラウドファンディング・新商品のECサイト（クール・テック・フェード/ズームのスライドショー）","プロ（演出多め）"
"WEB-03282","英会話・語学の採用サイト（ポップ・カラフル・散らばった写真コラージュ）","プロ（演出多め）"
"WEB-03283","歯科医院のブランドサイト（ダーク・シネマティック・散らばった写真コラージュ）","プロ（演出多め）"
"WEB-03284","Web制作・デザイン事務所の採用サイト（ニューブルータリズム・画面2分割（写真｜コピー））","プロ（演出多め）"
"WEB-03285","占い・スピリチュアルのコーポレートサイト（パステル・ドリーミー・巨大コピー＋小さな写真）","プロ（演出多め）"
"WEB-03286","サウナ・温浴施設の採用サイト（レトロ・Y2K・縦書きコピー＋余白）","プロ（演出多め）"
"WEB-03287","食品・産直ECのECサイト（エディトリアル・雑誌風・巨大コピー＋小さな写真）","上級"
"WEB-03288","観光・地域プロモーションのイベント・フェスサイト（ハンドメイド・手書き・画面2分割（写真｜コピー））","上級"
"WEB-03289","ゲーム・eスポーツのブランドサイト（レトロ・Y2K・ローディング演出→ロゴ→メインビジュアル）","プロ（演出多め）"
"WEB-03290","プログラミングスクールのコーポレートサイト（ネオン・サイバー・フェード/ズームのスライドショー）","上級"
"WEB-03291","工務店・注文住宅・リフォームの採用サイト（ミニマル・洗練・ローディング演出→ロゴ→メインビジュアル）","上級"
"WEB-03292","カフェ・ベーカリーのサービスサイト（ラグジュアリー・高級感・フェード/ズームのスライドショー）","上級"
"WEB-03293","レストラン・居酒屋のサービスサイト（ラグジュアリー・高級感・散らばった写真コラージュ）","プロ（演出多め）"
"WEB-03294","内科・クリニックのクリニック・医院サイト（信頼・誠実（コーポレート）・全画面ループ動画）","プロ（演出多め）"
"WEB-03295","自動車・バイクの採用サイト（クール・テック・全画面ループ動画）","上級"
"WEB-03296","NPO・地方自治体のブランドサイト（ジオメトリック・グラフィカル・散らばった写真コラージュ）","プロ（演出多め）"
"WEB-03297","不動産・マンションのコーポレートサイト（クール・テック・巨大コピー＋小さな写真）","上級"
"WEB-03298","占い・スピリチュアルのサービスサイト（和モダン・ローディング演出→ロゴ→メインビジュアル）","プロ（演出多め）"
"WEB-03299","Web制作・デザイン事務所のサービスサイト（エディトリアル・雑誌風・縦書きコピー＋余白）","プロ（演出多め）"
"WEB-03300","クラウドファンディング・新商品のECサイト（クール・テック・散らばった写真コラージュ）","プロ（演出多め）"
"WEB-03301","サウナ・温浴施設のオウンドメディア・ブログ（ニューブルータリズム・ローディング演出→ロゴ→メインビジュアル）","プロ（演出多め）"
"WEB-03302","内科・クリニックのサービスサイト（ナチュラル・オーガニック・巨大コピー＋小さな写真）","上級"
"WEB-03303","自動車・バイクのサービスサイト（ダーク・シネマティック・散らばった写真コラージュ）","上級"
"WEB-03304","和菓子・スイーツのECサイト（エネルギッシュ・スポーティ・巨大コピー＋小さな写真）","プロ（演出多め）"
"WEB-03305","Web制作・デザイン事務所のオウンドメディア・ブログ（ダーク・シネマティック・3Dオブジェクト/ジェネラティブ背景）","上級"
"WEB-03306","引越し・生活サービスのブランドサイト（ネオン・サイバー・全画面ループ動画）","プロ（演出多め）"
"WEB-03307","NPO・地方自治体の採用サイト（ハンドメイド・手書き・スクロール連動のストーリー）","プロ（演出多め）"
"WEB-03308","ウェディング・結婚相談所の採用サイト（ラグジュアリー・高級感・巨大コピー＋小さな写真）","プロ（演出多め）"
"WEB-03309","保育園・幼児教育・習い事のスクール・教室サイト（ナチュラル・オーガニック・縦書きコピー＋余白）","プロ（演出多め）"
"WEB-03310","サウナ・温浴施設のオウンドメディア・ブログ（レトロ・Y2K・ローディング演出→ロゴ→メインビジュアル）","上級"
"WEB-03311","SaaS・BtoBツールのコーポレートサイト（ミニマル・洗練・散らばった写真コラージュ）","上級"
"WEB-03312","SaaS・BtoBツールのブランドサイト（ミニマル・洗練・画面2分割（写真｜コピー））","プロ（演出多め）"
"WEB-03313","金融・保険・投資のブランドサイト（ニューブルータリズム・画面2分割（写真｜コピー））","上級"
"WEB-03314","クラウドファンディング・新商品のサービスサイト（ポップ・カラフル・3Dオブジェクト/ジェネラティブ背景）","プロ（演出多め）"
"WEB-03315","NPO・地方自治体のイベント・フェスサイト（ナチュラル・オーガニック・散らばった写真コラージュ）","プロ（演出多め）"
"WEB-03316","工務店・注文住宅・リフォームのコーポレートサイト（ミニマル・洗練・画面2分割（写真｜コピー））","プロ（演出多め）"
"WEB-03317","Web制作・デザイン事務所のポートフォリオ（個人/事務所）（北欧・ライフスタイル・縦書きコピー＋余白）","上級"
"WEB-03318","保育園・幼児教育・習い事のオウンドメディア・ブログ（ハンドメイド・手書き・ローディング演出→ロゴ→メインビジュアル）","プロ（演出多め）"
"WEB-03319","美容クリニックのクリニック・医院サイト（ラグジュアリー・高級感・3Dオブジェクト/ジェネラティブ背景）","プロ（演出多め）"
"WEB-03320","パーソナルジム・フィットネスのオウンドメディア・ブログ（クール・テック・縦書きコピー＋余白）","プロ（演出多め）"
"WEB-03321","YouTuber・インフルエンサーのブランドサイト（ネオン・サイバー・フェード/ズームのスライドショー）","上級"
"WEB-03322","レストラン・居酒屋の店舗サイト（飲食・美容・サロン）（ラグジュアリー・高級感・フェード/ズームのスライドショー）","プロ（演出多め）"
"WEB-03323","アパレル・ファッションECのコーポレートサイト（レトロ・Y2K・全画面ループ動画）","プロ（演出多め）"
"WEB-03324","音楽・ライブ・イベントのブランドサイト（レトロ・Y2K・散らばった写真コラージュ）","プロ（演出多め）"
"WEB-03325","占い・スピリチュアルのオウンドメディア・ブログ（パステル・ドリーミー・3Dオブジェクト/ジェネラティブ背景）","プロ（演出多め）"
"WEB-03326","食品・産直ECのECサイト（ハンドメイド・手書き・全画面ループ動画）","プロ（演出多め）"
"WEB-03327","建築設計事務所の採用サイト（エネルギッシュ・スポーティ・全画面ループ動画）","プロ（演出多め）"
"WEB-03328","YouTuber・インフルエンサーのイベント・フェスサイト（和モダン・ローディング演出→ロゴ→メインビジュアル）","プロ（演出多め）"
"WEB-03329","NPO・地方自治体の自治体・観光協会サイト（ジオメトリック・グラフィカル・全画面ループ動画）","上級"
"WEB-03330","レストラン・居酒屋のサービスサイト（ポップ・カラフル・散らばった写真コラージュ）","プロ（演出多め）"
"WEB-03331","ペット・トリミング・動物病院のサービスサイト（ナチュラル・オーガニック・縦書きコピー＋余白）","上級"
"WEB-03332","ペット・トリミング・動物病院の店舗サイト（飲食・美容・サロン）（かわいい・ガーリー・散らばった写真コラージュ）","プロ（演出多め）"
"WEB-03333","エステ・脱毛サロンの店舗サイト（飲食・美容・サロン）（かわいい・ガーリー・スクロール連動のストーリー）","プロ（演出多め）"
"WEB-03334","Web制作・デザイン事務所のブランドサイト（クール・テック・画面2分割（写真｜コピー））","プロ（演出多め）"
"WEB-03335","コンサル・コーチングのサービスサイト（信頼・誠実（コーポレート）・散らばった写真コラージュ）","プロ（演出多め）"
"WEB-03336","士業（税理士・弁護士・行政書士）のオウンドメディア・ブログ（信頼・誠実（コーポレート）・フェード/ズームのスライドショー）","プロ（演出多め）"
"WEB-03337","エステ・脱毛サロンの店舗サイト（飲食・美容・サロン）（かわいい・ガーリー・画面2分割（写真｜コピー））","プロ（演出多め）"
"WEB-03338","クラウドファンディング・新商品のサービスサイト（ナチュラル・オーガニック・巨大コピー＋小さな写真）","プロ（演出多め）"
"WEB-03339","採用・求人のサービスサイト（エネルギッシュ・スポーティ・縦書きコピー＋余白）","上級"
"WEB-03340","プログラミングスクールの採用サイト（ポップ・カラフル・フェード/ズームのスライドショー）","上級"
"WEB-03341","ホテル・旅館のブランドサイト（ラグジュアリー・高級感・散らばった写真コラージュ）","プロ（演出多め）"
"WEB-03342","士業（税理士・弁護士・行政書士）のブランドサイト（和モダン・スクロール連動のストーリー）","プロ（演出多め）"
"WEB-03343","英会話・語学のブランドサイト（3D・クレイ・スクロール連動のストーリー）","プロ（演出多め）"
"WEB-03344","プログラミングスクールのサービスサイト（ネオン・サイバー・ローディング演出→ロゴ→メインビジュアル）","プロ（演出多め）"
"WEB-03345","英会話・語学のオウンドメディア・ブログ（信頼・誠実（コーポレート）・フェード/ズームのスライドショー）","上級"
"WEB-03346","プログラミングスクールのスクール・教室サイト（ポップ・カラフル・全画面ループ動画）","上級"
"WEB-03347","レストラン・居酒屋のオウンドメディア・ブログ（ポップ・カラフル・スクロール連動のストーリー）","上級"
"WEB-03348","スクール・オンライン講座のオウンドメディア・ブログ（ポップ・カラフル・画面2分割（写真｜コピー））","上級"
"WEB-03349","不動産・マンションのサービスサイト（ダーク・シネマティック・ローディング演出→ロゴ→メインビジュアル）","上級"
"WEB-03350","美容室・ヘアサロンの採用サイト（かわいい・ガーリー・全画面ループ動画）","プロ（演出多め）"
"WEB-03351","工務店・注文住宅・リフォームのブランドサイト（北欧・ライフスタイル・スクロール連動のストーリー）","プロ（演出多め）"
"WEB-03352","ウェディング・結婚相談所のブランドサイト（ニューブルータリズム・巨大コピー＋小さな写真）","上級"
"WEB-03353","スクール・オンライン講座のオウンドメディア・ブログ（3D・クレイ・スクロール連動のストーリー）","プロ（演出多め）"
"WEB-03354","美容クリニックのブランドサイト（信頼・誠実（コーポレート）・画面2分割（写真｜コピー））","プロ（演出多め）"
"WEB-03355","ペット・トリミング・動物病院のクリニック・医院サイト（ナチュラル・オーガニック・全画面ループ動画）","プロ（演出多め）"
"WEB-03356","スマホアプリのオウンドメディア・ブログ（和モダン・巨大コピー＋小さな写真）","プロ（演出多め）"
"WEB-03357","アパレル・ファッションECのECサイト（エディトリアル・雑誌風・フェード/ズームのスライドショー）","プロ（演出多め）"
"WEB-03358","英会話・語学のオウンドメディア・ブログ（3D・クレイ・全画面ループ動画）","プロ（演出多め）"
"WEB-03359","エステ・脱毛サロンの店舗サイト（飲食・美容・サロン）（パステル・ドリーミー・画面2分割（写真｜コピー））","上級"
"WEB-03360","ゲーム・eスポーツのイベント・フェスサイト（ダーク・シネマティック・フェード/ズームのスライドショー）","プロ（演出多め）"
"WEB-03361","食品・産直ECのECサイト（ハンドメイド・手書き・3Dオブジェクト/ジェネラティブ背景）","プロ（演出多め）"
"WEB-03362","不動産・マンションのコーポレートサイト（ミニマル・洗練・フェード/ズームのスライドショー）","プロ（演出多め）"
"WEB-03363","スクール・オンライン講座の採用サイト（信頼・誠実（コーポレート）・巨大コピー＋小さな写真）","上級"
"WEB-03364","エステ・脱毛サロンのコーポレートサイト（かわいい・ガーリー・全画面ループ動画）","プロ（演出多め）"
"WEB-03365","金融・保険・投資のブランドサイト（和モダン・散らばった写真コラージュ）","上級"
"WEB-03366","引越し・生活サービスのオウンドメディア・ブログ（ポップ・カラフル・画面2分割（写真｜コピー））","上級"
"WEB-03367","ゲーム・eスポーツのコーポレートサイト（クール・テック・全画面ループ動画）","上級"
"WEB-03368","美容クリニックの採用サイト（ラグジュアリー・高級感・巨大コピー＋小さな写真）","プロ（演出多め）"
"WEB-03369","農業・地方の生産者のサービスサイト（ハンドメイド・手書き・散らばった写真コラージュ）","プロ（演出多め）"
"WEB-03370","内科・クリニックのサービスサイト（ナチュラル・オーガニック・全画面ループ動画）","プロ（演出多め）"
"WEB-03371","士業（税理士・弁護士・行政書士）のオウンドメディア・ブログ（和モダン・スクロール連動のストーリー）","上級"
"WEB-03372","ペット・トリミング・動物病院のブランドサイト（3D・クレイ・ローディング演出→ロゴ→メインビジュアル）","プロ（演出多め）"
"WEB-03373","ホテル・旅館のブランドサイト（ミニマル・洗練・縦書きコピー＋余白）","プロ（演出多め）"
"WEB-03374","エステ・脱毛サロンの店舗サイト（飲食・美容・サロン）（ラグジュアリー・高級感・画面2分割（写真｜コピー））","プロ（演出多め）"
"WEB-03375","美容クリニックのブランドサイト（ミニマル・洗練・巨大コピー＋小さな写真）","プロ（演出多め）"
"WEB-03376","音楽・ライブ・イベントのオウンドメディア・ブログ（ニューブルータリズム・3Dオブジェクト/ジェネラティブ背景）","プロ（演出多め）"
"WEB-03377","ホテル・旅館のコーポレートサイト（ダーク・シネマティック・スクロール連動のストーリー）","プロ（演出多め）"
"WEB-03378","農業・地方の生産者のブランドサイト（グラスモーフィズム・散らばった写真コラージュ）","プロ（演出多め）"
"WEB-03379","食品・産直ECのECサイト（ナチュラル・オーガニック・巨大コピー＋小さな写真）","プロ（演出多め）"
"WEB-03380","美容室・ヘアサロンのポートフォリオ（個人/事務所）（エネルギッシュ・スポーティ・スクロール連動のストーリー）","上級"
"WEB-03381","パーソナルジム・フィットネスの店舗サイト（飲食・美容・サロン）（信頼・誠実（コーポレート）・スクロール連動のストーリー）","プロ（演出多め）"
"WEB-03382","エステ・脱毛サロンのコーポレートサイト（ミニマル・洗練・散らばった写真コラージュ）","プロ（演出多め）"
"WEB-03383","観光・地域プロモーションのホテル・旅館サイト（信頼・誠実（コーポレート）・ローディング演出→ロゴ→メインビジュアル）","上級"
"WEB-03384","SaaS・BtoBツールの採用サイト（グラスモーフィズム・画面2分割（写真｜コピー））","プロ（演出多め）"
"WEB-03385","サウナ・温浴施設のコーポレートサイト（ナチュラル・オーガニック・巨大コピー＋小さな写真）","上級"
"WEB-03386","和菓子・スイーツのECサイト（かわいい・ガーリー・全画面ループ動画）","プロ（演出多め）"
"WEB-03387","音楽・ライブ・イベントの採用サイト（ネオン・サイバー・3Dオブジェクト/ジェネラティブ背景）","プロ（演出多め）"
"WEB-03388","YouTuber・インフルエンサーのポートフォリオ（個人/事務所）（ネオン・サイバー・ローディング演出→ロゴ→メインビジュアル）","プロ（演出多め）"
"WEB-03389","ヨガ・ピラティスのコーポレートサイト（ミニマル・洗練・スクロール連動のストーリー）","プロ（演出多め）"
"WEB-03390","Web制作・デザイン事務所のオウンドメディア・ブログ（クール・テック・全画面ループ動画）","上級"
"WEB-03391","採用・求人のオウンドメディア・ブログ（ミニマル・洗練・3Dオブジェクト/ジェネラティブ背景）","プロ（演出多め）"
"WEB-03392","美容室・ヘアサロンの採用サイト（ミニマル・洗練・スクロール連動のストーリー）","プロ（演出多め）"
"WEB-03393","保育園・幼児教育・習い事のブランドサイト（ポップ・カラフル・縦書きコピー＋余白）","プロ（演出多め）"
"WEB-03394","アパレル・ファッションECの採用サイト（エディトリアル・雑誌風・散らばった写真コラージュ）","上級"
"WEB-03395","士業（税理士・弁護士・行政書士）のサービスサイト（和モダン・全画面ループ動画）","プロ（演出多め）"
"WEB-03396","コスメ・スキンケアのサービスサイト（ラグジュアリー・高級感・巨大コピー＋小さな写真）","プロ（演出多め）"
"WEB-03397","観光・地域プロモーションのコーポレートサイト（和モダン・巨大コピー＋小さな写真）","プロ（演出多め）"
"WEB-03398","Web制作・デザイン事務所のサービスサイト（エディトリアル・雑誌風・巨大コピー＋小さな写真）","上級"
"WEB-03399","金融・保険・投資のブランドサイト（ミニマル・洗練・スクロール連動のストーリー）","プロ（演出多め）"
"WEB-03400","Web制作・デザイン事務所のオウンドメディア・ブログ（クール・テック・フェード/ズームのスライドショー）","プロ（演出多め）"
"WEB-03401","内科・クリニックの採用サイト（信頼・誠実（コーポレート）・スクロール連動のストーリー）","プロ（演出多め）"
"WEB-03402","プログラミングスクールのブランドサイト（ポップ・カラフル・スクロール連動のストーリー）","プロ（演出多め）"
"WEB-03403","NPO・地方自治体のオウンドメディア・ブログ（ナチュラル・オーガニック・散らばった写真コラージュ）","プロ（演出多め）"
"WEB-03404","美容クリニックのクリニック・医院サイト（ミニマル・洗練・3Dオブジェクト/ジェネラティブ背景）","プロ（演出多め）"
"WEB-03405","美容クリニックの店舗サイト（飲食・美容・サロン）（ミニマル・洗練・ローディング演出→ロゴ→メインビジュアル）","プロ（演出多め）"
"WEB-03406","自動車・バイクのオウンドメディア・ブログ（クール・テック・巨大コピー＋小さな写真）","プロ（演出多め）"
"WEB-03407","ヨガ・ピラティスのサービスサイト（ミニマル・洗練・画面2分割（写真｜コピー））","上級"
"WEB-03408","不動産・マンションのオウンドメディア・ブログ（エネルギッシュ・スポーティ・巨大コピー＋小さな写真）","プロ（演出多め）"
"WEB-03409","ゲーム・eスポーツのオウンドメディア・ブログ（エネルギッシュ・スポーティ・ローディング演出→ロゴ→メインビジュアル）","プロ（演出多め）"
"WEB-03410","プログラミングスクールのオウンドメディア・ブログ（3D・クレイ・3Dオブジェクト/ジェネラティブ背景）","上級"
"WEB-03411","農業・地方の生産者のサービスサイト（ネオン・サイバー・全画面ループ動画）","プロ（演出多め）"
"WEB-03412","自動車・バイクのブランドサイト（ハンドメイド・手書き・3Dオブジェクト/ジェネラティブ背景）","プロ（演出多め）"
"WEB-03413","ペット・トリミング・動物病院のコーポレートサイト（ハンドメイド・手書き・縦書きコピー＋余白）","プロ（演出多め）"
"WEB-03414","内科・クリニックのオウンドメディア・ブログ（信頼・誠実（コーポレート）・巨大コピー＋小さな写真）","プロ（演出多め）"
"WEB-03415","カフェ・ベーカリーの採用サイト（ナチュラル・オーガニック・全画面ループ動画）","プロ（演出多め）"
"WEB-03416","サウナ・温浴施設のサービスサイト（ナチュラル・オーガニック・散らばった写真コラージュ）","上級"
"WEB-03417","ウェディング・結婚相談所の採用サイト（パステル・ドリーミー・全画面ループ動画）","プロ（演出多め）"
"WEB-03418","建築設計事務所のサービスサイト（ジオメトリック・グラフィカル・散らばった写真コラージュ）","プロ（演出多め）"
"WEB-03419","食品・産直ECのECサイト（和モダン・巨大コピー＋小さな写真）","プロ（演出多め）"
"WEB-03420","引越し・生活サービスのコーポレートサイト（3D・クレイ・散らばった写真コラージュ）","プロ（演出多め）"
"WEB-03421","ホテル・旅館のオウンドメディア・ブログ（クール・テック・縦書きコピー＋余白）","プロ（演出多め）"
"WEB-03422","保育園・幼児教育・習い事のコーポレートサイト（ナチュラル・オーガニック・縦書きコピー＋余白）","プロ（演出多め）"
"WEB-03423","プログラミングスクールの採用サイト（3D・クレイ・散らばった写真コラージュ）","プロ（演出多め）"
"WEB-03424","スマホアプリのブランドサイト（ポップ・カラフル・全画面ループ動画）","プロ（演出多め）"
"WEB-03425","エステ・脱毛サロンの店舗サイト（飲食・美容・サロン）（信頼・誠実（コーポレート）・フェード/ズームのスライドショー）","上級"
"WEB-03426","YouTuber・インフルエンサーのコーポレートサイト（ポップ・カラフル・散らばった写真コラージュ）","プロ（演出多め）"
"WEB-03427","金融・保険・投資のオウンドメディア・ブログ（信頼・誠実（コーポレート）・ローディング演出→ロゴ→メインビジュアル）","プロ（演出多め）"
"WEB-03428","ペット・トリミング・動物病院のサービスサイト（ハンドメイド・手書き・散らばった写真コラージュ）","プロ（演出多め）"
"WEB-03429","ヨガ・ピラティスの店舗サイト（飲食・美容・サロン）（パステル・ドリーミー・スクロール連動のストーリー）","上級"
"WEB-03430","プログラミングスクールのサービスサイト（クール・テック・ローディング演出→ロゴ→メインビジュアル）","プロ（演出多め）"
"WEB-03431","採用・求人のサービスサイト（ジオメトリック・グラフィカル・ローディング演出→ロゴ→メインビジュアル）","プロ（演出多め）"
"WEB-03432","採用・求人のブランドサイト（ジオメトリック・グラフィカル・散らばった写真コラージュ）","プロ（演出多め）"
"WEB-03433","ウェディング・結婚相談所のコーポレートサイト（パステル・ドリーミー・縦書きコピー＋余白）","上級"
"WEB-03434","士業（税理士・弁護士・行政書士）のサービスサイト（ミニマル・洗練・散らばった写真コラージュ）","上級"
"WEB-03435","プログラミングスクールのスクール・教室サイト（ポップ・カラフル・画面2分割（写真｜コピー））","上級"
"WEB-03436","AIサービス・スタートアップのサービスサイト（グラスモーフィズム・縦書きコピー＋余白）","プロ（演出多め）"
"WEB-03437","士業（税理士・弁護士・行政書士）のブランドサイト（ミニマル・洗練・画面2分割（写真｜コピー））","上級"
"WEB-03438","士業（税理士・弁護士・行政書士）のオウンドメディア・ブログ（信頼・誠実（コーポレート）・フェード/ズームのスライドショー）","上級"
"WEB-03439","AIサービス・スタートアップの採用サイト（クール・テック・スクロール連動のストーリー）","プロ（演出多め）"
"WEB-03440","エステ・脱毛サロンのサービスサイト（ラグジュアリー・高級感・ローディング演出→ロゴ→メインビジュアル）","プロ（演出多め）"
"WEB-03441","スマホアプリのコーポレートサイト（ポップ・カラフル・3Dオブジェクト/ジェネラティブ背景）","上級"
"WEB-03442","スマホアプリのコーポレートサイト（グラスモーフィズム・画面2分割（写真｜コピー））","上級"
"WEB-03443","プログラミングスクールのコーポレートサイト（3D・クレイ・巨大コピー＋小さな写真）","プロ（演出多め）"
"WEB-03444","採用・求人の採用サイト（エネルギッシュ・スポーティ・画面2分割（写真｜コピー））","プロ（演出多め）"
"WEB-03445","ヨガ・ピラティスのブランドサイト（ミニマル・洗練・スクロール連動のストーリー）","上級"
"WEB-03446","レストラン・居酒屋のコーポレートサイト（レトロ・Y2K・フェード/ズームのスライドショー）","プロ（演出多め）"
"WEB-03447","AIサービス・スタートアップのオウンドメディア・ブログ（クール・テック・縦書きコピー＋余白）","プロ（演出多め）"
"WEB-03448","士業（税理士・弁護士・行政書士）のオウンドメディア・ブログ（ナチュラル・オーガニック・全画面ループ動画）","上級"
"WEB-03449","内科・クリニックのサービスサイト（ミニマル・洗練・全画面ループ動画）","プロ（演出多め）"
"WEB-03450","自動車・バイクのブランドサイト（ダーク・シネマティック・3Dオブジェクト/ジェネラティブ背景）","プロ（演出多め）"
"WEB-03451","和菓子・スイーツのサービスサイト（ナチュラル・オーガニック・散らばった写真コラージュ）","上級"
"WEB-03452","内科・クリニックのオウンドメディア・ブログ（グラスモーフィズム・全画面ループ動画）","上級"
"WEB-03453","歯科医院のブランドサイト（信頼・誠実（コーポレート）・全画面ループ動画）","プロ（演出多め）"
"WEB-03454","観光・地域プロモーションのホテル・旅館サイト（ナチュラル・オーガニック・スクロール連動のストーリー）","上級"
"WEB-03455","和菓子・スイーツの採用サイト（エディトリアル・雑誌風・散らばった写真コラージュ）","プロ（演出多め）"
"WEB-03456","AIサービス・スタートアップのオウンドメディア・ブログ（ミニマル・洗練・画面2分割（写真｜コピー））","プロ（演出多め）"
"WEB-03457","和菓子・スイーツのオウンドメディア・ブログ（かわいい・ガーリー・全画面ループ動画）","プロ（演出多め）"
"WEB-03458","クラウドファンディング・新商品のECサイト（ナチュラル・オーガニック・全画面ループ動画）","プロ（演出多め）"
"WEB-03459","農業・地方の生産者の採用サイト（ナチュラル・オーガニック・画面2分割（写真｜コピー））","プロ（演出多め）"
"WEB-03460","カフェ・ベーカリーのサービスサイト（ダーク・シネマティック・スクロール連動のストーリー）","プロ（演出多め）"
"WEB-03461","観光・地域プロモーションのコーポレートサイト（ハンドメイド・手書き・全画面ループ動画）","プロ（演出多め）"
"WEB-03462","自動車・バイクのコーポレートサイト（ポップ・カラフル・スクロール連動のストーリー）","上級"
"WEB-03463","占い・スピリチュアルのオウンドメディア・ブログ（ネオン・サイバー・フェード/ズームのスライドショー）","プロ（演出多め）"
"WEB-03464","引越し・生活サービスのサービスサイト（ジオメトリック・グラフィカル・フェード/ズームのスライドショー）","プロ（演出多め）"
"WEB-03465","金融・保険・投資の採用サイト（信頼・誠実（コーポレート）・巨大コピー＋小さな写真）","プロ（演出多め）"
"WEB-03466","Web制作・デザイン事務所のポートフォリオ（個人/事務所）（エディトリアル・雑誌風・スクロール連動のストーリー）","プロ（演出多め）"
"WEB-03467","ヨガ・ピラティスのオウンドメディア・ブログ（ナチュラル・オーガニック・3Dオブジェクト/ジェネラティブ背景）","上級"
"WEB-03468","自動車・バイクの採用サイト（ラグジュアリー・高級感・フェード/ズームのスライドショー）","プロ（演出多め）"
"WEB-03469","YouTuber・インフルエンサーのポートフォリオ（個人/事務所）（ポップ・カラフル・全画面ループ動画）","プロ（演出多め）"
"WEB-03470","ペット・トリミング・動物病院のサービスサイト（ハンドメイド・手書き・ローディング演出→ロゴ→メインビジュアル）","プロ（演出多め）"
"WEB-03471","採用・求人のコーポレートサイト（エネルギッシュ・スポーティ・スクロール連動のストーリー）","プロ（演出多め）"
"WEB-03472","コスメ・スキンケアのブランドサイト（パステル・ドリーミー・散らばった写真コラージュ）","プロ（演出多め）"
"WEB-03473","NPO・地方自治体の採用サイト（信頼・誠実（コーポレート）・ローディング演出→ロゴ→メインビジュアル）","上級"
"WEB-03474","食品・産直ECのオウンドメディア・ブログ（ダーク・シネマティック・画面2分割（写真｜コピー））","プロ（演出多め）"
"WEB-03475","歯科医院のコーポレートサイト（ミニマル・洗練・ローディング演出→ロゴ→メインビジュアル）","プロ（演出多め）"
"WEB-03476","レストラン・居酒屋の採用サイト（ラグジュアリー・高級感・フェード/ズームのスライドショー）","プロ（演出多め）"
"WEB-03477","ホテル・旅館のオウンドメディア・ブログ（ダーク・シネマティック・散らばった写真コラージュ）","上級"
"WEB-03478","採用・求人のサービスサイト（信頼・誠実（コーポレート）・全画面ループ動画）","上級"
"WEB-03479","プログラミングスクールのサービスサイト（ポップ・カラフル・縦書きコピー＋余白）","プロ（演出多め）"
"WEB-03480","採用・求人のオウンドメディア・ブログ（ジオメトリック・グラフィカル・ローディング演出→ロゴ→メインビジュアル）","プロ（演出多め）"
"WEB-03481","不動産・マンションのサービスサイト（ダーク・シネマティック・3Dオブジェクト/ジェネラティブ背景）","プロ（演出多め）"
"WEB-03482","ペット・トリミング・動物病院のサービスサイト（ナチュラル・オーガニック・画面2分割（写真｜コピー））","プロ（演出多め）"
"WEB-03483","ホテル・旅館のサービスサイト（和モダン・3Dオブジェクト/ジェネラティブ背景）","プロ（演出多め）"
"WEB-03484","NPO・地方自治体のオウンドメディア・ブログ（信頼・誠実（コーポレート）・スクロール連動のストーリー）","プロ（演出多め）"
"WEB-03485","ウェディング・結婚相談所のオウンドメディア・ブログ（パステル・ドリーミー・3Dオブジェクト/ジェネラティブ背景）","プロ（演出多め）"
"WEB-03486","Web制作・デザイン事務所のブランドサイト（ジオメトリック・グラフィカル・全画面ループ動画）","プロ（演出多め）"
"WEB-03487","音楽・ライブ・イベントのオウンドメディア・ブログ（ダーク・シネマティック・全画面ループ動画）","プロ（演出多め）"
"WEB-03488","建築設計事務所のブランドサイト（エディトリアル・雑誌風・巨大コピー＋小さな写真）","プロ（演出多め）"
"WEB-03489","和菓子・スイーツのブランドサイト（パステル・ドリーミー・全画面ループ動画）","プロ（演出多め）"
"WEB-03490","コスメ・スキンケアのサービスサイト（グラスモーフィズム・巨大コピー＋小さな写真）","プロ（演出多め）"
"WEB-03491","美容クリニックの店舗サイト（飲食・美容・サロン）（ラグジュアリー・高級感・縦書きコピー＋余白）","プロ（演出多め）"
"WEB-03492","カフェ・ベーカリーのコーポレートサイト（エディトリアル・雑誌風・巨大コピー＋小さな写真）","プロ（演出多め）"
"WEB-03493","ヨガ・ピラティスのサービスサイト（パステル・ドリーミー・画面2分割（写真｜コピー））","上級"
"WEB-03494","SaaS・BtoBツールのサービスサイト（クール・テック・ローディング演出→ロゴ→メインビジュアル）","プロ（演出多め）"
"WEB-03495","和菓子・スイーツの店舗サイト（飲食・美容・サロン）（エディトリアル・雑誌風・フェード/ズームのスライドショー）","プロ（演出多め）"
"WEB-03496","歯科医院のサービスサイト（ハンドメイド・手書き・縦書きコピー＋余白）","プロ（演出多め）"
"WEB-03497","内科・クリニックのコーポレートサイト（ナチュラル・オーガニック・全画面ループ動画）","上級"
"WEB-03498","レストラン・居酒屋のコーポレートサイト（レトロ・Y2K・散らばった写真コラージュ）","上級"
"WEB-03499","不動産・マンションのサービスサイト（信頼・誠実（コーポレート）・ローディング演出→ロゴ→メインビジュアル）","プロ（演出多め）"
"WEB-03500","占い・スピリチュアルのサービスサイト（パステル・ドリーミー・3Dオブジェクト/ジェネラティブ背景）","プロ（演出多め）"
"WEB-03501","サウナ・温浴施設のコーポレートサイト（和モダン・3Dオブジェクト/ジェネラティブ背景）","プロ（演出多め）"
"WEB-03502","歯科医院のブランドサイト（ナチュラル・オーガニック・縦書きコピー＋余白）","プロ（演出多め）"
"WEB-03503","美容クリニックのクリニック・医院サイト（信頼・誠実（コーポレート）・巨大コピー＋小さな写真）","プロ（演出多め）"
"WEB-03504","農業・地方の生産者のサービスサイト（ナチュラル・オーガニック・散らばった写真コラージュ）","プロ（演出多め）"
"WEB-03505","食品・産直ECの採用サイト（和モダン・3Dオブジェクト/ジェネラティブ背景）","プロ（演出多め）"
"WEB-03506","コンサル・コーチングの採用サイト（ラグジュアリー・高級感・全画面ループ動画）","プロ（演出多め）"
"WEB-03507","YouTuber・インフルエンサーのポートフォリオ（個人/事務所）（ネオン・サイバー・3Dオブジェクト/ジェネラティブ背景）","上級"
"WEB-03508","和菓子・スイーツの店舗サイト（飲食・美容・サロン）（かわいい・ガーリー・3Dオブジェクト/ジェネラティブ背景）","プロ（演出多め）"
"WEB-03509","パーソナルジム・フィットネスのコーポレートサイト（ダーク・シネマティック・フェード/ズームのスライドショー）","プロ（演出多め）"
"WEB-03510","英会話・語学のスクール・教室サイト（3D・クレイ・ローディング演出→ロゴ→メインビジュアル）","上級"
"WEB-03511","アパレル・ファッションECのコーポレートサイト（レトロ・Y2K・画面2分割（写真｜コピー））","プロ（演出多め）"
"WEB-03512","プログラミングスクールのコーポレートサイト（ポップ・カラフル・スクロール連動のストーリー）","プロ（演出多め）"
"WEB-03513","ゲーム・eスポーツのコーポレートサイト（エネルギッシュ・スポーティ・フェード/ズームのスライドショー）","プロ（演出多め）"
"WEB-03514","スマホアプリのサービスサイト（ダーク・シネマティック・巨大コピー＋小さな写真）","プロ（演出多め）"
"WEB-03515","歯科医院のクリニック・医院サイト（ナチュラル・オーガニック・散らばった写真コラージュ）","プロ（演出多め）"
"WEB-03516","ヨガ・ピラティスのコーポレートサイト（パステル・ドリーミー・スクロール連動のストーリー）","上級"
"WEB-03517","音楽・ライブ・イベントのオウンドメディア・ブログ（ダーク・シネマティック・フェード/ズームのスライドショー）","上級"
"WEB-03518","占い・スピリチュアルのサービスサイト（ハンドメイド・手書き・散らばった写真コラージュ）","プロ（演出多め）"
"WEB-03519","不動産・マンションの採用サイト（ラグジュアリー・高級感・3Dオブジェクト/ジェネラティブ背景）","プロ（演出多め）"
"WEB-03520","建築設計事務所のブランドサイト（ハンドメイド・手書き・スクロール連動のストーリー）","上級"
"WEB-03521","カフェ・ベーカリーのオウンドメディア・ブログ（ナチュラル・オーガニック・3Dオブジェクト/ジェネラティブ背景）","プロ（演出多め）"
"WEB-03522","ウェディング・結婚相談所の採用サイト（ナチュラル・オーガニック・スクロール連動のストーリー）","プロ（演出多め）"
"WEB-03523","ヨガ・ピラティスの採用サイト（パステル・ドリーミー・3Dオブジェクト/ジェネラティブ背景）","プロ（演出多め）"
"WEB-03524","コンサル・コーチングのオウンドメディア・ブログ（ミニマル・洗練・フェード/ズームのスライドショー）","プロ（演出多め）"
"WEB-03525","ゲーム・eスポーツのサービスサイト（ダーク・シネマティック・縦書きコピー＋余白）","プロ（演出多め）"
"WEB-03526","レストラン・居酒屋の採用サイト（和モダン・画面2分割（写真｜コピー））","プロ（演出多め）"
"WEB-03527","採用・求人のオウンドメディア・ブログ（エディトリアル・雑誌風・巨大コピー＋小さな写真）","プロ（演出多め）"
"WEB-03528","美容室・ヘアサロンのポートフォリオ（個人/事務所）（ラグジュアリー・高級感・縦書きコピー＋余白）","上級"
"WEB-03529","SaaS・BtoBツールのコーポレートサイト（ニューブルータリズム・巨大コピー＋小さな写真）","上級"
"WEB-03530","美容室・ヘアサロンの採用サイト（エディトリアル・雑誌風・画面2分割（写真｜コピー））","プロ（演出多め）"
"WEB-03531","占い・スピリチュアルのオウンドメディア・ブログ（和モダン・スクロール連動のストーリー）","プロ（演出多め）"
"WEB-03532","ウェディング・結婚相談所のサービスサイト（ミニマル・洗練・全画面ループ動画）","プロ（演出多め）"
"WEB-03533","ヨガ・ピラティスのコーポレートサイト（ミニマル・洗練・スクロール連動のストーリー）","プロ（演出多め）"
"WEB-03534","スクール・オンライン講座のオウンドメディア・ブログ（3D・クレイ・巨大コピー＋小さな写真）","プロ（演出多め）"
"WEB-03535","エステ・脱毛サロンの店舗サイト（飲食・美容・サロン）（ラグジュアリー・高級感・散らばった写真コラージュ）","プロ（演出多め）"
"WEB-03536","歯科医院のコーポレートサイト（ミニマル・洗練・ローディング演出→ロゴ→メインビジュアル）","プロ（演出多め）"
"WEB-03537","英会話・語学のコーポレートサイト（ポップ・カラフル・全画面ループ動画）","上級"
"WEB-03538","コンサル・コーチングのコーポレートサイト（信頼・誠実（コーポレート）・画面2分割（写真｜コピー））","プロ（演出多め）"
"WEB-03539","内科・クリニックのブランドサイト（信頼・誠実（コーポレート）・フェード/ズームのスライドショー）","プロ（演出多め）"
"WEB-03540","アパレル・ファッションECのECサイト（ネオン・サイバー・画面2分割（写真｜コピー））","プロ（演出多め）"
"WEB-03541","レストラン・居酒屋のコーポレートサイト（レトロ・Y2K・縦書きコピー＋余白）","上級"
"WEB-03542","採用・求人のサービスサイト（エディトリアル・雑誌風・ローディング演出→ロゴ→メインビジュアル）","プロ（演出多め）"
"WEB-03543","農業・地方の生産者のコーポレートサイト（3D・クレイ・巨大コピー＋小さな写真）","プロ（演出多め）"
"WEB-03544","建築設計事務所の採用サイト（エディトリアル・雑誌風・縦書きコピー＋余白）","上級"
"WEB-03545","SaaS・BtoBツールのサービスサイト（3D・クレイ・縦書きコピー＋余白）","プロ（演出多め）"
"WEB-03546","ゲーム・eスポーツの採用サイト（ネオン・サイバー・巨大コピー＋小さな写真）","プロ（演出多め）"
"WEB-03547","プログラミングスクールのブランドサイト（クール・テック・画面2分割（写真｜コピー））","上級"
"WEB-03548","保育園・幼児教育・習い事のコーポレートサイト（ナチュラル・オーガニック・3Dオブジェクト/ジェネラティブ背景）","上級"
"WEB-03549","YouTuber・インフルエンサーのコーポレートサイト（ニューブルータリズム・散らばった写真コラージュ）","プロ（演出多め）"
"WEB-03550","英会話・語学のブランドサイト（3D・クレイ・縦書きコピー＋余白）","プロ（演出多め）"
"WEB-03551","Web制作・デザイン事務所のコーポレートサイト（ジオメトリック・グラフィカル・フェード/ズームのスライドショー）","プロ（演出多め）"
"WEB-03552","和菓子・スイーツのコーポレートサイト（和モダン・散らばった写真コラージュ）","プロ（演出多め）"
"WEB-03553","士業（税理士・弁護士・行政書士）のサービスサイト（ミニマル・洗練・ローディング演出→ロゴ→メインビジュアル）","プロ（演出多め）"
"WEB-03554","農業・地方の生産者のコーポレートサイト（ポップ・カラフル・全画面ループ動画）","上級"
"WEB-03555","工務店・注文住宅・リフォームの採用サイト（北欧・ライフスタイル・全画面ループ動画）","上級"
"WEB-03556","パーソナルジム・フィットネスのオウンドメディア・ブログ（ダーク・シネマティック・3Dオブジェクト/ジェネラティブ背景）","プロ（演出多め）"
"WEB-03557","ホテル・旅館のブランドサイト（ラグジュアリー・高級感・巨大コピー＋小さな写真）","上級"
"WEB-03558","食品・産直ECのコーポレートサイト（ナチュラル・オーガニック・スクロール連動のストーリー）","上級"
"WEB-03559","AIサービス・スタートアップの採用サイト（かわいい・ガーリー・スクロール連動のストーリー）","上級"
"WEB-03560","和菓子・スイーツのサービスサイト（かわいい・ガーリー・3Dオブジェクト/ジェネラティブ背景）","プロ（演出多め）"
"WEB-03561","Web制作・デザイン事務所のブランドサイト（北欧・ライフスタイル・フェード/ズームのスライドショー）","上級"
"WEB-03562","クラウドファンディング・新商品のECサイト（ナチュラル・オーガニック・ローディング演出→ロゴ→メインビジュアル）","プロ（演出多め）"
"WEB-03563","食品・産直ECのオウンドメディア・ブログ（ハンドメイド・手書き・フェード/ズームのスライドショー）","プロ（演出多め）"
"WEB-03564","パーソナルジム・フィットネスのサービスサイト（クール・テック・散らばった写真コラージュ）","上級"
"WEB-03565","YouTuber・インフルエンサーの採用サイト（かわいい・ガーリー・画面2分割（写真｜コピー））","プロ（演出多め）"
"WEB-03566","プログラミングスクールのスクール・教室サイト（ネオン・サイバー・全画面ループ動画）","プロ（演出多め）"
"WEB-03567","引越し・生活サービスのブランドサイト（クール・テック・縦書きコピー＋余白）","プロ（演出多め）"
"WEB-03568","NPO・地方自治体のブランドサイト（かわいい・ガーリー・画面2分割（写真｜コピー））","上級"
"WEB-03569","アパレル・ファッションECのECサイト（ミニマル・洗練・全画面ループ動画）","プロ（演出多め）"
"WEB-03570","建築設計事務所のオウンドメディア・ブログ（エディトリアル・雑誌風・フェード/ズームのスライドショー）","上級"
"WEB-03571","エステ・脱毛サロンの店舗サイト（飲食・美容・サロン）（かわいい・ガーリー・巨大コピー＋小さな写真）","上級"
"WEB-03572","スクール・オンライン講座のコーポレートサイト（信頼・誠実（コーポレート）・フェード/ズームのスライドショー）","プロ（演出多め）"
"WEB-03573","音楽・ライブ・イベントのイベント・フェスサイト（ニューブルータリズム・散らばった写真コラージュ）","プロ（演出多め）"
"WEB-03574","ホテル・旅館のコーポレートサイト（ダーク・シネマティック・全画面ループ動画）","プロ（演出多め）"
"WEB-03575","歯科医院の採用サイト（ミニマル・洗練・スクロール連動のストーリー）","上級"
"WEB-03576","コスメ・スキンケアのサービスサイト（ラグジュアリー・高級感・スクロール連動のストーリー）","上級"
"WEB-03577","Web制作・デザイン事務所のブランドサイト（クール・テック・ローディング演出→ロゴ→メインビジュアル）","上級"
"WEB-03578","占い・スピリチュアルのオウンドメディア・ブログ（和モダン・縦書きコピー＋余白）","上級"
"WEB-03579","エステ・脱毛サロンのブランドサイト（ミニマル・洗練・巨大コピー＋小さな写真）","プロ（演出多め）"
"WEB-03580","英会話・語学のスクール・教室サイト（ジオメトリック・グラフィカル・縦書きコピー＋余白）","上級"
"WEB-03581","美容室・ヘアサロンのコーポレートサイト（ニューブルータリズム・スクロール連動のストーリー）","プロ（演出多め）"
"WEB-03582","ホテル・旅館のオウンドメディア・ブログ（ダーク・シネマティック・スクロール連動のストーリー）","プロ（演出多め）"
"WEB-03583","保育園・幼児教育・習い事のスクール・教室サイト（ダーク・シネマティック・3Dオブジェクト/ジェネラティブ背景）","上級"
"WEB-03584","占い・スピリチュアルのサービスサイト（ダーク・シネマティック・ローディング演出→ロゴ→メインビジュアル）","プロ（演出多め）"
"WEB-03585","アパレル・ファッションECのコーポレートサイト（エディトリアル・雑誌風・散らばった写真コラージュ）","プロ（演出多め）"
"WEB-03586","占い・スピリチュアルのサービスサイト（ダーク・シネマティック・3Dオブジェクト/ジェネラティブ背景）","プロ（演出多め）"
"WEB-03587","引越し・生活サービスのサービスサイト（3D・クレイ・画面2分割（写真｜コピー））","プロ（演出多め）"
"WEB-03588","YouTuber・インフルエンサーのポートフォリオ（個人/事務所）（ポップ・カラフル・画面2分割（写真｜コピー））","プロ（演出多め）"
"WEB-03589","プログラミングスクールのスクール・教室サイト（ポップ・カラフル・スクロール連動のストーリー）","上級"
"WEB-03590","工務店・注文住宅・リフォームのブランドサイト（信頼・誠実（コーポレート）・散らばった写真コラージュ）","上級"
"WEB-03591","NPO・地方自治体の自治体・観光協会サイト（信頼・誠実（コーポレート）・3Dオブジェクト/ジェネラティブ背景）","プロ（演出多め）"
"WEB-03592","スクール・オンライン講座のブランドサイト（3D・クレイ・フェード/ズームのスライドショー）","プロ（演出多め）"
"WEB-03593","歯科医院のオウンドメディア・ブログ（信頼・誠実（コーポレート）・縦書きコピー＋余白）","プロ（演出多め）"
"WEB-03594","自動車・バイクのサービスサイト（ダーク・シネマティック・散らばった写真コラージュ）","上級"
"WEB-03595","美容室・ヘアサロンのサービスサイト（ラグジュアリー・高級感・3Dオブジェクト/ジェネラティブ背景）","プロ（演出多め）"
"WEB-03596","音楽・ライブ・イベントのコーポレートサイト（レトロ・Y2K・ローディング演出→ロゴ→メインビジュアル）","上級"
"WEB-03597","農業・地方の生産者のオウンドメディア・ブログ（和モダン・ローディング演出→ロゴ→メインビジュアル）","上級"
"WEB-03598","コスメ・スキンケアのサービスサイト（ナチュラル・オーガニック・3Dオブジェクト/ジェネラティブ背景）","プロ（演出多め）"
"WEB-03599","ゲーム・eスポーツのブランドサイト（ダーク・シネマティック・フェード/ズームのスライドショー）","上級"
"WEB-03600","美容クリニックのクリニック・医院サイト（ミニマル・洗練・ローディング演出→ロゴ→メインビジュアル）","プロ（演出多め）"
"WEB-03601","パーソナルジム・フィットネスのサービスサイト（エネルギッシュ・スポーティ・散らばった写真コラージュ）","上級"
"WEB-03602","観光・地域プロモーションの採用サイト（ハンドメイド・手書き・巨大コピー＋小さな写真）","上級"
"WEB-03603","観光・地域プロモーションのイベント・フェスサイト（ナチュラル・オーガニック・画面2分割（写真｜コピー））","プロ（演出多め）"
"WEB-03604","音楽・ライブ・イベントのイベント・フェスサイト（ジオメトリック・グラフィカル・スクロール連動のストーリー）","プロ（演出多め）"
"WEB-03605","サウナ・温浴施設の採用サイト（レトロ・Y2K・全画面ループ動画）","プロ（演出多め）"
"WEB-03606","観光・地域プロモーションのコーポレートサイト（ナチュラル・オーガニック・散らばった写真コラージュ）","プロ（演出多め）"
"WEB-03607","自動車・バイクのサービスサイト（クール・テック・画面2分割（写真｜コピー））","プロ（演出多め）"
"WEB-03608","NPO・地方自治体のサービスサイト（ナチュラル・オーガニック・全画面ループ動画）","上級"
"WEB-03609","農業・地方の生産者の自治体・観光協会サイト（ハンドメイド・手書き・巨大コピー＋小さな写真）","上級"
"WEB-03610","和菓子・スイーツの店舗サイト（飲食・美容・サロン）（ナチュラル・オーガニック・フェード/ズームのスライドショー）","プロ（演出多め）"
"WEB-03611","美容室・ヘアサロンの採用サイト（ラグジュアリー・高級感・3Dオブジェクト/ジェネラティブ背景）","プロ（演出多め）"
"WEB-03612","士業（税理士・弁護士・行政書士）のブランドサイト（信頼・誠実（コーポレート）・全画面ループ動画）","プロ（演出多め）"
"WEB-03613","採用・求人のサービスサイト（ジオメトリック・グラフィカル・フェード/ズームのスライドショー）","プロ（演出多め）"
"WEB-03614","Web制作・デザイン事務所のコーポレートサイト（クール・テック・全画面ループ動画）","プロ（演出多め）"
"WEB-03615","プログラミングスクールのブランドサイト（ポップ・カラフル・縦書きコピー＋余白）","プロ（演出多め）"
"WEB-03616","英会話・語学のブランドサイト（ダーク・シネマティック・縦書きコピー＋余白）","プロ（演出多め）"
"WEB-03617","エステ・脱毛サロンのサービスサイト（かわいい・ガーリー・画面2分割（写真｜コピー））","上級"
"WEB-03618","採用・求人のブランドサイト（ジオメトリック・グラフィカル・3Dオブジェクト/ジェネラティブ背景）","プロ（演出多め）"
"WEB-03619","コンサル・コーチングのサービスサイト（エディトリアル・雑誌風・散らばった写真コラージュ）","上級"
"WEB-03620","不動産・マンションのコーポレートサイト（ミニマル・洗練・画面2分割（写真｜コピー））","上級"
"WEB-03621","SaaS・BtoBツールのサービスサイト（ハンドメイド・手書き・縦書きコピー＋余白）","プロ（演出多め）"
"WEB-03622","食品・産直ECの採用サイト（ナチュラル・オーガニック・巨大コピー＋小さな写真）","プロ（演出多め）"
"WEB-03623","カフェ・ベーカリーのオウンドメディア・ブログ（ハンドメイド・手書き・ローディング演出→ロゴ→メインビジュアル）","プロ（演出多め）"
"WEB-03624","クラウドファンディング・新商品のオウンドメディア・ブログ（ナチュラル・オーガニック・全画面ループ動画）","プロ（演出多め）"
"WEB-03625","観光・地域プロモーションのサービスサイト（ハンドメイド・手書き・ローディング演出→ロゴ→メインビジュアル）","プロ（演出多め）"
"WEB-03626","ウェディング・結婚相談所のサービスサイト（かわいい・ガーリー・ローディング演出→ロゴ→メインビジュアル）","上級"
"WEB-03627","アパレル・ファッションECのサービスサイト（ミニマル・洗練・巨大コピー＋小さな写真）","プロ（演出多め）"
"WEB-03628","ホテル・旅館の採用サイト（ミニマル・洗練・縦書きコピー＋余白）","プロ（演出多め）"
"WEB-03629","カフェ・ベーカリーのコーポレートサイト（エディトリアル・雑誌風・ローディング演出→ロゴ→メインビジュアル）","プロ（演出多め）"
"WEB-03630","サウナ・温浴施設のサービスサイト（ナチュラル・オーガニック・画面2分割（写真｜コピー））","上級"
"WEB-03631","スクール・オンライン講座のブランドサイト（ポップ・カラフル・スクロール連動のストーリー）","プロ（演出多め）"
"WEB-03632","ホテル・旅館のサービスサイト（ラグジュアリー・高級感・画面2分割（写真｜コピー））","プロ（演出多め）"
"WEB-03633","採用・求人の採用サイト（ジオメトリック・グラフィカル・フェード/ズームのスライドショー）","プロ（演出多め）"
"WEB-03634","引越し・生活サービスのオウンドメディア・ブログ（3D・クレイ・画面2分割（写真｜コピー））","プロ（演出多め）"
"WEB-03635","保育園・幼児教育・習い事のサービスサイト（ハンドメイド・手書き・巨大コピー＋小さな写真）","上級"
"WEB-03636","建築設計事務所のオウンドメディア・ブログ（クール・テック・フェード/ズームのスライドショー）","上級"
"WEB-03637","Web制作・デザイン事務所のブランドサイト（ジオメトリック・グラフィカル・フェード/ズームのスライドショー）","プロ（演出多め）"
"WEB-03638","ホテル・旅館のブランドサイト（ミニマル・洗練・散らばった写真コラージュ）","プロ（演出多め）"
"WEB-03639","ヨガ・ピラティスのサービスサイト（ナチュラル・オーガニック・全画面ループ動画）","プロ（演出多め）"
"WEB-03640","農業・地方の生産者のサービスサイト（エネルギッシュ・スポーティ・ローディング演出→ロゴ→メインビジュアル）","上級"
"WEB-03641","美容室・ヘアサロンのポートフォリオ（個人/事務所）（ラグジュアリー・高級感・ローディング演出→ロゴ→メインビジュアル）","プロ（演出多め）"
"WEB-03642","自動車・バイクの採用サイト（エネルギッシュ・スポーティ・散らばった写真コラージュ）","上級"
"WEB-03643","ペット・トリミング・動物病院のコーポレートサイト（ナチュラル・オーガニック・フェード/ズームのスライドショー）","プロ（演出多め）"
"WEB-03644","観光・地域プロモーションのオウンドメディア・ブログ（ダーク・シネマティック・ローディング演出→ロゴ→メインビジュアル）","プロ（演出多め）"
"WEB-03645","カフェ・ベーカリーのオウンドメディア・ブログ（エディトリアル・雑誌風・散らばった写真コラージュ）","上級"
"WEB-03646","工務店・注文住宅・リフォームの採用サイト（北欧・ライフスタイル・縦書きコピー＋余白）","プロ（演出多め）"
"WEB-03647","スクール・オンライン講座の採用サイト（クール・テック・スクロール連動のストーリー）","プロ（演出多め）"
"WEB-03648","Web制作・デザイン事務所のオウンドメディア・ブログ（ニューブルータリズム・散らばった写真コラージュ）","プロ（演出多め）"
"WEB-03649","カフェ・ベーカリーのオウンドメディア・ブログ（ハンドメイド・手書き・フェード/ズームのスライドショー）","プロ（演出多め）"
"WEB-03650","スクール・オンライン講座のサービスサイト（3D・クレイ・スクロール連動のストーリー）","プロ（演出多め）"
"WEB-03651","不動産・マンションのオウンドメディア・ブログ（信頼・誠実（コーポレート）・ローディング演出→ロゴ→メインビジュアル）","プロ（演出多め）"
"WEB-03652","内科・クリニックのサービスサイト（クール・テック・散らばった写真コラージュ）","プロ（演出多め）"
"WEB-03653","工務店・注文住宅・リフォームのコーポレートサイト（ダーク・シネマティック・巨大コピー＋小さな写真）","上級"
"WEB-03654","YouTuber・インフルエンサーのイベント・フェスサイト（ポップ・カラフル・画面2分割（写真｜コピー））","プロ（演出多め）"
"WEB-03655","引越し・生活サービスのオウンドメディア・ブログ（信頼・誠実（コーポレート）・ローディング演出→ロゴ→メインビジュアル）","プロ（演出多め）"
"WEB-03656","内科・クリニックのコーポレートサイト（ナチュラル・オーガニック・全画面ループ動画）","上級"
"WEB-03657","カフェ・ベーカリーのブランドサイト（エディトリアル・雑誌風・巨大コピー＋小さな写真）","プロ（演出多め）"
"WEB-03658","金融・保険・投資のブランドサイト（ミニマル・洗練・画面2分割（写真｜コピー））","上級"
"WEB-03659","引越し・生活サービスの採用サイト（信頼・誠実（コーポレート）・巨大コピー＋小さな写真）","プロ（演出多め）"
"WEB-03660","スマホアプリのサービスサイト（3D・クレイ・3Dオブジェクト/ジェネラティブ背景）","プロ（演出多め）"
"WEB-03661","NPO・地方自治体のサービスサイト（ジオメトリック・グラフィカル・スクロール連動のストーリー）","プロ（演出多め）"
"WEB-03662","建築設計事務所のコーポレートサイト（ダーク・シネマティック・画面2分割（写真｜コピー））","上級"
"WEB-03663","コンサル・コーチングのブランドサイト（ミニマル・洗練・全画面ループ動画）","プロ（演出多め）"
"WEB-03664","士業（税理士・弁護士・行政書士）のオウンドメディア・ブログ（ミニマル・洗練・全画面ループ動画）","プロ（演出多め）"
"WEB-03665","スクール・オンライン講座のコーポレートサイト（3D・クレイ・フェード/ズームのスライドショー）","プロ（演出多め）"
"WEB-03666","食品・産直ECのブランドサイト（ナチュラル・オーガニック・ローディング演出→ロゴ→メインビジュアル）","上級"
"WEB-03667","プログラミングスクールのブランドサイト（3D・クレイ・全画面ループ動画）","プロ（演出多め）"
"WEB-03668","スマホアプリの採用サイト（ポップ・カラフル・ローディング演出→ロゴ→メインビジュアル）","上級"
"WEB-03669","サウナ・温浴施設のコーポレートサイト（エネルギッシュ・スポーティ・散らばった写真コラージュ）","プロ（演出多め）"
"WEB-03670","NPO・地方自治体のコーポレートサイト（信頼・誠実（コーポレート）・縦書きコピー＋余白）","上級"
"WEB-03671","サウナ・温浴施設のホテル・旅館サイト（和モダン・ローディング演出→ロゴ→メインビジュアル）","上級"
"WEB-03672","カフェ・ベーカリーのサービスサイト（レトロ・Y2K・3Dオブジェクト/ジェネラティブ背景）","上級"
"WEB-03673","食品・産直ECのECサイト（和モダン・縦書きコピー＋余白）","プロ（演出多め）"
"WEB-03674","SaaS・BtoBツールのサービスサイト（ネオン・サイバー・縦書きコピー＋余白）","プロ（演出多め）"
"WEB-03675","ペット・トリミング・動物病院の採用サイト（ナチュラル・オーガニック・画面2分割（写真｜コピー））","プロ（演出多め）"
"WEB-03676","SaaS・BtoBツールのオウンドメディア・ブログ（ミニマル・洗練・散らばった写真コラージュ）","上級"
"WEB-03677","士業（税理士・弁護士・行政書士）のコーポレートサイト（信頼・誠実（コーポレート）・縦書きコピー＋余白）","プロ（演出多め）"
"WEB-03678","工務店・注文住宅・リフォームのブランドサイト（北欧・ライフスタイル・散らばった写真コラージュ）","プロ（演出多め）"
"WEB-03679","カフェ・ベーカリーのサービスサイト（かわいい・ガーリー・縦書きコピー＋余白）","プロ（演出多め）"
"WEB-03680","金融・保険・投資のブランドサイト（クール・テック・画面2分割（写真｜コピー））","プロ（演出多め）"
"WEB-03681","SaaS・BtoBツールのサービスサイト（3D・クレイ・巨大コピー＋小さな写真）","プロ（演出多め）"
"WEB-03682","占い・スピリチュアルのコーポレートサイト（和モダン・スクロール連動のストーリー）","プロ（演出多め）"
"WEB-03683","エステ・脱毛サロンのコーポレートサイト（ミニマル・洗練・3Dオブジェクト/ジェネラティブ背景）","上級"
"WEB-03684","美容クリニックのクリニック・医院サイト（ラグジュアリー・高級感・巨大コピー＋小さな写真）","プロ（演出多め）"
"WEB-03685","コンサル・コーチングのサービスサイト（ポップ・カラフル・フェード/ズームのスライドショー）","プロ（演出多め）"
"WEB-03686","不動産・マンションのブランドサイト（ダーク・シネマティック・全画面ループ動画）","上級"
"WEB-03687","スクール・オンライン講座のコーポレートサイト（クール・テック・巨大コピー＋小さな写真）","プロ（演出多め）"
"WEB-03688","パーソナルジム・フィットネスのブランドサイト（エネルギッシュ・スポーティ・縦書きコピー＋余白）","プロ（演出多め）"
"WEB-03689","工務店・注文住宅・リフォームのコーポレートサイト（ミニマル・洗練・全画面ループ動画）","プロ（演出多め）"
"WEB-03690","自動車・バイクの採用サイト（ラグジュアリー・高級感・画面2分割（写真｜コピー））","プロ（演出多め）"
"WEB-03691","スクール・オンライン講座のコーポレートサイト（クール・テック・ローディング演出→ロゴ→メインビジュアル）","上級"
"WEB-03692","和菓子・スイーツのブランドサイト（和モダン・フェード/ズームのスライドショー）","プロ（演出多め）"
"WEB-03693","AIサービス・スタートアップのサービスサイト（クール・テック・全画面ループ動画）","プロ（演出多め）"
"WEB-03694","歯科医院のオウンドメディア・ブログ（ナチュラル・オーガニック・全画面ループ動画）","プロ（演出多め）"
"WEB-03695","自動車・バイクのオウンドメディア・ブログ（ナチュラル・オーガニック・散らばった写真コラージュ）","プロ（演出多め）"
"WEB-03696","スクール・オンライン講座のコーポレートサイト（クール・テック・ローディング演出→ロゴ→メインビジュアル）","上級"
"WEB-03697","採用・求人のブランドサイト（信頼・誠実（コーポレート）・フェード/ズームのスライドショー）","プロ（演出多め）"
"WEB-03698","ウェディング・結婚相談所のオウンドメディア・ブログ（ラグジュアリー・高級感・フェード/ズームのスライドショー）","上級"
"WEB-03699","保育園・幼児教育・習い事のコーポレートサイト（ポップ・カラフル・画面2分割（写真｜コピー））","上級"
"WEB-03700","不動産・マンションのブランドサイト（ラグジュアリー・高級感・散らばった写真コラージュ）","上級"
"WEB-03701","ヨガ・ピラティスのオウンドメディア・ブログ（ナチュラル・オーガニック・フェード/ズームのスライドショー）","上級"
"WEB-03702","Web制作・デザイン事務所のオウンドメディア・ブログ（クール・テック・縦書きコピー＋余白）","プロ（演出多め）"
"WEB-03703","農業・地方の生産者の自治体・観光協会サイト（和モダン・全画面ループ動画）","プロ（演出多め）"
"WEB-03704","Web制作・デザイン事務所のコーポレートサイト（ジオメトリック・グラフィカル・巨大コピー＋小さな写真）","上級"
"WEB-03705","ゲーム・eスポーツのコーポレートサイト（クール・テック・巨大コピー＋小さな写真）","上級"
"WEB-03706","サウナ・温浴施設のサービスサイト（レトロ・Y2K・フェード/ズームのスライドショー）","プロ（演出多め）"
"WEB-03707","ヨガ・ピラティスのコーポレートサイト（パステル・ドリーミー・スクロール連動のストーリー）","上級"
"WEB-03708","SaaS・BtoBツールのブランドサイト（グラスモーフィズム・画面2分割（写真｜コピー））","プロ（演出多め）"
"WEB-03709","ゲーム・eスポーツのイベント・フェスサイト（エネルギッシュ・スポーティ・フェード/ズームのスライドショー）","プロ（演出多め）"
"WEB-03710","コンサル・コーチングのコーポレートサイト（かわいい・ガーリー・散らばった写真コラージュ）","プロ（演出多め）"
"WEB-03711","士業（税理士・弁護士・行政書士）の採用サイト（パステル・ドリーミー・画面2分割（写真｜コピー））","プロ（演出多め）"
"WEB-03712","パーソナルジム・フィットネスの店舗サイト（飲食・美容・サロン）（信頼・誠実（コーポレート）・縦書きコピー＋余白）","上級"
"WEB-03713","工務店・注文住宅・リフォームのオウンドメディア・ブログ（ハンドメイド・手書き・フェード/ズームのスライドショー）","上級"
"WEB-03714","コスメ・スキンケアのオウンドメディア・ブログ（パステル・ドリーミー・全画面ループ動画）","上級"
"WEB-03715","Web制作・デザイン事務所のブランドサイト（ニューブルータリズム・巨大コピー＋小さな写真）","プロ（演出多め）"
"WEB-03716","パーソナルジム・フィットネスのスクール・教室サイト（クール・テック・フェード/ズームのスライドショー）","プロ（演出多め）"
"WEB-03717","スクール・オンライン講座のサービスサイト（ポップ・カラフル・全画面ループ動画）","プロ（演出多め）"
"WEB-03718","美容室・ヘアサロンのサービスサイト（レトロ・Y2K・巨大コピー＋小さな写真）","プロ（演出多め）"
"WEB-03719","建築設計事務所のオウンドメディア・ブログ（ジオメトリック・グラフィカル・ローディング演出→ロゴ→メインビジュアル）","プロ（演出多め）"
"WEB-03720","農業・地方の生産者の自治体・観光協会サイト（ナチュラル・オーガニック・3Dオブジェクト/ジェネラティブ背景）","上級"
"WEB-03721","内科・クリニックの採用サイト（北欧・ライフスタイル・3Dオブジェクト/ジェネラティブ背景）","上級"
"WEB-03722","NPO・地方自治体のオウンドメディア・ブログ（ジオメトリック・グラフィカル・3Dオブジェクト/ジェネラティブ背景）","上級"
"WEB-03723","観光・地域プロモーションのホテル・旅館サイト（ダーク・シネマティック・フェード/ズームのスライドショー）","プロ（演出多め）"
"WEB-03724","音楽・ライブ・イベントのイベント・フェスサイト（ネオン・サイバー・画面2分割（写真｜コピー））","上級"
"WEB-03725","ゲーム・eスポーツのイベント・フェスサイト（レトロ・Y2K・画面2分割（写真｜コピー））","上級"
"WEB-03726","占い・スピリチュアルのオウンドメディア・ブログ（和モダン・散らばった写真コラージュ）","プロ（演出多め）"
"WEB-03727","観光・地域プロモーションのイベント・フェスサイト（和モダン・3Dオブジェクト/ジェネラティブ背景）","プロ（演出多め）"
"WEB-03728","工務店・注文住宅・リフォームのコーポレートサイト（ナチュラル・オーガニック・ローディング演出→ロゴ→メインビジュアル）","上級"
"WEB-03729","スクール・オンライン講座の採用サイト（3D・クレイ・散らばった写真コラージュ）","プロ（演出多め）"
"WEB-03730","農業・地方の生産者の自治体・観光協会サイト（ハンドメイド・手書き・フェード/ズームのスライドショー）","上級"
"WEB-03731","食品・産直ECのサービスサイト（ダーク・シネマティック・巨大コピー＋小さな写真）","上級"
"WEB-03732","工務店・注文住宅・リフォームのサービスサイト（パステル・ドリーミー・3Dオブジェクト/ジェネラティブ背景）","プロ（演出多め）"
"WEB-03733","士業（税理士・弁護士・行政書士）のサービスサイト（信頼・誠実（コーポレート）・巨大コピー＋小さな写真）","プロ（演出多め）"
"WEB-03734","歯科医院のクリニック・医院サイト（ミニマル・洗練・散らばった写真コラージュ）","プロ（演出多め）"
"WEB-03735","ウェディング・結婚相談所の採用サイト（ミニマル・洗練・3Dオブジェクト/ジェネラティブ背景）","プロ（演出多め）"
"WEB-03736","不動産・マンションの採用サイト（ダーク・シネマティック・全画面ループ動画）","上級"
"WEB-03737","士業（税理士・弁護士・行政書士）のコーポレートサイト（和モダン・画面2分割（写真｜コピー））","上級"
"WEB-03738","ヨガ・ピラティスのコーポレートサイト（レトロ・Y2K・画面2分割（写真｜コピー））","プロ（演出多め）"
"WEB-03739","コンサル・コーチングのサービスサイト（ラグジュアリー・高級感・縦書きコピー＋余白）","プロ（演出多め）"
"WEB-03740","サウナ・温浴施設のブランドサイト（レトロ・Y2K・ローディング演出→ロゴ→メインビジュアル）","プロ（演出多め）"
"WEB-03741","自動車・バイクのサービスサイト（エネルギッシュ・スポーティ・縦書きコピー＋余白）","プロ（演出多め）"
"WEB-03742","ペット・トリミング・動物病院の店舗サイト（飲食・美容・サロン）（ナチュラル・オーガニック・ローディング演出→ロゴ→メインビジュアル）","プロ（演出多め）"
"WEB-03743","ウェディング・結婚相談所のポートフォリオ（個人/事務所）（かわいい・ガーリー・縦書きコピー＋余白）","プロ（演出多め）"
"WEB-03744","採用・求人のオウンドメディア・ブログ（ポップ・カラフル・巨大コピー＋小さな写真）","プロ（演出多め）"
"WEB-03745","コンサル・コーチングのポートフォリオ（個人/事務所）（和モダン・3Dオブジェクト/ジェネラティブ背景）","プロ（演出多め）"
"WEB-03746","内科・クリニックのオウンドメディア・ブログ（北欧・ライフスタイル・巨大コピー＋小さな写真）","プロ（演出多め）"
"WEB-03747","工務店・注文住宅・リフォームのブランドサイト（ナチュラル・オーガニック・全画面ループ動画）","プロ（演出多め）"
"WEB-03748","サウナ・温浴施設のオウンドメディア・ブログ（ナチュラル・オーガニック・散らばった写真コラージュ）","プロ（演出多め）"
"WEB-03749","ペット・トリミング・動物病院のコーポレートサイト（ミニマル・洗練・散らばった写真コラージュ）","上級"
"WEB-03750","カフェ・ベーカリーの店舗サイト（飲食・美容・サロン）（レトロ・Y2K・縦書きコピー＋余白）","プロ（演出多め）"
"WEB-03751","ホテル・旅館のサービスサイト（和モダン・フェード/ズームのスライドショー）","プロ（演出多め）"
"WEB-03752","NPO・地方自治体のブランドサイト（和モダン・スクロール連動のストーリー）","プロ（演出多め）"
"WEB-03753","占い・スピリチュアルのブランドサイト（ダーク・シネマティック・フェード/ズームのスライドショー）","プロ（演出多め）"
"WEB-03754","不動産・マンションの採用サイト（ミニマル・洗練・3Dオブジェクト/ジェネラティブ背景）","プロ（演出多め）"
"WEB-03755","美容室・ヘアサロンの採用サイト（かわいい・ガーリー・巨大コピー＋小さな写真）","上級"
"WEB-03756","パーソナルジム・フィットネスのコーポレートサイト（ネオン・サイバー・画面2分割（写真｜コピー））","上級"
"WEB-03757","カフェ・ベーカリーのコーポレートサイト（ナチュラル・オーガニック・散らばった写真コラージュ）","上級"
"WEB-03758","カフェ・ベーカリーのサービスサイト（ハンドメイド・手書き・全画面ループ動画）","プロ（演出多め）"
"WEB-03759","引越し・生活サービスのオウンドメディア・ブログ（ポップ・カラフル・3Dオブジェクト/ジェネラティブ背景）","プロ（演出多め）"
"WEB-03760","占い・スピリチュアルのブランドサイト（ポップ・カラフル・3Dオブジェクト/ジェネラティブ背景）","プロ（演出多め）"
"WEB-03761","Web制作・デザイン事務所のオウンドメディア・ブログ（ジオメトリック・グラフィカル・縦書きコピー＋余白）","上級"
"WEB-03762","レストラン・居酒屋のコーポレートサイト（和モダン・散らばった写真コラージュ）","上級"
"WEB-03763","パーソナルジム・フィットネスの採用サイト（ニューブルータリズム・散らばった写真コラージュ）","プロ（演出多め）"
"WEB-03764","レストラン・居酒屋の採用サイト（ラグジュアリー・高級感・フェード/ズームのスライドショー）","上級"
"WEB-03765","ゲーム・eスポーツのオウンドメディア・ブログ（エネルギッシュ・スポーティ・画面2分割（写真｜コピー））","プロ（演出多め）"
"WEB-03766","採用・求人のコーポレートサイト（ポップ・カラフル・画面2分割（写真｜コピー））","上級"
"WEB-03767","カフェ・ベーカリーのコーポレートサイト（ジオメトリック・グラフィカル・ローディング演出→ロゴ→メインビジュアル）","上級"
"WEB-03768","パーソナルジム・フィットネスのサービスサイト（クール・テック・散らばった写真コラージュ）","プロ（演出多め）"
"WEB-03769","プログラミングスクールのスクール・教室サイト（クール・テック・巨大コピー＋小さな写真）","プロ（演出多め）"
"WEB-03770","アパレル・ファッションECのコーポレートサイト（ニューブルータリズム・スクロール連動のストーリー）","プロ（演出多め）"
"WEB-03771","採用・求人の採用サイト（パステル・ドリーミー・3Dオブジェクト/ジェネラティブ背景）","プロ（演出多め）"
"WEB-03772","コンサル・コーチングのサービスサイト（信頼・誠実（コーポレート）・スクロール連動のストーリー）","プロ（演出多め）"
"WEB-03773","食品・産直ECのECサイト（ニューブルータリズム・全画面ループ動画）","プロ（演出多め）"
"WEB-03774","AIサービス・スタートアップのオウンドメディア・ブログ（グラスモーフィズム・画面2分割（写真｜コピー））","プロ（演出多め）"
"WEB-03775","不動産・マンションのコーポレートサイト（ミニマル・洗練・全画面ループ動画）","プロ（演出多め）"
"WEB-03776","アパレル・ファッションECのサービスサイト（エディトリアル・雑誌風・巨大コピー＋小さな写真）","プロ（演出多め）"
"WEB-03777","アパレル・ファッションECのブランドサイト（ニューブルータリズム・スクロール連動のストーリー）","プロ（演出多め）"
"WEB-03778","金融・保険・投資のオウンドメディア・ブログ（ミニマル・洗練・フェード/ズームのスライドショー）","プロ（演出多め）"
"WEB-03779","和菓子・スイーツのサービスサイト（かわいい・ガーリー・フェード/ズームのスライドショー）","プロ（演出多め）"
"WEB-03780","観光・地域プロモーションのブランドサイト（3D・クレイ・ローディング演出→ロゴ→メインビジュアル）","プロ（演出多め）"
"WEB-03781","カフェ・ベーカリーの店舗サイト（飲食・美容・サロン）（ナチュラル・オーガニック・フェード/ズームのスライドショー）","プロ（演出多め）"
"WEB-03782","自動車・バイクのサービスサイト（クール・テック・ローディング演出→ロゴ→メインビジュアル）","上級"
"WEB-03783","食品・産直ECのオウンドメディア・ブログ（ナチュラル・オーガニック・フェード/ズームのスライドショー）","プロ（演出多め）"
"WEB-03784","AIサービス・スタートアップのコーポレートサイト（エネルギッシュ・スポーティ・3Dオブジェクト/ジェネラティブ背景）","プロ（演出多め）"
"WEB-03785","YouTuber・インフルエンサーのポートフォリオ（個人/事務所）（かわいい・ガーリー・フェード/ズームのスライドショー）","上級"
"WEB-03786","保育園・幼児教育・習い事の採用サイト（ポップ・カラフル・画面2分割（写真｜コピー））","上級"
"WEB-03787","自動車・バイクのオウンドメディア・ブログ（エネルギッシュ・スポーティ・画面2分割（写真｜コピー））","プロ（演出多め）"
"WEB-03788","カフェ・ベーカリーのコーポレートサイト（北欧・ライフスタイル・散らばった写真コラージュ）","プロ（演出多め）"
"WEB-03789","YouTuber・インフルエンサーのサービスサイト（ニューブルータリズム・全画面ループ動画）","プロ（演出多め）"
"WEB-03790","ペット・トリミング・動物病院の店舗サイト（飲食・美容・サロン）（ハンドメイド・手書き・縦書きコピー＋余白）","上級"
"WEB-03791","YouTuber・インフルエンサーのオウンドメディア・ブログ（ネオン・サイバー・巨大コピー＋小さな写真）","プロ（演出多め）"
"WEB-03792","コンサル・コーチングのサービスサイト（ラグジュアリー・高級感・散らばった写真コラージュ）","上級"
"WEB-03793","レストラン・居酒屋のサービスサイト（ラグジュアリー・高級感・散らばった写真コラージュ）","プロ（演出多め）"
"WEB-03794","内科・クリニックのブランドサイト（ナチュラル・オーガニック・散らばった写真コラージュ）","プロ（演出多め）"
"WEB-03795","和菓子・スイーツのコーポレートサイト（かわいい・ガーリー・巨大コピー＋小さな写真）","上級"
"WEB-03796","レストラン・居酒屋の採用サイト（ダーク・シネマティック・散らばった写真コラージュ）","プロ（演出多め）"
"WEB-03797","ペット・トリミング・動物病院の採用サイト（ミニマル・洗練・フェード/ズームのスライドショー）","上級"
"WEB-03798","歯科医院のオウンドメディア・ブログ（ナチュラル・オーガニック・ローディング演出→ロゴ→メインビジュアル）","上級"
"WEB-03799","NPO・地方自治体の自治体・観光協会サイト（ジオメトリック・グラフィカル・巨大コピー＋小さな写真）","プロ（演出多め）"
"WEB-03800","内科・クリニックの採用サイト（ポップ・カラフル・全画面ループ動画）","プロ（演出多め）"
"WEB-03801","不動産・マンションのサービスサイト（ラグジュアリー・高級感・全画面ループ動画）","上級"
"WEB-03802","ペット・トリミング・動物病院の店舗サイト（飲食・美容・サロン）（ハンドメイド・手書き・スクロール連動のストーリー）","プロ（演出多め）"
"WEB-03803","内科・クリニックのコーポレートサイト（エディトリアル・雑誌風・3Dオブジェクト/ジェネラティブ背景）","プロ（演出多め）"
"WEB-03804","クラウドファンディング・新商品の採用サイト（クール・テック・巨大コピー＋小さな写真）","プロ（演出多め）"
"WEB-03805","ヨガ・ピラティスのオウンドメディア・ブログ（パステル・ドリーミー・フェード/ズームのスライドショー）","プロ（演出多め）"
"WEB-03806","スクール・オンライン講座のオウンドメディア・ブログ（ポップ・カラフル・3Dオブジェクト/ジェネラティブ背景）","プロ（演出多め）"
"WEB-03807","Web制作・デザイン事務所のブランドサイト（ダーク・シネマティック・散らばった写真コラージュ）","プロ（演出多め）"
"WEB-03808","クラウドファンディング・新商品のオウンドメディア・ブログ（ダーク・シネマティック・スクロール連動のストーリー）","プロ（演出多め）"
"WEB-03809","和菓子・スイーツのECサイト（ナチュラル・オーガニック・フェード/ズームのスライドショー）","プロ（演出多め）"
"WEB-03810","引越し・生活サービスのサービスサイト（クール・テック・3Dオブジェクト/ジェネラティブ背景）","プロ（演出多め）"
"WEB-03811","アパレル・ファッションECの採用サイト（レトロ・Y2K・ローディング演出→ロゴ→メインビジュアル）","上級"
"WEB-03812","建築設計事務所の採用サイト（ジオメトリック・グラフィカル・フェード/ズームのスライドショー）","上級"
"WEB-03813","不動産・マンションのサービスサイト（ナチュラル・オーガニック・画面2分割（写真｜コピー））","プロ（演出多め）"
"WEB-03814","金融・保険・投資のコーポレートサイト（クール・テック・フェード/ズームのスライドショー）","プロ（演出多め）"
"WEB-03815","ゲーム・eスポーツのブランドサイト（エネルギッシュ・スポーティ・縦書きコピー＋余白）","プロ（演出多め）"
"WEB-03816","スマホアプリのサービスサイト（3D・クレイ・3Dオブジェクト/ジェネラティブ背景）","上級"
"WEB-03817","金融・保険・投資の採用サイト（レトロ・Y2K・スクロール連動のストーリー）","上級"
"WEB-03818","建築設計事務所のサービスサイト（ジオメトリック・グラフィカル・画面2分割（写真｜コピー））","プロ（演出多め）"
"WEB-03819","NPO・地方自治体のイベント・フェスサイト（ナチュラル・オーガニック・巨大コピー＋小さな写真）","プロ（演出多め）"
"WEB-03820","建築設計事務所のオウンドメディア・ブログ（かわいい・ガーリー・全画面ループ動画）","プロ（演出多め）"
"WEB-03821","音楽・ライブ・イベントのコーポレートサイト（ネオン・サイバー・巨大コピー＋小さな写真）","上級"
"WEB-03822","士業（税理士・弁護士・行政書士）の採用サイト（和モダン・ローディング演出→ロゴ→メインビジュアル）","プロ（演出多め）"
"WEB-03823","美容クリニックの店舗サイト（飲食・美容・サロン）（エディトリアル・雑誌風・3Dオブジェクト/ジェネラティブ背景）","上級"
"WEB-03824","不動産・マンションのコーポレートサイト（信頼・誠実（コーポレート）・ローディング演出→ロゴ→メインビジュアル）","プロ（演出多め）"
"WEB-03825","美容クリニックのサービスサイト（ミニマル・洗練・画面2分割（写真｜コピー））","上級"
"WEB-03826","レストラン・居酒屋のオウンドメディア・ブログ（ダーク・シネマティック・縦書きコピー＋余白）","プロ（演出多め）"
"WEB-03827","採用・求人のブランドサイト（ポップ・カラフル・ローディング演出→ロゴ→メインビジュアル）","上級"
"WEB-03828","SaaS・BtoBツールのオウンドメディア・ブログ（信頼・誠実（コーポレート）・巨大コピー＋小さな写真）","プロ（演出多め）"
"WEB-03829","サウナ・温浴施設のサービスサイト（ナチュラル・オーガニック・3Dオブジェクト/ジェネラティブ背景）","プロ（演出多め）"
"WEB-03830","士業（税理士・弁護士・行政書士）のコーポレートサイト（信頼・誠実（コーポレート）・画面2分割（写真｜コピー））","上級"
"WEB-03831","占い・スピリチュアルの採用サイト（パステル・ドリーミー・散らばった写真コラージュ）","プロ（演出多め）"
"WEB-03832","プログラミングスクールの採用サイト（クール・テック・全画面ループ動画）","上級"
"WEB-03833","ウェディング・結婚相談所のコーポレートサイト（ミニマル・洗練・スクロール連動のストーリー）","プロ（演出多め）"
"WEB-03834","プログラミングスクールのコーポレートサイト（北欧・ライフスタイル・ローディング演出→ロゴ→メインビジュアル）","プロ（演出多め）"
"WEB-03835","コスメ・スキンケアのコーポレートサイト（ナチュラル・オーガニック・画面2分割（写真｜コピー））","上級"
"WEB-03836","カフェ・ベーカリーのオウンドメディア・ブログ（ハンドメイド・手書き・全画面ループ動画）","プロ（演出多め）"
"WEB-03837","ゲーム・eスポーツのイベント・フェスサイト（3D・クレイ・フェード/ズームのスライドショー）","プロ（演出多め）"
"WEB-03838","パーソナルジム・フィットネスのサービスサイト（北欧・ライフスタイル・散らばった写真コラージュ）","上級"
"WEB-03839","不動産・マンションのサービスサイト（ラグジュアリー・高級感・ローディング演出→ロゴ→メインビジュアル）","上級"
"WEB-03840","工務店・注文住宅・リフォームのコーポレートサイト（ミニマル・洗練・巨大コピー＋小さな写真）","プロ（演出多め）"
"WEB-03841","占い・スピリチュアルのコーポレートサイト（和モダン・ローディング演出→ロゴ→メインビジュアル）","上級"
"WEB-03842","AIサービス・スタートアップのブランドサイト（グラスモーフィズム・散らばった写真コラージュ）","プロ（演出多め）"
"WEB-03843","引越し・生活サービスのコーポレートサイト（信頼・誠実（コーポレート）・縦書きコピー＋余白）","プロ（演出多め）"
"WEB-03844","食品・産直ECの採用サイト（ナチュラル・オーガニック・画面2分割（写真｜コピー））","プロ（演出多め）"
"WEB-03845","食品・産直ECのサービスサイト（ハンドメイド・手書き・3Dオブジェクト/ジェネラティブ背景）","上級"
"WEB-03846","農業・地方の生産者のサービスサイト（エディトリアル・雑誌風・スクロール連動のストーリー）","プロ（演出多め）"
"WEB-03847","占い・スピリチュアルのサービスサイト（和モダン・スクロール連動のストーリー）","プロ（演出多め）"
"WEB-03848","NPO・地方自治体のブランドサイト（グラスモーフィズム・フェード/ズームのスライドショー）","上級"
"WEB-03849","建築設計事務所のコーポレートサイト（ミニマル・洗練・フェード/ズームのスライドショー）","プロ（演出多め）"
"WEB-03850","コスメ・スキンケアのコーポレートサイト（ミニマル・洗練・ローディング演出→ロゴ→メインビジュアル）","プロ（演出多め）"
"WEB-03851","音楽・ライブ・イベントの採用サイト（エネルギッシュ・スポーティ・散らばった写真コラージュ）","プロ（演出多め）"
"WEB-03852","士業（税理士・弁護士・行政書士）のブランドサイト（3D・クレイ・スクロール連動のストーリー）","プロ（演出多め）"
"WEB-03853","パーソナルジム・フィットネスのサービスサイト（エネルギッシュ・スポーティ・散らばった写真コラージュ）","上級"
"WEB-03854","コンサル・コーチングのコーポレートサイト（ラグジュアリー・高級感・画面2分割（写真｜コピー））","プロ（演出多め）"
"WEB-03855","スマホアプリのコーポレートサイト（グラスモーフィズム・縦書きコピー＋余白）","プロ（演出多め）"
"WEB-03856","ホテル・旅館の採用サイト（ミニマル・洗練・画面2分割（写真｜コピー））","プロ（演出多め）"
"WEB-03857","自動車・バイクの採用サイト（ラグジュアリー・高級感・3Dオブジェクト/ジェネラティブ背景）","プロ（演出多め）"
"WEB-03858","パーソナルジム・フィットネスのスクール・教室サイト（エネルギッシュ・スポーティ・画面2分割（写真｜コピー））","プロ（演出多め）"
"WEB-03859","農業・地方の生産者の自治体・観光協会サイト（レトロ・Y2K・3Dオブジェクト/ジェネラティブ背景）","上級"
"WEB-03860","占い・スピリチュアルのオウンドメディア・ブログ（パステル・ドリーミー・縦書きコピー＋余白）","プロ（演出多め）"
"WEB-03861","YouTuber・インフルエンサーのオウンドメディア・ブログ（ネオン・サイバー・スクロール連動のストーリー）","上級"
"WEB-03862","自動車・バイクの採用サイト（エネルギッシュ・スポーティ・画面2分割（写真｜コピー））","プロ（演出多め）"
"WEB-03863","アパレル・ファッションECのブランドサイト（エディトリアル・雑誌風・散らばった写真コラージュ）","上級"
"WEB-03864","士業（税理士・弁護士・行政書士）のオウンドメディア・ブログ（信頼・誠実（コーポレート）・縦書きコピー＋余白）","上級"
"WEB-03865","美容クリニックの採用サイト（ラグジュアリー・高級感・全画面ループ動画）","プロ（演出多め）"
"WEB-03866","建築設計事務所のサービスサイト（ネオン・サイバー・散らばった写真コラージュ）","上級"
"WEB-03867","AIサービス・スタートアップのブランドサイト（グラスモーフィズム・画面2分割（写真｜コピー））","上級"
"WEB-03868","レストラン・居酒屋のオウンドメディア・ブログ（レトロ・Y2K・画面2分割（写真｜コピー））","プロ（演出多め）"
"WEB-03869","SaaS・BtoBツールのサービスサイト（ミニマル・洗練・ローディング演出→ロゴ→メインビジュアル）","プロ（演出多め）"
"WEB-03870","サウナ・温浴施設のホテル・旅館サイト（パステル・ドリーミー・画面2分割（写真｜コピー））","上級"
"WEB-03871","YouTuber・インフルエンサーのサービスサイト（ニューブルータリズム・全画面ループ動画）","上級"
"WEB-03872","Web制作・デザイン事務所のコーポレートサイト（ニューブルータリズム・散らばった写真コラージュ）","プロ（演出多め）"
"WEB-03873","コスメ・スキンケアのブランドサイト（グラスモーフィズム・全画面ループ動画）","プロ（演出多め）"
"WEB-03874","士業（税理士・弁護士・行政書士）の採用サイト（信頼・誠実（コーポレート）・ローディング演出→ロゴ→メインビジュアル）","プロ（演出多め）"
"WEB-03875","ゲーム・eスポーツのイベント・フェスサイト（ネオン・サイバー・全画面ループ動画）","上級"
"WEB-03876","和菓子・スイーツのサービスサイト（かわいい・ガーリー・フェード/ズームのスライドショー）","プロ（演出多め）"
"WEB-03877","スマホアプリのブランドサイト（ポップ・カラフル・画面2分割（写真｜コピー））","プロ（演出多め）"
"WEB-03878","観光・地域プロモーションのブランドサイト（和モダン・散らばった写真コラージュ）","プロ（演出多め）"
"WEB-03879","スマホアプリのオウンドメディア・ブログ（ポップ・カラフル・スクロール連動のストーリー）","プロ（演出多め）"
"WEB-03880","YouTuber・インフルエンサーのポートフォリオ（個人/事務所）（ニューブルータリズム・ローディング演出→ロゴ→メインビジュアル）","プロ（演出多め）"
"WEB-03881","SaaS・BtoBツールのオウンドメディア・ブログ（3D・クレイ・画面2分割（写真｜コピー））","プロ（演出多め）"
"WEB-03882","スクール・オンライン講座のコーポレートサイト（和モダン・フェード/ズームのスライドショー）","プロ（演出多め）"
"WEB-03883","パーソナルジム・フィットネスのコーポレートサイト（ダーク・シネマティック・フェード/ズームのスライドショー）","上級"
"WEB-03884","農業・地方の生産者のブランドサイト（エディトリアル・雑誌風・縦書きコピー＋余白）","プロ（演出多め）"
"WEB-03885","AIサービス・スタートアップのコーポレートサイト（ミニマル・洗練・巨大コピー＋小さな写真）","プロ（演出多め）"
"WEB-03886","占い・スピリチュアルのサービスサイト（ラグジュアリー・高級感・巨大コピー＋小さな写真）","プロ（演出多め）"
"WEB-03887","NPO・地方自治体のオウンドメディア・ブログ（信頼・誠実（コーポレート）・スクロール連動のストーリー）","上級"
"WEB-03888","NPO・地方自治体の採用サイト（ジオメトリック・グラフィカル・フェード/ズームのスライドショー）","プロ（演出多め）"
"WEB-03889","自動車・バイクのブランドサイト（グラスモーフィズム・縦書きコピー＋余白）","プロ（演出多め）"
"WEB-03890","英会話・語学の採用サイト（ポップ・カラフル・縦書きコピー＋余白）","プロ（演出多め）"
"WEB-03891","建築設計事務所のオウンドメディア・ブログ（エディトリアル・雑誌風・全画面ループ動画）","プロ（演出多め）"
"WEB-03892","サウナ・温浴施設の店舗サイト（飲食・美容・サロン）（ナチュラル・オーガニック・巨大コピー＋小さな写真）","プロ（演出多め）"
"WEB-03893","保育園・幼児教育・習い事のオウンドメディア・ブログ（ナチュラル・オーガニック・全画面ループ動画）","プロ（演出多め）"
"WEB-03894","英会話・語学のスクール・教室サイト（信頼・誠実（コーポレート）・全画面ループ動画）","上級"
"WEB-03895","スクール・オンライン講座のコーポレートサイト（和モダン・ローディング演出→ロゴ→メインビジュアル）","上級"
"WEB-03896","引越し・生活サービスのサービスサイト（ハンドメイド・手書き・散らばった写真コラージュ）","上級"
"WEB-03897","カフェ・ベーカリーのサービスサイト（ハンドメイド・手書き・画面2分割（写真｜コピー））","上級"
"WEB-03898","スマホアプリのコーポレートサイト（レトロ・Y2K・縦書きコピー＋余白）","プロ（演出多め）"
"WEB-03899","引越し・生活サービスのサービスサイト（エディトリアル・雑誌風・フェード/ズームのスライドショー）","プロ（演出多め）"
"WEB-03900","自動車・バイクのサービスサイト（ダーク・シネマティック・3Dオブジェクト/ジェネラティブ背景）","プロ（演出多め）"
"WEB-03901","ペット・トリミング・動物病院のコーポレートサイト（3D・クレイ・ローディング演出→ロゴ→メインビジュアル）","上級"
"WEB-03902","NPO・地方自治体の自治体・観光協会サイト（ジオメトリック・グラフィカル・画面2分割（写真｜コピー））","プロ（演出多め）"
"WEB-03903","サウナ・温浴施設の店舗サイト（飲食・美容・サロン）（ナチュラル・オーガニック・ローディング演出→ロゴ→メインビジュアル）","プロ（演出多め）"
"WEB-03904","内科・クリニックの採用サイト（北欧・ライフスタイル・全画面ループ動画）","プロ（演出多め）"
"WEB-03905","採用・求人のサービスサイト（エディトリアル・雑誌風・全画面ループ動画）","プロ（演出多め）"
"WEB-03906","農業・地方の生産者の自治体・観光協会サイト（ナチュラル・オーガニック・散らばった写真コラージュ）","上級"
"WEB-03907","引越し・生活サービスのコーポレートサイト（3D・クレイ・スクロール連動のストーリー）","プロ（演出多め）"
"WEB-03908","工務店・注文住宅・リフォームのブランドサイト（ミニマル・洗練・縦書きコピー＋余白）","プロ（演出多め）"
"WEB-03909","観光・地域プロモーションのイベント・フェスサイト（ハンドメイド・手書き・3Dオブジェクト/ジェネラティブ背景）","上級"
"WEB-03910","スマホアプリの採用サイト（クール・テック・縦書きコピー＋余白）","プロ（演出多め）"
"WEB-03911","アパレル・ファッションECのオウンドメディア・ブログ（ニューブルータリズム・全画面ループ動画）","プロ（演出多め）"
"WEB-03912","SaaS・BtoBツールの採用サイト（3D・クレイ・縦書きコピー＋余白）","上級"
"WEB-03913","プログラミングスクールのサービスサイト（クール・テック・散らばった写真コラージュ）","プロ（演出多め）"
"WEB-03914","美容クリニックのサービスサイト（かわいい・ガーリー・縦書きコピー＋余白）","上級"
"WEB-03915","NPO・地方自治体の採用サイト（ナチュラル・オーガニック・ローディング演出→ロゴ→メインビジュアル）","プロ（演出多め）"
"WEB-03916","プログラミングスクールのオウンドメディア・ブログ（ポップ・カラフル・散らばった写真コラージュ）","プロ（演出多め）"
"WEB-03917","サウナ・温浴施設のブランドサイト（レトロ・Y2K・巨大コピー＋小さな写真）","上級"
"WEB-03918","ペット・トリミング・動物病院のコーポレートサイト（3D・クレイ・巨大コピー＋小さな写真）","プロ（演出多め）"
"WEB-03919","クラウドファンディング・新商品のブランドサイト（クール・テック・3Dオブジェクト/ジェネラティブ背景）","プロ（演出多め）"
"WEB-03920","英会話・語学のブランドサイト（ポップ・カラフル・画面2分割（写真｜コピー））","プロ（演出多め）"
"WEB-03921","食品・産直ECの採用サイト（和モダン・巨大コピー＋小さな写真）","上級"
"WEB-03922","占い・スピリチュアルの採用サイト（和モダン・ローディング演出→ロゴ→メインビジュアル）","プロ（演出多め）"
"WEB-03923","農業・地方の生産者のサービスサイト（ハンドメイド・手書き・画面2分割（写真｜コピー））","上級"
"WEB-03924","食品・産直ECのオウンドメディア・ブログ（ポップ・カラフル・スクロール連動のストーリー）","上級"
"WEB-03925","金融・保険・投資の採用サイト（ミニマル・洗練・スクロール連動のストーリー）","上級"
"WEB-03926","美容クリニックの店舗サイト（飲食・美容・サロン）（ラグジュアリー・高級感・画面2分割（写真｜コピー））","プロ（演出多め）"
"WEB-03927","歯科医院のコーポレートサイト（ミニマル・洗練・巨大コピー＋小さな写真）","プロ（演出多め）"
"WEB-03928","占い・スピリチュアルのコーポレートサイト（パステル・ドリーミー・縦書きコピー＋余白）","上級"
"WEB-03929","採用・求人のブランドサイト（エネルギッシュ・スポーティ・ローディング演出→ロゴ→メインビジュアル）","プロ（演出多め）"
"WEB-03930","スクール・オンライン講座のブランドサイト（グラスモーフィズム・画面2分割（写真｜コピー））","上級"
"WEB-03931","金融・保険・投資のサービスサイト（ミニマル・洗練・ローディング演出→ロゴ→メインビジュアル）","プロ（演出多め）"
"WEB-03932","内科・クリニックのオウンドメディア・ブログ（ダーク・シネマティック・全画面ループ動画）","プロ（演出多め）"
"WEB-03933","パーソナルジム・フィットネスの採用サイト（ダーク・シネマティック・縦書きコピー＋余白）","プロ（演出多め）"
"WEB-03934","観光・地域プロモーションのオウンドメディア・ブログ（信頼・誠実（コーポレート）・3Dオブジェクト/ジェネラティブ背景）","プロ（演出多め）"
"WEB-03935","エステ・脱毛サロンの採用サイト（ラグジュアリー・高級感・3Dオブジェクト/ジェネラティブ背景）","プロ（演出多め）"
"WEB-03936","コスメ・スキンケアのコーポレートサイト（パステル・ドリーミー・散らばった写真コラージュ）","上級"
"WEB-03937","カフェ・ベーカリーのサービスサイト（レトロ・Y2K・全画面ループ動画）","プロ（演出多め）"
"WEB-03938","スマホアプリのオウンドメディア・ブログ（3D・クレイ・散らばった写真コラージュ）","プロ（演出多め）"
"WEB-03939","ウェディング・結婚相談所の採用サイト（かわいい・ガーリー・巨大コピー＋小さな写真）","プロ（演出多め）"
"WEB-03940","観光・地域プロモーションの採用サイト（和モダン・画面2分割（写真｜コピー））","プロ（演出多め）"
"WEB-03941","音楽・ライブ・イベントのブランドサイト（ニューブルータリズム・縦書きコピー＋余白）","プロ（演出多め）"
"WEB-03942","不動産・マンションのサービスサイト（ダーク・シネマティック・スクロール連動のストーリー）","プロ（演出多め）"
"WEB-03943","ヨガ・ピラティスのブランドサイト（北欧・ライフスタイル・3Dオブジェクト/ジェネラティブ背景）","プロ（演出多め）"
"WEB-03944","アパレル・ファッションECの採用サイト（ミニマル・洗練・3Dオブジェクト/ジェネラティブ背景）","プロ（演出多め）"
"WEB-03945","金融・保険・投資のオウンドメディア・ブログ（北欧・ライフスタイル・3Dオブジェクト/ジェネラティブ背景）","プロ（演出多め）"
"WEB-03946","ウェディング・結婚相談所の採用サイト（かわいい・ガーリー・縦書きコピー＋余白）","上級"
"WEB-03947","保育園・幼児教育・習い事のブランドサイト（ナチュラル・オーガニック・巨大コピー＋小さな写真）","プロ（演出多め）"
"WEB-03948","美容室・ヘアサロンの店舗サイト（飲食・美容・サロン）（北欧・ライフスタイル・フェード/ズームのスライドショー）","プロ（演出多め）"
"WEB-03949","レストラン・居酒屋のブランドサイト（和モダン・画面2分割（写真｜コピー））","上級"
"WEB-03950","工務店・注文住宅・リフォームのブランドサイト（信頼・誠実（コーポレート）・ローディング演出→ロゴ→メインビジュアル）","上級"
"WEB-03951","スマホアプリの採用サイト（グラスモーフィズム・3Dオブジェクト/ジェネラティブ背景）","上級"
"WEB-03952","アパレル・ファッションECのブランドサイト（エディトリアル・雑誌風・3Dオブジェクト/ジェネラティブ背景）","プロ（演出多め）"
"WEB-03953","和菓子・スイーツの店舗サイト（飲食・美容・サロン）（パステル・ドリーミー・散らばった写真コラージュ）","プロ（演出多め）"
"WEB-03954","レストラン・居酒屋の採用サイト（ダーク・シネマティック・スクロール連動のストーリー）","プロ（演出多め）"
"WEB-03955","採用・求人のブランドサイト（エディトリアル・雑誌風・巨大コピー＋小さな写真）","プロ（演出多め）"
"WEB-03956","コンサル・コーチングのブランドサイト（信頼・誠実（コーポレート）・散らばった写真コラージュ）","上級"
"WEB-03957","ウェディング・結婚相談所のコーポレートサイト（かわいい・ガーリー・画面2分割（写真｜コピー））","プロ（演出多め）"
"WEB-03958","不動産・マンションのブランドサイト（グラスモーフィズム・散らばった写真コラージュ）","プロ（演出多め）"
"WEB-03959","音楽・ライブ・イベントのコーポレートサイト（和モダン・ローディング演出→ロゴ→メインビジュアル）","プロ（演出多め）"
"WEB-03960","ペット・トリミング・動物病院のクリニック・医院サイト（3D・クレイ・画面2分割（写真｜コピー））","プロ（演出多め）"
"WEB-03961","エステ・脱毛サロンの店舗サイト（飲食・美容・サロン）（エディトリアル・雑誌風・3Dオブジェクト/ジェネラティブ背景）","プロ（演出多め）"
"WEB-03962","採用・求人のブランドサイト（エネルギッシュ・スポーティ・縦書きコピー＋余白）","プロ（演出多め）"
"WEB-03963","エステ・脱毛サロンのブランドサイト（パステル・ドリーミー・3Dオブジェクト/ジェネラティブ背景）","プロ（演出多め）"
"WEB-03964","士業（税理士・弁護士・行政書士）のブランドサイト（ミニマル・洗練・ローディング演出→ロゴ→メインビジュアル）","プロ（演出多め）"
"WEB-03965","ホテル・旅館のホテル・旅館サイト（和モダン・全画面ループ動画）","上級"
"WEB-03966","自動車・バイクのコーポレートサイト（ラグジュアリー・高級感・ローディング演出→ロゴ→メインビジュアル）","上級"
"WEB-03967","美容クリニックのブランドサイト（ラグジュアリー・高級感・散らばった写真コラージュ）","プロ（演出多め）"
"WEB-03968","音楽・ライブ・イベントのブランドサイト（レトロ・Y2K・画面2分割（写真｜コピー））","プロ（演出多め）"
"WEB-03969","工務店・注文住宅・リフォームのブランドサイト（ナチュラル・オーガニック・全画面ループ動画）","上級"
"WEB-03970","農業・地方の生産者のサービスサイト（ハンドメイド・手書き・画面2分割（写真｜コピー））","プロ（演出多め）"
"WEB-03971","採用・求人のサービスサイト（信頼・誠実（コーポレート）・散らばった写真コラージュ）","プロ（演出多め）"
"WEB-03972","サウナ・温浴施設のホテル・旅館サイト（ニューブルータリズム・縦書きコピー＋余白）","上級"
"WEB-03973","SaaS・BtoBツールのコーポレートサイト（信頼・誠実（コーポレート）・ローディング演出→ロゴ→メインビジュアル）","プロ（演出多め）"
"WEB-03974","採用・求人のサービスサイト（信頼・誠実（コーポレート）・縦書きコピー＋余白）","上級"
"WEB-03975","英会話・語学のコーポレートサイト（3D・クレイ・画面2分割（写真｜コピー））","プロ（演出多め）"
"WEB-03976","音楽・ライブ・イベントのオウンドメディア・ブログ（ダーク・シネマティック・縦書きコピー＋余白）","上級"
"WEB-03977","エステ・脱毛サロンのオウンドメディア・ブログ（クール・テック・画面2分割（写真｜コピー））","上級"
"WEB-03978","金融・保険・投資の採用サイト（ミニマル・洗練・画面2分割（写真｜コピー））","プロ（演出多め）"
"WEB-03979","ペット・トリミング・動物病院のブランドサイト（エディトリアル・雑誌風・縦書きコピー＋余白）","プロ（演出多め）"
"WEB-03980","占い・スピリチュアルのブランドサイト（ラグジュアリー・高級感・散らばった写真コラージュ）","プロ（演出多め）"
"WEB-03981","ゲーム・eスポーツのサービスサイト（ネオン・サイバー・ローディング演出→ロゴ→メインビジュアル）","上級"
"WEB-03982","パーソナルジム・フィットネスの採用サイト（ニューブルータリズム・スクロール連動のストーリー）","プロ（演出多め）"
"WEB-03983","エステ・脱毛サロンのオウンドメディア・ブログ（3D・クレイ・巨大コピー＋小さな写真）","プロ（演出多め）"
"WEB-03984","自動車・バイクのサービスサイト（クール・テック・巨大コピー＋小さな写真）","プロ（演出多め）"
"WEB-03985","観光・地域プロモーションの自治体・観光協会サイト（ナチュラル・オーガニック・ローディング演出→ロゴ→メインビジュアル）","プロ（演出多め）"
"WEB-03986","観光・地域プロモーションのサービスサイト（ハンドメイド・手書き・3Dオブジェクト/ジェネラティブ背景）","プロ（演出多め）"
"WEB-03987","内科・クリニックの採用サイト（ナチュラル・オーガニック・3Dオブジェクト/ジェネラティブ背景）","プロ（演出多め）"
"WEB-03988","美容室・ヘアサロンのサービスサイト（北欧・ライフスタイル・ローディング演出→ロゴ→メインビジュアル）","上級"
"WEB-03989","和菓子・スイーツのコーポレートサイト（ナチュラル・オーガニック・スクロール連動のストーリー）","プロ（演出多め）"
"WEB-03990","ヨガ・ピラティスのスクール・教室サイト（北欧・ライフスタイル・3Dオブジェクト/ジェネラティブ背景）","上級"
"WEB-03991","不動産・マンションの採用サイト（ダーク・シネマティック・3Dオブジェクト/ジェネラティブ背景）","上級"
"WEB-03992","内科・クリニックのブランドサイト（北欧・ライフスタイル・散らばった写真コラージュ）","プロ（演出多め）"
"WEB-03993","建築設計事務所のブランドサイト（ジオメトリック・グラフィカル・3Dオブジェクト/ジェネラティブ背景）","プロ（演出多め）"
"WEB-03994","スクール・オンライン講座のオウンドメディア・ブログ（ポップ・カラフル・縦書きコピー＋余白）","プロ（演出多め）"
"WEB-03995","ペット・トリミング・動物病院のオウンドメディア・ブログ（かわいい・ガーリー・フェード/ズームのスライドショー）","上級"
"WEB-03996","美容クリニックの採用サイト（ミニマル・洗練・3Dオブジェクト/ジェネラティブ背景）","プロ（演出多め）"
"WEB-03997","スマホアプリのオウンドメディア・ブログ（3D・クレイ・縦書きコピー＋余白）","上級"
"WEB-03998","歯科医院のクリニック・医院サイト（ミニマル・洗練・巨大コピー＋小さな写真）","プロ（演出多め）"
"WEB-03999","プログラミングスクールの採用サイト（クール・テック・画面2分割（写真｜コピー））","プロ（演出多め）"
"WEB-04000","美容クリニックの店舗サイト（飲食・美容・サロン）（信頼・誠実（コーポレート）・画面2分割（写真｜コピー））","プロ（演出多め）"
"WEB-04001","金融・保険・投資のコーポレートサイト（クール・テック・フェード/ズームのスライドショー）","プロ（演出多め）"
"WEB-04002","観光・地域プロモーションのホテル・旅館サイト（ダーク・シネマティック・全画面ループ動画）","上級"
"WEB-04003","スマホアプリのコーポレートサイト（ポップ・カラフル・画面2分割（写真｜コピー））","上級"
"WEB-04004","引越し・生活サービスのコーポレートサイト（信頼・誠実（コーポレート）・縦書きコピー＋余白）","上級"
"WEB-04005","歯科医院のコーポレートサイト（ミニマル・洗練・ローディング演出→ロゴ→メインビジュアル）","プロ（演出多め）"
"WEB-04006","コンサル・コーチングのブランドサイト（ミニマル・洗練・スクロール連動のストーリー）","プロ（演出多め）"
"WEB-04007","ゲーム・eスポーツの採用サイト（北欧・ライフスタイル・巨大コピー＋小さな写真）","上級"
"WEB-04008","スクール・オンライン講座のブランドサイト（クール・テック・全画面ループ動画）","プロ（演出多め）"
"WEB-04009","美容クリニックのオウンドメディア・ブログ（ラグジュアリー・高級感・ローディング演出→ロゴ→メインビジュアル）","上級"
"WEB-04010","スマホアプリの採用サイト（ハンドメイド・手書き・縦書きコピー＋余白）","上級"
"WEB-04011","スマホアプリの採用サイト（3D・クレイ・3Dオブジェクト/ジェネラティブ背景）","上級"
"WEB-04012","内科・クリニックのオウンドメディア・ブログ（ナチュラル・オーガニック・ローディング演出→ロゴ→メインビジュアル）","プロ（演出多め）"
"WEB-04013","コスメ・スキンケアのサービスサイト（パステル・ドリーミー・全画面ループ動画）","上級"
"WEB-04014","ウェディング・結婚相談所のコーポレートサイト（パステル・ドリーミー・3Dオブジェクト/ジェネラティブ背景）","上級"
"WEB-04015","コンサル・コーチングのポートフォリオ（個人/事務所）（かわいい・ガーリー・散らばった写真コラージュ）","上級"
"WEB-04016","和菓子・スイーツの採用サイト（和モダン・フェード/ズームのスライドショー）","プロ（演出多め）"
"WEB-04017","不動産・マンションの採用サイト（ダーク・シネマティック・巨大コピー＋小さな写真）","プロ（演出多め）"
"WEB-04018","建築設計事務所のサービスサイト（ジオメトリック・グラフィカル・全画面ループ動画）","プロ（演出多め）"
"WEB-04019","NPO・地方自治体のサービスサイト（信頼・誠実（コーポレート）・スクロール連動のストーリー）","プロ（演出多め）"
"WEB-04020","美容室・ヘアサロンの採用サイト（ニューブルータリズム・巨大コピー＋小さな写真）","上級"
"WEB-04021","自動車・バイクのコーポレートサイト（クール・テック・巨大コピー＋小さな写真）","上級"
"WEB-04022","AIサービス・スタートアップのコーポレートサイト（ネオン・サイバー・縦書きコピー＋余白）","プロ（演出多め）"
"WEB-04023","自動車・バイクのコーポレートサイト（エネルギッシュ・スポーティ・ローディング演出→ロゴ→メインビジュアル）","プロ（演出多め）"
"WEB-04024","採用・求人のブランドサイト（エディトリアル・雑誌風・縦書きコピー＋余白）","プロ（演出多め）"
"WEB-04025","占い・スピリチュアルのブランドサイト（和モダン・全画面ループ動画）","プロ（演出多め）"
"WEB-04026","ゲーム・eスポーツのブランドサイト（ダーク・シネマティック・ローディング演出→ロゴ→メインビジュアル）","プロ（演出多め）"
"WEB-04027","食品・産直ECのECサイト（ハンドメイド・手書き・縦書きコピー＋余白）","上級"
"WEB-04028","アパレル・ファッションECの採用サイト（ミニマル・洗練・全画面ループ動画）","上級"
"WEB-04029","AIサービス・スタートアップのブランドサイト（グラスモーフィズム・散らばった写真コラージュ）","上級"
"WEB-04030","ヨガ・ピラティスのスクール・教室サイト（ミニマル・洗練・縦書きコピー＋余白）","プロ（演出多め）"
"WEB-04031","Web制作・デザイン事務所のコーポレートサイト（ダーク・シネマティック・巨大コピー＋小さな写真）","プロ（演出多め）"
"WEB-04032","音楽・ライブ・イベントの採用サイト（ダーク・シネマティック・全画面ループ動画）","上級"
"WEB-04033","自動車・バイクのコーポレートサイト（ダーク・シネマティック・散らばった写真コラージュ）","プロ（演出多め）"
"WEB-04034","ホテル・旅館のコーポレートサイト（ミニマル・洗練・巨大コピー＋小さな写真）","プロ（演出多め）"
"WEB-04035","ペット・トリミング・動物病院のクリニック・医院サイト（かわいい・ガーリー・全画面ループ動画）","上級"
"WEB-04036","美容室・ヘアサロンの採用サイト（ミニマル・洗練・スクロール連動のストーリー）","上級"
"WEB-04037","コンサル・コーチングのポートフォリオ（個人/事務所）（エディトリアル・雑誌風・ローディング演出→ロゴ→メインビジュアル）","上級"
"WEB-04038","ウェディング・結婚相談所のブランドサイト（ラグジュアリー・高級感・画面2分割（写真｜コピー））","上級"
"WEB-04039","Web制作・デザイン事務所の採用サイト（クール・テック・散らばった写真コラージュ）","プロ（演出多め）"
"WEB-04040","自動車・バイクのコーポレートサイト（ラグジュアリー・高級感・巨大コピー＋小さな写真）","プロ（演出多め）"
"WEB-04041","カフェ・ベーカリーのブランドサイト（ジオメトリック・グラフィカル・スクロール連動のストーリー）","プロ（演出多め）"
"WEB-04042","カフェ・ベーカリーのオウンドメディア・ブログ（ネオン・サイバー・ローディング演出→ロゴ→メインビジュアル）","プロ（演出多め）"
"WEB-04043","美容クリニックのブランドサイト（信頼・誠実（コーポレート）・縦書きコピー＋余白）","プロ（演出多め）"
"WEB-04044","サウナ・温浴施設のサービスサイト（ナチュラル・オーガニック・フェード/ズームのスライドショー）","プロ（演出多め）"
"WEB-04045","ホテル・旅館のオウンドメディア・ブログ（ダーク・シネマティック・ローディング演出→ロゴ→メインビジュアル）","プロ（演出多め）"
"WEB-04046","NPO・地方自治体のサービスサイト（ジオメトリック・グラフィカル・全画面ループ動画）","上級"
"WEB-04047","和菓子・スイーツのオウンドメディア・ブログ（ナチュラル・オーガニック・フェード/ズームのスライドショー）","上級"
"WEB-04048","観光・地域プロモーションのオウンドメディア・ブログ（ナチュラル・オーガニック・散らばった写真コラージュ）","上級"
"WEB-04049","Web制作・デザイン事務所のポートフォリオ（個人/事務所）（ニューブルータリズム・ローディング演出→ロゴ→メインビジュアル）","プロ（演出多め）"
"WEB-04050","内科・クリニックのサービスサイト（グラスモーフィズム・フェード/ズームのスライドショー）","上級"
"WEB-04051","食品・産直ECのコーポレートサイト（レトロ・Y2K・縦書きコピー＋余白）","プロ（演出多め）"
"WEB-04052","採用・求人のブランドサイト（エディトリアル・雑誌風・巨大コピー＋小さな写真）","プロ（演出多め）"
"WEB-04053","金融・保険・投資のオウンドメディア・ブログ（信頼・誠実（コーポレート）・スクロール連動のストーリー）","プロ（演出多め）"
"WEB-04054","内科・クリニックの採用サイト（北欧・ライフスタイル・縦書きコピー＋余白）","上級"
"WEB-04055","パーソナルジム・フィットネスの店舗サイト（飲食・美容・サロン）（ダーク・シネマティック・3Dオブジェクト/ジェネラティブ背景）","プロ（演出多め）"
"WEB-04056","プログラミングスクールのコーポレートサイト（クール・テック・巨大コピー＋小さな写真）","プロ（演出多め）"
"WEB-04057","士業（税理士・弁護士・行政書士）の採用サイト（ミニマル・洗練・3Dオブジェクト/ジェネラティブ背景）","プロ（演出多め）"
"WEB-04058","ウェディング・結婚相談所の採用サイト（パステル・ドリーミー・縦書きコピー＋余白）","プロ（演出多め）"
"WEB-04059","パーソナルジム・フィットネスのコーポレートサイト（クール・テック・ローディング演出→ロゴ→メインビジュアル）","上級"
"WEB-04060","ヨガ・ピラティスのブランドサイト（ナチュラル・オーガニック・全画面ループ動画）","上級"
"WEB-04061","食品・産直ECのサービスサイト（ナチュラル・オーガニック・3Dオブジェクト/ジェネラティブ背景）","プロ（演出多め）"
"WEB-04062","建築設計事務所のブランドサイト（ミニマル・洗練・スクロール連動のストーリー）","プロ（演出多め）"
"WEB-04063","和菓子・スイーツのコーポレートサイト（かわいい・ガーリー・スクロール連動のストーリー）","上級"
"WEB-04064","引越し・生活サービスのブランドサイト（3D・クレイ・縦書きコピー＋余白）","プロ（演出多め）"
"WEB-04065","クラウドファンディング・新商品の採用サイト（ナチュラル・オーガニック・フェード/ズームのスライドショー）","プロ（演出多め）"
"WEB-04066","ホテル・旅館の採用サイト（ラグジュアリー・高級感・画面2分割（写真｜コピー））","上級"
"WEB-04067","引越し・生活サービスのオウンドメディア・ブログ（ナチュラル・オーガニック・縦書きコピー＋余白）","プロ（演出多め）"
"WEB-04068","クラウドファンディング・新商品のECサイト（ダーク・シネマティック・3Dオブジェクト/ジェネラティブ背景）","プロ（演出多め）"
"WEB-04069","内科・クリニックの採用サイト（北欧・ライフスタイル・3Dオブジェクト/ジェネラティブ背景）","上級"
"WEB-04070","不動産・マンションのブランドサイト（ダーク・シネマティック・画面2分割（写真｜コピー））","プロ（演出多め）"
"WEB-04071","和菓子・スイーツのオウンドメディア・ブログ（パステル・ドリーミー・スクロール連動のストーリー）","プロ（演出多め）"
"WEB-04072","採用・求人のオウンドメディア・ブログ（エディトリアル・雑誌風・全画面ループ動画）","プロ（演出多め）"
"WEB-04073","NPO・地方自治体のイベント・フェスサイト（ジオメトリック・グラフィカル・縦書きコピー＋余白）","プロ（演出多め）"
"WEB-04074","プログラミングスクールのコーポレートサイト（3D・クレイ・散らばった写真コラージュ）","プロ（演出多め）"
"WEB-04075","エステ・脱毛サロンのサービスサイト（かわいい・ガーリー・縦書きコピー＋余白）","プロ（演出多め）"
"WEB-04076","占い・スピリチュアルのサービスサイト（パステル・ドリーミー・3Dオブジェクト/ジェネラティブ背景）","上級"
"WEB-04077","Web制作・デザイン事務所のブランドサイト（ダーク・シネマティック・スクロール連動のストーリー）","プロ（演出多め）"
"WEB-04078","美容クリニックの採用サイト（ラグジュアリー・高級感・全画面ループ動画）","上級"
"WEB-04079","英会話・語学のブランドサイト（ネオン・サイバー・スクロール連動のストーリー）","プロ（演出多め）"
"WEB-04080","AIサービス・スタートアップのオウンドメディア・ブログ（信頼・誠実（コーポレート）・3Dオブジェクト/ジェネラティブ背景）","上級"
"WEB-04081","パーソナルジム・フィットネスのサービスサイト（クール・テック・散らばった写真コラージュ）","プロ（演出多め）"
"WEB-04082","プログラミングスクールのスクール・教室サイト（ネオン・サイバー・3Dオブジェクト/ジェネラティブ背景）","プロ（演出多め）"
"WEB-04083","カフェ・ベーカリーのオウンドメディア・ブログ（北欧・ライフスタイル・3Dオブジェクト/ジェネラティブ背景）","上級"
"WEB-04084","クラウドファンディング・新商品のブランドサイト（ナチュラル・オーガニック・スクロール連動のストーリー）","プロ（演出多め）"
"WEB-04085","不動産・マンションのコーポレートサイト（ラグジュアリー・高級感・全画面ループ動画）","プロ（演出多め）"
"WEB-04086","不動産・マンションのコーポレートサイト（信頼・誠実（コーポレート）・巨大コピー＋小さな写真）","プロ（演出多め）"
"WEB-04087","パーソナルジム・フィットネスのブランドサイト（ジオメトリック・グラフィカル・スクロール連動のストーリー）","プロ（演出多め）"
"WEB-04088","パーソナルジム・フィットネスのオウンドメディア・ブログ（ダーク・シネマティック・画面2分割（写真｜コピー））","プロ（演出多め）"
"WEB-04089","パーソナルジム・フィットネスのサービスサイト（ダーク・シネマティック・画面2分割（写真｜コピー））","上級"
"WEB-04090","スマホアプリのサービスサイト（ネオン・サイバー・ローディング演出→ロゴ→メインビジュアル）","プロ（演出多め）"
"WEB-04091","占い・スピリチュアルの採用サイト（ネオン・サイバー・スクロール連動のストーリー）","上級"
"WEB-04092","コスメ・スキンケアのサービスサイト（ミニマル・洗練・ローディング演出→ロゴ→メインビジュアル）","上級"
"WEB-04093","音楽・ライブ・イベントのイベント・フェスサイト（ネオン・サイバー・3Dオブジェクト/ジェネラティブ背景）","プロ（演出多め）"
"WEB-04094","AIサービス・スタートアップのコーポレートサイト（グラスモーフィズム・スクロール連動のストーリー）","上級"
"WEB-04095","美容クリニックのブランドサイト（信頼・誠実（コーポレート）・フェード/ズームのスライドショー）","プロ（演出多め）"
"WEB-04096","プログラミングスクールの採用サイト（クール・テック・画面2分割（写真｜コピー））","上級"
"WEB-04097","建築設計事務所のブランドサイト（エディトリアル・雑誌風・スクロール連動のストーリー）","プロ（演出多め）"
"WEB-04098","歯科医院のクリニック・医院サイト（ナチュラル・オーガニック・散らばった写真コラージュ）","プロ（演出多め）"
"WEB-04099","英会話・語学のオウンドメディア・ブログ（信頼・誠実（コーポレート）・フェード/ズームのスライドショー）","プロ（演出多め）"
"WEB-04100","美容室・ヘアサロンのポートフォリオ（個人/事務所）（ミニマル・洗練・フェード/ズームのスライドショー）","プロ（演出多め）"
"WEB-04101","SaaS・BtoBツールの採用サイト（ミニマル・洗練・全画面ループ動画）","プロ（演出多め）"
"WEB-04102","観光・地域プロモーションのイベント・フェスサイト（ダーク・シネマティック・ローディング演出→ロゴ→メインビジュアル）","上級"
"WEB-04103","プログラミングスクールの採用サイト（ネオン・サイバー・スクロール連動のストーリー）","プロ（演出多め）"
"WEB-04104","占い・スピリチュアルのオウンドメディア・ブログ（ダーク・シネマティック・縦書きコピー＋余白）","上級"
"WEB-04105","引越し・生活サービスのオウンドメディア・ブログ（信頼・誠実（コーポレート）・3Dオブジェクト/ジェネラティブ背景）","プロ（演出多め）"
"WEB-04106","ウェディング・結婚相談所のコーポレートサイト（ラグジュアリー・高級感・縦書きコピー＋余白）","プロ（演出多め）"
"WEB-04107","観光・地域プロモーションのコーポレートサイト（和モダン・画面2分割（写真｜コピー））","プロ（演出多め）"
"WEB-04108","美容室・ヘアサロンのコーポレートサイト（ラグジュアリー・高級感・3Dオブジェクト/ジェネラティブ背景）","プロ（演出多め）"
"WEB-04109","食品・産直ECのオウンドメディア・ブログ（ハンドメイド・手書き・3Dオブジェクト/ジェネラティブ背景）","プロ（演出多め）"
"WEB-04110","工務店・注文住宅・リフォームのブランドサイト（ナチュラル・オーガニック・3Dオブジェクト/ジェネラティブ背景）","プロ（演出多め）"
"WEB-04111","食品・産直ECの採用サイト（ポップ・カラフル・全画面ループ動画）","上級"
"WEB-04112","自動車・バイクの採用サイト（和モダン・巨大コピー＋小さな写真）","プロ（演出多め）"
"WEB-04113","歯科医院のブランドサイト（信頼・誠実（コーポレート）・縦書きコピー＋余白）","プロ（演出多め）"
"WEB-04114","内科・クリニックの採用サイト（北欧・ライフスタイル・3Dオブジェクト/ジェネラティブ背景）","上級"
"WEB-04115","AIサービス・スタートアップの採用サイト（ネオン・サイバー・3Dオブジェクト/ジェネラティブ背景）","上級"
"WEB-04116","英会話・語学の採用サイト（和モダン・スクロール連動のストーリー）","プロ（演出多め）"
"WEB-04117","YouTuber・インフルエンサーのサービスサイト（ネオン・サイバー・フェード/ズームのスライドショー）","プロ（演出多め）"
"WEB-04118","YouTuber・インフルエンサーのブランドサイト（ポップ・カラフル・巨大コピー＋小さな写真）","プロ（演出多め）"
"WEB-04119","サウナ・温浴施設の店舗サイト（飲食・美容・サロン）（和モダン・散らばった写真コラージュ）","プロ（演出多め）"
"WEB-04120","クラウドファンディング・新商品のコーポレートサイト（クール・テック・巨大コピー＋小さな写真）","上級"
"WEB-04121","カフェ・ベーカリーのオウンドメディア・ブログ（北欧・ライフスタイル・画面2分割（写真｜コピー））","プロ（演出多め）"
"WEB-04122","エステ・脱毛サロンのコーポレートサイト（ミニマル・洗練・3Dオブジェクト/ジェネラティブ背景）","上級"
"WEB-04123","ペット・トリミング・動物病院のクリニック・医院サイト（ハンドメイド・手書き・縦書きコピー＋余白）","上級"
"WEB-04124","ゲーム・eスポーツのブランドサイト（ネオン・サイバー・3Dオブジェクト/ジェネラティブ背景）","上級"
"WEB-04125","サウナ・温浴施設の店舗サイト（飲食・美容・サロン）（レトロ・Y2K・ローディング演出→ロゴ→メインビジュアル）","プロ（演出多め）"
"WEB-04126","サウナ・温浴施設のホテル・旅館サイト（ニューブルータリズム・フェード/ズームのスライドショー）","プロ（演出多め）"
"WEB-04127","不動産・マンションのコーポレートサイト（ナチュラル・オーガニック・画面2分割（写真｜コピー））","プロ（演出多め）"
"WEB-04128","クラウドファンディング・新商品のコーポレートサイト（ダーク・シネマティック・縦書きコピー＋余白）","プロ（演出多め）"
"WEB-04129","サウナ・温浴施設のホテル・旅館サイト（ニューブルータリズム・画面2分割（写真｜コピー））","プロ（演出多め）"
"WEB-04130","採用・求人のブランドサイト（ジオメトリック・グラフィカル・フェード/ズームのスライドショー）","プロ（演出多め）"
"WEB-04131","内科・クリニックのサービスサイト（北欧・ライフスタイル・縦書きコピー＋余白）","プロ（演出多め）"
"WEB-04132","Web制作・デザイン事務所のサービスサイト（クール・テック・3Dオブジェクト/ジェネラティブ背景）","プロ（演出多め）"
"WEB-04133","英会話・語学のスクール・教室サイト（ラグジュアリー・高級感・3Dオブジェクト/ジェネラティブ背景）","上級"
"WEB-04134","占い・スピリチュアルのコーポレートサイト（和モダン・巨大コピー＋小さな写真）","上級"
"WEB-04135","英会話・語学のスクール・教室サイト（和モダン・スクロール連動のストーリー）","上級"
"WEB-04136","コンサル・コーチングのポートフォリオ（個人/事務所）（ラグジュアリー・高級感・フェード/ズームのスライドショー）","プロ（演出多め）"
"WEB-04137","内科・クリニックのクリニック・医院サイト（北欧・ライフスタイル・縦書きコピー＋余白）","上級"
"WEB-04138","引越し・生活サービスのコーポレートサイト（信頼・誠実（コーポレート）・3Dオブジェクト/ジェネラティブ背景）","上級"
"WEB-04139","引越し・生活サービスのコーポレートサイト（ダーク・シネマティック・全画面ループ動画）","プロ（演出多め）"
"WEB-04140","SaaS・BtoBツールのコーポレートサイト（ミニマル・洗練・巨大コピー＋小さな写真）","プロ（演出多め）"
"WEB-04141","工務店・注文住宅・リフォームのコーポレートサイト（パステル・ドリーミー・縦書きコピー＋余白）","上級"
"WEB-04142","レストラン・居酒屋の店舗サイト（飲食・美容・サロン）（ラグジュアリー・高級感・巨大コピー＋小さな写真）","上級"
"WEB-04143","内科・クリニックのブランドサイト（信頼・誠実（コーポレート）・縦書きコピー＋余白）","プロ（演出多め）"
"WEB-04144","金融・保険・投資のサービスサイト（クール・テック・3Dオブジェクト/ジェネラティブ背景）","プロ（演出多め）"
"WEB-04145","パーソナルジム・フィットネスのスクール・教室サイト（エネルギッシュ・スポーティ・スクロール連動のストーリー）","上級"
"WEB-04146","食品・産直ECのECサイト（ハンドメイド・手書き・3Dオブジェクト/ジェネラティブ背景）","プロ（演出多め）"
"WEB-04147","パーソナルジム・フィットネスの採用サイト（ダーク・シネマティック・縦書きコピー＋余白）","上級"
"WEB-04148","農業・地方の生産者のECサイト（ナチュラル・オーガニック・フェード/ズームのスライドショー）","プロ（演出多め）"
"WEB-04149","建築設計事務所のサービスサイト（ミニマル・洗練・縦書きコピー＋余白）","プロ（演出多め）"
"WEB-04150","ウェディング・結婚相談所のコーポレートサイト（ラグジュアリー・高級感・ローディング演出→ロゴ→メインビジュアル）","上級"
"WEB-04151","コスメ・スキンケアのコーポレートサイト（北欧・ライフスタイル・縦書きコピー＋余白）","プロ（演出多め）"
"WEB-04152","SaaS・BtoBツールのサービスサイト（グラスモーフィズム・縦書きコピー＋余白）","プロ（演出多め）"
"WEB-04153","美容室・ヘアサロンの店舗サイト（飲食・美容・サロン）（ミニマル・洗練・画面2分割（写真｜コピー））","プロ（演出多め）"
"WEB-04154","農業・地方の生産者のサービスサイト（ハンドメイド・手書き・3Dオブジェクト/ジェネラティブ背景）","プロ（演出多め）"
"WEB-04155","コスメ・スキンケアのコーポレートサイト（ラグジュアリー・高級感・散らばった写真コラージュ）","プロ（演出多め）"
"WEB-04156","プログラミングスクールのオウンドメディア・ブログ（クール・テック・散らばった写真コラージュ）","プロ（演出多め）"
"WEB-04157","エステ・脱毛サロンのブランドサイト（ラグジュアリー・高級感・全画面ループ動画）","上級"
"WEB-04158","AIサービス・スタートアップのオウンドメディア・ブログ（ネオン・サイバー・3Dオブジェクト/ジェネラティブ背景）","上級"
"WEB-04159","エステ・脱毛サロンのサービスサイト（ミニマル・洗練・縦書きコピー＋余白）","プロ（演出多め）"
"WEB-04160","自動車・バイクのサービスサイト（エネルギッシュ・スポーティ・巨大コピー＋小さな写真）","プロ（演出多め）"
"WEB-04161","保育園・幼児教育・習い事のスクール・教室サイト（クール・テック・スクロール連動のストーリー）","プロ（演出多め）"
"WEB-04162","サウナ・温浴施設の店舗サイト（飲食・美容・サロン）（レトロ・Y2K・散らばった写真コラージュ）","プロ（演出多め）"
"WEB-04163","観光・地域プロモーションのサービスサイト（ハンドメイド・手書き・ローディング演出→ロゴ→メインビジュアル）","上級"
"WEB-04164","工務店・注文住宅・リフォームのブランドサイト（ミニマル・洗練・散らばった写真コラージュ）","プロ（演出多め）"
"WEB-04165","ペット・トリミング・動物病院のコーポレートサイト（ナチュラル・オーガニック・全画面ループ動画）","上級"
"WEB-04166","パーソナルジム・フィットネスのスクール・教室サイト（エネルギッシュ・スポーティ・ローディング演出→ロゴ→メインビジュアル）","プロ（演出多め）"
"WEB-04167","サウナ・温浴施設のサービスサイト（ネオン・サイバー・フェード/ズームのスライドショー）","プロ（演出多め）"
"WEB-04168","SaaS・BtoBツールのサービスサイト（3D・クレイ・全画面ループ動画）","プロ（演出多め）"
"WEB-04169","ペット・トリミング・動物病院のサービスサイト（ハンドメイド・手書き・散らばった写真コラージュ）","プロ（演出多め）"
"WEB-04170","クラウドファンディング・新商品のサービスサイト（クール・テック・3Dオブジェクト/ジェネラティブ背景）","プロ（演出多め）"
"WEB-04171","不動産・マンションのオウンドメディア・ブログ（信頼・誠実（コーポレート）・ローディング演出→ロゴ→メインビジュアル）","上級"
"WEB-04172","プログラミングスクールのスクール・教室サイト（ポップ・カラフル・ローディング演出→ロゴ→メインビジュアル）","プロ（演出多め）"
"WEB-04173","採用・求人の採用サイト（ラグジュアリー・高級感・スクロール連動のストーリー）","上級"
"WEB-04174","ウェディング・結婚相談所のブランドサイト（パステル・ドリーミー・縦書きコピー＋余白）","プロ（演出多め）"
"WEB-04175","美容クリニックのクリニック・医院サイト（信頼・誠実（コーポレート）・フェード/ズームのスライドショー）","上級"
"WEB-04176","工務店・注文住宅・リフォームのブランドサイト（ミニマル・洗練・3Dオブジェクト/ジェネラティブ背景）","上級"
"WEB-04177","内科・クリニックの採用サイト（信頼・誠実（コーポレート）・3Dオブジェクト/ジェネラティブ背景）","上級"
"WEB-04178","エステ・脱毛サロンの採用サイト（かわいい・ガーリー・縦書きコピー＋余白）","プロ（演出多め）"
"WEB-04179","サウナ・温浴施設の採用サイト（ナチュラル・オーガニック・縦書きコピー＋余白）","プロ（演出多め）"
"WEB-04180","パーソナルジム・フィットネスのコーポレートサイト（ダーク・シネマティック・ローディング演出→ロゴ→メインビジュアル）","プロ（演出多め）"
"WEB-04181","占い・スピリチュアルのコーポレートサイト（ダーク・シネマティック・スクロール連動のストーリー）","プロ（演出多め）"
"WEB-04182","観光・地域プロモーションのホテル・旅館サイト（ナチュラル・オーガニック・フェード/ズームのスライドショー）","プロ（演出多め）"
"WEB-04183","プログラミングスクールのブランドサイト（ミニマル・洗練・画面2分割（写真｜コピー））","プロ（演出多め）"
"WEB-04184","音楽・ライブ・イベントのオウンドメディア・ブログ（ダーク・シネマティック・画面2分割（写真｜コピー））","上級"
"WEB-04185","スマホアプリのブランドサイト（クール・テック・巨大コピー＋小さな写真）","プロ（演出多め）"
"WEB-04186","占い・スピリチュアルのブランドサイト（和モダン・画面2分割（写真｜コピー））","プロ（演出多め）"
"WEB-04187","英会話・語学のオウンドメディア・ブログ（クール・テック・ローディング演出→ロゴ→メインビジュアル）","上級"
"WEB-04188","カフェ・ベーカリーのオウンドメディア・ブログ（ミニマル・洗練・巨大コピー＋小さな写真）","プロ（演出多め）"
"WEB-04189","和菓子・スイーツのコーポレートサイト（パステル・ドリーミー・散らばった写真コラージュ）","プロ（演出多め）"
"WEB-04190","スマホアプリのオウンドメディア・ブログ（ポップ・カラフル・散らばった写真コラージュ）","プロ（演出多め）"
"WEB-04191","ホテル・旅館のサービスサイト（和モダン・全画面ループ動画）","プロ（演出多め）"
"WEB-04192","NPO・地方自治体のオウンドメディア・ブログ（ジオメトリック・グラフィカル・散らばった写真コラージュ）","プロ（演出多め）"
"WEB-04193","士業（税理士・弁護士・行政書士）の採用サイト（ミニマル・洗練・縦書きコピー＋余白）","プロ（演出多め）"
"WEB-04194","コンサル・コーチングのコーポレートサイト（ラグジュアリー・高級感・縦書きコピー＋余白）","プロ（演出多め）"
"WEB-04195","自動車・バイクのコーポレートサイト（クール・テック・画面2分割（写真｜コピー））","プロ（演出多め）"
"WEB-04196","SaaS・BtoBツールのサービスサイト（グラスモーフィズム・巨大コピー＋小さな写真）","プロ（演出多め）"
"WEB-04197","士業（税理士・弁護士・行政書士）のサービスサイト（ミニマル・洗練・スクロール連動のストーリー）","プロ（演出多め）"
"WEB-04198","コンサル・コーチングのオウンドメディア・ブログ（信頼・誠実（コーポレート）・巨大コピー＋小さな写真）","上級"
"WEB-04199","サウナ・温浴施設のコーポレートサイト（和モダン・散らばった写真コラージュ）","プロ（演出多め）"
"WEB-04200","ヨガ・ピラティスのブランドサイト（ナチュラル・オーガニック・フェード/ズームのスライドショー）","上級"
"WEB-04201","美容室・ヘアサロンのコーポレートサイト（エディトリアル・雑誌風・3Dオブジェクト/ジェネラティブ背景）","プロ（演出多め）"
"WEB-04202","金融・保険・投資のオウンドメディア・ブログ（信頼・誠実（コーポレート）・全画面ループ動画）","プロ（演出多め）"
"WEB-04203","NPO・地方自治体のイベント・フェスサイト（ミニマル・洗練・散らばった写真コラージュ）","プロ（演出多め）"
"WEB-04204","占い・スピリチュアルの採用サイト（ラグジュアリー・高級感・フェード/ズームのスライドショー）","プロ（演出多め）"
"WEB-04205","コスメ・スキンケアのオウンドメディア・ブログ（ナチュラル・オーガニック・縦書きコピー＋余白）","プロ（演出多め）"
"WEB-04206","観光・地域プロモーションのブランドサイト（ダーク・シネマティック・3Dオブジェクト/ジェネラティブ背景）","上級"
"WEB-04207","アパレル・ファッションECのブランドサイト（エディトリアル・雑誌風・ローディング演出→ロゴ→メインビジュアル）","上級"
"WEB-04208","カフェ・ベーカリーの採用サイト（北欧・ライフスタイル・3Dオブジェクト/ジェネラティブ背景）","上級"
"WEB-04209","アパレル・ファッションECのブランドサイト（和モダン・ローディング演出→ロゴ→メインビジュアル）","上級"
"WEB-04210","ゲーム・eスポーツのブランドサイト（北欧・ライフスタイル・スクロール連動のストーリー）","上級"
"WEB-04211","NPO・地方自治体のイベント・フェスサイト（ジオメトリック・グラフィカル・全画面ループ動画）","上級"
"WEB-04212","ゲーム・eスポーツのオウンドメディア・ブログ（ダーク・シネマティック・画面2分割（写真｜コピー））","プロ（演出多め）"
"WEB-04213","食品・産直ECのサービスサイト（エネルギッシュ・スポーティ・散らばった写真コラージュ）","プロ（演出多め）"
"WEB-04214","不動産・マンションのサービスサイト（ポップ・カラフル・フェード/ズームのスライドショー）","プロ（演出多め）"
"WEB-04215","パーソナルジム・フィットネスのオウンドメディア・ブログ（レトロ・Y2K・ローディング演出→ロゴ→メインビジュアル）","プロ（演出多め）"
"WEB-04216","和菓子・スイーツのコーポレートサイト（エディトリアル・雑誌風・全画面ループ動画）","プロ（演出多め）"
"WEB-04217","AIサービス・スタートアップのオウンドメディア・ブログ（グラスモーフィズム・散らばった写真コラージュ）","プロ（演出多め）"
"WEB-04218","内科・クリニックのコーポレートサイト（北欧・ライフスタイル・画面2分割（写真｜コピー））","上級"
"WEB-04219","工務店・注文住宅・リフォームのオウンドメディア・ブログ（信頼・誠実（コーポレート）・画面2分割（写真｜コピー））","プロ（演出多め）"
"WEB-04220","AIサービス・スタートアップのブランドサイト（ネオン・サイバー・縦書きコピー＋余白）","上級"
"WEB-04221","YouTuber・インフルエンサーのポートフォリオ（個人/事務所）（ネオン・サイバー・スクロール連動のストーリー）","プロ（演出多め）"
"WEB-04222","内科・クリニックの採用サイト（信頼・誠実（コーポレート）・ローディング演出→ロゴ→メインビジュアル）","上級"
"WEB-04223","工務店・注文住宅・リフォームのコーポレートサイト（北欧・ライフスタイル・3Dオブジェクト/ジェネラティブ背景）","上級"
"WEB-04224","引越し・生活サービスの採用サイト（ポップ・カラフル・3Dオブジェクト/ジェネラティブ背景）","プロ（演出多め）"
"WEB-04225","美容室・ヘアサロンのブランドサイト（ミニマル・洗練・フェード/ズームのスライドショー）","上級"
"WEB-04226","工務店・注文住宅・リフォームの採用サイト（信頼・誠実（コーポレート）・画面2分割（写真｜コピー））","プロ（演出多め）"
"WEB-04227","レストラン・居酒屋のコーポレートサイト（ラグジュアリー・高級感・巨大コピー＋小さな写真）","プロ（演出多め）"
"WEB-04228","占い・スピリチュアルのブランドサイト（ニューブルータリズム・縦書きコピー＋余白）","プロ（演出多め）"
"WEB-04229","AIサービス・スタートアップのコーポレートサイト（ポップ・カラフル・3Dオブジェクト/ジェネラティブ背景）","プロ（演出多め）"
"WEB-04230","内科・クリニックのオウンドメディア・ブログ（北欧・ライフスタイル・フェード/ズームのスライドショー）","プロ（演出多め）"
"WEB-04231","内科・クリニックの採用サイト（ナチュラル・オーガニック・散らばった写真コラージュ）","上級"
"WEB-04232","スクール・オンライン講座のサービスサイト（ポップ・カラフル・スクロール連動のストーリー）","プロ（演出多め）"
"WEB-04233","アパレル・ファッションECのサービスサイト（レトロ・Y2K・スクロール連動のストーリー）","上級"
"WEB-04234","音楽・ライブ・イベントのコーポレートサイト（ネオン・サイバー・画面2分割（写真｜コピー））","上級"
"WEB-04235","プログラミングスクールのサービスサイト（クール・テック・3Dオブジェクト/ジェネラティブ背景）","上級"
"WEB-04236","スマホアプリのオウンドメディア・ブログ（グラスモーフィズム・フェード/ズームのスライドショー）","プロ（演出多め）"
"WEB-04237","自動車・バイクのサービスサイト（エネルギッシュ・スポーティ・スクロール連動のストーリー）","上級"
"WEB-04238","建築設計事務所のコーポレートサイト（ジオメトリック・グラフィカル・フェード/ズームのスライドショー）","プロ（演出多め）"
"WEB-04239","士業（税理士・弁護士・行政書士）のブランドサイト（信頼・誠実（コーポレート）・3Dオブジェクト/ジェネラティブ背景）","プロ（演出多め）"
"WEB-04240","食品・産直ECのサービスサイト（ハンドメイド・手書き・スクロール連動のストーリー）","プロ（演出多め）"
"WEB-04241","NPO・地方自治体の採用サイト（かわいい・ガーリー・散らばった写真コラージュ）","プロ（演出多め）"
"WEB-04242","スクール・オンライン講座のサービスサイト（クール・テック・フェード/ズームのスライドショー）","プロ（演出多め）"
"WEB-04243","ヨガ・ピラティスのブランドサイト（パステル・ドリーミー・スクロール連動のストーリー）","プロ（演出多め）"
"WEB-04244","レストラン・居酒屋の店舗サイト（飲食・美容・サロン）（ダーク・シネマティック・スクロール連動のストーリー）","上級"
"WEB-04245","ゲーム・eスポーツのイベント・フェスサイト（ダーク・シネマティック・スクロール連動のストーリー）","プロ（演出多め）"
"WEB-04246","保育園・幼児教育・習い事のサービスサイト（ハンドメイド・手書き・散らばった写真コラージュ）","プロ（演出多め）"
"WEB-04247","内科・クリニックのオウンドメディア・ブログ（エディトリアル・雑誌風・縦書きコピー＋余白）","プロ（演出多め）"
"WEB-04248","クラウドファンディング・新商品の採用サイト（ポップ・カラフル・全画面ループ動画）","プロ（演出多め）"
"WEB-04249","食品・産直ECのブランドサイト（エネルギッシュ・スポーティ・フェード/ズームのスライドショー）","プロ（演出多め）"
"WEB-04250","AIサービス・スタートアップのコーポレートサイト（ミニマル・洗練・縦書きコピー＋余白）","プロ（演出多め）"
"WEB-04251","AIサービス・スタートアップのブランドサイト（ネオン・サイバー・スクロール連動のストーリー）","上級"
"WEB-04252","Web制作・デザイン事務所のサービスサイト（クール・テック・全画面ループ動画）","プロ（演出多め）"
"WEB-04253","SaaS・BtoBツールのコーポレートサイト（クール・テック・スクロール連動のストーリー）","上級"
"WEB-04254","占い・スピリチュアルのブランドサイト（ダーク・シネマティック・全画面ループ動画）","プロ（演出多め）"
"WEB-04255","自動車・バイクのオウンドメディア・ブログ（エネルギッシュ・スポーティ・スクロール連動のストーリー）","上級"
"WEB-04256","エステ・脱毛サロンの採用サイト（パステル・ドリーミー・散らばった写真コラージュ）","プロ（演出多め）"
"WEB-04257","保育園・幼児教育・習い事のコーポレートサイト（ポップ・カラフル・スクロール連動のストーリー）","プロ（演出多め）"
"WEB-04258","金融・保険・投資のオウンドメディア・ブログ（クール・テック・全画面ループ動画）","上級"
"WEB-04259","クラウドファンディング・新商品のサービスサイト（ナチュラル・オーガニック・散らばった写真コラージュ）","上級"
"WEB-04260","スクール・オンライン講座のブランドサイト（ポップ・カラフル・散らばった写真コラージュ）","上級"
"WEB-04261","ウェディング・結婚相談所のオウンドメディア・ブログ（パステル・ドリーミー・ローディング演出→ロゴ→メインビジュアル）","プロ（演出多め）"
"WEB-04262","内科・クリニックのコーポレートサイト（ナチュラル・オーガニック・巨大コピー＋小さな写真）","プロ（演出多め）"
"WEB-04263","エステ・脱毛サロンのオウンドメディア・ブログ（ラグジュアリー・高級感・縦書きコピー＋余白）","プロ（演出多め）"
"WEB-04264","パーソナルジム・フィットネスのコーポレートサイト（クール・テック・ローディング演出→ロゴ→メインビジュアル）","プロ（演出多め）"
"WEB-04265","ヨガ・ピラティスのスクール・教室サイト（ミニマル・洗練・全画面ループ動画）","プロ（演出多め）"
"WEB-04266","レストラン・居酒屋のコーポレートサイト（和モダン・全画面ループ動画）","プロ（演出多め）"
"WEB-04267","引越し・生活サービスのサービスサイト（ポップ・カラフル・巨大コピー＋小さな写真）","プロ（演出多め）"
"WEB-04268","YouTuber・インフルエンサーのオウンドメディア・ブログ（ネオン・サイバー・巨大コピー＋小さな写真）","プロ（演出多め）"
"WEB-04269","YouTuber・インフルエンサーのポートフォリオ（個人/事務所）（かわいい・ガーリー・画面2分割（写真｜コピー））","プロ（演出多め）"
"WEB-04270","食品・産直ECのコーポレートサイト（ハンドメイド・手書き・巨大コピー＋小さな写真）","上級"
"WEB-04271","農業・地方の生産者の採用サイト（ハンドメイド・手書き・ローディング演出→ロゴ→メインビジュアル）","プロ（演出多め）"
"WEB-04272","農業・地方の生産者のオウンドメディア・ブログ（和モダン・スクロール連動のストーリー）","プロ（演出多め）"
"WEB-04273","プログラミングスクールのオウンドメディア・ブログ（クール・テック・3Dオブジェクト/ジェネラティブ背景）","プロ（演出多め）"
"WEB-04274","プログラミングスクールのオウンドメディア・ブログ（ネオン・サイバー・縦書きコピー＋余白）","プロ（演出多め）"
"WEB-04275","SaaS・BtoBツールの採用サイト（クール・テック・巨大コピー＋小さな写真）","プロ（演出多め）"
"WEB-04276","コスメ・スキンケアのECサイト（ミニマル・洗練・巨大コピー＋小さな写真）","プロ（演出多め）"
"WEB-04277","コスメ・スキンケアの採用サイト（ミニマル・洗練・3Dオブジェクト/ジェネラティブ背景）","上級"
"WEB-04278","保育園・幼児教育・習い事のオウンドメディア・ブログ（ナチュラル・オーガニック・全画面ループ動画）","プロ（演出多め）"
"WEB-04279","農業・地方の生産者のサービスサイト（ハンドメイド・手書き・巨大コピー＋小さな写真）","プロ（演出多め）"
"WEB-04280","金融・保険・投資の採用サイト（エディトリアル・雑誌風・縦書きコピー＋余白）","プロ（演出多め）"
"WEB-04281","観光・地域プロモーションのブランドサイト（ナチュラル・オーガニック・3Dオブジェクト/ジェネラティブ背景）","プロ（演出多め）"
"WEB-04282","引越し・生活サービスの採用サイト（3D・クレイ・スクロール連動のストーリー）","プロ（演出多め）"
"WEB-04283","ウェディング・結婚相談所のオウンドメディア・ブログ（パステル・ドリーミー・フェード/ズームのスライドショー）","プロ（演出多め）"
"WEB-04284","NPO・地方自治体のブランドサイト（クール・テック・ローディング演出→ロゴ→メインビジュアル）","プロ（演出多め）"
"WEB-04285","YouTuber・インフルエンサーのサービスサイト（かわいい・ガーリー・全画面ループ動画）","プロ（演出多め）"
"WEB-04286","美容クリニックのブランドサイト（ラグジュアリー・高級感・巨大コピー＋小さな写真）","上級"
"WEB-04287","美容室・ヘアサロンのコーポレートサイト（北欧・ライフスタイル・ローディング演出→ロゴ→メインビジュアル）","プロ（演出多め）"
"WEB-04288","観光・地域プロモーションのイベント・フェスサイト（ハンドメイド・手書き・フェード/ズームのスライドショー）","プロ（演出多め）"
"WEB-04289","スマホアプリの採用サイト（クール・テック・ローディング演出→ロゴ→メインビジュアル）","プロ（演出多め）"
"WEB-04290","プログラミングスクールのスクール・教室サイト（ポップ・カラフル・3Dオブジェクト/ジェネラティブ背景）","上級"
"WEB-04291","占い・スピリチュアルのブランドサイト（ダーク・シネマティック・画面2分割（写真｜コピー））","上級"
"WEB-04292","占い・スピリチュアルの採用サイト（ダーク・シネマティック・ローディング演出→ロゴ→メインビジュアル）","プロ（演出多め）"
"WEB-04293","カフェ・ベーカリーのコーポレートサイト（ミニマル・洗練・全画面ループ動画）","上級"
"WEB-04294","SaaS・BtoBツールの採用サイト（グラスモーフィズム・縦書きコピー＋余白）","プロ（演出多め）"
"WEB-04295","不動産・マンションのオウンドメディア・ブログ（ミニマル・洗練・画面2分割（写真｜コピー））","プロ（演出多め）"
"WEB-04296","農業・地方の生産者の採用サイト（ナチュラル・オーガニック・フェード/ズームのスライドショー）","上級"
"WEB-04297","コスメ・スキンケアのオウンドメディア・ブログ（信頼・誠実（コーポレート）・ローディング演出→ロゴ→メインビジュアル）","プロ（演出多め）"
"WEB-04298","士業（税理士・弁護士・行政書士）のオウンドメディア・ブログ（ミニマル・洗練・縦書きコピー＋余白）","プロ（演出多め）"
"WEB-04299","士業（税理士・弁護士・行政書士）の採用サイト（和モダン・全画面ループ動画）","上級"
"WEB-04300","スクール・オンライン講座のサービスサイト（3D・クレイ・フェード/ズームのスライドショー）","プロ（演出多め）"
"WEB-04301","レストラン・居酒屋のブランドサイト（レトロ・Y2K・スクロール連動のストーリー）","プロ（演出多め）"
"WEB-04302","コスメ・スキンケアの採用サイト（パステル・ドリーミー・巨大コピー＋小さな写真）","プロ（演出多め）"
"WEB-04303","SaaS・BtoBツールのサービスサイト（クール・テック・巨大コピー＋小さな写真）","プロ（演出多め）"
"WEB-04304","ウェディング・結婚相談所のコーポレートサイト（ラグジュアリー・高級感・スクロール連動のストーリー）","上級"
"WEB-04305","NPO・地方自治体のイベント・フェスサイト（北欧・ライフスタイル・全画面ループ動画）","プロ（演出多め）"
"WEB-04306","スクール・オンライン講座の採用サイト（3D・クレイ・散らばった写真コラージュ）","上級"
"WEB-04307","建築設計事務所のサービスサイト（エディトリアル・雑誌風・ローディング演出→ロゴ→メインビジュアル）","プロ（演出多め）"
"WEB-04308","美容クリニックの採用サイト（ラグジュアリー・高級感・全画面ループ動画）","プロ（演出多め）"
"WEB-04309","保育園・幼児教育・習い事の採用サイト（かわいい・ガーリー・ローディング演出→ロゴ→メインビジュアル）","プロ（演出多め）"
"WEB-04310","食品・産直ECのブランドサイト（和モダン・縦書きコピー＋余白）","上級"
"WEB-04311","英会話・語学のブランドサイト（信頼・誠実（コーポレート）・画面2分割（写真｜コピー））","プロ（演出多め）"
"WEB-04312","不動産・マンションのコーポレートサイト（ラグジュアリー・高級感・巨大コピー＋小さな写真）","プロ（演出多め）"
"WEB-04313","パーソナルジム・フィットネスのブランドサイト（ニューブルータリズム・ローディング演出→ロゴ→メインビジュアル）","プロ（演出多め）"
"WEB-04314","サウナ・温浴施設の採用サイト（レトロ・Y2K・画面2分割（写真｜コピー））","プロ（演出多め）"
"WEB-04315","カフェ・ベーカリーの採用サイト（エディトリアル・雑誌風・フェード/ズームのスライドショー）","プロ（演出多め）"
"WEB-04316","AIサービス・スタートアップの採用サイト（ニューブルータリズム・フェード/ズームのスライドショー）","プロ（演出多め）"
"WEB-04317","アパレル・ファッションECのサービスサイト（ミニマル・洗練・散らばった写真コラージュ）","プロ（演出多め）"
"WEB-04318","美容室・ヘアサロンのポートフォリオ（個人/事務所）（ミニマル・洗練・3Dオブジェクト/ジェネラティブ背景）","上級"
"WEB-04319","ヨガ・ピラティスの店舗サイト（飲食・美容・サロン）（ナチュラル・オーガニック・3Dオブジェクト/ジェネラティブ背景）","プロ（演出多め）"
"WEB-04320","Web制作・デザイン事務所の採用サイト（ニューブルータリズム・画面2分割（写真｜コピー））","プロ（演出多め）"
"WEB-04321","英会話・語学のオウンドメディア・ブログ（3D・クレイ・巨大コピー＋小さな写真）","プロ（演出多め）"
"WEB-04322","歯科医院のクリニック・医院サイト（信頼・誠実（コーポレート）・3Dオブジェクト/ジェネラティブ背景）","プロ（演出多め）"
"WEB-04323","AIサービス・スタートアップのサービスサイト（ポップ・カラフル・全画面ループ動画）","プロ（演出多め）"
"WEB-04324","採用・求人の採用サイト（エネルギッシュ・スポーティ・巨大コピー＋小さな写真）","上級"
"WEB-04325","和菓子・スイーツのブランドサイト（ナチュラル・オーガニック・散らばった写真コラージュ）","プロ（演出多め）"
"WEB-04326","スマホアプリのサービスサイト（クール・テック・縦書きコピー＋余白）","プロ（演出多め）"
"WEB-04327","レストラン・居酒屋のオウンドメディア・ブログ（ラグジュアリー・高級感・画面2分割（写真｜コピー））","プロ（演出多め）"
"WEB-04328","ペット・トリミング・動物病院の採用サイト（かわいい・ガーリー・巨大コピー＋小さな写真）","プロ（演出多め）"
"WEB-04329","保育園・幼児教育・習い事のコーポレートサイト（かわいい・ガーリー・全画面ループ動画）","プロ（演出多め）"
"WEB-04330","採用・求人の採用サイト（エディトリアル・雑誌風・フェード/ズームのスライドショー）","プロ（演出多め）"
"WEB-04331","コスメ・スキンケアのブランドサイト（パステル・ドリーミー・巨大コピー＋小さな写真）","上級"
"WEB-04332","美容クリニックのクリニック・医院サイト（信頼・誠実（コーポレート）・巨大コピー＋小さな写真）","プロ（演出多め）"
"WEB-04333","引越し・生活サービスのオウンドメディア・ブログ（ネオン・サイバー・フェード/ズームのスライドショー）","上級"
"WEB-04334","アパレル・ファッションECのサービスサイト（ニューブルータリズム・散らばった写真コラージュ）","プロ（演出多め）"
"WEB-04335","不動産・マンションのコーポレートサイト（ミニマル・洗練・スクロール連動のストーリー）","プロ（演出多め）"
"WEB-04336","音楽・ライブ・イベントのコーポレートサイト（3D・クレイ・散らばった写真コラージュ）","プロ（演出多め）"
"WEB-04337","Web制作・デザイン事務所のオウンドメディア・ブログ（クール・テック・全画面ループ動画）","プロ（演出多め）"
"WEB-04338","和菓子・スイーツのコーポレートサイト（パステル・ドリーミー・全画面ループ動画）","プロ（演出多め）"
"WEB-04339","美容クリニックのコーポレートサイト（ラグジュアリー・高級感・散らばった写真コラージュ）","プロ（演出多め）"
"WEB-04340","建築設計事務所の採用サイト（ジオメトリック・グラフィカル・巨大コピー＋小さな写真）","上級"
"WEB-04341","不動産・マンションの採用サイト（ミニマル・洗練・散らばった写真コラージュ）","プロ（演出多め）"
"WEB-04342","ペット・トリミング・動物病院の店舗サイト（飲食・美容・サロン）（ナチュラル・オーガニック・縦書きコピー＋余白）","プロ（演出多め）"
"WEB-04343","ヨガ・ピラティスの店舗サイト（飲食・美容・サロン）（北欧・ライフスタイル・縦書きコピー＋余白）","プロ（演出多め）"
"WEB-04344","美容室・ヘアサロンのオウンドメディア・ブログ（ラグジュアリー・高級感・縦書きコピー＋余白）","プロ（演出多め）"
"WEB-04345","カフェ・ベーカリーのコーポレートサイト（ハンドメイド・手書き・スクロール連動のストーリー）","プロ（演出多め）"
"WEB-04346","ゲーム・eスポーツのブランドサイト（レトロ・Y2K・3Dオブジェクト/ジェネラティブ背景）","プロ（演出多め）"
"WEB-04347","コンサル・コーチングのサービスサイト（エディトリアル・雑誌風・巨大コピー＋小さな写真）","プロ（演出多め）"
"WEB-04348","英会話・語学のコーポレートサイト（ニューブルータリズム・画面2分割（写真｜コピー））","プロ（演出多め）"
"WEB-04349","ウェディング・結婚相談所のオウンドメディア・ブログ（パステル・ドリーミー・スクロール連動のストーリー）","プロ（演出多め）"
"WEB-04350","食品・産直ECのサービスサイト（和モダン・フェード/ズームのスライドショー）","プロ（演出多め）"
"WEB-04351","カフェ・ベーカリーのブランドサイト（ダーク・シネマティック・フェード/ズームのスライドショー）","プロ（演出多め）"
"WEB-04352","YouTuber・インフルエンサーのオウンドメディア・ブログ（ニューブルータリズム・フェード/ズームのスライドショー）","プロ（演出多め）"
"WEB-04353","士業（税理士・弁護士・行政書士）のサービスサイト（信頼・誠実（コーポレート）・3Dオブジェクト/ジェネラティブ背景）","プロ（演出多め）"
"WEB-04354","コスメ・スキンケアのコーポレートサイト（信頼・誠実（コーポレート）・3Dオブジェクト/ジェネラティブ背景）","プロ（演出多め）"
"WEB-04355","カフェ・ベーカリーのオウンドメディア・ブログ（レトロ・Y2K・全画面ループ動画）","プロ（演出多め）"
"WEB-04356","和菓子・スイーツのブランドサイト（和モダン・全画面ループ動画）","プロ（演出多め）"
"WEB-04357","建築設計事務所のポートフォリオ（個人/事務所）（ジオメトリック・グラフィカル・ローディング演出→ロゴ→メインビジュアル）","プロ（演出多め）"
"WEB-04358","英会話・語学のサービスサイト（信頼・誠実（コーポレート）・全画面ループ動画）","上級"
"WEB-04359","食品・産直ECのブランドサイト（ハンドメイド・手書き・スクロール連動のストーリー）","プロ（演出多め）"
"WEB-04360","引越し・生活サービスのオウンドメディア・ブログ（3D・クレイ・画面2分割（写真｜コピー））","プロ（演出多め）"
"WEB-04361","ヨガ・ピラティスのオウンドメディア・ブログ（ナチュラル・オーガニック・巨大コピー＋小さな写真）","プロ（演出多め）"
"WEB-04362","ペット・トリミング・動物病院のサービスサイト（3D・クレイ・全画面ループ動画）","上級"
"WEB-04363","サウナ・温浴施設のコーポレートサイト（レトロ・Y2K・ローディング演出→ロゴ→メインビジュアル）","プロ（演出多め）"
"WEB-04364","プログラミングスクールのサービスサイト（かわいい・ガーリー・縦書きコピー＋余白）","プロ（演出多め）"
"WEB-04365","コスメ・スキンケアのオウンドメディア・ブログ（ミニマル・洗練・画面2分割（写真｜コピー））","プロ（演出多め）"
"WEB-04366","工務店・注文住宅・リフォームの採用サイト（信頼・誠実（コーポレート）・巨大コピー＋小さな写真）","プロ（演出多め）"
"WEB-04367","美容室・ヘアサロンのオウンドメディア・ブログ（エネルギッシュ・スポーティ・巨大コピー＋小さな写真）","プロ（演出多め）"
"WEB-04368","引越し・生活サービスのブランドサイト（ポップ・カラフル・全画面ループ動画）","上級"
"WEB-04369","アパレル・ファッションECのオウンドメディア・ブログ（レトロ・Y2K・フェード/ズームのスライドショー）","プロ（演出多め）"
"WEB-04370","レストラン・居酒屋のオウンドメディア・ブログ（ラグジュアリー・高級感・全画面ループ動画）","プロ（演出多め）"
"WEB-04371","コスメ・スキンケアのコーポレートサイト（パステル・ドリーミー・巨大コピー＋小さな写真）","プロ（演出多め）"
"WEB-04372","AIサービス・スタートアップのオウンドメディア・ブログ（クール・テック・散らばった写真コラージュ）","プロ（演出多め）"
"WEB-04373","カフェ・ベーカリーの採用サイト（レトロ・Y2K・散らばった写真コラージュ）","プロ（演出多め）"
"WEB-04374","士業（税理士・弁護士・行政書士）のコーポレートサイト（ミニマル・洗練・全画面ループ動画）","プロ（演出多め）"
"WEB-04375","ペット・トリミング・動物病院の店舗サイト（飲食・美容・サロン）（かわいい・ガーリー・フェード/ズームのスライドショー）","上級"
"WEB-04376","英会話・語学のスクール・教室サイト（エディトリアル・雑誌風・画面2分割（写真｜コピー））","プロ（演出多め）"
"WEB-04377","歯科医院の採用サイト（ネオン・サイバー・3Dオブジェクト/ジェネラティブ背景）","上級"
"WEB-04378","スクール・オンライン講座のコーポレートサイト（3D・クレイ・画面2分割（写真｜コピー））","上級"
"WEB-04379","カフェ・ベーカリーのサービスサイト（レトロ・Y2K・全画面ループ動画）","プロ（演出多め）"
"WEB-04380","自動車・バイクのオウンドメディア・ブログ（ニューブルータリズム・全画面ループ動画）","プロ（演出多め）"
"WEB-04381","コンサル・コーチングの採用サイト（信頼・誠実（コーポレート）・ローディング演出→ロゴ→メインビジュアル）","プロ（演出多め）"
"WEB-04382","士業（税理士・弁護士・行政書士）のオウンドメディア・ブログ（ミニマル・洗練・画面2分割（写真｜コピー））","上級"
"WEB-04383","AIサービス・スタートアップのコーポレートサイト（クール・テック・散らばった写真コラージュ）","上級"
"WEB-04384","採用・求人のコーポレートサイト（エネルギッシュ・スポーティ・縦書きコピー＋余白）","プロ（演出多め）"
"WEB-04385","レストラン・居酒屋のコーポレートサイト（信頼・誠実（コーポレート）・縦書きコピー＋余白）","上級"
"WEB-04386","カフェ・ベーカリーのブランドサイト（北欧・ライフスタイル・ローディング演出→ロゴ→メインビジュアル）","上級"
"WEB-04387","英会話・語学のサービスサイト（3D・クレイ・縦書きコピー＋余白）","プロ（演出多め）"
"WEB-04388","レストラン・居酒屋のサービスサイト（グラスモーフィズム・縦書きコピー＋余白）","プロ（演出多め）"
"WEB-04389","Web制作・デザイン事務所のブランドサイト（ニューブルータリズム・3Dオブジェクト/ジェネラティブ背景）","上級"
"WEB-04390","YouTuber・インフルエンサーのオウンドメディア・ブログ（ジオメトリック・グラフィカル・ローディング演出→ロゴ→メインビジュアル）","プロ（演出多め）"
"WEB-04391","Web制作・デザイン事務所のポートフォリオ（個人/事務所）（クール・テック・フェード/ズームのスライドショー）","上級"
"WEB-04392","不動産・マンションのサービスサイト（ラグジュアリー・高級感・画面2分割（写真｜コピー））","プロ（演出多め）"
"WEB-04393","Web制作・デザイン事務所のポートフォリオ（個人/事務所）（ジオメトリック・グラフィカル・画面2分割（写真｜コピー））","プロ（演出多め）"
"WEB-04394","英会話・語学のブランドサイト（ポップ・カラフル・全画面ループ動画）","プロ（演出多め）"
"WEB-04395","スマホアプリのサービスサイト（ハンドメイド・手書き・スクロール連動のストーリー）","上級"
"WEB-04396","農業・地方の生産者のサービスサイト（ナチュラル・オーガニック・ローディング演出→ロゴ→メインビジュアル）","上級"
"WEB-04397","英会話・語学のコーポレートサイト（ジオメトリック・グラフィカル・散らばった写真コラージュ）","プロ（演出多め）"
"WEB-04398","美容クリニックの店舗サイト（飲食・美容・サロン）（ラグジュアリー・高級感・ローディング演出→ロゴ→メインビジュアル）","上級"
"WEB-04399","レストラン・居酒屋のオウンドメディア・ブログ（和モダン・全画面ループ動画）","上級"
"WEB-04400","英会話・語学のオウンドメディア・ブログ（3D・クレイ・ローディング演出→ロゴ→メインビジュアル）","プロ（演出多め）"
"WEB-04401","自動車・バイクのオウンドメディア・ブログ（ニューブルータリズム・フェード/ズームのスライドショー）","上級"
"WEB-04402","アパレル・ファッションECのブランドサイト（エディトリアル・雑誌風・3Dオブジェクト/ジェネラティブ背景）","上級"
"WEB-04403","アパレル・ファッションECの採用サイト（ニューブルータリズム・スクロール連動のストーリー）","上級"
"WEB-04404","美容室・ヘアサロンのオウンドメディア・ブログ（ミニマル・洗練・3Dオブジェクト/ジェネラティブ背景）","プロ（演出多め）"
"WEB-04405","歯科医院のブランドサイト（エネルギッシュ・スポーティ・散らばった写真コラージュ）","上級"
"WEB-04406","音楽・ライブ・イベントのイベント・フェスサイト（ネオン・サイバー・フェード/ズームのスライドショー）","プロ（演出多め）"
"WEB-04407","スクール・オンライン講座のスクール・教室サイト（クール・テック・画面2分割（写真｜コピー））","上級"
"WEB-04408","音楽・ライブ・イベントのコーポレートサイト（レトロ・Y2K・縦書きコピー＋余白）","上級"
"WEB-04409","Web制作・デザイン事務所のコーポレートサイト（ニューブルータリズム・画面2分割（写真｜コピー））","上級"
"WEB-04410","レストラン・居酒屋のサービスサイト（レトロ・Y2K・ローディング演出→ロゴ→メインビジュアル）","上級"
"WEB-04411","金融・保険・投資の採用サイト（ミニマル・洗練・ローディング演出→ロゴ→メインビジュアル）","プロ（演出多め）"
"WEB-04412","SaaS・BtoBツールのオウンドメディア・ブログ（3D・クレイ・スクロール連動のストーリー）","プロ（演出多め）"
"WEB-04413","採用・求人のサービスサイト（ジオメトリック・グラフィカル・縦書きコピー＋余白）","上級"
"WEB-04414","音楽・ライブ・イベントの採用サイト（ダーク・シネマティック・全画面ループ動画）","上級"
"WEB-04415","歯科医院のオウンドメディア・ブログ（ナチュラル・オーガニック・縦書きコピー＋余白）","上級"
"WEB-04416","工務店・注文住宅・リフォームのオウンドメディア・ブログ（ミニマル・洗練・縦書きコピー＋余白）","プロ（演出多め）"
"WEB-04417","英会話・語学の採用サイト（信頼・誠実（コーポレート）・全画面ループ動画）","プロ（演出多め）"
"WEB-04418","食品・産直ECのサービスサイト（和モダン・縦書きコピー＋余白）","プロ（演出多め）"
"WEB-04419","サウナ・温浴施設の店舗サイト（飲食・美容・サロン）（かわいい・ガーリー・スクロール連動のストーリー）","プロ（演出多め）"
"WEB-04420","レストラン・居酒屋のサービスサイト（ダーク・シネマティック・フェード/ズームのスライドショー）","プロ（演出多め）"
"WEB-04421","AIサービス・スタートアップのオウンドメディア・ブログ（ネオン・サイバー・スクロール連動のストーリー）","プロ（演出多め）"
"WEB-04422","引越し・生活サービスの採用サイト（3D・クレイ・縦書きコピー＋余白）","プロ（演出多め）"
"WEB-04423","士業（税理士・弁護士・行政書士）のコーポレートサイト（和モダン・スクロール連動のストーリー）","上級"
"WEB-04424","自動車・バイクのコーポレートサイト（エネルギッシュ・スポーティ・全画面ループ動画）","上級"
"WEB-04425","農業・地方の生産者のコーポレートサイト（ハンドメイド・手書き・散らばった写真コラージュ）","上級"
"WEB-04426","食品・産直ECのサービスサイト（ポップ・カラフル・散らばった写真コラージュ）","上級"
"WEB-04427","Web制作・デザイン事務所のサービスサイト（ジオメトリック・グラフィカル・3Dオブジェクト/ジェネラティブ背景）","プロ（演出多め）"
"WEB-04428","スクール・オンライン講座のオウンドメディア・ブログ（信頼・誠実（コーポレート）・ローディング演出→ロゴ→メインビジュアル）","プロ（演出多め）"
"WEB-04429","美容クリニックのブランドサイト（ラグジュアリー・高級感・3Dオブジェクト/ジェネラティブ背景）","プロ（演出多め）"
"WEB-04430","SaaS・BtoBツールのコーポレートサイト（ダーク・シネマティック・スクロール連動のストーリー）","上級"
"WEB-04431","建築設計事務所のオウンドメディア・ブログ（エディトリアル・雑誌風・画面2分割（写真｜コピー））","プロ（演出多め）"
"WEB-04432","クラウドファンディング・新商品のオウンドメディア・ブログ（クール・テック・画面2分割（写真｜コピー））","プロ（演出多め）"
"WEB-04433","食品・産直ECのブランドサイト（ダーク・シネマティック・ローディング演出→ロゴ→メインビジュアル）","上級"
"WEB-04434","ヨガ・ピラティスのサービスサイト（ラグジュアリー・高級感・フェード/ズームのスライドショー）","プロ（演出多め）"
"WEB-04435","ウェディング・結婚相談所のブランドサイト（ミニマル・洗練・全画面ループ動画）","プロ（演出多め）"
"WEB-04436","歯科医院のコーポレートサイト（ミニマル・洗練・全画面ループ動画）","上級"
"WEB-04437","ペット・トリミング・動物病院のクリニック・医院サイト（ハンドメイド・手書き・巨大コピー＋小さな写真）","プロ（演出多め）"
"WEB-04438","ペット・トリミング・動物病院のブランドサイト（3D・クレイ・画面2分割（写真｜コピー））","プロ（演出多め）"
"WEB-04439","和菓子・スイーツのオウンドメディア・ブログ（パステル・ドリーミー・散らばった写真コラージュ）","上級"
"WEB-04440","士業（税理士・弁護士・行政書士）のブランドサイト（ハンドメイド・手書き・3Dオブジェクト/ジェネラティブ背景）","プロ（演出多め）"
"WEB-04441","士業（税理士・弁護士・行政書士）のブランドサイト（和モダン・ローディング演出→ロゴ→メインビジュアル）","プロ（演出多め）"
"WEB-04442","不動産・マンションのサービスサイト（ダーク・シネマティック・スクロール連動のストーリー）","プロ（演出多め）"
"WEB-04443","ヨガ・ピラティスの店舗サイト（飲食・美容・サロン）（パステル・ドリーミー・巨大コピー＋小さな写真）","上級"
"WEB-04444","SaaS・BtoBツールのブランドサイト（グラスモーフィズム・散らばった写真コラージュ）","プロ（演出多め）"
"WEB-04445","ウェディング・結婚相談所のコーポレートサイト（ミニマル・洗練・スクロール連動のストーリー）","上級"
"WEB-04446","観光・地域プロモーションのサービスサイト（和モダン・散らばった写真コラージュ）","プロ（演出多め）"
"WEB-04447","コスメ・スキンケアのブランドサイト（ミニマル・洗練・3Dオブジェクト/ジェネラティブ背景）","上級"
"WEB-04448","工務店・注文住宅・リフォームのコーポレートサイト（ミニマル・洗練・スクロール連動のストーリー）","プロ（演出多め）"
"WEB-04449","英会話・語学のオウンドメディア・ブログ（エディトリアル・雑誌風・3Dオブジェクト/ジェネラティブ背景）","プロ（演出多め）"
"WEB-04450","コンサル・コーチングのブランドサイト（信頼・誠実（コーポレート）・ローディング演出→ロゴ→メインビジュアル）","上級"
"WEB-04451","食品・産直ECのブランドサイト（ポップ・カラフル・3Dオブジェクト/ジェネラティブ背景）","上級"
"WEB-04452","採用・求人のオウンドメディア・ブログ（エディトリアル・雑誌風・フェード/ズームのスライドショー）","プロ（演出多め）"
"WEB-04453","AIサービス・スタートアップのコーポレートサイト（ミニマル・洗練・散らばった写真コラージュ）","プロ（演出多め）"
"WEB-04454","スクール・オンライン講座のサービスサイト（3D・クレイ・3Dオブジェクト/ジェネラティブ背景）","プロ（演出多め）"
"WEB-04455","サウナ・温浴施設のオウンドメディア・ブログ（北欧・ライフスタイル・ローディング演出→ロゴ→メインビジュアル）","上級"
"WEB-04456","アパレル・ファッションECのオウンドメディア・ブログ（ポップ・カラフル・フェード/ズームのスライドショー）","プロ（演出多め）"
"WEB-04457","プログラミングスクールのコーポレートサイト（ネオン・サイバー・ローディング演出→ロゴ→メインビジュアル）","プロ（演出多め）"
"WEB-04458","内科・クリニックの採用サイト（ナチュラル・オーガニック・散らばった写真コラージュ）","上級"
"WEB-04459","引越し・生活サービスの採用サイト（ポップ・カラフル・3Dオブジェクト/ジェネラティブ背景）","プロ（演出多め）"
"WEB-04460","英会話・語学のオウンドメディア・ブログ（3D・クレイ・散らばった写真コラージュ）","上級"
"WEB-04461","英会話・語学のオウンドメディア・ブログ（信頼・誠実（コーポレート）・巨大コピー＋小さな写真）","上級"
"WEB-04462","ゲーム・eスポーツのサービスサイト（レトロ・Y2K・画面2分割（写真｜コピー））","プロ（演出多め）"
"WEB-04463","食品・産直ECのECサイト（ラグジュアリー・高級感・縦書きコピー＋余白）","プロ（演出多め）"
"WEB-04464","スクール・オンライン講座のスクール・教室サイト（ネオン・サイバー・ローディング演出→ロゴ→メインビジュアル）","プロ（演出多め）"
"WEB-04465","建築設計事務所のコーポレートサイト（クール・テック・フェード/ズームのスライドショー）","プロ（演出多め）"
"WEB-04466","AIサービス・スタートアップのコーポレートサイト（ミニマル・洗練・ローディング演出→ロゴ→メインビジュアル）","プロ（演出多め）"
"WEB-04467","コンサル・コーチングのコーポレートサイト（ニューブルータリズム・全画面ループ動画）","上級"
"WEB-04468","アパレル・ファッションECのコーポレートサイト（北欧・ライフスタイル・全画面ループ動画）","プロ（演出多め）"
"WEB-04469","サウナ・温浴施設のブランドサイト（ナチュラル・オーガニック・スクロール連動のストーリー）","プロ（演出多め）"
"WEB-04470","ペット・トリミング・動物病院のオウンドメディア・ブログ（ハンドメイド・手書き・縦書きコピー＋余白）","プロ（演出多め）"
"WEB-04471","Web制作・デザイン事務所のブランドサイト（クール・テック・散らばった写真コラージュ）","上級"
"WEB-04472","カフェ・ベーカリーのコーポレートサイト（ハンドメイド・手書き・縦書きコピー＋余白）","上級"
"WEB-04473","美容クリニックのサービスサイト（パステル・ドリーミー・画面2分割（写真｜コピー））","プロ（演出多め）"
"WEB-04474","引越し・生活サービスのサービスサイト（ニューブルータリズム・散らばった写真コラージュ）","プロ（演出多め）"
"WEB-04475","コンサル・コーチングのサービスサイト（エディトリアル・雑誌風・巨大コピー＋小さな写真）","プロ（演出多め）"
"WEB-04476","エステ・脱毛サロンのサービスサイト（かわいい・ガーリー・散らばった写真コラージュ）","上級"
"WEB-04477","内科・クリニックのクリニック・医院サイト（ナチュラル・オーガニック・縦書きコピー＋余白）","上級"
"WEB-04478","歯科医院のクリニック・医院サイト（ネオン・サイバー・スクロール連動のストーリー）","プロ（演出多め）"
"WEB-04479","士業（税理士・弁護士・行政書士）のサービスサイト（ミニマル・洗練・スクロール連動のストーリー）","プロ（演出多め）"
"WEB-04480","観光・地域プロモーションのイベント・フェスサイト（ハンドメイド・手書き・縦書きコピー＋余白）","プロ（演出多め）"
"WEB-04481","ホテル・旅館のオウンドメディア・ブログ（和モダン・フェード/ズームのスライドショー）","プロ（演出多め）"
"WEB-04482","英会話・語学のスクール・教室サイト（3D・クレイ・フェード/ズームのスライドショー）","プロ（演出多め）"
"WEB-04483","歯科医院のサービスサイト（ナチュラル・オーガニック・ローディング演出→ロゴ→メインビジュアル）","プロ（演出多め）"
"WEB-04484","ヨガ・ピラティスのコーポレートサイト（パステル・ドリーミー・スクロール連動のストーリー）","プロ（演出多め）"
"WEB-04485","工務店・注文住宅・リフォームのオウンドメディア・ブログ（かわいい・ガーリー・縦書きコピー＋余白）","プロ（演出多め）"
"WEB-04486","保育園・幼児教育・習い事の採用サイト（かわいい・ガーリー・散らばった写真コラージュ）","プロ（演出多め）"
"WEB-04487","カフェ・ベーカリーのオウンドメディア・ブログ（レトロ・Y2K・ローディング演出→ロゴ→メインビジュアル）","プロ（演出多め）"
"WEB-04488","パーソナルジム・フィットネスのサービスサイト（クール・テック・フェード/ズームのスライドショー）","プロ（演出多め）"
"WEB-04489","SaaS・BtoBツールの採用サイト（信頼・誠実（コーポレート）・巨大コピー＋小さな写真）","上級"
"WEB-04490","スマホアプリのオウンドメディア・ブログ（グラスモーフィズム・3Dオブジェクト/ジェネラティブ背景）","上級"
"WEB-04491","NPO・地方自治体のオウンドメディア・ブログ（ナチュラル・オーガニック・縦書きコピー＋余白）","プロ（演出多め）"
"WEB-04492","NPO・地方自治体の採用サイト（ナチュラル・オーガニック・ローディング演出→ロゴ→メインビジュアル）","プロ（演出多め）"
"WEB-04493","引越し・生活サービスのオウンドメディア・ブログ（北欧・ライフスタイル・巨大コピー＋小さな写真）","プロ（演出多め）"
"WEB-04494","建築設計事務所のポートフォリオ（個人/事務所）（ミニマル・洗練・ローディング演出→ロゴ→メインビジュアル）","プロ（演出多め）"
"WEB-04495","クラウドファンディング・新商品のサービスサイト（ポップ・カラフル・縦書きコピー＋余白）","上級"
"WEB-04496","ペット・トリミング・動物病院の店舗サイト（飲食・美容・サロン）（ナチュラル・オーガニック・ローディング演出→ロゴ→メインビジュアル）","上級"
"WEB-04497","アパレル・ファッションECのコーポレートサイト（3D・クレイ・巨大コピー＋小さな写真）","プロ（演出多め）"
"WEB-04498","美容クリニックのクリニック・医院サイト（ミニマル・洗練・画面2分割（写真｜コピー））","プロ（演出多め）"
"WEB-04499","金融・保険・投資のサービスサイト（クール・テック・縦書きコピー＋余白）","上級"
"WEB-04500","ゲーム・eスポーツの採用サイト（ダーク・シネマティック・散らばった写真コラージュ）","プロ（演出多め）"
"WEB-04501","美容室・ヘアサロンのコーポレートサイト（ラグジュアリー・高級感・散らばった写真コラージュ）","プロ（演出多め）"
"WEB-04502","占い・スピリチュアルのオウンドメディア・ブログ（ラグジュアリー・高級感・フェード/ズームのスライドショー）","上級"
"WEB-04503","ペット・トリミング・動物病院の採用サイト（3D・クレイ・ローディング演出→ロゴ→メインビジュアル）","プロ（演出多め）"
"WEB-04504","スクール・オンライン講座のオウンドメディア・ブログ（クール・テック・画面2分割（写真｜コピー））","プロ（演出多め）"
"WEB-04505","引越し・生活サービスのサービスサイト（3D・クレイ・画面2分割（写真｜コピー））","プロ（演出多め）"
"WEB-04506","ヨガ・ピラティスのオウンドメディア・ブログ（かわいい・ガーリー・全画面ループ動画）","プロ（演出多め）"
"WEB-04507","SaaS・BtoBツールのサービスサイト（グラスモーフィズム・スクロール連動のストーリー）","プロ（演出多め）"
"WEB-04508","引越し・生活サービスの採用サイト（ポップ・カラフル・ローディング演出→ロゴ→メインビジュアル）","上級"
"WEB-04509","ゲーム・eスポーツのオウンドメディア・ブログ（ネオン・サイバー・フェード/ズームのスライドショー）","上級"
"WEB-04510","スマホアプリのサービスサイト（グラスモーフィズム・散らばった写真コラージュ）","上級"
"WEB-04511","ウェディング・結婚相談所のポートフォリオ（個人/事務所）（パステル・ドリーミー・全画面ループ動画）","上級"
"WEB-04512","音楽・ライブ・イベントの採用サイト（ダーク・シネマティック・画面2分割（写真｜コピー））","上級"
"WEB-04513","士業（税理士・弁護士・行政書士）のブランドサイト（ミニマル・洗練・全画面ループ動画）","プロ（演出多め）"
"WEB-04514","和菓子・スイーツのオウンドメディア・ブログ（パステル・ドリーミー・スクロール連動のストーリー）","上級"
"WEB-04515","エステ・脱毛サロンのブランドサイト（ミニマル・洗練・ローディング演出→ロゴ→メインビジュアル）","上級"
"WEB-04516","占い・スピリチュアルのコーポレートサイト（パステル・ドリーミー・スクロール連動のストーリー）","プロ（演出多め）"
"WEB-04517","スクール・オンライン講座のブランドサイト（3D・クレイ・全画面ループ動画）","プロ（演出多め）"
"WEB-04518","自動車・バイクのオウンドメディア・ブログ（かわいい・ガーリー・ローディング演出→ロゴ→メインビジュアル）","上級"
"WEB-04519","アパレル・ファッションECのブランドサイト（ミニマル・洗練・ローディング演出→ロゴ→メインビジュアル）","上級"
"WEB-04520","サウナ・温浴施設のホテル・旅館サイト（和モダン・画面2分割（写真｜コピー））","上級"
"WEB-04521","ウェディング・結婚相談所のポートフォリオ（個人/事務所）（クール・テック・3Dオブジェクト/ジェネラティブ背景）","プロ（演出多め）"
"WEB-04522","ヨガ・ピラティスのコーポレートサイト（クール・テック・巨大コピー＋小さな写真）","プロ（演出多め）"
"WEB-04523","内科・クリニックのコーポレートサイト（信頼・誠実（コーポレート）・巨大コピー＋小さな写真）","プロ（演出多め）"
"WEB-04524","食品・産直ECのブランドサイト（和モダン・フェード/ズームのスライドショー）","上級"
"WEB-04525","美容室・ヘアサロンのコーポレートサイト（かわいい・ガーリー・フェード/ズームのスライドショー）","プロ（演出多め）"
"WEB-04526","SaaS・BtoBツールのコーポレートサイト（信頼・誠実（コーポレート）・3Dオブジェクト/ジェネラティブ背景）","プロ（演出多め）"
"WEB-04527","Web制作・デザイン事務所のオウンドメディア・ブログ（ジオメトリック・グラフィカル・スクロール連動のストーリー）","上級"
"WEB-04528","美容室・ヘアサロンの店舗サイト（飲食・美容・サロン）（北欧・ライフスタイル・3Dオブジェクト/ジェネラティブ背景）","プロ（演出多め）"
"WEB-04529","工務店・注文住宅・リフォームのコーポレートサイト（ナチュラル・オーガニック・3Dオブジェクト/ジェネラティブ背景）","プロ（演出多め）"
"WEB-04530","美容室・ヘアサロンのポートフォリオ（個人/事務所）（エディトリアル・雑誌風・散らばった写真コラージュ）","上級"
"WEB-04531","パーソナルジム・フィットネスのブランドサイト（クール・テック・全画面ループ動画）","プロ（演出多め）"
"WEB-04532","和菓子・スイーツのサービスサイト（かわいい・ガーリー・3Dオブジェクト/ジェネラティブ背景）","プロ（演出多め）"
"WEB-04533","占い・スピリチュアルの採用サイト（ラグジュアリー・高級感・フェード/ズームのスライドショー）","プロ（演出多め）"
"WEB-04534","プログラミングスクールのコーポレートサイト（クール・テック・3Dオブジェクト/ジェネラティブ背景）","プロ（演出多め）"
"WEB-04535","スマホアプリのコーポレートサイト（グラスモーフィズム・ローディング演出→ロゴ→メインビジュアル）","上級"
"WEB-04536","YouTuber・インフルエンサーのオウンドメディア・ブログ（ジオメトリック・グラフィカル・フェード/ズームのスライドショー）","上級"
"WEB-04537","クラウドファンディング・新商品のサービスサイト（ダーク・シネマティック・巨大コピー＋小さな写真）","プロ（演出多め）"
"WEB-04538","工務店・注文住宅・リフォームのブランドサイト（信頼・誠実（コーポレート）・3Dオブジェクト/ジェネラティブ背景）","上級"
"WEB-04539","内科・クリニックのクリニック・医院サイト（北欧・ライフスタイル・全画面ループ動画）","プロ（演出多め）"
"WEB-04540","ホテル・旅館のホテル・旅館サイト（和モダン・画面2分割（写真｜コピー））","プロ（演出多め）"
"WEB-04541","建築設計事務所のコーポレートサイト（エディトリアル・雑誌風・巨大コピー＋小さな写真）","プロ（演出多め）"
"WEB-04542","内科・クリニックのサービスサイト（ナチュラル・オーガニック・3Dオブジェクト/ジェネラティブ背景）","上級"
"WEB-04543","コンサル・コーチングの採用サイト（エディトリアル・雑誌風・全画面ループ動画）","プロ（演出多め）"
"WEB-04544","クラウドファンディング・新商品のオウンドメディア・ブログ（ダーク・シネマティック・全画面ループ動画）","プロ（演出多め）"
"WEB-04545","採用・求人の採用サイト（エディトリアル・雑誌風・全画面ループ動画）","プロ（演出多め）"
"WEB-04546","採用・求人の採用サイト（エディトリアル・雑誌風・3Dオブジェクト/ジェネラティブ背景）","プロ（演出多め）"
"WEB-04547","スマホアプリのオウンドメディア・ブログ（ポップ・カラフル・全画面ループ動画）","上級"
"WEB-04548","農業・地方の生産者のサービスサイト（ハンドメイド・手書き・散らばった写真コラージュ）","プロ（演出多め）"
"WEB-04549","工務店・注文住宅・リフォームのサービスサイト（ミニマル・洗練・画面2分割（写真｜コピー））","上級"
"WEB-04550","農業・地方の生産者のECサイト（ハンドメイド・手書き・3Dオブジェクト/ジェネラティブ背景）","プロ（演出多め）"
"WEB-04551","和菓子・スイーツのブランドサイト（ナチュラル・オーガニック・巨大コピー＋小さな写真）","上級"
"WEB-04552","金融・保険・投資のサービスサイト（信頼・誠実（コーポレート）・画面2分割（写真｜コピー））","プロ（演出多め）"
"WEB-04553","保育園・幼児教育・習い事のスクール・教室サイト（かわいい・ガーリー・散らばった写真コラージュ）","上級"
"WEB-04554","Web制作・デザイン事務所のポートフォリオ（個人/事務所）（クール・テック・全画面ループ動画）","プロ（演出多め）"
"WEB-04555","アパレル・ファッションECのECサイト（エディトリアル・雑誌風・全画面ループ動画）","プロ（演出多め）"
"WEB-04556","ペット・トリミング・動物病院の店舗サイト（飲食・美容・サロン）（かわいい・ガーリー・散らばった写真コラージュ）","プロ（演出多め）"
"WEB-04557","スクール・オンライン講座のオウンドメディア・ブログ（ポップ・カラフル・縦書きコピー＋余白）","上級"
"WEB-04558","サウナ・温浴施設のサービスサイト（パステル・ドリーミー・ローディング演出→ロゴ→メインビジュアル）","上級"
"WEB-04559","食品・産直ECのECサイト（ハンドメイド・手書き・ローディング演出→ロゴ→メインビジュアル）","プロ（演出多め）"
"WEB-04560","観光・地域プロモーションの自治体・観光協会サイト（ナチュラル・オーガニック・縦書きコピー＋余白）","プロ（演出多め）"
"WEB-04561","自動車・バイクのブランドサイト（ダーク・シネマティック・スクロール連動のストーリー）","プロ（演出多め）"
"WEB-04562","Web制作・デザイン事務所のポートフォリオ（個人/事務所）（ダーク・シネマティック・3Dオブジェクト/ジェネラティブ背景）","プロ（演出多め）"
"WEB-04563","引越し・生活サービスの採用サイト（信頼・誠実（コーポレート）・巨大コピー＋小さな写真）","上級"
"WEB-04564","レストラン・居酒屋の店舗サイト（飲食・美容・サロン）（パステル・ドリーミー・画面2分割（写真｜コピー））","プロ（演出多め）"
"WEB-04565","美容室・ヘアサロンの採用サイト（ナチュラル・オーガニック・ローディング演出→ロゴ→メインビジュアル）","プロ（演出多め）"
"WEB-04566","スクール・オンライン講座のコーポレートサイト（レトロ・Y2K・画面2分割（写真｜コピー））","上級"
"WEB-04567","アパレル・ファッションECのECサイト（ミニマル・洗練・画面2分割（写真｜コピー））","上級"
"WEB-04568","YouTuber・インフルエンサーのポートフォリオ（個人/事務所）（ポップ・カラフル・3Dオブジェクト/ジェネラティブ背景）","上級"
"WEB-04569","美容クリニックのブランドサイト（ミニマル・洗練・スクロール連動のストーリー）","上級"
"WEB-04570","エステ・脱毛サロンの採用サイト（かわいい・ガーリー・スクロール連動のストーリー）","プロ（演出多め）"
"WEB-04571","パーソナルジム・フィットネスのスクール・教室サイト（ダーク・シネマティック・スクロール連動のストーリー）","プロ（演出多め）"
"WEB-04572","レストラン・居酒屋のオウンドメディア・ブログ（ラグジュアリー・高級感・3Dオブジェクト/ジェネラティブ背景）","プロ（演出多め）"
"WEB-04573","引越し・生活サービスのサービスサイト（レトロ・Y2K・ローディング演出→ロゴ→メインビジュアル）","プロ（演出多め）"
"WEB-04574","スクール・オンライン講座のコーポレートサイト（クール・テック・3Dオブジェクト/ジェネラティブ背景）","プロ（演出多め）"
"WEB-04575","YouTuber・インフルエンサーのポートフォリオ（個人/事務所）（かわいい・ガーリー・画面2分割（写真｜コピー））","プロ（演出多め）"
"WEB-04576","エステ・脱毛サロンのコーポレートサイト（パステル・ドリーミー・散らばった写真コラージュ）","上級"
"WEB-04577","音楽・ライブ・イベントのオウンドメディア・ブログ（レトロ・Y2K・巨大コピー＋小さな写真）","プロ（演出多め）"
"WEB-04578","不動産・マンションのオウンドメディア・ブログ（信頼・誠実（コーポレート）・縦書きコピー＋余白）","上級"
"WEB-04579","ゲーム・eスポーツのブランドサイト（レトロ・Y2K・スクロール連動のストーリー）","プロ（演出多め）"
"WEB-04580","コンサル・コーチングのオウンドメディア・ブログ（ナチュラル・オーガニック・フェード/ズームのスライドショー）","プロ（演出多め）"
"WEB-04581","占い・スピリチュアルの採用サイト（ミニマル・洗練・ローディング演出→ロゴ→メインビジュアル）","プロ（演出多め）"
"WEB-04582","クラウドファンディング・新商品のオウンドメディア・ブログ（ダーク・シネマティック・巨大コピー＋小さな写真）","プロ（演出多め）"
"WEB-04583","ペット・トリミング・動物病院のブランドサイト（グラスモーフィズム・縦書きコピー＋余白）","上級"
"WEB-04584","美容クリニックのコーポレートサイト（グラスモーフィズム・ローディング演出→ロゴ→メインビジュアル）","上級"
"WEB-04585","Web制作・デザイン事務所のオウンドメディア・ブログ（ジオメトリック・グラフィカル・ローディング演出→ロゴ→メインビジュアル）","プロ（演出多め）"
"WEB-04586","プログラミングスクールのオウンドメディア・ブログ（3D・クレイ・ローディング演出→ロゴ→メインビジュアル）","プロ（演出多め）"
"WEB-04587","レストラン・居酒屋のブランドサイト（和モダン・スクロール連動のストーリー）","プロ（演出多め）"
"WEB-04588","和菓子・スイーツのコーポレートサイト（ダーク・シネマティック・縦書きコピー＋余白）","プロ（演出多め）"
"WEB-04589","英会話・語学のオウンドメディア・ブログ（3D・クレイ・ローディング演出→ロゴ→メインビジュアル）","プロ（演出多め）"
"WEB-04590","占い・スピリチュアルのブランドサイト（レトロ・Y2K・散らばった写真コラージュ）","プロ（演出多め）"
"WEB-04591","美容室・ヘアサロンのコーポレートサイト（エディトリアル・雑誌風・フェード/ズームのスライドショー）","プロ（演出多め）"
"WEB-04592","ホテル・旅館の採用サイト（ダーク・シネマティック・散らばった写真コラージュ）","プロ（演出多め）"
"WEB-04593","ペット・トリミング・動物病院のコーポレートサイト（かわいい・ガーリー・全画面ループ動画）","プロ（演出多め）"
"WEB-04594","食品・産直ECのコーポレートサイト（和モダン・巨大コピー＋小さな写真）","上級"
"WEB-04595","ウェディング・結婚相談所のオウンドメディア・ブログ（ミニマル・洗練・散らばった写真コラージュ）","プロ（演出多め）"
"WEB-04596","ヨガ・ピラティスのスクール・教室サイト（パステル・ドリーミー・フェード/ズームのスライドショー）","プロ（演出多め）"
"WEB-04597","カフェ・ベーカリーのブランドサイト（エディトリアル・雑誌風・巨大コピー＋小さな写真）","プロ（演出多め）"
"WEB-04598","農業・地方の生産者のECサイト（信頼・誠実（コーポレート）・縦書きコピー＋余白）","プロ（演出多め）"
"WEB-04599","美容クリニックのオウンドメディア・ブログ（ラグジュアリー・高級感・3Dオブジェクト/ジェネラティブ背景）","プロ（演出多め）"
"WEB-04600","建築設計事務所の採用サイト（ジオメトリック・グラフィカル・画面2分割（写真｜コピー））","プロ（演出多め）"
"WEB-04601","引越し・生活サービスのブランドサイト（信頼・誠実（コーポレート）・散らばった写真コラージュ）","上級"
"WEB-04602","引越し・生活サービスの採用サイト（和モダン・散らばった写真コラージュ）","上級"
"WEB-04603","内科・クリニックの採用サイト（北欧・ライフスタイル・巨大コピー＋小さな写真）","プロ（演出多め）"
"WEB-04604","和菓子・スイーツのコーポレートサイト（和モダン・縦書きコピー＋余白）","プロ（演出多め）"
"WEB-04605","ホテル・旅館のブランドサイト（ダーク・シネマティック・巨大コピー＋小さな写真）","プロ（演出多め）"
"WEB-04606","和菓子・スイーツのサービスサイト（かわいい・ガーリー・3Dオブジェクト/ジェネラティブ背景）","上級"
"WEB-04607","レストラン・居酒屋のオウンドメディア・ブログ（ポップ・カラフル・巨大コピー＋小さな写真）","上級"
"WEB-04608","パーソナルジム・フィットネスのブランドサイト（クール・テック・ローディング演出→ロゴ→メインビジュアル）","プロ（演出多め）"
"WEB-04609","美容クリニックのサービスサイト（ナチュラル・オーガニック・巨大コピー＋小さな写真）","プロ（演出多め）"
"WEB-04610","ペット・トリミング・動物病院のクリニック・医院サイト（ナチュラル・オーガニック・全画面ループ動画）","プロ（演出多め）"
"WEB-04611","食品・産直ECのECサイト（和モダン・巨大コピー＋小さな写真）","上級"
"WEB-04612","歯科医院のブランドサイト（信頼・誠実（コーポレート）・フェード/ズームのスライドショー）","上級"
"WEB-04613","士業（税理士・弁護士・行政書士）のサービスサイト（グラスモーフィズム・縦書きコピー＋余白）","プロ（演出多め）"
"WEB-04614","引越し・生活サービスのオウンドメディア・ブログ（ポップ・カラフル・巨大コピー＋小さな写真）","上級"
"WEB-04615","採用・求人のコーポレートサイト（エネルギッシュ・スポーティ・全画面ループ動画）","プロ（演出多め）"
"WEB-04616","ホテル・旅館のオウンドメディア・ブログ（ミニマル・洗練・画面2分割（写真｜コピー））","プロ（演出多め）"
"WEB-04617","プログラミングスクールのコーポレートサイト（ポップ・カラフル・巨大コピー＋小さな写真）","上級"
"WEB-04618","サウナ・温浴施設のコーポレートサイト（ナチュラル・オーガニック・縦書きコピー＋余白）","プロ（演出多め）"
"WEB-04619","レストラン・居酒屋のサービスサイト（和モダン・スクロール連動のストーリー）","上級"
"WEB-04620","プログラミングスクールのブランドサイト（3D・クレイ・ローディング演出→ロゴ→メインビジュアル）","プロ（演出多め）"
"WEB-04621","YouTuber・インフルエンサーのコーポレートサイト（ニューブルータリズム・縦書きコピー＋余白）","上級"
"WEB-04622","YouTuber・インフルエンサーのオウンドメディア・ブログ（かわいい・ガーリー・フェード/ズームのスライドショー）","プロ（演出多め）"
"WEB-04623","レストラン・居酒屋の採用サイト（ラグジュアリー・高級感・ローディング演出→ロゴ→メインビジュアル）","プロ（演出多め）"
"WEB-04624","ホテル・旅館のコーポレートサイト（ダーク・シネマティック・スクロール連動のストーリー）","プロ（演出多め）"
"WEB-04625","コスメ・スキンケアのオウンドメディア・ブログ（グラスモーフィズム・縦書きコピー＋余白）","プロ（演出多め）"
"WEB-04626","パーソナルジム・フィットネスのスクール・教室サイト（エネルギッシュ・スポーティ・画面2分割（写真｜コピー））","プロ（演出多め）"
"WEB-04627","クラウドファンディング・新商品の採用サイト（ラグジュアリー・高級感・縦書きコピー＋余白）","上級"
"WEB-04628","カフェ・ベーカリーのブランドサイト（レトロ・Y2K・散らばった写真コラージュ）","プロ（演出多め）"
"WEB-04629","エステ・脱毛サロンのコーポレートサイト（かわいい・ガーリー・3Dオブジェクト/ジェネラティブ背景）","プロ（演出多め）"
"WEB-04630","SaaS・BtoBツールのサービスサイト（グラスモーフィズム・フェード/ズームのスライドショー）","プロ（演出多め）"
"WEB-04631","クラウドファンディング・新商品のブランドサイト（ポップ・カラフル・縦書きコピー＋余白）","プロ（演出多め）"
"WEB-04632","不動産・マンションのオウンドメディア・ブログ（ニューブルータリズム・全画面ループ動画）","プロ（演出多め）"
"WEB-04633","スマホアプリのサービスサイト（ポップ・カラフル・ローディング演出→ロゴ→メインビジュアル）","上級"
"WEB-04634","YouTuber・インフルエンサーのサービスサイト（ニューブルータリズム・フェード/ズームのスライドショー）","プロ（演出多め）"
"WEB-04635","ホテル・旅館のオウンドメディア・ブログ（ミニマル・洗練・3Dオブジェクト/ジェネラティブ背景）","プロ（演出多め）"
"WEB-04636","アパレル・ファッションECのECサイト（ニューブルータリズム・巨大コピー＋小さな写真）","上級"
"WEB-04637","保育園・幼児教育・習い事の採用サイト（ポップ・カラフル・巨大コピー＋小さな写真）","プロ（演出多め）"
"WEB-04638","AIサービス・スタートアップのオウンドメディア・ブログ（グラスモーフィズム・散らばった写真コラージュ）","プロ（演出多め）"
"WEB-04639","保育園・幼児教育・習い事のサービスサイト（ナチュラル・オーガニック・スクロール連動のストーリー）","上級"
"WEB-04640","AIサービス・スタートアップのブランドサイト（グラスモーフィズム・画面2分割（写真｜コピー））","上級"
"WEB-04641","レストラン・居酒屋のサービスサイト（ダーク・シネマティック・スクロール連動のストーリー）","プロ（演出多め）"
"WEB-04642","ホテル・旅館のコーポレートサイト（かわいい・ガーリー・巨大コピー＋小さな写真）","プロ（演出多め）"
"WEB-04643","プログラミングスクールのオウンドメディア・ブログ（ネオン・サイバー・巨大コピー＋小さな写真）","上級"
"WEB-04644","SaaS・BtoBツールのコーポレートサイト（信頼・誠実（コーポレート）・巨大コピー＋小さな写真）","プロ（演出多め）"
"WEB-04645","Web制作・デザイン事務所のオウンドメディア・ブログ（ダーク・シネマティック・縦書きコピー＋余白）","上級"
"WEB-04646","農業・地方の生産者のブランドサイト（和モダン・画面2分割（写真｜コピー））","上級"
"WEB-04647","内科・クリニックの採用サイト（北欧・ライフスタイル・全画面ループ動画）","上級"
"WEB-04648","歯科医院のオウンドメディア・ブログ（ミニマル・洗練・散らばった写真コラージュ）","プロ（演出多め）"
"WEB-04649","歯科医院のクリニック・医院サイト（ナチュラル・オーガニック・3Dオブジェクト/ジェネラティブ背景）","プロ（演出多め）"
"WEB-04650","金融・保険・投資のオウンドメディア・ブログ（ミニマル・洗練・フェード/ズームのスライドショー）","プロ（演出多め）"
"WEB-04651","Web制作・デザイン事務所の採用サイト（エディトリアル・雑誌風・画面2分割（写真｜コピー））","上級"
"WEB-04652","保育園・幼児教育・習い事のブランドサイト（かわいい・ガーリー・フェード/ズームのスライドショー）","プロ（演出多め）"
"WEB-04653","引越し・生活サービスのコーポレートサイト（和モダン・散らばった写真コラージュ）","プロ（演出多め）"
"WEB-04654","観光・地域プロモーションのオウンドメディア・ブログ（和モダン・縦書きコピー＋余白）","プロ（演出多め）"
"WEB-04655","ゲーム・eスポーツのオウンドメディア・ブログ（ネオン・サイバー・散らばった写真コラージュ）","上級"
"WEB-04656","引越し・生活サービスのコーポレートサイト（3D・クレイ・フェード/ズームのスライドショー）","上級"
"WEB-04657","プログラミングスクールのサービスサイト（ポップ・カラフル・画面2分割（写真｜コピー））","プロ（演出多め）"
"WEB-04658","音楽・ライブ・イベントの採用サイト（レトロ・Y2K・縦書きコピー＋余白）","プロ（演出多め）"
"WEB-04659","農業・地方の生産者の採用サイト（ナチュラル・オーガニック・縦書きコピー＋余白）","プロ（演出多め）"
"WEB-04660","観光・地域プロモーションのコーポレートサイト（和モダン・巨大コピー＋小さな写真）","プロ（演出多め）"
"WEB-04661","プログラミングスクールのコーポレートサイト（ネオン・サイバー・ローディング演出→ロゴ→メインビジュアル）","プロ（演出多め）"
"WEB-04662","美容室・ヘアサロンのポートフォリオ（個人/事務所）（かわいい・ガーリー・スクロール連動のストーリー）","上級"
"WEB-04663","英会話・語学のスクール・教室サイト（ポップ・カラフル・散らばった写真コラージュ）","プロ（演出多め）"
"WEB-04664","ゲーム・eスポーツの採用サイト（レトロ・Y2K・散らばった写真コラージュ）","プロ（演出多め）"
"WEB-04665","不動産・マンションのサービスサイト（レトロ・Y2K・画面2分割（写真｜コピー））","プロ（演出多め）"
"WEB-04666","ウェディング・結婚相談所のオウンドメディア・ブログ（かわいい・ガーリー・3Dオブジェクト/ジェネラティブ背景）","上級"
"WEB-04667","歯科医院のクリニック・医院サイト（ミニマル・洗練・巨大コピー＋小さな写真）","上級"
"WEB-04668","食品・産直ECのECサイト（ミニマル・洗練・画面2分割（写真｜コピー））","プロ（演出多め）"
"WEB-04669","金融・保険・投資のコーポレートサイト（クール・テック・縦書きコピー＋余白）","上級"
"WEB-04670","スマホアプリのブランドサイト（3D・クレイ・巨大コピー＋小さな写真）","上級"
"WEB-04671","音楽・ライブ・イベントのイベント・フェスサイト（ニューブルータリズム・フェード/ズームのスライドショー）","プロ（演出多め）"
"WEB-04672","音楽・ライブ・イベントのブランドサイト（ニューブルータリズム・巨大コピー＋小さな写真）","プロ（演出多め）"
"WEB-04673","不動産・マンションの採用サイト（ダーク・シネマティック・散らばった写真コラージュ）","プロ（演出多め）"
"WEB-04674","建築設計事務所のサービスサイト（ジオメトリック・グラフィカル・3Dオブジェクト/ジェネラティブ背景）","プロ（演出多め）"
"WEB-04675","食品・産直ECのコーポレートサイト（ハンドメイド・手書き・縦書きコピー＋余白）","上級"
"WEB-04676","ゲーム・eスポーツのオウンドメディア・ブログ（ラグジュアリー・高級感・フェード/ズームのスライドショー）","プロ（演出多め）"
"WEB-04677","自動車・バイクのサービスサイト（ラグジュアリー・高級感・スクロール連動のストーリー）","上級"
"WEB-04678","レストラン・居酒屋の採用サイト（ダーク・シネマティック・スクロール連動のストーリー）","プロ（演出多め）"
"WEB-04679","保育園・幼児教育・習い事のスクール・教室サイト（ナチュラル・オーガニック・巨大コピー＋小さな写真）","プロ（演出多め）"
"WEB-04680","スクール・オンライン講座のスクール・教室サイト（グラスモーフィズム・画面2分割（写真｜コピー））","上級"
"WEB-04681","和菓子・スイーツの店舗サイト（飲食・美容・サロン）（ナチュラル・オーガニック・ローディング演出→ロゴ→メインビジュアル）","プロ（演出多め）"
"WEB-04682","保育園・幼児教育・習い事のブランドサイト（エネルギッシュ・スポーティ・スクロール連動のストーリー）","プロ（演出多め）"
"WEB-04683","プログラミングスクールのブランドサイト（ネオン・サイバー・ローディング演出→ロゴ→メインビジュアル）","プロ（演出多め）"
"WEB-04684","引越し・生活サービスのサービスサイト（信頼・誠実（コーポレート）・全画面ループ動画）","上級"
"WEB-04685","農業・地方の生産者のコーポレートサイト（エネルギッシュ・スポーティ・画面2分割（写真｜コピー））","上級"
"WEB-04686","プログラミングスクールのサービスサイト（ジオメトリック・グラフィカル・巨大コピー＋小さな写真）","プロ（演出多め）"
"WEB-04687","YouTuber・インフルエンサーのオウンドメディア・ブログ（ポップ・カラフル・巨大コピー＋小さな写真）","上級"
"WEB-04688","SaaS・BtoBツールのコーポレートサイト（ハンドメイド・手書き・巨大コピー＋小さな写真）","プロ（演出多め）"
"WEB-04689","ヨガ・ピラティスのコーポレートサイト（ミニマル・洗練・縦書きコピー＋余白）","プロ（演出多め）"
"WEB-04690","スクール・オンライン講座のスクール・教室サイト（クール・テック・ローディング演出→ロゴ→メインビジュアル）","プロ（演出多め）"
"WEB-04691","アパレル・ファッションECのオウンドメディア・ブログ（ニューブルータリズム・ローディング演出→ロゴ→メインビジュアル）","プロ（演出多め）"
"WEB-04692","ウェディング・結婚相談所のポートフォリオ（個人/事務所）（ラグジュアリー・高級感・スクロール連動のストーリー）","プロ（演出多め）"
"WEB-04693","不動産・マンションのコーポレートサイト（パステル・ドリーミー・3Dオブジェクト/ジェネラティブ背景）","プロ（演出多め）"
"WEB-04694","プログラミングスクールのブランドサイト（ネオン・サイバー・スクロール連動のストーリー）","プロ（演出多め）"
"WEB-04695","YouTuber・インフルエンサーのイベント・フェスサイト（ポップ・カラフル・全画面ループ動画）","プロ（演出多め）"
"WEB-04696","スクール・オンライン講座のオウンドメディア・ブログ（信頼・誠実（コーポレート）・フェード/ズームのスライドショー）","プロ（演出多め）"
"WEB-04697","占い・スピリチュアルのサービスサイト（3D・クレイ・縦書きコピー＋余白）","プロ（演出多め）"
"WEB-04698","パーソナルジム・フィットネスの採用サイト（クール・テック・ローディング演出→ロゴ→メインビジュアル）","上級"
"WEB-04699","士業（税理士・弁護士・行政書士）のサービスサイト（ミニマル・洗練・フェード/ズームのスライドショー）","プロ（演出多め）"
"WEB-04700","パーソナルジム・フィットネスの店舗サイト（飲食・美容・サロン）（クール・テック・画面2分割（写真｜コピー））","上級"
"WEB-04701","音楽・ライブ・イベントの採用サイト（ダーク・シネマティック・全画面ループ動画）","プロ（演出多め）"
"WEB-04702","レストラン・居酒屋のサービスサイト（ラグジュアリー・高級感・フェード/ズームのスライドショー）","プロ（演出多め）"
"WEB-04703","士業（税理士・弁護士・行政書士）のサービスサイト（ミニマル・洗練・フェード/ズームのスライドショー）","プロ（演出多め）"
"WEB-04704","美容クリニックの採用サイト（ミニマル・洗練・フェード/ズームのスライドショー）","上級"
"WEB-04705","引越し・生活サービスのコーポレートサイト（パステル・ドリーミー・ローディング演出→ロゴ→メインビジュアル）","プロ（演出多め）"
"WEB-04706","クラウドファンディング・新商品のECサイト（ポップ・カラフル・画面2分割（写真｜コピー））","プロ（演出多め）"
"WEB-04707","クラウドファンディング・新商品のオウンドメディア・ブログ（和モダン・3Dオブジェクト/ジェネラティブ背景）","プロ（演出多め）"
"WEB-04708","農業・地方の生産者の採用サイト（和モダン・全画面ループ動画）","プロ（演出多め）"
"WEB-04709","内科・クリニックのブランドサイト（ナチュラル・オーガニック・3Dオブジェクト/ジェネラティブ背景）","プロ（演出多め）"
"WEB-04710","歯科医院のオウンドメディア・ブログ（ミニマル・洗練・全画面ループ動画）","上級"
"WEB-04711","SaaS・BtoBツールのオウンドメディア・ブログ（3D・クレイ・全画面ループ動画）","プロ（演出多め）"
"WEB-04712","音楽・ライブ・イベントのブランドサイト（ダーク・シネマティック・フェード/ズームのスライドショー）","プロ（演出多め）"
"WEB-04713","採用・求人の採用サイト（エネルギッシュ・スポーティ・散らばった写真コラージュ）","プロ（演出多め）"
"WEB-04714","プログラミングスクールのオウンドメディア・ブログ（クール・テック・全画面ループ動画）","上級"
"WEB-04715","NPO・地方自治体のサービスサイト（信頼・誠実（コーポレート）・画面2分割（写真｜コピー））","プロ（演出多め）"
"WEB-04716","ヨガ・ピラティスのサービスサイト（パステル・ドリーミー・フェード/ズームのスライドショー）","プロ（演出多め）"
"WEB-04717","美容クリニックのコーポレートサイト（ミニマル・洗練・ローディング演出→ロゴ→メインビジュアル）","プロ（演出多め）"
"WEB-04718","AIサービス・スタートアップのコーポレートサイト（ハンドメイド・手書き・散らばった写真コラージュ）","プロ（演出多め）"
"WEB-04719","歯科医院のブランドサイト（ナチュラル・オーガニック・画面2分割（写真｜コピー））","プロ（演出多め）"
"WEB-04720","パーソナルジム・フィットネスの店舗サイト（飲食・美容・サロン）（ダーク・シネマティック・3Dオブジェクト/ジェネラティブ背景）","プロ（演出多め）"
"WEB-04721","ヨガ・ピラティスのコーポレートサイト（パステル・ドリーミー・全画面ループ動画）","プロ（演出多め）"
"WEB-04722","音楽・ライブ・イベントのイベント・フェスサイト（レトロ・Y2K・全画面ループ動画）","プロ（演出多め）"
"WEB-04723","SaaS・BtoBツールのコーポレートサイト（クール・テック・画面2分割（写真｜コピー））","プロ（演出多め）"
"WEB-04724","スマホアプリのコーポレートサイト（エディトリアル・雑誌風・散らばった写真コラージュ）","上級"
"WEB-04725","自動車・バイクのオウンドメディア・ブログ（クール・テック・スクロール連動のストーリー）","プロ（演出多め）"
"WEB-04726","スマホアプリの採用サイト（3D・クレイ・巨大コピー＋小さな写真）","上級"
"WEB-04727","サウナ・温浴施設のコーポレートサイト（和モダン・画面2分割（写真｜コピー））","プロ（演出多め）"
"WEB-04728","ウェディング・結婚相談所のサービスサイト（ラグジュアリー・高級感・縦書きコピー＋余白）","プロ（演出多め）"
"WEB-04729","採用・求人のブランドサイト（かわいい・ガーリー・散らばった写真コラージュ）","プロ（演出多め）"
"WEB-04730","エステ・脱毛サロンの店舗サイト（飲食・美容・サロン）（ミニマル・洗練・全画面ループ動画）","プロ（演出多め）"
"WEB-04731","食品・産直ECのブランドサイト（ポップ・カラフル・縦書きコピー＋余白）","プロ（演出多め）"
"WEB-04732","音楽・ライブ・イベントのサービスサイト（ニューブルータリズム・全画面ループ動画）","上級"
"WEB-04733","建築設計事務所のコーポレートサイト（ミニマル・洗練・巨大コピー＋小さな写真）","プロ（演出多め）"
"WEB-04734","ホテル・旅館のブランドサイト（和モダン・縦書きコピー＋余白）","上級"
"WEB-04735","コスメ・スキンケアのオウンドメディア・ブログ（北欧・ライフスタイル・巨大コピー＋小さな写真）","プロ（演出多め）"
"WEB-04736","音楽・ライブ・イベントの採用サイト（ダーク・シネマティック・縦書きコピー＋余白）","プロ（演出多め）"
"WEB-04737","スクール・オンライン講座のスクール・教室サイト（ポップ・カラフル・フェード/ズームのスライドショー）","プロ（演出多め）"
"WEB-04738","パーソナルジム・フィットネスのサービスサイト（ダーク・シネマティック・3Dオブジェクト/ジェネラティブ背景）","プロ（演出多め）"
"WEB-04739","ウェディング・結婚相談所のオウンドメディア・ブログ（ラグジュアリー・高級感・巨大コピー＋小さな写真）","プロ（演出多め）"
"WEB-04740","和菓子・スイーツのコーポレートサイト（ナチュラル・オーガニック・縦書きコピー＋余白）","プロ（演出多め）"
"WEB-04741","スマホアプリのブランドサイト（ポップ・カラフル・巨大コピー＋小さな写真）","プロ（演出多め）"
"WEB-04742","YouTuber・インフルエンサーのオウンドメディア・ブログ（ネオン・サイバー・フェード/ズームのスライドショー）","プロ（演出多め）"
"WEB-04743","音楽・ライブ・イベントのサービスサイト（ダーク・シネマティック・フェード/ズームのスライドショー）","プロ（演出多め）"
"WEB-04744","占い・スピリチュアルのオウンドメディア・ブログ（ダーク・シネマティック・ローディング演出→ロゴ→メインビジュアル）","上級"
"WEB-04745","ウェディング・結婚相談所のサービスサイト（ラグジュアリー・高級感・画面2分割（写真｜コピー））","上級"
"WEB-04746","工務店・注文住宅・リフォームのオウンドメディア・ブログ（信頼・誠実（コーポレート）・縦書きコピー＋余白）","プロ（演出多め）"
"WEB-04747","金融・保険・投資のブランドサイト（ミニマル・洗練・画面2分割（写真｜コピー））","上級"
"WEB-04748","ヨガ・ピラティスのサービスサイト（ミニマル・洗練・巨大コピー＋小さな写真）","プロ（演出多め）"
"WEB-04749","エステ・脱毛サロンのサービスサイト（ハンドメイド・手書き・全画面ループ動画）","上級"
"WEB-04750","保育園・幼児教育・習い事のオウンドメディア・ブログ（ポップ・カラフル・縦書きコピー＋余白）","上級"
"WEB-04751","ウェディング・結婚相談所のコーポレートサイト（かわいい・ガーリー・フェード/ズームのスライドショー）","プロ（演出多め）"
"WEB-04752","ゲーム・eスポーツのイベント・フェスサイト（ダーク・シネマティック・3Dオブジェクト/ジェネラティブ背景）","プロ（演出多め）"
"WEB-04753","工務店・注文住宅・リフォームのサービスサイト（ミニマル・洗練・フェード/ズームのスライドショー）","上級"
"WEB-04754","工務店・注文住宅・リフォームのオウンドメディア・ブログ（信頼・誠実（コーポレート）・散らばった写真コラージュ）","上級"
"WEB-04755","農業・地方の生産者のECサイト（ナチュラル・オーガニック・3Dオブジェクト/ジェネラティブ背景）","上級"
"WEB-04756","コスメ・スキンケアのサービスサイト（グラスモーフィズム・スクロール連動のストーリー）","プロ（演出多め）"
"WEB-04757","Web制作・デザイン事務所のブランドサイト（クール・テック・スクロール連動のストーリー）","プロ（演出多め）"
"WEB-04758","アパレル・ファッションECの採用サイト（ミニマル・洗練・ローディング演出→ロゴ→メインビジュアル）","上級"
"WEB-04759","内科・クリニックのサービスサイト（信頼・誠実（コーポレート）・散らばった写真コラージュ）","上級"
"WEB-04760","SaaS・BtoBツールのブランドサイト（ニューブルータリズム・散らばった写真コラージュ）","プロ（演出多め）"
"WEB-04761","音楽・ライブ・イベントの採用サイト（ニューブルータリズム・全画面ループ動画）","プロ（演出多め）"
"WEB-04762","ヨガ・ピラティスのブランドサイト（パステル・ドリーミー・縦書きコピー＋余白）","プロ（演出多め）"
"WEB-04763","アパレル・ファッションECのオウンドメディア・ブログ（ニューブルータリズム・縦書きコピー＋余白）","上級"
"WEB-04764","サウナ・温浴施設の採用サイト（和モダン・ローディング演出→ロゴ→メインビジュアル）","プロ（演出多め）"
"WEB-04765","占い・スピリチュアルのコーポレートサイト（和モダン・スクロール連動のストーリー）","プロ（演出多め）"
"WEB-04766","NPO・地方自治体のサービスサイト（ジオメトリック・グラフィカル・フェード/ズームのスライドショー）","上級"
"WEB-04767","自動車・バイクの採用サイト（ダーク・シネマティック・スクロール連動のストーリー）","上級"
"WEB-04768","内科・クリニックのオウンドメディア・ブログ（信頼・誠実（コーポレート）・巨大コピー＋小さな写真）","プロ（演出多め）"
"WEB-04769","自動車・バイクの採用サイト（ダーク・シネマティック・散らばった写真コラージュ）","上級"
"WEB-04770","ペット・トリミング・動物病院のコーポレートサイト（エネルギッシュ・スポーティ・巨大コピー＋小さな写真）","プロ（演出多め）"
"WEB-04771","スマホアプリのコーポレートサイト（クール・テック・スクロール連動のストーリー）","プロ（演出多め）"
"WEB-04772","工務店・注文住宅・リフォームのオウンドメディア・ブログ（信頼・誠実（コーポレート）・散らばった写真コラージュ）","上級"
"WEB-04773","内科・クリニックの採用サイト（信頼・誠実（コーポレート）・ローディング演出→ロゴ→メインビジュアル）","上級"
"WEB-04774","コンサル・コーチングのブランドサイト（信頼・誠実（コーポレート）・画面2分割（写真｜コピー））","プロ（演出多め）"
"WEB-04775","プログラミングスクールのオウンドメディア・ブログ（クール・テック・スクロール連動のストーリー）","プロ（演出多め）"
"WEB-04776","不動産・マンションの採用サイト（ミニマル・洗練・散らばった写真コラージュ）","上級"
"WEB-04777","レストラン・居酒屋のブランドサイト（ラグジュアリー・高級感・フェード/ズームのスライドショー）","プロ（演出多め）"
"WEB-04778","コンサル・コーチングのコーポレートサイト（ミニマル・洗練・フェード/ズームのスライドショー）","上級"
"WEB-04779","美容クリニックのオウンドメディア・ブログ（ラグジュアリー・高級感・画面2分割（写真｜コピー））","上級"
"WEB-04780","引越し・生活サービスのサービスサイト（3D・クレイ・3Dオブジェクト/ジェネラティブ背景）","上級"
"WEB-04781","NPO・地方自治体の採用サイト（信頼・誠実（コーポレート）・3Dオブジェクト/ジェネラティブ背景）","上級"
"WEB-04782","ヨガ・ピラティスの店舗サイト（飲食・美容・サロン）（ナチュラル・オーガニック・フェード/ズームのスライドショー）","プロ（演出多め）"
"WEB-04783","プログラミングスクールのオウンドメディア・ブログ（クール・テック・散らばった写真コラージュ）","上級"
"WEB-04784","ペット・トリミング・動物病院のブランドサイト（3D・クレイ・フェード/ズームのスライドショー）","プロ（演出多め）"
"WEB-04785","不動産・マンションのブランドサイト（ラグジュアリー・高級感・3Dオブジェクト/ジェネラティブ背景）","上級"
"WEB-04786","歯科医院の採用サイト（信頼・誠実（コーポレート）・3Dオブジェクト/ジェネラティブ背景）","プロ（演出多め）"
"WEB-04787","内科・クリニックのブランドサイト（ナチュラル・オーガニック・スクロール連動のストーリー）","プロ（演出多め）"
"WEB-04788","コンサル・コーチングのブランドサイト（エディトリアル・雑誌風・巨大コピー＋小さな写真）","プロ（演出多め）"
"WEB-04789","コンサル・コーチングのオウンドメディア・ブログ（ラグジュアリー・高級感・3Dオブジェクト/ジェネラティブ背景）","プロ（演出多め）"
"WEB-04790","SaaS・BtoBツールのサービスサイト（グラスモーフィズム・画面2分割（写真｜コピー））","プロ（演出多め）"
"WEB-04791","レストラン・居酒屋の採用サイト（レトロ・Y2K・散らばった写真コラージュ）","プロ（演出多め）"
"WEB-04792","採用・求人のブランドサイト（信頼・誠実（コーポレート）・3Dオブジェクト/ジェネラティブ背景）","プロ（演出多め）"
"WEB-04793","レストラン・居酒屋のオウンドメディア・ブログ（レトロ・Y2K・3Dオブジェクト/ジェネラティブ背景）","プロ（演出多め）"
"WEB-04794","コスメ・スキンケアの採用サイト（ミニマル・洗練・フェード/ズームのスライドショー）","プロ（演出多め）"
"WEB-04795","コンサル・コーチングのコーポレートサイト（エディトリアル・雑誌風・画面2分割（写真｜コピー））","プロ（演出多め）"
"WEB-04796","歯科医院の採用サイト（ミニマル・洗練・全画面ループ動画）","プロ（演出多め）"
"WEB-04797","Web制作・デザイン事務所のオウンドメディア・ブログ（ダーク・シネマティック・スクロール連動のストーリー）","上級"
"WEB-04798","プログラミングスクールの採用サイト（ダーク・シネマティック・フェード/ズームのスライドショー）","上級"
"WEB-04799","プログラミングスクールのオウンドメディア・ブログ（ポップ・カラフル・全画面ループ動画）","プロ（演出多め）"
"WEB-04800","コスメ・スキンケアのECサイト（ラグジュアリー・高級感・ローディング演出→ロゴ→メインビジュアル）","上級"
"WEB-04801","レストラン・居酒屋のサービスサイト（レトロ・Y2K・散らばった写真コラージュ）","プロ（演出多め）"
"WEB-04802","SaaS・BtoBツールのサービスサイト（3D・クレイ・巨大コピー＋小さな写真）","プロ（演出多め）"
"WEB-04803","金融・保険・投資のコーポレートサイト（レトロ・Y2K・全画面ループ動画）","プロ（演出多め）"
"WEB-04804","ホテル・旅館のサービスサイト（北欧・ライフスタイル・全画面ループ動画）","プロ（演出多め）"
"WEB-04805","プログラミングスクールの採用サイト（ミニマル・洗練・巨大コピー＋小さな写真）","プロ（演出多め）"
"WEB-04806","自動車・バイクのコーポレートサイト（ラグジュアリー・高級感・3Dオブジェクト/ジェネラティブ背景）","プロ（演出多め）"
"WEB-04807","ペット・トリミング・動物病院のコーポレートサイト（3D・クレイ・散らばった写真コラージュ）","上級"
"WEB-04808","占い・スピリチュアルのブランドサイト（かわいい・ガーリー・フェード/ズームのスライドショー）","プロ（演出多め）"
"WEB-04809","引越し・生活サービスのコーポレートサイト（信頼・誠実（コーポレート）・全画面ループ動画）","上級"
"WEB-04810","ウェディング・結婚相談所のサービスサイト（かわいい・ガーリー・ローディング演出→ロゴ→メインビジュアル）","プロ（演出多め）"
"WEB-04811","美容クリニックのコーポレートサイト（ラグジュアリー・高級感・全画面ループ動画）","プロ（演出多め）"
"WEB-04812","保育園・幼児教育・習い事のオウンドメディア・ブログ（ポップ・カラフル・縦書きコピー＋余白）","プロ（演出多め）"
"WEB-04813","Web制作・デザイン事務所のコーポレートサイト（ニューブルータリズム・3Dオブジェクト/ジェネラティブ背景）","プロ（演出多め）"
"WEB-04814","コンサル・コーチングの採用サイト（エディトリアル・雑誌風・スクロール連動のストーリー）","プロ（演出多め）"
"WEB-04815","美容クリニックのブランドサイト（ラグジュアリー・高級感・散らばった写真コラージュ）","上級"
"WEB-04816","スクール・オンライン講座のサービスサイト（信頼・誠実（コーポレート）・スクロール連動のストーリー）","プロ（演出多め）"
"WEB-04817","ペット・トリミング・動物病院のサービスサイト（ジオメトリック・グラフィカル・巨大コピー＋小さな写真）","プロ（演出多め）"
"WEB-04818","スマホアプリのオウンドメディア・ブログ（ダーク・シネマティック・画面2分割（写真｜コピー））","プロ（演出多め）"
"WEB-04819","コスメ・スキンケアのサービスサイト（ナチュラル・オーガニック・縦書きコピー＋余白）","上級"
"WEB-04820","スクール・オンライン講座の採用サイト（ミニマル・洗練・全画面ループ動画）","プロ（演出多め）"
"WEB-04821","観光・地域プロモーションのホテル・旅館サイト（ダーク・シネマティック・縦書きコピー＋余白）","上級"
"WEB-04822","農業・地方の生産者の自治体・観光協会サイト（和モダン・3Dオブジェクト/ジェネラティブ背景）","上級"
"WEB-04823","パーソナルジム・フィットネスのスクール・教室サイト（ダーク・シネマティック・スクロール連動のストーリー）","上級"
"WEB-04824","美容クリニックのサービスサイト（ラグジュアリー・高級感・3Dオブジェクト/ジェネラティブ背景）","プロ（演出多め）"
"WEB-04825","SaaS・BtoBツールのサービスサイト（エネルギッシュ・スポーティ・散らばった写真コラージュ）","プロ（演出多め）"
"WEB-04826","不動産・マンションのコーポレートサイト（信頼・誠実（コーポレート）・3Dオブジェクト/ジェネラティブ背景）","プロ（演出多め）"
"WEB-04827","観光・地域プロモーションのコーポレートサイト（ハンドメイド・手書き・ローディング演出→ロゴ→メインビジュアル）","プロ（演出多め）"
"WEB-04828","不動産・マンションのオウンドメディア・ブログ（3D・クレイ・縦書きコピー＋余白）","プロ（演出多め）"
"WEB-04829","ゲーム・eスポーツの採用サイト（レトロ・Y2K・ローディング演出→ロゴ→メインビジュアル）","上級"
"WEB-04830","美容室・ヘアサロンのサービスサイト（ラグジュアリー・高級感・縦書きコピー＋余白）","プロ（演出多め）"
"WEB-04831","エステ・脱毛サロンのオウンドメディア・ブログ（ラグジュアリー・高級感・巨大コピー＋小さな写真）","プロ（演出多め）"
"WEB-04832","パーソナルジム・フィットネスの採用サイト（エディトリアル・雑誌風・全画面ループ動画）","プロ（演出多め）"
"WEB-04833","音楽・ライブ・イベントのイベント・フェスサイト（ポップ・カラフル・スクロール連動のストーリー）","プロ（演出多め）"
"WEB-04834","歯科医院のサービスサイト（信頼・誠実（コーポレート）・スクロール連動のストーリー）","プロ（演出多め）"
"WEB-04835","工務店・注文住宅・リフォームのブランドサイト（ミニマル・洗練・フェード/ズームのスライドショー）","プロ（演出多め）"
"WEB-04836","美容室・ヘアサロンのブランドサイト（ミニマル・洗練・縦書きコピー＋余白）","プロ（演出多め）"
"WEB-04837","士業（税理士・弁護士・行政書士）のブランドサイト（和モダン・フェード/ズームのスライドショー）","上級"
"WEB-04838","クラウドファンディング・新商品のコーポレートサイト（ナチュラル・オーガニック・縦書きコピー＋余白）","プロ（演出多め）"
"WEB-04839","クラウドファンディング・新商品のECサイト（ポップ・カラフル・3Dオブジェクト/ジェネラティブ背景）","プロ（演出多め）"
"WEB-04840","カフェ・ベーカリーの採用サイト（北欧・ライフスタイル・巨大コピー＋小さな写真）","プロ（演出多め）"
"WEB-04841","採用・求人のブランドサイト（和モダン・縦書きコピー＋余白）","上級"
"WEB-04842","Web制作・デザイン事務所のオウンドメディア・ブログ（ダーク・シネマティック・フェード/ズームのスライドショー）","プロ（演出多め）"
"WEB-04843","ヨガ・ピラティスの店舗サイト（飲食・美容・サロン）（パステル・ドリーミー・巨大コピー＋小さな写真）","上級"
"WEB-04844","ゲーム・eスポーツのブランドサイト（ダーク・シネマティック・3Dオブジェクト/ジェネラティブ背景）","プロ（演出多め）"
"WEB-04845","ペット・トリミング・動物病院の採用サイト（かわいい・ガーリー・散らばった写真コラージュ）","プロ（演出多め）"
"WEB-04846","占い・スピリチュアルのオウンドメディア・ブログ（グラスモーフィズム・巨大コピー＋小さな写真）","プロ（演出多め）"
"WEB-04847","歯科医院のコーポレートサイト（ナチュラル・オーガニック・全画面ループ動画）","上級"
"WEB-04848","サウナ・温浴施設のオウンドメディア・ブログ（ネオン・サイバー・巨大コピー＋小さな写真）","プロ（演出多め）"
"WEB-04849","美容室・ヘアサロンのオウンドメディア・ブログ（ラグジュアリー・高級感・縦書きコピー＋余白）","プロ（演出多め）"
"WEB-04850","コンサル・コーチングのブランドサイト（エディトリアル・雑誌風・縦書きコピー＋余白）","プロ（演出多め）"
"WEB-04851","音楽・ライブ・イベントのイベント・フェスサイト（信頼・誠実（コーポレート）・縦書きコピー＋余白）","プロ（演出多め）"
"WEB-04852","Web制作・デザイン事務所のオウンドメディア・ブログ（エディトリアル・雑誌風・スクロール連動のストーリー）","プロ（演出多め）"
"WEB-04853","プログラミングスクールのコーポレートサイト（ネオン・サイバー・画面2分割（写真｜コピー））","プロ（演出多め）"
"WEB-04854","SaaS・BtoBツールのサービスサイト（グラスモーフィズム・画面2分割（写真｜コピー））","プロ（演出多め）"
"WEB-04855","クラウドファンディング・新商品の採用サイト（ダーク・シネマティック・巨大コピー＋小さな写真）","プロ（演出多め）"
"WEB-04856","NPO・地方自治体の自治体・観光協会サイト（ジオメトリック・グラフィカル・巨大コピー＋小さな写真）","上級"
"WEB-04857","SaaS・BtoBツールのサービスサイト（ミニマル・洗練・フェード/ズームのスライドショー）","上級"
"WEB-04858","不動産・マンションのオウンドメディア・ブログ（ラグジュアリー・高級感・巨大コピー＋小さな写真）","プロ（演出多め）"
"WEB-04859","スマホアプリのコーポレートサイト（ミニマル・洗練・フェード/ズームのスライドショー）","プロ（演出多め）"
"WEB-04860","採用・求人の採用サイト（信頼・誠実（コーポレート）・3Dオブジェクト/ジェネラティブ背景）","プロ（演出多め）"
"WEB-04861","和菓子・スイーツの店舗サイト（飲食・美容・サロン）（グラスモーフィズム・縦書きコピー＋余白）","上級"
"WEB-04862","士業（税理士・弁護士・行政書士）のコーポレートサイト（和モダン・全画面ループ動画）","プロ（演出多め）"
"WEB-04863","採用・求人のコーポレートサイト（信頼・誠実（コーポレート）・散らばった写真コラージュ）","プロ（演出多め）"
"WEB-04864","パーソナルジム・フィットネスのコーポレートサイト（エネルギッシュ・スポーティ・フェード/ズームのスライドショー）","プロ（演出多め）"
"WEB-04865","引越し・生活サービスのブランドサイト（ポップ・カラフル・散らばった写真コラージュ）","上級"
"WEB-04866","建築設計事務所のオウンドメディア・ブログ（ミニマル・洗練・散らばった写真コラージュ）","プロ（演出多め）"
"WEB-04867","スマホアプリのサービスサイト（クール・テック・散らばった写真コラージュ）","上級"
"WEB-04868","スクール・オンライン講座のブランドサイト（ミニマル・洗練・散らばった写真コラージュ）","プロ（演出多め）"
"WEB-04869","スマホアプリのコーポレートサイト（クール・テック・全画面ループ動画）","上級"
"WEB-04870","YouTuber・インフルエンサーのポートフォリオ（個人/事務所）（かわいい・ガーリー・全画面ループ動画）","プロ（演出多め）"
"WEB-04871","エステ・脱毛サロンの採用サイト（パステル・ドリーミー・縦書きコピー＋余白）","上級"
"WEB-04872","ゲーム・eスポーツのオウンドメディア・ブログ（ジオメトリック・グラフィカル・散らばった写真コラージュ）","プロ（演出多め）"
"WEB-04873","ゲーム・eスポーツのイベント・フェスサイト（ダーク・シネマティック・画面2分割（写真｜コピー））","プロ（演出多め）"
"WEB-04874","AIサービス・スタートアップのコーポレートサイト（クール・テック・全画面ループ動画）","上級"
"WEB-04875","引越し・生活サービスのブランドサイト（ポップ・カラフル・スクロール連動のストーリー）","プロ（演出多め）"
"WEB-04876","音楽・ライブ・イベントの採用サイト（レトロ・Y2K・全画面ループ動画）","プロ（演出多め）"
"WEB-04877","食品・産直ECの採用サイト（和モダン・3Dオブジェクト/ジェネラティブ背景）","プロ（演出多め）"
"WEB-04878","採用・求人の採用サイト（エネルギッシュ・スポーティ・散らばった写真コラージュ）","上級"
"WEB-04879","食品・産直ECのブランドサイト（ハンドメイド・手書き・ローディング演出→ロゴ→メインビジュアル）","プロ（演出多め）"
"WEB-04880","スマホアプリのサービスサイト（ポップ・カラフル・3Dオブジェクト/ジェネラティブ背景）","プロ（演出多め）"
"WEB-04881","和菓子・スイーツのサービスサイト（ナチュラル・オーガニック・ローディング演出→ロゴ→メインビジュアル）","プロ（演出多め）"
"WEB-04882","ペット・トリミング・動物病院のサービスサイト（かわいい・ガーリー・スクロール連動のストーリー）","プロ（演出多め）"
"WEB-04883","AIサービス・スタートアップの採用サイト（ネオン・サイバー・3Dオブジェクト/ジェネラティブ背景）","上級"
"WEB-04884","スマホアプリの採用サイト（クール・テック・巨大コピー＋小さな写真）","プロ（演出多め）"
"WEB-04885","Web制作・デザイン事務所のオウンドメディア・ブログ（ジオメトリック・グラフィカル・全画面ループ動画）","プロ（演出多め）"
"WEB-04886","採用・求人の採用サイト（エネルギッシュ・スポーティ・フェード/ズームのスライドショー）","プロ（演出多め）"
"WEB-04887","和菓子・スイーツのブランドサイト（かわいい・ガーリー・スクロール連動のストーリー）","プロ（演出多め）"
"WEB-04888","NPO・地方自治体の自治体・観光協会サイト（ナチュラル・オーガニック・3Dオブジェクト/ジェネラティブ背景）","上級"
"WEB-04889","自動車・バイクのサービスサイト（クール・テック・巨大コピー＋小さな写真）","上級"
"WEB-04890","占い・スピリチュアルの採用サイト（ダーク・シネマティック・縦書きコピー＋余白）","プロ（演出多め）"
"WEB-04891","不動産・マンションの採用サイト（レトロ・Y2K・フェード/ズームのスライドショー）","上級"
"WEB-04892","歯科医院のサービスサイト（グラスモーフィズム・巨大コピー＋小さな写真）","上級"
"WEB-04893","クラウドファンディング・新商品のサービスサイト（ポップ・カラフル・散らばった写真コラージュ）","上級"
"WEB-04894","美容室・ヘアサロンの採用サイト（ラグジュアリー・高級感・3Dオブジェクト/ジェネラティブ背景）","プロ（演出多め）"
"WEB-04895","レストラン・居酒屋のコーポレートサイト（ダーク・シネマティック・散らばった写真コラージュ）","プロ（演出多め）"
"WEB-04896","英会話・語学の採用サイト（ジオメトリック・グラフィカル・画面2分割（写真｜コピー））","プロ（演出多め）"
"WEB-04897","美容クリニックの採用サイト（ラグジュアリー・高級感・巨大コピー＋小さな写真）","プロ（演出多め）"
"WEB-04898","観光・地域プロモーションのホテル・旅館サイト（ナチュラル・オーガニック・巨大コピー＋小さな写真）","プロ（演出多め）"
"WEB-04899","NPO・地方自治体のブランドサイト（ナチュラル・オーガニック・3Dオブジェクト/ジェネラティブ背景）","プロ（演出多め）"
"WEB-04900","NPO・地方自治体のコーポレートサイト（ハンドメイド・手書き・ローディング演出→ロゴ→メインビジュアル）","上級"
"WEB-04901","食品・産直ECのサービスサイト（ポップ・カラフル・フェード/ズームのスライドショー）","プロ（演出多め）"
"WEB-04902","ゲーム・eスポーツのコーポレートサイト（ダーク・シネマティック・3Dオブジェクト/ジェネラティブ背景）","プロ（演出多め）"
"WEB-04903","不動産・マンションのサービスサイト（かわいい・ガーリー・散らばった写真コラージュ）","プロ（演出多め）"
"WEB-04904","士業（税理士・弁護士・行政書士）の採用サイト（ミニマル・洗練・縦書きコピー＋余白）","プロ（演出多め）"
"WEB-04905","占い・スピリチュアルのコーポレートサイト（ネオン・サイバー・3Dオブジェクト/ジェネラティブ背景）","上級"
"WEB-04906","採用・求人のサービスサイト（信頼・誠実（コーポレート）・全画面ループ動画）","プロ（演出多め）"
"WEB-04907","農業・地方の生産者のECサイト（ハンドメイド・手書き・ローディング演出→ロゴ→メインビジュアル）","プロ（演出多め）"
"WEB-04908","ヨガ・ピラティスのオウンドメディア・ブログ（北欧・ライフスタイル・散らばった写真コラージュ）","プロ（演出多め）"
"WEB-04909","ウェディング・結婚相談所のブランドサイト（かわいい・ガーリー・縦書きコピー＋余白）","上級"
"WEB-04910","スクール・オンライン講座の採用サイト（3D・クレイ・全画面ループ動画）","プロ（演出多め）"
"WEB-04911","ゲーム・eスポーツのコーポレートサイト（かわいい・ガーリー・スクロール連動のストーリー）","上級"
"WEB-04912","観光・地域プロモーションのブランドサイト（ハンドメイド・手書き・巨大コピー＋小さな写真）","プロ（演出多め）"
"WEB-04913","サウナ・温浴施設のブランドサイト（ニューブルータリズム・スクロール連動のストーリー）","プロ（演出多め）"
"WEB-04914","NPO・地方自治体のブランドサイト（かわいい・ガーリー・フェード/ズームのスライドショー）","プロ（演出多め）"
"WEB-04915","スクール・オンライン講座のブランドサイト（信頼・誠実（コーポレート）・フェード/ズームのスライドショー）","プロ（演出多め）"
"WEB-04916","ヨガ・ピラティスの採用サイト（ナチュラル・オーガニック・全画面ループ動画）","プロ（演出多め）"
"WEB-04917","食品・産直ECのブランドサイト（エディトリアル・雑誌風・フェード/ズームのスライドショー）","プロ（演出多め）"
"WEB-04918","不動産・マンションのコーポレートサイト（ナチュラル・オーガニック・スクロール連動のストーリー）","プロ（演出多め）"
"WEB-04919","不動産・マンションのオウンドメディア・ブログ（ミニマル・洗練・3Dオブジェクト/ジェネラティブ背景）","プロ（演出多め）"
"WEB-04920","歯科医院のコーポレートサイト（ミニマル・洗練・全画面ループ動画）","プロ（演出多め）"
"WEB-04921","コスメ・スキンケアのブランドサイト（ナチュラル・オーガニック・画面2分割（写真｜コピー））","上級"
"WEB-04922","YouTuber・インフルエンサーのブランドサイト（かわいい・ガーリー・スクロール連動のストーリー）","プロ（演出多め）"
"WEB-04923","引越し・生活サービスのブランドサイト（ポップ・カラフル・スクロール連動のストーリー）","上級"
"WEB-04924","クラウドファンディング・新商品のサービスサイト（ダーク・シネマティック・フェード/ズームのスライドショー）","上級"
"WEB-04925","エステ・脱毛サロンの採用サイト（ニューブルータリズム・散らばった写真コラージュ）","プロ（演出多め）"
"WEB-04926","ゲーム・eスポーツの採用サイト（ダーク・シネマティック・全画面ループ動画）","プロ（演出多め）"
"WEB-04927","不動産・マンションのコーポレートサイト（ミニマル・洗練・全画面ループ動画）","プロ（演出多め）"
"WEB-04928","コスメ・スキンケアのブランドサイト（ポップ・カラフル・画面2分割（写真｜コピー））","プロ（演出多め）"
"WEB-04929","英会話・語学のサービスサイト（ジオメトリック・グラフィカル・散らばった写真コラージュ）","プロ（演出多め）"
"WEB-04930","NPO・地方自治体のサービスサイト（ニューブルータリズム・縦書きコピー＋余白）","プロ（演出多め）"
"WEB-04931","SaaS・BtoBツールの採用サイト（ミニマル・洗練・巨大コピー＋小さな写真）","プロ（演出多め）"
"WEB-04932","クラウドファンディング・新商品の採用サイト（ポップ・カラフル・縦書きコピー＋余白）","プロ（演出多め）"
"WEB-04933","不動産・マンションのオウンドメディア・ブログ（和モダン・全画面ループ動画）","上級"
"WEB-04934","レストラン・居酒屋のオウンドメディア・ブログ（レトロ・Y2K・3Dオブジェクト/ジェネラティブ背景）","プロ（演出多め）"
"WEB-04935","エステ・脱毛サロンのサービスサイト（パステル・ドリーミー・スクロール連動のストーリー）","上級"
"WEB-04936","金融・保険・投資のコーポレートサイト（北欧・ライフスタイル・巨大コピー＋小さな写真）","プロ（演出多め）"
"WEB-04937","金融・保険・投資のブランドサイト（ミニマル・洗練・全画面ループ動画）","プロ（演出多め）"
"WEB-04938","エステ・脱毛サロンのサービスサイト（ラグジュアリー・高級感・散らばった写真コラージュ）","上級"
"WEB-04939","観光・地域プロモーションの自治体・観光協会サイト（ハンドメイド・手書き・縦書きコピー＋余白）","プロ（演出多め）"
"WEB-04940","スクール・オンライン講座のコーポレートサイト（北欧・ライフスタイル・画面2分割（写真｜コピー））","プロ（演出多め）"
"WEB-04941","内科・クリニックの採用サイト（北欧・ライフスタイル・全画面ループ動画）","上級"
"WEB-04942","SaaS・BtoBツールのオウンドメディア・ブログ（グラスモーフィズム・画面2分割（写真｜コピー））","プロ（演出多め）"
"WEB-04943","金融・保険・投資の採用サイト（クール・テック・縦書きコピー＋余白）","プロ（演出多め）"
"WEB-04944","士業（税理士・弁護士・行政書士）のコーポレートサイト（信頼・誠実（コーポレート）・ローディング演出→ロゴ→メインビジュアル）","プロ（演出多め）"
"WEB-04945","保育園・幼児教育・習い事のコーポレートサイト（ポップ・カラフル・画面2分割（写真｜コピー））","プロ（演出多め）"
"WEB-04946","ヨガ・ピラティスのコーポレートサイト（ミニマル・洗練・3Dオブジェクト/ジェネラティブ背景）","プロ（演出多め）"
"WEB-04947","不動産・マンションのサービスサイト（ラグジュアリー・高級感・散らばった写真コラージュ）","プロ（演出多め）"
"WEB-04948","アパレル・ファッションECのサービスサイト（エディトリアル・雑誌風・フェード/ズームのスライドショー）","プロ（演出多め）"
"WEB-04949","サウナ・温浴施設のサービスサイト（ニューブルータリズム・ローディング演出→ロゴ→メインビジュアル）","プロ（演出多め）"
"WEB-04950","アパレル・ファッションECの採用サイト（エネルギッシュ・スポーティ・スクロール連動のストーリー）","プロ（演出多め）"
"WEB-04951","士業（税理士・弁護士・行政書士）のオウンドメディア・ブログ（和モダン・巨大コピー＋小さな写真）","プロ（演出多め）"
"WEB-04952","プログラミングスクールのサービスサイト（ニューブルータリズム・巨大コピー＋小さな写真）","プロ（演出多め）"
"WEB-04953","ホテル・旅館のブランドサイト（ダーク・シネマティック・画面2分割（写真｜コピー））","プロ（演出多め）"
"WEB-04954","コンサル・コーチングのサービスサイト（ラグジュアリー・高級感・3Dオブジェクト/ジェネラティブ背景）","プロ（演出多め）"
"WEB-04955","士業（税理士・弁護士・行政書士）の採用サイト（信頼・誠実（コーポレート）・散らばった写真コラージュ）","プロ（演出多め）"
"WEB-04956","美容クリニックのサービスサイト（ミニマル・洗練・画面2分割（写真｜コピー））","プロ（演出多め）"
"WEB-04957","サウナ・温浴施設のホテル・旅館サイト（エネルギッシュ・スポーティ・画面2分割（写真｜コピー））","プロ（演出多め）"
"WEB-04958","ヨガ・ピラティスのブランドサイト（3D・クレイ・巨大コピー＋小さな写真）","プロ（演出多め）"
"WEB-04959","士業（税理士・弁護士・行政書士）のコーポレートサイト（ポップ・カラフル・全画面ループ動画）","プロ（演出多め）"
"WEB-04960","コスメ・スキンケアのサービスサイト（ネオン・サイバー・画面2分割（写真｜コピー））","プロ（演出多め）"
"WEB-04961","スマホアプリのサービスサイト（グラスモーフィズム・フェード/ズームのスライドショー）","上級"
"WEB-04962","コスメ・スキンケアのECサイト（ラグジュアリー・高級感・3Dオブジェクト/ジェネラティブ背景）","プロ（演出多め）"
"WEB-04963","ウェディング・結婚相談所の採用サイト（パステル・ドリーミー・縦書きコピー＋余白）","プロ（演出多め）"
"WEB-04964","NPO・地方自治体のブランドサイト（ナチュラル・オーガニック・画面2分割（写真｜コピー））","プロ（演出多め）"
"WEB-04965","内科・クリニックの採用サイト（北欧・ライフスタイル・フェード/ズームのスライドショー）","上級"
"WEB-04966","ゲーム・eスポーツのイベント・フェスサイト（レトロ・Y2K・全画面ループ動画）","プロ（演出多め）"
"WEB-04967","食品・産直ECのECサイト（和モダン・ローディング演出→ロゴ→メインビジュアル）","上級"
"WEB-04968","ゲーム・eスポーツのイベント・フェスサイト（ネオン・サイバー・縦書きコピー＋余白）","プロ（演出多め）"
"WEB-04969","コスメ・スキンケアのサービスサイト（ミニマル・洗練・3Dオブジェクト/ジェネラティブ背景）","上級"
"WEB-04970","ゲーム・eスポーツのコーポレートサイト（レトロ・Y2K・縦書きコピー＋余白）","上級"
"WEB-04971","音楽・ライブ・イベントのコーポレートサイト（ニューブルータリズム・フェード/ズームのスライドショー）","プロ（演出多め）"
"WEB-04972","スクール・オンライン講座のコーポレートサイト（クール・テック・スクロール連動のストーリー）","プロ（演出多め）"
"WEB-04973","占い・スピリチュアルの採用サイト（パステル・ドリーミー・縦書きコピー＋余白）","プロ（演出多め）"
"WEB-04974","カフェ・ベーカリーのコーポレートサイト（エディトリアル・雑誌風・画面2分割（写真｜コピー））","プロ（演出多め）"
"WEB-04975","美容室・ヘアサロンのコーポレートサイト（ラグジュアリー・高級感・ローディング演出→ロゴ→メインビジュアル）","プロ（演出多め）"
"WEB-04976","建築設計事務所のオウンドメディア・ブログ（ミニマル・洗練・縦書きコピー＋余白）","プロ（演出多め）"
"WEB-04977","英会話・語学のオウンドメディア・ブログ（3D・クレイ・散らばった写真コラージュ）","上級"
"WEB-04978","占い・スピリチュアルのブランドサイト（ダーク・シネマティック・3Dオブジェクト/ジェネラティブ背景）","プロ（演出多め）"
"WEB-04979","士業（税理士・弁護士・行政書士）のブランドサイト（ミニマル・洗練・全画面ループ動画）","上級"
"WEB-04980","英会話・語学のコーポレートサイト（ジオメトリック・グラフィカル・フェード/ズームのスライドショー）","プロ（演出多め）"
"WEB-04981","採用・求人のブランドサイト（ポップ・カラフル・全画面ループ動画）","プロ（演出多め）"
"WEB-04982","食品・産直ECのコーポレートサイト（ポップ・カラフル・3Dオブジェクト/ジェネラティブ背景）","プロ（演出多め）"
"WEB-04983","美容クリニックの採用サイト（ミニマル・洗練・ローディング演出→ロゴ→メインビジュアル）","プロ（演出多め）"
"WEB-04984","和菓子・スイーツの採用サイト（ニューブルータリズム・巨大コピー＋小さな写真）","プロ（演出多め）"
"WEB-04985","スクール・オンライン講座のサービスサイト（クール・テック・縦書きコピー＋余白）","プロ（演出多め）"
"WEB-04986","ペット・トリミング・動物病院の店舗サイト（飲食・美容・サロン）（ハンドメイド・手書き・縦書きコピー＋余白）","上級"
"WEB-04987","AIサービス・スタートアップのオウンドメディア・ブログ（クール・テック・スクロール連動のストーリー）","プロ（演出多め）"
"WEB-04988","占い・スピリチュアルのサービスサイト（和モダン・全画面ループ動画）","上級"
"WEB-04989","占い・スピリチュアルのオウンドメディア・ブログ（ダーク・シネマティック・全画面ループ動画）","プロ（演出多め）"
"WEB-04990","工務店・注文住宅・リフォームのオウンドメディア・ブログ（ミニマル・洗練・3Dオブジェクト/ジェネラティブ背景）","プロ（演出多め）"
"WEB-04991","歯科医院の採用サイト（ナチュラル・オーガニック・画面2分割（写真｜コピー））","プロ（演出多め）"
"WEB-04992","英会話・語学のスクール・教室サイト（ポップ・カラフル・巨大コピー＋小さな写真）","プロ（演出多め）"
"WEB-04993","引越し・生活サービスのオウンドメディア・ブログ（信頼・誠実（コーポレート）・フェード/ズームのスライドショー）","プロ（演出多め）"
"WEB-04994","ホテル・旅館のオウンドメディア・ブログ（クール・テック・全画面ループ動画）","プロ（演出多め）"
"WEB-04995","アパレル・ファッションECのブランドサイト（ニューブルータリズム・散らばった写真コラージュ）","上級"
"WEB-04996","食品・産直ECのECサイト（ポップ・カラフル・全画面ループ動画）","上級"
"WEB-04997","ゲーム・eスポーツのサービスサイト（ネオン・サイバー・散らばった写真コラージュ）","上級"
"WEB-04998","金融・保険・投資の採用サイト（ミニマル・洗練・画面2分割（写真｜コピー））","プロ（演出多め）"
"WEB-04999","内科・クリニックの採用サイト（北欧・ライフスタイル・ローディング演出→ロゴ→メインビジュアル）","プロ（演出多め）"
"WEB-05000","アパレル・ファッションECの採用サイト（ニューブルータリズム・ローディング演出→ロゴ→メインビジュアル）","プロ（演出多め）"
"WEB-05001","ウェディング・結婚相談所の採用サイト（かわいい・ガーリー・巨大コピー＋小さな写真）","上級"
"WEB-05002","美容室・ヘアサロンのサービスサイト（ハンドメイド・手書き・3Dオブジェクト/ジェネラティブ背景）","プロ（演出多め）"
"WEB-05003","プログラミングスクールのサービスサイト（ポップ・カラフル・3Dオブジェクト/ジェネラティブ背景）","プロ（演出多め）"
"WEB-05004","コンサル・コーチングのコーポレートサイト（ミニマル・洗練・3Dオブジェクト/ジェネラティブ背景）","プロ（演出多め）"
"WEB-05005","食品・産直ECのコーポレートサイト（ハンドメイド・手書き・3Dオブジェクト/ジェネラティブ背景）","プロ（演出多め）"
"WEB-05006","美容クリニックのオウンドメディア・ブログ（ラグジュアリー・高級感・全画面ループ動画）","上級"
"WEB-05007","ウェディング・結婚相談所のサービスサイト（ナチュラル・オーガニック・スクロール連動のストーリー）","上級"
"WEB-05008","SaaS・BtoBツールのオウンドメディア・ブログ（グラスモーフィズム・全画面ループ動画）","上級"
"WEB-05009","美容室・ヘアサロンのブランドサイト（ミニマル・洗練・散らばった写真コラージュ）","上級"
"WEB-05010","SaaS・BtoBツールのサービスサイト（クール・テック・全画面ループ動画）","プロ（演出多め）"
"WEB-05011","AIサービス・スタートアップのサービスサイト（ネオン・サイバー・全画面ループ動画）","プロ（演出多め）"
"WEB-05012","プログラミングスクールの採用サイト（クール・テック・画面2分割（写真｜コピー））","プロ（演出多め）"
"WEB-05013","観光・地域プロモーションのホテル・旅館サイト（3D・クレイ・全画面ループ動画）","プロ（演出多め）"
"WEB-05014","NPO・地方自治体のオウンドメディア・ブログ（ジオメトリック・グラフィカル・スクロール連動のストーリー）","プロ（演出多め）"
"WEB-05015","アパレル・ファッションECの採用サイト（レトロ・Y2K・画面2分割（写真｜コピー））","上級"
"WEB-05016","ペット・トリミング・動物病院の店舗サイト（飲食・美容・サロン）（ジオメトリック・グラフィカル・フェード/ズームのスライドショー）","プロ（演出多め）"
"WEB-05017","パーソナルジム・フィットネスのブランドサイト（エネルギッシュ・スポーティ・全画面ループ動画）","プロ（演出多め）"
"WEB-05018","引越し・生活サービスのコーポレートサイト（3D・クレイ・全画面ループ動画）","プロ（演出多め）"
"WEB-05019","ウェディング・結婚相談所のオウンドメディア・ブログ（ラグジュアリー・高級感・画面2分割（写真｜コピー））","プロ（演出多め）"
"WEB-05020","採用・求人のコーポレートサイト（信頼・誠実（コーポレート）・縦書きコピー＋余白）","プロ（演出多め）"
"WEB-05021","士業（税理士・弁護士・行政書士）のオウンドメディア・ブログ（パステル・ドリーミー・縦書きコピー＋余白）","上級"
"WEB-05022","歯科医院のコーポレートサイト（信頼・誠実（コーポレート）・ローディング演出→ロゴ→メインビジュアル）","プロ（演出多め）"
"WEB-05023","農業・地方の生産者の自治体・観光協会サイト（ハンドメイド・手書き・縦書きコピー＋余白）","プロ（演出多め）"
"WEB-05024","美容室・ヘアサロンのポートフォリオ（個人/事務所）（北欧・ライフスタイル・全画面ループ動画）","上級"
"WEB-05025","占い・スピリチュアルのサービスサイト（和モダン・散らばった写真コラージュ）","プロ（演出多め）"
"WEB-05026","ゲーム・eスポーツのコーポレートサイト（レトロ・Y2K・散らばった写真コラージュ）","上級"
"WEB-05027","観光・地域プロモーションのオウンドメディア・ブログ（ナチュラル・オーガニック・フェード/ズームのスライドショー）","上級"
"WEB-05028","スクール・オンライン講座のサービスサイト（ポップ・カラフル・フェード/ズームのスライドショー）","プロ（演出多め）"
"WEB-05029","保育園・幼児教育・習い事のブランドサイト（3D・クレイ・3Dオブジェクト/ジェネラティブ背景）","上級"
"WEB-05030","内科・クリニックのコーポレートサイト（信頼・誠実（コーポレート）・散らばった写真コラージュ）","プロ（演出多め）"
"WEB-05031","ゲーム・eスポーツのサービスサイト（3D・クレイ・巨大コピー＋小さな写真）","プロ（演出多め）"
"WEB-05032","引越し・生活サービスのサービスサイト（信頼・誠実（コーポレート）・ローディング演出→ロゴ→メインビジュアル）","プロ（演出多め）"
"WEB-05033","和菓子・スイーツのブランドサイト（パステル・ドリーミー・フェード/ズームのスライドショー）","プロ（演出多め）"
"WEB-05034","サウナ・温浴施設のホテル・旅館サイト（ナチュラル・オーガニック・3Dオブジェクト/ジェネラティブ背景）","プロ（演出多め）"
"WEB-05035","ゲーム・eスポーツのブランドサイト（ダーク・シネマティック・巨大コピー＋小さな写真）","プロ（演出多め）"
"WEB-05036","士業（税理士・弁護士・行政書士）の採用サイト（信頼・誠実（コーポレート）・全画面ループ動画）","プロ（演出多め）"
"WEB-05037","食品・産直ECのブランドサイト（ナチュラル・オーガニック・縦書きコピー＋余白）","プロ（演出多め）"
"WEB-05038","SaaS・BtoBツールの採用サイト（クール・テック・散らばった写真コラージュ）","プロ（演出多め）"
"WEB-05039","ペット・トリミング・動物病院のクリニック・医院サイト（ナチュラル・オーガニック・ローディング演出→ロゴ→メインビジュアル）","プロ（演出多め）"
"WEB-05040","観光・地域プロモーションのサービスサイト（ハンドメイド・手書き・スクロール連動のストーリー）","プロ（演出多め）"
"WEB-05041","SaaS・BtoBツールのブランドサイト（クール・テック・巨大コピー＋小さな写真）","プロ（演出多め）"
"WEB-05042","和菓子・スイーツの採用サイト（ラグジュアリー・高級感・画面2分割（写真｜コピー））","プロ（演出多め）"
"WEB-05043","和菓子・スイーツのブランドサイト（3D・クレイ・ローディング演出→ロゴ→メインビジュアル）","プロ（演出多め）"
"WEB-05044","観光・地域プロモーションのホテル・旅館サイト（ミニマル・洗練・ローディング演出→ロゴ→メインビジュアル）","プロ（演出多め）"
"WEB-05045","アパレル・ファッションECのブランドサイト（ニューブルータリズム・全画面ループ動画）","プロ（演出多め）"
"WEB-05046","音楽・ライブ・イベントのブランドサイト（3D・クレイ・ローディング演出→ロゴ→メインビジュアル）","プロ（演出多め）"
"WEB-05047","食品・産直ECの採用サイト（ナチュラル・オーガニック・3Dオブジェクト/ジェネラティブ背景）","プロ（演出多め）"
"WEB-05048","和菓子・スイーツの店舗サイト（飲食・美容・サロン）（かわいい・ガーリー・画面2分割（写真｜コピー））","プロ（演出多め）"
"WEB-05049","保育園・幼児教育・習い事のサービスサイト（かわいい・ガーリー・縦書きコピー＋余白）","上級"
"WEB-05050","農業・地方の生産者のコーポレートサイト（グラスモーフィズム・フェード/ズームのスライドショー）","上級"
"WEB-05051","スクール・オンライン講座のコーポレートサイト（3D・クレイ・スクロール連動のストーリー）","プロ（演出多め）"
"WEB-05052","農業・地方の生産者の採用サイト（和モダン・散らばった写真コラージュ）","プロ（演出多め）"
"WEB-05053","英会話・語学のサービスサイト（ジオメトリック・グラフィカル・3Dオブジェクト/ジェネラティブ背景）","プロ（演出多め）"
"WEB-05054","サウナ・温浴施設の採用サイト（和モダン・3Dオブジェクト/ジェネラティブ背景）","プロ（演出多め）"
"WEB-05055","引越し・生活サービスのサービスサイト（信頼・誠実（コーポレート）・スクロール連動のストーリー）","上級"
"WEB-05056","金融・保険・投資のサービスサイト（クール・テック・散らばった写真コラージュ）","プロ（演出多め）"
"WEB-05057","工務店・注文住宅・リフォームのブランドサイト（ナチュラル・オーガニック・3Dオブジェクト/ジェネラティブ背景）","上級"
"WEB-05058","採用・求人のオウンドメディア・ブログ（ジオメトリック・グラフィカル・巨大コピー＋小さな写真）","プロ（演出多め）"
"WEB-05059","観光・地域プロモーションの採用サイト（ハンドメイド・手書き・フェード/ズームのスライドショー）","プロ（演出多め）"
"WEB-05060","パーソナルジム・フィットネスのブランドサイト（エネルギッシュ・スポーティ・フェード/ズームのスライドショー）","プロ（演出多め）"
"WEB-05061","YouTuber・インフルエンサーのイベント・フェスサイト（ニューブルータリズム・スクロール連動のストーリー）","上級"
"WEB-05062","コスメ・スキンケアのオウンドメディア・ブログ（ミニマル・洗練・画面2分割（写真｜コピー））","プロ（演出多め）"
"WEB-05063","アパレル・ファッションECのサービスサイト（エディトリアル・雑誌風・散らばった写真コラージュ）","プロ（演出多め）"
"WEB-05064","引越し・生活サービスのブランドサイト（ポップ・カラフル・散らばった写真コラージュ）","プロ（演出多め）"
"WEB-05065","カフェ・ベーカリーの採用サイト（エディトリアル・雑誌風・画面2分割（写真｜コピー））","プロ（演出多め）"
"WEB-05066","カフェ・ベーカリーのオウンドメディア・ブログ（信頼・誠実（コーポレート）・ローディング演出→ロゴ→メインビジュアル）","プロ（演出多め）"
"WEB-05067","コスメ・スキンケアのオウンドメディア・ブログ（グラスモーフィズム・スクロール連動のストーリー）","プロ（演出多め）"
"WEB-05068","カフェ・ベーカリーのコーポレートサイト（エディトリアル・雑誌風・フェード/ズームのスライドショー）","上級"
"WEB-05069","観光・地域プロモーションのオウンドメディア・ブログ（かわいい・ガーリー・3Dオブジェクト/ジェネラティブ背景）","上級"
"WEB-05070","コンサル・コーチングのコーポレートサイト（ラグジュアリー・高級感・巨大コピー＋小さな写真）","上級"
"WEB-05071","スマホアプリのオウンドメディア・ブログ（ポップ・カラフル・画面2分割（写真｜コピー））","プロ（演出多め）"
"WEB-05072","ヨガ・ピラティスのオウンドメディア・ブログ（北欧・ライフスタイル・縦書きコピー＋余白）","プロ（演出多め）"
"WEB-05073","工務店・注文住宅・リフォームのブランドサイト（ミニマル・洗練・巨大コピー＋小さな写真）","プロ（演出多め）"
"WEB-05074","採用・求人のブランドサイト（エディトリアル・雑誌風・フェード/ズームのスライドショー）","プロ（演出多め）"
"WEB-05075","ペット・トリミング・動物病院の店舗サイト（飲食・美容・サロン）（かわいい・ガーリー・散らばった写真コラージュ）","上級"
"WEB-05076","ウェディング・結婚相談所のオウンドメディア・ブログ（パステル・ドリーミー・全画面ループ動画）","プロ（演出多め）"
"WEB-05077","コンサル・コーチングのコーポレートサイト（信頼・誠実（コーポレート）・フェード/ズームのスライドショー）","プロ（演出多め）"
"WEB-05078","内科・クリニックのコーポレートサイト（信頼・誠実（コーポレート）・巨大コピー＋小さな写真）","上級"
"WEB-05079","AIサービス・スタートアップのオウンドメディア・ブログ（クール・テック・縦書きコピー＋余白）","上級"
"WEB-05080","Web制作・デザイン事務所のサービスサイト（クール・テック・巨大コピー＋小さな写真）","プロ（演出多め）"
"WEB-05081","ヨガ・ピラティスのコーポレートサイト（北欧・ライフスタイル・散らばった写真コラージュ）","上級"
"WEB-05082","占い・スピリチュアルの採用サイト（ラグジュアリー・高級感・縦書きコピー＋余白）","プロ（演出多め）"
"WEB-05083","コンサル・コーチングの採用サイト（信頼・誠実（コーポレート）・全画面ループ動画）","上級"
"WEB-05084","農業・地方の生産者のコーポレートサイト（ハンドメイド・手書き・3Dオブジェクト/ジェネラティブ背景）","プロ（演出多め）"
"WEB-05085","内科・クリニックのコーポレートサイト（北欧・ライフスタイル・画面2分割（写真｜コピー））","上級"
"WEB-05086","コンサル・コーチングの採用サイト（エディトリアル・雑誌風・巨大コピー＋小さな写真）","上級"
"WEB-05087","保育園・幼児教育・習い事のオウンドメディア・ブログ（ナチュラル・オーガニック・3Dオブジェクト/ジェネラティブ背景）","上級"
"WEB-05088","美容クリニックの採用サイト（ミニマル・洗練・フェード/ズームのスライドショー）","プロ（演出多め）"
"WEB-05089","占い・スピリチュアルのブランドサイト（ラグジュアリー・高級感・散らばった写真コラージュ）","プロ（演出多め）"
"WEB-05090","アパレル・ファッションECのサービスサイト（エディトリアル・雑誌風・ローディング演出→ロゴ→メインビジュアル）","プロ（演出多め）"
"WEB-05091","美容室・ヘアサロンのコーポレートサイト（ミニマル・洗練・3Dオブジェクト/ジェネラティブ背景）","上級"
"WEB-05092","工務店・注文住宅・リフォームのサービスサイト（信頼・誠実（コーポレート）・全画面ループ動画）","プロ（演出多め）"
"WEB-05093","内科・クリニックのブランドサイト（北欧・ライフスタイル・巨大コピー＋小さな写真）","プロ（演出多め）"
"WEB-05094","YouTuber・インフルエンサーのブランドサイト（ダーク・シネマティック・縦書きコピー＋余白）","プロ（演出多め）"
"WEB-05095","YouTuber・インフルエンサーのコーポレートサイト（ナチュラル・オーガニック・縦書きコピー＋余白）","プロ（演出多め）"
"WEB-05096","Web制作・デザイン事務所のサービスサイト（信頼・誠実（コーポレート）・フェード/ズームのスライドショー）","上級"
"WEB-05097","ペット・トリミング・動物病院の採用サイト（かわいい・ガーリー・3Dオブジェクト/ジェネラティブ背景）","上級"
"WEB-05098","採用・求人の採用サイト（ジオメトリック・グラフィカル・画面2分割（写真｜コピー））","プロ（演出多め）"
"WEB-05099","クラウドファンディング・新商品のECサイト（ナチュラル・オーガニック・全画面ループ動画）","プロ（演出多め）"
"WEB-05100","引越し・生活サービスのサービスサイト（3D・クレイ・スクロール連動のストーリー）","上級"
"WEB-05101","ゲーム・eスポーツのコーポレートサイト（レトロ・Y2K・縦書きコピー＋余白）","プロ（演出多め）"
"WEB-05102","保育園・幼児教育・習い事のサービスサイト（ネオン・サイバー・全画面ループ動画）","上級"
"WEB-05103","Web制作・デザイン事務所のサービスサイト（ダーク・シネマティック・スクロール連動のストーリー）","プロ（演出多め）"
"WEB-05104","クラウドファンディング・新商品のブランドサイト（ダーク・シネマティック・画面2分割（写真｜コピー））","プロ（演出多め）"
"WEB-05105","アパレル・ファッションECのECサイト（ニューブルータリズム・ローディング演出→ロゴ→メインビジュアル）","プロ（演出多め）"
"WEB-05106","レストラン・居酒屋のサービスサイト（和モダン・縦書きコピー＋余白）","上級"
"WEB-05107","観光・地域プロモーションのホテル・旅館サイト（ダーク・シネマティック・スクロール連動のストーリー）","プロ（演出多め）"
"WEB-05108","農業・地方の生産者のコーポレートサイト（ナチュラル・オーガニック・縦書きコピー＋余白）","プロ（演出多め）"
"WEB-05109","ペット・トリミング・動物病院のオウンドメディア・ブログ（ナチュラル・オーガニック・フェード/ズームのスライドショー）","プロ（演出多め）"
"WEB-05110","歯科医院のクリニック・医院サイト（信頼・誠実（コーポレート）・ローディング演出→ロゴ→メインビジュアル）","プロ（演出多め）"
"WEB-05111","美容室・ヘアサロンの採用サイト（ラグジュアリー・高級感・ローディング演出→ロゴ→メインビジュアル）","プロ（演出多め）"
"WEB-05112","引越し・生活サービスの採用サイト（3D・クレイ・全画面ループ動画）","プロ（演出多め）"
"WEB-05113","パーソナルジム・フィットネスのサービスサイト（エネルギッシュ・スポーティ・縦書きコピー＋余白）","プロ（演出多め）"
"WEB-05114","ゲーム・eスポーツのオウンドメディア・ブログ（ダーク・シネマティック・縦書きコピー＋余白）","上級"
"WEB-05115","Web制作・デザイン事務所のオウンドメディア・ブログ（エディトリアル・雑誌風・縦書きコピー＋余白）","プロ（演出多め）"
"WEB-05116","コンサル・コーチングのオウンドメディア・ブログ（ミニマル・洗練・散らばった写真コラージュ）","プロ（演出多め）"
"WEB-05117","カフェ・ベーカリーのコーポレートサイト（北欧・ライフスタイル・3Dオブジェクト/ジェネラティブ背景）","プロ（演出多め）"
"WEB-05118","コンサル・コーチングのコーポレートサイト（エディトリアル・雑誌風・フェード/ズームのスライドショー）","プロ（演出多め）"
"WEB-05119","保育園・幼児教育・習い事のオウンドメディア・ブログ（ナチュラル・オーガニック・縦書きコピー＋余白）","プロ（演出多め）"
"WEB-05120","クラウドファンディング・新商品のサービスサイト（ポップ・カラフル・全画面ループ動画）","上級"
"WEB-05121","保育園・幼児教育・習い事の採用サイト（パステル・ドリーミー・散らばった写真コラージュ）","上級"
"WEB-05122","パーソナルジム・フィットネスの店舗サイト（飲食・美容・サロン）（クール・テック・スクロール連動のストーリー）","上級"
"WEB-05123","金融・保険・投資のブランドサイト（クール・テック・スクロール連動のストーリー）","プロ（演出多め）"
"WEB-05124","歯科医院のコーポレートサイト（信頼・誠実（コーポレート）・巨大コピー＋小さな写真）","プロ（演出多め）"
"WEB-05125","エステ・脱毛サロンの採用サイト（パステル・ドリーミー・全画面ループ動画）","プロ（演出多め）"
"WEB-05126","占い・スピリチュアルの採用サイト（和モダン・3Dオブジェクト/ジェネラティブ背景）","上級"
"WEB-05127","スクール・オンライン講座のサービスサイト（ラグジュアリー・高級感・縦書きコピー＋余白）","上級"
"WEB-05128","アパレル・ファッションECのECサイト（レトロ・Y2K・巨大コピー＋小さな写真）","上級"
"WEB-05129","Web制作・デザイン事務所のサービスサイト（エディトリアル・雑誌風・全画面ループ動画）","上級"
"WEB-05130","美容クリニックのクリニック・医院サイト（ラグジュアリー・高級感・巨大コピー＋小さな写真）","上級"
"WEB-05131","工務店・注文住宅・リフォームのオウンドメディア・ブログ（北欧・ライフスタイル・画面2分割（写真｜コピー））","プロ（演出多め）"
"WEB-05132","内科・クリニックのブランドサイト（ナチュラル・オーガニック・散らばった写真コラージュ）","上級"
"WEB-05133","保育園・幼児教育・習い事のオウンドメディア・ブログ（ハンドメイド・手書き・散らばった写真コラージュ）","プロ（演出多め）"
"WEB-05134","エステ・脱毛サロンのコーポレートサイト（かわいい・ガーリー・画面2分割（写真｜コピー））","プロ（演出多め）"
"WEB-05135","Web制作・デザイン事務所のサービスサイト（ニューブルータリズム・全画面ループ動画）","上級"
"WEB-05136","ペット・トリミング・動物病院のクリニック・医院サイト（ナチュラル・オーガニック・巨大コピー＋小さな写真）","プロ（演出多め）"
"WEB-05137","音楽・ライブ・イベントのサービスサイト（ポップ・カラフル・スクロール連動のストーリー）","上級"
"WEB-05138","内科・クリニックのオウンドメディア・ブログ（北欧・ライフスタイル・フェード/ズームのスライドショー）","プロ（演出多め）"
"WEB-05139","工務店・注文住宅・リフォームのコーポレートサイト（北欧・ライフスタイル・スクロール連動のストーリー）","上級"
"WEB-05140","士業（税理士・弁護士・行政書士）のオウンドメディア・ブログ（ミニマル・洗練・巨大コピー＋小さな写真）","プロ（演出多め）"
"WEB-05141","クラウドファンディング・新商品のコーポレートサイト（北欧・ライフスタイル・ローディング演出→ロゴ→メインビジュアル）","プロ（演出多め）"
"WEB-05142","ペット・トリミング・動物病院のコーポレートサイト（かわいい・ガーリー・散らばった写真コラージュ）","上級"
"WEB-05143","SaaS・BtoBツールのサービスサイト（エディトリアル・雑誌風・3Dオブジェクト/ジェネラティブ背景）","プロ（演出多め）"
"WEB-05144","和菓子・スイーツの店舗サイト（飲食・美容・サロン）（和モダン・全画面ループ動画）","上級"
"WEB-05145","採用・求人のコーポレートサイト（信頼・誠実（コーポレート）・巨大コピー＋小さな写真）","プロ（演出多め）"
"WEB-05146","内科・クリニックの採用サイト（ナチュラル・オーガニック・フェード/ズームのスライドショー）","プロ（演出多め）"
"WEB-05147","保育園・幼児教育・習い事のブランドサイト（ポップ・カラフル・ローディング演出→ロゴ→メインビジュアル）","プロ（演出多め）"
"WEB-05148","ホテル・旅館のサービスサイト（和モダン・スクロール連動のストーリー）","プロ（演出多め）"
"WEB-05149","歯科医院のサービスサイト（ナチュラル・オーガニック・3Dオブジェクト/ジェネラティブ背景）","上級"
"WEB-05150","観光・地域プロモーションのイベント・フェスサイト（ナチュラル・オーガニック・画面2分割（写真｜コピー））","上級"
"WEB-05151","コンサル・コーチングの採用サイト（信頼・誠実（コーポレート）・フェード/ズームのスライドショー）","プロ（演出多め）"
"WEB-05152","YouTuber・インフルエンサーのサービスサイト（ネオン・サイバー・ローディング演出→ロゴ→メインビジュアル）","上級"
"WEB-05153","採用・求人のコーポレートサイト（和モダン・全画面ループ動画）","上級"
"WEB-05154","自動車・バイクの採用サイト（ダーク・シネマティック・ローディング演出→ロゴ→メインビジュアル）","上級"
"WEB-05155","美容クリニックのクリニック・医院サイト（ミニマル・洗練・画面2分割（写真｜コピー））","プロ（演出多め）"
"WEB-05156","ゲーム・eスポーツのオウンドメディア・ブログ（レトロ・Y2K・縦書きコピー＋余白）","プロ（演出多め）"
"WEB-05157","歯科医院のブランドサイト（ナチュラル・オーガニック・画面2分割（写真｜コピー））","プロ（演出多め）"
"WEB-05158","採用・求人のサービスサイト（ジオメトリック・グラフィカル・巨大コピー＋小さな写真）","プロ（演出多め）"
"WEB-05159","コンサル・コーチングのポートフォリオ（個人/事務所）（北欧・ライフスタイル・ローディング演出→ロゴ→メインビジュアル）","プロ（演出多め）"
"WEB-05160","食品・産直ECのサービスサイト（ナチュラル・オーガニック・フェード/ズームのスライドショー）","プロ（演出多め）"
"WEB-05161","ホテル・旅館のコーポレートサイト（和モダン・散らばった写真コラージュ）","上級"
"WEB-05162","Web制作・デザイン事務所のオウンドメディア・ブログ（クール・テック・3Dオブジェクト/ジェネラティブ背景）","上級"
"WEB-05163","歯科医院のブランドサイト（ナチュラル・オーガニック・散らばった写真コラージュ）","プロ（演出多め）"
"WEB-05164","エステ・脱毛サロンのサービスサイト（ラグジュアリー・高級感・散らばった写真コラージュ）","プロ（演出多め）"
"WEB-05165","和菓子・スイーツの採用サイト（和モダン・フェード/ズームのスライドショー）","上級"
"WEB-05166","SaaS・BtoBツールのコーポレートサイト（かわいい・ガーリー・散らばった写真コラージュ）","プロ（演出多め）"
"WEB-05167","ペット・トリミング・動物病院の採用サイト（ハンドメイド・手書き・縦書きコピー＋余白）","プロ（演出多め）"
"WEB-05168","YouTuber・インフルエンサーのポートフォリオ（個人/事務所）（かわいい・ガーリー・全画面ループ動画）","プロ（演出多め）"
"WEB-05169","コンサル・コーチングのブランドサイト（ミニマル・洗練・全画面ループ動画）","上級"
"WEB-05170","ヨガ・ピラティスのスクール・教室サイト（グラスモーフィズム・散らばった写真コラージュ）","プロ（演出多め）"
"WEB-05171","占い・スピリチュアルのサービスサイト（パステル・ドリーミー・3Dオブジェクト/ジェネラティブ背景）","上級"
"WEB-05172","プログラミングスクールのコーポレートサイト（パステル・ドリーミー・3Dオブジェクト/ジェネラティブ背景）","上級"
"WEB-05173","英会話・語学のオウンドメディア・ブログ（信頼・誠実（コーポレート）・3Dオブジェクト/ジェネラティブ背景）","プロ（演出多め）"
"WEB-05174","Web制作・デザイン事務所のコーポレートサイト（ニューブルータリズム・画面2分割（写真｜コピー））","プロ（演出多め）"
"WEB-05175","農業・地方の生産者のサービスサイト（ハンドメイド・手書き・ローディング演出→ロゴ→メインビジュアル）","プロ（演出多め）"
"WEB-05176","引越し・生活サービスのブランドサイト（3D・クレイ・散らばった写真コラージュ）","プロ（演出多め）"
"WEB-05177","保育園・幼児教育・習い事のオウンドメディア・ブログ（ナチュラル・オーガニック・縦書きコピー＋余白）","上級"
"WEB-05178","コンサル・コーチングのポートフォリオ（個人/事務所）（ラグジュアリー・高級感・全画面ループ動画）","プロ（演出多め）"
"WEB-05179","クラウドファンディング・新商品の採用サイト（クール・テック・スクロール連動のストーリー）","上級"
"WEB-05180","レストラン・居酒屋の採用サイト（ラグジュアリー・高級感・ローディング演出→ロゴ→メインビジュアル）","上級"
"WEB-05181","建築設計事務所のオウンドメディア・ブログ（エディトリアル・雑誌風・全画面ループ動画）","プロ（演出多め）"
"WEB-05182","プログラミングスクールのサービスサイト（ネオン・サイバー・画面2分割（写真｜コピー））","プロ（演出多め）"
"WEB-05183","ペット・トリミング・動物病院のコーポレートサイト（3D・クレイ・縦書きコピー＋余白）","プロ（演出多め）"
"WEB-05184","建築設計事務所のポートフォリオ（個人/事務所）（ミニマル・洗練・フェード/ズームのスライドショー）","上級"
"WEB-05185","美容クリニックのクリニック・医院サイト（ミニマル・洗練・スクロール連動のストーリー）","プロ（演出多め）"
"WEB-05186","英会話・語学のブランドサイト（信頼・誠実（コーポレート）・散らばった写真コラージュ）","プロ（演出多め）"
"WEB-05187","レストラン・居酒屋の店舗サイト（飲食・美容・サロン）（レトロ・Y2K・巨大コピー＋小さな写真）","プロ（演出多め）"
"WEB-05188","カフェ・ベーカリーのサービスサイト（レトロ・Y2K・フェード/ズームのスライドショー）","上級"
"WEB-05189","農業・地方の生産者の採用サイト（ハンドメイド・手書き・散らばった写真コラージュ）","上級"
"WEB-05190","NPO・地方自治体の自治体・観光協会サイト（ハンドメイド・手書き・巨大コピー＋小さな写真）","上級"
"WEB-05191","ホテル・旅館のホテル・旅館サイト（和モダン・ローディング演出→ロゴ→メインビジュアル）","上級"
"WEB-05192","食品・産直ECのブランドサイト（ジオメトリック・グラフィカル・スクロール連動のストーリー）","上級"
"WEB-05193","ゲーム・eスポーツのサービスサイト（ネオン・サイバー・巨大コピー＋小さな写真）","プロ（演出多め）"
"WEB-05194","Web制作・デザイン事務所のサービスサイト（ダーク・シネマティック・散らばった写真コラージュ）","プロ（演出多め）"
"WEB-05195","食品・産直ECの採用サイト（ナチュラル・オーガニック・縦書きコピー＋余白）","上級"
"WEB-05196","カフェ・ベーカリーのブランドサイト（ナチュラル・オーガニック・巨大コピー＋小さな写真）","上級"
"WEB-05197","YouTuber・インフルエンサーのイベント・フェスサイト（ポップ・カラフル・全画面ループ動画）","プロ（演出多め）"
"WEB-05198","ウェディング・結婚相談所のポートフォリオ（個人/事務所）（かわいい・ガーリー・3Dオブジェクト/ジェネラティブ背景）","プロ（演出多め）"
"WEB-05199","エステ・脱毛サロンの店舗サイト（飲食・美容・サロン）（パステル・ドリーミー・画面2分割（写真｜コピー））","プロ（演出多め）"
"WEB-05200","Web制作・デザイン事務所のポートフォリオ（個人/事務所）（ジオメトリック・グラフィカル・全画面ループ動画）","プロ（演出多め）"
"WEB-05201","和菓子・スイーツの採用サイト（かわいい・ガーリー・全画面ループ動画）","上級"
"WEB-05202","和菓子・スイーツの店舗サイト（飲食・美容・サロン）（エネルギッシュ・スポーティ・スクロール連動のストーリー）","上級"
"WEB-05203","YouTuber・インフルエンサーのコーポレートサイト（ニューブルータリズム・画面2分割（写真｜コピー））","プロ（演出多め）"
"WEB-05204","内科・クリニックのサービスサイト（信頼・誠実（コーポレート）・3Dオブジェクト/ジェネラティブ背景）","上級"
"WEB-05205","建築設計事務所のオウンドメディア・ブログ（エディトリアル・雑誌風・ローディング演出→ロゴ→メインビジュアル）","プロ（演出多め）"
"WEB-05206","音楽・ライブ・イベントのサービスサイト（ダーク・シネマティック・スクロール連動のストーリー）","上級"
"WEB-05207","士業（税理士・弁護士・行政書士）のサービスサイト（信頼・誠実（コーポレート）・スクロール連動のストーリー）","プロ（演出多め）"
"WEB-05208","プログラミングスクールのサービスサイト（3D・クレイ・ローディング演出→ロゴ→メインビジュアル）","プロ（演出多め）"
"WEB-05209","自動車・バイクのオウンドメディア・ブログ（ダーク・シネマティック・散らばった写真コラージュ）","プロ（演出多め）"
"WEB-05210","ウェディング・結婚相談所のサービスサイト（ラグジュアリー・高級感・巨大コピー＋小さな写真）","プロ（演出多め）"
"WEB-05211","美容室・ヘアサロンのポートフォリオ（個人/事務所）（かわいい・ガーリー・画面2分割（写真｜コピー））","プロ（演出多め）"
"WEB-05212","プログラミングスクールのブランドサイト（3D・クレイ・全画面ループ動画）","プロ（演出多め）"
"WEB-05213","コスメ・スキンケアのブランドサイト（グラスモーフィズム・3Dオブジェクト/ジェネラティブ背景）","上級"
"WEB-05214","アパレル・ファッションECのオウンドメディア・ブログ（エディトリアル・雑誌風・フェード/ズームのスライドショー）","プロ（演出多め）"
"WEB-05215","美容クリニックのオウンドメディア・ブログ（信頼・誠実（コーポレート）・画面2分割（写真｜コピー））","プロ（演出多め）"
"WEB-05216","美容室・ヘアサロンのサービスサイト（グラスモーフィズム・縦書きコピー＋余白）","上級"
"WEB-05217","スクール・オンライン講座のサービスサイト（ポップ・カラフル・巨大コピー＋小さな写真）","上級"
"WEB-05218","ヨガ・ピラティスのブランドサイト（ナチュラル・オーガニック・散らばった写真コラージュ）","プロ（演出多め）"
"WEB-05219","カフェ・ベーカリーの採用サイト（北欧・ライフスタイル・3Dオブジェクト/ジェネラティブ背景）","プロ（演出多め）"
"WEB-05220","パーソナルジム・フィットネスのオウンドメディア・ブログ（エネルギッシュ・スポーティ・巨大コピー＋小さな写真）","プロ（演出多め）"
"WEB-05221","アパレル・ファッションECのECサイト（エディトリアル・雑誌風・フェード/ズームのスライドショー）","プロ（演出多め）"
"WEB-05222","保育園・幼児教育・習い事のサービスサイト（3D・クレイ・ローディング演出→ロゴ→メインビジュアル）","上級"
"WEB-05223","英会話・語学のサービスサイト（ジオメトリック・グラフィカル・画面2分割（写真｜コピー））","上級"
"WEB-05224","カフェ・ベーカリーのサービスサイト（エディトリアル・雑誌風・画面2分割（写真｜コピー））","プロ（演出多め）"
"WEB-05225","金融・保険・投資のサービスサイト（ミニマル・洗練・フェード/ズームのスライドショー）","プロ（演出多め）"
"WEB-05226","英会話・語学のコーポレートサイト（信頼・誠実（コーポレート）・画面2分割（写真｜コピー））","プロ（演出多め）"
"WEB-05227","不動産・マンションのブランドサイト（信頼・誠実（コーポレート）・ローディング演出→ロゴ→メインビジュアル）","プロ（演出多め）"
"WEB-05228","レストラン・居酒屋のブランドサイト（和モダン・3Dオブジェクト/ジェネラティブ背景）","上級"
"WEB-05229","和菓子・スイーツの採用サイト（和モダン・フェード/ズームのスライドショー）","プロ（演出多め）"
"WEB-05230","レストラン・居酒屋の採用サイト（ラグジュアリー・高級感・縦書きコピー＋余白）","プロ（演出多め）"
"WEB-05231","コスメ・スキンケアのブランドサイト（ラグジュアリー・高級感・スクロール連動のストーリー）","プロ（演出多め）"
"WEB-05232","サウナ・温浴施設のホテル・旅館サイト（レトロ・Y2K・スクロール連動のストーリー）","上級"
"WEB-05233","サウナ・温浴施設のコーポレートサイト（レトロ・Y2K・ローディング演出→ロゴ→メインビジュアル）","上級"
"WEB-05234","ゲーム・eスポーツのオウンドメディア・ブログ（エネルギッシュ・スポーティ・縦書きコピー＋余白）","上級"
"WEB-05235","占い・スピリチュアルのブランドサイト（パステル・ドリーミー・縦書きコピー＋余白）","上級"
"WEB-05236","農業・地方の生産者のブランドサイト（ハンドメイド・手書き・縦書きコピー＋余白）","プロ（演出多め）"
"WEB-05237","SaaS・BtoBツールのブランドサイト（グラスモーフィズム・巨大コピー＋小さな写真）","プロ（演出多め）"
"WEB-05238","音楽・ライブ・イベントのサービスサイト（ダーク・シネマティック・ローディング演出→ロゴ→メインビジュアル）","プロ（演出多め）"
"WEB-05239","ペット・トリミング・動物病院の採用サイト（ナチュラル・オーガニック・巨大コピー＋小さな写真）","プロ（演出多め）"
"WEB-05240","美容室・ヘアサロンのブランドサイト（かわいい・ガーリー・全画面ループ動画）","プロ（演出多め）"
"WEB-05241","コスメ・スキンケアのブランドサイト（クール・テック・画面2分割（写真｜コピー））","プロ（演出多め）"
"WEB-05242","YouTuber・インフルエンサーのポートフォリオ（個人/事務所）（クール・テック・巨大コピー＋小さな写真）","上級"
"WEB-05243","レストラン・居酒屋のオウンドメディア・ブログ（レトロ・Y2K・スクロール連動のストーリー）","上級"
"WEB-05244","保育園・幼児教育・習い事のオウンドメディア・ブログ（ナチュラル・オーガニック・スクロール連動のストーリー）","プロ（演出多め）"
"WEB-05245","士業（税理士・弁護士・行政書士）のサービスサイト（ミニマル・洗練・画面2分割（写真｜コピー））","プロ（演出多め）"
"WEB-05246","占い・スピリチュアルのコーポレートサイト（エディトリアル・雑誌風・ローディング演出→ロゴ→メインビジュアル）","上級"
"WEB-05247","不動産・マンションのオウンドメディア・ブログ（信頼・誠実（コーポレート）・スクロール連動のストーリー）","上級"
"WEB-05248","NPO・地方自治体の自治体・観光協会サイト（パステル・ドリーミー・スクロール連動のストーリー）","プロ（演出多め）"
"WEB-05249","サウナ・温浴施設のコーポレートサイト（ナチュラル・オーガニック・縦書きコピー＋余白）","プロ（演出多め）"
"WEB-05250","ゲーム・eスポーツのオウンドメディア・ブログ（かわいい・ガーリー・画面2分割（写真｜コピー））","プロ（演出多め）"
"WEB-05251","プログラミングスクールのコーポレートサイト（クール・テック・3Dオブジェクト/ジェネラティブ背景）","プロ（演出多め）"
"WEB-05252","クラウドファンディング・新商品の採用サイト（エディトリアル・雑誌風・3Dオブジェクト/ジェネラティブ背景）","プロ（演出多め）"
"WEB-05253","内科・クリニックのオウンドメディア・ブログ（信頼・誠実（コーポレート）・フェード/ズームのスライドショー）","プロ（演出多め）"
"WEB-05254","レストラン・居酒屋のオウンドメディア・ブログ（ラグジュアリー・高級感・フェード/ズームのスライドショー）","プロ（演出多め）"
"WEB-05255","農業・地方の生産者のブランドサイト（グラスモーフィズム・ローディング演出→ロゴ→メインビジュアル）","上級"
"WEB-05256","不動産・マンションのオウンドメディア・ブログ（信頼・誠実（コーポレート）・フェード/ズームのスライドショー）","上級"
"WEB-05257","ペット・トリミング・動物病院のサービスサイト（3D・クレイ・縦書きコピー＋余白）","プロ（演出多め）"
"WEB-05258","ホテル・旅館のコーポレートサイト（ダーク・シネマティック・散らばった写真コラージュ）","上級"
"WEB-05259","エステ・脱毛サロンのコーポレートサイト（ミニマル・洗練・縦書きコピー＋余白）","プロ（演出多め）"
"WEB-05260","音楽・ライブ・イベントのイベント・フェスサイト（レトロ・Y2K・画面2分割（写真｜コピー））","上級"
"WEB-05261","美容室・ヘアサロンのオウンドメディア・ブログ（ミニマル・洗練・ローディング演出→ロゴ→メインビジュアル）","上級"
"WEB-05262","クラウドファンディング・新商品の採用サイト（ラグジュアリー・高級感・画面2分割（写真｜コピー））","プロ（演出多め）"
"WEB-05263","スマホアプリのブランドサイト（グラスモーフィズム・画面2分割（写真｜コピー））","プロ（演出多め）"
"WEB-05264","パーソナルジム・フィットネスのブランドサイト（クール・テック・縦書きコピー＋余白）","プロ（演出多め）"
"WEB-05265","コンサル・コーチングのブランドサイト（ダーク・シネマティック・ローディング演出→ロゴ→メインビジュアル）","プロ（演出多め）"
"WEB-05266","Web制作・デザイン事務所のポートフォリオ（個人/事務所）（ダーク・シネマティック・全画面ループ動画）","プロ（演出多め）"
"WEB-05267","採用・求人のブランドサイト（エネルギッシュ・スポーティ・3Dオブジェクト/ジェネラティブ背景）","プロ（演出多め）"
"WEB-05268","和菓子・スイーツのブランドサイト（ダーク・シネマティック・スクロール連動のストーリー）","プロ（演出多め）"
"WEB-05269","カフェ・ベーカリーのオウンドメディア・ブログ（ナチュラル・オーガニック・フェード/ズームのスライドショー）","プロ（演出多め）"
"WEB-05270","Web制作・デザイン事務所のオウンドメディア・ブログ（クール・テック・ローディング演出→ロゴ→メインビジュアル）","上級"
"WEB-05271","ゲーム・eスポーツのサービスサイト（ネオン・サイバー・フェード/ズームのスライドショー）","プロ（演出多め）"
"WEB-05272","エステ・脱毛サロンのサービスサイト（ミニマル・洗練・巨大コピー＋小さな写真）","プロ（演出多め）"
"WEB-05273","採用・求人のサービスサイト（エディトリアル・雑誌風・全画面ループ動画）","プロ（演出多め）"
"WEB-05274","美容室・ヘアサロンのブランドサイト（かわいい・ガーリー・縦書きコピー＋余白）","プロ（演出多め）"
"WEB-05275","サウナ・温浴施設の採用サイト（ナチュラル・オーガニック・フェード/ズームのスライドショー）","上級"
"WEB-05276","食品・産直ECのブランドサイト（和モダン・縦書きコピー＋余白）","プロ（演出多め）"
"WEB-05277","不動産・マンションのサービスサイト（ラグジュアリー・高級感・全画面ループ動画）","プロ（演出多め）"
"WEB-05278","歯科医院の採用サイト（ミニマル・洗練・全画面ループ動画）","上級"
"WEB-05279","保育園・幼児教育・習い事の採用サイト（ナチュラル・オーガニック・縦書きコピー＋余白）","プロ（演出多め）"
"WEB-05280","プログラミングスクールのブランドサイト（レトロ・Y2K・巨大コピー＋小さな写真）","プロ（演出多め）"
"WEB-05281","プログラミングスクールのブランドサイト（ネオン・サイバー・3Dオブジェクト/ジェネラティブ背景）","プロ（演出多め）"
"WEB-05282","歯科医院のクリニック・医院サイト（ミニマル・洗練・スクロール連動のストーリー）","プロ（演出多め）"
"WEB-05283","スマホアプリのブランドサイト（クール・テック・スクロール連動のストーリー）","プロ（演出多め）"
"WEB-05284","SaaS・BtoBツールのブランドサイト（ジオメトリック・グラフィカル・全画面ループ動画）","プロ（演出多め）"
"WEB-05285","工務店・注文住宅・リフォームのブランドサイト（北欧・ライフスタイル・巨大コピー＋小さな写真）","プロ（演出多め）"
"WEB-05286","YouTuber・インフルエンサーのサービスサイト（ミニマル・洗練・3Dオブジェクト/ジェネラティブ背景）","上級"
"WEB-05287","ペット・トリミング・動物病院のサービスサイト（ナチュラル・オーガニック・散らばった写真コラージュ）","上級"
"WEB-05288","引越し・生活サービスのコーポレートサイト（ポップ・カラフル・フェード/ズームのスライドショー）","上級"
"WEB-05289","美容室・ヘアサロンのポートフォリオ（個人/事務所）（和モダン・スクロール連動のストーリー）","プロ（演出多め）"
"WEB-05290","不動産・マンションのサービスサイト（ネオン・サイバー・3Dオブジェクト/ジェネラティブ背景）","プロ（演出多め）"
"WEB-05291","保育園・幼児教育・習い事のスクール・教室サイト（かわいい・ガーリー・ローディング演出→ロゴ→メインビジュアル）","プロ（演出多め）"
"WEB-05292","和菓子・スイーツのサービスサイト（ナチュラル・オーガニック・スクロール連動のストーリー）","上級"
"WEB-05293","エステ・脱毛サロンのコーポレートサイト（ポップ・カラフル・全画面ループ動画）","プロ（演出多め）"
"WEB-05294","コンサル・コーチングの採用サイト（3D・クレイ・縦書きコピー＋余白）","上級"
"WEB-05295","歯科医院の採用サイト（ナチュラル・オーガニック・ローディング演出→ロゴ→メインビジュアル）","プロ（演出多め）"
"WEB-05296","内科・クリニックの採用サイト（信頼・誠実（コーポレート）・3Dオブジェクト/ジェネラティブ背景）","プロ（演出多め）"
"WEB-05297","サウナ・温浴施設のホテル・旅館サイト（ナチュラル・オーガニック・ローディング演出→ロゴ→メインビジュアル）","プロ（演出多め）"
"WEB-05298","エステ・脱毛サロンのブランドサイト（3D・クレイ・ローディング演出→ロゴ→メインビジュアル）","上級"
"WEB-05299","スマホアプリのサービスサイト（3D・クレイ・3Dオブジェクト/ジェネラティブ背景）","上級"
"WEB-05300","和菓子・スイーツのブランドサイト（かわいい・ガーリー・フェード/ズームのスライドショー）","プロ（演出多め）"
"WEB-05301","YouTuber・インフルエンサーのブランドサイト（かわいい・ガーリー・3Dオブジェクト/ジェネラティブ背景）","上級"
"WEB-05302","ペット・トリミング・動物病院の店舗サイト（飲食・美容・サロン）（3D・クレイ・ローディング演出→ロゴ→メインビジュアル）","プロ（演出多め）"
"WEB-05303","観光・地域プロモーションのイベント・フェスサイト（ダーク・シネマティック・縦書きコピー＋余白）","プロ（演出多め）"
"WEB-05304","観光・地域プロモーションのオウンドメディア・ブログ（ナチュラル・オーガニック・散らばった写真コラージュ）","上級"
"WEB-05305","保育園・幼児教育・習い事のコーポレートサイト（ポップ・カラフル・ローディング演出→ロゴ→メインビジュアル）","プロ（演出多め）"
"WEB-05306","ウェディング・結婚相談所の採用サイト（ミニマル・洗練・3Dオブジェクト/ジェネラティブ背景）","プロ（演出多め）"
"WEB-05307","内科・クリニックのブランドサイト（信頼・誠実（コーポレート）・画面2分割（写真｜コピー））","プロ（演出多め）"
"WEB-05308","SaaS・BtoBツールの採用サイト（信頼・誠実（コーポレート）・フェード/ズームのスライドショー）","プロ（演出多め）"
"WEB-05309","引越し・生活サービスの採用サイト（信頼・誠実（コーポレート）・ローディング演出→ロゴ→メインビジュアル）","プロ（演出多め）"
"WEB-05310","ウェディング・結婚相談所のポートフォリオ（個人/事務所）（ミニマル・洗練・画面2分割（写真｜コピー））","プロ（演出多め）"
"WEB-05311","食品・産直ECのECサイト（ハンドメイド・手書き・散らばった写真コラージュ）","プロ（演出多め）"
"WEB-05312","AIサービス・スタートアップのサービスサイト（クール・テック・スクロール連動のストーリー）","プロ（演出多め）"
"WEB-05313","NPO・地方自治体の採用サイト（クール・テック・画面2分割（写真｜コピー））","プロ（演出多め）"
"WEB-05314","自動車・バイクのブランドサイト（ラグジュアリー・高級感・縦書きコピー＋余白）","プロ（演出多め）"
"WEB-05315","カフェ・ベーカリーのオウンドメディア・ブログ（北欧・ライフスタイル・スクロール連動のストーリー）","プロ（演出多め）"
"WEB-05316","クラウドファンディング・新商品のサービスサイト（ダーク・シネマティック・ローディング演出→ロゴ→メインビジュアル）","プロ（演出多め）"
"WEB-05317","レストラン・居酒屋の店舗サイト（飲食・美容・サロン）（ダーク・シネマティック・3Dオブジェクト/ジェネラティブ背景）","プロ（演出多め）"
"WEB-05318","引越し・生活サービスの採用サイト（3D・クレイ・巨大コピー＋小さな写真）","プロ（演出多め）"
"WEB-05319","不動産・マンションのオウンドメディア・ブログ（ダーク・シネマティック・3Dオブジェクト/ジェネラティブ背景）","上級"
"WEB-05320","保育園・幼児教育・習い事の採用サイト（ジオメトリック・グラフィカル・散らばった写真コラージュ）","プロ（演出多め）"
"WEB-05321","保育園・幼児教育・習い事のコーポレートサイト（ポップ・カラフル・スクロール連動のストーリー）","プロ（演出多め）"
"WEB-05322","英会話・語学のブランドサイト（ジオメトリック・グラフィカル・3Dオブジェクト/ジェネラティブ背景）","上級"
"WEB-05323","占い・スピリチュアルの採用サイト（和モダン・3Dオブジェクト/ジェネラティブ背景）","プロ（演出多め）"
"WEB-05324","美容クリニックのオウンドメディア・ブログ（ハンドメイド・手書き・巨大コピー＋小さな写真）","プロ（演出多め）"
"WEB-05325","スクール・オンライン講座のコーポレートサイト（かわいい・ガーリー・巨大コピー＋小さな写真）","プロ（演出多め）"
"WEB-05326","自動車・バイクのコーポレートサイト（エネルギッシュ・スポーティ・3Dオブジェクト/ジェネラティブ背景）","上級"
"WEB-05327","工務店・注文住宅・リフォームのサービスサイト（北欧・ライフスタイル・フェード/ズームのスライドショー）","プロ（演出多め）"
"WEB-05328","エステ・脱毛サロンのオウンドメディア・ブログ（かわいい・ガーリー・フェード/ズームのスライドショー）","プロ（演出多め）"
"WEB-05329","YouTuber・インフルエンサーのサービスサイト（ニューブルータリズム・縦書きコピー＋余白）","プロ（演出多め）"
"WEB-05330","観光・地域プロモーションの自治体・観光協会サイト（3D・クレイ・スクロール連動のストーリー）","上級"
"WEB-05331","アパレル・ファッションECのECサイト（レトロ・Y2K・縦書きコピー＋余白）","プロ（演出多め）"
"WEB-05332","不動産・マンションの採用サイト（信頼・誠実（コーポレート）・フェード/ズームのスライドショー）","上級"
"WEB-05333","コンサル・コーチングの採用サイト（ラグジュアリー・高級感・フェード/ズームのスライドショー）","プロ（演出多め）"
"WEB-05334","スクール・オンライン講座のブランドサイト（ポップ・カラフル・3Dオブジェクト/ジェネラティブ背景）","プロ（演出多め）"
"WEB-05335","アパレル・ファッションECのブランドサイト（エディトリアル・雑誌風・フェード/ズームのスライドショー）","プロ（演出多め）"
"WEB-05336","工務店・注文住宅・リフォームのオウンドメディア・ブログ（北欧・ライフスタイル・巨大コピー＋小さな写真）","プロ（演出多め）"
"WEB-05337","コスメ・スキンケアのコーポレートサイト（ミニマル・洗練・フェード/ズームのスライドショー）","プロ（演出多め）"
"WEB-05338","美容室・ヘアサロンのサービスサイト（エディトリアル・雑誌風・スクロール連動のストーリー）","プロ（演出多め）"
"WEB-05339","士業（税理士・弁護士・行政書士）の採用サイト（ミニマル・洗練・散らばった写真コラージュ）","プロ（演出多め）"
"WEB-05340","和菓子・スイーツのECサイト（かわいい・ガーリー・縦書きコピー＋余白）","プロ（演出多め）"
"WEB-05341","カフェ・ベーカリーの採用サイト（ハンドメイド・手書き・巨大コピー＋小さな写真）","上級"
"WEB-05342","SaaS・BtoBツールの採用サイト（ラグジュアリー・高級感・散らばった写真コラージュ）","上級"
"WEB-05343","スクール・オンライン講座のブランドサイト（ポップ・カラフル・3Dオブジェクト/ジェネラティブ背景）","上級"
"WEB-05344","音楽・ライブ・イベントの採用サイト（グラスモーフィズム・縦書きコピー＋余白）","プロ（演出多め）"
"WEB-05345","美容クリニックのブランドサイト（ミニマル・洗練・全画面ループ動画）","プロ（演出多め）"
"WEB-05346","パーソナルジム・フィットネスのオウンドメディア・ブログ（クール・テック・全画面ループ動画）","上級"
"WEB-05347","コスメ・スキンケアのサービスサイト（ジオメトリック・グラフィカル・散らばった写真コラージュ）","上級"
"WEB-05348","ゲーム・eスポーツのブランドサイト（ダーク・シネマティック・スクロール連動のストーリー）","プロ（演出多め）"
"WEB-05349","農業・地方の生産者のコーポレートサイト（ナチュラル・オーガニック・散らばった写真コラージュ）","プロ（演出多め）"
"WEB-05350","美容室・ヘアサロンの採用サイト（ラグジュアリー・高級感・フェード/ズームのスライドショー）","プロ（演出多め）"
"WEB-05351","プログラミングスクールの採用サイト（3D・クレイ・縦書きコピー＋余白）","プロ（演出多め）"
"WEB-05352","士業（税理士・弁護士・行政書士）のブランドサイト（和モダン・巨大コピー＋小さな写真）","上級"
"WEB-05353","不動産・マンションのブランドサイト（ジオメトリック・グラフィカル・3Dオブジェクト/ジェネラティブ背景）","上級"
"WEB-05354","ホテル・旅館のサービスサイト（ラグジュアリー・高級感・ローディング演出→ロゴ→メインビジュアル）","上級"
"WEB-05355","Web制作・デザイン事務所のポートフォリオ（個人/事務所）（クール・テック・ローディング演出→ロゴ→メインビジュアル）","プロ（演出多め）"
"WEB-05356","金融・保険・投資の採用サイト（ミニマル・洗練・画面2分割（写真｜コピー））","プロ（演出多め）"
"WEB-05357","レストラン・居酒屋のブランドサイト（ダーク・シネマティック・散らばった写真コラージュ）","上級"
"WEB-05358","クラウドファンディング・新商品のコーポレートサイト（ポップ・カラフル・画面2分割（写真｜コピー））","上級"
"WEB-05359","アパレル・ファッションECのオウンドメディア・ブログ（エディトリアル・雑誌風・フェード/ズームのスライドショー）","プロ（演出多め）"
"WEB-05360","エステ・脱毛サロンのブランドサイト（レトロ・Y2K・ローディング演出→ロゴ→メインビジュアル）","プロ（演出多め）"
"WEB-05361","工務店・注文住宅・リフォームのサービスサイト（北欧・ライフスタイル・全画面ループ動画）","プロ（演出多め）"
"WEB-05362","観光・地域プロモーションの自治体・観光協会サイト（和モダン・スクロール連動のストーリー）","上級"
"WEB-05363","ホテル・旅館のホテル・旅館サイト（ネオン・サイバー・フェード/ズームのスライドショー）","プロ（演出多め）"
"WEB-05364","士業（税理士・弁護士・行政書士）の採用サイト（ハンドメイド・手書き・全画面ループ動画）","上級"
"WEB-05365","NPO・地方自治体の採用サイト（ナチュラル・オーガニック・ローディング演出→ロゴ→メインビジュアル）","プロ（演出多め）"
"WEB-05366","士業（税理士・弁護士・行政書士）の採用サイト（和モダン・全画面ループ動画）","プロ（演出多め）"
"WEB-05367","英会話・語学のサービスサイト（ジオメトリック・グラフィカル・フェード/ズームのスライドショー）","プロ（演出多め）"
"WEB-05368","ウェディング・結婚相談所のポートフォリオ（個人/事務所）（パステル・ドリーミー・散らばった写真コラージュ）","上級"
"WEB-05369","SaaS・BtoBツールのサービスサイト（3D・クレイ・ローディング演出→ロゴ→メインビジュアル）","プロ（演出多め）"
"WEB-05370","レストラン・居酒屋のコーポレートサイト（和モダン・3Dオブジェクト/ジェネラティブ背景）","プロ（演出多め）"
"WEB-05371","音楽・ライブ・イベントの採用サイト（ニューブルータリズム・画面2分割（写真｜コピー））","プロ（演出多め）"
"WEB-05372","コスメ・スキンケアのサービスサイト（ミニマル・洗練・縦書きコピー＋余白）","プロ（演出多め）"
"WEB-05373","ホテル・旅館の採用サイト（ミニマル・洗練・全画面ループ動画）","プロ（演出多め）"
"WEB-05374","美容室・ヘアサロンのサービスサイト（ネオン・サイバー・画面2分割（写真｜コピー））","上級"
"WEB-05375","不動産・マンションの採用サイト（ナチュラル・オーガニック・フェード/ズームのスライドショー）","上級"
"WEB-05376","音楽・ライブ・イベントのサービスサイト（ネオン・サイバー・縦書きコピー＋余白）","プロ（演出多め）"
"WEB-05377","金融・保険・投資のサービスサイト（ハンドメイド・手書き・ローディング演出→ロゴ→メインビジュアル）","プロ（演出多め）"
"WEB-05378","クラウドファンディング・新商品のECサイト（ナチュラル・オーガニック・フェード/ズームのスライドショー）","上級"
"WEB-05379","歯科医院のコーポレートサイト（ミニマル・洗練・スクロール連動のストーリー）","上級"
"WEB-05380","美容室・ヘアサロンのサービスサイト（ミニマル・洗練・巨大コピー＋小さな写真）","プロ（演出多め）"
"WEB-05381","AIサービス・スタートアップのオウンドメディア・ブログ（ネオン・サイバー・全画面ループ動画）","上級"
"WEB-05382","パーソナルジム・フィットネスのブランドサイト（ダーク・シネマティック・全画面ループ動画）","プロ（演出多め）"
"WEB-05383","英会話・語学のブランドサイト（ジオメトリック・グラフィカル・3Dオブジェクト/ジェネラティブ背景）","上級"
"WEB-05384","スマホアプリのコーポレートサイト（クール・テック・3Dオブジェクト/ジェネラティブ背景）","上級"
"WEB-05385","パーソナルジム・フィットネスのコーポレートサイト（ダーク・シネマティック・フェード/ズームのスライドショー）","プロ（演出多め）"
"WEB-05386","内科・クリニックのクリニック・医院サイト（信頼・誠実（コーポレート）・スクロール連動のストーリー）","プロ（演出多め）"
"WEB-05387","工務店・注文住宅・リフォームのコーポレートサイト（ナチュラル・オーガニック・3Dオブジェクト/ジェネラティブ背景）","プロ（演出多め）"
"WEB-05388","NPO・地方自治体のサービスサイト（ジオメトリック・グラフィカル・散らばった写真コラージュ）","上級"
"WEB-05389","観光・地域プロモーションのブランドサイト（ハンドメイド・手書き・散らばった写真コラージュ）","プロ（演出多め）"
"WEB-05390","内科・クリニックのサービスサイト（エネルギッシュ・スポーティ・全画面ループ動画）","上級"
"WEB-05391","エステ・脱毛サロンの採用サイト（パステル・ドリーミー・縦書きコピー＋余白）","上級"
"WEB-05392","美容クリニックの採用サイト（信頼・誠実（コーポレート）・縦書きコピー＋余白）","上級"
"WEB-05393","金融・保険・投資の採用サイト（クール・テック・ローディング演出→ロゴ→メインビジュアル）","上級"
"WEB-05394","食品・産直ECのECサイト（ポップ・カラフル・全画面ループ動画）","プロ（演出多め）"
"WEB-05395","占い・スピリチュアルのブランドサイト（ハンドメイド・手書き・散らばった写真コラージュ）","プロ（演出多め）"
"WEB-05396","金融・保険・投資のオウンドメディア・ブログ（信頼・誠実（コーポレート）・フェード/ズームのスライドショー）","上級"
"WEB-05397","エステ・脱毛サロンのオウンドメディア・ブログ（パステル・ドリーミー・スクロール連動のストーリー）","プロ（演出多め）"
"WEB-05398","コスメ・スキンケアのコーポレートサイト（パステル・ドリーミー・散らばった写真コラージュ）","プロ（演出多め）"
"WEB-05399","美容室・ヘアサロンのサービスサイト（パステル・ドリーミー・スクロール連動のストーリー）","プロ（演出多め）"
"WEB-05400","観光・地域プロモーションのホテル・旅館サイト（ハンドメイド・手書き・3Dオブジェクト/ジェネラティブ背景）","プロ（演出多め）"
"WEB-05401","採用・求人のブランドサイト（エネルギッシュ・スポーティ・フェード/ズームのスライドショー）","プロ（演出多め）"
"WEB-05402","金融・保険・投資のサービスサイト（ミニマル・洗練・縦書きコピー＋余白）","プロ（演出多め）"
"WEB-05403","アパレル・ファッションECのECサイト（ミニマル・洗練・散らばった写真コラージュ）","プロ（演出多め）"
"WEB-05404","不動産・マンションの採用サイト（ダーク・シネマティック・画面2分割（写真｜コピー））","上級"
"WEB-05405","自動車・バイクのブランドサイト（ダーク・シネマティック・巨大コピー＋小さな写真）","上級"
"WEB-05406","ホテル・旅館のオウンドメディア・ブログ（ダーク・シネマティック・画面2分割（写真｜コピー））","上級"
"WEB-05407","内科・クリニックのクリニック・医院サイト（ナチュラル・オーガニック・フェード/ズームのスライドショー）","プロ（演出多め）"
"WEB-05408","保育園・幼児教育・習い事の採用サイト（ハンドメイド・手書き・3Dオブジェクト/ジェネラティブ背景）","プロ（演出多め）"
"WEB-05409","採用・求人のサービスサイト（ネオン・サイバー・3Dオブジェクト/ジェネラティブ背景）","上級"
"WEB-05410","プログラミングスクールのオウンドメディア・ブログ（ネオン・サイバー・3Dオブジェクト/ジェネラティブ背景）","プロ（演出多め）"
"WEB-05411","カフェ・ベーカリーの店舗サイト（飲食・美容・サロン）（ラグジュアリー・高級感・散らばった写真コラージュ）","プロ（演出多め）"
"WEB-05412","英会話・語学のオウンドメディア・ブログ（ジオメトリック・グラフィカル・散らばった写真コラージュ）","プロ（演出多め）"
"WEB-05413","スクール・オンライン講座のサービスサイト（ネオン・サイバー・縦書きコピー＋余白）","プロ（演出多め）"
"WEB-05414","観光・地域プロモーションの採用サイト（和モダン・散らばった写真コラージュ）","上級"
"WEB-05415","採用・求人のコーポレートサイト（ジオメトリック・グラフィカル・縦書きコピー＋余白）","プロ（演出多め）"
"WEB-05416","AIサービス・スタートアップのブランドサイト（ミニマル・洗練・3Dオブジェクト/ジェネラティブ背景）","プロ（演出多め）"
"WEB-05417","農業・地方の生産者のECサイト（ナチュラル・オーガニック・フェード/ズームのスライドショー）","上級"
"WEB-05418","ホテル・旅館のコーポレートサイト（ダーク・シネマティック・スクロール連動のストーリー）","上級"
"WEB-05419","金融・保険・投資のコーポレートサイト（クール・テック・スクロール連動のストーリー）","プロ（演出多め）"
"WEB-05420","エステ・脱毛サロンのブランドサイト（パステル・ドリーミー・散らばった写真コラージュ）","上級"
"WEB-05421","コスメ・スキンケアのコーポレートサイト（パステル・ドリーミー・縦書きコピー＋余白）","プロ（演出多め）"
"WEB-05422","工務店・注文住宅・リフォームのコーポレートサイト（エネルギッシュ・スポーティ・縦書きコピー＋余白）","上級"
"WEB-05423","英会話・語学のサービスサイト（信頼・誠実（コーポレート）・縦書きコピー＋余白）","プロ（演出多め）"
"WEB-05424","ゲーム・eスポーツのオウンドメディア・ブログ（レトロ・Y2K・フェード/ズームのスライドショー）","プロ（演出多め）"
"WEB-05425","和菓子・スイーツのブランドサイト（かわいい・ガーリー・縦書きコピー＋余白）","上級"
"WEB-05426","不動産・マンションのブランドサイト（信頼・誠実（コーポレート）・フェード/ズームのスライドショー）","上級"
"WEB-05427","観光・地域プロモーションのサービスサイト（ハンドメイド・手書き・3Dオブジェクト/ジェネラティブ背景）","プロ（演出多め）"
"WEB-05428","Web制作・デザイン事務所のサービスサイト（クール・テック・散らばった写真コラージュ）","プロ（演出多め）"
"WEB-05429","美容室・ヘアサロンのオウンドメディア・ブログ（エディトリアル・雑誌風・ローディング演出→ロゴ→メインビジュアル）","上級"
"WEB-05430","ウェディング・結婚相談所の採用サイト（和モダン・スクロール連動のストーリー）","上級"
"WEB-05431","和菓子・スイーツの採用サイト（和モダン・3Dオブジェクト/ジェネラティブ背景）","上級"
"WEB-05432","NPO・地方自治体のイベント・フェスサイト（ジオメトリック・グラフィカル・巨大コピー＋小さな写真）","プロ（演出多め）"
"WEB-05433","美容室・ヘアサロンのコーポレートサイト（北欧・ライフスタイル・散らばった写真コラージュ）","上級"
"WEB-05434","ゲーム・eスポーツの採用サイト（クール・テック・巨大コピー＋小さな写真）","プロ（演出多め）"
"WEB-05435","建築設計事務所のサービスサイト（ジオメトリック・グラフィカル・3Dオブジェクト/ジェネラティブ背景）","プロ（演出多め）"
"WEB-05436","農業・地方の生産者の採用サイト（レトロ・Y2K・全画面ループ動画）","プロ（演出多め）"
"WEB-05437","スマホアプリのコーポレートサイト（グラスモーフィズム・縦書きコピー＋余白）","プロ（演出多め）"
"WEB-05438","美容室・ヘアサロンのオウンドメディア・ブログ（エディトリアル・雑誌風・巨大コピー＋小さな写真）","プロ（演出多め）"
"WEB-05439","プログラミングスクールのオウンドメディア・ブログ（3D・クレイ・縦書きコピー＋余白）","上級"
"WEB-05440","Web制作・デザイン事務所のポートフォリオ（個人/事務所）（ジオメトリック・グラフィカル・散らばった写真コラージュ）","プロ（演出多め）"
"WEB-05441","内科・クリニックのオウンドメディア・ブログ（ナチュラル・オーガニック・巨大コピー＋小さな写真）","プロ（演出多め）"
"WEB-05442","エステ・脱毛サロンのブランドサイト（ジオメトリック・グラフィカル・縦書きコピー＋余白）","プロ（演出多め）"
"WEB-05443","観光・地域プロモーションのブランドサイト（ダーク・シネマティック・巨大コピー＋小さな写真）","上級"
"WEB-05444","NPO・地方自治体のブランドサイト（ハンドメイド・手書き・全画面ループ動画）","プロ（演出多め）"
"WEB-05445","採用・求人のサービスサイト（ポップ・カラフル・画面2分割（写真｜コピー））","プロ（演出多め）"
"WEB-05446","レストラン・居酒屋のサービスサイト（北欧・ライフスタイル・ローディング演出→ロゴ→メインビジュアル）","上級"
"WEB-05447","食品・産直ECのサービスサイト（ハンドメイド・手書き・縦書きコピー＋余白）","プロ（演出多め）"
"WEB-05448","美容クリニックのコーポレートサイト（ミニマル・洗練・スクロール連動のストーリー）","プロ（演出多め）"
"WEB-05449","金融・保険・投資のブランドサイト（信頼・誠実（コーポレート）・縦書きコピー＋余白）","プロ（演出多め）"
"WEB-05450","スクール・オンライン講座のオウンドメディア・ブログ（ポップ・カラフル・スクロール連動のストーリー）","プロ（演出多め）"
"WEB-05451","ウェディング・結婚相談所のサービスサイト（かわいい・ガーリー・散らばった写真コラージュ）","上級"
"WEB-05452","建築設計事務所のオウンドメディア・ブログ（ミニマル・洗練・縦書きコピー＋余白）","プロ（演出多め）"
"WEB-05453","引越し・生活サービスのコーポレートサイト（ポップ・カラフル・3Dオブジェクト/ジェネラティブ背景）","プロ（演出多め）"
"WEB-05454","金融・保険・投資のコーポレートサイト（かわいい・ガーリー・画面2分割（写真｜コピー））","上級"
"WEB-05455","自動車・バイクのオウンドメディア・ブログ（クール・テック・画面2分割（写真｜コピー））","上級"
"WEB-05456","ウェディング・結婚相談所のブランドサイト（ラグジュアリー・高級感・全画面ループ動画）","上級"
"WEB-05457","採用・求人の採用サイト（エネルギッシュ・スポーティ・全画面ループ動画）","プロ（演出多め）"
"WEB-05458","Web制作・デザイン事務所のコーポレートサイト（レトロ・Y2K・散らばった写真コラージュ）","プロ（演出多め）"
"WEB-05459","採用・求人のブランドサイト（ポップ・カラフル・散らばった写真コラージュ）","プロ（演出多め）"
"WEB-05460","Web制作・デザイン事務所のポートフォリオ（個人/事務所）（ニューブルータリズム・フェード/ズームのスライドショー）","プロ（演出多め）"
"WEB-05461","保育園・幼児教育・習い事のオウンドメディア・ブログ（ポップ・カラフル・散らばった写真コラージュ）","上級"
"WEB-05462","士業（税理士・弁護士・行政書士）の採用サイト（和モダン・散らばった写真コラージュ）","プロ（演出多め）"
"WEB-05463","引越し・生活サービスのサービスサイト（信頼・誠実（コーポレート）・全画面ループ動画）","プロ（演出多め）"
"WEB-05464","SaaS・BtoBツールの採用サイト（ナチュラル・オーガニック・スクロール連動のストーリー）","上級"
"WEB-05465","英会話・語学のコーポレートサイト（3D・クレイ・スクロール連動のストーリー）","プロ（演出多め）"
"WEB-05466","ヨガ・ピラティスのオウンドメディア・ブログ（ジオメトリック・グラフィカル・フェード/ズームのスライドショー）","プロ（演出多め）"
"WEB-05467","Web制作・デザイン事務所のオウンドメディア・ブログ（ダーク・シネマティック・縦書きコピー＋余白）","プロ（演出多め）"
"WEB-05468","スマホアプリのブランドサイト（3D・クレイ・スクロール連動のストーリー）","プロ（演出多め）"
"WEB-05469","パーソナルジム・フィットネスのコーポレートサイト（クール・テック・散らばった写真コラージュ）","プロ（演出多め）"
"WEB-05470","歯科医院の採用サイト（信頼・誠実（コーポレート）・縦書きコピー＋余白）","プロ（演出多め）"
"WEB-05471","採用・求人のサービスサイト（エディトリアル・雑誌風・フェード/ズームのスライドショー）","上級"
"WEB-05472","ゲーム・eスポーツのオウンドメディア・ブログ（ポップ・カラフル・ローディング演出→ロゴ→メインビジュアル）","プロ（演出多め）"
"WEB-05473","農業・地方の生産者のブランドサイト（ポップ・カラフル・縦書きコピー＋余白）","上級"
"WEB-05474","サウナ・温浴施設の採用サイト（和モダン・画面2分割（写真｜コピー））","プロ（演出多め）"
"WEB-05475","YouTuber・インフルエンサーのブランドサイト（ネオン・サイバー・画面2分割（写真｜コピー））","上級"
"WEB-05476","カフェ・ベーカリーの店舗サイト（飲食・美容・サロン）（レトロ・Y2K・スクロール連動のストーリー）","プロ（演出多め）"
"WEB-05477","建築設計事務所のブランドサイト（エディトリアル・雑誌風・散らばった写真コラージュ）","プロ（演出多め）"
"WEB-05478","歯科医院のクリニック・医院サイト（ミニマル・洗練・散らばった写真コラージュ）","プロ（演出多め）"
"WEB-05479","NPO・地方自治体のブランドサイト（ネオン・サイバー・散らばった写真コラージュ）","上級"
"WEB-05480","プログラミングスクールのスクール・教室サイト（ミニマル・洗練・スクロール連動のストーリー）","プロ（演出多め）"
"WEB-05481","内科・クリニックのブランドサイト（北欧・ライフスタイル・縦書きコピー＋余白）","プロ（演出多め）"
"WEB-05482","和菓子・スイーツの採用サイト（ナチュラル・オーガニック・巨大コピー＋小さな写真）","上級"
"WEB-05483","金融・保険・投資の採用サイト（クール・テック・スクロール連動のストーリー）","上級"
"WEB-05484","エステ・脱毛サロンのオウンドメディア・ブログ（ミニマル・洗練・フェード/ズームのスライドショー）","上級"
"WEB-05485","占い・スピリチュアルの採用サイト（和モダン・3Dオブジェクト/ジェネラティブ背景）","プロ（演出多め）"
"WEB-05486","スマホアプリのオウンドメディア・ブログ（ミニマル・洗練・縦書きコピー＋余白）","上級"
"WEB-05487","観光・地域プロモーションのホテル・旅館サイト（ダーク・シネマティック・画面2分割（写真｜コピー））","プロ（演出多め）"
"WEB-05488","AIサービス・スタートアップのコーポレートサイト（ミニマル・洗練・ローディング演出→ロゴ→メインビジュアル）","上級"
"WEB-05489","建築設計事務所のオウンドメディア・ブログ（エディトリアル・雑誌風・フェード/ズームのスライドショー）","プロ（演出多め）"
"WEB-05490","美容室・ヘアサロンの店舗サイト（飲食・美容・サロン）（パステル・ドリーミー・巨大コピー＋小さな写真）","プロ（演出多め）"
"WEB-05491","採用・求人のサービスサイト（エディトリアル・雑誌風・全画面ループ動画）","プロ（演出多め）"
"WEB-05492","NPO・地方自治体のコーポレートサイト（ジオメトリック・グラフィカル・スクロール連動のストーリー）","プロ（演出多め）"
"WEB-05493","占い・スピリチュアルのコーポレートサイト（ダーク・シネマティック・巨大コピー＋小さな写真）","プロ（演出多め）"
"WEB-05494","ヨガ・ピラティスのスクール・教室サイト（パステル・ドリーミー・縦書きコピー＋余白）","プロ（演出多め）"
"WEB-05495","保育園・幼児教育・習い事のブランドサイト（ナチュラル・オーガニック・ローディング演出→ロゴ→メインビジュアル）","上級"
"WEB-05496","不動産・マンションのコーポレートサイト（ダーク・シネマティック・縦書きコピー＋余白）","プロ（演出多め）"
"WEB-05497","美容クリニックのクリニック・医院サイト（ラグジュアリー・高級感・ローディング演出→ロゴ→メインビジュアル）","上級"
"WEB-05498","コンサル・コーチングのサービスサイト（エネルギッシュ・スポーティ・散らばった写真コラージュ）","上級"
"WEB-05499","食品・産直ECのサービスサイト（和モダン・ローディング演出→ロゴ→メインビジュアル）","プロ（演出多め）"
"WEB-05500","食品・産直ECの採用サイト（ハンドメイド・手書き・散らばった写真コラージュ）","上級"
"WEB-05501","不動産・マンションのコーポレートサイト（ダーク・シネマティック・散らばった写真コラージュ）","プロ（演出多め）"
"WEB-05502","プログラミングスクールのブランドサイト（ポップ・カラフル・画面2分割（写真｜コピー））","プロ（演出多め）"
"WEB-05503","SaaS・BtoBツールのサービスサイト（グラスモーフィズム・全画面ループ動画）","上級"
"WEB-05504","ウェディング・結婚相談所のサービスサイト（パステル・ドリーミー・縦書きコピー＋余白）","プロ（演出多め）"
"WEB-05505","SaaS・BtoBツールのコーポレートサイト（3D・クレイ・巨大コピー＋小さな写真）","プロ（演出多め）"
"WEB-05506","SaaS・BtoBツールのコーポレートサイト（グラスモーフィズム・3Dオブジェクト/ジェネラティブ背景）","プロ（演出多め）"
"WEB-05507","美容室・ヘアサロンのコーポレートサイト（ラグジュアリー・高級感・3Dオブジェクト/ジェネラティブ背景）","プロ（演出多め）"
"WEB-05508","農業・地方の生産者のECサイト（ナチュラル・オーガニック・縦書きコピー＋余白）","プロ（演出多め）"
"WEB-05509","パーソナルジム・フィットネスのコーポレートサイト（エネルギッシュ・スポーティ・画面2分割（写真｜コピー））","プロ（演出多め）"
"WEB-05510","コスメ・スキンケアのコーポレートサイト（ダーク・シネマティック・3Dオブジェクト/ジェネラティブ背景）","プロ（演出多め）"
"WEB-05511","不動産・マンションのサービスサイト（かわいい・ガーリー・フェード/ズームのスライドショー）","上級"
"WEB-05512","保育園・幼児教育・習い事のスクール・教室サイト（ナチュラル・オーガニック・スクロール連動のストーリー）","上級"
"WEB-05513","金融・保険・投資のコーポレートサイト（信頼・誠実（コーポレート）・全画面ループ動画）","プロ（演出多め）"
"WEB-05514","食品・産直ECのブランドサイト（和モダン・縦書きコピー＋余白）","プロ（演出多め）"
"WEB-05515","音楽・ライブ・イベントの採用サイト（ネオン・サイバー・スクロール連動のストーリー）","上級"
"WEB-05516","工務店・注文住宅・リフォームのブランドサイト（ナチュラル・オーガニック・全画面ループ動画）","プロ（演出多め）"
"WEB-05517","保育園・幼児教育・習い事のサービスサイト（かわいい・ガーリー・スクロール連動のストーリー）","上級"
"WEB-05518","スクール・オンライン講座のコーポレートサイト（3D・クレイ・スクロール連動のストーリー）","プロ（演出多め）"
"WEB-05519","エステ・脱毛サロンの採用サイト（ラグジュアリー・高級感・ローディング演出→ロゴ→メインビジュアル）","上級"
"WEB-05520","ペット・トリミング・動物病院のクリニック・医院サイト（3D・クレイ・画面2分割（写真｜コピー））","プロ（演出多め）"
"WEB-05521","歯科医院のコーポレートサイト（ミニマル・洗練・散らばった写真コラージュ）","上級"
"WEB-05522","Web制作・デザイン事務所のサービスサイト（エディトリアル・雑誌風・フェード/ズームのスライドショー）","プロ（演出多め）"
"WEB-05523","金融・保険・投資のサービスサイト（ミニマル・洗練・フェード/ズームのスライドショー）","上級"
"WEB-05524","自動車・バイクのブランドサイト（ナチュラル・オーガニック・フェード/ズームのスライドショー）","プロ（演出多め）"
"WEB-05525","NPO・地方自治体の採用サイト（ジオメトリック・グラフィカル・画面2分割（写真｜コピー））","上級"
"WEB-05526","和菓子・スイーツのECサイト（ナチュラル・オーガニック・全画面ループ動画）","プロ（演出多め）"
"WEB-05527","ヨガ・ピラティスのオウンドメディア・ブログ（北欧・ライフスタイル・縦書きコピー＋余白）","プロ（演出多め）"
"WEB-05528","農業・地方の生産者の採用サイト（ナチュラル・オーガニック・3Dオブジェクト/ジェネラティブ背景）","プロ（演出多め）"
"WEB-05529","スマホアプリのサービスサイト（グラスモーフィズム・巨大コピー＋小さな写真）","上級"
"WEB-05530","コンサル・コーチングの採用サイト（エディトリアル・雑誌風・散らばった写真コラージュ）","プロ（演出多め）"
"WEB-05531","NPO・地方自治体の自治体・観光協会サイト（ラグジュアリー・高級感・フェード/ズームのスライドショー）","プロ（演出多め）"
"WEB-05532","建築設計事務所のオウンドメディア・ブログ（ダーク・シネマティック・画面2分割（写真｜コピー））","プロ（演出多め）"
"WEB-05533","プログラミングスクールのコーポレートサイト（パステル・ドリーミー・散らばった写真コラージュ）","プロ（演出多め）"
"WEB-05534","占い・スピリチュアルのオウンドメディア・ブログ（ラグジュアリー・高級感・ローディング演出→ロゴ→メインビジュアル）","上級"
"WEB-05535","金融・保険・投資のコーポレートサイト（クール・テック・スクロール連動のストーリー）","プロ（演出多め）"
"WEB-05536","レストラン・居酒屋の店舗サイト（飲食・美容・サロン）（ダーク・シネマティック・画面2分割（写真｜コピー））","プロ（演出多め）"
"WEB-05537","プログラミングスクールのスクール・教室サイト（クール・テック・全画面ループ動画）","プロ（演出多め）"
"WEB-05538","金融・保険・投資のコーポレートサイト（クール・テック・スクロール連動のストーリー）","プロ（演出多め）"
"WEB-05539","観光・地域プロモーションのイベント・フェスサイト（エディトリアル・雑誌風・全画面ループ動画）","プロ（演出多め）"
"WEB-05540","ウェディング・結婚相談所のサービスサイト（ミニマル・洗練・全画面ループ動画）","プロ（演出多め）"
"WEB-05541","引越し・生活サービスのオウンドメディア・ブログ（3D・クレイ・フェード/ズームのスライドショー）","プロ（演出多め）"
"WEB-05542","パーソナルジム・フィットネスの採用サイト（クール・テック・画面2分割（写真｜コピー））","上級"
"WEB-05543","SaaS・BtoBツールのオウンドメディア・ブログ（3D・クレイ・縦書きコピー＋余白）","上級"
"WEB-05544","美容室・ヘアサロンの採用サイト（グラスモーフィズム・スクロール連動のストーリー）","プロ（演出多め）"
"WEB-05545","士業（税理士・弁護士・行政書士）のサービスサイト（和モダン・全画面ループ動画）","上級"
"WEB-05546","金融・保険・投資のコーポレートサイト（信頼・誠実（コーポレート）・散らばった写真コラージュ）","プロ（演出多め）"
"WEB-05547","ウェディング・結婚相談所のコーポレートサイト（パステル・ドリーミー・ローディング演出→ロゴ→メインビジュアル）","上級"
"WEB-05548","工務店・注文住宅・リフォームの採用サイト（ナチュラル・オーガニック・3Dオブジェクト/ジェネラティブ背景）","プロ（演出多め）"
"WEB-05549","音楽・ライブ・イベントのサービスサイト（信頼・誠実（コーポレート）・縦書きコピー＋余白）","プロ（演出多め）"
"WEB-05550","コスメ・スキンケアのサービスサイト（ミニマル・洗練・巨大コピー＋小さな写真）","プロ（演出多め）"
"WEB-05551","食品・産直ECのサービスサイト（ナチュラル・オーガニック・縦書きコピー＋余白）","プロ（演出多め）"
"WEB-05552","美容室・ヘアサロンの店舗サイト（飲食・美容・サロン）（ラグジュアリー・高級感・フェード/ズームのスライドショー）","プロ（演出多め）"
"WEB-05553","観光・地域プロモーションのブランドサイト（和モダン・スクロール連動のストーリー）","プロ（演出多め）"
"WEB-05554","クラウドファンディング・新商品のコーポレートサイト（クール・テック・画面2分割（写真｜コピー））","プロ（演出多め）"
"WEB-05555","ウェディング・結婚相談所の採用サイト（パステル・ドリーミー・ローディング演出→ロゴ→メインビジュアル）","プロ（演出多め）"
"WEB-05556","コンサル・コーチングのオウンドメディア・ブログ（エディトリアル・雑誌風・巨大コピー＋小さな写真）","プロ（演出多め）"
"WEB-05557","パーソナルジム・フィットネスのオウンドメディア・ブログ（エネルギッシュ・スポーティ・画面2分割（写真｜コピー））","プロ（演出多め）"
"WEB-05558","クラウドファンディング・新商品のブランドサイト（クール・テック・全画面ループ動画）","プロ（演出多め）"
"WEB-05559","工務店・注文住宅・リフォームのブランドサイト（北欧・ライフスタイル・ローディング演出→ロゴ→メインビジュアル）","プロ（演出多め）"
"WEB-05560","美容クリニックの店舗サイト（飲食・美容・サロン）（ラグジュアリー・高級感・散らばった写真コラージュ）","プロ（演出多め）"
"WEB-05561","英会話・語学のスクール・教室サイト（ミニマル・洗練・スクロール連動のストーリー）","プロ（演出多め）"
"WEB-05562","保育園・幼児教育・習い事のサービスサイト（かわいい・ガーリー・3Dオブジェクト/ジェネラティブ背景）","プロ（演出多め）"
"WEB-05563","スマホアプリのブランドサイト（ポップ・カラフル・画面2分割（写真｜コピー））","プロ（演出多め）"
"WEB-05564","金融・保険・投資のコーポレートサイト（クール・テック・フェード/ズームのスライドショー）","プロ（演出多め）"
"WEB-05565","ペット・トリミング・動物病院の採用サイト（かわいい・ガーリー・全画面ループ動画）","プロ（演出多め）"
"WEB-05566","YouTuber・インフルエンサーのコーポレートサイト（ニューブルータリズム・画面2分割（写真｜コピー））","プロ（演出多め）"
"WEB-05567","Web制作・デザイン事務所のコーポレートサイト（ジオメトリック・グラフィカル・3Dオブジェクト/ジェネラティブ背景）","プロ（演出多め）"
"WEB-05568","ペット・トリミング・動物病院のコーポレートサイト（北欧・ライフスタイル・巨大コピー＋小さな写真）","プロ（演出多め）"
"WEB-05569","士業（税理士・弁護士・行政書士）のサービスサイト（かわいい・ガーリー・3Dオブジェクト/ジェネラティブ背景）","プロ（演出多め）"
"WEB-05570","金融・保険・投資のコーポレートサイト（信頼・誠実（コーポレート）・画面2分割（写真｜コピー））","プロ（演出多め）"
"WEB-05571","採用・求人のコーポレートサイト（信頼・誠実（コーポレート）・巨大コピー＋小さな写真）","上級"
"WEB-05572","SaaS・BtoBツールのコーポレートサイト（信頼・誠実（コーポレート）・3Dオブジェクト/ジェネラティブ背景）","上級"
"WEB-05573","士業（税理士・弁護士・行政書士）の採用サイト（信頼・誠実（コーポレート）・フェード/ズームのスライドショー）","上級"
"WEB-05574","歯科医院のコーポレートサイト（ミニマル・洗練・スクロール連動のストーリー）","プロ（演出多め）"
"WEB-05575","観光・地域プロモーションのブランドサイト（ナチュラル・オーガニック・スクロール連動のストーリー）","上級"
"WEB-05576","士業（税理士・弁護士・行政書士）のサービスサイト（ミニマル・洗練・散らばった写真コラージュ）","プロ（演出多め）"
"WEB-05577","金融・保険・投資のオウンドメディア・ブログ（エディトリアル・雑誌風・全画面ループ動画）","プロ（演出多め）"
"WEB-05578","食品・産直ECのコーポレートサイト（ポップ・カラフル・画面2分割（写真｜コピー））","プロ（演出多め）"
"WEB-05579","保育園・幼児教育・習い事の採用サイト（かわいい・ガーリー・縦書きコピー＋余白）","上級"
"WEB-05580","歯科医院のオウンドメディア・ブログ（ミニマル・洗練・3Dオブジェクト/ジェネラティブ背景）","プロ（演出多め）"
"WEB-05581","英会話・語学のサービスサイト（3D・クレイ・ローディング演出→ロゴ→メインビジュアル）","プロ（演出多め）"
"WEB-05582","クラウドファンディング・新商品の採用サイト（ポップ・カラフル・散らばった写真コラージュ）","上級"
"WEB-05583","内科・クリニックのクリニック・医院サイト（グラスモーフィズム・画面2分割（写真｜コピー））","プロ（演出多め）"
"WEB-05584","農業・地方の生産者の採用サイト（ナチュラル・オーガニック・縦書きコピー＋余白）","プロ（演出多め）"
"WEB-05585","ホテル・旅館の採用サイト（ダーク・シネマティック・スクロール連動のストーリー）","上級"
"WEB-05586","YouTuber・インフルエンサーのサービスサイト（ネオン・サイバー・スクロール連動のストーリー）","プロ（演出多め）"
"WEB-05587","不動産・マンションのサービスサイト（ダーク・シネマティック・スクロール連動のストーリー）","プロ（演出多め）"
"WEB-05588","歯科医院のクリニック・医院サイト（信頼・誠実（コーポレート）・巨大コピー＋小さな写真）","プロ（演出多め）"
"WEB-05589","ペット・トリミング・動物病院のオウンドメディア・ブログ（3D・クレイ・散らばった写真コラージュ）","上級"
"WEB-05590","プログラミングスクールのオウンドメディア・ブログ（信頼・誠実（コーポレート）・スクロール連動のストーリー）","プロ（演出多め）"
"WEB-05591","スクール・オンライン講座のサービスサイト（信頼・誠実（コーポレート）・巨大コピー＋小さな写真）","プロ（演出多め）"
"WEB-05592","スクール・オンライン講座のスクール・教室サイト（クール・テック・ローディング演出→ロゴ→メインビジュアル）","プロ（演出多め）"
"WEB-05593","カフェ・ベーカリーのオウンドメディア・ブログ（ハンドメイド・手書き・スクロール連動のストーリー）","プロ（演出多め）"
"WEB-05594","占い・スピリチュアルのブランドサイト（ジオメトリック・グラフィカル・ローディング演出→ロゴ→メインビジュアル）","上級"
"WEB-05595","YouTuber・インフルエンサーのコーポレートサイト（ポップ・カラフル・全画面ループ動画）","プロ（演出多め）"
"WEB-05596","歯科医院のサービスサイト（信頼・誠実（コーポレート）・スクロール連動のストーリー）","上級"
"WEB-05597","AIサービス・スタートアップのオウンドメディア・ブログ（ネオン・サイバー・縦書きコピー＋余白）","プロ（演出多め）"
"WEB-05598","英会話・語学のブランドサイト（ジオメトリック・グラフィカル・巨大コピー＋小さな写真）","上級"
"WEB-05599","美容室・ヘアサロンのポートフォリオ（個人/事務所）（ラグジュアリー・高級感・スクロール連動のストーリー）","プロ（演出多め）"
"WEB-05600","自動車・バイクの採用サイト（エネルギッシュ・スポーティ・ローディング演出→ロゴ→メインビジュアル）","プロ（演出多め）"
"WEB-05601","不動産・マンションのサービスサイト（信頼・誠実（コーポレート）・巨大コピー＋小さな写真）","プロ（演出多め）"
"WEB-05602","英会話・語学のスクール・教室サイト（グラスモーフィズム・フェード/ズームのスライドショー）","上級"
"WEB-05603","SaaS・BtoBツールの採用サイト（クール・テック・スクロール連動のストーリー）","プロ（演出多め）"
"WEB-05604","保育園・幼児教育・習い事のブランドサイト（レトロ・Y2K・巨大コピー＋小さな写真）","プロ（演出多め）"
"WEB-05605","占い・スピリチュアルの採用サイト（和モダン・画面2分割（写真｜コピー））","プロ（演出多め）"
"WEB-05606","士業（税理士・弁護士・行政書士）のコーポレートサイト（和モダン・散らばった写真コラージュ）","上級"
"WEB-05607","クラウドファンディング・新商品の採用サイト（ポップ・カラフル・フェード/ズームのスライドショー）","上級"
"WEB-05608","工務店・注文住宅・リフォームの採用サイト（北欧・ライフスタイル・ローディング演出→ロゴ→メインビジュアル）","プロ（演出多め）"
"WEB-05609","エステ・脱毛サロンの採用サイト（ラグジュアリー・高級感・スクロール連動のストーリー）","プロ（演出多め）"
"WEB-05610","工務店・注文住宅・リフォームのコーポレートサイト（ナチュラル・オーガニック・ローディング演出→ロゴ→メインビジュアル）","プロ（演出多め）"
"WEB-05611","保育園・幼児教育・習い事のオウンドメディア・ブログ（かわいい・ガーリー・散らばった写真コラージュ）","プロ（演出多め）"
"WEB-05612","不動産・マンションのコーポレートサイト（信頼・誠実（コーポレート）・巨大コピー＋小さな写真）","プロ（演出多め）"
"WEB-05613","英会話・語学の採用サイト（3D・クレイ・3Dオブジェクト/ジェネラティブ背景）","上級"
"WEB-05614","SaaS・BtoBツールのオウンドメディア・ブログ（グラスモーフィズム・3Dオブジェクト/ジェネラティブ背景）","プロ（演出多め）"
"WEB-05615","カフェ・ベーカリーのコーポレートサイト（ナチュラル・オーガニック・縦書きコピー＋余白）","プロ（演出多め）"
"WEB-05616","NPO・地方自治体のサービスサイト（信頼・誠実（コーポレート）・フェード/ズームのスライドショー）","プロ（演出多め）"
"WEB-05617","ウェディング・結婚相談所のコーポレートサイト（ミニマル・洗練・全画面ループ動画）","プロ（演出多め）"
"WEB-05618","金融・保険・投資のオウンドメディア・ブログ（レトロ・Y2K・フェード/ズームのスライドショー）","プロ（演出多め）"
"WEB-05619","ペット・トリミング・動物病院の店舗サイト（飲食・美容・サロン）（3D・クレイ・巨大コピー＋小さな写真）","上級"
"WEB-05620","農業・地方の生産者のECサイト（ナチュラル・オーガニック・フェード/ズームのスライドショー）","プロ（演出多め）"
"WEB-05621","ホテル・旅館のコーポレートサイト（ラグジュアリー・高級感・巨大コピー＋小さな写真）","プロ（演出多め）"
"WEB-05622","保育園・幼児教育・習い事のサービスサイト（ポップ・カラフル・スクロール連動のストーリー）","プロ（演出多め）"
"WEB-05623","アパレル・ファッションECのオウンドメディア・ブログ（エディトリアル・雑誌風・散らばった写真コラージュ）","プロ（演出多め）"
"WEB-05624","ヨガ・ピラティスのスクール・教室サイト（ナチュラル・オーガニック・3Dオブジェクト/ジェネラティブ背景）","プロ（演出多め）"
"WEB-05625","サウナ・温浴施設の店舗サイト（飲食・美容・サロン）（ナチュラル・オーガニック・縦書きコピー＋余白）","プロ（演出多め）"
"WEB-05626","ペット・トリミング・動物病院のサービスサイト（ラグジュアリー・高級感・巨大コピー＋小さな写真）","プロ（演出多め）"
"WEB-05627","アパレル・ファッションECの採用サイト（レトロ・Y2K・巨大コピー＋小さな写真）","プロ（演出多め）"
"WEB-05628","不動産・マンションの採用サイト（ダーク・シネマティック・画面2分割（写真｜コピー））","上級"
"WEB-05629","ペット・トリミング・動物病院のコーポレートサイト（エディトリアル・雑誌風・縦書きコピー＋余白）","上級"
"WEB-05630","カフェ・ベーカリーのブランドサイト（ナチュラル・オーガニック・全画面ループ動画）","上級"
"WEB-05631","音楽・ライブ・イベントのイベント・フェスサイト（北欧・ライフスタイル・全画面ループ動画）","上級"
"WEB-05632","スマホアプリのコーポレートサイト（クール・テック・ローディング演出→ロゴ→メインビジュアル）","上級"
"WEB-05633","パーソナルジム・フィットネスのオウンドメディア・ブログ（クール・テック・散らばった写真コラージュ）","プロ（演出多め）"
"WEB-05634","不動産・マンションのサービスサイト（ミニマル・洗練・スクロール連動のストーリー）","プロ（演出多め）"
"WEB-05635","カフェ・ベーカリーのサービスサイト（ニューブルータリズム・散らばった写真コラージュ）","プロ（演出多め）"
"WEB-05636","カフェ・ベーカリーのサービスサイト（レトロ・Y2K・散らばった写真コラージュ）","プロ（演出多め）"
"WEB-05637","採用・求人のブランドサイト（エディトリアル・雑誌風・散らばった写真コラージュ）","プロ（演出多め）"
"WEB-05638","エステ・脱毛サロンのコーポレートサイト（ラグジュアリー・高級感・巨大コピー＋小さな写真）","プロ（演出多め）"
"WEB-05639","SaaS・BtoBツールのサービスサイト（ミニマル・洗練・スクロール連動のストーリー）","プロ（演出多め）"
"WEB-05640","コスメ・スキンケアのコーポレートサイト（パステル・ドリーミー・3Dオブジェクト/ジェネラティブ背景）","プロ（演出多め）"
"WEB-05641","パーソナルジム・フィットネスの店舗サイト（飲食・美容・サロン）（3D・クレイ・フェード/ズームのスライドショー）","プロ（演出多め）"
"WEB-05642","レストラン・居酒屋のサービスサイト（和モダン・3Dオブジェクト/ジェネラティブ背景）","プロ（演出多め）"
"WEB-05643","英会話・語学のスクール・教室サイト（信頼・誠実（コーポレート）・散らばった写真コラージュ）","プロ（演出多め）"
"WEB-05644","コンサル・コーチングのポートフォリオ（個人/事務所）（エディトリアル・雑誌風・スクロール連動のストーリー）","上級"
"WEB-05645","英会話・語学のコーポレートサイト（信頼・誠実（コーポレート）・スクロール連動のストーリー）","プロ（演出多め）"
"WEB-05646","美容室・ヘアサロンのオウンドメディア・ブログ（北欧・ライフスタイル・縦書きコピー＋余白）","プロ（演出多め）"
"WEB-05647","ゲーム・eスポーツの採用サイト（ダーク・シネマティック・ローディング演出→ロゴ→メインビジュアル）","上級"
"WEB-05648","ホテル・旅館のオウンドメディア・ブログ（和モダン・画面2分割（写真｜コピー））","プロ（演出多め）"
"WEB-05649","金融・保険・投資のコーポレートサイト（信頼・誠実（コーポレート）・3Dオブジェクト/ジェネラティブ背景）","プロ（演出多め）"
"WEB-05650","スクール・オンライン講座のコーポレートサイト（信頼・誠実（コーポレート）・スクロール連動のストーリー）","上級"
"WEB-05651","プログラミングスクールのスクール・教室サイト（ネオン・サイバー・縦書きコピー＋余白）","プロ（演出多め）"
"WEB-05652","ヨガ・ピラティスのサービスサイト（北欧・ライフスタイル・スクロール連動のストーリー）","プロ（演出多め）"
"WEB-05653","カフェ・ベーカリーのブランドサイト（北欧・ライフスタイル・フェード/ズームのスライドショー）","上級"
"WEB-05654","レストラン・居酒屋の採用サイト（ポップ・カラフル・ローディング演出→ロゴ→メインビジュアル）","プロ（演出多め）"
"WEB-05655","コンサル・コーチングのブランドサイト（信頼・誠実（コーポレート）・巨大コピー＋小さな写真）","プロ（演出多め）"
"WEB-05656","コンサル・コーチングのサービスサイト（ハンドメイド・手書き・フェード/ズームのスライドショー）","プロ（演出多め）"
"WEB-05657","サウナ・温浴施設のブランドサイト（ナチュラル・オーガニック・巨大コピー＋小さな写真）","上級"
"WEB-05658","SaaS・BtoBツールのサービスサイト（グラスモーフィズム・画面2分割（写真｜コピー））","上級"
"WEB-05659","コスメ・スキンケアのオウンドメディア・ブログ（ネオン・サイバー・画面2分割（写真｜コピー））","プロ（演出多め）"
"WEB-05660","YouTuber・インフルエンサーのサービスサイト（ネオン・サイバー・散らばった写真コラージュ）","上級"
"WEB-05661","ゲーム・eスポーツのオウンドメディア・ブログ（ミニマル・洗練・散らばった写真コラージュ）","上級"
"WEB-05662","士業（税理士・弁護士・行政書士）のコーポレートサイト（和モダン・縦書きコピー＋余白）","プロ（演出多め）"
"WEB-05663","カフェ・ベーカリーの店舗サイト（飲食・美容・サロン）（北欧・ライフスタイル・散らばった写真コラージュ）","プロ（演出多め）"
"WEB-05664","自動車・バイクの採用サイト（ラグジュアリー・高級感・全画面ループ動画）","プロ（演出多め）"
"WEB-05665","YouTuber・インフルエンサーのサービスサイト（かわいい・ガーリー・巨大コピー＋小さな写真）","プロ（演出多め）"
"WEB-05666","ウェディング・結婚相談所のブランドサイト（パステル・ドリーミー・ローディング演出→ロゴ→メインビジュアル）","プロ（演出多め）"
"WEB-05667","採用・求人の採用サイト（エディトリアル・雑誌風・スクロール連動のストーリー）","上級"
"WEB-05668","コンサル・コーチングの採用サイト（ミニマル・洗練・スクロール連動のストーリー）","上級"
"WEB-05669","ウェディング・結婚相談所のコーポレートサイト（ラグジュアリー・高級感・スクロール連動のストーリー）","プロ（演出多め）"
"WEB-05670","パーソナルジム・フィットネスの店舗サイト（飲食・美容・サロン）（エネルギッシュ・スポーティ・ローディング演出→ロゴ→メインビジュアル）","上級"
"WEB-05671","歯科医院のオウンドメディア・ブログ（信頼・誠実（コーポレート）・フェード/ズームのスライドショー）","プロ（演出多め）"
"WEB-05672","ゲーム・eスポーツの採用サイト（ミニマル・洗練・3Dオブジェクト/ジェネラティブ背景）","プロ（演出多め）"
"WEB-05673","食品・産直ECのサービスサイト（ハンドメイド・手書き・スクロール連動のストーリー）","プロ（演出多め）"
"WEB-05674","レストラン・居酒屋のサービスサイト（ラグジュアリー・高級感・散らばった写真コラージュ）","上級"
"WEB-05675","音楽・ライブ・イベントのイベント・フェスサイト（ダーク・シネマティック・巨大コピー＋小さな写真）","プロ（演出多め）"
"WEB-05676","美容クリニックの採用サイト（ミニマル・洗練・巨大コピー＋小さな写真）","プロ（演出多め）"
"WEB-05677","美容クリニックのオウンドメディア・ブログ（ラグジュアリー・高級感・全画面ループ動画）","上級"
"WEB-05678","歯科医院のコーポレートサイト（ダーク・シネマティック・縦書きコピー＋余白）","上級"
"WEB-05679","ゲーム・eスポーツの採用サイト（ダーク・シネマティック・画面2分割（写真｜コピー））","プロ（演出多め）"
"WEB-05680","NPO・地方自治体の採用サイト（ナチュラル・オーガニック・散らばった写真コラージュ）","プロ（演出多め）"
"WEB-05681","AIサービス・スタートアップのオウンドメディア・ブログ（クール・テック・散らばった写真コラージュ）","プロ（演出多め）"
"WEB-05682","保育園・幼児教育・習い事のサービスサイト（グラスモーフィズム・巨大コピー＋小さな写真）","プロ（演出多め）"
"WEB-05683","ウェディング・結婚相談所のオウンドメディア・ブログ（かわいい・ガーリー・巨大コピー＋小さな写真）","プロ（演出多め）"
"WEB-05684","工務店・注文住宅・リフォームのコーポレートサイト（ナチュラル・オーガニック・フェード/ズームのスライドショー）","上級"
"WEB-05685","コスメ・スキンケアのオウンドメディア・ブログ（パステル・ドリーミー・ローディング演出→ロゴ→メインビジュアル）","プロ（演出多め）"
"WEB-05686","農業・地方の生産者の自治体・観光協会サイト（和モダン・スクロール連動のストーリー）","プロ（演出多め）"
"WEB-05687","SaaS・BtoBツールのブランドサイト（グラスモーフィズム・巨大コピー＋小さな写真）","上級"
"WEB-05688","保育園・幼児教育・習い事の採用サイト（ナチュラル・オーガニック・巨大コピー＋小さな写真）","上級"
"WEB-05689","YouTuber・インフルエンサーの採用サイト（ネオン・サイバー・フェード/ズームのスライドショー）","プロ（演出多め）"
"WEB-05690","食品・産直ECの採用サイト（ハンドメイド・手書き・全画面ループ動画）","プロ（演出多め）"
"WEB-05691","美容室・ヘアサロンのポートフォリオ（個人/事務所）（ラグジュアリー・高級感・画面2分割（写真｜コピー））","上級"
"WEB-05692","SaaS・BtoBツールのオウンドメディア・ブログ（ミニマル・洗練・巨大コピー＋小さな写真）","プロ（演出多め）"
"WEB-05693","SaaS・BtoBツールのサービスサイト（和モダン・3Dオブジェクト/ジェネラティブ背景）","プロ（演出多め）"
"WEB-05694","コスメ・スキンケアのブランドサイト（ラグジュアリー・高級感・3Dオブジェクト/ジェネラティブ背景）","プロ（演出多め）"
"WEB-05695","SaaS・BtoBツールの採用サイト（3D・クレイ・全画面ループ動画）","プロ（演出多め）"
"WEB-05696","農業・地方の生産者のコーポレートサイト（ナチュラル・オーガニック・スクロール連動のストーリー）","プロ（演出多め）"
"WEB-05697","Web制作・デザイン事務所の採用サイト（ジオメトリック・グラフィカル・巨大コピー＋小さな写真）","プロ（演出多め）"
"WEB-05698","プログラミングスクールのコーポレートサイト（ニューブルータリズム・画面2分割（写真｜コピー））","プロ（演出多め）"
"WEB-05699","工務店・注文住宅・リフォームのオウンドメディア・ブログ（信頼・誠実（コーポレート）・画面2分割（写真｜コピー））","上級"
"WEB-05700","ウェディング・結婚相談所の採用サイト（ラグジュアリー・高級感・スクロール連動のストーリー）","上級"
"WEB-05701","歯科医院のクリニック・医院サイト（信頼・誠実（コーポレート）・巨大コピー＋小さな写真）","プロ（演出多め）"
"WEB-05702","農業・地方の生産者の自治体・観光協会サイト（ハンドメイド・手書き・フェード/ズームのスライドショー）","上級"
"WEB-05703","占い・スピリチュアルの採用サイト（ラグジュアリー・高級感・フェード/ズームのスライドショー）","プロ（演出多め）"
"WEB-05704","和菓子・スイーツのオウンドメディア・ブログ（和モダン・巨大コピー＋小さな写真）","プロ（演出多め）"
"WEB-05705","サウナ・温浴施設のサービスサイト（ニューブルータリズム・3Dオブジェクト/ジェネラティブ背景）","プロ（演出多め）"
"WEB-05706","和菓子・スイーツのコーポレートサイト（パステル・ドリーミー・全画面ループ動画）","プロ（演出多め）"
"WEB-05707","コスメ・スキンケアの採用サイト（グラスモーフィズム・3Dオブジェクト/ジェネラティブ背景）","プロ（演出多め）"
"WEB-05708","和菓子・スイーツの店舗サイト（飲食・美容・サロン）（パステル・ドリーミー・スクロール連動のストーリー）","上級"
"WEB-05709","美容室・ヘアサロンのポートフォリオ（個人/事務所）（ラグジュアリー・高級感・フェード/ズームのスライドショー）","上級"
"WEB-05710","採用・求人のコーポレートサイト（信頼・誠実（コーポレート）・全画面ループ動画）","プロ（演出多め）"
"WEB-05711","エステ・脱毛サロンの店舗サイト（飲食・美容・サロン）（ジオメトリック・グラフィカル・巨大コピー＋小さな写真）","プロ（演出多め）"
"WEB-05712","コンサル・コーチングのポートフォリオ（個人/事務所）（信頼・誠実（コーポレート）・フェード/ズームのスライドショー）","プロ（演出多め）"
"WEB-05713","YouTuber・インフルエンサーのオウンドメディア・ブログ（ラグジュアリー・高級感・スクロール連動のストーリー）","プロ（演出多め）"
"WEB-05714","YouTuber・インフルエンサーのポートフォリオ（個人/事務所）（ポップ・カラフル・スクロール連動のストーリー）","上級"
"WEB-05715","プログラミングスクールの採用サイト（クール・テック・3Dオブジェクト/ジェネラティブ背景）","上級"
"WEB-05716","カフェ・ベーカリーのコーポレートサイト（エディトリアル・雑誌風・画面2分割（写真｜コピー））","上級"
"WEB-05717","食品・産直ECのコーポレートサイト（ミニマル・洗練・巨大コピー＋小さな写真）","プロ（演出多め）"
"WEB-05718","和菓子・スイーツのオウンドメディア・ブログ（かわいい・ガーリー・スクロール連動のストーリー）","プロ（演出多め）"
"WEB-05719","ヨガ・ピラティスのオウンドメディア・ブログ（ナチュラル・オーガニック・全画面ループ動画）","上級"
"WEB-05720","不動産・マンションのコーポレートサイト（ミニマル・洗練・フェード/ズームのスライドショー）","プロ（演出多め）"
"WEB-05721","英会話・語学のブランドサイト（信頼・誠実（コーポレート）・スクロール連動のストーリー）","上級"
"WEB-05722","コスメ・スキンケアのブランドサイト（ラグジュアリー・高級感・散らばった写真コラージュ）","プロ（演出多め）"
"WEB-05723","ペット・トリミング・動物病院のコーポレートサイト（エディトリアル・雑誌風・全画面ループ動画）","プロ（演出多め）"
"WEB-05724","和菓子・スイーツのサービスサイト（パステル・ドリーミー・画面2分割（写真｜コピー））","プロ（演出多め）"
"WEB-05725","ペット・トリミング・動物病院のコーポレートサイト（かわいい・ガーリー・画面2分割（写真｜コピー））","プロ（演出多め）"
"WEB-05726","音楽・ライブ・イベントのコーポレートサイト（ダーク・シネマティック・散らばった写真コラージュ）","プロ（演出多め）"
"WEB-05727","歯科医院のサービスサイト（ミニマル・洗練・巨大コピー＋小さな写真）","プロ（演出多め）"
"WEB-05728","ヨガ・ピラティスの採用サイト（パステル・ドリーミー・ローディング演出→ロゴ→メインビジュアル）","上級"
"WEB-05729","レストラン・居酒屋の採用サイト（ダーク・シネマティック・スクロール連動のストーリー）","プロ（演出多め）"
"WEB-05730","美容クリニックの店舗サイト（飲食・美容・サロン）（信頼・誠実（コーポレート）・巨大コピー＋小さな写真）","プロ（演出多め）"
"WEB-05731","スクール・オンライン講座のスクール・教室サイト（ポップ・カラフル・ローディング演出→ロゴ→メインビジュアル）","プロ（演出多め）"
"WEB-05732","サウナ・温浴施設のコーポレートサイト（和モダン・画面2分割（写真｜コピー））","プロ（演出多め）"
"WEB-05733","観光・地域プロモーションのブランドサイト（ハンドメイド・手書き・散らばった写真コラージュ）","上級"
"WEB-05734","保育園・幼児教育・習い事のサービスサイト（ポップ・カラフル・画面2分割（写真｜コピー））","プロ（演出多め）"
"WEB-05735","クラウドファンディング・新商品のオウンドメディア・ブログ（レトロ・Y2K・3Dオブジェクト/ジェネラティブ背景）","上級"
"WEB-05736","Web制作・デザイン事務所の採用サイト（エディトリアル・雑誌風・巨大コピー＋小さな写真）","プロ（演出多め）"
"WEB-05737","レストラン・居酒屋のブランドサイト（ラグジュアリー・高級感・散らばった写真コラージュ）","プロ（演出多め）"
"WEB-05738","ヨガ・ピラティスのスクール・教室サイト（ナチュラル・オーガニック・縦書きコピー＋余白）","プロ（演出多め）"
"WEB-05739","エステ・脱毛サロンのサービスサイト（パステル・ドリーミー・散らばった写真コラージュ）","プロ（演出多め）"
"WEB-05740","クラウドファンディング・新商品のブランドサイト（クール・テック・画面2分割（写真｜コピー））","プロ（演出多め）"
"WEB-05741","コンサル・コーチングのポートフォリオ（個人/事務所）（エディトリアル・雑誌風・巨大コピー＋小さな写真）","プロ（演出多め）"
"WEB-05742","サウナ・温浴施設のホテル・旅館サイト（レトロ・Y2K・巨大コピー＋小さな写真）","プロ（演出多め）"
"WEB-05743","コスメ・スキンケアのサービスサイト（グラスモーフィズム・3Dオブジェクト/ジェネラティブ背景）","プロ（演出多め）"
"WEB-05744","コスメ・スキンケアのサービスサイト（ラグジュアリー・高級感・散らばった写真コラージュ）","プロ（演出多め）"
"WEB-05745","YouTuber・インフルエンサーの採用サイト（ネオン・サイバー・散らばった写真コラージュ）","上級"
"WEB-05746","コスメ・スキンケアのサービスサイト（ナチュラル・オーガニック・全画面ループ動画）","プロ（演出多め）"
"WEB-05747","アパレル・ファッションECのECサイト（エディトリアル・雑誌風・縦書きコピー＋余白）","プロ（演出多め）"
"WEB-05748","クラウドファンディング・新商品のオウンドメディア・ブログ（ミニマル・洗練・散らばった写真コラージュ）","プロ（演出多め）"
"WEB-05749","カフェ・ベーカリーのオウンドメディア・ブログ（エディトリアル・雑誌風・3Dオブジェクト/ジェネラティブ背景）","プロ（演出多め）"
"WEB-05750","食品・産直ECの採用サイト（ポップ・カラフル・散らばった写真コラージュ）","プロ（演出多め）"
"WEB-05751","採用・求人のブランドサイト（ポップ・カラフル・ローディング演出→ロゴ→メインビジュアル）","プロ（演出多め）"
"WEB-05752","和菓子・スイーツのコーポレートサイト（ナチュラル・オーガニック・ローディング演出→ロゴ→メインビジュアル）","上級"
"WEB-05753","ペット・トリミング・動物病院のクリニック・医院サイト（ナチュラル・オーガニック・画面2分割（写真｜コピー））","上級"
"WEB-05754","ホテル・旅館のサービスサイト（ダーク・シネマティック・散らばった写真コラージュ）","プロ（演出多め）"
"WEB-05755","食品・産直ECのブランドサイト（ポップ・カラフル・スクロール連動のストーリー）","プロ（演出多め）"
"WEB-05756","工務店・注文住宅・リフォームのコーポレートサイト（ナチュラル・オーガニック・全画面ループ動画）","プロ（演出多め）"
"WEB-05757","エステ・脱毛サロンの採用サイト（パステル・ドリーミー・巨大コピー＋小さな写真）","上級"
"WEB-05758","ペット・トリミング・動物病院のサービスサイト（ナチュラル・オーガニック・画面2分割（写真｜コピー））","プロ（演出多め）"
"WEB-05759","カフェ・ベーカリーのオウンドメディア・ブログ（レトロ・Y2K・ローディング演出→ロゴ→メインビジュアル）","上級"
"WEB-05760","スクール・オンライン講座のコーポレートサイト（信頼・誠実（コーポレート）・画面2分割（写真｜コピー））","上級"
"WEB-05761","SaaS・BtoBツールのコーポレートサイト（ジオメトリック・グラフィカル・ローディング演出→ロゴ→メインビジュアル）","プロ（演出多め）"
"WEB-05762","スクール・オンライン講座のコーポレートサイト（エディトリアル・雑誌風・巨大コピー＋小さな写真）","プロ（演出多め）"
"WEB-05763","引越し・生活サービスのコーポレートサイト（信頼・誠実（コーポレート）・フェード/ズームのスライドショー）","上級"
"WEB-05764","NPO・地方自治体のサービスサイト（ナチュラル・オーガニック・画面2分割（写真｜コピー））","上級"
"WEB-05765","ホテル・旅館のサービスサイト（ダーク・シネマティック・散らばった写真コラージュ）","プロ（演出多め）"
"WEB-05766","美容クリニックの採用サイト（北欧・ライフスタイル・画面2分割（写真｜コピー））","プロ（演出多め）"
"WEB-05767","YouTuber・インフルエンサーの採用サイト（ニューブルータリズム・縦書きコピー＋余白）","プロ（演出多め）"
"WEB-05768","スクール・オンライン講座のスクール・教室サイト（クール・テック・全画面ループ動画）","プロ（演出多め）"
"WEB-05769","レストラン・居酒屋のブランドサイト（ダーク・シネマティック・巨大コピー＋小さな写真）","プロ（演出多め）"
"WEB-05770","Web制作・デザイン事務所のコーポレートサイト（クール・テック・フェード/ズームのスライドショー）","プロ（演出多め）"
"WEB-05771","AIサービス・スタートアップのコーポレートサイト（クール・テック・3Dオブジェクト/ジェネラティブ背景）","上級"
"WEB-05772","コンサル・コーチングのサービスサイト（エディトリアル・雑誌風・3Dオブジェクト/ジェネラティブ背景）","プロ（演出多め）"
"WEB-05773","観光・地域プロモーションの自治体・観光協会サイト（ハンドメイド・手書き・散らばった写真コラージュ）","上級"
"WEB-05774","採用・求人のオウンドメディア・ブログ（ジオメトリック・グラフィカル・全画面ループ動画）","プロ（演出多め）"
"WEB-05775","スクール・オンライン講座のブランドサイト（3D・クレイ・散らばった写真コラージュ）","プロ（演出多め）"
"WEB-05776","ゲーム・eスポーツのサービスサイト（レトロ・Y2K・散らばった写真コラージュ）","プロ（演出多め）"
"WEB-05777","保育園・幼児教育・習い事のオウンドメディア・ブログ（かわいい・ガーリー・3Dオブジェクト/ジェネラティブ背景）","プロ（演出多め）"
"WEB-05778","ヨガ・ピラティスのスクール・教室サイト（ナチュラル・オーガニック・3Dオブジェクト/ジェネラティブ背景）","プロ（演出多め）"
"WEB-05779","サウナ・温浴施設の採用サイト（ラグジュアリー・高級感・3Dオブジェクト/ジェネラティブ背景）","プロ（演出多め）"
"WEB-05780","ホテル・旅館のホテル・旅館サイト（ラグジュアリー・高級感・縦書きコピー＋余白）","プロ（演出多め）"
"WEB-05781","英会話・語学のコーポレートサイト（ミニマル・洗練・全画面ループ動画）","プロ（演出多め）"
"WEB-05782","引越し・生活サービスのオウンドメディア・ブログ（ポップ・カラフル・巨大コピー＋小さな写真）","プロ（演出多め）"
"WEB-05783","アパレル・ファッションECのECサイト（エディトリアル・雑誌風・縦書きコピー＋余白）","上級"
"WEB-05784","占い・スピリチュアルのブランドサイト（ポップ・カラフル・縦書きコピー＋余白）","上級"
"WEB-05785","ゲーム・eスポーツのコーポレートサイト（ネオン・サイバー・スクロール連動のストーリー）","プロ（演出多め）"
"WEB-05786","ホテル・旅館のホテル・旅館サイト（和モダン・縦書きコピー＋余白）","上級"
"WEB-05787","ペット・トリミング・動物病院の採用サイト（3D・クレイ・巨大コピー＋小さな写真）","プロ（演出多め）"
"WEB-05788","SaaS・BtoBツールのコーポレートサイト（3D・クレイ・巨大コピー＋小さな写真）","プロ（演出多め）"
"WEB-05789","ホテル・旅館のホテル・旅館サイト（グラスモーフィズム・散らばった写真コラージュ）","プロ（演出多め）"
"WEB-05790","自動車・バイクの採用サイト（エネルギッシュ・スポーティ・画面2分割（写真｜コピー））","プロ（演出多め）"
"WEB-05791","クラウドファンディング・新商品のECサイト（クール・テック・画面2分割（写真｜コピー））","プロ（演出多め）"
"WEB-05792","不動産・マンションのオウンドメディア・ブログ（ミニマル・洗練・ローディング演出→ロゴ→メインビジュアル）","プロ（演出多め）"
"WEB-05793","レストラン・居酒屋の店舗サイト（飲食・美容・サロン）（ジオメトリック・グラフィカル・スクロール連動のストーリー）","プロ（演出多め）"
"WEB-05794","引越し・生活サービスのサービスサイト（信頼・誠実（コーポレート）・全画面ループ動画）","プロ（演出多め）"
"WEB-05795","サウナ・温浴施設の店舗サイト（飲食・美容・サロン）（ナチュラル・オーガニック・散らばった写真コラージュ）","上級"
"WEB-05796","士業（税理士・弁護士・行政書士）のサービスサイト（信頼・誠実（コーポレート）・散らばった写真コラージュ）","プロ（演出多め）"
"WEB-05797","自動車・バイクのブランドサイト（ラグジュアリー・高級感・スクロール連動のストーリー）","上級"
"WEB-05798","観光・地域プロモーションのブランドサイト（かわいい・ガーリー・散らばった写真コラージュ）","プロ（演出多め）"
"WEB-05799","ウェディング・結婚相談所のサービスサイト（ミニマル・洗練・散らばった写真コラージュ）","上級"
"WEB-05800","Web制作・デザイン事務所の採用サイト（エディトリアル・雑誌風・フェード/ズームのスライドショー）","プロ（演出多め）"
"WEB-05801","ホテル・旅館のホテル・旅館サイト（ダーク・シネマティック・スクロール連動のストーリー）","上級"
"WEB-05802","NPO・地方自治体のイベント・フェスサイト（ナチュラル・オーガニック・3Dオブジェクト/ジェネラティブ背景）","上級"
"WEB-05803","SaaS・BtoBツールのサービスサイト（信頼・誠実（コーポレート）・ローディング演出→ロゴ→メインビジュアル）","上級"
"WEB-05804","採用・求人のブランドサイト（ポップ・カラフル・スクロール連動のストーリー）","プロ（演出多め）"
"WEB-05805","保育園・幼児教育・習い事のブランドサイト（ポップ・カラフル・画面2分割（写真｜コピー））","プロ（演出多め）"
"WEB-05806","サウナ・温浴施設のコーポレートサイト（クール・テック・巨大コピー＋小さな写真）","プロ（演出多め）"
"WEB-05807","サウナ・温浴施設の店舗サイト（飲食・美容・サロン）（和モダン・縦書きコピー＋余白）","プロ（演出多め）"
"WEB-05808","カフェ・ベーカリーの店舗サイト（飲食・美容・サロン）（ハンドメイド・手書き・巨大コピー＋小さな写真）","プロ（演出多め）"
"WEB-05809","金融・保険・投資のオウンドメディア・ブログ（信頼・誠実（コーポレート）・縦書きコピー＋余白）","プロ（演出多め）"
"WEB-05810","クラウドファンディング・新商品のブランドサイト（ダーク・シネマティック・スクロール連動のストーリー）","プロ（演出多め）"
"WEB-05811","NPO・地方自治体のサービスサイト（信頼・誠実（コーポレート）・3Dオブジェクト/ジェネラティブ背景）","上級"
"WEB-05812","クラウドファンディング・新商品のブランドサイト（ポップ・カラフル・スクロール連動のストーリー）","プロ（演出多め）"
"WEB-05813","士業（税理士・弁護士・行政書士）のコーポレートサイト（レトロ・Y2K・巨大コピー＋小さな写真）","プロ（演出多め）"
"WEB-05814","英会話・語学のブランドサイト（ポップ・カラフル・画面2分割（写真｜コピー））","上級"
"WEB-05815","食品・産直ECのオウンドメディア・ブログ（和モダン・スクロール連動のストーリー）","上級"
"WEB-05816","スマホアプリのサービスサイト（3D・クレイ・画面2分割（写真｜コピー））","プロ（演出多め）"
"WEB-05817","内科・クリニックのコーポレートサイト（北欧・ライフスタイル・3Dオブジェクト/ジェネラティブ背景）","上級"
"WEB-05818","SaaS・BtoBツールのオウンドメディア・ブログ（ミニマル・洗練・スクロール連動のストーリー）","プロ（演出多め）"
"WEB-05819","食品・産直ECの採用サイト（ハンドメイド・手書き・スクロール連動のストーリー）","上級"
"WEB-05820","採用・求人のサービスサイト（信頼・誠実（コーポレート）・散らばった写真コラージュ）","プロ（演出多め）"
"WEB-05821","採用・求人のブランドサイト（かわいい・ガーリー・ローディング演出→ロゴ→メインビジュアル）","プロ（演出多め）"
"WEB-05822","カフェ・ベーカリーのコーポレートサイト（エディトリアル・雑誌風・巨大コピー＋小さな写真）","プロ（演出多め）"
"WEB-05823","アパレル・ファッションECのコーポレートサイト（ニューブルータリズム・ローディング演出→ロゴ→メインビジュアル）","プロ（演出多め）"
"WEB-05824","不動産・マンションのオウンドメディア・ブログ（ミニマル・洗練・画面2分割（写真｜コピー））","上級"
"WEB-05825","アパレル・ファッションECのオウンドメディア・ブログ（ミニマル・洗練・全画面ループ動画）","プロ（演出多め）"
"WEB-05826","音楽・ライブ・イベントのオウンドメディア・ブログ（ネオン・サイバー・フェード/ズームのスライドショー）","プロ（演出多め）"
"WEB-05827","エステ・脱毛サロンのサービスサイト（ミニマル・洗練・全画面ループ動画）","プロ（演出多め）"
"WEB-05828","SaaS・BtoBツールのオウンドメディア・ブログ（クール・テック・縦書きコピー＋余白）","プロ（演出多め）"
"WEB-05829","サウナ・温浴施設のコーポレートサイト（レトロ・Y2K・ローディング演出→ロゴ→メインビジュアル）","プロ（演出多め）"
"WEB-05830","コスメ・スキンケアのオウンドメディア・ブログ（グラスモーフィズム・フェード/ズームのスライドショー）","プロ（演出多め）"
"WEB-05831","保育園・幼児教育・習い事のオウンドメディア・ブログ（ポップ・カラフル・スクロール連動のストーリー）","上級"
"WEB-05832","保育園・幼児教育・習い事のオウンドメディア・ブログ（ナチュラル・オーガニック・画面2分割（写真｜コピー））","プロ（演出多め）"
"WEB-05833","アパレル・ファッションECのサービスサイト（レトロ・Y2K・縦書きコピー＋余白）","上級"
"WEB-05834","農業・地方の生産者のオウンドメディア・ブログ（和モダン・巨大コピー＋小さな写真）","プロ（演出多め）"
"WEB-05835","自動車・バイクの採用サイト（エネルギッシュ・スポーティ・フェード/ズームのスライドショー）","プロ（演出多め）"
"WEB-05836","プログラミングスクールのコーポレートサイト（ニューブルータリズム・縦書きコピー＋余白）","上級"
"WEB-05837","食品・産直ECのコーポレートサイト（ナチュラル・オーガニック・ローディング演出→ロゴ→メインビジュアル）","上級"
"WEB-05838","カフェ・ベーカリーのコーポレートサイト（エディトリアル・雑誌風・スクロール連動のストーリー）","上級"
"WEB-05839","美容室・ヘアサロンのコーポレートサイト（信頼・誠実（コーポレート）・縦書きコピー＋余白）","プロ（演出多め）"
"WEB-05840","工務店・注文住宅・リフォームのオウンドメディア・ブログ（ミニマル・洗練・巨大コピー＋小さな写真）","上級"
"WEB-05841","採用・求人のコーポレートサイト（信頼・誠実（コーポレート）・全画面ループ動画）","プロ（演出多め）"
"WEB-05842","和菓子・スイーツのサービスサイト（和モダン・縦書きコピー＋余白）","プロ（演出多め）"
"WEB-05843","観光・地域プロモーションの自治体・観光協会サイト（ナチュラル・オーガニック・フェード/ズームのスライドショー）","上級"
"WEB-05844","ペット・トリミング・動物病院のブランドサイト（ハンドメイド・手書き・全画面ループ動画）","プロ（演出多め）"
"WEB-05845","引越し・生活サービスのコーポレートサイト（信頼・誠実（コーポレート）・ローディング演出→ロゴ→メインビジュアル）","上級"
"WEB-05846","パーソナルジム・フィットネスのブランドサイト（和モダン・散らばった写真コラージュ）","プロ（演出多め）"
"WEB-05847","サウナ・温浴施設の店舗サイト（飲食・美容・サロン）（レトロ・Y2K・巨大コピー＋小さな写真）","上級"
"WEB-05848","ゲーム・eスポーツのサービスサイト（レトロ・Y2K・巨大コピー＋小さな写真）","プロ（演出多め）"
"WEB-05849","英会話・語学のサービスサイト（ポップ・カラフル・画面2分割（写真｜コピー））","プロ（演出多め）"
"WEB-05850","士業（税理士・弁護士・行政書士）のコーポレートサイト（信頼・誠実（コーポレート）・縦書きコピー＋余白）","プロ（演出多め）"
"WEB-05851","レストラン・居酒屋のブランドサイト（ネオン・サイバー・縦書きコピー＋余白）","プロ（演出多め）"
"WEB-05852","ペット・トリミング・動物病院のクリニック・医院サイト（ハンドメイド・手書き・全画面ループ動画）","上級"
"WEB-05853","エステ・脱毛サロンのオウンドメディア・ブログ（かわいい・ガーリー・フェード/ズームのスライドショー）","プロ（演出多め）"
"WEB-05854","NPO・地方自治体のブランドサイト（ナチュラル・オーガニック・縦書きコピー＋余白）","プロ（演出多め）"
"WEB-05855","サウナ・温浴施設の採用サイト（レトロ・Y2K・巨大コピー＋小さな写真）","プロ（演出多め）"
"WEB-05856","音楽・ライブ・イベントのサービスサイト（ダーク・シネマティック・巨大コピー＋小さな写真）","プロ（演出多め）"
"WEB-05857","金融・保険・投資の採用サイト（ミニマル・洗練・ローディング演出→ロゴ→メインビジュアル）","プロ（演出多め）"
"WEB-05858","観光・地域プロモーションのイベント・フェスサイト（ラグジュアリー・高級感・縦書きコピー＋余白）","プロ（演出多め）"
"WEB-05859","内科・クリニックのブランドサイト（ニューブルータリズム・縦書きコピー＋余白）","プロ（演出多め）"
"WEB-05860","占い・スピリチュアルのブランドサイト（和モダン・フェード/ズームのスライドショー）","上級"
"WEB-05861","美容室・ヘアサロンのコーポレートサイト（エディトリアル・雑誌風・3Dオブジェクト/ジェネラティブ背景）","プロ（演出多め）"
"WEB-05862","サウナ・温浴施設の採用サイト（ニューブルータリズム・全画面ループ動画）","プロ（演出多め）"
"WEB-05863","士業（税理士・弁護士・行政書士）のオウンドメディア・ブログ（信頼・誠実（コーポレート）・スクロール連動のストーリー）","プロ（演出多め）"
"WEB-05864","プログラミングスクールのブランドサイト（クール・テック・画面2分割（写真｜コピー））","プロ（演出多め）"
"WEB-05865","ヨガ・ピラティスのコーポレートサイト（ミニマル・洗練・縦書きコピー＋余白）","プロ（演出多め）"
"WEB-05866","YouTuber・インフルエンサーのサービスサイト（ニューブルータリズム・画面2分割（写真｜コピー））","プロ（演出多め）"
"WEB-05867","カフェ・ベーカリーの店舗サイト（飲食・美容・サロン）（ナチュラル・オーガニック・縦書きコピー＋余白）","上級"
"WEB-05868","Web制作・デザイン事務所のポートフォリオ（個人/事務所）（ジオメトリック・グラフィカル・巨大コピー＋小さな写真）","上級"
"WEB-05869","金融・保険・投資の採用サイト（クール・テック・画面2分割（写真｜コピー））","プロ（演出多め）"
"WEB-05870","スマホアプリのコーポレートサイト（3D・クレイ・フェード/ズームのスライドショー）","プロ（演出多め）"
"WEB-05871","建築設計事務所のオウンドメディア・ブログ（ジオメトリック・グラフィカル・巨大コピー＋小さな写真）","上級"
"WEB-05872","観光・地域プロモーションのブランドサイト（かわいい・ガーリー・スクロール連動のストーリー）","プロ（演出多め）"
"WEB-05873","英会話・語学の採用サイト（ポップ・カラフル・3Dオブジェクト/ジェネラティブ背景）","プロ（演出多め）"
"WEB-05874","観光・地域プロモーションのコーポレートサイト（ナチュラル・オーガニック・画面2分割（写真｜コピー））","上級"
"WEB-05875","採用・求人の採用サイト（エネルギッシュ・スポーティ・ローディング演出→ロゴ→メインビジュアル）","上級"
"WEB-05876","不動産・マンションの採用サイト（信頼・誠実（コーポレート）・ローディング演出→ロゴ→メインビジュアル）","プロ（演出多め）"
"WEB-05877","占い・スピリチュアルのサービスサイト（和モダン・縦書きコピー＋余白）","プロ（演出多め）"
"WEB-05878","美容クリニックの店舗サイト（飲食・美容・サロン）（ラグジュアリー・高級感・フェード/ズームのスライドショー）","プロ（演出多め）"
"WEB-05879","和菓子・スイーツのブランドサイト（和モダン・スクロール連動のストーリー）","上級"
"WEB-05880","不動産・マンションのサービスサイト（ダーク・シネマティック・フェード/ズームのスライドショー）","プロ（演出多め）"
"WEB-05881","NPO・地方自治体の採用サイト（ナチュラル・オーガニック・全画面ループ動画）","プロ（演出多め）"
"WEB-05882","サウナ・温浴施設のコーポレートサイト（ニューブルータリズム・巨大コピー＋小さな写真）","プロ（演出多め）"
"WEB-05883","食品・産直ECのオウンドメディア・ブログ（ポップ・カラフル・全画面ループ動画）","プロ（演出多め）"
"WEB-05884","歯科医院のサービスサイト（ミニマル・洗練・散らばった写真コラージュ）","プロ（演出多め）"
"WEB-05885","コンサル・コーチングのオウンドメディア・ブログ（ハンドメイド・手書き・フェード/ズームのスライドショー）","プロ（演出多め）"
"WEB-05886","サウナ・温浴施設のコーポレートサイト（和モダン・縦書きコピー＋余白）","プロ（演出多め）"
"WEB-05887","ウェディング・結婚相談所のサービスサイト（ミニマル・洗練・ローディング演出→ロゴ→メインビジュアル）","プロ（演出多め）"
"WEB-05888","自動車・バイクのサービスサイト（クール・テック・巨大コピー＋小さな写真）","上級"
"WEB-05889","引越し・生活サービスのオウンドメディア・ブログ（3D・クレイ・縦書きコピー＋余白）","プロ（演出多め）"
"WEB-05890","クラウドファンディング・新商品のECサイト（クール・テック・フェード/ズームのスライドショー）","プロ（演出多め）"
"WEB-05891","歯科医院のオウンドメディア・ブログ（ナチュラル・オーガニック・画面2分割（写真｜コピー））","プロ（演出多め）"
"WEB-05892","クラウドファンディング・新商品のコーポレートサイト（ナチュラル・オーガニック・スクロール連動のストーリー）","プロ（演出多め）"
"WEB-05893","クラウドファンディング・新商品のオウンドメディア・ブログ（クール・テック・全画面ループ動画）","プロ（演出多め）"
"WEB-05894","コスメ・スキンケアの採用サイト（3D・クレイ・巨大コピー＋小さな写真）","プロ（演出多め）"
"WEB-05895","美容クリニックのサービスサイト（ミニマル・洗練・巨大コピー＋小さな写真）","上級"
"WEB-05896","食品・産直ECの採用サイト（和モダン・巨大コピー＋小さな写真）","プロ（演出多め）"
"WEB-05897","ゲーム・eスポーツのサービスサイト（パステル・ドリーミー・3Dオブジェクト/ジェネラティブ背景）","プロ（演出多め）"
"WEB-05898","YouTuber・インフルエンサーのサービスサイト（かわいい・ガーリー・3Dオブジェクト/ジェネラティブ背景）","プロ（演出多め）"
"WEB-05899","英会話・語学のコーポレートサイト（クール・テック・散らばった写真コラージュ）","プロ（演出多め）"
"WEB-05900","カフェ・ベーカリーのコーポレートサイト（ラグジュアリー・高級感・フェード/ズームのスライドショー）","プロ（演出多め）"
"WEB-05901","エステ・脱毛サロンのサービスサイト（3D・クレイ・散らばった写真コラージュ）","上級"
"WEB-05902","士業（税理士・弁護士・行政書士）の採用サイト（信頼・誠実（コーポレート）・縦書きコピー＋余白）","プロ（演出多め）"
"WEB-05903","ペット・トリミング・動物病院のブランドサイト（3D・クレイ・巨大コピー＋小さな写真）","上級"
"WEB-05904","NPO・地方自治体のブランドサイト（ハンドメイド・手書き・スクロール連動のストーリー）","プロ（演出多め）"
"WEB-05905","自動車・バイクのコーポレートサイト（エネルギッシュ・スポーティ・3Dオブジェクト/ジェネラティブ背景）","プロ（演出多め）"
"WEB-05906","コンサル・コーチングのポートフォリオ（個人/事務所）（ラグジュアリー・高級感・フェード/ズームのスライドショー）","上級"
"WEB-05907","コンサル・コーチングのオウンドメディア・ブログ（信頼・誠実（コーポレート）・縦書きコピー＋余白）","プロ（演出多め）"
"WEB-05908","食品・産直ECのECサイト（ポップ・カラフル・スクロール連動のストーリー）","プロ（演出多め）"
"WEB-05909","スマホアプリのブランドサイト（3D・クレイ・画面2分割（写真｜コピー））","プロ（演出多め）"
"WEB-05910","保育園・幼児教育・習い事のブランドサイト（ハンドメイド・手書き・スクロール連動のストーリー）","プロ（演出多め）"
"WEB-05911","保育園・幼児教育・習い事のコーポレートサイト（ナチュラル・オーガニック・巨大コピー＋小さな写真）","上級"
"WEB-05912","スマホアプリの採用サイト（クール・テック・画面2分割（写真｜コピー））","上級"
"WEB-05913","自動車・バイクの採用サイト（ダーク・シネマティック・全画面ループ動画）","プロ（演出多め）"
"WEB-05914","エステ・脱毛サロンのサービスサイト（ニューブルータリズム・画面2分割（写真｜コピー））","プロ（演出多め）"
"WEB-05915","サウナ・温浴施設のコーポレートサイト（レトロ・Y2K・散らばった写真コラージュ）","プロ（演出多め）"
"WEB-05916","工務店・注文住宅・リフォームのコーポレートサイト（ミニマル・洗練・縦書きコピー＋余白）","上級"
"WEB-05917","不動産・マンションのブランドサイト（ジオメトリック・グラフィカル・3Dオブジェクト/ジェネラティブ背景）","プロ（演出多め）"
"WEB-05918","保育園・幼児教育・習い事のブランドサイト（ネオン・サイバー・散らばった写真コラージュ）","上級"
"WEB-05919","和菓子・スイーツの店舗サイト（飲食・美容・サロン）（エディトリアル・雑誌風・ローディング演出→ロゴ→メインビジュアル）","プロ（演出多め）"
"WEB-05920","AIサービス・スタートアップのコーポレートサイト（クール・テック・フェード/ズームのスライドショー）","プロ（演出多め）"
"WEB-05921","ホテル・旅館のコーポレートサイト（ネオン・サイバー・縦書きコピー＋余白）","プロ（演出多め）"
"WEB-05922","金融・保険・投資の採用サイト（信頼・誠実（コーポレート）・縦書きコピー＋余白）","上級"
"WEB-05923","Web制作・デザイン事務所のオウンドメディア・ブログ（クール・テック・フェード/ズームのスライドショー）","プロ（演出多め）"
"WEB-05924","観光・地域プロモーションのイベント・フェスサイト（ダーク・シネマティック・散らばった写真コラージュ）","プロ（演出多め）"
"WEB-05925","工務店・注文住宅・リフォームの採用サイト（ミニマル・洗練・縦書きコピー＋余白）","プロ（演出多め）"
"WEB-05926","建築設計事務所のブランドサイト（ジオメトリック・グラフィカル・3Dオブジェクト/ジェネラティブ背景）","上級"
"WEB-05927","AIサービス・スタートアップの採用サイト（ミニマル・洗練・全画面ループ動画）","プロ（演出多め）"
"WEB-05928","美容クリニックの採用サイト（信頼・誠実（コーポレート）・3Dオブジェクト/ジェネラティブ背景）","プロ（演出多め）"
"WEB-05929","ホテル・旅館のコーポレートサイト（3D・クレイ・画面2分割（写真｜コピー））","プロ（演出多め）"
"WEB-05930","ゲーム・eスポーツのサービスサイト（和モダン・巨大コピー＋小さな写真）","上級"
"WEB-05931","建築設計事務所の採用サイト（エディトリアル・雑誌風・巨大コピー＋小さな写真）","プロ（演出多め）"
"WEB-05932","サウナ・温浴施設の採用サイト（ミニマル・洗練・スクロール連動のストーリー）","プロ（演出多め）"
"WEB-05933","観光・地域プロモーションの自治体・観光協会サイト（ハンドメイド・手書き・3Dオブジェクト/ジェネラティブ背景）","プロ（演出多め）"
"WEB-05934","英会話・語学のサービスサイト（信頼・誠実（コーポレート）・フェード/ズームのスライドショー）","プロ（演出多め）"
"WEB-05935","スクール・オンライン講座のサービスサイト（信頼・誠実（コーポレート）・スクロール連動のストーリー）","プロ（演出多め）"
"WEB-05936","スクール・オンライン講座のブランドサイト（ポップ・カラフル・全画面ループ動画）","上級"
"WEB-05937","ゲーム・eスポーツのサービスサイト（ネオン・サイバー・縦書きコピー＋余白）","上級"
"WEB-05938","コンサル・コーチングのオウンドメディア・ブログ（エディトリアル・雑誌風・スクロール連動のストーリー）","プロ（演出多め）"
"WEB-05939","農業・地方の生産者のオウンドメディア・ブログ（ハンドメイド・手書き・縦書きコピー＋余白）","上級"
"WEB-05940","スクール・オンライン講座のオウンドメディア・ブログ（クール・テック・全画面ループ動画）","プロ（演出多め）"
"WEB-05941","工務店・注文住宅・リフォームのサービスサイト（レトロ・Y2K・散らばった写真コラージュ）","プロ（演出多め）"
"WEB-05942","NPO・地方自治体のブランドサイト（ジオメトリック・グラフィカル・全画面ループ動画）","プロ（演出多め）"
"WEB-05943","コンサル・コーチングの採用サイト（ミニマル・洗練・画面2分割（写真｜コピー））","プロ（演出多め）"
"WEB-05944","引越し・生活サービスのコーポレートサイト（信頼・誠実（コーポレート）・3Dオブジェクト/ジェネラティブ背景）","プロ（演出多め）"
"WEB-05945","ゲーム・eスポーツのイベント・フェスサイト（レトロ・Y2K・全画面ループ動画）","プロ（演出多め）"
"WEB-05946","音楽・ライブ・イベントのブランドサイト（ネオン・サイバー・ローディング演出→ロゴ→メインビジュアル）","上級"
"WEB-05947","プログラミングスクールのブランドサイト（クール・テック・ローディング演出→ロゴ→メインビジュアル）","上級"
"WEB-05948","農業・地方の生産者のオウンドメディア・ブログ（かわいい・ガーリー・フェード/ズームのスライドショー）","プロ（演出多め）"
"WEB-05949","金融・保険・投資のサービスサイト（和モダン・3Dオブジェクト/ジェネラティブ背景）","プロ（演出多め）"
"WEB-05950","ウェディング・結婚相談所のコーポレートサイト（ダーク・シネマティック・画面2分割（写真｜コピー））","上級"
"WEB-05951","スクール・オンライン講座のコーポレートサイト（クール・テック・全画面ループ動画）","上級"
"WEB-05952","カフェ・ベーカリーのブランドサイト（クール・テック・3Dオブジェクト/ジェネラティブ背景）","プロ（演出多め）"
"WEB-05953","内科・クリニックのオウンドメディア・ブログ（北欧・ライフスタイル・ローディング演出→ロゴ→メインビジュアル）","プロ（演出多め）"
"WEB-05954","美容クリニックのコーポレートサイト（信頼・誠実（コーポレート）・スクロール連動のストーリー）","プロ（演出多め）"
"WEB-05955","不動産・マンションのブランドサイト（ミニマル・洗練・画面2分割（写真｜コピー））","プロ（演出多め）"
"WEB-05956","AIサービス・スタートアップのサービスサイト（ネオン・サイバー・フェード/ズームのスライドショー）","プロ（演出多め）"
"WEB-05957","工務店・注文住宅・リフォームのサービスサイト（北欧・ライフスタイル・全画面ループ動画）","プロ（演出多め）"
"WEB-05958","食品・産直ECのオウンドメディア・ブログ（ナチュラル・オーガニック・ローディング演出→ロゴ→メインビジュアル）","プロ（演出多め）"
"WEB-05959","建築設計事務所の採用サイト（エディトリアル・雑誌風・巨大コピー＋小さな写真）","プロ（演出多め）"
"WEB-05960","エステ・脱毛サロンのサービスサイト（ラグジュアリー・高級感・画面2分割（写真｜コピー））","プロ（演出多め）"
"WEB-05961","和菓子・スイーツのオウンドメディア・ブログ（パステル・ドリーミー・全画面ループ動画）","プロ（演出多め）"
"WEB-05962","金融・保険・投資の採用サイト（エディトリアル・雑誌風・全画面ループ動画）","プロ（演出多め）"
"WEB-05963","占い・スピリチュアルのコーポレートサイト（パステル・ドリーミー・巨大コピー＋小さな写真）","プロ（演出多め）"
"WEB-05964","農業・地方の生産者のコーポレートサイト（クール・テック・画面2分割（写真｜コピー））","プロ（演出多め）"
"WEB-05965","Web制作・デザイン事務所の採用サイト（エディトリアル・雑誌風・巨大コピー＋小さな写真）","上級"
"WEB-05966","引越し・生活サービスのオウンドメディア・ブログ（ポップ・カラフル・画面2分割（写真｜コピー））","プロ（演出多め）"
"WEB-05967","ヨガ・ピラティスのスクール・教室サイト（ミニマル・洗練・ローディング演出→ロゴ→メインビジュアル）","プロ（演出多め）"
"WEB-05968","コスメ・スキンケアのコーポレートサイト（パステル・ドリーミー・縦書きコピー＋余白）","上級"
"WEB-05969","ヨガ・ピラティスの採用サイト（ミニマル・洗練・フェード/ズームのスライドショー）","プロ（演出多め）"
"WEB-05970","占い・スピリチュアルの採用サイト（ラグジュアリー・高級感・画面2分割（写真｜コピー））","上級"
"WEB-05971","美容室・ヘアサロンのブランドサイト（かわいい・ガーリー・ローディング演出→ロゴ→メインビジュアル）","プロ（演出多め）"
"WEB-05972","YouTuber・インフルエンサーの採用サイト（エネルギッシュ・スポーティ・縦書きコピー＋余白）","上級"
"WEB-05973","クラウドファンディング・新商品のECサイト（ダーク・シネマティック・画面2分割（写真｜コピー））","プロ（演出多め）"
"WEB-05974","AIサービス・スタートアップのコーポレートサイト（クール・テック・スクロール連動のストーリー）","プロ（演出多め）"
"WEB-05975","コンサル・コーチングのポートフォリオ（個人/事務所）（エディトリアル・雑誌風・3Dオブジェクト/ジェネラティブ背景）","プロ（演出多め）"
"WEB-05976","スマホアプリのサービスサイト（グラスモーフィズム・散らばった写真コラージュ）","プロ（演出多め）"
"WEB-05977","ウェディング・結婚相談所のブランドサイト（ダーク・シネマティック・全画面ループ動画）","上級"
"WEB-05978","建築設計事務所のサービスサイト（エディトリアル・雑誌風・散らばった写真コラージュ）","プロ（演出多め）"
"WEB-05979","引越し・生活サービスの採用サイト（ポップ・カラフル・巨大コピー＋小さな写真）","プロ（演出多め）"
"WEB-05980","美容室・ヘアサロンのポートフォリオ（個人/事務所）（ミニマル・洗練・全画面ループ動画）","プロ（演出多め）"
"WEB-05981","士業（税理士・弁護士・行政書士）の採用サイト（3D・クレイ・3Dオブジェクト/ジェネラティブ背景）","プロ（演出多め）"
"WEB-05982","ホテル・旅館のオウンドメディア・ブログ（和モダン・散らばった写真コラージュ）","上級"
"WEB-05983","採用・求人のオウンドメディア・ブログ（エディトリアル・雑誌風・巨大コピー＋小さな写真）","プロ（演出多め）"
"WEB-05984","音楽・ライブ・イベントのコーポレートサイト（3D・クレイ・スクロール連動のストーリー）","プロ（演出多め）"
"WEB-05985","SaaS・BtoBツールのサービスサイト（グラスモーフィズム・スクロール連動のストーリー）","プロ（演出多め）"
"WEB-05986","プログラミングスクールのスクール・教室サイト（3D・クレイ・3Dオブジェクト/ジェネラティブ背景）","上級"
"WEB-05987","観光・地域プロモーションの採用サイト（ハンドメイド・手書き・散らばった写真コラージュ）","プロ（演出多め）"
"WEB-05988","クラウドファンディング・新商品のサービスサイト（レトロ・Y2K・散らばった写真コラージュ）","上級"
"WEB-05989","スマホアプリのオウンドメディア・ブログ（クール・テック・スクロール連動のストーリー）","上級"
"WEB-05990","NPO・地方自治体のブランドサイト（ナチュラル・オーガニック・3Dオブジェクト/ジェネラティブ背景）","プロ（演出多め）"
"WEB-05991","和菓子・スイーツのブランドサイト（パステル・ドリーミー・スクロール連動のストーリー）","プロ（演出多め）"
"WEB-05992","コスメ・スキンケアのサービスサイト（エネルギッシュ・スポーティ・全画面ループ動画）","上級"
"WEB-05993","SaaS・BtoBツールのオウンドメディア・ブログ（3D・クレイ・縦書きコピー＋余白）","プロ（演出多め）"
"WEB-05994","美容室・ヘアサロンの採用サイト（かわいい・ガーリー・縦書きコピー＋余白）","プロ（演出多め）"
"WEB-05995","音楽・ライブ・イベントのイベント・フェスサイト（ニューブルータリズム・3Dオブジェクト/ジェネラティブ背景）","プロ（演出多め）"
"WEB-05996","美容クリニックのブランドサイト（ラグジュアリー・高級感・ローディング演出→ロゴ→メインビジュアル）","プロ（演出多め）"
"WEB-05997","カフェ・ベーカリーのオウンドメディア・ブログ（ナチュラル・オーガニック・3Dオブジェクト/ジェネラティブ背景）","プロ（演出多め）"
"WEB-05998","NPO・地方自治体のイベント・フェスサイト（ハンドメイド・手書き・縦書きコピー＋余白）","プロ（演出多め）"
"WEB-05999","食品・産直ECのオウンドメディア・ブログ（ナチュラル・オーガニック・3Dオブジェクト/ジェネラティブ背景）","プロ（演出多め）"
"WEB-06000","音楽・ライブ・イベントのコーポレートサイト（ニューブルータリズム・ローディング演出→ロゴ→メインビジュアル）","プロ（演出多め）"
"WEB-06001","ゲーム・eスポーツのイベント・フェスサイト（ネオン・サイバー・フェード/ズームのスライドショー）","プロ（演出多め）"
"WEB-06002","スマホアプリのオウンドメディア・ブログ（3D・クレイ・画面2分割（写真｜コピー））","プロ（演出多め）"
"WEB-06003","ヨガ・ピラティスのスクール・教室サイト（北欧・ライフスタイル・縦書きコピー＋余白）","プロ（演出多め）"
"WEB-06004","コスメ・スキンケアのオウンドメディア・ブログ（かわいい・ガーリー・画面2分割（写真｜コピー））","プロ（演出多め）"
"WEB-06005","引越し・生活サービスのオウンドメディア・ブログ（3D・クレイ・散らばった写真コラージュ）","プロ（演出多め）"
"WEB-06006","士業（税理士・弁護士・行政書士）のコーポレートサイト（かわいい・ガーリー・ローディング演出→ロゴ→メインビジュアル）","プロ（演出多め）"
"WEB-06007","美容クリニックのブランドサイト（信頼・誠実（コーポレート）・フェード/ズームのスライドショー）","上級"
"WEB-06008","内科・クリニックのクリニック・医院サイト（ナチュラル・オーガニック・スクロール連動のストーリー）","上級"
"WEB-06009","コンサル・コーチングの採用サイト（エディトリアル・雑誌風・巨大コピー＋小さな写真）","上級"
"WEB-06010","士業（税理士・弁護士・行政書士）のサービスサイト（和モダン・画面2分割（写真｜コピー））","プロ（演出多め）"
"WEB-06011","美容クリニックのオウンドメディア・ブログ（エディトリアル・雑誌風・全画面ループ動画）","プロ（演出多め）"
"WEB-06012","士業（税理士・弁護士・行政書士）のサービスサイト（ラグジュアリー・高級感・散らばった写真コラージュ）","プロ（演出多め）"
"WEB-06013","NPO・地方自治体のサービスサイト（ジオメトリック・グラフィカル・縦書きコピー＋余白）","プロ（演出多め）"
"WEB-06014","レストラン・居酒屋のブランドサイト（ラグジュアリー・高級感・縦書きコピー＋余白）","上級"
"WEB-06015","スクール・オンライン講座のスクール・教室サイト（クール・テック・スクロール連動のストーリー）","上級"
"WEB-06016","NPO・地方自治体の採用サイト（ハンドメイド・手書き・3Dオブジェクト/ジェネラティブ背景）","プロ（演出多め）"
"WEB-06017","ゲーム・eスポーツのイベント・フェスサイト（ネオン・サイバー・散らばった写真コラージュ）","上級"
"WEB-06018","プログラミングスクールのサービスサイト（ラグジュアリー・高級感・ローディング演出→ロゴ→メインビジュアル）","プロ（演出多め）"
"WEB-06019","金融・保険・投資の採用サイト（信頼・誠実（コーポレート）・フェード/ズームのスライドショー）","プロ（演出多め）"
"WEB-06020","金融・保険・投資のオウンドメディア・ブログ（信頼・誠実（コーポレート）・散らばった写真コラージュ）","プロ（演出多め）"
"WEB-06021","内科・クリニックのオウンドメディア・ブログ（北欧・ライフスタイル・縦書きコピー＋余白）","上級"
"WEB-06022","コンサル・コーチングのサービスサイト（信頼・誠実（コーポレート）・全画面ループ動画）","上級"
"WEB-06023","Web制作・デザイン事務所のオウンドメディア・ブログ（クール・テック・巨大コピー＋小さな写真）","プロ（演出多め）"
"WEB-06024","ホテル・旅館のブランドサイト（ミニマル・洗練・巨大コピー＋小さな写真）","プロ（演出多め）"
"WEB-06025","士業（税理士・弁護士・行政書士）のオウンドメディア・ブログ（信頼・誠実（コーポレート）・散らばった写真コラージュ）","プロ（演出多め）"
"WEB-06026","美容クリニックのサービスサイト（信頼・誠実（コーポレート）・全画面ループ動画）","上級"
"WEB-06027","SaaS・BtoBツールのブランドサイト（3D・クレイ・画面2分割（写真｜コピー））","プロ（演出多め）"
"WEB-06028","ペット・トリミング・動物病院のサービスサイト（3D・クレイ・全画面ループ動画）","上級"
"WEB-06029","士業（税理士・弁護士・行政書士）の採用サイト（和モダン・画面2分割（写真｜コピー））","プロ（演出多め）"
"WEB-06030","美容室・ヘアサロンのコーポレートサイト（北欧・ライフスタイル・ローディング演出→ロゴ→メインビジュアル）","プロ（演出多め）"
"WEB-06031","歯科医院のクリニック・医院サイト（ポップ・カラフル・巨大コピー＋小さな写真）","プロ（演出多め）"
"WEB-06032","音楽・ライブ・イベントのブランドサイト（エディトリアル・雑誌風・巨大コピー＋小さな写真）","プロ（演出多め）"
"WEB-06033","農業・地方の生産者のサービスサイト（和モダン・散らばった写真コラージュ）","上級"
"WEB-06034","農業・地方の生産者のECサイト（和モダン・縦書きコピー＋余白）","上級"
"WEB-06035","歯科医院のオウンドメディア・ブログ（ミニマル・洗練・フェード/ズームのスライドショー）","上級"
"WEB-06036","サウナ・温浴施設のコーポレートサイト（和モダン・画面2分割（写真｜コピー））","プロ（演出多め）"
"WEB-06037","歯科医院のオウンドメディア・ブログ（ナチュラル・オーガニック・縦書きコピー＋余白）","プロ（演出多め）"
"WEB-06038","建築設計事務所の採用サイト（エディトリアル・雑誌風・ローディング演出→ロゴ→メインビジュアル）","プロ（演出多め）"
"WEB-06039","ゲーム・eスポーツのサービスサイト（ダーク・シネマティック・縦書きコピー＋余白）","プロ（演出多め）"
"WEB-06040","クラウドファンディング・新商品の採用サイト（クール・テック・全画面ループ動画）","上級"
"WEB-06041","ヨガ・ピラティスのコーポレートサイト（パステル・ドリーミー・フェード/ズームのスライドショー）","プロ（演出多め）"
"WEB-06042","音楽・ライブ・イベントのブランドサイト（ニューブルータリズム・3Dオブジェクト/ジェネラティブ背景）","プロ（演出多め）"
"WEB-06043","採用・求人のサービスサイト（ジオメトリック・グラフィカル・全画面ループ動画）","上級"
"WEB-06044","ウェディング・結婚相談所のブランドサイト（ハンドメイド・手書き・画面2分割（写真｜コピー））","プロ（演出多め）"
"WEB-06045","エステ・脱毛サロンのサービスサイト（パステル・ドリーミー・画面2分割（写真｜コピー））","プロ（演出多め）"
"WEB-06046","YouTuber・インフルエンサーのイベント・フェスサイト（ラグジュアリー・高級感・巨大コピー＋小さな写真）","プロ（演出多め）"
"WEB-06047","コンサル・コーチングのコーポレートサイト（信頼・誠実（コーポレート）・画面2分割（写真｜コピー））","プロ（演出多め）"
"WEB-06048","英会話・語学のサービスサイト（ジオメトリック・グラフィカル・スクロール連動のストーリー）","プロ（演出多め）"
"WEB-06049","スマホアプリのオウンドメディア・ブログ（3D・クレイ・全画面ループ動画）","プロ（演出多め）"
"WEB-06050","音楽・ライブ・イベントのブランドサイト（ダーク・シネマティック・3Dオブジェクト/ジェネラティブ背景）","上級"
"WEB-06051","観光・地域プロモーションの自治体・観光協会サイト（ハンドメイド・手書き・全画面ループ動画）","上級"
"WEB-06052","ゲーム・eスポーツのサービスサイト（エネルギッシュ・スポーティ・スクロール連動のストーリー）","プロ（演出多め）"
"WEB-06053","Web制作・デザイン事務所のコーポレートサイト（クール・テック・画面2分割（写真｜コピー））","上級"
"WEB-06054","観光・地域プロモーションの自治体・観光協会サイト（クール・テック・3Dオブジェクト/ジェネラティブ背景）","プロ（演出多め）"
"WEB-06055","AIサービス・スタートアップのコーポレートサイト（ミニマル・洗練・スクロール連動のストーリー）","プロ（演出多め）"
"WEB-06056","歯科医院の採用サイト（ミニマル・洗練・フェード/ズームのスライドショー）","上級"
"WEB-06057","ペット・トリミング・動物病院のオウンドメディア・ブログ（かわいい・ガーリー・散らばった写真コラージュ）","プロ（演出多め）"
"WEB-06058","NPO・地方自治体の自治体・観光協会サイト（ナチュラル・オーガニック・フェード/ズームのスライドショー）","プロ（演出多め）"
"WEB-06059","SaaS・BtoBツールのブランドサイト（クール・テック・縦書きコピー＋余白）","プロ（演出多め）"
"WEB-06060","ゲーム・eスポーツのサービスサイト（レトロ・Y2K・全画面ループ動画）","上級"
"WEB-06061","スマホアプリのサービスサイト（3D・クレイ・全画面ループ動画）","プロ（演出多め）"
"WEB-06062","不動産・マンションの採用サイト（信頼・誠実（コーポレート）・画面2分割（写真｜コピー））","プロ（演出多め）"
"WEB-06063","美容クリニックのクリニック・医院サイト（ラグジュアリー・高級感・スクロール連動のストーリー）","プロ（演出多め）"
"WEB-06064","和菓子・スイーツの店舗サイト（飲食・美容・サロン）（かわいい・ガーリー・ローディング演出→ロゴ→メインビジュアル）","プロ（演出多め）"
"WEB-06065","YouTuber・インフルエンサーのコーポレートサイト（ネオン・サイバー・3Dオブジェクト/ジェネラティブ背景）","上級"
"WEB-06066","占い・スピリチュアルのサービスサイト（ポップ・カラフル・縦書きコピー＋余白）","プロ（演出多め）"
"WEB-06067","自動車・バイクのコーポレートサイト（クール・テック・スクロール連動のストーリー）","上級"
"WEB-06068","コンサル・コーチングのコーポレートサイト（ミニマル・洗練・巨大コピー＋小さな写真）","プロ（演出多め）"
"WEB-06069","コスメ・スキンケアのサービスサイト（ナチュラル・オーガニック・フェード/ズームのスライドショー）","プロ（演出多め）"
"WEB-06070","NPO・地方自治体のブランドサイト（ジオメトリック・グラフィカル・フェード/ズームのスライドショー）","プロ（演出多め）"
"WEB-06071","音楽・ライブ・イベントのサービスサイト（グラスモーフィズム・スクロール連動のストーリー）","プロ（演出多め）"
"WEB-06072","農業・地方の生産者のコーポレートサイト（ハンドメイド・手書き・画面2分割（写真｜コピー））","プロ（演出多め）"
"WEB-06073","SaaS・BtoBツールのサービスサイト（和モダン・フェード/ズームのスライドショー）","プロ（演出多め）"
"WEB-06074","自動車・バイクの採用サイト（クール・テック・巨大コピー＋小さな写真）","プロ（演出多め）"
"WEB-06075","Web制作・デザイン事務所のコーポレートサイト（クール・テック・散らばった写真コラージュ）","上級"
"WEB-06076","内科・クリニックのオウンドメディア・ブログ（ナチュラル・オーガニック・ローディング演出→ロゴ→メインビジュアル）","プロ（演出多め）"
"WEB-06077","ゲーム・eスポーツのオウンドメディア・ブログ（レトロ・Y2K・フェード/ズームのスライドショー）","プロ（演出多め）"
"WEB-06078","コスメ・スキンケアのオウンドメディア・ブログ（ミニマル・洗練・ローディング演出→ロゴ→メインビジュアル）","上級"
"WEB-06079","食品・産直ECのサービスサイト（ポップ・カラフル・画面2分割（写真｜コピー））","プロ（演出多め）"
"WEB-06080","ヨガ・ピラティスのサービスサイト（パステル・ドリーミー・スクロール連動のストーリー）","プロ（演出多め）"
"WEB-06081","YouTuber・インフルエンサーのブランドサイト（ナチュラル・オーガニック・スクロール連動のストーリー）","上級"
"WEB-06082","不動産・マンションの採用サイト（信頼・誠実（コーポレート）・ローディング演出→ロゴ→メインビジュアル）","プロ（演出多め）"
"WEB-06083","スマホアプリのサービスサイト（クール・テック・フェード/ズームのスライドショー）","上級"
"WEB-06084","音楽・ライブ・イベントのサービスサイト（ダーク・シネマティック・画面2分割（写真｜コピー））","プロ（演出多め）"
"WEB-06085","アパレル・ファッションECのブランドサイト（レトロ・Y2K・巨大コピー＋小さな写真）","プロ（演出多め）"
"WEB-06086","スクール・オンライン講座のコーポレートサイト（クール・テック・縦書きコピー＋余白）","プロ（演出多め）"
"WEB-06087","農業・地方の生産者の採用サイト（ハンドメイド・手書き・ローディング演出→ロゴ→メインビジュアル）","プロ（演出多め）"
"WEB-06088","英会話・語学のブランドサイト（3D・クレイ・巨大コピー＋小さな写真）","プロ（演出多め）"
"WEB-06089","NPO・地方自治体のイベント・フェスサイト（ハンドメイド・手書き・スクロール連動のストーリー）","上級"
"WEB-06090","音楽・ライブ・イベントの採用サイト（ダーク・シネマティック・フェード/ズームのスライドショー）","プロ（演出多め）"
"WEB-06091","カフェ・ベーカリーの店舗サイト（飲食・美容・サロン）（ハンドメイド・手書き・散らばった写真コラージュ）","上級"
"WEB-06092","歯科医院のコーポレートサイト（信頼・誠実（コーポレート）・画面2分割（写真｜コピー））","プロ（演出多め）"
"WEB-06093","レストラン・居酒屋の店舗サイト（飲食・美容・サロン）（和モダン・フェード/ズームのスライドショー）","プロ（演出多め）"
"WEB-06094","コンサル・コーチングのサービスサイト（信頼・誠実（コーポレート）・3Dオブジェクト/ジェネラティブ背景）","上級"
"WEB-06095","NPO・地方自治体のサービスサイト（信頼・誠実（コーポレート）・画面2分割（写真｜コピー））","上級"
"WEB-06096","コスメ・スキンケアのコーポレートサイト（ナチュラル・オーガニック・スクロール連動のストーリー）","プロ（演出多め）"
"WEB-06097","ウェディング・結婚相談所のコーポレートサイト（パステル・ドリーミー・巨大コピー＋小さな写真）","上級"
"WEB-06098","NPO・地方自治体のオウンドメディア・ブログ（ナチュラル・オーガニック・巨大コピー＋小さな写真）","上級"
"WEB-06099","レストラン・居酒屋のオウンドメディア・ブログ（レトロ・Y2K・全画面ループ動画）","プロ（演出多め）"
"WEB-06100","コンサル・コーチングのポートフォリオ（個人/事務所）（エディトリアル・雑誌風・フェード/ズームのスライドショー）","プロ（演出多め）"
"WEB-06101","スマホアプリのサービスサイト（クール・テック・縦書きコピー＋余白）","上級"
"WEB-06102","英会話・語学のコーポレートサイト（クール・テック・散らばった写真コラージュ）","上級"
"WEB-06103","自動車・バイクのコーポレートサイト（和モダン・3Dオブジェクト/ジェネラティブ背景）","上級"
"WEB-06104","和菓子・スイーツのブランドサイト（かわいい・ガーリー・画面2分割（写真｜コピー））","上級"
"WEB-06105","建築設計事務所のコーポレートサイト（ジオメトリック・グラフィカル・縦書きコピー＋余白）","上級"
"WEB-06106","音楽・ライブ・イベントのオウンドメディア・ブログ（ニューブルータリズム・フェード/ズームのスライドショー）","プロ（演出多め）"
"WEB-06107","美容クリニックのクリニック・医院サイト（ミニマル・洗練・画面2分割（写真｜コピー））","プロ（演出多め）"
"WEB-06108","コンサル・コーチングのブランドサイト（ミニマル・洗練・巨大コピー＋小さな写真）","プロ（演出多め）"
"WEB-06109","ヨガ・ピラティスのコーポレートサイト（ナチュラル・オーガニック・縦書きコピー＋余白）","プロ（演出多め）"
"WEB-06110","YouTuber・インフルエンサーのオウンドメディア・ブログ（ニューブルータリズム・縦書きコピー＋余白）","プロ（演出多め）"
"WEB-06111","エステ・脱毛サロンのブランドサイト（ミニマル・洗練・スクロール連動のストーリー）","上級"
"WEB-06112","士業（税理士・弁護士・行政書士）のブランドサイト（信頼・誠実（コーポレート）・フェード/ズームのスライドショー）","プロ（演出多め）"
"WEB-06113","YouTuber・インフルエンサーのコーポレートサイト（ポップ・カラフル・3Dオブジェクト/ジェネラティブ背景）","プロ（演出多め）"
"WEB-06114","NPO・地方自治体の採用サイト（ナチュラル・オーガニック・スクロール連動のストーリー）","プロ（演出多め）"
"WEB-06115","AIサービス・スタートアップのサービスサイト（グラスモーフィズム・スクロール連動のストーリー）","上級"
"WEB-06116","内科・クリニックのコーポレートサイト（信頼・誠実（コーポレート）・全画面ループ動画）","プロ（演出多め）"
"WEB-06117","美容クリニックのコーポレートサイト（信頼・誠実（コーポレート）・スクロール連動のストーリー）","プロ（演出多め）"
"WEB-06118","音楽・ライブ・イベントのオウンドメディア・ブログ（ネオン・サイバー・フェード/ズームのスライドショー）","プロ（演出多め）"
"WEB-06119","音楽・ライブ・イベントのサービスサイト（3D・クレイ・散らばった写真コラージュ）","上級"
"WEB-06120","コスメ・スキンケアのECサイト（ミニマル・洗練・全画面ループ動画）","プロ（演出多め）"
"WEB-06121","引越し・生活サービスのサービスサイト（ポップ・カラフル・ローディング演出→ロゴ→メインビジュアル）","プロ（演出多め）"
"WEB-06122","英会話・語学のコーポレートサイト（ジオメトリック・グラフィカル・画面2分割（写真｜コピー））","プロ（演出多め）"
"WEB-06123","英会話・語学のブランドサイト（ラグジュアリー・高級感・散らばった写真コラージュ）","プロ（演出多め）"
"WEB-06124","引越し・生活サービスのブランドサイト（信頼・誠実（コーポレート）・スクロール連動のストーリー）","プロ（演出多め）"
"WEB-06125","観光・地域プロモーションのブランドサイト（和モダン・ローディング演出→ロゴ→メインビジュアル）","プロ（演出多め）"
"WEB-06126","ゲーム・eスポーツのサービスサイト（ネオン・サイバー・スクロール連動のストーリー）","プロ（演出多め）"
"WEB-06127","レストラン・居酒屋のコーポレートサイト（ラグジュアリー・高級感・巨大コピー＋小さな写真）","プロ（演出多め）"
"WEB-06128","士業（税理士・弁護士・行政書士）のオウンドメディア・ブログ（ミニマル・洗練・スクロール連動のストーリー）","プロ（演出多め）"
"WEB-06129","建築設計事務所のポートフォリオ（個人/事務所）（エディトリアル・雑誌風・ローディング演出→ロゴ→メインビジュアル）","プロ（演出多め）"
"WEB-06130","レストラン・居酒屋のサービスサイト（ダーク・シネマティック・ローディング演出→ロゴ→メインビジュアル）","プロ（演出多め）"
"WEB-06131","ゲーム・eスポーツのサービスサイト（ラグジュアリー・高級感・縦書きコピー＋余白）","プロ（演出多め）"
"WEB-06132","金融・保険・投資の採用サイト（クール・テック・画面2分割（写真｜コピー））","プロ（演出多め）"
"WEB-06133","工務店・注文住宅・リフォームの採用サイト（ナチュラル・オーガニック・散らばった写真コラージュ）","プロ（演出多め）"
"WEB-06134","工務店・注文住宅・リフォームのオウンドメディア・ブログ（信頼・誠実（コーポレート）・3Dオブジェクト/ジェネラティブ背景）","上級"
"WEB-06135","YouTuber・インフルエンサーの採用サイト（ネオン・サイバー・画面2分割（写真｜コピー））","プロ（演出多め）"
"WEB-06136","エステ・脱毛サロンのコーポレートサイト（ポップ・カラフル・スクロール連動のストーリー）","上級"
"WEB-06137","自動車・バイクの採用サイト（ラグジュアリー・高級感・スクロール連動のストーリー）","プロ（演出多め）"
"WEB-06138","ペット・トリミング・動物病院のオウンドメディア・ブログ（3D・クレイ・ローディング演出→ロゴ→メインビジュアル）","プロ（演出多め）"
"WEB-06139","スクール・オンライン講座のオウンドメディア・ブログ（ジオメトリック・グラフィカル・3Dオブジェクト/ジェネラティブ背景）","プロ（演出多め）"
"WEB-06140","クラウドファンディング・新商品の採用サイト（ポップ・カラフル・3Dオブジェクト/ジェネラティブ背景）","プロ（演出多め）"
"WEB-06141","美容室・ヘアサロンの店舗サイト（飲食・美容・サロン）（かわいい・ガーリー・全画面ループ動画）","プロ（演出多め）"
"WEB-06142","カフェ・ベーカリーの採用サイト（ナチュラル・オーガニック・3Dオブジェクト/ジェネラティブ背景）","上級"
"WEB-06143","レストラン・居酒屋のオウンドメディア・ブログ（ラグジュアリー・高級感・巨大コピー＋小さな写真）","上級"
"WEB-06144","ゲーム・eスポーツの採用サイト（ネオン・サイバー・巨大コピー＋小さな写真）","プロ（演出多め）"
"WEB-06145","ペット・トリミング・動物病院のコーポレートサイト（かわいい・ガーリー・巨大コピー＋小さな写真）","上級"
"WEB-06146","コスメ・スキンケアのコーポレートサイト（ミニマル・洗練・縦書きコピー＋余白）","上級"
"WEB-06147","YouTuber・インフルエンサーのオウンドメディア・ブログ（ニューブルータリズム・画面2分割（写真｜コピー））","プロ（演出多め）"
"WEB-06148","スクール・オンライン講座のスクール・教室サイト（3D・クレイ・3Dオブジェクト/ジェネラティブ背景）","プロ（演出多め）"
"WEB-06149","美容室・ヘアサロンの採用サイト（北欧・ライフスタイル・巨大コピー＋小さな写真）","プロ（演出多め）"
"WEB-06150","観光・地域プロモーションの自治体・観光協会サイト（レトロ・Y2K・3Dオブジェクト/ジェネラティブ背景）","上級"
"WEB-06151","スマホアプリのブランドサイト（クール・テック・スクロール連動のストーリー）","上級"
"WEB-06152","自動車・バイクのサービスサイト（エネルギッシュ・スポーティ・全画面ループ動画）","プロ（演出多め）"
"WEB-06153","クラウドファンディング・新商品のブランドサイト（ダーク・シネマティック・巨大コピー＋小さな写真）","プロ（演出多め）"
"WEB-06154","SaaS・BtoBツールのオウンドメディア・ブログ（信頼・誠実（コーポレート）・散らばった写真コラージュ）","プロ（演出多め）"
"WEB-06155","NPO・地方自治体の採用サイト（ナチュラル・オーガニック・縦書きコピー＋余白）","上級"
"WEB-06156","ペット・トリミング・動物病院のコーポレートサイト（3D・クレイ・巨大コピー＋小さな写真）","プロ（演出多め）"
"WEB-06157","コスメ・スキンケアのオウンドメディア・ブログ（和モダン・全画面ループ動画）","プロ（演出多め）"
"WEB-06158","引越し・生活サービスのサービスサイト（信頼・誠実（コーポレート）・全画面ループ動画）","プロ（演出多め）"
"WEB-06159","スマホアプリのコーポレートサイト（グラスモーフィズム・縦書きコピー＋余白）","プロ（演出多め）"
"WEB-06160","ヨガ・ピラティスの店舗サイト（飲食・美容・サロン）（北欧・ライフスタイル・スクロール連動のストーリー）","プロ（演出多め）"
"WEB-06161","コスメ・スキンケアのオウンドメディア・ブログ（ハンドメイド・手書き・全画面ループ動画）","上級"
"WEB-06162","NPO・地方自治体のサービスサイト（ジオメトリック・グラフィカル・フェード/ズームのスライドショー）","上級"
"WEB-06163","ゲーム・eスポーツのサービスサイト（エネルギッシュ・スポーティ・巨大コピー＋小さな写真）","上級"
"WEB-06164","スマホアプリの採用サイト（3D・クレイ・ローディング演出→ロゴ→メインビジュアル）","プロ（演出多め）"
"WEB-06165","サウナ・温浴施設の採用サイト（ニューブルータリズム・ローディング演出→ロゴ→メインビジュアル）","プロ（演出多め）"
"WEB-06166","英会話・語学のサービスサイト（信頼・誠実（コーポレート）・散らばった写真コラージュ）","プロ（演出多め）"
"WEB-06167","工務店・注文住宅・リフォームのブランドサイト（ミニマル・洗練・3Dオブジェクト/ジェネラティブ背景）","上級"
"WEB-06168","パーソナルジム・フィットネスのスクール・教室サイト（エネルギッシュ・スポーティ・ローディング演出→ロゴ→メインビジュアル）","上級"
"WEB-06169","ペット・トリミング・動物病院のクリニック・医院サイト（かわいい・ガーリー・画面2分割（写真｜コピー））","プロ（演出多め）"
"WEB-06170","音楽・ライブ・イベントの採用サイト（クール・テック・画面2分割（写真｜コピー））","上級"
"WEB-06171","クラウドファンディング・新商品のコーポレートサイト（クール・テック・スクロール連動のストーリー）","プロ（演出多め）"
"WEB-06172","不動産・マンションの採用サイト（ダーク・シネマティック・3Dオブジェクト/ジェネラティブ背景）","プロ（演出多め）"
"WEB-06173","アパレル・ファッションECのコーポレートサイト（ニューブルータリズム・フェード/ズームのスライドショー）","上級"
"WEB-06174","AIサービス・スタートアップのコーポレートサイト（ミニマル・洗練・スクロール連動のストーリー）","プロ（演出多め）"
"WEB-06175","ヨガ・ピラティスのスクール・教室サイト（北欧・ライフスタイル・ローディング演出→ロゴ→メインビジュアル）","上級"
"WEB-06176","和菓子・スイーツのECサイト（和モダン・フェード/ズームのスライドショー）","プロ（演出多め）"
"WEB-06177","プログラミングスクールのスクール・教室サイト（レトロ・Y2K・フェード/ズームのスライドショー）","上級"
"WEB-06178","内科・クリニックのサービスサイト（北欧・ライフスタイル・ローディング演出→ロゴ→メインビジュアル）","上級"
"WEB-06179","和菓子・スイーツの店舗サイト（飲食・美容・サロン）（ナチュラル・オーガニック・スクロール連動のストーリー）","プロ（演出多め）"
"WEB-06180","コスメ・スキンケアのブランドサイト（ミニマル・洗練・巨大コピー＋小さな写真）","上級"
"WEB-06181","ヨガ・ピラティスの店舗サイト（飲食・美容・サロン）（北欧・ライフスタイル・フェード/ズームのスライドショー）","プロ（演出多め）"
"WEB-06182","英会話・語学のサービスサイト（信頼・誠実（コーポレート）・スクロール連動のストーリー）","上級"
"WEB-06183","カフェ・ベーカリーのブランドサイト（レトロ・Y2K・フェード/ズームのスライドショー）","プロ（演出多め）"
"WEB-06184","観光・地域プロモーションの採用サイト（ミニマル・洗練・フェード/ズームのスライドショー）","プロ（演出多め）"
"WEB-06185","内科・クリニックのサービスサイト（ナチュラル・オーガニック・巨大コピー＋小さな写真）","上級"
"WEB-06186","音楽・ライブ・イベントのコーポレートサイト（レトロ・Y2K・画面2分割（写真｜コピー））","プロ（演出多め）"
"WEB-06187","エステ・脱毛サロンの店舗サイト（飲食・美容・サロン）（かわいい・ガーリー・ローディング演出→ロゴ→メインビジュアル）","プロ（演出多め）"
"WEB-06188","ペット・トリミング・動物病院のオウンドメディア・ブログ（3D・クレイ・3Dオブジェクト/ジェネラティブ背景）","上級"
"WEB-06189","ゲーム・eスポーツのオウンドメディア・ブログ（レトロ・Y2K・全画面ループ動画）","プロ（演出多め）"
"WEB-06190","農業・地方の生産者のサービスサイト（ナチュラル・オーガニック・3Dオブジェクト/ジェネラティブ背景）","上級"
"WEB-06191","ヨガ・ピラティスのブランドサイト（クール・テック・フェード/ズームのスライドショー）","プロ（演出多め）"
"WEB-06192","士業（税理士・弁護士・行政書士）の採用サイト（和モダン・縦書きコピー＋余白）","プロ（演出多め）"
"WEB-06193","SaaS・BtoBツールの採用サイト（ミニマル・洗練・3Dオブジェクト/ジェネラティブ背景）","上級"
"WEB-06194","エステ・脱毛サロンのサービスサイト（パステル・ドリーミー・3Dオブジェクト/ジェネラティブ背景）","上級"
"WEB-06195","保育園・幼児教育・習い事のスクール・教室サイト（ナチュラル・オーガニック・画面2分割（写真｜コピー））","上級"
"WEB-06196","内科・クリニックのクリニック・医院サイト（北欧・ライフスタイル・画面2分割（写真｜コピー））","上級"
"WEB-06197","士業（税理士・弁護士・行政書士）の採用サイト（信頼・誠実（コーポレート）・全画面ループ動画）","プロ（演出多め）"
"WEB-06198","歯科医院のブランドサイト（ラグジュアリー・高級感・画面2分割（写真｜コピー））","プロ（演出多め）"
"WEB-06199","ゲーム・eスポーツのブランドサイト（エネルギッシュ・スポーティ・画面2分割（写真｜コピー））","上級"
"WEB-06200","和菓子・スイーツの採用サイト（ナチュラル・オーガニック・ローディング演出→ロゴ→メインビジュアル）","プロ（演出多め）"
"WEB-06201","和菓子・スイーツの店舗サイト（飲食・美容・サロン）（かわいい・ガーリー・3Dオブジェクト/ジェネラティブ背景）","プロ（演出多め）"
"WEB-06202","引越し・生活サービスの採用サイト（3D・クレイ・巨大コピー＋小さな写真）","プロ（演出多め）"
"WEB-06203","ヨガ・ピラティスのオウンドメディア・ブログ（ミニマル・洗練・フェード/ズームのスライドショー）","プロ（演出多め）"
"WEB-06204","和菓子・スイーツのオウンドメディア・ブログ（エディトリアル・雑誌風・3Dオブジェクト/ジェネラティブ背景）","プロ（演出多め）"
"WEB-06205","農業・地方の生産者のサービスサイト（ナチュラル・オーガニック・ローディング演出→ロゴ→メインビジュアル）","上級"
"WEB-06206","ゲーム・eスポーツのコーポレートサイト（ダーク・シネマティック・フェード/ズームのスライドショー）","プロ（演出多め）"
"WEB-06207","ゲーム・eスポーツの採用サイト（ネオン・サイバー・画面2分割（写真｜コピー））","上級"
"WEB-06208","Web制作・デザイン事務所のコーポレートサイト（クール・テック・スクロール連動のストーリー）","プロ（演出多め）"
"WEB-06209","レストラン・居酒屋のオウンドメディア・ブログ（ポップ・カラフル・巨大コピー＋小さな写真）","プロ（演出多め）"
"WEB-06210","Web制作・デザイン事務所のコーポレートサイト（ダーク・シネマティック・縦書きコピー＋余白）","プロ（演出多め）"
"WEB-06211","採用・求人のサービスサイト（信頼・誠実（コーポレート）・スクロール連動のストーリー）","プロ（演出多め）"
"WEB-06212","スクール・オンライン講座の採用サイト（3D・クレイ・散らばった写真コラージュ）","プロ（演出多め）"
"WEB-06213","コスメ・スキンケアのブランドサイト（和モダン・巨大コピー＋小さな写真）","プロ（演出多め）"
"WEB-06214","サウナ・温浴施設のブランドサイト（ニューブルータリズム・巨大コピー＋小さな写真）","上級"
"WEB-06215","和菓子・スイーツの採用サイト（和モダン・巨大コピー＋小さな写真）","プロ（演出多め）"
"WEB-06216","レストラン・居酒屋のブランドサイト（かわいい・ガーリー・縦書きコピー＋余白）","上級"
"WEB-06217","美容クリニックのサービスサイト（信頼・誠実（コーポレート）・巨大コピー＋小さな写真）","上級"
"WEB-06218","スマホアプリのオウンドメディア・ブログ（グラスモーフィズム・ローディング演出→ロゴ→メインビジュアル）","プロ（演出多め）"
"WEB-06219","エステ・脱毛サロンのコーポレートサイト（かわいい・ガーリー・縦書きコピー＋余白）","プロ（演出多め）"
"WEB-06220","ウェディング・結婚相談所のオウンドメディア・ブログ（ミニマル・洗練・ローディング演出→ロゴ→メインビジュアル）","上級"
"WEB-06221","カフェ・ベーカリーのオウンドメディア・ブログ（ナチュラル・オーガニック・スクロール連動のストーリー）","プロ（演出多め）"
"WEB-06222","アパレル・ファッションECのECサイト（ミニマル・洗練・巨大コピー＋小さな写真）","上級"
"WEB-06223","パーソナルジム・フィットネスのオウンドメディア・ブログ（ニューブルータリズム・3Dオブジェクト/ジェネラティブ背景）","上級"
"WEB-06224","NPO・地方自治体のイベント・フェスサイト（ニューブルータリズム・フェード/ズームのスライドショー）","プロ（演出多め）"
"WEB-06225","食品・産直ECの採用サイト（エネルギッシュ・スポーティ・散らばった写真コラージュ）","プロ（演出多め）"
"WEB-06226","工務店・注文住宅・リフォームのサービスサイト（ミニマル・洗練・散らばった写真コラージュ）","上級"
"WEB-06227","NPO・地方自治体のブランドサイト（ジオメトリック・グラフィカル・散らばった写真コラージュ）","プロ（演出多め）"
"WEB-06228","自動車・バイクのオウンドメディア・ブログ（エネルギッシュ・スポーティ・スクロール連動のストーリー）","プロ（演出多め）"
"WEB-06229","ゲーム・eスポーツのブランドサイト（エネルギッシュ・スポーティ・画面2分割（写真｜コピー））","プロ（演出多め）"
"WEB-06230","アパレル・ファッションECのブランドサイト（レトロ・Y2K・画面2分割（写真｜コピー））","プロ（演出多め）"
"WEB-06231","SaaS・BtoBツールの採用サイト（ミニマル・洗練・散らばった写真コラージュ）","プロ（演出多め）"
"WEB-06232","パーソナルジム・フィットネスのオウンドメディア・ブログ（エネルギッシュ・スポーティ・巨大コピー＋小さな写真）","プロ（演出多め）"
"WEB-06233","SaaS・BtoBツールのブランドサイト（信頼・誠実（コーポレート）・縦書きコピー＋余白）","プロ（演出多め）"
"WEB-06234","プログラミングスクールのコーポレートサイト（ネオン・サイバー・フェード/ズームのスライドショー）","プロ（演出多め）"
"WEB-06235","観光・地域プロモーションのサービスサイト（ナチュラル・オーガニック・散らばった写真コラージュ）","プロ（演出多め）"
"WEB-06236","ヨガ・ピラティスのサービスサイト（パステル・ドリーミー・ローディング演出→ロゴ→メインビジュアル）","プロ（演出多め）"
"WEB-06237","ゲーム・eスポーツのサービスサイト（エネルギッシュ・スポーティ・3Dオブジェクト/ジェネラティブ背景）","プロ（演出多め）"
"WEB-06238","採用・求人のコーポレートサイト（和モダン・全画面ループ動画）","上級"
"WEB-06239","不動産・マンションのサービスサイト（ナチュラル・オーガニック・散らばった写真コラージュ）","プロ（演出多め）"
"WEB-06240","歯科医院のサービスサイト（ミニマル・洗練・ローディング演出→ロゴ→メインビジュアル）","上級"
"WEB-06241","工務店・注文住宅・リフォームのオウンドメディア・ブログ（ミニマル・洗練・全画面ループ動画）","上級"
"WEB-06242","レストラン・居酒屋のサービスサイト（レトロ・Y2K・フェード/ズームのスライドショー）","上級"
"WEB-06243","ペット・トリミング・動物病院の店舗サイト（飲食・美容・サロン）（3D・クレイ・散らばった写真コラージュ）","上級"
"WEB-06244","Web制作・デザイン事務所のコーポレートサイト（エディトリアル・雑誌風・3Dオブジェクト/ジェネラティブ背景）","プロ（演出多め）"
"WEB-06245","食品・産直ECのブランドサイト（ニューブルータリズム・散らばった写真コラージュ）","上級"
"WEB-06246","美容クリニックのコーポレートサイト（ラグジュアリー・高級感・フェード/ズームのスライドショー）","上級"
"WEB-06247","引越し・生活サービスのコーポレートサイト（信頼・誠実（コーポレート）・巨大コピー＋小さな写真）","プロ（演出多め）"
"WEB-06248","プログラミングスクールのスクール・教室サイト（ネオン・サイバー・画面2分割（写真｜コピー））","プロ（演出多め）"
"WEB-06249","音楽・ライブ・イベントの採用サイト（ダーク・シネマティック・散らばった写真コラージュ）","上級"
"WEB-06250","SaaS・BtoBツールのコーポレートサイト（信頼・誠実（コーポレート）・縦書きコピー＋余白）","上級"
"WEB-06251","観光・地域プロモーションの自治体・観光協会サイト（ナチュラル・オーガニック・画面2分割（写真｜コピー））","プロ（演出多め）"
"WEB-06252","Web制作・デザイン事務所のポートフォリオ（個人/事務所）（ニューブルータリズム・画面2分割（写真｜コピー））","上級"
"WEB-06253","自動車・バイクのオウンドメディア・ブログ（ダーク・シネマティック・縦書きコピー＋余白）","プロ（演出多め）"
"WEB-06254","カフェ・ベーカリーの店舗サイト（飲食・美容・サロン）（北欧・ライフスタイル・3Dオブジェクト/ジェネラティブ背景）","プロ（演出多め）"
"WEB-06255","音楽・ライブ・イベントのブランドサイト（レトロ・Y2K・巨大コピー＋小さな写真）","プロ（演出多め）"
"WEB-06256","音楽・ライブ・イベントのコーポレートサイト（ニューブルータリズム・ローディング演出→ロゴ→メインビジュアル）","プロ（演出多め）"
"WEB-06257","ヨガ・ピラティスの採用サイト（北欧・ライフスタイル・全画面ループ動画）","上級"
"WEB-06258","和菓子・スイーツの店舗サイト（飲食・美容・サロン）（和モダン・散らばった写真コラージュ）","上級"
"WEB-06259","建築設計事務所のオウンドメディア・ブログ（ダーク・シネマティック・ローディング演出→ロゴ→メインビジュアル）","上級"
"WEB-06260","コンサル・コーチングの採用サイト（和モダン・全画面ループ動画）","プロ（演出多め）"
"WEB-06261","音楽・ライブ・イベントのサービスサイト（レトロ・Y2K・縦書きコピー＋余白）","プロ（演出多め）"
"WEB-06262","コスメ・スキンケアのブランドサイト（パステル・ドリーミー・縦書きコピー＋余白）","プロ（演出多め）"
"WEB-06263","工務店・注文住宅・リフォームのブランドサイト（ナチュラル・オーガニック・画面2分割（写真｜コピー））","プロ（演出多め）"
"WEB-06264","歯科医院のコーポレートサイト（ミニマル・洗練・散らばった写真コラージュ）","プロ（演出多め）"
"WEB-06265","YouTuber・インフルエンサーの採用サイト（かわいい・ガーリー・フェード/ズームのスライドショー）","上級"
"WEB-06266","食品・産直ECのコーポレートサイト（ポップ・カラフル・縦書きコピー＋余白）","上級"
"WEB-06267","カフェ・ベーカリーのコーポレートサイト（ナチュラル・オーガニック・フェード/ズームのスライドショー）","上級"
"WEB-06268","スクール・オンライン講座の採用サイト（和モダン・散らばった写真コラージュ）","プロ（演出多め）"
"WEB-06269","農業・地方の生産者の自治体・観光協会サイト（レトロ・Y2K・3Dオブジェクト/ジェネラティブ背景）","プロ（演出多め）"
"WEB-06270","レストラン・居酒屋の採用サイト（ダーク・シネマティック・画面2分割（写真｜コピー））","プロ（演出多め）"
"WEB-06271","カフェ・ベーカリーの採用サイト（ナチュラル・オーガニック・3Dオブジェクト/ジェネラティブ背景）","上級"
"WEB-06272","コンサル・コーチングのサービスサイト（ミニマル・洗練・縦書きコピー＋余白）","上級"
"WEB-06273","カフェ・ベーカリーのコーポレートサイト（ナチュラル・オーガニック・全画面ループ動画）","プロ（演出多め）"
"WEB-06274","歯科医院のオウンドメディア・ブログ（信頼・誠実（コーポレート）・散らばった写真コラージュ）","上級"
"WEB-06275","ウェディング・結婚相談所のブランドサイト（ハンドメイド・手書き・スクロール連動のストーリー）","プロ（演出多め）"
"WEB-06276","歯科医院の採用サイト（ナチュラル・オーガニック・散らばった写真コラージュ）","プロ（演出多め）"
"WEB-06277","スマホアプリのブランドサイト（グラスモーフィズム・全画面ループ動画）","上級"
"WEB-06278","ヨガ・ピラティスのブランドサイト（かわいい・ガーリー・縦書きコピー＋余白）","プロ（演出多め）"
"WEB-06279","観光・地域プロモーションの採用サイト（ナチュラル・オーガニック・全画面ループ動画）","プロ（演出多め）"
"WEB-06280","農業・地方の生産者の自治体・観光協会サイト（ハンドメイド・手書き・散らばった写真コラージュ）","プロ（演出多め）"
"WEB-06281","保育園・幼児教育・習い事のブランドサイト（ナチュラル・オーガニック・縦書きコピー＋余白）","上級"
"WEB-06282","ホテル・旅館のサービスサイト（ラグジュアリー・高級感・3Dオブジェクト/ジェネラティブ背景）","プロ（演出多め）"
"WEB-06283","採用・求人のブランドサイト（ジオメトリック・グラフィカル・散らばった写真コラージュ）","プロ（演出多め）"
"WEB-06284","クラウドファンディング・新商品のサービスサイト（ポップ・カラフル・散らばった写真コラージュ）","プロ（演出多め）"
"WEB-06285","内科・クリニックのクリニック・医院サイト（ナチュラル・オーガニック・フェード/ズームのスライドショー）","プロ（演出多め）"
"WEB-06286","不動産・マンションの採用サイト（ハンドメイド・手書き・縦書きコピー＋余白）","プロ（演出多め）"
"WEB-06287","不動産・マンションのコーポレートサイト（ラグジュアリー・高級感・画面2分割（写真｜コピー））","上級"
"WEB-06288","NPO・地方自治体のオウンドメディア・ブログ（パステル・ドリーミー・全画面ループ動画）","プロ（演出多め）"
"WEB-06289","内科・クリニックのオウンドメディア・ブログ（北欧・ライフスタイル・フェード/ズームのスライドショー）","上級"
"WEB-06290","英会話・語学のオウンドメディア・ブログ（ポップ・カラフル・フェード/ズームのスライドショー）","上級"
"WEB-06291","ゲーム・eスポーツのサービスサイト（ネオン・サイバー・縦書きコピー＋余白）","プロ（演出多め）"
"WEB-06292","AIサービス・スタートアップのサービスサイト（ミニマル・洗練・3Dオブジェクト/ジェネラティブ背景）","プロ（演出多め）"
"WEB-06293","建築設計事務所のサービスサイト（エディトリアル・雑誌風・全画面ループ動画）","上級"
"WEB-06294","AIサービス・スタートアップのコーポレートサイト（クール・テック・全画面ループ動画）","プロ（演出多め）"
"WEB-06295","ヨガ・ピラティスの採用サイト（ナチュラル・オーガニック・巨大コピー＋小さな写真）","プロ（演出多め）"
"WEB-06296","士業（税理士・弁護士・行政書士）のコーポレートサイト（信頼・誠実（コーポレート）・全画面ループ動画）","プロ（演出多め）"
"WEB-06297","音楽・ライブ・イベントの採用サイト（エネルギッシュ・スポーティ・スクロール連動のストーリー）","上級"
"WEB-06298","SaaS・BtoBツールのオウンドメディア・ブログ（グラスモーフィズム・フェード/ズームのスライドショー）","上級"
"WEB-06299","ホテル・旅館のサービスサイト（ラグジュアリー・高級感・巨大コピー＋小さな写真）","上級"
"WEB-06300","農業・地方の生産者の自治体・観光協会サイト（和モダン・3Dオブジェクト/ジェネラティブ背景）","プロ（演出多め）"
"WEB-06301","士業（税理士・弁護士・行政書士）のオウンドメディア・ブログ（信頼・誠実（コーポレート）・巨大コピー＋小さな写真）","上級"
"WEB-06302","不動産・マンションのサービスサイト（ダーク・シネマティック・フェード/ズームのスライドショー）","プロ（演出多め）"
"WEB-06303","和菓子・スイーツのコーポレートサイト（かわいい・ガーリー・巨大コピー＋小さな写真）","上級"
"WEB-06304","農業・地方の生産者の採用サイト（ポップ・カラフル・縦書きコピー＋余白）","プロ（演出多め）"
"WEB-06305","カフェ・ベーカリーのブランドサイト（ナチュラル・オーガニック・スクロール連動のストーリー）","プロ（演出多め）"
"WEB-06306","SaaS・BtoBツールのサービスサイト（3D・クレイ・画面2分割（写真｜コピー））","上級"
"WEB-06307","美容クリニックの店舗サイト（飲食・美容・サロン）（信頼・誠実（コーポレート）・散らばった写真コラージュ）","上級"
"WEB-06308","不動産・マンションのコーポレートサイト（ダーク・シネマティック・3Dオブジェクト/ジェネラティブ背景）","プロ（演出多め）"
"WEB-06309","占い・スピリチュアルのブランドサイト（エディトリアル・雑誌風・巨大コピー＋小さな写真）","プロ（演出多め）"
"WEB-06310","建築設計事務所のオウンドメディア・ブログ（ミニマル・洗練・ローディング演出→ロゴ→メインビジュアル）","プロ（演出多め）"
"WEB-06311","士業（税理士・弁護士・行政書士）の採用サイト（ミニマル・洗練・スクロール連動のストーリー）","上級"
"WEB-06312","ペット・トリミング・動物病院のクリニック・医院サイト（ナチュラル・オーガニック・縦書きコピー＋余白）","プロ（演出多め）"
"WEB-06313","自動車・バイクのブランドサイト（クール・テック・ローディング演出→ロゴ→メインビジュアル）","プロ（演出多め）"
"WEB-06314","ホテル・旅館のオウンドメディア・ブログ（和モダン・画面2分割（写真｜コピー））","上級"
"WEB-06315","和菓子・スイーツの店舗サイト（飲食・美容・サロン）（ラグジュアリー・高級感・3Dオブジェクト/ジェネラティブ背景）","プロ（演出多め）"
"WEB-06316","ヨガ・ピラティスの店舗サイト（飲食・美容・サロン）（ナチュラル・オーガニック・3Dオブジェクト/ジェネラティブ背景）","プロ（演出多め）"
"WEB-06317","ヨガ・ピラティスのサービスサイト（エネルギッシュ・スポーティ・散らばった写真コラージュ）","上級"
"WEB-06318","SaaS・BtoBツールのサービスサイト（ハンドメイド・手書き・ローディング演出→ロゴ→メインビジュアル）","上級"
"WEB-06319","パーソナルジム・フィットネスのコーポレートサイト（クール・テック・巨大コピー＋小さな写真）","プロ（演出多め）"
"WEB-06320","和菓子・スイーツのオウンドメディア・ブログ（ナチュラル・オーガニック・3Dオブジェクト/ジェネラティブ背景）","プロ（演出多め）"
"WEB-06321","美容室・ヘアサロンの採用サイト（エディトリアル・雑誌風・画面2分割（写真｜コピー））","上級"
"WEB-06322","建築設計事務所のブランドサイト（ナチュラル・オーガニック・全画面ループ動画）","プロ（演出多め）"
"WEB-06323","占い・スピリチュアルのサービスサイト（和モダン・ローディング演出→ロゴ→メインビジュアル）","プロ（演出多め）"
"WEB-06324","スクール・オンライン講座のブランドサイト（ポップ・カラフル・散らばった写真コラージュ）","プロ（演出多め）"
"WEB-06325","コスメ・スキンケアの採用サイト（パステル・ドリーミー・全画面ループ動画）","上級"
"WEB-06326","ヨガ・ピラティスのオウンドメディア・ブログ（ミニマル・洗練・スクロール連動のストーリー）","プロ（演出多め）"
"WEB-06327","Web制作・デザイン事務所の採用サイト（エディトリアル・雑誌風・縦書きコピー＋余白）","プロ（演出多め）"
"WEB-06328","ヨガ・ピラティスのコーポレートサイト（北欧・ライフスタイル・3Dオブジェクト/ジェネラティブ背景）","プロ（演出多め）"
"WEB-06329","観光・地域プロモーションのホテル・旅館サイト（ナチュラル・オーガニック・縦書きコピー＋余白）","プロ（演出多め）"
"WEB-06330","和菓子・スイーツの採用サイト（かわいい・ガーリー・3Dオブジェクト/ジェネラティブ背景）","プロ（演出多め）"
"WEB-06331","採用・求人のコーポレートサイト（エディトリアル・雑誌風・3Dオブジェクト/ジェネラティブ背景）","プロ（演出多め）"
"WEB-06332","YouTuber・インフルエンサーのイベント・フェスサイト（かわいい・ガーリー・全画面ループ動画）","プロ（演出多め）"
"WEB-06333","ウェディング・結婚相談所の採用サイト（パステル・ドリーミー・画面2分割（写真｜コピー））","プロ（演出多め）"
"WEB-06334","ゲーム・eスポーツの採用サイト（クール・テック・全画面ループ動画）","プロ（演出多め）"
"WEB-06335","美容室・ヘアサロンのオウンドメディア・ブログ（ミニマル・洗練・3Dオブジェクト/ジェネラティブ背景）","プロ（演出多め）"
"WEB-06336","金融・保険・投資のサービスサイト（信頼・誠実（コーポレート）・巨大コピー＋小さな写真）","プロ（演出多め）"
"WEB-06337","コンサル・コーチングのオウンドメディア・ブログ（エディトリアル・雑誌風・フェード/ズームのスライドショー）","上級"
"WEB-06338","パーソナルジム・フィットネスのコーポレートサイト（ジオメトリック・グラフィカル・巨大コピー＋小さな写真）","プロ（演出多め）"
"WEB-06339","SaaS・BtoBツールのブランドサイト（ニューブルータリズム・全画面ループ動画）","プロ（演出多め）"
"WEB-06340","ウェディング・結婚相談所のオウンドメディア・ブログ（ニューブルータリズム・画面2分割（写真｜コピー））","プロ（演出多め）"
"WEB-06341","金融・保険・投資の採用サイト（クール・テック・縦書きコピー＋余白）","上級"
"WEB-06342","NPO・地方自治体のイベント・フェスサイト（ジオメトリック・グラフィカル・スクロール連動のストーリー）","プロ（演出多め）"
"WEB-06343","観光・地域プロモーションのブランドサイト（北欧・ライフスタイル・フェード/ズームのスライドショー）","プロ（演出多め）"
"WEB-06344","内科・クリニックのブランドサイト（3D・クレイ・スクロール連動のストーリー）","プロ（演出多め）"
"WEB-06345","自動車・バイクのサービスサイト（ジオメトリック・グラフィカル・3Dオブジェクト/ジェネラティブ背景）","上級"
"WEB-06346","アパレル・ファッションECのブランドサイト（エディトリアル・雑誌風・ローディング演出→ロゴ→メインビジュアル）","プロ（演出多め）"
"WEB-06347","ホテル・旅館のコーポレートサイト（和モダン・フェード/ズームのスライドショー）","プロ（演出多め）"
"WEB-06348","引越し・生活サービスのブランドサイト（ポップ・カラフル・全画面ループ動画）","プロ（演出多め）"
"WEB-06349","ヨガ・ピラティスの採用サイト（ミニマル・洗練・縦書きコピー＋余白）","上級"
"WEB-06350","不動産・マンションのサービスサイト（ダーク・シネマティック・スクロール連動のストーリー）","上級"
"WEB-06351","コンサル・コーチングのオウンドメディア・ブログ（ラグジュアリー・高級感・画面2分割（写真｜コピー））","プロ（演出多め）"
"WEB-06352","コンサル・コーチングのコーポレートサイト（信頼・誠実（コーポレート）・3Dオブジェクト/ジェネラティブ背景）","プロ（演出多め）"
"WEB-06353","コンサル・コーチングのサービスサイト（ミニマル・洗練・画面2分割（写真｜コピー））","プロ（演出多め）"
"WEB-06354","保育園・幼児教育・習い事の採用サイト（ポップ・カラフル・散らばった写真コラージュ）","プロ（演出多め）"
"WEB-06355","歯科医院の採用サイト（ミニマル・洗練・フェード/ズームのスライドショー）","プロ（演出多め）"
"WEB-06356","歯科医院のコーポレートサイト（ミニマル・洗練・縦書きコピー＋余白）","プロ（演出多め）"
"WEB-06357","ウェディング・結婚相談所のサービスサイト（ラグジュアリー・高級感・散らばった写真コラージュ）","上級"
"WEB-06358","カフェ・ベーカリーのサービスサイト（ハンドメイド・手書き・散らばった写真コラージュ）","プロ（演出多め）"
"WEB-06359","アパレル・ファッションECのコーポレートサイト（レトロ・Y2K・全画面ループ動画）","プロ（演出多め）"
"WEB-06360","コンサル・コーチングのコーポレートサイト（信頼・誠実（コーポレート）・スクロール連動のストーリー）","プロ（演出多め）"
"WEB-06361","食品・産直ECのECサイト（ナチュラル・オーガニック・ローディング演出→ロゴ→メインビジュアル）","プロ（演出多め）"
"WEB-06362","農業・地方の生産者のコーポレートサイト（ナチュラル・オーガニック・フェード/ズームのスライドショー）","上級"
"WEB-06363","美容室・ヘアサロンのオウンドメディア・ブログ（北欧・ライフスタイル・画面2分割（写真｜コピー））","プロ（演出多め）"
"WEB-06364","Web制作・デザイン事務所のオウンドメディア・ブログ（クール・テック・スクロール連動のストーリー）","プロ（演出多め）"
"WEB-06365","建築設計事務所のサービスサイト（エネルギッシュ・スポーティ・画面2分割（写真｜コピー））","プロ（演出多め）"
"WEB-06366","音楽・ライブ・イベントのサービスサイト（レトロ・Y2K・全画面ループ動画）","プロ（演出多め）"
"WEB-06367","不動産・マンションのブランドサイト（ダーク・シネマティック・散らばった写真コラージュ）","プロ（演出多め）"
"WEB-06368","ヨガ・ピラティスのオウンドメディア・ブログ（北欧・ライフスタイル・3Dオブジェクト/ジェネラティブ背景）","プロ（演出多め）"
"WEB-06369","パーソナルジム・フィットネスのオウンドメディア・ブログ（エネルギッシュ・スポーティ・縦書きコピー＋余白）","プロ（演出多め）"
"WEB-06370","建築設計事務所のブランドサイト（エディトリアル・雑誌風・ローディング演出→ロゴ→メインビジュアル）","プロ（演出多め）"
"WEB-06371","YouTuber・インフルエンサーのポートフォリオ（個人/事務所）（レトロ・Y2K・縦書きコピー＋余白）","プロ（演出多め）"
"WEB-06372","カフェ・ベーカリーのオウンドメディア・ブログ（ナチュラル・オーガニック・3Dオブジェクト/ジェネラティブ背景）","プロ（演出多め）"
"WEB-06373","Web制作・デザイン事務所のサービスサイト（クール・テック・スクロール連動のストーリー）","上級"
"WEB-06374","工務店・注文住宅・リフォームのサービスサイト（信頼・誠実（コーポレート）・画面2分割（写真｜コピー））","上級"
"WEB-06375","エステ・脱毛サロンの採用サイト（ダーク・シネマティック・縦書きコピー＋余白）","プロ（演出多め）"
"WEB-06376","Web制作・デザイン事務所のポートフォリオ（個人/事務所）（ジオメトリック・グラフィカル・画面2分割（写真｜コピー））","プロ（演出多め）"
"WEB-06377","パーソナルジム・フィットネスのオウンドメディア・ブログ（ダーク・シネマティック・スクロール連動のストーリー）","プロ（演出多め）"
"WEB-06378","スマホアプリのコーポレートサイト（グラスモーフィズム・散らばった写真コラージュ）","プロ（演出多め）"
"WEB-06379","美容室・ヘアサロンの採用サイト（かわいい・ガーリー・ローディング演出→ロゴ→メインビジュアル）","プロ（演出多め）"
"WEB-06380","ペット・トリミング・動物病院のサービスサイト（レトロ・Y2K・巨大コピー＋小さな写真）","上級"
"WEB-06381","ウェディング・結婚相談所のサービスサイト（ナチュラル・オーガニック・縦書きコピー＋余白）","上級"
"WEB-06382","レストラン・居酒屋の採用サイト（レトロ・Y2K・3Dオブジェクト/ジェネラティブ背景）","上級"
"WEB-06383","コンサル・コーチングのポートフォリオ（個人/事務所）（ポップ・カラフル・画面2分割（写真｜コピー））","プロ（演出多め）"
"WEB-06384","占い・スピリチュアルの採用サイト（和モダン・フェード/ズームのスライドショー）","プロ（演出多め）"
"WEB-06385","自動車・バイクの採用サイト（ダーク・シネマティック・3Dオブジェクト/ジェネラティブ背景）","上級"
"WEB-06386","ヨガ・ピラティスの採用サイト（エネルギッシュ・スポーティ・巨大コピー＋小さな写真）","プロ（演出多め）"
"WEB-06387","スクール・オンライン講座の採用サイト（3D・クレイ・3Dオブジェクト/ジェネラティブ背景）","プロ（演出多め）"
"WEB-06388","美容クリニックの店舗サイト（飲食・美容・サロン）（ラグジュアリー・高級感・巨大コピー＋小さな写真）","上級"
"WEB-06389","不動産・マンションのブランドサイト（ラグジュアリー・高級感・フェード/ズームのスライドショー）","上級"
"WEB-06390","歯科医院の採用サイト（ナチュラル・オーガニック・3Dオブジェクト/ジェネラティブ背景）","プロ（演出多め）"
"WEB-06391","美容室・ヘアサロンのポートフォリオ（個人/事務所）（エディトリアル・雑誌風・3Dオブジェクト/ジェネラティブ背景）","プロ（演出多め）"
"WEB-06392","AIサービス・スタートアップのオウンドメディア・ブログ（クール・テック・フェード/ズームのスライドショー）","プロ（演出多め）"
"WEB-06393","歯科医院のコーポレートサイト（ナチュラル・オーガニック・ローディング演出→ロゴ→メインビジュアル）","上級"
"WEB-06394","サウナ・温浴施設の店舗サイト（飲食・美容・サロン）（和モダン・フェード/ズームのスライドショー）","プロ（演出多め）"
"WEB-06395","アパレル・ファッションECの採用サイト（ニューブルータリズム・縦書きコピー＋余白）","上級"
"WEB-06396","農業・地方の生産者のECサイト（ナチュラル・オーガニック・巨大コピー＋小さな写真）","プロ（演出多め）"
"WEB-06397","引越し・生活サービスのコーポレートサイト（3D・クレイ・巨大コピー＋小さな写真）","プロ（演出多め）"
"WEB-06398","スマホアプリのオウンドメディア・ブログ（ポップ・カラフル・散らばった写真コラージュ）","上級"
"WEB-06399","和菓子・スイーツのオウンドメディア・ブログ（ミニマル・洗練・ローディング演出→ロゴ→メインビジュアル）","上級"
"WEB-06400","カフェ・ベーカリーのコーポレートサイト（ハンドメイド・手書き・ローディング演出→ロゴ→メインビジュアル）","プロ（演出多め）"
"WEB-06401","内科・クリニックの採用サイト（ナチュラル・オーガニック・スクロール連動のストーリー）","上級"
"WEB-06402","引越し・生活サービスの採用サイト（ネオン・サイバー・フェード/ズームのスライドショー）","上級"
"WEB-06403","保育園・幼児教育・習い事のブランドサイト（ポップ・カラフル・3Dオブジェクト/ジェネラティブ背景）","プロ（演出多め）"
"WEB-06404","占い・スピリチュアルのコーポレートサイト（パステル・ドリーミー・画面2分割（写真｜コピー））","プロ（演出多め）"
"WEB-06405","サウナ・温浴施設のホテル・旅館サイト（レトロ・Y2K・画面2分割（写真｜コピー））","上級"
"WEB-06406","コスメ・スキンケアの採用サイト（ナチュラル・オーガニック・画面2分割（写真｜コピー））","上級"
"WEB-06407","美容室・ヘアサロンのポートフォリオ（個人/事務所）（北欧・ライフスタイル・散らばった写真コラージュ）","プロ（演出多め）"
"WEB-06408","スマホアプリのサービスサイト（3D・クレイ・3Dオブジェクト/ジェネラティブ背景）","プロ（演出多め）"
"WEB-06409","歯科医院のオウンドメディア・ブログ（ミニマル・洗練・ローディング演出→ロゴ→メインビジュアル）","プロ（演出多め）"
"WEB-06410","保育園・幼児教育・習い事のオウンドメディア・ブログ（ポップ・カラフル・散らばった写真コラージュ）","プロ（演出多め）"
"WEB-06411","ペット・トリミング・動物病院のブランドサイト（かわいい・ガーリー・散らばった写真コラージュ）","プロ（演出多め）"
"WEB-06412","内科・クリニックのサービスサイト（北欧・ライフスタイル・ローディング演出→ロゴ→メインビジュアル）","プロ（演出多め）"
"WEB-06413","ホテル・旅館のホテル・旅館サイト（ミニマル・洗練・画面2分割（写真｜コピー））","プロ（演出多め）"
"WEB-06414","和菓子・スイーツの店舗サイト（飲食・美容・サロン）（ミニマル・洗練・3Dオブジェクト/ジェネラティブ背景）","プロ（演出多め）"
"WEB-06415","ヨガ・ピラティスのコーポレートサイト（ミニマル・洗練・全画面ループ動画）","プロ（演出多め）"
"WEB-06416","クラウドファンディング・新商品の採用サイト（クール・テック・ローディング演出→ロゴ→メインビジュアル）","上級"
"WEB-06417","パーソナルジム・フィットネスのオウンドメディア・ブログ（クール・テック・巨大コピー＋小さな写真）","上級"
"WEB-06418","工務店・注文住宅・リフォームのコーポレートサイト（ナチュラル・オーガニック・ローディング演出→ロゴ→メインビジュアル）","プロ（演出多め）"
"WEB-06419","観光・地域プロモーションのオウンドメディア・ブログ（ラグジュアリー・高級感・フェード/ズームのスライドショー）","プロ（演出多め）"
"WEB-06420","農業・地方の生産者のオウンドメディア・ブログ（ハンドメイド・手書き・巨大コピー＋小さな写真）","プロ（演出多め）"
"WEB-06421","プログラミングスクールのスクール・教室サイト（ポップ・カラフル・縦書きコピー＋余白）","上級"
"WEB-06422","ウェディング・結婚相談所のオウンドメディア・ブログ（ハンドメイド・手書き・縦書きコピー＋余白）","上級"
"WEB-06423","クラウドファンディング・新商品のブランドサイト（ダーク・シネマティック・フェード/ズームのスライドショー）","プロ（演出多め）"
"WEB-06424","占い・スピリチュアルのコーポレートサイト（和モダン・縦書きコピー＋余白）","プロ（演出多め）"
"WEB-06425","美容クリニックの店舗サイト（飲食・美容・サロン）（信頼・誠実（コーポレート）・スクロール連動のストーリー）","プロ（演出多め）"
"WEB-06426","食品・産直ECのコーポレートサイト（和モダン・ローディング演出→ロゴ→メインビジュアル）","プロ（演出多め）"
"WEB-06427","ウェディング・結婚相談所のオウンドメディア・ブログ（ミニマル・洗練・画面2分割（写真｜コピー））","上級"
"WEB-06428","歯科医院のブランドサイト（ナチュラル・オーガニック・フェード/ズームのスライドショー）","プロ（演出多め）"
"WEB-06429","歯科医院のコーポレートサイト（ミニマル・洗練・巨大コピー＋小さな写真）","プロ（演出多め）"
"WEB-06430","ゲーム・eスポーツのコーポレートサイト（パステル・ドリーミー・3Dオブジェクト/ジェネラティブ背景）","プロ（演出多め）"
"WEB-06431","和菓子・スイーツのオウンドメディア・ブログ（かわいい・ガーリー・スクロール連動のストーリー）","上級"
"WEB-06432","引越し・生活サービスのブランドサイト（ダーク・シネマティック・縦書きコピー＋余白）","プロ（演出多め）"
"WEB-06433","引越し・生活サービスのサービスサイト（ポップ・カラフル・全画面ループ動画）","プロ（演出多め）"
"WEB-06434","食品・産直ECのブランドサイト（ポップ・カラフル・散らばった写真コラージュ）","プロ（演出多め）"
"WEB-06435","占い・スピリチュアルの採用サイト（ラグジュアリー・高級感・スクロール連動のストーリー）","上級"
"WEB-06436","SaaS・BtoBツールの採用サイト（レトロ・Y2K・画面2分割（写真｜コピー））","上級"
"WEB-06437","内科・クリニックの採用サイト（ナチュラル・オーガニック・画面2分割（写真｜コピー））","上級"
"WEB-06438","採用・求人のブランドサイト（ジオメトリック・グラフィカル・スクロール連動のストーリー）","プロ（演出多め）"
"WEB-06439","工務店・注文住宅・リフォームのブランドサイト（ミニマル・洗練・3Dオブジェクト/ジェネラティブ背景）","プロ（演出多め）"
"WEB-06440","士業（税理士・弁護士・行政書士）のコーポレートサイト（かわいい・ガーリー・ローディング演出→ロゴ→メインビジュアル）","プロ（演出多め）"
"WEB-06441","レストラン・居酒屋のオウンドメディア・ブログ（和モダン・画面2分割（写真｜コピー））","上級"
"WEB-06442","レストラン・居酒屋のサービスサイト（ラグジュアリー・高級感・画面2分割（写真｜コピー））","上級"
"WEB-06443","美容室・ヘアサロンのサービスサイト（ミニマル・洗練・画面2分割（写真｜コピー））","上級"
"WEB-06444","金融・保険・投資のサービスサイト（信頼・誠実（コーポレート）・3Dオブジェクト/ジェネラティブ背景）","上級"
"WEB-06445","Web制作・デザイン事務所のサービスサイト（エディトリアル・雑誌風・縦書きコピー＋余白）","プロ（演出多め）"
"WEB-06446","スマホアプリのブランドサイト（ポップ・カラフル・ローディング演出→ロゴ→メインビジュアル）","プロ（演出多め）"
"WEB-06447","SaaS・BtoBツールの採用サイト（ミニマル・洗練・3Dオブジェクト/ジェネラティブ背景）","上級"
"WEB-06448","採用・求人のブランドサイト（エディトリアル・雑誌風・フェード/ズームのスライドショー）","プロ（演出多め）"
"WEB-06449","和菓子・スイーツの採用サイト（ナチュラル・オーガニック・スクロール連動のストーリー）","プロ（演出多め）"
"WEB-06450","AIサービス・スタートアップのブランドサイト（ネオン・サイバー・巨大コピー＋小さな写真）","プロ（演出多め）"
"WEB-06451","自動車・バイクのオウンドメディア・ブログ（ダーク・シネマティック・フェード/ズームのスライドショー）","プロ（演出多め）"
"WEB-06452","士業（税理士・弁護士・行政書士）のサービスサイト（和モダン・ローディング演出→ロゴ→メインビジュアル）","プロ（演出多め）"
"WEB-06453","英会話・語学のオウンドメディア・ブログ（信頼・誠実（コーポレート）・巨大コピー＋小さな写真）","プロ（演出多め）"
"WEB-06454","士業（税理士・弁護士・行政書士）のサービスサイト（信頼・誠実（コーポレート）・散らばった写真コラージュ）","プロ（演出多め）"
"WEB-06455","SaaS・BtoBツールのブランドサイト（ミニマル・洗練・縦書きコピー＋余白）","プロ（演出多め）"
"WEB-06456","金融・保険・投資のオウンドメディア・ブログ（クール・テック・散らばった写真コラージュ）","上級"
"WEB-06457","採用・求人のブランドサイト（ポップ・カラフル・スクロール連動のストーリー）","上級"
"WEB-06458","食品・産直ECのサービスサイト（ナチュラル・オーガニック・全画面ループ動画）","上級"
"WEB-06459","観光・地域プロモーションの採用サイト（ハンドメイド・手書き・3Dオブジェクト/ジェネラティブ背景）","上級"
"WEB-06460","士業（税理士・弁護士・行政書士）のサービスサイト（信頼・誠実（コーポレート）・縦書きコピー＋余白）","プロ（演出多め）"
"WEB-06461","NPO・地方自治体のブランドサイト（ナチュラル・オーガニック・フェード/ズームのスライドショー）","プロ（演出多め）"
"WEB-06462","和菓子・スイーツのサービスサイト（ジオメトリック・グラフィカル・ローディング演出→ロゴ→メインビジュアル）","プロ（演出多め）"
"WEB-06463","プログラミングスクールの採用サイト（クール・テック・巨大コピー＋小さな写真）","プロ（演出多め）"
"WEB-06464","サウナ・温浴施設の採用サイト（レトロ・Y2K・スクロール連動のストーリー）","プロ（演出多め）"
"WEB-06465","AIサービス・スタートアップの採用サイト（ネオン・サイバー・ローディング演出→ロゴ→メインビジュアル）","プロ（演出多め）"
"WEB-06466","農業・地方の生産者のブランドサイト（和モダン・画面2分割（写真｜コピー））","プロ（演出多め）"
"WEB-06467","AIサービス・スタートアップのサービスサイト（ネオン・サイバー・画面2分割（写真｜コピー））","上級"
"WEB-06468","スマホアプリのコーポレートサイト（ポップ・カラフル・3Dオブジェクト/ジェネラティブ背景）","プロ（演出多め）"
"WEB-06469","SaaS・BtoBツールの採用サイト（ミニマル・洗練・巨大コピー＋小さな写真）","上級"
"WEB-06470","ホテル・旅館のサービスサイト（ダーク・シネマティック・3Dオブジェクト/ジェネラティブ背景）","プロ（演出多め）"
"WEB-06471","自動車・バイクのコーポレートサイト（ダーク・シネマティック・スクロール連動のストーリー）","プロ（演出多め）"
"WEB-06472","Web制作・デザイン事務所の採用サイト（3D・クレイ・縦書きコピー＋余白）","上級"
"WEB-06473","採用・求人のコーポレートサイト（ジオメトリック・グラフィカル・スクロール連動のストーリー）","プロ（演出多め）"
"WEB-06474","内科・クリニックのオウンドメディア・ブログ（ジオメトリック・グラフィカル・散らばった写真コラージュ）","プロ（演出多め）"
"WEB-06475","ヨガ・ピラティスの採用サイト（ナチュラル・オーガニック・3Dオブジェクト/ジェネラティブ背景）","プロ（演出多め）"
"WEB-06476","自動車・バイクのサービスサイト（エネルギッシュ・スポーティ・スクロール連動のストーリー）","プロ（演出多め）"
"WEB-06477","コスメ・スキンケアのコーポレートサイト（パステル・ドリーミー・3Dオブジェクト/ジェネラティブ背景）","プロ（演出多め）"
"WEB-06478","エステ・脱毛サロンのコーポレートサイト（パステル・ドリーミー・ローディング演出→ロゴ→メインビジュアル）","プロ（演出多め）"
"WEB-06479","英会話・語学のコーポレートサイト（信頼・誠実（コーポレート）・全画面ループ動画）","上級"
"WEB-06480","農業・地方の生産者のコーポレートサイト（和モダン・縦書きコピー＋余白）","プロ（演出多め）"
"WEB-06481","カフェ・ベーカリーのコーポレートサイト（レトロ・Y2K・全画面ループ動画）","プロ（演出多め）"
"WEB-06482","占い・スピリチュアルのオウンドメディア・ブログ（和モダン・スクロール連動のストーリー）","上級"
"WEB-06483","Web制作・デザイン事務所のオウンドメディア・ブログ（エディトリアル・雑誌風・全画面ループ動画）","プロ（演出多め）"
"WEB-06484","ウェディング・結婚相談所のブランドサイト（ネオン・サイバー・巨大コピー＋小さな写真）","プロ（演出多め）"
"WEB-06485","ホテル・旅館のサービスサイト（ラグジュアリー・高級感・巨大コピー＋小さな写真）","プロ（演出多め）"
"WEB-06486","農業・地方の生産者のコーポレートサイト（和モダン・ローディング演出→ロゴ→メインビジュアル）","プロ（演出多め）"
"WEB-06487","SaaS・BtoBツールのブランドサイト（3D・クレイ・全画面ループ動画）","プロ（演出多め）"
"WEB-06488","SaaS・BtoBツールのサービスサイト（3D・クレイ・画面2分割（写真｜コピー））","プロ（演出多め）"
"WEB-06489","ウェディング・結婚相談所のサービスサイト（かわいい・ガーリー・3Dオブジェクト/ジェネラティブ背景）","上級"
"WEB-06490","食品・産直ECのブランドサイト（ポップ・カラフル・全画面ループ動画）","プロ（演出多め）"
"WEB-06491","エステ・脱毛サロンのブランドサイト（パステル・ドリーミー・縦書きコピー＋余白）","プロ（演出多め）"
"WEB-06492","内科・クリニックのコーポレートサイト（ナチュラル・オーガニック・全画面ループ動画）","上級"
"WEB-06493","アパレル・ファッションECのECサイト（エネルギッシュ・スポーティ・フェード/ズームのスライドショー）","プロ（演出多め）"
"WEB-06494","SaaS・BtoBツールの採用サイト（ミニマル・洗練・スクロール連動のストーリー）","上級"
"WEB-06495","カフェ・ベーカリーのサービスサイト（レトロ・Y2K・散らばった写真コラージュ）","プロ（演出多め）"
"WEB-06496","コンサル・コーチングのポートフォリオ（個人/事務所）（北欧・ライフスタイル・全画面ループ動画）","プロ（演出多め）"
"WEB-06497","Web制作・デザイン事務所のオウンドメディア・ブログ（ニューブルータリズム・散らばった写真コラージュ）","プロ（演出多め）"
"WEB-06498","内科・クリニックの採用サイト（ナチュラル・オーガニック・縦書きコピー＋余白）","プロ（演出多め）"
"WEB-06499","クラウドファンディング・新商品のコーポレートサイト（ダーク・シネマティック・フェード/ズームのスライドショー）","プロ（演出多め）"
"WEB-06500","パーソナルジム・フィットネスの採用サイト（クール・テック・巨大コピー＋小さな写真）","プロ（演出多め）"
"WEB-06501","英会話・語学の採用サイト（信頼・誠実（コーポレート）・ローディング演出→ロゴ→メインビジュアル）","上級"
"WEB-06502","NPO・地方自治体のサービスサイト（ハンドメイド・手書き・画面2分割（写真｜コピー））","上級"
"WEB-06503","エステ・脱毛サロンの採用サイト（ラグジュアリー・高級感・縦書きコピー＋余白）","プロ（演出多め）"
"WEB-06504","サウナ・温浴施設の採用サイト（レトロ・Y2K・フェード/ズームのスライドショー）","プロ（演出多め）"
"WEB-06505","占い・スピリチュアルのコーポレートサイト（パステル・ドリーミー・フェード/ズームのスライドショー）","上級"
"WEB-06506","金融・保険・投資のコーポレートサイト（エディトリアル・雑誌風・フェード/ズームのスライドショー）","プロ（演出多め）"
"WEB-06507","観光・地域プロモーションのホテル・旅館サイト（ナチュラル・オーガニック・3Dオブジェクト/ジェネラティブ背景）","プロ（演出多め）"
"WEB-06508","レストラン・居酒屋のコーポレートサイト（ダーク・シネマティック・フェード/ズームのスライドショー）","プロ（演出多め）"
"WEB-06509","サウナ・温浴施設の店舗サイト（飲食・美容・サロン）（レトロ・Y2K・スクロール連動のストーリー）","プロ（演出多め）"
"WEB-06510","カフェ・ベーカリーのオウンドメディア・ブログ（北欧・ライフスタイル・スクロール連動のストーリー）","プロ（演出多め）"
"WEB-06511","エステ・脱毛サロンのコーポレートサイト（ラグジュアリー・高級感・散らばった写真コラージュ）","プロ（演出多め）"
"WEB-06512","採用・求人のブランドサイト（ジオメトリック・グラフィカル・巨大コピー＋小さな写真）","プロ（演出多め）"
"WEB-06513","占い・スピリチュアルのサービスサイト（パステル・ドリーミー・縦書きコピー＋余白）","上級"
"WEB-06514","カフェ・ベーカリーの採用サイト（ラグジュアリー・高級感・全画面ループ動画）","プロ（演出多め）"
"WEB-06515","音楽・ライブ・イベントのコーポレートサイト（ネオン・サイバー・散らばった写真コラージュ）","上級"
"WEB-06516","ウェディング・結婚相談所の採用サイト（ラグジュアリー・高級感・スクロール連動のストーリー）","プロ（演出多め）"
"WEB-06517","エステ・脱毛サロンのサービスサイト（かわいい・ガーリー・全画面ループ動画）","プロ（演出多め）"
"WEB-06518","SaaS・BtoBツールのコーポレートサイト（クール・テック・散らばった写真コラージュ）","プロ（演出多め）"
"WEB-06519","工務店・注文住宅・リフォームのコーポレートサイト（信頼・誠実（コーポレート）・ローディング演出→ロゴ→メインビジュアル）","上級"
"WEB-06520","パーソナルジム・フィットネスのコーポレートサイト（エネルギッシュ・スポーティ・ローディング演出→ロゴ→メインビジュアル）","上級"
"WEB-06521","コスメ・スキンケアの採用サイト（ナチュラル・オーガニック・全画面ループ動画）","上級"
"WEB-06522","SaaS・BtoBツールのコーポレートサイト（ミニマル・洗練・縦書きコピー＋余白）","上級"
"WEB-06523","歯科医院のクリニック・医院サイト（信頼・誠実（コーポレート）・ローディング演出→ロゴ→メインビジュアル）","プロ（演出多め）"
"WEB-06524","クラウドファンディング・新商品のサービスサイト（クール・テック・ローディング演出→ロゴ→メインビジュアル）","上級"
"WEB-06525","プログラミングスクールのスクール・教室サイト（ポップ・カラフル・ローディング演出→ロゴ→メインビジュアル）","プロ（演出多め）"
"WEB-06526","美容室・ヘアサロンの店舗サイト（飲食・美容・サロン）（かわいい・ガーリー・フェード/ズームのスライドショー）","上級"
"WEB-06527","ウェディング・結婚相談所のポートフォリオ（個人/事務所）（かわいい・ガーリー・画面2分割（写真｜コピー））","上級"
"WEB-06528","和菓子・スイーツのサービスサイト（かわいい・ガーリー・画面2分割（写真｜コピー））","上級"
"WEB-06529","レストラン・居酒屋のコーポレートサイト（ダーク・シネマティック・全画面ループ動画）","プロ（演出多め）"
"WEB-06530","占い・スピリチュアルのブランドサイト（ダーク・シネマティック・3Dオブジェクト/ジェネラティブ背景）","プロ（演出多め）"
"WEB-06531","美容室・ヘアサロンの採用サイト（クール・テック・縦書きコピー＋余白）","プロ（演出多め）"
"WEB-06532","金融・保険・投資のオウンドメディア・ブログ（信頼・誠実（コーポレート）・巨大コピー＋小さな写真）","プロ（演出多め）"
"WEB-06533","ホテル・旅館のホテル・旅館サイト（ミニマル・洗練・縦書きコピー＋余白）","プロ（演出多め）"
"WEB-06534","士業（税理士・弁護士・行政書士）の採用サイト（かわいい・ガーリー・スクロール連動のストーリー）","プロ（演出多め）"
"WEB-06535","ウェディング・結婚相談所のオウンドメディア・ブログ（エディトリアル・雑誌風・巨大コピー＋小さな写真）","上級"
"WEB-06536","音楽・ライブ・イベントの採用サイト（ジオメトリック・グラフィカル・画面2分割（写真｜コピー））","上級"
"WEB-06537","スマホアプリのコーポレートサイト（3D・クレイ・スクロール連動のストーリー）","プロ（演出多め）"
"WEB-06538","観光・地域プロモーションの採用サイト（和モダン・画面2分割（写真｜コピー））","上級"
"WEB-06539","スクール・オンライン講座のオウンドメディア・ブログ（ポップ・カラフル・散らばった写真コラージュ）","プロ（演出多め）"
"WEB-06540","金融・保険・投資の採用サイト（信頼・誠実（コーポレート）・縦書きコピー＋余白）","上級"
"WEB-06541","自動車・バイクのコーポレートサイト（ジオメトリック・グラフィカル・スクロール連動のストーリー）","プロ（演出多め）"
"WEB-06542","和菓子・スイーツのECサイト（パステル・ドリーミー・フェード/ズームのスライドショー）","プロ（演出多め）"
"WEB-06543","ホテル・旅館のオウンドメディア・ブログ（ラグジュアリー・高級感・全画面ループ動画）","プロ（演出多め）"
"WEB-06544","YouTuber・インフルエンサーのサービスサイト（ネオン・サイバー・スクロール連動のストーリー）","プロ（演出多め）"
"WEB-06545","工務店・注文住宅・リフォームのサービスサイト（ミニマル・洗練・全画面ループ動画）","上級"
"WEB-06546","金融・保険・投資のオウンドメディア・ブログ（レトロ・Y2K・ローディング演出→ロゴ→メインビジュアル）","プロ（演出多め）"
"WEB-06547","工務店・注文住宅・リフォームのコーポレートサイト（信頼・誠実（コーポレート）・縦書きコピー＋余白）","プロ（演出多め）"
"WEB-06548","農業・地方の生産者のサービスサイト（ハンドメイド・手書き・全画面ループ動画）","プロ（演出多め）"
"WEB-06549","観光・地域プロモーションのブランドサイト（和モダン・3Dオブジェクト/ジェネラティブ背景）","プロ（演出多め）"
"WEB-06550","美容クリニックの採用サイト（かわいい・ガーリー・散らばった写真コラージュ）","プロ（演出多め）"
"WEB-06551","ペット・トリミング・動物病院の店舗サイト（飲食・美容・サロン）（ナチュラル・オーガニック・全画面ループ動画）","プロ（演出多め）"
"WEB-06552","SaaS・BtoBツールのオウンドメディア・ブログ（クール・テック・巨大コピー＋小さな写真）","プロ（演出多め）"
"WEB-06553","コンサル・コーチングのオウンドメディア・ブログ（信頼・誠実（コーポレート）・画面2分割（写真｜コピー））","上級"
"WEB-06554","スマホアプリのブランドサイト（3D・クレイ・全画面ループ動画）","プロ（演出多め）"
"WEB-06555","プログラミングスクールのコーポレートサイト（クール・テック・画面2分割（写真｜コピー））","上級"
"WEB-06556","スクール・オンライン講座のスクール・教室サイト（かわいい・ガーリー・画面2分割（写真｜コピー））","上級"
"WEB-06557","引越し・生活サービスのブランドサイト（ポップ・カラフル・散らばった写真コラージュ）","上級"
"WEB-06558","保育園・幼児教育・習い事のコーポレートサイト（ハンドメイド・手書き・スクロール連動のストーリー）","プロ（演出多め）"
"WEB-06559","NPO・地方自治体のコーポレートサイト（ミニマル・洗練・スクロール連動のストーリー）","上級"
"WEB-06560","スマホアプリのブランドサイト（3D・クレイ・フェード/ズームのスライドショー）","上級"
"WEB-06561","パーソナルジム・フィットネスのオウンドメディア・ブログ（エネルギッシュ・スポーティ・巨大コピー＋小さな写真）","プロ（演出多め）"
"WEB-06562","コンサル・コーチングの採用サイト（ラグジュアリー・高級感・3Dオブジェクト/ジェネラティブ背景）","プロ（演出多め）"
"WEB-06563","引越し・生活サービスの採用サイト（ポップ・カラフル・散らばった写真コラージュ）","プロ（演出多め）"
"WEB-06564","スマホアプリのサービスサイト（グラスモーフィズム・全画面ループ動画）","プロ（演出多め）"
"WEB-06565","サウナ・温浴施設の店舗サイト（飲食・美容・サロン）（ナチュラル・オーガニック・画面2分割（写真｜コピー））","上級"
"WEB-06566","スマホアプリの採用サイト（3D・クレイ・全画面ループ動画）","プロ（演出多め）"
"WEB-06567","クラウドファンディング・新商品のコーポレートサイト（ダーク・シネマティック・散らばった写真コラージュ）","上級"
"WEB-06568","レストラン・居酒屋のコーポレートサイト（和モダン・3Dオブジェクト/ジェネラティブ背景）","上級"
"WEB-06569","サウナ・温浴施設の店舗サイト（飲食・美容・サロン）（ニューブルータリズム・ローディング演出→ロゴ→メインビジュアル）","プロ（演出多め）"
"WEB-06570","ホテル・旅館のホテル・旅館サイト（ダーク・シネマティック・縦書きコピー＋余白）","上級"
"WEB-06571","ペット・トリミング・動物病院のコーポレートサイト（3D・クレイ・縦書きコピー＋余白）","上級"
"WEB-06572","YouTuber・インフルエンサーのブランドサイト（ニューブルータリズム・全画面ループ動画）","プロ（演出多め）"
"WEB-06573","ゲーム・eスポーツの採用サイト（エネルギッシュ・スポーティ・全画面ループ動画）","上級"
"WEB-06574","NPO・地方自治体のサービスサイト（ハンドメイド・手書き・縦書きコピー＋余白）","プロ（演出多め）"
"WEB-06575","レストラン・居酒屋のコーポレートサイト（ラグジュアリー・高級感・巨大コピー＋小さな写真）","プロ（演出多め）"
"WEB-06576","美容室・ヘアサロンのポートフォリオ（個人/事務所）（ミニマル・洗練・巨大コピー＋小さな写真）","上級"
"WEB-06577","歯科医院のコーポレートサイト（ミニマル・洗練・巨大コピー＋小さな写真）","上級"
"WEB-06578","アパレル・ファッションECのサービスサイト（レトロ・Y2K・巨大コピー＋小さな写真）","上級"
"WEB-06579","和菓子・スイーツのブランドサイト（パステル・ドリーミー・ローディング演出→ロゴ→メインビジュアル）","プロ（演出多め）"
"WEB-06580","カフェ・ベーカリーのブランドサイト（エディトリアル・雑誌風・全画面ループ動画）","上級"
"WEB-06581","食品・産直ECのコーポレートサイト（ハンドメイド・手書き・スクロール連動のストーリー）","プロ（演出多め）"
"WEB-06582","レストラン・居酒屋のサービスサイト（ラグジュアリー・高級感・フェード/ズームのスライドショー）","プロ（演出多め）"
"WEB-06583","アパレル・ファッションECの採用サイト（ニューブルータリズム・画面2分割（写真｜コピー））","上級"
"WEB-06584","引越し・生活サービスのサービスサイト（信頼・誠実（コーポレート）・3Dオブジェクト/ジェネラティブ背景）","プロ（演出多め）"
"WEB-06585","引越し・生活サービスの採用サイト（ジオメトリック・グラフィカル・巨大コピー＋小さな写真）","プロ（演出多め）"
"WEB-06586","ゲーム・eスポーツの採用サイト（ネオン・サイバー・ローディング演出→ロゴ→メインビジュアル）","上級"
"WEB-06587","コスメ・スキンケアの採用サイト（ミニマル・洗練・画面2分割（写真｜コピー））","プロ（演出多め）"
"WEB-06588","Web制作・デザイン事務所のサービスサイト（ハンドメイド・手書き・画面2分割（写真｜コピー））","上級"
"WEB-06589","美容室・ヘアサロンの採用サイト（ラグジュアリー・高級感・画面2分割（写真｜コピー））","プロ（演出多め）"
"WEB-06590","ウェディング・結婚相談所の採用サイト（パステル・ドリーミー・画面2分割（写真｜コピー））","プロ（演出多め）"
"WEB-06591","採用・求人の採用サイト（エネルギッシュ・スポーティ・縦書きコピー＋余白）","プロ（演出多め）"
"WEB-06592","ウェディング・結婚相談所のオウンドメディア・ブログ（ミニマル・洗練・縦書きコピー＋余白）","プロ（演出多め）"
"WEB-06593","パーソナルジム・フィットネスのブランドサイト（エネルギッシュ・スポーティ・フェード/ズームのスライドショー）","プロ（演出多め）"
"WEB-06594","スクール・オンライン講座のサービスサイト（ポップ・カラフル・フェード/ズームのスライドショー）","上級"
"WEB-06595","美容室・ヘアサロンのブランドサイト（ミニマル・洗練・縦書きコピー＋余白）","プロ（演出多め）"
"WEB-06596","サウナ・温浴施設のコーポレートサイト（和モダン・フェード/ズームのスライドショー）","プロ（演出多め）"
"WEB-06597","カフェ・ベーカリーのコーポレートサイト（北欧・ライフスタイル・ローディング演出→ロゴ→メインビジュアル）","プロ（演出多め）"
"WEB-06598","英会話・語学のスクール・教室サイト（3D・クレイ・全画面ループ動画）","プロ（演出多め）"
"WEB-06599","ペット・トリミング・動物病院の店舗サイト（飲食・美容・サロン）（ハンドメイド・手書き・全画面ループ動画）","プロ（演出多め）"
"WEB-06600","採用・求人のコーポレートサイト（エディトリアル・雑誌風・全画面ループ動画）","上級"
"WEB-06601","自動車・バイクのブランドサイト（ラグジュアリー・高級感・散らばった写真コラージュ）","上級"
"WEB-06602","AIサービス・スタートアップのオウンドメディア・ブログ（信頼・誠実（コーポレート）・ローディング演出→ロゴ→メインビジュアル）","上級"
"WEB-06603","不動産・マンションのサービスサイト（ミニマル・洗練・散らばった写真コラージュ）","プロ（演出多め）"
"WEB-06604","ウェディング・結婚相談所のポートフォリオ（個人/事務所）（かわいい・ガーリー・縦書きコピー＋余白）","プロ（演出多め）"
"WEB-06605","エステ・脱毛サロンのオウンドメディア・ブログ（ネオン・サイバー・巨大コピー＋小さな写真）","プロ（演出多め）"
"WEB-06606","歯科医院のブランドサイト（信頼・誠実（コーポレート）・画面2分割（写真｜コピー））","プロ（演出多め）"
"WEB-06607","食品・産直ECのブランドサイト（ポップ・カラフル・巨大コピー＋小さな写真）","プロ（演出多め）"
"WEB-06608","ホテル・旅館の採用サイト（パステル・ドリーミー・散らばった写真コラージュ）","上級"
"WEB-06609","和菓子・スイーツのブランドサイト（和モダン・スクロール連動のストーリー）","プロ（演出多め）"
"WEB-06610","金融・保険・投資のオウンドメディア・ブログ（クール・テック・縦書きコピー＋余白）","プロ（演出多め）"
"WEB-06611","ヨガ・ピラティスの店舗サイト（飲食・美容・サロン）（北欧・ライフスタイル・3Dオブジェクト/ジェネラティブ背景）","プロ（演出多め）"
"WEB-06612","不動産・マンションのサービスサイト（ダーク・シネマティック・スクロール連動のストーリー）","プロ（演出多め）"
"WEB-06613","YouTuber・インフルエンサーのオウンドメディア・ブログ（ポップ・カラフル・フェード/ズームのスライドショー）","プロ（演出多め）"
"WEB-06614","スマホアプリのサービスサイト（クール・テック・全画面ループ動画）","プロ（演出多め）"
"WEB-06615","ヨガ・ピラティスのコーポレートサイト（パステル・ドリーミー・ローディング演出→ロゴ→メインビジュアル）","上級"
"WEB-06616","美容室・ヘアサロンのブランドサイト（エディトリアル・雑誌風・画面2分割（写真｜コピー））","上級"
"WEB-06617","プログラミングスクールのコーポレートサイト（3D・クレイ・全画面ループ動画）","上級"
"WEB-06618","コンサル・コーチングのブランドサイト（ラグジュアリー・高級感・巨大コピー＋小さな写真）","上級"
"WEB-06619","Web制作・デザイン事務所のポートフォリオ（個人/事務所）（ダーク・シネマティック・スクロール連動のストーリー）","プロ（演出多め）"
"WEB-06620","クラウドファンディング・新商品のブランドサイト（北欧・ライフスタイル・ローディング演出→ロゴ→メインビジュアル）","プロ（演出多め）"
"WEB-06621","アパレル・ファッションECのコーポレートサイト（レトロ・Y2K・巨大コピー＋小さな写真）","プロ（演出多め）"
"WEB-06622","引越し・生活サービスのオウンドメディア・ブログ（エネルギッシュ・スポーティ・フェード/ズームのスライドショー）","上級"
"WEB-06623","不動産・マンションのブランドサイト（ダーク・シネマティック・縦書きコピー＋余白）","上級"
"WEB-06624","AIサービス・スタートアップのオウンドメディア・ブログ（ハンドメイド・手書き・画面2分割（写真｜コピー））","プロ（演出多め）"
"WEB-06625","引越し・生活サービスのコーポレートサイト（ポップ・カラフル・縦書きコピー＋余白）","プロ（演出多め）"
"WEB-06626","サウナ・温浴施設のホテル・旅館サイト（和モダン・巨大コピー＋小さな写真）","上級"
"WEB-06627","Web制作・デザイン事務所のコーポレートサイト（エディトリアル・雑誌風・散らばった写真コラージュ）","プロ（演出多め）"
"WEB-06628","コスメ・スキンケアのオウンドメディア・ブログ（ナチュラル・オーガニック・フェード/ズームのスライドショー）","プロ（演出多め）"
"WEB-06629","内科・クリニックのコーポレートサイト（信頼・誠実（コーポレート）・画面2分割（写真｜コピー））","上級"
"WEB-06630","食品・産直ECの採用サイト（ポップ・カラフル・スクロール連動のストーリー）","プロ（演出多め）"
"WEB-06631","パーソナルジム・フィットネスのサービスサイト（クール・テック・画面2分割（写真｜コピー））","プロ（演出多め）"
"WEB-06632","NPO・地方自治体のオウンドメディア・ブログ（信頼・誠実（コーポレート）・フェード/ズームのスライドショー）","プロ（演出多め）"
"WEB-06633","占い・スピリチュアルのオウンドメディア・ブログ（和モダン・ローディング演出→ロゴ→メインビジュアル）","上級"
"WEB-06634","美容室・ヘアサロンのサービスサイト（エネルギッシュ・スポーティ・3Dオブジェクト/ジェネラティブ背景）","プロ（演出多め）"
"WEB-06635","占い・スピリチュアルの採用サイト（和モダン・全画面ループ動画）","上級"
"WEB-06636","コスメ・スキンケアのブランドサイト（ミニマル・洗練・フェード/ズームのスライドショー）","上級"
"WEB-06637","士業（税理士・弁護士・行政書士）のサービスサイト（ミニマル・洗練・画面2分割（写真｜コピー））","プロ（演出多め）"
"WEB-06638","英会話・語学のコーポレートサイト（ポップ・カラフル・3Dオブジェクト/ジェネラティブ背景）","上級"
"WEB-06639","レストラン・居酒屋のサービスサイト（ダーク・シネマティック・巨大コピー＋小さな写真）","プロ（演出多め）"
"WEB-06640","NPO・地方自治体のオウンドメディア・ブログ（3D・クレイ・画面2分割（写真｜コピー））","プロ（演出多め）"
"WEB-06641","不動産・マンションのブランドサイト（ダーク・シネマティック・ローディング演出→ロゴ→メインビジュアル）","プロ（演出多め）"
"WEB-06642","ヨガ・ピラティスの店舗サイト（飲食・美容・サロン）（かわいい・ガーリー・スクロール連動のストーリー）","プロ（演出多め）"
"WEB-06643","カフェ・ベーカリーのオウンドメディア・ブログ（北欧・ライフスタイル・画面2分割（写真｜コピー））","プロ（演出多め）"
"WEB-06644","工務店・注文住宅・リフォームのオウンドメディア・ブログ（信頼・誠実（コーポレート）・縦書きコピー＋余白）","上級"
"WEB-06645","占い・スピリチュアルのブランドサイト（ラグジュアリー・高級感・ローディング演出→ロゴ→メインビジュアル）","プロ（演出多め）"
"WEB-06646","SaaS・BtoBツールのコーポレートサイト（3D・クレイ・ローディング演出→ロゴ→メインビジュアル）","上級"
"WEB-06647","音楽・ライブ・イベントの採用サイト（ニューブルータリズム・全画面ループ動画）","上級"
"WEB-06648","プログラミングスクールの採用サイト（3D・クレイ・全画面ループ動画）","プロ（演出多め）"
"WEB-06649","エステ・脱毛サロンのブランドサイト（パステル・ドリーミー・フェード/ズームのスライドショー）","プロ（演出多め）"
"WEB-06650","ゲーム・eスポーツの採用サイト（ネオン・サイバー・フェード/ズームのスライドショー）","プロ（演出多め）"
"WEB-06651","美容室・ヘアサロンのポートフォリオ（個人/事務所）（ミニマル・洗練・散らばった写真コラージュ）","上級"
"WEB-06652","観光・地域プロモーションのホテル・旅館サイト（ナチュラル・オーガニック・全画面ループ動画）","プロ（演出多め）"
"WEB-06653","カフェ・ベーカリーの店舗サイト（飲食・美容・サロン）（北欧・ライフスタイル・縦書きコピー＋余白）","プロ（演出多め）"
"WEB-06654","AIサービス・スタートアップのコーポレートサイト（グラスモーフィズム・3Dオブジェクト/ジェネラティブ背景）","プロ（演出多め）"
"WEB-06655","農業・地方の生産者のサービスサイト（レトロ・Y2K・画面2分割（写真｜コピー））","上級"
"WEB-06656","引越し・生活サービスの採用サイト（信頼・誠実（コーポレート）・巨大コピー＋小さな写真）","上級"
"WEB-06657","Web制作・デザイン事務所のオウンドメディア・ブログ（ニューブルータリズム・フェード/ズームのスライドショー）","プロ（演出多め）"
"WEB-06658","英会話・語学のブランドサイト（エディトリアル・雑誌風・スクロール連動のストーリー）","上級"
"WEB-06659","ウェディング・結婚相談所のオウンドメディア・ブログ（パステル・ドリーミー・散らばった写真コラージュ）","プロ（演出多め）"
"WEB-06660","占い・スピリチュアルのブランドサイト（ダーク・シネマティック・巨大コピー＋小さな写真）","プロ（演出多め）"
"WEB-06661","音楽・ライブ・イベントのコーポレートサイト（ニューブルータリズム・巨大コピー＋小さな写真）","上級"
"WEB-06662","ペット・トリミング・動物病院のサービスサイト（ナチュラル・オーガニック・画面2分割（写真｜コピー））","プロ（演出多め）"
"WEB-06663","不動産・マンションのコーポレートサイト（信頼・誠実（コーポレート）・フェード/ズームのスライドショー）","プロ（演出多め）"
"WEB-06664","内科・クリニックのクリニック・医院サイト（信頼・誠実（コーポレート）・縦書きコピー＋余白）","プロ（演出多め）"
"WEB-06665","コンサル・コーチングのオウンドメディア・ブログ（ミニマル・洗練・スクロール連動のストーリー）","プロ（演出多め）"
"WEB-06666","建築設計事務所のサービスサイト（ニューブルータリズム・フェード/ズームのスライドショー）","プロ（演出多め）"
"WEB-06667","YouTuber・インフルエンサーのポートフォリオ（個人/事務所）（ポップ・カラフル・3Dオブジェクト/ジェネラティブ背景）","上級"
"WEB-06668","士業（税理士・弁護士・行政書士）のオウンドメディア・ブログ（ミニマル・洗練・3Dオブジェクト/ジェネラティブ背景）","上級"
"WEB-06669","カフェ・ベーカリーのコーポレートサイト（ハンドメイド・手書き・巨大コピー＋小さな写真）","上級"
"WEB-06670","パーソナルジム・フィットネスのブランドサイト（ハンドメイド・手書き・ローディング演出→ロゴ→メインビジュアル）","プロ（演出多め）"
"WEB-06671","建築設計事務所のコーポレートサイト（エディトリアル・雑誌風・スクロール連動のストーリー）","上級"
"WEB-06672","SaaS・BtoBツールのオウンドメディア・ブログ（グラスモーフィズム・3Dオブジェクト/ジェネラティブ背景）","プロ（演出多め）"
"WEB-06673","SaaS・BtoBツールのコーポレートサイト（エネルギッシュ・スポーティ・縦書きコピー＋余白）","プロ（演出多め）"
"WEB-06674","工務店・注文住宅・リフォームのコーポレートサイト（北欧・ライフスタイル・ローディング演出→ロゴ→メインビジュアル）","上級"
"WEB-06675","エステ・脱毛サロンのサービスサイト（ラグジュアリー・高級感・フェード/ズームのスライドショー）","上級"
"WEB-06676","ホテル・旅館のオウンドメディア・ブログ（和モダン・3Dオブジェクト/ジェネラティブ背景）","上級"
"WEB-06677","観光・地域プロモーションのイベント・フェスサイト（ハンドメイド・手書き・ローディング演出→ロゴ→メインビジュアル）","プロ（演出多め）"
"WEB-06678","工務店・注文住宅・リフォームのオウンドメディア・ブログ（ナチュラル・オーガニック・ローディング演出→ロゴ→メインビジュアル）","プロ（演出多め）"
"WEB-06679","占い・スピリチュアルのブランドサイト（ハンドメイド・手書き・全画面ループ動画）","プロ（演出多め）"
"WEB-06680","プログラミングスクールの採用サイト（ポップ・カラフル・フェード/ズームのスライドショー）","上級"
"WEB-06681","ペット・トリミング・動物病院のコーポレートサイト（ミニマル・洗練・縦書きコピー＋余白）","プロ（演出多め）"
"WEB-06682","農業・地方の生産者のコーポレートサイト（3D・クレイ・画面2分割（写真｜コピー））","プロ（演出多め）"
"WEB-06683","カフェ・ベーカリーのコーポレートサイト（エディトリアル・雑誌風・画面2分割（写真｜コピー））","上級"
"WEB-06684","カフェ・ベーカリーの店舗サイト（飲食・美容・サロン）（パステル・ドリーミー・縦書きコピー＋余白）","プロ（演出多め）"
"WEB-06685","美容室・ヘアサロンのポートフォリオ（個人/事務所）（北欧・ライフスタイル・3Dオブジェクト/ジェネラティブ背景）","プロ（演出多め）"
"WEB-06686","スマホアプリのコーポレートサイト（クール・テック・3Dオブジェクト/ジェネラティブ背景）","プロ（演出多め）"
"WEB-06687","音楽・ライブ・イベントのブランドサイト（3D・クレイ・ローディング演出→ロゴ→メインビジュアル）","プロ（演出多め）"
"WEB-06688","保育園・幼児教育・習い事の採用サイト（ハンドメイド・手書き・縦書きコピー＋余白）","プロ（演出多め）"
"WEB-06689","観光・地域プロモーションのコーポレートサイト（ダーク・シネマティック・画面2分割（写真｜コピー））","プロ（演出多め）"
"WEB-06690","ペット・トリミング・動物病院のオウンドメディア・ブログ（3D・クレイ・画面2分割（写真｜コピー））","上級"
"WEB-06691","工務店・注文住宅・リフォームの採用サイト（信頼・誠実（コーポレート）・3Dオブジェクト/ジェネラティブ背景）","上級"
"WEB-06692","音楽・ライブ・イベントのオウンドメディア・ブログ（ダーク・シネマティック・全画面ループ動画）","上級"
"WEB-06693","Web制作・デザイン事務所のサービスサイト（エディトリアル・雑誌風・ローディング演出→ロゴ→メインビジュアル）","上級"
"WEB-06694","SaaS・BtoBツールの採用サイト（クール・テック・画面2分割（写真｜コピー））","プロ（演出多め）"
"WEB-06695","和菓子・スイーツのサービスサイト（パステル・ドリーミー・フェード/ズームのスライドショー）","プロ（演出多め）"
"WEB-06696","レストラン・居酒屋のコーポレートサイト（ラグジュアリー・高級感・画面2分割（写真｜コピー））","プロ（演出多め）"
"WEB-06697","サウナ・温浴施設のサービスサイト（ニューブルータリズム・全画面ループ動画）","プロ（演出多め）"
"WEB-06698","農業・地方の生産者のサービスサイト（ナチュラル・オーガニック・スクロール連動のストーリー）","上級"
"WEB-06699","食品・産直ECの採用サイト（和モダン・ローディング演出→ロゴ→メインビジュアル）","プロ（演出多め）"
"WEB-06700","英会話・語学の採用サイト（ポップ・カラフル・巨大コピー＋小さな写真）","上級"
"WEB-06701","スマホアプリのコーポレートサイト（グラスモーフィズム・全画面ループ動画）","上級"
"WEB-06702","士業（税理士・弁護士・行政書士）のオウンドメディア・ブログ（信頼・誠実（コーポレート）・散らばった写真コラージュ）","上級"
"WEB-06703","工務店・注文住宅・リフォームのブランドサイト（ミニマル・洗練・ローディング演出→ロゴ→メインビジュアル）","上級"
"WEB-06704","士業（税理士・弁護士・行政書士）のオウンドメディア・ブログ（和モダン・縦書きコピー＋余白）","プロ（演出多め）"
"WEB-06705","金融・保険・投資のコーポレートサイト（信頼・誠実（コーポレート）・ローディング演出→ロゴ→メインビジュアル）","上級"
"WEB-06706","内科・クリニックのオウンドメディア・ブログ（信頼・誠実（コーポレート）・散らばった写真コラージュ）","上級"
"WEB-06707","観光・地域プロモーションのコーポレートサイト（和モダン・3Dオブジェクト/ジェネラティブ背景）","プロ（演出多め）"
"WEB-06708","採用・求人の採用サイト（ミニマル・洗練・スクロール連動のストーリー）","上級"
"WEB-06709","YouTuber・インフルエンサーの採用サイト（ネオン・サイバー・3Dオブジェクト/ジェネラティブ背景）","プロ（演出多め）"
"WEB-06710","歯科医院のブランドサイト（ナチュラル・オーガニック・3Dオブジェクト/ジェネラティブ背景）","上級"
"WEB-06711","引越し・生活サービスのブランドサイト（ポップ・カラフル・フェード/ズームのスライドショー）","プロ（演出多め）"
"WEB-06712","クラウドファンディング・新商品の採用サイト（ナチュラル・オーガニック・3Dオブジェクト/ジェネラティブ背景）","プロ（演出多め）"
"WEB-06713","不動産・マンションのブランドサイト（ダーク・シネマティック・全画面ループ動画）","上級"
"WEB-06714","和菓子・スイーツのECサイト（ポップ・カラフル・散らばった写真コラージュ）","プロ（演出多め）"
"WEB-06715","スクール・オンライン講座のオウンドメディア・ブログ（北欧・ライフスタイル・ローディング演出→ロゴ→メインビジュアル）","プロ（演出多め）"
"WEB-06716","建築設計事務所のコーポレートサイト（ジオメトリック・グラフィカル・巨大コピー＋小さな写真）","プロ（演出多め）"
"WEB-06717","AIサービス・スタートアップの採用サイト（ネオン・サイバー・ローディング演出→ロゴ→メインビジュアル）","プロ（演出多め）"
"WEB-06718","建築設計事務所のコーポレートサイト（ミニマル・洗練・フェード/ズームのスライドショー）","上級"
"WEB-06719","保育園・幼児教育・習い事のコーポレートサイト（かわいい・ガーリー・散らばった写真コラージュ）","プロ（演出多め）"
"WEB-06720","工務店・注文住宅・リフォームの採用サイト（クール・テック・3Dオブジェクト/ジェネラティブ背景）","プロ（演出多め）"
"WEB-06721","スクール・オンライン講座のサービスサイト（3D・クレイ・全画面ループ動画）","プロ（演出多め）"
"WEB-06722","スクール・オンライン講座のブランドサイト（ポップ・カラフル・散らばった写真コラージュ）","プロ（演出多め）"
"WEB-06723","美容室・ヘアサロンの採用サイト（ミニマル・洗練・3Dオブジェクト/ジェネラティブ背景）","プロ（演出多め）"
"WEB-06724","コンサル・コーチングのブランドサイト（ミニマル・洗練・画面2分割（写真｜コピー））","上級"
"WEB-06725","スクール・オンライン講座のオウンドメディア・ブログ（北欧・ライフスタイル・全画面ループ動画）","プロ（演出多め）"
"WEB-06726","英会話・語学のスクール・教室サイト（ナチュラル・オーガニック・3Dオブジェクト/ジェネラティブ背景）","プロ（演出多め）"
"WEB-06727","スマホアプリのサービスサイト（ポップ・カラフル・フェード/ズームのスライドショー）","プロ（演出多め）"
"WEB-06728","エステ・脱毛サロンのコーポレートサイト（かわいい・ガーリー・散らばった写真コラージュ）","プロ（演出多め）"
"WEB-06729","引越し・生活サービスのブランドサイト（信頼・誠実（コーポレート）・フェード/ズームのスライドショー）","プロ（演出多め）"
"WEB-06730","スクール・オンライン講座のコーポレートサイト（ポップ・カラフル・フェード/ズームのスライドショー）","上級"
"WEB-06731","和菓子・スイーツのサービスサイト（ナチュラル・オーガニック・全画面ループ動画）","上級"
"WEB-06732","観光・地域プロモーションのイベント・フェスサイト（ネオン・サイバー・散らばった写真コラージュ）","プロ（演出多め）"
"WEB-06733","士業（税理士・弁護士・行政書士）のコーポレートサイト（3D・クレイ・3Dオブジェクト/ジェネラティブ背景）","プロ（演出多め）"
"WEB-06734","引越し・生活サービスのブランドサイト（3D・クレイ・縦書きコピー＋余白）","プロ（演出多め）"
"WEB-06735","スクール・オンライン講座のオウンドメディア・ブログ（3D・クレイ・散らばった写真コラージュ）","プロ（演出多め）"
"WEB-06736","農業・地方の生産者の採用サイト（エネルギッシュ・スポーティ・巨大コピー＋小さな写真）","プロ（演出多め）"
"WEB-06737","YouTuber・インフルエンサーのポートフォリオ（個人/事務所）（ネオン・サイバー・縦書きコピー＋余白）","プロ（演出多め）"
"WEB-06738","カフェ・ベーカリーの店舗サイト（飲食・美容・サロン）（ナチュラル・オーガニック・巨大コピー＋小さな写真）","上級"
"WEB-06739","不動産・マンションのブランドサイト（ミニマル・洗練・画面2分割（写真｜コピー））","プロ（演出多め）"
"WEB-06740","観光・地域プロモーションのオウンドメディア・ブログ（ナチュラル・オーガニック・散らばった写真コラージュ）","プロ（演出多め）"
"WEB-06741","観光・地域プロモーションのオウンドメディア・ブログ（3D・クレイ・画面2分割（写真｜コピー））","プロ（演出多め）"
"WEB-06742","金融・保険・投資のオウンドメディア・ブログ（クール・テック・全画面ループ動画）","上級"
"WEB-06743","NPO・地方自治体のサービスサイト（信頼・誠実（コーポレート）・ローディング演出→ロゴ→メインビジュアル）","プロ（演出多め）"
"WEB-06744","ウェディング・結婚相談所のブランドサイト（ミニマル・洗練・ローディング演出→ロゴ→メインビジュアル）","上級"
"WEB-06745","スマホアプリのコーポレートサイト（ナチュラル・オーガニック・3Dオブジェクト/ジェネラティブ背景）","プロ（演出多め）"
"WEB-06746","クラウドファンディング・新商品のサービスサイト（かわいい・ガーリー・3Dオブジェクト/ジェネラティブ背景）","プロ（演出多め）"
"WEB-06747","スクール・オンライン講座のサービスサイト（3D・クレイ・全画面ループ動画）","上級"
"WEB-06748","音楽・ライブ・イベントの採用サイト（ニューブルータリズム・巨大コピー＋小さな写真）","プロ（演出多め）"
"WEB-06749","AIサービス・スタートアップのオウンドメディア・ブログ（グラスモーフィズム・画面2分割（写真｜コピー））","上級"
"WEB-06750","AIサービス・スタートアップのサービスサイト（クール・テック・巨大コピー＋小さな写真）","プロ（演出多め）"
"WEB-06751","採用・求人の採用サイト（ジオメトリック・グラフィカル・縦書きコピー＋余白）","プロ（演出多め）"
"WEB-06752","ウェディング・結婚相談所の採用サイト（ネオン・サイバー・巨大コピー＋小さな写真）","プロ（演出多め）"
"WEB-06753","歯科医院のブランドサイト（ナチュラル・オーガニック・縦書きコピー＋余白）","上級"
"WEB-06754","YouTuber・インフルエンサーの採用サイト（エネルギッシュ・スポーティ・フェード/ズームのスライドショー）","プロ（演出多め）"
"WEB-06755","ペット・トリミング・動物病院のブランドサイト（3D・クレイ・散らばった写真コラージュ）","上級"
"WEB-06756","観光・地域プロモーションのサービスサイト（ハンドメイド・手書き・ローディング演出→ロゴ→メインビジュアル）","上級"
"WEB-06757","内科・クリニックのブランドサイト（ナチュラル・オーガニック・ローディング演出→ロゴ→メインビジュアル）","上級"
"WEB-06758","SaaS・BtoBツールの採用サイト（ジオメトリック・グラフィカル・画面2分割（写真｜コピー））","プロ（演出多め）"
"WEB-06759","占い・スピリチュアルのオウンドメディア・ブログ（北欧・ライフスタイル・画面2分割（写真｜コピー））","プロ（演出多め）"
"WEB-06760","AIサービス・スタートアップのサービスサイト（グラスモーフィズム・全画面ループ動画）","プロ（演出多め）"
"WEB-06761","自動車・バイクのサービスサイト（クール・テック・巨大コピー＋小さな写真）","プロ（演出多め）"
"WEB-06762","クラウドファンディング・新商品のコーポレートサイト（ポップ・カラフル・フェード/ズームのスライドショー）","プロ（演出多め）"
"WEB-06763","音楽・ライブ・イベントのコーポレートサイト（ダーク・シネマティック・スクロール連動のストーリー）","上級"
"WEB-06764","音楽・ライブ・イベントのサービスサイト（レトロ・Y2K・フェード/ズームのスライドショー）","プロ（演出多め）"
"WEB-06765","SaaS・BtoBツールのコーポレートサイト（クール・テック・フェード/ズームのスライドショー）","プロ（演出多め）"
"WEB-06766","保育園・幼児教育・習い事のコーポレートサイト（パステル・ドリーミー・縦書きコピー＋余白）","プロ（演出多め）"
"WEB-06767","ペット・トリミング・動物病院のサービスサイト（かわいい・ガーリー・3Dオブジェクト/ジェネラティブ背景）","プロ（演出多め）"
"WEB-06768","引越し・生活サービスのオウンドメディア・ブログ（3D・クレイ・散らばった写真コラージュ）","プロ（演出多め）"
"WEB-06769","AIサービス・スタートアップのブランドサイト（ネオン・サイバー・散らばった写真コラージュ）","プロ（演出多め）"
"WEB-06770","ペット・トリミング・動物病院の店舗サイト（飲食・美容・サロン）（信頼・誠実（コーポレート）・3Dオブジェクト/ジェネラティブ背景）","プロ（演出多め）"
"WEB-06771","コンサル・コーチングのブランドサイト（信頼・誠実（コーポレート）・画面2分割（写真｜コピー））","上級"
"WEB-06772","ヨガ・ピラティスのサービスサイト（北欧・ライフスタイル・3Dオブジェクト/ジェネラティブ背景）","プロ（演出多め）"
"WEB-06773","農業・地方の生産者のオウンドメディア・ブログ（和モダン・フェード/ズームのスライドショー）","プロ（演出多め）"
"WEB-06774","アパレル・ファッションECのコーポレートサイト（エディトリアル・雑誌風・散らばった写真コラージュ）","プロ（演出多め）"
"WEB-06775","ペット・トリミング・動物病院のブランドサイト（かわいい・ガーリー・縦書きコピー＋余白）","プロ（演出多め）"
"WEB-06776","アパレル・ファッションECの採用サイト（ダーク・シネマティック・縦書きコピー＋余白）","上級"
"WEB-06777","士業（税理士・弁護士・行政書士）のブランドサイト（和モダン・ローディング演出→ロゴ→メインビジュアル）","プロ（演出多め）"
"WEB-06778","YouTuber・インフルエンサーのブランドサイト（かわいい・ガーリー・フェード/ズームのスライドショー）","プロ（演出多め）"
"WEB-06779","美容室・ヘアサロンの採用サイト（ラグジュアリー・高級感・フェード/ズームのスライドショー）","プロ（演出多め）"
"WEB-06780","占い・スピリチュアルのコーポレートサイト（ミニマル・洗練・3Dオブジェクト/ジェネラティブ背景）","プロ（演出多め）"
"WEB-06781","スマホアプリのサービスサイト（レトロ・Y2K・巨大コピー＋小さな写真）","プロ（演出多め）"
"WEB-06782","美容室・ヘアサロンの店舗サイト（飲食・美容・サロン）（エディトリアル・雑誌風・画面2分割（写真｜コピー））","プロ（演出多め）"
"WEB-06783","音楽・ライブ・イベントのオウンドメディア・ブログ（ニューブルータリズム・縦書きコピー＋余白）","プロ（演出多め）"
"WEB-06784","音楽・ライブ・イベントの採用サイト（ニューブルータリズム・スクロール連動のストーリー）","上級"
"WEB-06785","金融・保険・投資のサービスサイト（信頼・誠実（コーポレート）・散らばった写真コラージュ）","プロ（演出多め）"
"WEB-06786","保育園・幼児教育・習い事のオウンドメディア・ブログ（クール・テック・全画面ループ動画）","プロ（演出多め）"
"WEB-06787","クラウドファンディング・新商品の採用サイト（グラスモーフィズム・画面2分割（写真｜コピー））","プロ（演出多め）"
"WEB-06788","YouTuber・インフルエンサーのサービスサイト（ニューブルータリズム・ローディング演出→ロゴ→メインビジュアル）","プロ（演出多め）"
"WEB-06789","観光・地域プロモーションの採用サイト（エディトリアル・雑誌風・散らばった写真コラージュ）","プロ（演出多め）"
"WEB-06790","YouTuber・インフルエンサーのオウンドメディア・ブログ（かわいい・ガーリー・散らばった写真コラージュ）","上級"
"WEB-06791","ヨガ・ピラティスのブランドサイト（ナチュラル・オーガニック・ローディング演出→ロゴ→メインビジュアル）","プロ（演出多め）"
"WEB-06792","農業・地方の生産者の自治体・観光協会サイト（ハンドメイド・手書き・3Dオブジェクト/ジェネラティブ背景）","プロ（演出多め）"
"WEB-06793","AIサービス・スタートアップのサービスサイト（クール・テック・全画面ループ動画）","上級"
"WEB-06794","美容室・ヘアサロンの採用サイト（かわいい・ガーリー・スクロール連動のストーリー）","プロ（演出多め）"
"WEB-06795","パーソナルジム・フィットネスのコーポレートサイト（クール・テック・縦書きコピー＋余白）","プロ（演出多め）"
"WEB-06796","自動車・バイクの採用サイト（エネルギッシュ・スポーティ・フェード/ズームのスライドショー）","上級"
"WEB-06797","金融・保険・投資のコーポレートサイト（クール・テック・ローディング演出→ロゴ→メインビジュアル）","上級"
"WEB-06798","美容クリニックのオウンドメディア・ブログ（ポップ・カラフル・巨大コピー＋小さな写真）","上級"
"WEB-06799","クラウドファンディング・新商品のコーポレートサイト（クール・テック・ローディング演出→ロゴ→メインビジュアル）","上級"
"WEB-06800","YouTuber・インフルエンサーのオウンドメディア・ブログ（エネルギッシュ・スポーティ・全画面ループ動画）","プロ（演出多め）"
"WEB-06801","音楽・ライブ・イベントのコーポレートサイト（ニューブルータリズム・全画面ループ動画）","上級"
"WEB-06802","Web制作・デザイン事務所のサービスサイト（ニューブルータリズム・フェード/ズームのスライドショー）","プロ（演出多め）"
"WEB-06803","農業・地方の生産者のオウンドメディア・ブログ（和モダン・3Dオブジェクト/ジェネラティブ背景）","プロ（演出多め）"
"WEB-06804","英会話・語学のブランドサイト（ジオメトリック・グラフィカル・全画面ループ動画）","プロ（演出多め）"
"WEB-06805","英会話・語学のサービスサイト（3D・クレイ・3Dオブジェクト/ジェネラティブ背景）","上級"
"WEB-06806","引越し・生活サービスのブランドサイト（信頼・誠実（コーポレート）・フェード/ズームのスライドショー）","プロ（演出多め）"
"WEB-06807","YouTuber・インフルエンサーのポートフォリオ（個人/事務所）（ネオン・サイバー・画面2分割（写真｜コピー））","上級"
"WEB-06808","ゲーム・eスポーツのイベント・フェスサイト（エネルギッシュ・スポーティ・縦書きコピー＋余白）","プロ（演出多め）"
"WEB-06809","コンサル・コーチングの採用サイト（グラスモーフィズム・散らばった写真コラージュ）","上級"
"WEB-06810","和菓子・スイーツの採用サイト（エネルギッシュ・スポーティ・画面2分割（写真｜コピー））","プロ（演出多め）"
"WEB-06811","エステ・脱毛サロンの採用サイト（ラグジュアリー・高級感・ローディング演出→ロゴ→メインビジュアル）","上級"
"WEB-06812","美容クリニックのオウンドメディア・ブログ（ミニマル・洗練・縦書きコピー＋余白）","プロ（演出多め）"
"WEB-06813","プログラミングスクールのサービスサイト（3D・クレイ・全画面ループ動画）","上級"
"WEB-06814","エステ・脱毛サロンのコーポレートサイト（かわいい・ガーリー・縦書きコピー＋余白）","プロ（演出多め）"
"WEB-06815","金融・保険・投資のオウンドメディア・ブログ（信頼・誠実（コーポレート）・3Dオブジェクト/ジェネラティブ背景）","プロ（演出多め）"
"WEB-06816","アパレル・ファッションECの採用サイト（グラスモーフィズム・スクロール連動のストーリー）","上級"
"WEB-06817","アパレル・ファッションECの採用サイト（ミニマル・洗練・3Dオブジェクト/ジェネラティブ背景）","プロ（演出多め）"
"WEB-06818","観光・地域プロモーションのホテル・旅館サイト（ナチュラル・オーガニック・巨大コピー＋小さな写真）","プロ（演出多め）"
"WEB-06819","工務店・注文住宅・リフォームのコーポレートサイト（北欧・ライフスタイル・フェード/ズームのスライドショー）","プロ（演出多め）"
"WEB-06820","金融・保険・投資のブランドサイト（ミニマル・洗練・3Dオブジェクト/ジェネラティブ背景）","プロ（演出多め）"
"WEB-06821","パーソナルジム・フィットネスのスクール・教室サイト（ジオメトリック・グラフィカル・画面2分割（写真｜コピー））","プロ（演出多め）"
"WEB-06822","SaaS・BtoBツールの採用サイト（レトロ・Y2K・縦書きコピー＋余白）","プロ（演出多め）"
"WEB-06823","ウェディング・結婚相談所のサービスサイト（ミニマル・洗練・ローディング演出→ロゴ→メインビジュアル）","上級"
"WEB-06824","カフェ・ベーカリーのコーポレートサイト（ナチュラル・オーガニック・3Dオブジェクト/ジェネラティブ背景）","上級"
"WEB-06825","内科・クリニックのオウンドメディア・ブログ（ナチュラル・オーガニック・縦書きコピー＋余白）","プロ（演出多め）"
"WEB-06826","採用・求人の採用サイト（ポップ・カラフル・縦書きコピー＋余白）","プロ（演出多め）"
"WEB-06827","占い・スピリチュアルのブランドサイト（ダーク・シネマティック・散らばった写真コラージュ）","プロ（演出多め）"
"WEB-06828","歯科医院のサービスサイト（ナチュラル・オーガニック・ローディング演出→ロゴ→メインビジュアル）","プロ（演出多め）"
"WEB-06829","自動車・バイクのブランドサイト（ラグジュアリー・高級感・3Dオブジェクト/ジェネラティブ背景）","プロ（演出多め）"
"WEB-06830","士業（税理士・弁護士・行政書士）の採用サイト（信頼・誠実（コーポレート）・3Dオブジェクト/ジェネラティブ背景）","プロ（演出多め）"
"WEB-06831","レストラン・居酒屋のブランドサイト（和モダン・画面2分割（写真｜コピー））","プロ（演出多め）"
"WEB-06832","食品・産直ECのブランドサイト（ポップ・カラフル・ローディング演出→ロゴ→メインビジュアル）","プロ（演出多め）"
"WEB-06833","美容室・ヘアサロンの採用サイト（北欧・ライフスタイル・画面2分割（写真｜コピー））","プロ（演出多め）"
"WEB-06834","YouTuber・インフルエンサーのサービスサイト（ニューブルータリズム・画面2分割（写真｜コピー））","上級"
"WEB-06835","スマホアプリのオウンドメディア・ブログ（ポップ・カラフル・3Dオブジェクト/ジェネラティブ背景）","上級"
"WEB-06836","食品・産直ECのコーポレートサイト（和モダン・スクロール連動のストーリー）","上級"
"WEB-06837","スクール・オンライン講座の採用サイト（信頼・誠実（コーポレート）・3Dオブジェクト/ジェネラティブ背景）","プロ（演出多め）"
"WEB-06838","ホテル・旅館のオウンドメディア・ブログ（ミニマル・洗練・画面2分割（写真｜コピー））","プロ（演出多め）"
"WEB-06839","アパレル・ファッションECのブランドサイト（レトロ・Y2K・画面2分割（写真｜コピー））","上級"
"WEB-06840","採用・求人のコーポレートサイト（ポップ・カラフル・ローディング演出→ロゴ→メインビジュアル）","上級"
"WEB-06841","カフェ・ベーカリーの店舗サイト（飲食・美容・サロン）（エディトリアル・雑誌風・スクロール連動のストーリー）","上級"
"WEB-06842","スマホアプリのサービスサイト（クール・テック・スクロール連動のストーリー）","プロ（演出多め）"
"WEB-06843","不動産・マンションのブランドサイト（ネオン・サイバー・画面2分割（写真｜コピー））","プロ（演出多め）"
"WEB-06844","スマホアプリのブランドサイト（3D・クレイ・画面2分割（写真｜コピー））","上級"
"WEB-06845","Web制作・デザイン事務所のオウンドメディア・ブログ（グラスモーフィズム・散らばった写真コラージュ）","プロ（演出多め）"
"WEB-06846","コスメ・スキンケアの採用サイト（ナチュラル・オーガニック・縦書きコピー＋余白）","プロ（演出多め）"
"WEB-06847","Web制作・デザイン事務所のオウンドメディア・ブログ（ジオメトリック・グラフィカル・全画面ループ動画）","プロ（演出多め）"
"WEB-06848","サウナ・温浴施設の店舗サイト（飲食・美容・サロン）（ナチュラル・オーガニック・3Dオブジェクト/ジェネラティブ背景）","上級"
"WEB-06849","サウナ・温浴施設のホテル・旅館サイト（レトロ・Y2K・スクロール連動のストーリー）","上級"
"WEB-06850","金融・保険・投資のブランドサイト（信頼・誠実（コーポレート）・ローディング演出→ロゴ→メインビジュアル）","プロ（演出多め）"
"WEB-06851","パーソナルジム・フィットネスのサービスサイト（ダーク・シネマティック・ローディング演出→ロゴ→メインビジュアル）","プロ（演出多め）"
"WEB-06852","士業（税理士・弁護士・行政書士）のオウンドメディア・ブログ（信頼・誠実（コーポレート）・3Dオブジェクト/ジェネラティブ背景）","上級"
"WEB-06853","英会話・語学のオウンドメディア・ブログ（ジオメトリック・グラフィカル・スクロール連動のストーリー）","上級"
"WEB-06854","YouTuber・インフルエンサーのイベント・フェスサイト（ポップ・カラフル・全画面ループ動画）","プロ（演出多め）"
"WEB-06855","スマホアプリの採用サイト（信頼・誠実（コーポレート）・3Dオブジェクト/ジェネラティブ背景）","上級"
"WEB-06856","美容室・ヘアサロンのブランドサイト（北欧・ライフスタイル・巨大コピー＋小さな写真）","プロ（演出多め）"
"WEB-06857","プログラミングスクールのブランドサイト（ネオン・サイバー・巨大コピー＋小さな写真）","上級"
"WEB-06858","工務店・注文住宅・リフォームのサービスサイト（信頼・誠実（コーポレート）・散らばった写真コラージュ）","上級"
"WEB-06859","AIサービス・スタートアップのコーポレートサイト（クール・テック・スクロール連動のストーリー）","上級"
"WEB-06860","アパレル・ファッションECのブランドサイト（ミニマル・洗練・縦書きコピー＋余白）","上級"
"WEB-06861","アパレル・ファッションECのコーポレートサイト（ニューブルータリズム・フェード/ズームのスライドショー）","プロ（演出多め）"
"WEB-06862","スクール・オンライン講座のブランドサイト（信頼・誠実（コーポレート）・全画面ループ動画）","プロ（演出多め）"
"WEB-06863","ペット・トリミング・動物病院のブランドサイト（ナチュラル・オーガニック・ローディング演出→ロゴ→メインビジュアル）","プロ（演出多め）"
"WEB-06864","不動産・マンションのオウンドメディア・ブログ（パステル・ドリーミー・フェード/ズームのスライドショー）","上級"
"WEB-06865","ヨガ・ピラティスのスクール・教室サイト（ナチュラル・オーガニック・スクロール連動のストーリー）","プロ（演出多め）"
"WEB-06866","NPO・地方自治体のブランドサイト（ナチュラル・オーガニック・縦書きコピー＋余白）","プロ（演出多め）"
"WEB-06867","クラウドファンディング・新商品のサービスサイト（ナチュラル・オーガニック・散らばった写真コラージュ）","上級"
"WEB-06868","SaaS・BtoBツールのブランドサイト（3D・クレイ・フェード/ズームのスライドショー）","プロ（演出多め）"
"WEB-06869","英会話・語学のブランドサイト（3D・クレイ・散らばった写真コラージュ）","プロ（演出多め）"
"WEB-06870","占い・スピリチュアルのブランドサイト（ラグジュアリー・高級感・巨大コピー＋小さな写真）","プロ（演出多め）"
"WEB-06871","コスメ・スキンケアのECサイト（ラグジュアリー・高級感・散らばった写真コラージュ）","プロ（演出多め）"
"WEB-06872","ペット・トリミング・動物病院のブランドサイト（ハンドメイド・手書き・ローディング演出→ロゴ→メインビジュアル）","プロ（演出多め）"
"WEB-06873","保育園・幼児教育・習い事の採用サイト（ナチュラル・オーガニック・散らばった写真コラージュ）","プロ（演出多め）"
"WEB-06874","保育園・幼児教育・習い事の採用サイト（ミニマル・洗練・3Dオブジェクト/ジェネラティブ背景）","プロ（演出多め）"
"WEB-06875","内科・クリニックのサービスサイト（信頼・誠実（コーポレート）・散らばった写真コラージュ）","上級"
"WEB-06876","ヨガ・ピラティスの採用サイト（パステル・ドリーミー・散らばった写真コラージュ）","上級"
"WEB-06877","内科・クリニックのサービスサイト（信頼・誠実（コーポレート）・散らばった写真コラージュ）","プロ（演出多め）"
"WEB-06878","パーソナルジム・フィットネスの店舗サイト（飲食・美容・サロン）（ダーク・シネマティック・画面2分割（写真｜コピー））","プロ（演出多め）"
"WEB-06879","コスメ・スキンケアのコーポレートサイト（ラグジュアリー・高級感・縦書きコピー＋余白）","上級"
"WEB-06880","歯科医院のオウンドメディア・ブログ（信頼・誠実（コーポレート）・全画面ループ動画）","プロ（演出多め）"
"WEB-06881","アパレル・ファッションECのブランドサイト（ニューブルータリズム・全画面ループ動画）","上級"
"WEB-06882","引越し・生活サービスのサービスサイト（ポップ・カラフル・3Dオブジェクト/ジェネラティブ背景）","プロ（演出多め）"
"WEB-06883","レストラン・居酒屋のオウンドメディア・ブログ（レトロ・Y2K・巨大コピー＋小さな写真）","プロ（演出多め）"
"WEB-06884","食品・産直ECのブランドサイト（かわいい・ガーリー・縦書きコピー＋余白）","上級"
"WEB-06885","英会話・語学のブランドサイト（3D・クレイ・画面2分割（写真｜コピー））","プロ（演出多め）"
"WEB-06886","エステ・脱毛サロンのオウンドメディア・ブログ（パステル・ドリーミー・ローディング演出→ロゴ→メインビジュアル）","プロ（演出多め）"
"WEB-06887","引越し・生活サービスのサービスサイト（ポップ・カラフル・縦書きコピー＋余白）","プロ（演出多め）"
"WEB-06888","工務店・注文住宅・リフォームのコーポレートサイト（ナチュラル・オーガニック・全画面ループ動画）","上級"
"WEB-06889","NPO・地方自治体のサービスサイト（信頼・誠実（コーポレート）・巨大コピー＋小さな写真）","プロ（演出多め）"
"WEB-06890","ペット・トリミング・動物病院のサービスサイト（ナチュラル・オーガニック・縦書きコピー＋余白）","プロ（演出多め）"
"WEB-06891","英会話・語学のスクール・教室サイト（ポップ・カラフル・フェード/ズームのスライドショー）","プロ（演出多め）"
"WEB-06892","ホテル・旅館のコーポレートサイト（ラグジュアリー・高級感・散らばった写真コラージュ）","上級"
"WEB-06893","ホテル・旅館のサービスサイト（和モダン・フェード/ズームのスライドショー）","プロ（演出多め）"
"WEB-06894","和菓子・スイーツのECサイト（ナチュラル・オーガニック・画面2分割（写真｜コピー））","上級"
"WEB-06895","サウナ・温浴施設のオウンドメディア・ブログ（ナチュラル・オーガニック・縦書きコピー＋余白）","プロ（演出多め）"
"WEB-06896","建築設計事務所のコーポレートサイト（かわいい・ガーリー・ローディング演出→ロゴ→メインビジュアル）","プロ（演出多め）"
"WEB-06897","工務店・注文住宅・リフォームのサービスサイト（ナチュラル・オーガニック・フェード/ズームのスライドショー）","プロ（演出多め）"
"WEB-06898","カフェ・ベーカリーのオウンドメディア・ブログ（レトロ・Y2K・巨大コピー＋小さな写真）","プロ（演出多め）"
"WEB-06899","採用・求人のオウンドメディア・ブログ（ポップ・カラフル・フェード/ズームのスライドショー）","プロ（演出多め）"
"WEB-06900","YouTuber・インフルエンサーのコーポレートサイト（かわいい・ガーリー・スクロール連動のストーリー）","プロ（演出多め）"
"WEB-06901","Web制作・デザイン事務所の採用サイト（エディトリアル・雑誌風・スクロール連動のストーリー）","上級"
"WEB-06902","工務店・注文住宅・リフォームのオウンドメディア・ブログ（ミニマル・洗練・縦書きコピー＋余白）","プロ（演出多め）"
"WEB-06903","内科・クリニックのブランドサイト（北欧・ライフスタイル・縦書きコピー＋余白）","上級"
"WEB-06904","ホテル・旅館のコーポレートサイト（ラグジュアリー・高級感・スクロール連動のストーリー）","プロ（演出多め）"
"WEB-06905","工務店・注文住宅・リフォームの採用サイト（北欧・ライフスタイル・ローディング演出→ロゴ→メインビジュアル）","プロ（演出多め）"
"WEB-06906","工務店・注文住宅・リフォームのオウンドメディア・ブログ（ミニマル・洗練・画面2分割（写真｜コピー））","プロ（演出多め）"
"WEB-06907","ゲーム・eスポーツのオウンドメディア・ブログ（エネルギッシュ・スポーティ・画面2分割（写真｜コピー））","プロ（演出多め）"
"WEB-06908","建築設計事務所のオウンドメディア・ブログ（ミニマル・洗練・散らばった写真コラージュ）","プロ（演出多め）"
"WEB-06909","採用・求人のコーポレートサイト（エネルギッシュ・スポーティ・3Dオブジェクト/ジェネラティブ背景）","プロ（演出多め）"
"WEB-06910","農業・地方の生産者のブランドサイト（北欧・ライフスタイル・スクロール連動のストーリー）","上級"
"WEB-06911","カフェ・ベーカリーのサービスサイト（ハンドメイド・手書き・散らばった写真コラージュ）","プロ（演出多め）"
"WEB-06912","アパレル・ファッションECのコーポレートサイト（ミニマル・洗練・画面2分割（写真｜コピー））","プロ（演出多め）"
"WEB-06913","プログラミングスクールのスクール・教室サイト（クール・テック・スクロール連動のストーリー）","上級"
"WEB-06914","観光・地域プロモーションのホテル・旅館サイト（ダーク・シネマティック・縦書きコピー＋余白）","上級"
"WEB-06915","サウナ・温浴施設のブランドサイト（和モダン・フェード/ズームのスライドショー）","プロ（演出多め）"
"WEB-06916","士業（税理士・弁護士・行政書士）の採用サイト（和モダン・全画面ループ動画）","上級"
"WEB-06917","農業・地方の生産者の採用サイト（ナチュラル・オーガニック・ローディング演出→ロゴ→メインビジュアル）","プロ（演出多め）"
"WEB-06918","和菓子・スイーツのオウンドメディア・ブログ（かわいい・ガーリー・縦書きコピー＋余白）","上級"
"WEB-06919","ヨガ・ピラティスのスクール・教室サイト（ナチュラル・オーガニック・全画面ループ動画）","プロ（演出多め）"
"WEB-06920","コンサル・コーチングの採用サイト（エディトリアル・雑誌風・ローディング演出→ロゴ→メインビジュアル）","プロ（演出多め）"
"WEB-06921","ウェディング・結婚相談所のコーポレートサイト（ミニマル・洗練・縦書きコピー＋余白）","上級"
"WEB-06922","ウェディング・結婚相談所のサービスサイト（かわいい・ガーリー・3Dオブジェクト/ジェネラティブ背景）","上級"
"WEB-06923","美容室・ヘアサロンのポートフォリオ（個人/事務所）（かわいい・ガーリー・縦書きコピー＋余白）","上級"
"WEB-06924","農業・地方の生産者のECサイト（ナチュラル・オーガニック・全画面ループ動画）","上級"
"WEB-06925","ペット・トリミング・動物病院のサービスサイト（ナチュラル・オーガニック・全画面ループ動画）","プロ（演出多め）"
"WEB-06926","Web制作・デザイン事務所のポートフォリオ（個人/事務所）（ニューブルータリズム・散らばった写真コラージュ）","上級"
"WEB-06927","占い・スピリチュアルのサービスサイト（ラグジュアリー・高級感・ローディング演出→ロゴ→メインビジュアル）","プロ（演出多め）"
"WEB-06928","音楽・ライブ・イベントのイベント・フェスサイト（ネオン・サイバー・3Dオブジェクト/ジェネラティブ背景）","上級"
"WEB-06929","引越し・生活サービスのサービスサイト（3D・クレイ・フェード/ズームのスライドショー）","プロ（演出多め）"
"WEB-06930","コスメ・スキンケアのブランドサイト（ナチュラル・オーガニック・全画面ループ動画）","プロ（演出多め）"
"WEB-06931","建築設計事務所のブランドサイト（ジオメトリック・グラフィカル・全画面ループ動画）","プロ（演出多め）"
"WEB-06932","ゲーム・eスポーツのサービスサイト（ラグジュアリー・高級感・巨大コピー＋小さな写真）","プロ（演出多め）"
"WEB-06933","音楽・ライブ・イベントのコーポレートサイト（レトロ・Y2K・散らばった写真コラージュ）","プロ（演出多め）"
"WEB-06934","NPO・地方自治体のイベント・フェスサイト（信頼・誠実（コーポレート）・ローディング演出→ロゴ→メインビジュアル）","プロ（演出多め）"
"WEB-06935","保育園・幼児教育・習い事の採用サイト（ポップ・カラフル・スクロール連動のストーリー）","プロ（演出多め）"
"WEB-06936","コスメ・スキンケアのサービスサイト（ナチュラル・オーガニック・巨大コピー＋小さな写真）","プロ（演出多め）"
"WEB-06937","ペット・トリミング・動物病院の採用サイト（かわいい・ガーリー・スクロール連動のストーリー）","プロ（演出多め）"
"WEB-06938","SaaS・BtoBツールのオウンドメディア・ブログ（グラスモーフィズム・3Dオブジェクト/ジェネラティブ背景）","プロ（演出多め）"
"WEB-06939","ペット・トリミング・動物病院のクリニック・医院サイト（ナチュラル・オーガニック・縦書きコピー＋余白）","プロ（演出多め）"
"WEB-06940","エステ・脱毛サロンのコーポレートサイト（ラグジュアリー・高級感・画面2分割（写真｜コピー））","プロ（演出多め）"
"WEB-06941","英会話・語学のサービスサイト（北欧・ライフスタイル・全画面ループ動画）","プロ（演出多め）"
"WEB-06942","金融・保険・投資のオウンドメディア・ブログ（信頼・誠実（コーポレート）・フェード/ズームのスライドショー）","上級"
"WEB-06943","ペット・トリミング・動物病院のクリニック・医院サイト（ナチュラル・オーガニック・縦書きコピー＋余白）","プロ（演出多め）"
"WEB-06944","保育園・幼児教育・習い事のブランドサイト（レトロ・Y2K・画面2分割（写真｜コピー））","プロ（演出多め）"
"WEB-06945","美容室・ヘアサロンのポートフォリオ（個人/事務所）（レトロ・Y2K・全画面ループ動画）","上級"
"WEB-06946","コスメ・スキンケアの採用サイト（ナチュラル・オーガニック・全画面ループ動画）","上級"
"WEB-06947","英会話・語学のオウンドメディア・ブログ（エネルギッシュ・スポーティ・画面2分割（写真｜コピー））","プロ（演出多め）"
"WEB-06948","ペット・トリミング・動物病院のブランドサイト（ナチュラル・オーガニック・縦書きコピー＋余白）","プロ（演出多め）"
"WEB-06949","歯科医院のサービスサイト（ミニマル・洗練・巨大コピー＋小さな写真）","上級"
"WEB-06950","AIサービス・スタートアップのオウンドメディア・ブログ（ミニマル・洗練・巨大コピー＋小さな写真）","プロ（演出多め）"
"WEB-06951","農業・地方の生産者のオウンドメディア・ブログ（ナチュラル・オーガニック・3Dオブジェクト/ジェネラティブ背景）","上級"
"WEB-06952","YouTuber・インフルエンサーのポートフォリオ（個人/事務所）（ネオン・サイバー・3Dオブジェクト/ジェネラティブ背景）","上級"
"WEB-06953","和菓子・スイーツの店舗サイト（飲食・美容・サロン）（和モダン・画面2分割（写真｜コピー））","上級"
"WEB-06954","農業・地方の生産者の自治体・観光協会サイト（ハンドメイド・手書き・ローディング演出→ロゴ→メインビジュアル）","プロ（演出多め）"
"WEB-06955","英会話・語学のオウンドメディア・ブログ（ポップ・カラフル・3Dオブジェクト/ジェネラティブ背景）","プロ（演出多め）"
"WEB-06956","音楽・ライブ・イベントの採用サイト（ニューブルータリズム・巨大コピー＋小さな写真）","プロ（演出多め）"
"WEB-06957","採用・求人のコーポレートサイト（ナチュラル・オーガニック・巨大コピー＋小さな写真）","上級"
"WEB-06958","食品・産直ECのサービスサイト（レトロ・Y2K・ローディング演出→ロゴ→メインビジュアル）","上級"
"WEB-06959","AIサービス・スタートアップのオウンドメディア・ブログ（クール・テック・3Dオブジェクト/ジェネラティブ背景）","プロ（演出多め）"
"WEB-06960","不動産・マンションのオウンドメディア・ブログ（信頼・誠実（コーポレート）・フェード/ズームのスライドショー）","プロ（演出多め）"
"WEB-06961","歯科医院のサービスサイト（ナチュラル・オーガニック・ローディング演出→ロゴ→メインビジュアル）","プロ（演出多め）"
"WEB-06962","コスメ・スキンケアのオウンドメディア・ブログ（グラスモーフィズム・3Dオブジェクト/ジェネラティブ背景）","プロ（演出多め）"
"WEB-06963","内科・クリニックのブランドサイト（ポップ・カラフル・縦書きコピー＋余白）","プロ（演出多め）"
"WEB-06964","サウナ・温浴施設のサービスサイト（ナチュラル・オーガニック・全画面ループ動画）","上級"
"WEB-06965","ウェディング・結婚相談所のサービスサイト（クール・テック・巨大コピー＋小さな写真）","プロ（演出多め）"
"WEB-06966","アパレル・ファッションECのコーポレートサイト（エディトリアル・雑誌風・3Dオブジェクト/ジェネラティブ背景）","プロ（演出多め）"
"WEB-06967","ホテル・旅館のホテル・旅館サイト（ダーク・シネマティック・画面2分割（写真｜コピー））","プロ（演出多め）"
"WEB-06968","エステ・脱毛サロンの店舗サイト（飲食・美容・サロン）（パステル・ドリーミー・散らばった写真コラージュ）","上級"
"WEB-06969","ヨガ・ピラティスのスクール・教室サイト（ネオン・サイバー・縦書きコピー＋余白）","上級"
"WEB-06970","自動車・バイクのコーポレートサイト（ダーク・シネマティック・画面2分割（写真｜コピー））","上級"
"WEB-06971","士業（税理士・弁護士・行政書士）のコーポレートサイト（信頼・誠実（コーポレート）・画面2分割（写真｜コピー））","プロ（演出多め）"
"WEB-06972","クラウドファンディング・新商品の採用サイト（ポップ・カラフル・フェード/ズームのスライドショー）","上級"
"WEB-06973","NPO・地方自治体のオウンドメディア・ブログ（ナチュラル・オーガニック・ローディング演出→ロゴ→メインビジュアル）","上級"
"WEB-06974","パーソナルジム・フィットネスのブランドサイト（ダーク・シネマティック・スクロール連動のストーリー）","プロ（演出多め）"
"WEB-06975","保育園・幼児教育・習い事のスクール・教室サイト（ポップ・カラフル・ローディング演出→ロゴ→メインビジュアル）","プロ（演出多め）"
"WEB-06976","パーソナルジム・フィットネスのオウンドメディア・ブログ（エネルギッシュ・スポーティ・スクロール連動のストーリー）","プロ（演出多め）"
"WEB-06977","金融・保険・投資の採用サイト（エディトリアル・雑誌風・散らばった写真コラージュ）","プロ（演出多め）"
"WEB-06978","プログラミングスクールのサービスサイト（ネオン・サイバー・ローディング演出→ロゴ→メインビジュアル）","上級"
"WEB-06979","アパレル・ファッションECのブランドサイト（ミニマル・洗練・スクロール連動のストーリー）","プロ（演出多め）"
"WEB-06980","スマホアプリのブランドサイト（クール・テック・3Dオブジェクト/ジェネラティブ背景）","プロ（演出多め）"
"WEB-06981","ヨガ・ピラティスのスクール・教室サイト（ハンドメイド・手書き・ローディング演出→ロゴ→メインビジュアル）","上級"
"WEB-06982","内科・クリニックのクリニック・医院サイト（北欧・ライフスタイル・画面2分割（写真｜コピー））","プロ（演出多め）"
"WEB-06983","クラウドファンディング・新商品のブランドサイト（クール・テック・巨大コピー＋小さな写真）","プロ（演出多め）"
"WEB-06984","ゲーム・eスポーツのブランドサイト（ネオン・サイバー・全画面ループ動画）","プロ（演出多め）"
"WEB-06985","内科・クリニックのコーポレートサイト（北欧・ライフスタイル・全画面ループ動画）","プロ（演出多め）"
"WEB-06986","レストラン・居酒屋のサービスサイト（ラグジュアリー・高級感・巨大コピー＋小さな写真）","上級"
"WEB-06987","自動車・バイクの採用サイト（ダーク・シネマティック・全画面ループ動画）","プロ（演出多め）"
"WEB-06988","ペット・トリミング・動物病院のクリニック・医院サイト（3D・クレイ・巨大コピー＋小さな写真）","プロ（演出多め）"
"WEB-06989","英会話・語学のコーポレートサイト（ポップ・カラフル・フェード/ズームのスライドショー）","プロ（演出多め）"
"WEB-06990","採用・求人のコーポレートサイト（エディトリアル・雑誌風・散らばった写真コラージュ）","プロ（演出多め）"
"WEB-06991","レストラン・居酒屋の店舗サイト（飲食・美容・サロン）（ラグジュアリー・高級感・巨大コピー＋小さな写真）","上級"
"WEB-06992","美容クリニックのコーポレートサイト（信頼・誠実（コーポレート）・散らばった写真コラージュ）","プロ（演出多め）"
"WEB-06993","レストラン・居酒屋のオウンドメディア・ブログ（ダーク・シネマティック・3Dオブジェクト/ジェネラティブ背景）","上級"
"WEB-06994","建築設計事務所の採用サイト（ミニマル・洗練・巨大コピー＋小さな写真）","プロ（演出多め）"
"WEB-06995","アパレル・ファッションECのECサイト（エネルギッシュ・スポーティ・散らばった写真コラージュ）","プロ（演出多め）"
"WEB-06996","クラウドファンディング・新商品のサービスサイト（ダーク・シネマティック・散らばった写真コラージュ）","プロ（演出多め）"
"WEB-06997","アパレル・ファッションECのサービスサイト（ミニマル・洗練・ローディング演出→ロゴ→メインビジュアル）","プロ（演出多め）"
"WEB-06998","クラウドファンディング・新商品の採用サイト（ポップ・カラフル・散らばった写真コラージュ）","プロ（演出多め）"
"WEB-06999","ヨガ・ピラティスのスクール・教室サイト（ナチュラル・オーガニック・巨大コピー＋小さな写真）","プロ（演出多め）"
"WEB-07000","内科・クリニックのオウンドメディア・ブログ（信頼・誠実（コーポレート）・縦書きコピー＋余白）","プロ（演出多め）"
"WEB-07001","保育園・幼児教育・習い事のコーポレートサイト（ポップ・カラフル・ローディング演出→ロゴ→メインビジュアル）","上級"
"WEB-07002","保育園・幼児教育・習い事のコーポレートサイト（ポップ・カラフル・巨大コピー＋小さな写真）","上級"
"WEB-07003","引越し・生活サービスのオウンドメディア・ブログ（信頼・誠実（コーポレート）・散らばった写真コラージュ）","プロ（演出多め）"
"WEB-07004","プログラミングスクールのオウンドメディア・ブログ（ラグジュアリー・高級感・ローディング演出→ロゴ→メインビジュアル）","プロ（演出多め）"
"WEB-07005","ウェディング・結婚相談所のオウンドメディア・ブログ（パステル・ドリーミー・3Dオブジェクト/ジェネラティブ背景）","上級"
"WEB-07006","アパレル・ファッションECのオウンドメディア・ブログ（ミニマル・洗練・スクロール連動のストーリー）","プロ（演出多め）"
"WEB-07007","ホテル・旅館のオウンドメディア・ブログ（ミニマル・洗練・全画面ループ動画）","上級"
"WEB-07008","レストラン・居酒屋のコーポレートサイト（レトロ・Y2K・巨大コピー＋小さな写真）","プロ（演出多め）"
"WEB-07009","スマホアプリのオウンドメディア・ブログ（グラスモーフィズム・画面2分割（写真｜コピー））","プロ（演出多め）"
"WEB-07010","ペット・トリミング・動物病院のクリニック・医院サイト（ナチュラル・オーガニック・画面2分割（写真｜コピー））","プロ（演出多め）"
"WEB-07011","工務店・注文住宅・リフォームのコーポレートサイト（信頼・誠実（コーポレート）・全画面ループ動画）","プロ（演出多め）"
"WEB-07012","スマホアプリのオウンドメディア・ブログ（ネオン・サイバー・3Dオブジェクト/ジェネラティブ背景）","プロ（演出多め）"
"WEB-07013","金融・保険・投資の採用サイト（ミニマル・洗練・スクロール連動のストーリー）","プロ（演出多め）"
"WEB-07014","音楽・ライブ・イベントのコーポレートサイト（ニューブルータリズム・縦書きコピー＋余白）","プロ（演出多め）"
"WEB-07015","不動産・マンションの採用サイト（信頼・誠実（コーポレート）・巨大コピー＋小さな写真）","プロ（演出多め）"
"WEB-07016","YouTuber・インフルエンサーの採用サイト（エディトリアル・雑誌風・スクロール連動のストーリー）","上級"
"WEB-07017","ウェディング・結婚相談所の採用サイト（かわいい・ガーリー・ローディング演出→ロゴ→メインビジュアル）","上級"
"WEB-07018","不動産・マンションのブランドサイト（ラグジュアリー・高級感・巨大コピー＋小さな写真）","上級"
"WEB-07019","プログラミングスクールの採用サイト（3D・クレイ・散らばった写真コラージュ）","上級"
"WEB-07020","和菓子・スイーツの採用サイト（ナチュラル・オーガニック・縦書きコピー＋余白）","上級"
"WEB-07021","採用・求人のコーポレートサイト（ジオメトリック・グラフィカル・フェード/ズームのスライドショー）","プロ（演出多め）"
"WEB-07022","NPO・地方自治体のブランドサイト（ハンドメイド・手書き・3Dオブジェクト/ジェネラティブ背景）","プロ（演出多め）"
"WEB-07023","食品・産直ECの採用サイト（クール・テック・ローディング演出→ロゴ→メインビジュアル）","プロ（演出多め）"
"WEB-07024","金融・保険・投資の採用サイト（信頼・誠実（コーポレート）・スクロール連動のストーリー）","プロ（演出多め）"
"WEB-07025","ウェディング・結婚相談所のオウンドメディア・ブログ（かわいい・ガーリー・3Dオブジェクト/ジェネラティブ背景）","プロ（演出多め）"
"WEB-07026","クラウドファンディング・新商品のブランドサイト（ジオメトリック・グラフィカル・巨大コピー＋小さな写真）","プロ（演出多め）"
"WEB-07027","カフェ・ベーカリーのオウンドメディア・ブログ（ネオン・サイバー・スクロール連動のストーリー）","上級"
"WEB-07028","スマホアプリの採用サイト（ダーク・シネマティック・縦書きコピー＋余白）","プロ（演出多め）"
"WEB-07029","農業・地方の生産者のECサイト（ハンドメイド・手書き・全画面ループ動画）","上級"
"WEB-07030","サウナ・温浴施設のコーポレートサイト（ニューブルータリズム・縦書きコピー＋余白）","プロ（演出多め）"
"WEB-07031","建築設計事務所の採用サイト（エディトリアル・雑誌風・3Dオブジェクト/ジェネラティブ背景）","プロ（演出多め）"
"WEB-07032","レストラン・居酒屋の店舗サイト（飲食・美容・サロン）（和モダン・フェード/ズームのスライドショー）","プロ（演出多め）"
"WEB-07033","占い・スピリチュアルのオウンドメディア・ブログ（ダーク・シネマティック・散らばった写真コラージュ）","プロ（演出多め）"
"WEB-07034","占い・スピリチュアルの採用サイト（パステル・ドリーミー・3Dオブジェクト/ジェネラティブ背景）","プロ（演出多め）"
"WEB-07035","建築設計事務所の採用サイト（ジオメトリック・グラフィカル・散らばった写真コラージュ）","上級"
"WEB-07036","和菓子・スイーツのサービスサイト（かわいい・ガーリー・散らばった写真コラージュ）","プロ（演出多め）"
"WEB-07037","工務店・注文住宅・リフォームのサービスサイト（信頼・誠実（コーポレート）・ローディング演出→ロゴ→メインビジュアル）","上級"
"WEB-07038","プログラミングスクールのサービスサイト（3D・クレイ・画面2分割（写真｜コピー））","プロ（演出多め）"
"WEB-07039","YouTuber・インフルエンサーのサービスサイト（ニューブルータリズム・縦書きコピー＋余白）","プロ（演出多め）"
"WEB-07040","ヨガ・ピラティスのコーポレートサイト（信頼・誠実（コーポレート）・ローディング演出→ロゴ→メインビジュアル）","プロ（演出多め）"
"WEB-07041","金融・保険・投資のコーポレートサイト（ミニマル・洗練・散らばった写真コラージュ）","上級"
"WEB-07042","建築設計事務所の採用サイト（ジオメトリック・グラフィカル・スクロール連動のストーリー）","プロ（演出多め）"
"WEB-07043","レストラン・居酒屋の採用サイト（ダーク・シネマティック・散らばった写真コラージュ）","プロ（演出多め）"
"WEB-07044","引越し・生活サービスのブランドサイト（信頼・誠実（コーポレート）・フェード/ズームのスライドショー）","プロ（演出多め）"
"WEB-07045","コンサル・コーチングのオウンドメディア・ブログ（エディトリアル・雑誌風・3Dオブジェクト/ジェネラティブ背景）","プロ（演出多め）"
"WEB-07046","SaaS・BtoBツールのブランドサイト（クール・テック・全画面ループ動画）","プロ（演出多め）"
"WEB-07047","工務店・注文住宅・リフォームの採用サイト（信頼・誠実（コーポレート）・画面2分割（写真｜コピー））","プロ（演出多め）"
"WEB-07048","プログラミングスクールのブランドサイト（クール・テック・3Dオブジェクト/ジェネラティブ背景）","プロ（演出多め）"
"WEB-07049","ホテル・旅館の採用サイト（和モダン・散らばった写真コラージュ）","プロ（演出多め）"
"WEB-07050","美容クリニックの採用サイト（ミニマル・洗練・スクロール連動のストーリー）","プロ（演出多め）"
"WEB-07051","採用・求人の採用サイト（エディトリアル・雑誌風・画面2分割（写真｜コピー））","上級"
"WEB-07052","採用・求人のブランドサイト（エネルギッシュ・スポーティ・散らばった写真コラージュ）","上級"
"WEB-07053","内科・クリニックのクリニック・医院サイト（信頼・誠実（コーポレート）・全画面ループ動画）","プロ（演出多め）"
"WEB-07054","スクール・オンライン講座のブランドサイト（ポップ・カラフル・巨大コピー＋小さな写真）","上級"
"WEB-07055","コンサル・コーチングのブランドサイト（レトロ・Y2K・スクロール連動のストーリー）","上級"
"WEB-07056","スクール・オンライン講座の採用サイト（クール・テック・スクロール連動のストーリー）","プロ（演出多め）"
"WEB-07057","ヨガ・ピラティスの採用サイト（パステル・ドリーミー・散らばった写真コラージュ）","プロ（演出多め）"
"WEB-07058","農業・地方の生産者のオウンドメディア・ブログ（ナチュラル・オーガニック・画面2分割（写真｜コピー））","上級"
"WEB-07059","コスメ・スキンケアの採用サイト（ナチュラル・オーガニック・巨大コピー＋小さな写真）","プロ（演出多め）"
"WEB-07060","クラウドファンディング・新商品のサービスサイト（ニューブルータリズム・画面2分割（写真｜コピー））","上級"
"WEB-07061","ホテル・旅館のブランドサイト（ハンドメイド・手書き・全画面ループ動画）","プロ（演出多め）"
"WEB-07062","プログラミングスクールのコーポレートサイト（3D・クレイ・画面2分割（写真｜コピー））","プロ（演出多め）"
"WEB-07063","プログラミングスクールのスクール・教室サイト（ネオン・サイバー・画面2分割（写真｜コピー））","上級"
"WEB-07064","美容クリニックのコーポレートサイト（ミニマル・洗練・縦書きコピー＋余白）","上級"
"WEB-07065","エステ・脱毛サロンの採用サイト（ラグジュアリー・高級感・3Dオブジェクト/ジェネラティブ背景）","プロ（演出多め）"
"WEB-07066","士業（税理士・弁護士・行政書士）のサービスサイト（北欧・ライフスタイル・縦書きコピー＋余白）","プロ（演出多め）"
"WEB-07067","コスメ・スキンケアのブランドサイト（ラグジュアリー・高級感・散らばった写真コラージュ）","プロ（演出多め）"
"WEB-07068","内科・クリニックのブランドサイト（信頼・誠実（コーポレート）・フェード/ズームのスライドショー）","プロ（演出多め）"
"WEB-07069","ゲーム・eスポーツのオウンドメディア・ブログ（信頼・誠実（コーポレート）・全画面ループ動画）","上級"
"WEB-07070","自動車・バイクのオウンドメディア・ブログ（ダーク・シネマティック・全画面ループ動画）","上級"
"WEB-07071","パーソナルジム・フィットネスの店舗サイト（飲食・美容・サロン）（エネルギッシュ・スポーティ・画面2分割（写真｜コピー））","プロ（演出多め）"
"WEB-07072","ゲーム・eスポーツの採用サイト（ダーク・シネマティック・3Dオブジェクト/ジェネラティブ背景）","上級"
"WEB-07073","美容クリニックのオウンドメディア・ブログ（ラグジュアリー・高級感・散らばった写真コラージュ）","プロ（演出多め）"
"WEB-07074","プログラミングスクールのスクール・教室サイト（3D・クレイ・散らばった写真コラージュ）","上級"
"WEB-07075","自動車・バイクの採用サイト（エネルギッシュ・スポーティ・縦書きコピー＋余白）","プロ（演出多め）"
"WEB-07076","アパレル・ファッションECのオウンドメディア・ブログ（レトロ・Y2K・フェード/ズームのスライドショー）","プロ（演出多め）"
"WEB-07077","ホテル・旅館のサービスサイト（和モダン・全画面ループ動画）","プロ（演出多め）"
"WEB-07078","士業（税理士・弁護士・行政書士）のサービスサイト（ミニマル・洗練・全画面ループ動画）","プロ（演出多め）"
"WEB-07079","NPO・地方自治体のブランドサイト（信頼・誠実（コーポレート）・巨大コピー＋小さな写真）","上級"
"WEB-07080","サウナ・温浴施設のブランドサイト（和モダン・巨大コピー＋小さな写真）","プロ（演出多め）"
"WEB-07081","ゲーム・eスポーツのイベント・フェスサイト（ダーク・シネマティック・巨大コピー＋小さな写真）","プロ（演出多め）"
"WEB-07082","工務店・注文住宅・リフォームのサービスサイト（北欧・ライフスタイル・画面2分割（写真｜コピー））","プロ（演出多め）"
"WEB-07083","ウェディング・結婚相談所のブランドサイト（ミニマル・洗練・散らばった写真コラージュ）","プロ（演出多め）"
"WEB-07084","建築設計事務所のオウンドメディア・ブログ（ミニマル・洗練・縦書きコピー＋余白）","上級"
"WEB-07085","SaaS・BtoBツールのサービスサイト（グラスモーフィズム・3Dオブジェクト/ジェネラティブ背景）","プロ（演出多め）"
"WEB-07086","和菓子・スイーツの店舗サイト（飲食・美容・サロン）（ナチュラル・オーガニック・フェード/ズームのスライドショー）","プロ（演出多め）"
"WEB-07087","工務店・注文住宅・リフォームのブランドサイト（ナチュラル・オーガニック・スクロール連動のストーリー）","プロ（演出多め）"
"WEB-07088","士業（税理士・弁護士・行政書士）のオウンドメディア・ブログ（信頼・誠実（コーポレート）・スクロール連動のストーリー）","上級"
"WEB-07089","音楽・ライブ・イベントのコーポレートサイト（ダーク・シネマティック・巨大コピー＋小さな写真）","プロ（演出多め）"
"WEB-07090","内科・クリニックのブランドサイト（北欧・ライフスタイル・ローディング演出→ロゴ→メインビジュアル）","プロ（演出多め）"
"WEB-07091","占い・スピリチュアルのサービスサイト（ダーク・シネマティック・スクロール連動のストーリー）","上級"
"WEB-07092","農業・地方の生産者のオウンドメディア・ブログ（ナチュラル・オーガニック・フェード/ズームのスライドショー）","上級"
"WEB-07093","スクール・オンライン講座のコーポレートサイト（クール・テック・スクロール連動のストーリー）","上級"
"WEB-07094","YouTuber・インフルエンサーの採用サイト（かわいい・ガーリー・3Dオブジェクト/ジェネラティブ背景）","プロ（演出多め）"
"WEB-07095","カフェ・ベーカリーのコーポレートサイト（北欧・ライフスタイル・散らばった写真コラージュ）","上級"
"WEB-07096","占い・スピリチュアルの採用サイト（ニューブルータリズム・スクロール連動のストーリー）","上級"
"WEB-07097","ヨガ・ピラティスのオウンドメディア・ブログ（パステル・ドリーミー・スクロール連動のストーリー）","上級"
"WEB-07098","アパレル・ファッションECの採用サイト（レトロ・Y2K・フェード/ズームのスライドショー）","上級"
"WEB-07099","ヨガ・ピラティスのスクール・教室サイト（ミニマル・洗練・3Dオブジェクト/ジェネラティブ背景）","プロ（演出多め）"
"WEB-07100","ウェディング・結婚相談所のサービスサイト（パステル・ドリーミー・スクロール連動のストーリー）","プロ（演出多め）"
"WEB-07101","工務店・注文住宅・リフォームのブランドサイト（ニューブルータリズム・フェード/ズームのスライドショー）","上級"
"WEB-07102","和菓子・スイーツのオウンドメディア・ブログ（パステル・ドリーミー・全画面ループ動画）","プロ（演出多め）"
"WEB-07103","内科・クリニックのブランドサイト（エネルギッシュ・スポーティ・縦書きコピー＋余白）","プロ（演出多め）"
"WEB-07104","スマホアプリのブランドサイト（3D・クレイ・3Dオブジェクト/ジェネラティブ背景）","プロ（演出多め）"
"WEB-07105","ペット・トリミング・動物病院のオウンドメディア・ブログ（ハンドメイド・手書き・3Dオブジェクト/ジェネラティブ背景）","上級"
"WEB-07106","プログラミングスクールのスクール・教室サイト（エネルギッシュ・スポーティ・スクロール連動のストーリー）","プロ（演出多め）"
"WEB-07107","占い・スピリチュアルの採用サイト（ラグジュアリー・高級感・全画面ループ動画）","プロ（演出多め）"
"WEB-07108","英会話・語学のコーポレートサイト（ポップ・カラフル・画面2分割（写真｜コピー））","プロ（演出多め）"
"WEB-07109","クラウドファンディング・新商品のブランドサイト（ダーク・シネマティック・フェード/ズームのスライドショー）","上級"
"WEB-07110","美容室・ヘアサロンの採用サイト（かわいい・ガーリー・散らばった写真コラージュ）","プロ（演出多め）"
"WEB-07111","食品・産直ECのオウンドメディア・ブログ（ナチュラル・オーガニック・散らばった写真コラージュ）","上級"
"WEB-07112","コンサル・コーチングのサービスサイト（エディトリアル・雑誌風・3Dオブジェクト/ジェネラティブ背景）","プロ（演出多め）"
"WEB-07113","ヨガ・ピラティスのサービスサイト（ミニマル・洗練・全画面ループ動画）","プロ（演出多め）"
"WEB-07114","農業・地方の生産者の自治体・観光協会サイト（ハンドメイド・手書き・フェード/ズームのスライドショー）","上級"
"WEB-07115","音楽・ライブ・イベントのコーポレートサイト（ニューブルータリズム・散らばった写真コラージュ）","プロ（演出多め）"
"WEB-07116","美容室・ヘアサロンのポートフォリオ（個人/事務所）（エネルギッシュ・スポーティ・フェード/ズームのスライドショー）","プロ（演出多め）"
"WEB-07117","エステ・脱毛サロンの店舗サイト（飲食・美容・サロン）（かわいい・ガーリー・画面2分割（写真｜コピー））","上級"
"WEB-07118","カフェ・ベーカリーの採用サイト（北欧・ライフスタイル・縦書きコピー＋余白）","プロ（演出多め）"
"WEB-07119","コンサル・コーチングのコーポレートサイト（ラグジュアリー・高級感・散らばった写真コラージュ）","プロ（演出多め）"
"WEB-07120","カフェ・ベーカリーのサービスサイト（レトロ・Y2K・画面2分割（写真｜コピー））","プロ（演出多め）"
"WEB-07121","建築設計事務所のサービスサイト（エネルギッシュ・スポーティ・画面2分割（写真｜コピー））","プロ（演出多め）"
"WEB-07122","サウナ・温浴施設の店舗サイト（飲食・美容・サロン）（ナチュラル・オーガニック・ローディング演出→ロゴ→メインビジュアル）","プロ（演出多め）"
"WEB-07123","クラウドファンディング・新商品のコーポレートサイト（ポップ・カラフル・3Dオブジェクト/ジェネラティブ背景）","プロ（演出多め）"
"WEB-07124","工務店・注文住宅・リフォームのコーポレートサイト（ナチュラル・オーガニック・巨大コピー＋小さな写真）","上級"
"WEB-07125","Web制作・デザイン事務所のオウンドメディア・ブログ（ダーク・シネマティック・巨大コピー＋小さな写真）","プロ（演出多め）"
"WEB-07126","内科・クリニックのサービスサイト（ミニマル・洗練・スクロール連動のストーリー）","プロ（演出多め）"
"WEB-07127","観光・地域プロモーションのイベント・フェスサイト（ハンドメイド・手書き・縦書きコピー＋余白）","プロ（演出多め）"
"WEB-07128","食品・産直ECのオウンドメディア・ブログ（ポップ・カラフル・ローディング演出→ロゴ→メインビジュアル）","プロ（演出多め）"
"WEB-07129","採用・求人のサービスサイト（エディトリアル・雑誌風・スクロール連動のストーリー）","プロ（演出多め）"
"WEB-07130","ゲーム・eスポーツのブランドサイト（ネオン・サイバー・縦書きコピー＋余白）","プロ（演出多め）"
"WEB-07131","自動車・バイクのサービスサイト（北欧・ライフスタイル・フェード/ズームのスライドショー）","プロ（演出多め）"
"WEB-07132","レストラン・居酒屋のサービスサイト（ラグジュアリー・高級感・巨大コピー＋小さな写真）","上級"
"WEB-07133","スマホアプリのコーポレートサイト（クール・テック・画面2分割（写真｜コピー））","プロ（演出多め）"
"WEB-07134","建築設計事務所のサービスサイト（ミニマル・洗練・散らばった写真コラージュ）","上級"
"WEB-07135","工務店・注文住宅・リフォームのサービスサイト（ミニマル・洗練・全画面ループ動画）","上級"
"WEB-07136","建築設計事務所のポートフォリオ（個人/事務所）（エディトリアル・雑誌風・ローディング演出→ロゴ→メインビジュアル）","プロ（演出多め）"
"WEB-07137","コンサル・コーチングのサービスサイト（エディトリアル・雑誌風・スクロール連動のストーリー）","プロ（演出多め）"
"WEB-07138","コンサル・コーチングの採用サイト（ラグジュアリー・高級感・フェード/ズームのスライドショー）","上級"
"WEB-07139","和菓子・スイーツのブランドサイト（パステル・ドリーミー・3Dオブジェクト/ジェネラティブ背景）","プロ（演出多め）"
"WEB-07140","金融・保険・投資のコーポレートサイト（信頼・誠実（コーポレート）・スクロール連動のストーリー）","上級"
"WEB-07141","自動車・バイクのコーポレートサイト（ハンドメイド・手書き・縦書きコピー＋余白）","プロ（演出多め）"
"WEB-07142","美容クリニックのオウンドメディア・ブログ（信頼・誠実（コーポレート）・3Dオブジェクト/ジェネラティブ背景）","プロ（演出多め）"
"WEB-07143","サウナ・温浴施設のコーポレートサイト（ナチュラル・オーガニック・散らばった写真コラージュ）","上級"
"WEB-07144","カフェ・ベーカリーのコーポレートサイト（和モダン・縦書きコピー＋余白）","上級"
"WEB-07145","占い・スピリチュアルのオウンドメディア・ブログ（和モダン・ローディング演出→ロゴ→メインビジュアル）","プロ（演出多め）"
"WEB-07146","占い・スピリチュアルのオウンドメディア・ブログ（エネルギッシュ・スポーティ・散らばった写真コラージュ）","上級"
"WEB-07147","農業・地方の生産者のサービスサイト（ナチュラル・オーガニック・ローディング演出→ロゴ→メインビジュアル）","上級"
"WEB-07148","建築設計事務所のコーポレートサイト（ミニマル・洗練・3Dオブジェクト/ジェネラティブ背景）","プロ（演出多め）"
"WEB-07149","アパレル・ファッションECのECサイト（ミニマル・洗練・フェード/ズームのスライドショー）","プロ（演出多め）"
"WEB-07150","エステ・脱毛サロンのオウンドメディア・ブログ（かわいい・ガーリー・ローディング演出→ロゴ→メインビジュアル）","プロ（演出多め）"
"WEB-07151","アパレル・ファッションECのECサイト（ナチュラル・オーガニック・画面2分割（写真｜コピー））","プロ（演出多め）"
"WEB-07152","エステ・脱毛サロンのサービスサイト（ミニマル・洗練・3Dオブジェクト/ジェネラティブ背景）","上級"
"WEB-07153","士業（税理士・弁護士・行政書士）のコーポレートサイト（パステル・ドリーミー・ローディング演出→ロゴ→メインビジュアル）","上級"
"WEB-07154","コンサル・コーチングのブランドサイト（エディトリアル・雑誌風・散らばった写真コラージュ）","プロ（演出多め）"
"WEB-07155","美容室・ヘアサロンのブランドサイト（エディトリアル・雑誌風・画面2分割（写真｜コピー））","上級"
"WEB-07156","パーソナルジム・フィットネスのコーポレートサイト（ハンドメイド・手書き・画面2分割（写真｜コピー））","プロ（演出多め）"
"WEB-07157","プログラミングスクールのコーポレートサイト（ネオン・サイバー・スクロール連動のストーリー）","上級"
"WEB-07158","建築設計事務所のオウンドメディア・ブログ（ジオメトリック・グラフィカル・全画面ループ動画）","プロ（演出多め）"
"WEB-07159","パーソナルジム・フィットネスのスクール・教室サイト（エネルギッシュ・スポーティ・全画面ループ動画）","プロ（演出多め）"
"WEB-07160","観光・地域プロモーションのサービスサイト（和モダン・画面2分割（写真｜コピー））","プロ（演出多め）"
"WEB-07161","美容室・ヘアサロンのブランドサイト（ネオン・サイバー・縦書きコピー＋余白）","プロ（演出多め）"
"WEB-07162","レストラン・居酒屋の店舗サイト（飲食・美容・サロン）（和モダン・3Dオブジェクト/ジェネラティブ背景）","プロ（演出多め）"
"WEB-07163","YouTuber・インフルエンサーのコーポレートサイト（ポップ・カラフル・画面2分割（写真｜コピー））","上級"
"WEB-07164","美容室・ヘアサロンのブランドサイト（ミニマル・洗練・スクロール連動のストーリー）","上級"
"WEB-07165","パーソナルジム・フィットネスの採用サイト（エネルギッシュ・スポーティ・縦書きコピー＋余白）","プロ（演出多め）"
"WEB-07166","ヨガ・ピラティスのコーポレートサイト（3D・クレイ・ローディング演出→ロゴ→メインビジュアル）","プロ（演出多め）"
"WEB-07167","エステ・脱毛サロンの採用サイト（かわいい・ガーリー・巨大コピー＋小さな写真）","プロ（演出多め）"
"WEB-07168","英会話・語学の採用サイト（かわいい・ガーリー・画面2分割（写真｜コピー））","上級"
"WEB-07169","和菓子・スイーツの店舗サイト（飲食・美容・サロン）（ナチュラル・オーガニック・フェード/ズームのスライドショー）","プロ（演出多め）"
"WEB-07170","自動車・バイクのオウンドメディア・ブログ（ダーク・シネマティック・3Dオブジェクト/ジェネラティブ背景）","プロ（演出多め）"
"WEB-07171","プログラミングスクールのサービスサイト（ナチュラル・オーガニック・縦書きコピー＋余白）","プロ（演出多め）"
"WEB-07172","YouTuber・インフルエンサーのイベント・フェスサイト（ネオン・サイバー・画面2分割（写真｜コピー））","プロ（演出多め）"
"WEB-07173","食品・産直ECのECサイト（ナチュラル・オーガニック・散らばった写真コラージュ）","プロ（演出多め）"
"WEB-07174","英会話・語学のサービスサイト（3D・クレイ・ローディング演出→ロゴ→メインビジュアル）","上級"
"WEB-07175","保育園・幼児教育・習い事のサービスサイト（かわいい・ガーリー・散らばった写真コラージュ）","上級"
"WEB-07176","採用・求人のサービスサイト（ポップ・カラフル・スクロール連動のストーリー）","プロ（演出多め）"
"WEB-07177","建築設計事務所のポートフォリオ（個人/事務所）（ジオメトリック・グラフィカル・フェード/ズームのスライドショー）","プロ（演出多め）"
"WEB-07178","ゲーム・eスポーツのブランドサイト（ネオン・サイバー・フェード/ズームのスライドショー）","プロ（演出多め）"
"WEB-07179","コンサル・コーチングのブランドサイト（エディトリアル・雑誌風・スクロール連動のストーリー）","上級"
"WEB-07180","パーソナルジム・フィットネスのオウンドメディア・ブログ（北欧・ライフスタイル・縦書きコピー＋余白）","プロ（演出多め）"
"WEB-07181","工務店・注文住宅・リフォームのコーポレートサイト（ナチュラル・オーガニック・巨大コピー＋小さな写真）","プロ（演出多め）"
"WEB-07182","英会話・語学のサービスサイト（ポップ・カラフル・全画面ループ動画）","上級"
"WEB-07183","SaaS・BtoBツールのサービスサイト（3D・クレイ・フェード/ズームのスライドショー）","プロ（演出多め）"
"WEB-07184","スクール・オンライン講座のオウンドメディア・ブログ（信頼・誠実（コーポレート）・ローディング演出→ロゴ→メインビジュアル）","プロ（演出多め）"
"WEB-07185","士業（税理士・弁護士・行政書士）の採用サイト（ジオメトリック・グラフィカル・3Dオブジェクト/ジェネラティブ背景）","プロ（演出多め）"
"WEB-07186","パーソナルジム・フィットネスのコーポレートサイト（エネルギッシュ・スポーティ・フェード/ズームのスライドショー）","プロ（演出多め）"
"WEB-07187","カフェ・ベーカリーのサービスサイト（北欧・ライフスタイル・散らばった写真コラージュ）","プロ（演出多め）"
"WEB-07188","不動産・マンションのオウンドメディア・ブログ（信頼・誠実（コーポレート）・3Dオブジェクト/ジェネラティブ背景）","プロ（演出多め）"
"WEB-07189","美容クリニックの採用サイト（信頼・誠実（コーポレート）・3Dオブジェクト/ジェネラティブ背景）","上級"
"WEB-07190","工務店・注文住宅・リフォームの採用サイト（信頼・誠実（コーポレート）・全画面ループ動画）","上級"
"WEB-07191","食品・産直ECのECサイト（ハンドメイド・手書き・ローディング演出→ロゴ→メインビジュアル）","上級"
"WEB-07192","YouTuber・インフルエンサーのコーポレートサイト（かわいい・ガーリー・散らばった写真コラージュ）","プロ（演出多め）"
"WEB-07193","内科・クリニックのブランドサイト（信頼・誠実（コーポレート）・縦書きコピー＋余白）","上級"
"WEB-07194","カフェ・ベーカリーのオウンドメディア・ブログ（レトロ・Y2K・スクロール連動のストーリー）","プロ（演出多め）"
"WEB-07195","カフェ・ベーカリーのコーポレートサイト（北欧・ライフスタイル・3Dオブジェクト/ジェネラティブ背景）","上級"
"WEB-07196","エステ・脱毛サロンのブランドサイト（パステル・ドリーミー・巨大コピー＋小さな写真）","プロ（演出多め）"
"WEB-07197","パーソナルジム・フィットネスのサービスサイト（クール・テック・巨大コピー＋小さな写真）","上級"
"WEB-07198","ウェディング・結婚相談所のオウンドメディア・ブログ（かわいい・ガーリー・全画面ループ動画）","上級"
"WEB-07199","レストラン・居酒屋のオウンドメディア・ブログ（レトロ・Y2K・巨大コピー＋小さな写真）","プロ（演出多め）"
"WEB-07200","不動産・マンションの採用サイト（信頼・誠実（コーポレート）・巨大コピー＋小さな写真）","プロ（演出多め）"
"WEB-07201","コンサル・コーチングのサービスサイト（エディトリアル・雑誌風・散らばった写真コラージュ）","プロ（演出多め）"
"WEB-07202","和菓子・スイーツのブランドサイト（和モダン・全画面ループ動画）","上級"
"WEB-07203","NPO・地方自治体の自治体・観光協会サイト（信頼・誠実（コーポレート）・散らばった写真コラージュ）","上級"
"WEB-07204","工務店・注文住宅・リフォームのブランドサイト（ナチュラル・オーガニック・フェード/ズームのスライドショー）","上級"
"WEB-07205","クラウドファンディング・新商品の採用サイト（ハンドメイド・手書き・全画面ループ動画）","プロ（演出多め）"
"WEB-07206","サウナ・温浴施設のホテル・旅館サイト（ナチュラル・オーガニック・スクロール連動のストーリー）","プロ（演出多め）"
"WEB-07207","クラウドファンディング・新商品のブランドサイト（クール・テック・3Dオブジェクト/ジェネラティブ背景）","プロ（演出多め）"
"WEB-07208","ペット・トリミング・動物病院のブランドサイト（ハンドメイド・手書き・フェード/ズームのスライドショー）","プロ（演出多め）"
"WEB-07209","NPO・地方自治体の自治体・観光協会サイト（信頼・誠実（コーポレート）・ローディング演出→ロゴ→メインビジュアル）","プロ（演出多め）"
"WEB-07210","コンサル・コーチングのポートフォリオ（個人/事務所）（エネルギッシュ・スポーティ・縦書きコピー＋余白）","プロ（演出多め）"
"WEB-07211","レストラン・居酒屋の店舗サイト（飲食・美容・サロン）（ダーク・シネマティック・散らばった写真コラージュ）","プロ（演出多め）"
"WEB-07212","YouTuber・インフルエンサーのコーポレートサイト（ニューブルータリズム・3Dオブジェクト/ジェネラティブ背景）","上級"
"WEB-07213","観光・地域プロモーションのオウンドメディア・ブログ（ハンドメイド・手書き・ローディング演出→ロゴ→メインビジュアル）","上級"
"WEB-07214","建築設計事務所のオウンドメディア・ブログ（エディトリアル・雑誌風・スクロール連動のストーリー）","プロ（演出多め）"
"WEB-07215","スクール・オンライン講座の採用サイト（ネオン・サイバー・全画面ループ動画）","プロ（演出多め）"
"WEB-07216","レストラン・居酒屋の店舗サイト（飲食・美容・サロン）（ダーク・シネマティック・3Dオブジェクト/ジェネラティブ背景）","プロ（演出多め）"
"WEB-07217","内科・クリニックのサービスサイト（信頼・誠実（コーポレート）・縦書きコピー＋余白）","プロ（演出多め）"
"WEB-07218","レストラン・居酒屋のブランドサイト（和モダン・縦書きコピー＋余白）","上級"
"WEB-07219","音楽・ライブ・イベントのコーポレートサイト（ニューブルータリズム・スクロール連動のストーリー）","上級"
"WEB-07220","ホテル・旅館のサービスサイト（かわいい・ガーリー・全画面ループ動画）","上級"
"WEB-07221","YouTuber・インフルエンサーのオウンドメディア・ブログ（ニューブルータリズム・巨大コピー＋小さな写真）","プロ（演出多め）"
"WEB-07222","ホテル・旅館のオウンドメディア・ブログ（和モダン・3Dオブジェクト/ジェネラティブ背景）","プロ（演出多め）"
"WEB-07223","引越し・生活サービスのブランドサイト（信頼・誠実（コーポレート）・3Dオブジェクト/ジェネラティブ背景）","プロ（演出多め）"
"WEB-07224","引越し・生活サービスのオウンドメディア・ブログ（クール・テック・フェード/ズームのスライドショー）","プロ（演出多め）"
"WEB-07225","コンサル・コーチングのコーポレートサイト（信頼・誠実（コーポレート）・フェード/ズームのスライドショー）","プロ（演出多め）"
"WEB-07226","占い・スピリチュアルの採用サイト（ラグジュアリー・高級感・全画面ループ動画）","上級"
"WEB-07227","美容クリニックの店舗サイト（飲食・美容・サロン）（ニューブルータリズム・画面2分割（写真｜コピー））","上級"
"WEB-07228","建築設計事務所のポートフォリオ（個人/事務所）（ミニマル・洗練・画面2分割（写真｜コピー））","プロ（演出多め）"
"WEB-07229","カフェ・ベーカリーのコーポレートサイト（エディトリアル・雑誌風・散らばった写真コラージュ）","プロ（演出多め）"
"WEB-07230","コスメ・スキンケアのECサイト（グラスモーフィズム・全画面ループ動画）","プロ（演出多め）"
"WEB-07231","食品・産直ECの採用サイト（ジオメトリック・グラフィカル・3Dオブジェクト/ジェネラティブ背景）","プロ（演出多め）"
"WEB-07232","内科・クリニックのオウンドメディア・ブログ（信頼・誠実（コーポレート）・散らばった写真コラージュ）","上級"
"WEB-07233","ゲーム・eスポーツのコーポレートサイト（エネルギッシュ・スポーティ・縦書きコピー＋余白）","プロ（演出多め）"
"WEB-07234","採用・求人のサービスサイト（信頼・誠実（コーポレート）・全画面ループ動画）","プロ（演出多め）"
"WEB-07235","ペット・トリミング・動物病院のコーポレートサイト（ナチュラル・オーガニック・画面2分割（写真｜コピー））","プロ（演出多め）"
"WEB-07236","音楽・ライブ・イベントのサービスサイト（ネオン・サイバー・縦書きコピー＋余白）","上級"
"WEB-07237","コンサル・コーチングのコーポレートサイト（信頼・誠実（コーポレート）・巨大コピー＋小さな写真）","プロ（演出多め）"
"WEB-07238","SaaS・BtoBツールのコーポレートサイト（クール・テック・巨大コピー＋小さな写真）","プロ（演出多め）"
"WEB-07239","英会話・語学の採用サイト（ポップ・カラフル・ローディング演出→ロゴ→メインビジュアル）","プロ（演出多め）"
"WEB-07240","ホテル・旅館のオウンドメディア・ブログ（ダーク・シネマティック・スクロール連動のストーリー）","プロ（演出多め）"
"WEB-07241","NPO・地方自治体のオウンドメディア・ブログ（ジオメトリック・グラフィカル・巨大コピー＋小さな写真）","上級"
"WEB-07242","ホテル・旅館のブランドサイト（ミニマル・洗練・ローディング演出→ロゴ→メインビジュアル）","プロ（演出多め）"
"WEB-07243","観光・地域プロモーションのオウンドメディア・ブログ（ダーク・シネマティック・ローディング演出→ロゴ→メインビジュアル）","上級"
"WEB-07244","農業・地方の生産者のサービスサイト（パステル・ドリーミー・フェード/ズームのスライドショー）","プロ（演出多め）"
"WEB-07245","レストラン・居酒屋のコーポレートサイト（ダーク・シネマティック・3Dオブジェクト/ジェネラティブ背景）","プロ（演出多め）"
"WEB-07246","美容室・ヘアサロンの採用サイト（ポップ・カラフル・フェード/ズームのスライドショー）","プロ（演出多め）"
"WEB-07247","工務店・注文住宅・リフォームのブランドサイト（ミニマル・洗練・3Dオブジェクト/ジェネラティブ背景）","プロ（演出多め）"
"WEB-07248","食品・産直ECのECサイト（ナチュラル・オーガニック・スクロール連動のストーリー）","プロ（演出多め）"
"WEB-07249","ヨガ・ピラティスのスクール・教室サイト（レトロ・Y2K・全画面ループ動画）","上級"
"WEB-07250","保育園・幼児教育・習い事のスクール・教室サイト（ポップ・カラフル・フェード/ズームのスライドショー）","プロ（演出多め）"
"WEB-07251","レストラン・居酒屋の採用サイト（和モダン・巨大コピー＋小さな写真）","プロ（演出多め）"
"WEB-07252","YouTuber・インフルエンサーのオウンドメディア・ブログ（ナチュラル・オーガニック・スクロール連動のストーリー）","プロ（演出多め）"
"WEB-07253","ヨガ・ピラティスのコーポレートサイト（ミニマル・洗練・ローディング演出→ロゴ→メインビジュアル）","上級"
"WEB-07254","カフェ・ベーカリーのオウンドメディア・ブログ（クール・テック・スクロール連動のストーリー）","上級"
"WEB-07255","Web制作・デザイン事務所のブランドサイト（ジオメトリック・グラフィカル・画面2分割（写真｜コピー））","プロ（演出多め）"
"WEB-07256","プログラミングスクールのサービスサイト（ネオン・サイバー・3Dオブジェクト/ジェネラティブ背景）","上級"
"WEB-07257","食品・産直ECのコーポレートサイト（和モダン・スクロール連動のストーリー）","上級"
"WEB-07258","アパレル・ファッションECの採用サイト（ニューブルータリズム・フェード/ズームのスライドショー）","上級"
"WEB-07259","美容クリニックのオウンドメディア・ブログ（ミニマル・洗練・画面2分割（写真｜コピー））","プロ（演出多め）"
"WEB-07260","不動産・マンションのサービスサイト（信頼・誠実（コーポレート）・3Dオブジェクト/ジェネラティブ背景）","上級"
"WEB-07261","スマホアプリの採用サイト（ポップ・カラフル・3Dオブジェクト/ジェネラティブ背景）","プロ（演出多め）"
"WEB-07262","引越し・生活サービスのサービスサイト（レトロ・Y2K・スクロール連動のストーリー）","プロ（演出多め）"
"WEB-07263","保育園・幼児教育・習い事の採用サイト（ニューブルータリズム・巨大コピー＋小さな写真）","プロ（演出多め）"
"WEB-07264","金融・保険・投資のサービスサイト（クール・テック・スクロール連動のストーリー）","上級"
"WEB-07265","英会話・語学のコーポレートサイト（ミニマル・洗練・スクロール連動のストーリー）","上級"
"WEB-07266","クラウドファンディング・新商品のコーポレートサイト（ダーク・シネマティック・3Dオブジェクト/ジェネラティブ背景）","プロ（演出多め）"
"WEB-07267","占い・スピリチュアルのオウンドメディア・ブログ（ラグジュアリー・高級感・縦書きコピー＋余白）","プロ（演出多め）"
"WEB-07268","引越し・生活サービスの採用サイト（信頼・誠実（コーポレート）・3Dオブジェクト/ジェネラティブ背景）","上級"
"WEB-07269","ペット・トリミング・動物病院のブランドサイト（ハンドメイド・手書き・3Dオブジェクト/ジェネラティブ背景）","上級"
"WEB-07270","観光・地域プロモーションのコーポレートサイト（ハンドメイド・手書き・画面2分割（写真｜コピー））","プロ（演出多め）"
"WEB-07271","エステ・脱毛サロンのサービスサイト（クール・テック・縦書きコピー＋余白）","プロ（演出多め）"
"WEB-07272","士業（税理士・弁護士・行政書士）のコーポレートサイト（北欧・ライフスタイル・ローディング演出→ロゴ→メインビジュアル）","プロ（演出多め）"
"WEB-07273","コンサル・コーチングの採用サイト（エディトリアル・雑誌風・全画面ループ動画）","プロ（演出多め）"
"WEB-07274","和菓子・スイーツの採用サイト（パステル・ドリーミー・3Dオブジェクト/ジェネラティブ背景）","プロ（演出多め）"
"WEB-07275","美容室・ヘアサロンのポートフォリオ（個人/事務所）（ラグジュアリー・高級感・画面2分割（写真｜コピー））","上級"
"WEB-07276","レストラン・居酒屋のコーポレートサイト（エネルギッシュ・スポーティ・全画面ループ動画）","プロ（演出多め）"
"WEB-07277","占い・スピリチュアルのサービスサイト（ラグジュアリー・高級感・縦書きコピー＋余白）","上級"
"WEB-07278","自動車・バイクのオウンドメディア・ブログ（3D・クレイ・散らばった写真コラージュ）","上級"
"WEB-07279","SaaS・BtoBツールのブランドサイト（グラスモーフィズム・縦書きコピー＋余白）","プロ（演出多め）"
"WEB-07280","レストラン・居酒屋のコーポレートサイト（ミニマル・洗練・スクロール連動のストーリー）","プロ（演出多め）"
"WEB-07281","ゲーム・eスポーツのコーポレートサイト（ラグジュアリー・高級感・3Dオブジェクト/ジェネラティブ背景）","プロ（演出多め）"
"WEB-07282","内科・クリニックの採用サイト（ミニマル・洗練・3Dオブジェクト/ジェネラティブ背景）","プロ（演出多め）"
"WEB-07283","スマホアプリのコーポレートサイト（グラスモーフィズム・全画面ループ動画）","プロ（演出多め）"
"WEB-07284","ゲーム・eスポーツのイベント・フェスサイト（レトロ・Y2K・散らばった写真コラージュ）","プロ（演出多め）"
"WEB-07285","ホテル・旅館のブランドサイト（和モダン・散らばった写真コラージュ）","上級"
"WEB-07286","YouTuber・インフルエンサーのサービスサイト（かわいい・ガーリー・散らばった写真コラージュ）","プロ（演出多め）"
"WEB-07287","サウナ・温浴施設の採用サイト（ナチュラル・オーガニック・ローディング演出→ロゴ→メインビジュアル）","プロ（演出多め）"
"WEB-07288","ゲーム・eスポーツの採用サイト（ニューブルータリズム・スクロール連動のストーリー）","上級"
"WEB-07289","アパレル・ファッションECのオウンドメディア・ブログ（ミニマル・洗練・画面2分割（写真｜コピー））","プロ（演出多め）"
"WEB-07290","AIサービス・スタートアップのコーポレートサイト（クール・テック・画面2分割（写真｜コピー））","上級"
"WEB-07291","保育園・幼児教育・習い事のブランドサイト（ナチュラル・オーガニック・全画面ループ動画）","プロ（演出多め）"
"WEB-07292","建築設計事務所のコーポレートサイト（ジオメトリック・グラフィカル・縦書きコピー＋余白）","プロ（演出多め）"
"WEB-07293","スマホアプリのオウンドメディア・ブログ（クール・テック・巨大コピー＋小さな写真）","上級"
"WEB-07294","食品・産直ECの採用サイト（和モダン・縦書きコピー＋余白）","上級"
"WEB-07295","カフェ・ベーカリーの店舗サイト（飲食・美容・サロン）（エディトリアル・雑誌風・スクロール連動のストーリー）","上級"
"WEB-07296","スクール・オンライン講座のオウンドメディア・ブログ（3D・クレイ・散らばった写真コラージュ）","プロ（演出多め）"
"WEB-07297","観光・地域プロモーションのイベント・フェスサイト（ダーク・シネマティック・巨大コピー＋小さな写真）","上級"
"WEB-07298","農業・地方の生産者のブランドサイト（和モダン・画面2分割（写真｜コピー））","プロ（演出多め）"
"WEB-07299","英会話・語学のサービスサイト（3D・クレイ・散らばった写真コラージュ）","上級"
"WEB-07300","食品・産直ECの採用サイト（ポップ・カラフル・巨大コピー＋小さな写真）","プロ（演出多め）"
"WEB-07301","音楽・ライブ・イベントのコーポレートサイト（ダーク・シネマティック・フェード/ズームのスライドショー）","上級"
"WEB-07302","エステ・脱毛サロンの採用サイト（ミニマル・洗練・3Dオブジェクト/ジェネラティブ背景）","プロ（演出多め）"
"WEB-07303","スマホアプリのサービスサイト（ダーク・シネマティック・スクロール連動のストーリー）","プロ（演出多め）"
"WEB-07304","和菓子・スイーツのECサイト（かわいい・ガーリー・画面2分割（写真｜コピー））","プロ（演出多め）"
"WEB-07305","YouTuber・インフルエンサーの採用サイト（ネオン・サイバー・縦書きコピー＋余白）","上級"
"WEB-07306","AIサービス・スタートアップのコーポレートサイト（ミニマル・洗練・フェード/ズームのスライドショー）","上級"
"WEB-07307","採用・求人の採用サイト（ジオメトリック・グラフィカル・巨大コピー＋小さな写真）","プロ（演出多め）"
"WEB-07308","食品・産直ECのサービスサイト（ナチュラル・オーガニック・ローディング演出→ロゴ→メインビジュアル）","上級"
"WEB-07309","農業・地方の生産者のコーポレートサイト（ナチュラル・オーガニック・画面2分割（写真｜コピー））","プロ（演出多め）"
"WEB-07310","和菓子・スイーツの店舗サイト（飲食・美容・サロン）（かわいい・ガーリー・散らばった写真コラージュ）","プロ（演出多め）"
"WEB-07311","NPO・地方自治体のコーポレートサイト（ジオメトリック・グラフィカル・散らばった写真コラージュ）","上級"
"WEB-07312","コスメ・スキンケアのコーポレートサイト（ミニマル・洗練・スクロール連動のストーリー）","プロ（演出多め）"
"WEB-07313","クラウドファンディング・新商品のECサイト（クール・テック・散らばった写真コラージュ）","プロ（演出多め）"
"WEB-07314","農業・地方の生産者のオウンドメディア・ブログ（和モダン・3Dオブジェクト/ジェネラティブ背景）","プロ（演出多め）"
"WEB-07315","AIサービス・スタートアップのサービスサイト（グラスモーフィズム・画面2分割（写真｜コピー））","プロ（演出多め）"
"WEB-07316","ウェディング・結婚相談所のポートフォリオ（個人/事務所）（ラグジュアリー・高級感・巨大コピー＋小さな写真）","プロ（演出多め）"
"WEB-07317","引越し・生活サービスのブランドサイト（信頼・誠実（コーポレート）・ローディング演出→ロゴ→メインビジュアル）","プロ（演出多め）"
"WEB-07318","農業・地方の生産者のオウンドメディア・ブログ（ナチュラル・オーガニック・巨大コピー＋小さな写真）","上級"
"WEB-07319","SaaS・BtoBツールのオウンドメディア・ブログ（クール・テック・散らばった写真コラージュ）","プロ（演出多め）"
"WEB-07320","スクール・オンライン講座のサービスサイト（クール・テック・縦書きコピー＋余白）","上級"
"WEB-07321","建築設計事務所のサービスサイト（ミニマル・洗練・スクロール連動のストーリー）","上級"
"WEB-07322","コンサル・コーチングのサービスサイト（パステル・ドリーミー・画面2分割（写真｜コピー））","プロ（演出多め）"
"WEB-07323","不動産・マンションの採用サイト（信頼・誠実（コーポレート）・スクロール連動のストーリー）","プロ（演出多め）"
"WEB-07324","ホテル・旅館のオウンドメディア・ブログ（ミニマル・洗練・全画面ループ動画）","プロ（演出多め）"
"WEB-07325","レストラン・居酒屋の採用サイト（レトロ・Y2K・散らばった写真コラージュ）","プロ（演出多め）"
"WEB-07326","NPO・地方自治体のブランドサイト（ジオメトリック・グラフィカル・3Dオブジェクト/ジェネラティブ背景）","プロ（演出多め）"
"WEB-07327","クラウドファンディング・新商品のブランドサイト（ポップ・カラフル・3Dオブジェクト/ジェネラティブ背景）","上級"
"WEB-07328","スクール・オンライン講座のスクール・教室サイト（グラスモーフィズム・スクロール連動のストーリー）","プロ（演出多め）"
"WEB-07329","美容クリニックのブランドサイト（ミニマル・洗練・巨大コピー＋小さな写真）","上級"
"WEB-07330","ウェディング・結婚相談所のブランドサイト（パステル・ドリーミー・全画面ループ動画）","上級"
"WEB-07331","パーソナルジム・フィットネスのオウンドメディア・ブログ（エネルギッシュ・スポーティ・フェード/ズームのスライドショー）","プロ（演出多め）"
"WEB-07332","YouTuber・インフルエンサーのイベント・フェスサイト（かわいい・ガーリー・散らばった写真コラージュ）","上級"
"WEB-07333","AIサービス・スタートアップの採用サイト（エディトリアル・雑誌風・3Dオブジェクト/ジェネラティブ背景）","上級"
"WEB-07334","NPO・地方自治体のコーポレートサイト（ハンドメイド・手書き・3Dオブジェクト/ジェネラティブ背景）","プロ（演出多め）"
"WEB-07335","YouTuber・インフルエンサーの採用サイト（かわいい・ガーリー・ローディング演出→ロゴ→メインビジュアル）","プロ（演出多め）"
"WEB-07336","占い・スピリチュアルのコーポレートサイト（パステル・ドリーミー・散らばった写真コラージュ）","プロ（演出多め）"
"WEB-07337","占い・スピリチュアルのサービスサイト（ラグジュアリー・高級感・画面2分割（写真｜コピー））","プロ（演出多め）"
"WEB-07338","不動産・マンションのサービスサイト（ラグジュアリー・高級感・スクロール連動のストーリー）","上級"
"WEB-07339","プログラミングスクールのコーポレートサイト（ネオン・サイバー・全画面ループ動画）","上級"
"WEB-07340","カフェ・ベーカリーの採用サイト（ハンドメイド・手書き・縦書きコピー＋余白）","上級"
"WEB-07341","不動産・マンションのコーポレートサイト（ミニマル・洗練・巨大コピー＋小さな写真）","上級"
"WEB-07342","ヨガ・ピラティスの採用サイト（ナチュラル・オーガニック・フェード/ズームのスライドショー）","プロ（演出多め）"
"WEB-07343","カフェ・ベーカリーの店舗サイト（飲食・美容・サロン）（ナチュラル・オーガニック・画面2分割（写真｜コピー））","プロ（演出多め）"
"WEB-07344","音楽・ライブ・イベントのコーポレートサイト（レトロ・Y2K・縦書きコピー＋余白）","プロ（演出多め）"
"WEB-07345","NPO・地方自治体のブランドサイト（ニューブルータリズム・ローディング演出→ロゴ→メインビジュアル）","プロ（演出多め）"
"WEB-07346","アパレル・ファッションECのコーポレートサイト（ミニマル・洗練・全画面ループ動画）","プロ（演出多め）"
"WEB-07347","エステ・脱毛サロンのオウンドメディア・ブログ（ナチュラル・オーガニック・画面2分割（写真｜コピー））","プロ（演出多め）"
"WEB-07348","サウナ・温浴施設のホテル・旅館サイト（和モダン・巨大コピー＋小さな写真）","プロ（演出多め）"
"WEB-07349","英会話・語学のブランドサイト（ジオメトリック・グラフィカル・フェード/ズームのスライドショー）","プロ（演出多め）"
"WEB-07350","採用・求人のオウンドメディア・ブログ（エネルギッシュ・スポーティ・3Dオブジェクト/ジェネラティブ背景）","プロ（演出多め）"
"WEB-07351","クラウドファンディング・新商品のサービスサイト（クール・テック・スクロール連動のストーリー）","上級"
"WEB-07352","採用・求人のコーポレートサイト（ジオメトリック・グラフィカル・スクロール連動のストーリー）","プロ（演出多め）"
"WEB-07353","和菓子・スイーツのサービスサイト（ダーク・シネマティック・散らばった写真コラージュ）","上級"
"WEB-07354","保育園・幼児教育・習い事のスクール・教室サイト（かわいい・ガーリー・散らばった写真コラージュ）","プロ（演出多め）"
"WEB-07355","農業・地方の生産者のオウンドメディア・ブログ（和モダン・画面2分割（写真｜コピー））","プロ（演出多め）"
"WEB-07356","コンサル・コーチングのオウンドメディア・ブログ（信頼・誠実（コーポレート）・巨大コピー＋小さな写真）","プロ（演出多め）"
"WEB-07357","エステ・脱毛サロンの採用サイト（かわいい・ガーリー・ローディング演出→ロゴ→メインビジュアル）","プロ（演出多め）"
"WEB-07358","ホテル・旅館の採用サイト（和モダン・縦書きコピー＋余白）","プロ（演出多め）"
"WEB-07359","建築設計事務所のコーポレートサイト（ミニマル・洗練・フェード/ズームのスライドショー）","上級"
"WEB-07360","引越し・生活サービスの採用サイト（信頼・誠実（コーポレート）・3Dオブジェクト/ジェネラティブ背景）","プロ（演出多め）"
"WEB-07361","建築設計事務所のブランドサイト（ジオメトリック・グラフィカル・縦書きコピー＋余白）","プロ（演出多め）"
"WEB-07362","音楽・ライブ・イベントのコーポレートサイト（パステル・ドリーミー・スクロール連動のストーリー）","プロ（演出多め）"
"WEB-07363","NPO・地方自治体のオウンドメディア・ブログ（ジオメトリック・グラフィカル・全画面ループ動画）","プロ（演出多め）"
"WEB-07364","観光・地域プロモーションのイベント・フェスサイト（ハンドメイド・手書き・3Dオブジェクト/ジェネラティブ背景）","プロ（演出多め）"
"WEB-07365","不動産・マンションのブランドサイト（信頼・誠実（コーポレート）・全画面ループ動画）","プロ（演出多め）"
"WEB-07366","農業・地方の生産者のECサイト（和モダン・縦書きコピー＋余白）","プロ（演出多め）"
"WEB-07367","NPO・地方自治体のコーポレートサイト（ジオメトリック・グラフィカル・全画面ループ動画）","プロ（演出多め）"
"WEB-07368","ホテル・旅館のブランドサイト（ミニマル・洗練・スクロール連動のストーリー）","プロ（演出多め）"
"WEB-07369","AIサービス・スタートアップのサービスサイト（グラスモーフィズム・散らばった写真コラージュ）","プロ（演出多め）"
"WEB-07370","不動産・マンションのサービスサイト（和モダン・散らばった写真コラージュ）","上級"
"WEB-07371","スマホアプリのブランドサイト（ポップ・カラフル・スクロール連動のストーリー）","プロ（演出多め）"
"WEB-07372","ペット・トリミング・動物病院の採用サイト（ハンドメイド・手書き・散らばった写真コラージュ）","プロ（演出多め）"
"WEB-07373","ゲーム・eスポーツのブランドサイト（エネルギッシュ・スポーティ・全画面ループ動画）","上級"
"WEB-07374","スマホアプリのサービスサイト（グラスモーフィズム・スクロール連動のストーリー）","上級"
"WEB-07375","占い・スピリチュアルのブランドサイト（パステル・ドリーミー・ローディング演出→ロゴ→メインビジュアル）","プロ（演出多め）"
"WEB-07376","建築設計事務所のポートフォリオ（個人/事務所）（グラスモーフィズム・散らばった写真コラージュ）","プロ（演出多め）"
"WEB-07377","食品・産直ECの採用サイト（和モダン・全画面ループ動画）","上級"
"WEB-07378","レストラン・居酒屋のサービスサイト（レトロ・Y2K・画面2分割（写真｜コピー））","上級"
"WEB-07379","ペット・トリミング・動物病院のサービスサイト（3D・クレイ・全画面ループ動画）","プロ（演出多め）"
"WEB-07380","コンサル・コーチングのオウンドメディア・ブログ（ラグジュアリー・高級感・画面2分割（写真｜コピー））","上級"
"WEB-07381","不動産・マンションのオウンドメディア・ブログ（ラグジュアリー・高級感・3Dオブジェクト/ジェネラティブ背景）","プロ（演出多め）"
"WEB-07382","SaaS・BtoBツールのオウンドメディア・ブログ（グラスモーフィズム・ローディング演出→ロゴ→メインビジュアル）","プロ（演出多め）"
"WEB-07383","保育園・幼児教育・習い事のコーポレートサイト（クール・テック・巨大コピー＋小さな写真）","上級"
"WEB-07384","農業・地方の生産者の自治体・観光協会サイト（エディトリアル・雑誌風・画面2分割（写真｜コピー））","プロ（演出多め）"
"WEB-07385","観光・地域プロモーションのイベント・フェスサイト（かわいい・ガーリー・縦書きコピー＋余白）","プロ（演出多め）"
"WEB-07386","採用・求人のコーポレートサイト（3D・クレイ・全画面ループ動画）","プロ（演出多め）"
"WEB-07387","NPO・地方自治体のオウンドメディア・ブログ（ハンドメイド・手書き・画面2分割（写真｜コピー））","上級"
"WEB-07388","カフェ・ベーカリーのサービスサイト（ポップ・カラフル・3Dオブジェクト/ジェネラティブ背景）","プロ（演出多め）"
"WEB-07389","スマホアプリのコーポレートサイト（クール・テック・画面2分割（写真｜コピー））","プロ（演出多め）"
"WEB-07390","レストラン・居酒屋の採用サイト（ナチュラル・オーガニック・散らばった写真コラージュ）","プロ（演出多め）"
"WEB-07391","農業・地方の生産者の採用サイト（ナチュラル・オーガニック・スクロール連動のストーリー）","上級"
"WEB-07392","建築設計事務所のサービスサイト（ミニマル・洗練・3Dオブジェクト/ジェネラティブ背景）","上級"
"WEB-07393","ホテル・旅館のコーポレートサイト（ニューブルータリズム・3Dオブジェクト/ジェネラティブ背景）","プロ（演出多め）"
"WEB-07394","美容室・ヘアサロンの店舗サイト（飲食・美容・サロン）（エディトリアル・雑誌風・全画面ループ動画）","上級"
"WEB-07395","自動車・バイクのブランドサイト（和モダン・縦書きコピー＋余白）","プロ（演出多め）"
"WEB-07396","採用・求人のコーポレートサイト（和モダン・縦書きコピー＋余白）","プロ（演出多め）"
"WEB-07397","SaaS・BtoBツールのサービスサイト（グラスモーフィズム・巨大コピー＋小さな写真）","プロ（演出多め）"
"WEB-07398","ウェディング・結婚相談所のオウンドメディア・ブログ（ラグジュアリー・高級感・巨大コピー＋小さな写真）","プロ（演出多め）"
"WEB-07399","ホテル・旅館の採用サイト（和モダン・ローディング演出→ロゴ→メインビジュアル）","プロ（演出多め）"
"WEB-07400","クラウドファンディング・新商品のコーポレートサイト（ポップ・カラフル・巨大コピー＋小さな写真）","プロ（演出多め）"
"WEB-07401","サウナ・温浴施設のオウンドメディア・ブログ（北欧・ライフスタイル・画面2分割（写真｜コピー））","プロ（演出多め）"
"WEB-07402","引越し・生活サービスの採用サイト（信頼・誠実（コーポレート）・3Dオブジェクト/ジェネラティブ背景）","プロ（演出多め）"
"WEB-07403","スクール・オンライン講座のサービスサイト（クール・テック・ローディング演出→ロゴ→メインビジュアル）","プロ（演出多め）"
"WEB-07404","プログラミングスクールのブランドサイト（ネオン・サイバー・縦書きコピー＋余白）","上級"
"WEB-07405","ウェディング・結婚相談所の採用サイト（かわいい・ガーリー・巨大コピー＋小さな写真）","プロ（演出多め）"
"WEB-07406","カフェ・ベーカリーの店舗サイト（飲食・美容・サロン）（エディトリアル・雑誌風・画面2分割（写真｜コピー））","プロ（演出多め）"
"WEB-07407","採用・求人のコーポレートサイト（信頼・誠実（コーポレート）・全画面ループ動画）","プロ（演出多め）"
"WEB-07408","スマホアプリのコーポレートサイト（ポップ・カラフル・縦書きコピー＋余白）","プロ（演出多め）"
"WEB-07409","採用・求人のコーポレートサイト（ポップ・カラフル・散らばった写真コラージュ）","上級"
"WEB-07410","プログラミングスクールのオウンドメディア・ブログ（ネオン・サイバー・3Dオブジェクト/ジェネラティブ背景）","上級"
"WEB-07411","コスメ・スキンケアのECサイト（ナチュラル・オーガニック・巨大コピー＋小さな写真）","プロ（演出多め）"
"WEB-07412","保育園・幼児教育・習い事のコーポレートサイト（ポップ・カラフル・縦書きコピー＋余白）","プロ（演出多め）"
"WEB-07413","ウェディング・結婚相談所のポートフォリオ（個人/事務所）（パステル・ドリーミー・スクロール連動のストーリー）","上級"
"WEB-07414","ペット・トリミング・動物病院のクリニック・医院サイト（ハンドメイド・手書き・3Dオブジェクト/ジェネラティブ背景）","上級"
"WEB-07415","YouTuber・インフルエンサーの採用サイト（グラスモーフィズム・ローディング演出→ロゴ→メインビジュアル）","上級"
"WEB-07416","占い・スピリチュアルのブランドサイト（和モダン・3Dオブジェクト/ジェネラティブ背景）","プロ（演出多め）"
"WEB-07417","金融・保険・投資のブランドサイト（信頼・誠実（コーポレート）・全画面ループ動画）","プロ（演出多め）"
"WEB-07418","AIサービス・スタートアップのコーポレートサイト（パステル・ドリーミー・画面2分割（写真｜コピー））","上級"
"WEB-07419","AIサービス・スタートアップの採用サイト（ミニマル・洗練・画面2分割（写真｜コピー））","プロ（演出多め）"
"WEB-07420","士業（税理士・弁護士・行政書士）の採用サイト（ミニマル・洗練・スクロール連動のストーリー）","プロ（演出多め）"
"WEB-07421","コスメ・スキンケアのオウンドメディア・ブログ（パステル・ドリーミー・画面2分割（写真｜コピー））","上級"
"WEB-07422","ウェディング・結婚相談所のサービスサイト（ラグジュアリー・高級感・全画面ループ動画）","プロ（演出多め）"
"WEB-07423","ウェディング・結婚相談所の採用サイト（ラグジュアリー・高級感・縦書きコピー＋余白）","上級"
"WEB-07424","農業・地方の生産者の自治体・観光協会サイト（ハンドメイド・手書き・画面2分割（写真｜コピー））","プロ（演出多め）"
"WEB-07425","士業（税理士・弁護士・行政書士）の採用サイト（信頼・誠実（コーポレート）・スクロール連動のストーリー）","上級"
"WEB-07426","YouTuber・インフルエンサーのポートフォリオ（個人/事務所）（ポップ・カラフル・全画面ループ動画）","プロ（演出多め）"
"WEB-07427","コンサル・コーチングのコーポレートサイト（レトロ・Y2K・巨大コピー＋小さな写真）","プロ（演出多め）"
"WEB-07428","士業（税理士・弁護士・行政書士）のオウンドメディア・ブログ（ミニマル・洗練・フェード/ズームのスライドショー）","プロ（演出多め）"
"WEB-07429","農業・地方の生産者のブランドサイト（ハンドメイド・手書き・画面2分割（写真｜コピー））","プロ（演出多め）"
"WEB-07430","プログラミングスクールのブランドサイト（3D・クレイ・全画面ループ動画）","上級"
"WEB-07431","引越し・生活サービスの採用サイト（信頼・誠実（コーポレート）・散らばった写真コラージュ）","上級"
"WEB-07432","士業（税理士・弁護士・行政書士）のサービスサイト（信頼・誠実（コーポレート）・全画面ループ動画）","上級"
"WEB-07433","ペット・トリミング・動物病院のサービスサイト（ナチュラル・オーガニック・巨大コピー＋小さな写真）","プロ（演出多め）"
"WEB-07434","カフェ・ベーカリーのブランドサイト（レトロ・Y2K・3Dオブジェクト/ジェネラティブ背景）","プロ（演出多め）"
"WEB-07435","美容室・ヘアサロンのコーポレートサイト（ミニマル・洗練・画面2分割（写真｜コピー））","上級"
"WEB-07436","ゲーム・eスポーツのイベント・フェスサイト（3D・クレイ・巨大コピー＋小さな写真）","上級"
"WEB-07437","音楽・ライブ・イベントのコーポレートサイト（レトロ・Y2K・画面2分割（写真｜コピー））","プロ（演出多め）"
"WEB-07438","歯科医院のオウンドメディア・ブログ（ミニマル・洗練・3Dオブジェクト/ジェネラティブ背景）","プロ（演出多め）"
"WEB-07439","スマホアプリのサービスサイト（ポップ・カラフル・全画面ループ動画）","上級"
"WEB-07440","カフェ・ベーカリーのコーポレートサイト（ナチュラル・オーガニック・全画面ループ動画）","プロ（演出多め）"
"WEB-07441","農業・地方の生産者のオウンドメディア・ブログ（和モダン・ローディング演出→ロゴ→メインビジュアル）","プロ（演出多め）"
"WEB-07442","サウナ・温浴施設のオウンドメディア・ブログ（和モダン・フェード/ズームのスライドショー）","プロ（演出多め）"
"WEB-07443","アパレル・ファッションECのオウンドメディア・ブログ（エディトリアル・雑誌風・散らばった写真コラージュ）","上級"
"WEB-07444","和菓子・スイーツのECサイト（パステル・ドリーミー・巨大コピー＋小さな写真）","プロ（演出多め）"
"WEB-07445","不動産・マンションの採用サイト（ポップ・カラフル・縦書きコピー＋余白）","プロ（演出多め）"
"WEB-07446","美容クリニックの採用サイト（ミニマル・洗練・フェード/ズームのスライドショー）","上級"
"WEB-07447","引越し・生活サービスのブランドサイト（3D・クレイ・全画面ループ動画）","上級"
"WEB-07448","カフェ・ベーカリーの採用サイト（ハンドメイド・手書き・ローディング演出→ロゴ→メインビジュアル）","プロ（演出多め）"
"WEB-07449","コンサル・コーチングの採用サイト（ラグジュアリー・高級感・フェード/ズームのスライドショー）","プロ（演出多め）"
"WEB-07450","自動車・バイクのブランドサイト（ラグジュアリー・高級感・縦書きコピー＋余白）","上級"
"WEB-07451","ペット・トリミング・動物病院のコーポレートサイト（ナチュラル・オーガニック・巨大コピー＋小さな写真）","プロ（演出多め）"
"WEB-07452","占い・スピリチュアルのオウンドメディア・ブログ（ラグジュアリー・高級感・全画面ループ動画）","プロ（演出多め）"
"WEB-07453","不動産・マンションの採用サイト（ハンドメイド・手書き・3Dオブジェクト/ジェネラティブ背景）","プロ（演出多め）"
"WEB-07454","エステ・脱毛サロンの店舗サイト（飲食・美容・サロン）（ミニマル・洗練・画面2分割（写真｜コピー））","プロ（演出多め）"
"WEB-07455","クラウドファンディング・新商品のECサイト（クール・テック・スクロール連動のストーリー）","プロ（演出多め）"
"WEB-07456","工務店・注文住宅・リフォームの採用サイト（エディトリアル・雑誌風・ローディング演出→ロゴ→メインビジュアル）","上級"
"WEB-07457","占い・スピリチュアルのサービスサイト（ダーク・シネマティック・スクロール連動のストーリー）","プロ（演出多め）"
"WEB-07458","士業（税理士・弁護士・行政書士）のブランドサイト（ミニマル・洗練・全画面ループ動画）","上級"
"WEB-07459","ヨガ・ピラティスのサービスサイト（ニューブルータリズム・スクロール連動のストーリー）","上級"
"WEB-07460","NPO・地方自治体のサービスサイト（ジオメトリック・グラフィカル・縦書きコピー＋余白）","上級"
"WEB-07461","コスメ・スキンケアのコーポレートサイト（ナチュラル・オーガニック・縦書きコピー＋余白）","プロ（演出多め）"
"WEB-07462","プログラミングスクールのスクール・教室サイト（北欧・ライフスタイル・ローディング演出→ロゴ→メインビジュアル）","プロ（演出多め）"
"WEB-07463","工務店・注文住宅・リフォームのオウンドメディア・ブログ（北欧・ライフスタイル・散らばった写真コラージュ）","プロ（演出多め）"
"WEB-07464","サウナ・温浴施設のサービスサイト（ナチュラル・オーガニック・スクロール連動のストーリー）","プロ（演出多め）"
"WEB-07465","パーソナルジム・フィットネスのサービスサイト（ダーク・シネマティック・画面2分割（写真｜コピー））","プロ（演出多め）"
"WEB-07466","和菓子・スイーツのECサイト（レトロ・Y2K・全画面ループ動画）","上級"
"WEB-07467","ゲーム・eスポーツのコーポレートサイト（レトロ・Y2K・フェード/ズームのスライドショー）","プロ（演出多め）"
"WEB-07468","引越し・生活サービスのブランドサイト（ポップ・カラフル・全画面ループ動画）","プロ（演出多め）"
"WEB-07469","サウナ・温浴施設のサービスサイト（ナチュラル・オーガニック・全画面ループ動画）","上級"
"WEB-07470","エステ・脱毛サロンのオウンドメディア・ブログ（パステル・ドリーミー・散らばった写真コラージュ）","プロ（演出多め）"
"WEB-07471","建築設計事務所の採用サイト（ミニマル・洗練・3Dオブジェクト/ジェネラティブ背景）","プロ（演出多め）"
"WEB-07472","和菓子・スイーツの採用サイト（クール・テック・巨大コピー＋小さな写真）","プロ（演出多め）"
"WEB-07473","サウナ・温浴施設の採用サイト（ニューブルータリズム・散らばった写真コラージュ）","上級"
"WEB-07474","観光・地域プロモーションのオウンドメディア・ブログ（信頼・誠実（コーポレート）・フェード/ズームのスライドショー）","プロ（演出多め）"
"WEB-07475","内科・クリニックのコーポレートサイト（北欧・ライフスタイル・3Dオブジェクト/ジェネラティブ背景）","プロ（演出多め）"
"WEB-07476","サウナ・温浴施設のオウンドメディア・ブログ（ニューブルータリズム・ローディング演出→ロゴ→メインビジュアル）","プロ（演出多め）"
"WEB-07477","内科・クリニックの採用サイト（北欧・ライフスタイル・画面2分割（写真｜コピー））","上級"
"WEB-07478","パーソナルジム・フィットネスのスクール・教室サイト（クール・テック・全画面ループ動画）","上級"
"WEB-07479","コスメ・スキンケアのブランドサイト（ダーク・シネマティック・散らばった写真コラージュ）","上級"
"WEB-07480","英会話・語学の採用サイト（ラグジュアリー・高級感・全画面ループ動画）","プロ（演出多め）"
"WEB-07481","コンサル・コーチングのサービスサイト（ミニマル・洗練・画面2分割（写真｜コピー））","プロ（演出多め）"
"WEB-07482","金融・保険・投資のサービスサイト（クール・テック・画面2分割（写真｜コピー））","上級"
"WEB-07483","英会話・語学のコーポレートサイト（信頼・誠実（コーポレート）・全画面ループ動画）","プロ（演出多め）"
"WEB-07484","採用・求人のオウンドメディア・ブログ（信頼・誠実（コーポレート）・ローディング演出→ロゴ→メインビジュアル）","プロ（演出多め）"
"WEB-07485","士業（税理士・弁護士・行政書士）のサービスサイト（信頼・誠実（コーポレート）・スクロール連動のストーリー）","プロ（演出多め）"
"WEB-07486","金融・保険・投資のブランドサイト（クール・テック・画面2分割（写真｜コピー））","プロ（演出多め）"
"WEB-07487","工務店・注文住宅・リフォームのオウンドメディア・ブログ（北欧・ライフスタイル・3Dオブジェクト/ジェネラティブ背景）","プロ（演出多め）"
"WEB-07488","アパレル・ファッションECのブランドサイト（ミニマル・洗練・ローディング演出→ロゴ→メインビジュアル）","プロ（演出多め）"
"WEB-07489","サウナ・温浴施設の店舗サイト（飲食・美容・サロン）（和モダン・スクロール連動のストーリー）","上級"
"WEB-07490","農業・地方の生産者のオウンドメディア・ブログ（和モダン・3Dオブジェクト/ジェネラティブ背景）","プロ（演出多め）"
"WEB-07491","建築設計事務所のオウンドメディア・ブログ（エディトリアル・雑誌風・巨大コピー＋小さな写真）","上級"
"WEB-07492","AIサービス・スタートアップのオウンドメディア・ブログ（ミニマル・洗練・3Dオブジェクト/ジェネラティブ背景）","プロ（演出多め）"
"WEB-07493","金融・保険・投資の採用サイト（ミニマル・洗練・3Dオブジェクト/ジェネラティブ背景）","プロ（演出多め）"
"WEB-07494","保育園・幼児教育・習い事のブランドサイト（ミニマル・洗練・3Dオブジェクト/ジェネラティブ背景）","上級"
"WEB-07495","音楽・ライブ・イベントのサービスサイト（ニューブルータリズム・全画面ループ動画）","プロ（演出多め）"
"WEB-07496","保育園・幼児教育・習い事のオウンドメディア・ブログ（かわいい・ガーリー・フェード/ズームのスライドショー）","プロ（演出多め）"
"WEB-07497","パーソナルジム・フィットネスの採用サイト（ダーク・シネマティック・画面2分割（写真｜コピー））","プロ（演出多め）"
"WEB-07498","クラウドファンディング・新商品のコーポレートサイト（ミニマル・洗練・全画面ループ動画）","プロ（演出多め）"
"WEB-07499","工務店・注文住宅・リフォームのコーポレートサイト（ナチュラル・オーガニック・スクロール連動のストーリー）","プロ（演出多め）"
"WEB-07500","音楽・ライブ・イベントのコーポレートサイト（ニューブルータリズム・ローディング演出→ロゴ→メインビジュアル）","プロ（演出多め）"
"WEB-07501","カフェ・ベーカリーのオウンドメディア・ブログ（エディトリアル・雑誌風・散らばった写真コラージュ）","プロ（演出多め）"
"WEB-07502","農業・地方の生産者のコーポレートサイト（和モダン・全画面ループ動画）","プロ（演出多め）"
"WEB-07503","アパレル・ファッションECのサービスサイト（エディトリアル・雑誌風・ローディング演出→ロゴ→メインビジュアル）","プロ（演出多め）"
"WEB-07504","工務店・注文住宅・リフォームのサービスサイト（北欧・ライフスタイル・ローディング演出→ロゴ→メインビジュアル）","上級"
"WEB-07505","美容室・ヘアサロンのオウンドメディア・ブログ（エディトリアル・雑誌風・ローディング演出→ロゴ→メインビジュアル）","プロ（演出多め）"
"WEB-07506","SaaS・BtoBツールのオウンドメディア・ブログ（ラグジュアリー・高級感・縦書きコピー＋余白）","上級"
"WEB-07507","採用・求人のブランドサイト（ポップ・カラフル・縦書きコピー＋余白）","プロ（演出多め）"
"WEB-07508","引越し・生活サービスのコーポレートサイト（ポップ・カラフル・全画面ループ動画）","上級"
"WEB-07509","SaaS・BtoBツールの採用サイト（信頼・誠実（コーポレート）・画面2分割（写真｜コピー））","プロ（演出多め）"
"WEB-07510","スマホアプリのサービスサイト（クール・テック・画面2分割（写真｜コピー））","上級"
"WEB-07511","占い・スピリチュアルのオウンドメディア・ブログ（ダーク・シネマティック・3Dオブジェクト/ジェネラティブ背景）","プロ（演出多め）"
"WEB-07512","食品・産直ECのオウンドメディア・ブログ（ナチュラル・オーガニック・全画面ループ動画）","プロ（演出多め）"
"WEB-07513","占い・スピリチュアルのブランドサイト（和モダン・ローディング演出→ロゴ→メインビジュアル）","プロ（演出多め）"
"WEB-07514","AIサービス・スタートアップの採用サイト（クール・テック・全画面ループ動画）","プロ（演出多め）"
"WEB-07515","採用・求人の採用サイト（クール・テック・3Dオブジェクト/ジェネラティブ背景）","上級"
"WEB-07516","パーソナルジム・フィットネスのブランドサイト（エネルギッシュ・スポーティ・画面2分割（写真｜コピー））","プロ（演出多め）"
"WEB-07517","農業・地方の生産者のECサイト（和モダン・散らばった写真コラージュ）","プロ（演出多め）"
"WEB-07518","コスメ・スキンケアの採用サイト（ナチュラル・オーガニック・全画面ループ動画）","プロ（演出多め）"
"WEB-07519","SaaS・BtoBツールのブランドサイト（3D・クレイ・フェード/ズームのスライドショー）","プロ（演出多め）"
"WEB-07520","クラウドファンディング・新商品のECサイト（ポップ・カラフル・ローディング演出→ロゴ→メインビジュアル）","プロ（演出多め）"
"WEB-07521","採用・求人の採用サイト（ポップ・カラフル・全画面ループ動画）","上級"
"WEB-07522","アパレル・ファッションECのECサイト（レトロ・Y2K・散らばった写真コラージュ）","上級"
"WEB-07523","食品・産直ECのブランドサイト（和モダン・縦書きコピー＋余白）","プロ（演出多め）"
"WEB-07524","NPO・地方自治体のオウンドメディア・ブログ（ジオメトリック・グラフィカル・スクロール連動のストーリー）","プロ（演出多め）"
"WEB-07525","引越し・生活サービスのブランドサイト（ポップ・カラフル・縦書きコピー＋余白）","プロ（演出多め）"
"WEB-07526","農業・地方の生産者のコーポレートサイト（ハンドメイド・手書き・全画面ループ動画）","プロ（演出多め）"
"WEB-07527","士業（税理士・弁護士・行政書士）のサービスサイト（信頼・誠実（コーポレート）・フェード/ズームのスライドショー）","プロ（演出多め）"
"WEB-07528","ペット・トリミング・動物病院のクリニック・医院サイト（ハンドメイド・手書き・散らばった写真コラージュ）","上級"
"WEB-07529","採用・求人のブランドサイト（ジオメトリック・グラフィカル・3Dオブジェクト/ジェネラティブ背景）","プロ（演出多め）"
"WEB-07530","保育園・幼児教育・習い事の採用サイト（ポップ・カラフル・3Dオブジェクト/ジェネラティブ背景）","プロ（演出多め）"
"WEB-07531","和菓子・スイーツのECサイト（和モダン・フェード/ズームのスライドショー）","上級"
"WEB-07532","内科・クリニックのオウンドメディア・ブログ（信頼・誠実（コーポレート）・画面2分割（写真｜コピー））","プロ（演出多め）"
"WEB-07533","歯科医院のブランドサイト（ナチュラル・オーガニック・ローディング演出→ロゴ→メインビジュアル）","プロ（演出多め）"
"WEB-07534","プログラミングスクールの採用サイト（3D・クレイ・画面2分割（写真｜コピー））","上級"
"WEB-07535","カフェ・ベーカリーのコーポレートサイト（北欧・ライフスタイル・スクロール連動のストーリー）","プロ（演出多め）"
"WEB-07536","エステ・脱毛サロンのブランドサイト（パステル・ドリーミー・散らばった写真コラージュ）","上級"
"WEB-07537","アパレル・ファッションECのサービスサイト（レトロ・Y2K・巨大コピー＋小さな写真）","プロ（演出多め）"
"WEB-07538","ウェディング・結婚相談所のブランドサイト（ラグジュアリー・高級感・巨大コピー＋小さな写真）","プロ（演出多め）"
"WEB-07539","採用・求人のブランドサイト（ジオメトリック・グラフィカル・全画面ループ動画）","上級"
"WEB-07540","工務店・注文住宅・リフォームのオウンドメディア・ブログ（ミニマル・洗練・ローディング演出→ロゴ→メインビジュアル）","プロ（演出多め）"
"WEB-07541","ヨガ・ピラティスのスクール・教室サイト（パステル・ドリーミー・散らばった写真コラージュ）","上級"
"WEB-07542","パーソナルジム・フィットネスのサービスサイト（クール・テック・スクロール連動のストーリー）","上級"
"WEB-07543","食品・産直ECのコーポレートサイト（ハンドメイド・手書き・スクロール連動のストーリー）","プロ（演出多め）"
"WEB-07544","AIサービス・スタートアップのサービスサイト（ミニマル・洗練・巨大コピー＋小さな写真）","上級"
"WEB-07545","SaaS・BtoBツールのサービスサイト（クール・テック・巨大コピー＋小さな写真）","プロ（演出多め）"
"WEB-07546","コンサル・コーチングのポートフォリオ（個人/事務所）（エディトリアル・雑誌風・3Dオブジェクト/ジェネラティブ背景）","プロ（演出多め）"
"WEB-07547","サウナ・温浴施設のホテル・旅館サイト（ナチュラル・オーガニック・縦書きコピー＋余白）","プロ（演出多め）"
"WEB-07548","レストラン・居酒屋の採用サイト（和モダン・ローディング演出→ロゴ→メインビジュアル）","上級"
"WEB-07549","ヨガ・ピラティスの採用サイト（ミニマル・洗練・散らばった写真コラージュ）","上級"
"WEB-07550","カフェ・ベーカリーの採用サイト（北欧・ライフスタイル・画面2分割（写真｜コピー））","プロ（演出多め）"
"WEB-07551","採用・求人のサービスサイト（ジオメトリック・グラフィカル・ローディング演出→ロゴ→メインビジュアル）","プロ（演出多め）"
"WEB-07552","YouTuber・インフルエンサーのオウンドメディア・ブログ（ネオン・サイバー・ローディング演出→ロゴ→メインビジュアル）","プロ（演出多め）"
"WEB-07553","歯科医院のブランドサイト（信頼・誠実（コーポレート）・巨大コピー＋小さな写真）","プロ（演出多め）"
"WEB-07554","ウェディング・結婚相談所のサービスサイト（ミニマル・洗練・縦書きコピー＋余白）","プロ（演出多め）"
"WEB-07555","YouTuber・インフルエンサーのコーポレートサイト（ナチュラル・オーガニック・3Dオブジェクト/ジェネラティブ背景）","プロ（演出多め）"
"WEB-07556","パーソナルジム・フィットネスのサービスサイト（ネオン・サイバー・縦書きコピー＋余白）","プロ（演出多め）"
"WEB-07557","音楽・ライブ・イベントのコーポレートサイト（ネオン・サイバー・3Dオブジェクト/ジェネラティブ背景）","上級"
"WEB-07558","占い・スピリチュアルのコーポレートサイト（ラグジュアリー・高級感・縦書きコピー＋余白）","プロ（演出多め）"
"WEB-07559","不動産・マンションのオウンドメディア・ブログ（かわいい・ガーリー・画面2分割（写真｜コピー））","プロ（演出多め）"
"WEB-07560","AIサービス・スタートアップのオウンドメディア・ブログ（グラスモーフィズム・画面2分割（写真｜コピー））","上級"
"WEB-07561","英会話・語学のブランドサイト（ジオメトリック・グラフィカル・巨大コピー＋小さな写真）","プロ（演出多め）"
"WEB-07562","ホテル・旅館のコーポレートサイト（ラグジュアリー・高級感・散らばった写真コラージュ）","プロ（演出多め）"
"WEB-07563","自動車・バイクのブランドサイト（クール・テック・巨大コピー＋小さな写真）","プロ（演出多め）"
"WEB-07564","NPO・地方自治体のオウンドメディア・ブログ（ハンドメイド・手書き・スクロール連動のストーリー）","プロ（演出多め）"
"WEB-07565","引越し・生活サービスのブランドサイト（3D・クレイ・3Dオブジェクト/ジェネラティブ背景）","プロ（演出多め）"
"WEB-07566","士業（税理士・弁護士・行政書士）のオウンドメディア・ブログ（和モダン・スクロール連動のストーリー）","プロ（演出多め）"
"WEB-07567","コンサル・コーチングのポートフォリオ（個人/事務所）（ラグジュアリー・高級感・散らばった写真コラージュ）","上級"
"WEB-07568","ウェディング・結婚相談所の採用サイト（レトロ・Y2K・画面2分割（写真｜コピー））","プロ（演出多め）"
"WEB-07569","採用・求人のブランドサイト（エディトリアル・雑誌風・全画面ループ動画）","プロ（演出多め）"
"WEB-07570","食品・産直ECのオウンドメディア・ブログ（ポップ・カラフル・ローディング演出→ロゴ→メインビジュアル）","プロ（演出多め）"
"WEB-07571","エステ・脱毛サロンのコーポレートサイト（かわいい・ガーリー・3Dオブジェクト/ジェネラティブ背景）","上級"
"WEB-07572","ペット・トリミング・動物病院の採用サイト（3D・クレイ・全画面ループ動画）","プロ（演出多め）"
"WEB-07573","エステ・脱毛サロンのブランドサイト（信頼・誠実（コーポレート）・3Dオブジェクト/ジェネラティブ背景）","上級"
"WEB-07574","AIサービス・スタートアップのオウンドメディア・ブログ（ネオン・サイバー・3Dオブジェクト/ジェネラティブ背景）","プロ（演出多め）"
"WEB-07575","英会話・語学の採用サイト（ジオメトリック・グラフィカル・縦書きコピー＋余白）","プロ（演出多め）"
"WEB-07576","美容クリニックの採用サイト（パステル・ドリーミー・3Dオブジェクト/ジェネラティブ背景）","プロ（演出多め）"
"WEB-07577","観光・地域プロモーションのイベント・フェスサイト（和モダン・ローディング演出→ロゴ→メインビジュアル）","プロ（演出多め）"
"WEB-07578","建築設計事務所の採用サイト（ミニマル・洗練・散らばった写真コラージュ）","上級"
"WEB-07579","観光・地域プロモーションのサービスサイト（ナチュラル・オーガニック・スクロール連動のストーリー）","プロ（演出多め）"
"WEB-07580","ペット・トリミング・動物病院のオウンドメディア・ブログ（ハンドメイド・手書き・ローディング演出→ロゴ→メインビジュアル）","プロ（演出多め）"
"WEB-07581","農業・地方の生産者のコーポレートサイト（ナチュラル・オーガニック・3Dオブジェクト/ジェネラティブ背景）","上級"
"WEB-07582","スクール・オンライン講座のオウンドメディア・ブログ（ポップ・カラフル・縦書きコピー＋余白）","プロ（演出多め）"
"WEB-07583","美容室・ヘアサロンのブランドサイト（ミニマル・洗練・全画面ループ動画）","プロ（演出多め）"
"WEB-07584","観光・地域プロモーションの自治体・観光協会サイト（かわいい・ガーリー・ローディング演出→ロゴ→メインビジュアル）","プロ（演出多め）"
"WEB-07585","農業・地方の生産者のブランドサイト（ナチュラル・オーガニック・スクロール連動のストーリー）","上級"
"WEB-07586","和菓子・スイーツのコーポレートサイト（ナチュラル・オーガニック・3Dオブジェクト/ジェネラティブ背景）","プロ（演出多め）"
"WEB-07587","プログラミングスクールのブランドサイト（ネオン・サイバー・ローディング演出→ロゴ→メインビジュアル）","上級"
"WEB-07588","アパレル・ファッションECのサービスサイト（ニューブルータリズム・全画面ループ動画）","上級"
"WEB-07589","工務店・注文住宅・リフォームの採用サイト（信頼・誠実（コーポレート）・全画面ループ動画）","上級"
"WEB-07590","美容室・ヘアサロンのコーポレートサイト（エディトリアル・雑誌風・画面2分割（写真｜コピー））","プロ（演出多め）"
"WEB-07591","食品・産直ECの採用サイト（グラスモーフィズム・巨大コピー＋小さな写真）","上級"
"WEB-07592","士業（税理士・弁護士・行政書士）のコーポレートサイト（ミニマル・洗練・フェード/ズームのスライドショー）","プロ（演出多め）"
"WEB-07593","コスメ・スキンケアのオウンドメディア・ブログ（ナチュラル・オーガニック・巨大コピー＋小さな写真）","プロ（演出多め）"
"WEB-07594","クラウドファンディング・新商品のオウンドメディア・ブログ（ナチュラル・オーガニック・画面2分割（写真｜コピー））","プロ（演出多め）"
"WEB-07595","ゲーム・eスポーツの採用サイト（ネオン・サイバー・フェード/ズームのスライドショー）","プロ（演出多め）"
"WEB-07596","引越し・生活サービスのオウンドメディア・ブログ（信頼・誠実（コーポレート）・全画面ループ動画）","プロ（演出多め）"
"WEB-07597","観光・地域プロモーションのオウンドメディア・ブログ（和モダン・スクロール連動のストーリー）","プロ（演出多め）"
"WEB-07598","占い・スピリチュアルのサービスサイト（和モダン・巨大コピー＋小さな写真）","上級"
"WEB-07599","士業（税理士・弁護士・行政書士）の採用サイト（和モダン・フェード/ズームのスライドショー）","上級"
"WEB-07600","コスメ・スキンケアのコーポレートサイト（ラグジュアリー・高級感・縦書きコピー＋余白）","上級"
"WEB-07601","歯科医院のブランドサイト（ミニマル・洗練・散らばった写真コラージュ）","プロ（演出多め）"
"WEB-07602","AIサービス・スタートアップのサービスサイト（ネオン・サイバー・散らばった写真コラージュ）","プロ（演出多め）"
"WEB-07603","カフェ・ベーカリーのオウンドメディア・ブログ（ハンドメイド・手書き・ローディング演出→ロゴ→メインビジュアル）","プロ（演出多め）"
"WEB-07604","エステ・脱毛サロンの採用サイト（ラグジュアリー・高級感・フェード/ズームのスライドショー）","上級"
"WEB-07605","自動車・バイクのオウンドメディア・ブログ（ニューブルータリズム・全画面ループ動画）","プロ（演出多め）"
"WEB-07606","建築設計事務所のサービスサイト（エディトリアル・雑誌風・縦書きコピー＋余白）","プロ（演出多め）"
"WEB-07607","自動車・バイクのサービスサイト（エネルギッシュ・スポーティ・巨大コピー＋小さな写真）","プロ（演出多め）"
"WEB-07608","アパレル・ファッションECのコーポレートサイト（ニューブルータリズム・散らばった写真コラージュ）","上級"
"WEB-07609","不動産・マンションのコーポレートサイト（エディトリアル・雑誌風・スクロール連動のストーリー）","上級"
"WEB-07610","ウェディング・結婚相談所のサービスサイト（かわいい・ガーリー・フェード/ズームのスライドショー）","上級"
"WEB-07611","SaaS・BtoBツールのブランドサイト（ミニマル・洗練・画面2分割（写真｜コピー））","プロ（演出多め）"
"WEB-07612","占い・スピリチュアルのサービスサイト（ハンドメイド・手書き・3Dオブジェクト/ジェネラティブ背景）","プロ（演出多め）"
"WEB-07613","占い・スピリチュアルのオウンドメディア・ブログ（和モダン・縦書きコピー＋余白）","プロ（演出多め）"
"WEB-07614","NPO・地方自治体のブランドサイト（信頼・誠実（コーポレート）・散らばった写真コラージュ）","上級"
"WEB-07615","英会話・語学のコーポレートサイト（信頼・誠実（コーポレート）・散らばった写真コラージュ）","上級"
"WEB-07616","観光・地域プロモーションのオウンドメディア・ブログ（ハンドメイド・手書き・散らばった写真コラージュ）","プロ（演出多め）"
"WEB-07617","サウナ・温浴施設のコーポレートサイト（エネルギッシュ・スポーティ・縦書きコピー＋余白）","プロ（演出多め）"
"WEB-07618","採用・求人のコーポレートサイト（ハンドメイド・手書き・画面2分割（写真｜コピー））","プロ（演出多め）"
"WEB-07619","保育園・幼児教育・習い事のスクール・教室サイト（ラグジュアリー・高級感・全画面ループ動画）","プロ（演出多め）"
"WEB-07620","スマホアプリのオウンドメディア・ブログ（グラスモーフィズム・3Dオブジェクト/ジェネラティブ背景）","上級"
"WEB-07621","占い・スピリチュアルのサービスサイト（パステル・ドリーミー・フェード/ズームのスライドショー）","上級"
"WEB-07622","引越し・生活サービスの採用サイト（ハンドメイド・手書き・スクロール連動のストーリー）","プロ（演出多め）"
"WEB-07623","観光・地域プロモーションの採用サイト（ナチュラル・オーガニック・ローディング演出→ロゴ→メインビジュアル）","上級"
"WEB-07624","ウェディング・結婚相談所のオウンドメディア・ブログ（エディトリアル・雑誌風・縦書きコピー＋余白）","上級"
"WEB-07625","引越し・生活サービスのオウンドメディア・ブログ（3D・クレイ・全画面ループ動画）","プロ（演出多め）"
"WEB-07626","レストラン・居酒屋のブランドサイト（ダーク・シネマティック・巨大コピー＋小さな写真）","プロ（演出多め）"
"WEB-07627","Web制作・デザイン事務所のオウンドメディア・ブログ（ダーク・シネマティック・スクロール連動のストーリー）","プロ（演出多め）"
"WEB-07628","士業（税理士・弁護士・行政書士）の採用サイト（和モダン・縦書きコピー＋余白）","プロ（演出多め）"
"WEB-07629","スマホアプリのブランドサイト（クール・テック・画面2分割（写真｜コピー））","プロ（演出多め）"
"WEB-07630","サウナ・温浴施設の店舗サイト（飲食・美容・サロン）（パステル・ドリーミー・3Dオブジェクト/ジェネラティブ背景）","上級"
"WEB-07631","スマホアプリの採用サイト（ポップ・カラフル・全画面ループ動画）","プロ（演出多め）"
"WEB-07632","ヨガ・ピラティスのブランドサイト（パステル・ドリーミー・画面2分割（写真｜コピー））","プロ（演出多め）"
"WEB-07633","保育園・幼児教育・習い事のブランドサイト（かわいい・ガーリー・全画面ループ動画）","上級"
"WEB-07634","内科・クリニックのクリニック・医院サイト（ナチュラル・オーガニック・散らばった写真コラージュ）","プロ（演出多め）"
"WEB-07635","ゲーム・eスポーツのイベント・フェスサイト（エディトリアル・雑誌風・縦書きコピー＋余白）","プロ（演出多め）"
"WEB-07636","農業・地方の生産者のサービスサイト（ハンドメイド・手書き・3Dオブジェクト/ジェネラティブ背景）","プロ（演出多め）"
"WEB-07637","サウナ・温浴施設のホテル・旅館サイト（信頼・誠実（コーポレート）・画面2分割（写真｜コピー））","プロ（演出多め）"
"WEB-07638","カフェ・ベーカリーのサービスサイト（ナチュラル・オーガニック・画面2分割（写真｜コピー））","プロ（演出多め）"
"WEB-07639","食品・産直ECのECサイト（和モダン・ローディング演出→ロゴ→メインビジュアル）","プロ（演出多め）"
"WEB-07640","占い・スピリチュアルのコーポレートサイト（ダーク・シネマティック・画面2分割（写真｜コピー））","上級"
"WEB-07641","農業・地方の生産者の採用サイト（パステル・ドリーミー・散らばった写真コラージュ）","プロ（演出多め）"
"WEB-07642","AIサービス・スタートアップのオウンドメディア・ブログ（ミニマル・洗練・ローディング演出→ロゴ→メインビジュアル）","プロ（演出多め）"
"WEB-07643","金融・保険・投資の採用サイト（信頼・誠実（コーポレート）・縦書きコピー＋余白）","上級"
"WEB-07644","不動産・マンションのブランドサイト（ダーク・シネマティック・巨大コピー＋小さな写真）","プロ（演出多め）"
"WEB-07645","農業・地方の生産者のブランドサイト（和モダン・散らばった写真コラージュ）","上級"
"WEB-07646","建築設計事務所のポートフォリオ（個人/事務所）（エディトリアル・雑誌風・散らばった写真コラージュ）","上級"
"WEB-07647","ホテル・旅館のブランドサイト（和モダン・フェード/ズームのスライドショー）","プロ（演出多め）"
"WEB-07648","Web制作・デザイン事務所のポートフォリオ（個人/事務所）（ニューブルータリズム・散らばった写真コラージュ）","上級"
"WEB-07649","Web制作・デザイン事務所のブランドサイト（信頼・誠実（コーポレート）・スクロール連動のストーリー）","上級"
"WEB-07650","カフェ・ベーカリーのコーポレートサイト（ニューブルータリズム・巨大コピー＋小さな写真）","プロ（演出多め）"
"WEB-07651","YouTuber・インフルエンサーの採用サイト（ニューブルータリズム・画面2分割（写真｜コピー））","上級"
"WEB-07652","和菓子・スイーツの採用サイト（ナチュラル・オーガニック・フェード/ズームのスライドショー）","上級"
"WEB-07653","農業・地方の生産者のオウンドメディア・ブログ（ナチュラル・オーガニック・スクロール連動のストーリー）","プロ（演出多め）"
"WEB-07654","サウナ・温浴施設のブランドサイト（ナチュラル・オーガニック・巨大コピー＋小さな写真）","上級"
"WEB-07655","不動産・マンションのコーポレートサイト（パステル・ドリーミー・スクロール連動のストーリー）","上級"
"WEB-07656","ウェディング・結婚相談所の採用サイト（パステル・ドリーミー・ローディング演出→ロゴ→メインビジュアル）","上級"
"WEB-07657","金融・保険・投資の採用サイト（信頼・誠実（コーポレート）・画面2分割（写真｜コピー））","上級"
"WEB-07658","不動産・マンションのサービスサイト（信頼・誠実（コーポレート）・散らばった写真コラージュ）","プロ（演出多め）"
"WEB-07659","SaaS・BtoBツールのコーポレートサイト（北欧・ライフスタイル・3Dオブジェクト/ジェネラティブ背景）","プロ（演出多め）"
"WEB-07660","コスメ・スキンケアのコーポレートサイト（ラグジュアリー・高級感・縦書きコピー＋余白）","上級"
"WEB-07661","ゲーム・eスポーツのイベント・フェスサイト（ダーク・シネマティック・縦書きコピー＋余白）","プロ（演出多め）"
"WEB-07662","スクール・オンライン講座の採用サイト（クール・テック・縦書きコピー＋余白）","プロ（演出多め）"
"WEB-07663","カフェ・ベーカリーのオウンドメディア・ブログ（レトロ・Y2K・スクロール連動のストーリー）","プロ（演出多め）"
"WEB-07664","自動車・バイクのコーポレートサイト（ラグジュアリー・高級感・画面2分割（写真｜コピー））","プロ（演出多め）"
"WEB-07665","音楽・ライブ・イベントのコーポレートサイト（ネオン・サイバー・散らばった写真コラージュ）","プロ（演出多め）"
"WEB-07666","サウナ・温浴施設の店舗サイト（飲食・美容・サロン）（レトロ・Y2K・巨大コピー＋小さな写真）","プロ（演出多め）"
"WEB-07667","占い・スピリチュアルのコーポレートサイト（パステル・ドリーミー・散らばった写真コラージュ）","プロ（演出多め）"
"WEB-07668","スクール・オンライン講座のブランドサイト（ポップ・カラフル・ローディング演出→ロゴ→メインビジュアル）","プロ（演出多め）"
"WEB-07669","エステ・脱毛サロンの採用サイト（パステル・ドリーミー・スクロール連動のストーリー）","プロ（演出多め）"
"WEB-07670","スマホアプリのブランドサイト（3D・クレイ・ローディング演出→ロゴ→メインビジュアル）","プロ（演出多め）"
"WEB-07671","サウナ・温浴施設の採用サイト（レトロ・Y2K・散らばった写真コラージュ）","プロ（演出多め）"
"WEB-07672","AIサービス・スタートアップの採用サイト（ミニマル・洗練・全画面ループ動画）","上級"
"WEB-07673","工務店・注文住宅・リフォームの採用サイト（北欧・ライフスタイル・ローディング演出→ロゴ→メインビジュアル）","プロ（演出多め）"
"WEB-07674","士業（税理士・弁護士・行政書士）のブランドサイト（信頼・誠実（コーポレート）・巨大コピー＋小さな写真）","プロ（演出多め）"
"WEB-07675","サウナ・温浴施設のブランドサイト（ハンドメイド・手書き・散らばった写真コラージュ）","プロ（演出多め）"
"WEB-07676","士業（税理士・弁護士・行政書士）のコーポレートサイト（ミニマル・洗練・スクロール連動のストーリー）","プロ（演出多め）"
"WEB-07677","ウェディング・結婚相談所のオウンドメディア・ブログ（パステル・ドリーミー・ローディング演出→ロゴ→メインビジュアル）","プロ（演出多め）"
"WEB-07678","パーソナルジム・フィットネスの採用サイト（エネルギッシュ・スポーティ・ローディング演出→ロゴ→メインビジュアル）","上級"
"WEB-07679","音楽・ライブ・イベントのコーポレートサイト（ネオン・サイバー・画面2分割（写真｜コピー））","プロ（演出多め）"
"WEB-07680","農業・地方の生産者のオウンドメディア・ブログ（ナチュラル・オーガニック・フェード/ズームのスライドショー）","プロ（演出多め）"
"WEB-07681","パーソナルジム・フィットネスのコーポレートサイト（エネルギッシュ・スポーティ・ローディング演出→ロゴ→メインビジュアル）","上級"
"WEB-07682","ペット・トリミング・動物病院のオウンドメディア・ブログ（3D・クレイ・全画面ループ動画）","上級"
"WEB-07683","音楽・ライブ・イベントのコーポレートサイト（ダーク・シネマティック・スクロール連動のストーリー）","プロ（演出多め）"
"WEB-07684","金融・保険・投資のサービスサイト（クール・テック・全画面ループ動画）","プロ（演出多め）"
"WEB-07685","スクール・オンライン講座のコーポレートサイト（3D・クレイ・スクロール連動のストーリー）","プロ（演出多め）"
"WEB-07686","引越し・生活サービスのコーポレートサイト（3D・クレイ・フェード/ズームのスライドショー）","上級"
"WEB-07687","スマホアプリのブランドサイト（グラスモーフィズム・画面2分割（写真｜コピー））","プロ（演出多め）"
"WEB-07688","ホテル・旅館のホテル・旅館サイト（和モダン・ローディング演出→ロゴ→メインビジュアル）","プロ（演出多め）"
"WEB-07689","レストラン・居酒屋のオウンドメディア・ブログ（ラグジュアリー・高級感・3Dオブジェクト/ジェネラティブ背景）","プロ（演出多め）"
"WEB-07690","プログラミングスクールのオウンドメディア・ブログ（ジオメトリック・グラフィカル・巨大コピー＋小さな写真）","プロ（演出多め）"
"WEB-07691","不動産・マンションのオウンドメディア・ブログ（ポップ・カラフル・3Dオブジェクト/ジェネラティブ背景）","上級"
"WEB-07692","不動産・マンションのサービスサイト（かわいい・ガーリー・スクロール連動のストーリー）","上級"
"WEB-07693","不動産・マンションのコーポレートサイト（ラグジュアリー・高級感・3Dオブジェクト/ジェネラティブ背景）","上級"
"WEB-07694","金融・保険・投資の採用サイト（ミニマル・洗練・巨大コピー＋小さな写真）","プロ（演出多め）"
"WEB-07695","和菓子・スイーツのコーポレートサイト（パステル・ドリーミー・全画面ループ動画）","プロ（演出多め）"
"WEB-07696","引越し・生活サービスのサービスサイト（ポップ・カラフル・3Dオブジェクト/ジェネラティブ背景）","プロ（演出多め）"
"WEB-07697","クラウドファンディング・新商品の採用サイト（レトロ・Y2K・巨大コピー＋小さな写真）","プロ（演出多め）"
"WEB-07698","アパレル・ファッションECの採用サイト（エディトリアル・雑誌風・縦書きコピー＋余白）","プロ（演出多め）"
"WEB-07699","不動産・マンションの採用サイト（信頼・誠実（コーポレート）・スクロール連動のストーリー）","上級"
"WEB-07700","金融・保険・投資の採用サイト（信頼・誠実（コーポレート）・スクロール連動のストーリー）","プロ（演出多め）"
"WEB-07701","工務店・注文住宅・リフォームのコーポレートサイト（信頼・誠実（コーポレート）・全画面ループ動画）","プロ（演出多め）"
"WEB-07702","保育園・幼児教育・習い事のブランドサイト（ポップ・カラフル・ローディング演出→ロゴ→メインビジュアル）","プロ（演出多め）"
"WEB-07703","クラウドファンディング・新商品のブランドサイト（クール・テック・3Dオブジェクト/ジェネラティブ背景）","プロ（演出多め）"
"WEB-07704","建築設計事務所のオウンドメディア・ブログ（ミニマル・洗練・ローディング演出→ロゴ→メインビジュアル）","上級"
"WEB-07705","YouTuber・インフルエンサーの採用サイト（ネオン・サイバー・スクロール連動のストーリー）","プロ（演出多め）"
"WEB-07706","カフェ・ベーカリーのサービスサイト（エディトリアル・雑誌風・巨大コピー＋小さな写真）","プロ（演出多め）"
"WEB-07707","和菓子・スイーツのオウンドメディア・ブログ（ナチュラル・オーガニック・縦書きコピー＋余白）","プロ（演出多め）"
"WEB-07708","引越し・生活サービスのサービスサイト（信頼・誠実（コーポレート）・散らばった写真コラージュ）","プロ（演出多め）"
"WEB-07709","音楽・ライブ・イベントのブランドサイト（ダーク・シネマティック・スクロール連動のストーリー）","プロ（演出多め）"
"WEB-07710","ウェディング・結婚相談所のコーポレートサイト（かわいい・ガーリー・画面2分割（写真｜コピー））","上級"
"WEB-07711","観光・地域プロモーションのイベント・フェスサイト（ハンドメイド・手書き・3Dオブジェクト/ジェネラティブ背景）","プロ（演出多め）"
"WEB-07712","工務店・注文住宅・リフォームの採用サイト（パステル・ドリーミー・フェード/ズームのスライドショー）","プロ（演出多め）"
"WEB-07713","コンサル・コーチングのサービスサイト（信頼・誠実（コーポレート）・画面2分割（写真｜コピー））","上級"
"WEB-07714","美容室・ヘアサロンのオウンドメディア・ブログ（ラグジュアリー・高級感・巨大コピー＋小さな写真）","プロ（演出多め）"
"WEB-07715","英会話・語学の採用サイト（ポップ・カラフル・フェード/ズームのスライドショー）","上級"
"WEB-07716","保育園・幼児教育・習い事のブランドサイト（ハンドメイド・手書き・3Dオブジェクト/ジェネラティブ背景）","プロ（演出多め）"
"WEB-07717","サウナ・温浴施設のオウンドメディア・ブログ（レトロ・Y2K・巨大コピー＋小さな写真）","プロ（演出多め）"
"WEB-07718","YouTuber・インフルエンサーのブランドサイト（かわいい・ガーリー・散らばった写真コラージュ）","プロ（演出多め）"
"WEB-07719","採用・求人のサービスサイト（ポップ・カラフル・スクロール連動のストーリー）","上級"
"WEB-07720","観光・地域プロモーションのサービスサイト（ハンドメイド・手書き・ローディング演出→ロゴ→メインビジュアル）","上級"
"WEB-07721","スマホアプリのブランドサイト（エネルギッシュ・スポーティ・巨大コピー＋小さな写真）","上級"
"WEB-07722","パーソナルジム・フィットネスのブランドサイト（信頼・誠実（コーポレート）・縦書きコピー＋余白）","上級"
"WEB-07723","金融・保険・投資のコーポレートサイト（ミニマル・洗練・3Dオブジェクト/ジェネラティブ背景）","プロ（演出多め）"
"WEB-07724","AIサービス・スタートアップのブランドサイト（ミニマル・洗練・全画面ループ動画）","上級"
"WEB-07725","採用・求人の採用サイト（エネルギッシュ・スポーティ・巨大コピー＋小さな写真）","プロ（演出多め）"
"WEB-07726","ホテル・旅館のコーポレートサイト（ダーク・シネマティック・全画面ループ動画）","プロ（演出多め）"
"WEB-07727","ペット・トリミング・動物病院のブランドサイト（ハンドメイド・手書き・ローディング演出→ロゴ→メインビジュアル）","上級"
"WEB-07728","建築設計事務所のサービスサイト（ジオメトリック・グラフィカル・画面2分割（写真｜コピー））","プロ（演出多め）"
"WEB-07729","和菓子・スイーツの採用サイト（かわいい・ガーリー・巨大コピー＋小さな写真）","プロ（演出多め）"
"WEB-07730","スクール・オンライン講座の採用サイト（ポップ・カラフル・全画面ループ動画）","上級"
"WEB-07731","ヨガ・ピラティスのオウンドメディア・ブログ（ミニマル・洗練・ローディング演出→ロゴ→メインビジュアル）","上級"
"WEB-07732","プログラミングスクールのブランドサイト（ネオン・サイバー・縦書きコピー＋余白）","プロ（演出多め）"
"WEB-07733","自動車・バイクのコーポレートサイト（ダーク・シネマティック・ローディング演出→ロゴ→メインビジュアル）","上級"
"WEB-07734","ゲーム・eスポーツのコーポレートサイト（ダーク・シネマティック・フェード/ズームのスライドショー）","プロ（演出多め）"
"WEB-07735","食品・産直ECのオウンドメディア・ブログ（ハンドメイド・手書き・縦書きコピー＋余白）","プロ（演出多め）"
"WEB-07736","食品・産直ECの採用サイト（ハンドメイド・手書き・画面2分割（写真｜コピー））","上級"
"WEB-07737","食品・産直ECのサービスサイト（ポップ・カラフル・3Dオブジェクト/ジェネラティブ背景）","上級"
"WEB-07738","内科・クリニックのオウンドメディア・ブログ（信頼・誠実（コーポレート）・3Dオブジェクト/ジェネラティブ背景）","プロ（演出多め）"
"WEB-07739","カフェ・ベーカリーのブランドサイト（エディトリアル・雑誌風・巨大コピー＋小さな写真）","上級"
"WEB-07740","ペット・トリミング・動物病院のブランドサイト（ハンドメイド・手書き・散らばった写真コラージュ）","プロ（演出多め）"
"WEB-07741","スクール・オンライン講座の採用サイト（ポップ・カラフル・縦書きコピー＋余白）","上級"
"WEB-07742","美容室・ヘアサロンのサービスサイト（ミニマル・洗練・巨大コピー＋小さな写真）","プロ（演出多め）"
"WEB-07743","英会話・語学のスクール・教室サイト（信頼・誠実（コーポレート）・巨大コピー＋小さな写真）","プロ（演出多め）"
"WEB-07744","美容クリニックのブランドサイト（ミニマル・洗練・3Dオブジェクト/ジェネラティブ背景）","プロ（演出多め）"
"WEB-07745","引越し・生活サービスのブランドサイト（3D・クレイ・縦書きコピー＋余白）","プロ（演出多め）"
"WEB-07746","不動産・マンションのサービスサイト（3D・クレイ・画面2分割（写真｜コピー））","上級"
"WEB-07747","農業・地方の生産者のブランドサイト（ナチュラル・オーガニック・画面2分割（写真｜コピー））","上級"
"WEB-07748","スマホアプリのオウンドメディア・ブログ（ポップ・カラフル・全画面ループ動画）","プロ（演出多め）"
"WEB-07749","Web制作・デザイン事務所のブランドサイト（クール・テック・3Dオブジェクト/ジェネラティブ背景）","上級"
"WEB-07750","Web制作・デザイン事務所のコーポレートサイト（エディトリアル・雑誌風・縦書きコピー＋余白）","プロ（演出多め）"
"WEB-07751","士業（税理士・弁護士・行政書士）のオウンドメディア・ブログ（かわいい・ガーリー・3Dオブジェクト/ジェネラティブ背景）","プロ（演出多め）"
"WEB-07752","コスメ・スキンケアのサービスサイト（パステル・ドリーミー・縦書きコピー＋余白）","プロ（演出多め）"
"WEB-07753","英会話・語学のブランドサイト（3D・クレイ・スクロール連動のストーリー）","上級"
"WEB-07754","コンサル・コーチングの採用サイト（ミニマル・洗練・全画面ループ動画）","プロ（演出多め）"
"WEB-07755","カフェ・ベーカリーの採用サイト（エネルギッシュ・スポーティ・画面2分割（写真｜コピー））","上級"
"WEB-07756","コスメ・スキンケアのブランドサイト（パステル・ドリーミー・フェード/ズームのスライドショー）","プロ（演出多め）"
"WEB-07757","音楽・ライブ・イベントのブランドサイト（ニューブルータリズム・縦書きコピー＋余白）","上級"
"WEB-07758","英会話・語学のブランドサイト（3D・クレイ・3Dオブジェクト/ジェネラティブ背景）","プロ（演出多め）"
"WEB-07759","エステ・脱毛サロンのサービスサイト（ラグジュアリー・高級感・フェード/ズームのスライドショー）","プロ（演出多め）"
"WEB-07760","建築設計事務所のブランドサイト（3D・クレイ・ローディング演出→ロゴ→メインビジュアル）","プロ（演出多め）"
"WEB-07761","YouTuber・インフルエンサーのブランドサイト（ネオン・サイバー・縦書きコピー＋余白）","プロ（演出多め）"
"WEB-07762","採用・求人のサービスサイト（ポップ・カラフル・巨大コピー＋小さな写真）","プロ（演出多め）"
"WEB-07763","農業・地方の生産者のオウンドメディア・ブログ（ハンドメイド・手書き・巨大コピー＋小さな写真）","プロ（演出多め）"
"WEB-07764","和菓子・スイーツのオウンドメディア・ブログ（和モダン・全画面ループ動画）","プロ（演出多め）"
"WEB-07765","金融・保険・投資のオウンドメディア・ブログ（クール・テック・縦書きコピー＋余白）","プロ（演出多め）"
"WEB-07766","ヨガ・ピラティスのコーポレートサイト（パステル・ドリーミー・フェード/ズームのスライドショー）","プロ（演出多め）"
"WEB-07767","採用・求人のブランドサイト（エディトリアル・雑誌風・画面2分割（写真｜コピー））","上級"
"WEB-07768","コスメ・スキンケアのオウンドメディア・ブログ（かわいい・ガーリー・全画面ループ動画）","プロ（演出多め）"
"WEB-07769","占い・スピリチュアルのコーポレートサイト（パステル・ドリーミー・画面2分割（写真｜コピー））","プロ（演出多め）"
"WEB-07770","和菓子・スイーツのサービスサイト（和モダン・散らばった写真コラージュ）","上級"
"WEB-07771","士業（税理士・弁護士・行政書士）のサービスサイト（北欧・ライフスタイル・ローディング演出→ロゴ→メインビジュアル）","プロ（演出多め）"
"WEB-07772","アパレル・ファッションECのオウンドメディア・ブログ（ミニマル・洗練・フェード/ズームのスライドショー）","上級"
"WEB-07773","引越し・生活サービスのサービスサイト（ポップ・カラフル・画面2分割（写真｜コピー））","プロ（演出多め）"
"WEB-07774","レストラン・居酒屋の店舗サイト（飲食・美容・サロン）（ダーク・シネマティック・散らばった写真コラージュ）","プロ（演出多め）"
"WEB-07775","スクール・オンライン講座のブランドサイト（北欧・ライフスタイル・画面2分割（写真｜コピー））","プロ（演出多め）"
"WEB-07776","占い・スピリチュアルのオウンドメディア・ブログ（レトロ・Y2K・3Dオブジェクト/ジェネラティブ背景）","プロ（演出多め）"
"WEB-07777","和菓子・スイーツの店舗サイト（飲食・美容・サロン）（ダーク・シネマティック・縦書きコピー＋余白）","プロ（演出多め）"
"WEB-07778","不動産・マンションの採用サイト（ミニマル・洗練・ローディング演出→ロゴ→メインビジュアル）","上級"
"WEB-07779","Web制作・デザイン事務所のポートフォリオ（個人/事務所）（クール・テック・巨大コピー＋小さな写真）","プロ（演出多め）"
"WEB-07780","採用・求人の採用サイト（信頼・誠実（コーポレート）・全画面ループ動画）","プロ（演出多め）"
"WEB-07781","クラウドファンディング・新商品のオウンドメディア・ブログ（ナチュラル・オーガニック・画面2分割（写真｜コピー））","プロ（演出多め）"
"WEB-07782","ホテル・旅館のオウンドメディア・ブログ（ダーク・シネマティック・3Dオブジェクト/ジェネラティブ背景）","上級"
"WEB-07783","ホテル・旅館の採用サイト（ミニマル・洗練・スクロール連動のストーリー）","プロ（演出多め）"
"WEB-07784","ホテル・旅館のホテル・旅館サイト（ミニマル・洗練・スクロール連動のストーリー）","プロ（演出多め）"
"WEB-07785","プログラミングスクールのオウンドメディア・ブログ（ポップ・カラフル・スクロール連動のストーリー）","プロ（演出多め）"
"WEB-07786","美容クリニックの店舗サイト（飲食・美容・サロン）（信頼・誠実（コーポレート）・散らばった写真コラージュ）","プロ（演出多め）"
"WEB-07787","歯科医院のオウンドメディア・ブログ（信頼・誠実（コーポレート）・ローディング演出→ロゴ→メインビジュアル）","プロ（演出多め）"
"WEB-07788","自動車・バイクの採用サイト（クール・テック・画面2分割（写真｜コピー））","プロ（演出多め）"
"WEB-07789","引越し・生活サービスのコーポレートサイト（3D・クレイ・散らばった写真コラージュ）","プロ（演出多め）"
"WEB-07790","ゲーム・eスポーツの採用サイト（エネルギッシュ・スポーティ・縦書きコピー＋余白）","プロ（演出多め）"
"WEB-07791","金融・保険・投資の採用サイト（信頼・誠実（コーポレート）・画面2分割（写真｜コピー））","上級"
"WEB-07792","採用・求人のブランドサイト（エディトリアル・雑誌風・巨大コピー＋小さな写真）","上級"
"WEB-07793","ウェディング・結婚相談所のサービスサイト（かわいい・ガーリー・全画面ループ動画）","上級"
"WEB-07794","和菓子・スイーツのサービスサイト（和モダン・画面2分割（写真｜コピー））","プロ（演出多め）"
"WEB-07795","SaaS・BtoBツールのサービスサイト（3D・クレイ・散らばった写真コラージュ）","プロ（演出多め）"
"WEB-07796","ゲーム・eスポーツのオウンドメディア・ブログ（北欧・ライフスタイル・縦書きコピー＋余白）","プロ（演出多め）"
"WEB-07797","YouTuber・インフルエンサーの採用サイト（ニューブルータリズム・スクロール連動のストーリー）","プロ（演出多め）"
"WEB-07798","コスメ・スキンケアのサービスサイト（ナチュラル・オーガニック・ローディング演出→ロゴ→メインビジュアル）","プロ（演出多め）"
"WEB-07799","NPO・地方自治体のコーポレートサイト（ハンドメイド・手書き・画面2分割（写真｜コピー））","上級"
"WEB-07800","保育園・幼児教育・習い事のコーポレートサイト（ナチュラル・オーガニック・3Dオブジェクト/ジェネラティブ背景）","プロ（演出多め）"
"WEB-07801","内科・クリニックのオウンドメディア・ブログ（北欧・ライフスタイル・フェード/ズームのスライドショー）","上級"
"WEB-07802","和菓子・スイーツのECサイト（レトロ・Y2K・縦書きコピー＋余白）","上級"
"WEB-07803","士業（税理士・弁護士・行政書士）のコーポレートサイト（和モダン・ローディング演出→ロゴ→メインビジュアル）","上級"
"WEB-07804","不動産・マンションの採用サイト（信頼・誠実（コーポレート）・スクロール連動のストーリー）","プロ（演出多め）"
"WEB-07805","サウナ・温浴施設の店舗サイト（飲食・美容・サロン）（レトロ・Y2K・3Dオブジェクト/ジェネラティブ背景）","上級"
"WEB-07806","エステ・脱毛サロンの採用サイト（パステル・ドリーミー・フェード/ズームのスライドショー）","プロ（演出多め）"
"WEB-07807","Web制作・デザイン事務所の採用サイト（クール・テック・全画面ループ動画）","プロ（演出多め）"
"WEB-07808","金融・保険・投資のサービスサイト（ミニマル・洗練・3Dオブジェクト/ジェネラティブ背景）","上級"
"WEB-07809","占い・スピリチュアルのオウンドメディア・ブログ（ラグジュアリー・高級感・巨大コピー＋小さな写真）","プロ（演出多め）"
"WEB-07810","NPO・地方自治体のコーポレートサイト（ハンドメイド・手書き・スクロール連動のストーリー）","プロ（演出多め）"
"WEB-07811","コンサル・コーチングの採用サイト（ラグジュアリー・高級感・巨大コピー＋小さな写真）","上級"
"WEB-07812","自動車・バイクのブランドサイト（エネルギッシュ・スポーティ・全画面ループ動画）","上級"
"WEB-07813","コンサル・コーチングの採用サイト（ミニマル・洗練・画面2分割（写真｜コピー））","プロ（演出多め）"
"WEB-07814","レストラン・居酒屋の店舗サイト（飲食・美容・サロン）（レトロ・Y2K・巨大コピー＋小さな写真）","上級"
"WEB-07815","英会話・語学の採用サイト（ジオメトリック・グラフィカル・全画面ループ動画）","プロ（演出多め）"
"WEB-07816","パーソナルジム・フィットネスの採用サイト（ダーク・シネマティック・ローディング演出→ロゴ→メインビジュアル）","上級"
"WEB-07817","AIサービス・スタートアップのサービスサイト（クール・テック・3Dオブジェクト/ジェネラティブ背景）","プロ（演出多め）"
"WEB-07818","観光・地域プロモーションの採用サイト（ハンドメイド・手書き・縦書きコピー＋余白）","上級"
"WEB-07819","コスメ・スキンケアのコーポレートサイト（ナチュラル・オーガニック・縦書きコピー＋余白）","プロ（演出多め）"
"WEB-07820","引越し・生活サービスのコーポレートサイト（ポップ・カラフル・巨大コピー＋小さな写真）","上級"
"WEB-07821","ゲーム・eスポーツのブランドサイト（ネオン・サイバー・ローディング演出→ロゴ→メインビジュアル）","上級"
"WEB-07822","Web制作・デザイン事務所のオウンドメディア・ブログ（ハンドメイド・手書き・画面2分割（写真｜コピー））","プロ（演出多め）"
"WEB-07823","占い・スピリチュアルのサービスサイト（ラグジュアリー・高級感・巨大コピー＋小さな写真）","プロ（演出多め）"
"WEB-07824","食品・産直ECのオウンドメディア・ブログ（和モダン・3Dオブジェクト/ジェネラティブ背景）","プロ（演出多め）"
"WEB-07825","ヨガ・ピラティスのオウンドメディア・ブログ（北欧・ライフスタイル・画面2分割（写真｜コピー））","プロ（演出多め）"
"WEB-07826","占い・スピリチュアルの採用サイト（和モダン・フェード/ズームのスライドショー）","上級"
"WEB-07827","プログラミングスクールのスクール・教室サイト（ラグジュアリー・高級感・散らばった写真コラージュ）","プロ（演出多め）"
"WEB-07828","ヨガ・ピラティスのサービスサイト（ナチュラル・オーガニック・ローディング演出→ロゴ→メインビジュアル）","上級"
"WEB-07829","農業・地方の生産者のオウンドメディア・ブログ（ハンドメイド・手書き・スクロール連動のストーリー）","プロ（演出多め）"
"WEB-07830","プログラミングスクールのオウンドメディア・ブログ（ポップ・カラフル・フェード/ズームのスライドショー）","上級"
"WEB-07831","NPO・地方自治体のブランドサイト（ナチュラル・オーガニック・スクロール連動のストーリー）","プロ（演出多め）"
"WEB-07832","歯科医院のコーポレートサイト（ネオン・サイバー・巨大コピー＋小さな写真）","上級"
"WEB-07833","カフェ・ベーカリーの採用サイト（ネオン・サイバー・3Dオブジェクト/ジェネラティブ背景）","上級"
"WEB-07834","YouTuber・インフルエンサーのオウンドメディア・ブログ（かわいい・ガーリー・縦書きコピー＋余白）","プロ（演出多め）"
"WEB-07835","エステ・脱毛サロンのコーポレートサイト（ミニマル・洗練・散らばった写真コラージュ）","プロ（演出多め）"
"WEB-07836","食品・産直ECのサービスサイト（ポップ・カラフル・巨大コピー＋小さな写真）","プロ（演出多め）"
"WEB-07837","AIサービス・スタートアップの採用サイト（ネオン・サイバー・ローディング演出→ロゴ→メインビジュアル）","プロ（演出多め）"
"WEB-07838","コンサル・コーチングのオウンドメディア・ブログ（エディトリアル・雑誌風・スクロール連動のストーリー）","プロ（演出多め）"
"WEB-07839","ゲーム・eスポーツのブランドサイト（ダーク・シネマティック・画面2分割（写真｜コピー））","上級"
"WEB-07840","ゲーム・eスポーツの採用サイト（ネオン・サイバー・スクロール連動のストーリー）","プロ（演出多め）"
"WEB-07841","金融・保険・投資のブランドサイト（クール・テック・フェード/ズームのスライドショー）","上級"
"WEB-07842","美容クリニックのクリニック・医院サイト（ミニマル・洗練・スクロール連動のストーリー）","プロ（演出多め）"
"WEB-07843","クラウドファンディング・新商品のブランドサイト（ナチュラル・オーガニック・スクロール連動のストーリー）","プロ（演出多め）"
"WEB-07844","ゲーム・eスポーツのオウンドメディア・ブログ（グラスモーフィズム・3Dオブジェクト/ジェネラティブ背景）","上級"
"WEB-07845","NPO・地方自治体のイベント・フェスサイト（ジオメトリック・グラフィカル・全画面ループ動画）","プロ（演出多め）"
"WEB-07846","AIサービス・スタートアップのコーポレートサイト（ナチュラル・オーガニック・画面2分割（写真｜コピー））","プロ（演出多め）"
"WEB-07847","金融・保険・投資のオウンドメディア・ブログ（グラスモーフィズム・3Dオブジェクト/ジェネラティブ背景）","上級"
"WEB-07848","アパレル・ファッションECのECサイト（ミニマル・洗練・縦書きコピー＋余白）","プロ（演出多め）"
"WEB-07849","引越し・生活サービスのブランドサイト（3D・クレイ・散らばった写真コラージュ）","プロ（演出多め）"
"WEB-07850","建築設計事務所の採用サイト（クール・テック・縦書きコピー＋余白）","プロ（演出多め）"
"WEB-07851","引越し・生活サービスの採用サイト（信頼・誠実（コーポレート）・ローディング演出→ロゴ→メインビジュアル）","プロ（演出多め）"
"WEB-07852","和菓子・スイーツのブランドサイト（パステル・ドリーミー・巨大コピー＋小さな写真）","プロ（演出多め）"
"WEB-07853","スマホアプリのオウンドメディア・ブログ（グラスモーフィズム・スクロール連動のストーリー）","プロ（演出多め）"
"WEB-07854","パーソナルジム・フィットネスのコーポレートサイト（クール・テック・巨大コピー＋小さな写真）","プロ（演出多め）"
"WEB-07855","AIサービス・スタートアップの採用サイト（ネオン・サイバー・散らばった写真コラージュ）","上級"
"WEB-07856","スクール・オンライン講座のブランドサイト（ジオメトリック・グラフィカル・3Dオブジェクト/ジェネラティブ背景）","プロ（演出多め）"
"WEB-07857","コスメ・スキンケアのオウンドメディア・ブログ（ミニマル・洗練・ローディング演出→ロゴ→メインビジュアル）","上級"
"WEB-07858","SaaS・BtoBツールのオウンドメディア・ブログ（グラスモーフィズム・巨大コピー＋小さな写真）","プロ（演出多め）"
"WEB-07859","工務店・注文住宅・リフォームのオウンドメディア・ブログ（ミニマル・洗練・フェード/ズームのスライドショー）","プロ（演出多め）"
"WEB-07860","和菓子・スイーツの店舗サイト（飲食・美容・サロン）（パステル・ドリーミー・散らばった写真コラージュ）","上級"
"WEB-07861","自動車・バイクのコーポレートサイト（ラグジュアリー・高級感・3Dオブジェクト/ジェネラティブ背景）","プロ（演出多め）"
"WEB-07862","アパレル・ファッションECのECサイト（エディトリアル・雑誌風・巨大コピー＋小さな写真）","プロ（演出多め）"
"WEB-07863","食品・産直ECのブランドサイト（和モダン・全画面ループ動画）","プロ（演出多め）"
"WEB-07864","英会話・語学のコーポレートサイト（3D・クレイ・全画面ループ動画）","プロ（演出多め）"
"WEB-07865","士業（税理士・弁護士・行政書士）のサービスサイト（和モダン・縦書きコピー＋余白）","プロ（演出多め）"
"WEB-07866","Web制作・デザイン事務所のサービスサイト（ニューブルータリズム・散らばった写真コラージュ）","プロ（演出多め）"
"WEB-07867","農業・地方の生産者の採用サイト（グラスモーフィズム・画面2分割（写真｜コピー））","プロ（演出多め）"
"WEB-07868","コスメ・スキンケアの採用サイト（ラグジュアリー・高級感・フェード/ズームのスライドショー）","上級"
"WEB-07869","スマホアプリの採用サイト（3D・クレイ・ローディング演出→ロゴ→メインビジュアル）","プロ（演出多め）"
"WEB-07870","音楽・ライブ・イベントのサービスサイト（ダーク・シネマティック・全画面ループ動画）","プロ（演出多め）"
"WEB-07871","ゲーム・eスポーツのコーポレートサイト（レトロ・Y2K・スクロール連動のストーリー）","プロ（演出多め）"
"WEB-07872","サウナ・温浴施設のコーポレートサイト（グラスモーフィズム・ローディング演出→ロゴ→メインビジュアル）","プロ（演出多め）"
"WEB-07873","クラウドファンディング・新商品のサービスサイト（ナチュラル・オーガニック・全画面ループ動画）","プロ（演出多め）"
"WEB-07874","美容室・ヘアサロンのコーポレートサイト（ミニマル・洗練・画面2分割（写真｜コピー））","上級"
"WEB-07875","金融・保険・投資のオウンドメディア・ブログ（ミニマル・洗練・ローディング演出→ロゴ→メインビジュアル）","上級"
"WEB-07876","美容室・ヘアサロンのオウンドメディア・ブログ（かわいい・ガーリー・全画面ループ動画）","上級"
"WEB-07877","採用・求人のコーポレートサイト（信頼・誠実（コーポレート）・散らばった写真コラージュ）","プロ（演出多め）"
"WEB-07878","コスメ・スキンケアのECサイト（和モダン・全画面ループ動画）","プロ（演出多め）"
"WEB-07879","占い・スピリチュアルのコーポレートサイト（レトロ・Y2K・スクロール連動のストーリー）","プロ（演出多め）"
"WEB-07880","美容室・ヘアサロンのコーポレートサイト（エディトリアル・雑誌風・スクロール連動のストーリー）","プロ（演出多め）"
"WEB-07881","英会話・語学の採用サイト（ポップ・カラフル・全画面ループ動画）","プロ（演出多め）"
"WEB-07882","食品・産直ECのブランドサイト（ナチュラル・オーガニック・フェード/ズームのスライドショー）","プロ（演出多め）"
"WEB-07883","採用・求人のコーポレートサイト（信頼・誠実（コーポレート）・フェード/ズームのスライドショー）","プロ（演出多め）"
"WEB-07884","自動車・バイクのサービスサイト（ラグジュアリー・高級感・縦書きコピー＋余白）","上級"
"WEB-07885","スマホアプリのオウンドメディア・ブログ（グラスモーフィズム・画面2分割（写真｜コピー））","プロ（演出多め）"
"WEB-07886","工務店・注文住宅・リフォームのサービスサイト（ミニマル・洗練・全画面ループ動画）","プロ（演出多め）"
"WEB-07887","ゲーム・eスポーツのイベント・フェスサイト（レトロ・Y2K・スクロール連動のストーリー）","上級"
"WEB-07888","占い・スピリチュアルのコーポレートサイト（エネルギッシュ・スポーティ・3Dオブジェクト/ジェネラティブ背景）","プロ（演出多め）"
"WEB-07889","金融・保険・投資のオウンドメディア・ブログ（信頼・誠実（コーポレート）・スクロール連動のストーリー）","上級"
"WEB-07890","カフェ・ベーカリーの採用サイト（北欧・ライフスタイル・画面2分割（写真｜コピー））","プロ（演出多め）"
"WEB-07891","士業（税理士・弁護士・行政書士）のサービスサイト（和モダン・散らばった写真コラージュ）","上級"
"WEB-07892","エステ・脱毛サロンのサービスサイト（かわいい・ガーリー・スクロール連動のストーリー）","プロ（演出多め）"
"WEB-07893","AIサービス・スタートアップのサービスサイト（グラスモーフィズム・散らばった写真コラージュ）","プロ（演出多め）"
"WEB-07894","ヨガ・ピラティスのオウンドメディア・ブログ（北欧・ライフスタイル・ローディング演出→ロゴ→メインビジュアル）","プロ（演出多め）"
"WEB-07895","音楽・ライブ・イベントの採用サイト（ダーク・シネマティック・3Dオブジェクト/ジェネラティブ背景）","上級"
"WEB-07896","YouTuber・インフルエンサーのブランドサイト（ポップ・カラフル・スクロール連動のストーリー）","プロ（演出多め）"
"WEB-07897","内科・クリニックのコーポレートサイト（信頼・誠実（コーポレート）・スクロール連動のストーリー）","プロ（演出多め）"
"WEB-07898","採用・求人のオウンドメディア・ブログ（ジオメトリック・グラフィカル・フェード/ズームのスライドショー）","プロ（演出多め）"
"WEB-07899","工務店・注文住宅・リフォームのコーポレートサイト（信頼・誠実（コーポレート）・画面2分割（写真｜コピー））","上級"
"WEB-07900","不動産・マンションのサービスサイト（ダーク・シネマティック・3Dオブジェクト/ジェネラティブ背景）","上級"
"WEB-07901","歯科医院のオウンドメディア・ブログ（信頼・誠実（コーポレート）・全画面ループ動画）","プロ（演出多め）"
"WEB-07902","AIサービス・スタートアップの採用サイト（グラスモーフィズム・巨大コピー＋小さな写真）","プロ（演出多め）"
"WEB-07903","カフェ・ベーカリーのブランドサイト（エディトリアル・雑誌風・フェード/ズームのスライドショー）","上級"
"WEB-07904","音楽・ライブ・イベントのオウンドメディア・ブログ（レトロ・Y2K・ローディング演出→ロゴ→メインビジュアル）","上級"
"WEB-07905","金融・保険・投資のコーポレートサイト（ミニマル・洗練・スクロール連動のストーリー）","上級"
"WEB-07906","ゲーム・eスポーツのサービスサイト（ダーク・シネマティック・スクロール連動のストーリー）","上級"
"WEB-07907","保育園・幼児教育・習い事の採用サイト（ハンドメイド・手書き・ローディング演出→ロゴ→メインビジュアル）","プロ（演出多め）"
"WEB-07908","保育園・幼児教育・習い事のオウンドメディア・ブログ（ハンドメイド・手書き・フェード/ズームのスライドショー）","上級"
"WEB-07909","ゲーム・eスポーツのブランドサイト（パステル・ドリーミー・画面2分割（写真｜コピー））","プロ（演出多め）"
"WEB-07910","工務店・注文住宅・リフォームのブランドサイト（北欧・ライフスタイル・巨大コピー＋小さな写真）","プロ（演出多め）"
"WEB-07911","エステ・脱毛サロンの店舗サイト（飲食・美容・サロン）（パステル・ドリーミー・巨大コピー＋小さな写真）","プロ（演出多め）"
"WEB-07912","プログラミングスクールの採用サイト（ポップ・カラフル・3Dオブジェクト/ジェネラティブ背景）","プロ（演出多め）"
"WEB-07913","美容クリニックのコーポレートサイト（信頼・誠実（コーポレート）・ローディング演出→ロゴ→メインビジュアル）","上級"
"WEB-07914","美容クリニックのサービスサイト（ミニマル・洗練・スクロール連動のストーリー）","プロ（演出多め）"
"WEB-07915","スクール・オンライン講座のサービスサイト（信頼・誠実（コーポレート）・3Dオブジェクト/ジェネラティブ背景）","プロ（演出多め）"
"WEB-07916","クラウドファンディング・新商品のコーポレートサイト（クール・テック・3Dオブジェクト/ジェネラティブ背景）","上級"
"WEB-07917","保育園・幼児教育・習い事の採用サイト（ナチュラル・オーガニック・画面2分割（写真｜コピー））","上級"
"WEB-07918","和菓子・スイーツのオウンドメディア・ブログ（かわいい・ガーリー・巨大コピー＋小さな写真）","プロ（演出多め）"
"WEB-07919","食品・産直ECのコーポレートサイト（ナチュラル・オーガニック・散らばった写真コラージュ）","プロ（演出多め）"
"WEB-07920","ホテル・旅館のコーポレートサイト（ナチュラル・オーガニック・散らばった写真コラージュ）","プロ（演出多め）"
"WEB-07921","保育園・幼児教育・習い事のスクール・教室サイト（ポップ・カラフル・スクロール連動のストーリー）","プロ（演出多め）"
"WEB-07922","占い・スピリチュアルのサービスサイト（パステル・ドリーミー・全画面ループ動画）","プロ（演出多め）"
"WEB-07923","ホテル・旅館の採用サイト（和モダン・縦書きコピー＋余白）","上級"
"WEB-07924","和菓子・スイーツのECサイト（パステル・ドリーミー・巨大コピー＋小さな写真）","プロ（演出多め）"
"WEB-07925","Web制作・デザイン事務所のサービスサイト（ダーク・シネマティック・縦書きコピー＋余白）","プロ（演出多め）"
"WEB-07926","保育園・幼児教育・習い事の採用サイト（かわいい・ガーリー・全画面ループ動画）","プロ（演出多め）"
"WEB-07927","カフェ・ベーカリーのオウンドメディア・ブログ（ハンドメイド・手書き・散らばった写真コラージュ）","プロ（演出多め）"
"WEB-07928","食品・産直ECのブランドサイト（ナチュラル・オーガニック・全画面ループ動画）","上級"
"WEB-07929","美容室・ヘアサロンの採用サイト（エディトリアル・雑誌風・フェード/ズームのスライドショー）","プロ（演出多め）"
"WEB-07930","英会話・語学のコーポレートサイト（ジオメトリック・グラフィカル・スクロール連動のストーリー）","プロ（演出多め）"
"WEB-07931","ペット・トリミング・動物病院のオウンドメディア・ブログ（ナチュラル・オーガニック・巨大コピー＋小さな写真）","上級"
"WEB-07932","スマホアプリのブランドサイト（グラスモーフィズム・巨大コピー＋小さな写真）","プロ（演出多め）"
"WEB-07933","コスメ・スキンケアのECサイト（パステル・ドリーミー・全画面ループ動画）","プロ（演出多め）"
"WEB-07934","レストラン・居酒屋のサービスサイト（ラグジュアリー・高級感・縦書きコピー＋余白）","プロ（演出多め）"
"WEB-07935","スクール・オンライン講座のサービスサイト（ポップ・カラフル・画面2分割（写真｜コピー））","プロ（演出多め）"
"WEB-07936","建築設計事務所のオウンドメディア・ブログ（エディトリアル・雑誌風・縦書きコピー＋余白）","上級"
"WEB-07937","ゲーム・eスポーツのオウンドメディア・ブログ（ダーク・シネマティック・3Dオブジェクト/ジェネラティブ背景）","上級"
"WEB-07938","食品・産直ECのサービスサイト（ナチュラル・オーガニック・スクロール連動のストーリー）","プロ（演出多め）"
"WEB-07939","Web制作・デザイン事務所のサービスサイト（エディトリアル・雑誌風・縦書きコピー＋余白）","上級"
"WEB-07940","SaaS・BtoBツールのサービスサイト（信頼・誠実（コーポレート）・3Dオブジェクト/ジェネラティブ背景）","プロ（演出多め）"
"WEB-07941","SaaS・BtoBツールのコーポレートサイト（ミニマル・洗練・縦書きコピー＋余白）","プロ（演出多め）"
"WEB-07942","AIサービス・スタートアップのブランドサイト（ラグジュアリー・高級感・ローディング演出→ロゴ→メインビジュアル）","プロ（演出多め）"
"WEB-07943","ホテル・旅館のサービスサイト（ミニマル・洗練・フェード/ズームのスライドショー）","プロ（演出多め）"
"WEB-07944","工務店・注文住宅・リフォームのサービスサイト（北欧・ライフスタイル・画面2分割（写真｜コピー））","上級"
"WEB-07945","工務店・注文住宅・リフォームのブランドサイト（ナチュラル・オーガニック・3Dオブジェクト/ジェネラティブ背景）","プロ（演出多め）"
"WEB-07946","アパレル・ファッションECの採用サイト（エディトリアル・雑誌風・画面2分割（写真｜コピー））","プロ（演出多め）"
"WEB-07947","Web制作・デザイン事務所のブランドサイト（ポップ・カラフル・ローディング演出→ロゴ→メインビジュアル）","プロ（演出多め）"
"WEB-07948","プログラミングスクールのサービスサイト（ネオン・サイバー・ローディング演出→ロゴ→メインビジュアル）","プロ（演出多め）"
"WEB-07949","英会話・語学の採用サイト（ジオメトリック・グラフィカル・フェード/ズームのスライドショー）","プロ（演出多め）"
"WEB-07950","士業（税理士・弁護士・行政書士）のコーポレートサイト（和モダン・スクロール連動のストーリー）","上級"
"WEB-07951","内科・クリニックのサービスサイト（グラスモーフィズム・全画面ループ動画）","上級"
"WEB-07952","不動産・マンションの採用サイト（信頼・誠実（コーポレート）・3Dオブジェクト/ジェネラティブ背景）","プロ（演出多め）"
"WEB-07953","農業・地方の生産者の自治体・観光協会サイト（ハンドメイド・手書き・3Dオブジェクト/ジェネラティブ背景）","上級"
"WEB-07954","スマホアプリの採用サイト（クール・テック・全画面ループ動画）","上級"
"WEB-07955","SaaS・BtoBツールの採用サイト（3D・クレイ・縦書きコピー＋余白）","上級"
"WEB-07956","ゲーム・eスポーツのサービスサイト（ネオン・サイバー・ローディング演出→ロゴ→メインビジュアル）","上級"
"WEB-07957","観光・地域プロモーションのホテル・旅館サイト（レトロ・Y2K・スクロール連動のストーリー）","上級"
"WEB-07958","士業（税理士・弁護士・行政書士）のオウンドメディア・ブログ（信頼・誠実（コーポレート）・ローディング演出→ロゴ→メインビジュアル）","プロ（演出多め）"
"WEB-07959","歯科医院のクリニック・医院サイト（ナチュラル・オーガニック・縦書きコピー＋余白）","プロ（演出多め）"
"WEB-07960","コンサル・コーチングのポートフォリオ（個人/事務所）（ラグジュアリー・高級感・巨大コピー＋小さな写真）","プロ（演出多め）"
"WEB-07961","不動産・マンションのブランドサイト（ダーク・シネマティック・散らばった写真コラージュ）","上級"
"WEB-07962","ウェディング・結婚相談所のオウンドメディア・ブログ（ミニマル・洗練・縦書きコピー＋余白）","上級"
"WEB-07963","不動産・マンションのサービスサイト（信頼・誠実（コーポレート）・ローディング演出→ロゴ→メインビジュアル）","上級"
"WEB-07964","YouTuber・インフルエンサーのイベント・フェスサイト（ハンドメイド・手書き・全画面ループ動画）","プロ（演出多め）"
"WEB-07965","美容室・ヘアサロンのポートフォリオ（個人/事務所）（ミニマル・洗練・スクロール連動のストーリー）","プロ（演出多め）"
"WEB-07966","自動車・バイクのブランドサイト（エネルギッシュ・スポーティ・全画面ループ動画）","上級"
"WEB-07967","美容クリニックのオウンドメディア・ブログ（ミニマル・洗練・スクロール連動のストーリー）","上級"
"WEB-07968","YouTuber・インフルエンサーのサービスサイト（かわいい・ガーリー・散らばった写真コラージュ）","上級"
"WEB-07969","音楽・ライブ・イベントのコーポレートサイト（ダーク・シネマティック・縦書きコピー＋余白）","上級"
"WEB-07970","ホテル・旅館の採用サイト（和モダン・巨大コピー＋小さな写真）","上級"
"WEB-07971","パーソナルジム・フィットネスのブランドサイト（ダーク・シネマティック・スクロール連動のストーリー）","プロ（演出多め）"
"WEB-07972","レストラン・居酒屋のブランドサイト（ラグジュアリー・高級感・3Dオブジェクト/ジェネラティブ背景）","上級"
"WEB-07973","Web制作・デザイン事務所のサービスサイト（ジオメトリック・グラフィカル・フェード/ズームのスライドショー）","上級"
"WEB-07974","保育園・幼児教育・習い事のオウンドメディア・ブログ（ナチュラル・オーガニック・散らばった写真コラージュ）","プロ（演出多め）"
"WEB-07975","YouTuber・インフルエンサーの採用サイト（ネオン・サイバー・縦書きコピー＋余白）","上級"
"WEB-07976","音楽・ライブ・イベントの採用サイト（ダーク・シネマティック・3Dオブジェクト/ジェネラティブ背景）","プロ（演出多め）"
"WEB-07977","美容クリニックのサービスサイト（信頼・誠実（コーポレート）・縦書きコピー＋余白）","プロ（演出多め）"
"WEB-07978","Web制作・デザイン事務所の採用サイト（ジオメトリック・グラフィカル・画面2分割（写真｜コピー））","上級"
"WEB-07979","建築設計事務所のコーポレートサイト（ジオメトリック・グラフィカル・巨大コピー＋小さな写真）","上級"
"WEB-07980","建築設計事務所の採用サイト（ジオメトリック・グラフィカル・フェード/ズームのスライドショー）","上級"
"WEB-07981","食品・産直ECのコーポレートサイト（ポップ・カラフル・ローディング演出→ロゴ→メインビジュアル）","上級"
"WEB-07982","プログラミングスクールのオウンドメディア・ブログ（3D・クレイ・巨大コピー＋小さな写真）","上級"
"WEB-07983","美容室・ヘアサロンのポートフォリオ（個人/事務所）（北欧・ライフスタイル・散らばった写真コラージュ）","上級"
"WEB-07984","不動産・マンションのサービスサイト（和モダン・散らばった写真コラージュ）","プロ（演出多め）"
"WEB-07985","士業（税理士・弁護士・行政書士）のサービスサイト（ニューブルータリズム・巨大コピー＋小さな写真）","プロ（演出多め）"
"WEB-07986","食品・産直ECのオウンドメディア・ブログ（かわいい・ガーリー・3Dオブジェクト/ジェネラティブ背景）","上級"
"WEB-07987","レストラン・居酒屋のサービスサイト（レトロ・Y2K・フェード/ズームのスライドショー）","プロ（演出多め）"
"WEB-07988","美容クリニックのクリニック・医院サイト（ネオン・サイバー・全画面ループ動画）","プロ（演出多め）"
"WEB-07989","美容クリニックのコーポレートサイト（信頼・誠実（コーポレート）・縦書きコピー＋余白）","上級"
"WEB-07990","観光・地域プロモーションの採用サイト（ダーク・シネマティック・3Dオブジェクト/ジェネラティブ背景）","プロ（演出多め）"
"WEB-07991","カフェ・ベーカリーのブランドサイト（レトロ・Y2K・3Dオブジェクト/ジェネラティブ背景）","上級"
"WEB-07992","ゲーム・eスポーツのサービスサイト（レトロ・Y2K・画面2分割（写真｜コピー））","プロ（演出多め）"
"WEB-07993","美容クリニックのクリニック・医院サイト（ネオン・サイバー・縦書きコピー＋余白）","プロ（演出多め）"
"WEB-07994","建築設計事務所のコーポレートサイト（エディトリアル・雑誌風・スクロール連動のストーリー）","上級"
"WEB-07995","コンサル・コーチングのサービスサイト（ミニマル・洗練・縦書きコピー＋余白）","プロ（演出多め）"
"WEB-07996","士業（税理士・弁護士・行政書士）のサービスサイト（和モダン・巨大コピー＋小さな写真）","上級"
"WEB-07997","ウェディング・結婚相談所のコーポレートサイト（パステル・ドリーミー・3Dオブジェクト/ジェネラティブ背景）","プロ（演出多め）"
"WEB-07998","音楽・ライブ・イベントのコーポレートサイト（ナチュラル・オーガニック・画面2分割（写真｜コピー））","上級"
"WEB-07999","食品・産直ECのECサイト（ナチュラル・オーガニック・画面2分割（写真｜コピー））","上級"
"WEB-08000","スマホアプリのオウンドメディア・ブログ（クール・テック・縦書きコピー＋余白）","上級"
"WEB-08001","YouTuber・インフルエンサーのポートフォリオ（個人/事務所）（和モダン・縦書きコピー＋余白）","プロ（演出多め）"
"WEB-08002","クラウドファンディング・新商品のオウンドメディア・ブログ（ポップ・カラフル・スクロール連動のストーリー）","プロ（演出多め）"
"WEB-08003","金融・保険・投資のオウンドメディア・ブログ（ミニマル・洗練・ローディング演出→ロゴ→メインビジュアル）","上級"
"WEB-08004","クラウドファンディング・新商品のブランドサイト（ナチュラル・オーガニック・散らばった写真コラージュ）","プロ（演出多め）"
"WEB-08005","クラウドファンディング・新商品のECサイト（パステル・ドリーミー・画面2分割（写真｜コピー））","上級"
"WEB-08006","士業（税理士・弁護士・行政書士）の採用サイト（信頼・誠実（コーポレート）・縦書きコピー＋余白）","プロ（演出多め）"
"WEB-08007","美容クリニックの店舗サイト（飲食・美容・サロン）（信頼・誠実（コーポレート）・全画面ループ動画）","プロ（演出多め）"
"WEB-08008","ヨガ・ピラティスのブランドサイト（ナチュラル・オーガニック・散らばった写真コラージュ）","プロ（演出多め）"
"WEB-08009","カフェ・ベーカリーの採用サイト（ハンドメイド・手書き・全画面ループ動画）","プロ（演出多め）"
"WEB-08010","スクール・オンライン講座のオウンドメディア・ブログ（クール・テック・全画面ループ動画）","プロ（演出多め）"
"WEB-08011","美容クリニックの採用サイト（信頼・誠実（コーポレート）・散らばった写真コラージュ）","プロ（演出多め）"
"WEB-08012","ゲーム・eスポーツのオウンドメディア・ブログ（エネルギッシュ・スポーティ・画面2分割（写真｜コピー））","プロ（演出多め）"
"WEB-08013","アパレル・ファッションECのブランドサイト（和モダン・ローディング演出→ロゴ→メインビジュアル）","上級"
"WEB-08014","士業（税理士・弁護士・行政書士）のオウンドメディア・ブログ（ミニマル・洗練・フェード/ズームのスライドショー）","上級"
"WEB-08015","NPO・地方自治体の自治体・観光協会サイト（和モダン・フェード/ズームのスライドショー）","上級"
"WEB-08016","歯科医院のオウンドメディア・ブログ（ナチュラル・オーガニック・フェード/ズームのスライドショー）","プロ（演出多め）"
"WEB-08017","SaaS・BtoBツールのオウンドメディア・ブログ（グラスモーフィズム・フェード/ズームのスライドショー）","プロ（演出多め）"
"WEB-08018","パーソナルジム・フィットネスの店舗サイト（飲食・美容・サロン）（ダーク・シネマティック・全画面ループ動画）","上級"
"WEB-08019","英会話・語学のコーポレートサイト（3D・クレイ・ローディング演出→ロゴ→メインビジュアル）","プロ（演出多め）"
"WEB-08020","内科・クリニックのオウンドメディア・ブログ（信頼・誠実（コーポレート）・画面2分割（写真｜コピー））","プロ（演出多め）"
"WEB-08021","レストラン・居酒屋のブランドサイト（ダーク・シネマティック・スクロール連動のストーリー）","上級"
"WEB-08022","美容室・ヘアサロンの採用サイト（かわいい・ガーリー・縦書きコピー＋余白）","上級"
"WEB-08023","パーソナルジム・フィットネスのサービスサイト（エネルギッシュ・スポーティ・縦書きコピー＋余白）","プロ（演出多め）"
"WEB-08024","保育園・幼児教育・習い事のブランドサイト（ハンドメイド・手書き・全画面ループ動画）","プロ（演出多め）"
"WEB-08025","採用・求人のコーポレートサイト（ジオメトリック・グラフィカル・フェード/ズームのスライドショー）","プロ（演出多め）"
"WEB-08026","美容室・ヘアサロンの採用サイト（エディトリアル・雑誌風・3Dオブジェクト/ジェネラティブ背景）","プロ（演出多め）"
"WEB-08027","ヨガ・ピラティスのスクール・教室サイト（かわいい・ガーリー・縦書きコピー＋余白）","プロ（演出多め）"
"WEB-08028","Web制作・デザイン事務所のブランドサイト（エディトリアル・雑誌風・散らばった写真コラージュ）","プロ（演出多め）"
"WEB-08029","レストラン・居酒屋の採用サイト（レトロ・Y2K・散らばった写真コラージュ）","上級"
"WEB-08030","不動産・マンションのコーポレートサイト（ダーク・シネマティック・縦書きコピー＋余白）","上級"
"WEB-08031","カフェ・ベーカリーのコーポレートサイト（信頼・誠実（コーポレート）・ローディング演出→ロゴ→メインビジュアル）","プロ（演出多め）"
"WEB-08032","美容室・ヘアサロンのポートフォリオ（個人/事務所）（エディトリアル・雑誌風・ローディング演出→ロゴ→メインビジュアル）","上級"
"WEB-08033","採用・求人のサービスサイト（エネルギッシュ・スポーティ・スクロール連動のストーリー）","プロ（演出多め）"
"WEB-08034","ホテル・旅館のブランドサイト（ミニマル・洗練・散らばった写真コラージュ）","上級"
"WEB-08035","アパレル・ファッションECのECサイト（3D・クレイ・全画面ループ動画）","上級"
"WEB-08036","コスメ・スキンケアのブランドサイト（ミニマル・洗練・散らばった写真コラージュ）","プロ（演出多め）"
"WEB-08037","占い・スピリチュアルのコーポレートサイト（ラグジュアリー・高級感・散らばった写真コラージュ）","プロ（演出多め）"
"WEB-08038","美容クリニックのコーポレートサイト（ダーク・シネマティック・縦書きコピー＋余白）","プロ（演出多め）"
"WEB-08039","引越し・生活サービスの採用サイト（ダーク・シネマティック・スクロール連動のストーリー）","上級"
"WEB-08040","エステ・脱毛サロンのコーポレートサイト（パステル・ドリーミー・縦書きコピー＋余白）","プロ（演出多め）"
"WEB-08041","採用・求人のコーポレートサイト（信頼・誠実（コーポレート）・画面2分割（写真｜コピー））","上級"
"WEB-08042","ウェディング・結婚相談所のブランドサイト（ミニマル・洗練・巨大コピー＋小さな写真）","プロ（演出多め）"
"WEB-08043","建築設計事務所のオウンドメディア・ブログ（ジオメトリック・グラフィカル・画面2分割（写真｜コピー））","プロ（演出多め）"
"WEB-08044","金融・保険・投資のオウンドメディア・ブログ（クール・テック・フェード/ズームのスライドショー）","プロ（演出多め）"
"WEB-08045","スクール・オンライン講座のブランドサイト（ポップ・カラフル・画面2分割（写真｜コピー））","プロ（演出多め）"
"WEB-08046","プログラミングスクールのオウンドメディア・ブログ（ネオン・サイバー・3Dオブジェクト/ジェネラティブ背景）","プロ（演出多め）"
"WEB-08047","工務店・注文住宅・リフォームのコーポレートサイト（ミニマル・洗練・画面2分割（写真｜コピー））","プロ（演出多め）"
"WEB-08048","採用・求人のオウンドメディア・ブログ（エディトリアル・雑誌風・3Dオブジェクト/ジェネラティブ背景）","プロ（演出多め）"
"WEB-08049","NPO・地方自治体の自治体・観光協会サイト（ハンドメイド・手書き・ローディング演出→ロゴ→メインビジュアル）","上級"
"WEB-08050","ゲーム・eスポーツのコーポレートサイト（ネオン・サイバー・ローディング演出→ロゴ→メインビジュアル）","プロ（演出多め）"
"WEB-08051","音楽・ライブ・イベントのオウンドメディア・ブログ（ダーク・シネマティック・散らばった写真コラージュ）","プロ（演出多め）"
"WEB-08052","NPO・地方自治体の採用サイト（ハンドメイド・手書き・縦書きコピー＋余白）","プロ（演出多め）"
"WEB-08053","歯科医院のコーポレートサイト（信頼・誠実（コーポレート）・散らばった写真コラージュ）","プロ（演出多め）"
"WEB-08054","不動産・マンションのブランドサイト（パステル・ドリーミー・縦書きコピー＋余白）","上級"
"WEB-08055","建築設計事務所のサービスサイト（エネルギッシュ・スポーティ・全画面ループ動画）","上級"
"WEB-08056","農業・地方の生産者のブランドサイト（ポップ・カラフル・ローディング演出→ロゴ→メインビジュアル）","プロ（演出多め）"
"WEB-08057","保育園・幼児教育・習い事のサービスサイト（ナチュラル・オーガニック・縦書きコピー＋余白）","プロ（演出多め）"
"WEB-08058","内科・クリニックのクリニック・医院サイト（北欧・ライフスタイル・スクロール連動のストーリー）","プロ（演出多め）"
"WEB-08059","スマホアプリのブランドサイト（クール・テック・3Dオブジェクト/ジェネラティブ背景）","プロ（演出多め）"
"WEB-08060","プログラミングスクールのコーポレートサイト（ナチュラル・オーガニック・ローディング演出→ロゴ→メインビジュアル）","プロ（演出多め）"
"WEB-08061","YouTuber・インフルエンサーのポートフォリオ（個人/事務所）（ネオン・サイバー・全画面ループ動画）","プロ（演出多め）"
"WEB-08062","サウナ・温浴施設のブランドサイト（和モダン・スクロール連動のストーリー）","プロ（演出多め）"
"WEB-08063","ペット・トリミング・動物病院のブランドサイト（クール・テック・画面2分割（写真｜コピー））","上級"
"WEB-08064","クラウドファンディング・新商品のブランドサイト（ナチュラル・オーガニック・巨大コピー＋小さな写真）","プロ（演出多め）"
"WEB-08065","スクール・オンライン講座の採用サイト（3D・クレイ・巨大コピー＋小さな写真）","プロ（演出多め）"
"WEB-08066","アパレル・ファッションECのECサイト（レトロ・Y2K・3Dオブジェクト/ジェネラティブ背景）","プロ（演出多め）"
"WEB-08067","ゲーム・eスポーツの採用サイト（ジオメトリック・グラフィカル・ローディング演出→ロゴ→メインビジュアル）","上級"
"WEB-08068","内科・クリニックのブランドサイト（北欧・ライフスタイル・ローディング演出→ロゴ→メインビジュアル）","上級"
"WEB-08069","パーソナルジム・フィットネスのスクール・教室サイト（クール・テック・ローディング演出→ロゴ→メインビジュアル）","プロ（演出多め）"
"WEB-08070","士業（税理士・弁護士・行政書士）のオウンドメディア・ブログ（ミニマル・洗練・画面2分割（写真｜コピー））","上級"
"WEB-08071","エステ・脱毛サロンの採用サイト（かわいい・ガーリー・スクロール連動のストーリー）","プロ（演出多め）"
"WEB-08072","保育園・幼児教育・習い事のスクール・教室サイト（ハンドメイド・手書き・3Dオブジェクト/ジェネラティブ背景）","プロ（演出多め）"
"WEB-08073","採用・求人のブランドサイト（エネルギッシュ・スポーティ・巨大コピー＋小さな写真）","プロ（演出多め）"
"WEB-08074","YouTuber・インフルエンサーのブランドサイト（ポップ・カラフル・スクロール連動のストーリー）","上級"
"WEB-08075","ペット・トリミング・動物病院のブランドサイト（かわいい・ガーリー・スクロール連動のストーリー）","上級"
"WEB-08076","クラウドファンディング・新商品の採用サイト（ポップ・カラフル・ローディング演出→ロゴ→メインビジュアル）","プロ（演出多め）"
"WEB-08077","ペット・トリミング・動物病院の店舗サイト（飲食・美容・サロン）（3D・クレイ・縦書きコピー＋余白）","プロ（演出多め）"
"WEB-08078","クラウドファンディング・新商品のサービスサイト（クール・テック・画面2分割（写真｜コピー））","プロ（演出多め）"
"WEB-08079","美容クリニックのサービスサイト（ラグジュアリー・高級感・スクロール連動のストーリー）","プロ（演出多め）"
"WEB-08080","YouTuber・インフルエンサーのブランドサイト（かわいい・ガーリー・ローディング演出→ロゴ→メインビジュアル）","プロ（演出多め）"
"WEB-08081","コスメ・スキンケアのブランドサイト（ジオメトリック・グラフィカル・全画面ループ動画）","上級"
"WEB-08082","農業・地方の生産者のECサイト（和モダン・スクロール連動のストーリー）","プロ（演出多め）"
"WEB-08083","パーソナルジム・フィットネスの店舗サイト（飲食・美容・サロン）（クール・テック・スクロール連動のストーリー）","プロ（演出多め）"
"WEB-08084","プログラミングスクールのブランドサイト（クール・テック・画面2分割（写真｜コピー））","プロ（演出多め）"
"WEB-08085","士業（税理士・弁護士・行政書士）のコーポレートサイト（信頼・誠実（コーポレート）・ローディング演出→ロゴ→メインビジュアル）","上級"
"WEB-08086","スマホアプリの採用サイト（3D・クレイ・スクロール連動のストーリー）","プロ（演出多め）"
"WEB-08087","AIサービス・スタートアップのサービスサイト（グラスモーフィズム・全画面ループ動画）","上級"
"WEB-08088","パーソナルジム・フィットネスのコーポレートサイト（クール・テック・散らばった写真コラージュ）","上級"
"WEB-08089","自動車・バイクの採用サイト（ラグジュアリー・高級感・全画面ループ動画）","上級"
"WEB-08090","農業・地方の生産者のオウンドメディア・ブログ（ナチュラル・オーガニック・全画面ループ動画）","プロ（演出多め）"
"WEB-08091","食品・産直ECの採用サイト（ハンドメイド・手書き・画面2分割（写真｜コピー））","上級"
"WEB-08092","パーソナルジム・フィットネスの店舗サイト（飲食・美容・サロン）（ポップ・カラフル・画面2分割（写真｜コピー））","プロ（演出多め）"
"WEB-08093","スマホアプリのコーポレートサイト（クール・テック・散らばった写真コラージュ）","プロ（演出多め）"
"WEB-08094","AIサービス・スタートアップのコーポレートサイト（グラスモーフィズム・フェード/ズームのスライドショー）","プロ（演出多め）"
"WEB-08095","プログラミングスクールのサービスサイト（3D・クレイ・縦書きコピー＋余白）","プロ（演出多め）"
"WEB-08096","食品・産直ECのサービスサイト（ハンドメイド・手書き・散らばった写真コラージュ）","上級"
"WEB-08097","スマホアプリのサービスサイト（クール・テック・縦書きコピー＋余白）","プロ（演出多め）"
"WEB-08098","SaaS・BtoBツールのオウンドメディア・ブログ（和モダン・散らばった写真コラージュ）","プロ（演出多め）"
"WEB-08099","AIサービス・スタートアップのコーポレートサイト（クール・テック・画面2分割（写真｜コピー））","上級"
"WEB-08100","ペット・トリミング・動物病院の採用サイト（ナチュラル・オーガニック・画面2分割（写真｜コピー））","上級"
"WEB-08101","観光・地域プロモーションのブランドサイト（ダーク・シネマティック・巨大コピー＋小さな写真）","プロ（演出多め）"
"WEB-08102","音楽・ライブ・イベントのサービスサイト（レトロ・Y2K・全画面ループ動画）","プロ（演出多め）"
"WEB-08103","NPO・地方自治体のコーポレートサイト（ジオメトリック・グラフィカル・全画面ループ動画）","プロ（演出多め）"
"WEB-08104","美容クリニックの採用サイト（パステル・ドリーミー・巨大コピー＋小さな写真）","プロ（演出多め）"
"WEB-08105","音楽・ライブ・イベントのコーポレートサイト（ニューブルータリズム・全画面ループ動画）","上級"
"WEB-08106","保育園・幼児教育・習い事のサービスサイト（ハンドメイド・手書き・縦書きコピー＋余白）","プロ（演出多め）"
"WEB-08107","コンサル・コーチングの採用サイト（エディトリアル・雑誌風・フェード/ズームのスライドショー）","プロ（演出多め）"
"WEB-08108","スクール・オンライン講座のサービスサイト（信頼・誠実（コーポレート）・巨大コピー＋小さな写真）","プロ（演出多め）"
"WEB-08109","NPO・地方自治体のイベント・フェスサイト（ハンドメイド・手書き・全画面ループ動画）","上級"
"WEB-08110","クラウドファンディング・新商品の採用サイト（ポップ・カラフル・散らばった写真コラージュ）","上級"
"WEB-08111","ホテル・旅館のブランドサイト（ナチュラル・オーガニック・画面2分割（写真｜コピー））","プロ（演出多め）"
"WEB-08112","クラウドファンディング・新商品のサービスサイト（クール・テック・全画面ループ動画）","上級"
"WEB-08113","ホテル・旅館のホテル・旅館サイト（クール・テック・画面2分割（写真｜コピー））","プロ（演出多め）"
"WEB-08114","音楽・ライブ・イベントのコーポレートサイト（レトロ・Y2K・巨大コピー＋小さな写真）","プロ（演出多め）"
"WEB-08115","建築設計事務所のオウンドメディア・ブログ（ミニマル・洗練・フェード/ズームのスライドショー）","プロ（演出多め）"
"WEB-08116","AIサービス・スタートアップのブランドサイト（ミニマル・洗練・縦書きコピー＋余白）","上級"
"WEB-08117","農業・地方の生産者のブランドサイト（ナチュラル・オーガニック・ローディング演出→ロゴ→メインビジュアル）","プロ（演出多め）"
"WEB-08118","建築設計事務所のコーポレートサイト（エディトリアル・雑誌風・3Dオブジェクト/ジェネラティブ背景）","上級"
"WEB-08119","ゲーム・eスポーツのサービスサイト（ナチュラル・オーガニック・画面2分割（写真｜コピー））","上級"
"WEB-08120","建築設計事務所のブランドサイト（ミニマル・洗練・巨大コピー＋小さな写真）","プロ（演出多め）"
"WEB-08121","金融・保険・投資のオウンドメディア・ブログ（信頼・誠実（コーポレート）・縦書きコピー＋余白）","上級"
"WEB-08122","保育園・幼児教育・習い事のオウンドメディア・ブログ（ハンドメイド・手書き・巨大コピー＋小さな写真）","プロ（演出多め）"
"WEB-08123","工務店・注文住宅・リフォームのサービスサイト（ミニマル・洗練・散らばった写真コラージュ）","プロ（演出多め）"
"WEB-08124","工務店・注文住宅・リフォームのブランドサイト（ナチュラル・オーガニック・全画面ループ動画）","プロ（演出多め）"
"WEB-08125","AIサービス・スタートアップの採用サイト（ネオン・サイバー・フェード/ズームのスライドショー）","プロ（演出多め）"
"WEB-08126","美容室・ヘアサロンのポートフォリオ（個人/事務所）（ラグジュアリー・高級感・3Dオブジェクト/ジェネラティブ背景）","上級"
"WEB-08127","ゲーム・eスポーツのブランドサイト（ネオン・サイバー・巨大コピー＋小さな写真）","プロ（演出多め）"
"WEB-08128","観光・地域プロモーションのオウンドメディア・ブログ（グラスモーフィズム・画面2分割（写真｜コピー））","プロ（演出多め）"
"WEB-08129","サウナ・温浴施設の店舗サイト（飲食・美容・サロン）（ナチュラル・オーガニック・縦書きコピー＋余白）","プロ（演出多め）"
"WEB-08130","和菓子・スイーツのサービスサイト（ナチュラル・オーガニック・縦書きコピー＋余白）","上級"
"WEB-08131","エステ・脱毛サロンのコーポレートサイト（ナチュラル・オーガニック・縦書きコピー＋余白）","プロ（演出多め）"
"WEB-08132","ペット・トリミング・動物病院のブランドサイト（かわいい・ガーリー・全画面ループ動画）","上級"
"WEB-08133","建築設計事務所の採用サイト（ミニマル・洗練・全画面ループ動画）","上級"
"WEB-08134","和菓子・スイーツのECサイト（パステル・ドリーミー・スクロール連動のストーリー）","上級"
"WEB-08135","YouTuber・インフルエンサーのブランドサイト（ポップ・カラフル・縦書きコピー＋余白）","上級"
"WEB-08136","NPO・地方自治体のイベント・フェスサイト（ハンドメイド・手書き・スクロール連動のストーリー）","プロ（演出多め）"
"WEB-08137","金融・保険・投資のサービスサイト（クール・テック・散らばった写真コラージュ）","プロ（演出多め）"
"WEB-08138","スマホアプリのコーポレートサイト（クール・テック・全画面ループ動画）","プロ（演出多め）"
"WEB-08139","YouTuber・インフルエンサーのポートフォリオ（個人/事務所）（かわいい・ガーリー・ローディング演出→ロゴ→メインビジュアル）","プロ（演出多め）"
"WEB-08140","ホテル・旅館のオウンドメディア・ブログ（信頼・誠実（コーポレート）・スクロール連動のストーリー）","上級"
"WEB-08141","ペット・トリミング・動物病院のコーポレートサイト（かわいい・ガーリー・巨大コピー＋小さな写真）","プロ（演出多め）"
"WEB-08142","カフェ・ベーカリーのサービスサイト（北欧・ライフスタイル・散らばった写真コラージュ）","上級"
"WEB-08143","レストラン・居酒屋の店舗サイト（飲食・美容・サロン）（ダーク・シネマティック・全画面ループ動画）","上級"
"WEB-08144","食品・産直ECの採用サイト（和モダン・スクロール連動のストーリー）","プロ（演出多め）"
"WEB-08145","ヨガ・ピラティスの採用サイト（北欧・ライフスタイル・フェード/ズームのスライドショー）","プロ（演出多め）"
"WEB-08146","不動産・マンションのブランドサイト（ナチュラル・オーガニック・画面2分割（写真｜コピー））","プロ（演出多め）"
"WEB-08147","ペット・トリミング・動物病院の採用サイト（かわいい・ガーリー・フェード/ズームのスライドショー）","上級"
"WEB-08148","ホテル・旅館のブランドサイト（ダーク・シネマティック・3Dオブジェクト/ジェネラティブ背景）","プロ（演出多め）"
"WEB-08149","占い・スピリチュアルのブランドサイト（ラグジュアリー・高級感・スクロール連動のストーリー）","プロ（演出多め）"
"WEB-08150","工務店・注文住宅・リフォームの採用サイト（北欧・ライフスタイル・フェード/ズームのスライドショー）","プロ（演出多め）"
"WEB-08151","クラウドファンディング・新商品のサービスサイト（クール・テック・全画面ループ動画）","プロ（演出多め）"
"WEB-08152","自動車・バイクのオウンドメディア・ブログ（ダーク・シネマティック・ローディング演出→ロゴ→メインビジュアル）","プロ（演出多め）"
"WEB-08153","採用・求人の採用サイト（エネルギッシュ・スポーティ・全画面ループ動画）","プロ（演出多め）"
"WEB-08154","コスメ・スキンケアのサービスサイト（3D・クレイ・スクロール連動のストーリー）","上級"
"WEB-08155","Web制作・デザイン事務所のオウンドメディア・ブログ（ジオメトリック・グラフィカル・全画面ループ動画）","上級"
"WEB-08156","コスメ・スキンケアのECサイト（グラスモーフィズム・ローディング演出→ロゴ→メインビジュアル）","上級"
"WEB-08157","美容クリニックのサービスサイト（ラグジュアリー・高級感・散らばった写真コラージュ）","プロ（演出多め）"
"WEB-08158","美容クリニックのオウンドメディア・ブログ（ミニマル・洗練・スクロール連動のストーリー）","プロ（演出多め）"
"WEB-08159","サウナ・温浴施設のコーポレートサイト（ナチュラル・オーガニック・巨大コピー＋小さな写真）","プロ（演出多め）"
"WEB-08160","カフェ・ベーカリーのコーポレートサイト（ハンドメイド・手書き・散らばった写真コラージュ）","プロ（演出多め）"
"WEB-08161","SaaS・BtoBツールの採用サイト（グラスモーフィズム・画面2分割（写真｜コピー））","上級"
"WEB-08162","食品・産直ECの採用サイト（ハンドメイド・手書き・縦書きコピー＋余白）","プロ（演出多め）"
"WEB-08163","ゲーム・eスポーツの採用サイト（ナチュラル・オーガニック・散らばった写真コラージュ）","上級"
"WEB-08164","SaaS・BtoBツールの採用サイト（ミニマル・洗練・巨大コピー＋小さな写真）","上級"
"WEB-08165","サウナ・温浴施設のブランドサイト（レトロ・Y2K・フェード/ズームのスライドショー）","プロ（演出多め）"
"WEB-08166","レストラン・居酒屋のサービスサイト（ハンドメイド・手書き・巨大コピー＋小さな写真）","プロ（演出多め）"
"WEB-08167","ゲーム・eスポーツのコーポレートサイト（エネルギッシュ・スポーティ・縦書きコピー＋余白）","プロ（演出多め）"
"WEB-08168","クラウドファンディング・新商品のECサイト（ニューブルータリズム・3Dオブジェクト/ジェネラティブ背景）","上級"
"WEB-08169","ヨガ・ピラティスのブランドサイト（ナチュラル・オーガニック・スクロール連動のストーリー）","プロ（演出多め）"
"WEB-08170","SaaS・BtoBツールのブランドサイト（レトロ・Y2K・巨大コピー＋小さな写真）","プロ（演出多め）"
"WEB-08171","占い・スピリチュアルのブランドサイト（クール・テック・スクロール連動のストーリー）","プロ（演出多め）"
"WEB-08172","占い・スピリチュアルのオウンドメディア・ブログ（ポップ・カラフル・フェード/ズームのスライドショー）","プロ（演出多め）"
"WEB-08173","ゲーム・eスポーツのサービスサイト（ジオメトリック・グラフィカル・巨大コピー＋小さな写真）","プロ（演出多め）"
"WEB-08174","美容室・ヘアサロンのブランドサイト（ラグジュアリー・高級感・散らばった写真コラージュ）","プロ（演出多め）"
"WEB-08175","音楽・ライブ・イベントのサービスサイト（ニューブルータリズム・3Dオブジェクト/ジェネラティブ背景）","プロ（演出多め）"
"WEB-08176","農業・地方の生産者の採用サイト（和モダン・散らばった写真コラージュ）","プロ（演出多め）"
"WEB-08177","NPO・地方自治体の自治体・観光協会サイト（ナチュラル・オーガニック・画面2分割（写真｜コピー））","上級"
"WEB-08178","ホテル・旅館のブランドサイト（ミニマル・洗練・散らばった写真コラージュ）","上級"
"WEB-08179","パーソナルジム・フィットネスのコーポレートサイト（エネルギッシュ・スポーティ・3Dオブジェクト/ジェネラティブ背景）","プロ（演出多め）"
"WEB-08180","自動車・バイクのオウンドメディア・ブログ（3D・クレイ・ローディング演出→ロゴ→メインビジュアル）","プロ（演出多め）"
"WEB-08181","NPO・地方自治体のサービスサイト（ハンドメイド・手書き・ローディング演出→ロゴ→メインビジュアル）","上級"
"WEB-08182","パーソナルジム・フィットネスのオウンドメディア・ブログ（ダーク・シネマティック・スクロール連動のストーリー）","上級"
"WEB-08183","NPO・地方自治体のブランドサイト（レトロ・Y2K・全画面ループ動画）","上級"
"WEB-08184","コンサル・コーチングのブランドサイト（信頼・誠実（コーポレート）・全画面ループ動画）","プロ（演出多め）"
"WEB-08185","工務店・注文住宅・リフォームのコーポレートサイト（ネオン・サイバー・巨大コピー＋小さな写真）","プロ（演出多め）"
"WEB-08186","保育園・幼児教育・習い事の採用サイト（ハンドメイド・手書き・スクロール連動のストーリー）","上級"
"WEB-08187","クラウドファンディング・新商品のECサイト（クール・テック・巨大コピー＋小さな写真）","上級"
"WEB-08188","アパレル・ファッションECのサービスサイト（ミニマル・洗練・巨大コピー＋小さな写真）","上級"
"WEB-08189","カフェ・ベーカリーのブランドサイト（ハンドメイド・手書き・フェード/ズームのスライドショー）","プロ（演出多め）"
"WEB-08190","不動産・マンションのサービスサイト（信頼・誠実（コーポレート）・巨大コピー＋小さな写真）","上級"
"WEB-08191","ヨガ・ピラティスのコーポレートサイト（ナチュラル・オーガニック・フェード/ズームのスライドショー）","プロ（演出多め）"
"WEB-08192","スマホアプリのサービスサイト（クール・テック・散らばった写真コラージュ）","上級"
"WEB-08193","不動産・マンションのコーポレートサイト（ラグジュアリー・高級感・ローディング演出→ロゴ→メインビジュアル）","上級"
"WEB-08194","スマホアプリのサービスサイト（ポップ・カラフル・縦書きコピー＋余白）","プロ（演出多め）"
"WEB-08195","内科・クリニックのコーポレートサイト（ナチュラル・オーガニック・巨大コピー＋小さな写真）","上級"
"WEB-08196","ウェディング・結婚相談所のポートフォリオ（個人/事務所）（和モダン・3Dオブジェクト/ジェネラティブ背景）","プロ（演出多め）"
"WEB-08197","アパレル・ファッションECのコーポレートサイト（レトロ・Y2K・縦書きコピー＋余白）","プロ（演出多め）"
"WEB-08198","音楽・ライブ・イベントの採用サイト（ネオン・サイバー・散らばった写真コラージュ）","プロ（演出多め）"
"WEB-08199","採用・求人のサービスサイト（ジオメトリック・グラフィカル・画面2分割（写真｜コピー））","プロ（演出多め）"
"WEB-08200","Web制作・デザイン事務所のブランドサイト（ニューブルータリズム・ローディング演出→ロゴ→メインビジュアル）","上級"
"WEB-08201","食品・産直ECのオウンドメディア・ブログ（ナチュラル・オーガニック・フェード/ズームのスライドショー）","プロ（演出多め）"
"WEB-08202","ヨガ・ピラティスのコーポレートサイト（ミニマル・洗練・スクロール連動のストーリー）","プロ（演出多め）"
"WEB-08203","食品・産直ECのオウンドメディア・ブログ（和モダン・スクロール連動のストーリー）","上級"
"WEB-08204","ホテル・旅館のサービスサイト（和モダン・フェード/ズームのスライドショー）","プロ（演出多め）"
"WEB-08205","自動車・バイクのオウンドメディア・ブログ（ラグジュアリー・高級感・フェード/ズームのスライドショー）","プロ（演出多め）"
"WEB-08206","建築設計事務所のブランドサイト（ミニマル・洗練・縦書きコピー＋余白）","上級"
"WEB-08207","占い・スピリチュアルの採用サイト（ラグジュアリー・高級感・ローディング演出→ロゴ→メインビジュアル）","プロ（演出多め）"
"WEB-08208","アパレル・ファッションECのECサイト（ミニマル・洗練・フェード/ズームのスライドショー）","上級"
"WEB-08209","占い・スピリチュアルのサービスサイト（ラグジュアリー・高級感・3Dオブジェクト/ジェネラティブ背景）","プロ（演出多め）"
"WEB-08210","工務店・注文住宅・リフォームのブランドサイト（ハンドメイド・手書き・フェード/ズームのスライドショー）","プロ（演出多め）"
"WEB-08211","美容室・ヘアサロンのコーポレートサイト（かわいい・ガーリー・画面2分割（写真｜コピー））","プロ（演出多め）"
"WEB-08212","美容室・ヘアサロンのポートフォリオ（個人/事務所）（かわいい・ガーリー・画面2分割（写真｜コピー））","上級"
"WEB-08213","歯科医院のコーポレートサイト（ナチュラル・オーガニック・縦書きコピー＋余白）","プロ（演出多め）"
"WEB-08214","美容室・ヘアサロンの店舗サイト（飲食・美容・サロン）（かわいい・ガーリー・画面2分割（写真｜コピー））","プロ（演出多め）"
"WEB-08215","プログラミングスクールのコーポレートサイト（クール・テック・縦書きコピー＋余白）","プロ（演出多め）"
"WEB-08216","ウェディング・結婚相談所のオウンドメディア・ブログ（ラグジュアリー・高級感・3Dオブジェクト/ジェネラティブ背景）","プロ（演出多め）"
"WEB-08217","美容室・ヘアサロンのポートフォリオ（個人/事務所）（かわいい・ガーリー・縦書きコピー＋余白）","上級"
"WEB-08218","引越し・生活サービスのサービスサイト（3D・クレイ・3Dオブジェクト/ジェネラティブ背景）","プロ（演出多め）"
"WEB-08219","英会話・語学のコーポレートサイト（信頼・誠実（コーポレート）・フェード/ズームのスライドショー）","上級"
"WEB-08220","内科・クリニックのクリニック・医院サイト（信頼・誠実（コーポレート）・ローディング演出→ロゴ→メインビジュアル）","上級"
"WEB-08221","プログラミングスクールのオウンドメディア・ブログ（ネオン・サイバー・散らばった写真コラージュ）","プロ（演出多め）"
"WEB-08222","NPO・地方自治体の採用サイト（ナチュラル・オーガニック・縦書きコピー＋余白）","プロ（演出多め）"
"WEB-08223","観光・地域プロモーションの採用サイト（ナチュラル・オーガニック・3Dオブジェクト/ジェネラティブ背景）","プロ（演出多め）"
"WEB-08224","SaaS・BtoBツールのオウンドメディア・ブログ（信頼・誠実（コーポレート）・全画面ループ動画）","プロ（演出多め）"
"WEB-08225","ヨガ・ピラティスのブランドサイト（ミニマル・洗練・スクロール連動のストーリー）","プロ（演出多め）"
"WEB-08226","金融・保険・投資のサービスサイト（レトロ・Y2K・縦書きコピー＋余白）","プロ（演出多め）"
"WEB-08227","スマホアプリのブランドサイト（信頼・誠実（コーポレート）・3Dオブジェクト/ジェネラティブ背景）","プロ（演出多め）"
"WEB-08228","内科・クリニックのクリニック・医院サイト（ナチュラル・オーガニック・縦書きコピー＋余白）","プロ（演出多め）"
"WEB-08229","建築設計事務所のコーポレートサイト（北欧・ライフスタイル・縦書きコピー＋余白）","プロ（演出多め）"
"WEB-08230","採用・求人のオウンドメディア・ブログ（ジオメトリック・グラフィカル・巨大コピー＋小さな写真）","上級"
"WEB-08231","コンサル・コーチングのポートフォリオ（個人/事務所）（ラグジュアリー・高級感・ローディング演出→ロゴ→メインビジュアル）","プロ（演出多め）"
"WEB-08232","YouTuber・インフルエンサーのポートフォリオ（個人/事務所）（ミニマル・洗練・縦書きコピー＋余白）","プロ（演出多め）"
"WEB-08233","保育園・幼児教育・習い事のブランドサイト（北欧・ライフスタイル・縦書きコピー＋余白）","プロ（演出多め）"
"WEB-08234","カフェ・ベーカリーのオウンドメディア・ブログ（エディトリアル・雑誌風・全画面ループ動画）","プロ（演出多め）"
"WEB-08235","士業（税理士・弁護士・行政書士）の採用サイト（ジオメトリック・グラフィカル・巨大コピー＋小さな写真）","プロ（演出多め）"
"WEB-08236","アパレル・ファッションECのサービスサイト（エディトリアル・雑誌風・巨大コピー＋小さな写真）","上級"
"WEB-08237","内科・クリニックのサービスサイト（ポップ・カラフル・ローディング演出→ロゴ→メインビジュアル）","プロ（演出多め）"
"WEB-08238","引越し・生活サービスのサービスサイト（ポップ・カラフル・フェード/ズームのスライドショー）","プロ（演出多め）"
"WEB-08239","採用・求人のサービスサイト（エネルギッシュ・スポーティ・スクロール連動のストーリー）","上級"
"WEB-08240","カフェ・ベーカリーのオウンドメディア・ブログ（北欧・ライフスタイル・画面2分割（写真｜コピー））","上級"
"WEB-08241","観光・地域プロモーションのコーポレートサイト（かわいい・ガーリー・スクロール連動のストーリー）","上級"
"WEB-08242","アパレル・ファッションECのECサイト（レトロ・Y2K・巨大コピー＋小さな写真）","上級"
"WEB-08243","ペット・トリミング・動物病院の採用サイト（かわいい・ガーリー・縦書きコピー＋余白）","プロ（演出多め）"
"WEB-08244","アパレル・ファッションECのブランドサイト（レトロ・Y2K・全画面ループ動画）","プロ（演出多め）"
"WEB-08245","サウナ・温浴施設の店舗サイト（飲食・美容・サロン）（ナチュラル・オーガニック・スクロール連動のストーリー）","プロ（演出多め）"
"WEB-08246","美容クリニックのクリニック・医院サイト（信頼・誠実（コーポレート）・巨大コピー＋小さな写真）","プロ（演出多め）"
"WEB-08247","占い・スピリチュアルのブランドサイト（和モダン・3Dオブジェクト/ジェネラティブ背景）","上級"
"WEB-08248","Web制作・デザイン事務所のポートフォリオ（個人/事務所）（ジオメトリック・グラフィカル・画面2分割（写真｜コピー））","上級"
"WEB-08249","金融・保険・投資のサービスサイト（ミニマル・洗練・巨大コピー＋小さな写真）","プロ（演出多め）"
"WEB-08250","AIサービス・スタートアップのコーポレートサイト（ミニマル・洗練・巨大コピー＋小さな写真）","上級"
"WEB-08251","スクール・オンライン講座のオウンドメディア・ブログ（ポップ・カラフル・フェード/ズームのスライドショー）","上級"
"WEB-08252","自動車・バイクのサービスサイト（エネルギッシュ・スポーティ・フェード/ズームのスライドショー）","上級"
"WEB-08253","パーソナルジム・フィットネスの採用サイト（ダーク・シネマティック・全画面ループ動画）","プロ（演出多め）"
"WEB-08254","士業（税理士・弁護士・行政書士）のブランドサイト（ミニマル・洗練・フェード/ズームのスライドショー）","プロ（演出多め）"
"WEB-08255","コスメ・スキンケアのECサイト（ラグジュアリー・高級感・散らばった写真コラージュ）","上級"
"WEB-08256","採用・求人のブランドサイト（ポップ・カラフル・ローディング演出→ロゴ→メインビジュアル）","プロ（演出多め）"
"WEB-08257","農業・地方の生産者のECサイト（ダーク・シネマティック・スクロール連動のストーリー）","プロ（演出多め）"
"WEB-08258","保育園・幼児教育・習い事のスクール・教室サイト（和モダン・巨大コピー＋小さな写真）","上級"
"WEB-08259","自動車・バイクのサービスサイト（ラグジュアリー・高級感・3Dオブジェクト/ジェネラティブ背景）","プロ（演出多め）"
"WEB-08260","ホテル・旅館の採用サイト（ダーク・シネマティック・全画面ループ動画）","プロ（演出多め）"
"WEB-08261","英会話・語学の採用サイト（3D・クレイ・スクロール連動のストーリー）","プロ（演出多め）"
"WEB-08262","NPO・地方自治体のオウンドメディア・ブログ（ハンドメイド・手書き・巨大コピー＋小さな写真）","プロ（演出多め）"
"WEB-08263","占い・スピリチュアルのコーポレートサイト（ラグジュアリー・高級感・散らばった写真コラージュ）","上級"
"WEB-08264","歯科医院のサービスサイト（信頼・誠実（コーポレート）・散らばった写真コラージュ）","上級"
"WEB-08265","ペット・トリミング・動物病院のクリニック・医院サイト（3D・クレイ・スクロール連動のストーリー）","プロ（演出多め）"
"WEB-08266","美容室・ヘアサロンのサービスサイト（ミニマル・洗練・縦書きコピー＋余白）","プロ（演出多め）"
"WEB-08267","レストラン・居酒屋の採用サイト（ダーク・シネマティック・巨大コピー＋小さな写真）","プロ（演出多め）"
"WEB-08268","食品・産直ECのサービスサイト（ダーク・シネマティック・フェード/ズームのスライドショー）","上級"
"WEB-08269","引越し・生活サービスのブランドサイト（信頼・誠実（コーポレート）・全画面ループ動画）","上級"
"WEB-08270","Web制作・デザイン事務所のサービスサイト（エネルギッシュ・スポーティ・フェード/ズームのスライドショー）","プロ（演出多め）"
"WEB-08271","歯科医院のサービスサイト（ミニマル・洗練・巨大コピー＋小さな写真）","プロ（演出多め）"
"WEB-08272","AIサービス・スタートアップのオウンドメディア・ブログ（ネオン・サイバー・巨大コピー＋小さな写真）","上級"
"WEB-08273","クラウドファンディング・新商品のオウンドメディア・ブログ（ダーク・シネマティック・全画面ループ動画）","プロ（演出多め）"
"WEB-08274","採用・求人のコーポレートサイト（信頼・誠実（コーポレート）・散らばった写真コラージュ）","上級"
"WEB-08275","歯科医院の採用サイト（信頼・誠実（コーポレート）・画面2分割（写真｜コピー））","上級"
"WEB-08276","音楽・ライブ・イベントのブランドサイト（ネオン・サイバー・3Dオブジェクト/ジェネラティブ背景）","プロ（演出多め）"
"WEB-08277","サウナ・温浴施設のコーポレートサイト（レトロ・Y2K・全画面ループ動画）","上級"
"WEB-08278","プログラミングスクールの採用サイト（3D・クレイ・巨大コピー＋小さな写真）","プロ（演出多め）"
"WEB-08279","ウェディング・結婚相談所のサービスサイト（パステル・ドリーミー・縦書きコピー＋余白）","上級"
"WEB-08280","建築設計事務所のブランドサイト（ジオメトリック・グラフィカル・散らばった写真コラージュ）","プロ（演出多め）"
"WEB-08281","農業・地方の生産者の自治体・観光協会サイト（ナチュラル・オーガニック・画面2分割（写真｜コピー））","プロ（演出多め）"
"WEB-08282","英会話・語学の採用サイト（3D・クレイ・巨大コピー＋小さな写真）","プロ（演出多め）"
"WEB-08283","コスメ・スキンケアのECサイト（ミニマル・洗練・巨大コピー＋小さな写真）","プロ（演出多め）"
"WEB-08284","士業（税理士・弁護士・行政書士）のサービスサイト（3D・クレイ・巨大コピー＋小さな写真）","上級"
"WEB-08285","音楽・ライブ・イベントのオウンドメディア・ブログ（レトロ・Y2K・ローディング演出→ロゴ→メインビジュアル）","上級"
"WEB-08286","コスメ・スキンケアのサービスサイト（グラスモーフィズム・巨大コピー＋小さな写真）","プロ（演出多め）"
"WEB-08287","採用・求人のサービスサイト（ジオメトリック・グラフィカル・縦書きコピー＋余白）","上級"
"WEB-08288","スマホアプリのオウンドメディア・ブログ（グラスモーフィズム・スクロール連動のストーリー）","プロ（演出多め）"
"WEB-08289","SaaS・BtoBツールのコーポレートサイト（クール・テック・散らばった写真コラージュ）","プロ（演出多め）"
"WEB-08290","プログラミングスクールのブランドサイト（パステル・ドリーミー・画面2分割（写真｜コピー））","上級"
"WEB-08291","引越し・生活サービスのブランドサイト（信頼・誠実（コーポレート）・スクロール連動のストーリー）","プロ（演出多め）"
"WEB-08292","美容クリニックのオウンドメディア・ブログ（ミニマル・洗練・3Dオブジェクト/ジェネラティブ背景）","プロ（演出多め）"
"WEB-08293","カフェ・ベーカリーのブランドサイト（エディトリアル・雑誌風・巨大コピー＋小さな写真）","プロ（演出多め）"
"WEB-08294","YouTuber・インフルエンサーのコーポレートサイト（ネオン・サイバー・ローディング演出→ロゴ→メインビジュアル）","プロ（演出多め）"
"WEB-08295","保育園・幼児教育・習い事のコーポレートサイト（ナチュラル・オーガニック・3Dオブジェクト/ジェネラティブ背景）","上級"
"WEB-08296","工務店・注文住宅・リフォームの採用サイト（北欧・ライフスタイル・散らばった写真コラージュ）","プロ（演出多め）"
"WEB-08297","スマホアプリのブランドサイト（3D・クレイ・巨大コピー＋小さな写真）","プロ（演出多め）"
"WEB-08298","美容クリニックのオウンドメディア・ブログ（信頼・誠実（コーポレート）・スクロール連動のストーリー）","プロ（演出多め）"
"WEB-08299","エステ・脱毛サロンのブランドサイト（パステル・ドリーミー・3Dオブジェクト/ジェネラティブ背景）","プロ（演出多め）"
"WEB-08300","歯科医院のオウンドメディア・ブログ（ミニマル・洗練・ローディング演出→ロゴ→メインビジュアル）","プロ（演出多め）"
"WEB-08301","不動産・マンションのブランドサイト（ダーク・シネマティック・フェード/ズームのスライドショー）","プロ（演出多め）"
"WEB-08302","Web制作・デザイン事務所の採用サイト（ジオメトリック・グラフィカル・画面2分割（写真｜コピー））","プロ（演出多め）"
"WEB-08303","Web制作・デザイン事務所のブランドサイト（クール・テック・3Dオブジェクト/ジェネラティブ背景）","プロ（演出多め）"
"WEB-08304","コンサル・コーチングのポートフォリオ（個人/事務所）（エディトリアル・雑誌風・縦書きコピー＋余白）","上級"
"WEB-08305","アパレル・ファッションECのコーポレートサイト（ミニマル・洗練・散らばった写真コラージュ）","上級"
"WEB-08306","観光・地域プロモーションのホテル・旅館サイト（ダーク・シネマティック・ローディング演出→ロゴ→メインビジュアル）","上級"
"WEB-08307","エステ・脱毛サロンの店舗サイト（飲食・美容・サロン）（ミニマル・洗練・フェード/ズームのスライドショー）","上級"
"WEB-08308","ウェディング・結婚相談所のポートフォリオ（個人/事務所）（ミニマル・洗練・画面2分割（写真｜コピー））","上級"
"WEB-08309","農業・地方の生産者のコーポレートサイト（和モダン・フェード/ズームのスライドショー）","プロ（演出多め）"
"WEB-08310","エステ・脱毛サロンのブランドサイト（パステル・ドリーミー・ローディング演出→ロゴ→メインビジュアル）","上級"
"WEB-08311","アパレル・ファッションECのコーポレートサイト（エディトリアル・雑誌風・スクロール連動のストーリー）","プロ（演出多め）"
"WEB-08312","Web制作・デザイン事務所のオウンドメディア・ブログ（ジオメトリック・グラフィカル・スクロール連動のストーリー）","上級"
"WEB-08313","スマホアプリのサービスサイト（クール・テック・ローディング演出→ロゴ→メインビジュアル）","プロ（演出多め）"
"WEB-08314","サウナ・温浴施設の店舗サイト（飲食・美容・サロン）（和モダン・ローディング演出→ロゴ→メインビジュアル）","プロ（演出多め）"
"WEB-08315","ヨガ・ピラティスのサービスサイト（レトロ・Y2K・散らばった写真コラージュ）","プロ（演出多め）"
"WEB-08316","コスメ・スキンケアのサービスサイト（クール・テック・巨大コピー＋小さな写真）","上級"
"WEB-08317","ホテル・旅館の採用サイト（ダーク・シネマティック・スクロール連動のストーリー）","プロ（演出多め）"
"WEB-08318","プログラミングスクールのスクール・教室サイト（ポップ・カラフル・フェード/ズームのスライドショー）","プロ（演出多め）"
"WEB-08319","美容クリニックの採用サイト（信頼・誠実（コーポレート）・全画面ループ動画）","プロ（演出多め）"
"WEB-08320","アパレル・ファッションECのサービスサイト（ミニマル・洗練・縦書きコピー＋余白）","プロ（演出多め）"
"WEB-08321","カフェ・ベーカリーのサービスサイト（ハンドメイド・手書き・画面2分割（写真｜コピー））","プロ（演出多め）"
"WEB-08322","観光・地域プロモーションのブランドサイト（ハンドメイド・手書き・ローディング演出→ロゴ→メインビジュアル）","上級"
"WEB-08323","占い・スピリチュアルの採用サイト（3D・クレイ・3Dオブジェクト/ジェネラティブ背景）","上級"
"WEB-08324","引越し・生活サービスの採用サイト（エネルギッシュ・スポーティ・ローディング演出→ロゴ→メインビジュアル）","プロ（演出多め）"
"WEB-08325","採用・求人のオウンドメディア・ブログ（エネルギッシュ・スポーティ・全画面ループ動画）","プロ（演出多め）"
"WEB-08326","コスメ・スキンケアのオウンドメディア・ブログ（パステル・ドリーミー・3Dオブジェクト/ジェネラティブ背景）","プロ（演出多め）"
"WEB-08327","カフェ・ベーカリーのブランドサイト（レトロ・Y2K・スクロール連動のストーリー）","プロ（演出多め）"
"WEB-08328","エステ・脱毛サロンのサービスサイト（ラグジュアリー・高級感・ローディング演出→ロゴ→メインビジュアル）","プロ（演出多め）"
"WEB-08329","食品・産直ECのサービスサイト（ナチュラル・オーガニック・スクロール連動のストーリー）","プロ（演出多め）"
"WEB-08330","エステ・脱毛サロンのサービスサイト（ラグジュアリー・高級感・スクロール連動のストーリー）","上級"
"WEB-08331","SaaS・BtoBツールのブランドサイト（ミニマル・洗練・全画面ループ動画）","上級"
"WEB-08332","歯科医院のクリニック・医院サイト（和モダン・縦書きコピー＋余白）","プロ（演出多め）"
"WEB-08333","占い・スピリチュアルのコーポレートサイト（和モダン・フェード/ズームのスライドショー）","プロ（演出多め）"
"WEB-08334","サウナ・温浴施設のブランドサイト（ニューブルータリズム・全画面ループ動画）","プロ（演出多め）"
"WEB-08335","AIサービス・スタートアップのオウンドメディア・ブログ（ネオン・サイバー・散らばった写真コラージュ）","上級"
"WEB-08336","クラウドファンディング・新商品の採用サイト（ナチュラル・オーガニック・画面2分割（写真｜コピー））","プロ（演出多め）"
"WEB-08337","YouTuber・インフルエンサーのイベント・フェスサイト（かわいい・ガーリー・フェード/ズームのスライドショー）","上級"
"WEB-08338","ゲーム・eスポーツのサービスサイト（ネオン・サイバー・ローディング演出→ロゴ→メインビジュアル）","プロ（演出多め）"
"WEB-08339","ゲーム・eスポーツのブランドサイト（ネオン・サイバー・散らばった写真コラージュ）","上級"
"WEB-08340","建築設計事務所のサービスサイト（グラスモーフィズム・スクロール連動のストーリー）","上級"
"WEB-08341","Web制作・デザイン事務所のオウンドメディア・ブログ（ミニマル・洗練・巨大コピー＋小さな写真）","プロ（演出多め）"
"WEB-08342","ゲーム・eスポーツのブランドサイト（ダーク・シネマティック・フェード/ズームのスライドショー）","プロ（演出多め）"
"WEB-08343","美容室・ヘアサロンのオウンドメディア・ブログ（北欧・ライフスタイル・スクロール連動のストーリー）","プロ（演出多め）"
"WEB-08344","観光・地域プロモーションのイベント・フェスサイト（和モダン・縦書きコピー＋余白）","プロ（演出多め）"
"WEB-08345","内科・クリニックのクリニック・医院サイト（北欧・ライフスタイル・スクロール連動のストーリー）","プロ（演出多め）"
"WEB-08346","不動産・マンションのサービスサイト（ミニマル・洗練・全画面ループ動画）","プロ（演出多め）"
"WEB-08347","食品・産直ECのコーポレートサイト（ハンドメイド・手書き・巨大コピー＋小さな写真）","プロ（演出多め）"
"WEB-08348","金融・保険・投資の採用サイト（ミニマル・洗練・巨大コピー＋小さな写真）","プロ（演出多め）"
"WEB-08349","保育園・幼児教育・習い事のコーポレートサイト（ネオン・サイバー・スクロール連動のストーリー）","プロ（演出多め）"
"WEB-08350","NPO・地方自治体のブランドサイト（ジオメトリック・グラフィカル・全画面ループ動画）","プロ（演出多め）"
"WEB-08351","美容クリニックのオウンドメディア・ブログ（ミニマル・洗練・画面2分割（写真｜コピー））","プロ（演出多め）"
"WEB-08352","音楽・ライブ・イベントの採用サイト（レトロ・Y2K・縦書きコピー＋余白）","プロ（演出多め）"
"WEB-08353","パーソナルジム・フィットネスの採用サイト（ダーク・シネマティック・画面2分割（写真｜コピー））","プロ（演出多め）"
"WEB-08354","NPO・地方自治体のブランドサイト（ジオメトリック・グラフィカル・散らばった写真コラージュ）","プロ（演出多め）"
"WEB-08355","ウェディング・結婚相談所の採用サイト（パステル・ドリーミー・巨大コピー＋小さな写真）","プロ（演出多め）"
"WEB-08356","士業（税理士・弁護士・行政書士）の採用サイト（3D・クレイ・ローディング演出→ロゴ→メインビジュアル）","プロ（演出多め）"
"WEB-08357","コンサル・コーチングのオウンドメディア・ブログ（信頼・誠実（コーポレート）・画面2分割（写真｜コピー））","プロ（演出多め）"
"WEB-08358","コスメ・スキンケアのコーポレートサイト（グラスモーフィズム・画面2分割（写真｜コピー））","プロ（演出多め）"
"WEB-08359","保育園・幼児教育・習い事のコーポレートサイト（かわいい・ガーリー・フェード/ズームのスライドショー）","上級"
"WEB-08360","内科・クリニックのオウンドメディア・ブログ（かわいい・ガーリー・縦書きコピー＋余白）","プロ（演出多め）"
"WEB-08361","工務店・注文住宅・リフォームのブランドサイト（ミニマル・洗練・3Dオブジェクト/ジェネラティブ背景）","プロ（演出多め）"
"WEB-08362","NPO・地方自治体の自治体・観光協会サイト（ハンドメイド・手書き・散らばった写真コラージュ）","上級"
"WEB-08363","内科・クリニックのコーポレートサイト（北欧・ライフスタイル・3Dオブジェクト/ジェネラティブ背景）","プロ（演出多め）"
"WEB-08364","英会話・語学のオウンドメディア・ブログ（信頼・誠実（コーポレート）・3Dオブジェクト/ジェネラティブ背景）","上級"
"WEB-08365","エステ・脱毛サロンの店舗サイト（飲食・美容・サロン）（かわいい・ガーリー・ローディング演出→ロゴ→メインビジュアル）","プロ（演出多め）"
"WEB-08366","ペット・トリミング・動物病院のブランドサイト（ハンドメイド・手書き・3Dオブジェクト/ジェネラティブ背景）","プロ（演出多め）"
"WEB-08367","AIサービス・スタートアップの採用サイト（クール・テック・3Dオブジェクト/ジェネラティブ背景）","プロ（演出多め）"
"WEB-08368","ウェディング・結婚相談所のポートフォリオ（個人/事務所）（ミニマル・洗練・巨大コピー＋小さな写真）","プロ（演出多め）"
"WEB-08369","採用・求人のブランドサイト（エネルギッシュ・スポーティ・全画面ループ動画）","プロ（演出多め）"
"WEB-08370","コスメ・スキンケアのブランドサイト（ジオメトリック・グラフィカル・画面2分割（写真｜コピー））","プロ（演出多め）"
"WEB-08371","ホテル・旅館のサービスサイト（ラグジュアリー・高級感・ローディング演出→ロゴ→メインビジュアル）","上級"
"WEB-08372","引越し・生活サービスのオウンドメディア・ブログ（信頼・誠実（コーポレート）・縦書きコピー＋余白）","上級"
"WEB-08373","Web制作・デザイン事務所の採用サイト（ニューブルータリズム・ローディング演出→ロゴ→メインビジュアル）","上級"
"WEB-08374","和菓子・スイーツの店舗サイト（飲食・美容・サロン）（かわいい・ガーリー・3Dオブジェクト/ジェネラティブ背景）","プロ（演出多め）"
"WEB-08375","コスメ・スキンケアのサービスサイト（グラスモーフィズム・3Dオブジェクト/ジェネラティブ背景）","プロ（演出多め）"
"WEB-08376","NPO・地方自治体のコーポレートサイト（ナチュラル・オーガニック・フェード/ズームのスライドショー）","上級"
"WEB-08377","和菓子・スイーツのサービスサイト（和モダン・ローディング演出→ロゴ→メインビジュアル）","上級"
"WEB-08378","レストラン・居酒屋のオウンドメディア・ブログ（ダーク・シネマティック・巨大コピー＋小さな写真）","プロ（演出多め）"
"WEB-08379","ペット・トリミング・動物病院の店舗サイト（飲食・美容・サロン）（ナチュラル・オーガニック・3Dオブジェクト/ジェネラティブ背景）","上級"
"WEB-08380","工務店・注文住宅・リフォームの採用サイト（信頼・誠実（コーポレート）・全画面ループ動画）","上級"
"WEB-08381","Web制作・デザイン事務所の採用サイト（レトロ・Y2K・巨大コピー＋小さな写真）","プロ（演出多め）"
"WEB-08382","Web制作・デザイン事務所のオウンドメディア・ブログ（クール・テック・ローディング演出→ロゴ→メインビジュアル）","上級"
"WEB-08383","農業・地方の生産者の採用サイト（和モダン・巨大コピー＋小さな写真）","上級"
"WEB-08384","ウェディング・結婚相談所のオウンドメディア・ブログ（ダーク・シネマティック・散らばった写真コラージュ）","プロ（演出多め）"
"WEB-08385","内科・クリニックのクリニック・医院サイト（北欧・ライフスタイル・フェード/ズームのスライドショー）","プロ（演出多め）"
"WEB-08386","内科・クリニックの採用サイト（信頼・誠実（コーポレート）・ローディング演出→ロゴ→メインビジュアル）","プロ（演出多め）"
"WEB-08387","YouTuber・インフルエンサーのブランドサイト（ニューブルータリズム・巨大コピー＋小さな写真）","プロ（演出多め）"
"WEB-08388","ウェディング・結婚相談所の採用サイト（パステル・ドリーミー・スクロール連動のストーリー）","プロ（演出多め）"
"WEB-08389","アパレル・ファッションECのECサイト（ニューブルータリズム・巨大コピー＋小さな写真）","プロ（演出多め）"
"WEB-08390","スマホアプリのブランドサイト（クール・テック・全画面ループ動画）","上級"
"WEB-08391","不動産・マンションのサービスサイト（信頼・誠実（コーポレート）・巨大コピー＋小さな写真）","プロ（演出多め）"
"WEB-08392","ウェディング・結婚相談所のオウンドメディア・ブログ（パステル・ドリーミー・散らばった写真コラージュ）","プロ（演出多め）"
"WEB-08393","SaaS・BtoBツールのブランドサイト（3D・クレイ・フェード/ズームのスライドショー）","上級"
"WEB-08394","美容クリニックの店舗サイト（飲食・美容・サロン）（信頼・誠実（コーポレート）・3Dオブジェクト/ジェネラティブ背景）","プロ（演出多め）"
"WEB-08395","AIサービス・スタートアップのサービスサイト（グラスモーフィズム・巨大コピー＋小さな写真）","上級"
"WEB-08396","カフェ・ベーカリーの店舗サイト（飲食・美容・サロン）（北欧・ライフスタイル・スクロール連動のストーリー）","プロ（演出多め）"
"WEB-08397","士業（税理士・弁護士・行政書士）のオウンドメディア・ブログ（信頼・誠実（コーポレート）・スクロール連動のストーリー）","プロ（演出多め）"
"WEB-08398","YouTuber・インフルエンサーのポートフォリオ（個人/事務所）（ニューブルータリズム・全画面ループ動画）","プロ（演出多め）"
"WEB-08399","YouTuber・インフルエンサーのサービスサイト（ネオン・サイバー・3Dオブジェクト/ジェネラティブ背景）","プロ（演出多め）"
"WEB-08400","美容室・ヘアサロンのコーポレートサイト（ミニマル・洗練・巨大コピー＋小さな写真）","プロ（演出多め）"
"WEB-08401","採用・求人の採用サイト（ポップ・カラフル・ローディング演出→ロゴ→メインビジュアル）","プロ（演出多め）"
"WEB-08402","和菓子・スイーツの店舗サイト（飲食・美容・サロン）（ナチュラル・オーガニック・縦書きコピー＋余白）","プロ（演出多め）"
"WEB-08403","保育園・幼児教育・習い事のブランドサイト（ハンドメイド・手書き・ローディング演出→ロゴ→メインビジュアル）","上級"
"WEB-08404","コスメ・スキンケアのオウンドメディア・ブログ（ナチュラル・オーガニック・3Dオブジェクト/ジェネラティブ背景）","プロ（演出多め）"
"WEB-08405","コスメ・スキンケアの採用サイト（ハンドメイド・手書き・散らばった写真コラージュ）","上級"
"WEB-08406","ペット・トリミング・動物病院のオウンドメディア・ブログ（かわいい・ガーリー・3Dオブジェクト/ジェネラティブ背景）","上級"
"WEB-08407","歯科医院のオウンドメディア・ブログ（信頼・誠実（コーポレート）・ローディング演出→ロゴ→メインビジュアル）","上級"
"WEB-08408","AIサービス・スタートアップの採用サイト（ネオン・サイバー・巨大コピー＋小さな写真）","プロ（演出多め）"
"WEB-08409","食品・産直ECのコーポレートサイト（和モダン・巨大コピー＋小さな写真）","プロ（演出多め）"
"WEB-08410","自動車・バイクのコーポレートサイト（ラグジュアリー・高級感・巨大コピー＋小さな写真）","プロ（演出多め）"
"WEB-08411","ホテル・旅館のコーポレートサイト（ラグジュアリー・高級感・縦書きコピー＋余白）","プロ（演出多め）"
"WEB-08412","建築設計事務所のオウンドメディア・ブログ（ジオメトリック・グラフィカル・フェード/ズームのスライドショー）","上級"
"WEB-08413","コスメ・スキンケアの採用サイト（パステル・ドリーミー・画面2分割（写真｜コピー））","プロ（演出多め）"
"WEB-08414","建築設計事務所のコーポレートサイト（ジオメトリック・グラフィカル・縦書きコピー＋余白）","プロ（演出多め）"
"WEB-08415","プログラミングスクールのスクール・教室サイト（クール・テック・巨大コピー＋小さな写真）","プロ（演出多め）"
"WEB-08416","ホテル・旅館のオウンドメディア・ブログ（ネオン・サイバー・3Dオブジェクト/ジェネラティブ背景）","プロ（演出多め）"
"WEB-08417","食品・産直ECのオウンドメディア・ブログ（和モダン・ローディング演出→ロゴ→メインビジュアル）","プロ（演出多め）"
"WEB-08418","ゲーム・eスポーツの採用サイト（ダーク・シネマティック・巨大コピー＋小さな写真）","プロ（演出多め）"
"WEB-08419","占い・スピリチュアルのオウンドメディア・ブログ（ラグジュアリー・高級感・巨大コピー＋小さな写真）","プロ（演出多め）"
"WEB-08420","占い・スピリチュアルのオウンドメディア・ブログ（ニューブルータリズム・散らばった写真コラージュ）","プロ（演出多め）"
"WEB-08421","英会話・語学のサービスサイト（信頼・誠実（コーポレート）・フェード/ズームのスライドショー）","上級"
"WEB-08422","歯科医院のサービスサイト（信頼・誠実（コーポレート）・ローディング演出→ロゴ→メインビジュアル）","プロ（演出多め）"
"WEB-08423","AIサービス・スタートアップのコーポレートサイト（ミニマル・洗練・フェード/ズームのスライドショー）","プロ（演出多め）"
"WEB-08424","観光・地域プロモーションのイベント・フェスサイト（ダーク・シネマティック・全画面ループ動画）","上級"
"WEB-08425","NPO・地方自治体のオウンドメディア・ブログ（ナチュラル・オーガニック・散らばった写真コラージュ）","プロ（演出多め）"
"WEB-08426","ホテル・旅館のオウンドメディア・ブログ（ミニマル・洗練・スクロール連動のストーリー）","プロ（演出多め）"
"WEB-08427","保育園・幼児教育・習い事のスクール・教室サイト（かわいい・ガーリー・巨大コピー＋小さな写真）","上級"
"WEB-08428","美容クリニックのオウンドメディア・ブログ（ミニマル・洗練・縦書きコピー＋余白）","プロ（演出多め）"
"WEB-08429","スマホアプリのブランドサイト（ポップ・カラフル・画面2分割（写真｜コピー））","プロ（演出多め）"
"WEB-08430","工務店・注文住宅・リフォームの採用サイト（ナチュラル・オーガニック・全画面ループ動画）","プロ（演出多め）"
"WEB-08431","ゲーム・eスポーツのオウンドメディア・ブログ（レトロ・Y2K・フェード/ズームのスライドショー）","プロ（演出多め）"
"WEB-08432","音楽・ライブ・イベントのサービスサイト（クール・テック・スクロール連動のストーリー）","プロ（演出多め）"
"WEB-08433","内科・クリニックのオウンドメディア・ブログ（北欧・ライフスタイル・画面2分割（写真｜コピー））","プロ（演出多め）"
"WEB-08434","英会話・語学のオウンドメディア・ブログ（3D・クレイ・スクロール連動のストーリー）","プロ（演出多め）"
"WEB-08435","ヨガ・ピラティスの店舗サイト（飲食・美容・サロン）（ナチュラル・オーガニック・画面2分割（写真｜コピー））","プロ（演出多め）"
"WEB-08436","ゲーム・eスポーツのイベント・フェスサイト（ダーク・シネマティック・全画面ループ動画）","上級"
"WEB-08437","金融・保険・投資のサービスサイト（ミニマル・洗練・散らばった写真コラージュ）","プロ（演出多め）"
"WEB-08438","和菓子・スイーツの採用サイト（パステル・ドリーミー・3Dオブジェクト/ジェネラティブ背景）","上級"
"WEB-08439","金融・保険・投資のオウンドメディア・ブログ（信頼・誠実（コーポレート）・散らばった写真コラージュ）","プロ（演出多め）"
"WEB-08440","音楽・ライブ・イベントのコーポレートサイト（北欧・ライフスタイル・ローディング演出→ロゴ→メインビジュアル）","プロ（演出多め）"
"WEB-08441","スマホアプリのオウンドメディア・ブログ（北欧・ライフスタイル・3Dオブジェクト/ジェネラティブ背景）","上級"
"WEB-08442","プログラミングスクールのオウンドメディア・ブログ（ミニマル・洗練・スクロール連動のストーリー）","プロ（演出多め）"
"WEB-08443","観光・地域プロモーションのブランドサイト（ハンドメイド・手書き・スクロール連動のストーリー）","プロ（演出多め）"
"WEB-08444","サウナ・温浴施設のオウンドメディア・ブログ（レトロ・Y2K・全画面ループ動画）","プロ（演出多め）"
"WEB-08445","音楽・ライブ・イベントの採用サイト（ダーク・シネマティック・縦書きコピー＋余白）","プロ（演出多め）"
"WEB-08446","美容室・ヘアサロンのサービスサイト（信頼・誠実（コーポレート）・3Dオブジェクト/ジェネラティブ背景）","上級"
"WEB-08447","コスメ・スキンケアのオウンドメディア・ブログ（ジオメトリック・グラフィカル・縦書きコピー＋余白）","上級"
"WEB-08448","Web制作・デザイン事務所のオウンドメディア・ブログ（ダーク・シネマティック・画面2分割（写真｜コピー））","上級"
"WEB-08449","エステ・脱毛サロンの店舗サイト（飲食・美容・サロン）（ミニマル・洗練・フェード/ズームのスライドショー）","プロ（演出多め）"
"WEB-08450","和菓子・スイーツのオウンドメディア・ブログ（北欧・ライフスタイル・縦書きコピー＋余白）","上級"
"WEB-08451","建築設計事務所の採用サイト（ジオメトリック・グラフィカル・巨大コピー＋小さな写真）","プロ（演出多め）"
"WEB-08452","金融・保険・投資の採用サイト（クール・テック・全画面ループ動画）","プロ（演出多め）"
"WEB-08453","ゲーム・eスポーツのイベント・フェスサイト（ラグジュアリー・高級感・ローディング演出→ロゴ→メインビジュアル）","プロ（演出多め）"
"WEB-08454","レストラン・居酒屋のブランドサイト（ラグジュアリー・高級感・縦書きコピー＋余白）","プロ（演出多め）"
"WEB-08455","ウェディング・結婚相談所の採用サイト（パステル・ドリーミー・縦書きコピー＋余白）","プロ（演出多め）"
"WEB-08456","ヨガ・ピラティスのブランドサイト（ナチュラル・オーガニック・全画面ループ動画）","上級"
"WEB-08457","士業（税理士・弁護士・行政書士）の採用サイト（和モダン・画面2分割（写真｜コピー））","プロ（演出多め）"
"WEB-08458","占い・スピリチュアルのサービスサイト（ダーク・シネマティック・3Dオブジェクト/ジェネラティブ背景）","プロ（演出多め）"
"WEB-08459","YouTuber・インフルエンサーのブランドサイト（かわいい・ガーリー・全画面ループ動画）","プロ（演出多め）"
"WEB-08460","カフェ・ベーカリーの店舗サイト（飲食・美容・サロン）（パステル・ドリーミー・ローディング演出→ロゴ→メインビジュアル）","上級"
"WEB-08461","カフェ・ベーカリーの採用サイト（レトロ・Y2K・画面2分割（写真｜コピー））","プロ（演出多め）"
"WEB-08462","SaaS・BtoBツールのオウンドメディア・ブログ（北欧・ライフスタイル・3Dオブジェクト/ジェネラティブ背景）","プロ（演出多め）"
"WEB-08463","アパレル・ファッションECのコーポレートサイト（エディトリアル・雑誌風・フェード/ズームのスライドショー）","上級"
"WEB-08464","レストラン・居酒屋のブランドサイト（和モダン・縦書きコピー＋余白）","プロ（演出多め）"
"WEB-08465","食品・産直ECのオウンドメディア・ブログ（信頼・誠実（コーポレート）・スクロール連動のストーリー）","上級"
"WEB-08466","ウェディング・結婚相談所のコーポレートサイト（かわいい・ガーリー・画面2分割（写真｜コピー））","プロ（演出多め）"
"WEB-08467","NPO・地方自治体のサービスサイト（ハンドメイド・手書き・画面2分割（写真｜コピー））","プロ（演出多め）"
"WEB-08468","美容クリニックのコーポレートサイト（信頼・誠実（コーポレート）・スクロール連動のストーリー）","プロ（演出多め）"
"WEB-08469","自動車・バイクのサービスサイト（ダーク・シネマティック・縦書きコピー＋余白）","プロ（演出多め）"
"WEB-08470","ペット・トリミング・動物病院の店舗サイト（飲食・美容・サロン）（ラグジュアリー・高級感・スクロール連動のストーリー）","上級"
"WEB-08471","ホテル・旅館のブランドサイト（ラグジュアリー・高級感・ローディング演出→ロゴ→メインビジュアル）","プロ（演出多め）"
"WEB-08472","コンサル・コーチングのポートフォリオ（個人/事務所）（ラグジュアリー・高級感・フェード/ズームのスライドショー）","上級"
"WEB-08473","不動産・マンションのコーポレートサイト（ラグジュアリー・高級感・画面2分割（写真｜コピー））","プロ（演出多め）"
"WEB-08474","自動車・バイクのオウンドメディア・ブログ（クール・テック・画面2分割（写真｜コピー））","プロ（演出多め）"
"WEB-08475","音楽・ライブ・イベントのブランドサイト（ジオメトリック・グラフィカル・ローディング演出→ロゴ→メインビジュアル）","上級"
"WEB-08476","引越し・生活サービスのブランドサイト（ポップ・カラフル・巨大コピー＋小さな写真）","プロ（演出多め）"
"WEB-08477","工務店・注文住宅・リフォームのサービスサイト（ミニマル・洗練・ローディング演出→ロゴ→メインビジュアル）","上級"
"WEB-08478","内科・クリニックのクリニック・医院サイト（ナチュラル・オーガニック・全画面ループ動画）","プロ（演出多め）"
"WEB-08479","不動産・マンションのブランドサイト（ミニマル・洗練・全画面ループ動画）","プロ（演出多め）"
"WEB-08480","パーソナルジム・フィットネスのコーポレートサイト（パステル・ドリーミー・ローディング演出→ロゴ→メインビジュアル）","プロ（演出多め）"
"WEB-08481","不動産・マンションのコーポレートサイト（ダーク・シネマティック・3Dオブジェクト/ジェネラティブ背景）","プロ（演出多め）"
"WEB-08482","士業（税理士・弁護士・行政書士）のコーポレートサイト（信頼・誠実（コーポレート）・全画面ループ動画）","上級"
"WEB-08483","建築設計事務所のコーポレートサイト（エディトリアル・雑誌風・巨大コピー＋小さな写真）","プロ（演出多め）"
"WEB-08484","ゲーム・eスポーツのコーポレートサイト（ニューブルータリズム・スクロール連動のストーリー）","上級"
"WEB-08485","美容室・ヘアサロンのブランドサイト（ラグジュアリー・高級感・巨大コピー＋小さな写真）","プロ（演出多め）"
"WEB-08486","クラウドファンディング・新商品のブランドサイト（グラスモーフィズム・フェード/ズームのスライドショー）","上級"
"WEB-08487","内科・クリニックのオウンドメディア・ブログ（エディトリアル・雑誌風・スクロール連動のストーリー）","上級"
"WEB-08488","NPO・地方自治体の自治体・観光協会サイト（ジオメトリック・グラフィカル・フェード/ズームのスライドショー）","プロ（演出多め）"
"WEB-08489","ホテル・旅館のオウンドメディア・ブログ（ラグジュアリー・高級感・全画面ループ動画）","上級"
"WEB-08490","観光・地域プロモーションのブランドサイト（ダーク・シネマティック・全画面ループ動画）","上級"
"WEB-08491","アパレル・ファッションECのECサイト（グラスモーフィズム・スクロール連動のストーリー）","プロ（演出多め）"
"WEB-08492","パーソナルジム・フィットネスのオウンドメディア・ブログ（ダーク・シネマティック・スクロール連動のストーリー）","プロ（演出多め）"
"WEB-08493","英会話・語学のスクール・教室サイト（ポップ・カラフル・3Dオブジェクト/ジェネラティブ背景）","プロ（演出多め）"
"WEB-08494","占い・スピリチュアルのサービスサイト（和モダン・巨大コピー＋小さな写真）","プロ（演出多め）"
"WEB-08495","コスメ・スキンケアのサービスサイト（ミニマル・洗練・ローディング演出→ロゴ→メインビジュアル）","プロ（演出多め）"
"WEB-08496","アパレル・ファッションECのサービスサイト（エディトリアル・雑誌風・フェード/ズームのスライドショー）","プロ（演出多め）"
"WEB-08497","ゲーム・eスポーツの採用サイト（ネオン・サイバー・3Dオブジェクト/ジェネラティブ背景）","上級"
"WEB-08498","ホテル・旅館のブランドサイト（和モダン・散らばった写真コラージュ）","上級"
"WEB-08499","金融・保険・投資のサービスサイト（クール・テック・フェード/ズームのスライドショー）","プロ（演出多め）"
"WEB-08500","コスメ・スキンケアのオウンドメディア・ブログ（ラグジュアリー・高級感・フェード/ズームのスライドショー）","上級"
"WEB-08501","士業（税理士・弁護士・行政書士）のコーポレートサイト（ミニマル・洗練・3Dオブジェクト/ジェネラティブ背景）","プロ（演出多め）"
"WEB-08502","AIサービス・スタートアップのオウンドメディア・ブログ（ネオン・サイバー・散らばった写真コラージュ）","上級"
"WEB-08503","採用・求人のコーポレートサイト（信頼・誠実（コーポレート）・スクロール連動のストーリー）","プロ（演出多め）"
"WEB-08504","エステ・脱毛サロンのサービスサイト（かわいい・ガーリー・スクロール連動のストーリー）","上級"
"WEB-08505","ホテル・旅館のブランドサイト（ダーク・シネマティック・縦書きコピー＋余白）","プロ（演出多め）"
"WEB-08506","パーソナルジム・フィットネスのスクール・教室サイト（ダーク・シネマティック・画面2分割（写真｜コピー））","プロ（演出多め）"
"WEB-08507","アパレル・ファッションECのオウンドメディア・ブログ（ニューブルータリズム・スクロール連動のストーリー）","プロ（演出多め）"
"WEB-08508","アパレル・ファッションECのサービスサイト（エディトリアル・雑誌風・散らばった写真コラージュ）","上級"
"WEB-08509","自動車・バイクのサービスサイト（ラグジュアリー・高級感・散らばった写真コラージュ）","プロ（演出多め）"
"WEB-08510","レストラン・居酒屋の店舗サイト（飲食・美容・サロン）（エディトリアル・雑誌風・全画面ループ動画）","プロ（演出多め）"
"WEB-08511","Web制作・デザイン事務所のオウンドメディア・ブログ（ニューブルータリズム・全画面ループ動画）","プロ（演出多め）"
"WEB-08512","士業（税理士・弁護士・行政書士）のコーポレートサイト（ラグジュアリー・高級感・巨大コピー＋小さな写真）","プロ（演出多め）"
"WEB-08513","エステ・脱毛サロンのコーポレートサイト（ミニマル・洗練・スクロール連動のストーリー）","プロ（演出多め）"
"WEB-08514","美容室・ヘアサロンのポートフォリオ（個人/事務所）（北欧・ライフスタイル・巨大コピー＋小さな写真）","プロ（演出多め）"
"WEB-08515","工務店・注文住宅・リフォームのオウンドメディア・ブログ（3D・クレイ・ローディング演出→ロゴ→メインビジュアル）","プロ（演出多め）"
"WEB-08516","YouTuber・インフルエンサーのイベント・フェスサイト（ネオン・サイバー・ローディング演出→ロゴ→メインビジュアル）","プロ（演出多め）"
"WEB-08517","採用・求人のサービスサイト（ダーク・シネマティック・フェード/ズームのスライドショー）","プロ（演出多め）"
"WEB-08518","和菓子・スイーツのコーポレートサイト（和モダン・縦書きコピー＋余白）","上級"
"WEB-08519","ヨガ・ピラティスのコーポレートサイト（北欧・ライフスタイル・ローディング演出→ロゴ→メインビジュアル）","プロ（演出多め）"
"WEB-08520","NPO・地方自治体のコーポレートサイト（ジオメトリック・グラフィカル・スクロール連動のストーリー）","プロ（演出多め）"
"WEB-08521","Web制作・デザイン事務所のブランドサイト（エディトリアル・雑誌風・巨大コピー＋小さな写真）","プロ（演出多め）"
"WEB-08522","AIサービス・スタートアップの採用サイト（ネオン・サイバー・散らばった写真コラージュ）","上級"
"WEB-08523","英会話・語学のオウンドメディア・ブログ（ポップ・カラフル・3Dオブジェクト/ジェネラティブ背景）","上級"
"WEB-08524","英会話・語学のコーポレートサイト（ネオン・サイバー・3Dオブジェクト/ジェネラティブ背景）","プロ（演出多め）"
"WEB-08525","NPO・地方自治体のサービスサイト（信頼・誠実（コーポレート）・ローディング演出→ロゴ→メインビジュアル）","プロ（演出多め）"
"WEB-08526","AIサービス・スタートアップのコーポレートサイト（ネオン・サイバー・ローディング演出→ロゴ→メインビジュアル）","プロ（演出多め）"
"WEB-08527","不動産・マンションのブランドサイト（ミニマル・洗練・3Dオブジェクト/ジェネラティブ背景）","プロ（演出多め）"
"WEB-08528","食品・産直ECのサービスサイト（ポップ・カラフル・スクロール連動のストーリー）","上級"
"WEB-08529","クラウドファンディング・新商品のサービスサイト（レトロ・Y2K・3Dオブジェクト/ジェネラティブ背景）","上級"
"WEB-08530","美容クリニックの店舗サイト（飲食・美容・サロン）（信頼・誠実（コーポレート）・画面2分割（写真｜コピー））","上級"
"WEB-08531","YouTuber・インフルエンサーのオウンドメディア・ブログ（ポップ・カラフル・ローディング演出→ロゴ→メインビジュアル）","プロ（演出多め）"
"WEB-08532","工務店・注文住宅・リフォームのサービスサイト（北欧・ライフスタイル・ローディング演出→ロゴ→メインビジュアル）","プロ（演出多め）"
"WEB-08533","ウェディング・結婚相談所のブランドサイト（パステル・ドリーミー・3Dオブジェクト/ジェネラティブ背景）","上級"
"WEB-08534","ヨガ・ピラティスのコーポレートサイト（クール・テック・縦書きコピー＋余白）","プロ（演出多め）"
"WEB-08535","美容室・ヘアサロンのブランドサイト（信頼・誠実（コーポレート）・縦書きコピー＋余白）","プロ（演出多め）"
"WEB-08536","ウェディング・結婚相談所のブランドサイト（ダーク・シネマティック・ローディング演出→ロゴ→メインビジュアル）","プロ（演出多め）"
"WEB-08537","ウェディング・結婚相談所のオウンドメディア・ブログ（北欧・ライフスタイル・縦書きコピー＋余白）","プロ（演出多め）"
"WEB-08538","YouTuber・インフルエンサーの採用サイト（ポップ・カラフル・全画面ループ動画）","プロ（演出多め）"
"WEB-08539","ヨガ・ピラティスの採用サイト（パステル・ドリーミー・フェード/ズームのスライドショー）","プロ（演出多め）"
"WEB-08540","採用・求人の採用サイト（3D・クレイ・縦書きコピー＋余白）","上級"
"WEB-08541","スクール・オンライン講座の採用サイト（ポップ・カラフル・スクロール連動のストーリー）","プロ（演出多め）"
"WEB-08542","士業（税理士・弁護士・行政書士）のオウンドメディア・ブログ（信頼・誠実（コーポレート）・スクロール連動のストーリー）","プロ（演出多め）"
"WEB-08543","歯科医院のサービスサイト（レトロ・Y2K・画面2分割（写真｜コピー））","プロ（演出多め）"
"WEB-08544","金融・保険・投資のオウンドメディア・ブログ（クール・テック・ローディング演出→ロゴ→メインビジュアル）","上級"
"WEB-08545","歯科医院のブランドサイト（ミニマル・洗練・全画面ループ動画）","プロ（演出多め）"
"WEB-08546","自動車・バイクのブランドサイト（ラグジュアリー・高級感・スクロール連動のストーリー）","プロ（演出多め）"
"WEB-08547","英会話・語学のコーポレートサイト（信頼・誠実（コーポレート）・フェード/ズームのスライドショー）","上級"
"WEB-08548","音楽・ライブ・イベントのオウンドメディア・ブログ（レトロ・Y2K・フェード/ズームのスライドショー）","プロ（演出多め）"
"WEB-08549","Web制作・デザイン事務所の採用サイト（クール・テック・画面2分割（写真｜コピー））","上級"
"WEB-08550","美容室・ヘアサロンのコーポレートサイト（ミニマル・洗練・全画面ループ動画）","プロ（演出多め）"
"WEB-08551","食品・産直ECのコーポレートサイト（ハンドメイド・手書き・スクロール連動のストーリー）","上級"
"WEB-08552","美容室・ヘアサロンのブランドサイト（エディトリアル・雑誌風・3Dオブジェクト/ジェネラティブ背景）","プロ（演出多め）"
"WEB-08553","スクール・オンライン講座のコーポレートサイト（信頼・誠実（コーポレート）・3Dオブジェクト/ジェネラティブ背景）","プロ（演出多め）"
"WEB-08554","ホテル・旅館のオウンドメディア・ブログ（ダーク・シネマティック・散らばった写真コラージュ）","プロ（演出多め）"
"WEB-08555","ゲーム・eスポーツのオウンドメディア・ブログ（エネルギッシュ・スポーティ・フェード/ズームのスライドショー）","プロ（演出多め）"
"WEB-08556","建築設計事務所のサービスサイト（ミニマル・洗練・スクロール連動のストーリー）","上級"
"WEB-08557","エステ・脱毛サロンのブランドサイト（ミニマル・洗練・画面2分割（写真｜コピー））","プロ（演出多め）"
"WEB-08558","採用・求人のサービスサイト（ラグジュアリー・高級感・巨大コピー＋小さな写真）","上級"
"WEB-08559","ホテル・旅館の採用サイト（和モダン・全画面ループ動画）","上級"
"WEB-08560","内科・クリニックのオウンドメディア・ブログ（北欧・ライフスタイル・フェード/ズームのスライドショー）","プロ（演出多め）"
"WEB-08561","NPO・地方自治体のブランドサイト（ハンドメイド・手書き・巨大コピー＋小さな写真）","プロ（演出多め）"
"WEB-08562","和菓子・スイーツのコーポレートサイト（和モダン・ローディング演出→ロゴ→メインビジュアル）","プロ（演出多め）"
"WEB-08563","Web制作・デザイン事務所の採用サイト（クール・テック・画面2分割（写真｜コピー））","上級"
"WEB-08564","採用・求人のブランドサイト（ポップ・カラフル・スクロール連動のストーリー）","上級"
"WEB-08565","ホテル・旅館のオウンドメディア・ブログ（和モダン・縦書きコピー＋余白）","プロ（演出多め）"
"WEB-08566","カフェ・ベーカリーのブランドサイト（レトロ・Y2K・縦書きコピー＋余白）","上級"
"WEB-08567","プログラミングスクールのスクール・教室サイト（ネオン・サイバー・巨大コピー＋小さな写真）","プロ（演出多め）"
"WEB-08568","英会話・語学のコーポレートサイト（エディトリアル・雑誌風・巨大コピー＋小さな写真）","上級"
"WEB-08569","プログラミングスクールの採用サイト（クール・テック・3Dオブジェクト/ジェネラティブ背景）","プロ（演出多め）"
"WEB-08570","工務店・注文住宅・リフォームのオウンドメディア・ブログ（北欧・ライフスタイル・巨大コピー＋小さな写真）","上級"
"WEB-08571","カフェ・ベーカリーのオウンドメディア・ブログ（エディトリアル・雑誌風・巨大コピー＋小さな写真）","プロ（演出多め）"
"WEB-08572","士業（税理士・弁護士・行政書士）の採用サイト（信頼・誠実（コーポレート）・縦書きコピー＋余白）","プロ（演出多め）"
"WEB-08573","パーソナルジム・フィットネスのコーポレートサイト（クール・テック・3Dオブジェクト/ジェネラティブ背景）","プロ（演出多め）"
"WEB-08574","スクール・オンライン講座のスクール・教室サイト（クール・テック・3Dオブジェクト/ジェネラティブ背景）","プロ（演出多め）"
"WEB-08575","士業（税理士・弁護士・行政書士）の採用サイト（信頼・誠実（コーポレート）・スクロール連動のストーリー）","プロ（演出多め）"
"WEB-08576","工務店・注文住宅・リフォームのブランドサイト（北欧・ライフスタイル・縦書きコピー＋余白）","上級"
"WEB-08577","美容クリニックのコーポレートサイト（ラグジュアリー・高級感・巨大コピー＋小さな写真）","上級"
"WEB-08578","アパレル・ファッションECのコーポレートサイト（信頼・誠実（コーポレート）・スクロール連動のストーリー）","プロ（演出多め）"
"WEB-08579","クラウドファンディング・新商品のコーポレートサイト（ジオメトリック・グラフィカル・ローディング演出→ロゴ→メインビジュアル）","プロ（演出多め）"
"WEB-08580","金融・保険・投資のコーポレートサイト（クール・テック・ローディング演出→ロゴ→メインビジュアル）","上級"
"WEB-08581","歯科医院のコーポレートサイト（ミニマル・洗練・ローディング演出→ロゴ→メインビジュアル）","プロ（演出多め）"
"WEB-08582","採用・求人の採用サイト（エディトリアル・雑誌風・散らばった写真コラージュ）","上級"
"WEB-08583","スマホアプリのサービスサイト（3D・クレイ・全画面ループ動画）","プロ（演出多め）"
"WEB-08584","コンサル・コーチングのポートフォリオ（個人/事務所）（ラグジュアリー・高級感・縦書きコピー＋余白）","上級"
"WEB-08585","工務店・注文住宅・リフォームのサービスサイト（ナチュラル・オーガニック・ローディング演出→ロゴ→メインビジュアル）","上級"
"WEB-08586","士業（税理士・弁護士・行政書士）のサービスサイト（信頼・誠実（コーポレート）・散らばった写真コラージュ）","プロ（演出多め）"
"WEB-08587","金融・保険・投資のブランドサイト（ミニマル・洗練・3Dオブジェクト/ジェネラティブ背景）","プロ（演出多め）"
"WEB-08588","ペット・トリミング・動物病院のブランドサイト（ナチュラル・オーガニック・全画面ループ動画）","プロ（演出多め）"
"WEB-08589","アパレル・ファッションECのECサイト（エディトリアル・雑誌風・3Dオブジェクト/ジェネラティブ背景）","上級"
"WEB-08590","ヨガ・ピラティスの店舗サイト（飲食・美容・サロン）（パステル・ドリーミー・巨大コピー＋小さな写真）","プロ（演出多め）"
"WEB-08591","アパレル・ファッションECのブランドサイト（ニューブルータリズム・画面2分割（写真｜コピー））","プロ（演出多め）"
"WEB-08592","コスメ・スキンケアのブランドサイト（ハンドメイド・手書き・3Dオブジェクト/ジェネラティブ背景）","上級"
"WEB-08593","エステ・脱毛サロンのコーポレートサイト（ミニマル・洗練・散らばった写真コラージュ）","上級"
"WEB-08594","AIサービス・スタートアップのオウンドメディア・ブログ（ネオン・サイバー・ローディング演出→ロゴ→メインビジュアル）","上級"
"WEB-08595","建築設計事務所のポートフォリオ（個人/事務所）（エディトリアル・雑誌風・散らばった写真コラージュ）","プロ（演出多め）"
"WEB-08596","観光・地域プロモーションのホテル・旅館サイト（ダーク・シネマティック・散らばった写真コラージュ）","プロ（演出多め）"
"WEB-08597","内科・クリニックのオウンドメディア・ブログ（北欧・ライフスタイル・3Dオブジェクト/ジェネラティブ背景）","上級"
"WEB-08598","ヨガ・ピラティスのサービスサイト（クール・テック・フェード/ズームのスライドショー）","プロ（演出多め）"
"WEB-08599","YouTuber・インフルエンサーの採用サイト（ネオン・サイバー・全画面ループ動画）","上級"
"WEB-08600","パーソナルジム・フィットネスのスクール・教室サイト（エネルギッシュ・スポーティ・縦書きコピー＋余白）","プロ（演出多め）"
"WEB-08601","コンサル・コーチングのサービスサイト（グラスモーフィズム・ローディング演出→ロゴ→メインビジュアル）","プロ（演出多め）"
"WEB-08602","スクール・オンライン講座のブランドサイト（3D・クレイ・縦書きコピー＋余白）","プロ（演出多め）"
"WEB-08603","パーソナルジム・フィットネスのコーポレートサイト（ダーク・シネマティック・縦書きコピー＋余白）","プロ（演出多め）"
"WEB-08604","工務店・注文住宅・リフォームの採用サイト（北欧・ライフスタイル・ローディング演出→ロゴ→メインビジュアル）","プロ（演出多め）"
"WEB-08605","不動産・マンションのブランドサイト（ラグジュアリー・高級感・散らばった写真コラージュ）","プロ（演出多め）"
"WEB-08606","スクール・オンライン講座のサービスサイト（クール・テック・フェード/ズームのスライドショー）","プロ（演出多め）"
"WEB-08607","農業・地方の生産者のオウンドメディア・ブログ（和モダン・全画面ループ動画）","プロ（演出多め）"
"WEB-08608","士業（税理士・弁護士・行政書士）のサービスサイト（レトロ・Y2K・フェード/ズームのスライドショー）","プロ（演出多め）"
"WEB-08609","カフェ・ベーカリーのブランドサイト（ハンドメイド・手書き・スクロール連動のストーリー）","上級"
"WEB-08610","YouTuber・インフルエンサーのポートフォリオ（個人/事務所）（かわいい・ガーリー・全画面ループ動画）","プロ（演出多め）"
"WEB-08611","金融・保険・投資のサービスサイト（ミニマル・洗練・縦書きコピー＋余白）","プロ（演出多め）"
"WEB-08612","コスメ・スキンケアのオウンドメディア・ブログ（エネルギッシュ・スポーティ・ローディング演出→ロゴ→メインビジュアル）","プロ（演出多め）"
"WEB-08613","アパレル・ファッションECの採用サイト（ラグジュアリー・高級感・スクロール連動のストーリー）","上級"
"WEB-08614","金融・保険・投資のサービスサイト（ミニマル・洗練・巨大コピー＋小さな写真）","上級"
"WEB-08615","パーソナルジム・フィットネスのサービスサイト（クール・テック・画面2分割（写真｜コピー））","上級"
"WEB-08616","ホテル・旅館のホテル・旅館サイト（和モダン・縦書きコピー＋余白）","上級"
"WEB-08617","Web制作・デザイン事務所のコーポレートサイト（ニューブルータリズム・ローディング演出→ロゴ→メインビジュアル）","上級"
"WEB-08618","保育園・幼児教育・習い事の採用サイト（ハンドメイド・手書き・ローディング演出→ロゴ→メインビジュアル）","上級"
"WEB-08619","自動車・バイクの採用サイト（ラグジュアリー・高級感・画面2分割（写真｜コピー））","プロ（演出多め）"
"WEB-08620","サウナ・温浴施設のコーポレートサイト（ニューブルータリズム・ローディング演出→ロゴ→メインビジュアル）","上級"
"WEB-08621","スクール・オンライン講座のサービスサイト（信頼・誠実（コーポレート）・フェード/ズームのスライドショー）","上級"
"WEB-08622","プログラミングスクールのサービスサイト（クール・テック・スクロール連動のストーリー）","プロ（演出多め）"
"WEB-08623","内科・クリニックのクリニック・医院サイト（ナチュラル・オーガニック・フェード/ズームのスライドショー）","プロ（演出多め）"
"WEB-08624","NPO・地方自治体のコーポレートサイト（ジオメトリック・グラフィカル・フェード/ズームのスライドショー）","上級"
"WEB-08625","美容室・ヘアサロンのポートフォリオ（個人/事務所）（ラグジュアリー・高級感・画面2分割（写真｜コピー））","プロ（演出多め）"
"WEB-08626","レストラン・居酒屋の採用サイト（レトロ・Y2K・散らばった写真コラージュ）","上級"
"WEB-08627","歯科医院のクリニック・医院サイト（信頼・誠実（コーポレート）・散らばった写真コラージュ）","プロ（演出多め）"
"WEB-08628","クラウドファンディング・新商品のオウンドメディア・ブログ（ポップ・カラフル・散らばった写真コラージュ）","上級"
"WEB-08629","ヨガ・ピラティスのブランドサイト（北欧・ライフスタイル・全画面ループ動画）","プロ（演出多め）"
"WEB-08630","YouTuber・インフルエンサーのサービスサイト（ネオン・サイバー・巨大コピー＋小さな写真）","プロ（演出多め）"
"WEB-08631","ペット・トリミング・動物病院のクリニック・医院サイト（ハンドメイド・手書き・全画面ループ動画）","プロ（演出多め）"
"WEB-08632","コスメ・スキンケアのオウンドメディア・ブログ（ミニマル・洗練・縦書きコピー＋余白）","上級"
"WEB-08633","Web制作・デザイン事務所のサービスサイト（ダーク・シネマティック・巨大コピー＋小さな写真）","プロ（演出多め）"
"WEB-08634","歯科医院のコーポレートサイト（ミニマル・洗練・3Dオブジェクト/ジェネラティブ背景）","上級"
"WEB-08635","引越し・生活サービスのコーポレートサイト（ポップ・カラフル・ローディング演出→ロゴ→メインビジュアル）","プロ（演出多め）"
"WEB-08636","プログラミングスクールの採用サイト（ポップ・カラフル・散らばった写真コラージュ）","プロ（演出多め）"
"WEB-08637","農業・地方の生産者の採用サイト（ナチュラル・オーガニック・縦書きコピー＋余白）","プロ（演出多め）"
"WEB-08638","SaaS・BtoBツールのオウンドメディア・ブログ（3D・クレイ・フェード/ズームのスライドショー）","プロ（演出多め）"
"WEB-08639","ウェディング・結婚相談所のオウンドメディア・ブログ（クール・テック・フェード/ズームのスライドショー）","プロ（演出多め）"
"WEB-08640","観光・地域プロモーションのオウンドメディア・ブログ（ナチュラル・オーガニック・巨大コピー＋小さな写真）","プロ（演出多め）"
"WEB-08641","ゲーム・eスポーツのコーポレートサイト（レトロ・Y2K・フェード/ズームのスライドショー）","プロ（演出多め）"
"WEB-08642","美容クリニックのサービスサイト（ミニマル・洗練・ローディング演出→ロゴ→メインビジュアル）","プロ（演出多め）"
"WEB-08643","アパレル・ファッションECのコーポレートサイト（ミニマル・洗練・スクロール連動のストーリー）","プロ（演出多め）"
"WEB-08644","英会話・語学のオウンドメディア・ブログ（エネルギッシュ・スポーティ・ローディング演出→ロゴ→メインビジュアル）","プロ（演出多め）"
"WEB-08645","建築設計事務所のコーポレートサイト（ミニマル・洗練・スクロール連動のストーリー）","プロ（演出多め）"
"WEB-08646","不動産・マンションの採用サイト（ラグジュアリー・高級感・ローディング演出→ロゴ→メインビジュアル）","プロ（演出多め）"
"WEB-08647","ペット・トリミング・動物病院のオウンドメディア・ブログ（信頼・誠実（コーポレート）・ローディング演出→ロゴ→メインビジュアル）","上級"
"WEB-08648","食品・産直ECのECサイト（グラスモーフィズム・画面2分割（写真｜コピー））","上級"
"WEB-08649","美容室・ヘアサロンの採用サイト（ラグジュアリー・高級感・全画面ループ動画）","上級"
"WEB-08650","SaaS・BtoBツールのオウンドメディア・ブログ（かわいい・ガーリー・縦書きコピー＋余白）","プロ（演出多め）"
"WEB-08651","コンサル・コーチングのオウンドメディア・ブログ（エディトリアル・雑誌風・巨大コピー＋小さな写真）","プロ（演出多め）"
"WEB-08652","プログラミングスクールの採用サイト（3D・クレイ・画面2分割（写真｜コピー））","プロ（演出多め）"
"WEB-08653","占い・スピリチュアルの採用サイト（パステル・ドリーミー・画面2分割（写真｜コピー））","上級"
"WEB-08654","カフェ・ベーカリーの採用サイト（ナチュラル・オーガニック・縦書きコピー＋余白）","プロ（演出多め）"
"WEB-08655","サウナ・温浴施設のホテル・旅館サイト（ナチュラル・オーガニック・3Dオブジェクト/ジェネラティブ背景）","プロ（演出多め）"
"WEB-08656","ゲーム・eスポーツの採用サイト（ダーク・シネマティック・フェード/ズームのスライドショー）","上級"
"WEB-08657","パーソナルジム・フィットネスのサービスサイト（クール・テック・散らばった写真コラージュ）","上級"
"WEB-08658","英会話・語学のコーポレートサイト（信頼・誠実（コーポレート）・縦書きコピー＋余白）","プロ（演出多め）"
"WEB-08659","工務店・注文住宅・リフォームのコーポレートサイト（かわいい・ガーリー・スクロール連動のストーリー）","上級"
"WEB-08660","アパレル・ファッションECの採用サイト（レトロ・Y2K・スクロール連動のストーリー）","プロ（演出多め）"
"WEB-08661","スマホアプリのオウンドメディア・ブログ（3D・クレイ・散らばった写真コラージュ）","プロ（演出多め）"
"WEB-08662","和菓子・スイーツのECサイト（エネルギッシュ・スポーティ・散らばった写真コラージュ）","上級"
"WEB-08663","ヨガ・ピラティスのブランドサイト（ミニマル・洗練・ローディング演出→ロゴ→メインビジュアル）","プロ（演出多め）"
"WEB-08664","スマホアプリのコーポレートサイト（グラスモーフィズム・巨大コピー＋小さな写真）","プロ（演出多め）"
"WEB-08665","金融・保険・投資の採用サイト（信頼・誠実（コーポレート）・散らばった写真コラージュ）","プロ（演出多め）"
"WEB-08666","観光・地域プロモーションのサービスサイト（ナチュラル・オーガニック・3Dオブジェクト/ジェネラティブ背景）","プロ（演出多め）"
"WEB-08667","英会話・語学のブランドサイト（エディトリアル・雑誌風・全画面ループ動画）","上級"
"WEB-08668","スマホアプリのサービスサイト（グラスモーフィズム・全画面ループ動画）","上級"
"WEB-08669","パーソナルジム・フィットネスのブランドサイト（ダーク・シネマティック・ローディング演出→ロゴ→メインビジュアル）","プロ（演出多め）"
"WEB-08670","ペット・トリミング・動物病院のコーポレートサイト（3D・クレイ・画面2分割（写真｜コピー））","プロ（演出多め）"
"WEB-08671","ペット・トリミング・動物病院のサービスサイト（ナチュラル・オーガニック・画面2分割（写真｜コピー））","プロ（演出多め）"
"WEB-08672","音楽・ライブ・イベントのイベント・フェスサイト（ネオン・サイバー・画面2分割（写真｜コピー））","プロ（演出多め）"
"WEB-08673","ゲーム・eスポーツのサービスサイト（ネオン・サイバー・縦書きコピー＋余白）","上級"
"WEB-08674","自動車・バイクのオウンドメディア・ブログ（エネルギッシュ・スポーティ・ローディング演出→ロゴ→メインビジュアル）","プロ（演出多め）"
"WEB-08675","ホテル・旅館のコーポレートサイト（ミニマル・洗練・全画面ループ動画）","プロ（演出多め）"
"WEB-08676","英会話・語学のオウンドメディア・ブログ（ポップ・カラフル・ローディング演出→ロゴ→メインビジュアル）","プロ（演出多め）"
"WEB-08677","ウェディング・結婚相談所のブランドサイト（エネルギッシュ・スポーティ・縦書きコピー＋余白）","上級"
"WEB-08678","美容クリニックのオウンドメディア・ブログ（ラグジュアリー・高級感・画面2分割（写真｜コピー））","上級"
"WEB-08679","カフェ・ベーカリーのサービスサイト（グラスモーフィズム・ローディング演出→ロゴ→メインビジュアル）","上級"
"WEB-08680","YouTuber・インフルエンサーのサービスサイト（ネオン・サイバー・スクロール連動のストーリー）","プロ（演出多め）"
"WEB-08681","スマホアプリのコーポレートサイト（レトロ・Y2K・ローディング演出→ロゴ→メインビジュアル）","プロ（演出多め）"
"WEB-08682","SaaS・BtoBツールのサービスサイト（3D・クレイ・3Dオブジェクト/ジェネラティブ背景）","プロ（演出多め）"
"WEB-08683","コスメ・スキンケアのブランドサイト（かわいい・ガーリー・スクロール連動のストーリー）","プロ（演出多め）"
"WEB-08684","エステ・脱毛サロンの採用サイト（ラグジュアリー・高級感・画面2分割（写真｜コピー））","プロ（演出多め）"
"WEB-08685","占い・スピリチュアルのサービスサイト（和モダン・スクロール連動のストーリー）","プロ（演出多め）"
"WEB-08686","スマホアプリのサービスサイト（和モダン・縦書きコピー＋余白）","プロ（演出多め）"
"WEB-08687","Web制作・デザイン事務所のポートフォリオ（個人/事務所）（クール・テック・画面2分割（写真｜コピー））","プロ（演出多め）"
"WEB-08688","レストラン・居酒屋のオウンドメディア・ブログ（エネルギッシュ・スポーティ・3Dオブジェクト/ジェネラティブ背景）","プロ（演出多め）"
"WEB-08689","食品・産直ECのブランドサイト（ポップ・カラフル・画面2分割（写真｜コピー））","上級"
"WEB-08690","歯科医院のブランドサイト（信頼・誠実（コーポレート）・画面2分割（写真｜コピー））","プロ（演出多め）"
"WEB-08691","AIサービス・スタートアップのコーポレートサイト（ミニマル・洗練・3Dオブジェクト/ジェネラティブ背景）","プロ（演出多め）"
"WEB-08692","AIサービス・スタートアップのオウンドメディア・ブログ（ミニマル・洗練・散らばった写真コラージュ）","上級"
"WEB-08693","AIサービス・スタートアップのブランドサイト（ミニマル・洗練・スクロール連動のストーリー）","プロ（演出多め）"
"WEB-08694","歯科医院のブランドサイト（信頼・誠実（コーポレート）・全画面ループ動画）","プロ（演出多め）"
"WEB-08695","アパレル・ファッションECのECサイト（ミニマル・洗練・フェード/ズームのスライドショー）","上級"
"WEB-08696","自動車・バイクのコーポレートサイト（クール・テック・全画面ループ動画）","上級"
"WEB-08697","YouTuber・インフルエンサーのポートフォリオ（個人/事務所）（ニューブルータリズム・全画面ループ動画）","上級"
"WEB-08698","歯科医院のブランドサイト（ミニマル・洗練・巨大コピー＋小さな写真）","プロ（演出多め）"
"WEB-08699","ウェディング・結婚相談所のサービスサイト（かわいい・ガーリー・縦書きコピー＋余白）","上級"
"WEB-08700","美容室・ヘアサロンのコーポレートサイト（かわいい・ガーリー・縦書きコピー＋余白）","プロ（演出多め）"
"WEB-08701","観光・地域プロモーションのコーポレートサイト（ハンドメイド・手書き・散らばった写真コラージュ）","上級"
"WEB-08702","農業・地方の生産者の自治体・観光協会サイト（ハンドメイド・手書き・スクロール連動のストーリー）","プロ（演出多め）"
"WEB-08703","内科・クリニックの採用サイト（北欧・ライフスタイル・ローディング演出→ロゴ→メインビジュアル）","上級"
"WEB-08704","美容クリニックの店舗サイト（飲食・美容・サロン）（ラグジュアリー・高級感・ローディング演出→ロゴ→メインビジュアル）","プロ（演出多め）"
"WEB-08705","ウェディング・結婚相談所のコーポレートサイト（パステル・ドリーミー・ローディング演出→ロゴ→メインビジュアル）","上級"
"WEB-08706","自動車・バイクの採用サイト（クール・テック・散らばった写真コラージュ）","プロ（演出多め）"
"WEB-08707","内科・クリニックのブランドサイト（北欧・ライフスタイル・ローディング演出→ロゴ→メインビジュアル）","プロ（演出多め）"
"WEB-08708","スクール・オンライン講座のオウンドメディア・ブログ（3D・クレイ・3Dオブジェクト/ジェネラティブ背景）","上級"
"WEB-08709","音楽・ライブ・イベントのサービスサイト（ネオン・サイバー・全画面ループ動画）","プロ（演出多め）"
"WEB-08710","アパレル・ファッションECのブランドサイト（レトロ・Y2K・全画面ループ動画）","上級"
"WEB-08711","観光・地域プロモーションのホテル・旅館サイト（ナチュラル・オーガニック・散らばった写真コラージュ）","プロ（演出多め）"
"WEB-08712","カフェ・ベーカリーの店舗サイト（飲食・美容・サロン）（ハンドメイド・手書き・散らばった写真コラージュ）","プロ（演出多め）"
"WEB-08713","ペット・トリミング・動物病院のクリニック・医院サイト（ハンドメイド・手書き・フェード/ズームのスライドショー）","プロ（演出多め）"
"WEB-08714","YouTuber・インフルエンサーのオウンドメディア・ブログ（ニューブルータリズム・全画面ループ動画）","プロ（演出多め）"
"WEB-08715","農業・地方の生産者のオウンドメディア・ブログ（ナチュラル・オーガニック・巨大コピー＋小さな写真）","プロ（演出多め）"
"WEB-08716","ホテル・旅館のホテル・旅館サイト（ネオン・サイバー・縦書きコピー＋余白）","上級"
"WEB-08717","自動車・バイクのサービスサイト（エネルギッシュ・スポーティ・3Dオブジェクト/ジェネラティブ背景）","プロ（演出多め）"
"WEB-08718","建築設計事務所のコーポレートサイト（ジオメトリック・グラフィカル・縦書きコピー＋余白）","プロ（演出多め）"
"WEB-08719","和菓子・スイーツのコーポレートサイト（パステル・ドリーミー・縦書きコピー＋余白）","プロ（演出多め）"
"WEB-08720","AIサービス・スタートアップのオウンドメディア・ブログ（クール・テック・3Dオブジェクト/ジェネラティブ背景）","上級"
"WEB-08721","不動産・マンションのブランドサイト（ラグジュアリー・高級感・縦書きコピー＋余白）","上級"
"WEB-08722","食品・産直ECのECサイト（和モダン・ローディング演出→ロゴ→メインビジュアル）","プロ（演出多め）"
"WEB-08723","保育園・幼児教育・習い事のスクール・教室サイト（ポップ・カラフル・散らばった写真コラージュ）","上級"
"WEB-08724","英会話・語学のブランドサイト（信頼・誠実（コーポレート）・散らばった写真コラージュ）","プロ（演出多め）"
"WEB-08725","内科・クリニックのサービスサイト（北欧・ライフスタイル・全画面ループ動画）","プロ（演出多め）"
"WEB-08726","パーソナルジム・フィットネスのブランドサイト（エネルギッシュ・スポーティ・巨大コピー＋小さな写真）","プロ（演出多め）"
"WEB-08727","占い・スピリチュアルのブランドサイト（ネオン・サイバー・ローディング演出→ロゴ→メインビジュアル）","プロ（演出多め）"
"WEB-08728","美容クリニックのクリニック・医院サイト（ミニマル・洗練・縦書きコピー＋余白）","上級"
"WEB-08729","観光・地域プロモーションのオウンドメディア・ブログ（レトロ・Y2K・縦書きコピー＋余白）","上級"
"WEB-08730","引越し・生活サービスのサービスサイト（信頼・誠実（コーポレート）・縦書きコピー＋余白）","上級"
"WEB-08731","コスメ・スキンケアのECサイト（ナチュラル・オーガニック・ローディング演出→ロゴ→メインビジュアル）","プロ（演出多め）"
"WEB-08732","YouTuber・インフルエンサーのブランドサイト（和モダン・スクロール連動のストーリー）","上級"
"WEB-08733","農業・地方の生産者のコーポレートサイト（3D・クレイ・ローディング演出→ロゴ→メインビジュアル）","プロ（演出多め）"
"WEB-08734","スクール・オンライン講座のオウンドメディア・ブログ（クール・テック・ローディング演出→ロゴ→メインビジュアル）","上級"
"WEB-08735","SaaS・BtoBツールのコーポレートサイト（ジオメトリック・グラフィカル・フェード/ズームのスライドショー）","上級"
"WEB-08736","内科・クリニックのサービスサイト（北欧・ライフスタイル・縦書きコピー＋余白）","上級"
"WEB-08737","NPO・地方自治体のサービスサイト（ジオメトリック・グラフィカル・散らばった写真コラージュ）","プロ（演出多め）"
"WEB-08738","観光・地域プロモーションの自治体・観光協会サイト（ハンドメイド・手書き・フェード/ズームのスライドショー）","プロ（演出多め）"
"WEB-08739","観光・地域プロモーションのホテル・旅館サイト（エディトリアル・雑誌風・画面2分割（写真｜コピー））","プロ（演出多め）"
"WEB-08740","クラウドファンディング・新商品のECサイト（ナチュラル・オーガニック・散らばった写真コラージュ）","上級"
"WEB-08741","コンサル・コーチングのブランドサイト（エディトリアル・雑誌風・散らばった写真コラージュ）","プロ（演出多め）"
"WEB-08742","観光・地域プロモーションの採用サイト（ナチュラル・オーガニック・画面2分割（写真｜コピー））","プロ（演出多め）"
"WEB-08743","自動車・バイクのブランドサイト（ラグジュアリー・高級感・散らばった写真コラージュ）","上級"
"WEB-08744","音楽・ライブ・イベントの採用サイト（和モダン・画面2分割（写真｜コピー））","プロ（演出多め）"
"WEB-08745","占い・スピリチュアルのサービスサイト（ダーク・シネマティック・画面2分割（写真｜コピー））","プロ（演出多め）"
"WEB-08746","採用・求人のブランドサイト（ポップ・カラフル・巨大コピー＋小さな写真）","上級"
"WEB-08747","アパレル・ファッションECのECサイト（ミニマル・洗練・ローディング演出→ロゴ→メインビジュアル）","上級"
"WEB-08748","美容室・ヘアサロンの店舗サイト（飲食・美容・サロン）（北欧・ライフスタイル・散らばった写真コラージュ）","プロ（演出多め）"
"WEB-08749","農業・地方の生産者の採用サイト（ハンドメイド・手書き・散らばった写真コラージュ）","上級"
"WEB-08750","ウェディング・結婚相談所のサービスサイト（かわいい・ガーリー・3Dオブジェクト/ジェネラティブ背景）","上級"
"WEB-08751","ウェディング・結婚相談所のコーポレートサイト（ラグジュアリー・高級感・全画面ループ動画）","上級"
"WEB-08752","建築設計事務所のサービスサイト（ジオメトリック・グラフィカル・スクロール連動のストーリー）","上級"
"WEB-08753","占い・スピリチュアルの採用サイト（ダーク・シネマティック・巨大コピー＋小さな写真）","プロ（演出多め）"
"WEB-08754","観光・地域プロモーションのコーポレートサイト（ダーク・シネマティック・縦書きコピー＋余白）","プロ（演出多め）"
"WEB-08755","ヨガ・ピラティスの採用サイト（北欧・ライフスタイル・縦書きコピー＋余白）","プロ（演出多め）"
"WEB-08756","コスメ・スキンケアのブランドサイト（ラグジュアリー・高級感・スクロール連動のストーリー）","プロ（演出多め）"
"WEB-08757","カフェ・ベーカリーの店舗サイト（飲食・美容・サロン）（ハンドメイド・手書き・全画面ループ動画）","上級"
"WEB-08758","サウナ・温浴施設のオウンドメディア・ブログ（和モダン・巨大コピー＋小さな写真）","プロ（演出多め）"
"WEB-08759","ペット・トリミング・動物病院の採用サイト（3D・クレイ・フェード/ズームのスライドショー）","プロ（演出多め）"
"WEB-08760","歯科医院のブランドサイト（ミニマル・洗練・巨大コピー＋小さな写真）","プロ（演出多め）"
"WEB-08761","観光・地域プロモーションの採用サイト（和モダン・画面2分割（写真｜コピー））","プロ（演出多め）"
"WEB-08762","ペット・トリミング・動物病院の採用サイト（ナチュラル・オーガニック・巨大コピー＋小さな写真）","上級"
"WEB-08763","Web制作・デザイン事務所の採用サイト（クール・テック・全画面ループ動画）","プロ（演出多め）"
"WEB-08764","アパレル・ファッションECの採用サイト（エディトリアル・雑誌風・3Dオブジェクト/ジェネラティブ背景）","プロ（演出多め）"
"WEB-08765","食品・産直ECのコーポレートサイト（和モダン・スクロール連動のストーリー）","プロ（演出多め）"
"WEB-08766","ホテル・旅館のホテル・旅館サイト（和モダン・スクロール連動のストーリー）","プロ（演出多め）"
"WEB-08767","士業（税理士・弁護士・行政書士）の採用サイト（信頼・誠実（コーポレート）・ローディング演出→ロゴ→メインビジュアル）","上級"
"WEB-08768","サウナ・温浴施設のコーポレートサイト（和モダン・全画面ループ動画）","プロ（演出多め）"
"WEB-08769","観光・地域プロモーションのイベント・フェスサイト（ナチュラル・オーガニック・散らばった写真コラージュ）","プロ（演出多め）"
"WEB-08770","スマホアプリのサービスサイト（ハンドメイド・手書き・巨大コピー＋小さな写真）","プロ（演出多め）"
"WEB-08771","アパレル・ファッションECのコーポレートサイト（3D・クレイ・画面2分割（写真｜コピー））","プロ（演出多め）"
"WEB-08772","美容クリニックの店舗サイト（飲食・美容・サロン）（信頼・誠実（コーポレート）・縦書きコピー＋余白）","プロ（演出多め）"
"WEB-08773","スクール・オンライン講座のサービスサイト（3D・クレイ・散らばった写真コラージュ）","プロ（演出多め）"
"WEB-08774","コスメ・スキンケアのECサイト（ナチュラル・オーガニック・巨大コピー＋小さな写真）","プロ（演出多め）"
"WEB-08775","美容室・ヘアサロンのブランドサイト（かわいい・ガーリー・巨大コピー＋小さな写真）","プロ（演出多め）"
"WEB-08776","ホテル・旅館のホテル・旅館サイト（和モダン・スクロール連動のストーリー）","プロ（演出多め）"
"WEB-08777","ホテル・旅館のオウンドメディア・ブログ（ミニマル・洗練・縦書きコピー＋余白）","プロ（演出多め）"
"WEB-08778","ウェディング・結婚相談所のコーポレートサイト（かわいい・ガーリー・巨大コピー＋小さな写真）","プロ（演出多め）"
"WEB-08779","AIサービス・スタートアップのオウンドメディア・ブログ（グラスモーフィズム・散らばった写真コラージュ）","プロ（演出多め）"
"WEB-08780","和菓子・スイーツのサービスサイト（和モダン・全画面ループ動画）","上級"
"WEB-08781","ホテル・旅館のサービスサイト（ミニマル・洗練・ローディング演出→ロゴ→メインビジュアル）","プロ（演出多め）"
"WEB-08782","コンサル・コーチングのポートフォリオ（個人/事務所）（ラグジュアリー・高級感・スクロール連動のストーリー）","上級"
"WEB-08783","エステ・脱毛サロンのサービスサイト（ネオン・サイバー・3Dオブジェクト/ジェネラティブ背景）","上級"
"WEB-08784","アパレル・ファッションECのオウンドメディア・ブログ（クール・テック・全画面ループ動画）","上級"
"WEB-08785","内科・クリニックのサービスサイト（北欧・ライフスタイル・巨大コピー＋小さな写真）","上級"
"WEB-08786","工務店・注文住宅・リフォームのサービスサイト（ナチュラル・オーガニック・散らばった写真コラージュ）","プロ（演出多め）"
"WEB-08787","美容室・ヘアサロンの採用サイト（北欧・ライフスタイル・3Dオブジェクト/ジェネラティブ背景）","プロ（演出多め）"
"WEB-08788","スクール・オンライン講座のブランドサイト（3D・クレイ・ローディング演出→ロゴ→メインビジュアル）","プロ（演出多め）"
"WEB-08789","スクール・オンライン講座のオウンドメディア・ブログ（クール・テック・縦書きコピー＋余白）","上級"
"WEB-08790","クラウドファンディング・新商品のオウンドメディア・ブログ（ダーク・シネマティック・ローディング演出→ロゴ→メインビジュアル）","プロ（演出多め）"
"WEB-08791","農業・地方の生産者のコーポレートサイト（ハンドメイド・手書き・全画面ループ動画）","プロ（演出多め）"
"WEB-08792","パーソナルジム・フィットネスのスクール・教室サイト（ダーク・シネマティック・画面2分割（写真｜コピー））","プロ（演出多め）"
"WEB-08793","プログラミングスクールのオウンドメディア・ブログ（クール・テック・ローディング演出→ロゴ→メインビジュアル）","上級"
"WEB-08794","SaaS・BtoBツールのコーポレートサイト（ミニマル・洗練・ローディング演出→ロゴ→メインビジュアル）","プロ（演出多め）"
"WEB-08795","美容室・ヘアサロンのブランドサイト（エディトリアル・雑誌風・ローディング演出→ロゴ→メインビジュアル）","プロ（演出多め）"
"WEB-08796","コスメ・スキンケアのコーポレートサイト（ナチュラル・オーガニック・全画面ループ動画）","上級"
"WEB-08797","ヨガ・ピラティスのブランドサイト（和モダン・フェード/ズームのスライドショー）","上級"
"WEB-08798","音楽・ライブ・イベントのオウンドメディア・ブログ（レトロ・Y2K・巨大コピー＋小さな写真）","プロ（演出多め）"
"WEB-08799","内科・クリニックのオウンドメディア・ブログ（信頼・誠実（コーポレート）・散らばった写真コラージュ）","プロ（演出多め）"
"WEB-08800","英会話・語学のサービスサイト（3D・クレイ・全画面ループ動画）","プロ（演出多め）"
"WEB-08801","コンサル・コーチングのポートフォリオ（個人/事務所）（和モダン・巨大コピー＋小さな写真）","プロ（演出多め）"
"WEB-08802","コスメ・スキンケアのブランドサイト（ナチュラル・オーガニック・フェード/ズームのスライドショー）","上級"
"WEB-08803","サウナ・温浴施設のサービスサイト（和モダン・全画面ループ動画）","上級"
"WEB-08804","建築設計事務所のブランドサイト（エディトリアル・雑誌風・フェード/ズームのスライドショー）","プロ（演出多め）"
"WEB-08805","コスメ・スキンケアの採用サイト（グラスモーフィズム・巨大コピー＋小さな写真）","プロ（演出多め）"
"WEB-08806","歯科医院のオウンドメディア・ブログ（ナチュラル・オーガニック・巨大コピー＋小さな写真）","プロ（演出多め）"
"WEB-08807","エステ・脱毛サロンのサービスサイト（パステル・ドリーミー・スクロール連動のストーリー）","プロ（演出多め）"
"WEB-08808","サウナ・温浴施設のブランドサイト（ニューブルータリズム・散らばった写真コラージュ）","上級"
"WEB-08809","クラウドファンディング・新商品のオウンドメディア・ブログ（ポップ・カラフル・巨大コピー＋小さな写真）","上級"
"WEB-08810","ウェディング・結婚相談所のサービスサイト（かわいい・ガーリー・3Dオブジェクト/ジェネラティブ背景）","プロ（演出多め）"
"WEB-08811","和菓子・スイーツのサービスサイト（パステル・ドリーミー・散らばった写真コラージュ）","プロ（演出多め）"
"WEB-08812","不動産・マンションのサービスサイト（ミニマル・洗練・フェード/ズームのスライドショー）","プロ（演出多め）"
"WEB-08813","レストラン・居酒屋の採用サイト（ダーク・シネマティック・画面2分割（写真｜コピー））","プロ（演出多め）"
"WEB-08814","観光・地域プロモーションのホテル・旅館サイト（和モダン・巨大コピー＋小さな写真）","プロ（演出多め）"
"WEB-08815","ウェディング・結婚相談所のサービスサイト（ミニマル・洗練・縦書きコピー＋余白）","プロ（演出多め）"
"WEB-08816","ヨガ・ピラティスのサービスサイト（パステル・ドリーミー・散らばった写真コラージュ）","プロ（演出多め）"
"WEB-08817","NPO・地方自治体のコーポレートサイト（ジオメトリック・グラフィカル・縦書きコピー＋余白）","プロ（演出多め）"
"WEB-08818","スマホアプリのサービスサイト（クール・テック・3Dオブジェクト/ジェネラティブ背景）","上級"
"WEB-08819","引越し・生活サービスのサービスサイト（ポップ・カラフル・3Dオブジェクト/ジェネラティブ背景）","プロ（演出多め）"
"WEB-08820","コンサル・コーチングのブランドサイト（ポップ・カラフル・3Dオブジェクト/ジェネラティブ背景）","プロ（演出多め）"
"WEB-08821","自動車・バイクのサービスサイト（信頼・誠実（コーポレート）・3Dオブジェクト/ジェネラティブ背景）","上級"
"WEB-08822","エステ・脱毛サロンの店舗サイト（飲食・美容・サロン）（パステル・ドリーミー・散らばった写真コラージュ）","上級"
"WEB-08823","英会話・語学のオウンドメディア・ブログ（ポップ・カラフル・スクロール連動のストーリー）","プロ（演出多め）"
"WEB-08824","美容クリニックのクリニック・医院サイト（ラグジュアリー・高級感・スクロール連動のストーリー）","上級"
"WEB-08825","内科・クリニックのサービスサイト（ナチュラル・オーガニック・画面2分割（写真｜コピー））","上級"
"WEB-08826","YouTuber・インフルエンサーの採用サイト（ネオン・サイバー・スクロール連動のストーリー）","プロ（演出多め）"
"WEB-08827","工務店・注文住宅・リフォームの採用サイト（グラスモーフィズム・全画面ループ動画）","プロ（演出多め）"
"WEB-08828","プログラミングスクールのオウンドメディア・ブログ（3D・クレイ・散らばった写真コラージュ）","上級"
"WEB-08829","不動産・マンションのオウンドメディア・ブログ（ラグジュアリー・高級感・縦書きコピー＋余白）","上級"
"WEB-08830","和菓子・スイーツのブランドサイト（ナチュラル・オーガニック・全画面ループ動画）","プロ（演出多め）"
"WEB-08831","ウェディング・結婚相談所のポートフォリオ（個人/事務所）（ラグジュアリー・高級感・巨大コピー＋小さな写真）","上級"
"WEB-08832","アパレル・ファッションECのオウンドメディア・ブログ（エディトリアル・雑誌風・巨大コピー＋小さな写真）","上級"
"WEB-08833","金融・保険・投資の採用サイト（ミニマル・洗練・画面2分割（写真｜コピー））","プロ（演出多め）"
"WEB-08834","ホテル・旅館のオウンドメディア・ブログ（和モダン・ローディング演出→ロゴ→メインビジュアル）","プロ（演出多め）"
"WEB-08835","美容室・ヘアサロンのポートフォリオ（個人/事務所）（北欧・ライフスタイル・全画面ループ動画）","上級"
"WEB-08836","コスメ・スキンケアのサービスサイト（パステル・ドリーミー・ローディング演出→ロゴ→メインビジュアル）","プロ（演出多め）"
"WEB-08837","YouTuber・インフルエンサーのコーポレートサイト（かわいい・ガーリー・巨大コピー＋小さな写真）","上級"
"WEB-08838","美容室・ヘアサロンのサービスサイト（ラグジュアリー・高級感・巨大コピー＋小さな写真）","プロ（演出多め）"
"WEB-08839","レストラン・居酒屋のブランドサイト（レトロ・Y2K・散らばった写真コラージュ）","プロ（演出多め）"
"WEB-08840","NPO・地方自治体のサービスサイト（ポップ・カラフル・巨大コピー＋小さな写真）","プロ（演出多め）"
"WEB-08841","内科・クリニックのコーポレートサイト（ラグジュアリー・高級感・ローディング演出→ロゴ→メインビジュアル）","プロ（演出多め）"
"WEB-08842","不動産・マンションのオウンドメディア・ブログ（ミニマル・洗練・3Dオブジェクト/ジェネラティブ背景）","上級"
"WEB-08843","不動産・マンションのオウンドメディア・ブログ（かわいい・ガーリー・全画面ループ動画）","プロ（演出多め）"
"WEB-08844","コンサル・コーチングの採用サイト（信頼・誠実（コーポレート）・スクロール連動のストーリー）","プロ（演出多め）"
"WEB-08845","工務店・注文住宅・リフォームのオウンドメディア・ブログ（ミニマル・洗練・縦書きコピー＋余白）","プロ（演出多め）"
"WEB-08846","SaaS・BtoBツールの採用サイト（3D・クレイ・巨大コピー＋小さな写真）","プロ（演出多め）"
"WEB-08847","パーソナルジム・フィットネスのオウンドメディア・ブログ（エネルギッシュ・スポーティ・全画面ループ動画）","プロ（演出多め）"
"WEB-08848","占い・スピリチュアルのオウンドメディア・ブログ（ダーク・シネマティック・スクロール連動のストーリー）","上級"
"WEB-08849","建築設計事務所のコーポレートサイト（ミニマル・洗練・散らばった写真コラージュ）","プロ（演出多め）"
"WEB-08850","SaaS・BtoBツールの採用サイト（ミニマル・洗練・巨大コピー＋小さな写真）","プロ（演出多め）"
"WEB-08851","ペット・トリミング・動物病院のオウンドメディア・ブログ（ハンドメイド・手書き・画面2分割（写真｜コピー））","上級"
"WEB-08852","アパレル・ファッションECのオウンドメディア・ブログ（ニューブルータリズム・フェード/ズームのスライドショー）","プロ（演出多め）"
"WEB-08853","スクール・オンライン講座のスクール・教室サイト（3D・クレイ・散らばった写真コラージュ）","上級"
"WEB-08854","和菓子・スイーツの店舗サイト（飲食・美容・サロン）（ナチュラル・オーガニック・巨大コピー＋小さな写真）","上級"
"WEB-08855","英会話・語学のオウンドメディア・ブログ（信頼・誠実（コーポレート）・3Dオブジェクト/ジェネラティブ背景）","プロ（演出多め）"
"WEB-08856","美容クリニックのオウンドメディア・ブログ（ダーク・シネマティック・散らばった写真コラージュ）","プロ（演出多め）"
"WEB-08857","コンサル・コーチングのコーポレートサイト（ミニマル・洗練・フェード/ズームのスライドショー）","プロ（演出多め）"
"WEB-08858","レストラン・居酒屋のコーポレートサイト（和モダン・散らばった写真コラージュ）","プロ（演出多め）"
"WEB-08859","引越し・生活サービスの採用サイト（信頼・誠実（コーポレート）・スクロール連動のストーリー）","プロ（演出多め）"
"WEB-08860","英会話・語学のコーポレートサイト（3D・クレイ・散らばった写真コラージュ）","プロ（演出多め）"
"WEB-08861","内科・クリニックのオウンドメディア・ブログ（信頼・誠実（コーポレート）・スクロール連動のストーリー）","上級"
"WEB-08862","パーソナルジム・フィットネスのコーポレートサイト（エネルギッシュ・スポーティ・ローディング演出→ロゴ→メインビジュアル）","プロ（演出多め）"
"WEB-08863","サウナ・温浴施設の採用サイト（ナチュラル・オーガニック・3Dオブジェクト/ジェネラティブ背景）","上級"
"WEB-08864","工務店・注文住宅・リフォームのオウンドメディア・ブログ（ナチュラル・オーガニック・散らばった写真コラージュ）","プロ（演出多め）"
"WEB-08865","自動車・バイクのオウンドメディア・ブログ（ダーク・シネマティック・全画面ループ動画）","プロ（演出多め）"
"WEB-08866","コンサル・コーチングのサービスサイト（信頼・誠実（コーポレート）・ローディング演出→ロゴ→メインビジュアル）","上級"
"WEB-08867","建築設計事務所のポートフォリオ（個人/事務所）（パステル・ドリーミー・画面2分割（写真｜コピー））","上級"
"WEB-08868","YouTuber・インフルエンサーのブランドサイト（ネオン・サイバー・3Dオブジェクト/ジェネラティブ背景）","プロ（演出多め）"
"WEB-08869","パーソナルジム・フィットネスのスクール・教室サイト（エネルギッシュ・スポーティ・縦書きコピー＋余白）","プロ（演出多め）"
"WEB-08870","クラウドファンディング・新商品のサービスサイト（クール・テック・全画面ループ動画）","上級"
"WEB-08871","工務店・注文住宅・リフォームのブランドサイト（信頼・誠実（コーポレート）・ローディング演出→ロゴ→メインビジュアル）","上級"
"WEB-08872","ペット・トリミング・動物病院の店舗サイト（飲食・美容・サロン）（3D・クレイ・巨大コピー＋小さな写真）","上級"
"WEB-08873","歯科医院のクリニック・医院サイト（ダーク・シネマティック・巨大コピー＋小さな写真）","上級"
"WEB-08874","農業・地方の生産者のECサイト（ハンドメイド・手書き・巨大コピー＋小さな写真）","プロ（演出多め）"
"WEB-08875","和菓子・スイーツのECサイト（パステル・ドリーミー・フェード/ズームのスライドショー）","プロ（演出多め）"
"WEB-08876","Web制作・デザイン事務所のオウンドメディア・ブログ（クール・テック・画面2分割（写真｜コピー））","プロ（演出多め）"
"WEB-08877","自動車・バイクのサービスサイト（ダーク・シネマティック・全画面ループ動画）","プロ（演出多め）"
"WEB-08878","YouTuber・インフルエンサーのイベント・フェスサイト（ダーク・シネマティック・巨大コピー＋小さな写真）","プロ（演出多め）"
"WEB-08879","保育園・幼児教育・習い事のスクール・教室サイト（かわいい・ガーリー・全画面ループ動画）","上級"
"WEB-08880","サウナ・温浴施設のコーポレートサイト（和モダン・縦書きコピー＋余白）","プロ（演出多め）"
"WEB-08881","音楽・ライブ・イベントのサービスサイト（レトロ・Y2K・縦書きコピー＋余白）","プロ（演出多め）"
"WEB-08882","スマホアプリのサービスサイト（3D・クレイ・巨大コピー＋小さな写真）","プロ（演出多め）"
"WEB-08883","エステ・脱毛サロンのオウンドメディア・ブログ（かわいい・ガーリー・3Dオブジェクト/ジェネラティブ背景）","プロ（演出多め）"
"WEB-08884","エステ・脱毛サロンのオウンドメディア・ブログ（パステル・ドリーミー・フェード/ズームのスライドショー）","プロ（演出多め）"
"WEB-08885","自動車・バイクのサービスサイト（ラグジュアリー・高級感・フェード/ズームのスライドショー）","上級"
"WEB-08886","不動産・マンションのサービスサイト（ラグジュアリー・高級感・ローディング演出→ロゴ→メインビジュアル）","プロ（演出多め）"
"WEB-08887","パーソナルジム・フィットネスのコーポレートサイト（ダーク・シネマティック・フェード/ズームのスライドショー）","プロ（演出多め）"
"WEB-08888","金融・保険・投資のブランドサイト（ミニマル・洗練・フェード/ズームのスライドショー）","上級"
"WEB-08889","保育園・幼児教育・習い事のコーポレートサイト（かわいい・ガーリー・スクロール連動のストーリー）","プロ（演出多め）"
"WEB-08890","スクール・オンライン講座のサービスサイト（ポップ・カラフル・画面2分割（写真｜コピー））","上級"
"WEB-08891","美容室・ヘアサロンのオウンドメディア・ブログ（北欧・ライフスタイル・画面2分割（写真｜コピー））","プロ（演出多め）"
"WEB-08892","コスメ・スキンケアのブランドサイト（ナチュラル・オーガニック・画面2分割（写真｜コピー））","プロ（演出多め）"
"WEB-08893","サウナ・温浴施設の店舗サイト（飲食・美容・サロン）（ラグジュアリー・高級感・全画面ループ動画）","上級"
"WEB-08894","ウェディング・結婚相談所の採用サイト（エディトリアル・雑誌風・フェード/ズームのスライドショー）","プロ（演出多め）"
"WEB-08895","引越し・生活サービスのサービスサイト（ナチュラル・オーガニック・巨大コピー＋小さな写真）","プロ（演出多め）"
"WEB-08896","採用・求人の採用サイト（信頼・誠実（コーポレート）・フェード/ズームのスライドショー）","プロ（演出多め）"
"WEB-08897","NPO・地方自治体のコーポレートサイト（ナチュラル・オーガニック・巨大コピー＋小さな写真）","上級"
"WEB-08898","YouTuber・インフルエンサーのポートフォリオ（個人/事務所）（ポップ・カラフル・散らばった写真コラージュ）","プロ（演出多め）"
"WEB-08899","ペット・トリミング・動物病院の採用サイト（かわいい・ガーリー・画面2分割（写真｜コピー））","プロ（演出多め）"
"WEB-08900","サウナ・温浴施設のコーポレートサイト（ニューブルータリズム・フェード/ズームのスライドショー）","上級"
"WEB-08901","ホテル・旅館のオウンドメディア・ブログ（ニューブルータリズム・画面2分割（写真｜コピー））","上級"
"WEB-08902","サウナ・温浴施設のサービスサイト（ナチュラル・オーガニック・縦書きコピー＋余白）","プロ（演出多め）"
"WEB-08903","自動車・バイクのコーポレートサイト（3D・クレイ・3Dオブジェクト/ジェネラティブ背景）","プロ（演出多め）"
"WEB-08904","エステ・脱毛サロンのオウンドメディア・ブログ（ミニマル・洗練・全画面ループ動画）","上級"
"WEB-08905","美容室・ヘアサロンの店舗サイト（飲食・美容・サロン）（かわいい・ガーリー・巨大コピー＋小さな写真）","上級"
"WEB-08906","和菓子・スイーツのブランドサイト（かわいい・ガーリー・巨大コピー＋小さな写真）","プロ（演出多め）"
"WEB-08907","スマホアプリのコーポレートサイト（ポップ・カラフル・画面2分割（写真｜コピー））","プロ（演出多め）"
"WEB-08908","不動産・マンションの採用サイト（信頼・誠実（コーポレート）・フェード/ズームのスライドショー）","プロ（演出多め）"
"WEB-08909","自動車・バイクのブランドサイト（ダーク・シネマティック・画面2分割（写真｜コピー））","プロ（演出多め）"
"WEB-08910","和菓子・スイーツの採用サイト（ナチュラル・オーガニック・縦書きコピー＋余白）","上級"
"WEB-08911","AIサービス・スタートアップのオウンドメディア・ブログ（クール・テック・ローディング演出→ロゴ→メインビジュアル）","プロ（演出多め）"
"WEB-08912","AIサービス・スタートアップの採用サイト（クール・テック・ローディング演出→ロゴ→メインビジュアル）","プロ（演出多め）"
"WEB-08913","内科・クリニックのブランドサイト（北欧・ライフスタイル・巨大コピー＋小さな写真）","プロ（演出多め）"
"WEB-08914","ウェディング・結婚相談所のサービスサイト（ミニマル・洗練・スクロール連動のストーリー）","上級"
"WEB-08915","サウナ・温浴施設のオウンドメディア・ブログ（ニューブルータリズム・スクロール連動のストーリー）","プロ（演出多め）"
"WEB-08916","歯科医院のオウンドメディア・ブログ（ミニマル・洗練・画面2分割（写真｜コピー））","プロ（演出多め）"
"WEB-08917","AIサービス・スタートアップのコーポレートサイト（ラグジュアリー・高級感・ローディング演出→ロゴ→メインビジュアル）","プロ（演出多め）"
"WEB-08918","レストラン・居酒屋のサービスサイト（エネルギッシュ・スポーティ・ローディング演出→ロゴ→メインビジュアル）","プロ（演出多め）"
"WEB-08919","音楽・ライブ・イベントの採用サイト（ネオン・サイバー・フェード/ズームのスライドショー）","プロ（演出多め）"
"WEB-08920","農業・地方の生産者のオウンドメディア・ブログ（ナチュラル・オーガニック・フェード/ズームのスライドショー）","プロ（演出多め）"
"WEB-08921","レストラン・居酒屋のコーポレートサイト（グラスモーフィズム・散らばった写真コラージュ）","プロ（演出多め）"
"WEB-08922","農業・地方の生産者のオウンドメディア・ブログ（和モダン・フェード/ズームのスライドショー）","プロ（演出多め）"
"WEB-08923","SaaS・BtoBツールの採用サイト（クール・テック・画面2分割（写真｜コピー））","プロ（演出多め）"
"WEB-08924","スマホアプリの採用サイト（ポップ・カラフル・スクロール連動のストーリー）","上級"
"WEB-08925","和菓子・スイーツのECサイト（パステル・ドリーミー・フェード/ズームのスライドショー）","プロ（演出多め）"
"WEB-08926","スマホアプリのコーポレートサイト（3D・クレイ・全画面ループ動画）","上級"
"WEB-08927","スクール・オンライン講座の採用サイト（ニューブルータリズム・画面2分割（写真｜コピー））","プロ（演出多め）"
"WEB-08928","スマホアプリのコーポレートサイト（3D・クレイ・散らばった写真コラージュ）","上級"
"WEB-08929","クラウドファンディング・新商品のコーポレートサイト（クール・テック・巨大コピー＋小さな写真）","上級"
"WEB-08930","エステ・脱毛サロンのブランドサイト（パステル・ドリーミー・画面2分割（写真｜コピー））","プロ（演出多め）"
"WEB-08931","美容クリニックの採用サイト（信頼・誠実（コーポレート）・スクロール連動のストーリー）","プロ（演出多め）"
"WEB-08932","金融・保険・投資のサービスサイト（ミニマル・洗練・3Dオブジェクト/ジェネラティブ背景）","上級"
"WEB-08933","カフェ・ベーカリーのブランドサイト（ハンドメイド・手書き・ローディング演出→ロゴ→メインビジュアル）","プロ（演出多め）"
"WEB-08934","音楽・ライブ・イベントのコーポレートサイト（ラグジュアリー・高級感・スクロール連動のストーリー）","プロ（演出多め）"
"WEB-08935","保育園・幼児教育・習い事のサービスサイト（かわいい・ガーリー・巨大コピー＋小さな写真）","プロ（演出多め）"
"WEB-08936","工務店・注文住宅・リフォームのオウンドメディア・ブログ（ナチュラル・オーガニック・ローディング演出→ロゴ→メインビジュアル）","プロ（演出多め）"
"WEB-08937","英会話・語学のブランドサイト（ラグジュアリー・高級感・ローディング演出→ロゴ→メインビジュアル）","プロ（演出多め）"
"WEB-08938","プログラミングスクールのスクール・教室サイト（エディトリアル・雑誌風・画面2分割（写真｜コピー））","上級"
"WEB-08939","歯科医院のブランドサイト（信頼・誠実（コーポレート）・全画面ループ動画）","プロ（演出多め）"
"WEB-08940","SaaS・BtoBツールの採用サイト（ネオン・サイバー・全画面ループ動画）","プロ（演出多め）"
"WEB-08941","自動車・バイクの採用サイト（ラグジュアリー・高級感・スクロール連動のストーリー）","上級"
"WEB-08942","ゲーム・eスポーツのサービスサイト（レトロ・Y2K・ローディング演出→ロゴ→メインビジュアル）","プロ（演出多め）"
"WEB-08943","不動産・マンションのサービスサイト（信頼・誠実（コーポレート）・画面2分割（写真｜コピー））","プロ（演出多め）"
"WEB-08944","ゲーム・eスポーツのサービスサイト（ダーク・シネマティック・散らばった写真コラージュ）","プロ（演出多め）"
"WEB-08945","コンサル・コーチングのサービスサイト（信頼・誠実（コーポレート）・フェード/ズームのスライドショー）","上級"
"WEB-08946","エステ・脱毛サロンのオウンドメディア・ブログ（かわいい・ガーリー・縦書きコピー＋余白）","上級"
"WEB-08947","保育園・幼児教育・習い事のスクール・教室サイト（ナチュラル・オーガニック・3Dオブジェクト/ジェネラティブ背景）","プロ（演出多め）"
"WEB-08948","コスメ・スキンケアの採用サイト（ラグジュアリー・高級感・画面2分割（写真｜コピー））","上級"
"WEB-08949","ウェディング・結婚相談所のサービスサイト（ミニマル・洗練・巨大コピー＋小さな写真）","プロ（演出多め）"
"WEB-08950","プログラミングスクールのスクール・教室サイト（ポップ・カラフル・スクロール連動のストーリー）","プロ（演出多め）"
"WEB-08951","歯科医院のサービスサイト（信頼・誠実（コーポレート）・3Dオブジェクト/ジェネラティブ背景）","プロ（演出多め）"
"WEB-08952","ヨガ・ピラティスの採用サイト（パステル・ドリーミー・縦書きコピー＋余白）","プロ（演出多め）"
"WEB-08953","AIサービス・スタートアップのブランドサイト（グラスモーフィズム・3Dオブジェクト/ジェネラティブ背景）","上級"
"WEB-08954","食品・産直ECのECサイト（ポップ・カラフル・スクロール連動のストーリー）","プロ（演出多め）"
"WEB-08955","士業（税理士・弁護士・行政書士）のコーポレートサイト（信頼・誠実（コーポレート）・ローディング演出→ロゴ→メインビジュアル）","プロ（演出多め）"
"WEB-08956","保育園・幼児教育・習い事のスクール・教室サイト（ハンドメイド・手書き・スクロール連動のストーリー）","上級"
"WEB-08957","美容室・ヘアサロンの店舗サイト（飲食・美容・サロン）（ミニマル・洗練・全画面ループ動画）","上級"
"WEB-08958","クラウドファンディング・新商品のサービスサイト（ナチュラル・オーガニック・画面2分割（写真｜コピー））","上級"
"WEB-08959","Web制作・デザイン事務所のコーポレートサイト（ダーク・シネマティック・3Dオブジェクト/ジェネラティブ背景）","上級"
"WEB-08960","金融・保険・投資のブランドサイト（信頼・誠実（コーポレート）・散らばった写真コラージュ）","プロ（演出多め）"
"WEB-08961","金融・保険・投資のサービスサイト（和モダン・縦書きコピー＋余白）","プロ（演出多め）"
"WEB-08962","保育園・幼児教育・習い事のサービスサイト（ナチュラル・オーガニック・3Dオブジェクト/ジェネラティブ背景）","プロ（演出多め）"
"WEB-08963","Web制作・デザイン事務所のサービスサイト（クール・テック・スクロール連動のストーリー）","プロ（演出多め）"
"WEB-08964","不動産・マンションのオウンドメディア・ブログ（信頼・誠実（コーポレート）・3Dオブジェクト/ジェネラティブ背景）","プロ（演出多め）"
"WEB-08965","内科・クリニックのクリニック・医院サイト（信頼・誠実（コーポレート）・スクロール連動のストーリー）","プロ（演出多め）"
"WEB-08966","AIサービス・スタートアップのサービスサイト（ダーク・シネマティック・フェード/ズームのスライドショー）","プロ（演出多め）"
"WEB-08967","歯科医院のブランドサイト（信頼・誠実（コーポレート）・スクロール連動のストーリー）","上級"
"WEB-08968","占い・スピリチュアルのコーポレートサイト（和モダン・全画面ループ動画）","プロ（演出多め）"
"WEB-08969","レストラン・居酒屋のブランドサイト（ラグジュアリー・高級感・画面2分割（写真｜コピー））","上級"
"WEB-08970","SaaS・BtoBツールの採用サイト（信頼・誠実（コーポレート）・画面2分割（写真｜コピー））","プロ（演出多め）"
"WEB-08971","美容室・ヘアサロンのサービスサイト（北欧・ライフスタイル・巨大コピー＋小さな写真）","上級"
"WEB-08972","内科・クリニックのクリニック・医院サイト（ナチュラル・オーガニック・画面2分割（写真｜コピー））","プロ（演出多め）"
"WEB-08973","アパレル・ファッションECのサービスサイト（エディトリアル・雑誌風・ローディング演出→ロゴ→メインビジュアル）","プロ（演出多め）"
"WEB-08974","金融・保険・投資のサービスサイト（ニューブルータリズム・3Dオブジェクト/ジェネラティブ背景）","プロ（演出多め）"
"WEB-08975","YouTuber・インフルエンサーのポートフォリオ（個人/事務所）（和モダン・画面2分割（写真｜コピー））","プロ（演出多め）"
"WEB-08976","美容室・ヘアサロンの採用サイト（ラグジュアリー・高級感・フェード/ズームのスライドショー）","上級"
"WEB-08977","保育園・幼児教育・習い事のサービスサイト（ミニマル・洗練・画面2分割（写真｜コピー））","プロ（演出多め）"
"WEB-08978","占い・スピリチュアルのコーポレートサイト（ラグジュアリー・高級感・縦書きコピー＋余白）","プロ（演出多め）"
"WEB-08979","コスメ・スキンケアのサービスサイト（ナチュラル・オーガニック・ローディング演出→ロゴ→メインビジュアル）","プロ（演出多め）"
"WEB-08980","コンサル・コーチングのブランドサイト（ラグジュアリー・高級感・散らばった写真コラージュ）","プロ（演出多め）"
"WEB-08981","YouTuber・インフルエンサーのポートフォリオ（個人/事務所）（ポップ・カラフル・散らばった写真コラージュ）","プロ（演出多め）"
"WEB-08982","金融・保険・投資のコーポレートサイト（ミニマル・洗練・フェード/ズームのスライドショー）","プロ（演出多め）"
"WEB-08983","英会話・語学のコーポレートサイト（3D・クレイ・ローディング演出→ロゴ→メインビジュアル）","プロ（演出多め）"
"WEB-08984","サウナ・温浴施設のブランドサイト（和モダン・巨大コピー＋小さな写真）","プロ（演出多め）"
"WEB-08985","スマホアプリのコーポレートサイト（ポップ・カラフル・スクロール連動のストーリー）","プロ（演出多め）"
"WEB-08986","英会話・語学のスクール・教室サイト（3D・クレイ・3Dオブジェクト/ジェネラティブ背景）","プロ（演出多め）"
"WEB-08987","美容室・ヘアサロンのブランドサイト（ミニマル・洗練・フェード/ズームのスライドショー）","プロ（演出多め）"
"WEB-08988","ペット・トリミング・動物病院のサービスサイト（ナチュラル・オーガニック・ローディング演出→ロゴ→メインビジュアル）","プロ（演出多め）"
"WEB-08989","コスメ・スキンケアの採用サイト（ラグジュアリー・高級感・フェード/ズームのスライドショー）","上級"
"WEB-08990","スマホアプリのブランドサイト（グラスモーフィズム・全画面ループ動画）","プロ（演出多め）"
"WEB-08991","音楽・ライブ・イベントのサービスサイト（3D・クレイ・スクロール連動のストーリー）","プロ（演出多め）"
"WEB-08992","NPO・地方自治体のサービスサイト（ジオメトリック・グラフィカル・巨大コピー＋小さな写真）","上級"
"WEB-08993","音楽・ライブ・イベントのイベント・フェスサイト（レトロ・Y2K・フェード/ズームのスライドショー）","上級"
"WEB-08994","建築設計事務所のオウンドメディア・ブログ（ジオメトリック・グラフィカル・3Dオブジェクト/ジェネラティブ背景）","プロ（演出多め）"
"WEB-08995","パーソナルジム・フィットネスのサービスサイト（クール・テック・全画面ループ動画）","上級"
"WEB-08996","レストラン・居酒屋のオウンドメディア・ブログ（和モダン・縦書きコピー＋余白）","上級"
"WEB-08997","自動車・バイクのサービスサイト（エネルギッシュ・スポーティ・縦書きコピー＋余白）","プロ（演出多め）"
"WEB-08998","SaaS・BtoBツールの採用サイト（ミニマル・洗練・ローディング演出→ロゴ→メインビジュアル）","プロ（演出多め）"
"WEB-08999","プログラミングスクールのスクール・教室サイト（ポップ・カラフル・画面2分割（写真｜コピー））","プロ（演出多め）"
"WEB-09000","プログラミングスクールのサービスサイト（ネオン・サイバー・縦書きコピー＋余白）","プロ（演出多め）"
"WEB-09001","クラウドファンディング・新商品のECサイト（ダーク・シネマティック・巨大コピー＋小さな写真）","プロ（演出多め）"
"WEB-09002","パーソナルジム・フィットネスのコーポレートサイト（パステル・ドリーミー・縦書きコピー＋余白）","上級"
"WEB-09003","レストラン・居酒屋のオウンドメディア・ブログ（ラグジュアリー・高級感・フェード/ズームのスライドショー）","プロ（演出多め）"
"WEB-09004","占い・スピリチュアルのオウンドメディア・ブログ（パステル・ドリーミー・3Dオブジェクト/ジェネラティブ背景）","プロ（演出多め）"
"WEB-09005","ウェディング・結婚相談所のポートフォリオ（個人/事務所）（ジオメトリック・グラフィカル・散らばった写真コラージュ）","プロ（演出多め）"
"WEB-09006","パーソナルジム・フィットネスのブランドサイト（エネルギッシュ・スポーティ・巨大コピー＋小さな写真）","プロ（演出多め）"
"WEB-09007","YouTuber・インフルエンサーの採用サイト（エディトリアル・雑誌風・画面2分割（写真｜コピー））","プロ（演出多め）"
"WEB-09008","プログラミングスクールのスクール・教室サイト（ネオン・サイバー・ローディング演出→ロゴ→メインビジュアル）","上級"
"WEB-09009","観光・地域プロモーションのブランドサイト（ダーク・シネマティック・巨大コピー＋小さな写真）","上級"
"WEB-09010","ウェディング・結婚相談所の採用サイト（パステル・ドリーミー・巨大コピー＋小さな写真）","プロ（演出多め）"
"WEB-09011","士業（税理士・弁護士・行政書士）のコーポレートサイト（信頼・誠実（コーポレート）・縦書きコピー＋余白）","プロ（演出多め）"
"WEB-09012","自動車・バイクのサービスサイト（クール・テック・散らばった写真コラージュ）","上級"
"WEB-09013","採用・求人の採用サイト（ジオメトリック・グラフィカル・ローディング演出→ロゴ→メインビジュアル）","上級"
"WEB-09014","コスメ・スキンケアのオウンドメディア・ブログ（ナチュラル・オーガニック・全画面ループ動画）","上級"
"WEB-09015","英会話・語学のブランドサイト（ポップ・カラフル・ローディング演出→ロゴ→メインビジュアル）","プロ（演出多め）"
"WEB-09016","アパレル・ファッションECのオウンドメディア・ブログ（ポップ・カラフル・縦書きコピー＋余白）","上級"
"WEB-09017","ゲーム・eスポーツのオウンドメディア・ブログ（エネルギッシュ・スポーティ・画面2分割（写真｜コピー））","上級"
"WEB-09018","スマホアプリのブランドサイト（かわいい・ガーリー・散らばった写真コラージュ）","プロ（演出多め）"
"WEB-09019","パーソナルジム・フィットネスのコーポレートサイト（ダーク・シネマティック・3Dオブジェクト/ジェネラティブ背景）","プロ（演出多め）"
"WEB-09020","金融・保険・投資のサービスサイト（信頼・誠実（コーポレート）・散らばった写真コラージュ）","上級"
"WEB-09021","引越し・生活サービスのブランドサイト（ポップ・カラフル・散らばった写真コラージュ）","上級"
"WEB-09022","建築設計事務所のポートフォリオ（個人/事務所）（エディトリアル・雑誌風・巨大コピー＋小さな写真）","プロ（演出多め）"
"WEB-09023","AIサービス・スタートアップのコーポレートサイト（グラスモーフィズム・画面2分割（写真｜コピー））","プロ（演出多め）"
"WEB-09024","士業（税理士・弁護士・行政書士）のコーポレートサイト（ミニマル・洗練・画面2分割（写真｜コピー））","上級"
"WEB-09025","美容室・ヘアサロンのオウンドメディア・ブログ（かわいい・ガーリー・スクロール連動のストーリー）","プロ（演出多め）"
"WEB-09026","内科・クリニックのオウンドメディア・ブログ（信頼・誠実（コーポレート）・巨大コピー＋小さな写真）","プロ（演出多め）"
"WEB-09027","YouTuber・インフルエンサーのポートフォリオ（個人/事務所）（ポップ・カラフル・縦書きコピー＋余白）","プロ（演出多め）"
"WEB-09028","NPO・地方自治体のイベント・フェスサイト（ニューブルータリズム・3Dオブジェクト/ジェネラティブ背景）","プロ（演出多め）"
"WEB-09029","NPO・地方自治体のイベント・フェスサイト（ジオメトリック・グラフィカル・全画面ループ動画）","上級"
"WEB-09030","AIサービス・スタートアップのブランドサイト（グラスモーフィズム・フェード/ズームのスライドショー）","プロ（演出多め）"
"WEB-09031","建築設計事務所のブランドサイト（エディトリアル・雑誌風・フェード/ズームのスライドショー）","プロ（演出多め）"
"WEB-09032","YouTuber・インフルエンサーの採用サイト（ネオン・サイバー・縦書きコピー＋余白）","上級"
"WEB-09033","士業（税理士・弁護士・行政書士）のコーポレートサイト（信頼・誠実（コーポレート）・3Dオブジェクト/ジェネラティブ背景）","プロ（演出多め）"
"WEB-09034","Web制作・デザイン事務所のブランドサイト（ニューブルータリズム・スクロール連動のストーリー）","プロ（演出多め）"
"WEB-09035","パーソナルジム・フィットネスのオウンドメディア・ブログ（ポップ・カラフル・ローディング演出→ロゴ→メインビジュアル）","プロ（演出多め）"
"WEB-09036","食品・産直ECのオウンドメディア・ブログ（ポップ・カラフル・ローディング演出→ロゴ→メインビジュアル）","プロ（演出多め）"
"WEB-09037","Web制作・デザイン事務所のコーポレートサイト（クール・テック・フェード/ズームのスライドショー）","上級"
"WEB-09038","美容室・ヘアサロンのコーポレートサイト（ミニマル・洗練・全画面ループ動画）","プロ（演出多め）"
"WEB-09039","ホテル・旅館のオウンドメディア・ブログ（ダーク・シネマティック・縦書きコピー＋余白）","上級"
"WEB-09040","内科・クリニックのコーポレートサイト（信頼・誠実（コーポレート）・散らばった写真コラージュ）","上級"
"WEB-09041","美容クリニックのクリニック・医院サイト（ミニマル・洗練・フェード/ズームのスライドショー）","プロ（演出多め）"
"WEB-09042","建築設計事務所の採用サイト（ジオメトリック・グラフィカル・巨大コピー＋小さな写真）","プロ（演出多め）"
"WEB-09043","エステ・脱毛サロンの採用サイト（ラグジュアリー・高級感・3Dオブジェクト/ジェネラティブ背景）","プロ（演出多め）"
"WEB-09044","採用・求人のサービスサイト（ジオメトリック・グラフィカル・ローディング演出→ロゴ→メインビジュアル）","プロ（演出多め）"
"WEB-09045","歯科医院のコーポレートサイト（信頼・誠実（コーポレート）・ローディング演出→ロゴ→メインビジュアル）","プロ（演出多め）"
"WEB-09046","エステ・脱毛サロンのコーポレートサイト（ミニマル・洗練・散らばった写真コラージュ）","プロ（演出多め）"
"WEB-09047","保育園・幼児教育・習い事のコーポレートサイト（かわいい・ガーリー・縦書きコピー＋余白）","プロ（演出多め）"
"WEB-09048","プログラミングスクールのブランドサイト（クール・テック・縦書きコピー＋余白）","上級"
"WEB-09049","クラウドファンディング・新商品のブランドサイト（ミニマル・洗練・ローディング演出→ロゴ→メインビジュアル）","プロ（演出多め）"
"WEB-09050","レストラン・居酒屋のコーポレートサイト（ダーク・シネマティック・ローディング演出→ロゴ→メインビジュアル）","プロ（演出多め）"
"WEB-09051","建築設計事務所のポートフォリオ（個人/事務所）（ミニマル・洗練・3Dオブジェクト/ジェネラティブ背景）","プロ（演出多め）"
"WEB-09052","サウナ・温浴施設のブランドサイト（ナチュラル・オーガニック・全画面ループ動画）","プロ（演出多め）"
"WEB-09053","スマホアプリのコーポレートサイト（クール・テック・画面2分割（写真｜コピー））","プロ（演出多め）"
"WEB-09054","SaaS・BtoBツールのブランドサイト（ミニマル・洗練・縦書きコピー＋余白）","プロ（演出多め）"
"WEB-09055","歯科医院のブランドサイト（ミニマル・洗練・3Dオブジェクト/ジェネラティブ背景）","プロ（演出多め）"
"WEB-09056","不動産・マンションのオウンドメディア・ブログ（クール・テック・縦書きコピー＋余白）","プロ（演出多め）"
"WEB-09057","保育園・幼児教育・習い事のコーポレートサイト（ナチュラル・オーガニック・画面2分割（写真｜コピー））","上級"
"WEB-09058","ホテル・旅館のホテル・旅館サイト（ミニマル・洗練・ローディング演出→ロゴ→メインビジュアル）","プロ（演出多め）"
"WEB-09059","農業・地方の生産者の採用サイト（ナチュラル・オーガニック・ローディング演出→ロゴ→メインビジュアル）","プロ（演出多め）"
"WEB-09060","引越し・生活サービスのサービスサイト（ハンドメイド・手書き・フェード/ズームのスライドショー）","プロ（演出多め）"
"WEB-09061","内科・クリニックのオウンドメディア・ブログ（北欧・ライフスタイル・スクロール連動のストーリー）","プロ（演出多め）"
"WEB-09062","和菓子・スイーツの採用サイト（和モダン・散らばった写真コラージュ）","プロ（演出多め）"
"WEB-09063","NPO・地方自治体のコーポレートサイト（ジオメトリック・グラフィカル・ローディング演出→ロゴ→メインビジュアル）","上級"
"WEB-09064","プログラミングスクールのサービスサイト（3D・クレイ・画面2分割（写真｜コピー））","上級"
"WEB-09065","工務店・注文住宅・リフォームのサービスサイト（ラグジュアリー・高級感・3Dオブジェクト/ジェネラティブ背景）","プロ（演出多め）"
"WEB-09066","パーソナルジム・フィットネスのオウンドメディア・ブログ（クール・テック・スクロール連動のストーリー）","プロ（演出多め）"
"WEB-09067","士業（税理士・弁護士・行政書士）のオウンドメディア・ブログ（クール・テック・巨大コピー＋小さな写真）","プロ（演出多め）"
"WEB-09068","占い・スピリチュアルのサービスサイト（ラグジュアリー・高級感・画面2分割（写真｜コピー））","プロ（演出多め）"
"WEB-09069","金融・保険・投資のサービスサイト（ミニマル・洗練・画面2分割（写真｜コピー））","プロ（演出多め）"
"WEB-09070","引越し・生活サービスのブランドサイト（エディトリアル・雑誌風・巨大コピー＋小さな写真）","上級"
"WEB-09071","スクール・オンライン講座のサービスサイト（レトロ・Y2K・全画面ループ動画）","プロ（演出多め）"
"WEB-09072","スクール・オンライン講座のスクール・教室サイト（信頼・誠実（コーポレート）・スクロール連動のストーリー）","プロ（演出多め）"
"WEB-09073","工務店・注文住宅・リフォームの採用サイト（北欧・ライフスタイル・3Dオブジェクト/ジェネラティブ背景）","プロ（演出多め）"
"WEB-09074","美容クリニックのオウンドメディア・ブログ（ラグジュアリー・高級感・縦書きコピー＋余白）","プロ（演出多め）"
"WEB-09075","ウェディング・結婚相談所のブランドサイト（パステル・ドリーミー・散らばった写真コラージュ）","プロ（演出多め）"
"WEB-09076","ゲーム・eスポーツのイベント・フェスサイト（信頼・誠実（コーポレート）・画面2分割（写真｜コピー））","プロ（演出多め）"
"WEB-09077","美容クリニックのコーポレートサイト（エディトリアル・雑誌風・縦書きコピー＋余白）","プロ（演出多め）"
"WEB-09078","観光・地域プロモーションのホテル・旅館サイト（ナチュラル・オーガニック・ローディング演出→ロゴ→メインビジュアル）","上級"
"WEB-09079","引越し・生活サービスのサービスサイト（ポップ・カラフル・フェード/ズームのスライドショー）","プロ（演出多め）"
"WEB-09080","プログラミングスクールのサービスサイト（クール・テック・スクロール連動のストーリー）","上級"
"WEB-09081","アパレル・ファッションECのオウンドメディア・ブログ（ニューブルータリズム・巨大コピー＋小さな写真）","プロ（演出多め）"
"WEB-09082","ウェディング・結婚相談所の採用サイト（パステル・ドリーミー・スクロール連動のストーリー）","プロ（演出多め）"
"WEB-09083","内科・クリニックの採用サイト（ナチュラル・オーガニック・ローディング演出→ロゴ→メインビジュアル）","プロ（演出多め）"
"WEB-09084","スクール・オンライン講座の採用サイト（クール・テック・3Dオブジェクト/ジェネラティブ背景）","プロ（演出多め）"
"WEB-09085","歯科医院のサービスサイト（ナチュラル・オーガニック・縦書きコピー＋余白）","プロ（演出多め）"
"WEB-09086","金融・保険・投資のブランドサイト（信頼・誠実（コーポレート）・巨大コピー＋小さな写真）","プロ（演出多め）"
"WEB-09087","SaaS・BtoBツールの採用サイト（クール・テック・3Dオブジェクト/ジェネラティブ背景）","プロ（演出多め）"
"WEB-09088","美容クリニックのコーポレートサイト（信頼・誠実（コーポレート）・画面2分割（写真｜コピー））","上級"
"WEB-09089","引越し・生活サービスのコーポレートサイト（3D・クレイ・画面2分割（写真｜コピー））","上級"
"WEB-09090","観光・地域プロモーションのサービスサイト（ハンドメイド・手書き・スクロール連動のストーリー）","プロ（演出多め）"
"WEB-09091","ゲーム・eスポーツのコーポレートサイト（エネルギッシュ・スポーティ・縦書きコピー＋余白）","上級"
"WEB-09092","エステ・脱毛サロンのブランドサイト（ミニマル・洗練・縦書きコピー＋余白）","プロ（演出多め）"
"WEB-09093","ホテル・旅館のブランドサイト（和モダン・巨大コピー＋小さな写真）","プロ（演出多め）"
"WEB-09094","カフェ・ベーカリーの店舗サイト（飲食・美容・サロン）（レトロ・Y2K・全画面ループ動画）","プロ（演出多め）"
"WEB-09095","占い・スピリチュアルのブランドサイト（パステル・ドリーミー・縦書きコピー＋余白）","プロ（演出多め）"
"WEB-09096","コンサル・コーチングのサービスサイト（信頼・誠実（コーポレート）・フェード/ズームのスライドショー）","プロ（演出多め）"
"WEB-09097","美容クリニックのサービスサイト（信頼・誠実（コーポレート）・縦書きコピー＋余白）","プロ（演出多め）"
"WEB-09098","NPO・地方自治体のイベント・フェスサイト（パステル・ドリーミー・ローディング演出→ロゴ→メインビジュアル）","プロ（演出多め）"
"WEB-09099","NPO・地方自治体のブランドサイト（ハンドメイド・手書き・散らばった写真コラージュ）","プロ（演出多め）"
"WEB-09100","NPO・地方自治体の採用サイト（ナチュラル・オーガニック・全画面ループ動画）","上級"
"WEB-09101","採用・求人の採用サイト（ミニマル・洗練・全画面ループ動画）","プロ（演出多め）"
"WEB-09102","クラウドファンディング・新商品のオウンドメディア・ブログ（ポップ・カラフル・スクロール連動のストーリー）","上級"
"WEB-09103","ホテル・旅館のコーポレートサイト（ミニマル・洗練・3Dオブジェクト/ジェネラティブ背景）","プロ（演出多め）"
"WEB-09104","金融・保険・投資のコーポレートサイト（信頼・誠実（コーポレート）・ローディング演出→ロゴ→メインビジュアル）","上級"
"WEB-09105","AIサービス・スタートアップの採用サイト（ネオン・サイバー・フェード/ズームのスライドショー）","プロ（演出多め）"
"WEB-09106","観光・地域プロモーションのコーポレートサイト（ハンドメイド・手書き・スクロール連動のストーリー）","プロ（演出多め）"
"WEB-09107","歯科医院のサービスサイト（信頼・誠実（コーポレート）・縦書きコピー＋余白）","プロ（演出多め）"
"WEB-09108","NPO・地方自治体の自治体・観光協会サイト（ハンドメイド・手書き・3Dオブジェクト/ジェネラティブ背景）","プロ（演出多め）"
"WEB-09109","建築設計事務所のオウンドメディア・ブログ（ミニマル・洗練・3Dオブジェクト/ジェネラティブ背景）","プロ（演出多め）"
"WEB-09110","和菓子・スイーツのECサイト（かわいい・ガーリー・3Dオブジェクト/ジェネラティブ背景）","プロ（演出多め）"
"WEB-09111","ウェディング・結婚相談所のブランドサイト（かわいい・ガーリー・ローディング演出→ロゴ→メインビジュアル）","プロ（演出多め）"
"WEB-09112","士業（税理士・弁護士・行政書士）のサービスサイト（ハンドメイド・手書き・スクロール連動のストーリー）","上級"
"WEB-09113","ウェディング・結婚相談所のポートフォリオ（個人/事務所）（パステル・ドリーミー・スクロール連動のストーリー）","プロ（演出多め）"
"WEB-09114","スクール・オンライン講座のオウンドメディア・ブログ（3D・クレイ・縦書きコピー＋余白）","上級"
"WEB-09115","英会話・語学のコーポレートサイト（ジオメトリック・グラフィカル・散らばった写真コラージュ）","プロ（演出多め）"
"WEB-09116","スマホアプリのブランドサイト（グラスモーフィズム・画面2分割（写真｜コピー））","プロ（演出多め）"
"WEB-09117","不動産・マンションのブランドサイト（ダーク・シネマティック・全画面ループ動画）","プロ（演出多め）"
"WEB-09118","ヨガ・ピラティスの採用サイト（クール・テック・全画面ループ動画）","プロ（演出多め）"
"WEB-09119","不動産・マンションの採用サイト（信頼・誠実（コーポレート）・散らばった写真コラージュ）","上級"
"WEB-09120","パーソナルジム・フィットネスのサービスサイト（ダーク・シネマティック・巨大コピー＋小さな写真）","上級"
"WEB-09121","カフェ・ベーカリーの店舗サイト（飲食・美容・サロン）（ハンドメイド・手書き・縦書きコピー＋余白）","上級"
"WEB-09122","プログラミングスクールのコーポレートサイト（ポップ・カラフル・画面2分割（写真｜コピー））","プロ（演出多め）"
"WEB-09123","NPO・地方自治体のオウンドメディア・ブログ（ハンドメイド・手書き・画面2分割（写真｜コピー））","プロ（演出多め）"
"WEB-09124","NPO・地方自治体のイベント・フェスサイト（ナチュラル・オーガニック・散らばった写真コラージュ）","プロ（演出多め）"
"WEB-09125","美容クリニックの採用サイト（ラグジュアリー・高級感・3Dオブジェクト/ジェネラティブ背景）","上級"
"WEB-09126","スマホアプリのコーポレートサイト（3D・クレイ・ローディング演出→ロゴ→メインビジュアル）","プロ（演出多め）"
"WEB-09127","保育園・幼児教育・習い事のブランドサイト（ポップ・カラフル・ローディング演出→ロゴ→メインビジュアル）","プロ（演出多め）"
"WEB-09128","採用・求人のブランドサイト（ジオメトリック・グラフィカル・フェード/ズームのスライドショー）","プロ（演出多め）"
"WEB-09129","工務店・注文住宅・リフォームのブランドサイト（ナチュラル・オーガニック・巨大コピー＋小さな写真）","プロ（演出多め）"
"WEB-09130","Web制作・デザイン事務所のブランドサイト（ジオメトリック・グラフィカル・3Dオブジェクト/ジェネラティブ背景）","プロ（演出多め）"
"WEB-09131","占い・スピリチュアルの採用サイト（和モダン・フェード/ズームのスライドショー）","プロ（演出多め）"
"WEB-09132","金融・保険・投資のサービスサイト（信頼・誠実（コーポレート）・スクロール連動のストーリー）","プロ（演出多め）"
"WEB-09133","レストラン・居酒屋の採用サイト（ラグジュアリー・高級感・巨大コピー＋小さな写真）","上級"
"WEB-09134","エステ・脱毛サロンのコーポレートサイト（信頼・誠実（コーポレート）・巨大コピー＋小さな写真）","上級"
"WEB-09135","パーソナルジム・フィットネスの採用サイト（ハンドメイド・手書き・スクロール連動のストーリー）","上級"
"WEB-09136","和菓子・スイーツのECサイト（パステル・ドリーミー・全画面ループ動画）","プロ（演出多め）"
"WEB-09137","ホテル・旅館の採用サイト（ミニマル・洗練・縦書きコピー＋余白）","プロ（演出多め）"
"WEB-09138","美容クリニックのコーポレートサイト（信頼・誠実（コーポレート）・ローディング演出→ロゴ→メインビジュアル）","上級"
"WEB-09139","金融・保険・投資のコーポレートサイト（信頼・誠実（コーポレート）・ローディング演出→ロゴ→メインビジュアル）","プロ（演出多め）"
"WEB-09140","美容室・ヘアサロンの店舗サイト（飲食・美容・サロン）（和モダン・全画面ループ動画）","プロ（演出多め）"
"WEB-09141","AIサービス・スタートアップのオウンドメディア・ブログ（クール・テック・縦書きコピー＋余白）","プロ（演出多め）"
"WEB-09142","保育園・幼児教育・習い事のスクール・教室サイト（ハンドメイド・手書き・フェード/ズームのスライドショー）","プロ（演出多め）"
"WEB-09143","ゲーム・eスポーツのオウンドメディア・ブログ（レトロ・Y2K・画面2分割（写真｜コピー））","プロ（演出多め）"
"WEB-09144","金融・保険・投資のブランドサイト（ネオン・サイバー・3Dオブジェクト/ジェネラティブ背景）","上級"
"WEB-09145","建築設計事務所のポートフォリオ（個人/事務所）（ジオメトリック・グラフィカル・全画面ループ動画）","上級"
"WEB-09146","Web制作・デザイン事務所のコーポレートサイト（信頼・誠実（コーポレート）・スクロール連動のストーリー）","プロ（演出多め）"
"WEB-09147","ペット・トリミング・動物病院のオウンドメディア・ブログ（ハンドメイド・手書き・フェード/ズームのスライドショー）","プロ（演出多め）"
"WEB-09148","英会話・語学のブランドサイト（ポップ・カラフル・スクロール連動のストーリー）","上級"
"WEB-09149","不動産・マンションのサービスサイト（ミニマル・洗練・3Dオブジェクト/ジェネラティブ背景）","プロ（演出多め）"
"WEB-09150","エステ・脱毛サロンの店舗サイト（飲食・美容・サロン）（ミニマル・洗練・巨大コピー＋小さな写真）","プロ（演出多め）"
"WEB-09151","金融・保険・投資のオウンドメディア・ブログ（クール・テック・縦書きコピー＋余白）","上級"
"WEB-09152","士業（税理士・弁護士・行政書士）のオウンドメディア・ブログ（ミニマル・洗練・巨大コピー＋小さな写真）","上級"
"WEB-09153","ゲーム・eスポーツのコーポレートサイト（ネオン・サイバー・画面2分割（写真｜コピー））","上級"
"WEB-09154","カフェ・ベーカリーのブランドサイト（レトロ・Y2K・散らばった写真コラージュ）","プロ（演出多め）"
"WEB-09155","ゲーム・eスポーツのサービスサイト（ダーク・シネマティック・縦書きコピー＋余白）","プロ（演出多め）"
"WEB-09156","ウェディング・結婚相談所のコーポレートサイト（かわいい・ガーリー・3Dオブジェクト/ジェネラティブ背景）","上級"
"WEB-09157","占い・スピリチュアルの採用サイト（ダーク・シネマティック・スクロール連動のストーリー）","上級"
"WEB-09158","英会話・語学のサービスサイト（エディトリアル・雑誌風・巨大コピー＋小さな写真）","プロ（演出多め）"
"WEB-09159","建築設計事務所のポートフォリオ（個人/事務所）（エディトリアル・雑誌風・スクロール連動のストーリー）","プロ（演出多め）"
"WEB-09160","ペット・トリミング・動物病院のコーポレートサイト（ナチュラル・オーガニック・縦書きコピー＋余白）","プロ（演出多め）"
"WEB-09161","農業・地方の生産者のオウンドメディア・ブログ（和モダン・縦書きコピー＋余白）","プロ（演出多め）"
"WEB-09162","不動産・マンションの採用サイト（ニューブルータリズム・縦書きコピー＋余白）","上級"
"WEB-09163","自動車・バイクの採用サイト（ラグジュアリー・高級感・散らばった写真コラージュ）","プロ（演出多め）"
"WEB-09164","内科・クリニックのクリニック・医院サイト（北欧・ライフスタイル・画面2分割（写真｜コピー））","プロ（演出多め）"
"WEB-09165","アパレル・ファッションECのブランドサイト（かわいい・ガーリー・巨大コピー＋小さな写真）","プロ（演出多め）"
"WEB-09166","スクール・オンライン講座のコーポレートサイト（信頼・誠実（コーポレート）・ローディング演出→ロゴ→メインビジュアル）","上級"
"WEB-09167","歯科医院のブランドサイト（ミニマル・洗練・巨大コピー＋小さな写真）","上級"
"WEB-09168","コスメ・スキンケアのオウンドメディア・ブログ（グラスモーフィズム・散らばった写真コラージュ）","プロ（演出多め）"
"WEB-09169","内科・クリニックのコーポレートサイト（北欧・ライフスタイル・画面2分割（写真｜コピー））","プロ（演出多め）"
"WEB-09170","NPO・地方自治体の自治体・観光協会サイト（ジオメトリック・グラフィカル・全画面ループ動画）","プロ（演出多め）"
"WEB-09171","コスメ・スキンケアのコーポレートサイト（ナチュラル・オーガニック・ローディング演出→ロゴ→メインビジュアル）","プロ（演出多め）"
"WEB-09172","スクール・オンライン講座のサービスサイト（3D・クレイ・ローディング演出→ロゴ→メインビジュアル）","プロ（演出多め）"
"WEB-09173","ホテル・旅館の採用サイト（ダーク・シネマティック・フェード/ズームのスライドショー）","上級"
"WEB-09174","観光・地域プロモーションのコーポレートサイト（ハンドメイド・手書き・巨大コピー＋小さな写真）","上級"
"WEB-09175","占い・スピリチュアルのブランドサイト（グラスモーフィズム・画面2分割（写真｜コピー））","プロ（演出多め）"
"WEB-09176","コンサル・コーチングのブランドサイト（エディトリアル・雑誌風・散らばった写真コラージュ）","プロ（演出多め）"
"WEB-09177","美容室・ヘアサロンの採用サイト（ミニマル・洗練・縦書きコピー＋余白）","プロ（演出多め）"
"WEB-09178","カフェ・ベーカリーのオウンドメディア・ブログ（エディトリアル・雑誌風・ローディング演出→ロゴ→メインビジュアル）","プロ（演出多め）"
"WEB-09179","引越し・生活サービスの採用サイト（エディトリアル・雑誌風・縦書きコピー＋余白）","上級"
"WEB-09180","ホテル・旅館のオウンドメディア・ブログ（和モダン・3Dオブジェクト/ジェネラティブ背景）","上級"
"WEB-09181","スクール・オンライン講座のスクール・教室サイト（クール・テック・ローディング演出→ロゴ→メインビジュアル）","プロ（演出多め）"
"WEB-09182","サウナ・温浴施設のサービスサイト（ナチュラル・オーガニック・ローディング演出→ロゴ→メインビジュアル）","プロ（演出多め）"
"WEB-09183","工務店・注文住宅・リフォームのオウンドメディア・ブログ（北欧・ライフスタイル・スクロール連動のストーリー）","上級"
"WEB-09184","工務店・注文住宅・リフォームのサービスサイト（ミニマル・洗練・画面2分割（写真｜コピー））","上級"
"WEB-09185","英会話・語学のスクール・教室サイト（ポップ・カラフル・スクロール連動のストーリー）","プロ（演出多め）"
"WEB-09186","採用・求人のブランドサイト（エディトリアル・雑誌風・縦書きコピー＋余白）","プロ（演出多め）"
"WEB-09187","金融・保険・投資のコーポレートサイト（ミニマル・洗練・画面2分割（写真｜コピー））","上級"
"WEB-09188","コスメ・スキンケアのコーポレートサイト（かわいい・ガーリー・全画面ループ動画）","プロ（演出多め）"
"WEB-09189","観光・地域プロモーションのイベント・フェスサイト（ハンドメイド・手書き・画面2分割（写真｜コピー））","プロ（演出多め）"
"WEB-09190","ウェディング・結婚相談所の採用サイト（パステル・ドリーミー・スクロール連動のストーリー）","プロ（演出多め）"
"WEB-09191","NPO・地方自治体のイベント・フェスサイト（ナチュラル・オーガニック・ローディング演出→ロゴ→メインビジュアル）","上級"
"WEB-09192","スマホアプリのブランドサイト（クール・テック・画面2分割（写真｜コピー））","プロ（演出多め）"
"WEB-09193","クラウドファンディング・新商品のブランドサイト（ナチュラル・オーガニック・画面2分割（写真｜コピー））","プロ（演出多め）"
"WEB-09194","引越し・生活サービスのオウンドメディア・ブログ（ネオン・サイバー・スクロール連動のストーリー）","上級"
"WEB-09195","Web制作・デザイン事務所のオウンドメディア・ブログ（ニューブルータリズム・画面2分割（写真｜コピー））","上級"
"WEB-09196","スクール・オンライン講座のスクール・教室サイト（ポップ・カラフル・3Dオブジェクト/ジェネラティブ背景）","プロ（演出多め）"
"WEB-09197","プログラミングスクールのオウンドメディア・ブログ（3D・クレイ・画面2分割（写真｜コピー））","プロ（演出多め）"
"WEB-09198","SaaS・BtoBツールのサービスサイト（グラスモーフィズム・スクロール連動のストーリー）","プロ（演出多め）"
"WEB-09199","ペット・トリミング・動物病院の採用サイト（ナチュラル・オーガニック・全画面ループ動画）","プロ（演出多め）"
"WEB-09200","コスメ・スキンケアのブランドサイト（パステル・ドリーミー・散らばった写真コラージュ）","プロ（演出多め）"
"WEB-09201","ウェディング・結婚相談所のコーポレートサイト（ラグジュアリー・高級感・縦書きコピー＋余白）","プロ（演出多め）"
"WEB-09202","金融・保険・投資のブランドサイト（ミニマル・洗練・全画面ループ動画）","上級"
"WEB-09203","アパレル・ファッションECのオウンドメディア・ブログ（ニューブルータリズム・巨大コピー＋小さな写真）","プロ（演出多め）"
"WEB-09204","ウェディング・結婚相談所のコーポレートサイト（ラグジュアリー・高級感・3Dオブジェクト/ジェネラティブ背景）","プロ（演出多め）"
"WEB-09205","レストラン・居酒屋のコーポレートサイト（ラグジュアリー・高級感・フェード/ズームのスライドショー）","プロ（演出多め）"
"WEB-09206","占い・スピリチュアルの採用サイト（和モダン・画面2分割（写真｜コピー））","上級"
"WEB-09207","自動車・バイクのオウンドメディア・ブログ（エネルギッシュ・スポーティ・ローディング演出→ロゴ→メインビジュアル）","プロ（演出多め）"
"WEB-09208","アパレル・ファッションECのブランドサイト（レトロ・Y2K・ローディング演出→ロゴ→メインビジュアル）","プロ（演出多め）"
"WEB-09209","ウェディング・結婚相談所のコーポレートサイト（パステル・ドリーミー・ローディング演出→ロゴ→メインビジュアル）","プロ（演出多め）"
"WEB-09210","美容クリニックのサービスサイト（ラグジュアリー・高級感・散らばった写真コラージュ）","プロ（演出多め）"
"WEB-09211","内科・クリニックの採用サイト（北欧・ライフスタイル・ローディング演出→ロゴ→メインビジュアル）","プロ（演出多め）"
"WEB-09212","音楽・ライブ・イベントの採用サイト（ダーク・シネマティック・全画面ループ動画）","プロ（演出多め）"
"WEB-09213","パーソナルジム・フィットネスのスクール・教室サイト（エネルギッシュ・スポーティ・全画面ループ動画）","プロ（演出多め）"
"WEB-09214","ヨガ・ピラティスのスクール・教室サイト（ニューブルータリズム・ローディング演出→ロゴ→メインビジュアル）","プロ（演出多め）"
"WEB-09215","SaaS・BtoBツールのオウンドメディア・ブログ（3D・クレイ・巨大コピー＋小さな写真）","プロ（演出多め）"
"WEB-09216","内科・クリニックのクリニック・医院サイト（北欧・ライフスタイル・巨大コピー＋小さな写真）","プロ（演出多め）"
"WEB-09217","引越し・生活サービスのオウンドメディア・ブログ（ナチュラル・オーガニック・巨大コピー＋小さな写真）","上級"
"WEB-09218","農業・地方の生産者のブランドサイト（ポップ・カラフル・フェード/ズームのスライドショー）","プロ（演出多め）"
"WEB-09219","美容クリニックの採用サイト（ナチュラル・オーガニック・縦書きコピー＋余白）","プロ（演出多め）"
"WEB-09220","内科・クリニックのサービスサイト（信頼・誠実（コーポレート）・縦書きコピー＋余白）","上級"
"WEB-09221","ホテル・旅館のブランドサイト（ラグジュアリー・高級感・巨大コピー＋小さな写真）","プロ（演出多め）"
"WEB-09222","カフェ・ベーカリーのサービスサイト（エディトリアル・雑誌風・フェード/ズームのスライドショー）","上級"
"WEB-09223","ゲーム・eスポーツのブランドサイト（ネオン・サイバー・スクロール連動のストーリー）","プロ（演出多め）"
"WEB-09224","パーソナルジム・フィットネスのブランドサイト（ダーク・シネマティック・全画面ループ動画）","プロ（演出多め）"
"WEB-09225","金融・保険・投資のブランドサイト（クール・テック・スクロール連動のストーリー）","上級"
"WEB-09226","英会話・語学のオウンドメディア・ブログ（ポップ・カラフル・全画面ループ動画）","上級"
"WEB-09227","クラウドファンディング・新商品のコーポレートサイト（ポップ・カラフル・縦書きコピー＋余白）","プロ（演出多め）"
"WEB-09228","建築設計事務所のポートフォリオ（個人/事務所）（ミニマル・洗練・スクロール連動のストーリー）","プロ（演出多め）"
"WEB-09229","占い・スピリチュアルのブランドサイト（ナチュラル・オーガニック・巨大コピー＋小さな写真）","プロ（演出多め）"
"WEB-09230","建築設計事務所のポートフォリオ（個人/事務所）（エネルギッシュ・スポーティ・画面2分割（写真｜コピー））","プロ（演出多め）"
"WEB-09231","士業（税理士・弁護士・行政書士）のコーポレートサイト（和モダン・散らばった写真コラージュ）","プロ（演出多め）"
"WEB-09232","美容室・ヘアサロンの店舗サイト（飲食・美容・サロン）（ラグジュアリー・高級感・3Dオブジェクト/ジェネラティブ背景）","上級"
"WEB-09233","ウェディング・結婚相談所のオウンドメディア・ブログ（ラグジュアリー・高級感・縦書きコピー＋余白）","プロ（演出多め）"
"WEB-09234","食品・産直ECのブランドサイト（ハンドメイド・手書き・巨大コピー＋小さな写真）","プロ（演出多め）"
"WEB-09235","引越し・生活サービスのサービスサイト（ポップ・カラフル・全画面ループ動画）","上級"
"WEB-09236","エステ・脱毛サロンのサービスサイト（ミニマル・洗練・巨大コピー＋小さな写真）","プロ（演出多め）"
"WEB-09237","食品・産直ECのコーポレートサイト（和モダン・画面2分割（写真｜コピー））","上級"
"WEB-09238","Web制作・デザイン事務所の採用サイト（ジオメトリック・グラフィカル・散らばった写真コラージュ）","プロ（演出多め）"
"WEB-09239","コンサル・コーチングのサービスサイト（エディトリアル・雑誌風・縦書きコピー＋余白）","プロ（演出多め）"
"WEB-09240","ゲーム・eスポーツの採用サイト（レトロ・Y2K・3Dオブジェクト/ジェネラティブ背景）","上級"
"WEB-09241","カフェ・ベーカリーの店舗サイト（飲食・美容・サロン）（ハンドメイド・手書き・3Dオブジェクト/ジェネラティブ背景）","上級"
"WEB-09242","エステ・脱毛サロンの採用サイト（ラグジュアリー・高級感・縦書きコピー＋余白）","プロ（演出多め）"
"WEB-09243","カフェ・ベーカリーの店舗サイト（飲食・美容・サロン）（エディトリアル・雑誌風・ローディング演出→ロゴ→メインビジュアル）","上級"
"WEB-09244","歯科医院の採用サイト（信頼・誠実（コーポレート）・全画面ループ動画）","プロ（演出多め）"
"WEB-09245","エステ・脱毛サロンのサービスサイト（ミニマル・洗練・3Dオブジェクト/ジェネラティブ背景）","上級"
"WEB-09246","SaaS・BtoBツールのブランドサイト（ミニマル・洗練・スクロール連動のストーリー）","プロ（演出多め）"
"WEB-09247","Web制作・デザイン事務所のコーポレートサイト（信頼・誠実（コーポレート）・フェード/ズームのスライドショー）","上級"
"WEB-09248","和菓子・スイーツのオウンドメディア・ブログ（パステル・ドリーミー・フェード/ズームのスライドショー）","上級"
"WEB-09249","引越し・生活サービスのオウンドメディア・ブログ（3D・クレイ・フェード/ズームのスライドショー）","プロ（演出多め）"
"WEB-09250","スクール・オンライン講座のブランドサイト（クール・テック・全画面ループ動画）","プロ（演出多め）"
"WEB-09251","ペット・トリミング・動物病院の店舗サイト（飲食・美容・サロン）（ハンドメイド・手書き・縦書きコピー＋余白）","上級"
"WEB-09252","音楽・ライブ・イベントのサービスサイト（レトロ・Y2K・全画面ループ動画）","上級"
"WEB-09253","ウェディング・結婚相談所のポートフォリオ（個人/事務所）（信頼・誠実（コーポレート）・巨大コピー＋小さな写真）","プロ（演出多め）"
"WEB-09254","ウェディング・結婚相談所の採用サイト（ミニマル・洗練・3Dオブジェクト/ジェネラティブ背景）","プロ（演出多め）"
"WEB-09255","和菓子・スイーツのオウンドメディア・ブログ（和モダン・3Dオブジェクト/ジェネラティブ背景）","上級"
"WEB-09256","工務店・注文住宅・リフォームのブランドサイト（北欧・ライフスタイル・ローディング演出→ロゴ→メインビジュアル）","上級"
"WEB-09257","工務店・注文住宅・リフォームの採用サイト（ナチュラル・オーガニック・全画面ループ動画）","プロ（演出多め）"
"WEB-09258","ゲーム・eスポーツのブランドサイト（レトロ・Y2K・散らばった写真コラージュ）","プロ（演出多め）"
"WEB-09259","士業（税理士・弁護士・行政書士）の採用サイト（和モダン・散らばった写真コラージュ）","上級"
"WEB-09260","歯科医院のオウンドメディア・ブログ（信頼・誠実（コーポレート）・散らばった写真コラージュ）","プロ（演出多め）"
"WEB-09261","引越し・生活サービスのオウンドメディア・ブログ（ポップ・カラフル・ローディング演出→ロゴ→メインビジュアル）","プロ（演出多め）"
"WEB-09262","ペット・トリミング・動物病院のクリニック・医院サイト（ナチュラル・オーガニック・フェード/ズームのスライドショー）","上級"
"WEB-09263","自動車・バイクのサービスサイト（クール・テック・縦書きコピー＋余白）","プロ（演出多め）"
"WEB-09264","音楽・ライブ・イベントのオウンドメディア・ブログ（ニューブルータリズム・スクロール連動のストーリー）","上級"
"WEB-09265","内科・クリニックのオウンドメディア・ブログ（クール・テック・縦書きコピー＋余白）","プロ（演出多め）"
"WEB-09266","NPO・地方自治体のサービスサイト（ジオメトリック・グラフィカル・巨大コピー＋小さな写真）","プロ（演出多め）"
"WEB-09267","美容室・ヘアサロンのポートフォリオ（個人/事務所）（北欧・ライフスタイル・画面2分割（写真｜コピー））","プロ（演出多め）"
"WEB-09268","サウナ・温浴施設のサービスサイト（ニューブルータリズム・画面2分割（写真｜コピー））","上級"
"WEB-09269","観光・地域プロモーションのホテル・旅館サイト（ダーク・シネマティック・ローディング演出→ロゴ→メインビジュアル）","プロ（演出多め）"
"WEB-09270","ホテル・旅館のホテル・旅館サイト（信頼・誠実（コーポレート）・巨大コピー＋小さな写真）","プロ（演出多め）"
"WEB-09271","ホテル・旅館のホテル・旅館サイト（ラグジュアリー・高級感・ローディング演出→ロゴ→メインビジュアル）","上級"
"WEB-09272","観光・地域プロモーションのホテル・旅館サイト（和モダン・スクロール連動のストーリー）","プロ（演出多め）"
"WEB-09273","農業・地方の生産者のブランドサイト（パステル・ドリーミー・フェード/ズームのスライドショー）","プロ（演出多め）"
"WEB-09274","観光・地域プロモーションの自治体・観光協会サイト（ナチュラル・オーガニック・画面2分割（写真｜コピー））","上級"
"WEB-09275","ホテル・旅館のコーポレートサイト（ミニマル・洗練・3Dオブジェクト/ジェネラティブ背景）","プロ（演出多め）"
"WEB-09276","プログラミングスクールのコーポレートサイト（ポップ・カラフル・ローディング演出→ロゴ→メインビジュアル）","上級"
"WEB-09277","Web制作・デザイン事務所のオウンドメディア・ブログ（クール・テック・フェード/ズームのスライドショー）","プロ（演出多め）"
"WEB-09278","農業・地方の生産者のコーポレートサイト（ナチュラル・オーガニック・散らばった写真コラージュ）","プロ（演出多め）"
"WEB-09279","コスメ・スキンケアのコーポレートサイト（パステル・ドリーミー・巨大コピー＋小さな写真）","プロ（演出多め）"
"WEB-09280","英会話・語学のオウンドメディア・ブログ（ニューブルータリズム・縦書きコピー＋余白）","プロ（演出多め）"
"WEB-09281","クラウドファンディング・新商品のサービスサイト（ポップ・カラフル・ローディング演出→ロゴ→メインビジュアル）","プロ（演出多め）"
"WEB-09282","エステ・脱毛サロンのコーポレートサイト（ミニマル・洗練・巨大コピー＋小さな写真）","プロ（演出多め）"
"WEB-09283","美容室・ヘアサロンのポートフォリオ（個人/事務所）（ラグジュアリー・高級感・ローディング演出→ロゴ→メインビジュアル）","上級"
"WEB-09284","和菓子・スイーツのサービスサイト（パステル・ドリーミー・画面2分割（写真｜コピー））","プロ（演出多め）"
"WEB-09285","採用・求人のオウンドメディア・ブログ（エネルギッシュ・スポーティ・画面2分割（写真｜コピー））","プロ（演出多め）"
"WEB-09286","占い・スピリチュアルのコーポレートサイト（パステル・ドリーミー・散らばった写真コラージュ）","プロ（演出多め）"
"WEB-09287","レストラン・居酒屋のブランドサイト（ダーク・シネマティック・3Dオブジェクト/ジェネラティブ背景）","上級"
"WEB-09288","パーソナルジム・フィットネスのブランドサイト（クール・テック・ローディング演出→ロゴ→メインビジュアル）","プロ（演出多め）"
"WEB-09289","美容室・ヘアサロンのコーポレートサイト（ラグジュアリー・高級感・全画面ループ動画）","上級"
"WEB-09290","プログラミングスクールのサービスサイト（ネオン・サイバー・散らばった写真コラージュ）","プロ（演出多め）"
"WEB-09291","サウナ・温浴施設のホテル・旅館サイト（和モダン・巨大コピー＋小さな写真）","プロ（演出多め）"
"WEB-09292","クラウドファンディング・新商品のオウンドメディア・ブログ（ポップ・カラフル・3Dオブジェクト/ジェネラティブ背景）","プロ（演出多め）"
"WEB-09293","エステ・脱毛サロンの採用サイト（ミニマル・洗練・フェード/ズームのスライドショー）","プロ（演出多め）"
"WEB-09294","歯科医院のオウンドメディア・ブログ（北欧・ライフスタイル・スクロール連動のストーリー）","プロ（演出多め）"
"WEB-09295","士業（税理士・弁護士・行政書士）のサービスサイト（信頼・誠実（コーポレート）・ローディング演出→ロゴ→メインビジュアル）","上級"
"WEB-09296","金融・保険・投資の採用サイト（ミニマル・洗練・スクロール連動のストーリー）","上級"
"WEB-09297","カフェ・ベーカリーの店舗サイト（飲食・美容・サロン）（ナチュラル・オーガニック・全画面ループ動画）","プロ（演出多め）"
"WEB-09298","建築設計事務所のオウンドメディア・ブログ（ジオメトリック・グラフィカル・画面2分割（写真｜コピー））","上級"
"WEB-09299","自動車・バイクの採用サイト（クール・テック・ローディング演出→ロゴ→メインビジュアル）","プロ（演出多め）"
"WEB-09300","ホテル・旅館のオウンドメディア・ブログ（和モダン・画面2分割（写真｜コピー））","プロ（演出多め）"
"WEB-09301","プログラミングスクールの採用サイト（3D・クレイ・ローディング演出→ロゴ→メインビジュアル）","プロ（演出多め）"
"WEB-09302","ウェディング・結婚相談所のコーポレートサイト（ミニマル・洗練・散らばった写真コラージュ）","上級"
"WEB-09303","ゲーム・eスポーツのコーポレートサイト（ネオン・サイバー・散らばった写真コラージュ）","プロ（演出多め）"
"WEB-09304","レストラン・居酒屋の店舗サイト（飲食・美容・サロン）（レトロ・Y2K・スクロール連動のストーリー）","プロ（演出多め）"
"WEB-09305","占い・スピリチュアルのオウンドメディア・ブログ（レトロ・Y2K・スクロール連動のストーリー）","上級"
"WEB-09306","エステ・脱毛サロンのオウンドメディア・ブログ（パステル・ドリーミー・ローディング演出→ロゴ→メインビジュアル）","プロ（演出多め）"
"WEB-09307","金融・保険・投資のコーポレートサイト（ミニマル・洗練・縦書きコピー＋余白）","プロ（演出多め）"
"WEB-09308","工務店・注文住宅・リフォームの採用サイト（レトロ・Y2K・画面2分割（写真｜コピー））","上級"
"WEB-09309","士業（税理士・弁護士・行政書士）の採用サイト（ミニマル・洗練・縦書きコピー＋余白）","上級"
"WEB-09310","スクール・オンライン講座のコーポレートサイト（信頼・誠実（コーポレート）・全画面ループ動画）","プロ（演出多め）"
"WEB-09311","金融・保険・投資のコーポレートサイト（クール・テック・縦書きコピー＋余白）","プロ（演出多め）"
"WEB-09312","農業・地方の生産者のサービスサイト（和モダン・画面2分割（写真｜コピー））","上級"
"WEB-09313","食品・産直ECのコーポレートサイト（ハンドメイド・手書き・散らばった写真コラージュ）","プロ（演出多め）"
"WEB-09314","工務店・注文住宅・リフォームのブランドサイト（ナチュラル・オーガニック・画面2分割（写真｜コピー））","プロ（演出多め）"
"WEB-09315","カフェ・ベーカリーのコーポレートサイト（ナチュラル・オーガニック・全画面ループ動画）","プロ（演出多め）"
"WEB-09316","SaaS・BtoBツールのコーポレートサイト（ネオン・サイバー・フェード/ズームのスライドショー）","プロ（演出多め）"
"WEB-09317","音楽・ライブ・イベントのサービスサイト（ニューブルータリズム・散らばった写真コラージュ）","プロ（演出多め）"
"WEB-09318","ウェディング・結婚相談所のオウンドメディア・ブログ（パステル・ドリーミー・スクロール連動のストーリー）","プロ（演出多め）"
"WEB-09319","ヨガ・ピラティスのオウンドメディア・ブログ（パステル・ドリーミー・スクロール連動のストーリー）","上級"
"WEB-09320","不動産・マンションのオウンドメディア・ブログ（かわいい・ガーリー・画面2分割（写真｜コピー））","プロ（演出多め）"
"WEB-09321","パーソナルジム・フィットネスのスクール・教室サイト（エネルギッシュ・スポーティ・画面2分割（写真｜コピー））","プロ（演出多め）"
"WEB-09322","ペット・トリミング・動物病院のコーポレートサイト（ナチュラル・オーガニック・スクロール連動のストーリー）","プロ（演出多め）"
"WEB-09323","ヨガ・ピラティスの採用サイト（ナチュラル・オーガニック・ローディング演出→ロゴ→メインビジュアル）","上級"
"WEB-09324","建築設計事務所のコーポレートサイト（エディトリアル・雑誌風・スクロール連動のストーリー）","プロ（演出多め）"
"WEB-09325","コンサル・コーチングのオウンドメディア・ブログ（クール・テック・巨大コピー＋小さな写真）","上級"
"WEB-09326","音楽・ライブ・イベントのオウンドメディア・ブログ（ニューブルータリズム・全画面ループ動画）","プロ（演出多め）"
"WEB-09327","ペット・トリミング・動物病院の採用サイト（3D・クレイ・スクロール連動のストーリー）","プロ（演出多め）"
"WEB-09328","プログラミングスクールのブランドサイト（3D・クレイ・画面2分割（写真｜コピー））","上級"
"WEB-09329","コスメ・スキンケアのコーポレートサイト（ポップ・カラフル・縦書きコピー＋余白）","プロ（演出多め）"
"WEB-09330","エステ・脱毛サロンのコーポレートサイト（ダーク・シネマティック・ローディング演出→ロゴ→メインビジュアル）","プロ（演出多め）"
"WEB-09331","YouTuber・インフルエンサーのサービスサイト（ネオン・サイバー・画面2分割（写真｜コピー））","プロ（演出多め）"
"WEB-09332","美容クリニックの店舗サイト（飲食・美容・サロン）（ダーク・シネマティック・3Dオブジェクト/ジェネラティブ背景）","上級"
"WEB-09333","美容室・ヘアサロンのサービスサイト（和モダン・縦書きコピー＋余白）","プロ（演出多め）"
"WEB-09334","スクール・オンライン講座のスクール・教室サイト（ポップ・カラフル・3Dオブジェクト/ジェネラティブ背景）","上級"
"WEB-09335","アパレル・ファッションECのサービスサイト（ラグジュアリー・高級感・縦書きコピー＋余白）","上級"
"WEB-09336","内科・クリニックのオウンドメディア・ブログ（ナチュラル・オーガニック・巨大コピー＋小さな写真）","プロ（演出多め）"
"WEB-09337","不動産・マンションのコーポレートサイト（ラグジュアリー・高級感・3Dオブジェクト/ジェネラティブ背景）","上級"
"WEB-09338","ペット・トリミング・動物病院のサービスサイト（かわいい・ガーリー・3Dオブジェクト/ジェネラティブ背景）","プロ（演出多め）"
"WEB-09339","コスメ・スキンケアのサービスサイト（ナチュラル・オーガニック・全画面ループ動画）","上級"
"WEB-09340","保育園・幼児教育・習い事のオウンドメディア・ブログ（かわいい・ガーリー・フェード/ズームのスライドショー）","上級"
"WEB-09341","プログラミングスクールのコーポレートサイト（ポップ・カラフル・ローディング演出→ロゴ→メインビジュアル）","上級"
"WEB-09342","レストラン・居酒屋のサービスサイト（和モダン・散らばった写真コラージュ）","プロ（演出多め）"
"WEB-09343","ゲーム・eスポーツの採用サイト（レトロ・Y2K・巨大コピー＋小さな写真）","プロ（演出多め）"
"WEB-09344","エステ・脱毛サロンのコーポレートサイト（ラグジュアリー・高級感・3Dオブジェクト/ジェネラティブ背景）","プロ（演出多め）"
"WEB-09345","スクール・オンライン講座のブランドサイト（クール・テック・3Dオブジェクト/ジェネラティブ背景）","プロ（演出多め）"
"WEB-09346","美容室・ヘアサロンのブランドサイト（ダーク・シネマティック・ローディング演出→ロゴ→メインビジュアル）","上級"
"WEB-09347","エステ・脱毛サロンの店舗サイト（飲食・美容・サロン）（ミニマル・洗練・3Dオブジェクト/ジェネラティブ背景）","上級"
"WEB-09348","ヨガ・ピラティスのスクール・教室サイト（パステル・ドリーミー・縦書きコピー＋余白）","上級"
"WEB-09349","Web制作・デザイン事務所のポートフォリオ（個人/事務所）（ニューブルータリズム・フェード/ズームのスライドショー）","プロ（演出多め）"
"WEB-09350","ヨガ・ピラティスの店舗サイト（飲食・美容・サロン）（ナチュラル・オーガニック・スクロール連動のストーリー）","プロ（演出多め）"
"WEB-09351","NPO・地方自治体のオウンドメディア・ブログ（ハンドメイド・手書き・縦書きコピー＋余白）","プロ（演出多め）"
"WEB-09352","クラウドファンディング・新商品のコーポレートサイト（ダーク・シネマティック・全画面ループ動画）","上級"
"WEB-09353","金融・保険・投資のブランドサイト（クール・テック・全画面ループ動画）","プロ（演出多め）"
"WEB-09354","美容室・ヘアサロンのオウンドメディア・ブログ（ミニマル・洗練・全画面ループ動画）","プロ（演出多め）"
"WEB-09355","サウナ・温浴施設の店舗サイト（飲食・美容・サロン）（パステル・ドリーミー・全画面ループ動画）","プロ（演出多め）"
"WEB-09356","ペット・トリミング・動物病院のブランドサイト（かわいい・ガーリー・散らばった写真コラージュ）","プロ（演出多め）"
"WEB-09357","美容クリニックのクリニック・医院サイト（信頼・誠実（コーポレート）・画面2分割（写真｜コピー））","上級"
"WEB-09358","音楽・ライブ・イベントのイベント・フェスサイト（ダーク・シネマティック・フェード/ズームのスライドショー）","上級"
"WEB-09359","ゲーム・eスポーツのオウンドメディア・ブログ（ネオン・サイバー・散らばった写真コラージュ）","プロ（演出多め）"
"WEB-09360","美容クリニックのサービスサイト（エディトリアル・雑誌風・巨大コピー＋小さな写真）","上級"
"WEB-09361","コンサル・コーチングのオウンドメディア・ブログ（ミニマル・洗練・画面2分割（写真｜コピー））","プロ（演出多め）"
"WEB-09362","保育園・幼児教育・習い事のオウンドメディア・ブログ（ネオン・サイバー・ローディング演出→ロゴ→メインビジュアル）","プロ（演出多め）"
"WEB-09363","英会話・語学のコーポレートサイト（ポップ・カラフル・ローディング演出→ロゴ→メインビジュアル）","上級"
"WEB-09364","NPO・地方自治体のコーポレートサイト（ジオメトリック・グラフィカル・スクロール連動のストーリー）","上級"
"WEB-09365","スマホアプリの採用サイト（ポップ・カラフル・散らばった写真コラージュ）","プロ（演出多め）"
"WEB-09366","スクール・オンライン講座のスクール・教室サイト（クール・テック・縦書きコピー＋余白）","プロ（演出多め）"
"WEB-09367","美容クリニックのコーポレートサイト（ラグジュアリー・高級感・巨大コピー＋小さな写真）","プロ（演出多め）"
"WEB-09368","音楽・ライブ・イベントの採用サイト（ナチュラル・オーガニック・巨大コピー＋小さな写真）","プロ（演出多め）"
"WEB-09369","NPO・地方自治体のオウンドメディア・ブログ（ハンドメイド・手書き・3Dオブジェクト/ジェネラティブ背景）","プロ（演出多め）"
"WEB-09370","YouTuber・インフルエンサーのブランドサイト（かわいい・ガーリー・散らばった写真コラージュ）","上級"
"WEB-09371","スクール・オンライン講座の採用サイト（信頼・誠実（コーポレート）・巨大コピー＋小さな写真）","プロ（演出多め）"
"WEB-09372","パーソナルジム・フィットネスのコーポレートサイト（ミニマル・洗練・3Dオブジェクト/ジェネラティブ背景）","プロ（演出多め）"
"WEB-09373","保育園・幼児教育・習い事のサービスサイト（かわいい・ガーリー・ローディング演出→ロゴ→メインビジュアル）","上級"
"WEB-09374","アパレル・ファッションECのオウンドメディア・ブログ（ニューブルータリズム・3Dオブジェクト/ジェネラティブ背景）","プロ（演出多め）"
"WEB-09375","農業・地方の生産者のコーポレートサイト（和モダン・ローディング演出→ロゴ→メインビジュアル）","プロ（演出多め）"
"WEB-09376","ゲーム・eスポーツのオウンドメディア・ブログ（ネオン・サイバー・スクロール連動のストーリー）","プロ（演出多め）"
"WEB-09377","金融・保険・投資のサービスサイト（エネルギッシュ・スポーティ・散らばった写真コラージュ）","プロ（演出多め）"
"WEB-09378","食品・産直ECのサービスサイト（和モダン・スクロール連動のストーリー）","プロ（演出多め）"
"WEB-09379","スマホアプリのオウンドメディア・ブログ（グラスモーフィズム・フェード/ズームのスライドショー）","プロ（演出多め）"
"WEB-09380","サウナ・温浴施設のホテル・旅館サイト（レトロ・Y2K・散らばった写真コラージュ）","上級"
"WEB-09381","採用・求人のオウンドメディア・ブログ（エネルギッシュ・スポーティ・縦書きコピー＋余白）","プロ（演出多め）"
"WEB-09382","観光・地域プロモーションのブランドサイト（ハンドメイド・手書き・フェード/ズームのスライドショー）","上級"
"WEB-09383","NPO・地方自治体のコーポレートサイト（ジオメトリック・グラフィカル・ローディング演出→ロゴ→メインビジュアル）","プロ（演出多め）"
"WEB-09384","士業（税理士・弁護士・行政書士）のブランドサイト（信頼・誠実（コーポレート）・全画面ループ動画）","上級"
"WEB-09385","美容室・ヘアサロンのブランドサイト（北欧・ライフスタイル・ローディング演出→ロゴ→メインビジュアル）","プロ（演出多め）"
"WEB-09386","ウェディング・結婚相談所のオウンドメディア・ブログ（ダーク・シネマティック・巨大コピー＋小さな写真）","プロ（演出多め）"
"WEB-09387","自動車・バイクの採用サイト（エネルギッシュ・スポーティ・画面2分割（写真｜コピー））","上級"
"WEB-09388","プログラミングスクールのブランドサイト（ネオン・サイバー・縦書きコピー＋余白）","プロ（演出多め）"
"WEB-09389","ペット・トリミング・動物病院のコーポレートサイト（3D・クレイ・全画面ループ動画）","プロ（演出多め）"
"WEB-09390","占い・スピリチュアルのブランドサイト（パステル・ドリーミー・散らばった写真コラージュ）","上級"
"WEB-09391","クラウドファンディング・新商品のコーポレートサイト（クール・テック・全画面ループ動画）","プロ（演出多め）"
"WEB-09392","コンサル・コーチングのブランドサイト（ラグジュアリー・高級感・全画面ループ動画）","プロ（演出多め）"
"WEB-09393","美容クリニックのサービスサイト（かわいい・ガーリー・ローディング演出→ロゴ→メインビジュアル）","上級"
"WEB-09394","食品・産直ECのオウンドメディア・ブログ（ポップ・カラフル・画面2分割（写真｜コピー））","プロ（演出多め）"
"WEB-09395","工務店・注文住宅・リフォームのブランドサイト（北欧・ライフスタイル・全画面ループ動画）","上級"
"WEB-09396","美容クリニックのブランドサイト（信頼・誠実（コーポレート）・散らばった写真コラージュ）","プロ（演出多め）"
"WEB-09397","建築設計事務所のポートフォリオ（個人/事務所）（エディトリアル・雑誌風・ローディング演出→ロゴ→メインビジュアル）","上級"
"WEB-09398","AIサービス・スタートアップの採用サイト（グラスモーフィズム・散らばった写真コラージュ）","上級"
"WEB-09399","カフェ・ベーカリーの店舗サイト（飲食・美容・サロン）（エディトリアル・雑誌風・散らばった写真コラージュ）","プロ（演出多め）"
"WEB-09400","プログラミングスクールのサービスサイト（クール・テック・画面2分割（写真｜コピー））","プロ（演出多め）"
"WEB-09401","AIサービス・スタートアップのコーポレートサイト（ネオン・サイバー・縦書きコピー＋余白）","プロ（演出多め）"
"WEB-09402","ペット・トリミング・動物病院の採用サイト（ハンドメイド・手書き・フェード/ズームのスライドショー）","プロ（演出多め）"
"WEB-09403","士業（税理士・弁護士・行政書士）のオウンドメディア・ブログ（ミニマル・洗練・ローディング演出→ロゴ→メインビジュアル）","上級"
"WEB-09404","ペット・トリミング・動物病院の採用サイト（3D・クレイ・フェード/ズームのスライドショー）","上級"
"WEB-09405","Web制作・デザイン事務所のブランドサイト（エディトリアル・雑誌風・ローディング演出→ロゴ→メインビジュアル）","上級"
"WEB-09406","ヨガ・ピラティスのスクール・教室サイト（ナチュラル・オーガニック・ローディング演出→ロゴ→メインビジュアル）","上級"
"WEB-09407","内科・クリニックのオウンドメディア・ブログ（信頼・誠実（コーポレート）・全画面ループ動画）","プロ（演出多め）"
"WEB-09408","内科・クリニックのコーポレートサイト（北欧・ライフスタイル・画面2分割（写真｜コピー））","上級"
"WEB-09409","和菓子・スイーツのブランドサイト（かわいい・ガーリー・3Dオブジェクト/ジェネラティブ背景）","プロ（演出多め）"
"WEB-09410","保育園・幼児教育・習い事のブランドサイト（和モダン・スクロール連動のストーリー）","プロ（演出多め）"
"WEB-09411","英会話・語学のブランドサイト（ジオメトリック・グラフィカル・ローディング演出→ロゴ→メインビジュアル）","上級"
"WEB-09412","AIサービス・スタートアップのサービスサイト（クール・テック・散らばった写真コラージュ）","プロ（演出多め）"
"WEB-09413","コンサル・コーチングの採用サイト（エディトリアル・雑誌風・散らばった写真コラージュ）","プロ（演出多め）"
"WEB-09414","歯科医院のオウンドメディア・ブログ（信頼・誠実（コーポレート）・3Dオブジェクト/ジェネラティブ背景）","プロ（演出多め）"
"WEB-09415","ウェディング・結婚相談所のサービスサイト（かわいい・ガーリー・全画面ループ動画）","プロ（演出多め）"
"WEB-09416","音楽・ライブ・イベントのイベント・フェスサイト（ニューブルータリズム・スクロール連動のストーリー）","プロ（演出多め）"
"WEB-09417","YouTuber・インフルエンサーの採用サイト（かわいい・ガーリー・ローディング演出→ロゴ→メインビジュアル）","上級"
"WEB-09418","不動産・マンションのサービスサイト（信頼・誠実（コーポレート）・画面2分割（写真｜コピー））","上級"
"WEB-09419","保育園・幼児教育・習い事のブランドサイト（ナチュラル・オーガニック・散らばった写真コラージュ）","プロ（演出多め）"
"WEB-09420","自動車・バイクのブランドサイト（エネルギッシュ・スポーティ・画面2分割（写真｜コピー））","上級"
"WEB-09421","エステ・脱毛サロンの採用サイト（ミニマル・洗練・画面2分割（写真｜コピー））","上級"
"WEB-09422","NPO・地方自治体のコーポレートサイト（ナチュラル・オーガニック・ローディング演出→ロゴ→メインビジュアル）","プロ（演出多め）"
"WEB-09423","美容室・ヘアサロンのコーポレートサイト（北欧・ライフスタイル・3Dオブジェクト/ジェネラティブ背景）","上級"
"WEB-09424","美容室・ヘアサロンの店舗サイト（飲食・美容・サロン）（かわいい・ガーリー・ローディング演出→ロゴ→メインビジュアル）","プロ（演出多め）"
"WEB-09425","カフェ・ベーカリーの採用サイト（ハンドメイド・手書き・散らばった写真コラージュ）","上級"
"WEB-09426","エステ・脱毛サロンのサービスサイト（北欧・ライフスタイル・巨大コピー＋小さな写真）","プロ（演出多め）"
"WEB-09427","プログラミングスクールのスクール・教室サイト（クール・テック・巨大コピー＋小さな写真）","プロ（演出多め）"
"WEB-09428","英会話・語学のサービスサイト（ポップ・カラフル・フェード/ズームのスライドショー）","上級"
"WEB-09429","美容クリニックのコーポレートサイト（ミニマル・洗練・巨大コピー＋小さな写真）","上級"
"WEB-09430","和菓子・スイーツのブランドサイト（パステル・ドリーミー・画面2分割（写真｜コピー））","プロ（演出多め）"
"WEB-09431","ペット・トリミング・動物病院のコーポレートサイト（ナチュラル・オーガニック・画面2分割（写真｜コピー））","上級"
"WEB-09432","ヨガ・ピラティスのブランドサイト（ミニマル・洗練・散らばった写真コラージュ）","プロ（演出多め）"
"WEB-09433","ヨガ・ピラティスのオウンドメディア・ブログ（ポップ・カラフル・縦書きコピー＋余白）","プロ（演出多め）"
"WEB-09434","レストラン・居酒屋の採用サイト（ラグジュアリー・高級感・画面2分割（写真｜コピー））","プロ（演出多め）"
"WEB-09435","Web制作・デザイン事務所のブランドサイト（ジオメトリック・グラフィカル・画面2分割（写真｜コピー））","プロ（演出多め）"
"WEB-09436","内科・クリニックのコーポレートサイト（ラグジュアリー・高級感・巨大コピー＋小さな写真）","プロ（演出多め）"
"WEB-09437","エステ・脱毛サロンの採用サイト（ニューブルータリズム・画面2分割（写真｜コピー））","プロ（演出多め）"
"WEB-09438","カフェ・ベーカリーのブランドサイト（ハンドメイド・手書き・フェード/ズームのスライドショー）","上級"
"WEB-09439","スマホアプリの採用サイト（3D・クレイ・ローディング演出→ロゴ→メインビジュアル）","プロ（演出多め）"
"WEB-09440","コスメ・スキンケアのコーポレートサイト（ミニマル・洗練・ローディング演出→ロゴ→メインビジュアル）","プロ（演出多め）"
"WEB-09441","金融・保険・投資の採用サイト（クール・テック・縦書きコピー＋余白）","プロ（演出多め）"
"WEB-09442","レストラン・居酒屋の採用サイト（ポップ・カラフル・全画面ループ動画）","プロ（演出多め）"
"WEB-09443","AIサービス・スタートアップのコーポレートサイト（ミニマル・洗練・全画面ループ動画）","プロ（演出多め）"
"WEB-09444","引越し・生活サービスの採用サイト（3D・クレイ・スクロール連動のストーリー）","プロ（演出多め）"
"WEB-09445","自動車・バイクのコーポレートサイト（ダーク・シネマティック・巨大コピー＋小さな写真）","上級"
"WEB-09446","不動産・マンションのコーポレートサイト（ミニマル・洗練・全画面ループ動画）","プロ（演出多め）"
"WEB-09447","工務店・注文住宅・リフォームのサービスサイト（信頼・誠実（コーポレート）・3Dオブジェクト/ジェネラティブ背景）","プロ（演出多め）"
"WEB-09448","不動産・マンションのブランドサイト（ミニマル・洗練・縦書きコピー＋余白）","プロ（演出多め）"
"WEB-09449","パーソナルジム・フィットネスのスクール・教室サイト（クール・テック・スクロール連動のストーリー）","上級"
"WEB-09450","ホテル・旅館の採用サイト（ダーク・シネマティック・フェード/ズームのスライドショー）","プロ（演出多め）"
"WEB-09451","NPO・地方自治体のコーポレートサイト（ジオメトリック・グラフィカル・スクロール連動のストーリー）","プロ（演出多め）"
"WEB-09452","スクール・オンライン講座のブランドサイト（クール・テック・フェード/ズームのスライドショー）","プロ（演出多め）"
"WEB-09453","スマホアプリのオウンドメディア・ブログ（3D・クレイ・ローディング演出→ロゴ→メインビジュアル）","プロ（演出多め）"
"WEB-09454","エステ・脱毛サロンの採用サイト（エディトリアル・雑誌風・散らばった写真コラージュ）","プロ（演出多め）"
"WEB-09455","ペット・トリミング・動物病院のオウンドメディア・ブログ（ネオン・サイバー・巨大コピー＋小さな写真）","プロ（演出多め）"
"WEB-09456","内科・クリニックのクリニック・医院サイト（北欧・ライフスタイル・散らばった写真コラージュ）","プロ（演出多め）"
"WEB-09457","保育園・幼児教育・習い事のサービスサイト（かわいい・ガーリー・散らばった写真コラージュ）","上級"
"WEB-09458","和菓子・スイーツのサービスサイト（かわいい・ガーリー・スクロール連動のストーリー）","プロ（演出多め）"
"WEB-09459","内科・クリニックのブランドサイト（パステル・ドリーミー・3Dオブジェクト/ジェネラティブ背景）","プロ（演出多め）"
"WEB-09460","士業（税理士・弁護士・行政書士）のコーポレートサイト（和モダン・画面2分割（写真｜コピー））","上級"
"WEB-09461","コンサル・コーチングのポートフォリオ（個人/事務所）（信頼・誠実（コーポレート）・フェード/ズームのスライドショー）","上級"
"WEB-09462","スマホアプリのブランドサイト（3D・クレイ・画面2分割（写真｜コピー））","上級"
"WEB-09463","ホテル・旅館のオウンドメディア・ブログ（ダーク・シネマティック・画面2分割（写真｜コピー））","上級"
"WEB-09464","ペット・トリミング・動物病院のサービスサイト（レトロ・Y2K・全画面ループ動画）","上級"
"WEB-09465","NPO・地方自治体のブランドサイト（ジオメトリック・グラフィカル・全画面ループ動画）","プロ（演出多め）"
"WEB-09466","SaaS・BtoBツールのオウンドメディア・ブログ（ジオメトリック・グラフィカル・ローディング演出→ロゴ→メインビジュアル）","上級"
"WEB-09467","レストラン・居酒屋のサービスサイト（ダーク・シネマティック・散らばった写真コラージュ）","プロ（演出多め）"
"WEB-09468","クラウドファンディング・新商品のサービスサイト（クール・テック・巨大コピー＋小さな写真）","プロ（演出多め）"
"WEB-09469","農業・地方の生産者のブランドサイト（和モダン・スクロール連動のストーリー）","プロ（演出多め）"
"WEB-09470","採用・求人の採用サイト（ポップ・カラフル・巨大コピー＋小さな写真）","プロ（演出多め）"
"WEB-09471","音楽・ライブ・イベントの採用サイト（ネオン・サイバー・3Dオブジェクト/ジェネラティブ背景）","プロ（演出多め）"
"WEB-09472","AIサービス・スタートアップの採用サイト（グラスモーフィズム・縦書きコピー＋余白）","上級"
"WEB-09473","英会話・語学のオウンドメディア・ブログ（3D・クレイ・散らばった写真コラージュ）","プロ（演出多め）"
"WEB-09474","パーソナルジム・フィットネスのスクール・教室サイト（ダーク・シネマティック・散らばった写真コラージュ）","プロ（演出多め）"
"WEB-09475","カフェ・ベーカリーのサービスサイト（北欧・ライフスタイル・巨大コピー＋小さな写真）","プロ（演出多め）"
"WEB-09476","コスメ・スキンケアのオウンドメディア・ブログ（グラスモーフィズム・ローディング演出→ロゴ→メインビジュアル）","プロ（演出多め）"
"WEB-09477","工務店・注文住宅・リフォームの採用サイト（ナチュラル・オーガニック・スクロール連動のストーリー）","プロ（演出多め）"
"WEB-09478","農業・地方の生産者の自治体・観光協会サイト（ナチュラル・オーガニック・3Dオブジェクト/ジェネラティブ背景）","プロ（演出多め）"
"WEB-09479","パーソナルジム・フィットネスのサービスサイト（エネルギッシュ・スポーティ・散らばった写真コラージュ）","プロ（演出多め）"
"WEB-09480","クラウドファンディング・新商品のコーポレートサイト（ダーク・シネマティック・散らばった写真コラージュ）","プロ（演出多め）"
"WEB-09481","ゲーム・eスポーツの採用サイト（和モダン・画面2分割（写真｜コピー））","プロ（演出多め）"
"WEB-09482","音楽・ライブ・イベントのサービスサイト（ニューブルータリズム・全画面ループ動画）","上級"
"WEB-09483","引越し・生活サービスのオウンドメディア・ブログ（3D・クレイ・巨大コピー＋小さな写真）","上級"
"WEB-09484","英会話・語学のサービスサイト（ジオメトリック・グラフィカル・ローディング演出→ロゴ→メインビジュアル）","プロ（演出多め）"
"WEB-09485","エステ・脱毛サロンのサービスサイト（ラグジュアリー・高級感・画面2分割（写真｜コピー））","プロ（演出多め）"
"WEB-09486","スクール・オンライン講座の採用サイト（クール・テック・3Dオブジェクト/ジェネラティブ背景）","プロ（演出多め）"
"WEB-09487","アパレル・ファッションECのブランドサイト（ニューブルータリズム・3Dオブジェクト/ジェネラティブ背景）","プロ（演出多め）"
"WEB-09488","自動車・バイクのサービスサイト（ダーク・シネマティック・散らばった写真コラージュ）","上級"
"WEB-09489","サウナ・温浴施設のサービスサイト（ニューブルータリズム・スクロール連動のストーリー）","プロ（演出多め）"
"WEB-09490","ペット・トリミング・動物病院のブランドサイト（ジオメトリック・グラフィカル・3Dオブジェクト/ジェネラティブ背景）","プロ（演出多め）"
"WEB-09491","ペット・トリミング・動物病院の採用サイト（ナチュラル・オーガニック・スクロール連動のストーリー）","プロ（演出多め）"
"WEB-09492","コンサル・コーチングのブランドサイト（ミニマル・洗練・巨大コピー＋小さな写真）","プロ（演出多め）"
"WEB-09493","占い・スピリチュアルのサービスサイト（北欧・ライフスタイル・フェード/ズームのスライドショー）","上級"
"WEB-09494","士業（税理士・弁護士・行政書士）のサービスサイト（和モダン・3Dオブジェクト/ジェネラティブ背景）","プロ（演出多め）"
"WEB-09495","スマホアプリのオウンドメディア・ブログ（グラスモーフィズム・フェード/ズームのスライドショー）","上級"
"WEB-09496","スクール・オンライン講座のオウンドメディア・ブログ（クール・テック・3Dオブジェクト/ジェネラティブ背景）","プロ（演出多め）"
"WEB-09497","美容クリニックのサービスサイト（ダーク・シネマティック・巨大コピー＋小さな写真）","プロ（演出多め）"
"WEB-09498","和菓子・スイーツのサービスサイト（クール・テック・フェード/ズームのスライドショー）","上級"
"WEB-09499","ホテル・旅館のホテル・旅館サイト（ダーク・シネマティック・縦書きコピー＋余白）","プロ（演出多め）"
"WEB-09500","農業・地方の生産者の採用サイト（ナチュラル・オーガニック・散らばった写真コラージュ）","上級"
"WEB-09501","NPO・地方自治体の自治体・観光協会サイト（ジオメトリック・グラフィカル・散らばった写真コラージュ）","上級"
"WEB-09502","カフェ・ベーカリーの店舗サイト（飲食・美容・サロン）（レトロ・Y2K・3Dオブジェクト/ジェネラティブ背景）","上級"
"WEB-09503","アパレル・ファッションECのブランドサイト（ニューブルータリズム・ローディング演出→ロゴ→メインビジュアル）","プロ（演出多め）"
"WEB-09504","工務店・注文住宅・リフォームのブランドサイト（信頼・誠実（コーポレート）・スクロール連動のストーリー）","プロ（演出多め）"
"WEB-09505","コスメ・スキンケアのサービスサイト（ラグジュアリー・高級感・画面2分割（写真｜コピー））","上級"
"WEB-09506","AIサービス・スタートアップのブランドサイト（ミニマル・洗練・フェード/ズームのスライドショー）","プロ（演出多め）"
"WEB-09507","歯科医院のクリニック・医院サイト（ナチュラル・オーガニック・ローディング演出→ロゴ→メインビジュアル）","プロ（演出多め）"
"WEB-09508","内科・クリニックのコーポレートサイト（信頼・誠実（コーポレート）・散らばった写真コラージュ）","プロ（演出多め）"
"WEB-09509","クラウドファンディング・新商品のオウンドメディア・ブログ（ハンドメイド・手書き・巨大コピー＋小さな写真）","プロ（演出多め）"
"WEB-09510","パーソナルジム・フィットネスの店舗サイト（飲食・美容・サロン）（ダーク・シネマティック・ローディング演出→ロゴ→メインビジュアル）","プロ（演出多め）"
"WEB-09511","YouTuber・インフルエンサーのイベント・フェスサイト（ニューブルータリズム・全画面ループ動画）","プロ（演出多め）"
"WEB-09512","プログラミングスクールのスクール・教室サイト（ジオメトリック・グラフィカル・ローディング演出→ロゴ→メインビジュアル）","上級"
"WEB-09513","エステ・脱毛サロンのオウンドメディア・ブログ（ラグジュアリー・高級感・スクロール連動のストーリー）","上級"
"WEB-09514","食品・産直ECのコーポレートサイト（ジオメトリック・グラフィカル・散らばった写真コラージュ）","プロ（演出多め）"
"WEB-09515","占い・スピリチュアルのブランドサイト（ダーク・シネマティック・全画面ループ動画）","プロ（演出多め）"
"WEB-09516","スクール・オンライン講座のサービスサイト（3D・クレイ・ローディング演出→ロゴ→メインビジュアル）","プロ（演出多め）"
"WEB-09517","音楽・ライブ・イベントの採用サイト（ニューブルータリズム・巨大コピー＋小さな写真）","プロ（演出多め）"
"WEB-09518","ペット・トリミング・動物病院のコーポレートサイト（3D・クレイ・画面2分割（写真｜コピー））","上級"
"WEB-09519","クラウドファンディング・新商品のECサイト（クール・テック・スクロール連動のストーリー）","プロ（演出多め）"
"WEB-09520","SaaS・BtoBツールのサービスサイト（信頼・誠実（コーポレート）・3Dオブジェクト/ジェネラティブ背景）","プロ（演出多め）"
"WEB-09521","英会話・語学のブランドサイト（信頼・誠実（コーポレート）・散らばった写真コラージュ）","上級"
"WEB-09522","観光・地域プロモーションの自治体・観光協会サイト（ハンドメイド・手書き・3Dオブジェクト/ジェネラティブ背景）","プロ（演出多め）"
"WEB-09523","AIサービス・スタートアップのサービスサイト（グラスモーフィズム・スクロール連動のストーリー）","プロ（演出多め）"
"WEB-09524","ホテル・旅館の採用サイト（ラグジュアリー・高級感・散らばった写真コラージュ）","プロ（演出多め）"
"WEB-09525","歯科医院の採用サイト（ミニマル・洗練・スクロール連動のストーリー）","プロ（演出多め）"
"WEB-09526","工務店・注文住宅・リフォームのサービスサイト（ナチュラル・オーガニック・全画面ループ動画）","プロ（演出多め）"
"WEB-09527","コスメ・スキンケアのコーポレートサイト（ラグジュアリー・高級感・ローディング演出→ロゴ→メインビジュアル）","上級"
"WEB-09528","コスメ・スキンケアのコーポレートサイト（パステル・ドリーミー・全画面ループ動画）","プロ（演出多め）"
"WEB-09529","不動産・マンションのブランドサイト（ラグジュアリー・高級感・スクロール連動のストーリー）","上級"
"WEB-09530","ヨガ・ピラティスのブランドサイト（北欧・ライフスタイル・散らばった写真コラージュ）","プロ（演出多め）"
"WEB-09531","スマホアプリのコーポレートサイト（エネルギッシュ・スポーティ・縦書きコピー＋余白）","プロ（演出多め）"
"WEB-09532","不動産・マンションのサービスサイト（ダーク・シネマティック・フェード/ズームのスライドショー）","プロ（演出多め）"
"WEB-09533","引越し・生活サービスの採用サイト（信頼・誠実（コーポレート）・3Dオブジェクト/ジェネラティブ背景）","上級"
"WEB-09534","コンサル・コーチングのサービスサイト（エディトリアル・雑誌風・スクロール連動のストーリー）","プロ（演出多め）"
"WEB-09535","金融・保険・投資の採用サイト（信頼・誠実（コーポレート）・画面2分割（写真｜コピー））","上級"
"WEB-09536","内科・クリニックのオウンドメディア・ブログ（信頼・誠実（コーポレート）・ローディング演出→ロゴ→メインビジュアル）","プロ（演出多め）"
"WEB-09537","保育園・幼児教育・習い事のオウンドメディア・ブログ（ハンドメイド・手書き・フェード/ズームのスライドショー）","プロ（演出多め）"
"WEB-09538","占い・スピリチュアルの採用サイト（ラグジュアリー・高級感・フェード/ズームのスライドショー）","上級"
"WEB-09539","歯科医院のブランドサイト（ミニマル・洗練・3Dオブジェクト/ジェネラティブ背景）","プロ（演出多め）"
"WEB-09540","採用・求人のサービスサイト（信頼・誠実（コーポレート）・巨大コピー＋小さな写真）","プロ（演出多め）"
"WEB-09541","金融・保険・投資の採用サイト（ミニマル・洗練・巨大コピー＋小さな写真）","プロ（演出多め）"
"WEB-09542","ホテル・旅館のサービスサイト（ダーク・シネマティック・3Dオブジェクト/ジェネラティブ背景）","プロ（演出多め）"
"WEB-09543","ゲーム・eスポーツのイベント・フェスサイト（レトロ・Y2K・ローディング演出→ロゴ→メインビジュアル）","プロ（演出多め）"
"WEB-09544","アパレル・ファッションECのサービスサイト（ミニマル・洗練・フェード/ズームのスライドショー）","プロ（演出多め）"
"WEB-09545","英会話・語学のスクール・教室サイト（3D・クレイ・フェード/ズームのスライドショー）","上級"
"WEB-09546","歯科医院のサービスサイト（ミニマル・洗練・フェード/ズームのスライドショー）","上級"
"WEB-09547","工務店・注文住宅・リフォームのブランドサイト（かわいい・ガーリー・全画面ループ動画）","プロ（演出多め）"
"WEB-09548","アパレル・ファッションECの採用サイト（ニューブルータリズム・縦書きコピー＋余白）","上級"
"WEB-09549","英会話・語学のスクール・教室サイト（信頼・誠実（コーポレート）・全画面ループ動画）","上級"
"WEB-09550","占い・スピリチュアルのコーポレートサイト（パステル・ドリーミー・スクロール連動のストーリー）","プロ（演出多め）"
"WEB-09551","採用・求人のサービスサイト（ポップ・カラフル・ローディング演出→ロゴ→メインビジュアル）","プロ（演出多め）"
"WEB-09552","プログラミングスクールのオウンドメディア・ブログ（クール・テック・画面2分割（写真｜コピー））","上級"
"WEB-09553","美容クリニックのコーポレートサイト（パステル・ドリーミー・画面2分割（写真｜コピー））","上級"
"WEB-09554","プログラミングスクールのコーポレートサイト（クール・テック・巨大コピー＋小さな写真）","プロ（演出多め）"
"WEB-09555","士業（税理士・弁護士・行政書士）のブランドサイト（信頼・誠実（コーポレート）・巨大コピー＋小さな写真）","上級"
"WEB-09556","士業（税理士・弁護士・行政書士）のオウンドメディア・ブログ（和モダン・画面2分割（写真｜コピー））","プロ（演出多め）"
"WEB-09557","パーソナルジム・フィットネスのサービスサイト（ハンドメイド・手書き・画面2分割（写真｜コピー））","プロ（演出多め）"
"WEB-09558","Web制作・デザイン事務所のブランドサイト（ダーク・シネマティック・画面2分割（写真｜コピー））","プロ（演出多め）"
"WEB-09559","美容クリニックの店舗サイト（飲食・美容・サロン）（ラグジュアリー・高級感・全画面ループ動画）","プロ（演出多め）"
"WEB-09560","スクール・オンライン講座のコーポレートサイト（信頼・誠実（コーポレート）・巨大コピー＋小さな写真）","プロ（演出多め）"
"WEB-09561","クラウドファンディング・新商品の採用サイト（ダーク・シネマティック・ローディング演出→ロゴ→メインビジュアル）","プロ（演出多め）"
"WEB-09562","エステ・脱毛サロンの店舗サイト（飲食・美容・サロン）（ラグジュアリー・高級感・フェード/ズームのスライドショー）","上級"
"WEB-09563","ホテル・旅館のオウンドメディア・ブログ（ダーク・シネマティック・3Dオブジェクト/ジェネラティブ背景）","上級"
"WEB-09564","Web制作・デザイン事務所のサービスサイト（ジオメトリック・グラフィカル・全画面ループ動画）","プロ（演出多め）"
"WEB-09565","歯科医院のコーポレートサイト（信頼・誠実（コーポレート）・巨大コピー＋小さな写真）","プロ（演出多め）"
"WEB-09566","美容室・ヘアサロンのポートフォリオ（個人/事務所）（ラグジュアリー・高級感・全画面ループ動画）","プロ（演出多め）"
"WEB-09567","歯科医院のブランドサイト（ナチュラル・オーガニック・散らばった写真コラージュ）","上級"
"WEB-09568","コンサル・コーチングのブランドサイト（ナチュラル・オーガニック・縦書きコピー＋余白）","プロ（演出多め）"
"WEB-09569","NPO・地方自治体のサービスサイト（ハンドメイド・手書き・縦書きコピー＋余白）","プロ（演出多め）"
"WEB-09570","観光・地域プロモーションのイベント・フェスサイト（ナチュラル・オーガニック・3Dオブジェクト/ジェネラティブ背景）","上級"
"WEB-09571","NPO・地方自治体のブランドサイト（信頼・誠実（コーポレート）・縦書きコピー＋余白）","プロ（演出多め）"
"WEB-09572","占い・スピリチュアルのコーポレートサイト（レトロ・Y2K・散らばった写真コラージュ）","プロ（演出多め）"
"WEB-09573","保育園・幼児教育・習い事の採用サイト（ポップ・カラフル・散らばった写真コラージュ）","プロ（演出多め）"
"WEB-09574","エステ・脱毛サロンのサービスサイト（かわいい・ガーリー・巨大コピー＋小さな写真）","上級"
"WEB-09575","アパレル・ファッションECのサービスサイト（ニューブルータリズム・3Dオブジェクト/ジェネラティブ背景）","プロ（演出多め）"
"WEB-09576","ホテル・旅館の採用サイト（ダーク・シネマティック・縦書きコピー＋余白）","上級"
"WEB-09577","美容室・ヘアサロンのブランドサイト（エディトリアル・雑誌風・巨大コピー＋小さな写真）","プロ（演出多め）"
"WEB-09578","保育園・幼児教育・習い事の採用サイト（ハンドメイド・手書き・画面2分割（写真｜コピー））","プロ（演出多め）"
"WEB-09579","サウナ・温浴施設の店舗サイト（飲食・美容・サロン）（ニューブルータリズム・フェード/ズームのスライドショー）","プロ（演出多め）"
"WEB-09580","英会話・語学の採用サイト（ミニマル・洗練・ローディング演出→ロゴ→メインビジュアル）","プロ（演出多め）"
"WEB-09581","アパレル・ファッションECのコーポレートサイト（ニューブルータリズム・縦書きコピー＋余白）","プロ（演出多め）"
"WEB-09582","アパレル・ファッションECのECサイト（レトロ・Y2K・ローディング演出→ロゴ→メインビジュアル）","プロ（演出多め）"
"WEB-09583","AIサービス・スタートアップのブランドサイト（ネオン・サイバー・全画面ループ動画）","プロ（演出多め）"
"WEB-09584","パーソナルジム・フィットネスのスクール・教室サイト（エネルギッシュ・スポーティ・巨大コピー＋小さな写真）","上級"
"WEB-09585","スマホアプリのコーポレートサイト（信頼・誠実（コーポレート）・全画面ループ動画）","プロ（演出多め）"
"WEB-09586","引越し・生活サービスのコーポレートサイト（3D・クレイ・画面2分割（写真｜コピー））","上級"
"WEB-09587","工務店・注文住宅・リフォームのサービスサイト（信頼・誠実（コーポレート）・画面2分割（写真｜コピー））","上級"
"WEB-09588","コンサル・コーチングのブランドサイト（ミニマル・洗練・縦書きコピー＋余白）","プロ（演出多め）"
"WEB-09589","コンサル・コーチングの採用サイト（信頼・誠実（コーポレート）・フェード/ズームのスライドショー）","プロ（演出多め）"
"WEB-09590","レストラン・居酒屋のコーポレートサイト（ダーク・シネマティック・縦書きコピー＋余白）","上級"
"WEB-09591","プログラミングスクールのブランドサイト（クール・テック・スクロール連動のストーリー）","プロ（演出多め）"
"WEB-09592","ヨガ・ピラティスの採用サイト（かわいい・ガーリー・3Dオブジェクト/ジェネラティブ背景）","プロ（演出多め）"
"WEB-09593","クラウドファンディング・新商品のサービスサイト（信頼・誠実（コーポレート）・スクロール連動のストーリー）","上級"
"WEB-09594","クラウドファンディング・新商品のオウンドメディア・ブログ（ダーク・シネマティック・画面2分割（写真｜コピー））","プロ（演出多め）"
"WEB-09595","コスメ・スキンケアのブランドサイト（レトロ・Y2K・縦書きコピー＋余白）","上級"
"WEB-09596","工務店・注文住宅・リフォームのサービスサイト（北欧・ライフスタイル・3Dオブジェクト/ジェネラティブ背景）","上級"
"WEB-09597","工務店・注文住宅・リフォームのオウンドメディア・ブログ（信頼・誠実（コーポレート）・3Dオブジェクト/ジェネラティブ背景）","上級"
"WEB-09598","引越し・生活サービスのオウンドメディア・ブログ（ポップ・カラフル・3Dオブジェクト/ジェネラティブ背景）","上級"
"WEB-09599","美容室・ヘアサロンのブランドサイト（北欧・ライフスタイル・3Dオブジェクト/ジェネラティブ背景）","プロ（演出多め）"
"WEB-09600","サウナ・温浴施設のコーポレートサイト（ニューブルータリズム・画面2分割（写真｜コピー））","上級"
"WEB-09601","音楽・ライブ・イベントのサービスサイト（レトロ・Y2K・ローディング演出→ロゴ→メインビジュアル）","プロ（演出多め）"
"WEB-09602","SaaS・BtoBツールのオウンドメディア・ブログ（ミニマル・洗練・スクロール連動のストーリー）","プロ（演出多め）"
"WEB-09603","自動車・バイクのコーポレートサイト（ラグジュアリー・高級感・3Dオブジェクト/ジェネラティブ背景）","プロ（演出多め）"
"WEB-09604","コンサル・コーチングのブランドサイト（エディトリアル・雑誌風・散らばった写真コラージュ）","プロ（演出多め）"
"WEB-09605","引越し・生活サービスのブランドサイト（ニューブルータリズム・散らばった写真コラージュ）","プロ（演出多め）"
"WEB-09606","美容室・ヘアサロンのブランドサイト（エディトリアル・雑誌風・縦書きコピー＋余白）","上級"
"WEB-09607","パーソナルジム・フィットネスのブランドサイト（クール・テック・3Dオブジェクト/ジェネラティブ背景）","プロ（演出多め）"
"WEB-09608","NPO・地方自治体の自治体・観光協会サイト（ジオメトリック・グラフィカル・スクロール連動のストーリー）","プロ（演出多め）"
"WEB-09609","ゲーム・eスポーツのイベント・フェスサイト（ネオン・サイバー・画面2分割（写真｜コピー））","上級"
"WEB-09610","引越し・生活サービスのブランドサイト（3D・クレイ・ローディング演出→ロゴ→メインビジュアル）","プロ（演出多め）"
"WEB-09611","ヨガ・ピラティスのオウンドメディア・ブログ（パステル・ドリーミー・画面2分割（写真｜コピー））","上級"
"WEB-09612","スマホアプリのコーポレートサイト（3D・クレイ・3Dオブジェクト/ジェネラティブ背景）","プロ（演出多め）"
"WEB-09613","AIサービス・スタートアップの採用サイト（クール・テック・ローディング演出→ロゴ→メインビジュアル）","プロ（演出多め）"
"WEB-09614","エステ・脱毛サロンのコーポレートサイト（ミニマル・洗練・3Dオブジェクト/ジェネラティブ背景）","プロ（演出多め）"
"WEB-09615","不動産・マンションの採用サイト（ラグジュアリー・高級感・全画面ループ動画）","プロ（演出多め）"
"WEB-09616","サウナ・温浴施設のコーポレートサイト（ジオメトリック・グラフィカル・縦書きコピー＋余白）","プロ（演出多め）"
"WEB-09617","占い・スピリチュアルのブランドサイト（ラグジュアリー・高級感・巨大コピー＋小さな写真）","上級"
"WEB-09618","士業（税理士・弁護士・行政書士）のブランドサイト（和モダン・3Dオブジェクト/ジェネラティブ背景）","プロ（演出多め）"
"WEB-09619","農業・地方の生産者のECサイト（ナチュラル・オーガニック・全画面ループ動画）","プロ（演出多め）"
"WEB-09620","美容室・ヘアサロンのコーポレートサイト（エネルギッシュ・スポーティ・ローディング演出→ロゴ→メインビジュアル）","上級"
"WEB-09621","保育園・幼児教育・習い事の採用サイト（ポップ・カラフル・3Dオブジェクト/ジェネラティブ背景）","プロ（演出多め）"
"WEB-09622","クラウドファンディング・新商品のコーポレートサイト（クール・テック・縦書きコピー＋余白）","プロ（演出多め）"
"WEB-09623","和菓子・スイーツのサービスサイト（和モダン・画面2分割（写真｜コピー））","上級"
"WEB-09624","ゲーム・eスポーツのサービスサイト（ジオメトリック・グラフィカル・縦書きコピー＋余白）","プロ（演出多め）"
"WEB-09625","クラウドファンディング・新商品のコーポレートサイト（ダーク・シネマティック・3Dオブジェクト/ジェネラティブ背景）","プロ（演出多め）"
"WEB-09626","AIサービス・スタートアップのコーポレートサイト（エネルギッシュ・スポーティ・画面2分割（写真｜コピー））","プロ（演出多め）"
"WEB-09627","クラウドファンディング・新商品のサービスサイト（ポップ・カラフル・フェード/ズームのスライドショー）","プロ（演出多め）"
"WEB-09628","AIサービス・スタートアップのオウンドメディア・ブログ（クール・テック・巨大コピー＋小さな写真）","プロ（演出多め）"
"WEB-09629","自動車・バイクのオウンドメディア・ブログ（エネルギッシュ・スポーティ・巨大コピー＋小さな写真）","プロ（演出多め）"
"WEB-09630","引越し・生活サービスのオウンドメディア・ブログ（信頼・誠実（コーポレート）・巨大コピー＋小さな写真）","プロ（演出多め）"
"WEB-09631","保育園・幼児教育・習い事のサービスサイト（かわいい・ガーリー・ローディング演出→ロゴ→メインビジュアル）","プロ（演出多め）"
"WEB-09632","スクール・オンライン講座のオウンドメディア・ブログ（クール・テック・縦書きコピー＋余白）","上級"
"WEB-09633","エステ・脱毛サロンの店舗サイト（飲食・美容・サロン）（パステル・ドリーミー・3Dオブジェクト/ジェネラティブ背景）","プロ（演出多め）"
"WEB-09634","和菓子・スイーツの採用サイト（レトロ・Y2K・ローディング演出→ロゴ→メインビジュアル）","上級"
"WEB-09635","アパレル・ファッションECのサービスサイト（エディトリアル・雑誌風・画面2分割（写真｜コピー））","上級"
"WEB-09636","SaaS・BtoBツールの採用サイト（3D・クレイ・縦書きコピー＋余白）","プロ（演出多め）"
"WEB-09637","建築設計事務所のブランドサイト（かわいい・ガーリー・フェード/ズームのスライドショー）","上級"
"WEB-09638","保育園・幼児教育・習い事のコーポレートサイト（3D・クレイ・3Dオブジェクト/ジェネラティブ背景）","プロ（演出多め）"
"WEB-09639","歯科医院のサービスサイト（信頼・誠実（コーポレート）・全画面ループ動画）","プロ（演出多め）"
"WEB-09640","観光・地域プロモーションのブランドサイト（ハンドメイド・手書き・全画面ループ動画）","上級"
"WEB-09641","SaaS・BtoBツールの採用サイト（クール・テック・スクロール連動のストーリー）","プロ（演出多め）"
"WEB-09642","Web制作・デザイン事務所のブランドサイト（エネルギッシュ・スポーティ・ローディング演出→ロゴ→メインビジュアル）","プロ（演出多め）"
"WEB-09643","YouTuber・インフルエンサーのサービスサイト（ネオン・サイバー・縦書きコピー＋余白）","プロ（演出多め）"
"WEB-09644","観光・地域プロモーションのサービスサイト（ポップ・カラフル・3Dオブジェクト/ジェネラティブ背景）","上級"
"WEB-09645","レストラン・居酒屋の店舗サイト（飲食・美容・サロン）（ラグジュアリー・高級感・縦書きコピー＋余白）","プロ（演出多め）"
"WEB-09646","NPO・地方自治体のサービスサイト（ハンドメイド・手書き・画面2分割（写真｜コピー））","上級"
"WEB-09647","観光・地域プロモーションのオウンドメディア・ブログ（和モダン・全画面ループ動画）","プロ（演出多め）"
"WEB-09648","NPO・地方自治体の採用サイト（ポップ・カラフル・縦書きコピー＋余白）","上級"
"WEB-09649","農業・地方の生産者のサービスサイト（ハンドメイド・手書き・ローディング演出→ロゴ→メインビジュアル）","プロ（演出多め）"
"WEB-09650","保育園・幼児教育・習い事のスクール・教室サイト（かわいい・ガーリー・3Dオブジェクト/ジェネラティブ背景）","プロ（演出多め）"
"WEB-09651","Web制作・デザイン事務所の採用サイト（ジオメトリック・グラフィカル・スクロール連動のストーリー）","プロ（演出多め）"
"WEB-09652","エステ・脱毛サロンの採用サイト（パステル・ドリーミー・スクロール連動のストーリー）","プロ（演出多め）"
"WEB-09653","士業（税理士・弁護士・行政書士）の採用サイト（和モダン・スクロール連動のストーリー）","プロ（演出多め）"
"WEB-09654","SaaS・BtoBツールのサービスサイト（グラスモーフィズム・フェード/ズームのスライドショー）","プロ（演出多め）"
"WEB-09655","ペット・トリミング・動物病院のサービスサイト（ナチュラル・オーガニック・スクロール連動のストーリー）","プロ（演出多め）"
"WEB-09656","カフェ・ベーカリーのコーポレートサイト（ハンドメイド・手書き・スクロール連動のストーリー）","プロ（演出多め）"
"WEB-09657","農業・地方の生産者のブランドサイト（北欧・ライフスタイル・全画面ループ動画）","プロ（演出多め）"
"WEB-09658","パーソナルジム・フィットネスのブランドサイト（クール・テック・巨大コピー＋小さな写真）","上級"
"WEB-09659","歯科医院のクリニック・医院サイト（ナチュラル・オーガニック・巨大コピー＋小さな写真）","プロ（演出多め）"
"WEB-09660","占い・スピリチュアルのオウンドメディア・ブログ（パステル・ドリーミー・スクロール連動のストーリー）","プロ（演出多め）"
"WEB-09661","YouTuber・インフルエンサーのブランドサイト（ポップ・カラフル・散らばった写真コラージュ）","プロ（演出多め）"
"WEB-09662","プログラミングスクールのブランドサイト（3D・クレイ・縦書きコピー＋余白）","プロ（演出多め）"
"WEB-09663","クラウドファンディング・新商品のサービスサイト（ナチュラル・オーガニック・スクロール連動のストーリー）","プロ（演出多め）"
"WEB-09664","内科・クリニックのブランドサイト（ナチュラル・オーガニック・巨大コピー＋小さな写真）","プロ（演出多め）"
"WEB-09665","ゲーム・eスポーツのオウンドメディア・ブログ（ネオン・サイバー・フェード/ズームのスライドショー）","プロ（演出多め）"
"WEB-09666","パーソナルジム・フィットネスのスクール・教室サイト（クール・テック・全画面ループ動画）","プロ（演出多め）"
"WEB-09667","士業（税理士・弁護士・行政書士）のコーポレートサイト（信頼・誠実（コーポレート）・巨大コピー＋小さな写真）","プロ（演出多め）"
"WEB-09668","SaaS・BtoBツールのサービスサイト（ミニマル・洗練・フェード/ズームのスライドショー）","プロ（演出多め）"
"WEB-09669","YouTuber・インフルエンサーのサービスサイト（かわいい・ガーリー・画面2分割（写真｜コピー））","上級"
"WEB-09670","プログラミングスクールのサービスサイト（ポップ・カラフル・画面2分割（写真｜コピー））","上級"
"WEB-09671","スマホアプリの採用サイト（3D・クレイ・散らばった写真コラージュ）","プロ（演出多め）"
"WEB-09672","スマホアプリの採用サイト（グラスモーフィズム・フェード/ズームのスライドショー）","プロ（演出多め）"
"WEB-09673","コンサル・コーチングの採用サイト（信頼・誠実（コーポレート）・スクロール連動のストーリー）","プロ（演出多め）"
"WEB-09674","エステ・脱毛サロンのコーポレートサイト（ラグジュアリー・高級感・3Dオブジェクト/ジェネラティブ背景）","プロ（演出多め）"
"WEB-09675","ホテル・旅館のホテル・旅館サイト（ダーク・シネマティック・ローディング演出→ロゴ→メインビジュアル）","プロ（演出多め）"
"WEB-09676","コスメ・スキンケアのサービスサイト（パステル・ドリーミー・3Dオブジェクト/ジェネラティブ背景）","プロ（演出多め）"
"WEB-09677","アパレル・ファッションECのブランドサイト（ジオメトリック・グラフィカル・ローディング演出→ロゴ→メインビジュアル）","プロ（演出多め）"
"WEB-09678","NPO・地方自治体の自治体・観光協会サイト（信頼・誠実（コーポレート）・巨大コピー＋小さな写真）","上級"
"WEB-09679","クラウドファンディング・新商品のブランドサイト（クール・テック・フェード/ズームのスライドショー）","プロ（演出多め）"
"WEB-09680","農業・地方の生産者のオウンドメディア・ブログ（レトロ・Y2K・画面2分割（写真｜コピー））","プロ（演出多め）"
"WEB-09681","食品・産直ECの採用サイト（エネルギッシュ・スポーティ・画面2分割（写真｜コピー））","プロ（演出多め）"
"WEB-09682","引越し・生活サービスのサービスサイト（ポップ・カラフル・縦書きコピー＋余白）","上級"
"WEB-09683","食品・産直ECの採用サイト（ポップ・カラフル・全画面ループ動画）","上級"
"WEB-09684","SaaS・BtoBツールのオウンドメディア・ブログ（ミニマル・洗練・スクロール連動のストーリー）","プロ（演出多め）"
"WEB-09685","引越し・生活サービスのコーポレートサイト（ハンドメイド・手書き・フェード/ズームのスライドショー）","上級"
"WEB-09686","カフェ・ベーカリーの採用サイト（レトロ・Y2K・フェード/ズームのスライドショー）","プロ（演出多め）"
"WEB-09687","コンサル・コーチングのサービスサイト（ジオメトリック・グラフィカル・画面2分割（写真｜コピー））","プロ（演出多め）"
"WEB-09688","SaaS・BtoBツールのブランドサイト（グラスモーフィズム・巨大コピー＋小さな写真）","プロ（演出多め）"
"WEB-09689","採用・求人のサービスサイト（エネルギッシュ・スポーティ・画面2分割（写真｜コピー））","上級"
"WEB-09690","ヨガ・ピラティスの採用サイト（ナチュラル・オーガニック・フェード/ズームのスライドショー）","プロ（演出多め）"
"WEB-09691","占い・スピリチュアルの採用サイト（パステル・ドリーミー・全画面ループ動画）","プロ（演出多め）"
"WEB-09692","食品・産直ECのオウンドメディア・ブログ（ハンドメイド・手書き・ローディング演出→ロゴ→メインビジュアル）","プロ（演出多め）"
"WEB-09693","ヨガ・ピラティスの店舗サイト（飲食・美容・サロン）（パステル・ドリーミー・画面2分割（写真｜コピー））","上級"
"WEB-09694","金融・保険・投資の採用サイト（ハンドメイド・手書き・巨大コピー＋小さな写真）","プロ（演出多め）"
"WEB-09695","美容クリニックの採用サイト（信頼・誠実（コーポレート）・巨大コピー＋小さな写真）","プロ（演出多め）"
"WEB-09696","NPO・地方自治体の自治体・観光協会サイト（信頼・誠実（コーポレート）・フェード/ズームのスライドショー）","プロ（演出多め）"
"WEB-09697","採用・求人のコーポレートサイト（ポップ・カラフル・全画面ループ動画）","プロ（演出多め）"
"WEB-09698","Web制作・デザイン事務所のポートフォリオ（個人/事務所）（エディトリアル・雑誌風・スクロール連動のストーリー）","上級"
"WEB-09699","ホテル・旅館のホテル・旅館サイト（ラグジュアリー・高級感・3Dオブジェクト/ジェネラティブ背景）","プロ（演出多め）"
"WEB-09700","士業（税理士・弁護士・行政書士）の採用サイト（信頼・誠実（コーポレート）・散らばった写真コラージュ）","プロ（演出多め）"
"WEB-09701","農業・地方の生産者のECサイト（和モダン・画面2分割（写真｜コピー））","上級"
"WEB-09702","パーソナルジム・フィットネスの採用サイト（ナチュラル・オーガニック・3Dオブジェクト/ジェネラティブ背景）","プロ（演出多め）"
"WEB-09703","ウェディング・結婚相談所の採用サイト（ラグジュアリー・高級感・フェード/ズームのスライドショー）","プロ（演出多め）"
"WEB-09704","英会話・語学の採用サイト（信頼・誠実（コーポレート）・フェード/ズームのスライドショー）","プロ（演出多め）"
"WEB-09705","食品・産直ECのブランドサイト（ラグジュアリー・高級感・巨大コピー＋小さな写真）","プロ（演出多め）"
"WEB-09706","AIサービス・スタートアップの採用サイト（グラスモーフィズム・全画面ループ動画）","上級"
"WEB-09707","保育園・幼児教育・習い事のサービスサイト（かわいい・ガーリー・3Dオブジェクト/ジェネラティブ背景）","上級"
"WEB-09708","スクール・オンライン講座のオウンドメディア・ブログ（クール・テック・3Dオブジェクト/ジェネラティブ背景）","プロ（演出多め）"
"WEB-09709","コスメ・スキンケアのブランドサイト（ミニマル・洗練・散らばった写真コラージュ）","プロ（演出多め）"
"WEB-09710","不動産・マンションのコーポレートサイト（ダーク・シネマティック・フェード/ズームのスライドショー）","プロ（演出多め）"
"WEB-09711","スマホアプリのコーポレートサイト（3D・クレイ・巨大コピー＋小さな写真）","プロ（演出多め）"
"WEB-09712","英会話・語学のブランドサイト（信頼・誠実（コーポレート）・3Dオブジェクト/ジェネラティブ背景）","上級"
"WEB-09713","占い・スピリチュアルの採用サイト（グラスモーフィズム・巨大コピー＋小さな写真）","プロ（演出多め）"
"WEB-09714","工務店・注文住宅・リフォームのオウンドメディア・ブログ（信頼・誠実（コーポレート）・スクロール連動のストーリー）","プロ（演出多め）"
"WEB-09715","食品・産直ECのコーポレートサイト（かわいい・ガーリー・散らばった写真コラージュ）","プロ（演出多め）"
"WEB-09716","観光・地域プロモーションのイベント・フェスサイト（ナチュラル・オーガニック・全画面ループ動画）","上級"
"WEB-09717","美容室・ヘアサロンの採用サイト（ラグジュアリー・高級感・巨大コピー＋小さな写真）","プロ（演出多め）"
"WEB-09718","食品・産直ECのコーポレートサイト（ハンドメイド・手書き・画面2分割（写真｜コピー））","プロ（演出多め）"
"WEB-09719","金融・保険・投資のコーポレートサイト（クール・テック・スクロール連動のストーリー）","上級"
"WEB-09720","占い・スピリチュアルのブランドサイト（パステル・ドリーミー・画面2分割（写真｜コピー））","上級"
"WEB-09721","プログラミングスクールのスクール・教室サイト（ミニマル・洗練・全画面ループ動画）","上級"
"WEB-09722","内科・クリニックのブランドサイト（北欧・ライフスタイル・スクロール連動のストーリー）","プロ（演出多め）"
"WEB-09723","歯科医院のクリニック・医院サイト（ニューブルータリズム・ローディング演出→ロゴ→メインビジュアル）","プロ（演出多め）"
"WEB-09724","歯科医院のオウンドメディア・ブログ（ミニマル・洗練・散らばった写真コラージュ）","プロ（演出多め）"
"WEB-09725","プログラミングスクールのブランドサイト（クール・テック・全画面ループ動画）","プロ（演出多め）"
"WEB-09726","アパレル・ファッションECのオウンドメディア・ブログ（ニューブルータリズム・全画面ループ動画）","プロ（演出多め）"
"WEB-09727","クラウドファンディング・新商品のオウンドメディア・ブログ（ジオメトリック・グラフィカル・スクロール連動のストーリー）","上級"
"WEB-09728","自動車・バイクのコーポレートサイト（エネルギッシュ・スポーティ・縦書きコピー＋余白）","上級"
"WEB-09729","農業・地方の生産者のECサイト（3D・クレイ・散らばった写真コラージュ）","プロ（演出多め）"
"WEB-09730","レストラン・居酒屋のコーポレートサイト（ラグジュアリー・高級感・3Dオブジェクト/ジェネラティブ背景）","プロ（演出多め）"
"WEB-09731","ホテル・旅館のブランドサイト（ミニマル・洗練・画面2分割（写真｜コピー））","プロ（演出多め）"
"WEB-09732","YouTuber・インフルエンサーのイベント・フェスサイト（かわいい・ガーリー・全画面ループ動画）","上級"
"WEB-09733","プログラミングスクールのスクール・教室サイト（3D・クレイ・3Dオブジェクト/ジェネラティブ背景）","プロ（演出多め）"
"WEB-09734","クラウドファンディング・新商品のECサイト（ダーク・シネマティック・全画面ループ動画）","プロ（演出多め）"
"WEB-09735","ペット・トリミング・動物病院のコーポレートサイト（かわいい・ガーリー・巨大コピー＋小さな写真）","上級"
"WEB-09736","ホテル・旅館の採用サイト（ミニマル・洗練・スクロール連動のストーリー）","上級"
"WEB-09737","金融・保険・投資のオウンドメディア・ブログ（ミニマル・洗練・3Dオブジェクト/ジェネラティブ背景）","プロ（演出多め）"
"WEB-09738","保育園・幼児教育・習い事のスクール・教室サイト（かわいい・ガーリー・3Dオブジェクト/ジェネラティブ背景）","プロ（演出多め）"
"WEB-09739","スマホアプリのコーポレートサイト（ポップ・カラフル・巨大コピー＋小さな写真）","プロ（演出多め）"
"WEB-09740","アパレル・ファッションECのサービスサイト（レトロ・Y2K・縦書きコピー＋余白）","上級"
"WEB-09741","ヨガ・ピラティスのサービスサイト（ミニマル・洗練・フェード/ズームのスライドショー）","プロ（演出多め）"
"WEB-09742","ゲーム・eスポーツのイベント・フェスサイト（ダーク・シネマティック・全画面ループ動画）","上級"
"WEB-09743","ウェディング・結婚相談所のコーポレートサイト（ラグジュアリー・高級感・散らばった写真コラージュ）","プロ（演出多め）"
"WEB-09744","ホテル・旅館の採用サイト（ラグジュアリー・高級感・画面2分割（写真｜コピー））","プロ（演出多め）"
"WEB-09745","採用・求人のサービスサイト（エディトリアル・雑誌風・縦書きコピー＋余白）","プロ（演出多め）"
"WEB-09746","プログラミングスクールの採用サイト（ポップ・カラフル・3Dオブジェクト/ジェネラティブ背景）","上級"
"WEB-09747","パーソナルジム・フィットネスのスクール・教室サイト（クール・テック・ローディング演出→ロゴ→メインビジュアル）","上級"
"WEB-09748","カフェ・ベーカリーのコーポレートサイト（ハンドメイド・手書き・3Dオブジェクト/ジェネラティブ背景）","プロ（演出多め）"
"WEB-09749","金融・保険・投資のオウンドメディア・ブログ（信頼・誠実（コーポレート）・フェード/ズームのスライドショー）","プロ（演出多め）"
"WEB-09750","工務店・注文住宅・リフォームのコーポレートサイト（ハンドメイド・手書き・散らばった写真コラージュ）","プロ（演出多め）"
"WEB-09751","AIサービス・スタートアップのオウンドメディア・ブログ（パステル・ドリーミー・ローディング演出→ロゴ→メインビジュアル）","上級"
"WEB-09752","プログラミングスクールのコーポレートサイト（ネオン・サイバー・スクロール連動のストーリー）","上級"
"WEB-09753","エステ・脱毛サロンの店舗サイト（飲食・美容・サロン）（ラグジュアリー・高級感・全画面ループ動画）","プロ（演出多め）"
"WEB-09754","レストラン・居酒屋の採用サイト（ラグジュアリー・高級感・スクロール連動のストーリー）","プロ（演出多め）"
"WEB-09755","音楽・ライブ・イベントのイベント・フェスサイト（ネオン・サイバー・ローディング演出→ロゴ→メインビジュアル）","プロ（演出多め）"
"WEB-09756","ホテル・旅館の採用サイト（ミニマル・洗練・スクロール連動のストーリー）","プロ（演出多め）"
"WEB-09757","引越し・生活サービスのコーポレートサイト（信頼・誠実（コーポレート）・3Dオブジェクト/ジェネラティブ背景）","プロ（演出多め）"
"WEB-09758","引越し・生活サービスの採用サイト（ナチュラル・オーガニック・スクロール連動のストーリー）","プロ（演出多め）"
"WEB-09759","クラウドファンディング・新商品のブランドサイト（ポップ・カラフル・スクロール連動のストーリー）","プロ（演出多め）"
"WEB-09760","自動車・バイクのオウンドメディア・ブログ（ハンドメイド・手書き・縦書きコピー＋余白）","プロ（演出多め）"
"WEB-09761","音楽・ライブ・イベントの採用サイト（レトロ・Y2K・3Dオブジェクト/ジェネラティブ背景）","プロ（演出多め）"
"WEB-09762","SaaS・BtoBツールのブランドサイト（クール・テック・フェード/ズームのスライドショー）","プロ（演出多め）"
"WEB-09763","NPO・地方自治体の自治体・観光協会サイト（ナチュラル・オーガニック・散らばった写真コラージュ）","プロ（演出多め）"
"WEB-09764","アパレル・ファッションECのコーポレートサイト（レトロ・Y2K・全画面ループ動画）","プロ（演出多め）"
"WEB-09765","歯科医院のサービスサイト（ナチュラル・オーガニック・スクロール連動のストーリー）","プロ（演出多め）"
"WEB-09766","歯科医院のブランドサイト（信頼・誠実（コーポレート）・巨大コピー＋小さな写真）","プロ（演出多め）"
"WEB-09767","英会話・語学のオウンドメディア・ブログ（信頼・誠実（コーポレート）・フェード/ズームのスライドショー）","上級"
"WEB-09768","美容クリニックのコーポレートサイト（ラグジュアリー・高級感・ローディング演出→ロゴ→メインビジュアル）","上級"
"WEB-09769","パーソナルジム・フィットネスのサービスサイト（ダーク・シネマティック・3Dオブジェクト/ジェネラティブ背景）","プロ（演出多め）"
"WEB-09770","内科・クリニックの採用サイト（北欧・ライフスタイル・ローディング演出→ロゴ→メインビジュアル）","プロ（演出多め）"
"WEB-09771","ヨガ・ピラティスの店舗サイト（飲食・美容・サロン）（パステル・ドリーミー・スクロール連動のストーリー）","上級"
"WEB-09772","保育園・幼児教育・習い事のサービスサイト（ハンドメイド・手書き・縦書きコピー＋余白）","プロ（演出多め）"
"WEB-09773","ゲーム・eスポーツのイベント・フェスサイト（ネオン・サイバー・縦書きコピー＋余白）","プロ（演出多め）"
"WEB-09774","レストラン・居酒屋のブランドサイト（かわいい・ガーリー・フェード/ズームのスライドショー）","プロ（演出多め）"
"WEB-09775","ペット・トリミング・動物病院の店舗サイト（飲食・美容・サロン）（3D・クレイ・散らばった写真コラージュ）","上級"
"WEB-09776","サウナ・温浴施設のサービスサイト（レトロ・Y2K・3Dオブジェクト/ジェネラティブ背景）","プロ（演出多め）"
"WEB-09777","レストラン・居酒屋のオウンドメディア・ブログ（レトロ・Y2K・散らばった写真コラージュ）","上級"
"WEB-09778","エステ・脱毛サロンのサービスサイト（ニューブルータリズム・巨大コピー＋小さな写真）","プロ（演出多め）"
"WEB-09779","SaaS・BtoBツールのブランドサイト（クール・テック・散らばった写真コラージュ）","プロ（演出多め）"
"WEB-09780","自動車・バイクのコーポレートサイト（ナチュラル・オーガニック・3Dオブジェクト/ジェネラティブ背景）","プロ（演出多め）"
"WEB-09781","自動車・バイクのブランドサイト（ダーク・シネマティック・散らばった写真コラージュ）","プロ（演出多め）"
"WEB-09782","占い・スピリチュアルのブランドサイト（エネルギッシュ・スポーティ・画面2分割（写真｜コピー））","上級"
"WEB-09783","内科・クリニックのオウンドメディア・ブログ（信頼・誠実（コーポレート）・巨大コピー＋小さな写真）","上級"
"WEB-09784","士業（税理士・弁護士・行政書士）のブランドサイト（信頼・誠実（コーポレート）・全画面ループ動画）","プロ（演出多め）"
"WEB-09785","ペット・トリミング・動物病院のクリニック・医院サイト（かわいい・ガーリー・ローディング演出→ロゴ→メインビジュアル）","上級"
"WEB-09786","建築設計事務所のオウンドメディア・ブログ（ラグジュアリー・高級感・スクロール連動のストーリー）","上級"
"WEB-09787","建築設計事務所のオウンドメディア・ブログ（ジオメトリック・グラフィカル・スクロール連動のストーリー）","上級"
"WEB-09788","エステ・脱毛サロンの店舗サイト（飲食・美容・サロン）（かわいい・ガーリー・3Dオブジェクト/ジェネラティブ背景）","上級"
"WEB-09789","自動車・バイクのコーポレートサイト（クール・テック・散らばった写真コラージュ）","プロ（演出多め）"
"WEB-09790","ゲーム・eスポーツのイベント・フェスサイト（エネルギッシュ・スポーティ・巨大コピー＋小さな写真）","プロ（演出多め）"
"WEB-09791","美容クリニックのクリニック・医院サイト（ミニマル・洗練・散らばった写真コラージュ）","上級"
"WEB-09792","音楽・ライブ・イベントの採用サイト（ネオン・サイバー・全画面ループ動画）","プロ（演出多め）"
"WEB-09793","YouTuber・インフルエンサーの採用サイト（ネオン・サイバー・画面2分割（写真｜コピー））","上級"
"WEB-09794","内科・クリニックのオウンドメディア・ブログ（ナチュラル・オーガニック・画面2分割（写真｜コピー））","プロ（演出多め）"
"WEB-09795","アパレル・ファッションECのECサイト（レトロ・Y2K・縦書きコピー＋余白）","上級"
"WEB-09796","ゲーム・eスポーツのサービスサイト（和モダン・散らばった写真コラージュ）","上級"
"WEB-09797","AIサービス・スタートアップの採用サイト（レトロ・Y2K・3Dオブジェクト/ジェネラティブ背景）","プロ（演出多め）"
"WEB-09798","士業（税理士・弁護士・行政書士）のコーポレートサイト（和モダン・縦書きコピー＋余白）","上級"
"WEB-09799","YouTuber・インフルエンサーのポートフォリオ（個人/事務所）（ポップ・カラフル・スクロール連動のストーリー）","上級"
"WEB-09800","金融・保険・投資のオウンドメディア・ブログ（ミニマル・洗練・3Dオブジェクト/ジェネラティブ背景）","上級"
"WEB-09801","音楽・ライブ・イベントのブランドサイト（レトロ・Y2K・3Dオブジェクト/ジェネラティブ背景）","上級"
"WEB-09802","採用・求人のブランドサイト（エネルギッシュ・スポーティ・縦書きコピー＋余白）","プロ（演出多め）"
"WEB-09803","採用・求人の採用サイト（ポップ・カラフル・巨大コピー＋小さな写真）","上級"
"WEB-09804","保育園・幼児教育・習い事のコーポレートサイト（ポップ・カラフル・全画面ループ動画）","上級"
"WEB-09805","士業（税理士・弁護士・行政書士）のオウンドメディア・ブログ（ネオン・サイバー・縦書きコピー＋余白）","プロ（演出多め）"
"WEB-09806","農業・地方の生産者のブランドサイト（ハンドメイド・手書き・画面2分割（写真｜コピー））","上級"
"WEB-09807","Web制作・デザイン事務所のオウンドメディア・ブログ（ニューブルータリズム・全画面ループ動画）","プロ（演出多め）"
"WEB-09808","レストラン・居酒屋のブランドサイト（ラグジュアリー・高級感・画面2分割（写真｜コピー））","プロ（演出多め）"
"WEB-09809","ホテル・旅館のブランドサイト（ダーク・シネマティック・散らばった写真コラージュ）","プロ（演出多め）"
"WEB-09810","美容クリニックの店舗サイト（飲食・美容・サロン）（信頼・誠実（コーポレート）・巨大コピー＋小さな写真）","プロ（演出多め）"
"WEB-09811","アパレル・ファッションECのブランドサイト（ニューブルータリズム・縦書きコピー＋余白）","プロ（演出多め）"
"WEB-09812","内科・クリニックのサービスサイト（信頼・誠実（コーポレート）・散らばった写真コラージュ）","プロ（演出多め）"
"WEB-09813","美容クリニックの店舗サイト（飲食・美容・サロン）（ミニマル・洗練・画面2分割（写真｜コピー））","プロ（演出多め）"
"WEB-09814","カフェ・ベーカリーのオウンドメディア・ブログ（ナチュラル・オーガニック・フェード/ズームのスライドショー）","プロ（演出多め）"
"WEB-09815","プログラミングスクールのブランドサイト（3D・クレイ・散らばった写真コラージュ）","上級"
"WEB-09816","士業（税理士・弁護士・行政書士）のオウンドメディア・ブログ（信頼・誠実（コーポレート）・ローディング演出→ロゴ→メインビジュアル）","プロ（演出多め）"
"WEB-09817","SaaS・BtoBツールのブランドサイト（クール・テック・縦書きコピー＋余白）","上級"
"WEB-09818","農業・地方の生産者のコーポレートサイト（和モダン・ローディング演出→ロゴ→メインビジュアル）","プロ（演出多め）"
"WEB-09819","プログラミングスクールのサービスサイト（ネオン・サイバー・3Dオブジェクト/ジェネラティブ背景）","プロ（演出多め）"
"WEB-09820","SaaS・BtoBツールのコーポレートサイト（信頼・誠実（コーポレート）・フェード/ズームのスライドショー）","プロ（演出多め）"
"WEB-09821","ウェディング・結婚相談所のコーポレートサイト（レトロ・Y2K・スクロール連動のストーリー）","プロ（演出多め）"
"WEB-09822","不動産・マンションのサービスサイト（ラグジュアリー・高級感・全画面ループ動画）","プロ（演出多め）"
"WEB-09823","美容室・ヘアサロンの店舗サイト（飲食・美容・サロン）（かわいい・ガーリー・画面2分割（写真｜コピー））","プロ（演出多め）"
"WEB-09824","ウェディング・結婚相談所のポートフォリオ（個人/事務所）（3D・クレイ・スクロール連動のストーリー）","上級"
"WEB-09825","パーソナルジム・フィットネスのブランドサイト（ダーク・シネマティック・全画面ループ動画）","プロ（演出多め）"
"WEB-09826","ホテル・旅館の採用サイト（信頼・誠実（コーポレート）・ローディング演出→ロゴ→メインビジュアル）","プロ（演出多め）"
"WEB-09827","レストラン・居酒屋のサービスサイト（レトロ・Y2K・画面2分割（写真｜コピー））","上級"
"WEB-09828","音楽・ライブ・イベントのオウンドメディア・ブログ（ダーク・シネマティック・フェード/ズームのスライドショー）","上級"
"WEB-09829","コンサル・コーチングのオウンドメディア・ブログ（ニューブルータリズム・ローディング演出→ロゴ→メインビジュアル）","プロ（演出多め）"
"WEB-09830","ヨガ・ピラティスの店舗サイト（飲食・美容・サロン）（ナチュラル・オーガニック・縦書きコピー＋余白）","プロ（演出多め）"
"WEB-09831","内科・クリニックのサービスサイト（ナチュラル・オーガニック・画面2分割（写真｜コピー））","プロ（演出多め）"
"WEB-09832","レストラン・居酒屋の採用サイト（ダーク・シネマティック・画面2分割（写真｜コピー））","上級"
"WEB-09833","サウナ・温浴施設の採用サイト（ナチュラル・オーガニック・散らばった写真コラージュ）","プロ（演出多め）"
"WEB-09834","レストラン・居酒屋の店舗サイト（飲食・美容・サロン）（ダーク・シネマティック・画面2分割（写真｜コピー））","上級"
"WEB-09835","工務店・注文住宅・リフォームのオウンドメディア・ブログ（ナチュラル・オーガニック・全画面ループ動画）","プロ（演出多め）"
"WEB-09836","占い・スピリチュアルのサービスサイト（和モダン・散らばった写真コラージュ）","上級"
"WEB-09837","建築設計事務所の採用サイト（パステル・ドリーミー・散らばった写真コラージュ）","プロ（演出多め）"
"WEB-09838","占い・スピリチュアルのオウンドメディア・ブログ（かわいい・ガーリー・画面2分割（写真｜コピー））","上級"
"WEB-09839","SaaS・BtoBツールのオウンドメディア・ブログ（かわいい・ガーリー・ローディング演出→ロゴ→メインビジュアル）","プロ（演出多め）"
"WEB-09840","採用・求人のオウンドメディア・ブログ（ジオメトリック・グラフィカル・画面2分割（写真｜コピー））","プロ（演出多め）"
"WEB-09841","内科・クリニックのクリニック・医院サイト（信頼・誠実（コーポレート）・ローディング演出→ロゴ→メインビジュアル）","上級"
"WEB-09842","Web制作・デザイン事務所のサービスサイト（ダーク・シネマティック・3Dオブジェクト/ジェネラティブ背景）","プロ（演出多め）"
"WEB-09843","サウナ・温浴施設の店舗サイト（飲食・美容・サロン）（ナチュラル・オーガニック・スクロール連動のストーリー）","プロ（演出多め）"
"WEB-09844","AIサービス・スタートアップの採用サイト（クール・テック・3Dオブジェクト/ジェネラティブ背景）","上級"
"WEB-09845","SaaS・BtoBツールのブランドサイト（クール・テック・画面2分割（写真｜コピー））","上級"
"WEB-09846","NPO・地方自治体のオウンドメディア・ブログ（ナチュラル・オーガニック・縦書きコピー＋余白）","上級"
"WEB-09847","エステ・脱毛サロンのブランドサイト（パステル・ドリーミー・3Dオブジェクト/ジェネラティブ背景）","プロ（演出多め）"
"WEB-09848","SaaS・BtoBツールの採用サイト（3D・クレイ・散らばった写真コラージュ）","プロ（演出多め）"
"WEB-09849","士業（税理士・弁護士・行政書士）のオウンドメディア・ブログ（信頼・誠実（コーポレート）・全画面ループ動画）","上級"
"WEB-09850","不動産・マンションのコーポレートサイト（信頼・誠実（コーポレート）・スクロール連動のストーリー）","プロ（演出多め）"
"WEB-09851","レストラン・居酒屋のブランドサイト（レトロ・Y2K・縦書きコピー＋余白）","上級"
"WEB-09852","不動産・マンションのサービスサイト（信頼・誠実（コーポレート）・画面2分割（写真｜コピー））","プロ（演出多め）"
"WEB-09853","工務店・注文住宅・リフォームのサービスサイト（ミニマル・洗練・巨大コピー＋小さな写真）","プロ（演出多め）"
"WEB-09854","美容室・ヘアサロンのブランドサイト（かわいい・ガーリー・全画面ループ動画）","上級"
"WEB-09855","レストラン・居酒屋のコーポレートサイト（レトロ・Y2K・巨大コピー＋小さな写真）","プロ（演出多め）"
"WEB-09856","SaaS・BtoBツールの採用サイト（ジオメトリック・グラフィカル・画面2分割（写真｜コピー））","プロ（演出多め）"
"WEB-09857","ペット・トリミング・動物病院のサービスサイト（3D・クレイ・全画面ループ動画）","プロ（演出多め）"
"WEB-09858","食品・産直ECのコーポレートサイト（ハンドメイド・手書き・3Dオブジェクト/ジェネラティブ背景）","プロ（演出多め）"
"WEB-09859","サウナ・温浴施設のブランドサイト（和モダン・スクロール連動のストーリー）","上級"
"WEB-09860","不動産・マンションのサービスサイト（信頼・誠実（コーポレート）・ローディング演出→ロゴ→メインビジュアル）","上級"
"WEB-09861","スマホアプリのサービスサイト（ポップ・カラフル・縦書きコピー＋余白）","上級"
"WEB-09862","自動車・バイクのブランドサイト（ダーク・シネマティック・ローディング演出→ロゴ→メインビジュアル）","上級"
"WEB-09863","観光・地域プロモーションのサービスサイト（ハンドメイド・手書き・全画面ループ動画）","プロ（演出多め）"
"WEB-09864","引越し・生活サービスの採用サイト（ポップ・カラフル・縦書きコピー＋余白）","プロ（演出多め）"
"WEB-09865","Web制作・デザイン事務所のブランドサイト（ジオメトリック・グラフィカル・全画面ループ動画）","上級"
"WEB-09866","NPO・地方自治体のイベント・フェスサイト（ジオメトリック・グラフィカル・3Dオブジェクト/ジェネラティブ背景）","上級"
"WEB-09867","音楽・ライブ・イベントのイベント・フェスサイト（ネオン・サイバー・縦書きコピー＋余白）","プロ（演出多め）"
"WEB-09868","プログラミングスクールの採用サイト（クール・テック・ローディング演出→ロゴ→メインビジュアル）","プロ（演出多め）"
"WEB-09869","Web制作・デザイン事務所のオウンドメディア・ブログ（エディトリアル・雑誌風・縦書きコピー＋余白）","プロ（演出多め）"
"WEB-09870","YouTuber・インフルエンサーのサービスサイト（レトロ・Y2K・縦書きコピー＋余白）","プロ（演出多め）"
"WEB-09871","コスメ・スキンケアのサービスサイト（信頼・誠実（コーポレート）・ローディング演出→ロゴ→メインビジュアル）","プロ（演出多め）"
"WEB-09872","工務店・注文住宅・リフォームのオウンドメディア・ブログ（信頼・誠実（コーポレート）・ローディング演出→ロゴ→メインビジュアル）","プロ（演出多め）"
"WEB-09873","保育園・幼児教育・習い事の採用サイト（ポップ・カラフル・画面2分割（写真｜コピー））","プロ（演出多め）"
"WEB-09874","SaaS・BtoBツールのコーポレートサイト（ミニマル・洗練・全画面ループ動画）","プロ（演出多め）"
"WEB-09875","ゲーム・eスポーツのイベント・フェスサイト（北欧・ライフスタイル・縦書きコピー＋余白）","上級"
"WEB-09876","農業・地方の生産者のブランドサイト（ハンドメイド・手書き・スクロール連動のストーリー）","プロ（演出多め）"
"WEB-09877","ペット・トリミング・動物病院のブランドサイト（エディトリアル・雑誌風・ローディング演出→ロゴ→メインビジュアル）","プロ（演出多め）"
"WEB-09878","スクール・オンライン講座のオウンドメディア・ブログ（信頼・誠実（コーポレート）・画面2分割（写真｜コピー））","プロ（演出多め）"
"WEB-09879","歯科医院のブランドサイト（ナチュラル・オーガニック・巨大コピー＋小さな写真）","上級"
"WEB-09880","ゲーム・eスポーツのイベント・フェスサイト（エネルギッシュ・スポーティ・全画面ループ動画）","上級"
"WEB-09881","歯科医院のコーポレートサイト（ナチュラル・オーガニック・縦書きコピー＋余白）","プロ（演出多め）"
"WEB-09882","食品・産直ECのオウンドメディア・ブログ（和モダン・全画面ループ動画）","プロ（演出多め）"
"WEB-09883","食品・産直ECの採用サイト（エディトリアル・雑誌風・散らばった写真コラージュ）","プロ（演出多め）"
"WEB-09884","YouTuber・インフルエンサーのコーポレートサイト（ニューブルータリズム・スクロール連動のストーリー）","プロ（演出多め）"
"WEB-09885","観光・地域プロモーションのイベント・フェスサイト（ナチュラル・オーガニック・散らばった写真コラージュ）","プロ（演出多め）"
"WEB-09886","コンサル・コーチングのブランドサイト（エディトリアル・雑誌風・巨大コピー＋小さな写真）","プロ（演出多め）"
"WEB-09887","士業（税理士・弁護士・行政書士）のサービスサイト（信頼・誠実（コーポレート）・3Dオブジェクト/ジェネラティブ背景）","プロ（演出多め）"
"WEB-09888","美容クリニックのコーポレートサイト（ラグジュアリー・高級感・散らばった写真コラージュ）","プロ（演出多め）"
"WEB-09889","建築設計事務所のオウンドメディア・ブログ（ミニマル・洗練・ローディング演出→ロゴ→メインビジュアル）","プロ（演出多め）"
"WEB-09890","ウェディング・結婚相談所のブランドサイト（ラグジュアリー・高級感・散らばった写真コラージュ）","上級"
"WEB-09891","採用・求人のコーポレートサイト（信頼・誠実（コーポレート）・画面2分割（写真｜コピー））","上級"
"WEB-09892","エステ・脱毛サロンのコーポレートサイト（ラグジュアリー・高級感・画面2分割（写真｜コピー））","上級"
"WEB-09893","ウェディング・結婚相談所のサービスサイト（パステル・ドリーミー・縦書きコピー＋余白）","上級"
"WEB-09894","AIサービス・スタートアップのブランドサイト（ジオメトリック・グラフィカル・3Dオブジェクト/ジェネラティブ背景）","上級"
"WEB-09895","音楽・ライブ・イベントのオウンドメディア・ブログ（ネオン・サイバー・スクロール連動のストーリー）","プロ（演出多め）"
"WEB-09896","ペット・トリミング・動物病院のオウンドメディア・ブログ（エネルギッシュ・スポーティ・ローディング演出→ロゴ→メインビジュアル）","プロ（演出多め）"
"WEB-09897","コンサル・コーチングのオウンドメディア・ブログ（ミニマル・洗練・全画面ループ動画）","プロ（演出多め）"
"WEB-09898","SaaS・BtoBツールの採用サイト（和モダン・ローディング演出→ロゴ→メインビジュアル）","プロ（演出多め）"
"WEB-09899","アパレル・ファッションECの採用サイト（ジオメトリック・グラフィカル・スクロール連動のストーリー）","上級"
"WEB-09900","金融・保険・投資のコーポレートサイト（ミニマル・洗練・全画面ループ動画）","プロ（演出多め）"
"WEB-09901","スクール・オンライン講座のスクール・教室サイト（ポップ・カラフル・散らばった写真コラージュ）","プロ（演出多め）"
"WEB-09902","スマホアプリのサービスサイト（グラスモーフィズム・ローディング演出→ロゴ→メインビジュアル）","プロ（演出多め）"
"WEB-09903","音楽・ライブ・イベントのブランドサイト（ネオン・サイバー・ローディング演出→ロゴ→メインビジュアル）","上級"
"WEB-09904","コスメ・スキンケアのオウンドメディア・ブログ（ミニマル・洗練・全画面ループ動画）","プロ（演出多め）"
"WEB-09905","Web制作・デザイン事務所の採用サイト（ニューブルータリズム・散らばった写真コラージュ）","プロ（演出多め）"
"WEB-09906","スクール・オンライン講座のサービスサイト（ポップ・カラフル・巨大コピー＋小さな写真）","プロ（演出多め）"
"WEB-09907","音楽・ライブ・イベントのオウンドメディア・ブログ（ダーク・シネマティック・散らばった写真コラージュ）","上級"
"WEB-09908","アパレル・ファッションECのオウンドメディア・ブログ（レトロ・Y2K・縦書きコピー＋余白）","プロ（演出多め）"
"WEB-09909","食品・産直ECのオウンドメディア・ブログ（ポップ・カラフル・ローディング演出→ロゴ→メインビジュアル）","上級"
"WEB-09910","レストラン・居酒屋のコーポレートサイト（和モダン・フェード/ズームのスライドショー）","プロ（演出多め）"
"WEB-09911","採用・求人の採用サイト（ポップ・カラフル・画面2分割（写真｜コピー））","プロ（演出多め）"
"WEB-09912","カフェ・ベーカリーのコーポレートサイト（ナチュラル・オーガニック・ローディング演出→ロゴ→メインビジュアル）","プロ（演出多め）"
"WEB-09913","観光・地域プロモーションの採用サイト（ナチュラル・オーガニック・画面2分割（写真｜コピー））","上級"
"WEB-09914","AIサービス・スタートアップのサービスサイト（ネオン・サイバー・スクロール連動のストーリー）","プロ（演出多め）"
"WEB-09915","保育園・幼児教育・習い事のサービスサイト（パステル・ドリーミー・縦書きコピー＋余白）","上級"
"WEB-09916","プログラミングスクールのサービスサイト（ジオメトリック・グラフィカル・フェード/ズームのスライドショー）","プロ（演出多め）"
"WEB-09917","エステ・脱毛サロンの採用サイト（エディトリアル・雑誌風・全画面ループ動画）","上級"
"WEB-09918","パーソナルジム・フィットネスのスクール・教室サイト（ダーク・シネマティック・巨大コピー＋小さな写真）","上級"
"WEB-09919","スマホアプリのサービスサイト（3D・クレイ・散らばった写真コラージュ）","プロ（演出多め）"
"WEB-09920","自動車・バイクの採用サイト（エネルギッシュ・スポーティ・画面2分割（写真｜コピー））","上級"
"WEB-09921","英会話・語学のコーポレートサイト（ジオメトリック・グラフィカル・ローディング演出→ロゴ→メインビジュアル）","プロ（演出多め）"
"WEB-09922","Web制作・デザイン事務所のサービスサイト（エディトリアル・雑誌風・全画面ループ動画）","プロ（演出多め）"
"WEB-09923","AIサービス・スタートアップのオウンドメディア・ブログ（ラグジュアリー・高級感・スクロール連動のストーリー）","プロ（演出多め）"
"WEB-09924","SaaS・BtoBツールのオウンドメディア・ブログ（クール・テック・散らばった写真コラージュ）","プロ（演出多め）"
"WEB-09925","不動産・マンションのオウンドメディア・ブログ（ミニマル・洗練・3Dオブジェクト/ジェネラティブ背景）","プロ（演出多め）"
"WEB-09926","SaaS・BtoBツールのブランドサイト（ミニマル・洗練・スクロール連動のストーリー）","プロ（演出多め）"
"WEB-09927","美容クリニックのクリニック・医院サイト（ミニマル・洗練・スクロール連動のストーリー）","プロ（演出多め）"
"WEB-09928","プログラミングスクールのスクール・教室サイト（クール・テック・ローディング演出→ロゴ→メインビジュアル）","プロ（演出多め）"
"WEB-09929","採用・求人のブランドサイト（エネルギッシュ・スポーティ・縦書きコピー＋余白）","上級"
"WEB-09930","アパレル・ファッションECの採用サイト（ニューブルータリズム・縦書きコピー＋余白）","プロ（演出多め）"
"WEB-09931","ホテル・旅館の採用サイト（ミニマル・洗練・巨大コピー＋小さな写真）","上級"
"WEB-09932","SaaS・BtoBツールの採用サイト（3D・クレイ・スクロール連動のストーリー）","上級"
"WEB-09933","ホテル・旅館のコーポレートサイト（和モダン・巨大コピー＋小さな写真）","上級"
"WEB-09934","士業（税理士・弁護士・行政書士）のブランドサイト（ミニマル・洗練・全画面ループ動画）","上級"
"WEB-09935","建築設計事務所のオウンドメディア・ブログ（ニューブルータリズム・フェード/ズームのスライドショー）","上級"
"WEB-09936","ペット・トリミング・動物病院のクリニック・医院サイト（エディトリアル・雑誌風・スクロール連動のストーリー）","上級"
"WEB-09937","レストラン・居酒屋のサービスサイト（ポップ・カラフル・画面2分割（写真｜コピー））","上級"
"WEB-09938","ホテル・旅館のオウンドメディア・ブログ（和モダン・フェード/ズームのスライドショー）","プロ（演出多め）"
"WEB-09939","カフェ・ベーカリーのブランドサイト（エディトリアル・雑誌風・巨大コピー＋小さな写真）","プロ（演出多め）"
"WEB-09940","引越し・生活サービスのコーポレートサイト（信頼・誠実（コーポレート）・スクロール連動のストーリー）","プロ（演出多め）"
"WEB-09941","引越し・生活サービスのブランドサイト（信頼・誠実（コーポレート）・スクロール連動のストーリー）","上級"
"WEB-09942","内科・クリニックのオウンドメディア・ブログ（北欧・ライフスタイル・3Dオブジェクト/ジェネラティブ背景）","上級"
"WEB-09943","スマホアプリの採用サイト（クール・テック・フェード/ズームのスライドショー）","プロ（演出多め）"
"WEB-09944","サウナ・温浴施設のコーポレートサイト（和モダン・ローディング演出→ロゴ→メインビジュアル）","プロ（演出多め）"
"WEB-09945","サウナ・温浴施設の店舗サイト（飲食・美容・サロン）（和モダン・ローディング演出→ロゴ→メインビジュアル）","プロ（演出多め）"
"WEB-09946","コスメ・スキンケアの採用サイト（ナチュラル・オーガニック・散らばった写真コラージュ）","プロ（演出多め）"
"WEB-09947","コンサル・コーチングのサービスサイト（信頼・誠実（コーポレート）・縦書きコピー＋余白）","上級"
"WEB-09948","スマホアプリの採用サイト（ポップ・カラフル・巨大コピー＋小さな写真）","プロ（演出多め）"
"WEB-09949","自動車・バイクのサービスサイト（ダーク・シネマティック・縦書きコピー＋余白）","プロ（演出多め）"
"WEB-09950","SaaS・BtoBツールの採用サイト（3D・クレイ・縦書きコピー＋余白）","上級"
"WEB-09951","自動車・バイクの採用サイト（ダーク・シネマティック・画面2分割（写真｜コピー））","プロ（演出多め）"
"WEB-09952","工務店・注文住宅・リフォームの採用サイト（北欧・ライフスタイル・画面2分割（写真｜コピー））","プロ（演出多め）"
"WEB-09953","占い・スピリチュアルのオウンドメディア・ブログ（ダーク・シネマティック・3Dオブジェクト/ジェネラティブ背景）","プロ（演出多め）"
"WEB-09954","ゲーム・eスポーツの採用サイト（ネオン・サイバー・スクロール連動のストーリー）","プロ（演出多め）"
"WEB-09955","工務店・注文住宅・リフォームの採用サイト（信頼・誠実（コーポレート）・全画面ループ動画）","プロ（演出多め）"
"WEB-09956","不動産・マンションの採用サイト（ラグジュアリー・高級感・画面2分割（写真｜コピー））","上級"
"WEB-09957","農業・地方の生産者のサービスサイト（和モダン・3Dオブジェクト/ジェネラティブ背景）","プロ（演出多め）"
"WEB-09958","SaaS・BtoBツールのサービスサイト（ハンドメイド・手書き・巨大コピー＋小さな写真）","プロ（演出多め）"
"WEB-09959","観光・地域プロモーションのオウンドメディア・ブログ（ダーク・シネマティック・散らばった写真コラージュ）","プロ（演出多め）"
"WEB-09960","和菓子・スイーツの店舗サイト（飲食・美容・サロン）（かわいい・ガーリー・フェード/ズームのスライドショー）","プロ（演出多め）"
"WEB-09961","プログラミングスクールのスクール・教室サイト（3D・クレイ・巨大コピー＋小さな写真）","プロ（演出多め）"
"WEB-09962","カフェ・ベーカリーのオウンドメディア・ブログ（信頼・誠実（コーポレート）・縦書きコピー＋余白）","プロ（演出多め）"
"WEB-09963","コスメ・スキンケアのサービスサイト（ミニマル・洗練・縦書きコピー＋余白）","プロ（演出多め）"
"WEB-09964","食品・産直ECのブランドサイト（レトロ・Y2K・全画面ループ動画）","プロ（演出多め）"
"WEB-09965","採用・求人のオウンドメディア・ブログ（ジオメトリック・グラフィカル・スクロール連動のストーリー）","上級"
"WEB-09966","ヨガ・ピラティスの店舗サイト（飲食・美容・サロン）（ミニマル・洗練・スクロール連動のストーリー）","プロ（演出多め）"
"WEB-09967","引越し・生活サービスのブランドサイト（3D・クレイ・縦書きコピー＋余白）","上級"
"WEB-09968","美容室・ヘアサロンのサービスサイト（北欧・ライフスタイル・画面2分割（写真｜コピー））","プロ（演出多め）"
"WEB-09969","食品・産直ECのサービスサイト（ナチュラル・オーガニック・フェード/ズームのスライドショー）","プロ（演出多め）"
"WEB-09970","クラウドファンディング・新商品のブランドサイト（ナチュラル・オーガニック・3Dオブジェクト/ジェネラティブ背景）","プロ（演出多め）"
"WEB-09971","不動産・マンションのオウンドメディア・ブログ（ダーク・シネマティック・散らばった写真コラージュ）","プロ（演出多め）"
"WEB-09972","工務店・注文住宅・リフォームのオウンドメディア・ブログ（ミニマル・洗練・散らばった写真コラージュ）","上級"
"WEB-09973","ヨガ・ピラティスのスクール・教室サイト（パステル・ドリーミー・全画面ループ動画）","上級"
"WEB-09974","自動車・バイクのサービスサイト（ダーク・シネマティック・巨大コピー＋小さな写真）","プロ（演出多め）"
"WEB-09975","NPO・地方自治体のブランドサイト（ハンドメイド・手書き・散らばった写真コラージュ）","プロ（演出多め）"
"WEB-09976","士業（税理士・弁護士・行政書士）の採用サイト（和モダン・ローディング演出→ロゴ→メインビジュアル）","プロ（演出多め）"
"WEB-09977","英会話・語学のオウンドメディア・ブログ（3D・クレイ・スクロール連動のストーリー）","上級"
"WEB-09978","サウナ・温浴施設のコーポレートサイト（ニューブルータリズム・スクロール連動のストーリー）","プロ（演出多め）"
"WEB-09979","カフェ・ベーカリーのコーポレートサイト（レトロ・Y2K・ローディング演出→ロゴ→メインビジュアル）","プロ（演出多め）"
"WEB-09980","農業・地方の生産者の採用サイト（ハンドメイド・手書き・ローディング演出→ロゴ→メインビジュアル）","プロ（演出多め）"
"WEB-09981","内科・クリニックのコーポレートサイト（ナチュラル・オーガニック・縦書きコピー＋余白）","プロ（演出多め）"
"WEB-09982","建築設計事務所のオウンドメディア・ブログ（エディトリアル・雑誌風・全画面ループ動画）","プロ（演出多め）"
"WEB-09983","Web制作・デザイン事務所のブランドサイト（ハンドメイド・手書き・フェード/ズームのスライドショー）","プロ（演出多め）"
"WEB-09984","工務店・注文住宅・リフォームのオウンドメディア・ブログ（ポップ・カラフル・画面2分割（写真｜コピー））","上級"
"WEB-09985","ゲーム・eスポーツのオウンドメディア・ブログ（グラスモーフィズム・全画面ループ動画）","プロ（演出多め）"
"WEB-09986","パーソナルジム・フィットネスの店舗サイト（飲食・美容・サロン）（ニューブルータリズム・ローディング演出→ロゴ→メインビジュアル）","上級"
"WEB-09987","コンサル・コーチングのコーポレートサイト（北欧・ライフスタイル・縦書きコピー＋余白）","プロ（演出多め）"
"WEB-09988","美容クリニックのクリニック・医院サイト（ラグジュアリー・高級感・ローディング演出→ロゴ→メインビジュアル）","上級"
"WEB-09989","音楽・ライブ・イベントのイベント・フェスサイト（ネオン・サイバー・ローディング演出→ロゴ→メインビジュアル）","プロ（演出多め）"
"WEB-09990","士業（税理士・弁護士・行政書士）のブランドサイト（ミニマル・洗練・散らばった写真コラージュ）","プロ（演出多め）"
"WEB-09991","プログラミングスクールのブランドサイト（ポップ・カラフル・画面2分割（写真｜コピー））","プロ（演出多め）"
"WEB-09992","自動車・バイクのコーポレートサイト（エネルギッシュ・スポーティ・巨大コピー＋小さな写真）","上級"
"WEB-09993","採用・求人のブランドサイト（ジオメトリック・グラフィカル・フェード/ズームのスライドショー）","プロ（演出多め）"
"WEB-09994","引越し・生活サービスの採用サイト（3D・クレイ・スクロール連動のストーリー）","上級"
"WEB-09995","パーソナルジム・フィットネスのサービスサイト（ダーク・シネマティック・ローディング演出→ロゴ→メインビジュアル）","プロ（演出多め）"
"WEB-09996","歯科医院のサービスサイト（ミニマル・洗練・巨大コピー＋小さな写真）","上級"
"WEB-09997","サウナ・温浴施設の採用サイト（レトロ・Y2K・散らばった写真コラージュ）","プロ（演出多め）"
"WEB-09998","和菓子・スイーツの店舗サイト（飲食・美容・サロン）（かわいい・ガーリー・ローディング演出→ロゴ→メインビジュアル）","上級"
"WEB-09999","サウナ・温浴施設のサービスサイト（ニューブルータリズム・縦書きコピー＋余白）","上級"
"WEB-10000","引越し・生活サービスのサービスサイト（ポップ・カラフル・散らばった写真コラージュ）","プロ（演出多め）"
