id,title,level
"LP-00001","建築設計事務所｜リード獲得（資料請求・問い合わせ）LP（ジオメトリック・グラフィカル・背景動画ループ＋オーバーレイ）","プロ（演出多め）"
"LP-00002","農業・地方の生産者｜クラウドファンディング支援LP（ハンドメイド・手書き・イラスト主体）","プロ（演出多め）"
"LP-00003","AIサービス・スタートアップ｜採用エントリーLP（ミニマル・洗練・背景動画ループ＋オーバーレイ）","プロ（演出多め）"
"LP-00004","和菓子・スイーツ｜商品購入（単品通販）LP（かわいい・ガーリー・写真コラージュ）","プロ（演出多め）"
"LP-00005","ペット・トリミング・動物病院｜採用エントリーLP（かわいい・ガーリー・ジェネラティブ背景＋コピー）","プロ（演出多め）"
"LP-00006","食品・産直EC｜リード獲得（資料請求・問い合わせ）LP（ダーク・シネマティック・写真コラージュ）","プロ（演出多め）"
"LP-00007","コスメ・スキンケア｜商品購入（単品通販）LP（ナチュラル・オーガニック・写真コラージュ）","プロ（演出多め）"
"LP-00008","美容クリニック｜リード獲得（資料請求・問い合わせ）LP（ミニマル・洗練・スクロールで商品が回転/分解）","プロ（演出多め）"
"LP-00009","不動産・マンション｜採用エントリーLP（ポップ・カラフル・イラスト主体）","プロ（演出多め）"
"LP-00010","コスメ・スキンケア｜リード獲得（資料請求・問い合わせ）LP（パステル・ドリーミー・実績数字ドーン）","プロ（演出多め）"
"LP-00011","スマホアプリ｜無料体験・カウンセリング予約LP（3D・クレイ・デバイスモックアップ浮遊）","プロ（演出多め）"
"LP-00012","コンサル・コーチング｜採用エントリーLP（エディトリアル・雑誌風・超大型タイポグラフィ）","プロ（演出多め）"
"LP-00013","和菓子・スイーツ｜LINE友だち追加LP（グラスモーフィズム・ジェネラティブ背景＋コピー）","プロ（演出多め）"
"LP-00014","スマホアプリ｜会員登録・アプリDLLP（北欧・ライフスタイル・実績数字ドーン）","上級"
"LP-00015","農業・地方の生産者｜採用エントリーLP（ナチュラル・オーガニック・デバイスモックアップ浮遊）","上級"
"LP-00016","英会話・語学｜リード獲得（資料請求・問い合わせ）LP（ポップ・カラフル・デバイスモックアップ浮遊）","プロ（演出多め）"
"LP-00017","AIサービス・スタートアップ｜セミナー・ウェビナー集客LP（北欧・ライフスタイル・スクロールで商品が回転/分解）","プロ（演出多め）"
"LP-00018","保育園・幼児教育・習い事｜無料体験・カウンセリング予約LP（グラスモーフィズム・スクロールで商品が回転/分解）","プロ（演出多め）"
"LP-00019","食品・産直EC｜リード獲得（資料請求・問い合わせ）LP（信頼・誠実（コーポレート）・ジェネラティブ背景＋コピー）","上級"
"LP-00020","クラウドファンディング・新商品｜商品購入（単品通販）LP（ポップ・カラフル・イラスト主体）","プロ（演出多め）"
"LP-00021","農業・地方の生産者｜商品購入（単品通販）LP（和モダン・全面写真＋中央キャッチ）","プロ（演出多め）"
"LP-00022","エステ・脱毛サロン｜採用エントリーLP（ミニマル・洗練・イラスト主体）","プロ（演出多め）"
"LP-00023","ホテル・旅館｜リード獲得（資料請求・問い合わせ）LP（ラグジュアリー・高級感・デバイスモックアップ浮遊）","プロ（演出多め）"
"LP-00024","農業・地方の生産者｜商品購入（単品通販）LP（和モダン・ジェネラティブ背景＋コピー）","プロ（演出多め）"
"LP-00025","ゲーム・eスポーツ｜クラウドファンディング支援LP（レトロ・Y2K・デバイスモックアップ浮遊）","プロ（演出多め）"
"LP-00026","音楽・ライブ・イベント｜クラウドファンディング支援LP（ダーク・シネマティック・全面写真＋中央キャッチ）","プロ（演出多め）"
"LP-00027","英会話・語学｜会員登録・アプリDLLP（ポップ・カラフル・ジェネラティブ背景＋コピー）","プロ（演出多め）"
"LP-00028","プログラミングスクール｜会員登録・アプリDLLP（3D・クレイ・デバイスモックアップ浮遊）","プロ（演出多め）"
"LP-00029","和菓子・スイーツ｜LINE友だち追加LP（ナチュラル・オーガニック・実績数字ドーン）","プロ（演出多め）"
"LP-00030","ホテル・旅館｜採用エントリーLP（ダーク・シネマティック・ジェネラティブ背景＋コピー）","上級"
"LP-00031","パーソナルジム・フィットネス｜LINE友だち追加LP（クール・テック・スクロールで商品が回転/分解）","上級"
"LP-00032","美容クリニック｜無料体験・カウンセリング予約LP（信頼・誠実（コーポレート）・イラスト主体）","プロ（演出多め）"
"LP-00033","AIサービス・スタートアップ｜会員登録・アプリDLLP（クール・テック・ジェネラティブ背景＋コピー）","プロ（演出多め）"
"LP-00034","食品・産直EC｜リード獲得（資料請求・問い合わせ）LP（ナチュラル・オーガニック・全面写真＋中央キャッチ）","プロ（演出多め）"
"LP-00035","士業（税理士・弁護士・行政書士）｜セミナー・ウェビナー集客LP（信頼・誠実（コーポレート）・左テキスト×右商品/人物）","プロ（演出多め）"
"LP-00036","サウナ・温浴施設｜採用エントリーLP（和モダン・背景動画ループ＋オーバーレイ）","プロ（演出多め）"
"LP-00037","工務店・注文住宅・リフォーム｜採用エントリーLP（ミニマル・洗練・背景動画ループ＋オーバーレイ）","プロ（演出多め）"
"LP-00038","ヨガ・ピラティス｜無料体験・カウンセリング予約LP（ミニマル・洗練・デバイスモックアップ浮遊）","プロ（演出多め）"
"LP-00039","ホテル・旅館｜リード獲得（資料請求・問い合わせ）LP（ダーク・シネマティック・イラスト主体）","プロ（演出多め）"
"LP-00040","NPO・地方自治体｜クラウドファンディング支援LP（レトロ・Y2K・デバイスモックアップ浮遊）","プロ（演出多め）"
"LP-00041","自動車・バイク｜無料体験・カウンセリング予約LP（エネルギッシュ・スポーティ・超大型タイポグラフィ）","プロ（演出多め）"
"LP-00042","エステ・脱毛サロン｜無料体験・カウンセリング予約LP（レトロ・Y2K・イラスト主体）","上級"
"LP-00043","占い・スピリチュアル｜LINE友だち追加LP（ダーク・シネマティック・実績数字ドーン）","プロ（演出多め）"
"LP-00044","自動車・バイク｜採用エントリーLP（エネルギッシュ・スポーティ・写真コラージュ）","プロ（演出多め）"
"LP-00045","YouTuber・インフルエンサー｜リード獲得（資料請求・問い合わせ）LP（かわいい・ガーリー・イラスト主体）","プロ（演出多め）"
"LP-00046","レストラン・居酒屋｜LINE友だち追加LP（和モダン・全面写真＋中央キャッチ）","プロ（演出多め）"
"LP-00047","美容クリニック｜無料体験・カウンセリング予約LP（ポップ・カラフル・実績数字ドーン）","上級"
"LP-00048","不動産・マンション｜リード獲得（資料請求・問い合わせ）LP（ミニマル・洗練・超大型タイポグラフィ）","プロ（演出多め）"
"LP-00049","ホテル・旅館｜採用エントリーLP（ダーク・シネマティック・ジェネラティブ背景＋コピー）","プロ（演出多め）"
"LP-00050","歯科医院｜LINE友だち追加LP（ラグジュアリー・高級感・イラスト主体）","プロ（演出多め）"
"LP-00051","クラウドファンディング・新商品｜商品購入（単品通販）LP（ポップ・カラフル・写真コラージュ）","プロ（演出多め）"
"LP-00052","音楽・ライブ・イベント｜採用エントリーLP（レトロ・Y2K・全面写真＋中央キャッチ）","プロ（演出多め）"
"LP-00053","自動車・バイク｜無料体験・カウンセリング予約LP（ジオメトリック・グラフィカル・スクロールで商品が回転/分解）","上級"
"LP-00054","自動車・バイク｜採用エントリーLP（ラグジュアリー・高級感・イラスト主体）","プロ（演出多め）"
"LP-00055","建築設計事務所｜採用エントリーLP（パステル・ドリーミー・ジェネラティブ背景＋コピー）","プロ（演出多め）"
"LP-00056","採用・求人｜採用エントリーLP（信頼・誠実（コーポレート）・超大型タイポグラフィ）","プロ（演出多め）"
"LP-00057","Web制作・デザイン事務所｜リード獲得（資料請求・問い合わせ）LP（クール・テック・超大型タイポグラフィ）","プロ（演出多め）"
"LP-00058","ウェディング・結婚相談所｜LINE友だち追加LP（パステル・ドリーミー・左テキスト×右商品/人物）","プロ（演出多め）"
"LP-00059","エステ・脱毛サロン｜リード獲得（資料請求・問い合わせ）LP（パステル・ドリーミー・背景動画ループ＋オーバーレイ）","プロ（演出多め）"
"LP-00060","自動車・バイク｜リード獲得（資料請求・問い合わせ）LP（クール・テック・イラスト主体）","プロ（演出多め）"
"LP-00061","内科・クリニック｜無料体験・カウンセリング予約LP（北欧・ライフスタイル・写真コラージュ）","プロ（演出多め）"
"LP-00062","ペット・トリミング・動物病院｜リード獲得（資料請求・問い合わせ）LP（ハンドメイド・手書き・デバイスモックアップ浮遊）","プロ（演出多め）"
"LP-00063","レストラン・居酒屋｜リード獲得（資料請求・問い合わせ）LP（ラグジュアリー・高級感・スクロールで商品が回転/分解）","プロ（演出多め）"
"LP-00064","英会話・語学｜採用エントリーLP（信頼・誠実（コーポレート）・超大型タイポグラフィ）","プロ（演出多め）"
"LP-00065","採用・求人｜採用エントリーLP（エディトリアル・雑誌風・デバイスモックアップ浮遊）","プロ（演出多め）"
"LP-00066","プログラミングスクール｜リード獲得（資料請求・問い合わせ）LP（ネオン・サイバー・イラスト主体）","プロ（演出多め）"
"LP-00067","コスメ・スキンケア｜採用エントリーLP（ナチュラル・オーガニック・左テキスト×右商品/人物）","プロ（演出多め）"
"LP-00068","建築設計事務所｜採用エントリーLP（ジオメトリック・グラフィカル・実績数字ドーン）","プロ（演出多め）"
"LP-00069","ゲーム・eスポーツ｜会員登録・アプリDLLP（レトロ・Y2K・スクロールで商品が回転/分解）","プロ（演出多め）"
"LP-00070","パーソナルジム・フィットネス｜リード獲得（資料請求・問い合わせ）LP（ラグジュアリー・高級感・背景動画ループ＋オーバーレイ）","プロ（演出多め）"
"LP-00071","サウナ・温浴施設｜無料体験・カウンセリング予約LP（レトロ・Y2K・左テキスト×右商品/人物）","プロ（演出多め）"
"LP-00072","観光・地域プロモーション｜リード獲得（資料請求・問い合わせ）LP（信頼・誠実（コーポレート）・デバイスモックアップ浮遊）","プロ（演出多め）"
"LP-00073","農業・地方の生産者｜商品購入（単品通販）LP（ナチュラル・オーガニック・スクロールで商品が回転/分解）","プロ（演出多め）"
"LP-00074","和菓子・スイーツ｜クラウドファンディング支援LP（パステル・ドリーミー・ジェネラティブ背景＋コピー）","プロ（演出多め）"
"LP-00075","SaaS・BtoBツール｜採用エントリーLP（ミニマル・洗練・左テキスト×右商品/人物）","上級"
"LP-00076","YouTuber・インフルエンサー｜リード獲得（資料請求・問い合わせ）LP（ニューブルータリズム・実績数字ドーン）","プロ（演出多め）"
"LP-00077","不動産・マンション｜リード獲得（資料請求・問い合わせ）LP（信頼・誠実（コーポレート）・ジェネラティブ背景＋コピー）","プロ（演出多め）"
"LP-00078","コンサル・コーチング｜リード獲得（資料請求・問い合わせ）LP（ラグジュアリー・高級感・スクロールで商品が回転/分解）","上級"
"LP-00079","パーソナルジム・フィットネス｜リード獲得（資料請求・問い合わせ）LP（エネルギッシュ・スポーティ・スクロールで商品が回転/分解）","プロ（演出多め）"
"LP-00080","建築設計事務所｜採用エントリーLP（エディトリアル・雑誌風・ジェネラティブ背景＋コピー）","プロ（演出多め）"
"LP-00081","エステ・脱毛サロン｜商品購入（単品通販）LP（3D・クレイ・左テキスト×右商品/人物）","プロ（演出多め）"
"LP-00082","和菓子・スイーツ｜商品購入（単品通販）LP（ナチュラル・オーガニック・実績数字ドーン）","プロ（演出多め）"
"LP-00083","クラウドファンディング・新商品｜採用エントリーLP（ダーク・シネマティック・ジェネラティブ背景＋コピー）","プロ（演出多め）"
"LP-00084","アパレル・ファッションEC｜採用エントリーLP（ニューブルータリズム・超大型タイポグラフィ）","上級"
"LP-00085","農業・地方の生産者｜リード獲得（資料請求・問い合わせ）LP（ハンドメイド・手書き・スクロールで商品が回転/分解）","プロ（演出多め）"
"LP-00086","コンサル・コーチング｜セミナー・ウェビナー集客LP（ラグジュアリー・高級感・スクロールで商品が回転/分解）","プロ（演出多め）"
"LP-00087","コンサル・コーチング｜セミナー・ウェビナー集客LP（ラグジュアリー・高級感・ジェネラティブ背景＋コピー）","プロ（演出多め）"
"LP-00088","スマホアプリ｜会員登録・アプリDLLP（グラスモーフィズム・超大型タイポグラフィ）","プロ（演出多め）"
"LP-00089","スクール・オンライン講座｜セミナー・ウェビナー集客LP（3D・クレイ・写真コラージュ）","プロ（演出多め）"
"LP-00090","スクール・オンライン講座｜リード獲得（資料請求・問い合わせ）LP（3D・クレイ・全面写真＋中央キャッチ）","プロ（演出多め）"
"LP-00091","保育園・幼児教育・習い事｜LINE友だち追加LP（ナチュラル・オーガニック・実績数字ドーン）","プロ（演出多め）"
"LP-00092","英会話・語学｜採用エントリーLP（ジオメトリック・グラフィカル・スクロールで商品が回転/分解）","プロ（演出多め）"
"LP-00093","ホテル・旅館｜LINE友だち追加LP（ミニマル・洗練・背景動画ループ＋オーバーレイ）","プロ（演出多め）"
"LP-00094","不動産・マンション｜無料体験・カウンセリング予約LP（ラグジュアリー・高級感・超大型タイポグラフィ）","プロ（演出多め）"
"LP-00095","YouTuber・インフルエンサー｜採用エントリーLP（ニューブルータリズム・イラスト主体）","プロ（演出多め）"
"LP-00096","観光・地域プロモーション｜採用エントリーLP（和モダン・イラスト主体）","プロ（演出多め）"
"LP-00097","プログラミングスクール｜リード獲得（資料請求・問い合わせ）LP（ネオン・サイバー・全面写真＋中央キャッチ）","プロ（演出多め）"
"LP-00098","サウナ・温浴施設｜無料体験・カウンセリング予約LP（レトロ・Y2K・左テキスト×右商品/人物）","プロ（演出多め）"
"LP-00099","和菓子・スイーツ｜LINE友だち追加LP（和モダン・イラスト主体）","プロ（演出多め）"
"LP-00100","パーソナルジム・フィットネス｜採用エントリーLP（ダーク・シネマティック・全面写真＋中央キャッチ）","プロ（演出多め）"
"LP-00101","ヨガ・ピラティス｜採用エントリーLP（パステル・ドリーミー・超大型タイポグラフィ）","上級"
"LP-00102","ゲーム・eスポーツ｜クラウドファンディング支援LP（レトロ・Y2K・イラスト主体）","プロ（演出多め）"
"LP-00103","採用・求人｜リード獲得（資料請求・問い合わせ）LP（ジオメトリック・グラフィカル・実績数字ドーン）","プロ（演出多め）"
"LP-00104","ゲーム・eスポーツ｜リード獲得（資料請求・問い合わせ）LP（ダーク・シネマティック・デバイスモックアップ浮遊）","プロ（演出多め）"
"LP-00105","農業・地方の生産者｜クラウドファンディング支援LP（信頼・誠実（コーポレート）・超大型タイポグラフィ）","プロ（演出多め）"
"LP-00106","和菓子・スイーツ｜商品購入（単品通販）LP（ナチュラル・オーガニック・写真コラージュ）","プロ（演出多め）"
"LP-00107","和菓子・スイーツ｜LINE友だち追加LP（かわいい・ガーリー・全面写真＋中央キャッチ）","プロ（演出多め）"
"LP-00108","内科・クリニック｜LINE友だち追加LP（かわいい・ガーリー・左テキスト×右商品/人物）","プロ（演出多め）"
"LP-00109","保育園・幼児教育・習い事｜採用エントリーLP（ハンドメイド・手書き・スクロールで商品が回転/分解）","プロ（演出多め）"
"LP-00110","和菓子・スイーツ｜採用エントリーLP（かわいい・ガーリー・イラスト主体）","プロ（演出多め）"
"LP-00111","内科・クリニック｜LINE友だち追加LP（北欧・ライフスタイル・ジェネラティブ背景＋コピー）","プロ（演出多め）"
"LP-00112","コスメ・スキンケア｜商品購入（単品通販）LP（パステル・ドリーミー・全面写真＋中央キャッチ）","プロ（演出多め）"
"LP-00113","和菓子・スイーツ｜クラウドファンディング支援LP（ナチュラル・オーガニック・写真コラージュ）","プロ（演出多め）"
"LP-00114","プログラミングスクール｜セミナー・ウェビナー集客LP（3D・クレイ・イラスト主体）","プロ（演出多め）"
"LP-00115","美容クリニック｜LINE友だち追加LP（ミニマル・洗練・全面写真＋中央キャッチ）","プロ（演出多め）"
"LP-00116","ホテル・旅館｜採用エントリーLP（和モダン・全面写真＋中央キャッチ）","プロ（演出多め）"
"LP-00117","SaaS・BtoBツール｜セミナー・ウェビナー集客LP（ミニマル・洗練・実績数字ドーン）","プロ（演出多め）"
"LP-00118","SaaS・BtoBツール｜無料体験・カウンセリング予約LP（エディトリアル・雑誌風・全面写真＋中央キャッチ）","プロ（演出多め）"
"LP-00119","サウナ・温浴施設｜LINE友だち追加LP（ニューブルータリズム・実績数字ドーン）","プロ（演出多め）"
"LP-00120","ヨガ・ピラティス｜リード獲得（資料請求・問い合わせ）LP（ナチュラル・オーガニック・全面写真＋中央キャッチ）","プロ（演出多め）"
"LP-00121","プログラミングスクール｜リード獲得（資料請求・問い合わせ）LP（クール・テック・実績数字ドーン）","プロ（演出多め）"
"LP-00122","スクール・オンライン講座｜会員登録・アプリDLLP（信頼・誠実（コーポレート）・実績数字ドーン）","プロ（演出多め）"
"LP-00123","保育園・幼児教育・習い事｜採用エントリーLP（クール・テック・全面写真＋中央キャッチ）","プロ（演出多め）"
"LP-00124","ペット・トリミング・動物病院｜リード獲得（資料請求・問い合わせ）LP（ナチュラル・オーガニック・背景動画ループ＋オーバーレイ）","プロ（演出多め）"
"LP-00125","スクール・オンライン講座｜セミナー・ウェビナー集客LP（3D・クレイ・スクロールで商品が回転/分解）","プロ（演出多め）"
"LP-00126","美容室・ヘアサロン｜無料体験・カウンセリング予約LP（ラグジュアリー・高級感・全面写真＋中央キャッチ）","プロ（演出多め）"
"LP-00127","アパレル・ファッションEC｜リード獲得（資料請求・問い合わせ）LP（ミニマル・洗練・全面写真＋中央キャッチ）","プロ（演出多め）"
"LP-00128","コンサル・コーチング｜セミナー・ウェビナー集客LP（エディトリアル・雑誌風・イラスト主体）","プロ（演出多め）"
"LP-00129","Web制作・デザイン事務所｜リード獲得（資料請求・問い合わせ）LP（クール・テック・背景動画ループ＋オーバーレイ）","プロ（演出多め）"
"LP-00130","士業（税理士・弁護士・行政書士）｜無料体験・カウンセリング予約LP（和モダン・スクロールで商品が回転/分解）","プロ（演出多め）"
"LP-00131","美容クリニック｜LINE友だち追加LP（信頼・誠実（コーポレート）・写真コラージュ）","プロ（演出多め）"
"LP-00132","金融・保険・投資｜セミナー・ウェビナー集客LP（信頼・誠実（コーポレート）・イラスト主体）","プロ（演出多め）"
"LP-00133","ウェディング・結婚相談所｜リード獲得（資料請求・問い合わせ）LP（ミニマル・洗練・背景動画ループ＋オーバーレイ）","プロ（演出多め）"
"LP-00134","美容クリニック｜無料体験・カウンセリング予約LP（ミニマル・洗練・背景動画ループ＋オーバーレイ）","上級"
"LP-00135","コンサル・コーチング｜無料体験・カウンセリング予約LP（ミニマル・洗練・背景動画ループ＋オーバーレイ）","プロ（演出多め）"
"LP-00136","コスメ・スキンケア｜商品購入（単品通販）LP（ポップ・カラフル・実績数字ドーン）","プロ（演出多め）"
"LP-00137","農業・地方の生産者｜商品購入（単品通販）LP（クール・テック・実績数字ドーン）","上級"
"LP-00138","保育園・幼児教育・習い事｜LINE友だち追加LP（かわいい・ガーリー・実績数字ドーン）","プロ（演出多め）"
"LP-00139","観光・地域プロモーション｜採用エントリーLP（和モダン・デバイスモックアップ浮遊）","プロ（演出多め）"
"LP-00140","不動産・マンション｜無料体験・カウンセリング予約LP（ネオン・サイバー・実績数字ドーン）","上級"
"LP-00141","SaaS・BtoBツール｜リード獲得（資料請求・問い合わせ）LP（3D・クレイ・スクロールで商品が回転/分解）","プロ（演出多め）"
"LP-00142","引越し・生活サービス｜LINE友だち追加LP（信頼・誠実（コーポレート）・背景動画ループ＋オーバーレイ）","プロ（演出多め）"
"LP-00143","クラウドファンディング・新商品｜リード獲得（資料請求・問い合わせ）LP（ダーク・シネマティック・左テキスト×右商品/人物）","上級"
"LP-00144","プログラミングスクール｜無料体験・カウンセリング予約LP（ポップ・カラフル・全面写真＋中央キャッチ）","プロ（演出多め）"
"LP-00145","ウェディング・結婚相談所｜無料体験・カウンセリング予約LP（かわいい・ガーリー・実績数字ドーン）","プロ（演出多め）"
"LP-00146","クラウドファンディング・新商品｜リード獲得（資料請求・問い合わせ）LP（ダーク・シネマティック・超大型タイポグラフィ）","プロ（演出多め）"
"LP-00147","レストラン・居酒屋｜リード獲得（資料請求・問い合わせ）LP（レトロ・Y2K・イラスト主体）","プロ（演出多め）"
"LP-00148","カフェ・ベーカリー｜LINE友だち追加LP（エディトリアル・雑誌風・超大型タイポグラフィ）","プロ（演出多め）"
"LP-00149","音楽・ライブ・イベント｜採用エントリーLP（ダーク・シネマティック・左テキスト×右商品/人物）","上級"
"LP-00150","ペット・トリミング・動物病院｜無料体験・カウンセリング予約LP（ナチュラル・オーガニック・ジェネラティブ背景＋コピー）","プロ（演出多め）"
"LP-00151","美容室・ヘアサロン｜採用エントリーLP（信頼・誠実（コーポレート）・ジェネラティブ背景＋コピー）","プロ（演出多め）"
"LP-00152","レストラン・居酒屋｜採用エントリーLP（レトロ・Y2K・背景動画ループ＋オーバーレイ）","プロ（演出多め）"
"LP-00153","金融・保険・投資｜会員登録・アプリDLLP（クール・テック・デバイスモックアップ浮遊）","プロ（演出多め）"
"LP-00154","引越し・生活サービス｜リード獲得（資料請求・問い合わせ）LP（信頼・誠実（コーポレート）・左テキスト×右商品/人物）","プロ（演出多め）"
"LP-00155","アパレル・ファッションEC｜リード獲得（資料請求・問い合わせ）LP（ニューブルータリズム・超大型タイポグラフィ）","上級"
"LP-00156","食品・産直EC｜リード獲得（資料請求・問い合わせ）LP（ナチュラル・オーガニック・ジェネラティブ背景＋コピー）","プロ（演出多め）"
"LP-00157","士業（税理士・弁護士・行政書士）｜採用エントリーLP（和モダン・左テキスト×右商品/人物）","プロ（演出多め）"
"LP-00158","Web制作・デザイン事務所｜セミナー・ウェビナー集客LP（ジオメトリック・グラフィカル・実績数字ドーン）","プロ（演出多め）"
"LP-00159","不動産・マンション｜採用エントリーLP（ミニマル・洗練・イラスト主体）","プロ（演出多め）"
"LP-00160","スクール・オンライン講座｜リード獲得（資料請求・問い合わせ）LP（信頼・誠実（コーポレート）・左テキスト×右商品/人物）","プロ（演出多め）"
"LP-00161","食品・産直EC｜商品購入（単品通販）LP（ナチュラル・オーガニック・イラスト主体）","プロ（演出多め）"
"LP-00162","不動産・マンション｜採用エントリーLP（信頼・誠実（コーポレート）・背景動画ループ＋オーバーレイ）","プロ（演出多め）"
"LP-00163","アパレル・ファッションEC｜リード獲得（資料請求・問い合わせ）LP（ニューブルータリズム・背景動画ループ＋オーバーレイ）","プロ（演出多め）"
"LP-00164","ホテル・旅館｜LINE友だち追加LP（ミニマル・洗練・超大型タイポグラフィ）","上級"
"LP-00165","観光・地域プロモーション｜採用エントリーLP（ナチュラル・オーガニック・全面写真＋中央キャッチ）","プロ（演出多め）"
"LP-00166","スマホアプリ｜会員登録・アプリDLLP（グラスモーフィズム・左テキスト×右商品/人物）","プロ（演出多め）"
"LP-00167","保育園・幼児教育・習い事｜無料体験・カウンセリング予約LP（かわいい・ガーリー・イラスト主体）","プロ（演出多め）"
"LP-00168","建築設計事務所｜リード獲得（資料請求・問い合わせ）LP（エディトリアル・雑誌風・背景動画ループ＋オーバーレイ）","プロ（演出多め）"
"LP-00169","NPO・地方自治体｜採用エントリーLP（ジオメトリック・グラフィカル・デバイスモックアップ浮遊）","プロ（演出多め）"
"LP-00170","ウェディング・結婚相談所｜リード獲得（資料請求・問い合わせ）LP（ラグジュアリー・高級感・全面写真＋中央キャッチ）","プロ（演出多め）"
"LP-00171","採用・求人｜リード獲得（資料請求・問い合わせ）LP（エネルギッシュ・スポーティ・写真コラージュ）","プロ（演出多め）"
"LP-00172","ヨガ・ピラティス｜採用エントリーLP（パステル・ドリーミー・デバイスモックアップ浮遊）","プロ（演出多め）"
"LP-00173","美容室・ヘアサロン｜LINE友だち追加LP（エディトリアル・雑誌風・イラスト主体）","プロ（演出多め）"
"LP-00174","和菓子・スイーツ｜リード獲得（資料請求・問い合わせ）LP（和モダン・デバイスモックアップ浮遊）","プロ（演出多め）"
"LP-00175","NPO・地方自治体｜クラウドファンディング支援LP（グラスモーフィズム・背景動画ループ＋オーバーレイ）","プロ（演出多め）"
"LP-00176","金融・保険・投資｜会員登録・アプリDLLP（信頼・誠実（コーポレート）・実績数字ドーン）","プロ（演出多め）"
"LP-00177","保育園・幼児教育・習い事｜LINE友だち追加LP（ポップ・カラフル・全面写真＋中央キャッチ）","プロ（演出多め）"
"LP-00178","引越し・生活サービス｜LINE友だち追加LP（3D・クレイ・デバイスモックアップ浮遊）","プロ（演出多め）"
"LP-00179","アパレル・ファッションEC｜採用エントリーLP（ミニマル・洗練・背景動画ループ＋オーバーレイ）","プロ（演出多め）"
"LP-00180","工務店・注文住宅・リフォーム｜無料体験・カウンセリング予約LP（ミニマル・洗練・実績数字ドーン）","プロ（演出多め）"
"LP-00181","食品・産直EC｜リード獲得（資料請求・問い合わせ）LP（グラスモーフィズム・写真コラージュ）","プロ（演出多め）"
"LP-00182","音楽・ライブ・イベント｜採用エントリーLP（レトロ・Y2K・スクロールで商品が回転/分解）","プロ（演出多め）"
"LP-00183","観光・地域プロモーション｜クラウドファンディング支援LP（エネルギッシュ・スポーティ・スクロールで商品が回転/分解）","プロ（演出多め）"
"LP-00184","引越し・生活サービス｜リード獲得（資料請求・問い合わせ）LP（信頼・誠実（コーポレート）・背景動画ループ＋オーバーレイ）","プロ（演出多め）"
"LP-00185","自動車・バイク｜リード獲得（資料請求・問い合わせ）LP（エネルギッシュ・スポーティ・左テキスト×右商品/人物）","プロ（演出多め）"
"LP-00186","占い・スピリチュアル｜無料体験・カウンセリング予約LP（ラグジュアリー・高級感・左テキスト×右商品/人物）","プロ（演出多め）"
"LP-00187","レストラン・居酒屋｜リード獲得（資料請求・問い合わせ）LP（和モダン・左テキスト×右商品/人物）","プロ（演出多め）"
"LP-00188","NPO・地方自治体｜採用エントリーLP（信頼・誠実（コーポレート）・写真コラージュ）","プロ（演出多め）"
"LP-00189","自動車・バイク｜リード獲得（資料請求・問い合わせ）LP（クール・テック・イラスト主体）","上級"
"LP-00190","コンサル・コーチング｜セミナー・ウェビナー集客LP（ミニマル・洗練・実績数字ドーン）","プロ（演出多め）"
"LP-00191","ペット・トリミング・動物病院｜採用エントリーLP（ネオン・サイバー・左テキスト×右商品/人物）","プロ（演出多め）"
"LP-00192","農業・地方の生産者｜クラウドファンディング支援LP（ナチュラル・オーガニック・デバイスモックアップ浮遊）","プロ（演出多め）"
"LP-00193","クラウドファンディング・新商品｜リード獲得（資料請求・問い合わせ）LP（ポップ・カラフル・実績数字ドーン）","プロ（演出多め）"
"LP-00194","自動車・バイク｜無料体験・カウンセリング予約LP（ダーク・シネマティック・全面写真＋中央キャッチ）","プロ（演出多め）"
"LP-00195","金融・保険・投資｜会員登録・アプリDLLP（ミニマル・洗練・左テキスト×右商品/人物）","プロ（演出多め）"
"LP-00196","占い・スピリチュアル｜LINE友だち追加LP（ダーク・シネマティック・左テキスト×右商品/人物）","プロ（演出多め）"
"LP-00197","アパレル・ファッションEC｜採用エントリーLP（エディトリアル・雑誌風・実績数字ドーン）","プロ（演出多め）"
"LP-00198","自動車・バイク｜採用エントリーLP（クール・テック・デバイスモックアップ浮遊）","プロ（演出多め）"
"LP-00199","歯科医院｜無料体験・カウンセリング予約LP（信頼・誠実（コーポレート）・スクロールで商品が回転/分解）","プロ（演出多め）"
"LP-00200","音楽・ライブ・イベント｜リード獲得（資料請求・問い合わせ）LP（ニューブルータリズム・実績数字ドーン）","プロ（演出多め）"
"LP-00201","ホテル・旅館｜LINE友だち追加LP（和モダン・スクロールで商品が回転/分解）","プロ（演出多め）"
"LP-00202","エステ・脱毛サロン｜LINE友だち追加LP（かわいい・ガーリー・実績数字ドーン）","プロ（演出多め）"
"LP-00203","美容室・ヘアサロン｜LINE友だち追加LP（グラスモーフィズム・実績数字ドーン）","プロ（演出多め）"
"LP-00204","士業（税理士・弁護士・行政書士）｜リード獲得（資料請求・問い合わせ）LP（ミニマル・洗練・イラスト主体）","プロ（演出多め）"
"LP-00205","農業・地方の生産者｜クラウドファンディング支援LP（ハンドメイド・手書き・実績数字ドーン）","プロ（演出多め）"
"LP-00206","カフェ・ベーカリー｜LINE友だち追加LP（エディトリアル・雑誌風・ジェネラティブ背景＋コピー）","プロ（演出多め）"
"LP-00207","採用・求人｜リード獲得（資料請求・問い合わせ）LP（北欧・ライフスタイル・背景動画ループ＋オーバーレイ）","プロ（演出多め）"
"LP-00208","農業・地方の生産者｜リード獲得（資料請求・問い合わせ）LP（ナチュラル・オーガニック・超大型タイポグラフィ）","プロ（演出多め）"
"LP-00209","ペット・トリミング・動物病院｜LINE友だち追加LP（かわいい・ガーリー・背景動画ループ＋オーバーレイ）","プロ（演出多め）"
"LP-00210","英会話・語学｜採用エントリーLP（ジオメトリック・グラフィカル・左テキスト×右商品/人物）","プロ（演出多め）"
"LP-00211","AIサービス・スタートアップ｜無料体験・カウンセリング予約LP（グラスモーフィズム・写真コラージュ）","プロ（演出多め）"
"LP-00212","農業・地方の生産者｜商品購入（単品通販）LP（ハンドメイド・手書き・実績数字ドーン）","プロ（演出多め）"
"LP-00213","金融・保険・投資｜無料体験・カウンセリング予約LP（クール・テック・超大型タイポグラフィ）","プロ（演出多め）"
"LP-00214","士業（税理士・弁護士・行政書士）｜採用エントリーLP（ミニマル・洗練・イラスト主体）","プロ（演出多め）"
"LP-00215","スクール・オンライン講座｜会員登録・アプリDLLP（信頼・誠実（コーポレート）・デバイスモックアップ浮遊）","プロ（演出多め）"
"LP-00216","パーソナルジム・フィットネス｜無料体験・カウンセリング予約LP（ダーク・シネマティック・写真コラージュ）","プロ（演出多め）"
"LP-00217","ゲーム・eスポーツ｜リード獲得（資料請求・問い合わせ）LP（和モダン・イラスト主体）","プロ（演出多め）"
"LP-00218","コスメ・スキンケア｜採用エントリーLP（パステル・ドリーミー・背景動画ループ＋オーバーレイ）","プロ（演出多め）"
"LP-00219","アパレル・ファッションEC｜採用エントリーLP（信頼・誠実（コーポレート）・イラスト主体）","プロ（演出多め）"
"LP-00220","和菓子・スイーツ｜リード獲得（資料請求・問い合わせ）LP（ハンドメイド・手書き・実績数字ドーン）","プロ（演出多め）"
"LP-00221","引越し・生活サービス｜リード獲得（資料請求・問い合わせ）LP（ポップ・カラフル・全面写真＋中央キャッチ）","プロ（演出多め）"
"LP-00222","サウナ・温浴施設｜LINE友だち追加LP（ナチュラル・オーガニック・超大型タイポグラフィ）","プロ（演出多め）"
"LP-00223","Web制作・デザイン事務所｜セミナー・ウェビナー集客LP（ジオメトリック・グラフィカル・イラスト主体）","プロ（演出多め）"
"LP-00224","工務店・注文住宅・リフォーム｜無料体験・カウンセリング予約LP（信頼・誠実（コーポレート）・実績数字ドーン）","上級"
"LP-00225","カフェ・ベーカリー｜採用エントリーLP（ハンドメイド・手書き・実績数字ドーン）","プロ（演出多め）"
"LP-00226","食品・産直EC｜リード獲得（資料請求・問い合わせ）LP（ネオン・サイバー・スクロールで商品が回転/分解）","プロ（演出多め）"
"LP-00227","カフェ・ベーカリー｜LINE友だち追加LP（エディトリアル・雑誌風・全面写真＋中央キャッチ）","プロ（演出多め）"
"LP-00228","建築設計事務所｜採用エントリーLP（ミニマル・洗練・全面写真＋中央キャッチ）","プロ（演出多め）"
"LP-00229","SaaS・BtoBツール｜無料体験・カウンセリング予約LP（グラスモーフィズム・写真コラージュ）","上級"
"LP-00230","スクール・オンライン講座｜セミナー・ウェビナー集客LP（ポップ・カラフル・ジェネラティブ背景＋コピー）","プロ（演出多め）"
"LP-00231","ウェディング・結婚相談所｜LINE友だち追加LP（パステル・ドリーミー・スクロールで商品が回転/分解）","プロ（演出多め）"
"LP-00232","スクール・オンライン講座｜無料体験・カウンセリング予約LP（クール・テック・超大型タイポグラフィ）","プロ（演出多め）"
"LP-00233","引越し・生活サービス｜無料体験・カウンセリング予約LP（ポップ・カラフル・イラスト主体）","上級"
"LP-00234","ウェディング・結婚相談所｜リード獲得（資料請求・問い合わせ）LP（パステル・ドリーミー・デバイスモックアップ浮遊）","プロ（演出多め）"
"LP-00235","英会話・語学｜無料体験・カウンセリング予約LP（ラグジュアリー・高級感・スクロールで商品が回転/分解）","プロ（演出多め）"
"LP-00236","和菓子・スイーツ｜商品購入（単品通販）LP（ニューブルータリズム・実績数字ドーン）","上級"
"LP-00237","観光・地域プロモーション｜採用エントリーLP（ハンドメイド・手書き・イラスト主体）","プロ（演出多め）"
"LP-00238","スマホアプリ｜リード獲得（資料請求・問い合わせ）LP（レトロ・Y2K・ジェネラティブ背景＋コピー）","プロ（演出多め）"
"LP-00239","サウナ・温浴施設｜無料体験・カウンセリング予約LP（レトロ・Y2K・イラスト主体）","プロ（演出多め）"
"LP-00240","ペット・トリミング・動物病院｜商品購入（単品通販）LP（和モダン・スクロールで商品が回転/分解）","プロ（演出多め）"
"LP-00241","カフェ・ベーカリー｜リード獲得（資料請求・問い合わせ）LP（ハンドメイド・手書き・ジェネラティブ背景＋コピー）","プロ（演出多め）"
"LP-00242","士業（税理士・弁護士・行政書士）｜採用エントリーLP（和モダン・デバイスモックアップ浮遊）","プロ（演出多め）"
"LP-00243","コンサル・コーチング｜セミナー・ウェビナー集客LP（ミニマル・洗練・超大型タイポグラフィ）","プロ（演出多め）"
"LP-00244","YouTuber・インフルエンサー｜採用エントリーLP（ネオン・サイバー・デバイスモックアップ浮遊）","プロ（演出多め）"
"LP-00245","内科・クリニック｜採用エントリーLP（ナチュラル・オーガニック・ジェネラティブ背景＋コピー）","プロ（演出多め）"
"LP-00246","カフェ・ベーカリー｜LINE友だち追加LP（エディトリアル・雑誌風・左テキスト×右商品/人物）","プロ（演出多め）"
"LP-00247","Web制作・デザイン事務所｜採用エントリーLP（ポップ・カラフル・デバイスモックアップ浮遊）","プロ（演出多め）"
"LP-00248","コンサル・コーチング｜リード獲得（資料請求・問い合わせ）LP（ラグジュアリー・高級感・背景動画ループ＋オーバーレイ）","上級"
"LP-00249","観光・地域プロモーション｜採用エントリーLP（ナチュラル・オーガニック・写真コラージュ）","上級"
"LP-00250","アパレル・ファッションEC｜商品購入（単品通販）LP（ラグジュアリー・高級感・背景動画ループ＋オーバーレイ）","プロ（演出多め）"
"LP-00251","農業・地方の生産者｜採用エントリーLP（ジオメトリック・グラフィカル・全面写真＋中央キャッチ）","上級"
"LP-00252","食品・産直EC｜クラウドファンディング支援LP（ナチュラル・オーガニック・写真コラージュ）","プロ（演出多め）"
"LP-00253","不動産・マンション｜リード獲得（資料請求・問い合わせ）LP（ラグジュアリー・高級感・超大型タイポグラフィ）","プロ（演出多め）"
"LP-00254","スクール・オンライン講座｜会員登録・アプリDLLP（クール・テック・左テキスト×右商品/人物）","プロ（演出多め）"
"LP-00255","プログラミングスクール｜リード獲得（資料請求・問い合わせ）LP（クール・テック・左テキスト×右商品/人物）","プロ（演出多め）"
"LP-00256","ペット・トリミング・動物病院｜無料体験・カウンセリング予約LP（和モダン・ジェネラティブ背景＋コピー）","プロ（演出多め）"
"LP-00257","サウナ・温浴施設｜無料体験・カウンセリング予約LP（エネルギッシュ・スポーティ・背景動画ループ＋オーバーレイ）","プロ（演出多め）"
"LP-00258","農業・地方の生産者｜クラウドファンディング支援LP（ナチュラル・オーガニック・ジェネラティブ背景＋コピー）","プロ（演出多め）"
"LP-00259","コスメ・スキンケア｜商品購入（単品通販）LP（ミニマル・洗練・ジェネラティブ背景＋コピー）","プロ（演出多め）"
"LP-00260","音楽・ライブ・イベント｜クラウドファンディング支援LP（ニューブルータリズム・左テキスト×右商品/人物）","プロ（演出多め）"
"LP-00261","プログラミングスクール｜リード獲得（資料請求・問い合わせ）LP（クール・テック・スクロールで商品が回転/分解）","プロ（演出多め）"
"LP-00262","ゲーム・eスポーツ｜会員登録・アプリDLLP（エネルギッシュ・スポーティ・全面写真＋中央キャッチ）","プロ（演出多め）"
"LP-00263","YouTuber・インフルエンサー｜リード獲得（資料請求・問い合わせ）LP（ナチュラル・オーガニック・実績数字ドーン）","プロ（演出多め）"
"LP-00264","内科・クリニック｜LINE友だち追加LP（エネルギッシュ・スポーティ・実績数字ドーン）","プロ（演出多め）"
"LP-00265","コンサル・コーチング｜セミナー・ウェビナー集客LP（ラグジュアリー・高級感・デバイスモックアップ浮遊）","プロ（演出多め）"
"LP-00266","SaaS・BtoBツール｜採用エントリーLP（ミニマル・洗練・デバイスモックアップ浮遊）","プロ（演出多め）"
"LP-00267","プログラミングスクール｜会員登録・アプリDLLP（ナチュラル・オーガニック・実績数字ドーン）","プロ（演出多め）"
"LP-00268","コスメ・スキンケア｜採用エントリーLP（ポップ・カラフル・写真コラージュ）","プロ（演出多め）"
"LP-00269","歯科医院｜リード獲得（資料請求・問い合わせ）LP（ダーク・シネマティック・ジェネラティブ背景＋コピー）","プロ（演出多め）"
"LP-00270","金融・保険・投資｜会員登録・アプリDLLP（クール・テック・実績数字ドーン）","プロ（演出多め）"
"LP-00271","観光・地域プロモーション｜採用エントリーLP（ハンドメイド・手書き・写真コラージュ）","プロ（演出多め）"
"LP-00272","食品・産直EC｜採用エントリーLP（和モダン・デバイスモックアップ浮遊）","プロ（演出多め）"
"LP-00273","内科・クリニック｜リード獲得（資料請求・問い合わせ）LP（信頼・誠実（コーポレート）・実績数字ドーン）","プロ（演出多め）"
"LP-00274","内科・クリニック｜リード獲得（資料請求・問い合わせ）LP（クール・テック・左テキスト×右商品/人物）","プロ（演出多め）"
"LP-00275","工務店・注文住宅・リフォーム｜LINE友だち追加LP（北欧・ライフスタイル・全面写真＋中央キャッチ）","プロ（演出多め）"
"LP-00276","YouTuber・インフルエンサー｜採用エントリーLP（かわいい・ガーリー・実績数字ドーン）","プロ（演出多め）"
"LP-00277","レストラン・居酒屋｜リード獲得（資料請求・問い合わせ）LP（ラグジュアリー・高級感・イラスト主体）","プロ（演出多め）"
"LP-00278","自動車・バイク｜リード獲得（資料請求・問い合わせ）LP（ラグジュアリー・高級感・超大型タイポグラフィ）","プロ（演出多め）"
"LP-00279","クラウドファンディング・新商品｜採用エントリーLP（ミニマル・洗練・イラスト主体）","プロ（演出多め）"
"LP-00280","カフェ・ベーカリー｜リード獲得（資料請求・問い合わせ）LP（北欧・ライフスタイル・左テキスト×右商品/人物）","プロ（演出多め）"
"LP-00281","美容クリニック｜無料体験・カウンセリング予約LP（エネルギッシュ・スポーティ・全面写真＋中央キャッチ）","プロ（演出多め）"
"LP-00282","食品・産直EC｜採用エントリーLP（ナチュラル・オーガニック・全面写真＋中央キャッチ）","プロ（演出多め）"
"LP-00283","工務店・注文住宅・リフォーム｜採用エントリーLP（北欧・ライフスタイル・左テキスト×右商品/人物）","プロ（演出多め）"
"LP-00284","食品・産直EC｜リード獲得（資料請求・問い合わせ）LP（ポップ・カラフル・イラスト主体）","プロ（演出多め）"
"LP-00285","ペット・トリミング・動物病院｜無料体験・カウンセリング予約LP（ナチュラル・オーガニック・実績数字ドーン）","プロ（演出多め）"
"LP-00286","美容クリニック｜LINE友だち追加LP（ラグジュアリー・高級感・デバイスモックアップ浮遊）","プロ（演出多め）"
"LP-00287","金融・保険・投資｜無料体験・カウンセリング予約LP（ミニマル・洗練・背景動画ループ＋オーバーレイ）","プロ（演出多め）"
"LP-00288","スマホアプリ｜採用エントリーLP（エネルギッシュ・スポーティ・背景動画ループ＋オーバーレイ）","上級"
"LP-00289","アパレル・ファッションEC｜採用エントリーLP（ミニマル・洗練・ジェネラティブ背景＋コピー）","プロ（演出多め）"
"LP-00290","工務店・注文住宅・リフォーム｜セミナー・ウェビナー集客LP（ミニマル・洗練・デバイスモックアップ浮遊）","プロ（演出多め）"
"LP-00291","パーソナルジム・フィットネス｜採用エントリーLP（クール・テック・写真コラージュ）","プロ（演出多め）"
"LP-00292","美容クリニック｜LINE友だち追加LP（信頼・誠実（コーポレート）・イラスト主体）","プロ（演出多め）"
"LP-00293","金融・保険・投資｜会員登録・アプリDLLP（ポップ・カラフル・ジェネラティブ背景＋コピー）","プロ（演出多め）"
"LP-00294","歯科医院｜LINE友だち追加LP（ミニマル・洗練・デバイスモックアップ浮遊）","プロ（演出多め）"
"LP-00295","スマホアプリ｜無料体験・カウンセリング予約LP（ジオメトリック・グラフィカル・デバイスモックアップ浮遊）","プロ（演出多め）"
"LP-00296","英会話・語学｜無料体験・カウンセリング予約LP（信頼・誠実（コーポレート）・スクロールで商品が回転/分解）","上級"
"LP-00297","内科・クリニック｜無料体験・カウンセリング予約LP（パステル・ドリーミー・イラスト主体）","プロ（演出多め）"
"LP-00298","美容クリニック｜リード獲得（資料請求・問い合わせ）LP（信頼・誠実（コーポレート）・実績数字ドーン）","プロ（演出多め）"
"LP-00299","パーソナルジム・フィットネス｜LINE友だち追加LP（クール・テック・写真コラージュ）","上級"
"LP-00300","工務店・注文住宅・リフォーム｜LINE友だち追加LP（ジオメトリック・グラフィカル・全面写真＋中央キャッチ）","プロ（演出多め）"
"LP-00301","スマホアプリ｜リード獲得（資料請求・問い合わせ）LP（和モダン・デバイスモックアップ浮遊）","上級"
"LP-00302","引越し・生活サービス｜リード獲得（資料請求・問い合わせ）LP（信頼・誠実（コーポレート）・写真コラージュ）","プロ（演出多め）"
"LP-00303","内科・クリニック｜無料体験・カウンセリング予約LP（信頼・誠実（コーポレート）・背景動画ループ＋オーバーレイ）","プロ（演出多め）"
"LP-00304","スクール・オンライン講座｜セミナー・ウェビナー集客LP（ポップ・カラフル・実績数字ドーン）","プロ（演出多め）"
"LP-00305","占い・スピリチュアル｜LINE友だち追加LP（ラグジュアリー・高級感・背景動画ループ＋オーバーレイ）","プロ（演出多め）"
"LP-00306","ヨガ・ピラティス｜リード獲得（資料請求・問い合わせ）LP（北欧・ライフスタイル・スクロールで商品が回転/分解）","プロ（演出多め）"
"LP-00307","士業（税理士・弁護士・行政書士）｜セミナー・ウェビナー集客LP（信頼・誠実（コーポレート）・写真コラージュ）","上級"
"LP-00308","サウナ・温浴施設｜LINE友だち追加LP（ネオン・サイバー・デバイスモックアップ浮遊）","プロ（演出多め）"
"LP-00309","レストラン・居酒屋｜LINE友だち追加LP（ラグジュアリー・高級感・背景動画ループ＋オーバーレイ）","上級"
"LP-00310","引越し・生活サービス｜LINE友だち追加LP（3D・クレイ・背景動画ループ＋オーバーレイ）","プロ（演出多め）"
"LP-00311","サウナ・温浴施設｜採用エントリーLP（パステル・ドリーミー・実績数字ドーン）","プロ（演出多め）"
"LP-00312","占い・スピリチュアル｜LINE友だち追加LP（パステル・ドリーミー・背景動画ループ＋オーバーレイ）","プロ（演出多め）"
"LP-00313","SaaS・BtoBツール｜会員登録・アプリDLLP（信頼・誠実（コーポレート）・デバイスモックアップ浮遊）","プロ（演出多め）"
"LP-00314","AIサービス・スタートアップ｜会員登録・アプリDLLP（ネオン・サイバー・イラスト主体）","プロ（演出多め）"
"LP-00315","歯科医院｜リード獲得（資料請求・問い合わせ）LP（ミニマル・洗練・スクロールで商品が回転/分解）","プロ（演出多め）"
"LP-00316","コスメ・スキンケア｜採用エントリーLP（ミニマル・洗練・ジェネラティブ背景＋コピー）","プロ（演出多め）"
"LP-00317","美容クリニック｜無料体験・カウンセリング予約LP（ミニマル・洗練・写真コラージュ）","プロ（演出多め）"
"LP-00318","工務店・注文住宅・リフォーム｜セミナー・ウェビナー集客LP（ナチュラル・オーガニック・写真コラージュ）","プロ（演出多め）"
"LP-00319","ペット・トリミング・動物病院｜リード獲得（資料請求・問い合わせ）LP（ナチュラル・オーガニック・デバイスモックアップ浮遊）","プロ（演出多め）"
"LP-00320","パーソナルジム・フィットネス｜LINE友だち追加LP（ダーク・シネマティック・左テキスト×右商品/人物）","プロ（演出多め）"
"LP-00321","コスメ・スキンケア｜リード獲得（資料請求・問い合わせ）LP（グラスモーフィズム・イラスト主体）","プロ（演出多め）"
"LP-00322","ウェディング・結婚相談所｜無料体験・カウンセリング予約LP（かわいい・ガーリー・デバイスモックアップ浮遊）","プロ（演出多め）"
"LP-00323","英会話・語学｜無料体験・カウンセリング予約LP（ポップ・カラフル・背景動画ループ＋オーバーレイ）","プロ（演出多め）"
"LP-00324","ヨガ・ピラティス｜無料体験・カウンセリング予約LP（パステル・ドリーミー・スクロールで商品が回転/分解）","プロ（演出多め）"
"LP-00325","農業・地方の生産者｜クラウドファンディング支援LP（ナチュラル・オーガニック・背景動画ループ＋オーバーレイ）","上級"
"LP-00326","ヨガ・ピラティス｜無料体験・カウンセリング予約LP（パステル・ドリーミー・超大型タイポグラフィ）","プロ（演出多め）"
"LP-00327","歯科医院｜無料体験・カウンセリング予約LP（ミニマル・洗練・超大型タイポグラフィ）","プロ（演出多め）"
"LP-00328","食品・産直EC｜採用エントリーLP（和モダン・スクロールで商品が回転/分解）","プロ（演出多め）"
"LP-00329","AIサービス・スタートアップ｜会員登録・アプリDLLP（クール・テック・背景動画ループ＋オーバーレイ）","プロ（演出多め）"
"LP-00330","YouTuber・インフルエンサー｜リード獲得（資料請求・問い合わせ）LP（ネオン・サイバー・左テキスト×右商品/人物）","プロ（演出多め）"
"LP-00331","英会話・語学｜採用エントリーLP（クール・テック・全面写真＋中央キャッチ）","上級"
"LP-00332","自動車・バイク｜リード獲得（資料請求・問い合わせ）LP（ジオメトリック・グラフィカル・ジェネラティブ背景＋コピー）","プロ（演出多め）"
"LP-00333","ウェディング・結婚相談所｜リード獲得（資料請求・問い合わせ）LP（ラグジュアリー・高級感・スクロールで商品が回転/分解）","プロ（演出多め）"
"LP-00334","ペット・トリミング・動物病院｜無料体験・カウンセリング予約LP（3D・クレイ・実績数字ドーン）","プロ（演出多め）"
"LP-00335","Web制作・デザイン事務所｜セミナー・ウェビナー集客LP（ジオメトリック・グラフィカル・スクロールで商品が回転/分解）","プロ（演出多め）"
"LP-00336","エステ・脱毛サロン｜LINE友だち追加LP（パステル・ドリーミー・実績数字ドーン）","プロ（演出多め）"
"LP-00337","音楽・ライブ・イベント｜クラウドファンディング支援LP（北欧・ライフスタイル・超大型タイポグラフィ）","プロ（演出多め）"
"LP-00338","金融・保険・投資｜リード獲得（資料請求・問い合わせ）LP（クール・テック・実績数字ドーン）","プロ（演出多め）"
"LP-00339","コンサル・コーチング｜採用エントリーLP（ジオメトリック・グラフィカル・イラスト主体）","プロ（演出多め）"
"LP-00340","レストラン・居酒屋｜採用エントリーLP（ダーク・シネマティック・ジェネラティブ背景＋コピー）","プロ（演出多め）"
"LP-00341","レストラン・居酒屋｜採用エントリーLP（ラグジュアリー・高級感・実績数字ドーン）","プロ（演出多め）"
"LP-00342","エステ・脱毛サロン｜リード獲得（資料請求・問い合わせ）LP（パステル・ドリーミー・全面写真＋中央キャッチ）","プロ（演出多め）"
"LP-00343","ゲーム・eスポーツ｜クラウドファンディング支援LP（レトロ・Y2K・イラスト主体）","プロ（演出多め）"
"LP-00344","ゲーム・eスポーツ｜クラウドファンディング支援LP（ダーク・シネマティック・背景動画ループ＋オーバーレイ）","プロ（演出多め）"
"LP-00345","士業（税理士・弁護士・行政書士）｜無料体験・カウンセリング予約LP（ミニマル・洗練・実績数字ドーン）","プロ（演出多め）"
"LP-00346","英会話・語学｜リード獲得（資料請求・問い合わせ）LP（信頼・誠実（コーポレート）・全面写真＋中央キャッチ）","プロ（演出多め）"
"LP-00347","ホテル・旅館｜採用エントリーLP（ミニマル・洗練・超大型タイポグラフィ）","プロ（演出多め）"
"LP-00348","美容クリニック｜無料体験・カウンセリング予約LP（ジオメトリック・グラフィカル・左テキスト×右商品/人物）","プロ（演出多め）"
"LP-00349","SaaS・BtoBツール｜セミナー・ウェビナー集客LP（グラスモーフィズム・左テキスト×右商品/人物）","プロ（演出多め）"
"LP-00350","自動車・バイク｜リード獲得（資料請求・問い合わせ）LP（ポップ・カラフル・ジェネラティブ背景＋コピー）","プロ（演出多め）"
"LP-00351","美容室・ヘアサロン｜LINE友だち追加LP（かわいい・ガーリー・実績数字ドーン）","プロ（演出多め）"
"LP-00352","ホテル・旅館｜リード獲得（資料請求・問い合わせ）LP（ラグジュアリー・高級感・背景動画ループ＋オーバーレイ）","プロ（演出多め）"
"LP-00353","工務店・注文住宅・リフォーム｜セミナー・ウェビナー集客LP（ニューブルータリズム・イラスト主体）","プロ（演出多め）"
"LP-00354","Web制作・デザイン事務所｜採用エントリーLP（ダーク・シネマティック・超大型タイポグラフィ）","プロ（演出多め）"
"LP-00355","観光・地域プロモーション｜リード獲得（資料請求・問い合わせ）LP（ダーク・シネマティック・ジェネラティブ背景＋コピー）","プロ（演出多め）"
"LP-00356","ペット・トリミング・動物病院｜採用エントリーLP（ハンドメイド・手書き・イラスト主体）","プロ（演出多め）"
"LP-00357","ホテル・旅館｜採用エントリーLP（ラグジュアリー・高級感・スクロールで商品が回転/分解）","プロ（演出多め）"
"LP-00358","パーソナルジム・フィットネス｜LINE友だち追加LP（エネルギッシュ・スポーティ・スクロールで商品が回転/分解）","プロ（演出多め）"
"LP-00359","YouTuber・インフルエンサー｜リード獲得（資料請求・問い合わせ）LP（和モダン・実績数字ドーン）","上級"
"LP-00360","美容室・ヘアサロン｜採用エントリーLP（かわいい・ガーリー・スクロールで商品が回転/分解）","プロ（演出多め）"
"LP-00361","ホテル・旅館｜リード獲得（資料請求・問い合わせ）LP（ダーク・シネマティック・全面写真＋中央キャッチ）","プロ（演出多め）"
"LP-00362","サウナ・温浴施設｜LINE友だち追加LP（ナチュラル・オーガニック・背景動画ループ＋オーバーレイ）","プロ（演出多め）"
"LP-00363","英会話・語学｜会員登録・アプリDLLP（3D・クレイ・実績数字ドーン）","プロ（演出多め）"
"LP-00364","プログラミングスクール｜リード獲得（資料請求・問い合わせ）LP（3D・クレイ・デバイスモックアップ浮遊）","プロ（演出多め）"
"LP-00365","保育園・幼児教育・習い事｜リード獲得（資料請求・問い合わせ）LP（ハンドメイド・手書き・実績数字ドーン）","プロ（演出多め）"
"LP-00366","ホテル・旅館｜リード獲得（資料請求・問い合わせ）LP（ラグジュアリー・高級感・超大型タイポグラフィ）","プロ（演出多め）"
"LP-00367","金融・保険・投資｜無料体験・カウンセリング予約LP（ミニマル・洗練・イラスト主体）","プロ（演出多め）"
"LP-00368","YouTuber・インフルエンサー｜会員登録・アプリDLLP（ニューブルータリズム・実績数字ドーン）","プロ（演出多め）"
"LP-00369","サウナ・温浴施設｜採用エントリーLP（レトロ・Y2K・デバイスモックアップ浮遊）","プロ（演出多め）"
"LP-00370","エステ・脱毛サロン｜無料体験・カウンセリング予約LP（ミニマル・洗練・超大型タイポグラフィ）","プロ（演出多め）"
"LP-00371","歯科医院｜リード獲得（資料請求・問い合わせ）LP（信頼・誠実（コーポレート）・実績数字ドーン）","プロ（演出多め）"
"LP-00372","歯科医院｜無料体験・カウンセリング予約LP（信頼・誠実（コーポレート）・左テキスト×右商品/人物）","プロ（演出多め）"
"LP-00373","保育園・幼児教育・習い事｜無料体験・カウンセリング予約LP（ハンドメイド・手書き・ジェネラティブ背景＋コピー）","プロ（演出多め）"
"LP-00374","歯科医院｜リード獲得（資料請求・問い合わせ）LP（信頼・誠実（コーポレート）・スクロールで商品が回転/分解）","プロ（演出多め）"
"LP-00375","建築設計事務所｜採用エントリーLP（エディトリアル・雑誌風・イラスト主体）","プロ（演出多め）"
"LP-00376","SaaS・BtoBツール｜セミナー・ウェビナー集客LP（エディトリアル・雑誌風・ジェネラティブ背景＋コピー）","プロ（演出多め）"
"LP-00377","歯科医院｜LINE友だち追加LP（ミニマル・洗練・左テキスト×右商品/人物）","プロ（演出多め）"
"LP-00378","Web制作・デザイン事務所｜セミナー・ウェビナー集客LP（エディトリアル・雑誌風・全面写真＋中央キャッチ）","プロ（演出多め）"
"LP-00379","エステ・脱毛サロン｜採用エントリーLP（ラグジュアリー・高級感・背景動画ループ＋オーバーレイ）","プロ（演出多め）"
"LP-00380","コンサル・コーチング｜採用エントリーLP（エディトリアル・雑誌風・全面写真＋中央キャッチ）","プロ（演出多め）"
"LP-00381","歯科医院｜リード獲得（資料請求・問い合わせ）LP（ナチュラル・オーガニック・左テキスト×右商品/人物）","プロ（演出多め）"
"LP-00382","英会話・語学｜無料体験・カウンセリング予約LP（北欧・ライフスタイル・実績数字ドーン）","プロ（演出多め）"
"LP-00383","コンサル・コーチング｜リード獲得（資料請求・問い合わせ）LP（エディトリアル・雑誌風・スクロールで商品が回転/分解）","プロ（演出多め）"
"LP-00384","工務店・注文住宅・リフォーム｜無料体験・カウンセリング予約LP（ナチュラル・オーガニック・全面写真＋中央キャッチ）","プロ（演出多め）"
"LP-00385","AIサービス・スタートアップ｜無料体験・カウンセリング予約LP（ラグジュアリー・高級感・実績数字ドーン）","プロ（演出多め）"
"LP-00386","保育園・幼児教育・習い事｜無料体験・カウンセリング予約LP（かわいい・ガーリー・イラスト主体）","プロ（演出多め）"
"LP-00387","採用・求人｜リード獲得（資料請求・問い合わせ）LP（信頼・誠実（コーポレート）・デバイスモックアップ浮遊）","プロ（演出多め）"
"LP-00388","占い・スピリチュアル｜無料体験・カウンセリング予約LP（ダーク・シネマティック・イラスト主体）","プロ（演出多め）"
"LP-00389","不動産・マンション｜採用エントリーLP（和モダン・写真コラージュ）","プロ（演出多め）"
"LP-00390","美容クリニック｜リード獲得（資料請求・問い合わせ）LP（信頼・誠実（コーポレート）・全面写真＋中央キャッチ）","上級"
"LP-00391","YouTuber・インフルエンサー｜採用エントリーLP（エディトリアル・雑誌風・左テキスト×右商品/人物）","プロ（演出多め）"
"LP-00392","引越し・生活サービス｜採用エントリーLP（ポップ・カラフル・左テキスト×右商品/人物）","プロ（演出多め）"
"LP-00393","英会話・語学｜リード獲得（資料請求・問い合わせ）LP（ポップ・カラフル・写真コラージュ）","プロ（演出多め）"
"LP-00394","Web制作・デザイン事務所｜セミナー・ウェビナー集客LP（ニューブルータリズム・背景動画ループ＋オーバーレイ）","プロ（演出多め）"
"LP-00395","Web制作・デザイン事務所｜セミナー・ウェビナー集客LP（ラグジュアリー・高級感・左テキスト×右商品/人物）","プロ（演出多め）"
"LP-00396","ウェディング・結婚相談所｜無料体験・カウンセリング予約LP（ハンドメイド・手書き・イラスト主体）","プロ（演出多め）"
"LP-00397","美容クリニック｜無料体験・カウンセリング予約LP（ラグジュアリー・高級感・ジェネラティブ背景＋コピー）","プロ（演出多め）"
"LP-00398","AIサービス・スタートアップ｜会員登録・アプリDLLP（かわいい・ガーリー・超大型タイポグラフィ）","プロ（演出多め）"
"LP-00399","建築設計事務所｜リード獲得（資料請求・問い合わせ）LP（ジオメトリック・グラフィカル・全面写真＋中央キャッチ）","プロ（演出多め）"
"LP-00400","サウナ・温浴施設｜LINE友だち追加LP（レトロ・Y2K・全面写真＋中央キャッチ）","プロ（演出多め）"
"LP-00401","AIサービス・スタートアップ｜リード獲得（資料請求・問い合わせ）LP（ネオン・サイバー・デバイスモックアップ浮遊）","プロ（演出多め）"
"LP-00402","アパレル・ファッションEC｜商品購入（単品通販）LP（ネオン・サイバー・左テキスト×右商品/人物）","プロ（演出多め）"
"LP-00403","ウェディング・結婚相談所｜無料体験・カウンセリング予約LP（かわいい・ガーリー・実績数字ドーン）","プロ（演出多め）"
"LP-00404","コスメ・スキンケア｜採用エントリーLP（3D・クレイ・左テキスト×右商品/人物）","プロ（演出多め）"
"LP-00405","歯科医院｜リード獲得（資料請求・問い合わせ）LP（ミニマル・洗練・全面写真＋中央キャッチ）","プロ（演出多め）"
"LP-00406","音楽・ライブ・イベント｜採用エントリーLP（ネオン・サイバー・超大型タイポグラフィ）","プロ（演出多め）"
"LP-00407","スマホアプリ｜リード獲得（資料請求・問い合わせ）LP（グラスモーフィズム・ジェネラティブ背景＋コピー）","上級"
"LP-00408","歯科医院｜採用エントリーLP（信頼・誠実（コーポレート）・超大型タイポグラフィ）","プロ（演出多め）"
"LP-00409","和菓子・スイーツ｜リード獲得（資料請求・問い合わせ）LP（パステル・ドリーミー・実績数字ドーン）","プロ（演出多め）"
"LP-00410","不動産・マンション｜採用エントリーLP（ネオン・サイバー・イラスト主体）","プロ（演出多め）"
"LP-00411","美容室・ヘアサロン｜採用エントリーLP（クール・テック・実績数字ドーン）","プロ（演出多め）"
"LP-00412","NPO・地方自治体｜採用エントリーLP（信頼・誠実（コーポレート）・全面写真＋中央キャッチ）","プロ（演出多め）"
"LP-00413","建築設計事務所｜採用エントリーLP（信頼・誠実（コーポレート）・ジェネラティブ背景＋コピー）","上級"
"LP-00414","NPO・地方自治体｜クラウドファンディング支援LP（ラグジュアリー・高級感・全面写真＋中央キャッチ）","プロ（演出多め）"
"LP-00415","カフェ・ベーカリー｜リード獲得（資料請求・問い合わせ）LP（ハンドメイド・手書き・実績数字ドーン）","プロ（演出多め）"
"LP-00416","クラウドファンディング・新商品｜商品購入（単品通販）LP（クール・テック・超大型タイポグラフィ）","プロ（演出多め）"
"LP-00417","美容室・ヘアサロン｜採用エントリーLP（ラグジュアリー・高級感・左テキスト×右商品/人物）","プロ（演出多め）"
"LP-00418","金融・保険・投資｜リード獲得（資料請求・問い合わせ）LP（ニューブルータリズム・写真コラージュ）","プロ（演出多め）"
"LP-00419","引越し・生活サービス｜LINE友だち追加LP（信頼・誠実（コーポレート）・スクロールで商品が回転/分解）","プロ（演出多め）"
"LP-00420","歯科医院｜LINE友だち追加LP（ミニマル・洗練・スクロールで商品が回転/分解）","プロ（演出多め）"
"LP-00421","エステ・脱毛サロン｜採用エントリーLP（ミニマル・洗練・超大型タイポグラフィ）","上級"
"LP-00422","音楽・ライブ・イベント｜採用エントリーLP（ダーク・シネマティック・イラスト主体）","プロ（演出多め）"
"LP-00423","AIサービス・スタートアップ｜採用エントリーLP（クール・テック・イラスト主体）","プロ（演出多め）"
"LP-00424","クラウドファンディング・新商品｜クラウドファンディング支援LP（パステル・ドリーミー・イラスト主体）","上級"
"LP-00425","スクール・オンライン講座｜リード獲得（資料請求・問い合わせ）LP（ミニマル・洗練・左テキスト×右商品/人物）","上級"
"LP-00426","コスメ・スキンケア｜商品購入（単品通販）LP（ラグジュアリー・高級感・イラスト主体）","プロ（演出多め）"
"LP-00427","YouTuber・インフルエンサー｜会員登録・アプリDLLP（ジオメトリック・グラフィカル・デバイスモックアップ浮遊）","プロ（演出多め）"
"LP-00428","英会話・語学｜採用エントリーLP（ジオメトリック・グラフィカル・ジェネラティブ背景＋コピー）","プロ（演出多め）"
"LP-00429","SaaS・BtoBツール｜セミナー・ウェビナー集客LP（クール・テック・全面写真＋中央キャッチ）","プロ（演出多め）"
"LP-00430","音楽・ライブ・イベント｜クラウドファンディング支援LP（ニューブルータリズム・実績数字ドーン）","プロ（演出多め）"
"LP-00431","引越し・生活サービス｜LINE友だち追加LP（3D・クレイ・ジェネラティブ背景＋コピー）","プロ（演出多め）"
"LP-00432","美容クリニック｜採用エントリーLP（エディトリアル・雑誌風・スクロールで商品が回転/分解）","プロ（演出多め）"
"LP-00433","YouTuber・インフルエンサー｜会員登録・アプリDLLP（ニューブルータリズム・デバイスモックアップ浮遊）","プロ（演出多め）"
"LP-00434","農業・地方の生産者｜リード獲得（資料請求・問い合わせ）LP（信頼・誠実（コーポレート）・超大型タイポグラフィ）","プロ（演出多め）"
"LP-00435","ペット・トリミング・動物病院｜無料体験・カウンセリング予約LP（3D・クレイ・スクロールで商品が回転/分解）","プロ（演出多め）"
"LP-00436","カフェ・ベーカリー｜リード獲得（資料請求・問い合わせ）LP（エディトリアル・雑誌風・超大型タイポグラフィ）","プロ（演出多め）"
"LP-00437","美容クリニック｜リード獲得（資料請求・問い合わせ）LP（和モダン・背景動画ループ＋オーバーレイ）","プロ（演出多め）"
"LP-00438","美容クリニック｜採用エントリーLP（信頼・誠実（コーポレート）・全面写真＋中央キャッチ）","プロ（演出多め）"
"LP-00439","英会話・語学｜採用エントリーLP（ポップ・カラフル・スクロールで商品が回転/分解）","プロ（演出多め）"
"LP-00440","観光・地域プロモーション｜クラウドファンディング支援LP（ナチュラル・オーガニック・左テキスト×右商品/人物）","プロ（演出多め）"
"LP-00441","Web制作・デザイン事務所｜リード獲得（資料請求・問い合わせ）LP（エディトリアル・雑誌風・超大型タイポグラフィ）","上級"
"LP-00442","スクール・オンライン講座｜リード獲得（資料請求・問い合わせ）LP（信頼・誠実（コーポレート）・背景動画ループ＋オーバーレイ）","プロ（演出多め）"
"LP-00443","Web制作・デザイン事務所｜採用エントリーLP（ジオメトリック・グラフィカル・実績数字ドーン）","プロ（演出多め）"
"LP-00444","SaaS・BtoBツール｜採用エントリーLP（グラスモーフィズム・実績数字ドーン）","プロ（演出多め）"
"LP-00445","サウナ・温浴施設｜採用エントリーLP（ニューブルータリズム・背景動画ループ＋オーバーレイ）","プロ（演出多め）"
"LP-00446","ゲーム・eスポーツ｜会員登録・アプリDLLP（レトロ・Y2K・背景動画ループ＋オーバーレイ）","プロ（演出多め）"
"LP-00447","農業・地方の生産者｜商品購入（単品通販）LP（和モダン・ジェネラティブ背景＋コピー）","上級"
"LP-00448","美容室・ヘアサロン｜リード獲得（資料請求・問い合わせ）LP（ハンドメイド・手書き・スクロールで商品が回転/分解）","プロ（演出多め）"
"LP-00449","カフェ・ベーカリー｜LINE友だち追加LP（ニューブルータリズム・実績数字ドーン）","上級"
"LP-00450","コンサル・コーチング｜セミナー・ウェビナー集客LP（ミニマル・洗練・左テキスト×右商品/人物）","プロ（演出多め）"
"LP-00451","内科・クリニック｜無料体験・カウンセリング予約LP（北欧・ライフスタイル・全面写真＋中央キャッチ）","上級"
"LP-00452","美容クリニック｜採用エントリーLP（ラグジュアリー・高級感・デバイスモックアップ浮遊）","上級"
"LP-00453","プログラミングスクール｜会員登録・アプリDLLP（ハンドメイド・手書き・左テキスト×右商品/人物）","プロ（演出多め）"
"LP-00454","引越し・生活サービス｜LINE友だち追加LP（3D・クレイ・ジェネラティブ背景＋コピー）","上級"
"LP-00455","YouTuber・インフルエンサー｜採用エントリーLP（ネオン・サイバー・実績数字ドーン）","プロ（演出多め）"
"LP-00456","食品・産直EC｜採用エントリーLP（ハンドメイド・手書き・写真コラージュ）","上級"
"LP-00457","和菓子・スイーツ｜採用エントリーLP（ポップ・カラフル・背景動画ループ＋オーバーレイ）","上級"
"LP-00458","YouTuber・インフルエンサー｜会員登録・アプリDLLP（かわいい・ガーリー・写真コラージュ）","プロ（演出多め）"
"LP-00459","和菓子・スイーツ｜クラウドファンディング支援LP（パステル・ドリーミー・デバイスモックアップ浮遊）","プロ（演出多め）"
"LP-00460","歯科医院｜LINE友だち追加LP（ミニマル・洗練・イラスト主体）","プロ（演出多め）"
"LP-00461","内科・クリニック｜LINE友だち追加LP（ナチュラル・オーガニック・背景動画ループ＋オーバーレイ）","プロ（演出多め）"
"LP-00462","建築設計事務所｜採用エントリーLP（ジオメトリック・グラフィカル・全面写真＋中央キャッチ）","プロ（演出多め）"
"LP-00463","AIサービス・スタートアップ｜会員登録・アプリDLLP（ネオン・サイバー・背景動画ループ＋オーバーレイ）","プロ（演出多め）"
"LP-00464","自動車・バイク｜採用エントリーLP（北欧・ライフスタイル・超大型タイポグラフィ）","プロ（演出多め）"
"LP-00465","引越し・生活サービス｜無料体験・カウンセリング予約LP（信頼・誠実（コーポレート）・スクロールで商品が回転/分解）","プロ（演出多め）"
"LP-00466","美容室・ヘアサロン｜LINE友だち追加LP（北欧・ライフスタイル・イラスト主体）","プロ（演出多め）"
"LP-00467","AIサービス・スタートアップ｜会員登録・アプリDLLP（グラスモーフィズム・超大型タイポグラフィ）","プロ（演出多め）"
"LP-00468","美容クリニック｜無料体験・カウンセリング予約LP（ミニマル・洗練・左テキスト×右商品/人物）","プロ（演出多め）"
"LP-00469","ホテル・旅館｜LINE友だち追加LP（和モダン・スクロールで商品が回転/分解）","プロ（演出多め）"
"LP-00470","美容室・ヘアサロン｜LINE友だち追加LP（和モダン・イラスト主体）","プロ（演出多め）"
"LP-00471","和菓子・スイーツ｜商品購入（単品通販）LP（ナチュラル・オーガニック・超大型タイポグラフィ）","プロ（演出多め）"
"LP-00472","金融・保険・投資｜会員登録・アプリDLLP（ミニマル・洗練・デバイスモックアップ浮遊）","プロ（演出多め）"
"LP-00473","歯科医院｜リード獲得（資料請求・問い合わせ）LP（ミニマル・洗練・左テキスト×右商品/人物）","プロ（演出多め）"
"LP-00474","内科・クリニック｜無料体験・カウンセリング予約LP（和モダン・ジェネラティブ背景＋コピー）","プロ（演出多め）"
"LP-00475","ウェディング・結婚相談所｜リード獲得（資料請求・問い合わせ）LP（ラグジュアリー・高級感・ジェネラティブ背景＋コピー）","プロ（演出多め）"
"LP-00476","カフェ・ベーカリー｜LINE友だち追加LP（エディトリアル・雑誌風・実績数字ドーン）","プロ（演出多め）"
"LP-00477","美容クリニック｜リード獲得（資料請求・問い合わせ）LP（ミニマル・洗練・ジェネラティブ背景＋コピー）","プロ（演出多め）"
"LP-00478","YouTuber・インフルエンサー｜採用エントリーLP（ポップ・カラフル・ジェネラティブ背景＋コピー）","プロ（演出多め）"
"LP-00479","カフェ・ベーカリー｜LINE友だち追加LP（レトロ・Y2K・超大型タイポグラフィ）","プロ（演出多め）"
"LP-00480","占い・スピリチュアル｜LINE友だち追加LP（ラグジュアリー・高級感・デバイスモックアップ浮遊）","プロ（演出多め）"
"LP-00481","Web制作・デザイン事務所｜採用エントリーLP（ジオメトリック・グラフィカル・全面写真＋中央キャッチ）","プロ（演出多め）"
"LP-00482","NPO・地方自治体｜クラウドファンディング支援LP（和モダン・実績数字ドーン）","プロ（演出多め）"
"LP-00483","不動産・マンション｜採用エントリーLP（エネルギッシュ・スポーティ・デバイスモックアップ浮遊）","プロ（演出多め）"
"LP-00484","美容室・ヘアサロン｜リード獲得（資料請求・問い合わせ）LP（ミニマル・洗練・背景動画ループ＋オーバーレイ）","プロ（演出多め）"
"LP-00485","カフェ・ベーカリー｜リード獲得（資料請求・問い合わせ）LP（レトロ・Y2K・左テキスト×右商品/人物）","プロ（演出多め）"
"LP-00486","NPO・地方自治体｜クラウドファンディング支援LP（信頼・誠実（コーポレート）・左テキスト×右商品/人物）","プロ（演出多め）"
"LP-00487","引越し・生活サービス｜採用エントリーLP（信頼・誠実（コーポレート）・イラスト主体）","プロ（演出多め）"
"LP-00488","ホテル・旅館｜LINE友だち追加LP（和モダン・写真コラージュ）","プロ（演出多め）"
"LP-00489","プログラミングスクール｜無料体験・カウンセリング予約LP（ネオン・サイバー・デバイスモックアップ浮遊）","プロ（演出多め）"
"LP-00490","コンサル・コーチング｜リード獲得（資料請求・問い合わせ）LP（ミニマル・洗練・全面写真＋中央キャッチ）","プロ（演出多め）"
"LP-00491","カフェ・ベーカリー｜採用エントリーLP（ハンドメイド・手書き・左テキスト×右商品/人物）","プロ（演出多め）"
"LP-00492","歯科医院｜採用エントリーLP（ナチュラル・オーガニック・ジェネラティブ背景＋コピー）","プロ（演出多め）"
"LP-00493","英会話・語学｜無料体験・カウンセリング予約LP（3D・クレイ・スクロールで商品が回転/分解）","プロ（演出多め）"
"LP-00494","自動車・バイク｜無料体験・カウンセリング予約LP（かわいい・ガーリー・超大型タイポグラフィ）","プロ（演出多め）"
"LP-00495","占い・スピリチュアル｜リード獲得（資料請求・問い合わせ）LP（ダーク・シネマティック・左テキスト×右商品/人物）","プロ（演出多め）"
"LP-00496","スマホアプリ｜無料体験・カウンセリング予約LP（3D・クレイ・デバイスモックアップ浮遊）","プロ（演出多め）"
"LP-00497","引越し・生活サービス｜無料体験・カウンセリング予約LP（ニューブルータリズム・イラスト主体）","プロ（演出多め）"
"LP-00498","自動車・バイク｜リード獲得（資料請求・問い合わせ）LP（クール・テック・全面写真＋中央キャッチ）","プロ（演出多め）"
"LP-00499","農業・地方の生産者｜リード獲得（資料請求・問い合わせ）LP（ハンドメイド・手書き・背景動画ループ＋オーバーレイ）","プロ（演出多め）"
"LP-00500","クラウドファンディング・新商品｜リード獲得（資料請求・問い合わせ）LP（ダーク・シネマティック・ジェネラティブ背景＋コピー）","プロ（演出多め）"
"LP-00501","サウナ・温浴施設｜LINE友だち追加LP（レトロ・Y2K・スクロールで商品が回転/分解）","プロ（演出多め）"
"LP-00502","AIサービス・スタートアップ｜無料体験・カウンセリング予約LP（ミニマル・洗練・実績数字ドーン）","プロ（演出多め）"
"LP-00503","SaaS・BtoBツール｜リード獲得（資料請求・問い合わせ）LP（3D・クレイ・左テキスト×右商品/人物）","プロ（演出多め）"
"LP-00504","英会話・語学｜無料体験・カウンセリング予約LP（ダーク・シネマティック・スクロールで商品が回転/分解）","プロ（演出多め）"
"LP-00505","内科・クリニック｜採用エントリーLP（ナチュラル・オーガニック・実績数字ドーン）","プロ（演出多め）"
"LP-00506","SaaS・BtoBツール｜リード獲得（資料請求・問い合わせ）LP（クール・テック・スクロールで商品が回転/分解）","プロ（演出多め）"
"LP-00507","ゲーム・eスポーツ｜リード獲得（資料請求・問い合わせ）LP（信頼・誠実（コーポレート）・スクロールで商品が回転/分解）","プロ（演出多め）"
"LP-00508","建築設計事務所｜採用エントリーLP（ジオメトリック・グラフィカル・写真コラージュ）","プロ（演出多め）"
"LP-00509","SaaS・BtoBツール｜無料体験・カウンセリング予約LP（クール・テック・スクロールで商品が回転/分解）","プロ（演出多め）"
"LP-00510","美容クリニック｜採用エントリーLP（ジオメトリック・グラフィカル・イラスト主体）","プロ（演出多め）"
"LP-00511","食品・産直EC｜リード獲得（資料請求・問い合わせ）LP（クール・テック・左テキスト×右商品/人物）","プロ（演出多め）"
"LP-00512","ヨガ・ピラティス｜採用エントリーLP（北欧・ライフスタイル・実績数字ドーン）","プロ（演出多め）"
"LP-00513","不動産・マンション｜無料体験・カウンセリング予約LP（ダーク・シネマティック・実績数字ドーン）","プロ（演出多め）"
"LP-00514","ウェディング・結婚相談所｜無料体験・カウンセリング予約LP（かわいい・ガーリー・スクロールで商品が回転/分解）","プロ（演出多め）"
"LP-00515","ヨガ・ピラティス｜採用エントリーLP（エネルギッシュ・スポーティ・ジェネラティブ背景＋コピー）","プロ（演出多め）"
"LP-00516","引越し・生活サービス｜無料体験・カウンセリング予約LP（北欧・ライフスタイル・ジェネラティブ背景＋コピー）","プロ（演出多め）"
"LP-00517","スクール・オンライン講座｜リード獲得（資料請求・問い合わせ）LP（信頼・誠実（コーポレート）・イラスト主体）","プロ（演出多め）"
"LP-00518","観光・地域プロモーション｜リード獲得（資料請求・問い合わせ）LP（ハンドメイド・手書き・イラスト主体）","プロ（演出多め）"
"LP-00519","士業（税理士・弁護士・行政書士）｜無料体験・カウンセリング予約LP（信頼・誠実（コーポレート）・実績数字ドーン）","プロ（演出多め）"
"LP-00520","和菓子・スイーツ｜LINE友だち追加LP（ハンドメイド・手書き・超大型タイポグラフィ）","プロ（演出多め）"
"LP-00521","歯科医院｜LINE友だち追加LP（信頼・誠実（コーポレート）・左テキスト×右商品/人物）","プロ（演出多め）"
"LP-00522","ウェディング・結婚相談所｜無料体験・カウンセリング予約LP（かわいい・ガーリー・全面写真＋中央キャッチ）","プロ（演出多め）"
"LP-00523","食品・産直EC｜採用エントリーLP（ポップ・カラフル・イラスト主体）","プロ（演出多め）"
"LP-00524","エステ・脱毛サロン｜リード獲得（資料請求・問い合わせ）LP（ハンドメイド・手書き・写真コラージュ）","プロ（演出多め）"
"LP-00525","農業・地方の生産者｜商品購入（単品通販）LP（ナチュラル・オーガニック・背景動画ループ＋オーバーレイ）","プロ（演出多め）"
"LP-00526","アパレル・ファッションEC｜リード獲得（資料請求・問い合わせ）LP（かわいい・ガーリー・イラスト主体）","プロ（演出多め）"
"LP-00527","自動車・バイク｜採用エントリーLP（ダーク・シネマティック・スクロールで商品が回転/分解）","プロ（演出多め）"
"LP-00528","スマホアプリ｜商品購入（単品通販）LP（ポップ・カラフル・超大型タイポグラフィ）","プロ（演出多め）"
"LP-00529","音楽・ライブ・イベント｜リード獲得（資料請求・問い合わせ）LP（レトロ・Y2K・全面写真＋中央キャッチ）","プロ（演出多め）"
"LP-00530","英会話・語学｜会員登録・アプリDLLP（信頼・誠実（コーポレート）・スクロールで商品が回転/分解）","プロ（演出多め）"
"LP-00531","観光・地域プロモーション｜採用エントリーLP（ナチュラル・オーガニック・写真コラージュ）","上級"
"LP-00532","クラウドファンディング・新商品｜採用エントリーLP（ナチュラル・オーガニック・左テキスト×右商品/人物）","プロ（演出多め）"
"LP-00533","サウナ・温浴施設｜LINE友だち追加LP（和モダン・イラスト主体）","プロ（演出多め）"
"LP-00534","SaaS・BtoBツール｜セミナー・ウェビナー集客LP（グラスモーフィズム・超大型タイポグラフィ）","プロ（演出多め）"
"LP-00535","コンサル・コーチング｜リード獲得（資料請求・問い合わせ）LP（信頼・誠実（コーポレート）・実績数字ドーン）","プロ（演出多め）"
"LP-00536","工務店・注文住宅・リフォーム｜セミナー・ウェビナー集客LP（ナチュラル・オーガニック・写真コラージュ）","プロ（演出多め）"
"LP-00537","パーソナルジム・フィットネス｜リード獲得（資料請求・問い合わせ）LP（ダーク・シネマティック・ジェネラティブ背景＋コピー）","プロ（演出多め）"
"LP-00538","スクール・オンライン講座｜採用エントリーLP（ポップ・カラフル・超大型タイポグラフィ）","プロ（演出多め）"
"LP-00539","工務店・注文住宅・リフォーム｜セミナー・ウェビナー集客LP（信頼・誠実（コーポレート）・実績数字ドーン）","プロ（演出多め）"
"LP-00540","ウェディング・結婚相談所｜リード獲得（資料請求・問い合わせ）LP（かわいい・ガーリー・スクロールで商品が回転/分解）","プロ（演出多め）"
"LP-00541","プログラミングスクール｜会員登録・アプリDLLP（ポップ・カラフル・実績数字ドーン）","プロ（演出多め）"
"LP-00542","保育園・幼児教育・習い事｜採用エントリーLP（ナチュラル・オーガニック・デバイスモックアップ浮遊）","プロ（演出多め）"
"LP-00543","士業（税理士・弁護士・行政書士）｜無料体験・カウンセリング予約LP（信頼・誠実（コーポレート）・写真コラージュ）","プロ（演出多め）"
"LP-00544","SaaS・BtoBツール｜無料体験・カウンセリング予約LP（ネオン・サイバー・写真コラージュ）","プロ（演出多め）"
"LP-00545","クラウドファンディング・新商品｜採用エントリーLP（ポップ・カラフル・写真コラージュ）","プロ（演出多め）"
"LP-00546","ホテル・旅館｜LINE友だち追加LP（ダーク・シネマティック・ジェネラティブ背景＋コピー）","プロ（演出多め）"
"LP-00547","建築設計事務所｜リード獲得（資料請求・問い合わせ）LP（エディトリアル・雑誌風・超大型タイポグラフィ）","プロ（演出多め）"
"LP-00548","観光・地域プロモーション｜リード獲得（資料請求・問い合わせ）LP（和モダン・スクロールで商品が回転/分解）","プロ（演出多め）"
"LP-00549","ゲーム・eスポーツ｜クラウドファンディング支援LP（レトロ・Y2K・ジェネラティブ背景＋コピー）","プロ（演出多め）"
"LP-00550","プログラミングスクール｜採用エントリーLP（ネオン・サイバー・写真コラージュ）","プロ（演出多め）"
"LP-00551","クラウドファンディング・新商品｜リード獲得（資料請求・問い合わせ）LP（ポップ・カラフル・イラスト主体）","プロ（演出多め）"
"LP-00552","クラウドファンディング・新商品｜リード獲得（資料請求・問い合わせ）LP（ダーク・シネマティック・写真コラージュ）","プロ（演出多め）"
"LP-00553","引越し・生活サービス｜採用エントリーLP（信頼・誠実（コーポレート）・写真コラージュ）","プロ（演出多め）"
"LP-00554","サウナ・温浴施設｜採用エントリーLP（ニューブルータリズム・イラスト主体）","プロ（演出多め）"
"LP-00555","SaaS・BtoBツール｜採用エントリーLP（信頼・誠実（コーポレート）・写真コラージュ）","プロ（演出多め）"
"LP-00556","エステ・脱毛サロン｜無料体験・カウンセリング予約LP（かわいい・ガーリー・スクロールで商品が回転/分解）","上級"
"LP-00557","歯科医院｜LINE友だち追加LP（ミニマル・洗練・超大型タイポグラフィ）","プロ（演出多め）"
"LP-00558","NPO・地方自治体｜リード獲得（資料請求・問い合わせ）LP（ジオメトリック・グラフィカル・デバイスモックアップ浮遊）","プロ（演出多め）"
"LP-00559","農業・地方の生産者｜商品購入（単品通販）LP（和モダン・デバイスモックアップ浮遊）","プロ（演出多め）"
"LP-00560","歯科医院｜LINE友だち追加LP（信頼・誠実（コーポレート）・実績数字ドーン）","プロ（演出多め）"
"LP-00561","SaaS・BtoBツール｜セミナー・ウェビナー集客LP（ダーク・シネマティック・実績数字ドーン）","プロ（演出多め）"
"LP-00562","カフェ・ベーカリー｜LINE友だち追加LP（北欧・ライフスタイル・超大型タイポグラフィ）","上級"
"LP-00563","スクール・オンライン講座｜無料体験・カウンセリング予約LP（グラスモーフィズム・デバイスモックアップ浮遊）","プロ（演出多め）"
"LP-00564","Web制作・デザイン事務所｜セミナー・ウェビナー集客LP（ニューブルータリズム・写真コラージュ）","プロ（演出多め）"
"LP-00565","スマホアプリ｜会員登録・アプリDLLP（ミニマル・洗練・写真コラージュ）","プロ（演出多め）"
"LP-00566","建築設計事務所｜リード獲得（資料請求・問い合わせ）LP（ジオメトリック・グラフィカル・全面写真＋中央キャッチ）","プロ（演出多め）"
"LP-00567","ウェディング・結婚相談所｜リード獲得（資料請求・問い合わせ）LP（ネオン・サイバー・イラスト主体）","プロ（演出多め）"
"LP-00568","食品・産直EC｜商品購入（単品通販）LP（和モダン・イラスト主体）","プロ（演出多め）"
"LP-00569","美容クリニック｜リード獲得（資料請求・問い合わせ）LP（ラグジュアリー・高級感・ジェネラティブ背景＋コピー）","プロ（演出多め）"
"LP-00570","クラウドファンディング・新商品｜採用エントリーLP（ポップ・カラフル・超大型タイポグラフィ）","プロ（演出多め）"
"LP-00571","カフェ・ベーカリー｜LINE友だち追加LP（レトロ・Y2K・左テキスト×右商品/人物）","プロ（演出多め）"
"LP-00572","自動車・バイク｜リード獲得（資料請求・問い合わせ）LP（ダーク・シネマティック・超大型タイポグラフィ）","プロ（演出多め）"
"LP-00573","ウェディング・結婚相談所｜リード獲得（資料請求・問い合わせ）LP（ラグジュアリー・高級感・デバイスモックアップ浮遊）","プロ（演出多め）"
"LP-00574","YouTuber・インフルエンサー｜会員登録・アプリDLLP（ニューブルータリズム・写真コラージュ）","プロ（演出多め）"
"LP-00575","NPO・地方自治体｜クラウドファンディング支援LP（ナチュラル・オーガニック・デバイスモックアップ浮遊）","プロ（演出多め）"
"LP-00576","スマホアプリ｜リード獲得（資料請求・問い合わせ）LP（3D・クレイ・全面写真＋中央キャッチ）","プロ（演出多め）"
"LP-00577","AIサービス・スタートアップ｜セミナー・ウェビナー集客LP（クール・テック・背景動画ループ＋オーバーレイ）","プロ（演出多め）"
"LP-00578","士業（税理士・弁護士・行政書士）｜無料体験・カウンセリング予約LP（ミニマル・洗練・左テキスト×右商品/人物）","プロ（演出多め）"
"LP-00579","食品・産直EC｜リード獲得（資料請求・問い合わせ）LP（ハンドメイド・手書き・左テキスト×右商品/人物）","プロ（演出多め）"
"LP-00580","和菓子・スイーツ｜リード獲得（資料請求・問い合わせ）LP（パステル・ドリーミー・左テキスト×右商品/人物）","プロ（演出多め）"
"LP-00581","SaaS・BtoBツール｜会員登録・アプリDLLP（ニューブルータリズム・デバイスモックアップ浮遊）","プロ（演出多め）"
"LP-00582","金融・保険・投資｜無料体験・カウンセリング予約LP（ダーク・シネマティック・左テキスト×右商品/人物）","プロ（演出多め）"
"LP-00583","ホテル・旅館｜採用エントリーLP（ミニマル・洗練・左テキスト×右商品/人物）","上級"
"LP-00584","観光・地域プロモーション｜採用エントリーLP（ハンドメイド・手書き・イラスト主体）","プロ（演出多め）"
"LP-00585","内科・クリニック｜リード獲得（資料請求・問い合わせ）LP（ナチュラル・オーガニック・左テキスト×右商品/人物）","プロ（演出多め）"
"LP-00586","ホテル・旅館｜採用エントリーLP（ミニマル・洗練・左テキスト×右商品/人物）","上級"
"LP-00587","NPO・地方自治体｜リード獲得（資料請求・問い合わせ）LP（ジオメトリック・グラフィカル・スクロールで商品が回転/分解）","プロ（演出多め）"
"LP-00588","Web制作・デザイン事務所｜リード獲得（資料請求・問い合わせ）LP（ミニマル・洗練・イラスト主体）","プロ（演出多め）"
"LP-00589","スクール・オンライン講座｜リード獲得（資料請求・問い合わせ）LP（クール・テック・全面写真＋中央キャッチ）","上級"
"LP-00590","金融・保険・投資｜無料体験・カウンセリング予約LP（信頼・誠実（コーポレート）・ジェネラティブ背景＋コピー）","プロ（演出多め）"
"LP-00591","占い・スピリチュアル｜リード獲得（資料請求・問い合わせ）LP（ニューブルータリズム・超大型タイポグラフィ）","プロ（演出多め）"
"LP-00592","アパレル・ファッションEC｜リード獲得（資料請求・問い合わせ）LP（ニューブルータリズム・全面写真＋中央キャッチ）","プロ（演出多め）"
"LP-00593","エステ・脱毛サロン｜無料体験・カウンセリング予約LP（ミニマル・洗練・写真コラージュ）","プロ（演出多め）"
"LP-00594","内科・クリニック｜リード獲得（資料請求・問い合わせ）LP（北欧・ライフスタイル・左テキスト×右商品/人物）","プロ（演出多め）"
"LP-00595","エステ・脱毛サロン｜商品購入（単品通販）LP（ミニマル・洗練・背景動画ループ＋オーバーレイ）","プロ（演出多め）"
"LP-00596","美容室・ヘアサロン｜無料体験・カウンセリング予約LP（ハンドメイド・手書き・全面写真＋中央キャッチ）","プロ（演出多め）"
"LP-00597","建築設計事務所｜リード獲得（資料請求・問い合わせ）LP（ジオメトリック・グラフィカル・実績数字ドーン）","プロ（演出多め）"
"LP-00598","ペット・トリミング・動物病院｜無料体験・カウンセリング予約LP（ハンドメイド・手書き・写真コラージュ）","プロ（演出多め）"
"LP-00599","音楽・ライブ・イベント｜クラウドファンディング支援LP（ジオメトリック・グラフィカル・超大型タイポグラフィ）","プロ（演出多め）"
"LP-00600","音楽・ライブ・イベント｜リード獲得（資料請求・問い合わせ）LP（ダーク・シネマティック・イラスト主体）","上級"
"LP-00601","SaaS・BtoBツール｜無料体験・カウンセリング予約LP（3D・クレイ・デバイスモックアップ浮遊）","プロ（演出多め）"
"LP-00602","工務店・注文住宅・リフォーム｜無料体験・カウンセリング予約LP（パステル・ドリーミー・イラスト主体）","プロ（演出多め）"
"LP-00603","コスメ・スキンケア｜採用エントリーLP（ラグジュアリー・高級感・超大型タイポグラフィ）","上級"
"LP-00604","AIサービス・スタートアップ｜リード獲得（資料請求・問い合わせ）LP（ネオン・サイバー・イラスト主体）","プロ（演出多め）"
"LP-00605","農業・地方の生産者｜クラウドファンディング支援LP（ナチュラル・オーガニック・イラスト主体）","プロ（演出多め）"
"LP-00606","スマホアプリ｜無料体験・カウンセリング予約LP（3D・クレイ・超大型タイポグラフィ）","プロ（演出多め）"
"LP-00607","クラウドファンディング・新商品｜リード獲得（資料請求・問い合わせ）LP（クール・テック・超大型タイポグラフィ）","プロ（演出多め）"
"LP-00608","ウェディング・結婚相談所｜採用エントリーLP（パステル・ドリーミー・イラスト主体）","プロ（演出多め）"
"LP-00609","スマホアプリ｜無料体験・カウンセリング予約LP（ポップ・カラフル・左テキスト×右商品/人物）","プロ（演出多め）"
"LP-00610","プログラミングスクール｜リード獲得（資料請求・問い合わせ）LP（クール・テック・デバイスモックアップ浮遊）","上級"
"LP-00611","スクール・オンライン講座｜採用エントリーLP（信頼・誠実（コーポレート）・写真コラージュ）","プロ（演出多め）"
"LP-00612","スマホアプリ｜無料体験・カウンセリング予約LP（ポップ・カラフル・イラスト主体）","プロ（演出多め）"
"LP-00613","美容クリニック｜LINE友だち追加LP（ラグジュアリー・高級感・左テキスト×右商品/人物）","プロ（演出多め）"
"LP-00614","カフェ・ベーカリー｜LINE友だち追加LP（レトロ・Y2K・イラスト主体）","プロ（演出多め）"
"LP-00615","不動産・マンション｜無料体験・カウンセリング予約LP（ミニマル・洗練・スクロールで商品が回転/分解）","プロ（演出多め）"
"LP-00616","引越し・生活サービス｜リード獲得（資料請求・問い合わせ）LP（3D・クレイ・超大型タイポグラフィ）","プロ（演出多め）"
"LP-00617","アパレル・ファッションEC｜採用エントリーLP（ニューブルータリズム・ジェネラティブ背景＋コピー）","プロ（演出多め）"
"LP-00618","美容室・ヘアサロン｜採用エントリーLP（ミニマル・洗練・デバイスモックアップ浮遊）","プロ（演出多め）"
"LP-00619","採用・求人｜リード獲得（資料請求・問い合わせ）LP（ニューブルータリズム・超大型タイポグラフィ）","プロ（演出多め）"
"LP-00620","カフェ・ベーカリー｜LINE友だち追加LP（ナチュラル・オーガニック・全面写真＋中央キャッチ）","プロ（演出多め）"
"LP-00621","ゲーム・eスポーツ｜クラウドファンディング支援LP（レトロ・Y2K・超大型タイポグラフィ）","プロ（演出多め）"
"LP-00622","アパレル・ファッションEC｜リード獲得（資料請求・問い合わせ）LP（3D・クレイ・ジェネラティブ背景＋コピー）","プロ（演出多め）"
"LP-00623","SaaS・BtoBツール｜セミナー・ウェビナー集客LP（和モダン・超大型タイポグラフィ）","プロ（演出多め）"
"LP-00624","コンサル・コーチング｜無料体験・カウンセリング予約LP（ラグジュアリー・高級感・左テキスト×右商品/人物）","プロ（演出多め）"
"LP-00625","引越し・生活サービス｜採用エントリーLP（ポップ・カラフル・写真コラージュ）","プロ（演出多め）"
"LP-00626","SaaS・BtoBツール｜会員登録・アプリDLLP（ミニマル・洗練・全面写真＋中央キャッチ）","プロ（演出多め）"
"LP-00627","ヨガ・ピラティス｜LINE友だち追加LP（信頼・誠実（コーポレート）・左テキスト×右商品/人物）","プロ（演出多め）"
"LP-00628","保育園・幼児教育・習い事｜LINE友だち追加LP（ナチュラル・オーガニック・背景動画ループ＋オーバーレイ）","上級"
"LP-00629","NPO・地方自治体｜クラウドファンディング支援LP（ハンドメイド・手書き・デバイスモックアップ浮遊）","プロ（演出多め）"
"LP-00630","カフェ・ベーカリー｜LINE友だち追加LP（ハンドメイド・手書き・背景動画ループ＋オーバーレイ）","プロ（演出多め）"
"LP-00631","コンサル・コーチング｜セミナー・ウェビナー集客LP（エディトリアル・雑誌風・イラスト主体）","プロ（演出多め）"
"LP-00632","ヨガ・ピラティス｜LINE友だち追加LP（かわいい・ガーリー・イラスト主体）","プロ（演出多め）"
"LP-00633","ゲーム・eスポーツ｜クラウドファンディング支援LP（ミニマル・洗練・全面写真＋中央キャッチ）","上級"
"LP-00634","英会話・語学｜リード獲得（資料請求・問い合わせ）LP（信頼・誠実（コーポレート）・左テキスト×右商品/人物）","プロ（演出多め）"
"LP-00635","保育園・幼児教育・習い事｜リード獲得（資料請求・問い合わせ）LP（ナチュラル・オーガニック・デバイスモックアップ浮遊）","プロ（演出多め）"
"LP-00636","カフェ・ベーカリー｜採用エントリーLP（ハンドメイド・手書き・スクロールで商品が回転/分解）","プロ（演出多め）"
"LP-00637","コスメ・スキンケア｜採用エントリーLP（ラグジュアリー・高級感・超大型タイポグラフィ）","プロ（演出多め）"
"LP-00638","美容室・ヘアサロン｜採用エントリーLP（北欧・ライフスタイル・左テキスト×右商品/人物）","プロ（演出多め）"
"LP-00639","採用・求人｜リード獲得（資料請求・問い合わせ）LP（エディトリアル・雑誌風・イラスト主体）","プロ（演出多め）"
"LP-00640","スクール・オンライン講座｜会員登録・アプリDLLP（ポップ・カラフル・全面写真＋中央キャッチ）","プロ（演出多め）"
"LP-00641","保育園・幼児教育・習い事｜LINE友だち追加LP（ナチュラル・オーガニック・実績数字ドーン）","プロ（演出多め）"
"LP-00642","スマホアプリ｜会員登録・アプリDLLP（ポップ・カラフル・背景動画ループ＋オーバーレイ）","プロ（演出多め）"
"LP-00643","ペット・トリミング・動物病院｜採用エントリーLP（ハンドメイド・手書き・実績数字ドーン）","プロ（演出多め）"
"LP-00644","不動産・マンション｜採用エントリーLP（ダーク・シネマティック・左テキスト×右商品/人物）","プロ（演出多め）"
"LP-00645","ペット・トリミング・動物病院｜商品購入（単品通販）LP（3D・クレイ・イラスト主体）","プロ（演出多め）"
"LP-00646","YouTuber・インフルエンサー｜採用エントリーLP（ニューブルータリズム・超大型タイポグラフィ）","プロ（演出多め）"
"LP-00647","コンサル・コーチング｜無料体験・カウンセリング予約LP（エディトリアル・雑誌風・ジェネラティブ背景＋コピー）","プロ（演出多め）"
"LP-00648","歯科医院｜採用エントリーLP（ミニマル・洗練・全面写真＋中央キャッチ）","プロ（演出多め）"
"LP-00649","和菓子・スイーツ｜LINE友だち追加LP（和モダン・写真コラージュ）","プロ（演出多め）"
"LP-00650","クラウドファンディング・新商品｜リード獲得（資料請求・問い合わせ）LP（ダーク・シネマティック・背景動画ループ＋オーバーレイ）","プロ（演出多め）"
"LP-00651","クラウドファンディング・新商品｜リード獲得（資料請求・問い合わせ）LP（ダーク・シネマティック・超大型タイポグラフィ）","プロ（演出多め）"
"LP-00652","観光・地域プロモーション｜リード獲得（資料請求・問い合わせ）LP（3D・クレイ・デバイスモックアップ浮遊）","プロ（演出多め）"
"LP-00653","YouTuber・インフルエンサー｜会員登録・アプリDLLP（かわいい・ガーリー・左テキスト×右商品/人物）","プロ（演出多め）"
"LP-00654","ヨガ・ピラティス｜LINE友だち追加LP（ナチュラル・オーガニック・左テキスト×右商品/人物）","プロ（演出多め）"
"LP-00655","ペット・トリミング・動物病院｜リード獲得（資料請求・問い合わせ）LP（3D・クレイ・ジェネラティブ背景＋コピー）","プロ（演出多め）"
"LP-00656","ヨガ・ピラティス｜LINE友だち追加LP（ダーク・シネマティック・写真コラージュ）","プロ（演出多め）"
"LP-00657","工務店・注文住宅・リフォーム｜LINE友だち追加LP（レトロ・Y2K・全面写真＋中央キャッチ）","プロ（演出多め）"
"LP-00658","音楽・ライブ・イベント｜クラウドファンディング支援LP（エディトリアル・雑誌風・左テキスト×右商品/人物）","プロ（演出多め）"
"LP-00659","内科・クリニック｜LINE友だち追加LP（信頼・誠実（コーポレート）・全面写真＋中央キャッチ）","プロ（演出多め）"
"LP-00660","内科・クリニック｜LINE友だち追加LP（北欧・ライフスタイル・左テキスト×右商品/人物）","プロ（演出多め）"
"LP-00661","美容室・ヘアサロン｜LINE友だち追加LP（ミニマル・洗練・背景動画ループ＋オーバーレイ）","プロ（演出多め）"
"LP-00662","スクール・オンライン講座｜セミナー・ウェビナー集客LP（クール・テック・デバイスモックアップ浮遊）","プロ（演出多め）"
"LP-00663","占い・スピリチュアル｜無料体験・カウンセリング予約LP（ラグジュアリー・高級感・背景動画ループ＋オーバーレイ）","プロ（演出多め）"
"LP-00664","NPO・地方自治体｜採用エントリーLP（かわいい・ガーリー・スクロールで商品が回転/分解）","上級"
"LP-00665","コンサル・コーチング｜無料体験・カウンセリング予約LP（エディトリアル・雑誌風・ジェネラティブ背景＋コピー）","プロ（演出多め）"
"LP-00666","カフェ・ベーカリー｜リード獲得（資料請求・問い合わせ）LP（北欧・ライフスタイル・デバイスモックアップ浮遊）","プロ（演出多め）"
"LP-00667","不動産・マンション｜リード獲得（資料請求・問い合わせ）LP（信頼・誠実（コーポレート）・イラスト主体）","プロ（演出多め）"
"LP-00668","ホテル・旅館｜LINE友だち追加LP（クール・テック・ジェネラティブ背景＋コピー）","プロ（演出多め）"
"LP-00669","ウェディング・結婚相談所｜LINE友だち追加LP（パステル・ドリーミー・背景動画ループ＋オーバーレイ）","プロ（演出多め）"
"LP-00670","農業・地方の生産者｜リード獲得（資料請求・問い合わせ）LP（ハンドメイド・手書き・スクロールで商品が回転/分解）","上級"
"LP-00671","建築設計事務所｜採用エントリーLP（信頼・誠実（コーポレート）・実績数字ドーン）","プロ（演出多め）"
"LP-00672","金融・保険・投資｜リード獲得（資料請求・問い合わせ）LP（ミニマル・洗練・左テキスト×右商品/人物）","プロ（演出多め）"
"LP-00673","美容室・ヘアサロン｜リード獲得（資料請求・問い合わせ）LP（北欧・ライフスタイル・写真コラージュ）","上級"
"LP-00674","和菓子・スイーツ｜商品購入（単品通販）LP（和モダン・スクロールで商品が回転/分解）","プロ（演出多め）"
"LP-00675","美容室・ヘアサロン｜リード獲得（資料請求・問い合わせ）LP（北欧・ライフスタイル・デバイスモックアップ浮遊）","プロ（演出多め）"
"LP-00676","SaaS・BtoBツール｜会員登録・アプリDLLP（グラスモーフィズム・超大型タイポグラフィ）","プロ（演出多め）"
"LP-00677","観光・地域プロモーション｜クラウドファンディング支援LP（ハンドメイド・手書き・超大型タイポグラフィ）","プロ（演出多め）"
"LP-00678","不動産・マンション｜無料体験・カウンセリング予約LP（ラグジュアリー・高級感・スクロールで商品が回転/分解）","プロ（演出多め）"
"LP-00679","歯科医院｜採用エントリーLP（ナチュラル・オーガニック・超大型タイポグラフィ）","プロ（演出多め）"
"LP-00680","AIサービス・スタートアップ｜セミナー・ウェビナー集客LP（ミニマル・洗練・スクロールで商品が回転/分解）","プロ（演出多め）"
"LP-00681","エステ・脱毛サロン｜採用エントリーLP（ミニマル・洗練・デバイスモックアップ浮遊）","プロ（演出多め）"
"LP-00682","サウナ・温浴施設｜リード獲得（資料請求・問い合わせ）LP（ナチュラル・オーガニック・超大型タイポグラフィ）","プロ（演出多め）"
"LP-00683","保育園・幼児教育・習い事｜採用エントリーLP（グラスモーフィズム・イラスト主体）","上級"
"LP-00684","コンサル・コーチング｜無料体験・カウンセリング予約LP（ラグジュアリー・高級感・写真コラージュ）","プロ（演出多め）"
"LP-00685","ホテル・旅館｜リード獲得（資料請求・問い合わせ）LP（ラグジュアリー・高級感・デバイスモックアップ浮遊）","プロ（演出多め）"
"LP-00686","金融・保険・投資｜リード獲得（資料請求・問い合わせ）LP（エディトリアル・雑誌風・全面写真＋中央キャッチ）","プロ（演出多め）"
"LP-00687","保育園・幼児教育・習い事｜採用エントリーLP（ニューブルータリズム・イラスト主体）","プロ（演出多め）"
"LP-00688","英会話・語学｜採用エントリーLP（信頼・誠実（コーポレート）・イラスト主体）","プロ（演出多め）"
"LP-00689","プログラミングスクール｜セミナー・ウェビナー集客LP（3D・クレイ・写真コラージュ）","プロ（演出多め）"
"LP-00690","NPO・地方自治体｜採用エントリーLP（信頼・誠実（コーポレート）・写真コラージュ）","プロ（演出多め）"
"LP-00691","内科・クリニック｜無料体験・カウンセリング予約LP（北欧・ライフスタイル・全面写真＋中央キャッチ）","プロ（演出多め）"
"LP-00692","引越し・生活サービス｜リード獲得（資料請求・問い合わせ）LP（ポップ・カラフル・スクロールで商品が回転/分解）","上級"
"LP-00693","自動車・バイク｜採用エントリーLP（エネルギッシュ・スポーティ・実績数字ドーン）","プロ（演出多め）"
"LP-00694","レストラン・居酒屋｜リード獲得（資料請求・問い合わせ）LP（レトロ・Y2K・全面写真＋中央キャッチ）","上級"
"LP-00695","スマホアプリ｜無料体験・カウンセリング予約LP（3D・クレイ・ジェネラティブ背景＋コピー）","プロ（演出多め）"
"LP-00696","エステ・脱毛サロン｜リード獲得（資料請求・問い合わせ）LP（かわいい・ガーリー・全面写真＋中央キャッチ）","上級"
"LP-00697","英会話・語学｜会員登録・アプリDLLP（ポップ・カラフル・スクロールで商品が回転/分解）","プロ（演出多め）"
"LP-00698","YouTuber・インフルエンサー｜会員登録・アプリDLLP（かわいい・ガーリー・全面写真＋中央キャッチ）","プロ（演出多め）"
"LP-00699","引越し・生活サービス｜リード獲得（資料請求・問い合わせ）LP（3D・クレイ・スクロールで商品が回転/分解）","プロ（演出多め）"
"LP-00700","レストラン・居酒屋｜LINE友だち追加LP（和モダン・写真コラージュ）","プロ（演出多め）"
"LP-00701","占い・スピリチュアル｜LINE友だち追加LP（ラグジュアリー・高級感・写真コラージュ）","プロ（演出多め）"
"LP-00702","内科・クリニック｜LINE友だち追加LP（信頼・誠実（コーポレート）・ジェネラティブ背景＋コピー）","プロ（演出多め）"
"LP-00703","スクール・オンライン講座｜リード獲得（資料請求・問い合わせ）LP（クール・テック・実績数字ドーン）","プロ（演出多め）"
"LP-00704","内科・クリニック｜採用エントリーLP（ナチュラル・オーガニック・全面写真＋中央キャッチ）","プロ（演出多め）"
"LP-00705","アパレル・ファッションEC｜商品購入（単品通販）LP（ミニマル・洗練・ジェネラティブ背景＋コピー）","プロ（演出多め）"
"LP-00706","YouTuber・インフルエンサー｜リード獲得（資料請求・問い合わせ）LP（かわいい・ガーリー・写真コラージュ）","上級"
"LP-00707","ヨガ・ピラティス｜リード獲得（資料請求・問い合わせ）LP（北欧・ライフスタイル・ジェネラティブ背景＋コピー）","プロ（演出多め）"
"LP-00708","歯科医院｜無料体験・カウンセリング予約LP（ナチュラル・オーガニック・写真コラージュ）","プロ（演出多め）"
"LP-00709","士業（税理士・弁護士・行政書士）｜採用エントリーLP（ミニマル・洗練・デバイスモックアップ浮遊）","プロ（演出多め）"
"LP-00710","NPO・地方自治体｜クラウドファンディング支援LP（信頼・誠実（コーポレート）・スクロールで商品が回転/分解）","プロ（演出多め）"
"LP-00711","SaaS・BtoBツール｜会員登録・アプリDLLP（エネルギッシュ・スポーティ・背景動画ループ＋オーバーレイ）","上級"
"LP-00712","ペット・トリミング・動物病院｜LINE友だち追加LP（ネオン・サイバー・左テキスト×右商品/人物）","プロ（演出多め）"
"LP-00713","工務店・注文住宅・リフォーム｜リード獲得（資料請求・問い合わせ）LP（北欧・ライフスタイル・デバイスモックアップ浮遊）","上級"
"LP-00714","YouTuber・インフルエンサー｜リード獲得（資料請求・問い合わせ）LP（ニューブルータリズム・超大型タイポグラフィ）","プロ（演出多め）"
"LP-00715","保育園・幼児教育・習い事｜採用エントリーLP（ポップ・カラフル・イラスト主体）","上級"
"LP-00716","引越し・生活サービス｜リード獲得（資料請求・問い合わせ）LP（ラグジュアリー・高級感・全面写真＋中央キャッチ）","プロ（演出多め）"
"LP-00717","スクール・オンライン講座｜リード獲得（資料請求・問い合わせ）LP（ポップ・カラフル・イラスト主体）","プロ（演出多め）"
"LP-00718","スクール・オンライン講座｜無料体験・カウンセリング予約LP（クール・テック・写真コラージュ）","上級"
"LP-00719","歯科医院｜LINE友だち追加LP（ナチュラル・オーガニック・ジェネラティブ背景＋コピー）","プロ（演出多め）"
"LP-00720","工務店・注文住宅・リフォーム｜LINE友だち追加LP（ナチュラル・オーガニック・写真コラージュ）","プロ（演出多め）"
"LP-00721","美容クリニック｜LINE友だち追加LP（グラスモーフィズム・スクロールで商品が回転/分解）","プロ（演出多め）"
"LP-00722","スマホアプリ｜無料体験・カウンセリング予約LP（クール・テック・写真コラージュ）","プロ（演出多め）"
"LP-00723","引越し・生活サービス｜LINE友だち追加LP（信頼・誠実（コーポレート）・背景動画ループ＋オーバーレイ）","プロ（演出多め）"
"LP-00724","内科・クリニック｜採用エントリーLP（ナチュラル・オーガニック・実績数字ドーン）","プロ（演出多め）"
"LP-00725","美容クリニック｜無料体験・カウンセリング予約LP（ミニマル・洗練・デバイスモックアップ浮遊）","上級"
"LP-00726","工務店・注文住宅・リフォーム｜採用エントリーLP（ナチュラル・オーガニック・イラスト主体）","上級"
"LP-00727","食品・産直EC｜採用エントリーLP（グラスモーフィズム・写真コラージュ）","プロ（演出多め）"
"LP-00728","コスメ・スキンケア｜商品購入（単品通販）LP（ミニマル・洗練・ジェネラティブ背景＋コピー）","プロ（演出多め）"
"LP-00729","YouTuber・インフルエンサー｜リード獲得（資料請求・問い合わせ）LP（かわいい・ガーリー・スクロールで商品が回転/分解）","プロ（演出多め）"
"LP-00730","プログラミングスクール｜無料体験・カウンセリング予約LP（クール・テック・写真コラージュ）","プロ（演出多め）"
"LP-00731","Web制作・デザイン事務所｜リード獲得（資料請求・問い合わせ）LP（エディトリアル・雑誌風・背景動画ループ＋オーバーレイ）","プロ（演出多め）"
"LP-00732","レストラン・居酒屋｜リード獲得（資料請求・問い合わせ）LP（エネルギッシュ・スポーティ・デバイスモックアップ浮遊）","プロ（演出多め）"
"LP-00733","コンサル・コーチング｜採用エントリーLP（信頼・誠実（コーポレート）・左テキスト×右商品/人物）","上級"
"LP-00734","AIサービス・スタートアップ｜採用エントリーLP（ポップ・カラフル・スクロールで商品が回転/分解）","プロ（演出多め）"
"LP-00735","自動車・バイク｜採用エントリーLP（ダーク・シネマティック・背景動画ループ＋オーバーレイ）","プロ（演出多め）"
"LP-00736","引越し・生活サービス｜リード獲得（資料請求・問い合わせ）LP（ポップ・カラフル・デバイスモックアップ浮遊）","プロ（演出多め）"
"LP-00737","ヨガ・ピラティス｜LINE友だち追加LP（北欧・ライフスタイル・スクロールで商品が回転/分解）","プロ（演出多め）"
"LP-00738","自動車・バイク｜無料体験・カウンセリング予約LP（ラグジュアリー・高級感・写真コラージュ）","プロ（演出多め）"
"LP-00739","美容クリニック｜採用エントリーLP（ミニマル・洗練・ジェネラティブ背景＋コピー）","プロ（演出多め）"
"LP-00740","コスメ・スキンケア｜リード獲得（資料請求・問い合わせ）LP（グラスモーフィズム・超大型タイポグラフィ）","プロ（演出多め）"
"LP-00741","建築設計事務所｜採用エントリーLP（ミニマル・洗練・全面写真＋中央キャッチ）","プロ（演出多め）"
"LP-00742","観光・地域プロモーション｜採用エントリーLP（ダーク・シネマティック・スクロールで商品が回転/分解）","プロ（演出多め）"
"LP-00743","観光・地域プロモーション｜クラウドファンディング支援LP（ミニマル・洗練・背景動画ループ＋オーバーレイ）","プロ（演出多め）"
"LP-00744","エステ・脱毛サロン｜採用エントリーLP（かわいい・ガーリー・全面写真＋中央キャッチ）","プロ（演出多め）"
"LP-00745","金融・保険・投資｜採用エントリーLP（信頼・誠実（コーポレート）・ジェネラティブ背景＋コピー）","プロ（演出多め）"
"LP-00746","カフェ・ベーカリー｜リード獲得（資料請求・問い合わせ）LP（北欧・ライフスタイル・全面写真＋中央キャッチ）","プロ（演出多め）"
"LP-00747","Web制作・デザイン事務所｜採用エントリーLP（ポップ・カラフル・イラスト主体）","プロ（演出多め）"
"LP-00748","YouTuber・インフルエンサー｜採用エントリーLP（ニューブルータリズム・全面写真＋中央キャッチ）","プロ（演出多め）"
"LP-00749","コンサル・コーチング｜無料体験・カウンセリング予約LP（エディトリアル・雑誌風・左テキスト×右商品/人物）","プロ（演出多め）"
"LP-00750","ウェディング・結婚相談所｜無料体験・カウンセリング予約LP（ミニマル・洗練・超大型タイポグラフィ）","プロ（演出多め）"
"LP-00751","英会話・語学｜リード獲得（資料請求・問い合わせ）LP（3D・クレイ・超大型タイポグラフィ）","プロ（演出多め）"
"LP-00752","レストラン・居酒屋｜採用エントリーLP（レトロ・Y2K・ジェネラティブ背景＋コピー）","プロ（演出多め）"
"LP-00753","ホテル・旅館｜採用エントリーLP（ラグジュアリー・高級感・写真コラージュ）","プロ（演出多め）"
"LP-00754","農業・地方の生産者｜採用エントリーLP（ネオン・サイバー・ジェネラティブ背景＋コピー）","プロ（演出多め）"
"LP-00755","Web制作・デザイン事務所｜リード獲得（資料請求・問い合わせ）LP（ニューブルータリズム・イラスト主体）","プロ（演出多め）"
"LP-00756","引越し・生活サービス｜LINE友だち追加LP（ポップ・カラフル・超大型タイポグラフィ）","上級"
"LP-00757","観光・地域プロモーション｜採用エントリーLP（ナチュラル・オーガニック・写真コラージュ）","上級"
"LP-00758","AIサービス・スタートアップ｜採用エントリーLP（ネオン・サイバー・写真コラージュ）","プロ（演出多め）"
"LP-00759","スマホアプリ｜採用エントリーLP（ポップ・カラフル・スクロールで商品が回転/分解）","プロ（演出多め）"
"LP-00760","金融・保険・投資｜セミナー・ウェビナー集客LP（ミニマル・洗練・超大型タイポグラフィ）","上級"
"LP-00761","ペット・トリミング・動物病院｜リード獲得（資料請求・問い合わせ）LP（かわいい・ガーリー・ジェネラティブ背景＋コピー）","プロ（演出多め）"
"LP-00762","AIサービス・スタートアップ｜採用エントリーLP（グラスモーフィズム・実績数字ドーン）","プロ（演出多め）"
"LP-00763","ホテル・旅館｜採用エントリーLP（ラグジュアリー・高級感・写真コラージュ）","プロ（演出多め）"
"LP-00764","内科・クリニック｜採用エントリーLP（信頼・誠実（コーポレート）・全面写真＋中央キャッチ）","プロ（演出多め）"
"LP-00765","スクール・オンライン講座｜会員登録・アプリDLLP（信頼・誠実（コーポレート）・イラスト主体）","プロ（演出多め）"
"LP-00766","カフェ・ベーカリー｜採用エントリーLP（レトロ・Y2K・写真コラージュ）","プロ（演出多め）"
"LP-00767","ホテル・旅館｜リード獲得（資料請求・問い合わせ）LP（ミニマル・洗練・背景動画ループ＋オーバーレイ）","プロ（演出多め）"
"LP-00768","パーソナルジム・フィットネス｜LINE友だち追加LP（エネルギッシュ・スポーティ・実績数字ドーン）","プロ（演出多め）"
"LP-00769","士業（税理士・弁護士・行政書士）｜採用エントリーLP（信頼・誠実（コーポレート）・全面写真＋中央キャッチ）","プロ（演出多め）"
"LP-00770","観光・地域プロモーション｜採用エントリーLP（和モダン・デバイスモックアップ浮遊）","プロ（演出多め）"
"LP-00771","採用・求人｜リード獲得（資料請求・問い合わせ）LP（ジオメトリック・グラフィカル・イラスト主体）","プロ（演出多め）"
"LP-00772","NPO・地方自治体｜リード獲得（資料請求・問い合わせ）LP（ナチュラル・オーガニック・左テキスト×右商品/人物）","プロ（演出多め）"
"LP-00773","ウェディング・結婚相談所｜無料体験・カウンセリング予約LP（パステル・ドリーミー・イラスト主体）","プロ（演出多め）"
"LP-00774","Web制作・デザイン事務所｜採用エントリーLP（エディトリアル・雑誌風・背景動画ループ＋オーバーレイ）","プロ（演出多め）"
"LP-00775","ウェディング・結婚相談所｜リード獲得（資料請求・問い合わせ）LP（かわいい・ガーリー・ジェネラティブ背景＋コピー）","プロ（演出多め）"
"LP-00776","食品・産直EC｜採用エントリーLP（ナチュラル・オーガニック・ジェネラティブ背景＋コピー）","プロ（演出多め）"
"LP-00777","引越し・生活サービス｜無料体験・カウンセリング予約LP（3D・クレイ・デバイスモックアップ浮遊）","プロ（演出多め）"
"LP-00778","建築設計事務所｜リード獲得（資料請求・問い合わせ）LP（ニューブルータリズム・ジェネラティブ背景＋コピー）","上級"
"LP-00779","歯科医院｜無料体験・カウンセリング予約LP（ポップ・カラフル・スクロールで商品が回転/分解）","プロ（演出多め）"
"LP-00780","採用・求人｜リード獲得（資料請求・問い合わせ）LP（北欧・ライフスタイル・写真コラージュ）","プロ（演出多め）"
"LP-00781","アパレル・ファッションEC｜採用エントリーLP（信頼・誠実（コーポレート）・超大型タイポグラフィ）","プロ（演出多め）"
"LP-00782","工務店・注文住宅・リフォーム｜無料体験・カウンセリング予約LP（ナチュラル・オーガニック・スクロールで商品が回転/分解）","プロ（演出多め）"
"LP-00783","建築設計事務所｜リード獲得（資料請求・問い合わせ）LP（エディトリアル・雑誌風・超大型タイポグラフィ）","プロ（演出多め）"
"LP-00784","金融・保険・投資｜採用エントリーLP（3D・クレイ・スクロールで商品が回転/分解）","プロ（演出多め）"
"LP-00785","スマホアプリ｜無料体験・カウンセリング予約LP（ポップ・カラフル・ジェネラティブ背景＋コピー）","プロ（演出多め）"
"LP-00786","スマホアプリ｜リード獲得（資料請求・問い合わせ）LP（クール・テック・実績数字ドーン）","プロ（演出多め）"
"LP-00787","美容クリニック｜LINE友だち追加LP（ラグジュアリー・高級感・左テキスト×右商品/人物）","プロ（演出多め）"
"LP-00788","美容クリニック｜採用エントリーLP（ラグジュアリー・高級感・実績数字ドーン）","プロ（演出多め）"
"LP-00789","採用・求人｜採用エントリーLP（エネルギッシュ・スポーティ・実績数字ドーン）","プロ（演出多め）"
"LP-00790","士業（税理士・弁護士・行政書士）｜採用エントリーLP（和モダン・背景動画ループ＋オーバーレイ）","プロ（演出多め）"
"LP-00791","英会話・語学｜採用エントリーLP（ポップ・カラフル・実績数字ドーン）","プロ（演出多め）"
"LP-00792","建築設計事務所｜リード獲得（資料請求・問い合わせ）LP（エネルギッシュ・スポーティ・全面写真＋中央キャッチ）","プロ（演出多め）"
"LP-00793","エステ・脱毛サロン｜無料体験・カウンセリング予約LP（パステル・ドリーミー・実績数字ドーン）","プロ（演出多め）"
"LP-00794","アパレル・ファッションEC｜リード獲得（資料請求・問い合わせ）LP（レトロ・Y2K・写真コラージュ）","プロ（演出多め）"
"LP-00795","観光・地域プロモーション｜採用エントリーLP（ハンドメイド・手書き・デバイスモックアップ浮遊）","プロ（演出多め）"
"LP-00796","カフェ・ベーカリー｜リード獲得（資料請求・問い合わせ）LP（ナチュラル・オーガニック・スクロールで商品が回転/分解）","プロ（演出多め）"
"LP-00797","ヨガ・ピラティス｜LINE友だち追加LP（パステル・ドリーミー・左テキスト×右商品/人物）","プロ（演出多め）"
"LP-00798","スマホアプリ｜採用エントリーLP（グラスモーフィズム・ジェネラティブ背景＋コピー）","プロ（演出多め）"
"LP-00799","コスメ・スキンケア｜採用エントリーLP（ナチュラル・オーガニック・左テキスト×右商品/人物）","プロ（演出多め）"
"LP-00800","スマホアプリ｜無料体験・カウンセリング予約LP（ミニマル・洗練・超大型タイポグラフィ）","上級"
"LP-00801","スクール・オンライン講座｜採用エントリーLP（クール・テック・写真コラージュ）","プロ（演出多め）"
"LP-00802","観光・地域プロモーション｜採用エントリーLP（ダーク・シネマティック・スクロールで商品が回転/分解）","プロ（演出多め）"
"LP-00803","美容室・ヘアサロン｜リード獲得（資料請求・問い合わせ）LP（エディトリアル・雑誌風・イラスト主体）","プロ（演出多め）"
"LP-00804","建築設計事務所｜採用エントリーLP（ジオメトリック・グラフィカル・超大型タイポグラフィ）","プロ（演出多め）"
"LP-00805","観光・地域プロモーション｜リード獲得（資料請求・問い合わせ）LP（ハンドメイド・手書き・ジェネラティブ背景＋コピー）","上級"
"LP-00806","観光・地域プロモーション｜リード獲得（資料請求・問い合わせ）LP（ダーク・シネマティック・実績数字ドーン）","プロ（演出多め）"
"LP-00807","ペット・トリミング・動物病院｜商品購入（単品通販）LP（3D・クレイ・背景動画ループ＋オーバーレイ）","プロ（演出多め）"
"LP-00808","コンサル・コーチング｜リード獲得（資料請求・問い合わせ）LP（ミニマル・洗練・実績数字ドーン）","プロ（演出多め）"
"LP-00809","プログラミングスクール｜リード獲得（資料請求・問い合わせ）LP（ポップ・カラフル・イラスト主体）","プロ（演出多め）"
"LP-00810","スマホアプリ｜無料体験・カウンセリング予約LP（ポップ・カラフル・背景動画ループ＋オーバーレイ）","プロ（演出多め）"
"LP-00811","クラウドファンディング・新商品｜商品購入（単品通販）LP（ダーク・シネマティック・スクロールで商品が回転/分解）","プロ（演出多め）"
"LP-00812","プログラミングスクール｜会員登録・アプリDLLP（ハンドメイド・手書き・左テキスト×右商品/人物）","プロ（演出多め）"
"LP-00813","採用・求人｜採用エントリーLP（ジオメトリック・グラフィカル・全面写真＋中央キャッチ）","プロ（演出多め）"
"LP-00814","エステ・脱毛サロン｜無料体験・カウンセリング予約LP（かわいい・ガーリー・イラスト主体）","上級"
"LP-00815","スクール・オンライン講座｜会員登録・アプリDLLP（ミニマル・洗練・ジェネラティブ背景＋コピー）","プロ（演出多め）"
"LP-00816","工務店・注文住宅・リフォーム｜セミナー・ウェビナー集客LP（ナチュラル・オーガニック・写真コラージュ）","プロ（演出多め）"
"LP-00817","自動車・バイク｜無料体験・カウンセリング予約LP（ダーク・シネマティック・超大型タイポグラフィ）","プロ（演出多め）"
"LP-00818","採用・求人｜採用エントリーLP（エディトリアル・雑誌風・デバイスモックアップ浮遊）","プロ（演出多め）"
"LP-00819","カフェ・ベーカリー｜リード獲得（資料請求・問い合わせ）LP（エディトリアル・雑誌風・写真コラージュ）","上級"
"LP-00820","自動車・バイク｜無料体験・カウンセリング予約LP（ネオン・サイバー・全面写真＋中央キャッチ）","プロ（演出多め）"
"LP-00821","食品・産直EC｜クラウドファンディング支援LP（クール・テック・実績数字ドーン）","プロ（演出多め）"
"LP-00822","美容室・ヘアサロン｜無料体験・カウンセリング予約LP（ナチュラル・オーガニック・写真コラージュ）","プロ（演出多め）"
"LP-00823","スクール・オンライン講座｜無料体験・カウンセリング予約LP（クール・テック・デバイスモックアップ浮遊）","プロ（演出多め）"
"LP-00824","アパレル・ファッションEC｜リード獲得（資料請求・問い合わせ）LP（エディトリアル・雑誌風・左テキスト×右商品/人物）","プロ（演出多め）"
"LP-00825","スマホアプリ｜リード獲得（資料請求・問い合わせ）LP（グラスモーフィズム・イラスト主体）","プロ（演出多め）"
"LP-00826","コスメ・スキンケア｜採用エントリーLP（3D・クレイ・デバイスモックアップ浮遊）","プロ（演出多め）"
"LP-00827","YouTuber・インフルエンサー｜採用エントリーLP（かわいい・ガーリー・全面写真＋中央キャッチ）","プロ（演出多め）"
"LP-00828","プログラミングスクール｜無料体験・カウンセリング予約LP（ネオン・サイバー・ジェネラティブ背景＋コピー）","プロ（演出多め）"
"LP-00829","パーソナルジム・フィットネス｜採用エントリーLP（クール・テック・イラスト主体）","プロ（演出多め）"
"LP-00830","レストラン・居酒屋｜LINE友だち追加LP（ラグジュアリー・高級感・超大型タイポグラフィ）","プロ（演出多め）"
"LP-00831","建築設計事務所｜リード獲得（資料請求・問い合わせ）LP（ジオメトリック・グラフィカル・背景動画ループ＋オーバーレイ）","プロ（演出多め）"
"LP-00832","占い・スピリチュアル｜LINE友だち追加LP（ラグジュアリー・高級感・イラスト主体）","プロ（演出多め）"
"LP-00833","コンサル・コーチング｜リード獲得（資料請求・問い合わせ）LP（エディトリアル・雑誌風・スクロールで商品が回転/分解）","上級"
"LP-00834","ペット・トリミング・動物病院｜リード獲得（資料請求・問い合わせ）LP（3D・クレイ・写真コラージュ）","プロ（演出多め）"
"LP-00835","食品・産直EC｜クラウドファンディング支援LP（パステル・ドリーミー・写真コラージュ）","プロ（演出多め）"
"LP-00836","パーソナルジム・フィットネス｜無料体験・カウンセリング予約LP（クール・テック・背景動画ループ＋オーバーレイ）","プロ（演出多め）"
"LP-00837","ゲーム・eスポーツ｜リード獲得（資料請求・問い合わせ）LP（ポップ・カラフル・イラスト主体）","プロ（演出多め）"
"LP-00838","パーソナルジム・フィットネス｜採用エントリーLP（ポップ・カラフル・ジェネラティブ背景＋コピー）","プロ（演出多め）"
"LP-00839","プログラミングスクール｜採用エントリーLP（クール・テック・超大型タイポグラフィ）","プロ（演出多め）"
"LP-00840","クラウドファンディング・新商品｜クラウドファンディング支援LP（ダーク・シネマティック・ジェネラティブ背景＋コピー）","プロ（演出多め）"
"LP-00841","NPO・地方自治体｜リード獲得（資料請求・問い合わせ）LP（信頼・誠実（コーポレート）・背景動画ループ＋オーバーレイ）","プロ（演出多め）"
"LP-00842","士業（税理士・弁護士・行政書士）｜採用エントリーLP（ミニマル・洗練・背景動画ループ＋オーバーレイ）","プロ（演出多め）"
"LP-00843","食品・産直EC｜リード獲得（資料請求・問い合わせ）LP（ナチュラル・オーガニック・スクロールで商品が回転/分解）","プロ（演出多め）"
"LP-00844","エステ・脱毛サロン｜採用エントリーLP（ラグジュアリー・高級感・背景動画ループ＋オーバーレイ）","プロ（演出多め）"
"LP-00845","金融・保険・投資｜リード獲得（資料請求・問い合わせ）LP（信頼・誠実（コーポレート）・実績数字ドーン）","プロ（演出多め）"
"LP-00846","ゲーム・eスポーツ｜クラウドファンディング支援LP（ネオン・サイバー・ジェネラティブ背景＋コピー）","プロ（演出多め）"
"LP-00847","NPO・地方自治体｜リード獲得（資料請求・問い合わせ）LP（ジオメトリック・グラフィカル・全面写真＋中央キャッチ）","上級"
"LP-00848","ペット・トリミング・動物病院｜無料体験・カウンセリング予約LP（ハンドメイド・手書き・デバイスモックアップ浮遊）","プロ（演出多め）"
"LP-00849","占い・スピリチュアル｜LINE友だち追加LP（ダーク・シネマティック・デバイスモックアップ浮遊）","プロ（演出多め）"
"LP-00850","プログラミングスクール｜無料体験・カウンセリング予約LP（ミニマル・洗練・超大型タイポグラフィ）","プロ（演出多め）"
"LP-00851","和菓子・スイーツ｜リード獲得（資料請求・問い合わせ）LP（北欧・ライフスタイル・全面写真＋中央キャッチ）","プロ（演出多め）"
"LP-00852","YouTuber・インフルエンサー｜リード獲得（資料請求・問い合わせ）LP（ポップ・カラフル・イラスト主体）","プロ（演出多め）"
"LP-00853","サウナ・温浴施設｜無料体験・カウンセリング予約LP（ニューブルータリズム・背景動画ループ＋オーバーレイ）","上級"
"LP-00854","SaaS・BtoBツール｜採用エントリーLP（信頼・誠実（コーポレート）・スクロールで商品が回転/分解）","上級"
"LP-00855","ヨガ・ピラティス｜LINE友だち追加LP（北欧・ライフスタイル・実績数字ドーン）","上級"
"LP-00856","アパレル・ファッションEC｜リード獲得（資料請求・問い合わせ）LP（ミニマル・洗練・超大型タイポグラフィ）","プロ（演出多め）"
"LP-00857","和菓子・スイーツ｜クラウドファンディング支援LP（和モダン・実績数字ドーン）","プロ（演出多め）"
"LP-00858","サウナ・温浴施設｜LINE友だち追加LP（和モダン・デバイスモックアップ浮遊）","プロ（演出多め）"
"LP-00859","美容室・ヘアサロン｜リード獲得（資料請求・問い合わせ）LP（かわいい・ガーリー・背景動画ループ＋オーバーレイ）","プロ（演出多め）"
"LP-00860","ペット・トリミング・動物病院｜商品購入（単品通販）LP（3D・クレイ・デバイスモックアップ浮遊）","プロ（演出多め）"
"LP-00861","金融・保険・投資｜セミナー・ウェビナー集客LP（クール・テック・超大型タイポグラフィ）","プロ（演出多め）"
"LP-00862","食品・産直EC｜クラウドファンディング支援LP（和モダン・デバイスモックアップ浮遊）","プロ（演出多め）"
"LP-00863","ペット・トリミング・動物病院｜LINE友だち追加LP（ナチュラル・オーガニック・ジェネラティブ背景＋コピー）","プロ（演出多め）"
"LP-00864","ゲーム・eスポーツ｜クラウドファンディング支援LP（レトロ・Y2K・イラスト主体）","プロ（演出多め）"
"LP-00865","内科・クリニック｜リード獲得（資料請求・問い合わせ）LP（北欧・ライフスタイル・背景動画ループ＋オーバーレイ）","プロ（演出多め）"
"LP-00866","保育園・幼児教育・習い事｜LINE友だち追加LP（ハンドメイド・手書き・スクロールで商品が回転/分解）","プロ（演出多め）"
"LP-00867","ヨガ・ピラティス｜LINE友だち追加LP（ミニマル・洗練・左テキスト×右商品/人物）","上級"
"LP-00868","プログラミングスクール｜採用エントリーLP（ジオメトリック・グラフィカル・スクロールで商品が回転/分解）","プロ（演出多め）"
"LP-00869","食品・産直EC｜クラウドファンディング支援LP（ポップ・カラフル・イラスト主体）","プロ（演出多め）"
"LP-00870","ペット・トリミング・動物病院｜LINE友だち追加LP（3D・クレイ・全面写真＋中央キャッチ）","プロ（演出多め）"
"LP-00871","AIサービス・スタートアップ｜セミナー・ウェビナー集客LP（ネオン・サイバー・全面写真＋中央キャッチ）","プロ（演出多め）"
"LP-00872","美容クリニック｜リード獲得（資料請求・問い合わせ）LP（信頼・誠実（コーポレート）・背景動画ループ＋オーバーレイ）","上級"
"LP-00873","YouTuber・インフルエンサー｜会員登録・アプリDLLP（ポップ・カラフル・全面写真＋中央キャッチ）","プロ（演出多め）"
"LP-00874","NPO・地方自治体｜クラウドファンディング支援LP（3D・クレイ・超大型タイポグラフィ）","プロ（演出多め）"
"LP-00875","農業・地方の生産者｜商品購入（単品通販）LP（和モダン・超大型タイポグラフィ）","プロ（演出多め）"
"LP-00876","ウェディング・結婚相談所｜LINE友だち追加LP（ラグジュアリー・高級感・左テキスト×右商品/人物）","プロ（演出多め）"
"LP-00877","YouTuber・インフルエンサー｜採用エントリーLP（ポップ・カラフル・超大型タイポグラフィ）","プロ（演出多め）"
"LP-00878","食品・産直EC｜商品購入（単品通販）LP（ナチュラル・オーガニック・実績数字ドーン）","プロ（演出多め）"
"LP-00879","歯科医院｜無料体験・カウンセリング予約LP（ナチュラル・オーガニック・イラスト主体）","プロ（演出多め）"
"LP-00880","ペット・トリミング・動物病院｜採用エントリーLP（かわいい・ガーリー・イラスト主体）","プロ（演出多め）"
"LP-00881","クラウドファンディング・新商品｜商品購入（単品通販）LP（ポップ・カラフル・左テキスト×右商品/人物）","プロ（演出多め）"
"LP-00882","スクール・オンライン講座｜採用エントリーLP（ポップ・カラフル・イラスト主体）","上級"
"LP-00883","建築設計事務所｜採用エントリーLP（エディトリアル・雑誌風・写真コラージュ）","プロ（演出多め）"
"LP-00884","プログラミングスクール｜採用エントリーLP（3D・クレイ・イラスト主体）","プロ（演出多め）"
"LP-00885","エステ・脱毛サロン｜LINE友だち追加LP（ハンドメイド・手書き・イラスト主体）","プロ（演出多め）"
"LP-00886","エステ・脱毛サロン｜リード獲得（資料請求・問い合わせ）LP（ラグジュアリー・高級感・スクロールで商品が回転/分解）","プロ（演出多め）"
"LP-00887","レストラン・居酒屋｜採用エントリーLP（ラグジュアリー・高級感・写真コラージュ）","上級"
"LP-00888","パーソナルジム・フィットネス｜採用エントリーLP（クール・テック・背景動画ループ＋オーバーレイ）","プロ（演出多め）"
"LP-00889","ホテル・旅館｜採用エントリーLP（ラグジュアリー・高級感・実績数字ドーン）","プロ（演出多め）"
"LP-00890","ホテル・旅館｜LINE友だち追加LP（ミニマル・洗練・ジェネラティブ背景＋コピー）","プロ（演出多め）"
"LP-00891","保育園・幼児教育・習い事｜LINE友だち追加LP（かわいい・ガーリー・スクロールで商品が回転/分解）","プロ（演出多め）"
"LP-00892","和菓子・スイーツ｜クラウドファンディング支援LP（ナチュラル・オーガニック・超大型タイポグラフィ）","上級"
"LP-00893","保育園・幼児教育・習い事｜無料体験・カウンセリング予約LP（ハンドメイド・手書き・写真コラージュ）","プロ（演出多め）"
"LP-00894","士業（税理士・弁護士・行政書士）｜セミナー・ウェビナー集客LP（信頼・誠実（コーポレート）・実績数字ドーン）","プロ（演出多め）"
"LP-00895","サウナ・温浴施設｜無料体験・カウンセリング予約LP（レトロ・Y2K・左テキスト×右商品/人物）","プロ（演出多め）"
"LP-00896","美容室・ヘアサロン｜採用エントリーLP（エディトリアル・雑誌風・デバイスモックアップ浮遊）","プロ（演出多め）"
"LP-00897","サウナ・温浴施設｜無料体験・カウンセリング予約LP（レトロ・Y2K・背景動画ループ＋オーバーレイ）","プロ（演出多め）"
"LP-00898","スクール・オンライン講座｜リード獲得（資料請求・問い合わせ）LP（信頼・誠実（コーポレート）・デバイスモックアップ浮遊）","プロ（演出多め）"
"LP-00899","引越し・生活サービス｜採用エントリーLP（ポップ・カラフル・左テキスト×右商品/人物）","プロ（演出多め）"
"LP-00900","金融・保険・投資｜無料体験・カウンセリング予約LP（エディトリアル・雑誌風・超大型タイポグラフィ）","プロ（演出多め）"
"LP-00901","音楽・ライブ・イベント｜リード獲得（資料請求・問い合わせ）LP（ニューブルータリズム・スクロールで商品が回転/分解）","プロ（演出多め）"
"LP-00902","自動車・バイク｜採用エントリーLP（ハンドメイド・手書き・全面写真＋中央キャッチ）","プロ（演出多め）"
"LP-00903","美容室・ヘアサロン｜無料体験・カウンセリング予約LP（ミニマル・洗練・スクロールで商品が回転/分解）","プロ（演出多め）"
"LP-00904","採用・求人｜リード獲得（資料請求・問い合わせ）LP（信頼・誠実（コーポレート）・全面写真＋中央キャッチ）","プロ（演出多め）"
"LP-00905","美容クリニック｜LINE友だち追加LP（信頼・誠実（コーポレート）・超大型タイポグラフィ）","プロ（演出多め）"
"LP-00906","アパレル・ファッションEC｜商品購入（単品通販）LP（かわいい・ガーリー・全面写真＋中央キャッチ）","プロ（演出多め）"
"LP-00907","自動車・バイク｜リード獲得（資料請求・問い合わせ）LP（ダーク・シネマティック・実績数字ドーン）","プロ（演出多め）"
"LP-00908","SaaS・BtoBツール｜採用エントリーLP（ミニマル・洗練・左テキスト×右商品/人物）","プロ（演出多め）"
"LP-00909","工務店・注文住宅・リフォーム｜リード獲得（資料請求・問い合わせ）LP（信頼・誠実（コーポレート）・左テキスト×右商品/人物）","プロ（演出多め）"
"LP-00910","採用・求人｜採用エントリーLP（ポップ・カラフル・実績数字ドーン）","プロ（演出多め）"
"LP-00911","農業・地方の生産者｜クラウドファンディング支援LP（ナチュラル・オーガニック・実績数字ドーン）","上級"
"LP-00912","食品・産直EC｜リード獲得（資料請求・問い合わせ）LP（パステル・ドリーミー・超大型タイポグラフィ）","上級"
"LP-00913","ウェディング・結婚相談所｜LINE友だち追加LP（パステル・ドリーミー・イラスト主体）","プロ（演出多め）"
"LP-00914","引越し・生活サービス｜採用エントリーLP（信頼・誠実（コーポレート）・デバイスモックアップ浮遊）","上級"
"LP-00915","保育園・幼児教育・習い事｜採用エントリーLP（ナチュラル・オーガニック・デバイスモックアップ浮遊）","プロ（演出多め）"
"LP-00916","士業（税理士・弁護士・行政書士）｜無料体験・カウンセリング予約LP（信頼・誠実（コーポレート）・デバイスモックアップ浮遊）","プロ（演出多め）"
"LP-00917","美容クリニック｜リード獲得（資料請求・問い合わせ）LP（ラグジュアリー・高級感・スクロールで商品が回転/分解）","プロ（演出多め）"
"LP-00918","建築設計事務所｜採用エントリーLP（ミニマル・洗練・スクロールで商品が回転/分解）","プロ（演出多め）"
"LP-00919","不動産・マンション｜リード獲得（資料請求・問い合わせ）LP（信頼・誠実（コーポレート）・スクロールで商品が回転/分解）","上級"
"LP-00920","パーソナルジム・フィットネス｜LINE友だち追加LP（エネルギッシュ・スポーティ・実績数字ドーン）","プロ（演出多め）"
"LP-00921","引越し・生活サービス｜リード獲得（資料請求・問い合わせ）LP（ポップ・カラフル・超大型タイポグラフィ）","プロ（演出多め）"
"LP-00922","英会話・語学｜会員登録・アプリDLLP（信頼・誠実（コーポレート）・超大型タイポグラフィ）","プロ（演出多め）"
"LP-00923","引越し・生活サービス｜無料体験・カウンセリング予約LP（ポップ・カラフル・実績数字ドーン）","プロ（演出多め）"
"LP-00924","美容クリニック｜リード獲得（資料請求・問い合わせ）LP（ラグジュアリー・高級感・スクロールで商品が回転/分解）","プロ（演出多め）"
"LP-00925","レストラン・居酒屋｜LINE友だち追加LP（レトロ・Y2K・全面写真＋中央キャッチ）","プロ（演出多め）"
"LP-00926","和菓子・スイーツ｜リード獲得（資料請求・問い合わせ）LP（和モダン・イラスト主体）","上級"
"LP-00927","ホテル・旅館｜採用エントリーLP（ラグジュアリー・高級感・左テキスト×右商品/人物）","プロ（演出多め）"
"LP-00928","クラウドファンディング・新商品｜クラウドファンディング支援LP（クール・テック・イラスト主体）","プロ（演出多め）"
"LP-00929","金融・保険・投資｜採用エントリーLP（クール・テック・スクロールで商品が回転/分解）","プロ（演出多め）"
"LP-00930","サウナ・温浴施設｜LINE友だち追加LP（ニューブルータリズム・スクロールで商品が回転/分解）","プロ（演出多め）"
"LP-00931","美容室・ヘアサロン｜採用エントリーLP（ラグジュアリー・高級感・実績数字ドーン）","プロ（演出多め）"
"LP-00932","引越し・生活サービス｜無料体験・カウンセリング予約LP（信頼・誠実（コーポレート）・ジェネラティブ背景＋コピー）","プロ（演出多め）"
"LP-00933","自動車・バイク｜採用エントリーLP（ラグジュアリー・高級感・背景動画ループ＋オーバーレイ）","プロ（演出多め）"
"LP-00934","スクール・オンライン講座｜会員登録・アプリDLLP（クール・テック・左テキスト×右商品/人物）","プロ（演出多め）"
"LP-00935","アパレル・ファッションEC｜商品購入（単品通販）LP（3D・クレイ・ジェネラティブ背景＋コピー）","プロ（演出多め）"
"LP-00936","観光・地域プロモーション｜採用エントリーLP（ナチュラル・オーガニック・ジェネラティブ背景＋コピー）","プロ（演出多め）"
"LP-00937","食品・産直EC｜クラウドファンディング支援LP（ポップ・カラフル・背景動画ループ＋オーバーレイ）","プロ（演出多め）"
"LP-00938","内科・クリニック｜無料体験・カウンセリング予約LP（北欧・ライフスタイル・背景動画ループ＋オーバーレイ）","プロ（演出多め）"
"LP-00939","ウェディング・結婚相談所｜リード獲得（資料請求・問い合わせ）LP（ラグジュアリー・高級感・超大型タイポグラフィ）","プロ（演出多め）"
"LP-00940","自動車・バイク｜無料体験・カウンセリング予約LP（クール・テック・イラスト主体）","プロ（演出多め）"
"LP-00941","エステ・脱毛サロン｜無料体験・カウンセリング予約LP（エネルギッシュ・スポーティ・実績数字ドーン）","プロ（演出多め）"
"LP-00942","ゲーム・eスポーツ｜クラウドファンディング支援LP（ダーク・シネマティック・デバイスモックアップ浮遊）","プロ（演出多め）"
"LP-00943","音楽・ライブ・イベント｜クラウドファンディング支援LP（レトロ・Y2K・写真コラージュ）","上級"
"LP-00944","建築設計事務所｜採用エントリーLP（エディトリアル・雑誌風・全面写真＋中央キャッチ）","プロ（演出多め）"
"LP-00945","保育園・幼児教育・習い事｜LINE友だち追加LP（ナチュラル・オーガニック・デバイスモックアップ浮遊）","プロ（演出多め）"
"LP-00946","観光・地域プロモーション｜採用エントリーLP（ナチュラル・オーガニック・背景動画ループ＋オーバーレイ）","プロ（演出多め）"
"LP-00947","YouTuber・インフルエンサー｜リード獲得（資料請求・問い合わせ）LP（かわいい・ガーリー・スクロールで商品が回転/分解）","プロ（演出多め）"
"LP-00948","内科・クリニック｜リード獲得（資料請求・問い合わせ）LP（信頼・誠実（コーポレート）・実績数字ドーン）","プロ（演出多め）"
"LP-00949","採用・求人｜採用エントリーLP（信頼・誠実（コーポレート）・超大型タイポグラフィ）","プロ（演出多め）"
"LP-00950","AIサービス・スタートアップ｜採用エントリーLP（ミニマル・洗練・ジェネラティブ背景＋コピー）","プロ（演出多め）"
"LP-00951","内科・クリニック｜採用エントリーLP（信頼・誠実（コーポレート）・超大型タイポグラフィ）","プロ（演出多め）"
"LP-00952","農業・地方の生産者｜採用エントリーLP（ハンドメイド・手書き・背景動画ループ＋オーバーレイ）","上級"
"LP-00953","英会話・語学｜無料体験・カウンセリング予約LP（信頼・誠実（コーポレート）・ジェネラティブ背景＋コピー）","上級"
"LP-00954","占い・スピリチュアル｜リード獲得（資料請求・問い合わせ）LP（和モダン・実績数字ドーン）","プロ（演出多め）"
"LP-00955","Web制作・デザイン事務所｜採用エントリーLP（クール・テック・背景動画ループ＋オーバーレイ）","プロ（演出多め）"
"LP-00956","ペット・トリミング・動物病院｜無料体験・カウンセリング予約LP（ナチュラル・オーガニック・超大型タイポグラフィ）","プロ（演出多め）"
"LP-00957","YouTuber・インフルエンサー｜会員登録・アプリDLLP（ニューブルータリズム・実績数字ドーン）","プロ（演出多め）"
"LP-00958","観光・地域プロモーション｜クラウドファンディング支援LP（ナチュラル・オーガニック・背景動画ループ＋オーバーレイ）","プロ（演出多め）"
"LP-00959","ヨガ・ピラティス｜採用エントリーLP（北欧・ライフスタイル・実績数字ドーン）","プロ（演出多め）"
"LP-00960","NPO・地方自治体｜採用エントリーLP（信頼・誠実（コーポレート）・全面写真＋中央キャッチ）","上級"
"LP-00961","スクール・オンライン講座｜無料体験・カウンセリング予約LP（クール・テック・実績数字ドーン）","プロ（演出多め）"
"LP-00962","Web制作・デザイン事務所｜セミナー・ウェビナー集客LP（エディトリアル・雑誌風・実績数字ドーン）","プロ（演出多め）"
"LP-00963","金融・保険・投資｜リード獲得（資料請求・問い合わせ）LP（エディトリアル・雑誌風・実績数字ドーン）","プロ（演出多め）"
"LP-00964","サウナ・温浴施設｜採用エントリーLP（ニューブルータリズム・実績数字ドーン）","プロ（演出多め）"
"LP-00965","コスメ・スキンケア｜リード獲得（資料請求・問い合わせ）LP（ミニマル・洗練・実績数字ドーン）","上級"
"LP-00966","NPO・地方自治体｜リード獲得（資料請求・問い合わせ）LP（ジオメトリック・グラフィカル・超大型タイポグラフィ）","プロ（演出多め）"
"LP-00967","YouTuber・インフルエンサー｜会員登録・アプリDLLP（ハンドメイド・手書き・実績数字ドーン）","プロ（演出多め）"
"LP-00968","アパレル・ファッションEC｜商品購入（単品通販）LP（ニューブルータリズム・左テキスト×右商品/人物）","プロ（演出多め）"
"LP-00969","不動産・マンション｜セミナー・ウェビナー集客LP（信頼・誠実（コーポレート）・ジェネラティブ背景＋コピー）","上級"
"LP-00970","士業（税理士・弁護士・行政書士）｜採用エントリーLP（信頼・誠実（コーポレート）・左テキスト×右商品/人物）","プロ（演出多め）"
"LP-00971","保育園・幼児教育・習い事｜リード獲得（資料請求・問い合わせ）LP（ネオン・サイバー・左テキスト×右商品/人物）","プロ（演出多め）"
"LP-00972","AIサービス・スタートアップ｜無料体験・カウンセリング予約LP（3D・クレイ・左テキスト×右商品/人物）","プロ（演出多め）"
"LP-00973","スマホアプリ｜無料体験・カウンセリング予約LP（3D・クレイ・左テキスト×右商品/人物）","プロ（演出多め）"
"LP-00974","音楽・ライブ・イベント｜クラウドファンディング支援LP（北欧・ライフスタイル・実績数字ドーン）","プロ（演出多め）"
"LP-00975","観光・地域プロモーション｜リード獲得（資料請求・問い合わせ）LP（ナチュラル・オーガニック・左テキスト×右商品/人物）","上級"
"LP-00976","AIサービス・スタートアップ｜会員登録・アプリDLLP（ミニマル・洗練・イラスト主体）","プロ（演出多め）"
"LP-00977","採用・求人｜採用エントリーLP（信頼・誠実（コーポレート）・イラスト主体）","プロ（演出多め）"
"LP-00978","ヨガ・ピラティス｜無料体験・カウンセリング予約LP（北欧・ライフスタイル・ジェネラティブ背景＋コピー）","プロ（演出多め）"
"LP-00979","コスメ・スキンケア｜商品購入（単品通販）LP（ミニマル・洗練・背景動画ループ＋オーバーレイ）","プロ（演出多め）"
"LP-00980","工務店・注文住宅・リフォーム｜無料体験・カウンセリング予約LP（エネルギッシュ・スポーティ・全面写真＋中央キャッチ）","プロ（演出多め）"
"LP-00981","アパレル・ファッションEC｜採用エントリーLP（ニューブルータリズム・スクロールで商品が回転/分解）","プロ（演出多め）"
"LP-00982","建築設計事務所｜採用エントリーLP（ミニマル・洗練・実績数字ドーン）","プロ（演出多め）"
"LP-00983","AIサービス・スタートアップ｜採用エントリーLP（ネオン・サイバー・超大型タイポグラフィ）","プロ（演出多め）"
"LP-00984","観光・地域プロモーション｜リード獲得（資料請求・問い合わせ）LP（和モダン・超大型タイポグラフィ）","プロ（演出多め）"
"LP-00985","YouTuber・インフルエンサー｜リード獲得（資料請求・問い合わせ）LP（ネオン・サイバー・写真コラージュ）","プロ（演出多め）"
"LP-00986","不動産・マンション｜採用エントリーLP（ナチュラル・オーガニック・左テキスト×右商品/人物）","プロ（演出多め）"
"LP-00987","英会話・語学｜リード獲得（資料請求・問い合わせ）LP（ミニマル・洗練・イラスト主体）","プロ（演出多め）"
"LP-00988","SaaS・BtoBツール｜会員登録・アプリDLLP（ニューブルータリズム・超大型タイポグラフィ）","プロ（演出多め）"
"LP-00989","カフェ・ベーカリー｜リード獲得（資料請求・問い合わせ）LP（エディトリアル・雑誌風・背景動画ループ＋オーバーレイ）","プロ（演出多め）"
"LP-00990","Web制作・デザイン事務所｜リード獲得（資料請求・問い合わせ）LP（クール・テック・写真コラージュ）","プロ（演出多め）"
"LP-00991","ウェディング・結婚相談所｜無料体験・カウンセリング予約LP（ラグジュアリー・高級感・左テキスト×右商品/人物）","プロ（演出多め）"
"LP-00992","スクール・オンライン講座｜セミナー・ウェビナー集客LP（信頼・誠実（コーポレート）・スクロールで商品が回転/分解）","プロ（演出多め）"
"LP-00993","SaaS・BtoBツール｜会員登録・アプリDLLP（クール・テック・左テキスト×右商品/人物）","上級"
"LP-00994","サウナ・温浴施設｜リード獲得（資料請求・問い合わせ）LP（和モダン・左テキスト×右商品/人物）","プロ（演出多め）"
"LP-00995","建築設計事務所｜採用エントリーLP（ナチュラル・オーガニック・実績数字ドーン）","プロ（演出多め）"
"LP-00996","不動産・マンション｜採用エントリーLP（ダーク・シネマティック・背景動画ループ＋オーバーレイ）","プロ（演出多め）"
"LP-00997","工務店・注文住宅・リフォーム｜セミナー・ウェビナー集客LP（ミニマル・洗練・イラスト主体）","上級"
"LP-00998","アパレル・ファッションEC｜リード獲得（資料請求・問い合わせ）LP（クール・テック・写真コラージュ）","プロ（演出多め）"
"LP-00999","アパレル・ファッションEC｜採用エントリーLP（レトロ・Y2K・デバイスモックアップ浮遊）","プロ（演出多め）"
"LP-01000","採用・求人｜採用エントリーLP（ポップ・カラフル・イラスト主体）","プロ（演出多め）"
"LP-01001","音楽・ライブ・イベント｜リード獲得（資料請求・問い合わせ）LP（ダーク・シネマティック・実績数字ドーン）","プロ（演出多め）"
"LP-01002","食品・産直EC｜採用エントリーLP（ナチュラル・オーガニック・デバイスモックアップ浮遊）","プロ（演出多め）"
"LP-01003","エステ・脱毛サロン｜リード獲得（資料請求・問い合わせ）LP（ミニマル・洗練・実績数字ドーン）","プロ（演出多め）"
"LP-01004","カフェ・ベーカリー｜リード獲得（資料請求・問い合わせ）LP（ハンドメイド・手書き・超大型タイポグラフィ）","上級"
"LP-01005","Web制作・デザイン事務所｜セミナー・ウェビナー集客LP（ネオン・サイバー・左テキスト×右商品/人物）","プロ（演出多め）"
"LP-01006","NPO・地方自治体｜リード獲得（資料請求・問い合わせ）LP（信頼・誠実（コーポレート）・スクロールで商品が回転/分解）","プロ（演出多め）"
"LP-01007","引越し・生活サービス｜LINE友だち追加LP（ポップ・カラフル・イラスト主体）","プロ（演出多め）"
"LP-01008","金融・保険・投資｜セミナー・ウェビナー集客LP（信頼・誠実（コーポレート）・デバイスモックアップ浮遊）","プロ（演出多め）"
"LP-01009","カフェ・ベーカリー｜LINE友だち追加LP（3D・クレイ・スクロールで商品が回転/分解）","プロ（演出多め）"
"LP-01010","和菓子・スイーツ｜採用エントリーLP（ナチュラル・オーガニック・ジェネラティブ背景＋コピー）","上級"
"LP-01011","ヨガ・ピラティス｜LINE友だち追加LP（レトロ・Y2K・スクロールで商品が回転/分解）","プロ（演出多め）"
"LP-01012","カフェ・ベーカリー｜採用エントリーLP（北欧・ライフスタイル・ジェネラティブ背景＋コピー）","プロ（演出多め）"
"LP-01013","美容室・ヘアサロン｜LINE友だち追加LP（ミニマル・洗練・イラスト主体）","プロ（演出多め）"
"LP-01014","食品・産直EC｜商品購入（単品通販）LP（ミニマル・洗練・全面写真＋中央キャッチ）","上級"
"LP-01015","ウェディング・結婚相談所｜LINE友だち追加LP（ラグジュアリー・高級感・全面写真＋中央キャッチ）","プロ（演出多め）"
"LP-01016","レストラン・居酒屋｜LINE友だち追加LP（ダーク・シネマティック・超大型タイポグラフィ）","プロ（演出多め）"
"LP-01017","YouTuber・インフルエンサー｜リード獲得（資料請求・問い合わせ）LP（かわいい・ガーリー・実績数字ドーン）","プロ（演出多め）"
"LP-01018","英会話・語学｜採用エントリーLP（北欧・ライフスタイル・超大型タイポグラフィ）","プロ（演出多め）"
"LP-01019","ヨガ・ピラティス｜リード獲得（資料請求・問い合わせ）LP（パステル・ドリーミー・写真コラージュ）","プロ（演出多め）"
"LP-01020","音楽・ライブ・イベント｜クラウドファンディング支援LP（ニューブルータリズム・左テキスト×右商品/人物）","プロ（演出多め）"
"LP-01021","採用・求人｜採用エントリーLP（信頼・誠実（コーポレート）・ジェネラティブ背景＋コピー）","プロ（演出多め）"
"LP-01022","ヨガ・ピラティス｜リード獲得（資料請求・問い合わせ）LP（ポップ・カラフル・デバイスモックアップ浮遊）","プロ（演出多め）"
"LP-01023","和菓子・スイーツ｜LINE友だち追加LP（ナチュラル・オーガニック・実績数字ドーン）","プロ（演出多め）"
"LP-01024","引越し・生活サービス｜リード獲得（資料請求・問い合わせ）LP（ポップ・カラフル・イラスト主体）","プロ（演出多め）"
"LP-01025","スクール・オンライン講座｜無料体験・カウンセリング予約LP（3D・クレイ・左テキスト×右商品/人物）","プロ（演出多め）"
"LP-01026","プログラミングスクール｜会員登録・アプリDLLP（ジオメトリック・グラフィカル・背景動画ループ＋オーバーレイ）","プロ（演出多め）"
"LP-01027","Web制作・デザイン事務所｜採用エントリーLP（ニューブルータリズム・左テキスト×右商品/人物）","プロ（演出多め）"
"LP-01028","採用・求人｜採用エントリーLP（信頼・誠実（コーポレート）・超大型タイポグラフィ）","プロ（演出多め）"
"LP-01029","保育園・幼児教育・習い事｜リード獲得（資料請求・問い合わせ）LP（グラスモーフィズム・実績数字ドーン）","プロ（演出多め）"
"LP-01030","自動車・バイク｜無料体験・カウンセリング予約LP（和モダン・ジェネラティブ背景＋コピー）","プロ（演出多め）"
"LP-01031","美容クリニック｜採用エントリーLP（信頼・誠実（コーポレート）・写真コラージュ）","プロ（演出多め）"
"LP-01032","占い・スピリチュアル｜採用エントリーLP（ラグジュアリー・高級感・背景動画ループ＋オーバーレイ）","プロ（演出多め）"
"LP-01033","英会話・語学｜採用エントリーLP（3D・クレイ・スクロールで商品が回転/分解）","プロ（演出多め）"
"LP-01034","建築設計事務所｜採用エントリーLP（ミニマル・洗練・ジェネラティブ背景＋コピー）","プロ（演出多め）"
"LP-01035","金融・保険・投資｜セミナー・ウェビナー集客LP（ニューブルータリズム・ジェネラティブ背景＋コピー）","プロ（演出多め）"
"LP-01036","ヨガ・ピラティス｜LINE友だち追加LP（北欧・ライフスタイル・超大型タイポグラフィ）","プロ（演出多め）"
"LP-01037","カフェ・ベーカリー｜リード獲得（資料請求・問い合わせ）LP（レトロ・Y2K・左テキスト×右商品/人物）","プロ（演出多め）"
"LP-01038","ペット・トリミング・動物病院｜LINE友だち追加LP（ネオン・サイバー・実績数字ドーン）","プロ（演出多め）"
"LP-01039","自動車・バイク｜無料体験・カウンセリング予約LP（ラグジュアリー・高級感・イラスト主体）","プロ（演出多め）"
"LP-01040","ヨガ・ピラティス｜LINE友だち追加LP（ナチュラル・オーガニック・デバイスモックアップ浮遊）","プロ（演出多め）"
"LP-01041","観光・地域プロモーション｜リード獲得（資料請求・問い合わせ）LP（ハンドメイド・手書き・デバイスモックアップ浮遊）","プロ（演出多め）"
"LP-01042","サウナ・温浴施設｜採用エントリーLP（ナチュラル・オーガニック・全面写真＋中央キャッチ）","プロ（演出多め）"
"LP-01043","SaaS・BtoBツール｜セミナー・ウェビナー集客LP（信頼・誠実（コーポレート）・デバイスモックアップ浮遊）","プロ（演出多め）"
"LP-01044","観光・地域プロモーション｜クラウドファンディング支援LP（ダーク・シネマティック・ジェネラティブ背景＋コピー）","プロ（演出多め）"
"LP-01045","歯科医院｜リード獲得（資料請求・問い合わせ）LP（ニューブルータリズム・超大型タイポグラフィ）","プロ（演出多め）"
"LP-01046","エステ・脱毛サロン｜LINE友だち追加LP（かわいい・ガーリー・イラスト主体）","プロ（演出多め）"
"LP-01047","パーソナルジム・フィットネス｜LINE友だち追加LP（クール・テック・超大型タイポグラフィ）","プロ（演出多め）"
"LP-01048","英会話・語学｜採用エントリーLP（ジオメトリック・グラフィカル・全面写真＋中央キャッチ）","プロ（演出多め）"
"LP-01049","スクール・オンライン講座｜無料体験・カウンセリング予約LP（信頼・誠実（コーポレート）・全面写真＋中央キャッチ）","プロ（演出多め）"
"LP-01050","引越し・生活サービス｜採用エントリーLP（信頼・誠実（コーポレート）・スクロールで商品が回転/分解）","プロ（演出多め）"
"LP-01051","カフェ・ベーカリー｜採用エントリーLP（北欧・ライフスタイル・全面写真＋中央キャッチ）","プロ（演出多め）"
"LP-01052","農業・地方の生産者｜リード獲得（資料請求・問い合わせ）LP（ハンドメイド・手書き・スクロールで商品が回転/分解）","プロ（演出多め）"
"LP-01053","ゲーム・eスポーツ｜クラウドファンディング支援LP（ダーク・シネマティック・デバイスモックアップ浮遊）","プロ（演出多め）"
"LP-01054","ホテル・旅館｜リード獲得（資料請求・問い合わせ）LP（和モダン・全面写真＋中央キャッチ）","プロ（演出多め）"
"LP-01055","ホテル・旅館｜LINE友だち追加LP（ミニマル・洗練・ジェネラティブ背景＋コピー）","プロ（演出多め）"
"LP-01056","エステ・脱毛サロン｜リード獲得（資料請求・問い合わせ）LP（パステル・ドリーミー・写真コラージュ）","プロ（演出多め）"
"LP-01057","ヨガ・ピラティス｜LINE友だち追加LP（ナチュラル・オーガニック・スクロールで商品が回転/分解）","プロ（演出多め）"
"LP-01058","パーソナルジム・フィットネス｜リード獲得（資料請求・問い合わせ）LP（エネルギッシュ・スポーティ・デバイスモックアップ浮遊）","プロ（演出多め）"
"LP-01059","コンサル・コーチング｜セミナー・ウェビナー集客LP（ネオン・サイバー・超大型タイポグラフィ）","上級"
"LP-01060","引越し・生活サービス｜採用エントリーLP（ポップ・カラフル・背景動画ループ＋オーバーレイ）","プロ（演出多め）"
"LP-01061","SaaS・BtoBツール｜リード獲得（資料請求・問い合わせ）LP（グラスモーフィズム・イラスト主体）","プロ（演出多め）"
"LP-01062","ウェディング・結婚相談所｜LINE友だち追加LP（かわいい・ガーリー・イラスト主体）","プロ（演出多め）"
"LP-01063","内科・クリニック｜採用エントリーLP（ナチュラル・オーガニック・ジェネラティブ背景＋コピー）","プロ（演出多め）"
"LP-01064","ヨガ・ピラティス｜リード獲得（資料請求・問い合わせ）LP（パステル・ドリーミー・背景動画ループ＋オーバーレイ）","プロ（演出多め）"
"LP-01065","NPO・地方自治体｜クラウドファンディング支援LP（ミニマル・洗練・スクロールで商品が回転/分解）","プロ（演出多め）"
"LP-01066","サウナ・温浴施設｜LINE友だち追加LP（和モダン・背景動画ループ＋オーバーレイ）","プロ（演出多め）"
"LP-01067","採用・求人｜採用エントリーLP（ネオン・サイバー・デバイスモックアップ浮遊）","プロ（演出多め）"
"LP-01068","スマホアプリ｜無料体験・カウンセリング予約LP（3D・クレイ・全面写真＋中央キャッチ）","プロ（演出多め）"
"LP-01069","SaaS・BtoBツール｜会員登録・アプリDLLP（クール・テック・ジェネラティブ背景＋コピー）","プロ（演出多め）"
"LP-01070","歯科医院｜採用エントリーLP（ミニマル・洗練・スクロールで商品が回転/分解）","プロ（演出多め）"
"LP-01071","英会話・語学｜採用エントリーLP（ジオメトリック・グラフィカル・写真コラージュ）","プロ（演出多め）"
"LP-01072","不動産・マンション｜採用エントリーLP（ミニマル・洗練・スクロールで商品が回転/分解）","プロ（演出多め）"
"LP-01073","自動車・バイク｜採用エントリーLP（ラグジュアリー・高級感・スクロールで商品が回転/分解）","プロ（演出多め）"
"LP-01074","工務店・注文住宅・リフォーム｜セミナー・ウェビナー集客LP（北欧・ライフスタイル・実績数字ドーン）","プロ（演出多め）"
"LP-01075","英会話・語学｜採用エントリーLP（ジオメトリック・グラフィカル・スクロールで商品が回転/分解）","プロ（演出多め）"
"LP-01076","引越し・生活サービス｜LINE友だち追加LP（ラグジュアリー・高級感・左テキスト×右商品/人物）","プロ（演出多め）"
"LP-01077","スクール・オンライン講座｜セミナー・ウェビナー集客LP（3D・クレイ・全面写真＋中央キャッチ）","プロ（演出多め）"
"LP-01078","保育園・幼児教育・習い事｜採用エントリーLP（ポップ・カラフル・背景動画ループ＋オーバーレイ）","プロ（演出多め）"
"LP-01079","エステ・脱毛サロン｜商品購入（単品通販）LP（パステル・ドリーミー・イラスト主体）","プロ（演出多め）"
"LP-01080","歯科医院｜リード獲得（資料請求・問い合わせ）LP（ナチュラル・オーガニック・写真コラージュ）","プロ（演出多め）"
"LP-01081","カフェ・ベーカリー｜LINE友だち追加LP（レトロ・Y2K・超大型タイポグラフィ）","上級"
"LP-01082","工務店・注文住宅・リフォーム｜LINE友だち追加LP（ナチュラル・オーガニック・イラスト主体）","プロ（演出多め）"
"LP-01083","アパレル・ファッションEC｜商品購入（単品通販）LP（ミニマル・洗練・スクロールで商品が回転/分解）","プロ（演出多め）"
"LP-01084","AIサービス・スタートアップ｜リード獲得（資料請求・問い合わせ）LP（クール・テック・左テキスト×右商品/人物）","上級"
"LP-01085","パーソナルジム・フィットネス｜無料体験・カウンセリング予約LP（エネルギッシュ・スポーティ・ジェネラティブ背景＋コピー）","プロ（演出多め）"
"LP-01086","美容室・ヘアサロン｜採用エントリーLP（エディトリアル・雑誌風・左テキスト×右商品/人物）","上級"
"LP-01087","歯科医院｜LINE友だち追加LP（ナチュラル・オーガニック・スクロールで商品が回転/分解）","プロ（演出多め）"
"LP-01088","食品・産直EC｜クラウドファンディング支援LP（ナチュラル・オーガニック・スクロールで商品が回転/分解）","上級"
"LP-01089","観光・地域プロモーション｜クラウドファンディング支援LP（ナチュラル・オーガニック・左テキスト×右商品/人物）","プロ（演出多め）"
"LP-01090","スマホアプリ｜無料体験・カウンセリング予約LP（3D・クレイ・ジェネラティブ背景＋コピー）","プロ（演出多め）"
"LP-01091","YouTuber・インフルエンサー｜会員登録・アプリDLLP（かわいい・ガーリー・デバイスモックアップ浮遊）","プロ（演出多め）"
"LP-01092","英会話・語学｜会員登録・アプリDLLP（ネオン・サイバー・背景動画ループ＋オーバーレイ）","プロ（演出多め）"
"LP-01093","サウナ・温浴施設｜LINE友だち追加LP（ナチュラル・オーガニック・イラスト主体）","プロ（演出多め）"
"LP-01094","NPO・地方自治体｜採用エントリーLP（ナチュラル・オーガニック・左テキスト×右商品/人物）","プロ（演出多め）"
"LP-01095","美容クリニック｜LINE友だち追加LP（信頼・誠実（コーポレート）・イラスト主体）","プロ（演出多め）"
"LP-01096","レストラン・居酒屋｜採用エントリーLP（ラグジュアリー・高級感・スクロールで商品が回転/分解）","プロ（演出多め）"
"LP-01097","保育園・幼児教育・習い事｜LINE友だち追加LP（かわいい・ガーリー・実績数字ドーン）","プロ（演出多め）"
"LP-01098","パーソナルジム・フィットネス｜LINE友だち追加LP（ダーク・シネマティック・全面写真＋中央キャッチ）","プロ（演出多め）"
"LP-01099","自動車・バイク｜採用エントリーLP（ラグジュアリー・高級感・超大型タイポグラフィ）","プロ（演出多め）"
"LP-01100","レストラン・居酒屋｜採用エントリーLP（レトロ・Y2K・実績数字ドーン）","プロ（演出多め）"
"LP-01101","引越し・生活サービス｜LINE友だち追加LP（信頼・誠実（コーポレート）・超大型タイポグラフィ）","上級"
"LP-01102","カフェ・ベーカリー｜採用エントリーLP（エディトリアル・雑誌風・スクロールで商品が回転/分解）","プロ（演出多め）"
"LP-01103","レストラン・居酒屋｜採用エントリーLP（エディトリアル・雑誌風・イラスト主体）","プロ（演出多め）"
"LP-01104","ペット・トリミング・動物病院｜リード獲得（資料請求・問い合わせ）LP（ハンドメイド・手書き・イラスト主体）","上級"
"LP-01105","美容室・ヘアサロン｜無料体験・カウンセリング予約LP（ミニマル・洗練・背景動画ループ＋オーバーレイ）","プロ（演出多め）"
"LP-01106","パーソナルジム・フィットネス｜採用エントリーLP（エネルギッシュ・スポーティ・実績数字ドーン）","プロ（演出多め）"
"LP-01107","内科・クリニック｜LINE友だち追加LP（信頼・誠実（コーポレート）・ジェネラティブ背景＋コピー）","プロ（演出多め）"
"LP-01108","占い・スピリチュアル｜無料体験・カウンセリング予約LP（ラグジュアリー・高級感・スクロールで商品が回転/分解）","プロ（演出多め）"
"LP-01109","スマホアプリ｜会員登録・アプリDLLP（ポップ・カラフル・イラスト主体）","プロ（演出多め）"
"LP-01110","ホテル・旅館｜採用エントリーLP（和モダン・ジェネラティブ背景＋コピー）","プロ（演出多め）"
"LP-01111","食品・産直EC｜クラウドファンディング支援LP（エネルギッシュ・スポーティ・背景動画ループ＋オーバーレイ）","プロ（演出多め）"
"LP-01112","アパレル・ファッションEC｜採用エントリーLP（エディトリアル・雑誌風・デバイスモックアップ浮遊）","プロ（演出多め）"
"LP-01113","レストラン・居酒屋｜LINE友だち追加LP（レトロ・Y2K・ジェネラティブ背景＋コピー）","プロ（演出多め）"
"LP-01114","歯科医院｜リード獲得（資料請求・問い合わせ）LP（ミニマル・洗練・イラスト主体）","プロ（演出多め）"
"LP-01115","ホテル・旅館｜採用エントリーLP（ミニマル・洗練・超大型タイポグラフィ）","プロ（演出多め）"
"LP-01116","パーソナルジム・フィットネス｜リード獲得（資料請求・問い合わせ）LP（ダーク・シネマティック・超大型タイポグラフィ）","プロ（演出多め）"
"LP-01117","スマホアプリ｜リード獲得（資料請求・問い合わせ）LP（3D・クレイ・左テキスト×右商品/人物）","プロ（演出多め）"
"LP-01118","占い・スピリチュアル｜リード獲得（資料請求・問い合わせ）LP（ダーク・シネマティック・実績数字ドーン）","プロ（演出多め）"
"LP-01119","ウェディング・結婚相談所｜採用エントリーLP（ポップ・カラフル・写真コラージュ）","プロ（演出多め）"
"LP-01120","カフェ・ベーカリー｜リード獲得（資料請求・問い合わせ）LP（北欧・ライフスタイル・デバイスモックアップ浮遊）","プロ（演出多め）"
"LP-01121","採用・求人｜リード獲得（資料請求・問い合わせ）LP（エネルギッシュ・スポーティ・スクロールで商品が回転/分解）","プロ（演出多め）"
"LP-01122","歯科医院｜採用エントリーLP（ナチュラル・オーガニック・背景動画ループ＋オーバーレイ）","プロ（演出多め）"
"LP-01123","占い・スピリチュアル｜LINE友だち追加LP（エネルギッシュ・スポーティ・デバイスモックアップ浮遊）","プロ（演出多め）"
"LP-01124","カフェ・ベーカリー｜採用エントリーLP（レトロ・Y2K・イラスト主体）","プロ（演出多め）"
"LP-01125","内科・クリニック｜無料体験・カウンセリング予約LP（信頼・誠実（コーポレート）・全面写真＋中央キャッチ）","プロ（演出多め）"
"LP-01126","士業（税理士・弁護士・行政書士）｜セミナー・ウェビナー集客LP（和モダン・スクロールで商品が回転/分解）","プロ（演出多め）"
"LP-01127","農業・地方の生産者｜リード獲得（資料請求・問い合わせ）LP（和モダン・左テキスト×右商品/人物）","プロ（演出多め）"
"LP-01128","引越し・生活サービス｜リード獲得（資料請求・問い合わせ）LP（信頼・誠実（コーポレート）・左テキスト×右商品/人物）","プロ（演出多め）"
"LP-01129","クラウドファンディング・新商品｜リード獲得（資料請求・問い合わせ）LP（ポップ・カラフル・イラスト主体）","プロ（演出多め）"
"LP-01130","英会話・語学｜リード獲得（資料請求・問い合わせ）LP（ポップ・カラフル・超大型タイポグラフィ）","プロ（演出多め）"
"LP-01131","金融・保険・投資｜リード獲得（資料請求・問い合わせ）LP（信頼・誠実（コーポレート）・写真コラージュ）","プロ（演出多め）"
"LP-01132","美容クリニック｜採用エントリーLP（信頼・誠実（コーポレート）・写真コラージュ）","プロ（演出多め）"
"LP-01133","和菓子・スイーツ｜LINE友だち追加LP（かわいい・ガーリー・背景動画ループ＋オーバーレイ）","プロ（演出多め）"
"LP-01134","コスメ・スキンケア｜リード獲得（資料請求・問い合わせ）LP（ナチュラル・オーガニック・ジェネラティブ背景＋コピー）","プロ（演出多め）"
"LP-01135","占い・スピリチュアル｜LINE友だち追加LP（ダーク・シネマティック・イラスト主体）","プロ（演出多め）"
"LP-01136","音楽・ライブ・イベント｜クラウドファンディング支援LP（ダーク・シネマティック・デバイスモックアップ浮遊）","プロ（演出多め）"
"LP-01137","和菓子・スイーツ｜クラウドファンディング支援LP（和モダン・左テキスト×右商品/人物）","上級"
"LP-01138","不動産・マンション｜無料体験・カウンセリング予約LP（ラグジュアリー・高級感・全面写真＋中央キャッチ）","プロ（演出多め）"
"LP-01139","内科・クリニック｜リード獲得（資料請求・問い合わせ）LP（ナチュラル・オーガニック・スクロールで商品が回転/分解）","上級"
"LP-01140","Web制作・デザイン事務所｜セミナー・ウェビナー集客LP（ニューブルータリズム・実績数字ドーン）","プロ（演出多め）"
"LP-01141","保育園・幼児教育・習い事｜リード獲得（資料請求・問い合わせ）LP（ハンドメイド・手書き・背景動画ループ＋オーバーレイ）","プロ（演出多め）"
"LP-01142","エステ・脱毛サロン｜採用エントリーLP（ミニマル・洗練・デバイスモックアップ浮遊）","プロ（演出多め）"
"LP-01143","YouTuber・インフルエンサー｜リード獲得（資料請求・問い合わせ）LP（ポップ・カラフル・背景動画ループ＋オーバーレイ）","プロ（演出多め）"
"LP-01144","エステ・脱毛サロン｜商品購入（単品通販）LP（ネオン・サイバー・背景動画ループ＋オーバーレイ）","プロ（演出多め）"
"LP-01145","占い・スピリチュアル｜リード獲得（資料請求・問い合わせ）LP（ポップ・カラフル・背景動画ループ＋オーバーレイ）","プロ（演出多め）"
"LP-01146","サウナ・温浴施設｜LINE友だち追加LP（ネオン・サイバー・背景動画ループ＋オーバーレイ）","プロ（演出多め）"
"LP-01147","観光・地域プロモーション｜クラウドファンディング支援LP（ミニマル・洗練・デバイスモックアップ浮遊）","上級"
"LP-01148","YouTuber・インフルエンサー｜採用エントリーLP（北欧・ライフスタイル・デバイスモックアップ浮遊）","プロ（演出多め）"
"LP-01149","パーソナルジム・フィットネス｜採用エントリーLP（クール・テック・実績数字ドーン）","プロ（演出多め）"
"LP-01150","カフェ・ベーカリー｜採用エントリーLP（エディトリアル・雑誌風・スクロールで商品が回転/分解）","プロ（演出多め）"
"LP-01151","カフェ・ベーカリー｜採用エントリーLP（信頼・誠実（コーポレート）・デバイスモックアップ浮遊）","プロ（演出多め）"
"LP-01152","カフェ・ベーカリー｜リード獲得（資料請求・問い合わせ）LP（ナチュラル・オーガニック・左テキスト×右商品/人物）","プロ（演出多め）"
"LP-01153","スマホアプリ｜会員登録・アプリDLLP（ポップ・カラフル・背景動画ループ＋オーバーレイ）","プロ（演出多め）"
"LP-01154","建築設計事務所｜リード獲得（資料請求・問い合わせ）LP（ジオメトリック・グラフィカル・スクロールで商品が回転/分解）","上級"
"LP-01155","ヨガ・ピラティス｜無料体験・カウンセリング予約LP（パステル・ドリーミー・左テキスト×右商品/人物）","プロ（演出多め）"
"LP-01156","歯科医院｜LINE友だち追加LP（信頼・誠実（コーポレート）・写真コラージュ）","プロ（演出多め）"
"LP-01157","美容クリニック｜LINE友だち追加LP（ミニマル・洗練・イラスト主体）","プロ（演出多め）"
"LP-01158","ペット・トリミング・動物病院｜リード獲得（資料請求・問い合わせ）LP（ハンドメイド・手書き・超大型タイポグラフィ）","プロ（演出多め）"
"LP-01159","レストラン・居酒屋｜採用エントリーLP（ラグジュアリー・高級感・ジェネラティブ背景＋コピー）","プロ（演出多め）"
"LP-01160","英会話・語学｜無料体験・カウンセリング予約LP（ダーク・シネマティック・超大型タイポグラフィ）","プロ（演出多め）"
"LP-01161","ウェディング・結婚相談所｜採用エントリーLP（パステル・ドリーミー・イラスト主体）","プロ（演出多め）"
"LP-01162","不動産・マンション｜採用エントリーLP（ダーク・シネマティック・全面写真＋中央キャッチ）","プロ（演出多め）"
"LP-01163","建築設計事務所｜リード獲得（資料請求・問い合わせ）LP（ミニマル・洗練・イラスト主体）","プロ（演出多め）"
"LP-01164","アパレル・ファッションEC｜商品購入（単品通販）LP（エディトリアル・雑誌風・イラスト主体）","プロ（演出多め）"
"LP-01165","YouTuber・インフルエンサー｜会員登録・アプリDLLP（かわいい・ガーリー・超大型タイポグラフィ）","上級"
"LP-01166","農業・地方の生産者｜クラウドファンディング支援LP（ハンドメイド・手書き・全面写真＋中央キャッチ）","プロ（演出多め）"
"LP-01167","不動産・マンション｜採用エントリーLP（ミニマル・洗練・背景動画ループ＋オーバーレイ）","プロ（演出多め）"
"LP-01168","エステ・脱毛サロン｜LINE友だち追加LP（かわいい・ガーリー・デバイスモックアップ浮遊）","上級"
"LP-01169","美容クリニック｜採用エントリーLP（信頼・誠実（コーポレート）・超大型タイポグラフィ）","プロ（演出多め）"
"LP-01170","引越し・生活サービス｜無料体験・カウンセリング予約LP（信頼・誠実（コーポレート）・超大型タイポグラフィ）","プロ（演出多め）"
"LP-01171","英会話・語学｜採用エントリーLP（3D・クレイ・左テキスト×右商品/人物）","プロ（演出多め）"
"LP-01172","カフェ・ベーカリー｜リード獲得（資料請求・問い合わせ）LP（北欧・ライフスタイル・ジェネラティブ背景＋コピー）","プロ（演出多め）"
"LP-01173","不動産・マンション｜採用エントリーLP（信頼・誠実（コーポレート）・実績数字ドーン）","プロ（演出多め）"
"LP-01174","引越し・生活サービス｜リード獲得（資料請求・問い合わせ）LP（エディトリアル・雑誌風・背景動画ループ＋オーバーレイ）","プロ（演出多め）"
"LP-01175","自動車・バイク｜リード獲得（資料請求・問い合わせ）LP（ダーク・シネマティック・ジェネラティブ背景＋コピー）","プロ（演出多め）"
"LP-01176","自動車・バイク｜リード獲得（資料請求・問い合わせ）LP（クール・テック・背景動画ループ＋オーバーレイ）","プロ（演出多め）"
"LP-01177","ペット・トリミング・動物病院｜LINE友だち追加LP（ナチュラル・オーガニック・左テキスト×右商品/人物）","プロ（演出多め）"
"LP-01178","建築設計事務所｜採用エントリーLP（ジオメトリック・グラフィカル・写真コラージュ）","プロ（演出多め）"
"LP-01179","エステ・脱毛サロン｜リード獲得（資料請求・問い合わせ）LP（ラグジュアリー・高級感・ジェネラティブ背景＋コピー）","上級"
"LP-01180","内科・クリニック｜リード獲得（資料請求・問い合わせ）LP（和モダン・写真コラージュ）","プロ（演出多め）"
"LP-01181","保育園・幼児教育・習い事｜採用エントリーLP（ナチュラル・オーガニック・超大型タイポグラフィ）","プロ（演出多め）"
"LP-01182","レストラン・居酒屋｜LINE友だち追加LP（ニューブルータリズム・実績数字ドーン）","プロ（演出多め）"
"LP-01183","英会話・語学｜会員登録・アプリDLLP（信頼・誠実（コーポレート）・ジェネラティブ背景＋コピー）","プロ（演出多め）"
"LP-01184","美容クリニック｜無料体験・カウンセリング予約LP（ミニマル・洗練・スクロールで商品が回転/分解）","プロ（演出多め）"
"LP-01185","ペット・トリミング・動物病院｜無料体験・カウンセリング予約LP（ネオン・サイバー・全面写真＋中央キャッチ）","プロ（演出多め）"
"LP-01186","占い・スピリチュアル｜無料体験・カウンセリング予約LP（ダーク・シネマティック・全面写真＋中央キャッチ）","プロ（演出多め）"
"LP-01187","農業・地方の生産者｜採用エントリーLP（ハンドメイド・手書き・ジェネラティブ背景＋コピー）","プロ（演出多め）"
"LP-01188","美容室・ヘアサロン｜採用エントリーLP（北欧・ライフスタイル・ジェネラティブ背景＋コピー）","プロ（演出多め）"
"LP-01189","ペット・トリミング・動物病院｜リード獲得（資料請求・問い合わせ）LP（ナチュラル・オーガニック・超大型タイポグラフィ）","プロ（演出多め）"
"LP-01190","コンサル・コーチング｜リード獲得（資料請求・問い合わせ）LP（エディトリアル・雑誌風・デバイスモックアップ浮遊）","上級"
"LP-01191","採用・求人｜採用エントリーLP（エディトリアル・雑誌風・全面写真＋中央キャッチ）","プロ（演出多め）"
"LP-01192","スクール・オンライン講座｜採用エントリーLP（ハンドメイド・手書き・スクロールで商品が回転/分解）","プロ（演出多め）"
"LP-01193","内科・クリニック｜LINE友だち追加LP（ミニマル・洗練・背景動画ループ＋オーバーレイ）","プロ（演出多め）"
"LP-01194","カフェ・ベーカリー｜リード獲得（資料請求・問い合わせ）LP（エディトリアル・雑誌風・ジェネラティブ背景＋コピー）","プロ（演出多め）"
"LP-01195","自動車・バイク｜採用エントリーLP（ダーク・シネマティック・デバイスモックアップ浮遊）","プロ（演出多め）"
"LP-01196","アパレル・ファッションEC｜商品購入（単品通販）LP（クール・テック・写真コラージュ）","プロ（演出多め）"
"LP-01197","ホテル・旅館｜採用エントリーLP（ミニマル・洗練・実績数字ドーン）","プロ（演出多め）"
"LP-01198","ウェディング・結婚相談所｜採用エントリーLP（パステル・ドリーミー・デバイスモックアップ浮遊）","プロ（演出多め）"
"LP-01199","カフェ・ベーカリー｜リード獲得（資料請求・問い合わせ）LP（ハンドメイド・手書き・デバイスモックアップ浮遊）","プロ（演出多め）"
"LP-01200","美容室・ヘアサロン｜無料体験・カウンセリング予約LP（かわいい・ガーリー・ジェネラティブ背景＋コピー）","上級"
"LP-01201","レストラン・居酒屋｜LINE友だち追加LP（ダーク・シネマティック・イラスト主体）","プロ（演出多め）"
"LP-01202","アパレル・ファッションEC｜リード獲得（資料請求・問い合わせ）LP（ミニマル・洗練・ジェネラティブ背景＋コピー）","プロ（演出多め）"
"LP-01203","不動産・マンション｜リード獲得（資料請求・問い合わせ）LP（ダーク・シネマティック・イラスト主体）","プロ（演出多め）"
"LP-01204","金融・保険・投資｜セミナー・ウェビナー集客LP（クール・テック・スクロールで商品が回転/分解）","プロ（演出多め）"
"LP-01205","パーソナルジム・フィットネス｜採用エントリーLP（クール・テック・背景動画ループ＋オーバーレイ）","プロ（演出多め）"
"LP-01206","ホテル・旅館｜リード獲得（資料請求・問い合わせ）LP（ラグジュアリー・高級感・ジェネラティブ背景＋コピー）","上級"
"LP-01207","金融・保険・投資｜採用エントリーLP（信頼・誠実（コーポレート）・スクロールで商品が回転/分解）","プロ（演出多め）"
"LP-01208","採用・求人｜採用エントリーLP（信頼・誠実（コーポレート）・イラスト主体）","プロ（演出多め）"
"LP-01209","歯科医院｜採用エントリーLP（信頼・誠実（コーポレート）・デバイスモックアップ浮遊）","プロ（演出多め）"
"LP-01210","ウェディング・結婚相談所｜LINE友だち追加LP（ミニマル・洗練・写真コラージュ）","プロ（演出多め）"
"LP-01211","ウェディング・結婚相談所｜LINE友だち追加LP（パステル・ドリーミー・実績数字ドーン）","プロ（演出多め）"
"LP-01212","プログラミングスクール｜会員登録・アプリDLLP（パステル・ドリーミー・スクロールで商品が回転/分解）","プロ（演出多め）"
"LP-01213","コンサル・コーチング｜無料体験・カウンセリング予約LP（ラグジュアリー・高級感・左テキスト×右商品/人物）","プロ（演出多め）"
"LP-01214","観光・地域プロモーション｜クラウドファンディング支援LP（ハンドメイド・手書き・ジェネラティブ背景＋コピー）","プロ（演出多め）"
"LP-01215","自動車・バイク｜リード獲得（資料請求・問い合わせ）LP（ダーク・シネマティック・実績数字ドーン）","プロ（演出多め）"
"LP-01216","金融・保険・投資｜無料体験・カウンセリング予約LP（信頼・誠実（コーポレート）・ジェネラティブ背景＋コピー）","プロ（演出多め）"
"LP-01217","英会話・語学｜無料体験・カウンセリング予約LP（ポップ・カラフル・イラスト主体）","プロ（演出多め）"
"LP-01218","農業・地方の生産者｜採用エントリーLP（エネルギッシュ・スポーティ・写真コラージュ）","プロ（演出多め）"
"LP-01219","内科・クリニック｜LINE友だち追加LP（北欧・ライフスタイル・実績数字ドーン）","プロ（演出多め）"
"LP-01220","パーソナルジム・フィットネス｜無料体験・カウンセリング予約LP（ダーク・シネマティック・写真コラージュ）","プロ（演出多め）"
"LP-01221","占い・スピリチュアル｜リード獲得（資料請求・問い合わせ）LP（和モダン・実績数字ドーン）","プロ（演出多め）"
"LP-01222","ホテル・旅館｜リード獲得（資料請求・問い合わせ）LP（レトロ・Y2K・超大型タイポグラフィ）","プロ（演出多め）"
"LP-01223","引越し・生活サービス｜LINE友だち追加LP（3D・クレイ・左テキスト×右商品/人物）","プロ（演出多め）"
"LP-01224","レストラン・居酒屋｜LINE友だち追加LP（ダーク・シネマティック・左テキスト×右商品/人物）","プロ（演出多め）"
"LP-01225","不動産・マンション｜無料体験・カウンセリング予約LP（ミニマル・洗練・背景動画ループ＋オーバーレイ）","プロ（演出多め）"
"LP-01226","レストラン・居酒屋｜LINE友だち追加LP（レトロ・Y2K・実績数字ドーン）","プロ（演出多め）"
"LP-01227","ヨガ・ピラティス｜無料体験・カウンセリング予約LP（北欧・ライフスタイル・全面写真＋中央キャッチ）","プロ（演出多め）"
"LP-01228","カフェ・ベーカリー｜リード獲得（資料請求・問い合わせ）LP（ハンドメイド・手書き・超大型タイポグラフィ）","プロ（演出多め）"
"LP-01229","YouTuber・インフルエンサー｜会員登録・アプリDLLP（ネオン・サイバー・左テキスト×右商品/人物）","プロ（演出多め）"
"LP-01230","NPO・地方自治体｜採用エントリーLP（ジオメトリック・グラフィカル・ジェネラティブ背景＋コピー）","プロ（演出多め）"
"LP-01231","パーソナルジム・フィットネス｜採用エントリーLP（エネルギッシュ・スポーティ・実績数字ドーン）","プロ（演出多め）"
"LP-01232","建築設計事務所｜採用エントリーLP（ミニマル・洗練・全面写真＋中央キャッチ）","プロ（演出多め）"
"LP-01233","コンサル・コーチング｜採用エントリーLP（エディトリアル・雑誌風・デバイスモックアップ浮遊）","プロ（演出多め）"
"LP-01234","サウナ・温浴施設｜無料体験・カウンセリング予約LP（レトロ・Y2K・左テキスト×右商品/人物）","プロ（演出多め）"
"LP-01235","英会話・語学｜会員登録・アプリDLLP（パステル・ドリーミー・超大型タイポグラフィ）","プロ（演出多め）"
"LP-01236","エステ・脱毛サロン｜商品購入（単品通販）LP（パステル・ドリーミー・左テキスト×右商品/人物）","プロ（演出多め）"
"LP-01237","スマホアプリ｜採用エントリーLP（グラスモーフィズム・左テキスト×右商品/人物）","プロ（演出多め）"
"LP-01238","工務店・注文住宅・リフォーム｜LINE友だち追加LP（北欧・ライフスタイル・ジェネラティブ背景＋コピー）","プロ（演出多め）"
"LP-01239","美容クリニック｜無料体験・カウンセリング予約LP（信頼・誠実（コーポレート）・デバイスモックアップ浮遊）","プロ（演出多め）"
"LP-01240","Web制作・デザイン事務所｜採用エントリーLP（ジオメトリック・グラフィカル・写真コラージュ）","プロ（演出多め）"
"LP-01241","不動産・マンション｜採用エントリーLP（ラグジュアリー・高級感・ジェネラティブ背景＋コピー）","プロ（演出多め）"
"LP-01242","工務店・注文住宅・リフォーム｜採用エントリーLP（クール・テック・イラスト主体）","プロ（演出多め）"
"LP-01243","NPO・地方自治体｜採用エントリーLP（ハンドメイド・手書き・スクロールで商品が回転/分解）","プロ（演出多め）"
"LP-01244","SaaS・BtoBツール｜無料体験・カウンセリング予約LP（3D・クレイ・スクロールで商品が回転/分解）","プロ（演出多め）"
"LP-01245","アパレル・ファッションEC｜採用エントリーLP（レトロ・Y2K・イラスト主体）","プロ（演出多め）"
"LP-01246","美容室・ヘアサロン｜採用エントリーLP（ラグジュアリー・高級感・左テキスト×右商品/人物）","プロ（演出多め）"
"LP-01247","音楽・ライブ・イベント｜採用エントリーLP（レトロ・Y2K・ジェネラティブ背景＋コピー）","プロ（演出多め）"
"LP-01248","アパレル・ファッションEC｜採用エントリーLP（エディトリアル・雑誌風・写真コラージュ）","プロ（演出多め）"
"LP-01249","ウェディング・結婚相談所｜採用エントリーLP（ミニマル・洗練・写真コラージュ）","プロ（演出多め）"
"LP-01250","和菓子・スイーツ｜LINE友だち追加LP（パステル・ドリーミー・実績数字ドーン）","プロ（演出多め）"
"LP-01251","SaaS・BtoBツール｜セミナー・ウェビナー集客LP（信頼・誠実（コーポレート）・超大型タイポグラフィ）","プロ（演出多め）"
"LP-01252","スマホアプリ｜リード獲得（資料請求・問い合わせ）LP（ポップ・カラフル・デバイスモックアップ浮遊）","プロ（演出多め）"
"LP-01253","プログラミングスクール｜採用エントリーLP（ポップ・カラフル・ジェネラティブ背景＋コピー）","プロ（演出多め）"
"LP-01254","コンサル・コーチング｜無料体験・カウンセリング予約LP（北欧・ライフスタイル・イラスト主体）","上級"
"LP-01255","金融・保険・投資｜採用エントリーLP（ジオメトリック・グラフィカル・背景動画ループ＋オーバーレイ）","プロ（演出多め）"
"LP-01256","カフェ・ベーカリー｜LINE友だち追加LP（エディトリアル・雑誌風・実績数字ドーン）","プロ（演出多め）"
"LP-01257","エステ・脱毛サロン｜商品購入（単品通販）LP（かわいい・ガーリー・背景動画ループ＋オーバーレイ）","プロ（演出多め）"
"LP-01258","YouTuber・インフルエンサー｜会員登録・アプリDLLP（和モダン・スクロールで商品が回転/分解）","プロ（演出多め）"
"LP-01259","英会話・語学｜採用エントリーLP（ラグジュアリー・高級感・ジェネラティブ背景＋コピー）","プロ（演出多め）"
"LP-01260","農業・地方の生産者｜クラウドファンディング支援LP（ミニマル・洗練・背景動画ループ＋オーバーレイ）","上級"
"LP-01261","美容室・ヘアサロン｜LINE友だち追加LP（北欧・ライフスタイル・デバイスモックアップ浮遊）","プロ（演出多め）"
"LP-01262","占い・スピリチュアル｜採用エントリーLP（ニューブルータリズム・イラスト主体）","プロ（演出多め）"
"LP-01263","不動産・マンション｜採用エントリーLP（信頼・誠実（コーポレート）・実績数字ドーン）","上級"
"LP-01264","SaaS・BtoBツール｜リード獲得（資料請求・問い合わせ）LP（ナチュラル・オーガニック・デバイスモックアップ浮遊）","プロ（演出多め）"
"LP-01265","パーソナルジム・フィットネス｜採用エントリーLP（クール・テック・超大型タイポグラフィ）","プロ（演出多め）"
"LP-01266","コンサル・コーチング｜無料体験・カウンセリング予約LP（信頼・誠実（コーポレート）・スクロールで商品が回転/分解）","プロ（演出多め）"
"LP-01267","引越し・生活サービス｜LINE友だち追加LP（ポップ・カラフル・イラスト主体）","プロ（演出多め）"
"LP-01268","カフェ・ベーカリー｜LINE友だち追加LP（エネルギッシュ・スポーティ・背景動画ループ＋オーバーレイ）","プロ（演出多め）"
"LP-01269","金融・保険・投資｜無料体験・カウンセリング予約LP（ミニマル・洗練・実績数字ドーン）","上級"
"LP-01270","歯科医院｜採用エントリーLP（ミニマル・洗練・実績数字ドーン）","プロ（演出多め）"
"LP-01271","採用・求人｜採用エントリーLP（かわいい・ガーリー・超大型タイポグラフィ）","上級"
"LP-01272","サウナ・温浴施設｜無料体験・カウンセリング予約LP（レトロ・Y2K・全面写真＋中央キャッチ）","プロ（演出多め）"
"LP-01273","コンサル・コーチング｜リード獲得（資料請求・問い合わせ）LP（ラグジュアリー・高級感・スクロールで商品が回転/分解）","プロ（演出多め）"
"LP-01274","美容室・ヘアサロン｜リード獲得（資料請求・問い合わせ）LP（ネオン・サイバー・写真コラージュ）","プロ（演出多め）"
"LP-01275","レストラン・居酒屋｜LINE友だち追加LP（レトロ・Y2K・イラスト主体）","プロ（演出多め）"
"LP-01276","エステ・脱毛サロン｜採用エントリーLP（ラグジュアリー・高級感・左テキスト×右商品/人物）","プロ（演出多め）"
"LP-01277","採用・求人｜採用エントリーLP（エネルギッシュ・スポーティ・デバイスモックアップ浮遊）","プロ（演出多め）"
"LP-01278","英会話・語学｜採用エントリーLP（ジオメトリック・グラフィカル・デバイスモックアップ浮遊）","プロ（演出多め）"
"LP-01279","ゲーム・eスポーツ｜会員登録・アプリDLLP（エネルギッシュ・スポーティ・イラスト主体）","プロ（演出多め）"
"LP-01280","美容室・ヘアサロン｜LINE友だち追加LP（エディトリアル・雑誌風・左テキスト×右商品/人物）","プロ（演出多め）"
"LP-01281","ゲーム・eスポーツ｜採用エントリーLP（ポップ・カラフル・写真コラージュ）","プロ（演出多め）"
"LP-01282","ウェディング・結婚相談所｜リード獲得（資料請求・問い合わせ）LP（ミニマル・洗練・写真コラージュ）","プロ（演出多め）"
"LP-01283","食品・産直EC｜商品購入（単品通販）LP（ラグジュアリー・高級感・超大型タイポグラフィ）","プロ（演出多め）"
"LP-01284","採用・求人｜採用エントリーLP（エネルギッシュ・スポーティ・イラスト主体）","プロ（演出多め）"
"LP-01285","和菓子・スイーツ｜LINE友だち追加LP（ラグジュアリー・高級感・スクロールで商品が回転/分解）","プロ（演出多め）"
"LP-01286","クラウドファンディング・新商品｜クラウドファンディング支援LP（クール・テック・全面写真＋中央キャッチ）","プロ（演出多め）"
"LP-01287","レストラン・居酒屋｜採用エントリーLP（ネオン・サイバー・全面写真＋中央キャッチ）","プロ（演出多め）"
"LP-01288","SaaS・BtoBツール｜会員登録・アプリDLLP（ミニマル・洗練・写真コラージュ）","プロ（演出多め）"
"LP-01289","士業（税理士・弁護士・行政書士）｜採用エントリーLP（信頼・誠実（コーポレート）・イラスト主体）","プロ（演出多め）"
"LP-01290","ペット・トリミング・動物病院｜採用エントリーLP（かわいい・ガーリー・背景動画ループ＋オーバーレイ）","プロ（演出多め）"
"LP-01291","士業（税理士・弁護士・行政書士）｜採用エントリーLP（レトロ・Y2K・左テキスト×右商品/人物）","プロ（演出多め）"
"LP-01292","音楽・ライブ・イベント｜クラウドファンディング支援LP（ハンドメイド・手書き・左テキスト×右商品/人物）","プロ（演出多め）"
"LP-01293","パーソナルジム・フィットネス｜LINE友だち追加LP（クール・テック・写真コラージュ）","プロ（演出多め）"
"LP-01294","コスメ・スキンケア｜採用エントリーLP（ラグジュアリー・高級感・スクロールで商品が回転/分解）","プロ（演出多め）"
"LP-01295","カフェ・ベーカリー｜リード獲得（資料請求・問い合わせ）LP（ハンドメイド・手書き・超大型タイポグラフィ）","上級"
"LP-01296","YouTuber・インフルエンサー｜会員登録・アプリDLLP（ポップ・カラフル・全面写真＋中央キャッチ）","プロ（演出多め）"
"LP-01297","プログラミングスクール｜無料体験・カウンセリング予約LP（クール・テック・全面写真＋中央キャッチ）","プロ（演出多め）"
"LP-01298","歯科医院｜LINE友だち追加LP（ナチュラル・オーガニック・イラスト主体）","プロ（演出多め）"
"LP-01299","歯科医院｜リード獲得（資料請求・問い合わせ）LP（ナチュラル・オーガニック・左テキスト×右商品/人物）","プロ（演出多め）"
"LP-01300","士業（税理士・弁護士・行政書士）｜セミナー・ウェビナー集客LP（信頼・誠実（コーポレート）・イラスト主体）","上級"
"LP-01301","建築設計事務所｜採用エントリーLP（ミニマル・洗練・超大型タイポグラフィ）","プロ（演出多め）"
"LP-01302","エステ・脱毛サロン｜無料体験・カウンセリング予約LP（ミニマル・洗練・左テキスト×右商品/人物）","プロ（演出多め）"
"LP-01303","食品・産直EC｜商品購入（単品通販）LP（ハンドメイド・手書き・左テキスト×右商品/人物）","プロ（演出多め）"
"LP-01304","建築設計事務所｜リード獲得（資料請求・問い合わせ）LP（ジオメトリック・グラフィカル・左テキスト×右商品/人物）","プロ（演出多め）"
"LP-01305","NPO・地方自治体｜採用エントリーLP（ハンドメイド・手書き・スクロールで商品が回転/分解）","プロ（演出多め）"
"LP-01306","建築設計事務所｜採用エントリーLP（エディトリアル・雑誌風・写真コラージュ）","上級"
"LP-01307","NPO・地方自治体｜クラウドファンディング支援LP（ナチュラル・オーガニック・ジェネラティブ背景＋コピー）","上級"
"LP-01308","建築設計事務所｜リード獲得（資料請求・問い合わせ）LP（エディトリアル・雑誌風・実績数字ドーン）","プロ（演出多め）"
"LP-01309","美容クリニック｜無料体験・カウンセリング予約LP（ラグジュアリー・高級感・イラスト主体）","プロ（演出多め）"
"LP-01310","レストラン・居酒屋｜リード獲得（資料請求・問い合わせ）LP（レトロ・Y2K・実績数字ドーン）","プロ（演出多め）"
"LP-01311","工務店・注文住宅・リフォーム｜リード獲得（資料請求・問い合わせ）LP（ミニマル・洗練・イラスト主体）","プロ（演出多め）"
"LP-01312","ヨガ・ピラティス｜リード獲得（資料請求・問い合わせ）LP（ミニマル・洗練・超大型タイポグラフィ）","プロ（演出多め）"
"LP-01313","和菓子・スイーツ｜クラウドファンディング支援LP（かわいい・ガーリー・イラスト主体）","上級"
"LP-01314","保育園・幼児教育・習い事｜無料体験・カウンセリング予約LP（ナチュラル・オーガニック・デバイスモックアップ浮遊）","プロ（演出多め）"
"LP-01315","美容室・ヘアサロン｜採用エントリーLP（エディトリアル・雑誌風・実績数字ドーン）","プロ（演出多め）"
"LP-01316","和菓子・スイーツ｜LINE友だち追加LP（かわいい・ガーリー・デバイスモックアップ浮遊）","プロ（演出多め）"
"LP-01317","スマホアプリ｜会員登録・アプリDLLP（3D・クレイ・写真コラージュ）","プロ（演出多め）"
"LP-01318","美容クリニック｜無料体験・カウンセリング予約LP（信頼・誠実（コーポレート）・イラスト主体）","プロ（演出多め）"
"LP-01319","歯科医院｜採用エントリーLP（パステル・ドリーミー・全面写真＋中央キャッチ）","プロ（演出多め）"
"LP-01320","歯科医院｜採用エントリーLP（ミニマル・洗練・全面写真＋中央キャッチ）","プロ（演出多め）"
"LP-01321","AIサービス・スタートアップ｜セミナー・ウェビナー集客LP（グラスモーフィズム・デバイスモックアップ浮遊）","プロ（演出多め）"
"LP-01322","金融・保険・投資｜リード獲得（資料請求・問い合わせ）LP（クール・テック・背景動画ループ＋オーバーレイ）","プロ（演出多め）"
"LP-01323","食品・産直EC｜商品購入（単品通販）LP（ラグジュアリー・高級感・写真コラージュ）","プロ（演出多め）"
"LP-01324","カフェ・ベーカリー｜採用エントリーLP（和モダン・背景動画ループ＋オーバーレイ）","プロ（演出多め）"
"LP-01325","カフェ・ベーカリー｜採用エントリーLP（北欧・ライフスタイル・イラスト主体）","プロ（演出多め）"
"LP-01326","カフェ・ベーカリー｜LINE友だち追加LP（ナチュラル・オーガニック・スクロールで商品が回転/分解）","プロ（演出多め）"
"LP-01327","美容室・ヘアサロン｜採用エントリーLP（エディトリアル・雑誌風・全面写真＋中央キャッチ）","プロ（演出多め）"
"LP-01328","引越し・生活サービス｜LINE友だち追加LP（ポップ・カラフル・ジェネラティブ背景＋コピー）","プロ（演出多め）"
"LP-01329","NPO・地方自治体｜リード獲得（資料請求・問い合わせ）LP（ナチュラル・オーガニック・背景動画ループ＋オーバーレイ）","プロ（演出多め）"
"LP-01330","保育園・幼児教育・習い事｜採用エントリーLP（ハンドメイド・手書き・全面写真＋中央キャッチ）","プロ（演出多め）"
"LP-01331","美容クリニック｜LINE友だち追加LP（信頼・誠実（コーポレート）・背景動画ループ＋オーバーレイ）","プロ（演出多め）"
"LP-01332","クラウドファンディング・新商品｜リード獲得（資料請求・問い合わせ）LP（ナチュラル・オーガニック・写真コラージュ）","上級"
"LP-01333","サウナ・温浴施設｜LINE友だち追加LP（ナチュラル・オーガニック・スクロールで商品が回転/分解）","プロ（演出多め）"
"LP-01334","ゲーム・eスポーツ｜クラウドファンディング支援LP（レトロ・Y2K・イラスト主体）","プロ（演出多め）"
"LP-01335","レストラン・居酒屋｜採用エントリーLP（ラグジュアリー・高級感・背景動画ループ＋オーバーレイ）","プロ（演出多め）"
"LP-01336","自動車・バイク｜採用エントリーLP（ラグジュアリー・高級感・背景動画ループ＋オーバーレイ）","プロ（演出多め）"
"LP-01337","コスメ・スキンケア｜商品購入（単品通販）LP（グラスモーフィズム・超大型タイポグラフィ）","プロ（演出多め）"
"LP-01338","不動産・マンション｜無料体験・カウンセリング予約LP（信頼・誠実（コーポレート）・実績数字ドーン）","プロ（演出多め）"
"LP-01339","スクール・オンライン講座｜リード獲得（資料請求・問い合わせ）LP（3D・クレイ・超大型タイポグラフィ）","上級"
"LP-01340","音楽・ライブ・イベント｜採用エントリーLP（クール・テック・写真コラージュ）","プロ（演出多め）"
"LP-01341","不動産・マンション｜採用エントリーLP（信頼・誠実（コーポレート）・背景動画ループ＋オーバーレイ）","上級"
"LP-01342","プログラミングスクール｜セミナー・ウェビナー集客LP（ハンドメイド・手書き・実績数字ドーン）","プロ（演出多め）"
"LP-01343","クラウドファンディング・新商品｜クラウドファンディング支援LP（エディトリアル・雑誌風・背景動画ループ＋オーバーレイ）","プロ（演出多め）"
"LP-01344","エステ・脱毛サロン｜LINE友だち追加LP（かわいい・ガーリー・左テキスト×右商品/人物）","プロ（演出多め）"
"LP-01345","AIサービス・スタートアップ｜無料体験・カウンセリング予約LP（ネオン・サイバー・左テキスト×右商品/人物）","プロ（演出多め）"
"LP-01346","英会話・語学｜会員登録・アプリDLLP（ポップ・カラフル・背景動画ループ＋オーバーレイ）","プロ（演出多め）"
"LP-01347","音楽・ライブ・イベント｜採用エントリーLP（レトロ・Y2K・左テキスト×右商品/人物）","プロ（演出多め）"
"LP-01348","コスメ・スキンケア｜採用エントリーLP（ニューブルータリズム・全面写真＋中央キャッチ）","プロ（演出多め）"
"LP-01349","レストラン・居酒屋｜リード獲得（資料請求・問い合わせ）LP（和モダン・左テキスト×右商品/人物）","プロ（演出多め）"
"LP-01350","農業・地方の生産者｜リード獲得（資料請求・問い合わせ）LP（グラスモーフィズム・デバイスモックアップ浮遊）","プロ（演出多め）"
"LP-01351","美容クリニック｜リード獲得（資料請求・問い合わせ）LP（信頼・誠実（コーポレート）・超大型タイポグラフィ）","プロ（演出多め）"
"LP-01352","保育園・幼児教育・習い事｜無料体験・カウンセリング予約LP（かわいい・ガーリー・実績数字ドーン）","プロ（演出多め）"
"LP-01353","エステ・脱毛サロン｜無料体験・カウンセリング予約LP（パステル・ドリーミー・左テキスト×右商品/人物）","プロ（演出多め）"
"LP-01354","コスメ・スキンケア｜商品購入（単品通販）LP（ミニマル・洗練・デバイスモックアップ浮遊）","プロ（演出多め）"
"LP-01355","工務店・注文住宅・リフォーム｜採用エントリーLP（ナチュラル・オーガニック・デバイスモックアップ浮遊）","プロ（演出多め）"
"LP-01356","コンサル・コーチング｜リード獲得（資料請求・問い合わせ）LP（ミニマル・洗練・イラスト主体）","プロ（演出多め）"
"LP-01357","クラウドファンディング・新商品｜採用エントリーLP（ダーク・シネマティック・ジェネラティブ背景＋コピー）","プロ（演出多め）"
"LP-01358","コンサル・コーチング｜採用エントリーLP（ミニマル・洗練・デバイスモックアップ浮遊）","プロ（演出多め）"
"LP-01359","ホテル・旅館｜リード獲得（資料請求・問い合わせ）LP（ラグジュアリー・高級感・全面写真＋中央キャッチ）","プロ（演出多め）"
"LP-01360","士業（税理士・弁護士・行政書士）｜セミナー・ウェビナー集客LP（信頼・誠実（コーポレート）・デバイスモックアップ浮遊）","プロ（演出多め）"
"LP-01361","不動産・マンション｜リード獲得（資料請求・問い合わせ）LP（信頼・誠実（コーポレート）・背景動画ループ＋オーバーレイ）","プロ（演出多め）"
"LP-01362","サウナ・温浴施設｜LINE友だち追加LP（レトロ・Y2K・イラスト主体）","プロ（演出多め）"
"LP-01363","サウナ・温浴施設｜LINE友だち追加LP（和モダン・ジェネラティブ背景＋コピー）","プロ（演出多め）"
"LP-01364","ホテル・旅館｜採用エントリーLP（ミニマル・洗練・超大型タイポグラフィ）","プロ（演出多め）"
"LP-01365","ホテル・旅館｜採用エントリーLP（ダーク・シネマティック・イラスト主体）","プロ（演出多め）"
"LP-01366","Web制作・デザイン事務所｜リード獲得（資料請求・問い合わせ）LP（ニューブルータリズム・イラスト主体）","プロ（演出多め）"
"LP-01367","食品・産直EC｜採用エントリーLP（ハンドメイド・手書き・超大型タイポグラフィ）","プロ（演出多め）"
"LP-01368","内科・クリニック｜LINE友だち追加LP（ポップ・カラフル・写真コラージュ）","プロ（演出多め）"
"LP-01369","アパレル・ファッションEC｜商品購入（単品通販）LP（ニューブルータリズム・背景動画ループ＋オーバーレイ）","プロ（演出多め）"
"LP-01370","引越し・生活サービス｜LINE友だち追加LP（ポップ・カラフル・全面写真＋中央キャッチ）","プロ（演出多め）"
"LP-01371","歯科医院｜リード獲得（資料請求・問い合わせ）LP（3D・クレイ・実績数字ドーン）","プロ（演出多め）"
"LP-01372","アパレル・ファッションEC｜商品購入（単品通販）LP（レトロ・Y2K・背景動画ループ＋オーバーレイ）","プロ（演出多め）"
"LP-01373","工務店・注文住宅・リフォーム｜採用エントリーLP（ナチュラル・オーガニック・全面写真＋中央キャッチ）","プロ（演出多め）"
"LP-01374","SaaS・BtoBツール｜採用エントリーLP（グラスモーフィズム・イラスト主体）","プロ（演出多め）"
"LP-01375","クラウドファンディング・新商品｜商品購入（単品通販）LP（ダーク・シネマティック・イラスト主体）","上級"
"LP-01376","ヨガ・ピラティス｜無料体験・カウンセリング予約LP（ポップ・カラフル・超大型タイポグラフィ）","プロ（演出多め）"
"LP-01377","NPO・地方自治体｜クラウドファンディング支援LP（3D・クレイ・実績数字ドーン）","プロ（演出多め）"
"LP-01378","ヨガ・ピラティス｜採用エントリーLP（ミニマル・洗練・イラスト主体）","上級"
"LP-01379","スマホアプリ｜会員登録・アプリDLLP（3D・クレイ・左テキスト×右商品/人物）","プロ（演出多め）"
"LP-01380","音楽・ライブ・イベント｜採用エントリーLP（ニューブルータリズム・超大型タイポグラフィ）","プロ（演出多め）"
"LP-01381","クラウドファンディング・新商品｜採用エントリーLP（ナチュラル・オーガニック・ジェネラティブ背景＋コピー）","プロ（演出多め）"
"LP-01382","ウェディング・結婚相談所｜LINE友だち追加LP（パステル・ドリーミー・背景動画ループ＋オーバーレイ）","プロ（演出多め）"
"LP-01383","SaaS・BtoBツール｜セミナー・ウェビナー集客LP（3D・クレイ・ジェネラティブ背景＋コピー）","プロ（演出多め）"
"LP-01384","採用・求人｜採用エントリーLP（信頼・誠実（コーポレート）・背景動画ループ＋オーバーレイ）","プロ（演出多め）"
"LP-01385","英会話・語学｜会員登録・アプリDLLP（ポップ・カラフル・写真コラージュ）","プロ（演出多め）"
"LP-01386","ゲーム・eスポーツ｜リード獲得（資料請求・問い合わせ）LP（和モダン・写真コラージュ）","プロ（演出多め）"
"LP-01387","占い・スピリチュアル｜リード獲得（資料請求・問い合わせ）LP（ラグジュアリー・高級感・スクロールで商品が回転/分解）","プロ（演出多め）"
"LP-01388","NPO・地方自治体｜採用エントリーLP（エディトリアル・雑誌風・全面写真＋中央キャッチ）","プロ（演出多め）"
"LP-01389","占い・スピリチュアル｜リード獲得（資料請求・問い合わせ）LP（パステル・ドリーミー・背景動画ループ＋オーバーレイ）","プロ（演出多め）"
"LP-01390","コスメ・スキンケア｜リード獲得（資料請求・問い合わせ）LP（ミニマル・洗練・左テキスト×右商品/人物）","プロ（演出多め）"
"LP-01391","NPO・地方自治体｜リード獲得（資料請求・問い合わせ）LP（ジオメトリック・グラフィカル・全面写真＋中央キャッチ）","プロ（演出多め）"
"LP-01392","美容クリニック｜リード獲得（資料請求・問い合わせ）LP（ミニマル・洗練・全面写真＋中央キャッチ）","プロ（演出多め）"
"LP-01393","クラウドファンディング・新商品｜リード獲得（資料請求・問い合わせ）LP（ポップ・カラフル・イラスト主体）","プロ（演出多め）"
"LP-01394","ゲーム・eスポーツ｜クラウドファンディング支援LP（エネルギッシュ・スポーティ・スクロールで商品が回転/分解）","プロ（演出多め）"
"LP-01395","スマホアプリ｜会員登録・アプリDLLP（3D・クレイ・ジェネラティブ背景＋コピー）","プロ（演出多め）"
"LP-01396","レストラン・居酒屋｜採用エントリーLP（クール・テック・背景動画ループ＋オーバーレイ）","上級"
"LP-01397","Web制作・デザイン事務所｜リード獲得（資料請求・問い合わせ）LP（信頼・誠実（コーポレート）・超大型タイポグラフィ）","上級"
"LP-01398","不動産・マンション｜採用エントリーLP（クール・テック・写真コラージュ）","プロ（演出多め）"
"LP-01399","和菓子・スイーツ｜採用エントリーLP（和モダン・超大型タイポグラフィ）","プロ（演出多め）"
"LP-01400","アパレル・ファッションEC｜商品購入（単品通販）LP（エディトリアル・雑誌風・左テキスト×右商品/人物）","プロ（演出多め）"
"LP-01401","不動産・マンション｜セミナー・ウェビナー集客LP（信頼・誠実（コーポレート）・ジェネラティブ背景＋コピー）","プロ（演出多め）"
"LP-01402","コスメ・スキンケア｜リード獲得（資料請求・問い合わせ）LP（パステル・ドリーミー・デバイスモックアップ浮遊）","プロ（演出多め）"
"LP-01403","NPO・地方自治体｜リード獲得（資料請求・問い合わせ）LP（ナチュラル・オーガニック・超大型タイポグラフィ）","上級"
"LP-01404","NPO・地方自治体｜採用エントリーLP（ハンドメイド・手書き・背景動画ループ＋オーバーレイ）","プロ（演出多め）"
"LP-01405","音楽・ライブ・イベント｜リード獲得（資料請求・問い合わせ）LP（ニューブルータリズム・イラスト主体）","プロ（演出多め）"
"LP-01406","自動車・バイク｜無料体験・カウンセリング予約LP（クール・テック・全面写真＋中央キャッチ）","プロ（演出多め）"
"LP-01407","スクール・オンライン講座｜無料体験・カウンセリング予約LP（信頼・誠実（コーポレート）・背景動画ループ＋オーバーレイ）","プロ（演出多め）"
"LP-01408","農業・地方の生産者｜リード獲得（資料請求・問い合わせ）LP（ハンドメイド・手書き・全面写真＋中央キャッチ）","プロ（演出多め）"
"LP-01409","観光・地域プロモーション｜リード獲得（資料請求・問い合わせ）LP（ダーク・シネマティック・デバイスモックアップ浮遊）","プロ（演出多め）"
"LP-01410","ゲーム・eスポーツ｜会員登録・アプリDLLP（ダーク・シネマティック・スクロールで商品が回転/分解）","プロ（演出多め）"
"LP-01411","工務店・注文住宅・リフォーム｜採用エントリーLP（北欧・ライフスタイル・スクロールで商品が回転/分解）","プロ（演出多め）"
"LP-01412","エステ・脱毛サロン｜採用エントリーLP（ラグジュアリー・高級感・スクロールで商品が回転/分解）","プロ（演出多め）"
"LP-01413","引越し・生活サービス｜採用エントリーLP（信頼・誠実（コーポレート）・スクロールで商品が回転/分解）","プロ（演出多め）"
"LP-01414","占い・スピリチュアル｜LINE友だち追加LP（パステル・ドリーミー・デバイスモックアップ浮遊）","プロ（演出多め）"
"LP-01415","士業（税理士・弁護士・行政書士）｜リード獲得（資料請求・問い合わせ）LP（ネオン・サイバー・超大型タイポグラフィ）","プロ（演出多め）"
"LP-01416","AIサービス・スタートアップ｜セミナー・ウェビナー集客LP（グラスモーフィズム・イラスト主体）","プロ（演出多め）"
"LP-01417","保育園・幼児教育・習い事｜LINE友だち追加LP（かわいい・ガーリー・背景動画ループ＋オーバーレイ）","プロ（演出多め）"
"LP-01418","プログラミングスクール｜採用エントリーLP（ネオン・サイバー・左テキスト×右商品/人物）","プロ（演出多め）"
"LP-01419","Web制作・デザイン事務所｜リード獲得（資料請求・問い合わせ）LP（ニューブルータリズム・ジェネラティブ背景＋コピー）","プロ（演出多め）"
"LP-01420","スマホアプリ｜商品購入（単品通販）LP（グラスモーフィズム・背景動画ループ＋オーバーレイ）","プロ（演出多め）"
"LP-01421","カフェ・ベーカリー｜リード獲得（資料請求・問い合わせ）LP（ナチュラル・オーガニック・背景動画ループ＋オーバーレイ）","プロ（演出多め）"
"LP-01422","ペット・トリミング・動物病院｜リード獲得（資料請求・問い合わせ）LP（ハンドメイド・手書き・写真コラージュ）","プロ（演出多め）"
"LP-01423","占い・スピリチュアル｜採用エントリーLP（ハンドメイド・手書き・写真コラージュ）","プロ（演出多め）"
"LP-01424","金融・保険・投資｜会員登録・アプリDLLP（クール・テック・左テキスト×右商品/人物）","プロ（演出多め）"
"LP-01425","カフェ・ベーカリー｜LINE友だち追加LP（ハンドメイド・手書き・実績数字ドーン）","プロ（演出多め）"
"LP-01426","エステ・脱毛サロン｜LINE友だち追加LP（ミニマル・洗練・超大型タイポグラフィ）","プロ（演出多め）"
"LP-01427","アパレル・ファッションEC｜リード獲得（資料請求・問い合わせ）LP（グラスモーフィズム・デバイスモックアップ浮遊）","プロ（演出多め）"
"LP-01428","クラウドファンディング・新商品｜採用エントリーLP（ナチュラル・オーガニック・左テキスト×右商品/人物）","プロ（演出多め）"
"LP-01429","和菓子・スイーツ｜商品購入（単品通販）LP（パステル・ドリーミー・スクロールで商品が回転/分解）","プロ（演出多め）"
"LP-01430","Web制作・デザイン事務所｜採用エントリーLP（ジオメトリック・グラフィカル・実績数字ドーン）","プロ（演出多め）"
"LP-01431","Web制作・デザイン事務所｜セミナー・ウェビナー集客LP（クール・テック・デバイスモックアップ浮遊）","プロ（演出多め）"
"LP-01432","ウェディング・結婚相談所｜リード獲得（資料請求・問い合わせ）LP（パステル・ドリーミー・スクロールで商品が回転/分解）","プロ（演出多め）"
"LP-01433","工務店・注文住宅・リフォーム｜リード獲得（資料請求・問い合わせ）LP（北欧・ライフスタイル・ジェネラティブ背景＋コピー）","プロ（演出多め）"
"LP-01434","カフェ・ベーカリー｜LINE友だち追加LP（レトロ・Y2K・実績数字ドーン）","プロ（演出多め）"
"LP-01435","パーソナルジム・フィットネス｜無料体験・カウンセリング予約LP（クール・テック・全面写真＋中央キャッチ）","上級"
"LP-01436","保育園・幼児教育・習い事｜LINE友だち追加LP（ポップ・カラフル・全面写真＋中央キャッチ）","プロ（演出多め）"
"LP-01437","工務店・注文住宅・リフォーム｜LINE友だち追加LP（ナチュラル・オーガニック・実績数字ドーン）","上級"
"LP-01438","和菓子・スイーツ｜採用エントリーLP（かわいい・ガーリー・写真コラージュ）","プロ（演出多め）"
"LP-01439","レストラン・居酒屋｜LINE友だち追加LP（和モダン・デバイスモックアップ浮遊）","プロ（演出多め）"
"LP-01440","スクール・オンライン講座｜リード獲得（資料請求・問い合わせ）LP（クール・テック・スクロールで商品が回転/分解）","プロ（演出多め）"
"LP-01441","不動産・マンション｜リード獲得（資料請求・問い合わせ）LP（ニューブルータリズム・イラスト主体）","上級"
"LP-01442","レストラン・居酒屋｜LINE友だち追加LP（和モダン・全面写真＋中央キャッチ）","プロ（演出多め）"
"LP-01443","金融・保険・投資｜リード獲得（資料請求・問い合わせ）LP（ラグジュアリー・高級感・イラスト主体）","プロ（演出多め）"
"LP-01444","ホテル・旅館｜LINE友だち追加LP（ラグジュアリー・高級感・スクロールで商品が回転/分解）","プロ（演出多め）"
"LP-01445","工務店・注文住宅・リフォーム｜リード獲得（資料請求・問い合わせ）LP（北欧・ライフスタイル・全面写真＋中央キャッチ）","プロ（演出多め）"
"LP-01446","レストラン・居酒屋｜採用エントリーLP（ラグジュアリー・高級感・左テキスト×右商品/人物）","プロ（演出多め）"
"LP-01447","コスメ・スキンケア｜商品購入（単品通販）LP（グラスモーフィズム・実績数字ドーン）","上級"
"LP-01448","採用・求人｜リード獲得（資料請求・問い合わせ）LP（エディトリアル・雑誌風・全面写真＋中央キャッチ）","プロ（演出多め）"
"LP-01449","歯科医院｜採用エントリーLP（3D・クレイ・写真コラージュ）","プロ（演出多め）"
"LP-01450","農業・地方の生産者｜リード獲得（資料請求・問い合わせ）LP（ハンドメイド・手書き・写真コラージュ）","プロ（演出多め）"
"LP-01451","Web制作・デザイン事務所｜リード獲得（資料請求・問い合わせ）LP（ジオメトリック・グラフィカル・デバイスモックアップ浮遊）","プロ（演出多め）"
"LP-01452","観光・地域プロモーション｜採用エントリーLP（ダーク・シネマティック・デバイスモックアップ浮遊）","プロ（演出多め）"
"LP-01453","音楽・ライブ・イベント｜採用エントリーLP（ネオン・サイバー・スクロールで商品が回転/分解）","プロ（演出多め）"
"LP-01454","英会話・語学｜無料体験・カウンセリング予約LP（ポップ・カラフル・デバイスモックアップ浮遊）","プロ（演出多め）"
"LP-01455","自動車・バイク｜無料体験・カウンセリング予約LP（ラグジュアリー・高級感・背景動画ループ＋オーバーレイ）","プロ（演出多め）"
"LP-01456","ヨガ・ピラティス｜LINE友だち追加LP（北欧・ライフスタイル・スクロールで商品が回転/分解）","プロ（演出多め）"
"LP-01457","ヨガ・ピラティス｜無料体験・カウンセリング予約LP（パステル・ドリーミー・超大型タイポグラフィ）","上級"
"LP-01458","金融・保険・投資｜リード獲得（資料請求・問い合わせ）LP（クール・テック・ジェネラティブ背景＋コピー）","プロ（演出多め）"
"LP-01459","歯科医院｜無料体験・カウンセリング予約LP（信頼・誠実（コーポレート）・左テキスト×右商品/人物）","プロ（演出多め）"
"LP-01460","工務店・注文住宅・リフォーム｜セミナー・ウェビナー集客LP（北欧・ライフスタイル・実績数字ドーン）","プロ（演出多め）"
"LP-01461","カフェ・ベーカリー｜リード獲得（資料請求・問い合わせ）LP（レトロ・Y2K・超大型タイポグラフィ）","プロ（演出多め）"
"LP-01462","パーソナルジム・フィットネス｜リード獲得（資料請求・問い合わせ）LP（クール・テック・全面写真＋中央キャッチ）","プロ（演出多め）"
"LP-01463","保育園・幼児教育・習い事｜無料体験・カウンセリング予約LP（エネルギッシュ・スポーティ・スクロールで商品が回転/分解）","プロ（演出多め）"
"LP-01464","和菓子・スイーツ｜採用エントリーLP（ナチュラル・オーガニック・写真コラージュ）","プロ（演出多め）"
"LP-01465","SaaS・BtoBツール｜採用エントリーLP（グラスモーフィズム・実績数字ドーン）","プロ（演出多め）"
"LP-01466","AIサービス・スタートアップ｜リード獲得（資料請求・問い合わせ）LP（ナチュラル・オーガニック・写真コラージュ）","プロ（演出多め）"
"LP-01467","レストラン・居酒屋｜リード獲得（資料請求・問い合わせ）LP（ラグジュアリー・高級感・背景動画ループ＋オーバーレイ）","プロ（演出多め）"
"LP-01468","英会話・語学｜会員登録・アプリDLLP（ラグジュアリー・高級感・全面写真＋中央キャッチ）","プロ（演出多め）"
"LP-01469","AIサービス・スタートアップ｜会員登録・アプリDLLP（ミニマル・洗練・背景動画ループ＋オーバーレイ）","プロ（演出多め）"
"LP-01470","採用・求人｜採用エントリーLP（エネルギッシュ・スポーティ・スクロールで商品が回転/分解）","プロ（演出多め）"
"LP-01471","プログラミングスクール｜会員登録・アプリDLLP（3D・クレイ・背景動画ループ＋オーバーレイ）","プロ（演出多め）"
"LP-01472","ゲーム・eスポーツ｜リード獲得（資料請求・問い合わせ）LP（ダーク・シネマティック・全面写真＋中央キャッチ）","プロ（演出多め）"
"LP-01473","プログラミングスクール｜採用エントリーLP（3D・クレイ・ジェネラティブ背景＋コピー）","プロ（演出多め）"
"LP-01474","スクール・オンライン講座｜リード獲得（資料請求・問い合わせ）LP（3D・クレイ・超大型タイポグラフィ）","プロ（演出多め）"
"LP-01475","農業・地方の生産者｜採用エントリーLP（ナチュラル・オーガニック・超大型タイポグラフィ）","プロ（演出多め）"
"LP-01476","自動車・バイク｜リード獲得（資料請求・問い合わせ）LP（ダーク・シネマティック・実績数字ドーン）","プロ（演出多め）"
"LP-01477","YouTuber・インフルエンサー｜採用エントリーLP（ネオン・サイバー・イラスト主体）","プロ（演出多め）"
"LP-01478","ウェディング・結婚相談所｜無料体験・カウンセリング予約LP（パステル・ドリーミー・全面写真＋中央キャッチ）","上級"
"LP-01479","英会話・語学｜リード獲得（資料請求・問い合わせ）LP（3D・クレイ・全面写真＋中央キャッチ）","プロ（演出多め）"
"LP-01480","スマホアプリ｜採用エントリーLP（クール・テック・ジェネラティブ背景＋コピー）","プロ（演出多め）"
"LP-01481","スマホアプリ｜会員登録・アプリDLLP（ポップ・カラフル・イラスト主体）","プロ（演出多め）"
"LP-01482","プログラミングスクール｜セミナー・ウェビナー集客LP（ネオン・サイバー・写真コラージュ）","プロ（演出多め）"
"LP-01483","YouTuber・インフルエンサー｜リード獲得（資料請求・問い合わせ）LP（ニューブルータリズム・全面写真＋中央キャッチ）","プロ（演出多め）"
"LP-01484","AIサービス・スタートアップ｜無料体験・カウンセリング予約LP（クール・テック・左テキスト×右商品/人物）","プロ（演出多め）"
"LP-01485","NPO・地方自治体｜クラウドファンディング支援LP（ハンドメイド・手書き・写真コラージュ）","プロ（演出多め）"
"LP-01486","ホテル・旅館｜採用エントリーLP（和モダン・全面写真＋中央キャッチ）","プロ（演出多め）"
"LP-01487","音楽・ライブ・イベント｜クラウドファンディング支援LP（ダーク・シネマティック・背景動画ループ＋オーバーレイ）","プロ（演出多め）"
"LP-01488","美容室・ヘアサロン｜無料体験・カウンセリング予約LP（北欧・ライフスタイル・実績数字ドーン）","プロ（演出多め）"
"LP-01489","美容室・ヘアサロン｜無料体験・カウンセリング予約LP（かわいい・ガーリー・背景動画ループ＋オーバーレイ）","プロ（演出多め）"
"LP-01490","保育園・幼児教育・習い事｜リード獲得（資料請求・問い合わせ）LP（ポップ・カラフル・写真コラージュ）","プロ（演出多め）"
"LP-01491","サウナ・温浴施設｜無料体験・カウンセリング予約LP（レトロ・Y2K・デバイスモックアップ浮遊）","プロ（演出多め）"
"LP-01492","美容室・ヘアサロン｜LINE友だち追加LP（かわいい・ガーリー・デバイスモックアップ浮遊）","プロ（演出多め）"
"LP-01493","Web制作・デザイン事務所｜セミナー・ウェビナー集客LP（クール・テック・実績数字ドーン）","プロ（演出多め）"
"LP-01494","食品・産直EC｜商品購入（単品通販）LP（和モダン・デバイスモックアップ浮遊）","プロ（演出多め）"
"LP-01495","保育園・幼児教育・習い事｜LINE友だち追加LP（ハンドメイド・手書き・イラスト主体）","プロ（演出多め）"
"LP-01496","農業・地方の生産者｜クラウドファンディング支援LP（和モダン・スクロールで商品が回転/分解）","プロ（演出多め）"
"LP-01497","美容クリニック｜リード獲得（資料請求・問い合わせ）LP（ラグジュアリー・高級感・背景動画ループ＋オーバーレイ）","プロ（演出多め）"
"LP-01498","美容室・ヘアサロン｜LINE友だち追加LP（ラグジュアリー・高級感・左テキスト×右商品/人物）","プロ（演出多め）"
"LP-01499","建築設計事務所｜採用エントリーLP（ハンドメイド・手書き・全面写真＋中央キャッチ）","プロ（演出多め）"
"LP-01500","士業（税理士・弁護士・行政書士）｜セミナー・ウェビナー集客LP（和モダン・イラスト主体）","プロ（演出多め）"
"LP-01501","ホテル・旅館｜リード獲得（資料請求・問い合わせ）LP（ダーク・シネマティック・超大型タイポグラフィ）","プロ（演出多め）"
"LP-01502","パーソナルジム・フィットネス｜リード獲得（資料請求・問い合わせ）LP（クール・テック・写真コラージュ）","プロ（演出多め）"
"LP-01503","YouTuber・インフルエンサー｜リード獲得（資料請求・問い合わせ）LP（ニューブルータリズム・写真コラージュ）","プロ（演出多め）"
"LP-01504","歯科医院｜無料体験・カウンセリング予約LP（ナチュラル・オーガニック・スクロールで商品が回転/分解）","プロ（演出多め）"
"LP-01505","和菓子・スイーツ｜リード獲得（資料請求・問い合わせ）LP（パステル・ドリーミー・全面写真＋中央キャッチ）","プロ（演出多め）"
"LP-01506","スマホアプリ｜採用エントリーLP（3D・クレイ・ジェネラティブ背景＋コピー）","プロ（演出多め）"
"LP-01507","ヨガ・ピラティス｜LINE友だち追加LP（ナチュラル・オーガニック・スクロールで商品が回転/分解）","プロ（演出多め）"
"LP-01508","スマホアプリ｜商品購入（単品通販）LP（ポップ・カラフル・超大型タイポグラフィ）","プロ（演出多め）"
"LP-01509","占い・スピリチュアル｜リード獲得（資料請求・問い合わせ）LP（ラグジュアリー・高級感・ジェネラティブ背景＋コピー）","上級"
"LP-01510","Web制作・デザイン事務所｜リード獲得（資料請求・問い合わせ）LP（ナチュラル・オーガニック・背景動画ループ＋オーバーレイ）","プロ（演出多め）"
"LP-01511","内科・クリニック｜LINE友だち追加LP（信頼・誠実（コーポレート）・背景動画ループ＋オーバーレイ）","プロ（演出多め）"
"LP-01512","自動車・バイク｜リード獲得（資料請求・問い合わせ）LP（クール・テック・実績数字ドーン）","プロ（演出多め）"
"LP-01513","ゲーム・eスポーツ｜会員登録・アプリDLLP（ネオン・サイバー・背景動画ループ＋オーバーレイ）","プロ（演出多め）"
"LP-01514","NPO・地方自治体｜リード獲得（資料請求・問い合わせ）LP（ナチュラル・オーガニック・左テキスト×右商品/人物）","プロ（演出多め）"
"LP-01515","ゲーム・eスポーツ｜会員登録・アプリDLLP（エネルギッシュ・スポーティ・スクロールで商品が回転/分解）","上級"
"LP-01516","内科・クリニック｜LINE友だち追加LP（信頼・誠実（コーポレート）・左テキスト×右商品/人物）","プロ（演出多め）"
"LP-01517","金融・保険・投資｜採用エントリーLP（ラグジュアリー・高級感・イラスト主体）","プロ（演出多め）"
"LP-01518","美容室・ヘアサロン｜LINE友だち追加LP（北欧・ライフスタイル・左テキスト×右商品/人物）","プロ（演出多め）"
"LP-01519","美容クリニック｜無料体験・カウンセリング予約LP（ミニマル・洗練・全面写真＋中央キャッチ）","プロ（演出多め）"
"LP-01520","採用・求人｜リード獲得（資料請求・問い合わせ）LP（ポップ・カラフル・写真コラージュ）","プロ（演出多め）"
"LP-01521","スマホアプリ｜採用エントリーLP（グラスモーフィズム・写真コラージュ）","プロ（演出多め）"
"LP-01522","パーソナルジム・フィットネス｜無料体験・カウンセリング予約LP（エネルギッシュ・スポーティ・イラスト主体）","プロ（演出多め）"
"LP-01523","ゲーム・eスポーツ｜採用エントリーLP（エネルギッシュ・スポーティ・超大型タイポグラフィ）","プロ（演出多め）"
"LP-01524","占い・スピリチュアル｜リード獲得（資料請求・問い合わせ）LP（ラグジュアリー・高級感・写真コラージュ）","プロ（演出多め）"
"LP-01525","パーソナルジム・フィットネス｜リード獲得（資料請求・問い合わせ）LP（エネルギッシュ・スポーティ・全面写真＋中央キャッチ）","プロ（演出多め）"
"LP-01526","ゲーム・eスポーツ｜採用エントリーLP（レトロ・Y2K・背景動画ループ＋オーバーレイ）","プロ（演出多め）"
"LP-01527","レストラン・居酒屋｜リード獲得（資料請求・問い合わせ）LP（和モダン・スクロールで商品が回転/分解）","プロ（演出多め）"
"LP-01528","AIサービス・スタートアップ｜採用エントリーLP（ミニマル・洗練・実績数字ドーン）","プロ（演出多め）"
"LP-01529","コンサル・コーチング｜無料体験・カウンセリング予約LP（信頼・誠実（コーポレート）・背景動画ループ＋オーバーレイ）","上級"
"LP-01530","スマホアプリ｜商品購入（単品通販）LP（ポップ・カラフル・実績数字ドーン）","上級"
"LP-01531","サウナ・温浴施設｜採用エントリーLP（レトロ・Y2K・イラスト主体）","プロ（演出多め）"
"LP-01532","金融・保険・投資｜無料体験・カウンセリング予約LP（ニューブルータリズム・左テキスト×右商品/人物）","プロ（演出多め）"
"LP-01533","カフェ・ベーカリー｜LINE友だち追加LP（エディトリアル・雑誌風・左テキスト×右商品/人物）","プロ（演出多め）"
"LP-01534","金融・保険・投資｜リード獲得（資料請求・問い合わせ）LP（信頼・誠実（コーポレート）・左テキスト×右商品/人物）","プロ（演出多め）"
"LP-01535","工務店・注文住宅・リフォーム｜リード獲得（資料請求・問い合わせ）LP（ミニマル・洗練・背景動画ループ＋オーバーレイ）","プロ（演出多め）"
"LP-01536","AIサービス・スタートアップ｜リード獲得（資料請求・問い合わせ）LP（グラスモーフィズム・背景動画ループ＋オーバーレイ）","プロ（演出多め）"
"LP-01537","ゲーム・eスポーツ｜採用エントリーLP（エネルギッシュ・スポーティ・左テキスト×右商品/人物）","プロ（演出多め）"
"LP-01538","自動車・バイク｜リード獲得（資料請求・問い合わせ）LP（ダーク・シネマティック・実績数字ドーン）","プロ（演出多め）"
"LP-01539","引越し・生活サービス｜採用エントリーLP（ミニマル・洗練・実績数字ドーン）","プロ（演出多め）"
"LP-01540","保育園・幼児教育・習い事｜無料体験・カウンセリング予約LP（かわいい・ガーリー・デバイスモックアップ浮遊）","プロ（演出多め）"
"LP-01541","カフェ・ベーカリー｜採用エントリーLP（北欧・ライフスタイル・スクロールで商品が回転/分解）","プロ（演出多め）"
"LP-01542","内科・クリニック｜リード獲得（資料請求・問い合わせ）LP（ナチュラル・オーガニック・ジェネラティブ背景＋コピー）","プロ（演出多め）"
"LP-01543","農業・地方の生産者｜リード獲得（資料請求・問い合わせ）LP（ハンドメイド・手書き・イラスト主体）","プロ（演出多め）"
"LP-01544","AIサービス・スタートアップ｜会員登録・アプリDLLP（ミニマル・洗練・背景動画ループ＋オーバーレイ）","プロ（演出多め）"
"LP-01545","工務店・注文住宅・リフォーム｜LINE友だち追加LP（ナチュラル・オーガニック・全面写真＋中央キャッチ）","プロ（演出多め）"
"LP-01546","エステ・脱毛サロン｜無料体験・カウンセリング予約LP（北欧・ライフスタイル・背景動画ループ＋オーバーレイ）","プロ（演出多め）"
"LP-01547","SaaS・BtoBツール｜採用エントリーLP（3D・クレイ・実績数字ドーン）","プロ（演出多め）"
"LP-01548","採用・求人｜採用エントリーLP（3D・クレイ・全面写真＋中央キャッチ）","プロ（演出多め）"
"LP-01549","Web制作・デザイン事務所｜リード獲得（資料請求・問い合わせ）LP（ダーク・シネマティック・スクロールで商品が回転/分解）","プロ（演出多め）"
"LP-01550","英会話・語学｜会員登録・アプリDLLP（3D・クレイ・イラスト主体）","プロ（演出多め）"
"LP-01551","アパレル・ファッションEC｜リード獲得（資料請求・問い合わせ）LP（ミニマル・洗練・背景動画ループ＋オーバーレイ）","プロ（演出多め）"
"LP-01552","コンサル・コーチング｜採用エントリーLP（ミニマル・洗練・背景動画ループ＋オーバーレイ）","プロ（演出多め）"
"LP-01553","自動車・バイク｜採用エントリーLP（エネルギッシュ・スポーティ・実績数字ドーン）","プロ（演出多め）"
"LP-01554","ウェディング・結婚相談所｜リード獲得（資料請求・問い合わせ）LP（ミニマル・洗練・写真コラージュ）","プロ（演出多め）"
"LP-01555","和菓子・スイーツ｜リード獲得（資料請求・問い合わせ）LP（和モダン・実績数字ドーン）","プロ（演出多め）"
"LP-01556","パーソナルジム・フィットネス｜LINE友だち追加LP（グラスモーフィズム・イラスト主体）","プロ（演出多め）"
"LP-01557","美容室・ヘアサロン｜採用エントリーLP（ラグジュアリー・高級感・左テキスト×右商品/人物）","プロ（演出多め）"
"LP-01558","Web制作・デザイン事務所｜採用エントリーLP（ダーク・シネマティック・ジェネラティブ背景＋コピー）","プロ（演出多め）"
"LP-01559","士業（税理士・弁護士・行政書士）｜無料体験・カウンセリング予約LP（ミニマル・洗練・スクロールで商品が回転/分解）","プロ（演出多め）"
"LP-01560","Web制作・デザイン事務所｜セミナー・ウェビナー集客LP（エディトリアル・雑誌風・イラスト主体）","プロ（演出多め）"
"LP-01561","ウェディング・結婚相談所｜無料体験・カウンセリング予約LP（かわいい・ガーリー・写真コラージュ）","プロ（演出多め）"
"LP-01562","カフェ・ベーカリー｜LINE友だち追加LP（ナチュラル・オーガニック・写真コラージュ）","プロ（演出多め）"
"LP-01563","農業・地方の生産者｜リード獲得（資料請求・問い合わせ）LP（和モダン・実績数字ドーン）","プロ（演出多め）"
"LP-01564","NPO・地方自治体｜採用エントリーLP（ジオメトリック・グラフィカル・デバイスモックアップ浮遊）","プロ（演出多め）"
"LP-01565","スマホアプリ｜会員登録・アプリDLLP（3D・クレイ・写真コラージュ）","プロ（演出多め）"
"LP-01566","スマホアプリ｜商品購入（単品通販）LP（クール・テック・イラスト主体）","プロ（演出多め）"
"LP-01567","クラウドファンディング・新商品｜リード獲得（資料請求・問い合わせ）LP（クール・テック・デバイスモックアップ浮遊）","プロ（演出多め）"
"LP-01568","音楽・ライブ・イベント｜リード獲得（資料請求・問い合わせ）LP（ニューブルータリズム・スクロールで商品が回転/分解）","プロ（演出多め）"
"LP-01569","和菓子・スイーツ｜LINE友だち追加LP（ミニマル・洗練・スクロールで商品が回転/分解）","プロ（演出多め）"
"LP-01570","スクール・オンライン講座｜採用エントリーLP（3D・クレイ・写真コラージュ）","プロ（演出多め）"
"LP-01571","不動産・マンション｜セミナー・ウェビナー集客LP（信頼・誠実（コーポレート）・実績数字ドーン）","上級"
"LP-01572","不動産・マンション｜無料体験・カウンセリング予約LP（ミニマル・洗練・ジェネラティブ背景＋コピー）","プロ（演出多め）"
"LP-01573","クラウドファンディング・新商品｜商品購入（単品通販）LP（ミニマル・洗練・イラスト主体）","プロ（演出多め）"
"LP-01574","食品・産直EC｜リード獲得（資料請求・問い合わせ）LP（ナチュラル・オーガニック・イラスト主体）","プロ（演出多め）"
"LP-01575","内科・クリニック｜採用エントリーLP（北欧・ライフスタイル・デバイスモックアップ浮遊）","プロ（演出多め）"
"LP-01576","ペット・トリミング・動物病院｜LINE友だち追加LP（3D・クレイ・全面写真＋中央キャッチ）","プロ（演出多め）"
"LP-01577","工務店・注文住宅・リフォーム｜無料体験・カウンセリング予約LP（ダーク・シネマティック・スクロールで商品が回転/分解）","プロ（演出多め）"
"LP-01578","美容クリニック｜LINE友だち追加LP（ミニマル・洗練・左テキスト×右商品/人物）","プロ（演出多め）"
"LP-01579","観光・地域プロモーション｜クラウドファンディング支援LP（グラスモーフィズム・イラスト主体）","プロ（演出多め）"
"LP-01580","エステ・脱毛サロン｜採用エントリーLP（パステル・ドリーミー・左テキスト×右商品/人物）","プロ（演出多め）"
"LP-01581","不動産・マンション｜無料体験・カウンセリング予約LP（ダーク・シネマティック・実績数字ドーン）","プロ（演出多め）"
"LP-01582","プログラミングスクール｜採用エントリーLP（北欧・ライフスタイル・左テキスト×右商品/人物）","プロ（演出多め）"
"LP-01583","AIサービス・スタートアップ｜会員登録・アプリDLLP（エネルギッシュ・スポーティ・実績数字ドーン）","プロ（演出多め）"
"LP-01584","NPO・地方自治体｜クラウドファンディング支援LP（信頼・誠実（コーポレート）・デバイスモックアップ浮遊）","プロ（演出多め）"
"LP-01585","Web制作・デザイン事務所｜採用エントリーLP（クール・テック・左テキスト×右商品/人物）","プロ（演出多め）"
"LP-01586","パーソナルジム・フィットネス｜リード獲得（資料請求・問い合わせ）LP（エネルギッシュ・スポーティ・左テキスト×右商品/人物）","上級"
"LP-01587","英会話・語学｜会員登録・アプリDLLP（3D・クレイ・イラスト主体）","プロ（演出多め）"
"LP-01588","カフェ・ベーカリー｜採用エントリーLP（ニューブルータリズム・デバイスモックアップ浮遊）","プロ（演出多め）"
"LP-01589","占い・スピリチュアル｜リード獲得（資料請求・問い合わせ）LP（パステル・ドリーミー・スクロールで商品が回転/分解）","プロ（演出多め）"
"LP-01590","クラウドファンディング・新商品｜クラウドファンディング支援LP（ナチュラル・オーガニック・全面写真＋中央キャッチ）","プロ（演出多め）"
"LP-01591","コスメ・スキンケア｜商品購入（単品通販）LP（ナチュラル・オーガニック・全面写真＋中央キャッチ）","プロ（演出多め）"
"LP-01592","ペット・トリミング・動物病院｜無料体験・カウンセリング予約LP（かわいい・ガーリー・写真コラージュ）","プロ（演出多め）"
"LP-01593","引越し・生活サービス｜LINE友だち追加LP（3D・クレイ・左テキスト×右商品/人物）","プロ（演出多め）"
"LP-01594","YouTuber・インフルエンサー｜リード獲得（資料請求・問い合わせ）LP（ネオン・サイバー・デバイスモックアップ浮遊）","プロ（演出多め）"
"LP-01595","ホテル・旅館｜リード獲得（資料請求・問い合わせ）LP（3D・クレイ・実績数字ドーン）","プロ（演出多め）"
"LP-01596","不動産・マンション｜無料体験・カウンセリング予約LP（ダーク・シネマティック・スクロールで商品が回転/分解）","プロ（演出多め）"
"LP-01597","農業・地方の生産者｜リード獲得（資料請求・問い合わせ）LP（和モダン・スクロールで商品が回転/分解）","プロ（演出多め）"
"LP-01598","引越し・生活サービス｜LINE友だち追加LP（信頼・誠実（コーポレート）・全面写真＋中央キャッチ）","プロ（演出多め）"
"LP-01599","Web制作・デザイン事務所｜リード獲得（資料請求・問い合わせ）LP（エディトリアル・雑誌風・背景動画ループ＋オーバーレイ）","プロ（演出多め）"
"LP-01600","食品・産直EC｜採用エントリーLP（ハンドメイド・手書き・全面写真＋中央キャッチ）","プロ（演出多め）"
"LP-01601","工務店・注文住宅・リフォーム｜リード獲得（資料請求・問い合わせ）LP（北欧・ライフスタイル・写真コラージュ）","プロ（演出多め）"
"LP-01602","アパレル・ファッションEC｜リード獲得（資料請求・問い合わせ）LP（レトロ・Y2K・実績数字ドーン）","プロ（演出多め）"
"LP-01603","レストラン・居酒屋｜リード獲得（資料請求・問い合わせ）LP（信頼・誠実（コーポレート）・左テキスト×右商品/人物）","プロ（演出多め）"
"LP-01604","YouTuber・インフルエンサー｜会員登録・アプリDLLP（ネオン・サイバー・ジェネラティブ背景＋コピー）","プロ（演出多め）"
"LP-01605","英会話・語学｜リード獲得（資料請求・問い合わせ）LP（ジオメトリック・グラフィカル・背景動画ループ＋オーバーレイ）","プロ（演出多め）"
"LP-01606","美容クリニック｜無料体験・カウンセリング予約LP（ミニマル・洗練・イラスト主体）","プロ（演出多め）"
"LP-01607","内科・クリニック｜リード獲得（資料請求・問い合わせ）LP（3D・クレイ・スクロールで商品が回転/分解）","上級"
"LP-01608","歯科医院｜LINE友だち追加LP（ミニマル・洗練・超大型タイポグラフィ）","上級"
"LP-01609","エステ・脱毛サロン｜LINE友だち追加LP（かわいい・ガーリー・左テキスト×右商品/人物）","プロ（演出多め）"
"LP-01610","ウェディング・結婚相談所｜採用エントリーLP（ラグジュアリー・高級感・実績数字ドーン）","プロ（演出多め）"
"LP-01611","SaaS・BtoBツール｜会員登録・アプリDLLP（クール・テック・全面写真＋中央キャッチ）","プロ（演出多め）"
"LP-01612","内科・クリニック｜無料体験・カウンセリング予約LP（ナチュラル・オーガニック・イラスト主体）","上級"
"LP-01613","士業（税理士・弁護士・行政書士）｜採用エントリーLP（信頼・誠実（コーポレート）・全面写真＋中央キャッチ）","プロ（演出多め）"
"LP-01614","アパレル・ファッションEC｜商品購入（単品通販）LP（ニューブルータリズム・超大型タイポグラフィ）","プロ（演出多め）"
"LP-01615","ホテル・旅館｜LINE友だち追加LP（ラグジュアリー・高級感・スクロールで商品が回転/分解）","上級"
"LP-01616","スマホアプリ｜無料体験・カウンセリング予約LP（3D・クレイ・写真コラージュ）","プロ（演出多め）"
"LP-01617","NPO・地方自治体｜リード獲得（資料請求・問い合わせ）LP（ナチュラル・オーガニック・イラスト主体）","プロ（演出多め）"
"LP-01618","パーソナルジム・フィットネス｜無料体験・カウンセリング予約LP（クール・テック・左テキスト×右商品/人物）","プロ（演出多め）"
"LP-01619","不動産・マンション｜採用エントリーLP（クール・テック・写真コラージュ）","プロ（演出多め）"
"LP-01620","SaaS・BtoBツール｜リード獲得（資料請求・問い合わせ）LP（3D・クレイ・超大型タイポグラフィ）","プロ（演出多め）"
"LP-01621","クラウドファンディング・新商品｜リード獲得（資料請求・問い合わせ）LP（クール・テック・イラスト主体）","プロ（演出多め）"
"LP-01622","エステ・脱毛サロン｜リード獲得（資料請求・問い合わせ）LP（パステル・ドリーミー・ジェネラティブ背景＋コピー）","プロ（演出多め）"
"LP-01623","占い・スピリチュアル｜LINE友だち追加LP（和モダン・超大型タイポグラフィ）","プロ（演出多め）"
"LP-01624","SaaS・BtoBツール｜会員登録・アプリDLLP（エネルギッシュ・スポーティ・写真コラージュ）","プロ（演出多め）"
"LP-01625","コスメ・スキンケア｜採用エントリーLP（ラグジュアリー・高級感・ジェネラティブ背景＋コピー）","プロ（演出多め）"
"LP-01626","音楽・ライブ・イベント｜採用エントリーLP（レトロ・Y2K・全面写真＋中央キャッチ）","プロ（演出多め）"
"LP-01627","SaaS・BtoBツール｜セミナー・ウェビナー集客LP（信頼・誠実（コーポレート）・イラスト主体）","プロ（演出多め）"
"LP-01628","サウナ・温浴施設｜無料体験・カウンセリング予約LP（和モダン・写真コラージュ）","プロ（演出多め）"
"LP-01629","美容クリニック｜無料体験・カウンセリング予約LP（北欧・ライフスタイル・全面写真＋中央キャッチ）","プロ（演出多め）"
"LP-01630","アパレル・ファッションEC｜商品購入（単品通販）LP（エディトリアル・雑誌風・イラスト主体）","プロ（演出多め）"
"LP-01631","音楽・ライブ・イベント｜クラウドファンディング支援LP（ニューブルータリズム・背景動画ループ＋オーバーレイ）","プロ（演出多め）"
"LP-01632","レストラン・居酒屋｜採用エントリーLP（レトロ・Y2K・左テキスト×右商品/人物）","プロ（演出多め）"
"LP-01633","カフェ・ベーカリー｜リード獲得（資料請求・問い合わせ）LP（北欧・ライフスタイル・ジェネラティブ背景＋コピー）","プロ（演出多め）"
"LP-01634","プログラミングスクール｜無料体験・カウンセリング予約LP（ポップ・カラフル・超大型タイポグラフィ）","プロ（演出多め）"
"LP-01635","ペット・トリミング・動物病院｜商品購入（単品通販）LP（3D・クレイ・超大型タイポグラフィ）","プロ（演出多め）"
"LP-01636","採用・求人｜採用エントリーLP（エネルギッシュ・スポーティ・背景動画ループ＋オーバーレイ）","プロ（演出多め）"
"LP-01637","引越し・生活サービス｜採用エントリーLP（3D・クレイ・ジェネラティブ背景＋コピー）","プロ（演出多め）"
"LP-01638","ゲーム・eスポーツ｜リード獲得（資料請求・問い合わせ）LP（ダーク・シネマティック・写真コラージュ）","プロ（演出多め）"
"LP-01639","建築設計事務所｜採用エントリーLP（エディトリアル・雑誌風・デバイスモックアップ浮遊）","プロ（演出多め）"
"LP-01640","YouTuber・インフルエンサー｜採用エントリーLP（ナチュラル・オーガニック・写真コラージュ）","プロ（演出多め）"
"LP-01641","歯科医院｜LINE友だち追加LP（ミニマル・洗練・背景動画ループ＋オーバーレイ）","プロ（演出多め）"
"LP-01642","ヨガ・ピラティス｜LINE友だち追加LP（ミニマル・洗練・超大型タイポグラフィ）","プロ（演出多め）"
"LP-01643","カフェ・ベーカリー｜採用エントリーLP（北欧・ライフスタイル・ジェネラティブ背景＋コピー）","プロ（演出多め）"
"LP-01644","ホテル・旅館｜採用エントリーLP（和モダン・ジェネラティブ背景＋コピー）","プロ（演出多め）"
"LP-01645","ゲーム・eスポーツ｜会員登録・アプリDLLP（北欧・ライフスタイル・ジェネラティブ背景＋コピー）","プロ（演出多め）"
"LP-01646","NPO・地方自治体｜リード獲得（資料請求・問い合わせ）LP（ハンドメイド・手書き・デバイスモックアップ浮遊）","プロ（演出多め）"
"LP-01647","プログラミングスクール｜リード獲得（資料請求・問い合わせ）LP（ニューブルータリズム・ジェネラティブ背景＋コピー）","プロ（演出多め）"
"LP-01648","ペット・トリミング・動物病院｜LINE友だち追加LP（ナチュラル・オーガニック・デバイスモックアップ浮遊）","プロ（演出多め）"
"LP-01649","金融・保険・投資｜採用エントリーLP（信頼・誠実（コーポレート）・写真コラージュ）","プロ（演出多め）"
"LP-01650","コスメ・スキンケア｜採用エントリーLP（ナチュラル・オーガニック・超大型タイポグラフィ）","プロ（演出多め）"
"LP-01651","SaaS・BtoBツール｜採用エントリーLP（クール・テック・背景動画ループ＋オーバーレイ）","プロ（演出多め）"
"LP-01652","和菓子・スイーツ｜LINE友だち追加LP（ハンドメイド・手書き・写真コラージュ）","プロ（演出多め）"
"LP-01653","自動車・バイク｜採用エントリーLP（エネルギッシュ・スポーティ・ジェネラティブ背景＋コピー）","上級"
"LP-01654","スマホアプリ｜商品購入（単品通販）LP（グラスモーフィズム・デバイスモックアップ浮遊）","プロ（演出多め）"
"LP-01655","美容室・ヘアサロン｜リード獲得（資料請求・問い合わせ）LP（エディトリアル・雑誌風・ジェネラティブ背景＋コピー）","プロ（演出多め）"
"LP-01656","歯科医院｜無料体験・カウンセリング予約LP（信頼・誠実（コーポレート）・デバイスモックアップ浮遊）","プロ（演出多め）"
"LP-01657","内科・クリニック｜LINE友だち追加LP（ナチュラル・オーガニック・デバイスモックアップ浮遊）","プロ（演出多め）"
"LP-01658","引越し・生活サービス｜採用エントリーLP（ポップ・カラフル・全面写真＋中央キャッチ）","プロ（演出多め）"
"LP-01659","ホテル・旅館｜リード獲得（資料請求・問い合わせ）LP（ラグジュアリー・高級感・写真コラージュ）","プロ（演出多め）"
"LP-01660","レストラン・居酒屋｜LINE友だち追加LP（レトロ・Y2K・左テキスト×右商品/人物）","プロ（演出多め）"
"LP-01661","プログラミングスクール｜リード獲得（資料請求・問い合わせ）LP（北欧・ライフスタイル・左テキスト×右商品/人物）","プロ（演出多め）"
"LP-01662","レストラン・居酒屋｜LINE友だち追加LP（ミニマル・洗練・イラスト主体）","プロ（演出多め）"
"LP-01663","コスメ・スキンケア｜リード獲得（資料請求・問い合わせ）LP（ナチュラル・オーガニック・写真コラージュ）","プロ（演出多め）"
"LP-01664","工務店・注文住宅・リフォーム｜リード獲得（資料請求・問い合わせ）LP（エネルギッシュ・スポーティ・デバイスモックアップ浮遊）","プロ（演出多め）"
"LP-01665","工務店・注文住宅・リフォーム｜無料体験・カウンセリング予約LP（エディトリアル・雑誌風・超大型タイポグラフィ）","プロ（演出多め）"
"LP-01666","コンサル・コーチング｜セミナー・ウェビナー集客LP（ラグジュアリー・高級感・超大型タイポグラフィ）","プロ（演出多め）"
"LP-01667","AIサービス・スタートアップ｜セミナー・ウェビナー集客LP（グラスモーフィズム・ジェネラティブ背景＋コピー）","プロ（演出多め）"
"LP-01668","英会話・語学｜無料体験・カウンセリング予約LP（ジオメトリック・グラフィカル・背景動画ループ＋オーバーレイ）","プロ（演出多め）"
"LP-01669","パーソナルジム・フィットネス｜無料体験・カウンセリング予約LP（エネルギッシュ・スポーティ・全面写真＋中央キャッチ）","プロ（演出多め）"
"LP-01670","ヨガ・ピラティス｜LINE友だち追加LP（パステル・ドリーミー・イラスト主体）","プロ（演出多め）"
"LP-01671","内科・クリニック｜採用エントリーLP（北欧・ライフスタイル・デバイスモックアップ浮遊）","プロ（演出多め）"
"LP-01672","音楽・ライブ・イベント｜採用エントリーLP（ダーク・シネマティック・超大型タイポグラフィ）","上級"
"LP-01673","音楽・ライブ・イベント｜クラウドファンディング支援LP（ニューブルータリズム・写真コラージュ）","プロ（演出多め）"
"LP-01674","工務店・注文住宅・リフォーム｜セミナー・ウェビナー集客LP（ミニマル・洗練・左テキスト×右商品/人物）","プロ（演出多め）"
"LP-01675","美容室・ヘアサロン｜LINE友だち追加LP（ミニマル・洗練・背景動画ループ＋オーバーレイ）","上級"
"LP-01676","音楽・ライブ・イベント｜リード獲得（資料請求・問い合わせ）LP（ネオン・サイバー・左テキスト×右商品/人物）","プロ（演出多め）"
"LP-01677","金融・保険・投資｜会員登録・アプリDLLP（パステル・ドリーミー・左テキスト×右商品/人物）","プロ（演出多め）"
"LP-01678","士業（税理士・弁護士・行政書士）｜セミナー・ウェビナー集客LP（和モダン・背景動画ループ＋オーバーレイ）","プロ（演出多め）"
"LP-01679","建築設計事務所｜リード獲得（資料請求・問い合わせ）LP（エディトリアル・雑誌風・ジェネラティブ背景＋コピー）","プロ（演出多め）"
"LP-01680","和菓子・スイーツ｜採用エントリーLP（エディトリアル・雑誌風・実績数字ドーン）","プロ（演出多め）"
"LP-01681","ヨガ・ピラティス｜無料体験・カウンセリング予約LP（北欧・ライフスタイル・イラスト主体）","上級"
"LP-01682","農業・地方の生産者｜リード獲得（資料請求・問い合わせ）LP（和モダン・左テキスト×右商品/人物）","プロ（演出多め）"
"LP-01683","観光・地域プロモーション｜採用エントリーLP（ハンドメイド・手書き・背景動画ループ＋オーバーレイ）","プロ（演出多め）"
"LP-01684","コスメ・スキンケア｜商品購入（単品通販）LP（ナチュラル・オーガニック・全面写真＋中央キャッチ）","プロ（演出多め）"
"LP-01685","カフェ・ベーカリー｜LINE友だち追加LP（北欧・ライフスタイル・背景動画ループ＋オーバーレイ）","プロ（演出多め）"
"LP-01686","ペット・トリミング・動物病院｜採用エントリーLP（ナチュラル・オーガニック・超大型タイポグラフィ）","プロ（演出多め）"
"LP-01687","カフェ・ベーカリー｜LINE友だち追加LP（エディトリアル・雑誌風・全面写真＋中央キャッチ）","プロ（演出多め）"
"LP-01688","農業・地方の生産者｜採用エントリーLP（ナチュラル・オーガニック・左テキスト×右商品/人物）","プロ（演出多め）"
"LP-01689","スクール・オンライン講座｜セミナー・ウェビナー集客LP（クール・テック・全面写真＋中央キャッチ）","プロ（演出多め）"
"LP-01690","AIサービス・スタートアップ｜セミナー・ウェビナー集客LP（ミニマル・洗練・全面写真＋中央キャッチ）","プロ（演出多め）"
"LP-01691","SaaS・BtoBツール｜リード獲得（資料請求・問い合わせ）LP（クール・テック・左テキスト×右商品/人物）","プロ（演出多め）"
"LP-01692","自動車・バイク｜採用エントリーLP（ラグジュアリー・高級感・デバイスモックアップ浮遊）","プロ（演出多め）"
"LP-01693","Web制作・デザイン事務所｜セミナー・ウェビナー集客LP（ダーク・シネマティック・イラスト主体）","プロ（演出多め）"
"LP-01694","プログラミングスクール｜無料体験・カウンセリング予約LP（ポップ・カラフル・左テキスト×右商品/人物）","プロ（演出多め）"
"LP-01695","食品・産直EC｜商品購入（単品通販）LP（信頼・誠実（コーポレート）・超大型タイポグラフィ）","プロ（演出多め）"
"LP-01696","不動産・マンション｜採用エントリーLP（ダーク・シネマティック・実績数字ドーン）","プロ（演出多め）"
"LP-01697","自動車・バイク｜採用エントリーLP（エネルギッシュ・スポーティ・イラスト主体）","プロ（演出多め）"
"LP-01698","SaaS・BtoBツール｜会員登録・アプリDLLP（3D・クレイ・背景動画ループ＋オーバーレイ）","上級"
"LP-01699","エステ・脱毛サロン｜採用エントリーLP（ニューブルータリズム・背景動画ループ＋オーバーレイ）","プロ（演出多め）"
"LP-01700","引越し・生活サービス｜リード獲得（資料請求・問い合わせ）LP（信頼・誠実（コーポレート）・背景動画ループ＋オーバーレイ）","プロ（演出多め）"
"LP-01701","パーソナルジム・フィットネス｜LINE友だち追加LP（クール・テック・イラスト主体）","プロ（演出多め）"
"LP-01702","カフェ・ベーカリー｜採用エントリーLP（ナチュラル・オーガニック・超大型タイポグラフィ）","プロ（演出多め）"
"LP-01703","不動産・マンション｜採用エントリーLP（ニューブルータリズム・ジェネラティブ背景＋コピー）","プロ（演出多め）"
"LP-01704","サウナ・温浴施設｜無料体験・カウンセリング予約LP（レトロ・Y2K・スクロールで商品が回転/分解）","上級"
"LP-01705","エステ・脱毛サロン｜採用エントリーLP（パステル・ドリーミー・実績数字ドーン）","プロ（演出多め）"
"LP-01706","コスメ・スキンケア｜リード獲得（資料請求・問い合わせ）LP（ミニマル・洗練・ジェネラティブ背景＋コピー）","プロ（演出多め）"
"LP-01707","保育園・幼児教育・習い事｜採用エントリーLP（ネオン・サイバー・実績数字ドーン）","プロ（演出多め）"
"LP-01708","金融・保険・投資｜リード獲得（資料請求・問い合わせ）LP（信頼・誠実（コーポレート）・スクロールで商品が回転/分解）","プロ（演出多め）"
"LP-01709","アパレル・ファッションEC｜商品購入（単品通販）LP（ミニマル・洗練・写真コラージュ）","プロ（演出多め）"
"LP-01710","パーソナルジム・フィットネス｜無料体験・カウンセリング予約LP（エネルギッシュ・スポーティ・全面写真＋中央キャッチ）","プロ（演出多め）"
"LP-01711","美容クリニック｜採用エントリーLP（ラグジュアリー・高級感・スクロールで商品が回転/分解）","プロ（演出多め）"
"LP-01712","パーソナルジム・フィットネス｜LINE友だち追加LP（北欧・ライフスタイル・左テキスト×右商品/人物）","プロ（演出多め）"
"LP-01713","コンサル・コーチング｜セミナー・ウェビナー集客LP（3D・クレイ・背景動画ループ＋オーバーレイ）","プロ（演出多め）"
"LP-01714","レストラン・居酒屋｜LINE友だち追加LP（和モダン・実績数字ドーン）","プロ（演出多め）"
"LP-01715","ヨガ・ピラティス｜リード獲得（資料請求・問い合わせ）LP（ナチュラル・オーガニック・デバイスモックアップ浮遊）","プロ（演出多め）"
"LP-01716","内科・クリニック｜LINE友だち追加LP（信頼・誠実（コーポレート）・全面写真＋中央キャッチ）","プロ（演出多め）"
"LP-01717","SaaS・BtoBツール｜無料体験・カウンセリング予約LP（グラスモーフィズム・全面写真＋中央キャッチ）","プロ（演出多め）"
"LP-01718","ヨガ・ピラティス｜無料体験・カウンセリング予約LP（ナチュラル・オーガニック・左テキスト×右商品/人物）","プロ（演出多め）"
"LP-01719","エステ・脱毛サロン｜無料体験・カウンセリング予約LP（かわいい・ガーリー・ジェネラティブ背景＋コピー）","プロ（演出多め）"
"LP-01720","士業（税理士・弁護士・行政書士）｜リード獲得（資料請求・問い合わせ）LP（ナチュラル・オーガニック・イラスト主体）","プロ（演出多め）"
"LP-01721","工務店・注文住宅・リフォーム｜LINE友だち追加LP（北欧・ライフスタイル・ジェネラティブ背景＋コピー）","プロ（演出多め）"
"LP-01722","アパレル・ファッションEC｜商品購入（単品通販）LP（レトロ・Y2K・実績数字ドーン）","プロ（演出多め）"
"LP-01723","YouTuber・インフルエンサー｜リード獲得（資料請求・問い合わせ）LP（ネオン・サイバー・スクロールで商品が回転/分解）","プロ（演出多め）"
"LP-01724","コンサル・コーチング｜リード獲得（資料請求・問い合わせ）LP（ミニマル・洗練・左テキスト×右商品/人物）","プロ（演出多め）"
"LP-01725","工務店・注文住宅・リフォーム｜リード獲得（資料請求・問い合わせ）LP（信頼・誠実（コーポレート）・スクロールで商品が回転/分解）","プロ（演出多め）"
"LP-01726","英会話・語学｜リード獲得（資料請求・問い合わせ）LP（グラスモーフィズム・イラスト主体）","プロ（演出多め）"
"LP-01727","コンサル・コーチング｜採用エントリーLP（信頼・誠実（コーポレート）・実績数字ドーン）","プロ（演出多め）"
"LP-01728","英会話・語学｜採用エントリーLP（ポップ・カラフル・背景動画ループ＋オーバーレイ）","プロ（演出多め）"
"LP-01729","レストラン・居酒屋｜リード獲得（資料請求・問い合わせ）LP（レトロ・Y2K・背景動画ループ＋オーバーレイ）","プロ（演出多め）"
"LP-01730","サウナ・温浴施設｜リード獲得（資料請求・問い合わせ）LP（レトロ・Y2K・超大型タイポグラフィ）","プロ（演出多め）"
"LP-01731","保育園・幼児教育・習い事｜リード獲得（資料請求・問い合わせ）LP（ハンドメイド・手書き・写真コラージュ）","プロ（演出多め）"
"LP-01732","自動車・バイク｜無料体験・カウンセリング予約LP（ダーク・シネマティック・全面写真＋中央キャッチ）","プロ（演出多め）"
"LP-01733","パーソナルジム・フィットネス｜LINE友だち追加LP（ダーク・シネマティック・背景動画ループ＋オーバーレイ）","プロ（演出多め）"
"LP-01734","保育園・幼児教育・習い事｜LINE友だち追加LP（ポップ・カラフル・写真コラージュ）","プロ（演出多め）"
"LP-01735","音楽・ライブ・イベント｜リード獲得（資料請求・問い合わせ）LP（ニューブルータリズム・全面写真＋中央キャッチ）","プロ（演出多め）"
"LP-01736","保育園・幼児教育・習い事｜リード獲得（資料請求・問い合わせ）LP（和モダン・超大型タイポグラフィ）","プロ（演出多め）"
"LP-01737","和菓子・スイーツ｜LINE友だち追加LP（和モダン・左テキスト×右商品/人物）","プロ（演出多め）"
"LP-01738","AIサービス・スタートアップ｜リード獲得（資料請求・問い合わせ）LP（エネルギッシュ・スポーティ・超大型タイポグラフィ）","プロ（演出多め）"
"LP-01739","ホテル・旅館｜リード獲得（資料請求・問い合わせ）LP（和モダン・スクロールで商品が回転/分解）","プロ（演出多め）"
"LP-01740","ヨガ・ピラティス｜LINE友だち追加LP（ナチュラル・オーガニック・背景動画ループ＋オーバーレイ）","プロ（演出多め）"
"LP-01741","スマホアプリ｜採用エントリーLP（クール・テック・背景動画ループ＋オーバーレイ）","プロ（演出多め）"
"LP-01742","エステ・脱毛サロン｜無料体験・カウンセリング予約LP（パステル・ドリーミー・写真コラージュ）","プロ（演出多め）"
"LP-01743","音楽・ライブ・イベント｜クラウドファンディング支援LP（ダーク・シネマティック・写真コラージュ）","プロ（演出多め）"
"LP-01744","パーソナルジム・フィットネス｜無料体験・カウンセリング予約LP（信頼・誠実（コーポレート）・超大型タイポグラフィ）","プロ（演出多め）"
"LP-01745","パーソナルジム・フィットネス｜無料体験・カウンセリング予約LP（エネルギッシュ・スポーティ・デバイスモックアップ浮遊）","プロ（演出多め）"
"LP-01746","採用・求人｜リード獲得（資料請求・問い合わせ）LP（エネルギッシュ・スポーティ・実績数字ドーン）","プロ（演出多め）"
"LP-01747","採用・求人｜採用エントリーLP（エディトリアル・雑誌風・イラスト主体）","プロ（演出多め）"
"LP-01748","スクール・オンライン講座｜無料体験・カウンセリング予約LP（信頼・誠実（コーポレート）・イラスト主体）","プロ（演出多め）"
"LP-01749","和菓子・スイーツ｜リード獲得（資料請求・問い合わせ）LP（かわいい・ガーリー・超大型タイポグラフィ）","上級"
"LP-01750","スマホアプリ｜採用エントリーLP（グラスモーフィズム・ジェネラティブ背景＋コピー）","プロ（演出多め）"
"LP-01751","パーソナルジム・フィットネス｜リード獲得（資料請求・問い合わせ）LP（ダーク・シネマティック・全面写真＋中央キャッチ）","プロ（演出多め）"
"LP-01752","スクール・オンライン講座｜採用エントリーLP（3D・クレイ・イラスト主体）","プロ（演出多め）"
"LP-01753","コンサル・コーチング｜リード獲得（資料請求・問い合わせ）LP（ミニマル・洗練・全面写真＋中央キャッチ）","プロ（演出多め）"
"LP-01754","食品・産直EC｜リード獲得（資料請求・問い合わせ）LP（和モダン・スクロールで商品が回転/分解）","プロ（演出多め）"
"LP-01755","カフェ・ベーカリー｜リード獲得（資料請求・問い合わせ）LP（レトロ・Y2K・全面写真＋中央キャッチ）","プロ（演出多め）"
"LP-01756","観光・地域プロモーション｜リード獲得（資料請求・問い合わせ）LP（ハンドメイド・手書き・写真コラージュ）","プロ（演出多め）"
"LP-01757","エステ・脱毛サロン｜リード獲得（資料請求・問い合わせ）LP（ラグジュアリー・高級感・ジェネラティブ背景＋コピー）","上級"
"LP-01758","食品・産直EC｜クラウドファンディング支援LP（ナチュラル・オーガニック・イラスト主体）","プロ（演出多め）"
"LP-01759","AIサービス・スタートアップ｜無料体験・カウンセリング予約LP（北欧・ライフスタイル・デバイスモックアップ浮遊）","プロ（演出多め）"
"LP-01760","ウェディング・結婚相談所｜リード獲得（資料請求・問い合わせ）LP（ラグジュアリー・高級感・イラスト主体）","プロ（演出多め）"
"LP-01761","引越し・生活サービス｜リード獲得（資料請求・問い合わせ）LP（信頼・誠実（コーポレート）・イラスト主体）","プロ（演出多め）"
"LP-01762","音楽・ライブ・イベント｜採用エントリーLP（ダーク・シネマティック・スクロールで商品が回転/分解）","プロ（演出多め）"
"LP-01763","工務店・注文住宅・リフォーム｜無料体験・カウンセリング予約LP（北欧・ライフスタイル・全面写真＋中央キャッチ）","プロ（演出多め）"
"LP-01764","パーソナルジム・フィットネス｜無料体験・カウンセリング予約LP（ダーク・シネマティック・超大型タイポグラフィ）","プロ（演出多め）"
"LP-01765","NPO・地方自治体｜クラウドファンディング支援LP（ポップ・カラフル・デバイスモックアップ浮遊）","プロ（演出多め）"
"LP-01766","レストラン・居酒屋｜LINE友だち追加LP（和モダン・写真コラージュ）","プロ（演出多め）"
"LP-01767","不動産・マンション｜無料体験・カウンセリング予約LP（ラグジュアリー・高級感・超大型タイポグラフィ）","プロ（演出多め）"
"LP-01768","ペット・トリミング・動物病院｜リード獲得（資料請求・問い合わせ）LP（ハンドメイド・手書き・写真コラージュ）","プロ（演出多め）"
"LP-01769","プログラミングスクール｜会員登録・アプリDLLP（ネオン・サイバー・写真コラージュ）","プロ（演出多め）"
"LP-01770","歯科医院｜LINE友だち追加LP（信頼・誠実（コーポレート）・スクロールで商品が回転/分解）","プロ（演出多め）"
"LP-01771","和菓子・スイーツ｜リード獲得（資料請求・問い合わせ）LP（ハンドメイド・手書き・写真コラージュ）","プロ（演出多め）"
"LP-01772","採用・求人｜リード獲得（資料請求・問い合わせ）LP（ポップ・カラフル・写真コラージュ）","プロ（演出多め）"
"LP-01773","工務店・注文住宅・リフォーム｜無料体験・カウンセリング予約LP（信頼・誠実（コーポレート）・イラスト主体）","上級"
"LP-01774","英会話・語学｜リード獲得（資料請求・問い合わせ）LP（ミニマル・洗練・イラスト主体）","プロ（演出多め）"
"LP-01775","和菓子・スイーツ｜LINE友だち追加LP（ナチュラル・オーガニック・イラスト主体）","プロ（演出多め）"
"LP-01776","サウナ・温浴施設｜LINE友だち追加LP（ナチュラル・オーガニック・左テキスト×右商品/人物）","上級"
"LP-01777","YouTuber・インフルエンサー｜会員登録・アプリDLLP（ニューブルータリズム・スクロールで商品が回転/分解）","プロ（演出多め）"
"LP-01778","美容クリニック｜リード獲得（資料請求・問い合わせ）LP（ラグジュアリー・高級感・実績数字ドーン）","上級"
"LP-01779","農業・地方の生産者｜クラウドファンディング支援LP（ポップ・カラフル・デバイスモックアップ浮遊）","プロ（演出多め）"
"LP-01780","ヨガ・ピラティス｜LINE友だち追加LP（パステル・ドリーミー・イラスト主体）","プロ（演出多め）"
"LP-01781","ペット・トリミング・動物病院｜LINE友だち追加LP（ナチュラル・オーガニック・全面写真＋中央キャッチ）","上級"
"LP-01782","士業（税理士・弁護士・行政書士）｜リード獲得（資料請求・問い合わせ）LP（和モダン・背景動画ループ＋オーバーレイ）","プロ（演出多め）"
"LP-01783","不動産・マンション｜無料体験・カウンセリング予約LP（ラグジュアリー・高級感・左テキスト×右商品/人物）","プロ（演出多め）"
"LP-01784","不動産・マンション｜セミナー・ウェビナー集客LP（3D・クレイ・全面写真＋中央キャッチ）","プロ（演出多め）"
"LP-01785","音楽・ライブ・イベント｜採用エントリーLP（和モダン・実績数字ドーン）","プロ（演出多め）"
"LP-01786","ゲーム・eスポーツ｜クラウドファンディング支援LP（ネオン・サイバー・超大型タイポグラフィ）","プロ（演出多め）"
"LP-01787","スマホアプリ｜会員登録・アプリDLLP（クール・テック・左テキスト×右商品/人物）","プロ（演出多め）"
"LP-01788","歯科医院｜LINE友だち追加LP（信頼・誠実（コーポレート）・超大型タイポグラフィ）","プロ（演出多め）"
"LP-01789","内科・クリニック｜採用エントリーLP（ニューブルータリズム・背景動画ループ＋オーバーレイ）","プロ（演出多め）"
"LP-01790","クラウドファンディング・新商品｜リード獲得（資料請求・問い合わせ）LP（ポップ・カラフル・左テキスト×右商品/人物）","プロ（演出多め）"
"LP-01791","自動車・バイク｜無料体験・カウンセリング予約LP（ダーク・シネマティック・超大型タイポグラフィ）","プロ（演出多め）"
"LP-01792","コンサル・コーチング｜セミナー・ウェビナー集客LP（パステル・ドリーミー・ジェネラティブ背景＋コピー）","プロ（演出多め）"
"LP-01793","美容室・ヘアサロン｜LINE友だち追加LP（ミニマル・洗練・超大型タイポグラフィ）","プロ（演出多め）"
"LP-01794","英会話・語学｜リード獲得（資料請求・問い合わせ）LP（ポップ・カラフル・イラスト主体）","プロ（演出多め）"
"LP-01795","英会話・語学｜リード獲得（資料請求・問い合わせ）LP（ポップ・カラフル・デバイスモックアップ浮遊）","プロ（演出多め）"
"LP-01796","和菓子・スイーツ｜LINE友だち追加LP（ナチュラル・オーガニック・全面写真＋中央キャッチ）","プロ（演出多め）"
"LP-01797","保育園・幼児教育・習い事｜LINE友だち追加LP（かわいい・ガーリー・全面写真＋中央キャッチ）","プロ（演出多め）"
"LP-01798","コスメ・スキンケア｜リード獲得（資料請求・問い合わせ）LP（グラスモーフィズム・左テキスト×右商品/人物）","プロ（演出多め）"
"LP-01799","AIサービス・スタートアップ｜リード獲得（資料請求・問い合わせ）LP（クール・テック・写真コラージュ）","プロ（演出多め）"
"LP-01800","金融・保険・投資｜会員登録・アプリDLLP（和モダン・スクロールで商品が回転/分解）","プロ（演出多め）"
"LP-01801","サウナ・温浴施設｜無料体験・カウンセリング予約LP（ナチュラル・オーガニック・スクロールで商品が回転/分解）","プロ（演出多め）"
"LP-01802","引越し・生活サービス｜採用エントリーLP（クール・テック・全面写真＋中央キャッチ）","プロ（演出多め）"
"LP-01803","スマホアプリ｜会員登録・アプリDLLP（3D・クレイ・ジェネラティブ背景＋コピー）","プロ（演出多め）"
"LP-01804","採用・求人｜リード獲得（資料請求・問い合わせ）LP（エネルギッシュ・スポーティ・背景動画ループ＋オーバーレイ）","プロ（演出多め）"
"LP-01805","コスメ・スキンケア｜採用エントリーLP（グラスモーフィズム・背景動画ループ＋オーバーレイ）","プロ（演出多め）"
"LP-01806","ウェディング・結婚相談所｜無料体験・カウンセリング予約LP（パステル・ドリーミー・写真コラージュ）","プロ（演出多め）"
"LP-01807","和菓子・スイーツ｜LINE友だち追加LP（ナチュラル・オーガニック・イラスト主体）","上級"
"LP-01808","エステ・脱毛サロン｜LINE友だち追加LP（パステル・ドリーミー・実績数字ドーン）","プロ（演出多め）"
"LP-01809","ヨガ・ピラティス｜採用エントリーLP（ミニマル・洗練・ジェネラティブ背景＋コピー）","プロ（演出多め）"
"LP-01810","サウナ・温浴施設｜無料体験・カウンセリング予約LP（和モダン・超大型タイポグラフィ）","プロ（演出多め）"
"LP-01811","ペット・トリミング・動物病院｜無料体験・カウンセリング予約LP（ハンドメイド・手書き・デバイスモックアップ浮遊）","プロ（演出多め）"
"LP-01812","コンサル・コーチング｜セミナー・ウェビナー集客LP（ミニマル・洗練・超大型タイポグラフィ）","プロ（演出多め）"
"LP-01813","ゲーム・eスポーツ｜採用エントリーLP（ネオン・サイバー・ジェネラティブ背景＋コピー）","プロ（演出多め）"
"LP-01814","レストラン・居酒屋｜LINE友だち追加LP（ラグジュアリー・高級感・イラスト主体）","プロ（演出多め）"
"LP-01815","ヨガ・ピラティス｜LINE友だち追加LP（ナチュラル・オーガニック・全面写真＋中央キャッチ）","プロ（演出多め）"
"LP-01816","レストラン・居酒屋｜LINE友だち追加LP（レトロ・Y2K・スクロールで商品が回転/分解）","プロ（演出多め）"
"LP-01817","建築設計事務所｜採用エントリーLP（ジオメトリック・グラフィカル・背景動画ループ＋オーバーレイ）","プロ（演出多め）"
"LP-01818","スクール・オンライン講座｜リード獲得（資料請求・問い合わせ）LP（クール・テック・超大型タイポグラフィ）","プロ（演出多め）"
"LP-01819","プログラミングスクール｜セミナー・ウェビナー集客LP（ラグジュアリー・高級感・超大型タイポグラフィ）","プロ（演出多め）"
"LP-01820","観光・地域プロモーション｜採用エントリーLP（ダーク・シネマティック・左テキスト×右商品/人物）","プロ（演出多め）"
"LP-01821","スクール・オンライン講座｜無料体験・カウンセリング予約LP（3D・クレイ・イラスト主体）","プロ（演出多め）"
"LP-01822","サウナ・温浴施設｜採用エントリーLP（和モダン・左テキスト×右商品/人物）","プロ（演出多め）"
"LP-01823","スクール・オンライン講座｜会員登録・アプリDLLP（クール・テック・ジェネラティブ背景＋コピー）","プロ（演出多め）"
"LP-01824","美容クリニック｜無料体験・カウンセリング予約LP（ラグジュアリー・高級感・イラスト主体）","プロ（演出多め）"
"LP-01825","内科・クリニック｜LINE友だち追加LP（信頼・誠実（コーポレート）・背景動画ループ＋オーバーレイ）","プロ（演出多め）"
"LP-01826","サウナ・温浴施設｜無料体験・カウンセリング予約LP（レトロ・Y2K・写真コラージュ）","プロ（演出多め）"
"LP-01827","サウナ・温浴施設｜採用エントリーLP（ニューブルータリズム・全面写真＋中央キャッチ）","プロ（演出多め）"
"LP-01828","美容クリニック｜LINE友だち追加LP（ラグジュアリー・高級感・写真コラージュ）","プロ（演出多め）"
"LP-01829","YouTuber・インフルエンサー｜採用エントリーLP（ポップ・カラフル・写真コラージュ）","プロ（演出多め）"
"LP-01830","カフェ・ベーカリー｜LINE友だち追加LP（和モダン・デバイスモックアップ浮遊）","プロ（演出多め）"
"LP-01831","保育園・幼児教育・習い事｜リード獲得（資料請求・問い合わせ）LP（ポップ・カラフル・イラスト主体）","プロ（演出多め）"
"LP-01832","農業・地方の生産者｜商品購入（単品通販）LP（ナチュラル・オーガニック・デバイスモックアップ浮遊）","プロ（演出多め）"
"LP-01833","コスメ・スキンケア｜商品購入（単品通販）LP（ミニマル・洗練・実績数字ドーン）","上級"
"LP-01834","工務店・注文住宅・リフォーム｜無料体験・カウンセリング予約LP（北欧・ライフスタイル・超大型タイポグラフィ）","プロ（演出多め）"
"LP-01835","占い・スピリチュアル｜採用エントリーLP（ダーク・シネマティック・左テキスト×右商品/人物）","プロ（演出多め）"
"LP-01836","コンサル・コーチング｜リード獲得（資料請求・問い合わせ）LP（ミニマル・洗練・全面写真＋中央キャッチ）","プロ（演出多め）"
"LP-01837","ホテル・旅館｜リード獲得（資料請求・問い合わせ）LP（ラグジュアリー・高級感・写真コラージュ）","プロ（演出多め）"
"LP-01838","カフェ・ベーカリー｜リード獲得（資料請求・問い合わせ）LP（ハンドメイド・手書き・実績数字ドーン）","プロ（演出多め）"
"LP-01839","保育園・幼児教育・習い事｜無料体験・カウンセリング予約LP（ポップ・カラフル・実績数字ドーン）","プロ（演出多め）"
"LP-01840","NPO・地方自治体｜採用エントリーLP（信頼・誠実（コーポレート）・超大型タイポグラフィ）","プロ（演出多め）"
"LP-01841","観光・地域プロモーション｜採用エントリーLP（ナチュラル・オーガニック・ジェネラティブ背景＋コピー）","プロ（演出多め）"
"LP-01842","不動産・マンション｜無料体験・カウンセリング予約LP（ミニマル・洗練・ジェネラティブ背景＋コピー）","プロ（演出多め）"
"LP-01843","エステ・脱毛サロン｜採用エントリーLP（ミニマル・洗練・ジェネラティブ背景＋コピー）","上級"
"LP-01844","パーソナルジム・フィットネス｜無料体験・カウンセリング予約LP（クール・テック・スクロールで商品が回転/分解）","上級"
"LP-01845","レストラン・居酒屋｜LINE友だち追加LP（ポップ・カラフル・超大型タイポグラフィ）","プロ（演出多め）"
"LP-01846","音楽・ライブ・イベント｜クラウドファンディング支援LP（ネオン・サイバー・超大型タイポグラフィ）","プロ（演出多め）"
"LP-01847","コスメ・スキンケア｜商品購入（単品通販）LP（ラグジュアリー・高級感・全面写真＋中央キャッチ）","プロ（演出多め）"
"LP-01848","サウナ・温浴施設｜無料体験・カウンセリング予約LP（和モダン・写真コラージュ）","プロ（演出多め）"
"LP-01849","建築設計事務所｜リード獲得（資料請求・問い合わせ）LP（3D・クレイ・実績数字ドーン）","プロ（演出多め）"
"LP-01850","内科・クリニック｜採用エントリーLP（北欧・ライフスタイル・ジェネラティブ背景＋コピー）","プロ（演出多め）"
"LP-01851","スマホアプリ｜商品購入（単品通販）LP（クール・テック・デバイスモックアップ浮遊）","プロ（演出多め）"
"LP-01852","NPO・地方自治体｜クラウドファンディング支援LP（ナチュラル・オーガニック・実績数字ドーン）","プロ（演出多め）"
"LP-01853","ゲーム・eスポーツ｜採用エントリーLP（ハンドメイド・手書き・スクロールで商品が回転/分解）","上級"
"LP-01854","プログラミングスクール｜会員登録・アプリDLLP（ネオン・サイバー・写真コラージュ）","上級"
"LP-01855","建築設計事務所｜リード獲得（資料請求・問い合わせ）LP（ラグジュアリー・高級感・全面写真＋中央キャッチ）","プロ（演出多め）"
"LP-01856","Web制作・デザイン事務所｜リード獲得（資料請求・問い合わせ）LP（ジオメトリック・グラフィカル・イラスト主体）","プロ（演出多め）"
"LP-01857","カフェ・ベーカリー｜LINE友だち追加LP（レトロ・Y2K・実績数字ドーン）","プロ（演出多め）"
"LP-01858","英会話・語学｜無料体験・カウンセリング予約LP（3D・クレイ・超大型タイポグラフィ）","プロ（演出多め）"
"LP-01859","工務店・注文住宅・リフォーム｜LINE友だち追加LP（信頼・誠実（コーポレート）・イラスト主体）","上級"
"LP-01860","引越し・生活サービス｜リード獲得（資料請求・問い合わせ）LP（信頼・誠実（コーポレート）・左テキスト×右商品/人物）","プロ（演出多め）"
"LP-01861","工務店・注文住宅・リフォーム｜セミナー・ウェビナー集客LP（北欧・ライフスタイル・デバイスモックアップ浮遊）","プロ（演出多め）"
"LP-01862","引越し・生活サービス｜採用エントリーLP（信頼・誠実（コーポレート）・イラスト主体）","プロ（演出多め）"
"LP-01863","スマホアプリ｜リード獲得（資料請求・問い合わせ）LP（エネルギッシュ・スポーティ・背景動画ループ＋オーバーレイ）","プロ（演出多め）"
"LP-01864","英会話・語学｜無料体験・カウンセリング予約LP（信頼・誠実（コーポレート）・超大型タイポグラフィ）","プロ（演出多め）"
"LP-01865","英会話・語学｜採用エントリーLP（ジオメトリック・グラフィカル・実績数字ドーン）","プロ（演出多め）"
"LP-01866","農業・地方の生産者｜採用エントリーLP（北欧・ライフスタイル・デバイスモックアップ浮遊）","プロ（演出多め）"
"LP-01867","ゲーム・eスポーツ｜採用エントリーLP（レトロ・Y2K・背景動画ループ＋オーバーレイ）","プロ（演出多め）"
"LP-01868","歯科医院｜リード獲得（資料請求・問い合わせ）LP（ナチュラル・オーガニック・超大型タイポグラフィ）","上級"
"LP-01869","コンサル・コーチング｜セミナー・ウェビナー集客LP（ミニマル・洗練・ジェネラティブ背景＋コピー）","プロ（演出多め）"
"LP-01870","英会話・語学｜会員登録・アプリDLLP（信頼・誠実（コーポレート）・写真コラージュ）","プロ（演出多め）"
"LP-01871","パーソナルジム・フィットネス｜LINE友だち追加LP（クール・テック・イラスト主体）","上級"
"LP-01872","農業・地方の生産者｜リード獲得（資料請求・問い合わせ）LP（ハンドメイド・手書き・デバイスモックアップ浮遊）","プロ（演出多め）"
"LP-01873","パーソナルジム・フィットネス｜採用エントリーLP（クール・テック・スクロールで商品が回転/分解）","上級"
"LP-01874","ペット・トリミング・動物病院｜LINE友だち追加LP（ネオン・サイバー・写真コラージュ）","プロ（演出多め）"
"LP-01875","内科・クリニック｜LINE友だち追加LP（3D・クレイ・背景動画ループ＋オーバーレイ）","プロ（演出多め）"
"LP-01876","コンサル・コーチング｜無料体験・カウンセリング予約LP（ミニマル・洗練・背景動画ループ＋オーバーレイ）","プロ（演出多め）"
"LP-01877","農業・地方の生産者｜商品購入（単品通販）LP（ニューブルータリズム・デバイスモックアップ浮遊）","プロ（演出多め）"
"LP-01878","クラウドファンディング・新商品｜商品購入（単品通販）LP（エネルギッシュ・スポーティ・スクロールで商品が回転/分解）","プロ（演出多め）"
"LP-01879","農業・地方の生産者｜商品購入（単品通販）LP（ナチュラル・オーガニック・スクロールで商品が回転/分解）","プロ（演出多め）"
"LP-01880","パーソナルジム・フィットネス｜採用エントリーLP（クール・テック・背景動画ループ＋オーバーレイ）","プロ（演出多め）"
"LP-01881","コスメ・スキンケア｜採用エントリーLP（パステル・ドリーミー・ジェネラティブ背景＋コピー）","プロ（演出多め）"
"LP-01882","士業（税理士・弁護士・行政書士）｜セミナー・ウェビナー集客LP（和モダン・写真コラージュ）","プロ（演出多め）"
"LP-01883","スマホアプリ｜採用エントリーLP（グラスモーフィズム・写真コラージュ）","プロ（演出多め）"
"LP-01884","スクール・オンライン講座｜会員登録・アプリDLLP（ポップ・カラフル・全面写真＋中央キャッチ）","上級"
"LP-01885","YouTuber・インフルエンサー｜リード獲得（資料請求・問い合わせ）LP（ニューブルータリズム・超大型タイポグラフィ）","プロ（演出多め）"
"LP-01886","レストラン・居酒屋｜LINE友だち追加LP（ダーク・シネマティック・ジェネラティブ背景＋コピー）","上級"
"LP-01887","ゲーム・eスポーツ｜リード獲得（資料請求・問い合わせ）LP（レトロ・Y2K・ジェネラティブ背景＋コピー）","プロ（演出多め）"
"LP-01888","NPO・地方自治体｜クラウドファンディング支援LP（ジオメトリック・グラフィカル・ジェネラティブ背景＋コピー）","プロ（演出多め）"
"LP-01889","建築設計事務所｜採用エントリーLP（ジオメトリック・グラフィカル・左テキスト×右商品/人物）","プロ（演出多め）"
"LP-01890","占い・スピリチュアル｜無料体験・カウンセリング予約LP（ラグジュアリー・高級感・ジェネラティブ背景＋コピー）","プロ（演出多め）"
"LP-01891","コスメ・スキンケア｜リード獲得（資料請求・問い合わせ）LP（ナチュラル・オーガニック・スクロールで商品が回転/分解）","プロ（演出多め）"
"LP-01892","ホテル・旅館｜リード獲得（資料請求・問い合わせ）LP（和モダン・デバイスモックアップ浮遊）","プロ（演出多め）"
"LP-01893","スクール・オンライン講座｜リード獲得（資料請求・問い合わせ）LP（3D・クレイ・写真コラージュ）","プロ（演出多め）"
"LP-01894","レストラン・居酒屋｜リード獲得（資料請求・問い合わせ）LP（ラグジュアリー・高級感・デバイスモックアップ浮遊）","プロ（演出多め）"
"LP-01895","クラウドファンディング・新商品｜クラウドファンディング支援LP（パステル・ドリーミー・イラスト主体）","プロ（演出多め）"
"LP-01896","スマホアプリ｜無料体験・カウンセリング予約LP（グラスモーフィズム・全面写真＋中央キャッチ）","上級"
"LP-01897","英会話・語学｜リード獲得（資料請求・問い合わせ）LP（北欧・ライフスタイル・ジェネラティブ背景＋コピー）","上級"
"LP-01898","建築設計事務所｜リード獲得（資料請求・問い合わせ）LP（ジオメトリック・グラフィカル・写真コラージュ）","プロ（演出多め）"
"LP-01899","音楽・ライブ・イベント｜クラウドファンディング支援LP（ダーク・シネマティック・イラスト主体）","プロ（演出多め）"
"LP-01900","ペット・トリミング・動物病院｜無料体験・カウンセリング予約LP（ナチュラル・オーガニック・デバイスモックアップ浮遊）","プロ（演出多め）"
"LP-01901","パーソナルジム・フィットネス｜無料体験・カウンセリング予約LP（クール・テック・イラスト主体）","プロ（演出多め）"
"LP-01902","ウェディング・結婚相談所｜無料体験・カウンセリング予約LP（パステル・ドリーミー・デバイスモックアップ浮遊）","プロ（演出多め）"
"LP-01903","レストラン・居酒屋｜LINE友だち追加LP（ラグジュアリー・高級感・デバイスモックアップ浮遊）","プロ（演出多め）"
"LP-01904","不動産・マンション｜無料体験・カウンセリング予約LP（ミニマル・洗練・左テキスト×右商品/人物）","プロ（演出多め）"
"LP-01905","コスメ・スキンケア｜リード獲得（資料請求・問い合わせ）LP（ナチュラル・オーガニック・実績数字ドーン）","プロ（演出多め）"
"LP-01906","NPO・地方自治体｜採用エントリーLP（グラスモーフィズム・左テキスト×右商品/人物）","プロ（演出多め）"
"LP-01907","農業・地方の生産者｜クラウドファンディング支援LP（和モダン・写真コラージュ）","プロ（演出多め）"
"LP-01908","レストラン・居酒屋｜リード獲得（資料請求・問い合わせ）LP（ラグジュアリー・高級感・イラスト主体）","プロ（演出多め）"
"LP-01909","ペット・トリミング・動物病院｜商品購入（単品通販）LP（かわいい・ガーリー・全面写真＋中央キャッチ）","プロ（演出多め）"
"LP-01910","AIサービス・スタートアップ｜採用エントリーLP（クール・テック・デバイスモックアップ浮遊）","プロ（演出多め）"
"LP-01911","ゲーム・eスポーツ｜クラウドファンディング支援LP（エネルギッシュ・スポーティ・イラスト主体）","プロ（演出多め）"
"LP-01912","占い・スピリチュアル｜LINE友だち追加LP（和モダン・実績数字ドーン）","プロ（演出多め）"
"LP-01913","音楽・ライブ・イベント｜クラウドファンディング支援LP（レトロ・Y2K・スクロールで商品が回転/分解）","プロ（演出多め）"
"LP-01914","ヨガ・ピラティス｜採用エントリーLP（パステル・ドリーミー・イラスト主体）","プロ（演出多め）"
"LP-01915","工務店・注文住宅・リフォーム｜無料体験・カウンセリング予約LP（ミニマル・洗練・実績数字ドーン）","プロ（演出多め）"
"LP-01916","スマホアプリ｜会員登録・アプリDLLP（ポップ・カラフル・写真コラージュ）","プロ（演出多め）"
"LP-01917","歯科医院｜LINE友だち追加LP（ナチュラル・オーガニック・写真コラージュ）","プロ（演出多め）"
"LP-01918","カフェ・ベーカリー｜LINE友だち追加LP（北欧・ライフスタイル・超大型タイポグラフィ）","プロ（演出多め）"
"LP-01919","コンサル・コーチング｜セミナー・ウェビナー集客LP（ミニマル・洗練・左テキスト×右商品/人物）","プロ（演出多め）"
"LP-01920","美容クリニック｜無料体験・カウンセリング予約LP（信頼・誠実（コーポレート）・背景動画ループ＋オーバーレイ）","プロ（演出多め）"
"LP-01921","自動車・バイク｜無料体験・カウンセリング予約LP（クール・テック・左テキスト×右商品/人物）","プロ（演出多め）"
"LP-01922","コスメ・スキンケア｜リード獲得（資料請求・問い合わせ）LP（パステル・ドリーミー・左テキスト×右商品/人物）","上級"
"LP-01923","AIサービス・スタートアップ｜無料体験・カウンセリング予約LP（グラスモーフィズム・デバイスモックアップ浮遊）","プロ（演出多め）"
"LP-01924","ゲーム・eスポーツ｜クラウドファンディング支援LP（ネオン・サイバー・ジェネラティブ背景＋コピー）","プロ（演出多め）"
"LP-01925","工務店・注文住宅・リフォーム｜セミナー・ウェビナー集客LP（信頼・誠実（コーポレート）・写真コラージュ）","プロ（演出多め）"
"LP-01926","美容クリニック｜採用エントリーLP（ラグジュアリー・高級感・ジェネラティブ背景＋コピー）","プロ（演出多め）"
"LP-01927","サウナ・温浴施設｜リード獲得（資料請求・問い合わせ）LP（ニューブルータリズム・左テキスト×右商品/人物）","プロ（演出多め）"
"LP-01928","ペット・トリミング・動物病院｜LINE友だち追加LP（3D・クレイ・ジェネラティブ背景＋コピー）","プロ（演出多め）"
"LP-01929","内科・クリニック｜リード獲得（資料請求・問い合わせ）LP（信頼・誠実（コーポレート）・実績数字ドーン）","プロ（演出多め）"
"LP-01930","建築設計事務所｜採用エントリーLP（ミニマル・洗練・超大型タイポグラフィ）","プロ（演出多め）"
"LP-01931","パーソナルジム・フィットネス｜リード獲得（資料請求・問い合わせ）LP（ミニマル・洗練・イラスト主体）","プロ（演出多め）"
"LP-01932","観光・地域プロモーション｜採用エントリーLP（ダーク・シネマティック・ジェネラティブ背景＋コピー）","プロ（演出多め）"
"LP-01933","YouTuber・インフルエンサー｜会員登録・アプリDLLP（ポップ・カラフル・ジェネラティブ背景＋コピー）","プロ（演出多め）"
"LP-01934","食品・産直EC｜リード獲得（資料請求・問い合わせ）LP（ナチュラル・オーガニック・ジェネラティブ背景＋コピー）","プロ（演出多め）"
"LP-01935","NPO・地方自治体｜採用エントリーLP（ナチュラル・オーガニック・ジェネラティブ背景＋コピー）","プロ（演出多め）"
"LP-01936","士業（税理士・弁護士・行政書士）｜採用エントリーLP（和モダン・全面写真＋中央キャッチ）","プロ（演出多め）"
"LP-01937","スクール・オンライン講座｜リード獲得（資料請求・問い合わせ）LP（ポップ・カラフル・ジェネラティブ背景＋コピー）","プロ（演出多め）"
"LP-01938","音楽・ライブ・イベント｜リード獲得（資料請求・問い合わせ）LP（ニューブルータリズム・実績数字ドーン）","プロ（演出多め）"
"LP-01939","ゲーム・eスポーツ｜リード獲得（資料請求・問い合わせ）LP（和モダン・左テキスト×右商品/人物）","プロ（演出多め）"
"LP-01940","ウェディング・結婚相談所｜リード獲得（資料請求・問い合わせ）LP（ラグジュアリー・高級感・写真コラージュ）","プロ（演出多め）"
"LP-01941","英会話・語学｜会員登録・アプリDLLP（3D・クレイ・ジェネラティブ背景＋コピー）","プロ（演出多め）"
"LP-01942","NPO・地方自治体｜クラウドファンディング支援LP（ジオメトリック・グラフィカル・ジェネラティブ背景＋コピー）","プロ（演出多め）"
"LP-01943","コスメ・スキンケア｜商品購入（単品通販）LP（パステル・ドリーミー・超大型タイポグラフィ）","プロ（演出多め）"
"LP-01944","アパレル・ファッションEC｜採用エントリーLP（ミニマル・洗練・左テキスト×右商品/人物）","プロ（演出多め）"
"LP-01945","和菓子・スイーツ｜商品購入（単品通販）LP（ナチュラル・オーガニック・超大型タイポグラフィ）","プロ（演出多め）"
"LP-01946","保育園・幼児教育・習い事｜無料体験・カウンセリング予約LP（かわいい・ガーリー・ジェネラティブ背景＋コピー）","プロ（演出多め）"
"LP-01947","不動産・マンション｜セミナー・ウェビナー集客LP（ダーク・シネマティック・左テキスト×右商品/人物）","プロ（演出多め）"
"LP-01948","サウナ・温浴施設｜採用エントリーLP（ニューブルータリズム・スクロールで商品が回転/分解）","プロ（演出多め）"
"LP-01949","エステ・脱毛サロン｜採用エントリーLP（クール・テック・全面写真＋中央キャッチ）","プロ（演出多め）"
"LP-01950","自動車・バイク｜リード獲得（資料請求・問い合わせ）LP（エネルギッシュ・スポーティ・全面写真＋中央キャッチ）","プロ（演出多め）"
"LP-01951","エステ・脱毛サロン｜LINE友だち追加LP（パステル・ドリーミー・デバイスモックアップ浮遊）","プロ（演出多め）"
"LP-01952","YouTuber・インフルエンサー｜会員登録・アプリDLLP（ポップ・カラフル・左テキスト×右商品/人物）","プロ（演出多め）"
"LP-01953","SaaS・BtoBツール｜セミナー・ウェビナー集客LP（クール・テック・実績数字ドーン）","プロ（演出多め）"
"LP-01954","自動車・バイク｜無料体験・カウンセリング予約LP（エネルギッシュ・スポーティ・ジェネラティブ背景＋コピー）","プロ（演出多め）"
"LP-01955","ヨガ・ピラティス｜リード獲得（資料請求・問い合わせ）LP（ミニマル・洗練・実績数字ドーン）","上級"
"LP-01956","内科・クリニック｜無料体験・カウンセリング予約LP（ネオン・サイバー・全面写真＋中央キャッチ）","プロ（演出多め）"
"LP-01957","ホテル・旅館｜採用エントリーLP（ダーク・シネマティック・写真コラージュ）","プロ（演出多め）"
"LP-01958","YouTuber・インフルエンサー｜会員登録・アプリDLLP（ネオン・サイバー・全面写真＋中央キャッチ）","プロ（演出多め）"
"LP-01959","不動産・マンション｜採用エントリーLP（ミニマル・洗練・イラスト主体）","プロ（演出多め）"
"LP-01960","引越し・生活サービス｜採用エントリーLP（3D・クレイ・イラスト主体）","プロ（演出多め）"
"LP-01961","スマホアプリ｜会員登録・アプリDLLP（クール・テック・デバイスモックアップ浮遊）","プロ（演出多め）"
"LP-01962","アパレル・ファッションEC｜商品購入（単品通販）LP（ニューブルータリズム・超大型タイポグラフィ）","プロ（演出多め）"
"LP-01963","工務店・注文住宅・リフォーム｜セミナー・ウェビナー集客LP（北欧・ライフスタイル・イラスト主体）","上級"
"LP-01964","不動産・マンション｜セミナー・ウェビナー集客LP（ダーク・シネマティック・左テキスト×右商品/人物）","プロ（演出多め）"
"LP-01965","エステ・脱毛サロン｜無料体験・カウンセリング予約LP（ラグジュアリー・高級感・ジェネラティブ背景＋コピー）","プロ（演出多め）"
"LP-01966","保育園・幼児教育・習い事｜採用エントリーLP（グラスモーフィズム・全面写真＋中央キャッチ）","プロ（演出多め）"
"LP-01967","レストラン・居酒屋｜LINE友だち追加LP（レトロ・Y2K・全面写真＋中央キャッチ）","プロ（演出多め）"
"LP-01968","NPO・地方自治体｜リード獲得（資料請求・問い合わせ）LP（ナチュラル・オーガニック・左テキスト×右商品/人物）","プロ（演出多め）"
"LP-01969","採用・求人｜採用エントリーLP（ポップ・カラフル・デバイスモックアップ浮遊）","プロ（演出多め）"
"LP-01970","クラウドファンディング・新商品｜商品購入（単品通販）LP（ポップ・カラフル・背景動画ループ＋オーバーレイ）","上級"
"LP-01971","ペット・トリミング・動物病院｜商品購入（単品通販）LP（かわいい・ガーリー・スクロールで商品が回転/分解）","プロ（演出多め）"
"LP-01972","ウェディング・結婚相談所｜採用エントリーLP（かわいい・ガーリー・実績数字ドーン）","プロ（演出多め）"
"LP-01973","内科・クリニック｜リード獲得（資料請求・問い合わせ）LP（信頼・誠実（コーポレート）・実績数字ドーン）","プロ（演出多め）"
"LP-01974","採用・求人｜採用エントリーLP（エディトリアル・雑誌風・イラスト主体）","プロ（演出多め）"
"LP-01975","サウナ・温浴施設｜採用エントリーLP（ニューブルータリズム・左テキスト×右商品/人物）","プロ（演出多め）"
"LP-01976","プログラミングスクール｜無料体験・カウンセリング予約LP（3D・クレイ・左テキスト×右商品/人物）","プロ（演出多め）"
"LP-01977","美容室・ヘアサロン｜採用エントリーLP（エネルギッシュ・スポーティ・写真コラージュ）","上級"
"LP-01978","AIサービス・スタートアップ｜会員登録・アプリDLLP（信頼・誠実（コーポレート）・イラスト主体）","プロ（演出多め）"
"LP-01979","ウェディング・結婚相談所｜採用エントリーLP（パステル・ドリーミー・イラスト主体）","上級"
"LP-01980","スマホアプリ｜会員登録・アプリDLLP（ポップ・カラフル・全面写真＋中央キャッチ）","プロ（演出多め）"
"LP-01981","和菓子・スイーツ｜リード獲得（資料請求・問い合わせ）LP（ナチュラル・オーガニック・超大型タイポグラフィ）","プロ（演出多め）"
"LP-01982","士業（税理士・弁護士・行政書士）｜リード獲得（資料請求・問い合わせ）LP（ミニマル・洗練・イラスト主体）","プロ（演出多め）"
"LP-01983","Web制作・デザイン事務所｜セミナー・ウェビナー集客LP（ダーク・シネマティック・写真コラージュ）","プロ（演出多め）"
"LP-01984","自動車・バイク｜採用エントリーLP（ダーク・シネマティック・スクロールで商品が回転/分解）","プロ（演出多め）"
"LP-01985","食品・産直EC｜商品購入（単品通販）LP（3D・クレイ・イラスト主体）","プロ（演出多め）"
"LP-01986","カフェ・ベーカリー｜LINE友だち追加LP（ハンドメイド・手書き・超大型タイポグラフィ）","プロ（演出多め）"
"LP-01987","ウェディング・結婚相談所｜無料体験・カウンセリング予約LP（ラグジュアリー・高級感・全面写真＋中央キャッチ）","プロ（演出多め）"
"LP-01988","占い・スピリチュアル｜LINE友だち追加LP（ダーク・シネマティック・デバイスモックアップ浮遊）","プロ（演出多め）"
"LP-01989","Web制作・デザイン事務所｜リード獲得（資料請求・問い合わせ）LP（ダーク・シネマティック・スクロールで商品が回転/分解）","上級"
"LP-01990","Web制作・デザイン事務所｜リード獲得（資料請求・問い合わせ）LP（ニューブルータリズム・写真コラージュ）","上級"
"LP-01991","食品・産直EC｜採用エントリーLP（ナチュラル・オーガニック・イラスト主体）","プロ（演出多め）"
"LP-01992","美容室・ヘアサロン｜LINE友だち追加LP（ミニマル・洗練・実績数字ドーン）","プロ（演出多め）"
"LP-01993","和菓子・スイーツ｜商品購入（単品通販）LP（かわいい・ガーリー・イラスト主体）","プロ（演出多め）"
"LP-01994","スクール・オンライン講座｜会員登録・アプリDLLP（ポップ・カラフル・写真コラージュ）","プロ（演出多め）"
"LP-01995","YouTuber・インフルエンサー｜会員登録・アプリDLLP（ニューブルータリズム・背景動画ループ＋オーバーレイ）","プロ（演出多め）"
"LP-01996","コスメ・スキンケア｜リード獲得（資料請求・問い合わせ）LP（グラスモーフィズム・実績数字ドーン）","プロ（演出多め）"
"LP-01997","歯科医院｜無料体験・カウンセリング予約LP（ナチュラル・オーガニック・写真コラージュ）","プロ（演出多め）"
"LP-01998","建築設計事務所｜採用エントリーLP（ジオメトリック・グラフィカル・背景動画ループ＋オーバーレイ）","プロ（演出多め）"
"LP-01999","アパレル・ファッションEC｜採用エントリーLP（ミニマル・洗練・超大型タイポグラフィ）","プロ（演出多め）"
"LP-02000","レストラン・居酒屋｜リード獲得（資料請求・問い合わせ）LP（ラグジュアリー・高級感・実績数字ドーン）","プロ（演出多め）"
"LP-02001","Web制作・デザイン事務所｜リード獲得（資料請求・問い合わせ）LP（クール・テック・写真コラージュ）","上級"
"LP-02002","士業（税理士・弁護士・行政書士）｜無料体験・カウンセリング予約LP（ミニマル・洗練・ジェネラティブ背景＋コピー）","プロ（演出多め）"
"LP-02003","プログラミングスクール｜無料体験・カウンセリング予約LP（ネオン・サイバー・イラスト主体）","上級"
"LP-02004","採用・求人｜リード獲得（資料請求・問い合わせ）LP（エネルギッシュ・スポーティ・スクロールで商品が回転/分解）","プロ（演出多め）"
"LP-02005","自動車・バイク｜無料体験・カウンセリング予約LP（ダーク・シネマティック・全面写真＋中央キャッチ）","プロ（演出多め）"
"LP-02006","レストラン・居酒屋｜リード獲得（資料請求・問い合わせ）LP（和モダン・写真コラージュ）","プロ（演出多め）"
"LP-02007","採用・求人｜採用エントリーLP（ポップ・カラフル・デバイスモックアップ浮遊）","プロ（演出多め）"
"LP-02008","NPO・地方自治体｜採用エントリーLP（ナチュラル・オーガニック・背景動画ループ＋オーバーレイ）","プロ（演出多め）"
"LP-02009","自動車・バイク｜無料体験・カウンセリング予約LP（ラグジュアリー・高級感・イラスト主体）","プロ（演出多め）"
"LP-02010","観光・地域プロモーション｜リード獲得（資料請求・問い合わせ）LP（ナチュラル・オーガニック・背景動画ループ＋オーバーレイ）","プロ（演出多め）"
"LP-02011","SaaS・BtoBツール｜採用エントリーLP（信頼・誠実（コーポレート）・イラスト主体）","プロ（演出多め）"
"LP-02012","和菓子・スイーツ｜LINE友だち追加LP（かわいい・ガーリー・デバイスモックアップ浮遊）","プロ（演出多め）"
"LP-02013","引越し・生活サービス｜無料体験・カウンセリング予約LP（3D・クレイ・背景動画ループ＋オーバーレイ）","プロ（演出多め）"
"LP-02014","ゲーム・eスポーツ｜クラウドファンディング支援LP（ダーク・シネマティック・スクロールで商品が回転/分解）","プロ（演出多め）"
"LP-02015","歯科医院｜採用エントリーLP（信頼・誠実（コーポレート）・スクロールで商品が回転/分解）","プロ（演出多め）"
"LP-02016","美容室・ヘアサロン｜LINE友だち追加LP（エディトリアル・雑誌風・デバイスモックアップ浮遊）","プロ（演出多め）"
"LP-02017","ウェディング・結婚相談所｜LINE友だち追加LP（かわいい・ガーリー・イラスト主体）","上級"
"LP-02018","Web制作・デザイン事務所｜セミナー・ウェビナー集客LP（クール・テック・超大型タイポグラフィ）","上級"
"LP-02019","スクール・オンライン講座｜無料体験・カウンセリング予約LP（ポップ・カラフル・実績数字ドーン）","プロ（演出多め）"
"LP-02020","エステ・脱毛サロン｜無料体験・カウンセリング予約LP（ネオン・サイバー・背景動画ループ＋オーバーレイ）","プロ（演出多め）"
"LP-02021","コンサル・コーチング｜無料体験・カウンセリング予約LP（ラグジュアリー・高級感・左テキスト×右商品/人物）","プロ（演出多め）"
"LP-02022","金融・保険・投資｜無料体験・カウンセリング予約LP（クール・テック・実績数字ドーン）","プロ（演出多め）"
"LP-02023","プログラミングスクール｜採用エントリーLP（クール・テック・ジェネラティブ背景＋コピー）","プロ（演出多め）"
"LP-02024","美容室・ヘアサロン｜リード獲得（資料請求・問い合わせ）LP（エディトリアル・雑誌風・左テキスト×右商品/人物）","プロ（演出多め）"
"LP-02025","ペット・トリミング・動物病院｜無料体験・カウンセリング予約LP（かわいい・ガーリー・超大型タイポグラフィ）","プロ（演出多め）"
"LP-02026","レストラン・居酒屋｜LINE友だち追加LP（ラグジュアリー・高級感・左テキスト×右商品/人物）","プロ（演出多め）"
"LP-02027","スマホアプリ｜採用エントリーLP（ポップ・カラフル・左テキスト×右商品/人物）","プロ（演出多め）"
"LP-02028","引越し・生活サービス｜リード獲得（資料請求・問い合わせ）LP（ポップ・カラフル・実績数字ドーン）","プロ（演出多め）"
"LP-02029","観光・地域プロモーション｜クラウドファンディング支援LP（ダーク・シネマティック・スクロールで商品が回転/分解）","プロ（演出多め）"
"LP-02030","美容クリニック｜リード獲得（資料請求・問い合わせ）LP（ラグジュアリー・高級感・イラスト主体）","プロ（演出多め）"
"LP-02031","英会話・語学｜採用エントリーLP（ポップ・カラフル・デバイスモックアップ浮遊）","プロ（演出多め）"
"LP-02032","工務店・注文住宅・リフォーム｜LINE友だち追加LP（信頼・誠実（コーポレート）・イラスト主体）","プロ（演出多め）"
"LP-02033","占い・スピリチュアル｜採用エントリーLP（パステル・ドリーミー・デバイスモックアップ浮遊）","プロ（演出多め）"
"LP-02034","和菓子・スイーツ｜商品購入（単品通販）LP（ナチュラル・オーガニック・背景動画ループ＋オーバーレイ）","プロ（演出多め）"
"LP-02035","採用・求人｜リード獲得（資料請求・問い合わせ）LP（エディトリアル・雑誌風・イラスト主体）","プロ（演出多め）"
"LP-02036","保育園・幼児教育・習い事｜LINE友だち追加LP（かわいい・ガーリー・実績数字ドーン）","プロ（演出多め）"
"LP-02037","ペット・トリミング・動物病院｜採用エントリーLP（ナチュラル・オーガニック・左テキスト×右商品/人物）","プロ（演出多め）"
"LP-02038","引越し・生活サービス｜LINE友だち追加LP（信頼・誠実（コーポレート）・実績数字ドーン）","プロ（演出多め）"
"LP-02039","内科・クリニック｜無料体験・カウンセリング予約LP（信頼・誠実（コーポレート）・左テキスト×右商品/人物）","プロ（演出多め）"
"LP-02040","食品・産直EC｜採用エントリーLP（ナチュラル・オーガニック・超大型タイポグラフィ）","プロ（演出多め）"
"LP-02041","SaaS・BtoBツール｜会員登録・アプリDLLP（ジオメトリック・グラフィカル・左テキスト×右商品/人物）","プロ（演出多め）"
"LP-02042","農業・地方の生産者｜商品購入（単品通販）LP（ハンドメイド・手書き・イラスト主体）","プロ（演出多め）"
"LP-02043","占い・スピリチュアル｜リード獲得（資料請求・問い合わせ）LP（パステル・ドリーミー・デバイスモックアップ浮遊）","プロ（演出多め）"
"LP-02044","SaaS・BtoBツール｜リード獲得（資料請求・問い合わせ）LP（クール・テック・写真コラージュ）","プロ（演出多め）"
"LP-02045","SaaS・BtoBツール｜無料体験・カウンセリング予約LP（クール・テック・イラスト主体）","プロ（演出多め）"
"LP-02046","ゲーム・eスポーツ｜クラウドファンディング支援LP（ダーク・シネマティック・全面写真＋中央キャッチ）","プロ（演出多め）"
"LP-02047","保育園・幼児教育・習い事｜無料体験・カウンセリング予約LP（ポップ・カラフル・全面写真＋中央キャッチ）","プロ（演出多め）"
"LP-02048","美容クリニック｜採用エントリーLP（3D・クレイ・実績数字ドーン）","プロ（演出多め）"
"LP-02049","観光・地域プロモーション｜採用エントリーLP（ナチュラル・オーガニック・実績数字ドーン）","プロ（演出多め）"
"LP-02050","建築設計事務所｜リード獲得（資料請求・問い合わせ）LP（ミニマル・洗練・超大型タイポグラフィ）","プロ（演出多め）"
"LP-02051","引越し・生活サービス｜採用エントリーLP（3D・クレイ・左テキスト×右商品/人物）","プロ（演出多め）"
"LP-02052","カフェ・ベーカリー｜リード獲得（資料請求・問い合わせ）LP（ハンドメイド・手書き・全面写真＋中央キャッチ）","プロ（演出多め）"
"LP-02053","ゲーム・eスポーツ｜クラウドファンディング支援LP（レトロ・Y2K・写真コラージュ）","プロ（演出多め）"
"LP-02054","不動産・マンション｜リード獲得（資料請求・問い合わせ）LP（ダーク・シネマティック・超大型タイポグラフィ）","プロ（演出多め）"
"LP-02055","金融・保険・投資｜無料体験・カウンセリング予約LP（クール・テック・ジェネラティブ背景＋コピー）","プロ（演出多め）"
"LP-02056","スマホアプリ｜リード獲得（資料請求・問い合わせ）LP（3D・クレイ・写真コラージュ）","プロ（演出多め）"
"LP-02057","保育園・幼児教育・習い事｜無料体験・カウンセリング予約LP（ポップ・カラフル・実績数字ドーン）","プロ（演出多め）"
"LP-02058","工務店・注文住宅・リフォーム｜LINE友だち追加LP（北欧・ライフスタイル・デバイスモックアップ浮遊）","プロ（演出多め）"
"LP-02059","コスメ・スキンケア｜リード獲得（資料請求・問い合わせ）LP（パステル・ドリーミー・全面写真＋中央キャッチ）","プロ（演出多め）"
"LP-02060","占い・スピリチュアル｜リード獲得（資料請求・問い合わせ）LP（パステル・ドリーミー・実績数字ドーン）","プロ（演出多め）"
"LP-02061","カフェ・ベーカリー｜採用エントリーLP（ナチュラル・オーガニック・実績数字ドーン）","上級"
"LP-02062","建築設計事務所｜採用エントリーLP（ミニマル・洗練・写真コラージュ）","上級"
"LP-02063","コンサル・コーチング｜リード獲得（資料請求・問い合わせ）LP（ミニマル・洗練・スクロールで商品が回転/分解）","プロ（演出多め）"
"LP-02064","採用・求人｜リード獲得（資料請求・問い合わせ）LP（エネルギッシュ・スポーティ・全面写真＋中央キャッチ）","上級"
"LP-02065","パーソナルジム・フィットネス｜リード獲得（資料請求・問い合わせ）LP（ダーク・シネマティック・左テキスト×右商品/人物）","プロ（演出多め）"
"LP-02066","スマホアプリ｜無料体験・カウンセリング予約LP（グラスモーフィズム・デバイスモックアップ浮遊）","プロ（演出多め）"
"LP-02067","自動車・バイク｜リード獲得（資料請求・問い合わせ）LP（ミニマル・洗練・イラスト主体）","プロ（演出多め）"
"LP-02068","ヨガ・ピラティス｜採用エントリーLP（ラグジュアリー・高級感・スクロールで商品が回転/分解）","プロ（演出多め）"
"LP-02069","ゲーム・eスポーツ｜リード獲得（資料請求・問い合わせ）LP（ネオン・サイバー・写真コラージュ）","プロ（演出多め）"
"LP-02070","工務店・注文住宅・リフォーム｜採用エントリーLP（信頼・誠実（コーポレート）・スクロールで商品が回転/分解）","上級"
"LP-02071","コスメ・スキンケア｜リード獲得（資料請求・問い合わせ）LP（グラスモーフィズム・実績数字ドーン）","プロ（演出多め）"
"LP-02072","レストラン・居酒屋｜採用エントリーLP（レトロ・Y2K・デバイスモックアップ浮遊）","プロ（演出多め）"
"LP-02073","和菓子・スイーツ｜商品購入（単品通販）LP（かわいい・ガーリー・ジェネラティブ背景＋コピー）","プロ（演出多め）"
"LP-02074","音楽・ライブ・イベント｜リード獲得（資料請求・問い合わせ）LP（レトロ・Y2K・スクロールで商品が回転/分解）","プロ（演出多め）"
"LP-02075","スマホアプリ｜リード獲得（資料請求・問い合わせ）LP（ミニマル・洗練・全面写真＋中央キャッチ）","プロ（演出多め）"
"LP-02076","SaaS・BtoBツール｜セミナー・ウェビナー集客LP（グラスモーフィズム・スクロールで商品が回転/分解）","プロ（演出多め）"
"LP-02077","建築設計事務所｜採用エントリーLP（ジオメトリック・グラフィカル・スクロールで商品が回転/分解）","プロ（演出多め）"
"LP-02078","ゲーム・eスポーツ｜採用エントリーLP（エネルギッシュ・スポーティ・デバイスモックアップ浮遊）","プロ（演出多め）"
"LP-02079","ウェディング・結婚相談所｜リード獲得（資料請求・問い合わせ）LP（ミニマル・洗練・実績数字ドーン）","プロ（演出多め）"
"LP-02080","Web制作・デザイン事務所｜リード獲得（資料請求・問い合わせ）LP（ジオメトリック・グラフィカル・写真コラージュ）","プロ（演出多め）"
"LP-02081","レストラン・居酒屋｜LINE友だち追加LP（ラグジュアリー・高級感・超大型タイポグラフィ）","プロ（演出多め）"
"LP-02082","SaaS・BtoBツール｜会員登録・アプリDLLP（信頼・誠実（コーポレート）・実績数字ドーン）","プロ（演出多め）"
"LP-02083","ペット・トリミング・動物病院｜LINE友だち追加LP（3D・クレイ・左テキスト×右商品/人物）","プロ（演出多め）"
"LP-02084","コンサル・コーチング｜採用エントリーLP（信頼・誠実（コーポレート）・超大型タイポグラフィ）","プロ（演出多め）"
"LP-02085","観光・地域プロモーション｜採用エントリーLP（ハンドメイド・手書き・背景動画ループ＋オーバーレイ）","プロ（演出多め）"
"LP-02086","エステ・脱毛サロン｜無料体験・カウンセリング予約LP（ミニマル・洗練・デバイスモックアップ浮遊）","プロ（演出多め）"
"LP-02087","クラウドファンディング・新商品｜リード獲得（資料請求・問い合わせ）LP（ポップ・カラフル・超大型タイポグラフィ）","プロ（演出多め）"
"LP-02088","引越し・生活サービス｜無料体験・カウンセリング予約LP（3D・クレイ・全面写真＋中央キャッチ）","プロ（演出多め）"
"LP-02089","和菓子・スイーツ｜クラウドファンディング支援LP（かわいい・ガーリー・ジェネラティブ背景＋コピー）","プロ（演出多め）"
"LP-02090","和菓子・スイーツ｜採用エントリーLP（ナチュラル・オーガニック・写真コラージュ）","プロ（演出多め）"
"LP-02091","農業・地方の生産者｜リード獲得（資料請求・問い合わせ）LP（ハンドメイド・手書き・ジェネラティブ背景＋コピー）","プロ（演出多め）"
"LP-02092","工務店・注文住宅・リフォーム｜無料体験・カウンセリング予約LP（ナチュラル・オーガニック・全面写真＋中央キャッチ）","プロ（演出多め）"
"LP-02093","エステ・脱毛サロン｜LINE友だち追加LP（ラグジュアリー・高級感・写真コラージュ）","プロ（演出多め）"
"LP-02094","英会話・語学｜無料体験・カウンセリング予約LP（ダーク・シネマティック・左テキスト×右商品/人物）","プロ（演出多め）"
"LP-02095","スマホアプリ｜商品購入（単品通販）LP（クール・テック・写真コラージュ）","プロ（演出多め）"
"LP-02096","SaaS・BtoBツール｜会員登録・アプリDLLP（エネルギッシュ・スポーティ・スクロールで商品が回転/分解）","プロ（演出多め）"
"LP-02097","カフェ・ベーカリー｜LINE友だち追加LP（北欧・ライフスタイル・実績数字ドーン）","プロ（演出多め）"
"LP-02098","工務店・注文住宅・リフォーム｜無料体験・カウンセリング予約LP（信頼・誠実（コーポレート）・スクロールで商品が回転/分解）","プロ（演出多め）"
"LP-02099","AIサービス・スタートアップ｜会員登録・アプリDLLP（クール・テック・全面写真＋中央キャッチ）","プロ（演出多め）"
"LP-02100","ウェディング・結婚相談所｜無料体験・カウンセリング予約LP（ラグジュアリー・高級感・写真コラージュ）","プロ（演出多め）"
"LP-02101","農業・地方の生産者｜商品購入（単品通販）LP（和モダン・実績数字ドーン）","プロ（演出多め）"
"LP-02102","自動車・バイク｜リード獲得（資料請求・問い合わせ）LP（クール・テック・超大型タイポグラフィ）","プロ（演出多め）"
"LP-02103","保育園・幼児教育・習い事｜リード獲得（資料請求・問い合わせ）LP（3D・クレイ・イラスト主体）","プロ（演出多め）"
"LP-02104","美容室・ヘアサロン｜リード獲得（資料請求・問い合わせ）LP（ダーク・シネマティック・写真コラージュ）","プロ（演出多め）"
"LP-02105","士業（税理士・弁護士・行政書士）｜セミナー・ウェビナー集客LP（和モダン・ジェネラティブ背景＋コピー）","プロ（演出多め）"
"LP-02106","パーソナルジム・フィットネス｜リード獲得（資料請求・問い合わせ）LP（エネルギッシュ・スポーティ・デバイスモックアップ浮遊）","プロ（演出多め）"
"LP-02107","クラウドファンディング・新商品｜採用エントリーLP（パステル・ドリーミー・左テキスト×右商品/人物）","上級"
"LP-02108","農業・地方の生産者｜クラウドファンディング支援LP（ナチュラル・オーガニック・デバイスモックアップ浮遊）","プロ（演出多め）"
"LP-02109","SaaS・BtoBツール｜セミナー・ウェビナー集客LP（グラスモーフィズム・左テキスト×右商品/人物）","プロ（演出多め）"
"LP-02110","NPO・地方自治体｜リード獲得（資料請求・問い合わせ）LP（ハンドメイド・手書き・スクロールで商品が回転/分解）","プロ（演出多め）"
"LP-02111","ペット・トリミング・動物病院｜LINE友だち追加LP（北欧・ライフスタイル・左テキスト×右商品/人物）","プロ（演出多め）"
"LP-02112","英会話・語学｜採用エントリーLP（ジオメトリック・グラフィカル・イラスト主体）","プロ（演出多め）"
"LP-02113","カフェ・ベーカリー｜採用エントリーLP（北欧・ライフスタイル・デバイスモックアップ浮遊）","上級"
"LP-02114","保育園・幼児教育・習い事｜リード獲得（資料請求・問い合わせ）LP（ポップ・カラフル・左テキスト×右商品/人物）","プロ（演出多め）"
"LP-02115","農業・地方の生産者｜商品購入（単品通販）LP（ネオン・サイバー・実績数字ドーン）","プロ（演出多め）"
"LP-02116","内科・クリニック｜LINE友だち追加LP（北欧・ライフスタイル・デバイスモックアップ浮遊）","プロ（演出多め）"
"LP-02117","パーソナルジム・フィットネス｜採用エントリーLP（ハンドメイド・手書き・超大型タイポグラフィ）","上級"
"LP-02118","建築設計事務所｜リード獲得（資料請求・問い合わせ）LP（エディトリアル・雑誌風・スクロールで商品が回転/分解）","プロ（演出多め）"
"LP-02119","金融・保険・投資｜会員登録・アプリDLLP（ミニマル・洗練・デバイスモックアップ浮遊）","プロ（演出多め）"
"LP-02120","ホテル・旅館｜リード獲得（資料請求・問い合わせ）LP（ラグジュアリー・高級感・デバイスモックアップ浮遊）","プロ（演出多め）"
"LP-02121","ヨガ・ピラティス｜LINE友だち追加LP（北欧・ライフスタイル・デバイスモックアップ浮遊）","プロ（演出多め）"
"LP-02122","コスメ・スキンケア｜採用エントリーLP（パステル・ドリーミー・全面写真＋中央キャッチ）","プロ（演出多め）"
"LP-02123","クラウドファンディング・新商品｜採用エントリーLP（ナチュラル・オーガニック・デバイスモックアップ浮遊）","プロ（演出多め）"
"LP-02124","ウェディング・結婚相談所｜リード獲得（資料請求・問い合わせ）LP（ミニマル・洗練・実績数字ドーン）","プロ（演出多め）"
"LP-02125","食品・産直EC｜採用エントリーLP（ジオメトリック・グラフィカル・イラスト主体）","プロ（演出多め）"
"LP-02126","AIサービス・スタートアップ｜リード獲得（資料請求・問い合わせ）LP（ネオン・サイバー・デバイスモックアップ浮遊）","プロ（演出多め）"
"LP-02127","農業・地方の生産者｜クラウドファンディング支援LP（和モダン・背景動画ループ＋オーバーレイ）","プロ（演出多め）"
"LP-02128","カフェ・ベーカリー｜リード獲得（資料請求・問い合わせ）LP（ハンドメイド・手書き・写真コラージュ）","プロ（演出多め）"
"LP-02129","食品・産直EC｜リード獲得（資料請求・問い合わせ）LP（和モダン・超大型タイポグラフィ）","プロ（演出多め）"
"LP-02130","レストラン・居酒屋｜採用エントリーLP（レトロ・Y2K・超大型タイポグラフィ）","プロ（演出多め）"
"LP-02131","保育園・幼児教育・習い事｜LINE友だち追加LP（ナチュラル・オーガニック・実績数字ドーン）","上級"
"LP-02132","コスメ・スキンケア｜リード獲得（資料請求・問い合わせ）LP（北欧・ライフスタイル・デバイスモックアップ浮遊）","上級"
"LP-02133","エステ・脱毛サロン｜商品購入（単品通販）LP（ミニマル・洗練・ジェネラティブ背景＋コピー）","プロ（演出多め）"
"LP-02134","パーソナルジム・フィットネス｜採用エントリーLP（クール・テック・背景動画ループ＋オーバーレイ）","プロ（演出多め）"
"LP-02135","AIサービス・スタートアップ｜リード獲得（資料請求・問い合わせ）LP（クール・テック・写真コラージュ）","プロ（演出多め）"
"LP-02136","士業（税理士・弁護士・行政書士）｜無料体験・カウンセリング予約LP（信頼・誠実（コーポレート）・イラスト主体）","プロ（演出多め）"
"LP-02137","士業（税理士・弁護士・行政書士）｜セミナー・ウェビナー集客LP（グラスモーフィズム・写真コラージュ）","上級"
"LP-02138","アパレル・ファッションEC｜商品購入（単品通販）LP（ミニマル・洗練・写真コラージュ）","プロ（演出多め）"
"LP-02139","工務店・注文住宅・リフォーム｜LINE友だち追加LP（ミニマル・洗練・実績数字ドーン）","プロ（演出多め）"
"LP-02140","NPO・地方自治体｜クラウドファンディング支援LP（ハンドメイド・手書き・イラスト主体）","プロ（演出多め）"
"LP-02141","スマホアプリ｜商品購入（単品通販）LP（3D・クレイ・左テキスト×右商品/人物）","上級"
"LP-02142","美容クリニック｜採用エントリーLP（ミニマル・洗練・超大型タイポグラフィ）","プロ（演出多め）"
"LP-02143","金融・保険・投資｜無料体験・カウンセリング予約LP（信頼・誠実（コーポレート）・デバイスモックアップ浮遊）","プロ（演出多め）"
"LP-02144","美容室・ヘアサロン｜無料体験・カウンセリング予約LP（かわいい・ガーリー・デバイスモックアップ浮遊）","プロ（演出多め）"
"LP-02145","サウナ・温浴施設｜LINE友だち追加LP（レトロ・Y2K・超大型タイポグラフィ）","プロ（演出多め）"
"LP-02146","音楽・ライブ・イベント｜クラウドファンディング支援LP（ネオン・サイバー・写真コラージュ）","プロ（演出多め）"
"LP-02147","レストラン・居酒屋｜リード獲得（資料請求・問い合わせ）LP（かわいい・ガーリー・ジェネラティブ背景＋コピー）","プロ（演出多め）"
"LP-02148","英会話・語学｜リード獲得（資料請求・問い合わせ）LP（信頼・誠実（コーポレート）・背景動画ループ＋オーバーレイ）","プロ（演出多め）"
"LP-02149","パーソナルジム・フィットネス｜無料体験・カウンセリング予約LP（ダーク・シネマティック・全面写真＋中央キャッチ）","上級"
"LP-02150","美容クリニック｜採用エントリーLP（ミニマル・洗練・左テキスト×右商品/人物）","プロ（演出多め）"
"LP-02151","保育園・幼児教育・習い事｜無料体験・カウンセリング予約LP（ナチュラル・オーガニック・超大型タイポグラフィ）","プロ（演出多め）"
"LP-02152","農業・地方の生産者｜商品購入（単品通販）LP（パステル・ドリーミー・実績数字ドーン）","プロ（演出多め）"
"LP-02153","ペット・トリミング・動物病院｜リード獲得（資料請求・問い合わせ）LP（パステル・ドリーミー・超大型タイポグラフィ）","プロ（演出多め）"
"LP-02154","自動車・バイク｜採用エントリーLP（エネルギッシュ・スポーティ・スクロールで商品が回転/分解）","プロ（演出多め）"
"LP-02155","不動産・マンション｜リード獲得（資料請求・問い合わせ）LP（ラグジュアリー・高級感・スクロールで商品が回転/分解）","プロ（演出多め）"
"LP-02156","保育園・幼児教育・習い事｜LINE友だち追加LP（ナチュラル・オーガニック・ジェネラティブ背景＋コピー）","プロ（演出多め）"
"LP-02157","音楽・ライブ・イベント｜リード獲得（資料請求・問い合わせ）LP（ニューブルータリズム・ジェネラティブ背景＋コピー）","上級"
"LP-02158","アパレル・ファッションEC｜商品購入（単品通販）LP（ニューブルータリズム・イラスト主体）","プロ（演出多め）"
"LP-02159","サウナ・温浴施設｜無料体験・カウンセリング予約LP（和モダン・実績数字ドーン）","プロ（演出多め）"
"LP-02160","SaaS・BtoBツール｜セミナー・ウェビナー集客LP（クール・テック・イラスト主体）","プロ（演出多め）"
"LP-02161","金融・保険・投資｜無料体験・カウンセリング予約LP（クール・テック・実績数字ドーン）","上級"
"LP-02162","美容クリニック｜採用エントリーLP（ミニマル・洗練・実績数字ドーン）","上級"
"LP-02163","クラウドファンディング・新商品｜商品購入（単品通販）LP（ポップ・カラフル・実績数字ドーン）","プロ（演出多め）"
"LP-02164","ホテル・旅館｜リード獲得（資料請求・問い合わせ）LP（ミニマル・洗練・左テキスト×右商品/人物）","プロ（演出多め）"
"LP-02165","採用・求人｜リード獲得（資料請求・問い合わせ）LP（ジオメトリック・グラフィカル・写真コラージュ）","プロ（演出多め）"
"LP-02166","サウナ・温浴施設｜LINE友だち追加LP（ニューブルータリズム・写真コラージュ）","プロ（演出多め）"
"LP-02167","士業（税理士・弁護士・行政書士）｜採用エントリーLP（信頼・誠実（コーポレート）・実績数字ドーン）","プロ（演出多め）"
"LP-02168","工務店・注文住宅・リフォーム｜セミナー・ウェビナー集客LP（ミニマル・洗練・写真コラージュ）","プロ（演出多め）"
"LP-02169","コンサル・コーチング｜採用エントリーLP（ラグジュアリー・高級感・スクロールで商品が回転/分解）","プロ（演出多め）"
"LP-02170","美容クリニック｜採用エントリーLP（ミニマル・洗練・実績数字ドーン）","プロ（演出多め）"
"LP-02171","不動産・マンション｜無料体験・カウンセリング予約LP（ラグジュアリー・高級感・全面写真＋中央キャッチ）","プロ（演出多め）"
"LP-02172","コスメ・スキンケア｜商品購入（単品通販）LP（パステル・ドリーミー・デバイスモックアップ浮遊）","プロ（演出多め）"
"LP-02173","英会話・語学｜リード獲得（資料請求・問い合わせ）LP（ジオメトリック・グラフィカル・背景動画ループ＋オーバーレイ）","上級"
"LP-02174","観光・地域プロモーション｜リード獲得（資料請求・問い合わせ）LP（ダーク・シネマティック・超大型タイポグラフィ）","プロ（演出多め）"
"LP-02175","農業・地方の生産者｜クラウドファンディング支援LP（和モダン・全面写真＋中央キャッチ）","プロ（演出多め）"
"LP-02176","ウェディング・結婚相談所｜LINE友だち追加LP（ラグジュアリー・高級感・実績数字ドーン）","プロ（演出多め）"
"LP-02177","SaaS・BtoBツール｜リード獲得（資料請求・問い合わせ）LP（クール・テック・全面写真＋中央キャッチ）","プロ（演出多め）"
"LP-02178","ヨガ・ピラティス｜LINE友だち追加LP（ミニマル・洗練・超大型タイポグラフィ）","プロ（演出多め）"
"LP-02179","YouTuber・インフルエンサー｜採用エントリーLP（ネオン・サイバー・写真コラージュ）","プロ（演出多め）"
"LP-02180","ウェディング・結婚相談所｜採用エントリーLP（パステル・ドリーミー・ジェネラティブ背景＋コピー）","プロ（演出多め）"
"LP-02181","カフェ・ベーカリー｜リード獲得（資料請求・問い合わせ）LP（ナチュラル・オーガニック・ジェネラティブ背景＋コピー）","プロ（演出多め）"
"LP-02182","農業・地方の生産者｜採用エントリーLP（ハンドメイド・手書き・スクロールで商品が回転/分解）","プロ（演出多め）"
"LP-02183","ペット・トリミング・動物病院｜採用エントリーLP（かわいい・ガーリー・写真コラージュ）","プロ（演出多め）"
"LP-02184","YouTuber・インフルエンサー｜リード獲得（資料請求・問い合わせ）LP（かわいい・ガーリー・全面写真＋中央キャッチ）","プロ（演出多め）"
"LP-02185","スクール・オンライン講座｜リード獲得（資料請求・問い合わせ）LP（3D・クレイ・スクロールで商品が回転/分解）","プロ（演出多め）"
"LP-02186","コンサル・コーチング｜無料体験・カウンセリング予約LP（エディトリアル・雑誌風・写真コラージュ）","プロ（演出多め）"
"LP-02187","英会話・語学｜採用エントリーLP（信頼・誠実（コーポレート）・スクロールで商品が回転/分解）","プロ（演出多め）"
"LP-02188","パーソナルジム・フィットネス｜無料体験・カウンセリング予約LP（エネルギッシュ・スポーティ・イラスト主体）","上級"
"LP-02189","引越し・生活サービス｜リード獲得（資料請求・問い合わせ）LP（ポップ・カラフル・ジェネラティブ背景＋コピー）","プロ（演出多め）"
"LP-02190","音楽・ライブ・イベント｜クラウドファンディング支援LP（ニューブルータリズム・超大型タイポグラフィ）","プロ（演出多め）"
"LP-02191","ペット・トリミング・動物病院｜LINE友だち追加LP（信頼・誠実（コーポレート）・超大型タイポグラフィ）","プロ（演出多め）"
"LP-02192","カフェ・ベーカリー｜LINE友だち追加LP（ナチュラル・オーガニック・デバイスモックアップ浮遊）","プロ（演出多め）"
"LP-02193","農業・地方の生産者｜採用エントリーLP（和モダン・全面写真＋中央キャッチ）","上級"
"LP-02194","英会話・語学｜無料体験・カウンセリング予約LP（信頼・誠実（コーポレート）・イラスト主体）","プロ（演出多め）"
"LP-02195","食品・産直EC｜クラウドファンディング支援LP（ハンドメイド・手書き・イラスト主体）","プロ（演出多め）"
"LP-02196","観光・地域プロモーション｜クラウドファンディング支援LP（和モダン・ジェネラティブ背景＋コピー）","上級"
"LP-02197","建築設計事務所｜採用エントリーLP（ジオメトリック・グラフィカル・左テキスト×右商品/人物）","プロ（演出多め）"
"LP-02198","観光・地域プロモーション｜クラウドファンディング支援LP（ハンドメイド・手書き・実績数字ドーン）","プロ（演出多め）"
"LP-02199","コンサル・コーチング｜無料体験・カウンセリング予約LP（ラグジュアリー・高級感・背景動画ループ＋オーバーレイ）","プロ（演出多め）"
"LP-02200","内科・クリニック｜リード獲得（資料請求・問い合わせ）LP（信頼・誠実（コーポレート）・左テキスト×右商品/人物）","上級"
"LP-02201","美容室・ヘアサロン｜リード獲得（資料請求・問い合わせ）LP（ミニマル・洗練・全面写真＋中央キャッチ）","プロ（演出多め）"
"LP-02202","自動車・バイク｜無料体験・カウンセリング予約LP（ラグジュアリー・高級感・左テキスト×右商品/人物）","プロ（演出多め）"
"LP-02203","パーソナルジム・フィットネス｜無料体験・カウンセリング予約LP（エネルギッシュ・スポーティ・全面写真＋中央キャッチ）","プロ（演出多め）"
"LP-02204","採用・求人｜リード獲得（資料請求・問い合わせ）LP（和モダン・イラスト主体）","プロ（演出多め）"
"LP-02205","食品・産直EC｜採用エントリーLP（グラスモーフィズム・デバイスモックアップ浮遊）","プロ（演出多め）"
"LP-02206","AIサービス・スタートアップ｜会員登録・アプリDLLP（グラスモーフィズム・実績数字ドーン）","プロ（演出多め）"
"LP-02207","歯科医院｜採用エントリーLP（ナチュラル・オーガニック・イラスト主体）","上級"
"LP-02208","採用・求人｜リード獲得（資料請求・問い合わせ）LP（ダーク・シネマティック・ジェネラティブ背景＋コピー）","プロ（演出多め）"
"LP-02209","美容室・ヘアサロン｜リード獲得（資料請求・問い合わせ）LP（北欧・ライフスタイル・左テキスト×右商品/人物）","上級"
"LP-02210","ヨガ・ピラティス｜リード獲得（資料請求・問い合わせ）LP（ミニマル・洗練・超大型タイポグラフィ）","プロ（演出多め）"
"LP-02211","工務店・注文住宅・リフォーム｜リード獲得（資料請求・問い合わせ）LP（ナチュラル・オーガニック・実績数字ドーン）","プロ（演出多め）"
"LP-02212","英会話・語学｜会員登録・アプリDLLP（エネルギッシュ・スポーティ・デバイスモックアップ浮遊）","プロ（演出多め）"
"LP-02213","歯科医院｜リード獲得（資料請求・問い合わせ）LP（ナチュラル・オーガニック・スクロールで商品が回転/分解）","プロ（演出多め）"
"LP-02214","保育園・幼児教育・習い事｜採用エントリーLP（ポップ・カラフル・実績数字ドーン）","プロ（演出多め）"
"LP-02215","ペット・トリミング・動物病院｜リード獲得（資料請求・問い合わせ）LP（かわいい・ガーリー・スクロールで商品が回転/分解）","プロ（演出多め）"
"LP-02216","占い・スピリチュアル｜リード獲得（資料請求・問い合わせ）LP（ダーク・シネマティック・写真コラージュ）","プロ（演出多め）"
"LP-02217","YouTuber・インフルエンサー｜リード獲得（資料請求・問い合わせ）LP（ニューブルータリズム・超大型タイポグラフィ）","プロ（演出多め）"
"LP-02218","ペット・トリミング・動物病院｜無料体験・カウンセリング予約LP（ネオン・サイバー・実績数字ドーン）","プロ（演出多め）"
"LP-02219","ペット・トリミング・動物病院｜商品購入（単品通販）LP（3D・クレイ・スクロールで商品が回転/分解）","プロ（演出多め）"
"LP-02220","農業・地方の生産者｜クラウドファンディング支援LP（ナチュラル・オーガニック・ジェネラティブ背景＋コピー）","プロ（演出多め）"
"LP-02221","農業・地方の生産者｜採用エントリーLP（エネルギッシュ・スポーティ・背景動画ループ＋オーバーレイ）","プロ（演出多め）"
"LP-02222","プログラミングスクール｜無料体験・カウンセリング予約LP（ネオン・サイバー・左テキスト×右商品/人物）","プロ（演出多め）"
"LP-02223","プログラミングスクール｜採用エントリーLP（3D・クレイ・実績数字ドーン）","プロ（演出多め）"
"LP-02224","パーソナルジム・フィットネス｜採用エントリーLP（エネルギッシュ・スポーティ・イラスト主体）","上級"
"LP-02225","士業（税理士・弁護士・行政書士）｜無料体験・カウンセリング予約LP（和モダン・スクロールで商品が回転/分解）","上級"
"LP-02226","英会話・語学｜採用エントリーLP（3D・クレイ・背景動画ループ＋オーバーレイ）","プロ（演出多め）"
"LP-02227","クラウドファンディング・新商品｜リード獲得（資料請求・問い合わせ）LP（3D・クレイ・背景動画ループ＋オーバーレイ）","プロ（演出多め）"
"LP-02228","占い・スピリチュアル｜採用エントリーLP（ダーク・シネマティック・イラスト主体）","プロ（演出多め）"
"LP-02229","レストラン・居酒屋｜リード獲得（資料請求・問い合わせ）LP（和モダン・ジェネラティブ背景＋コピー）","プロ（演出多め）"
"LP-02230","美容クリニック｜無料体験・カウンセリング予約LP（ダーク・シネマティック・超大型タイポグラフィ）","プロ（演出多め）"
"LP-02231","クラウドファンディング・新商品｜リード獲得（資料請求・問い合わせ）LP（ナチュラル・オーガニック・背景動画ループ＋オーバーレイ）","プロ（演出多め）"
"LP-02232","美容室・ヘアサロン｜採用エントリーLP（ネオン・サイバー・写真コラージュ）","プロ（演出多め）"
"LP-02233","農業・地方の生産者｜リード獲得（資料請求・問い合わせ）LP（ナチュラル・オーガニック・ジェネラティブ背景＋コピー）","プロ（演出多め）"
"LP-02234","YouTuber・インフルエンサー｜会員登録・アプリDLLP（ネオン・サイバー・スクロールで商品が回転/分解）","プロ（演出多め）"
"LP-02235","和菓子・スイーツ｜リード獲得（資料請求・問い合わせ）LP（和モダン・背景動画ループ＋オーバーレイ）","プロ（演出多め）"
"LP-02236","保育園・幼児教育・習い事｜LINE友だち追加LP（ハンドメイド・手書き・写真コラージュ）","プロ（演出多め）"
"LP-02237","歯科医院｜採用エントリーLP（信頼・誠実（コーポレート）・ジェネラティブ背景＋コピー）","プロ（演出多め）"
"LP-02238","ホテル・旅館｜リード獲得（資料請求・問い合わせ）LP（ラグジュアリー・高級感・イラスト主体）","プロ（演出多め）"
"LP-02239","占い・スピリチュアル｜リード獲得（資料請求・問い合わせ）LP（パステル・ドリーミー・デバイスモックアップ浮遊）","プロ（演出多め）"
"LP-02240","AIサービス・スタートアップ｜採用エントリーLP（ネオン・サイバー・左テキスト×右商品/人物）","プロ（演出多め）"
"LP-02241","Web制作・デザイン事務所｜リード獲得（資料請求・問い合わせ）LP（クール・テック・スクロールで商品が回転/分解）","上級"
"LP-02242","美容室・ヘアサロン｜LINE友だち追加LP（ラグジュアリー・高級感・ジェネラティブ背景＋コピー）","プロ（演出多め）"
"LP-02243","美容クリニック｜採用エントリーLP（ミニマル・洗練・デバイスモックアップ浮遊）","プロ（演出多め）"
"LP-02244","スマホアプリ｜無料体験・カウンセリング予約LP（ポップ・カラフル・背景動画ループ＋オーバーレイ）","プロ（演出多め）"
"LP-02245","食品・産直EC｜採用エントリーLP（ポップ・カラフル・イラスト主体）","プロ（演出多め）"
"LP-02246","ヨガ・ピラティス｜採用エントリーLP（パステル・ドリーミー・超大型タイポグラフィ）","プロ（演出多め）"
"LP-02247","歯科医院｜採用エントリーLP（ミニマル・洗練・スクロールで商品が回転/分解）","プロ（演出多め）"
"LP-02248","美容室・ヘアサロン｜LINE友だち追加LP（ミニマル・洗練・背景動画ループ＋オーバーレイ）","プロ（演出多め）"
"LP-02249","和菓子・スイーツ｜リード獲得（資料請求・問い合わせ）LP（和モダン・写真コラージュ）","プロ（演出多め）"
"LP-02250","農業・地方の生産者｜クラウドファンディング支援LP（ハンドメイド・手書き・スクロールで商品が回転/分解）","プロ（演出多め）"
"LP-02251","レストラン・居酒屋｜リード獲得（資料請求・問い合わせ）LP（レトロ・Y2K・スクロールで商品が回転/分解）","プロ（演出多め）"
"LP-02252","音楽・ライブ・イベント｜クラウドファンディング支援LP（ネオン・サイバー・デバイスモックアップ浮遊）","プロ（演出多め）"
"LP-02253","農業・地方の生産者｜採用エントリーLP（和モダン・写真コラージュ）","プロ（演出多め）"
"LP-02254","美容クリニック｜リード獲得（資料請求・問い合わせ）LP（和モダン・ジェネラティブ背景＋コピー）","プロ（演出多め）"
"LP-02255","スマホアプリ｜リード獲得（資料請求・問い合わせ）LP（グラスモーフィズム・実績数字ドーン）","プロ（演出多め）"
"LP-02256","ゲーム・eスポーツ｜採用エントリーLP（レトロ・Y2K・写真コラージュ）","プロ（演出多め）"
"LP-02257","YouTuber・インフルエンサー｜リード獲得（資料請求・問い合わせ）LP（ニューブルータリズム・超大型タイポグラフィ）","プロ（演出多め）"
"LP-02258","カフェ・ベーカリー｜採用エントリーLP（ナチュラル・オーガニック・写真コラージュ）","プロ（演出多め）"
"LP-02259","ホテル・旅館｜リード獲得（資料請求・問い合わせ）LP（ミニマル・洗練・背景動画ループ＋オーバーレイ）","プロ（演出多め）"
"LP-02260","工務店・注文住宅・リフォーム｜採用エントリーLP（信頼・誠実（コーポレート）・全面写真＋中央キャッチ）","プロ（演出多め）"
"LP-02261","美容クリニック｜リード獲得（資料請求・問い合わせ）LP（信頼・誠実（コーポレート）・イラスト主体）","プロ（演出多め）"
"LP-02262","美容クリニック｜無料体験・カウンセリング予約LP（信頼・誠実（コーポレート）・実績数字ドーン）","プロ（演出多め）"
"LP-02263","保育園・幼児教育・習い事｜リード獲得（資料請求・問い合わせ）LP（ハンドメイド・手書き・写真コラージュ）","プロ（演出多め）"
"LP-02264","カフェ・ベーカリー｜LINE友だち追加LP（ナチュラル・オーガニック・写真コラージュ）","プロ（演出多め）"
"LP-02265","士業（税理士・弁護士・行政書士）｜採用エントリーLP（信頼・誠実（コーポレート）・実績数字ドーン）","プロ（演出多め）"
"LP-02266","Web制作・デザイン事務所｜リード獲得（資料請求・問い合わせ）LP（エディトリアル・雑誌風・デバイスモックアップ浮遊）","プロ（演出多め）"
"LP-02267","美容クリニック｜無料体験・カウンセリング予約LP（ラグジュアリー・高級感・デバイスモックアップ浮遊）","上級"
"LP-02268","採用・求人｜採用エントリーLP（ポップ・カラフル・イラスト主体）","上級"
"LP-02269","レストラン・居酒屋｜LINE友だち追加LP（パステル・ドリーミー・スクロールで商品が回転/分解）","プロ（演出多め）"
"LP-02270","サウナ・温浴施設｜リード獲得（資料請求・問い合わせ）LP（ニューブルータリズム・背景動画ループ＋オーバーレイ）","プロ（演出多め）"
"LP-02271","音楽・ライブ・イベント｜採用エントリーLP（ネオン・サイバー・実績数字ドーン）","プロ（演出多め）"
"LP-02272","食品・産直EC｜リード獲得（資料請求・問い合わせ）LP（和モダン・写真コラージュ）","プロ（演出多め）"
"LP-02273","コンサル・コーチング｜リード獲得（資料請求・問い合わせ）LP（ラグジュアリー・高級感・左テキスト×右商品/人物）","プロ（演出多め）"
"LP-02274","スクール・オンライン講座｜リード獲得（資料請求・問い合わせ）LP（クール・テック・実績数字ドーン）","プロ（演出多め）"
"LP-02275","ペット・トリミング・動物病院｜無料体験・カウンセリング予約LP（パステル・ドリーミー・ジェネラティブ背景＋コピー）","プロ（演出多め）"
"LP-02276","美容クリニック｜リード獲得（資料請求・問い合わせ）LP（ラグジュアリー・高級感・デバイスモックアップ浮遊）","プロ（演出多め）"
"LP-02277","ヨガ・ピラティス｜採用エントリーLP（ミニマル・洗練・超大型タイポグラフィ）","プロ（演出多め）"
"LP-02278","サウナ・温浴施設｜無料体験・カウンセリング予約LP（ニューブルータリズム・ジェネラティブ背景＋コピー）","プロ（演出多め）"
"LP-02279","農業・地方の生産者｜リード獲得（資料請求・問い合わせ）LP（ナチュラル・オーガニック・デバイスモックアップ浮遊）","プロ（演出多め）"
"LP-02280","レストラン・居酒屋｜採用エントリーLP（ダーク・シネマティック・写真コラージュ）","プロ（演出多め）"
"LP-02281","観光・地域プロモーション｜クラウドファンディング支援LP（ハンドメイド・手書き・超大型タイポグラフィ）","上級"
"LP-02282","プログラミングスクール｜無料体験・カウンセリング予約LP（ネオン・サイバー・左テキスト×右商品/人物）","プロ（演出多め）"
"LP-02283","建築設計事務所｜リード獲得（資料請求・問い合わせ）LP（ミニマル・洗練・超大型タイポグラフィ）","プロ（演出多め）"
"LP-02284","工務店・注文住宅・リフォーム｜無料体験・カウンセリング予約LP（ミニマル・洗練・全面写真＋中央キャッチ）","プロ（演出多め）"
"LP-02285","ゲーム・eスポーツ｜リード獲得（資料請求・問い合わせ）LP（エネルギッシュ・スポーティ・ジェネラティブ背景＋コピー）","プロ（演出多め）"
"LP-02286","美容室・ヘアサロン｜LINE友だち追加LP（ダーク・シネマティック・デバイスモックアップ浮遊）","プロ（演出多め）"
"LP-02287","ペット・トリミング・動物病院｜無料体験・カウンセリング予約LP（3D・クレイ・ジェネラティブ背景＋コピー）","プロ（演出多め）"
"LP-02288","歯科医院｜採用エントリーLP（パステル・ドリーミー・背景動画ループ＋オーバーレイ）","プロ（演出多め）"
"LP-02289","歯科医院｜リード獲得（資料請求・問い合わせ）LP（ミニマル・洗練・ジェネラティブ背景＋コピー）","プロ（演出多め）"
"LP-02290","コスメ・スキンケア｜採用エントリーLP（ナチュラル・オーガニック・イラスト主体）","プロ（演出多め）"
"LP-02291","AIサービス・スタートアップ｜採用エントリーLP（ネオン・サイバー・イラスト主体）","上級"
"LP-02292","内科・クリニック｜リード獲得（資料請求・問い合わせ）LP（ナチュラル・オーガニック・左テキスト×右商品/人物）","プロ（演出多め）"
"LP-02293","自動車・バイク｜採用エントリーLP（ラグジュアリー・高級感・背景動画ループ＋オーバーレイ）","プロ（演出多め）"
"LP-02294","建築設計事務所｜リード獲得（資料請求・問い合わせ）LP（ナチュラル・オーガニック・実績数字ドーン）","プロ（演出多め）"
"LP-02295","クラウドファンディング・新商品｜クラウドファンディング支援LP（ポップ・カラフル・デバイスモックアップ浮遊）","プロ（演出多め）"
"LP-02296","コンサル・コーチング｜無料体験・カウンセリング予約LP（3D・クレイ・実績数字ドーン）","プロ（演出多め）"
"LP-02297","ゲーム・eスポーツ｜会員登録・アプリDLLP（ハンドメイド・手書き・実績数字ドーン）","プロ（演出多め）"
"LP-02298","工務店・注文住宅・リフォーム｜無料体験・カウンセリング予約LP（ミニマル・洗練・背景動画ループ＋オーバーレイ）","プロ（演出多め）"
"LP-02299","SaaS・BtoBツール｜セミナー・ウェビナー集客LP（かわいい・ガーリー・ジェネラティブ背景＋コピー）","プロ（演出多め）"
"LP-02300","プログラミングスクール｜無料体験・カウンセリング予約LP（ネオン・サイバー・デバイスモックアップ浮遊）","プロ（演出多め）"
"LP-02301","クラウドファンディング・新商品｜リード獲得（資料請求・問い合わせ）LP（ダーク・シネマティック・超大型タイポグラフィ）","プロ（演出多め）"
"LP-02302","金融・保険・投資｜無料体験・カウンセリング予約LP（クール・テック・実績数字ドーン）","プロ（演出多め）"
"LP-02303","エステ・脱毛サロン｜商品購入（単品通販）LP（かわいい・ガーリー・超大型タイポグラフィ）","プロ（演出多め）"
"LP-02304","カフェ・ベーカリー｜リード獲得（資料請求・問い合わせ）LP（ナチュラル・オーガニック・左テキスト×右商品/人物）","プロ（演出多め）"
"LP-02305","カフェ・ベーカリー｜リード獲得（資料請求・問い合わせ）LP（北欧・ライフスタイル・背景動画ループ＋オーバーレイ）","プロ（演出多め）"
"LP-02306","金融・保険・投資｜リード獲得（資料請求・問い合わせ）LP（信頼・誠実（コーポレート）・スクロールで商品が回転/分解）","プロ（演出多め）"
"LP-02307","ペット・トリミング・動物病院｜リード獲得（資料請求・問い合わせ）LP（ナチュラル・オーガニック・左テキスト×右商品/人物）","プロ（演出多め）"
"LP-02308","和菓子・スイーツ｜LINE友だち追加LP（ハンドメイド・手書き・全面写真＋中央キャッチ）","プロ（演出多め）"
"LP-02309","美容クリニック｜LINE友だち追加LP（かわいい・ガーリー・スクロールで商品が回転/分解）","プロ（演出多め）"
"LP-02310","パーソナルジム・フィットネス｜採用エントリーLP（エディトリアル・雑誌風・背景動画ループ＋オーバーレイ）","プロ（演出多め）"
"LP-02311","アパレル・ファッションEC｜商品購入（単品通販）LP（レトロ・Y2K・超大型タイポグラフィ）","プロ（演出多め）"
"LP-02312","歯科医院｜LINE友だち追加LP（ミニマル・洗練・ジェネラティブ背景＋コピー）","上級"
"LP-02313","エステ・脱毛サロン｜採用エントリーLP（かわいい・ガーリー・左テキスト×右商品/人物）","上級"
"LP-02314","音楽・ライブ・イベント｜リード獲得（資料請求・問い合わせ）LP（レトロ・Y2K・イラスト主体）","プロ（演出多め）"
"LP-02315","建築設計事務所｜採用エントリーLP（エディトリアル・雑誌風・全面写真＋中央キャッチ）","プロ（演出多め）"
"LP-02316","工務店・注文住宅・リフォーム｜無料体験・カウンセリング予約LP（信頼・誠実（コーポレート）・イラスト主体）","プロ（演出多め）"
"LP-02317","アパレル・ファッションEC｜商品購入（単品通販）LP（ニューブルータリズム・デバイスモックアップ浮遊）","プロ（演出多め）"
"LP-02318","アパレル・ファッションEC｜リード獲得（資料請求・問い合わせ）LP（ミニマル・洗練・背景動画ループ＋オーバーレイ）","プロ（演出多め）"
"LP-02319","コスメ・スキンケア｜商品購入（単品通販）LP（ラグジュアリー・高級感・スクロールで商品が回転/分解）","プロ（演出多め）"
"LP-02320","建築設計事務所｜採用エントリーLP（エネルギッシュ・スポーティ・デバイスモックアップ浮遊）","プロ（演出多め）"
"LP-02321","観光・地域プロモーション｜クラウドファンディング支援LP（ハンドメイド・手書き・左テキスト×右商品/人物）","プロ（演出多め）"
"LP-02322","クラウドファンディング・新商品｜クラウドファンディング支援LP（ダーク・シネマティック・全面写真＋中央キャッチ）","プロ（演出多め）"
"LP-02323","サウナ・温浴施設｜無料体験・カウンセリング予約LP（ナチュラル・オーガニック・写真コラージュ）","プロ（演出多め）"
"LP-02324","レストラン・居酒屋｜リード獲得（資料請求・問い合わせ）LP（ダーク・シネマティック・超大型タイポグラフィ）","プロ（演出多め）"
"LP-02325","和菓子・スイーツ｜クラウドファンディング支援LP（パステル・ドリーミー・スクロールで商品が回転/分解）","上級"
"LP-02326","農業・地方の生産者｜採用エントリーLP（ハンドメイド・手書き・超大型タイポグラフィ）","プロ（演出多め）"
"LP-02327","SaaS・BtoBツール｜会員登録・アプリDLLP（信頼・誠実（コーポレート）・左テキスト×右商品/人物）","プロ（演出多め）"
"LP-02328","美容クリニック｜LINE友だち追加LP（ミニマル・洗練・超大型タイポグラフィ）","プロ（演出多め）"
"LP-02329","パーソナルジム・フィットネス｜LINE友だち追加LP（クール・テック・全面写真＋中央キャッチ）","上級"
"LP-02330","観光・地域プロモーション｜採用エントリーLP（ナチュラル・オーガニック・スクロールで商品が回転/分解）","上級"
"LP-02331","引越し・生活サービス｜リード獲得（資料請求・問い合わせ）LP（3D・クレイ・イラスト主体）","プロ（演出多め）"
"LP-02332","ペット・トリミング・動物病院｜無料体験・カウンセリング予約LP（ラグジュアリー・高級感・実績数字ドーン）","プロ（演出多め）"
"LP-02333","自動車・バイク｜リード獲得（資料請求・問い合わせ）LP（クール・テック・実績数字ドーン）","プロ（演出多め）"
"LP-02334","コンサル・コーチング｜無料体験・カウンセリング予約LP（パステル・ドリーミー・背景動画ループ＋オーバーレイ）","プロ（演出多め）"
"LP-02335","クラウドファンディング・新商品｜リード獲得（資料請求・問い合わせ）LP（ポップ・カラフル・背景動画ループ＋オーバーレイ）","プロ（演出多め）"
"LP-02336","食品・産直EC｜商品購入（単品通販）LP（ナチュラル・オーガニック・デバイスモックアップ浮遊）","プロ（演出多め）"
"LP-02337","士業（税理士・弁護士・行政書士）｜無料体験・カウンセリング予約LP（和モダン・スクロールで商品が回転/分解）","プロ（演出多め）"
"LP-02338","AIサービス・スタートアップ｜リード獲得（資料請求・問い合わせ）LP（クール・テック・左テキスト×右商品/人物）","プロ（演出多め）"
"LP-02339","歯科医院｜LINE友だち追加LP（ナチュラル・オーガニック・写真コラージュ）","プロ（演出多め）"
"LP-02340","採用・求人｜採用エントリーLP（信頼・誠実（コーポレート）・デバイスモックアップ浮遊）","プロ（演出多め）"
"LP-02341","占い・スピリチュアル｜リード獲得（資料請求・問い合わせ）LP（ダーク・シネマティック・ジェネラティブ背景＋コピー）","プロ（演出多め）"
"LP-02342","Web制作・デザイン事務所｜リード獲得（資料請求・問い合わせ）LP（エディトリアル・雑誌風・デバイスモックアップ浮遊）","プロ（演出多め）"
"LP-02343","NPO・地方自治体｜クラウドファンディング支援LP（ハンドメイド・手書き・左テキスト×右商品/人物）","プロ（演出多め）"
"LP-02344","アパレル・ファッションEC｜採用エントリーLP（エディトリアル・雑誌風・超大型タイポグラフィ）","プロ（演出多め）"
"LP-02345","NPO・地方自治体｜リード獲得（資料請求・問い合わせ）LP（ジオメトリック・グラフィカル・実績数字ドーン）","プロ（演出多め）"
"LP-02346","プログラミングスクール｜採用エントリーLP（ポップ・カラフル・全面写真＋中央キャッチ）","プロ（演出多め）"
"LP-02347","カフェ・ベーカリー｜採用エントリーLP（ニューブルータリズム・デバイスモックアップ浮遊）","プロ（演出多め）"
"LP-02348","保育園・幼児教育・習い事｜リード獲得（資料請求・問い合わせ）LP（ハンドメイド・手書き・左テキスト×右商品/人物）","プロ（演出多め）"
"LP-02349","ウェディング・結婚相談所｜リード獲得（資料請求・問い合わせ）LP（かわいい・ガーリー・デバイスモックアップ浮遊）","プロ（演出多め）"
"LP-02350","不動産・マンション｜セミナー・ウェビナー集客LP（ダーク・シネマティック・実績数字ドーン）","プロ（演出多め）"
"LP-02351","和菓子・スイーツ｜商品購入（単品通販）LP（かわいい・ガーリー・超大型タイポグラフィ）","プロ（演出多め）"
"LP-02352","ウェディング・結婚相談所｜リード獲得（資料請求・問い合わせ）LP（ラグジュアリー・高級感・スクロールで商品が回転/分解）","プロ（演出多め）"
"LP-02353","引越し・生活サービス｜リード獲得（資料請求・問い合わせ）LP（3D・クレイ・実績数字ドーン）","プロ（演出多め）"
"LP-02354","ホテル・旅館｜リード獲得（資料請求・問い合わせ）LP（ダーク・シネマティック・デバイスモックアップ浮遊）","プロ（演出多め）"
"LP-02355","農業・地方の生産者｜採用エントリーLP（和モダン・イラスト主体）","プロ（演出多め）"
"LP-02356","プログラミングスクール｜リード獲得（資料請求・問い合わせ）LP（3D・クレイ・スクロールで商品が回転/分解）","プロ（演出多め）"
"LP-02357","ウェディング・結婚相談所｜採用エントリーLP（かわいい・ガーリー・全面写真＋中央キャッチ）","プロ（演出多め）"
"LP-02358","YouTuber・インフルエンサー｜会員登録・アプリDLLP（かわいい・ガーリー・写真コラージュ）","プロ（演出多め）"
"LP-02359","レストラン・居酒屋｜リード獲得（資料請求・問い合わせ）LP（ダーク・シネマティック・実績数字ドーン）","プロ（演出多め）"
"LP-02360","引越し・生活サービス｜採用エントリーLP（エディトリアル・雑誌風・超大型タイポグラフィ）","上級"
"LP-02361","建築設計事務所｜リード獲得（資料請求・問い合わせ）LP（エディトリアル・雑誌風・ジェネラティブ背景＋コピー）","プロ（演出多め）"
"LP-02362","レストラン・居酒屋｜LINE友だち追加LP（ニューブルータリズム・超大型タイポグラフィ）","上級"
"LP-02363","スマホアプリ｜会員登録・アプリDLLP（ポップ・カラフル・全面写真＋中央キャッチ）","プロ（演出多め）"
"LP-02364","Web制作・デザイン事務所｜採用エントリーLP（ニューブルータリズム・背景動画ループ＋オーバーレイ）","プロ（演出多め）"
"LP-02365","SaaS・BtoBツール｜セミナー・ウェビナー集客LP（ミニマル・洗練・スクロールで商品が回転/分解）","上級"
"LP-02366","金融・保険・投資｜採用エントリーLP（ミニマル・洗練・イラスト主体）","上級"
"LP-02367","観光・地域プロモーション｜リード獲得（資料請求・問い合わせ）LP（ダーク・シネマティック・イラスト主体）","プロ（演出多め）"
"LP-02368","カフェ・ベーカリー｜採用エントリーLP（レトロ・Y2K・超大型タイポグラフィ）","プロ（演出多め）"
"LP-02369","金融・保険・投資｜採用エントリーLP（ネオン・サイバー・ジェネラティブ背景＋コピー）","プロ（演出多め）"
"LP-02370","カフェ・ベーカリー｜LINE友だち追加LP（エディトリアル・雑誌風・ジェネラティブ背景＋コピー）","プロ（演出多め）"
"LP-02371","エステ・脱毛サロン｜採用エントリーLP（ミニマル・洗練・全面写真＋中央キャッチ）","プロ（演出多め）"
"LP-02372","ペット・トリミング・動物病院｜採用エントリーLP（ナチュラル・オーガニック・デバイスモックアップ浮遊）","プロ（演出多め）"
"LP-02373","レストラン・居酒屋｜LINE友だち追加LP（ダーク・シネマティック・超大型タイポグラフィ）","プロ（演出多め）"
"LP-02374","士業（税理士・弁護士・行政書士）｜リード獲得（資料請求・問い合わせ）LP（信頼・誠実（コーポレート）・超大型タイポグラフィ）","上級"
"LP-02375","サウナ・温浴施設｜リード獲得（資料請求・問い合わせ）LP（和モダン・デバイスモックアップ浮遊）","プロ（演出多め）"
"LP-02376","保育園・幼児教育・習い事｜リード獲得（資料請求・問い合わせ）LP（和モダン・写真コラージュ）","プロ（演出多め）"
"LP-02377","歯科医院｜LINE友だち追加LP（グラスモーフィズム・背景動画ループ＋オーバーレイ）","プロ（演出多め）"
"LP-02378","引越し・生活サービス｜リード獲得（資料請求・問い合わせ）LP（クール・テック・ジェネラティブ背景＋コピー）","プロ（演出多め）"
"LP-02379","ウェディング・結婚相談所｜採用エントリーLP（ミニマル・洗練・デバイスモックアップ浮遊）","プロ（演出多め）"
"LP-02380","パーソナルジム・フィットネス｜LINE友だち追加LP（グラスモーフィズム・左テキスト×右商品/人物）","プロ（演出多め）"
"LP-02381","工務店・注文住宅・リフォーム｜LINE友だち追加LP（北欧・ライフスタイル・背景動画ループ＋オーバーレイ）","プロ（演出多め）"
"LP-02382","カフェ・ベーカリー｜採用エントリーLP（レトロ・Y2K・左テキスト×右商品/人物）","上級"
"LP-02383","スクール・オンライン講座｜会員登録・アプリDLLP（ポップ・カラフル・イラスト主体）","プロ（演出多め）"
"LP-02384","観光・地域プロモーション｜リード獲得（資料請求・問い合わせ）LP（ダーク・シネマティック・背景動画ループ＋オーバーレイ）","プロ（演出多め）"
"LP-02385","ホテル・旅館｜採用エントリーLP（ミニマル・洗練・イラスト主体）","プロ（演出多め）"
"LP-02386","食品・産直EC｜リード獲得（資料請求・問い合わせ）LP（ポップ・カラフル・デバイスモックアップ浮遊）","プロ（演出多め）"
"LP-02387","プログラミングスクール｜会員登録・アプリDLLP（3D・クレイ・写真コラージュ）","上級"
"LP-02388","英会話・語学｜無料体験・カウンセリング予約LP（ジオメトリック・グラフィカル・イラスト主体）","プロ（演出多め）"
"LP-02389","内科・クリニック｜無料体験・カウンセリング予約LP（信頼・誠実（コーポレート）・全面写真＋中央キャッチ）","上級"
"LP-02390","金融・保険・投資｜会員登録・アプリDLLP（ミニマル・洗練・全面写真＋中央キャッチ）","プロ（演出多め）"
"LP-02391","コンサル・コーチング｜無料体験・カウンセリング予約LP（和モダン・ジェネラティブ背景＋コピー）","プロ（演出多め）"
"LP-02392","エステ・脱毛サロン｜LINE友だち追加LP（かわいい・ガーリー・左テキスト×右商品/人物）","プロ（演出多め）"
"LP-02393","コスメ・スキンケア｜採用エントリーLP（ナチュラル・オーガニック・左テキスト×右商品/人物）","プロ（演出多め）"
"LP-02394","YouTuber・インフルエンサー｜リード獲得（資料請求・問い合わせ）LP（かわいい・ガーリー・スクロールで商品が回転/分解）","プロ（演出多め）"
"LP-02395","プログラミングスクール｜セミナー・ウェビナー集客LP（ネオン・サイバー・スクロールで商品が回転/分解）","プロ（演出多め）"
"LP-02396","エステ・脱毛サロン｜採用エントリーLP（ミニマル・洗練・超大型タイポグラフィ）","プロ（演出多め）"
"LP-02397","保育園・幼児教育・習い事｜LINE友だち追加LP（ハンドメイド・手書き・実績数字ドーン）","プロ（演出多め）"
"LP-02398","ゲーム・eスポーツ｜クラウドファンディング支援LP（ネオン・サイバー・超大型タイポグラフィ）","上級"
"LP-02399","和菓子・スイーツ｜LINE友だち追加LP（ラグジュアリー・高級感・左テキスト×右商品/人物）","プロ（演出多め）"
"LP-02400","工務店・注文住宅・リフォーム｜採用エントリーLP（ナチュラル・オーガニック・写真コラージュ）","プロ（演出多め）"
"LP-02401","占い・スピリチュアル｜LINE友だち追加LP（ダーク・シネマティック・スクロールで商品が回転/分解）","プロ（演出多め）"
"LP-02402","スクール・オンライン講座｜無料体験・カウンセリング予約LP（クール・テック・超大型タイポグラフィ）","プロ（演出多め）"
"LP-02403","美容クリニック｜無料体験・カウンセリング予約LP（信頼・誠実（コーポレート）・超大型タイポグラフィ）","プロ（演出多め）"
"LP-02404","美容室・ヘアサロン｜採用エントリーLP（ミニマル・洗練・背景動画ループ＋オーバーレイ）","プロ（演出多め）"
"LP-02405","コスメ・スキンケア｜採用エントリーLP（ミニマル・洗練・全面写真＋中央キャッチ）","上級"
"LP-02406","ウェディング・結婚相談所｜リード獲得（資料請求・問い合わせ）LP（パステル・ドリーミー・超大型タイポグラフィ）","プロ（演出多め）"
"LP-02407","YouTuber・インフルエンサー｜会員登録・アプリDLLP（かわいい・ガーリー・スクロールで商品が回転/分解）","プロ（演出多め）"
"LP-02408","美容室・ヘアサロン｜LINE友だち追加LP（かわいい・ガーリー・全面写真＋中央キャッチ）","プロ（演出多め）"
"LP-02409","パーソナルジム・フィットネス｜リード獲得（資料請求・問い合わせ）LP（エネルギッシュ・スポーティ・超大型タイポグラフィ）","プロ（演出多め）"
"LP-02410","レストラン・居酒屋｜LINE友だち追加LP（ラグジュアリー・高級感・左テキスト×右商品/人物）","プロ（演出多め）"
"LP-02411","ヨガ・ピラティス｜LINE友だち追加LP（ナチュラル・オーガニック・超大型タイポグラフィ）","プロ（演出多め）"
"LP-02412","英会話・語学｜会員登録・アプリDLLP（信頼・誠実（コーポレート）・スクロールで商品が回転/分解）","プロ（演出多め）"
"LP-02413","食品・産直EC｜採用エントリーLP（ハンドメイド・手書き・全面写真＋中央キャッチ）","プロ（演出多め）"
"LP-02414","採用・求人｜採用エントリーLP（エディトリアル・雑誌風・左テキスト×右商品/人物）","プロ（演出多め）"
"LP-02415","和菓子・スイーツ｜LINE友だち追加LP（ナチュラル・オーガニック・ジェネラティブ背景＋コピー）","プロ（演出多め）"
"LP-02416","ゲーム・eスポーツ｜採用エントリーLP（ダーク・シネマティック・背景動画ループ＋オーバーレイ）","上級"
"LP-02417","スマホアプリ｜採用エントリーLP（ニューブルータリズム・左テキスト×右商品/人物）","プロ（演出多め）"
"LP-02418","アパレル・ファッションEC｜商品購入（単品通販）LP（ニューブルータリズム・背景動画ループ＋オーバーレイ）","プロ（演出多め）"
"LP-02419","ゲーム・eスポーツ｜会員登録・アプリDLLP（エネルギッシュ・スポーティ・デバイスモックアップ浮遊）","プロ（演出多め）"
"LP-02420","占い・スピリチュアル｜LINE友だち追加LP（ラグジュアリー・高級感・ジェネラティブ背景＋コピー）","プロ（演出多め）"
"LP-02421","食品・産直EC｜商品購入（単品通販）LP（和モダン・超大型タイポグラフィ）","プロ（演出多め）"
"LP-02422","スマホアプリ｜会員登録・アプリDLLP（クール・テック・実績数字ドーン）","プロ（演出多め）"
"LP-02423","建築設計事務所｜採用エントリーLP（ジオメトリック・グラフィカル・イラスト主体）","プロ（演出多め）"
"LP-02424","カフェ・ベーカリー｜採用エントリーLP（エディトリアル・雑誌風・ジェネラティブ背景＋コピー）","プロ（演出多め）"
"LP-02425","プログラミングスクール｜リード獲得（資料請求・問い合わせ）LP（ポップ・カラフル・デバイスモックアップ浮遊）","上級"
"LP-02426","観光・地域プロモーション｜リード獲得（資料請求・問い合わせ）LP（ナチュラル・オーガニック・ジェネラティブ背景＋コピー）","プロ（演出多め）"
"LP-02427","内科・クリニック｜リード獲得（資料請求・問い合わせ）LP（ラグジュアリー・高級感・背景動画ループ＋オーバーレイ）","プロ（演出多め）"
"LP-02428","レストラン・居酒屋｜リード獲得（資料請求・問い合わせ）LP（和モダン・ジェネラティブ背景＋コピー）","上級"
"LP-02429","エステ・脱毛サロン｜採用エントリーLP（エネルギッシュ・スポーティ・超大型タイポグラフィ）","プロ（演出多め）"
"LP-02430","歯科医院｜無料体験・カウンセリング予約LP（ミニマル・洗練・ジェネラティブ背景＋コピー）","プロ（演出多め）"
"LP-02431","プログラミングスクール｜セミナー・ウェビナー集客LP（クール・テック・全面写真＋中央キャッチ）","上級"
"LP-02432","SaaS・BtoBツール｜無料体験・カウンセリング予約LP（信頼・誠実（コーポレート）・実績数字ドーン）","プロ（演出多め）"
"LP-02433","レストラン・居酒屋｜採用エントリーLP（和モダン・背景動画ループ＋オーバーレイ）","プロ（演出多め）"
"LP-02434","コンサル・コーチング｜無料体験・カウンセリング予約LP（ミニマル・洗練・実績数字ドーン）","プロ（演出多め）"
"LP-02435","コンサル・コーチング｜無料体験・カウンセリング予約LP（ミニマル・洗練・デバイスモックアップ浮遊）","プロ（演出多め）"
"LP-02436","スクール・オンライン講座｜会員登録・アプリDLLP（ダーク・シネマティック・イラスト主体）","プロ（演出多め）"
"LP-02437","AIサービス・スタートアップ｜無料体験・カウンセリング予約LP（ネオン・サイバー・デバイスモックアップ浮遊）","プロ（演出多め）"
"LP-02438","音楽・ライブ・イベント｜リード獲得（資料請求・問い合わせ）LP（和モダン・デバイスモックアップ浮遊）","プロ（演出多め）"
"LP-02439","カフェ・ベーカリー｜リード獲得（資料請求・問い合わせ）LP（ナチュラル・オーガニック・実績数字ドーン）","プロ（演出多め）"
"LP-02440","建築設計事務所｜リード獲得（資料請求・問い合わせ）LP（ミニマル・洗練・写真コラージュ）","プロ（演出多め）"
"LP-02441","保育園・幼児教育・習い事｜リード獲得（資料請求・問い合わせ）LP（かわいい・ガーリー・写真コラージュ）","プロ（演出多め）"
"LP-02442","不動産・マンション｜リード獲得（資料請求・問い合わせ）LP（レトロ・Y2K・ジェネラティブ背景＋コピー）","プロ（演出多め）"
"LP-02443","コンサル・コーチング｜リード獲得（資料請求・問い合わせ）LP（ミニマル・洗練・写真コラージュ）","プロ（演出多め）"
"LP-02444","引越し・生活サービス｜採用エントリーLP（信頼・誠実（コーポレート）・イラスト主体）","プロ（演出多め）"
"LP-02445","美容室・ヘアサロン｜無料体験・カウンセリング予約LP（かわいい・ガーリー・左テキスト×右商品/人物）","プロ（演出多め）"
"LP-02446","SaaS・BtoBツール｜リード獲得（資料請求・問い合わせ）LP（ミニマル・洗練・実績数字ドーン）","上級"
"LP-02447","ゲーム・eスポーツ｜会員登録・アプリDLLP（クール・テック・超大型タイポグラフィ）","プロ（演出多め）"
"LP-02448","アパレル・ファッションEC｜採用エントリーLP（信頼・誠実（コーポレート）・全面写真＋中央キャッチ）","プロ（演出多め）"
"LP-02449","クラウドファンディング・新商品｜商品購入（単品通販）LP（ポップ・カラフル・写真コラージュ）","プロ（演出多め）"
"LP-02450","保育園・幼児教育・習い事｜採用エントリーLP（ポップ・カラフル・背景動画ループ＋オーバーレイ）","プロ（演出多め）"
"LP-02451","NPO・地方自治体｜リード獲得（資料請求・問い合わせ）LP（信頼・誠実（コーポレート）・デバイスモックアップ浮遊）","プロ（演出多め）"
"LP-02452","美容クリニック｜LINE友だち追加LP（ミニマル・洗練・スクロールで商品が回転/分解）","プロ（演出多め）"
"LP-02453","NPO・地方自治体｜採用エントリーLP（ジオメトリック・グラフィカル・スクロールで商品が回転/分解）","プロ（演出多め）"
"LP-02454","コンサル・コーチング｜セミナー・ウェビナー集客LP（ニューブルータリズム・ジェネラティブ背景＋コピー）","プロ（演出多め）"
"LP-02455","ペット・トリミング・動物病院｜リード獲得（資料請求・問い合わせ）LP（ハンドメイド・手書き・実績数字ドーン）","プロ（演出多め）"
"LP-02456","ペット・トリミング・動物病院｜LINE友だち追加LP（かわいい・ガーリー・全面写真＋中央キャッチ）","プロ（演出多め）"
"LP-02457","美容室・ヘアサロン｜LINE友だち追加LP（かわいい・ガーリー・スクロールで商品が回転/分解）","プロ（演出多め）"
"LP-02458","NPO・地方自治体｜リード獲得（資料請求・問い合わせ）LP（ジオメトリック・グラフィカル・デバイスモックアップ浮遊）","プロ（演出多め）"
"LP-02459","AIサービス・スタートアップ｜セミナー・ウェビナー集客LP（ミニマル・洗練・超大型タイポグラフィ）","プロ（演出多め）"
"LP-02460","NPO・地方自治体｜クラウドファンディング支援LP（信頼・誠実（コーポレート）・スクロールで商品が回転/分解）","プロ（演出多め）"
"LP-02461","プログラミングスクール｜会員登録・アプリDLLP（クール・テック・写真コラージュ）","プロ（演出多め）"
"LP-02462","ウェディング・結婚相談所｜採用エントリーLP（ハンドメイド・手書き・実績数字ドーン）","プロ（演出多め）"
"LP-02463","和菓子・スイーツ｜クラウドファンディング支援LP（和モダン・イラスト主体）","上級"
"LP-02464","コンサル・コーチング｜無料体験・カウンセリング予約LP（エディトリアル・雑誌風・左テキスト×右商品/人物）","プロ（演出多め）"
"LP-02465","ウェディング・結婚相談所｜LINE友だち追加LP（かわいい・ガーリー・ジェネラティブ背景＋コピー）","プロ（演出多め）"
"LP-02466","Web制作・デザイン事務所｜リード獲得（資料請求・問い合わせ）LP（ジオメトリック・グラフィカル・デバイスモックアップ浮遊）","プロ（演出多め）"
"LP-02467","建築設計事務所｜採用エントリーLP（ジオメトリック・グラフィカル・全面写真＋中央キャッチ）","プロ（演出多め）"
"LP-02468","美容室・ヘアサロン｜LINE友だち追加LP（ミニマル・洗練・ジェネラティブ背景＋コピー）","上級"
"LP-02469","保育園・幼児教育・習い事｜LINE友だち追加LP（ハンドメイド・手書き・実績数字ドーン）","プロ（演出多め）"
"LP-02470","音楽・ライブ・イベント｜リード獲得（資料請求・問い合わせ）LP（レトロ・Y2K・全面写真＋中央キャッチ）","プロ（演出多め）"
"LP-02471","工務店・注文住宅・リフォーム｜無料体験・カウンセリング予約LP（ナチュラル・オーガニック・実績数字ドーン）","プロ（演出多め）"
"LP-02472","AIサービス・スタートアップ｜会員登録・アプリDLLP（ミニマル・洗練・デバイスモックアップ浮遊）","プロ（演出多め）"
"LP-02473","自動車・バイク｜採用エントリーLP（クール・テック・スクロールで商品が回転/分解）","プロ（演出多め）"
"LP-02474","引越し・生活サービス｜採用エントリーLP（信頼・誠実（コーポレート）・全面写真＋中央キャッチ）","上級"
"LP-02475","スクール・オンライン講座｜会員登録・アプリDLLP（ポップ・カラフル・実績数字ドーン）","プロ（演出多め）"
"LP-02476","SaaS・BtoBツール｜セミナー・ウェビナー集客LP（信頼・誠実（コーポレート）・背景動画ループ＋オーバーレイ）","プロ（演出多め）"
"LP-02477","英会話・語学｜会員登録・アプリDLLP（3D・クレイ・イラスト主体）","プロ（演出多め）"
"LP-02478","内科・クリニック｜採用エントリーLP（ジオメトリック・グラフィカル・実績数字ドーン）","プロ（演出多め）"
"LP-02479","士業（税理士・弁護士・行政書士）｜無料体験・カウンセリング予約LP（信頼・誠実（コーポレート）・超大型タイポグラフィ）","プロ（演出多め）"
"LP-02480","美容室・ヘアサロン｜LINE友だち追加LP（エディトリアル・雑誌風・デバイスモックアップ浮遊）","上級"
"LP-02481","和菓子・スイーツ｜クラウドファンディング支援LP（かわいい・ガーリー・左テキスト×右商品/人物）","プロ（演出多め）"
"LP-02482","アパレル・ファッションEC｜商品購入（単品通販）LP（エディトリアル・雑誌風・左テキスト×右商品/人物）","上級"
"LP-02483","歯科医院｜リード獲得（資料請求・問い合わせ）LP（ミニマル・洗練・ジェネラティブ背景＋コピー）","プロ（演出多め）"
"LP-02484","ホテル・旅館｜採用エントリーLP（ミニマル・洗練・デバイスモックアップ浮遊）","プロ（演出多め）"
"LP-02485","Web制作・デザイン事務所｜リード獲得（資料請求・問い合わせ）LP（ダーク・シネマティック・デバイスモックアップ浮遊）","プロ（演出多め）"
"LP-02486","保育園・幼児教育・習い事｜リード獲得（資料請求・問い合わせ）LP（ナチュラル・オーガニック・全面写真＋中央キャッチ）","プロ（演出多め）"
"LP-02487","パーソナルジム・フィットネス｜採用エントリーLP（クール・テック・デバイスモックアップ浮遊）","プロ（演出多め）"
"LP-02488","占い・スピリチュアル｜LINE友だち追加LP（北欧・ライフスタイル・デバイスモックアップ浮遊）","プロ（演出多め）"
"LP-02489","引越し・生活サービス｜無料体験・カウンセリング予約LP（信頼・誠実（コーポレート）・背景動画ループ＋オーバーレイ）","プロ（演出多め）"
"LP-02490","美容室・ヘアサロン｜無料体験・カウンセリング予約LP（ミニマル・洗練・写真コラージュ）","プロ（演出多め）"
"LP-02491","金融・保険・投資｜無料体験・カウンセリング予約LP（信頼・誠実（コーポレート）・超大型タイポグラフィ）","プロ（演出多め）"
"LP-02492","歯科医院｜無料体験・カウンセリング予約LP（信頼・誠実（コーポレート）・ジェネラティブ背景＋コピー）","上級"
"LP-02493","ホテル・旅館｜採用エントリーLP（ダーク・シネマティック・イラスト主体）","プロ（演出多め）"
"LP-02494","保育園・幼児教育・習い事｜無料体験・カウンセリング予約LP（ハンドメイド・手書き・背景動画ループ＋オーバーレイ）","プロ（演出多め）"
"LP-02495","引越し・生活サービス｜無料体験・カウンセリング予約LP（ポップ・カラフル・写真コラージュ）","プロ（演出多め）"
"LP-02496","AIサービス・スタートアップ｜セミナー・ウェビナー集客LP（ネオン・サイバー・ジェネラティブ背景＋コピー）","プロ（演出多め）"
"LP-02497","内科・クリニック｜リード獲得（資料請求・問い合わせ）LP（北欧・ライフスタイル・全面写真＋中央キャッチ）","プロ（演出多め）"
"LP-02498","不動産・マンション｜採用エントリーLP（信頼・誠実（コーポレート）・ジェネラティブ背景＋コピー）","プロ（演出多め）"
"LP-02499","クラウドファンディング・新商品｜リード獲得（資料請求・問い合わせ）LP（ポップ・カラフル・イラスト主体）","プロ（演出多め）"
"LP-02500","Web制作・デザイン事務所｜採用エントリーLP（エディトリアル・雑誌風・左テキスト×右商品/人物）","プロ（演出多め）"
"LP-02501","工務店・注文住宅・リフォーム｜セミナー・ウェビナー集客LP（ミニマル・洗練・デバイスモックアップ浮遊）","プロ（演出多め）"
"LP-02502","ヨガ・ピラティス｜リード獲得（資料請求・問い合わせ）LP（ミニマル・洗練・左テキスト×右商品/人物）","プロ（演出多め）"
"LP-02503","建築設計事務所｜リード獲得（資料請求・問い合わせ）LP（ラグジュアリー・高級感・超大型タイポグラフィ）","プロ（演出多め）"
"LP-02504","スマホアプリ｜リード獲得（資料請求・問い合わせ）LP（ラグジュアリー・高級感・スクロールで商品が回転/分解）","プロ（演出多め）"
"LP-02505","観光・地域プロモーション｜クラウドファンディング支援LP（ハンドメイド・手書き・実績数字ドーン）","上級"
"LP-02506","カフェ・ベーカリー｜LINE友だち追加LP（エディトリアル・雑誌風・写真コラージュ）","上級"
"LP-02507","SaaS・BtoBツール｜採用エントリーLP（ネオン・サイバー・イラスト主体）","プロ（演出多め）"
"LP-02508","スマホアプリ｜商品購入（単品通販）LP（グラスモーフィズム・全面写真＋中央キャッチ）","プロ（演出多め）"
"LP-02509","Web制作・デザイン事務所｜セミナー・ウェビナー集客LP（ダーク・シネマティック・背景動画ループ＋オーバーレイ）","上級"
"LP-02510","自動車・バイク｜リード獲得（資料請求・問い合わせ）LP（クール・テック・デバイスモックアップ浮遊）","プロ（演出多め）"
"LP-02511","NPO・地方自治体｜採用エントリーLP（ダーク・シネマティック・ジェネラティブ背景＋コピー）","プロ（演出多め）"
"LP-02512","採用・求人｜採用エントリーLP（エディトリアル・雑誌風・全面写真＋中央キャッチ）","プロ（演出多め）"
"LP-02513","エステ・脱毛サロン｜採用エントリーLP（パステル・ドリーミー・デバイスモックアップ浮遊）","プロ（演出多め）"
"LP-02514","歯科医院｜リード獲得（資料請求・問い合わせ）LP（信頼・誠実（コーポレート）・写真コラージュ）","プロ（演出多め）"
"LP-02515","ホテル・旅館｜リード獲得（資料請求・問い合わせ）LP（ラグジュアリー・高級感・実績数字ドーン）","プロ（演出多め）"
"LP-02516","SaaS・BtoBツール｜リード獲得（資料請求・問い合わせ）LP（信頼・誠実（コーポレート）・デバイスモックアップ浮遊）","プロ（演出多め）"
"LP-02517","ウェディング・結婚相談所｜採用エントリーLP（パステル・ドリーミー・左テキスト×右商品/人物）","プロ（演出多め）"
"LP-02518","カフェ・ベーカリー｜リード獲得（資料請求・問い合わせ）LP（北欧・ライフスタイル・左テキスト×右商品/人物）","プロ（演出多め）"
"LP-02519","ホテル・旅館｜リード獲得（資料請求・問い合わせ）LP（ミニマル・洗練・ジェネラティブ背景＋コピー）","プロ（演出多め）"
"LP-02520","コスメ・スキンケア｜商品購入（単品通販）LP（ハンドメイド・手書き・デバイスモックアップ浮遊）","プロ（演出多め）"
"LP-02521","YouTuber・インフルエンサー｜リード獲得（資料請求・問い合わせ）LP（かわいい・ガーリー・全面写真＋中央キャッチ）","プロ（演出多め）"
"LP-02522","コンサル・コーチング｜リード獲得（資料請求・問い合わせ）LP（信頼・誠実（コーポレート）・実績数字ドーン）","プロ（演出多め）"
"LP-02523","パーソナルジム・フィットネス｜無料体験・カウンセリング予約LP（ダーク・シネマティック・スクロールで商品が回転/分解）","プロ（演出多め）"
"LP-02524","採用・求人｜リード獲得（資料請求・問い合わせ）LP（信頼・誠実（コーポレート）・イラスト主体）","プロ（演出多め）"
"LP-02525","内科・クリニック｜LINE友だち追加LP（エネルギッシュ・スポーティ・デバイスモックアップ浮遊）","プロ（演出多め）"
"LP-02526","内科・クリニック｜リード獲得（資料請求・問い合わせ）LP（グラスモーフィズム・デバイスモックアップ浮遊）","プロ（演出多め）"
"LP-02527","工務店・注文住宅・リフォーム｜セミナー・ウェビナー集客LP（北欧・ライフスタイル・超大型タイポグラフィ）","プロ（演出多め）"
"LP-02528","観光・地域プロモーション｜リード獲得（資料請求・問い合わせ）LP（ナチュラル・オーガニック・背景動画ループ＋オーバーレイ）","プロ（演出多め）"
"LP-02529","プログラミングスクール｜リード獲得（資料請求・問い合わせ）LP（ネオン・サイバー・イラスト主体）","プロ（演出多め）"
"LP-02530","Web制作・デザイン事務所｜リード獲得（資料請求・問い合わせ）LP（ニューブルータリズム・デバイスモックアップ浮遊）","プロ（演出多め）"
"LP-02531","英会話・語学｜リード獲得（資料請求・問い合わせ）LP（ポップ・カラフル・デバイスモックアップ浮遊）","プロ（演出多め）"
"LP-02532","YouTuber・インフルエンサー｜リード獲得（資料請求・問い合わせ）LP（ネオン・サイバー・ジェネラティブ背景＋コピー）","プロ（演出多め）"
"LP-02533","内科・クリニック｜リード獲得（資料請求・問い合わせ）LP（ナチュラル・オーガニック・超大型タイポグラフィ）","上級"
"LP-02534","コンサル・コーチング｜無料体験・カウンセリング予約LP（エディトリアル・雑誌風・左テキスト×右商品/人物）","プロ（演出多め）"
"LP-02535","ペット・トリミング・動物病院｜採用エントリーLP（ナチュラル・オーガニック・全面写真＋中央キャッチ）","プロ（演出多め）"
"LP-02536","クラウドファンディング・新商品｜クラウドファンディング支援LP（ナチュラル・オーガニック・背景動画ループ＋オーバーレイ）","プロ（演出多め）"
"LP-02537","NPO・地方自治体｜クラウドファンディング支援LP（信頼・誠実（コーポレート）・超大型タイポグラフィ）","プロ（演出多め）"
"LP-02538","コンサル・コーチング｜採用エントリーLP（かわいい・ガーリー・超大型タイポグラフィ）","プロ（演出多め）"
"LP-02539","英会話・語学｜採用エントリーLP（3D・クレイ・スクロールで商品が回転/分解）","プロ（演出多め）"
"LP-02540","建築設計事務所｜採用エントリーLP（ミニマル・洗練・背景動画ループ＋オーバーレイ）","プロ（演出多め）"
"LP-02541","金融・保険・投資｜無料体験・カウンセリング予約LP（ミニマル・洗練・イラスト主体）","プロ（演出多め）"
"LP-02542","自動車・バイク｜無料体験・カウンセリング予約LP（エネルギッシュ・スポーティ・写真コラージュ）","プロ（演出多め）"
"LP-02543","クラウドファンディング・新商品｜商品購入（単品通販）LP（ポップ・カラフル・ジェネラティブ背景＋コピー）","プロ（演出多め）"
"LP-02544","美容クリニック｜採用エントリーLP（ラグジュアリー・高級感・イラスト主体）","プロ（演出多め）"
"LP-02545","YouTuber・インフルエンサー｜会員登録・アプリDLLP（ニューブルータリズム・ジェネラティブ背景＋コピー）","プロ（演出多め）"
"LP-02546","建築設計事務所｜採用エントリーLP（レトロ・Y2K・全面写真＋中央キャッチ）","プロ（演出多め）"
"LP-02547","保育園・幼児教育・習い事｜採用エントリーLP（ポップ・カラフル・背景動画ループ＋オーバーレイ）","プロ（演出多め）"
"LP-02548","クラウドファンディング・新商品｜商品購入（単品通販）LP（ポップ・カラフル・写真コラージュ）","プロ（演出多め）"
"LP-02549","引越し・生活サービス｜リード獲得（資料請求・問い合わせ）LP（ポップ・カラフル・スクロールで商品が回転/分解）","プロ（演出多め）"
"LP-02550","士業（税理士・弁護士・行政書士）｜セミナー・ウェビナー集客LP（ナチュラル・オーガニック・写真コラージュ）","上級"
"LP-02551","スマホアプリ｜採用エントリーLP（グラスモーフィズム・左テキスト×右商品/人物）","プロ（演出多め）"
"LP-02552","プログラミングスクール｜採用エントリーLP（ネオン・サイバー・写真コラージュ）","プロ（演出多め）"
"LP-02553","農業・地方の生産者｜商品購入（単品通販）LP（ナチュラル・オーガニック・超大型タイポグラフィ）","プロ（演出多め）"
"LP-02554","内科・クリニック｜採用エントリーLP（ミニマル・洗練・背景動画ループ＋オーバーレイ）","プロ（演出多め）"
"LP-02555","美容クリニック｜採用エントリーLP（ミニマル・洗練・ジェネラティブ背景＋コピー）","プロ（演出多め）"
"LP-02556","SaaS・BtoBツール｜採用エントリーLP（ダーク・シネマティック・超大型タイポグラフィ）","プロ（演出多め）"
"LP-02557","YouTuber・インフルエンサー｜会員登録・アプリDLLP（ニューブルータリズム・写真コラージュ）","プロ（演出多め）"
"LP-02558","エステ・脱毛サロン｜LINE友だち追加LP（かわいい・ガーリー・超大型タイポグラフィ）","プロ（演出多め）"
"LP-02559","スマホアプリ｜会員登録・アプリDLLP（3D・クレイ・実績数字ドーン）","プロ（演出多め）"
"LP-02560","美容クリニック｜採用エントリーLP（信頼・誠実（コーポレート）・左テキスト×右商品/人物）","プロ（演出多め）"
"LP-02561","和菓子・スイーツ｜クラウドファンディング支援LP（和モダン・背景動画ループ＋オーバーレイ）","プロ（演出多め）"
"LP-02562","自動車・バイク｜無料体験・カウンセリング予約LP（ラグジュアリー・高級感・全面写真＋中央キャッチ）","プロ（演出多め）"
"LP-02563","NPO・地方自治体｜採用エントリーLP（信頼・誠実（コーポレート）・スクロールで商品が回転/分解）","プロ（演出多め）"
"LP-02564","ヨガ・ピラティス｜採用エントリーLP（信頼・誠実（コーポレート）・背景動画ループ＋オーバーレイ）","プロ（演出多め）"
"LP-02565","観光・地域プロモーション｜リード獲得（資料請求・問い合わせ）LP（ナチュラル・オーガニック・イラスト主体）","プロ（演出多め）"
"LP-02566","ウェディング・結婚相談所｜採用エントリーLP（パステル・ドリーミー・背景動画ループ＋オーバーレイ）","上級"
"LP-02567","観光・地域プロモーション｜クラウドファンディング支援LP（レトロ・Y2K・超大型タイポグラフィ）","プロ（演出多め）"
"LP-02568","ウェディング・結婚相談所｜リード獲得（資料請求・問い合わせ）LP（かわいい・ガーリー・実績数字ドーン）","プロ（演出多め）"
"LP-02569","金融・保険・投資｜リード獲得（資料請求・問い合わせ）LP（ミニマル・洗練・実績数字ドーン）","プロ（演出多め）"
"LP-02570","SaaS・BtoBツール｜無料体験・カウンセリング予約LP（クール・テック・ジェネラティブ背景＋コピー）","プロ（演出多め）"
"LP-02571","ペット・トリミング・動物病院｜採用エントリーLP（ナチュラル・オーガニック・背景動画ループ＋オーバーレイ）","プロ（演出多め）"
"LP-02572","歯科医院｜LINE友だち追加LP（ラグジュアリー・高級感・実績数字ドーン）","プロ（演出多め）"
"LP-02573","食品・産直EC｜商品購入（単品通販）LP（ポップ・カラフル・全面写真＋中央キャッチ）","プロ（演出多め）"
"LP-02574","美容クリニック｜リード獲得（資料請求・問い合わせ）LP（信頼・誠実（コーポレート）・実績数字ドーン）","プロ（演出多め）"
"LP-02575","ヨガ・ピラティス｜採用エントリーLP（北欧・ライフスタイル・ジェネラティブ背景＋コピー）","プロ（演出多め）"
"LP-02576","コスメ・スキンケア｜採用エントリーLP（ポップ・カラフル・実績数字ドーン）","プロ（演出多め）"
"LP-02577","採用・求人｜採用エントリーLP（ポップ・カラフル・デバイスモックアップ浮遊）","プロ（演出多め）"
"LP-02578","農業・地方の生産者｜商品購入（単品通販）LP（ハンドメイド・手書き・背景動画ループ＋オーバーレイ）","プロ（演出多め）"
"LP-02579","プログラミングスクール｜採用エントリーLP（3D・クレイ・背景動画ループ＋オーバーレイ）","プロ（演出多め）"
"LP-02580","カフェ・ベーカリー｜リード獲得（資料請求・問い合わせ）LP（エディトリアル・雑誌風・超大型タイポグラフィ）","プロ（演出多め）"
"LP-02581","保育園・幼児教育・習い事｜LINE友だち追加LP（かわいい・ガーリー・写真コラージュ）","プロ（演出多め）"
"LP-02582","スマホアプリ｜商品購入（単品通販）LP（グラスモーフィズム・イラスト主体）","プロ（演出多め）"
"LP-02583","NPO・地方自治体｜採用エントリーLP（ジオメトリック・グラフィカル・ジェネラティブ背景＋コピー）","上級"
"LP-02584","スクール・オンライン講座｜リード獲得（資料請求・問い合わせ）LP（3D・クレイ・スクロールで商品が回転/分解）","プロ（演出多め）"
"LP-02585","建築設計事務所｜リード獲得（資料請求・問い合わせ）LP（エディトリアル・雑誌風・超大型タイポグラフィ）","プロ（演出多め）"
"LP-02586","カフェ・ベーカリー｜リード獲得（資料請求・問い合わせ）LP（エディトリアル・雑誌風・スクロールで商品が回転/分解）","プロ（演出多め）"
"LP-02587","ヨガ・ピラティス｜リード獲得（資料請求・問い合わせ）LP（ナチュラル・オーガニック・写真コラージュ）","プロ（演出多め）"
"LP-02588","保育園・幼児教育・習い事｜LINE友だち追加LP（グラスモーフィズム・実績数字ドーン）","プロ（演出多め）"
"LP-02589","建築設計事務所｜リード獲得（資料請求・問い合わせ）LP（ミニマル・洗練・左テキスト×右商品/人物）","プロ（演出多め）"
"LP-02590","YouTuber・インフルエンサー｜採用エントリーLP（かわいい・ガーリー・実績数字ドーン）","プロ（演出多め）"
"LP-02591","SaaS・BtoBツール｜無料体験・カウンセリング予約LP（ハンドメイド・手書き・背景動画ループ＋オーバーレイ）","プロ（演出多め）"
"LP-02592","スクール・オンライン講座｜無料体験・カウンセリング予約LP（信頼・誠実（コーポレート）・超大型タイポグラフィ）","プロ（演出多め）"
"LP-02593","士業（税理士・弁護士・行政書士）｜無料体験・カウンセリング予約LP（和モダン・ジェネラティブ背景＋コピー）","プロ（演出多め）"
"LP-02594","美容クリニック｜採用エントリーLP（信頼・誠実（コーポレート）・超大型タイポグラフィ）","プロ（演出多め）"
"LP-02595","スマホアプリ｜リード獲得（資料請求・問い合わせ）LP（ポップ・カラフル・写真コラージュ）","プロ（演出多め）"
"LP-02596","農業・地方の生産者｜採用エントリーLP（3D・クレイ・デバイスモックアップ浮遊）","プロ（演出多め）"
"LP-02597","工務店・注文住宅・リフォーム｜リード獲得（資料請求・問い合わせ）LP（ナチュラル・オーガニック・スクロールで商品が回転/分解）","プロ（演出多め）"
"LP-02598","ヨガ・ピラティス｜採用エントリーLP（ナチュラル・オーガニック・超大型タイポグラフィ）","プロ（演出多め）"
"LP-02599","和菓子・スイーツ｜採用エントリーLP（ダーク・シネマティック・イラスト主体）","上級"
"LP-02600","引越し・生活サービス｜無料体験・カウンセリング予約LP（信頼・誠実（コーポレート）・左テキスト×右商品/人物）","プロ（演出多め）"
"LP-02601","士業（税理士・弁護士・行政書士）｜セミナー・ウェビナー集客LP（ミニマル・洗練・写真コラージュ）","プロ（演出多め）"
"LP-02602","コスメ・スキンケア｜商品購入（単品通販）LP（ミニマル・洗練・ジェネラティブ背景＋コピー）","プロ（演出多め）"
"LP-02603","士業（税理士・弁護士・行政書士）｜無料体験・カウンセリング予約LP（3D・クレイ・写真コラージュ）","プロ（演出多め）"
"LP-02604","農業・地方の生産者｜商品購入（単品通販）LP（和モダン・ジェネラティブ背景＋コピー）","プロ（演出多め）"
"LP-02605","ウェディング・結婚相談所｜採用エントリーLP（ラグジュアリー・高級感・実績数字ドーン）","上級"
"LP-02606","建築設計事務所｜採用エントリーLP（エディトリアル・雑誌風・イラスト主体）","プロ（演出多め）"
"LP-02607","美容クリニック｜採用エントリーLP（ラグジュアリー・高級感・イラスト主体）","プロ（演出多め）"
"LP-02608","採用・求人｜リード獲得（資料請求・問い合わせ）LP（和モダン・写真コラージュ）","プロ（演出多め）"
"LP-02609","エステ・脱毛サロン｜リード獲得（資料請求・問い合わせ）LP（ミニマル・洗練・写真コラージュ）","プロ（演出多め）"
"LP-02610","和菓子・スイーツ｜リード獲得（資料請求・問い合わせ）LP（かわいい・ガーリー・デバイスモックアップ浮遊）","プロ（演出多め）"
"LP-02611","コンサル・コーチング｜無料体験・カウンセリング予約LP（ラグジュアリー・高級感・スクロールで商品が回転/分解）","プロ（演出多め）"
"LP-02612","占い・スピリチュアル｜リード獲得（資料請求・問い合わせ）LP（北欧・ライフスタイル・デバイスモックアップ浮遊）","プロ（演出多め）"
"LP-02613","和菓子・スイーツ｜LINE友だち追加LP（パステル・ドリーミー・全面写真＋中央キャッチ）","プロ（演出多め）"
"LP-02614","農業・地方の生産者｜クラウドファンディング支援LP（和モダン・スクロールで商品が回転/分解）","プロ（演出多め）"
"LP-02615","占い・スピリチュアル｜無料体験・カウンセリング予約LP（パステル・ドリーミー・背景動画ループ＋オーバーレイ）","プロ（演出多め）"
"LP-02616","建築設計事務所｜採用エントリーLP（ジオメトリック・グラフィカル・ジェネラティブ背景＋コピー）","プロ（演出多め）"
"LP-02617","コンサル・コーチング｜採用エントリーLP（信頼・誠実（コーポレート）・イラスト主体）","プロ（演出多め）"
"LP-02618","クラウドファンディング・新商品｜リード獲得（資料請求・問い合わせ）LP（ナチュラル・オーガニック・スクロールで商品が回転/分解）","上級"
"LP-02619","ウェディング・結婚相談所｜LINE友だち追加LP（ダーク・シネマティック・デバイスモックアップ浮遊）","プロ（演出多め）"
"LP-02620","SaaS・BtoBツール｜会員登録・アプリDLLP（グラスモーフィズム・全面写真＋中央キャッチ）","プロ（演出多め）"
"LP-02621","クラウドファンディング・新商品｜クラウドファンディング支援LP（ポップ・カラフル・デバイスモックアップ浮遊）","プロ（演出多め）"
"LP-02622","カフェ・ベーカリー｜採用エントリーLP（エディトリアル・雑誌風・写真コラージュ）","プロ（演出多め）"
"LP-02623","英会話・語学｜会員登録・アプリDLLP（ポップ・カラフル・イラスト主体）","上級"
"LP-02624","スマホアプリ｜会員登録・アプリDLLP（グラスモーフィズム・超大型タイポグラフィ）","プロ（演出多め）"
"LP-02625","歯科医院｜無料体験・カウンセリング予約LP（ナチュラル・オーガニック・ジェネラティブ背景＋コピー）","プロ（演出多め）"
"LP-02626","コンサル・コーチング｜無料体験・カウンセリング予約LP（信頼・誠実（コーポレート）・左テキスト×右商品/人物）","プロ（演出多め）"
"LP-02627","建築設計事務所｜採用エントリーLP（エディトリアル・雑誌風・ジェネラティブ背景＋コピー）","プロ（演出多め）"
"LP-02628","金融・保険・投資｜会員登録・アプリDLLP（クール・テック・イラスト主体）","プロ（演出多め）"
"LP-02629","採用・求人｜採用エントリーLP（ニューブルータリズム・写真コラージュ）","プロ（演出多め）"
"LP-02630","不動産・マンション｜無料体験・カウンセリング予約LP（ダーク・シネマティック・デバイスモックアップ浮遊）","プロ（演出多め）"
"LP-02631","AIサービス・スタートアップ｜無料体験・カウンセリング予約LP（ネオン・サイバー・超大型タイポグラフィ）","上級"
"LP-02632","プログラミングスクール｜セミナー・ウェビナー集客LP（クール・テック・ジェネラティブ背景＋コピー）","プロ（演出多め）"
"LP-02633","食品・産直EC｜採用エントリーLP（ダーク・シネマティック・全面写真＋中央キャッチ）","プロ（演出多め）"
"LP-02634","レストラン・居酒屋｜リード獲得（資料請求・問い合わせ）LP（レトロ・Y2K・デバイスモックアップ浮遊）","プロ（演出多め）"
"LP-02635","自動車・バイク｜採用エントリーLP（エネルギッシュ・スポーティ・全面写真＋中央キャッチ）","プロ（演出多め）"
"LP-02636","和菓子・スイーツ｜商品購入（単品通販）LP（かわいい・ガーリー・背景動画ループ＋オーバーレイ）","プロ（演出多め）"
"LP-02637","スマホアプリ｜無料体験・カウンセリング予約LP（グラスモーフィズム・背景動画ループ＋オーバーレイ）","プロ（演出多め）"
"LP-02638","ヨガ・ピラティス｜リード獲得（資料請求・問い合わせ）LP（ミニマル・洗練・ジェネラティブ背景＋コピー）","プロ（演出多め）"
"LP-02639","ホテル・旅館｜採用エントリーLP（ミニマル・洗練・写真コラージュ）","プロ（演出多め）"
"LP-02640","保育園・幼児教育・習い事｜無料体験・カウンセリング予約LP（ポップ・カラフル・背景動画ループ＋オーバーレイ）","プロ（演出多め）"
"LP-02641","士業（税理士・弁護士・行政書士）｜セミナー・ウェビナー集客LP（信頼・誠実（コーポレート）・背景動画ループ＋オーバーレイ）","プロ（演出多め）"
"LP-02642","ヨガ・ピラティス｜無料体験・カウンセリング予約LP（ジオメトリック・グラフィカル・ジェネラティブ背景＋コピー）","プロ（演出多め）"
"LP-02643","金融・保険・投資｜リード獲得（資料請求・問い合わせ）LP（信頼・誠実（コーポレート）・左テキスト×右商品/人物）","プロ（演出多め）"
"LP-02644","和菓子・スイーツ｜クラウドファンディング支援LP（エディトリアル・雑誌風・左テキスト×右商品/人物）","プロ（演出多め）"
"LP-02645","Web制作・デザイン事務所｜セミナー・ウェビナー集客LP（ダーク・シネマティック・超大型タイポグラフィ）","プロ（演出多め）"
"LP-02646","コンサル・コーチング｜セミナー・ウェビナー集客LP（ラグジュアリー・高級感・実績数字ドーン）","上級"
"LP-02647","コスメ・スキンケア｜商品購入（単品通販）LP（ナチュラル・オーガニック・ジェネラティブ背景＋コピー）","プロ（演出多め）"
"LP-02648","引越し・生活サービス｜採用エントリーLP（3D・クレイ・ジェネラティブ背景＋コピー）","プロ（演出多め）"
"LP-02649","SaaS・BtoBツール｜リード獲得（資料請求・問い合わせ）LP（信頼・誠実（コーポレート）・左テキスト×右商品/人物）","プロ（演出多め）"
"LP-02650","レストラン・居酒屋｜リード獲得（資料請求・問い合わせ）LP（パステル・ドリーミー・デバイスモックアップ浮遊）","プロ（演出多め）"
"LP-02651","NPO・地方自治体｜採用エントリーLP（ハンドメイド・手書き・スクロールで商品が回転/分解）","プロ（演出多め）"
"LP-02652","クラウドファンディング・新商品｜クラウドファンディング支援LP（ダーク・シネマティック・背景動画ループ＋オーバーレイ）","プロ（演出多め）"
"LP-02653","美容室・ヘアサロン｜無料体験・カウンセリング予約LP（かわいい・ガーリー・背景動画ループ＋オーバーレイ）","プロ（演出多め）"
"LP-02654","自動車・バイク｜採用エントリーLP（エネルギッシュ・スポーティ・全面写真＋中央キャッチ）","プロ（演出多め）"
"LP-02655","和菓子・スイーツ｜クラウドファンディング支援LP（和モダン・ジェネラティブ背景＋コピー）","プロ（演出多め）"
"LP-02656","ホテル・旅館｜LINE友だち追加LP（ハンドメイド・手書き・実績数字ドーン）","プロ（演出多め）"
"LP-02657","ゲーム・eスポーツ｜会員登録・アプリDLLP（エネルギッシュ・スポーティ・デバイスモックアップ浮遊）","プロ（演出多め）"
"LP-02658","カフェ・ベーカリー｜LINE友だち追加LP（信頼・誠実（コーポレート）・ジェネラティブ背景＋コピー）","プロ（演出多め）"
"LP-02659","コンサル・コーチング｜採用エントリーLP（ネオン・サイバー・スクロールで商品が回転/分解）","プロ（演出多め）"
"LP-02660","SaaS・BtoBツール｜会員登録・アプリDLLP（グラスモーフィズム・超大型タイポグラフィ）","プロ（演出多め）"
"LP-02661","美容クリニック｜LINE友だち追加LP（ミニマル・洗練・超大型タイポグラフィ）","プロ（演出多め）"
"LP-02662","サウナ・温浴施設｜無料体験・カウンセリング予約LP（ニューブルータリズム・デバイスモックアップ浮遊）","プロ（演出多め）"
"LP-02663","食品・産直EC｜商品購入（単品通販）LP（ポップ・カラフル・デバイスモックアップ浮遊）","プロ（演出多め）"
"LP-02664","金融・保険・投資｜会員登録・アプリDLLP（信頼・誠実（コーポレート）・全面写真＋中央キャッチ）","プロ（演出多め）"
"LP-02665","農業・地方の生産者｜採用エントリーLP（ハンドメイド・手書き・デバイスモックアップ浮遊）","プロ（演出多め）"
"LP-02666","ヨガ・ピラティス｜リード獲得（資料請求・問い合わせ）LP（ポップ・カラフル・デバイスモックアップ浮遊）","プロ（演出多め）"
"LP-02667","採用・求人｜リード獲得（資料請求・問い合わせ）LP（エディトリアル・雑誌風・スクロールで商品が回転/分解）","プロ（演出多め）"
"LP-02668","カフェ・ベーカリー｜LINE友だち追加LP（ナチュラル・オーガニック・左テキスト×右商品/人物）","プロ（演出多め）"
"LP-02669","SaaS・BtoBツール｜会員登録・アプリDLLP（クール・テック・実績数字ドーン）","プロ（演出多め）"
"LP-02670","エステ・脱毛サロン｜リード獲得（資料請求・問い合わせ）LP（パステル・ドリーミー・写真コラージュ）","プロ（演出多め）"
"LP-02671","工務店・注文住宅・リフォーム｜採用エントリーLP（ナチュラル・オーガニック・背景動画ループ＋オーバーレイ）","上級"
"LP-02672","観光・地域プロモーション｜リード獲得（資料請求・問い合わせ）LP（ダーク・シネマティック・左テキスト×右商品/人物）","プロ（演出多め）"
"LP-02673","金融・保険・投資｜リード獲得（資料請求・問い合わせ）LP（信頼・誠実（コーポレート）・ジェネラティブ背景＋コピー）","プロ（演出多め）"
"LP-02674","占い・スピリチュアル｜LINE友だち追加LP（和モダン・スクロールで商品が回転/分解）","プロ（演出多め）"
"LP-02675","ホテル・旅館｜LINE友だち追加LP（ラグジュアリー・高級感・デバイスモックアップ浮遊）","プロ（演出多め）"
"LP-02676","金融・保険・投資｜会員登録・アプリDLLP（クール・テック・デバイスモックアップ浮遊）","プロ（演出多め）"
"LP-02677","士業（税理士・弁護士・行政書士）｜リード獲得（資料請求・問い合わせ）LP（パステル・ドリーミー・写真コラージュ）","プロ（演出多め）"
"LP-02678","Web制作・デザイン事務所｜リード獲得（資料請求・問い合わせ）LP（ジオメトリック・グラフィカル・左テキスト×右商品/人物）","プロ（演出多め）"
"LP-02679","プログラミングスクール｜リード獲得（資料請求・問い合わせ）LP（グラスモーフィズム・左テキスト×右商品/人物）","上級"
"LP-02680","サウナ・温浴施設｜リード獲得（資料請求・問い合わせ）LP（ナチュラル・オーガニック・写真コラージュ）","プロ（演出多め）"
"LP-02681","歯科医院｜無料体験・カウンセリング予約LP（信頼・誠実（コーポレート）・背景動画ループ＋オーバーレイ）","プロ（演出多め）"
"LP-02682","自動車・バイク｜採用エントリーLP（ダーク・シネマティック・デバイスモックアップ浮遊）","プロ（演出多め）"
"LP-02683","レストラン・居酒屋｜採用エントリーLP（ラグジュアリー・高級感・超大型タイポグラフィ）","プロ（演出多め）"
"LP-02684","スマホアプリ｜会員登録・アプリDLLP（ポップ・カラフル・ジェネラティブ背景＋コピー）","プロ（演出多め）"
"LP-02685","Web制作・デザイン事務所｜セミナー・ウェビナー集客LP（エディトリアル・雑誌風・デバイスモックアップ浮遊）","プロ（演出多め）"
"LP-02686","パーソナルジム・フィットネス｜無料体験・カウンセリング予約LP（エディトリアル・雑誌風・スクロールで商品が回転/分解）","プロ（演出多め）"
"LP-02687","AIサービス・スタートアップ｜会員登録・アプリDLLP（グラスモーフィズム・ジェネラティブ背景＋コピー）","プロ（演出多め）"
"LP-02688","英会話・語学｜採用エントリーLP（ジオメトリック・グラフィカル・背景動画ループ＋オーバーレイ）","プロ（演出多め）"
"LP-02689","美容クリニック｜リード獲得（資料請求・問い合わせ）LP（信頼・誠実（コーポレート）・ジェネラティブ背景＋コピー）","プロ（演出多め）"
"LP-02690","ペット・トリミング・動物病院｜採用エントリーLP（かわいい・ガーリー・ジェネラティブ背景＋コピー）","プロ（演出多め）"
"LP-02691","士業（税理士・弁護士・行政書士）｜リード獲得（資料請求・問い合わせ）LP（ニューブルータリズム・スクロールで商品が回転/分解）","プロ（演出多め）"
"LP-02692","和菓子・スイーツ｜リード獲得（資料請求・問い合わせ）LP（パステル・ドリーミー・左テキスト×右商品/人物）","上級"
"LP-02693","ホテル・旅館｜LINE友だち追加LP（和モダン・背景動画ループ＋オーバーレイ）","プロ（演出多め）"
"LP-02694","AIサービス・スタートアップ｜リード獲得（資料請求・問い合わせ）LP（ミニマル・洗練・背景動画ループ＋オーバーレイ）","上級"
"LP-02695","パーソナルジム・フィットネス｜LINE友だち追加LP（クール・テック・スクロールで商品が回転/分解）","プロ（演出多め）"
"LP-02696","歯科医院｜無料体験・カウンセリング予約LP（信頼・誠実（コーポレート）・左テキスト×右商品/人物）","プロ（演出多め）"
"LP-02697","採用・求人｜採用エントリーLP（ジオメトリック・グラフィカル・左テキスト×右商品/人物）","プロ（演出多め）"
"LP-02698","スクール・オンライン講座｜リード獲得（資料請求・問い合わせ）LP（クール・テック・写真コラージュ）","プロ（演出多め）"
"LP-02699","占い・スピリチュアル｜無料体験・カウンセリング予約LP（ラグジュアリー・高級感・デバイスモックアップ浮遊）","プロ（演出多め）"
"LP-02700","スクール・オンライン講座｜セミナー・ウェビナー集客LP（クール・テック・左テキスト×右商品/人物）","プロ（演出多め）"
"LP-02701","YouTuber・インフルエンサー｜会員登録・アプリDLLP（ポップ・カラフル・左テキスト×右商品/人物）","プロ（演出多め）"
"LP-02702","ゲーム・eスポーツ｜会員登録・アプリDLLP（エネルギッシュ・スポーティ・全面写真＋中央キャッチ）","プロ（演出多め）"
"LP-02703","農業・地方の生産者｜商品購入（単品通販）LP（ナチュラル・オーガニック・イラスト主体）","プロ（演出多め）"
"LP-02704","英会話・語学｜リード獲得（資料請求・問い合わせ）LP（3D・クレイ・デバイスモックアップ浮遊）","プロ（演出多め）"
"LP-02705","ヨガ・ピラティス｜リード獲得（資料請求・問い合わせ）LP（ナチュラル・オーガニック・背景動画ループ＋オーバーレイ）","プロ（演出多め）"
"LP-02706","保育園・幼児教育・習い事｜採用エントリーLP（ナチュラル・オーガニック・イラスト主体）","プロ（演出多め）"
"LP-02707","アパレル・ファッションEC｜リード獲得（資料請求・問い合わせ）LP（レトロ・Y2K・背景動画ループ＋オーバーレイ）","プロ（演出多め）"
"LP-02708","歯科医院｜LINE友だち追加LP（ミニマル・洗練・イラスト主体）","プロ（演出多め）"
"LP-02709","コンサル・コーチング｜採用エントリーLP（ラグジュアリー・高級感・実績数字ドーン）","プロ（演出多め）"
"LP-02710","Web制作・デザイン事務所｜リード獲得（資料請求・問い合わせ）LP（エディトリアル・雑誌風・イラスト主体）","プロ（演出多め）"
"LP-02711","パーソナルジム・フィットネス｜採用エントリーLP（クール・テック・実績数字ドーン）","プロ（演出多め）"
"LP-02712","美容クリニック｜無料体験・カウンセリング予約LP（信頼・誠実（コーポレート）・スクロールで商品が回転/分解）","プロ（演出多め）"
"LP-02713","英会話・語学｜採用エントリーLP（ポップ・カラフル・スクロールで商品が回転/分解）","プロ（演出多め）"
"LP-02714","YouTuber・インフルエンサー｜会員登録・アプリDLLP（ネオン・サイバー・イラスト主体）","プロ（演出多め）"
"LP-02715","プログラミングスクール｜リード獲得（資料請求・問い合わせ）LP（3D・クレイ・実績数字ドーン）","プロ（演出多め）"
"LP-02716","ホテル・旅館｜リード獲得（資料請求・問い合わせ）LP（ハンドメイド・手書き・左テキスト×右商品/人物）","プロ（演出多め）"
"LP-02717","ウェディング・結婚相談所｜LINE友だち追加LP（ラグジュアリー・高級感・イラスト主体）","プロ（演出多め）"
"LP-02718","ヨガ・ピラティス｜LINE友だち追加LP（ナチュラル・オーガニック・写真コラージュ）","上級"
"LP-02719","美容クリニック｜リード獲得（資料請求・問い合わせ）LP（ラグジュアリー・高級感・スクロールで商品が回転/分解）","プロ（演出多め）"
"LP-02720","スクール・オンライン講座｜セミナー・ウェビナー集客LP（クール・テック・背景動画ループ＋オーバーレイ）","プロ（演出多め）"
"LP-02721","レストラン・居酒屋｜採用エントリーLP（ラグジュアリー・高級感・全面写真＋中央キャッチ）","プロ（演出多め）"
"LP-02722","レストラン・居酒屋｜採用エントリーLP（ダーク・シネマティック・デバイスモックアップ浮遊）","プロ（演出多め）"
"LP-02723","NPO・地方自治体｜クラウドファンディング支援LP（ナチュラル・オーガニック・全面写真＋中央キャッチ）","プロ（演出多め）"
"LP-02724","スマホアプリ｜会員登録・アプリDLLP（クール・テック・全面写真＋中央キャッチ）","プロ（演出多め）"
"LP-02725","カフェ・ベーカリー｜LINE友だち追加LP（和モダン・実績数字ドーン）","プロ（演出多め）"
"LP-02726","YouTuber・インフルエンサー｜会員登録・アプリDLLP（ネオン・サイバー・実績数字ドーン）","プロ（演出多め）"
"LP-02727","音楽・ライブ・イベント｜クラウドファンディング支援LP（ダーク・シネマティック・イラスト主体）","プロ（演出多め）"
"LP-02728","AIサービス・スタートアップ｜セミナー・ウェビナー集客LP（クール・テック・左テキスト×右商品/人物）","プロ（演出多め）"
"LP-02729","ヨガ・ピラティス｜採用エントリーLP（パステル・ドリーミー・左テキスト×右商品/人物）","プロ（演出多め）"
"LP-02730","パーソナルジム・フィットネス｜LINE友だち追加LP（ダーク・シネマティック・デバイスモックアップ浮遊）","プロ（演出多め）"
"LP-02731","スマホアプリ｜商品購入（単品通販）LP（クール・テック・デバイスモックアップ浮遊）","プロ（演出多め）"
"LP-02732","ホテル・旅館｜採用エントリーLP（ダーク・シネマティック・写真コラージュ）","プロ（演出多め）"
"LP-02733","サウナ・温浴施設｜採用エントリーLP（ナチュラル・オーガニック・イラスト主体）","プロ（演出多め）"
"LP-02734","コンサル・コーチング｜無料体験・カウンセリング予約LP（エディトリアル・雑誌風・デバイスモックアップ浮遊）","プロ（演出多め）"
"LP-02735","観光・地域プロモーション｜採用エントリーLP（ハンドメイド・手書き・デバイスモックアップ浮遊）","プロ（演出多め）"
"LP-02736","ペット・トリミング・動物病院｜リード獲得（資料請求・問い合わせ）LP（パステル・ドリーミー・写真コラージュ）","プロ（演出多め）"
"LP-02737","コスメ・スキンケア｜リード獲得（資料請求・問い合わせ）LP（グラスモーフィズム・背景動画ループ＋オーバーレイ）","プロ（演出多め）"
"LP-02738","金融・保険・投資｜リード獲得（資料請求・問い合わせ）LP（クール・テック・デバイスモックアップ浮遊）","プロ（演出多め）"
"LP-02739","歯科医院｜リード獲得（資料請求・問い合わせ）LP（信頼・誠実（コーポレート）・全面写真＋中央キャッチ）","プロ（演出多め）"
"LP-02740","サウナ・温浴施設｜LINE友だち追加LP（和モダン・ジェネラティブ背景＋コピー）","プロ（演出多め）"
"LP-02741","音楽・ライブ・イベント｜採用エントリーLP（レトロ・Y2K・ジェネラティブ背景＋コピー）","プロ（演出多め）"
"LP-02742","金融・保険・投資｜採用エントリーLP（クール・テック・ジェネラティブ背景＋コピー）","プロ（演出多め）"
"LP-02743","音楽・ライブ・イベント｜採用エントリーLP（ニューブルータリズム・左テキスト×右商品/人物）","プロ（演出多め）"
"LP-02744","NPO・地方自治体｜採用エントリーLP（ジオメトリック・グラフィカル・デバイスモックアップ浮遊）","プロ（演出多め）"
"LP-02745","クラウドファンディング・新商品｜採用エントリーLP（ナチュラル・オーガニック・背景動画ループ＋オーバーレイ）","プロ（演出多め）"
"LP-02746","ヨガ・ピラティス｜LINE友だち追加LP（ミニマル・洗練・デバイスモックアップ浮遊）","プロ（演出多め）"
"LP-02747","Web制作・デザイン事務所｜リード獲得（資料請求・問い合わせ）LP（ニューブルータリズム・全面写真＋中央キャッチ）","プロ（演出多め）"
"LP-02748","不動産・マンション｜無料体験・カウンセリング予約LP（ネオン・サイバー・イラスト主体）","プロ（演出多め）"
"LP-02749","アパレル・ファッションEC｜商品購入（単品通販）LP（レトロ・Y2K・全面写真＋中央キャッチ）","プロ（演出多め）"
"LP-02750","ウェディング・結婚相談所｜採用エントリーLP（ミニマル・洗練・全面写真＋中央キャッチ）","プロ（演出多め）"
"LP-02751","プログラミングスクール｜セミナー・ウェビナー集客LP（ポップ・カラフル・実績数字ドーン）","プロ（演出多め）"
"LP-02752","ゲーム・eスポーツ｜採用エントリーLP（ダーク・シネマティック・超大型タイポグラフィ）","プロ（演出多め）"
"LP-02753","レストラン・居酒屋｜リード獲得（資料請求・問い合わせ）LP（レトロ・Y2K・実績数字ドーン）","プロ（演出多め）"
"LP-02754","レストラン・居酒屋｜採用エントリーLP（レトロ・Y2K・イラスト主体）","上級"
"LP-02755","サウナ・温浴施設｜LINE友だち追加LP（かわいい・ガーリー・超大型タイポグラフィ）","プロ（演出多め）"
"LP-02756","ヨガ・ピラティス｜リード獲得（資料請求・問い合わせ）LP（ミニマル・洗練・背景動画ループ＋オーバーレイ）","上級"
"LP-02757","カフェ・ベーカリー｜LINE友だち追加LP（ジオメトリック・グラフィカル・全面写真＋中央キャッチ）","プロ（演出多め）"
"LP-02758","美容クリニック｜採用エントリーLP（ラグジュアリー・高級感・実績数字ドーン）","プロ（演出多め）"
"LP-02759","美容クリニック｜リード獲得（資料請求・問い合わせ）LP（ラグジュアリー・高級感・写真コラージュ）","プロ（演出多め）"
"LP-02760","音楽・ライブ・イベント｜採用エントリーLP（レトロ・Y2K・背景動画ループ＋オーバーレイ）","プロ（演出多め）"
"LP-02761","ペット・トリミング・動物病院｜無料体験・カウンセリング予約LP（3D・クレイ・背景動画ループ＋オーバーレイ）","プロ（演出多め）"
"LP-02762","アパレル・ファッションEC｜商品購入（単品通販）LP（ミニマル・洗練・ジェネラティブ背景＋コピー）","プロ（演出多め）"
"LP-02763","サウナ・温浴施設｜無料体験・カウンセリング予約LP（ナチュラル・オーガニック・写真コラージュ）","プロ（演出多め）"
"LP-02764","内科・クリニック｜無料体験・カウンセリング予約LP（北欧・ライフスタイル・左テキスト×右商品/人物）","プロ（演出多め）"
"LP-02765","ウェディング・結婚相談所｜無料体験・カウンセリング予約LP（パステル・ドリーミー・ジェネラティブ背景＋コピー）","プロ（演出多め）"
"LP-02766","コスメ・スキンケア｜リード獲得（資料請求・問い合わせ）LP（グラスモーフィズム・スクロールで商品が回転/分解）","プロ（演出多め）"
"LP-02767","引越し・生活サービス｜採用エントリーLP（信頼・誠実（コーポレート）・スクロールで商品が回転/分解）","プロ（演出多め）"
"LP-02768","和菓子・スイーツ｜クラウドファンディング支援LP（かわいい・ガーリー・スクロールで商品が回転/分解）","プロ（演出多め）"
"LP-02769","美容室・ヘアサロン｜リード獲得（資料請求・問い合わせ）LP（かわいい・ガーリー・スクロールで商品が回転/分解）","プロ（演出多め）"
"LP-02770","内科・クリニック｜採用エントリーLP（信頼・誠実（コーポレート）・デバイスモックアップ浮遊）","プロ（演出多め）"
"LP-02771","金融・保険・投資｜採用エントリーLP（ミニマル・洗練・スクロールで商品が回転/分解）","プロ（演出多め）"
"LP-02772","Web制作・デザイン事務所｜リード獲得（資料請求・問い合わせ）LP（ポップ・カラフル・背景動画ループ＋オーバーレイ）","プロ（演出多め）"
"LP-02773","自動車・バイク｜リード獲得（資料請求・問い合わせ）LP（グラスモーフィズム・デバイスモックアップ浮遊）","プロ（演出多め）"
"LP-02774","YouTuber・インフルエンサー｜採用エントリーLP（ポップ・カラフル・背景動画ループ＋オーバーレイ）","プロ（演出多め）"
"LP-02775","レストラン・居酒屋｜リード獲得（資料請求・問い合わせ）LP（ラグジュアリー・高級感・全面写真＋中央キャッチ）","プロ（演出多め）"
"LP-02776","アパレル・ファッションEC｜リード獲得（資料請求・問い合わせ）LP（レトロ・Y2K・左テキスト×右商品/人物）","プロ（演出多め）"
"LP-02777","アパレル・ファッションEC｜リード獲得（資料請求・問い合わせ）LP（レトロ・Y2K・デバイスモックアップ浮遊）","プロ（演出多め）"
"LP-02778","ウェディング・結婚相談所｜LINE友だち追加LP（かわいい・ガーリー・写真コラージュ）","プロ（演出多め）"
"LP-02779","食品・産直EC｜クラウドファンディング支援LP（ラグジュアリー・高級感・デバイスモックアップ浮遊）","プロ（演出多め）"
"LP-02780","自動車・バイク｜採用エントリーLP（エネルギッシュ・スポーティ・実績数字ドーン）","プロ（演出多め）"
"LP-02781","コンサル・コーチング｜採用エントリーLP（ミニマル・洗練・写真コラージュ）","プロ（演出多め）"
"LP-02782","コスメ・スキンケア｜採用エントリーLP（ナチュラル・オーガニック・デバイスモックアップ浮遊）","プロ（演出多め）"
"LP-02783","観光・地域プロモーション｜採用エントリーLP（信頼・誠実（コーポレート）・超大型タイポグラフィ）","プロ（演出多め）"
"LP-02784","自動車・バイク｜採用エントリーLP（ダーク・シネマティック・超大型タイポグラフィ）","プロ（演出多め）"
"LP-02785","アパレル・ファッションEC｜リード獲得（資料請求・問い合わせ）LP（エディトリアル・雑誌風・背景動画ループ＋オーバーレイ）","プロ（演出多め）"
"LP-02786","YouTuber・インフルエンサー｜リード獲得（資料請求・問い合わせ）LP（かわいい・ガーリー・実績数字ドーン）","プロ（演出多め）"
"LP-02787","歯科医院｜リード獲得（資料請求・問い合わせ）LP（ナチュラル・オーガニック・実績数字ドーン）","プロ（演出多め）"
"LP-02788","農業・地方の生産者｜商品購入（単品通販）LP（ハンドメイド・手書き・背景動画ループ＋オーバーレイ）","プロ（演出多め）"
"LP-02789","ヨガ・ピラティス｜採用エントリーLP（パステル・ドリーミー・超大型タイポグラフィ）","プロ（演出多め）"
"LP-02790","パーソナルジム・フィットネス｜LINE友だち追加LP（ダーク・シネマティック・全面写真＋中央キャッチ）","プロ（演出多め）"
"LP-02791","占い・スピリチュアル｜採用エントリーLP（和モダン・実績数字ドーン）","プロ（演出多め）"
"LP-02792","アパレル・ファッションEC｜採用エントリーLP（エディトリアル・雑誌風・全面写真＋中央キャッチ）","プロ（演出多め）"
"LP-02793","英会話・語学｜リード獲得（資料請求・問い合わせ）LP（ジオメトリック・グラフィカル・イラスト主体）","プロ（演出多め）"
"LP-02794","採用・求人｜リード獲得（資料請求・問い合わせ）LP（信頼・誠実（コーポレート）・ジェネラティブ背景＋コピー）","プロ（演出多め）"
"LP-02795","AIサービス・スタートアップ｜リード獲得（資料請求・問い合わせ）LP（ミニマル・洗練・スクロールで商品が回転/分解）","プロ（演出多め）"
"LP-02796","ヨガ・ピラティス｜採用エントリーLP（北欧・ライフスタイル・スクロールで商品が回転/分解）","プロ（演出多め）"
"LP-02797","美容室・ヘアサロン｜LINE友だち追加LP（パステル・ドリーミー・背景動画ループ＋オーバーレイ）","プロ（演出多め）"
"LP-02798","ゲーム・eスポーツ｜クラウドファンディング支援LP（エネルギッシュ・スポーティ・超大型タイポグラフィ）","プロ（演出多め）"
"LP-02799","コスメ・スキンケア｜リード獲得（資料請求・問い合わせ）LP（ミニマル・洗練・超大型タイポグラフィ）","プロ（演出多め）"
"LP-02800","金融・保険・投資｜セミナー・ウェビナー集客LP（信頼・誠実（コーポレート）・イラスト主体）","上級"
"LP-02801","ウェディング・結婚相談所｜無料体験・カウンセリング予約LP（ジオメトリック・グラフィカル・超大型タイポグラフィ）","上級"
"LP-02802","スマホアプリ｜リード獲得（資料請求・問い合わせ）LP（クール・テック・超大型タイポグラフィ）","プロ（演出多め）"
"LP-02803","建築設計事務所｜リード獲得（資料請求・問い合わせ）LP（ミニマル・洗練・デバイスモックアップ浮遊）","プロ（演出多め）"
"LP-02804","カフェ・ベーカリー｜採用エントリーLP（エディトリアル・雑誌風・デバイスモックアップ浮遊）","プロ（演出多め）"
"LP-02805","クラウドファンディング・新商品｜リード獲得（資料請求・問い合わせ）LP（ポップ・カラフル・全面写真＋中央キャッチ）","プロ（演出多め）"
"LP-02806","歯科医院｜LINE友だち追加LP（レトロ・Y2K・ジェネラティブ背景＋コピー）","プロ（演出多め）"
"LP-02807","占い・スピリチュアル｜リード獲得（資料請求・問い合わせ）LP（ナチュラル・オーガニック・左テキスト×右商品/人物）","プロ（演出多め）"
"LP-02808","ヨガ・ピラティス｜リード獲得（資料請求・問い合わせ）LP（北欧・ライフスタイル・ジェネラティブ背景＋コピー）","プロ（演出多め）"
"LP-02809","金融・保険・投資｜会員登録・アプリDLLP（ミニマル・洗練・実績数字ドーン）","プロ（演出多め）"
"LP-02810","ペット・トリミング・動物病院｜採用エントリーLP（ハンドメイド・手書き・超大型タイポグラフィ）","プロ（演出多め）"
"LP-02811","パーソナルジム・フィットネス｜LINE友だち追加LP（ミニマル・洗練・スクロールで商品が回転/分解）","プロ（演出多め）"
"LP-02812","カフェ・ベーカリー｜リード獲得（資料請求・問い合わせ）LP（北欧・ライフスタイル・イラスト主体）","プロ（演出多め）"
"LP-02813","スマホアプリ｜会員登録・アプリDLLP（グラスモーフィズム・スクロールで商品が回転/分解）","プロ（演出多め）"
"LP-02814","建築設計事務所｜リード獲得（資料請求・問い合わせ）LP（ニューブルータリズム・全面写真＋中央キャッチ）","プロ（演出多め）"
"LP-02815","保育園・幼児教育・習い事｜採用エントリーLP（ポップ・カラフル・デバイスモックアップ浮遊）","プロ（演出多め）"
"LP-02816","ペット・トリミング・動物病院｜無料体験・カウンセリング予約LP（ハンドメイド・手書き・イラスト主体）","プロ（演出多め）"
"LP-02817","AIサービス・スタートアップ｜会員登録・アプリDLLP（ミニマル・洗練・背景動画ループ＋オーバーレイ）","プロ（演出多め）"
"LP-02818","レストラン・居酒屋｜リード獲得（資料請求・問い合わせ）LP（ハンドメイド・手書き・デバイスモックアップ浮遊）","プロ（演出多め）"
"LP-02819","歯科医院｜LINE友だち追加LP（ミニマル・洗練・左テキスト×右商品/人物）","上級"
"LP-02820","スクール・オンライン講座｜会員登録・アプリDLLP（クール・テック・写真コラージュ）","プロ（演出多め）"
"LP-02821","ゲーム・eスポーツ｜クラウドファンディング支援LP（ダーク・シネマティック・実績数字ドーン）","上級"
"LP-02822","サウナ・温浴施設｜無料体験・カウンセリング予約LP（レトロ・Y2K・デバイスモックアップ浮遊）","プロ（演出多め）"
"LP-02823","ヨガ・ピラティス｜LINE友だち追加LP（ミニマル・洗練・超大型タイポグラフィ）","上級"
"LP-02824","NPO・地方自治体｜クラウドファンディング支援LP（ナチュラル・オーガニック・全面写真＋中央キャッチ）","プロ（演出多め）"
"LP-02825","引越し・生活サービス｜リード獲得（資料請求・問い合わせ）LP（信頼・誠実（コーポレート）・背景動画ループ＋オーバーレイ）","プロ（演出多め）"
"LP-02826","ウェディング・結婚相談所｜リード獲得（資料請求・問い合わせ）LP（ラグジュアリー・高級感・イラスト主体）","プロ（演出多め）"
"LP-02827","不動産・マンション｜無料体験・カウンセリング予約LP（ニューブルータリズム・全面写真＋中央キャッチ）","プロ（演出多め）"
"LP-02828","建築設計事務所｜採用エントリーLP（ジオメトリック・グラフィカル・全面写真＋中央キャッチ）","プロ（演出多め）"
"LP-02829","占い・スピリチュアル｜リード獲得（資料請求・問い合わせ）LP（ポップ・カラフル・写真コラージュ）","プロ（演出多め）"
"LP-02830","自動車・バイク｜無料体験・カウンセリング予約LP（ラグジュアリー・高級感・超大型タイポグラフィ）","プロ（演出多め）"
"LP-02831","採用・求人｜採用エントリーLP（ポップ・カラフル・背景動画ループ＋オーバーレイ）","プロ（演出多め）"
"LP-02832","農業・地方の生産者｜採用エントリーLP（和モダン・超大型タイポグラフィ）","プロ（演出多め）"
"LP-02833","カフェ・ベーカリー｜LINE友だち追加LP（ハンドメイド・手書き・超大型タイポグラフィ）","上級"
"LP-02834","スクール・オンライン講座｜会員登録・アプリDLLP（クール・テック・背景動画ループ＋オーバーレイ）","プロ（演出多め）"
"LP-02835","プログラミングスクール｜会員登録・アプリDLLP（ネオン・サイバー・デバイスモックアップ浮遊）","プロ（演出多め）"
"LP-02836","食品・産直EC｜リード獲得（資料請求・問い合わせ）LP（和モダン・イラスト主体）","プロ（演出多め）"
"LP-02837","ペット・トリミング・動物病院｜LINE友だち追加LP（3D・クレイ・スクロールで商品が回転/分解）","プロ（演出多め）"
"LP-02838","和菓子・スイーツ｜採用エントリーLP（かわいい・ガーリー・イラスト主体）","プロ（演出多め）"
"LP-02839","クラウドファンディング・新商品｜採用エントリーLP（ポップ・カラフル・背景動画ループ＋オーバーレイ）","上級"
"LP-02840","パーソナルジム・フィットネス｜リード獲得（資料請求・問い合わせ）LP（クール・テック・超大型タイポグラフィ）","上級"
"LP-02841","アパレル・ファッションEC｜商品購入（単品通販）LP（レトロ・Y2K・写真コラージュ）","上級"
"LP-02842","コンサル・コーチング｜採用エントリーLP（エディトリアル・雑誌風・ジェネラティブ背景＋コピー）","プロ（演出多め）"
"LP-02843","歯科医院｜リード獲得（資料請求・問い合わせ）LP（ダーク・シネマティック・全面写真＋中央キャッチ）","プロ（演出多め）"
"LP-02844","内科・クリニック｜無料体験・カウンセリング予約LP（北欧・ライフスタイル・全面写真＋中央キャッチ）","プロ（演出多め）"
"LP-02845","引越し・生活サービス｜採用エントリーLP（パステル・ドリーミー・超大型タイポグラフィ）","プロ（演出多め）"
"LP-02846","ウェディング・結婚相談所｜採用エントリーLP（かわいい・ガーリー・ジェネラティブ背景＋コピー）","プロ（演出多め）"
"LP-02847","音楽・ライブ・イベント｜クラウドファンディング支援LP（ニューブルータリズム・超大型タイポグラフィ）","プロ（演出多め）"
"LP-02848","和菓子・スイーツ｜商品購入（単品通販）LP（和モダン・イラスト主体）","上級"
"LP-02849","自動車・バイク｜リード獲得（資料請求・問い合わせ）LP（ラグジュアリー・高級感・背景動画ループ＋オーバーレイ）","プロ（演出多め）"
"LP-02850","士業（税理士・弁護士・行政書士）｜リード獲得（資料請求・問い合わせ）LP（ミニマル・洗練・デバイスモックアップ浮遊）","プロ（演出多め）"
"LP-02851","ゲーム・eスポーツ｜採用エントリーLP（ミニマル・洗練・ジェネラティブ背景＋コピー）","プロ（演出多め）"
"LP-02852","クラウドファンディング・新商品｜リード獲得（資料請求・問い合わせ）LP（ダーク・シネマティック・デバイスモックアップ浮遊）","上級"
"LP-02853","内科・クリニック｜LINE友だち追加LP（和モダン・背景動画ループ＋オーバーレイ）","プロ（演出多め）"
"LP-02854","引越し・生活サービス｜LINE友だち追加LP（ポップ・カラフル・左テキスト×右商品/人物）","プロ（演出多め）"
"LP-02855","エステ・脱毛サロン｜無料体験・カウンセリング予約LP（ラグジュアリー・高級感・スクロールで商品が回転/分解）","プロ（演出多め）"
"LP-02856","レストラン・居酒屋｜LINE友だち追加LP（ラグジュアリー・高級感・スクロールで商品が回転/分解）","プロ（演出多め）"
"LP-02857","プログラミングスクール｜採用エントリーLP（ネオン・サイバー・全面写真＋中央キャッチ）","プロ（演出多め）"
"LP-02858","建築設計事務所｜採用エントリーLP（ジオメトリック・グラフィカル・イラスト主体）","上級"
"LP-02859","Web制作・デザイン事務所｜セミナー・ウェビナー集客LP（ダーク・シネマティック・実績数字ドーン）","プロ（演出多め）"
"LP-02860","保育園・幼児教育・習い事｜採用エントリーLP（かわいい・ガーリー・左テキスト×右商品/人物）","プロ（演出多め）"
"LP-02861","歯科医院｜LINE友だち追加LP（信頼・誠実（コーポレート）・イラスト主体）","上級"
"LP-02862","サウナ・温浴施設｜リード獲得（資料請求・問い合わせ）LP（レトロ・Y2K・全面写真＋中央キャッチ）","プロ（演出多め）"
"LP-02863","自動車・バイク｜無料体験・カウンセリング予約LP（エネルギッシュ・スポーティ・背景動画ループ＋オーバーレイ）","プロ（演出多め）"
"LP-02864","ホテル・旅館｜採用エントリーLP（ダーク・シネマティック・全面写真＋中央キャッチ）","プロ（演出多め）"
"LP-02865","歯科医院｜無料体験・カウンセリング予約LP（ミニマル・洗練・デバイスモックアップ浮遊）","プロ（演出多め）"
"LP-02866","保育園・幼児教育・習い事｜リード獲得（資料請求・問い合わせ）LP（ミニマル・洗練・背景動画ループ＋オーバーレイ）","プロ（演出多め）"
"LP-02867","ペット・トリミング・動物病院｜リード獲得（資料請求・問い合わせ）LP（ハンドメイド・手書き・スクロールで商品が回転/分解）","プロ（演出多め）"
"LP-02868","AIサービス・スタートアップ｜セミナー・ウェビナー集客LP（信頼・誠実（コーポレート）・イラスト主体）","上級"
"LP-02869","採用・求人｜採用エントリーLP（信頼・誠実（コーポレート）・背景動画ループ＋オーバーレイ）","プロ（演出多め）"
"LP-02870","占い・スピリチュアル｜リード獲得（資料請求・問い合わせ）LP（ダーク・シネマティック・超大型タイポグラフィ）","プロ（演出多め）"
"LP-02871","サウナ・温浴施設｜無料体験・カウンセリング予約LP（ナチュラル・オーガニック・全面写真＋中央キャッチ）","プロ（演出多め）"
"LP-02872","ヨガ・ピラティス｜リード獲得（資料請求・問い合わせ）LP（北欧・ライフスタイル・スクロールで商品が回転/分解）","プロ（演出多め）"
"LP-02873","ヨガ・ピラティス｜無料体験・カウンセリング予約LP（ミニマル・洗練・左テキスト×右商品/人物）","プロ（演出多め）"
"LP-02874","パーソナルジム・フィットネス｜LINE友だち追加LP（エネルギッシュ・スポーティ・デバイスモックアップ浮遊）","プロ（演出多め）"
"LP-02875","プログラミングスクール｜リード獲得（資料請求・問い合わせ）LP（ラグジュアリー・高級感・スクロールで商品が回転/分解）","プロ（演出多め）"
"LP-02876","サウナ・温浴施設｜LINE友だち追加LP（ニューブルータリズム・超大型タイポグラフィ）","プロ（演出多め）"
"LP-02877","ペット・トリミング・動物病院｜商品購入（単品通販）LP（ナチュラル・オーガニック・実績数字ドーン）","プロ（演出多め）"
"LP-02878","建築設計事務所｜採用エントリーLP（エディトリアル・雑誌風・超大型タイポグラフィ）","プロ（演出多め）"
"LP-02879","NPO・地方自治体｜クラウドファンディング支援LP（信頼・誠実（コーポレート）・超大型タイポグラフィ）","プロ（演出多め）"
"LP-02880","引越し・生活サービス｜LINE友だち追加LP（ポップ・カラフル・デバイスモックアップ浮遊）","プロ（演出多め）"
"LP-02881","ゲーム・eスポーツ｜会員登録・アプリDLLP（かわいい・ガーリー・イラスト主体）","プロ（演出多め）"
"LP-02882","採用・求人｜採用エントリーLP（ポップ・カラフル・超大型タイポグラフィ）","プロ（演出多め）"
"LP-02883","占い・スピリチュアル｜無料体験・カウンセリング予約LP（ダーク・シネマティック・左テキスト×右商品/人物）","プロ（演出多め）"
"LP-02884","ヨガ・ピラティス｜リード獲得（資料請求・問い合わせ）LP（パステル・ドリーミー・ジェネラティブ背景＋コピー）","プロ（演出多め）"
"LP-02885","サウナ・温浴施設｜リード獲得（資料請求・問い合わせ）LP（信頼・誠実（コーポレート）・実績数字ドーン）","プロ（演出多め）"
"LP-02886","コンサル・コーチング｜セミナー・ウェビナー集客LP（ラグジュアリー・高級感・全面写真＋中央キャッチ）","プロ（演出多め）"
"LP-02887","Web制作・デザイン事務所｜採用エントリーLP（かわいい・ガーリー・超大型タイポグラフィ）","プロ（演出多め）"
"LP-02888","美容室・ヘアサロン｜リード獲得（資料請求・問い合わせ）LP（エディトリアル・雑誌風・ジェネラティブ背景＋コピー）","プロ（演出多め）"
"LP-02889","ホテル・旅館｜リード獲得（資料請求・問い合わせ）LP（ダーク・シネマティック・ジェネラティブ背景＋コピー）","プロ（演出多め）"
"LP-02890","英会話・語学｜会員登録・アプリDLLP（ラグジュアリー・高級感・実績数字ドーン）","プロ（演出多め）"
"LP-02891","プログラミングスクール｜採用エントリーLP（ネオン・サイバー・ジェネラティブ背景＋コピー）","プロ（演出多め）"
"LP-02892","コンサル・コーチング｜無料体験・カウンセリング予約LP（エディトリアル・雑誌風・実績数字ドーン）","プロ（演出多め）"
"LP-02893","自動車・バイク｜リード獲得（資料請求・問い合わせ）LP（クール・テック・背景動画ループ＋オーバーレイ）","プロ（演出多め）"
"LP-02894","不動産・マンション｜セミナー・ウェビナー集客LP（ダーク・シネマティック・超大型タイポグラフィ）","上級"
"LP-02895","AIサービス・スタートアップ｜セミナー・ウェビナー集客LP（グラスモーフィズム・イラスト主体）","プロ（演出多め）"
"LP-02896","金融・保険・投資｜セミナー・ウェビナー集客LP（信頼・誠実（コーポレート）・全面写真＋中央キャッチ）","上級"
"LP-02897","自動車・バイク｜リード獲得（資料請求・問い合わせ）LP（レトロ・Y2K・左テキスト×右商品/人物）","上級"
"LP-02898","スマホアプリ｜採用エントリーLP（パステル・ドリーミー・超大型タイポグラフィ）","プロ（演出多め）"
"LP-02899","引越し・生活サービス｜リード獲得（資料請求・問い合わせ）LP（信頼・誠実（コーポレート）・ジェネラティブ背景＋コピー）","プロ（演出多め）"
"LP-02900","パーソナルジム・フィットネス｜リード獲得（資料請求・問い合わせ）LP（クール・テック・デバイスモックアップ浮遊）","プロ（演出多め）"
"LP-02901","コンサル・コーチング｜採用エントリーLP（信頼・誠実（コーポレート）・超大型タイポグラフィ）","プロ（演出多め）"
"LP-02902","コスメ・スキンケア｜採用エントリーLP（パステル・ドリーミー・スクロールで商品が回転/分解）","プロ（演出多め）"
"LP-02903","農業・地方の生産者｜商品購入（単品通販）LP（ナチュラル・オーガニック・写真コラージュ）","プロ（演出多め）"
"LP-02904","ペット・トリミング・動物病院｜リード獲得（資料請求・問い合わせ）LP（クール・テック・全面写真＋中央キャッチ）","プロ（演出多め）"
"LP-02905","SaaS・BtoBツール｜採用エントリーLP（信頼・誠実（コーポレート）・スクロールで商品が回転/分解）","プロ（演出多め）"
"LP-02906","建築設計事務所｜採用エントリーLP（エディトリアル・雑誌風・スクロールで商品が回転/分解）","プロ（演出多め）"
"LP-02907","歯科医院｜リード獲得（資料請求・問い合わせ）LP（ミニマル・洗練・写真コラージュ）","プロ（演出多め）"
"LP-02908","SaaS・BtoBツール｜セミナー・ウェビナー集客LP（3D・クレイ・実績数字ドーン）","プロ（演出多め）"
"LP-02909","英会話・語学｜会員登録・アプリDLLP（3D・クレイ・ジェネラティブ背景＋コピー）","プロ（演出多め）"
"LP-02910","歯科医院｜無料体験・カウンセリング予約LP（信頼・誠実（コーポレート）・左テキスト×右商品/人物）","プロ（演出多め）"
"LP-02911","音楽・ライブ・イベント｜クラウドファンディング支援LP（ニューブルータリズム・実績数字ドーン）","プロ（演出多め）"
"LP-02912","クラウドファンディング・新商品｜採用エントリーLP（ナチュラル・オーガニック・スクロールで商品が回転/分解）","プロ（演出多め）"
"LP-02913","スクール・オンライン講座｜リード獲得（資料請求・問い合わせ）LP（信頼・誠実（コーポレート）・超大型タイポグラフィ）","プロ（演出多め）"
"LP-02914","SaaS・BtoBツール｜セミナー・ウェビナー集客LP（信頼・誠実（コーポレート）・ジェネラティブ背景＋コピー）","上級"
"LP-02915","和菓子・スイーツ｜商品購入（単品通販）LP（パステル・ドリーミー・超大型タイポグラフィ）","上級"
"LP-02916","パーソナルジム・フィットネス｜リード獲得（資料請求・問い合わせ）LP（エネルギッシュ・スポーティ・背景動画ループ＋オーバーレイ）","プロ（演出多め）"
"LP-02917","ゲーム・eスポーツ｜クラウドファンディング支援LP（クール・テック・写真コラージュ）","上級"
"LP-02918","コスメ・スキンケア｜採用エントリーLP（グラスモーフィズム・実績数字ドーン）","プロ（演出多め）"
"LP-02919","歯科医院｜LINE友だち追加LP（ナチュラル・オーガニック・イラスト主体）","プロ（演出多め）"
"LP-02920","YouTuber・インフルエンサー｜リード獲得（資料請求・問い合わせ）LP（ポップ・カラフル・実績数字ドーン）","プロ（演出多め）"
"LP-02921","スマホアプリ｜会員登録・アプリDLLP（3D・クレイ・背景動画ループ＋オーバーレイ）","プロ（演出多め）"
"LP-02922","プログラミングスクール｜会員登録・アプリDLLP（北欧・ライフスタイル・デバイスモックアップ浮遊）","プロ（演出多め）"
"LP-02923","占い・スピリチュアル｜リード獲得（資料請求・問い合わせ）LP（和モダン・イラスト主体）","プロ（演出多め）"
"LP-02924","レストラン・居酒屋｜LINE友だち追加LP（レトロ・Y2K・背景動画ループ＋オーバーレイ）","プロ（演出多め）"
"LP-02925","占い・スピリチュアル｜LINE友だち追加LP（ダーク・シネマティック・写真コラージュ）","プロ（演出多め）"
"LP-02926","和菓子・スイーツ｜LINE友だち追加LP（和モダン・スクロールで商品が回転/分解）","プロ（演出多め）"
"LP-02927","美容室・ヘアサロン｜LINE友だち追加LP（かわいい・ガーリー・左テキスト×右商品/人物）","プロ（演出多め）"
"LP-02928","アパレル・ファッションEC｜採用エントリーLP（レトロ・Y2K・全面写真＋中央キャッチ）","プロ（演出多め）"
"LP-02929","サウナ・温浴施設｜LINE友だち追加LP（ニューブルータリズム・全面写真＋中央キャッチ）","プロ（演出多め）"
"LP-02930","パーソナルジム・フィットネス｜採用エントリーLP（クール・テック・背景動画ループ＋オーバーレイ）","上級"
"LP-02931","農業・地方の生産者｜リード獲得（資料請求・問い合わせ）LP（ハンドメイド・手書き・写真コラージュ）","プロ（演出多め）"
"LP-02932","採用・求人｜リード獲得（資料請求・問い合わせ）LP（信頼・誠実（コーポレート）・スクロールで商品が回転/分解）","プロ（演出多め）"
"LP-02933","美容室・ヘアサロン｜無料体験・カウンセリング予約LP（エディトリアル・雑誌風・デバイスモックアップ浮遊）","プロ（演出多め）"
"LP-02934","プログラミングスクール｜リード獲得（資料請求・問い合わせ）LP（クール・テック・スクロールで商品が回転/分解）","プロ（演出多め）"
"LP-02935","音楽・ライブ・イベント｜クラウドファンディング支援LP（ダーク・シネマティック・スクロールで商品が回転/分解）","上級"
"LP-02936","ホテル・旅館｜LINE友だち追加LP（北欧・ライフスタイル・超大型タイポグラフィ）","上級"
"LP-02937","サウナ・温浴施設｜無料体験・カウンセリング予約LP（ニューブルータリズム・イラスト主体）","プロ（演出多め）"
"LP-02938","英会話・語学｜採用エントリーLP（信頼・誠実（コーポレート）・写真コラージュ）","プロ（演出多め）"
"LP-02939","ヨガ・ピラティス｜採用エントリーLP（北欧・ライフスタイル・左テキスト×右商品/人物）","プロ（演出多め）"
"LP-02940","AIサービス・スタートアップ｜会員登録・アプリDLLP（グラスモーフィズム・超大型タイポグラフィ）","プロ（演出多め）"
"LP-02941","プログラミングスクール｜無料体験・カウンセリング予約LP（ミニマル・洗練・全面写真＋中央キャッチ）","プロ（演出多め）"
"LP-02942","ウェディング・結婚相談所｜LINE友だち追加LP（かわいい・ガーリー・超大型タイポグラフィ）","プロ（演出多め）"
"LP-02943","音楽・ライブ・イベント｜リード獲得（資料請求・問い合わせ）LP（ニューブルータリズム・イラスト主体）","プロ（演出多め）"
"LP-02944","レストラン・居酒屋｜LINE友だち追加LP（北欧・ライフスタイル・背景動画ループ＋オーバーレイ）","上級"
"LP-02945","サウナ・温浴施設｜リード獲得（資料請求・問い合わせ）LP（ナチュラル・オーガニック・超大型タイポグラフィ）","上級"
"LP-02946","農業・地方の生産者｜クラウドファンディング支援LP（ナチュラル・オーガニック・全面写真＋中央キャッチ）","プロ（演出多め）"
"LP-02947","ペット・トリミング・動物病院｜商品購入（単品通販）LP（ハンドメイド・手書き・左テキスト×右商品/人物）","プロ（演出多め）"
"LP-02948","金融・保険・投資｜リード獲得（資料請求・問い合わせ）LP（信頼・誠実（コーポレート）・写真コラージュ）","プロ（演出多め）"
"LP-02949","エステ・脱毛サロン｜LINE友だち追加LP（ハンドメイド・手書き・左テキスト×右商品/人物）","プロ（演出多め）"
"LP-02950","建築設計事務所｜採用エントリーLP（エディトリアル・雑誌風・写真コラージュ）","上級"
"LP-02951","SaaS・BtoBツール｜無料体験・カウンセリング予約LP（グラスモーフィズム・実績数字ドーン）","プロ（演出多め）"
"LP-02952","ゲーム・eスポーツ｜採用エントリーLP（エネルギッシュ・スポーティ・実績数字ドーン）","プロ（演出多め）"
"LP-02953","スクール・オンライン講座｜会員登録・アプリDLLP（クール・テック・実績数字ドーン）","プロ（演出多め）"
"LP-02954","食品・産直EC｜採用エントリーLP（ポップ・カラフル・写真コラージュ）","プロ（演出多め）"
"LP-02955","Web制作・デザイン事務所｜セミナー・ウェビナー集客LP（ダーク・シネマティック・実績数字ドーン）","プロ（演出多め）"
"LP-02956","英会話・語学｜無料体験・カウンセリング予約LP（和モダン・デバイスモックアップ浮遊）","プロ（演出多め）"
"LP-02957","食品・産直EC｜採用エントリーLP（ハンドメイド・手書き・ジェネラティブ背景＋コピー）","プロ（演出多め）"
"LP-02958","英会話・語学｜会員登録・アプリDLLP（ジオメトリック・グラフィカル・ジェネラティブ背景＋コピー）","プロ（演出多め）"
"LP-02959","スマホアプリ｜リード獲得（資料請求・問い合わせ）LP（グラスモーフィズム・全面写真＋中央キャッチ）","プロ（演出多め）"
"LP-02960","自動車・バイク｜無料体験・カウンセリング予約LP（ダーク・シネマティック・デバイスモックアップ浮遊）","プロ（演出多め）"
"LP-02961","工務店・注文住宅・リフォーム｜セミナー・ウェビナー集客LP（北欧・ライフスタイル・全面写真＋中央キャッチ）","上級"
"LP-02962","クラウドファンディング・新商品｜リード獲得（資料請求・問い合わせ）LP（ダーク・シネマティック・デバイスモックアップ浮遊）","プロ（演出多め）"
"LP-02963","コンサル・コーチング｜リード獲得（資料請求・問い合わせ）LP（信頼・誠実（コーポレート）・デバイスモックアップ浮遊）","プロ（演出多め）"
"LP-02964","Web制作・デザイン事務所｜セミナー・ウェビナー集客LP（エディトリアル・雑誌風・写真コラージュ）","プロ（演出多め）"
"LP-02965","美容室・ヘアサロン｜採用エントリーLP（ミニマル・洗練・実績数字ドーン）","プロ（演出多め）"
"LP-02966","Web制作・デザイン事務所｜セミナー・ウェビナー集客LP（ジオメトリック・グラフィカル・実績数字ドーン）","プロ（演出多め）"
"LP-02967","サウナ・温浴施設｜採用エントリーLP（ナチュラル・オーガニック・デバイスモックアップ浮遊）","プロ（演出多め）"
"LP-02968","美容室・ヘアサロン｜無料体験・カウンセリング予約LP（北欧・ライフスタイル・写真コラージュ）","上級"
"LP-02969","美容室・ヘアサロン｜無料体験・カウンセリング予約LP（エディトリアル・雑誌風・左テキスト×右商品/人物）","プロ（演出多め）"
"LP-02970","プログラミングスクール｜無料体験・カウンセリング予約LP（ネオン・サイバー・デバイスモックアップ浮遊）","プロ（演出多め）"
"LP-02971","内科・クリニック｜無料体験・カウンセリング予約LP（北欧・ライフスタイル・ジェネラティブ背景＋コピー）","プロ（演出多め）"
"LP-02972","観光・地域プロモーション｜採用エントリーLP（和モダン・実績数字ドーン）","プロ（演出多め）"
"LP-02973","保育園・幼児教育・習い事｜採用エントリーLP（ナチュラル・オーガニック・背景動画ループ＋オーバーレイ）","プロ（演出多め）"
"LP-02974","自動車・バイク｜無料体験・カウンセリング予約LP（和モダン・スクロールで商品が回転/分解）","プロ（演出多め）"
"LP-02975","ヨガ・ピラティス｜無料体験・カウンセリング予約LP（ミニマル・洗練・ジェネラティブ背景＋コピー）","プロ（演出多め）"
"LP-02976","サウナ・温浴施設｜無料体験・カウンセリング予約LP（ナチュラル・オーガニック・全面写真＋中央キャッチ）","プロ（演出多め）"
"LP-02977","コスメ・スキンケア｜リード獲得（資料請求・問い合わせ）LP（信頼・誠実（コーポレート）・写真コラージュ）","上級"
"LP-02978","引越し・生活サービス｜LINE友だち追加LP（信頼・誠実（コーポレート）・全面写真＋中央キャッチ）","上級"
"LP-02979","金融・保険・投資｜セミナー・ウェビナー集客LP（信頼・誠実（コーポレート）・実績数字ドーン）","プロ（演出多め）"
"LP-02980","観光・地域プロモーション｜採用エントリーLP（和モダン・ジェネラティブ背景＋コピー）","プロ（演出多め）"
"LP-02981","美容室・ヘアサロン｜リード獲得（資料請求・問い合わせ）LP（エディトリアル・雑誌風・スクロールで商品が回転/分解）","プロ（演出多め）"
"LP-02982","美容室・ヘアサロン｜無料体験・カウンセリング予約LP（北欧・ライフスタイル・写真コラージュ）","上級"
"LP-02983","コンサル・コーチング｜リード獲得（資料請求・問い合わせ）LP（クール・テック・デバイスモックアップ浮遊）","プロ（演出多め）"
"LP-02984","パーソナルジム・フィットネス｜リード獲得（資料請求・問い合わせ）LP（ポップ・カラフル・ジェネラティブ背景＋コピー）","プロ（演出多め）"
"LP-02985","自動車・バイク｜リード獲得（資料請求・問い合わせ）LP（ダーク・シネマティック・背景動画ループ＋オーバーレイ）","プロ（演出多め）"
"LP-02986","占い・スピリチュアル｜採用エントリーLP（和モダン・ジェネラティブ背景＋コピー）","上級"
"LP-02987","引越し・生活サービス｜LINE友だち追加LP（レトロ・Y2K・ジェネラティブ背景＋コピー）","プロ（演出多め）"
"LP-02988","金融・保険・投資｜無料体験・カウンセリング予約LP（ダーク・シネマティック・実績数字ドーン）","プロ（演出多め）"
"LP-02989","ホテル・旅館｜LINE友だち追加LP（和モダン・全面写真＋中央キャッチ）","プロ（演出多め）"
"LP-02990","美容室・ヘアサロン｜リード獲得（資料請求・問い合わせ）LP（ミニマル・洗練・写真コラージュ）","プロ（演出多め）"
"LP-02991","プログラミングスクール｜会員登録・アプリDLLP（クール・テック・左テキスト×右商品/人物）","プロ（演出多め）"
"LP-02992","ゲーム・eスポーツ｜リード獲得（資料請求・問い合わせ）LP（ダーク・シネマティック・イラスト主体）","プロ（演出多め）"
"LP-02993","プログラミングスクール｜セミナー・ウェビナー集客LP（ネオン・サイバー・デバイスモックアップ浮遊）","プロ（演出多め）"
"LP-02994","スマホアプリ｜商品購入（単品通販）LP（3D・クレイ・デバイスモックアップ浮遊）","プロ（演出多め）"
"LP-02995","観光・地域プロモーション｜リード獲得（資料請求・問い合わせ）LP（ハンドメイド・手書き・ジェネラティブ背景＋コピー）","プロ（演出多め）"
"LP-02996","Web制作・デザイン事務所｜リード獲得（資料請求・問い合わせ）LP（ダーク・シネマティック・デバイスモックアップ浮遊）","プロ（演出多め）"
"LP-02997","美容クリニック｜リード獲得（資料請求・問い合わせ）LP（ミニマル・洗練・ジェネラティブ背景＋コピー）","プロ（演出多め）"
"LP-02998","パーソナルジム・フィットネス｜LINE友だち追加LP（ダーク・シネマティック・超大型タイポグラフィ）","プロ（演出多め）"
"LP-02999","ヨガ・ピラティス｜採用エントリーLP（パステル・ドリーミー・背景動画ループ＋オーバーレイ）","プロ（演出多め）"
"LP-03000","士業（税理士・弁護士・行政書士）｜採用エントリーLP（信頼・誠実（コーポレート）・デバイスモックアップ浮遊）","プロ（演出多め）"
"LP-03001","カフェ・ベーカリー｜LINE友だち追加LP（3D・クレイ・背景動画ループ＋オーバーレイ）","プロ（演出多め）"
"LP-03002","レストラン・居酒屋｜採用エントリーLP（和モダン・イラスト主体）","プロ（演出多め）"
"LP-03003","和菓子・スイーツ｜商品購入（単品通販）LP（ネオン・サイバー・ジェネラティブ背景＋コピー）","プロ（演出多め）"
"LP-03004","美容クリニック｜無料体験・カウンセリング予約LP（ミニマル・洗練・ジェネラティブ背景＋コピー）","プロ（演出多め）"
"LP-03005","Web制作・デザイン事務所｜リード獲得（資料請求・問い合わせ）LP（ジオメトリック・グラフィカル・イラスト主体）","プロ（演出多め）"
"LP-03006","ヨガ・ピラティス｜LINE友だち追加LP（ナチュラル・オーガニック・全面写真＋中央キャッチ）","上級"
"LP-03007","コスメ・スキンケア｜商品購入（単品通販）LP（グラスモーフィズム・実績数字ドーン）","プロ（演出多め）"
"LP-03008","引越し・生活サービス｜LINE友だち追加LP（信頼・誠実（コーポレート）・超大型タイポグラフィ）","プロ（演出多め）"
"LP-03009","美容室・ヘアサロン｜採用エントリーLP（グラスモーフィズム・ジェネラティブ背景＋コピー）","プロ（演出多め）"
"LP-03010","建築設計事務所｜採用エントリーLP（ジオメトリック・グラフィカル・全面写真＋中央キャッチ）","プロ（演出多め）"
"LP-03011","歯科医院｜LINE友だち追加LP（ナチュラル・オーガニック・背景動画ループ＋オーバーレイ）","プロ（演出多め）"
"LP-03012","音楽・ライブ・イベント｜リード獲得（資料請求・問い合わせ）LP（レトロ・Y2K・全面写真＋中央キャッチ）","上級"
"LP-03013","ペット・トリミング・動物病院｜リード獲得（資料請求・問い合わせ）LP（3D・クレイ・超大型タイポグラフィ）","プロ（演出多め）"
"LP-03014","パーソナルジム・フィットネス｜LINE友だち追加LP（ダーク・シネマティック・イラスト主体）","プロ（演出多め）"
"LP-03015","コンサル・コーチング｜リード獲得（資料請求・問い合わせ）LP（エネルギッシュ・スポーティ・写真コラージュ）","プロ（演出多め）"
"LP-03016","クラウドファンディング・新商品｜商品購入（単品通販）LP（クール・テック・超大型タイポグラフィ）","プロ（演出多め）"
"LP-03017","歯科医院｜無料体験・カウンセリング予約LP（信頼・誠実（コーポレート）・スクロールで商品が回転/分解）","プロ（演出多め）"
"LP-03018","食品・産直EC｜商品購入（単品通販）LP（ポップ・カラフル・実績数字ドーン）","プロ（演出多め）"
"LP-03019","スクール・オンライン講座｜無料体験・カウンセリング予約LP（ポップ・カラフル・デバイスモックアップ浮遊）","プロ（演出多め）"
"LP-03020","ペット・トリミング・動物病院｜無料体験・カウンセリング予約LP（かわいい・ガーリー・超大型タイポグラフィ）","上級"
"LP-03021","占い・スピリチュアル｜LINE友だち追加LP（パステル・ドリーミー・実績数字ドーン）","プロ（演出多め）"
"LP-03022","ゲーム・eスポーツ｜リード獲得（資料請求・問い合わせ）LP（ダーク・シネマティック・背景動画ループ＋オーバーレイ）","プロ（演出多め）"
"LP-03023","スマホアプリ｜採用エントリーLP（クール・テック・実績数字ドーン）","上級"
"LP-03024","内科・クリニック｜リード獲得（資料請求・問い合わせ）LP（信頼・誠実（コーポレート）・写真コラージュ）","プロ（演出多め）"
"LP-03025","ホテル・旅館｜採用エントリーLP（ラグジュアリー・高級感・デバイスモックアップ浮遊）","プロ（演出多め）"
"LP-03026","ペット・トリミング・動物病院｜採用エントリーLP（ナチュラル・オーガニック・写真コラージュ）","プロ（演出多め）"
"LP-03027","保育園・幼児教育・習い事｜リード獲得（資料請求・問い合わせ）LP（ナチュラル・オーガニック・左テキスト×右商品/人物）","上級"
"LP-03028","レストラン・居酒屋｜採用エントリーLP（ダーク・シネマティック・背景動画ループ＋オーバーレイ）","プロ（演出多め）"
"LP-03029","YouTuber・インフルエンサー｜リード獲得（資料請求・問い合わせ）LP（ハンドメイド・手書き・背景動画ループ＋オーバーレイ）","プロ（演出多め）"
"LP-03030","スマホアプリ｜リード獲得（資料請求・問い合わせ）LP（グラスモーフィズム・イラスト主体）","プロ（演出多め）"
"LP-03031","引越し・生活サービス｜無料体験・カウンセリング予約LP（グラスモーフィズム・ジェネラティブ背景＋コピー）","プロ（演出多め）"
"LP-03032","エステ・脱毛サロン｜商品購入（単品通販）LP（ミニマル・洗練・デバイスモックアップ浮遊）","プロ（演出多め）"
"LP-03033","スクール・オンライン講座｜採用エントリーLP（ポップ・カラフル・背景動画ループ＋オーバーレイ）","プロ（演出多め）"
"LP-03034","士業（税理士・弁護士・行政書士）｜セミナー・ウェビナー集客LP（ナチュラル・オーガニック・背景動画ループ＋オーバーレイ）","プロ（演出多め）"
"LP-03035","歯科医院｜無料体験・カウンセリング予約LP（信頼・誠実（コーポレート）・超大型タイポグラフィ）","プロ（演出多め）"
"LP-03036","ペット・トリミング・動物病院｜無料体験・カウンセリング予約LP（ナチュラル・オーガニック・デバイスモックアップ浮遊）","プロ（演出多め）"
"LP-03037","YouTuber・インフルエンサー｜採用エントリーLP（ニューブルータリズム・超大型タイポグラフィ）","プロ（演出多め）"
"LP-03038","自動車・バイク｜リード獲得（資料請求・問い合わせ）LP（和モダン・スクロールで商品が回転/分解）","プロ（演出多め）"
"LP-03039","工務店・注文住宅・リフォーム｜LINE友だち追加LP（北欧・ライフスタイル・背景動画ループ＋オーバーレイ）","プロ（演出多め）"
"LP-03040","歯科医院｜リード獲得（資料請求・問い合わせ）LP（パステル・ドリーミー・スクロールで商品が回転/分解）","上級"
"LP-03041","和菓子・スイーツ｜クラウドファンディング支援LP（かわいい・ガーリー・写真コラージュ）","プロ（演出多め）"
"LP-03042","不動産・マンション｜リード獲得（資料請求・問い合わせ）LP（ダーク・シネマティック・実績数字ドーン）","プロ（演出多め）"
"LP-03043","スマホアプリ｜会員登録・アプリDLLP（グラスモーフィズム・イラスト主体）","上級"
"LP-03044","ウェディング・結婚相談所｜LINE友だち追加LP（ポップ・カラフル・全面写真＋中央キャッチ）","プロ（演出多め）"
"LP-03045","コスメ・スキンケア｜商品購入（単品通販）LP（グラスモーフィズム・左テキスト×右商品/人物）","プロ（演出多め）"
"LP-03046","採用・求人｜リード獲得（資料請求・問い合わせ）LP（ラグジュアリー・高級感・実績数字ドーン）","プロ（演出多め）"
"LP-03047","英会話・語学｜無料体験・カウンセリング予約LP（3D・クレイ・デバイスモックアップ浮遊）","上級"
"LP-03048","建築設計事務所｜採用エントリーLP（グラスモーフィズム・背景動画ループ＋オーバーレイ）","プロ（演出多め）"
"LP-03049","英会話・語学｜会員登録・アプリDLLP（信頼・誠実（コーポレート）・背景動画ループ＋オーバーレイ）","プロ（演出多め）"
"LP-03050","内科・クリニック｜無料体験・カウンセリング予約LP（信頼・誠実（コーポレート）・全面写真＋中央キャッチ）","プロ（演出多め）"
"LP-03051","ゲーム・eスポーツ｜クラウドファンディング支援LP（ネオン・サイバー・デバイスモックアップ浮遊）","プロ（演出多め）"
"LP-03052","和菓子・スイーツ｜リード獲得（資料請求・問い合わせ）LP（ポップ・カラフル・ジェネラティブ背景＋コピー）","プロ（演出多め）"
"LP-03053","コンサル・コーチング｜セミナー・ウェビナー集客LP（エディトリアル・雑誌風・全面写真＋中央キャッチ）","プロ（演出多め）"
"LP-03054","エステ・脱毛サロン｜無料体験・カウンセリング予約LP（ラグジュアリー・高級感・左テキスト×右商品/人物）","プロ（演出多め）"
"LP-03055","パーソナルジム・フィットネス｜LINE友だち追加LP（レトロ・Y2K・超大型タイポグラフィ）","プロ（演出多め）"
"LP-03056","ウェディング・結婚相談所｜リード獲得（資料請求・問い合わせ）LP（ハンドメイド・手書き・背景動画ループ＋オーバーレイ）","上級"
"LP-03057","和菓子・スイーツ｜LINE友だち追加LP（かわいい・ガーリー・イラスト主体）","プロ（演出多め）"
"LP-03058","SaaS・BtoBツール｜会員登録・アプリDLLP（クール・テック・実績数字ドーン）","上級"
"LP-03059","採用・求人｜採用エントリーLP（ポップ・カラフル・超大型タイポグラフィ）","プロ（演出多め）"
"LP-03060","工務店・注文住宅・リフォーム｜リード獲得（資料請求・問い合わせ）LP（ナチュラル・オーガニック・全面写真＋中央キャッチ）","上級"
"LP-03061","歯科医院｜無料体験・カウンセリング予約LP（ナチュラル・オーガニック・ジェネラティブ背景＋コピー）","プロ（演出多め）"
"LP-03062","保育園・幼児教育・習い事｜リード獲得（資料請求・問い合わせ）LP（ナチュラル・オーガニック・スクロールで商品が回転/分解）","プロ（演出多め）"
"LP-03063","観光・地域プロモーション｜リード獲得（資料請求・問い合わせ）LP（ナチュラル・オーガニック・実績数字ドーン）","上級"
"LP-03064","AIサービス・スタートアップ｜リード獲得（資料請求・問い合わせ）LP（ポップ・カラフル・左テキスト×右商品/人物）","プロ（演出多め）"
"LP-03065","アパレル・ファッションEC｜リード獲得（資料請求・問い合わせ）LP（ラグジュアリー・高級感・イラスト主体）","プロ（演出多め）"
"LP-03066","歯科医院｜採用エントリーLP（信頼・誠実（コーポレート）・イラスト主体）","プロ（演出多め）"
"LP-03067","和菓子・スイーツ｜商品購入（単品通販）LP（和モダン・実績数字ドーン）","プロ（演出多め）"
"LP-03068","NPO・地方自治体｜採用エントリーLP（ハンドメイド・手書き・超大型タイポグラフィ）","上級"
"LP-03069","占い・スピリチュアル｜無料体験・カウンセリング予約LP（レトロ・Y2K・ジェネラティブ背景＋コピー）","プロ（演出多め）"
"LP-03070","英会話・語学｜リード獲得（資料請求・問い合わせ）LP（3D・クレイ・背景動画ループ＋オーバーレイ）","プロ（演出多め）"
"LP-03071","クラウドファンディング・新商品｜商品購入（単品通販）LP（ダーク・シネマティック・デバイスモックアップ浮遊）","プロ（演出多め）"
"LP-03072","Web制作・デザイン事務所｜リード獲得（資料請求・問い合わせ）LP（エディトリアル・雑誌風・実績数字ドーン）","プロ（演出多め）"
"LP-03073","引越し・生活サービス｜LINE友だち追加LP（ミニマル・洗練・スクロールで商品が回転/分解）","プロ（演出多め）"
"LP-03074","コスメ・スキンケア｜採用エントリーLP（パステル・ドリーミー・実績数字ドーン）","プロ（演出多め）"
"LP-03075","ウェディング・結婚相談所｜リード獲得（資料請求・問い合わせ）LP（ラグジュアリー・高級感・写真コラージュ）","プロ（演出多め）"
"LP-03076","採用・求人｜リード獲得（資料請求・問い合わせ）LP（ポップ・カラフル・実績数字ドーン）","プロ（演出多め）"
"LP-03077","スマホアプリ｜会員登録・アプリDLLP（グラスモーフィズム・超大型タイポグラフィ）","プロ（演出多め）"
"LP-03078","ヨガ・ピラティス｜リード獲得（資料請求・問い合わせ）LP（ミニマル・洗練・ジェネラティブ背景＋コピー）","プロ（演出多め）"
"LP-03079","歯科医院｜リード獲得（資料請求・問い合わせ）LP（ナチュラル・オーガニック・超大型タイポグラフィ）","プロ（演出多め）"
"LP-03080","不動産・マンション｜採用エントリーLP（ダーク・シネマティック・左テキスト×右商品/人物）","プロ（演出多め）"
"LP-03081","工務店・注文住宅・リフォーム｜セミナー・ウェビナー集客LP（信頼・誠実（コーポレート）・写真コラージュ）","プロ（演出多め）"
"LP-03082","カフェ・ベーカリー｜採用エントリーLP（ナチュラル・オーガニック・左テキスト×右商品/人物）","プロ（演出多め）"
"LP-03083","歯科医院｜無料体験・カウンセリング予約LP（レトロ・Y2K・イラスト主体）","プロ（演出多め）"
"LP-03084","AIサービス・スタートアップ｜無料体験・カウンセリング予約LP（ミニマル・洗練・イラスト主体）","上級"
"LP-03085","コンサル・コーチング｜リード獲得（資料請求・問い合わせ）LP（ラグジュアリー・高級感・実績数字ドーン）","プロ（演出多め）"
"LP-03086","スマホアプリ｜商品購入（単品通販）LP（ポップ・カラフル・左テキスト×右商品/人物）","プロ（演出多め）"
"LP-03087","観光・地域プロモーション｜リード獲得（資料請求・問い合わせ）LP（ネオン・サイバー・実績数字ドーン）","プロ（演出多め）"
"LP-03088","占い・スピリチュアル｜採用エントリーLP（パステル・ドリーミー・デバイスモックアップ浮遊）","プロ（演出多め）"
"LP-03089","ホテル・旅館｜リード獲得（資料請求・問い合わせ）LP（ミニマル・洗練・スクロールで商品が回転/分解）","プロ（演出多め）"
"LP-03090","工務店・注文住宅・リフォーム｜セミナー・ウェビナー集客LP（信頼・誠実（コーポレート）・全面写真＋中央キャッチ）","上級"
"LP-03091","ウェディング・結婚相談所｜採用エントリーLP（ニューブルータリズム・全面写真＋中央キャッチ）","プロ（演出多め）"
"LP-03092","内科・クリニック｜無料体験・カウンセリング予約LP（信頼・誠実（コーポレート）・左テキスト×右商品/人物）","上級"
"LP-03093","士業（税理士・弁護士・行政書士）｜無料体験・カウンセリング予約LP（和モダン・デバイスモックアップ浮遊）","プロ（演出多め）"
"LP-03094","AIサービス・スタートアップ｜セミナー・ウェビナー集客LP（ミニマル・洗練・写真コラージュ）","プロ（演出多め）"
"LP-03095","スクール・オンライン講座｜無料体験・カウンセリング予約LP（3D・クレイ・実績数字ドーン）","プロ（演出多め）"
"LP-03096","SaaS・BtoBツール｜採用エントリーLP（信頼・誠実（コーポレート）・ジェネラティブ背景＋コピー）","プロ（演出多め）"
"LP-03097","音楽・ライブ・イベント｜採用エントリーLP（ナチュラル・オーガニック・イラスト主体）","プロ（演出多め）"
"LP-03098","金融・保険・投資｜会員登録・アプリDLLP（ミニマル・洗練・実績数字ドーン）","プロ（演出多め）"
"LP-03099","引越し・生活サービス｜リード獲得（資料請求・問い合わせ）LP（ポップ・カラフル・背景動画ループ＋オーバーレイ）","プロ（演出多め）"
"LP-03100","自動車・バイク｜採用エントリーLP（クール・テック・スクロールで商品が回転/分解）","プロ（演出多め）"
"LP-03101","ゲーム・eスポーツ｜リード獲得（資料請求・問い合わせ）LP（ネオン・サイバー・ジェネラティブ背景＋コピー）","プロ（演出多め）"
"LP-03102","パーソナルジム・フィットネス｜リード獲得（資料請求・問い合わせ）LP（ダーク・シネマティック・スクロールで商品が回転/分解）","プロ（演出多め）"
"LP-03103","アパレル・ファッションEC｜採用エントリーLP（エディトリアル・雑誌風・スクロールで商品が回転/分解）","プロ（演出多め）"
"LP-03104","農業・地方の生産者｜商品購入（単品通販）LP（ナチュラル・オーガニック・写真コラージュ）","プロ（演出多め）"
"LP-03105","コンサル・コーチング｜セミナー・ウェビナー集客LP（ミニマル・洗練・イラスト主体）","プロ（演出多め）"
"LP-03106","和菓子・スイーツ｜LINE友だち追加LP（和モダン・背景動画ループ＋オーバーレイ）","プロ（演出多め）"
"LP-03107","採用・求人｜採用エントリーLP（ジオメトリック・グラフィカル・超大型タイポグラフィ）","プロ（演出多め）"
"LP-03108","占い・スピリチュアル｜採用エントリーLP（ダーク・シネマティック・背景動画ループ＋オーバーレイ）","プロ（演出多め）"
"LP-03109","Web制作・デザイン事務所｜採用エントリーLP（エネルギッシュ・スポーティ・スクロールで商品が回転/分解）","上級"
"LP-03110","自動車・バイク｜採用エントリーLP（クール・テック・超大型タイポグラフィ）","上級"
"LP-03111","美容室・ヘアサロン｜採用エントリーLP（ラグジュアリー・高級感・背景動画ループ＋オーバーレイ）","プロ（演出多め）"
"LP-03112","占い・スピリチュアル｜リード獲得（資料請求・問い合わせ）LP（ラグジュアリー・高級感・イラスト主体）","プロ（演出多め）"
"LP-03113","サウナ・温浴施設｜無料体験・カウンセリング予約LP（ニューブルータリズム・全面写真＋中央キャッチ）","プロ（演出多め）"
"LP-03114","エステ・脱毛サロン｜リード獲得（資料請求・問い合わせ）LP（ミニマル・洗練・写真コラージュ）","プロ（演出多め）"
"LP-03115","保育園・幼児教育・習い事｜リード獲得（資料請求・問い合わせ）LP（ポップ・カラフル・写真コラージュ）","プロ（演出多め）"
"LP-03116","カフェ・ベーカリー｜リード獲得（資料請求・問い合わせ）LP（エネルギッシュ・スポーティ・全面写真＋中央キャッチ）","プロ（演出多め）"
"LP-03117","レストラン・居酒屋｜LINE友だち追加LP（和モダン・ジェネラティブ背景＋コピー）","プロ（演出多め）"
"LP-03118","観光・地域プロモーション｜リード獲得（資料請求・問い合わせ）LP（ニューブルータリズム・実績数字ドーン）","プロ（演出多め）"
"LP-03119","カフェ・ベーカリー｜採用エントリーLP（ナチュラル・オーガニック・デバイスモックアップ浮遊）","プロ（演出多め）"
"LP-03120","和菓子・スイーツ｜LINE友だち追加LP（かわいい・ガーリー・イラスト主体）","プロ（演出多め）"
"LP-03121","カフェ・ベーカリー｜リード獲得（資料請求・問い合わせ）LP（3D・クレイ・写真コラージュ）","プロ（演出多め）"
"LP-03122","YouTuber・インフルエンサー｜採用エントリーLP（かわいい・ガーリー・超大型タイポグラフィ）","プロ（演出多め）"
"LP-03123","サウナ・温浴施設｜LINE友だち追加LP（和モダン・背景動画ループ＋オーバーレイ）","プロ（演出多め）"
"LP-03124","美容室・ヘアサロン｜採用エントリーLP（ミニマル・洗練・全面写真＋中央キャッチ）","プロ（演出多め）"
"LP-03125","工務店・注文住宅・リフォーム｜LINE友だち追加LP（エディトリアル・雑誌風・背景動画ループ＋オーバーレイ）","上級"
"LP-03126","スマホアプリ｜会員登録・アプリDLLP（3D・クレイ・ジェネラティブ背景＋コピー）","プロ（演出多め）"
"LP-03127","SaaS・BtoBツール｜リード獲得（資料請求・問い合わせ）LP（ミニマル・洗練・左テキスト×右商品/人物）","プロ（演出多め）"
"LP-03128","不動産・マンション｜採用エントリーLP（ラグジュアリー・高級感・左テキスト×右商品/人物）","プロ（演出多め）"
"LP-03129","コスメ・スキンケア｜商品購入（単品通販）LP（ハンドメイド・手書き・背景動画ループ＋オーバーレイ）","プロ（演出多め）"
"LP-03130","美容クリニック｜リード獲得（資料請求・問い合わせ）LP（ミニマル・洗練・左テキスト×右商品/人物）","プロ（演出多め）"
"LP-03131","歯科医院｜LINE友だち追加LP（信頼・誠実（コーポレート）・超大型タイポグラフィ）","プロ（演出多め）"
"LP-03132","SaaS・BtoBツール｜無料体験・カウンセリング予約LP（グラスモーフィズム・実績数字ドーン）","プロ（演出多め）"
"LP-03133","YouTuber・インフルエンサー｜採用エントリーLP（かわいい・ガーリー・イラスト主体）","プロ（演出多め）"
"LP-03134","音楽・ライブ・イベント｜クラウドファンディング支援LP（レトロ・Y2K・デバイスモックアップ浮遊）","プロ（演出多め）"
"LP-03135","採用・求人｜リード獲得（資料請求・問い合わせ）LP（エディトリアル・雑誌風・左テキスト×右商品/人物）","プロ（演出多め）"
"LP-03136","スクール・オンライン講座｜セミナー・ウェビナー集客LP（3D・クレイ・写真コラージュ）","プロ（演出多め）"
"LP-03137","NPO・地方自治体｜採用エントリーLP（ナチュラル・オーガニック・デバイスモックアップ浮遊）","プロ（演出多め）"
"LP-03138","採用・求人｜採用エントリーLP（エディトリアル・雑誌風・左テキスト×右商品/人物）","プロ（演出多め）"
"LP-03139","Web制作・デザイン事務所｜セミナー・ウェビナー集客LP（ダーク・シネマティック・ジェネラティブ背景＋コピー）","プロ（演出多め）"
"LP-03140","ペット・トリミング・動物病院｜採用エントリーLP（ハンドメイド・手書き・全面写真＋中央キャッチ）","プロ（演出多め）"
"LP-03141","農業・地方の生産者｜リード獲得（資料請求・問い合わせ）LP（ハンドメイド・手書き・写真コラージュ）","プロ（演出多め）"
"LP-03142","自動車・バイク｜無料体験・カウンセリング予約LP（エネルギッシュ・スポーティ・背景動画ループ＋オーバーレイ）","プロ（演出多め）"
"LP-03143","建築設計事務所｜リード獲得（資料請求・問い合わせ）LP（エネルギッシュ・スポーティ・スクロールで商品が回転/分解）","プロ（演出多め）"
"LP-03144","エステ・脱毛サロン｜商品購入（単品通販）LP（かわいい・ガーリー・超大型タイポグラフィ）","プロ（演出多め）"
"LP-03145","コスメ・スキンケア｜商品購入（単品通販）LP（ナチュラル・オーガニック・スクロールで商品が回転/分解）","プロ（演出多め）"
"LP-03146","ウェディング・結婚相談所｜LINE友だち追加LP（ラグジュアリー・高級感・デバイスモックアップ浮遊）","プロ（演出多め）"
"LP-03147","観光・地域プロモーション｜採用エントリーLP（ダーク・シネマティック・左テキスト×右商品/人物）","プロ（演出多め）"
"LP-03148","ペット・トリミング・動物病院｜採用エントリーLP（ハンドメイド・手書き・実績数字ドーン）","プロ（演出多め）"
"LP-03149","歯科医院｜採用エントリーLP（ミニマル・洗練・左テキスト×右商品/人物）","プロ（演出多め）"
"LP-03150","ゲーム・eスポーツ｜採用エントリーLP（レトロ・Y2K・スクロールで商品が回転/分解）","プロ（演出多め）"
"LP-03151","ゲーム・eスポーツ｜リード獲得（資料請求・問い合わせ）LP（エネルギッシュ・スポーティ・実績数字ドーン）","プロ（演出多め）"
"LP-03152","アパレル・ファッションEC｜リード獲得（資料請求・問い合わせ）LP（ミニマル・洗練・全面写真＋中央キャッチ）","プロ（演出多め）"
"LP-03153","農業・地方の生産者｜リード獲得（資料請求・問い合わせ）LP（和モダン・ジェネラティブ背景＋コピー）","プロ（演出多め）"
"LP-03154","NPO・地方自治体｜リード獲得（資料請求・問い合わせ）LP（ジオメトリック・グラフィカル・超大型タイポグラフィ）","プロ（演出多め）"
"LP-03155","AIサービス・スタートアップ｜無料体験・カウンセリング予約LP（ミニマル・洗練・ジェネラティブ背景＋コピー）","プロ（演出多め）"
"LP-03156","Web制作・デザイン事務所｜リード獲得（資料請求・問い合わせ）LP（ダーク・シネマティック・左テキスト×右商品/人物）","プロ（演出多め）"
"LP-03157","プログラミングスクール｜会員登録・アプリDLLP（ネオン・サイバー・背景動画ループ＋オーバーレイ）","プロ（演出多め）"
"LP-03158","自動車・バイク｜リード獲得（資料請求・問い合わせ）LP（エネルギッシュ・スポーティ・実績数字ドーン）","プロ（演出多め）"
"LP-03159","YouTuber・インフルエンサー｜会員登録・アプリDLLP（北欧・ライフスタイル・全面写真＋中央キャッチ）","プロ（演出多め）"
"LP-03160","レストラン・居酒屋｜採用エントリーLP（エネルギッシュ・スポーティ・スクロールで商品が回転/分解）","プロ（演出多め）"
"LP-03161","パーソナルジム・フィットネス｜リード獲得（資料請求・問い合わせ）LP（クール・テック・ジェネラティブ背景＋コピー）","プロ（演出多め）"
"LP-03162","AIサービス・スタートアップ｜リード獲得（資料請求・問い合わせ）LP（かわいい・ガーリー・イラスト主体）","上級"
"LP-03163","スクール・オンライン講座｜セミナー・ウェビナー集客LP（クール・テック・スクロールで商品が回転/分解）","プロ（演出多め）"
"LP-03164","内科・クリニック｜リード獲得（資料請求・問い合わせ）LP（信頼・誠実（コーポレート）・背景動画ループ＋オーバーレイ）","上級"
"LP-03165","ウェディング・結婚相談所｜採用エントリーLP（ネオン・サイバー・左テキスト×右商品/人物）","プロ（演出多め）"
"LP-03166","内科・クリニック｜LINE友だち追加LP（ナチュラル・オーガニック・スクロールで商品が回転/分解）","プロ（演出多め）"
"LP-03167","保育園・幼児教育・習い事｜リード獲得（資料請求・問い合わせ）LP（ハンドメイド・手書き・左テキスト×右商品/人物）","プロ（演出多め）"
"LP-03168","ゲーム・eスポーツ｜会員登録・アプリDLLP（ネオン・サイバー・全面写真＋中央キャッチ）","上級"
"LP-03169","コスメ・スキンケア｜採用エントリーLP（ナチュラル・オーガニック・デバイスモックアップ浮遊）","プロ（演出多め）"
"LP-03170","Web制作・デザイン事務所｜セミナー・ウェビナー集客LP（エディトリアル・雑誌風・デバイスモックアップ浮遊）","プロ（演出多め）"
"LP-03171","スマホアプリ｜リード獲得（資料請求・問い合わせ）LP（信頼・誠実（コーポレート）・全面写真＋中央キャッチ）","上級"
"LP-03172","カフェ・ベーカリー｜LINE友だち追加LP（北欧・ライフスタイル・全面写真＋中央キャッチ）","プロ（演出多め）"
"LP-03173","ペット・トリミング・動物病院｜無料体験・カウンセリング予約LP（3D・クレイ・スクロールで商品が回転/分解）","プロ（演出多め）"
"LP-03174","エステ・脱毛サロン｜商品購入（単品通販）LP（ミニマル・洗練・スクロールで商品が回転/分解）","上級"
"LP-03175","エステ・脱毛サロン｜採用エントリーLP（ミニマル・洗練・デバイスモックアップ浮遊）","プロ（演出多め）"
"LP-03176","アパレル・ファッションEC｜商品購入（単品通販）LP（ニューブルータリズム・背景動画ループ＋オーバーレイ）","プロ（演出多め）"
"LP-03177","食品・産直EC｜採用エントリーLP（ポップ・カラフル・デバイスモックアップ浮遊）","プロ（演出多め）"
"LP-03178","スクール・オンライン講座｜会員登録・アプリDLLP（3D・クレイ・背景動画ループ＋オーバーレイ）","プロ（演出多め）"
"LP-03179","ゲーム・eスポーツ｜採用エントリーLP（ネオン・サイバー・デバイスモックアップ浮遊）","プロ（演出多め）"
"LP-03180","ペット・トリミング・動物病院｜LINE友だち追加LP（ハンドメイド・手書き・イラスト主体）","プロ（演出多め）"
"LP-03181","レストラン・居酒屋｜LINE友だち追加LP（ラグジュアリー・高級感・背景動画ループ＋オーバーレイ）","プロ（演出多め）"
"LP-03182","不動産・マンション｜採用エントリーLP（ナチュラル・オーガニック・左テキスト×右商品/人物）","プロ（演出多め）"
"LP-03183","スマホアプリ｜無料体験・カウンセリング予約LP（クール・テック・実績数字ドーン）","プロ（演出多め）"
"LP-03184","AIサービス・スタートアップ｜セミナー・ウェビナー集客LP（ネオン・サイバー・左テキスト×右商品/人物）","プロ（演出多め）"
"LP-03185","コンサル・コーチング｜セミナー・ウェビナー集客LP（信頼・誠実（コーポレート）・スクロールで商品が回転/分解）","上級"
"LP-03186","引越し・生活サービス｜リード獲得（資料請求・問い合わせ）LP（信頼・誠実（コーポレート）・ジェネラティブ背景＋コピー）","上級"
"LP-03187","金融・保険・投資｜リード獲得（資料請求・問い合わせ）LP（ミニマル・洗練・背景動画ループ＋オーバーレイ）","プロ（演出多め）"
"LP-03188","ウェディング・結婚相談所｜無料体験・カウンセリング予約LP（ラグジュアリー・高級感・スクロールで商品が回転/分解）","プロ（演出多め）"
"LP-03189","ウェディング・結婚相談所｜リード獲得（資料請求・問い合わせ）LP（パステル・ドリーミー・デバイスモックアップ浮遊）","プロ（演出多め）"
"LP-03190","エステ・脱毛サロン｜リード獲得（資料請求・問い合わせ）LP（ミニマル・洗練・ジェネラティブ背景＋コピー）","プロ（演出多め）"
"LP-03191","農業・地方の生産者｜採用エントリーLP（ハンドメイド・手書き・全面写真＋中央キャッチ）","上級"
"LP-03192","コスメ・スキンケア｜商品購入（単品通販）LP（ラグジュアリー・高級感・左テキスト×右商品/人物）","プロ（演出多め）"
"LP-03193","ホテル・旅館｜リード獲得（資料請求・問い合わせ）LP（ミニマル・洗練・超大型タイポグラフィ）","プロ（演出多め）"
"LP-03194","ペット・トリミング・動物病院｜採用エントリーLP（かわいい・ガーリー・左テキスト×右商品/人物）","プロ（演出多め）"
"LP-03195","工務店・注文住宅・リフォーム｜LINE友だち追加LP（ポップ・カラフル・全面写真＋中央キャッチ）","プロ（演出多め）"
"LP-03196","YouTuber・インフルエンサー｜リード獲得（資料請求・問い合わせ）LP（ニューブルータリズム・背景動画ループ＋オーバーレイ）","プロ（演出多め）"
"LP-03197","金融・保険・投資｜セミナー・ウェビナー集客LP（クール・テック・デバイスモックアップ浮遊）","プロ（演出多め）"
"LP-03198","引越し・生活サービス｜リード獲得（資料請求・問い合わせ）LP（和モダン・左テキスト×右商品/人物）","プロ（演出多め）"
"LP-03199","スマホアプリ｜採用エントリーLP（クール・テック・超大型タイポグラフィ）","プロ（演出多め）"
"LP-03200","採用・求人｜リード獲得（資料請求・問い合わせ）LP（ポップ・カラフル・ジェネラティブ背景＋コピー）","プロ（演出多め）"
"LP-03201","コスメ・スキンケア｜リード獲得（資料請求・問い合わせ）LP（ラグジュアリー・高級感・イラスト主体）","プロ（演出多め）"
"LP-03202","内科・クリニック｜無料体験・カウンセリング予約LP（ナチュラル・オーガニック・イラスト主体）","プロ（演出多め）"
"LP-03203","美容クリニック｜採用エントリーLP（ラグジュアリー・高級感・背景動画ループ＋オーバーレイ）","プロ（演出多め）"
"LP-03204","AIサービス・スタートアップ｜リード獲得（資料請求・問い合わせ）LP（北欧・ライフスタイル・背景動画ループ＋オーバーレイ）","プロ（演出多め）"
"LP-03205","パーソナルジム・フィットネス｜採用エントリーLP（ダーク・シネマティック・イラスト主体）","プロ（演出多め）"
"LP-03206","工務店・注文住宅・リフォーム｜リード獲得（資料請求・問い合わせ）LP（ナチュラル・オーガニック・超大型タイポグラフィ）","プロ（演出多め）"
"LP-03207","自動車・バイク｜無料体験・カウンセリング予約LP（ダーク・シネマティック・イラスト主体）","プロ（演出多め）"
"LP-03208","SaaS・BtoBツール｜会員登録・アプリDLLP（クール・テック・背景動画ループ＋オーバーレイ）","プロ（演出多め）"
"LP-03209","ゲーム・eスポーツ｜採用エントリーLP（ダーク・シネマティック・ジェネラティブ背景＋コピー）","プロ（演出多め）"
"LP-03210","占い・スピリチュアル｜リード獲得（資料請求・問い合わせ）LP（和モダン・デバイスモックアップ浮遊）","プロ（演出多め）"
"LP-03211","コスメ・スキンケア｜リード獲得（資料請求・問い合わせ）LP（ラグジュアリー・高級感・左テキスト×右商品/人物）","プロ（演出多め）"
"LP-03212","ペット・トリミング・動物病院｜無料体験・カウンセリング予約LP（かわいい・ガーリー・スクロールで商品が回転/分解）","プロ（演出多め）"
"LP-03213","占い・スピリチュアル｜無料体験・カウンセリング予約LP（パステル・ドリーミー・全面写真＋中央キャッチ）","プロ（演出多め）"
"LP-03214","自動車・バイク｜採用エントリーLP（ジオメトリック・グラフィカル・超大型タイポグラフィ）","プロ（演出多め）"
"LP-03215","引越し・生活サービス｜リード獲得（資料請求・問い合わせ）LP（3D・クレイ・スクロールで商品が回転/分解）","プロ（演出多め）"
"LP-03216","歯科医院｜リード獲得（資料請求・問い合わせ）LP（ナチュラル・オーガニック・左テキスト×右商品/人物）","上級"
"LP-03217","コスメ・スキンケア｜リード獲得（資料請求・問い合わせ）LP（ミニマル・洗練・スクロールで商品が回転/分解）","プロ（演出多め）"
"LP-03218","採用・求人｜リード獲得（資料請求・問い合わせ）LP（ポップ・カラフル・デバイスモックアップ浮遊）","プロ（演出多め）"
"LP-03219","コスメ・スキンケア｜リード獲得（資料請求・問い合わせ）LP（ミニマル・洗練・超大型タイポグラフィ）","プロ（演出多め）"
"LP-03220","クラウドファンディング・新商品｜採用エントリーLP（クール・テック・実績数字ドーン）","プロ（演出多め）"
"LP-03221","YouTuber・インフルエンサー｜採用エントリーLP（ポップ・カラフル・写真コラージュ）","プロ（演出多め）"
"LP-03222","プログラミングスクール｜無料体験・カウンセリング予約LP（クール・テック・スクロールで商品が回転/分解）","上級"
"LP-03223","英会話・語学｜リード獲得（資料請求・問い合わせ）LP（3D・クレイ・全面写真＋中央キャッチ）","プロ（演出多め）"
"LP-03224","ヨガ・ピラティス｜採用エントリーLP（ミニマル・洗練・実績数字ドーン）","プロ（演出多め）"
"LP-03225","美容室・ヘアサロン｜無料体験・カウンセリング予約LP（ナチュラル・オーガニック・ジェネラティブ背景＋コピー）","プロ（演出多め）"
"LP-03226","カフェ・ベーカリー｜LINE友だち追加LP（レトロ・Y2K・左テキスト×右商品/人物）","プロ（演出多め）"
"LP-03227","士業（税理士・弁護士・行政書士）｜リード獲得（資料請求・問い合わせ）LP（ミニマル・洗練・デバイスモックアップ浮遊）","プロ（演出多め）"
"LP-03228","コンサル・コーチング｜無料体験・カウンセリング予約LP（エネルギッシュ・スポーティ・写真コラージュ）","プロ（演出多め）"
"LP-03229","ホテル・旅館｜リード獲得（資料請求・問い合わせ）LP（ラグジュアリー・高級感・実績数字ドーン）","プロ（演出多め）"
"LP-03230","カフェ・ベーカリー｜採用エントリーLP（レトロ・Y2K・背景動画ループ＋オーバーレイ）","プロ（演出多め）"
"LP-03231","スマホアプリ｜商品購入（単品通販）LP（グラスモーフィズム・実績数字ドーン）","プロ（演出多め）"
"LP-03232","食品・産直EC｜採用エントリーLP（ナチュラル・オーガニック・全面写真＋中央キャッチ）","プロ（演出多め）"
"LP-03233","ホテル・旅館｜リード獲得（資料請求・問い合わせ）LP（ラグジュアリー・高級感・写真コラージュ）","プロ（演出多め）"
"LP-03234","ヨガ・ピラティス｜LINE友だち追加LP（パステル・ドリーミー・デバイスモックアップ浮遊）","上級"
"LP-03235","ゲーム・eスポーツ｜クラウドファンディング支援LP（エネルギッシュ・スポーティ・超大型タイポグラフィ）","プロ（演出多め）"
"LP-03236","士業（税理士・弁護士・行政書士）｜セミナー・ウェビナー集客LP（和モダン・全面写真＋中央キャッチ）","プロ（演出多め）"
"LP-03237","スクール・オンライン講座｜無料体験・カウンセリング予約LP（3D・クレイ・超大型タイポグラフィ）","プロ（演出多め）"
"LP-03238","士業（税理士・弁護士・行政書士）｜リード獲得（資料請求・問い合わせ）LP（信頼・誠実（コーポレート）・実績数字ドーン）","プロ（演出多め）"
"LP-03239","ペット・トリミング・動物病院｜採用エントリーLP（ラグジュアリー・高級感・背景動画ループ＋オーバーレイ）","プロ（演出多め）"
"LP-03240","ヨガ・ピラティス｜LINE友だち追加LP（ミニマル・洗練・超大型タイポグラフィ）","上級"
"LP-03241","和菓子・スイーツ｜クラウドファンディング支援LP（パステル・ドリーミー・左テキスト×右商品/人物）","プロ（演出多め）"
"LP-03242","不動産・マンション｜採用エントリーLP（ダーク・シネマティック・スクロールで商品が回転/分解）","プロ（演出多め）"
"LP-03243","ゲーム・eスポーツ｜会員登録・アプリDLLP（ダーク・シネマティック・超大型タイポグラフィ）","プロ（演出多め）"
"LP-03244","観光・地域プロモーション｜採用エントリーLP（ダーク・シネマティック・イラスト主体）","プロ（演出多め）"
"LP-03245","サウナ・温浴施設｜リード獲得（資料請求・問い合わせ）LP（ナチュラル・オーガニック・実績数字ドーン）","プロ（演出多め）"
"LP-03246","金融・保険・投資｜セミナー・ウェビナー集客LP（信頼・誠実（コーポレート）・デバイスモックアップ浮遊）","プロ（演出多め）"
"LP-03247","コスメ・スキンケア｜採用エントリーLP（ミニマル・洗練・デバイスモックアップ浮遊）","プロ（演出多め）"
"LP-03248","YouTuber・インフルエンサー｜採用エントリーLP（かわいい・ガーリー・ジェネラティブ背景＋コピー）","プロ（演出多め）"
"LP-03249","歯科医院｜採用エントリーLP（ポップ・カラフル・イラスト主体）","プロ（演出多め）"
"LP-03250","食品・産直EC｜採用エントリーLP（ナチュラル・オーガニック・スクロールで商品が回転/分解）","プロ（演出多め）"
"LP-03251","食品・産直EC｜クラウドファンディング支援LP（信頼・誠実（コーポレート）・写真コラージュ）","プロ（演出多め）"
"LP-03252","Web制作・デザイン事務所｜採用エントリーLP（エディトリアル・雑誌風・デバイスモックアップ浮遊）","プロ（演出多め）"
"LP-03253","ペット・トリミング・動物病院｜商品購入（単品通販）LP（北欧・ライフスタイル・背景動画ループ＋オーバーレイ）","プロ（演出多め）"
"LP-03254","農業・地方の生産者｜採用エントリーLP（ラグジュアリー・高級感・全面写真＋中央キャッチ）","プロ（演出多め）"
"LP-03255","金融・保険・投資｜セミナー・ウェビナー集客LP（かわいい・ガーリー・背景動画ループ＋オーバーレイ）","プロ（演出多め）"
"LP-03256","パーソナルジム・フィットネス｜LINE友だち追加LP（パステル・ドリーミー・実績数字ドーン）","プロ（演出多め）"
"LP-03257","食品・産直EC｜リード獲得（資料請求・問い合わせ）LP（ポップ・カラフル・実績数字ドーン）","プロ（演出多め）"
"LP-03258","農業・地方の生産者｜商品購入（単品通販）LP（ハンドメイド・手書き・スクロールで商品が回転/分解）","プロ（演出多め）"
"LP-03259","音楽・ライブ・イベント｜リード獲得（資料請求・問い合わせ）LP（ニューブルータリズム・左テキスト×右商品/人物）","プロ（演出多め）"
"LP-03260","AIサービス・スタートアップ｜セミナー・ウェビナー集客LP（クール・テック・ジェネラティブ背景＋コピー）","プロ（演出多め）"
"LP-03261","コンサル・コーチング｜無料体験・カウンセリング予約LP（ラグジュアリー・高級感・実績数字ドーン）","プロ（演出多め）"
"LP-03262","美容室・ヘアサロン｜採用エントリーLP（ニューブルータリズム・イラスト主体）","プロ（演出多め）"
"LP-03263","歯科医院｜リード獲得（資料請求・問い合わせ）LP（ミニマル・洗練・デバイスモックアップ浮遊）","プロ（演出多め）"
"LP-03264","Web制作・デザイン事務所｜採用エントリーLP（エディトリアル・雑誌風・実績数字ドーン）","プロ（演出多め）"
"LP-03265","YouTuber・インフルエンサー｜リード獲得（資料請求・問い合わせ）LP（ニューブルータリズム・イラスト主体）","プロ（演出多め）"
"LP-03266","コンサル・コーチング｜リード獲得（資料請求・問い合わせ）LP（エディトリアル・雑誌風・実績数字ドーン）","プロ（演出多め）"
"LP-03267","不動産・マンション｜無料体験・カウンセリング予約LP（ミニマル・洗練・超大型タイポグラフィ）","プロ（演出多め）"
"LP-03268","ホテル・旅館｜採用エントリーLP（ミニマル・洗練・実績数字ドーン）","プロ（演出多め）"
"LP-03269","ゲーム・eスポーツ｜リード獲得（資料請求・問い合わせ）LP（ダーク・シネマティック・超大型タイポグラフィ）","プロ（演出多め）"
"LP-03270","エステ・脱毛サロン｜リード獲得（資料請求・問い合わせ）LP（北欧・ライフスタイル・超大型タイポグラフィ）","プロ（演出多め）"
"LP-03271","不動産・マンション｜リード獲得（資料請求・問い合わせ）LP（ミニマル・洗練・イラスト主体）","上級"
"LP-03272","NPO・地方自治体｜採用エントリーLP（ハンドメイド・手書き・超大型タイポグラフィ）","プロ（演出多め）"
"LP-03273","金融・保険・投資｜会員登録・アプリDLLP（信頼・誠実（コーポレート）・スクロールで商品が回転/分解）","プロ（演出多め）"
"LP-03274","不動産・マンション｜リード獲得（資料請求・問い合わせ）LP（ミニマル・洗練・超大型タイポグラフィ）","プロ（演出多め）"
"LP-03275","コスメ・スキンケア｜商品購入（単品通販）LP（ミニマル・洗練・デバイスモックアップ浮遊）","プロ（演出多め）"
"LP-03276","クラウドファンディング・新商品｜採用エントリーLP（ナチュラル・オーガニック・背景動画ループ＋オーバーレイ）","上級"
"LP-03277","農業・地方の生産者｜クラウドファンディング支援LP（和モダン・背景動画ループ＋オーバーレイ）","プロ（演出多め）"
"LP-03278","建築設計事務所｜採用エントリーLP（ミニマル・洗練・実績数字ドーン）","プロ（演出多め）"
"LP-03279","カフェ・ベーカリー｜採用エントリーLP（ナチュラル・オーガニック・超大型タイポグラフィ）","プロ（演出多め）"
"LP-03280","ウェディング・結婚相談所｜LINE友だち追加LP（ラグジュアリー・高級感・写真コラージュ）","上級"
"LP-03281","SaaS・BtoBツール｜会員登録・アプリDLLP（ミニマル・洗練・左テキスト×右商品/人物）","プロ（演出多め）"
"LP-03282","ヨガ・ピラティス｜リード獲得（資料請求・問い合わせ）LP（ナチュラル・オーガニック・左テキスト×右商品/人物）","プロ（演出多め）"
"LP-03283","観光・地域プロモーション｜リード獲得（資料請求・問い合わせ）LP（ダーク・シネマティック・デバイスモックアップ浮遊）","プロ（演出多め）"
"LP-03284","農業・地方の生産者｜採用エントリーLP（ナチュラル・オーガニック・左テキスト×右商品/人物）","プロ（演出多め）"
"LP-03285","スマホアプリ｜無料体験・カウンセリング予約LP（グラスモーフィズム・ジェネラティブ背景＋コピー）","プロ（演出多め）"
"LP-03286","不動産・マンション｜リード獲得（資料請求・問い合わせ）LP（信頼・誠実（コーポレート）・写真コラージュ）","プロ（演出多め）"
"LP-03287","スマホアプリ｜無料体験・カウンセリング予約LP（ポップ・カラフル・写真コラージュ）","プロ（演出多め）"
"LP-03288","コンサル・コーチング｜セミナー・ウェビナー集客LP（ミニマル・洗練・全面写真＋中央キャッチ）","プロ（演出多め）"
"LP-03289","ウェディング・結婚相談所｜採用エントリーLP（ラグジュアリー・高級感・ジェネラティブ背景＋コピー）","プロ（演出多め）"
"LP-03290","採用・求人｜リード獲得（資料請求・問い合わせ）LP（ポップ・カラフル・デバイスモックアップ浮遊）","プロ（演出多め）"
"LP-03291","Web制作・デザイン事務所｜リード獲得（資料請求・問い合わせ）LP（ハンドメイド・手書き・スクロールで商品が回転/分解）","プロ（演出多め）"
"LP-03292","ホテル・旅館｜LINE友だち追加LP（ラグジュアリー・高級感・スクロールで商品が回転/分解）","プロ（演出多め）"
"LP-03293","NPO・地方自治体｜クラウドファンディング支援LP（ナチュラル・オーガニック・左テキスト×右商品/人物）","上級"
"LP-03294","美容クリニック｜リード獲得（資料請求・問い合わせ）LP（信頼・誠実（コーポレート）・実績数字ドーン）","プロ（演出多め）"
"LP-03295","アパレル・ファッションEC｜採用エントリーLP（ネオン・サイバー・写真コラージュ）","プロ（演出多め）"
"LP-03296","レストラン・居酒屋｜リード獲得（資料請求・問い合わせ）LP（和モダン・写真コラージュ）","プロ（演出多め）"
"LP-03297","スマホアプリ｜無料体験・カウンセリング予約LP（グラスモーフィズム・全面写真＋中央キャッチ）","プロ（演出多め）"
"LP-03298","ゲーム・eスポーツ｜クラウドファンディング支援LP（ダーク・シネマティック・全面写真＋中央キャッチ）","プロ（演出多め）"
"LP-03299","スクール・オンライン講座｜無料体験・カウンセリング予約LP（クール・テック・ジェネラティブ背景＋コピー）","プロ（演出多め）"
"LP-03300","自動車・バイク｜採用エントリーLP（ダーク・シネマティック・実績数字ドーン）","プロ（演出多め）"
"LP-03301","ペット・トリミング・動物病院｜LINE友だち追加LP（和モダン・ジェネラティブ背景＋コピー）","プロ（演出多め）"
"LP-03302","スクール・オンライン講座｜採用エントリーLP（信頼・誠実（コーポレート）・イラスト主体）","プロ（演出多め）"
"LP-03303","食品・産直EC｜商品購入（単品通販）LP（ミニマル・洗練・実績数字ドーン）","上級"
"LP-03304","AIサービス・スタートアップ｜リード獲得（資料請求・問い合わせ）LP（グラスモーフィズム・写真コラージュ）","プロ（演出多め）"
"LP-03305","エステ・脱毛サロン｜リード獲得（資料請求・問い合わせ）LP（パステル・ドリーミー・ジェネラティブ背景＋コピー）","プロ（演出多め）"
"LP-03306","和菓子・スイーツ｜商品購入（単品通販）LP（かわいい・ガーリー・実績数字ドーン）","プロ（演出多め）"
"LP-03307","建築設計事務所｜採用エントリーLP（ジオメトリック・グラフィカル・背景動画ループ＋オーバーレイ）","プロ（演出多め）"
"LP-03308","エステ・脱毛サロン｜商品購入（単品通販）LP（ダーク・シネマティック・背景動画ループ＋オーバーレイ）","上級"
"LP-03309","SaaS・BtoBツール｜採用エントリーLP（ハンドメイド・手書き・写真コラージュ）","上級"
"LP-03310","コンサル・コーチング｜セミナー・ウェビナー集客LP（ラグジュアリー・高級感・スクロールで商品が回転/分解）","プロ（演出多め）"
"LP-03311","SaaS・BtoBツール｜採用エントリーLP（3D・クレイ・スクロールで商品が回転/分解）","プロ（演出多め）"
"LP-03312","音楽・ライブ・イベント｜採用エントリーLP（ダーク・シネマティック・デバイスモックアップ浮遊）","プロ（演出多め）"
"LP-03313","AIサービス・スタートアップ｜セミナー・ウェビナー集客LP（クール・テック・写真コラージュ）","プロ（演出多め）"
"LP-03314","引越し・生活サービス｜リード獲得（資料請求・問い合わせ）LP（信頼・誠実（コーポレート）・実績数字ドーン）","上級"
"LP-03315","スマホアプリ｜リード獲得（資料請求・問い合わせ）LP（グラスモーフィズム・ジェネラティブ背景＋コピー）","プロ（演出多め）"
"LP-03316","スマホアプリ｜無料体験・カウンセリング予約LP（ラグジュアリー・高級感・ジェネラティブ背景＋コピー）","プロ（演出多め）"
"LP-03317","建築設計事務所｜リード獲得（資料請求・問い合わせ）LP（ジオメトリック・グラフィカル・背景動画ループ＋オーバーレイ）","プロ（演出多め）"
"LP-03318","引越し・生活サービス｜無料体験・カウンセリング予約LP（ダーク・シネマティック・超大型タイポグラフィ）","プロ（演出多め）"
"LP-03319","AIサービス・スタートアップ｜採用エントリーLP（ミニマル・洗練・ジェネラティブ背景＋コピー）","上級"
"LP-03320","英会話・語学｜無料体験・カウンセリング予約LP（信頼・誠実（コーポレート）・背景動画ループ＋オーバーレイ）","プロ（演出多め）"
"LP-03321","アパレル・ファッションEC｜採用エントリーLP（レトロ・Y2K・超大型タイポグラフィ）","プロ（演出多め）"
"LP-03322","パーソナルジム・フィットネス｜リード獲得（資料請求・問い合わせ）LP（ダーク・シネマティック・写真コラージュ）","プロ（演出多め）"
"LP-03323","スマホアプリ｜採用エントリーLP（グラスモーフィズム・写真コラージュ）","プロ（演出多め）"
"LP-03324","ゲーム・eスポーツ｜会員登録・アプリDLLP（レトロ・Y2K・背景動画ループ＋オーバーレイ）","プロ（演出多め）"
"LP-03325","保育園・幼児教育・習い事｜LINE友だち追加LP（ナチュラル・オーガニック・実績数字ドーン）","プロ（演出多め）"
"LP-03326","エステ・脱毛サロン｜リード獲得（資料請求・問い合わせ）LP（ジオメトリック・グラフィカル・イラスト主体）","プロ（演出多め）"
"LP-03327","スクール・オンライン講座｜採用エントリーLP（3D・クレイ・左テキスト×右商品/人物）","プロ（演出多め）"
"LP-03328","占い・スピリチュアル｜無料体験・カウンセリング予約LP（和モダン・デバイスモックアップ浮遊）","プロ（演出多め）"
"LP-03329","美容クリニック｜採用エントリーLP（ダーク・シネマティック・実績数字ドーン）","プロ（演出多め）"
"LP-03330","採用・求人｜リード獲得（資料請求・問い合わせ）LP（北欧・ライフスタイル・背景動画ループ＋オーバーレイ）","上級"
"LP-03331","コスメ・スキンケア｜商品購入（単品通販）LP（3D・クレイ・スクロールで商品が回転/分解）","プロ（演出多め）"
"LP-03332","スマホアプリ｜無料体験・カウンセリング予約LP（ポップ・カラフル・背景動画ループ＋オーバーレイ）","プロ（演出多め）"
"LP-03333","音楽・ライブ・イベント｜リード獲得（資料請求・問い合わせ）LP（レトロ・Y2K・写真コラージュ）","プロ（演出多め）"
"LP-03334","農業・地方の生産者｜クラウドファンディング支援LP（北欧・ライフスタイル・スクロールで商品が回転/分解）","プロ（演出多め）"
"LP-03335","サウナ・温浴施設｜無料体験・カウンセリング予約LP（ナチュラル・オーガニック・写真コラージュ）","プロ（演出多め）"
"LP-03336","採用・求人｜採用エントリーLP（信頼・誠実（コーポレート）・写真コラージュ）","プロ（演出多め）"
"LP-03337","内科・クリニック｜採用エントリーLP（和モダン・超大型タイポグラフィ）","プロ（演出多め）"
"LP-03338","プログラミングスクール｜採用エントリーLP（3D・クレイ・全面写真＋中央キャッチ）","プロ（演出多め）"
"LP-03339","SaaS・BtoBツール｜採用エントリーLP（信頼・誠実（コーポレート）・実績数字ドーン）","プロ（演出多め）"
"LP-03340","ウェディング・結婚相談所｜リード獲得（資料請求・問い合わせ）LP（ラグジュアリー・高級感・超大型タイポグラフィ）","プロ（演出多め）"
"LP-03341","自動車・バイク｜リード獲得（資料請求・問い合わせ）LP（ニューブルータリズム・デバイスモックアップ浮遊）","プロ（演出多め）"
"LP-03342","歯科医院｜リード獲得（資料請求・問い合わせ）LP（ミニマル・洗練・全面写真＋中央キャッチ）","プロ（演出多め）"
"LP-03343","音楽・ライブ・イベント｜採用エントリーLP（ジオメトリック・グラフィカル・ジェネラティブ背景＋コピー）","プロ（演出多め）"
"LP-03344","サウナ・温浴施設｜採用エントリーLP（ダーク・シネマティック・ジェネラティブ背景＋コピー）","プロ（演出多め）"
"LP-03345","引越し・生活サービス｜リード獲得（資料請求・問い合わせ）LP（ラグジュアリー・高級感・ジェネラティブ背景＋コピー）","プロ（演出多め）"
"LP-03346","美容室・ヘアサロン｜リード獲得（資料請求・問い合わせ）LP（ラグジュアリー・高級感・デバイスモックアップ浮遊）","プロ（演出多め）"
"LP-03347","農業・地方の生産者｜クラウドファンディング支援LP（エディトリアル・雑誌風・ジェネラティブ背景＋コピー）","プロ（演出多め）"
"LP-03348","占い・スピリチュアル｜LINE友だち追加LP（パステル・ドリーミー・全面写真＋中央キャッチ）","プロ（演出多め）"
"LP-03349","採用・求人｜リード獲得（資料請求・問い合わせ）LP（エネルギッシュ・スポーティ・イラスト主体）","プロ（演出多め）"
"LP-03350","美容クリニック｜採用エントリーLP（ラグジュアリー・高級感・超大型タイポグラフィ）","プロ（演出多め）"
"LP-03351","レストラン・居酒屋｜採用エントリーLP（ナチュラル・オーガニック・全面写真＋中央キャッチ）","プロ（演出多め）"
"LP-03352","YouTuber・インフルエンサー｜会員登録・アプリDLLP（ポップ・カラフル・背景動画ループ＋オーバーレイ）","プロ（演出多め）"
"LP-03353","英会話・語学｜リード獲得（資料請求・問い合わせ）LP（ポップ・カラフル・ジェネラティブ背景＋コピー）","プロ（演出多め）"
"LP-03354","アパレル・ファッションEC｜商品購入（単品通販）LP（ニューブルータリズム・イラスト主体）","プロ（演出多め）"
"LP-03355","カフェ・ベーカリー｜採用エントリーLP（北欧・ライフスタイル・スクロールで商品が回転/分解）","プロ（演出多め）"
"LP-03356","Web制作・デザイン事務所｜採用エントリーLP（ジオメトリック・グラフィカル・スクロールで商品が回転/分解）","プロ（演出多め）"
"LP-03357","和菓子・スイーツ｜リード獲得（資料請求・問い合わせ）LP（ナチュラル・オーガニック・デバイスモックアップ浮遊）","プロ（演出多め）"
"LP-03358","クラウドファンディング・新商品｜採用エントリーLP（ダーク・シネマティック・背景動画ループ＋オーバーレイ）","プロ（演出多め）"
"LP-03359","Web制作・デザイン事務所｜セミナー・ウェビナー集客LP（ニューブルータリズム・ジェネラティブ背景＋コピー）","プロ（演出多め）"
"LP-03360","AIサービス・スタートアップ｜リード獲得（資料請求・問い合わせ）LP（ネオン・サイバー・デバイスモックアップ浮遊）","プロ（演出多め）"
"LP-03361","内科・クリニック｜採用エントリーLP（ダーク・シネマティック・イラスト主体）","プロ（演出多め）"
"LP-03362","Web制作・デザイン事務所｜採用エントリーLP（ジオメトリック・グラフィカル・デバイスモックアップ浮遊）","上級"
"LP-03363","アパレル・ファッションEC｜リード獲得（資料請求・問い合わせ）LP（エディトリアル・雑誌風・スクロールで商品が回転/分解）","プロ（演出多め）"
"LP-03364","クラウドファンディング・新商品｜商品購入（単品通販）LP（ナチュラル・オーガニック・背景動画ループ＋オーバーレイ）","プロ（演出多め）"
"LP-03365","美容室・ヘアサロン｜無料体験・カウンセリング予約LP（北欧・ライフスタイル・ジェネラティブ背景＋コピー）","プロ（演出多め）"
"LP-03366","ペット・トリミング・動物病院｜採用エントリーLP（かわいい・ガーリー・スクロールで商品が回転/分解）","プロ（演出多め）"
"LP-03367","ゲーム・eスポーツ｜リード獲得（資料請求・問い合わせ）LP（レトロ・Y2K・デバイスモックアップ浮遊）","プロ（演出多め）"
"LP-03368","英会話・語学｜無料体験・カウンセリング予約LP（ポップ・カラフル・写真コラージュ）","プロ（演出多め）"
"LP-03369","SaaS・BtoBツール｜セミナー・ウェビナー集客LP（信頼・誠実（コーポレート）・実績数字ドーン）","プロ（演出多め）"
"LP-03370","サウナ・温浴施設｜リード獲得（資料請求・問い合わせ）LP（レトロ・Y2K・超大型タイポグラフィ）","プロ（演出多め）"
"LP-03371","ホテル・旅館｜LINE友だち追加LP（ラグジュアリー・高級感・イラスト主体）","プロ（演出多め）"
"LP-03372","AIサービス・スタートアップ｜リード獲得（資料請求・問い合わせ）LP（ミニマル・洗練・実績数字ドーン）","プロ（演出多め）"
"LP-03373","スクール・オンライン講座｜会員登録・アプリDLLP（ポップ・カラフル・全面写真＋中央キャッチ）","プロ（演出多め）"
"LP-03374","コンサル・コーチング｜リード獲得（資料請求・問い合わせ）LP（ラグジュアリー・高級感・実績数字ドーン）","プロ（演出多め）"
"LP-03375","レストラン・居酒屋｜採用エントリーLP（ダーク・シネマティック・左テキスト×右商品/人物）","プロ（演出多め）"
"LP-03376","ゲーム・eスポーツ｜リード獲得（資料請求・問い合わせ）LP（ニューブルータリズム・背景動画ループ＋オーバーレイ）","プロ（演出多め）"
"LP-03377","美容クリニック｜リード獲得（資料請求・問い合わせ）LP（ラグジュアリー・高級感・実績数字ドーン）","プロ（演出多め）"
"LP-03378","観光・地域プロモーション｜採用エントリーLP（ネオン・サイバー・スクロールで商品が回転/分解）","プロ（演出多め）"
"LP-03379","工務店・注文住宅・リフォーム｜リード獲得（資料請求・問い合わせ）LP（信頼・誠実（コーポレート）・イラスト主体）","プロ（演出多め）"
"LP-03380","観光・地域プロモーション｜クラウドファンディング支援LP（和モダン・イラスト主体）","プロ（演出多め）"
"LP-03381","英会話・語学｜リード獲得（資料請求・問い合わせ）LP（ポップ・カラフル・イラスト主体）","プロ（演出多め）"
"LP-03382","レストラン・居酒屋｜LINE友だち追加LP（和モダン・イラスト主体）","プロ（演出多め）"
"LP-03383","士業（税理士・弁護士・行政書士）｜無料体験・カウンセリング予約LP（信頼・誠実（コーポレート）・左テキスト×右商品/人物）","プロ（演出多め）"
"LP-03384","カフェ・ベーカリー｜LINE友だち追加LP（ハンドメイド・手書き・スクロールで商品が回転/分解）","プロ（演出多め）"
"LP-03385","コスメ・スキンケア｜採用エントリーLP（グラスモーフィズム・背景動画ループ＋オーバーレイ）","プロ（演出多め）"
"LP-03386","ゲーム・eスポーツ｜採用エントリーLP（エネルギッシュ・スポーティ・左テキスト×右商品/人物）","プロ（演出多め）"
"LP-03387","音楽・ライブ・イベント｜クラウドファンディング支援LP（ニューブルータリズム・スクロールで商品が回転/分解）","プロ（演出多め）"
"LP-03388","内科・クリニック｜リード獲得（資料請求・問い合わせ）LP（ナチュラル・オーガニック・実績数字ドーン）","プロ（演出多め）"
"LP-03389","音楽・ライブ・イベント｜採用エントリーLP（ラグジュアリー・高級感・イラスト主体）","プロ（演出多め）"
"LP-03390","建築設計事務所｜採用エントリーLP（ジオメトリック・グラフィカル・超大型タイポグラフィ）","プロ（演出多め）"
"LP-03391","サウナ・温浴施設｜採用エントリーLP（ニューブルータリズム・全面写真＋中央キャッチ）","プロ（演出多め）"
"LP-03392","保育園・幼児教育・習い事｜採用エントリーLP（ナチュラル・オーガニック・超大型タイポグラフィ）","上級"
"LP-03393","観光・地域プロモーション｜クラウドファンディング支援LP（ミニマル・洗練・背景動画ループ＋オーバーレイ）","プロ（演出多め）"
"LP-03394","スクール・オンライン講座｜会員登録・アプリDLLP（ラグジュアリー・高級感・超大型タイポグラフィ）","プロ（演出多め）"
"LP-03395","英会話・語学｜リード獲得（資料請求・問い合わせ）LP（信頼・誠実（コーポレート）・スクロールで商品が回転/分解）","プロ（演出多め）"
"LP-03396","内科・クリニック｜採用エントリーLP（信頼・誠実（コーポレート）・イラスト主体）","プロ（演出多め）"
"LP-03397","レストラン・居酒屋｜リード獲得（資料請求・問い合わせ）LP（和モダン・写真コラージュ）","プロ（演出多め）"
"LP-03398","カフェ・ベーカリー｜採用エントリーLP（エディトリアル・雑誌風・背景動画ループ＋オーバーレイ）","プロ（演出多め）"
"LP-03399","スクール・オンライン講座｜リード獲得（資料請求・問い合わせ）LP（ポップ・カラフル・写真コラージュ）","上級"
"LP-03400","ペット・トリミング・動物病院｜採用エントリーLP（ハンドメイド・手書き・実績数字ドーン）","プロ（演出多め）"
"LP-03401","保育園・幼児教育・習い事｜LINE友だち追加LP（ナチュラル・オーガニック・実績数字ドーン）","プロ（演出多め）"
"LP-03402","SaaS・BtoBツール｜採用エントリーLP（信頼・誠実（コーポレート）・超大型タイポグラフィ）","上級"
"LP-03403","YouTuber・インフルエンサー｜リード獲得（資料請求・問い合わせ）LP（ポップ・カラフル・写真コラージュ）","プロ（演出多め）"
"LP-03404","ホテル・旅館｜採用エントリーLP（和モダン・背景動画ループ＋オーバーレイ）","プロ（演出多め）"
"LP-03405","スマホアプリ｜無料体験・カウンセリング予約LP（3D・クレイ・実績数字ドーン）","プロ（演出多め）"
"LP-03406","農業・地方の生産者｜採用エントリーLP（ナチュラル・オーガニック・超大型タイポグラフィ）","プロ（演出多め）"
"LP-03407","観光・地域プロモーション｜リード獲得（資料請求・問い合わせ）LP（和モダン・実績数字ドーン）","プロ（演出多め）"
"LP-03408","ホテル・旅館｜採用エントリーLP（ジオメトリック・グラフィカル・超大型タイポグラフィ）","プロ（演出多め）"
"LP-03409","ウェディング・結婚相談所｜採用エントリーLP（ラグジュアリー・高級感・ジェネラティブ背景＋コピー）","プロ（演出多め）"
"LP-03410","英会話・語学｜会員登録・アプリDLLP（クール・テック・ジェネラティブ背景＋コピー）","プロ（演出多め）"
"LP-03411","スクール・オンライン講座｜リード獲得（資料請求・問い合わせ）LP（3D・クレイ・スクロールで商品が回転/分解）","プロ（演出多め）"
"LP-03412","ペット・トリミング・動物病院｜商品購入（単品通販）LP（ナチュラル・オーガニック・写真コラージュ）","プロ（演出多め）"
"LP-03413","コンサル・コーチング｜採用エントリーLP（ダーク・シネマティック・左テキスト×右商品/人物）","プロ（演出多め）"
"LP-03414","自動車・バイク｜無料体験・カウンセリング予約LP（ラグジュアリー・高級感・スクロールで商品が回転/分解）","プロ（演出多め）"
"LP-03415","工務店・注文住宅・リフォーム｜無料体験・カウンセリング予約LP（グラスモーフィズム・デバイスモックアップ浮遊）","プロ（演出多め）"
"LP-03416","YouTuber・インフルエンサー｜会員登録・アプリDLLP（ネオン・サイバー・全面写真＋中央キャッチ）","プロ（演出多め）"
"LP-03417","NPO・地方自治体｜リード獲得（資料請求・問い合わせ）LP（ジオメトリック・グラフィカル・ジェネラティブ背景＋コピー）","プロ（演出多め）"
"LP-03418","NPO・地方自治体｜リード獲得（資料請求・問い合わせ）LP（信頼・誠実（コーポレート）・写真コラージュ）","プロ（演出多め）"
"LP-03419","歯科医院｜採用エントリーLP（ナチュラル・オーガニック・ジェネラティブ背景＋コピー）","上級"
"LP-03420","AIサービス・スタートアップ｜無料体験・カウンセリング予約LP（グラスモーフィズム・イラスト主体）","プロ（演出多め）"
"LP-03421","パーソナルジム・フィットネス｜採用エントリーLP（グラスモーフィズム・左テキスト×右商品/人物）","プロ（演出多め）"
"LP-03422","金融・保険・投資｜採用エントリーLP（信頼・誠実（コーポレート）・写真コラージュ）","プロ（演出多め）"
"LP-03423","不動産・マンション｜無料体験・カウンセリング予約LP（ミニマル・洗練・デバイスモックアップ浮遊）","プロ（演出多め）"
"LP-03424","自動車・バイク｜リード獲得（資料請求・問い合わせ）LP（エネルギッシュ・スポーティ・写真コラージュ）","プロ（演出多め）"
"LP-03425","YouTuber・インフルエンサー｜採用エントリーLP（ポップ・カラフル・超大型タイポグラフィ）","プロ（演出多め）"
"LP-03426","アパレル・ファッションEC｜採用エントリーLP（レトロ・Y2K・ジェネラティブ背景＋コピー）","プロ（演出多め）"
"LP-03427","観光・地域プロモーション｜リード獲得（資料請求・問い合わせ）LP（ナチュラル・オーガニック・実績数字ドーン）","プロ（演出多め）"
"LP-03428","ホテル・旅館｜LINE友だち追加LP（ミニマル・洗練・スクロールで商品が回転/分解）","プロ（演出多め）"
"LP-03429","内科・クリニック｜無料体験・カウンセリング予約LP（信頼・誠実（コーポレート）・背景動画ループ＋オーバーレイ）","プロ（演出多め）"
"LP-03430","アパレル・ファッションEC｜リード獲得（資料請求・問い合わせ）LP（ニューブルータリズム・写真コラージュ）","プロ（演出多め）"
"LP-03431","カフェ・ベーカリー｜リード獲得（資料請求・問い合わせ）LP（レトロ・Y2K・写真コラージュ）","プロ（演出多め）"
"LP-03432","観光・地域プロモーション｜クラウドファンディング支援LP（ダーク・シネマティック・スクロールで商品が回転/分解）","プロ（演出多め）"
"LP-03433","英会話・語学｜リード獲得（資料請求・問い合わせ）LP（ナチュラル・オーガニック・実績数字ドーン）","プロ（演出多め）"
"LP-03434","YouTuber・インフルエンサー｜会員登録・アプリDLLP（ネオン・サイバー・デバイスモックアップ浮遊）","プロ（演出多め）"
"LP-03435","ウェディング・結婚相談所｜採用エントリーLP（ポップ・カラフル・スクロールで商品が回転/分解）","プロ（演出多め）"
"LP-03436","占い・スピリチュアル｜リード獲得（資料請求・問い合わせ）LP（和モダン・スクロールで商品が回転/分解）","プロ（演出多め）"
"LP-03437","金融・保険・投資｜採用エントリーLP（信頼・誠実（コーポレート）・左テキスト×右商品/人物）","上級"
"LP-03438","内科・クリニック｜採用エントリーLP（ナチュラル・オーガニック・超大型タイポグラフィ）","プロ（演出多め）"
"LP-03439","工務店・注文住宅・リフォーム｜セミナー・ウェビナー集客LP（北欧・ライフスタイル・イラスト主体）","プロ（演出多め）"
"LP-03440","AIサービス・スタートアップ｜無料体験・カウンセリング予約LP（クール・テック・デバイスモックアップ浮遊）","プロ（演出多め）"
"LP-03441","エステ・脱毛サロン｜リード獲得（資料請求・問い合わせ）LP（パステル・ドリーミー・超大型タイポグラフィ）","プロ（演出多め）"
"LP-03442","Web制作・デザイン事務所｜採用エントリーLP（クール・テック・実績数字ドーン）","プロ（演出多め）"
"LP-03443","Web制作・デザイン事務所｜リード獲得（資料請求・問い合わせ）LP（クール・テック・背景動画ループ＋オーバーレイ）","プロ（演出多め）"
"LP-03444","保育園・幼児教育・習い事｜採用エントリーLP（ハンドメイド・手書き・スクロールで商品が回転/分解）","プロ（演出多め）"
"LP-03445","工務店・注文住宅・リフォーム｜セミナー・ウェビナー集客LP（ナチュラル・オーガニック・スクロールで商品が回転/分解）","プロ（演出多め）"
"LP-03446","食品・産直EC｜商品購入（単品通販）LP（ハンドメイド・手書き・超大型タイポグラフィ）","プロ（演出多め）"
"LP-03447","パーソナルジム・フィットネス｜無料体験・カウンセリング予約LP（ダーク・シネマティック・イラスト主体）","プロ（演出多め）"
"LP-03448","歯科医院｜無料体験・カウンセリング予約LP（信頼・誠実（コーポレート）・スクロールで商品が回転/分解）","プロ（演出多め）"
"LP-03449","プログラミングスクール｜会員登録・アプリDLLP（クール・テック・超大型タイポグラフィ）","プロ（演出多め）"
"LP-03450","和菓子・スイーツ｜リード獲得（資料請求・問い合わせ）LP（和モダン・超大型タイポグラフィ）","プロ（演出多め）"
"LP-03451","コンサル・コーチング｜無料体験・カウンセリング予約LP（信頼・誠実（コーポレート）・スクロールで商品が回転/分解）","プロ（演出多め）"
"LP-03452","エステ・脱毛サロン｜無料体験・カウンセリング予約LP（ミニマル・洗練・デバイスモックアップ浮遊）","プロ（演出多め）"
"LP-03453","NPO・地方自治体｜採用エントリーLP（レトロ・Y2K・超大型タイポグラフィ）","プロ（演出多め）"
"LP-03454","AIサービス・スタートアップ｜無料体験・カウンセリング予約LP（ラグジュアリー・高級感・スクロールで商品が回転/分解）","プロ（演出多め）"
"LP-03455","不動産・マンション｜リード獲得（資料請求・問い合わせ）LP（ミニマル・洗練・背景動画ループ＋オーバーレイ）","プロ（演出多め）"
"LP-03456","クラウドファンディング・新商品｜クラウドファンディング支援LP（ポップ・カラフル・ジェネラティブ背景＋コピー）","プロ（演出多め）"
"LP-03457","観光・地域プロモーション｜リード獲得（資料請求・問い合わせ）LP（ハンドメイド・手書き・ジェネラティブ背景＋コピー）","プロ（演出多め）"
"LP-03458","内科・クリニック｜採用エントリーLP（ナチュラル・オーガニック・左テキスト×右商品/人物）","上級"
"LP-03459","カフェ・ベーカリー｜リード獲得（資料請求・問い合わせ）LP（エディトリアル・雑誌風・背景動画ループ＋オーバーレイ）","プロ（演出多め）"
"LP-03460","コスメ・スキンケア｜リード獲得（資料請求・問い合わせ）LP（ラグジュアリー・高級感・実績数字ドーン）","プロ（演出多め）"
"LP-03461","YouTuber・インフルエンサー｜会員登録・アプリDLLP（かわいい・ガーリー・イラスト主体）","プロ（演出多め）"
"LP-03462","食品・産直EC｜クラウドファンディング支援LP（和モダン・ジェネラティブ背景＋コピー）","プロ（演出多め）"
"LP-03463","金融・保険・投資｜リード獲得（資料請求・問い合わせ）LP（クール・テック・背景動画ループ＋オーバーレイ）","プロ（演出多め）"
"LP-03464","アパレル・ファッションEC｜リード獲得（資料請求・問い合わせ）LP（レトロ・Y2K・デバイスモックアップ浮遊）","プロ（演出多め）"
"LP-03465","NPO・地方自治体｜クラウドファンディング支援LP（信頼・誠実（コーポレート）・超大型タイポグラフィ）","プロ（演出多め）"
"LP-03466","クラウドファンディング・新商品｜リード獲得（資料請求・問い合わせ）LP（クール・テック・背景動画ループ＋オーバーレイ）","プロ（演出多め）"
"LP-03467","Web制作・デザイン事務所｜セミナー・ウェビナー集客LP（クール・テック・実績数字ドーン）","プロ（演出多め）"
"LP-03468","クラウドファンディング・新商品｜商品購入（単品通販）LP（ポップ・カラフル・実績数字ドーン）","プロ（演出多め）"
"LP-03469","サウナ・温浴施設｜無料体験・カウンセリング予約LP（レトロ・Y2K・左テキスト×右商品/人物）","プロ（演出多め）"
"LP-03470","プログラミングスクール｜会員登録・アプリDLLP（ポップ・カラフル・イラスト主体）","プロ（演出多め）"
"LP-03471","金融・保険・投資｜会員登録・アプリDLLP（和モダン・背景動画ループ＋オーバーレイ）","プロ（演出多め）"
"LP-03472","SaaS・BtoBツール｜無料体験・カウンセリング予約LP（グラスモーフィズム・実績数字ドーン）","プロ（演出多め）"
"LP-03473","金融・保険・投資｜会員登録・アプリDLLP（クール・テック・全面写真＋中央キャッチ）","プロ（演出多め）"
"LP-03474","エステ・脱毛サロン｜LINE友だち追加LP（パステル・ドリーミー・デバイスモックアップ浮遊）","プロ（演出多め）"
"LP-03475","Web制作・デザイン事務所｜セミナー・ウェビナー集客LP（ジオメトリック・グラフィカル・スクロールで商品が回転/分解）","プロ（演出多め）"
"LP-03476","ペット・トリミング・動物病院｜無料体験・カウンセリング予約LP（かわいい・ガーリー・全面写真＋中央キャッチ）","プロ（演出多め）"
"LP-03477","歯科医院｜LINE友だち追加LP（ミニマル・洗練・全面写真＋中央キャッチ）","プロ（演出多め）"
"LP-03478","パーソナルジム・フィットネス｜リード獲得（資料請求・問い合わせ）LP（エネルギッシュ・スポーティ・超大型タイポグラフィ）","プロ（演出多め）"
"LP-03479","スマホアプリ｜会員登録・アプリDLLP（ポップ・カラフル・左テキスト×右商品/人物）","プロ（演出多め）"
"LP-03480","金融・保険・投資｜リード獲得（資料請求・問い合わせ）LP（信頼・誠実（コーポレート）・スクロールで商品が回転/分解）","上級"
"LP-03481","NPO・地方自治体｜採用エントリーLP（信頼・誠実（コーポレート）・ジェネラティブ背景＋コピー）","上級"
"LP-03482","英会話・語学｜無料体験・カウンセリング予約LP（信頼・誠実（コーポレート）・超大型タイポグラフィ）","プロ（演出多め）"
"LP-03483","アパレル・ファッションEC｜採用エントリーLP（エディトリアル・雑誌風・背景動画ループ＋オーバーレイ）","上級"
"LP-03484","ゲーム・eスポーツ｜リード獲得（資料請求・問い合わせ）LP（ジオメトリック・グラフィカル・イラスト主体）","プロ（演出多め）"
"LP-03485","エステ・脱毛サロン｜商品購入（単品通販）LP（ラグジュアリー・高級感・全面写真＋中央キャッチ）","プロ（演出多め）"
"LP-03486","引越し・生活サービス｜LINE友だち追加LP（ニューブルータリズム・全面写真＋中央キャッチ）","プロ（演出多め）"
"LP-03487","士業（税理士・弁護士・行政書士）｜リード獲得（資料請求・問い合わせ）LP（ミニマル・洗練・写真コラージュ）","プロ（演出多め）"
"LP-03488","引越し・生活サービス｜無料体験・カウンセリング予約LP（信頼・誠実（コーポレート）・超大型タイポグラフィ）","上級"
"LP-03489","内科・クリニック｜採用エントリーLP（ナチュラル・オーガニック・写真コラージュ）","プロ（演出多め）"
"LP-03490","スクール・オンライン講座｜無料体験・カウンセリング予約LP（信頼・誠実（コーポレート）・スクロールで商品が回転/分解）","プロ（演出多め）"
"LP-03491","歯科医院｜LINE友だち追加LP（信頼・誠実（コーポレート）・実績数字ドーン）","プロ（演出多め）"
"LP-03492","自動車・バイク｜無料体験・カウンセリング予約LP（信頼・誠実（コーポレート）・背景動画ループ＋オーバーレイ）","プロ（演出多め）"
"LP-03493","ホテル・旅館｜リード獲得（資料請求・問い合わせ）LP（和モダン・背景動画ループ＋オーバーレイ）","プロ（演出多め）"
"LP-03494","工務店・注文住宅・リフォーム｜無料体験・カウンセリング予約LP（北欧・ライフスタイル・全面写真＋中央キャッチ）","プロ（演出多め）"
"LP-03495","Web制作・デザイン事務所｜セミナー・ウェビナー集客LP（ニューブルータリズム・写真コラージュ）","プロ（演出多め）"
"LP-03496","士業（税理士・弁護士・行政書士）｜無料体験・カウンセリング予約LP（信頼・誠実（コーポレート）・スクロールで商品が回転/分解）","プロ（演出多め）"
"LP-03497","スマホアプリ｜採用エントリーLP（ポップ・カラフル・イラスト主体）","プロ（演出多め）"
"LP-03498","自動車・バイク｜リード獲得（資料請求・問い合わせ）LP（ダーク・シネマティック・イラスト主体）","上級"
"LP-03499","和菓子・スイーツ｜クラウドファンディング支援LP（和モダン・イラスト主体）","プロ（演出多め）"
"LP-03500","英会話・語学｜会員登録・アプリDLLP（ジオメトリック・グラフィカル・全面写真＋中央キャッチ）","プロ（演出多め）"
"LP-03501","和菓子・スイーツ｜採用エントリーLP（ナチュラル・オーガニック・デバイスモックアップ浮遊）","プロ（演出多め）"
"LP-03502","スクール・オンライン講座｜採用エントリーLP（信頼・誠実（コーポレート）・スクロールで商品が回転/分解）","プロ（演出多め）"
"LP-03503","ゲーム・eスポーツ｜クラウドファンディング支援LP（ネオン・サイバー・実績数字ドーン）","プロ（演出多め）"
"LP-03504","ゲーム・eスポーツ｜採用エントリーLP（レトロ・Y2K・デバイスモックアップ浮遊）","プロ（演出多め）"
"LP-03505","カフェ・ベーカリー｜リード獲得（資料請求・問い合わせ）LP（ナチュラル・オーガニック・ジェネラティブ背景＋コピー）","プロ（演出多め）"
"LP-03506","コンサル・コーチング｜採用エントリーLP（ハンドメイド・手書き・イラスト主体）","プロ（演出多め）"
"LP-03507","プログラミングスクール｜セミナー・ウェビナー集客LP（ポップ・カラフル・実績数字ドーン）","プロ（演出多め）"
"LP-03508","スクール・オンライン講座｜採用エントリーLP（クール・テック・写真コラージュ）","プロ（演出多め）"
"LP-03509","和菓子・スイーツ｜リード獲得（資料請求・問い合わせ）LP（パステル・ドリーミー・デバイスモックアップ浮遊）","プロ（演出多め）"
"LP-03510","エステ・脱毛サロン｜LINE友だち追加LP（ハンドメイド・手書き・実績数字ドーン）","プロ（演出多め）"
"LP-03511","スクール・オンライン講座｜無料体験・カウンセリング予約LP（クール・テック・全面写真＋中央キャッチ）","プロ（演出多め）"
"LP-03512","コスメ・スキンケア｜採用エントリーLP（ナチュラル・オーガニック・背景動画ループ＋オーバーレイ）","プロ（演出多め）"
"LP-03513","SaaS・BtoBツール｜セミナー・ウェビナー集客LP（グラスモーフィズム・全面写真＋中央キャッチ）","プロ（演出多め）"
"LP-03514","YouTuber・インフルエンサー｜リード獲得（資料請求・問い合わせ）LP（ポップ・カラフル・ジェネラティブ背景＋コピー）","プロ（演出多め）"
"LP-03515","ヨガ・ピラティス｜無料体験・カウンセリング予約LP（パステル・ドリーミー・写真コラージュ）","プロ（演出多め）"
"LP-03516","不動産・マンション｜無料体験・カウンセリング予約LP（ラグジュアリー・高級感・背景動画ループ＋オーバーレイ）","プロ（演出多め）"
"LP-03517","AIサービス・スタートアップ｜無料体験・カウンセリング予約LP（グラスモーフィズム・ジェネラティブ背景＋コピー）","プロ（演出多め）"
"LP-03518","ウェディング・結婚相談所｜採用エントリーLP（パステル・ドリーミー・背景動画ループ＋オーバーレイ）","プロ（演出多め）"
"LP-03519","ヨガ・ピラティス｜リード獲得（資料請求・問い合わせ）LP（ミニマル・洗練・イラスト主体）","プロ（演出多め）"
"LP-03520","アパレル・ファッションEC｜商品購入（単品通販）LP（エディトリアル・雑誌風・全面写真＋中央キャッチ）","プロ（演出多め）"
"LP-03521","プログラミングスクール｜リード獲得（資料請求・問い合わせ）LP（クール・テック・全面写真＋中央キャッチ）","プロ（演出多め）"
"LP-03522","英会話・語学｜無料体験・カウンセリング予約LP（信頼・誠実（コーポレート）・ジェネラティブ背景＋コピー）","プロ（演出多め）"
"LP-03523","Web制作・デザイン事務所｜セミナー・ウェビナー集客LP（ダーク・シネマティック・左テキスト×右商品/人物）","上級"
"LP-03524","ホテル・旅館｜リード獲得（資料請求・問い合わせ）LP（ミニマル・洗練・写真コラージュ）","プロ（演出多め）"
"LP-03525","NPO・地方自治体｜採用エントリーLP（ナチュラル・オーガニック・背景動画ループ＋オーバーレイ）","上級"
"LP-03526","占い・スピリチュアル｜採用エントリーLP（パステル・ドリーミー・超大型タイポグラフィ）","上級"
"LP-03527","YouTuber・インフルエンサー｜採用エントリーLP（ニューブルータリズム・デバイスモックアップ浮遊）","プロ（演出多め）"
"LP-03528","ウェディング・結婚相談所｜採用エントリーLP（ミニマル・洗練・ジェネラティブ背景＋コピー）","プロ（演出多め）"
"LP-03529","保育園・幼児教育・習い事｜採用エントリーLP（ナチュラル・オーガニック・デバイスモックアップ浮遊）","プロ（演出多め）"
"LP-03530","コスメ・スキンケア｜商品購入（単品通販）LP（ミニマル・洗練・スクロールで商品が回転/分解）","プロ（演出多め）"
"LP-03531","不動産・マンション｜無料体験・カウンセリング予約LP（ラグジュアリー・高級感・イラスト主体）","プロ（演出多め）"
"LP-03532","YouTuber・インフルエンサー｜採用エントリーLP（ニューブルータリズム・超大型タイポグラフィ）","上級"
"LP-03533","SaaS・BtoBツール｜採用エントリーLP（ダーク・シネマティック・デバイスモックアップ浮遊）","プロ（演出多め）"
"LP-03534","観光・地域プロモーション｜リード獲得（資料請求・問い合わせ）LP（信頼・誠実（コーポレート）・ジェネラティブ背景＋コピー）","プロ（演出多め）"
"LP-03535","パーソナルジム・フィットネス｜LINE友だち追加LP（ダーク・シネマティック・イラスト主体）","プロ（演出多め）"
"LP-03536","SaaS・BtoBツール｜会員登録・アプリDLLP（クール・テック・全面写真＋中央キャッチ）","プロ（演出多め）"
"LP-03537","士業（税理士・弁護士・行政書士）｜無料体験・カウンセリング予約LP（エディトリアル・雑誌風・背景動画ループ＋オーバーレイ）","プロ（演出多め）"
"LP-03538","パーソナルジム・フィットネス｜リード獲得（資料請求・問い合わせ）LP（エネルギッシュ・スポーティ・ジェネラティブ背景＋コピー）","プロ（演出多め）"
"LP-03539","ヨガ・ピラティス｜採用エントリーLP（パステル・ドリーミー・写真コラージュ）","プロ（演出多め）"
"LP-03540","農業・地方の生産者｜クラウドファンディング支援LP（和モダン・イラスト主体）","プロ（演出多め）"
"LP-03541","工務店・注文住宅・リフォーム｜LINE友だち追加LP（ナチュラル・オーガニック・左テキスト×右商品/人物）","プロ（演出多め）"
"LP-03542","ゲーム・eスポーツ｜会員登録・アプリDLLP（ダーク・シネマティック・スクロールで商品が回転/分解）","プロ（演出多め）"
"LP-03543","コスメ・スキンケア｜採用エントリーLP（ミニマル・洗練・左テキスト×右商品/人物）","プロ（演出多め）"
"LP-03544","プログラミングスクール｜セミナー・ウェビナー集客LP（クール・テック・左テキスト×右商品/人物）","プロ（演出多め）"
"LP-03545","農業・地方の生産者｜リード獲得（資料請求・問い合わせ）LP（パステル・ドリーミー・イラスト主体）","プロ（演出多め）"
"LP-03546","自動車・バイク｜リード獲得（資料請求・問い合わせ）LP（クール・テック・全面写真＋中央キャッチ）","上級"
"LP-03547","スクール・オンライン講座｜リード獲得（資料請求・問い合わせ）LP（エディトリアル・雑誌風・左テキスト×右商品/人物）","プロ（演出多め）"
"LP-03548","美容室・ヘアサロン｜採用エントリーLP（かわいい・ガーリー・背景動画ループ＋オーバーレイ）","プロ（演出多め）"
"LP-03549","音楽・ライブ・イベント｜採用エントリーLP（ダーク・シネマティック・全面写真＋中央キャッチ）","プロ（演出多め）"
"LP-03550","建築設計事務所｜リード獲得（資料請求・問い合わせ）LP（エディトリアル・雑誌風・スクロールで商品が回転/分解）","プロ（演出多め）"
"LP-03551","SaaS・BtoBツール｜無料体験・カウンセリング予約LP（クール・テック・写真コラージュ）","プロ（演出多め）"
"LP-03552","士業（税理士・弁護士・行政書士）｜リード獲得（資料請求・問い合わせ）LP（ミニマル・洗練・ジェネラティブ背景＋コピー）","プロ（演出多め）"
"LP-03553","内科・クリニック｜採用エントリーLP（ナチュラル・オーガニック・ジェネラティブ背景＋コピー）","プロ（演出多め）"
"LP-03554","引越し・生活サービス｜無料体験・カウンセリング予約LP（3D・クレイ・写真コラージュ）","プロ（演出多め）"
"LP-03555","自動車・バイク｜リード獲得（資料請求・問い合わせ）LP（ラグジュアリー・高級感・イラスト主体）","プロ（演出多め）"
"LP-03556","コスメ・スキンケア｜リード獲得（資料請求・問い合わせ）LP（パステル・ドリーミー・デバイスモックアップ浮遊）","プロ（演出多め）"
"LP-03557","カフェ・ベーカリー｜LINE友だち追加LP（レトロ・Y2K・ジェネラティブ背景＋コピー）","プロ（演出多め）"
"LP-03558","クラウドファンディング・新商品｜採用エントリーLP（クール・テック・ジェネラティブ背景＋コピー）","プロ（演出多め）"
"LP-03559","ホテル・旅館｜LINE友だち追加LP（3D・クレイ・背景動画ループ＋オーバーレイ）","プロ（演出多め）"
"LP-03560","スクール・オンライン講座｜採用エントリーLP（3D・クレイ・デバイスモックアップ浮遊）","プロ（演出多め）"
"LP-03561","食品・産直EC｜リード獲得（資料請求・問い合わせ）LP（ハンドメイド・手書き・背景動画ループ＋オーバーレイ）","プロ（演出多め）"
"LP-03562","コスメ・スキンケア｜採用エントリーLP（信頼・誠実（コーポレート）・背景動画ループ＋オーバーレイ）","プロ（演出多め）"
"LP-03563","自動車・バイク｜リード獲得（資料請求・問い合わせ）LP（ネオン・サイバー・イラスト主体）","プロ（演出多め）"
"LP-03564","NPO・地方自治体｜リード獲得（資料請求・問い合わせ）LP（ナチュラル・オーガニック・超大型タイポグラフィ）","プロ（演出多め）"
"LP-03565","歯科医院｜リード獲得（資料請求・問い合わせ）LP（ナチュラル・オーガニック・イラスト主体）","プロ（演出多め）"
"LP-03566","Web制作・デザイン事務所｜採用エントリーLP（ハンドメイド・手書き・実績数字ドーン）","プロ（演出多め）"
"LP-03567","金融・保険・投資｜採用エントリーLP（ミニマル・洗練・超大型タイポグラフィ）","プロ（演出多め）"
"LP-03568","不動産・マンション｜セミナー・ウェビナー集客LP（ミニマル・洗練・背景動画ループ＋オーバーレイ）","プロ（演出多め）"
"LP-03569","建築設計事務所｜リード獲得（資料請求・問い合わせ）LP（エディトリアル・雑誌風・実績数字ドーン）","プロ（演出多め）"
"LP-03570","Web制作・デザイン事務所｜リード獲得（資料請求・問い合わせ）LP（クール・テック・背景動画ループ＋オーバーレイ）","プロ（演出多め）"
"LP-03571","観光・地域プロモーション｜採用エントリーLP（ハンドメイド・手書き・ジェネラティブ背景＋コピー）","プロ（演出多め）"
"LP-03572","コスメ・スキンケア｜採用エントリーLP（ミニマル・洗練・イラスト主体）","上級"
"LP-03573","コンサル・コーチング｜リード獲得（資料請求・問い合わせ）LP（エディトリアル・雑誌風・イラスト主体）","プロ（演出多め）"
"LP-03574","金融・保険・投資｜無料体験・カウンセリング予約LP（ミニマル・洗練・左テキスト×右商品/人物）","プロ（演出多め）"
"LP-03575","ヨガ・ピラティス｜採用エントリーLP（ミニマル・洗練・写真コラージュ）","上級"
"LP-03576","不動産・マンション｜無料体験・カウンセリング予約LP（ダーク・シネマティック・背景動画ループ＋オーバーレイ）","プロ（演出多め）"
"LP-03577","クラウドファンディング・新商品｜商品購入（単品通販）LP（ナチュラル・オーガニック・背景動画ループ＋オーバーレイ）","プロ（演出多め）"
"LP-03578","自動車・バイク｜リード獲得（資料請求・問い合わせ）LP（ダーク・シネマティック・全面写真＋中央キャッチ）","プロ（演出多め）"
"LP-03579","英会話・語学｜無料体験・カウンセリング予約LP（信頼・誠実（コーポレート）・左テキスト×右商品/人物）","プロ（演出多め）"
"LP-03580","NPO・地方自治体｜クラウドファンディング支援LP（ジオメトリック・グラフィカル・実績数字ドーン）","プロ（演出多め）"
"LP-03581","士業（税理士・弁護士・行政書士）｜採用エントリーLP（ミニマル・洗練・スクロールで商品が回転/分解）","プロ（演出多め）"
"LP-03582","コンサル・コーチング｜セミナー・ウェビナー集客LP（ラグジュアリー・高級感・デバイスモックアップ浮遊）","プロ（演出多め）"
"LP-03583","エステ・脱毛サロン｜リード獲得（資料請求・問い合わせ）LP（ラグジュアリー・高級感・左テキスト×右商品/人物）","上級"
"LP-03584","プログラミングスクール｜無料体験・カウンセリング予約LP（ポップ・カラフル・全面写真＋中央キャッチ）","プロ（演出多め）"
"LP-03585","採用・求人｜採用エントリーLP（ナチュラル・オーガニック・左テキスト×右商品/人物）","上級"
"LP-03586","プログラミングスクール｜無料体験・カウンセリング予約LP（3D・クレイ・スクロールで商品が回転/分解）","プロ（演出多め）"
"LP-03587","占い・スピリチュアル｜無料体験・カウンセリング予約LP（ラグジュアリー・高級感・実績数字ドーン）","プロ（演出多め）"
"LP-03588","スマホアプリ｜無料体験・カウンセリング予約LP（3D・クレイ・写真コラージュ）","プロ（演出多め）"
"LP-03589","Web制作・デザイン事務所｜セミナー・ウェビナー集客LP（エディトリアル・雑誌風・背景動画ループ＋オーバーレイ）","上級"
"LP-03590","ゲーム・eスポーツ｜会員登録・アプリDLLP（エネルギッシュ・スポーティ・スクロールで商品が回転/分解）","プロ（演出多め）"
"LP-03591","英会話・語学｜会員登録・アプリDLLP（信頼・誠実（コーポレート）・デバイスモックアップ浮遊）","プロ（演出多め）"
"LP-03592","採用・求人｜採用エントリーLP（クール・テック・全面写真＋中央キャッチ）","プロ（演出多め）"
"LP-03593","Web制作・デザイン事務所｜セミナー・ウェビナー集客LP（クール・テック・ジェネラティブ背景＋コピー）","プロ（演出多め）"
"LP-03594","自動車・バイク｜無料体験・カウンセリング予約LP（クール・テック・イラスト主体）","プロ（演出多め）"
"LP-03595","カフェ・ベーカリー｜リード獲得（資料請求・問い合わせ）LP（エディトリアル・雑誌風・全面写真＋中央キャッチ）","プロ（演出多め）"
"LP-03596","占い・スピリチュアル｜無料体験・カウンセリング予約LP（ラグジュアリー・高級感・実績数字ドーン）","プロ（演出多め）"
"LP-03597","カフェ・ベーカリー｜採用エントリーLP（ナチュラル・オーガニック・背景動画ループ＋オーバーレイ）","プロ（演出多め）"
"LP-03598","内科・クリニック｜無料体験・カウンセリング予約LP（北欧・ライフスタイル・左テキスト×右商品/人物）","プロ（演出多め）"
"LP-03599","アパレル・ファッションEC｜商品購入（単品通販）LP（レトロ・Y2K・実績数字ドーン）","プロ（演出多め）"
"LP-03600","スマホアプリ｜採用エントリーLP（グラスモーフィズム・背景動画ループ＋オーバーレイ）","プロ（演出多め）"
"LP-03601","音楽・ライブ・イベント｜採用エントリーLP（信頼・誠実（コーポレート）・超大型タイポグラフィ）","プロ（演出多め）"
"LP-03602","SaaS・BtoBツール｜無料体験・カウンセリング予約LP（北欧・ライフスタイル・ジェネラティブ背景＋コピー）","プロ（演出多め）"
"LP-03603","アパレル・ファッションEC｜リード獲得（資料請求・問い合わせ）LP（ニューブルータリズム・ジェネラティブ背景＋コピー）","プロ（演出多め）"
"LP-03604","採用・求人｜採用エントリーLP（ジオメトリック・グラフィカル・実績数字ドーン）","プロ（演出多め）"
"LP-03605","コンサル・コーチング｜リード獲得（資料請求・問い合わせ）LP（エディトリアル・雑誌風・左テキスト×右商品/人物）","プロ（演出多め）"
"LP-03606","アパレル・ファッションEC｜商品購入（単品通販）LP（レトロ・Y2K・ジェネラティブ背景＋コピー）","上級"
"LP-03607","ゲーム・eスポーツ｜リード獲得（資料請求・問い合わせ）LP（ダーク・シネマティック・ジェネラティブ背景＋コピー）","プロ（演出多め）"
"LP-03608","ウェディング・結婚相談所｜リード獲得（資料請求・問い合わせ）LP（ラグジュアリー・高級感・スクロールで商品が回転/分解）","プロ（演出多め）"
"LP-03609","美容クリニック｜LINE友だち追加LP（信頼・誠実（コーポレート）・全面写真＋中央キャッチ）","プロ（演出多め）"
"LP-03610","ウェディング・結婚相談所｜採用エントリーLP（パステル・ドリーミー・左テキスト×右商品/人物）","プロ（演出多め）"
"LP-03611","美容クリニック｜無料体験・カウンセリング予約LP（ラグジュアリー・高級感・全面写真＋中央キャッチ）","プロ（演出多め）"
"LP-03612","サウナ・温浴施設｜採用エントリーLP（ナチュラル・オーガニック・左テキスト×右商品/人物）","プロ（演出多め）"
"LP-03613","自動車・バイク｜採用エントリーLP（ダーク・シネマティック・ジェネラティブ背景＋コピー）","プロ（演出多め）"
"LP-03614","スマホアプリ｜無料体験・カウンセリング予約LP（3D・クレイ・背景動画ループ＋オーバーレイ）","プロ（演出多め）"
"LP-03615","コスメ・スキンケア｜リード獲得（資料請求・問い合わせ）LP（パステル・ドリーミー・デバイスモックアップ浮遊）","プロ（演出多め）"
"LP-03616","引越し・生活サービス｜採用エントリーLP（3D・クレイ・ジェネラティブ背景＋コピー）","プロ（演出多め）"
"LP-03617","英会話・語学｜採用エントリーLP（ポップ・カラフル・スクロールで商品が回転/分解）","プロ（演出多め）"
"LP-03618","食品・産直EC｜採用エントリーLP（ポップ・カラフル・実績数字ドーン）","プロ（演出多め）"
"LP-03619","不動産・マンション｜リード獲得（資料請求・問い合わせ）LP（ミニマル・洗練・ジェネラティブ背景＋コピー）","プロ（演出多め）"
"LP-03620","英会話・語学｜リード獲得（資料請求・問い合わせ）LP（ハンドメイド・手書き・デバイスモックアップ浮遊）","上級"
"LP-03621","英会話・語学｜無料体験・カウンセリング予約LP（ポップ・カラフル・イラスト主体）","プロ（演出多め）"
"LP-03622","ウェディング・結婚相談所｜採用エントリーLP（パステル・ドリーミー・背景動画ループ＋オーバーレイ）","上級"
"LP-03623","ウェディング・結婚相談所｜LINE友だち追加LP（パステル・ドリーミー・背景動画ループ＋オーバーレイ）","プロ（演出多め）"
"LP-03624","コンサル・コーチング｜採用エントリーLP（信頼・誠実（コーポレート）・イラスト主体）","プロ（演出多め）"
"LP-03625","英会話・語学｜無料体験・カウンセリング予約LP（3D・クレイ・イラスト主体）","プロ（演出多め）"
"LP-03626","ゲーム・eスポーツ｜会員登録・アプリDLLP（レトロ・Y2K・イラスト主体）","プロ（演出多め）"
"LP-03627","農業・地方の生産者｜採用エントリーLP（和モダン・超大型タイポグラフィ）","プロ（演出多め）"
"LP-03628","AIサービス・スタートアップ｜リード獲得（資料請求・問い合わせ）LP（ダーク・シネマティック・超大型タイポグラフィ）","プロ（演出多め）"
"LP-03629","サウナ・温浴施設｜採用エントリーLP（ダーク・シネマティック・実績数字ドーン）","プロ（演出多め）"
"LP-03630","美容室・ヘアサロン｜LINE友だち追加LP（ミニマル・洗練・写真コラージュ）","上級"
"LP-03631","クラウドファンディング・新商品｜リード獲得（資料請求・問い合わせ）LP（ポップ・カラフル・全面写真＋中央キャッチ）","上級"
"LP-03632","保育園・幼児教育・習い事｜LINE友だち追加LP（ポップ・カラフル・超大型タイポグラフィ）","プロ（演出多め）"
"LP-03633","パーソナルジム・フィットネス｜LINE友だち追加LP（エネルギッシュ・スポーティ・超大型タイポグラフィ）","プロ（演出多め）"
"LP-03634","音楽・ライブ・イベント｜クラウドファンディング支援LP（ダーク・シネマティック・背景動画ループ＋オーバーレイ）","プロ（演出多め）"
"LP-03635","Web制作・デザイン事務所｜リード獲得（資料請求・問い合わせ）LP（北欧・ライフスタイル・左テキスト×右商品/人物）","上級"
"LP-03636","パーソナルジム・フィットネス｜採用エントリーLP（クール・テック・背景動画ループ＋オーバーレイ）","上級"
"LP-03637","YouTuber・インフルエンサー｜会員登録・アプリDLLP（ポップ・カラフル・左テキスト×右商品/人物）","プロ（演出多め）"
"LP-03638","ヨガ・ピラティス｜無料体験・カウンセリング予約LP（北欧・ライフスタイル・イラスト主体）","プロ（演出多め）"
"LP-03639","工務店・注文住宅・リフォーム｜リード獲得（資料請求・問い合わせ）LP（ナチュラル・オーガニック・全面写真＋中央キャッチ）","プロ（演出多め）"
"LP-03640","プログラミングスクール｜会員登録・アプリDLLP（ネオン・サイバー・左テキスト×右商品/人物）","上級"
"LP-03641","Web制作・デザイン事務所｜リード獲得（資料請求・問い合わせ）LP（ニューブルータリズム・イラスト主体）","プロ（演出多め）"
"LP-03642","自動車・バイク｜リード獲得（資料請求・問い合わせ）LP（エネルギッシュ・スポーティ・ジェネラティブ背景＋コピー）","プロ（演出多め）"
"LP-03643","農業・地方の生産者｜クラウドファンディング支援LP（ナチュラル・オーガニック・全面写真＋中央キャッチ）","プロ（演出多め）"
"LP-03644","パーソナルジム・フィットネス｜無料体験・カウンセリング予約LP（エネルギッシュ・スポーティ・超大型タイポグラフィ）","プロ（演出多め）"
"LP-03645","サウナ・温浴施設｜リード獲得（資料請求・問い合わせ）LP（ニューブルータリズム・写真コラージュ）","プロ（演出多め）"
"LP-03646","アパレル・ファッションEC｜リード獲得（資料請求・問い合わせ）LP（かわいい・ガーリー・左テキスト×右商品/人物）","プロ（演出多め）"
"LP-03647","レストラン・居酒屋｜LINE友だち追加LP（レトロ・Y2K・ジェネラティブ背景＋コピー）","プロ（演出多め）"
"LP-03648","ヨガ・ピラティス｜LINE友だち追加LP（ミニマル・洗練・ジェネラティブ背景＋コピー）","プロ（演出多め）"
"LP-03649","エステ・脱毛サロン｜無料体験・カウンセリング予約LP（和モダン・デバイスモックアップ浮遊）","プロ（演出多め）"
"LP-03650","和菓子・スイーツ｜LINE友だち追加LP（和モダン・左テキスト×右商品/人物）","プロ（演出多め）"
"LP-03651","歯科医院｜採用エントリーLP（ジオメトリック・グラフィカル・ジェネラティブ背景＋コピー）","プロ（演出多め）"
"LP-03652","サウナ・温浴施設｜LINE友だち追加LP（和モダン・超大型タイポグラフィ）","プロ（演出多め）"
"LP-03653","採用・求人｜リード獲得（資料請求・問い合わせ）LP（信頼・誠実（コーポレート）・写真コラージュ）","プロ（演出多め）"
"LP-03654","YouTuber・インフルエンサー｜会員登録・アプリDLLP（ニューブルータリズム・スクロールで商品が回転/分解）","プロ（演出多め）"
"LP-03655","引越し・生活サービス｜LINE友だち追加LP（ポップ・カラフル・背景動画ループ＋オーバーレイ）","プロ（演出多め）"
"LP-03656","英会話・語学｜会員登録・アプリDLLP（ポップ・カラフル・左テキスト×右商品/人物）","プロ（演出多め）"
"LP-03657","カフェ・ベーカリー｜リード獲得（資料請求・問い合わせ）LP（ナチュラル・オーガニック・イラスト主体）","プロ（演出多め）"
"LP-03658","採用・求人｜採用エントリーLP（ネオン・サイバー・左テキスト×右商品/人物）","プロ（演出多め）"
"LP-03659","ペット・トリミング・動物病院｜採用エントリーLP（ハンドメイド・手書き・デバイスモックアップ浮遊）","プロ（演出多め）"
"LP-03660","ホテル・旅館｜LINE友だち追加LP（和モダン・実績数字ドーン）","プロ（演出多め）"
"LP-03661","工務店・注文住宅・リフォーム｜リード獲得（資料請求・問い合わせ）LP（ハンドメイド・手書き・イラスト主体）","プロ（演出多め）"
"LP-03662","スクール・オンライン講座｜リード獲得（資料請求・問い合わせ）LP（ミニマル・洗練・実績数字ドーン）","プロ（演出多め）"
"LP-03663","プログラミングスクール｜セミナー・ウェビナー集客LP（ポップ・カラフル・写真コラージュ）","プロ（演出多め）"
"LP-03664","歯科医院｜リード獲得（資料請求・問い合わせ）LP（信頼・誠実（コーポレート）・全面写真＋中央キャッチ）","プロ（演出多め）"
"LP-03665","美容クリニック｜採用エントリーLP（信頼・誠実（コーポレート）・左テキスト×右商品/人物）","上級"
"LP-03666","SaaS・BtoBツール｜無料体験・カウンセリング予約LP（和モダン・左テキスト×右商品/人物）","プロ（演出多め）"
"LP-03667","観光・地域プロモーション｜採用エントリーLP（ナチュラル・オーガニック・背景動画ループ＋オーバーレイ）","プロ（演出多め）"
"LP-03668","歯科医院｜無料体験・カウンセリング予約LP（ミニマル・洗練・背景動画ループ＋オーバーレイ）","プロ（演出多め）"
"LP-03669","建築設計事務所｜リード獲得（資料請求・問い合わせ）LP（エディトリアル・雑誌風・ジェネラティブ背景＋コピー）","プロ（演出多め）"
"LP-03670","アパレル・ファッションEC｜商品購入（単品通販）LP（ミニマル・洗練・デバイスモックアップ浮遊）","プロ（演出多め）"
"LP-03671","カフェ・ベーカリー｜リード獲得（資料請求・問い合わせ）LP（エディトリアル・雑誌風・スクロールで商品が回転/分解）","プロ（演出多め）"
"LP-03672","引越し・生活サービス｜LINE友だち追加LP（信頼・誠実（コーポレート）・スクロールで商品が回転/分解）","上級"
"LP-03673","美容クリニック｜LINE友だち追加LP（信頼・誠実（コーポレート）・デバイスモックアップ浮遊）","上級"
"LP-03674","観光・地域プロモーション｜クラウドファンディング支援LP（ナチュラル・オーガニック・スクロールで商品が回転/分解）","プロ（演出多め）"
"LP-03675","内科・クリニック｜無料体験・カウンセリング予約LP（北欧・ライフスタイル・左テキスト×右商品/人物）","上級"
"LP-03676","工務店・注文住宅・リフォーム｜LINE友だち追加LP（ミニマル・洗練・左テキスト×右商品/人物）","プロ（演出多め）"
"LP-03677","NPO・地方自治体｜クラウドファンディング支援LP（ジオメトリック・グラフィカル・イラスト主体）","上級"
"LP-03678","食品・産直EC｜クラウドファンディング支援LP（北欧・ライフスタイル・デバイスモックアップ浮遊）","上級"
"LP-03679","内科・クリニック｜採用エントリーLP（信頼・誠実（コーポレート）・写真コラージュ）","プロ（演出多め）"
"LP-03680","建築設計事務所｜採用エントリーLP（パステル・ドリーミー・写真コラージュ）","プロ（演出多め）"
"LP-03681","不動産・マンション｜リード獲得（資料請求・問い合わせ）LP（ラグジュアリー・高級感・ジェネラティブ背景＋コピー）","プロ（演出多め）"
"LP-03682","SaaS・BtoBツール｜無料体験・カウンセリング予約LP（信頼・誠実（コーポレート）・デバイスモックアップ浮遊）","プロ（演出多め）"
"LP-03683","サウナ・温浴施設｜採用エントリーLP（ニューブルータリズム・イラスト主体）","プロ（演出多め）"
"LP-03684","AIサービス・スタートアップ｜会員登録・アプリDLLP（クール・テック・背景動画ループ＋オーバーレイ）","プロ（演出多め）"
"LP-03685","SaaS・BtoBツール｜採用エントリーLP（グラスモーフィズム・実績数字ドーン）","プロ（演出多め）"
"LP-03686","スクール・オンライン講座｜採用エントリーLP（ポップ・カラフル・全面写真＋中央キャッチ）","プロ（演出多め）"
"LP-03687","アパレル・ファッションEC｜リード獲得（資料請求・問い合わせ）LP（北欧・ライフスタイル・デバイスモックアップ浮遊）","プロ（演出多め）"
"LP-03688","保育園・幼児教育・習い事｜リード獲得（資料請求・問い合わせ）LP（ジオメトリック・グラフィカル・写真コラージュ）","プロ（演出多め）"
"LP-03689","カフェ・ベーカリー｜リード獲得（資料請求・問い合わせ）LP（エディトリアル・雑誌風・写真コラージュ）","プロ（演出多め）"
"LP-03690","カフェ・ベーカリー｜リード獲得（資料請求・問い合わせ）LP（パステル・ドリーミー・全面写真＋中央キャッチ）","上級"
"LP-03691","不動産・マンション｜リード獲得（資料請求・問い合わせ）LP（ミニマル・洗練・ジェネラティブ背景＋コピー）","プロ（演出多め）"
"LP-03692","農業・地方の生産者｜商品購入（単品通販）LP（ハンドメイド・手書き・ジェネラティブ背景＋コピー）","プロ（演出多め）"
"LP-03693","エステ・脱毛サロン｜採用エントリーLP（ダーク・シネマティック・ジェネラティブ背景＋コピー）","プロ（演出多め）"
"LP-03694","ヨガ・ピラティス｜無料体験・カウンセリング予約LP（ナチュラル・オーガニック・イラスト主体）","プロ（演出多め）"
"LP-03695","アパレル・ファッションEC｜商品購入（単品通販）LP（ニューブルータリズム・左テキスト×右商品/人物）","プロ（演出多め）"
"LP-03696","金融・保険・投資｜無料体験・カウンセリング予約LP（信頼・誠実（コーポレート）・デバイスモックアップ浮遊）","プロ（演出多め）"
"LP-03697","自動車・バイク｜リード獲得（資料請求・問い合わせ）LP（クール・テック・スクロールで商品が回転/分解）","プロ（演出多め）"
"LP-03698","占い・スピリチュアル｜無料体験・カウンセリング予約LP（パステル・ドリーミー・超大型タイポグラフィ）","プロ（演出多め）"
"LP-03699","ウェディング・結婚相談所｜LINE友だち追加LP（ミニマル・洗練・左テキスト×右商品/人物）","プロ（演出多め）"
"LP-03700","工務店・注文住宅・リフォーム｜無料体験・カウンセリング予約LP（ミニマル・洗練・写真コラージュ）","プロ（演出多め）"
"LP-03701","レストラン・居酒屋｜採用エントリーLP（レトロ・Y2K・写真コラージュ）","プロ（演出多め）"
"LP-03702","Web制作・デザイン事務所｜リード獲得（資料請求・問い合わせ）LP（ニューブルータリズム・全面写真＋中央キャッチ）","プロ（演出多め）"
"LP-03703","歯科医院｜LINE友だち追加LP（ミニマル・洗練・ジェネラティブ背景＋コピー）","プロ（演出多め）"
"LP-03704","建築設計事務所｜リード獲得（資料請求・問い合わせ）LP（エディトリアル・雑誌風・スクロールで商品が回転/分解）","プロ（演出多め）"
"LP-03705","美容クリニック｜LINE友だち追加LP（ナチュラル・オーガニック・超大型タイポグラフィ）","プロ（演出多め）"
"LP-03706","美容クリニック｜LINE友だち追加LP（ネオン・サイバー・デバイスモックアップ浮遊）","上級"
"LP-03707","カフェ・ベーカリー｜リード獲得（資料請求・問い合わせ）LP（ハンドメイド・手書き・全面写真＋中央キャッチ）","プロ（演出多め）"
"LP-03708","ペット・トリミング・動物病院｜商品購入（単品通販）LP（ナチュラル・オーガニック・デバイスモックアップ浮遊）","プロ（演出多め）"
"LP-03709","食品・産直EC｜クラウドファンディング支援LP（グラスモーフィズム・実績数字ドーン）","プロ（演出多め）"
"LP-03710","占い・スピリチュアル｜採用エントリーLP（ダーク・シネマティック・全面写真＋中央キャッチ）","プロ（演出多め）"
"LP-03711","士業（税理士・弁護士・行政書士）｜無料体験・カウンセリング予約LP（信頼・誠実（コーポレート）・イラスト主体）","プロ（演出多め）"
"LP-03712","コスメ・スキンケア｜商品購入（単品通販）LP（ラグジュアリー・高級感・デバイスモックアップ浮遊）","プロ（演出多め）"
"LP-03713","美容クリニック｜無料体験・カウンセリング予約LP（信頼・誠実（コーポレート）・スクロールで商品が回転/分解）","上級"
"LP-03714","パーソナルジム・フィットネス｜リード獲得（資料請求・問い合わせ）LP（クール・テック・全面写真＋中央キャッチ）","プロ（演出多め）"
"LP-03715","金融・保険・投資｜リード獲得（資料請求・問い合わせ）LP（ミニマル・洗練・背景動画ループ＋オーバーレイ）","上級"
"LP-03716","ウェディング・結婚相談所｜リード獲得（資料請求・問い合わせ）LP（ミニマル・洗練・全面写真＋中央キャッチ）","プロ（演出多め）"
"LP-03717","美容室・ヘアサロン｜採用エントリーLP（ニューブルータリズム・デバイスモックアップ浮遊）","プロ（演出多め）"
"LP-03718","SaaS・BtoBツール｜無料体験・カウンセリング予約LP（グラスモーフィズム・イラスト主体）","プロ（演出多め）"
"LP-03719","アパレル・ファッションEC｜採用エントリーLP（レトロ・Y2K・スクロールで商品が回転/分解）","プロ（演出多め）"
"LP-03720","YouTuber・インフルエンサー｜会員登録・アプリDLLP（ポップ・カラフル・左テキスト×右商品/人物）","プロ（演出多め）"
"LP-03721","不動産・マンション｜リード獲得（資料請求・問い合わせ）LP（ミニマル・洗練・デバイスモックアップ浮遊）","プロ（演出多め）"
"LP-03722","内科・クリニック｜LINE友だち追加LP（ナチュラル・オーガニック・写真コラージュ）","プロ（演出多め）"
"LP-03723","スマホアプリ｜会員登録・アプリDLLP（グラスモーフィズム・ジェネラティブ背景＋コピー）","上級"
"LP-03724","アパレル・ファッションEC｜商品購入（単品通販）LP（エディトリアル・雑誌風・実績数字ドーン）","プロ（演出多め）"
"LP-03725","ヨガ・ピラティス｜リード獲得（資料請求・問い合わせ）LP（ミニマル・洗練・全面写真＋中央キャッチ）","上級"
"LP-03726","食品・産直EC｜リード獲得（資料請求・問い合わせ）LP（ハンドメイド・手書き・スクロールで商品が回転/分解）","プロ（演出多め）"
"LP-03727","SaaS・BtoBツール｜無料体験・カウンセリング予約LP（グラスモーフィズム・イラスト主体）","上級"
"LP-03728","歯科医院｜LINE友だち追加LP（信頼・誠実（コーポレート）・全面写真＋中央キャッチ）","プロ（演出多め）"
"LP-03729","ヨガ・ピラティス｜LINE友だち追加LP（パステル・ドリーミー・左テキスト×右商品/人物）","プロ（演出多め）"
"LP-03730","レストラン・居酒屋｜リード獲得（資料請求・問い合わせ）LP（ポップ・カラフル・スクロールで商品が回転/分解）","プロ（演出多め）"
"LP-03731","レストラン・居酒屋｜LINE友だち追加LP（ネオン・サイバー・実績数字ドーン）","プロ（演出多め）"
"LP-03732","採用・求人｜採用エントリーLP（ジオメトリック・グラフィカル・スクロールで商品が回転/分解）","プロ（演出多め）"
"LP-03733","AIサービス・スタートアップ｜セミナー・ウェビナー集客LP（ミニマル・洗練・超大型タイポグラフィ）","プロ（演出多め）"
"LP-03734","パーソナルジム・フィットネス｜リード獲得（資料請求・問い合わせ）LP（エネルギッシュ・スポーティ・イラスト主体）","プロ（演出多め）"
"LP-03735","SaaS・BtoBツール｜採用エントリーLP（信頼・誠実（コーポレート）・イラスト主体）","プロ（演出多め）"
"LP-03736","アパレル・ファッションEC｜商品購入（単品通販）LP（ニューブルータリズム・左テキスト×右商品/人物）","プロ（演出多め）"
"LP-03737","ヨガ・ピラティス｜リード獲得（資料請求・問い合わせ）LP（ミニマル・洗練・実績数字ドーン）","プロ（演出多め）"
"LP-03738","ホテル・旅館｜リード獲得（資料請求・問い合わせ）LP（和モダン・全面写真＋中央キャッチ）","プロ（演出多め）"
"LP-03739","建築設計事務所｜採用エントリーLP（エディトリアル・雑誌風・超大型タイポグラフィ）","プロ（演出多め）"
"LP-03740","レストラン・居酒屋｜リード獲得（資料請求・問い合わせ）LP（レトロ・Y2K・スクロールで商品が回転/分解）","プロ（演出多め）"
"LP-03741","内科・クリニック｜無料体験・カウンセリング予約LP（信頼・誠実（コーポレート）・写真コラージュ）","プロ（演出多め）"
"LP-03742","アパレル・ファッションEC｜採用エントリーLP（ポップ・カラフル・デバイスモックアップ浮遊）","プロ（演出多め）"
"LP-03743","自動車・バイク｜リード獲得（資料請求・問い合わせ）LP（クール・テック・スクロールで商品が回転/分解）","プロ（演出多め）"
"LP-03744","英会話・語学｜無料体験・カウンセリング予約LP（信頼・誠実（コーポレート）・超大型タイポグラフィ）","プロ（演出多め）"
"LP-03745","SaaS・BtoBツール｜無料体験・カウンセリング予約LP（グラスモーフィズム・実績数字ドーン）","プロ（演出多め）"
"LP-03746","プログラミングスクール｜セミナー・ウェビナー集客LP（ネオン・サイバー・ジェネラティブ背景＋コピー）","プロ（演出多め）"
"LP-03747","金融・保険・投資｜リード獲得（資料請求・問い合わせ）LP（クール・テック・デバイスモックアップ浮遊）","プロ（演出多め）"
"LP-03748","アパレル・ファッションEC｜採用エントリーLP（ニューブルータリズム・全面写真＋中央キャッチ）","プロ（演出多め）"
"LP-03749","内科・クリニック｜LINE友だち追加LP（信頼・誠実（コーポレート）・デバイスモックアップ浮遊）","プロ（演出多め）"
"LP-03750","内科・クリニック｜LINE友だち追加LP（信頼・誠実（コーポレート）・全面写真＋中央キャッチ）","プロ（演出多め）"
"LP-03751","カフェ・ベーカリー｜リード獲得（資料請求・問い合わせ）LP（レトロ・Y2K・スクロールで商品が回転/分解）","プロ（演出多め）"
"LP-03752","占い・スピリチュアル｜無料体験・カウンセリング予約LP（ラグジュアリー・高級感・左テキスト×右商品/人物）","プロ（演出多め）"
"LP-03753","ホテル・旅館｜採用エントリーLP（和モダン・スクロールで商品が回転/分解）","プロ（演出多め）"
"LP-03754","食品・産直EC｜リード獲得（資料請求・問い合わせ）LP（ポップ・カラフル・超大型タイポグラフィ）","上級"
"LP-03755","英会話・語学｜リード獲得（資料請求・問い合わせ）LP（グラスモーフィズム・背景動画ループ＋オーバーレイ）","プロ（演出多め）"
"LP-03756","和菓子・スイーツ｜LINE友だち追加LP（かわいい・ガーリー・写真コラージュ）","プロ（演出多め）"
"LP-03757","エステ・脱毛サロン｜商品購入（単品通販）LP（パステル・ドリーミー・イラスト主体）","プロ（演出多め）"
"LP-03758","美容クリニック｜無料体験・カウンセリング予約LP（信頼・誠実（コーポレート）・スクロールで商品が回転/分解）","プロ（演出多め）"
"LP-03759","農業・地方の生産者｜採用エントリーLP（グラスモーフィズム・背景動画ループ＋オーバーレイ）","プロ（演出多め）"
"LP-03760","エステ・脱毛サロン｜採用エントリーLP（ミニマル・洗練・写真コラージュ）","プロ（演出多め）"
"LP-03761","内科・クリニック｜リード獲得（資料請求・問い合わせ）LP（ラグジュアリー・高級感・ジェネラティブ背景＋コピー）","プロ（演出多め）"
"LP-03762","食品・産直EC｜クラウドファンディング支援LP（3D・クレイ・実績数字ドーン）","プロ（演出多め）"
"LP-03763","ウェディング・結婚相談所｜リード獲得（資料請求・問い合わせ）LP（パステル・ドリーミー・イラスト主体）","プロ（演出多め）"
"LP-03764","スクール・オンライン講座｜無料体験・カウンセリング予約LP（クール・テック・超大型タイポグラフィ）","プロ（演出多め）"
"LP-03765","レストラン・居酒屋｜リード獲得（資料請求・問い合わせ）LP（レトロ・Y2K・超大型タイポグラフィ）","プロ（演出多め）"
"LP-03766","食品・産直EC｜商品購入（単品通販）LP（信頼・誠実（コーポレート）・背景動画ループ＋オーバーレイ）","上級"
"LP-03767","ゲーム・eスポーツ｜リード獲得（資料請求・問い合わせ）LP（ネオン・サイバー・全面写真＋中央キャッチ）","プロ（演出多め）"
"LP-03768","プログラミングスクール｜無料体験・カウンセリング予約LP（3D・クレイ・イラスト主体）","プロ（演出多め）"
"LP-03769","ゲーム・eスポーツ｜会員登録・アプリDLLP（グラスモーフィズム・スクロールで商品が回転/分解）","プロ（演出多め）"
"LP-03770","YouTuber・インフルエンサー｜リード獲得（資料請求・問い合わせ）LP（ポップ・カラフル・ジェネラティブ背景＋コピー）","プロ（演出多め）"
"LP-03771","占い・スピリチュアル｜リード獲得（資料請求・問い合わせ）LP（ナチュラル・オーガニック・背景動画ループ＋オーバーレイ）","プロ（演出多め）"
"LP-03772","音楽・ライブ・イベント｜クラウドファンディング支援LP（ネオン・サイバー・ジェネラティブ背景＋コピー）","プロ（演出多め）"
"LP-03773","内科・クリニック｜採用エントリーLP（ナチュラル・オーガニック・背景動画ループ＋オーバーレイ）","プロ（演出多め）"
"LP-03774","NPO・地方自治体｜採用エントリーLP（ハンドメイド・手書き・スクロールで商品が回転/分解）","プロ（演出多め）"
"LP-03775","NPO・地方自治体｜採用エントリーLP（ジオメトリック・グラフィカル・背景動画ループ＋オーバーレイ）","プロ（演出多め）"
"LP-03776","ホテル・旅館｜リード獲得（資料請求・問い合わせ）LP（ラグジュアリー・高級感・ジェネラティブ背景＋コピー）","プロ（演出多め）"
"LP-03777","観光・地域プロモーション｜リード獲得（資料請求・問い合わせ）LP（ダーク・シネマティック・左テキスト×右商品/人物）","プロ（演出多め）"
"LP-03778","採用・求人｜採用エントリーLP（グラスモーフィズム・左テキスト×右商品/人物）","プロ（演出多め）"
"LP-03779","クラウドファンディング・新商品｜商品購入（単品通販）LP（ダーク・シネマティック・デバイスモックアップ浮遊）","プロ（演出多め）"
"LP-03780","建築設計事務所｜採用エントリーLP（エディトリアル・雑誌風・写真コラージュ）","プロ（演出多め）"
"LP-03781","食品・産直EC｜リード獲得（資料請求・問い合わせ）LP（ナチュラル・オーガニック・実績数字ドーン）","上級"
"LP-03782","内科・クリニック｜採用エントリーLP（信頼・誠実（コーポレート）・イラスト主体）","上級"
"LP-03783","AIサービス・スタートアップ｜会員登録・アプリDLLP（ネオン・サイバー・左テキスト×右商品/人物）","プロ（演出多め）"
"LP-03784","採用・求人｜リード獲得（資料請求・問い合わせ）LP（信頼・誠実（コーポレート）・イラスト主体）","プロ（演出多め）"
"LP-03785","ウェディング・結婚相談所｜無料体験・カウンセリング予約LP（ポップ・カラフル・背景動画ループ＋オーバーレイ）","プロ（演出多め）"
"LP-03786","和菓子・スイーツ｜クラウドファンディング支援LP（エディトリアル・雑誌風・イラスト主体）","プロ（演出多め）"
"LP-03787","美容クリニック｜無料体験・カウンセリング予約LP（ラグジュアリー・高級感・ジェネラティブ背景＋コピー）","プロ（演出多め）"
"LP-03788","スマホアプリ｜リード獲得（資料請求・問い合わせ）LP（クール・テック・デバイスモックアップ浮遊）","プロ（演出多め）"
"LP-03789","農業・地方の生産者｜リード獲得（資料請求・問い合わせ）LP（グラスモーフィズム・イラスト主体）","プロ（演出多め）"
"LP-03790","自動車・バイク｜採用エントリーLP（ダーク・シネマティック・全面写真＋中央キャッチ）","プロ（演出多め）"
"LP-03791","ペット・トリミング・動物病院｜商品購入（単品通販）LP（かわいい・ガーリー・イラスト主体）","プロ（演出多め）"
"LP-03792","レストラン・居酒屋｜LINE友だち追加LP（レトロ・Y2K・イラスト主体）","プロ（演出多め）"
"LP-03793","スマホアプリ｜会員登録・アプリDLLP（ポップ・カラフル・ジェネラティブ背景＋コピー）","プロ（演出多め）"
"LP-03794","ウェディング・結婚相談所｜LINE友だち追加LP（かわいい・ガーリー・デバイスモックアップ浮遊）","プロ（演出多め）"
"LP-03795","美容クリニック｜リード獲得（資料請求・問い合わせ）LP（信頼・誠実（コーポレート）・写真コラージュ）","プロ（演出多め）"
"LP-03796","引越し・生活サービス｜無料体験・カウンセリング予約LP（ポップ・カラフル・イラスト主体）","プロ（演出多め）"
"LP-03797","スマホアプリ｜リード獲得（資料請求・問い合わせ）LP（ポップ・カラフル・全面写真＋中央キャッチ）","プロ（演出多め）"
"LP-03798","引越し・生活サービス｜LINE友だち追加LP（信頼・誠実（コーポレート）・スクロールで商品が回転/分解）","上級"
"LP-03799","音楽・ライブ・イベント｜リード獲得（資料請求・問い合わせ）LP（ラグジュアリー・高級感・スクロールで商品が回転/分解）","プロ（演出多め）"
"LP-03800","AIサービス・スタートアップ｜セミナー・ウェビナー集客LP（ネオン・サイバー・スクロールで商品が回転/分解）","プロ（演出多め）"
"LP-03801","プログラミングスクール｜会員登録・アプリDLLP（ポップ・カラフル・超大型タイポグラフィ）","プロ（演出多め）"
"LP-03802","スマホアプリ｜リード獲得（資料請求・問い合わせ）LP（パステル・ドリーミー・超大型タイポグラフィ）","プロ（演出多め）"
"LP-03803","観光・地域プロモーション｜リード獲得（資料請求・問い合わせ）LP（ダーク・シネマティック・ジェネラティブ背景＋コピー）","プロ（演出多め）"
"LP-03804","レストラン・居酒屋｜リード獲得（資料請求・問い合わせ）LP（ダーク・シネマティック・左テキスト×右商品/人物）","プロ（演出多め）"
"LP-03805","ペット・トリミング・動物病院｜採用エントリーLP（クール・テック・スクロールで商品が回転/分解）","プロ（演出多め）"
"LP-03806","占い・スピリチュアル｜リード獲得（資料請求・問い合わせ）LP（ラグジュアリー・高級感・左テキスト×右商品/人物）","上級"
"LP-03807","コンサル・コーチング｜無料体験・カウンセリング予約LP（信頼・誠実（コーポレート）・ジェネラティブ背景＋コピー）","プロ（演出多め）"
"LP-03808","ヨガ・ピラティス｜リード獲得（資料請求・問い合わせ）LP（北欧・ライフスタイル・イラスト主体）","プロ（演出多め）"
"LP-03809","美容室・ヘアサロン｜無料体験・カウンセリング予約LP（ラグジュアリー・高級感・ジェネラティブ背景＋コピー）","プロ（演出多め）"
"LP-03810","スクール・オンライン講座｜会員登録・アプリDLLP（ポップ・カラフル・イラスト主体）","プロ（演出多め）"
"LP-03811","プログラミングスクール｜無料体験・カウンセリング予約LP（クール・テック・全面写真＋中央キャッチ）","プロ（演出多め）"
"LP-03812","コンサル・コーチング｜リード獲得（資料請求・問い合わせ）LP（エディトリアル・雑誌風・デバイスモックアップ浮遊）","プロ（演出多め）"
"LP-03813","歯科医院｜無料体験・カウンセリング予約LP（エディトリアル・雑誌風・ジェネラティブ背景＋コピー）","プロ（演出多め）"
"LP-03814","サウナ・温浴施設｜採用エントリーLP（和モダン・左テキスト×右商品/人物）","プロ（演出多め）"
"LP-03815","パーソナルジム・フィットネス｜リード獲得（資料請求・問い合わせ）LP（エネルギッシュ・スポーティ・イラスト主体）","プロ（演出多め）"
"LP-03816","クラウドファンディング・新商品｜リード獲得（資料請求・問い合わせ）LP（ポップ・カラフル・超大型タイポグラフィ）","プロ（演出多め）"
"LP-03817","美容室・ヘアサロン｜無料体験・カウンセリング予約LP（かわいい・ガーリー・写真コラージュ）","プロ（演出多め）"
"LP-03818","NPO・地方自治体｜クラウドファンディング支援LP（ハンドメイド・手書き・デバイスモックアップ浮遊）","プロ（演出多め）"
"LP-03819","SaaS・BtoBツール｜セミナー・ウェビナー集客LP（ミニマル・洗練・ジェネラティブ背景＋コピー）","プロ（演出多め）"
"LP-03820","工務店・注文住宅・リフォーム｜LINE友だち追加LP（信頼・誠実（コーポレート）・背景動画ループ＋オーバーレイ）","プロ（演出多め）"
"LP-03821","農業・地方の生産者｜クラウドファンディング支援LP（かわいい・ガーリー・デバイスモックアップ浮遊）","プロ（演出多め）"
"LP-03822","レストラン・居酒屋｜採用エントリーLP（ラグジュアリー・高級感・イラスト主体）","プロ（演出多め）"
"LP-03823","和菓子・スイーツ｜LINE友だち追加LP（パステル・ドリーミー・左テキスト×右商品/人物）","プロ（演出多め）"
"LP-03824","ペット・トリミング・動物病院｜商品購入（単品通販）LP（かわいい・ガーリー・ジェネラティブ背景＋コピー）","プロ（演出多め）"
"LP-03825","レストラン・居酒屋｜LINE友だち追加LP（ラグジュアリー・高級感・写真コラージュ）","上級"
"LP-03826","観光・地域プロモーション｜採用エントリーLP（和モダン・超大型タイポグラフィ）","プロ（演出多め）"
"LP-03827","士業（税理士・弁護士・行政書士）｜採用エントリーLP（和モダン・全面写真＋中央キャッチ）","プロ（演出多め）"
"LP-03828","美容室・ヘアサロン｜リード獲得（資料請求・問い合わせ）LP（ネオン・サイバー・デバイスモックアップ浮遊）","プロ（演出多め）"
"LP-03829","AIサービス・スタートアップ｜リード獲得（資料請求・問い合わせ）LP（クール・テック・全面写真＋中央キャッチ）","プロ（演出多め）"
"LP-03830","歯科医院｜リード獲得（資料請求・問い合わせ）LP（ミニマル・洗練・デバイスモックアップ浮遊）","プロ（演出多め）"
"LP-03831","音楽・ライブ・イベント｜クラウドファンディング支援LP（レトロ・Y2K・イラスト主体）","プロ（演出多め）"
"LP-03832","SaaS・BtoBツール｜無料体験・カウンセリング予約LP（ミニマル・洗練・左テキスト×右商品/人物）","プロ（演出多め）"
"LP-03833","金融・保険・投資｜採用エントリーLP（ミニマル・洗練・ジェネラティブ背景＋コピー）","プロ（演出多め）"
"LP-03834","保育園・幼児教育・習い事｜リード獲得（資料請求・問い合わせ）LP（ニューブルータリズム・スクロールで商品が回転/分解）","プロ（演出多め）"
"LP-03835","プログラミングスクール｜無料体験・カウンセリング予約LP（ラグジュアリー・高級感・写真コラージュ）","プロ（演出多め）"
"LP-03836","サウナ・温浴施設｜無料体験・カウンセリング予約LP（ニューブルータリズム・左テキスト×右商品/人物）","プロ（演出多め）"
"LP-03837","音楽・ライブ・イベント｜採用エントリーLP（レトロ・Y2K・背景動画ループ＋オーバーレイ）","プロ（演出多め）"
"LP-03838","金融・保険・投資｜無料体験・カウンセリング予約LP（クール・テック・左テキスト×右商品/人物）","プロ（演出多め）"
"LP-03839","建築設計事務所｜採用エントリーLP（ポップ・カラフル・写真コラージュ）","プロ（演出多め）"
"LP-03840","保育園・幼児教育・習い事｜無料体験・カウンセリング予約LP（ハンドメイド・手書き・写真コラージュ）","プロ（演出多め）"
"LP-03841","工務店・注文住宅・リフォーム｜採用エントリーLP（北欧・ライフスタイル・実績数字ドーン）","プロ（演出多め）"
"LP-03842","食品・産直EC｜リード獲得（資料請求・問い合わせ）LP（ミニマル・洗練・スクロールで商品が回転/分解）","プロ（演出多め）"
"LP-03843","アパレル・ファッションEC｜リード獲得（資料請求・問い合わせ）LP（エディトリアル・雑誌風・左テキスト×右商品/人物）","プロ（演出多め）"
"LP-03844","Web制作・デザイン事務所｜採用エントリーLP（ハンドメイド・手書き・デバイスモックアップ浮遊）","プロ（演出多め）"
"LP-03845","スマホアプリ｜会員登録・アプリDLLP（3D・クレイ・ジェネラティブ背景＋コピー）","プロ（演出多め）"
"LP-03846","アパレル・ファッションEC｜リード獲得（資料請求・問い合わせ）LP（エディトリアル・雑誌風・全面写真＋中央キャッチ）","プロ（演出多め）"
"LP-03847","占い・スピリチュアル｜LINE友だち追加LP（レトロ・Y2K・写真コラージュ）","プロ（演出多め）"
"LP-03848","工務店・注文住宅・リフォーム｜セミナー・ウェビナー集客LP（北欧・ライフスタイル・イラスト主体）","上級"
"LP-03849","不動産・マンション｜無料体験・カウンセリング予約LP（信頼・誠実（コーポレート）・左テキスト×右商品/人物）","プロ（演出多め）"
"LP-03850","ヨガ・ピラティス｜リード獲得（資料請求・問い合わせ）LP（パステル・ドリーミー・デバイスモックアップ浮遊）","上級"
"LP-03851","英会話・語学｜採用エントリーLP（ジオメトリック・グラフィカル・イラスト主体）","上級"
"LP-03852","パーソナルジム・フィットネス｜採用エントリーLP（ダーク・シネマティック・デバイスモックアップ浮遊）","プロ（演出多め）"
"LP-03853","エステ・脱毛サロン｜商品購入（単品通販）LP（ミニマル・洗練・左テキスト×右商品/人物）","プロ（演出多め）"
"LP-03854","音楽・ライブ・イベント｜クラウドファンディング支援LP（レトロ・Y2K・ジェネラティブ背景＋コピー）","プロ（演出多め）"
"LP-03855","採用・求人｜採用エントリーLP（エネルギッシュ・スポーティ・超大型タイポグラフィ）","上級"
"LP-03856","英会話・語学｜リード獲得（資料請求・問い合わせ）LP（ダーク・シネマティック・左テキスト×右商品/人物）","プロ（演出多め）"
"LP-03857","コスメ・スキンケア｜リード獲得（資料請求・問い合わせ）LP（パステル・ドリーミー・写真コラージュ）","プロ（演出多め）"
"LP-03858","スクール・オンライン講座｜セミナー・ウェビナー集客LP（クール・テック・左テキスト×右商品/人物）","上級"
"LP-03859","美容室・ヘアサロン｜採用エントリーLP（北欧・ライフスタイル・写真コラージュ）","プロ（演出多め）"
"LP-03860","クラウドファンディング・新商品｜リード獲得（資料請求・問い合わせ）LP（ポップ・カラフル・写真コラージュ）","上級"
"LP-03861","占い・スピリチュアル｜無料体験・カウンセリング予約LP（パステル・ドリーミー・デバイスモックアップ浮遊）","プロ（演出多め）"
"LP-03862","エステ・脱毛サロン｜採用エントリーLP（パステル・ドリーミー・スクロールで商品が回転/分解）","プロ（演出多め）"
"LP-03863","AIサービス・スタートアップ｜採用エントリーLP（ネオン・サイバー・写真コラージュ）","プロ（演出多め）"
"LP-03864","ヨガ・ピラティス｜LINE友だち追加LP（ミニマル・洗練・写真コラージュ）","プロ（演出多め）"
"LP-03865","カフェ・ベーカリー｜LINE友だち追加LP（エディトリアル・雑誌風・全面写真＋中央キャッチ）","プロ（演出多め）"
"LP-03866","保育園・幼児教育・習い事｜LINE友だち追加LP（ナチュラル・オーガニック・実績数字ドーン）","プロ（演出多め）"
"LP-03867","AIサービス・スタートアップ｜リード獲得（資料請求・問い合わせ）LP（和モダン・イラスト主体）","プロ（演出多め）"
"LP-03868","NPO・地方自治体｜リード獲得（資料請求・問い合わせ）LP（ジオメトリック・グラフィカル・実績数字ドーン）","プロ（演出多め）"
"LP-03869","スクール・オンライン講座｜会員登録・アプリDLLP（ポップ・カラフル・写真コラージュ）","プロ（演出多め）"
"LP-03870","美容室・ヘアサロン｜LINE友だち追加LP（ラグジュアリー・高級感・実績数字ドーン）","プロ（演出多め）"
"LP-03871","ホテル・旅館｜採用エントリーLP（エディトリアル・雑誌風・左テキスト×右商品/人物）","プロ（演出多め）"
"LP-03872","ホテル・旅館｜リード獲得（資料請求・問い合わせ）LP（ダーク・シネマティック・スクロールで商品が回転/分解）","プロ（演出多め）"
"LP-03873","クラウドファンディング・新商品｜採用エントリーLP（クール・テック・ジェネラティブ背景＋コピー）","プロ（演出多め）"
"LP-03874","ホテル・旅館｜リード獲得（資料請求・問い合わせ）LP（エディトリアル・雑誌風・超大型タイポグラフィ）","プロ（演出多め）"
"LP-03875","農業・地方の生産者｜クラウドファンディング支援LP（和モダン・ジェネラティブ背景＋コピー）","プロ（演出多め）"
"LP-03876","和菓子・スイーツ｜リード獲得（資料請求・問い合わせ）LP（パステル・ドリーミー・イラスト主体）","プロ（演出多め）"
"LP-03877","農業・地方の生産者｜クラウドファンディング支援LP（ナチュラル・オーガニック・実績数字ドーン）","プロ（演出多め）"
"LP-03878","和菓子・スイーツ｜商品購入（単品通販）LP（かわいい・ガーリー・左テキスト×右商品/人物）","プロ（演出多め）"
"LP-03879","採用・求人｜リード獲得（資料請求・問い合わせ）LP（ジオメトリック・グラフィカル・ジェネラティブ背景＋コピー）","プロ（演出多め）"
"LP-03880","レストラン・居酒屋｜採用エントリーLP（和モダン・デバイスモックアップ浮遊）","プロ（演出多め）"
"LP-03881","スマホアプリ｜商品購入（単品通販）LP（クール・テック・イラスト主体）","プロ（演出多め）"
"LP-03882","AIサービス・スタートアップ｜無料体験・カウンセリング予約LP（ネオン・サイバー・写真コラージュ）","プロ（演出多め）"
"LP-03883","内科・クリニック｜リード獲得（資料請求・問い合わせ）LP（北欧・ライフスタイル・超大型タイポグラフィ）","上級"
"LP-03884","パーソナルジム・フィットネス｜LINE友だち追加LP（ダーク・シネマティック・実績数字ドーン）","プロ（演出多め）"
"LP-03885","美容室・ヘアサロン｜採用エントリーLP（ミニマル・洗練・イラスト主体）","プロ（演出多め）"
"LP-03886","サウナ・温浴施設｜LINE友だち追加LP（レトロ・Y2K・超大型タイポグラフィ）","プロ（演出多め）"
"LP-03887","採用・求人｜リード獲得（資料請求・問い合わせ）LP（ジオメトリック・グラフィカル・超大型タイポグラフィ）","プロ（演出多め）"
"LP-03888","エステ・脱毛サロン｜採用エントリーLP（ナチュラル・オーガニック・全面写真＋中央キャッチ）","プロ（演出多め）"
"LP-03889","金融・保険・投資｜セミナー・ウェビナー集客LP（信頼・誠実（コーポレート）・左テキスト×右商品/人物）","プロ（演出多め）"
"LP-03890","AIサービス・スタートアップ｜無料体験・カウンセリング予約LP（クール・テック・イラスト主体）","プロ（演出多め）"
"LP-03891","エステ・脱毛サロン｜LINE友だち追加LP（ラグジュアリー・高級感・スクロールで商品が回転/分解）","プロ（演出多め）"
"LP-03892","音楽・ライブ・イベント｜クラウドファンディング支援LP（レトロ・Y2K・イラスト主体）","プロ（演出多め）"
"LP-03893","音楽・ライブ・イベント｜採用エントリーLP（和モダン・スクロールで商品が回転/分解）","プロ（演出多め）"
"LP-03894","食品・産直EC｜商品購入（単品通販）LP（ナチュラル・オーガニック・左テキスト×右商品/人物）","プロ（演出多め）"
"LP-03895","クラウドファンディング・新商品｜採用エントリーLP（ナチュラル・オーガニック・左テキスト×右商品/人物）","上級"
"LP-03896","工務店・注文住宅・リフォーム｜無料体験・カウンセリング予約LP（ミニマル・洗練・超大型タイポグラフィ）","プロ（演出多め）"
"LP-03897","クラウドファンディング・新商品｜採用エントリーLP（クール・テック・スクロールで商品が回転/分解）","プロ（演出多め）"
"LP-03898","食品・産直EC｜クラウドファンディング支援LP（ナチュラル・オーガニック・スクロールで商品が回転/分解）","プロ（演出多め）"
"LP-03899","コンサル・コーチング｜リード獲得（資料請求・問い合わせ）LP（ジオメトリック・グラフィカル・ジェネラティブ背景＋コピー）","プロ（演出多め）"
"LP-03900","サウナ・温浴施設｜無料体験・カウンセリング予約LP（レトロ・Y2K・全面写真＋中央キャッチ）","プロ（演出多め）"
"LP-03901","カフェ・ベーカリー｜リード獲得（資料請求・問い合わせ）LP（北欧・ライフスタイル・ジェネラティブ背景＋コピー）","プロ（演出多め）"
"LP-03902","ヨガ・ピラティス｜リード獲得（資料請求・問い合わせ）LP（ニューブルータリズム・デバイスモックアップ浮遊）","プロ（演出多め）"
"LP-03903","美容クリニック｜採用エントリーLP（信頼・誠実（コーポレート）・スクロールで商品が回転/分解）","プロ（演出多め）"
"LP-03904","美容室・ヘアサロン｜採用エントリーLP（ミニマル・洗練・全面写真＋中央キャッチ）","プロ（演出多め）"
"LP-03905","建築設計事務所｜リード獲得（資料請求・問い合わせ）LP（ジオメトリック・グラフィカル・ジェネラティブ背景＋コピー）","プロ（演出多め）"
"LP-03906","ホテル・旅館｜リード獲得（資料請求・問い合わせ）LP（ニューブルータリズム・全面写真＋中央キャッチ）","プロ（演出多め）"
"LP-03907","美容室・ヘアサロン｜リード獲得（資料請求・問い合わせ）LP（ラグジュアリー・高級感・実績数字ドーン）","プロ（演出多め）"
"LP-03908","ホテル・旅館｜採用エントリーLP（ミニマル・洗練・スクロールで商品が回転/分解）","プロ（演出多め）"
"LP-03909","自動車・バイク｜無料体験・カウンセリング予約LP（和モダン・左テキスト×右商品/人物）","プロ（演出多め）"
"LP-03910","スクール・オンライン講座｜リード獲得（資料請求・問い合わせ）LP（3D・クレイ・超大型タイポグラフィ）","プロ（演出多め）"
"LP-03911","建築設計事務所｜リード獲得（資料請求・問い合わせ）LP（エディトリアル・雑誌風・全面写真＋中央キャッチ）","上級"
"LP-03912","Web制作・デザイン事務所｜採用エントリーLP（ニューブルータリズム・左テキスト×右商品/人物）","プロ（演出多め）"
"LP-03913","ホテル・旅館｜LINE友だち追加LP（ダーク・シネマティック・背景動画ループ＋オーバーレイ）","プロ（演出多め）"
"LP-03914","建築設計事務所｜リード獲得（資料請求・問い合わせ）LP（ジオメトリック・グラフィカル・全面写真＋中央キャッチ）","プロ（演出多め）"
"LP-03915","内科・クリニック｜採用エントリーLP（北欧・ライフスタイル・実績数字ドーン）","プロ（演出多め）"
"LP-03916","コンサル・コーチング｜無料体験・カウンセリング予約LP（エネルギッシュ・スポーティ・超大型タイポグラフィ）","プロ（演出多め）"
"LP-03917","スクール・オンライン講座｜リード獲得（資料請求・問い合わせ）LP（ミニマル・洗練・ジェネラティブ背景＋コピー）","プロ（演出多め）"
"LP-03918","不動産・マンション｜リード獲得（資料請求・問い合わせ）LP（ダーク・シネマティック・スクロールで商品が回転/分解）","プロ（演出多め）"
"LP-03919","アパレル・ファッションEC｜採用エントリーLP（ミニマル・洗練・超大型タイポグラフィ）","上級"
"LP-03920","パーソナルジム・フィットネス｜無料体験・カウンセリング予約LP（エネルギッシュ・スポーティ・超大型タイポグラフィ）","プロ（演出多め）"
"LP-03921","ウェディング・結婚相談所｜リード獲得（資料請求・問い合わせ）LP（ラグジュアリー・高級感・イラスト主体）","プロ（演出多め）"
"LP-03922","SaaS・BtoBツール｜無料体験・カウンセリング予約LP（クール・テック・左テキスト×右商品/人物）","プロ（演出多め）"
"LP-03923","不動産・マンション｜セミナー・ウェビナー集客LP（ミニマル・洗練・ジェネラティブ背景＋コピー）","プロ（演出多め）"
"LP-03924","YouTuber・インフルエンサー｜会員登録・アプリDLLP（ニューブルータリズム・スクロールで商品が回転/分解）","プロ（演出多め）"
"LP-03925","不動産・マンション｜採用エントリーLP（ミニマル・洗練・写真コラージュ）","プロ（演出多め）"
"LP-03926","Web制作・デザイン事務所｜採用エントリーLP（ジオメトリック・グラフィカル・超大型タイポグラフィ）","プロ（演出多め）"
"LP-03927","プログラミングスクール｜採用エントリーLP（3D・クレイ・超大型タイポグラフィ）","プロ（演出多め）"
"LP-03928","占い・スピリチュアル｜無料体験・カウンセリング予約LP（ラグジュアリー・高級感・イラスト主体）","プロ（演出多め）"
"LP-03929","占い・スピリチュアル｜リード獲得（資料請求・問い合わせ）LP（パステル・ドリーミー・左テキスト×右商品/人物）","上級"
"LP-03930","採用・求人｜採用エントリーLP（信頼・誠実（コーポレート）・デバイスモックアップ浮遊）","プロ（演出多め）"
"LP-03931","アパレル・ファッションEC｜商品購入（単品通販）LP（ニューブルータリズム・全面写真＋中央キャッチ）","プロ（演出多め）"
"LP-03932","ウェディング・結婚相談所｜採用エントリーLP（ミニマル・洗練・スクロールで商品が回転/分解）","プロ（演出多め）"
"LP-03933","プログラミングスクール｜無料体験・カウンセリング予約LP（クール・テック・イラスト主体）","上級"
"LP-03934","ヨガ・ピラティス｜採用エントリーLP（ハンドメイド・手書き・左テキスト×右商品/人物）","プロ（演出多め）"
"LP-03935","コンサル・コーチング｜採用エントリーLP（エディトリアル・雑誌風・実績数字ドーン）","プロ（演出多め）"
"LP-03936","SaaS・BtoBツール｜リード獲得（資料請求・問い合わせ）LP（クール・テック・実績数字ドーン）","プロ（演出多め）"
"LP-03937","クラウドファンディング・新商品｜リード獲得（資料請求・問い合わせ）LP（ナチュラル・オーガニック・左テキスト×右商品/人物）","プロ（演出多め）"
"LP-03938","NPO・地方自治体｜リード獲得（資料請求・問い合わせ）LP（ハンドメイド・手書き・デバイスモックアップ浮遊）","プロ（演出多め）"
"LP-03939","サウナ・温浴施設｜無料体験・カウンセリング予約LP（レトロ・Y2K・イラスト主体）","上級"
"LP-03940","スマホアプリ｜リード獲得（資料請求・問い合わせ）LP（3D・クレイ・写真コラージュ）","プロ（演出多め）"
"LP-03941","スクール・オンライン講座｜会員登録・アプリDLLP（和モダン・デバイスモックアップ浮遊）","プロ（演出多め）"
"LP-03942","スマホアプリ｜リード獲得（資料請求・問い合わせ）LP（3D・クレイ・イラスト主体）","プロ（演出多め）"
"LP-03943","歯科医院｜LINE友だち追加LP（ミニマル・洗練・写真コラージュ）","プロ（演出多め）"
"LP-03944","観光・地域プロモーション｜リード獲得（資料請求・問い合わせ）LP（ハンドメイド・手書き・背景動画ループ＋オーバーレイ）","プロ（演出多め）"
"LP-03945","ホテル・旅館｜LINE友だち追加LP（ラグジュアリー・高級感・写真コラージュ）","プロ（演出多め）"
"LP-03946","自動車・バイク｜リード獲得（資料請求・問い合わせ）LP（ダーク・シネマティック・ジェネラティブ背景＋コピー）","プロ（演出多め）"
"LP-03947","英会話・語学｜リード獲得（資料請求・問い合わせ）LP（信頼・誠実（コーポレート）・背景動画ループ＋オーバーレイ）","プロ（演出多め）"
"LP-03948","音楽・ライブ・イベント｜リード獲得（資料請求・問い合わせ）LP（ダーク・シネマティック・実績数字ドーン）","プロ（演出多め）"
"LP-03949","コスメ・スキンケア｜リード獲得（資料請求・問い合わせ）LP（ラグジュアリー・高級感・ジェネラティブ背景＋コピー）","プロ（演出多め）"
"LP-03950","YouTuber・インフルエンサー｜採用エントリーLP（ニューブルータリズム・写真コラージュ）","プロ（演出多め）"
"LP-03951","占い・スピリチュアル｜LINE友だち追加LP（ダーク・シネマティック・写真コラージュ）","プロ（演出多め）"
"LP-03952","歯科医院｜リード獲得（資料請求・問い合わせ）LP（ミニマル・洗練・超大型タイポグラフィ）","プロ（演出多め）"
"LP-03953","美容クリニック｜無料体験・カウンセリング予約LP（ラグジュアリー・高級感・全面写真＋中央キャッチ）","プロ（演出多め）"
"LP-03954","レストラン・居酒屋｜リード獲得（資料請求・問い合わせ）LP（和モダン・全面写真＋中央キャッチ）","プロ（演出多め）"
"LP-03955","建築設計事務所｜リード獲得（資料請求・問い合わせ）LP（エディトリアル・雑誌風・全面写真＋中央キャッチ）","プロ（演出多め）"
"LP-03956","農業・地方の生産者｜採用エントリーLP（ハンドメイド・手書き・超大型タイポグラフィ）","プロ（演出多め）"
"LP-03957","パーソナルジム・フィットネス｜リード獲得（資料請求・問い合わせ）LP（エネルギッシュ・スポーティ・スクロールで商品が回転/分解）","プロ（演出多め）"
"LP-03958","クラウドファンディング・新商品｜クラウドファンディング支援LP（ナチュラル・オーガニック・全面写真＋中央キャッチ）","プロ（演出多め）"
"LP-03959","レストラン・居酒屋｜採用エントリーLP（和モダン・ジェネラティブ背景＋コピー）","プロ（演出多め）"
"LP-03960","内科・クリニック｜無料体験・カウンセリング予約LP（北欧・ライフスタイル・ジェネラティブ背景＋コピー）","プロ（演出多め）"
"LP-03961","エステ・脱毛サロン｜採用エントリーLP（かわいい・ガーリー・実績数字ドーン）","プロ（演出多め）"
"LP-03962","内科・クリニック｜リード獲得（資料請求・問い合わせ）LP（ポップ・カラフル・全面写真＋中央キャッチ）","プロ（演出多め）"
"LP-03963","農業・地方の生産者｜採用エントリーLP（ハンドメイド・手書き・ジェネラティブ背景＋コピー）","プロ（演出多め）"
"LP-03964","アパレル・ファッションEC｜商品購入（単品通販）LP（レトロ・Y2K・イラスト主体）","プロ（演出多め）"
"LP-03965","サウナ・温浴施設｜採用エントリーLP（ニューブルータリズム・スクロールで商品が回転/分解）","プロ（演出多め）"
"LP-03966","パーソナルジム・フィットネス｜採用エントリーLP（ダーク・シネマティック・イラスト主体）","プロ（演出多め）"
"LP-03967","パーソナルジム・フィットネス｜LINE友だち追加LP（エネルギッシュ・スポーティ・実績数字ドーン）","上級"
"LP-03968","建築設計事務所｜リード獲得（資料請求・問い合わせ）LP（エディトリアル・雑誌風・写真コラージュ）","プロ（演出多め）"
"LP-03969","音楽・ライブ・イベント｜採用エントリーLP（グラスモーフィズム・左テキスト×右商品/人物）","プロ（演出多め）"
"LP-03970","AIサービス・スタートアップ｜採用エントリーLP（ネオン・サイバー・デバイスモックアップ浮遊）","プロ（演出多め）"
"LP-03971","サウナ・温浴施設｜リード獲得（資料請求・問い合わせ）LP（ニューブルータリズム・全面写真＋中央キャッチ）","プロ（演出多め）"
"LP-03972","AIサービス・スタートアップ｜リード獲得（資料請求・問い合わせ）LP（ミニマル・洗練・全面写真＋中央キャッチ）","プロ（演出多め）"
"LP-03973","コスメ・スキンケア｜リード獲得（資料請求・問い合わせ）LP（ネオン・サイバー・デバイスモックアップ浮遊）","プロ（演出多め）"
"LP-03974","YouTuber・インフルエンサー｜会員登録・アプリDLLP（ネオン・サイバー・実績数字ドーン）","プロ（演出多め）"
"LP-03975","採用・求人｜リード獲得（資料請求・問い合わせ）LP（エネルギッシュ・スポーティ・イラスト主体）","プロ（演出多め）"
"LP-03976","保育園・幼児教育・習い事｜LINE友だち追加LP（ハンドメイド・手書き・超大型タイポグラフィ）","プロ（演出多め）"
"LP-03977","プログラミングスクール｜採用エントリーLP（3D・クレイ・左テキスト×右商品/人物）","プロ（演出多め）"
"LP-03978","農業・地方の生産者｜リード獲得（資料請求・問い合わせ）LP（ハンドメイド・手書き・ジェネラティブ背景＋コピー）","プロ（演出多め）"
"LP-03979","歯科医院｜リード獲得（資料請求・問い合わせ）LP（レトロ・Y2K・ジェネラティブ背景＋コピー）","プロ（演出多め）"
"LP-03980","アパレル・ファッションEC｜商品購入（単品通販）LP（ミニマル・洗練・写真コラージュ）","上級"
"LP-03981","不動産・マンション｜採用エントリーLP（ラグジュアリー・高級感・実績数字ドーン）","上級"
"LP-03982","カフェ・ベーカリー｜LINE友だち追加LP（北欧・ライフスタイル・超大型タイポグラフィ）","プロ（演出多め）"
"LP-03983","SaaS・BtoBツール｜セミナー・ウェビナー集客LP（3D・クレイ・超大型タイポグラフィ）","プロ（演出多め）"
"LP-03984","アパレル・ファッションEC｜採用エントリーLP（信頼・誠実（コーポレート）・背景動画ループ＋オーバーレイ）","プロ（演出多め）"
"LP-03985","自動車・バイク｜採用エントリーLP（ラグジュアリー・高級感・ジェネラティブ背景＋コピー）","プロ（演出多め）"
"LP-03986","建築設計事務所｜リード獲得（資料請求・問い合わせ）LP（ミニマル・洗練・全面写真＋中央キャッチ）","プロ（演出多め）"
"LP-03987","内科・クリニック｜無料体験・カウンセリング予約LP（ナチュラル・オーガニック・背景動画ループ＋オーバーレイ）","プロ（演出多め）"
"LP-03988","英会話・語学｜採用エントリーLP（3D・クレイ・ジェネラティブ背景＋コピー）","プロ（演出多め）"
"LP-03989","Web制作・デザイン事務所｜リード獲得（資料請求・問い合わせ）LP（クール・テック・全面写真＋中央キャッチ）","プロ（演出多め）"
"LP-03990","NPO・地方自治体｜採用エントリーLP（ナチュラル・オーガニック・背景動画ループ＋オーバーレイ）","上級"
"LP-03991","クラウドファンディング・新商品｜クラウドファンディング支援LP（クール・テック・左テキスト×右商品/人物）","プロ（演出多め）"
"LP-03992","プログラミングスクール｜無料体験・カウンセリング予約LP（ネオン・サイバー・ジェネラティブ背景＋コピー）","プロ（演出多め）"
"LP-03993","エステ・脱毛サロン｜LINE友だち追加LP（ハンドメイド・手書き・全面写真＋中央キャッチ）","プロ（演出多め）"
"LP-03994","アパレル・ファッションEC｜採用エントリーLP（エディトリアル・雑誌風・全面写真＋中央キャッチ）","プロ（演出多め）"
"LP-03995","観光・地域プロモーション｜クラウドファンディング支援LP（ナチュラル・オーガニック・全面写真＋中央キャッチ）","プロ（演出多め）"
"LP-03996","士業（税理士・弁護士・行政書士）｜セミナー・ウェビナー集客LP（和モダン・左テキスト×右商品/人物）","プロ（演出多め）"
"LP-03997","パーソナルジム・フィットネス｜採用エントリーLP（ダーク・シネマティック・背景動画ループ＋オーバーレイ）","プロ（演出多め）"
"LP-03998","美容クリニック｜無料体験・カウンセリング予約LP（信頼・誠実（コーポレート）・全面写真＋中央キャッチ）","プロ（演出多め）"
"LP-03999","美容クリニック｜リード獲得（資料請求・問い合わせ）LP（ミニマル・洗練・デバイスモックアップ浮遊）","プロ（演出多め）"
"LP-04000","採用・求人｜リード獲得（資料請求・問い合わせ）LP（信頼・誠実（コーポレート）・スクロールで商品が回転/分解）","プロ（演出多め）"
"LP-04001","レストラン・居酒屋｜リード獲得（資料請求・問い合わせ）LP（和モダン・背景動画ループ＋オーバーレイ）","上級"
"LP-04002","ホテル・旅館｜LINE友だち追加LP（ミニマル・洗練・全面写真＋中央キャッチ）","プロ（演出多め）"
"LP-04003","保育園・幼児教育・習い事｜LINE友だち追加LP（ナチュラル・オーガニック・超大型タイポグラフィ）","プロ（演出多め）"
"LP-04004","建築設計事務所｜採用エントリーLP（ミニマル・洗練・デバイスモックアップ浮遊）","プロ（演出多め）"
"LP-04005","クラウドファンディング・新商品｜採用エントリーLP（ナチュラル・オーガニック・超大型タイポグラフィ）","上級"
"LP-04006","内科・クリニック｜無料体験・カウンセリング予約LP（信頼・誠実（コーポレート）・左テキスト×右商品/人物）","プロ（演出多め）"
"LP-04007","和菓子・スイーツ｜商品購入（単品通販）LP（パステル・ドリーミー・写真コラージュ）","プロ（演出多め）"
"LP-04008","サウナ・温浴施設｜リード獲得（資料請求・問い合わせ）LP（ニューブルータリズム・写真コラージュ）","プロ（演出多め）"
"LP-04009","観光・地域プロモーション｜クラウドファンディング支援LP（ハンドメイド・手書き・実績数字ドーン）","プロ（演出多め）"
"LP-04010","工務店・注文住宅・リフォーム｜リード獲得（資料請求・問い合わせ）LP（ミニマル・洗練・イラスト主体）","プロ（演出多め）"
"LP-04011","アパレル・ファッションEC｜商品購入（単品通販）LP（エディトリアル・雑誌風・ジェネラティブ背景＋コピー）","プロ（演出多め）"
"LP-04012","コスメ・スキンケア｜商品購入（単品通販）LP（ミニマル・洗練・ジェネラティブ背景＋コピー）","プロ（演出多め）"
"LP-04013","ヨガ・ピラティス｜無料体験・カウンセリング予約LP（ナチュラル・オーガニック・イラスト主体）","プロ（演出多め）"
"LP-04014","スマホアプリ｜無料体験・カウンセリング予約LP（ラグジュアリー・高級感・写真コラージュ）","プロ（演出多め）"
"LP-04015","和菓子・スイーツ｜採用エントリーLP（和モダン・背景動画ループ＋オーバーレイ）","プロ（演出多め）"
"LP-04016","保育園・幼児教育・習い事｜無料体験・カウンセリング予約LP（ジオメトリック・グラフィカル・ジェネラティブ背景＋コピー）","プロ（演出多め）"
"LP-04017","採用・求人｜採用エントリーLP（ポップ・カラフル・デバイスモックアップ浮遊）","プロ（演出多め）"
"LP-04018","士業（税理士・弁護士・行政書士）｜採用エントリーLP（和モダン・左テキスト×右商品/人物）","プロ（演出多め）"
"LP-04019","エステ・脱毛サロン｜リード獲得（資料請求・問い合わせ）LP（ラグジュアリー・高級感・背景動画ループ＋オーバーレイ）","プロ（演出多め）"
"LP-04020","採用・求人｜採用エントリーLP（ポップ・カラフル・スクロールで商品が回転/分解）","プロ（演出多め）"
"LP-04021","金融・保険・投資｜セミナー・ウェビナー集客LP（エディトリアル・雑誌風・超大型タイポグラフィ）","プロ（演出多め）"
"LP-04022","ゲーム・eスポーツ｜リード獲得（資料請求・問い合わせ）LP（レトロ・Y2K・ジェネラティブ背景＋コピー）","プロ（演出多め）"
"LP-04023","ペット・トリミング・動物病院｜LINE友だち追加LP（パステル・ドリーミー・イラスト主体）","プロ（演出多め）"
"LP-04024","コンサル・コーチング｜無料体験・カウンセリング予約LP（ミニマル・洗練・背景動画ループ＋オーバーレイ）","プロ（演出多め）"
"LP-04025","エステ・脱毛サロン｜採用エントリーLP（ラグジュアリー・高級感・左テキスト×右商品/人物）","プロ（演出多め）"
"LP-04026","占い・スピリチュアル｜リード獲得（資料請求・問い合わせ）LP（和モダン・スクロールで商品が回転/分解）","プロ（演出多め）"
"LP-04027","スクール・オンライン講座｜セミナー・ウェビナー集客LP（信頼・誠実（コーポレート）・ジェネラティブ背景＋コピー）","プロ（演出多め）"
"LP-04028","クラウドファンディング・新商品｜クラウドファンディング支援LP（ナチュラル・オーガニック・実績数字ドーン）","プロ（演出多め）"
"LP-04029","スマホアプリ｜商品購入（単品通販）LP（ポップ・カラフル・イラスト主体）","プロ（演出多め）"
"LP-04030","英会話・語学｜無料体験・カウンセリング予約LP（3D・クレイ・背景動画ループ＋オーバーレイ）","プロ（演出多め）"
"LP-04031","カフェ・ベーカリー｜採用エントリーLP（レトロ・Y2K・写真コラージュ）","プロ（演出多め）"
"LP-04032","スマホアプリ｜採用エントリーLP（グラスモーフィズム・背景動画ループ＋オーバーレイ）","プロ（演出多め）"
"LP-04033","ウェディング・結婚相談所｜無料体験・カウンセリング予約LP（ミニマル・洗練・ジェネラティブ背景＋コピー）","プロ（演出多め）"
"LP-04034","ペット・トリミング・動物病院｜リード獲得（資料請求・問い合わせ）LP（3D・クレイ・超大型タイポグラフィ）","プロ（演出多め）"
"LP-04035","自動車・バイク｜採用エントリーLP（ミニマル・洗練・超大型タイポグラフィ）","プロ（演出多め）"
"LP-04036","スマホアプリ｜無料体験・カウンセリング予約LP（3D・クレイ・写真コラージュ）","プロ（演出多め）"
"LP-04037","引越し・生活サービス｜無料体験・カウンセリング予約LP（信頼・誠実（コーポレート）・スクロールで商品が回転/分解）","プロ（演出多め）"
"LP-04038","レストラン・居酒屋｜リード獲得（資料請求・問い合わせ）LP（ラグジュアリー・高級感・全面写真＋中央キャッチ）","上級"
"LP-04039","ホテル・旅館｜LINE友だち追加LP（エネルギッシュ・スポーティ・イラスト主体）","プロ（演出多め）"
"LP-04040","保育園・幼児教育・習い事｜採用エントリーLP（ポップ・カラフル・左テキスト×右商品/人物）","プロ（演出多め）"
"LP-04041","YouTuber・インフルエンサー｜採用エントリーLP（ニューブルータリズム・ジェネラティブ背景＋コピー）","プロ（演出多め）"
"LP-04042","歯科医院｜採用エントリーLP（ミニマル・洗練・写真コラージュ）","プロ（演出多め）"
"LP-04043","建築設計事務所｜採用エントリーLP（ジオメトリック・グラフィカル・デバイスモックアップ浮遊）","プロ（演出多め）"
"LP-04044","NPO・地方自治体｜リード獲得（資料請求・問い合わせ）LP（ナチュラル・オーガニック・ジェネラティブ背景＋コピー）","プロ（演出多め）"
"LP-04045","レストラン・居酒屋｜LINE友だち追加LP（ダーク・シネマティック・実績数字ドーン）","プロ（演出多め）"
"LP-04046","英会話・語学｜リード獲得（資料請求・問い合わせ）LP（信頼・誠実（コーポレート）・写真コラージュ）","プロ（演出多め）"
"LP-04047","サウナ・温浴施設｜無料体験・カウンセリング予約LP（和モダン・実績数字ドーン）","プロ（演出多め）"
"LP-04048","レストラン・居酒屋｜リード獲得（資料請求・問い合わせ）LP（和モダン・写真コラージュ）","上級"
"LP-04049","引越し・生活サービス｜無料体験・カウンセリング予約LP（信頼・誠実（コーポレート）・イラスト主体）","プロ（演出多め）"
"LP-04050","ウェディング・結婚相談所｜リード獲得（資料請求・問い合わせ）LP（パステル・ドリーミー・イラスト主体）","プロ（演出多め）"
"LP-04051","採用・求人｜採用エントリーLP（3D・クレイ・全面写真＋中央キャッチ）","プロ（演出多め）"
"LP-04052","保育園・幼児教育・習い事｜リード獲得（資料請求・問い合わせ）LP（ハンドメイド・手書き・左テキスト×右商品/人物）","プロ（演出多め）"
"LP-04053","コンサル・コーチング｜セミナー・ウェビナー集客LP（ラグジュアリー・高級感・ジェネラティブ背景＋コピー）","プロ（演出多め）"
"LP-04054","ウェディング・結婚相談所｜採用エントリーLP（ミニマル・洗練・イラスト主体）","上級"
"LP-04055","ウェディング・結婚相談所｜無料体験・カウンセリング予約LP（パステル・ドリーミー・写真コラージュ）","プロ（演出多め）"
"LP-04056","カフェ・ベーカリー｜リード獲得（資料請求・問い合わせ）LP（北欧・ライフスタイル・実績数字ドーン）","プロ（演出多め）"
"LP-04057","クラウドファンディング・新商品｜リード獲得（資料請求・問い合わせ）LP（北欧・ライフスタイル・左テキスト×右商品/人物）","プロ（演出多め）"
"LP-04058","カフェ・ベーカリー｜リード獲得（資料請求・問い合わせ）LP（信頼・誠実（コーポレート）・背景動画ループ＋オーバーレイ）","プロ（演出多め）"
"LP-04059","サウナ・温浴施設｜無料体験・カウンセリング予約LP（レトロ・Y2K・全面写真＋中央キャッチ）","プロ（演出多め）"
"LP-04060","英会話・語学｜会員登録・アプリDLLP（3D・クレイ・実績数字ドーン）","プロ（演出多め）"
"LP-04061","内科・クリニック｜LINE友だち追加LP（北欧・ライフスタイル・ジェネラティブ背景＋コピー）","プロ（演出多め）"
"LP-04062","スクール・オンライン講座｜セミナー・ウェビナー集客LP（レトロ・Y2K・左テキスト×右商品/人物）","プロ（演出多め）"
"LP-04063","占い・スピリチュアル｜LINE友だち追加LP（和モダン・デバイスモックアップ浮遊）","上級"
"LP-04064","歯科医院｜LINE友だち追加LP（信頼・誠実（コーポレート）・スクロールで商品が回転/分解）","プロ（演出多め）"
"LP-04065","歯科医院｜無料体験・カウンセリング予約LP（ナチュラル・オーガニック・背景動画ループ＋オーバーレイ）","上級"
"LP-04066","コスメ・スキンケア｜商品購入（単品通販）LP（ナチュラル・オーガニック・超大型タイポグラフィ）","プロ（演出多め）"
"LP-04067","ホテル・旅館｜リード獲得（資料請求・問い合わせ）LP（和モダン・写真コラージュ）","プロ（演出多め）"
"LP-04068","工務店・注文住宅・リフォーム｜セミナー・ウェビナー集客LP（ミニマル・洗練・実績数字ドーン）","プロ（演出多め）"
"LP-04069","AIサービス・スタートアップ｜リード獲得（資料請求・問い合わせ）LP（グラスモーフィズム・ジェネラティブ背景＋コピー）","プロ（演出多め）"
"LP-04070","占い・スピリチュアル｜無料体験・カウンセリング予約LP（和モダン・ジェネラティブ背景＋コピー）","上級"
"LP-04071","建築設計事務所｜採用エントリーLP（クール・テック・背景動画ループ＋オーバーレイ）","プロ（演出多め）"
"LP-04072","コンサル・コーチング｜無料体験・カウンセリング予約LP（ミニマル・洗練・超大型タイポグラフィ）","プロ（演出多め）"
"LP-04073","工務店・注文住宅・リフォーム｜リード獲得（資料請求・問い合わせ）LP（ナチュラル・オーガニック・超大型タイポグラフィ）","プロ（演出多め）"
"LP-04074","レストラン・居酒屋｜採用エントリーLP（ダーク・シネマティック・背景動画ループ＋オーバーレイ）","プロ（演出多め）"
"LP-04075","Web制作・デザイン事務所｜リード獲得（資料請求・問い合わせ）LP（クール・テック・左テキスト×右商品/人物）","上級"
"LP-04076","エステ・脱毛サロン｜採用エントリーLP（信頼・誠実（コーポレート）・イラスト主体）","上級"
"LP-04077","不動産・マンション｜無料体験・カウンセリング予約LP（ミニマル・洗練・ジェネラティブ背景＋コピー）","上級"
"LP-04078","占い・スピリチュアル｜採用エントリーLP（ラグジュアリー・高級感・背景動画ループ＋オーバーレイ）","プロ（演出多め）"
"LP-04079","パーソナルジム・フィットネス｜採用エントリーLP（ダーク・シネマティック・ジェネラティブ背景＋コピー）","プロ（演出多め）"
"LP-04080","自動車・バイク｜無料体験・カウンセリング予約LP（ラグジュアリー・高級感・スクロールで商品が回転/分解）","プロ（演出多め）"
"LP-04081","美容室・ヘアサロン｜無料体験・カウンセリング予約LP（エディトリアル・雑誌風・超大型タイポグラフィ）","プロ（演出多め）"
"LP-04082","パーソナルジム・フィットネス｜リード獲得（資料請求・問い合わせ）LP（クール・テック・イラスト主体）","プロ（演出多め）"
"LP-04083","コンサル・コーチング｜採用エントリーLP（エディトリアル・雑誌風・イラスト主体）","プロ（演出多め）"
"LP-04084","和菓子・スイーツ｜LINE友だち追加LP（和モダン・イラスト主体）","プロ（演出多め）"
"LP-04085","スマホアプリ｜商品購入（単品通販）LP（ニューブルータリズム・ジェネラティブ背景＋コピー）","プロ（演出多め）"
"LP-04086","音楽・ライブ・イベント｜採用エントリーLP（レトロ・Y2K・イラスト主体）","上級"
"LP-04087","ホテル・旅館｜採用エントリーLP（ラグジュアリー・高級感・写真コラージュ）","プロ（演出多め）"
"LP-04088","スマホアプリ｜会員登録・アプリDLLP（グラスモーフィズム・背景動画ループ＋オーバーレイ）","プロ（演出多め）"
"LP-04089","不動産・マンション｜採用エントリーLP（ラグジュアリー・高級感・背景動画ループ＋オーバーレイ）","プロ（演出多め）"
"LP-04090","コスメ・スキンケア｜商品購入（単品通販）LP（ミニマル・洗練・全面写真＋中央キャッチ）","プロ（演出多め）"
"LP-04091","クラウドファンディング・新商品｜クラウドファンディング支援LP（クール・テック・実績数字ドーン）","プロ（演出多め）"
"LP-04092","内科・クリニック｜無料体験・カウンセリング予約LP（北欧・ライフスタイル・実績数字ドーン）","プロ（演出多め）"
"LP-04093","ウェディング・結婚相談所｜採用エントリーLP（ミニマル・洗練・背景動画ループ＋オーバーレイ）","プロ（演出多め）"
"LP-04094","プログラミングスクール｜セミナー・ウェビナー集客LP（3D・クレイ・左テキスト×右商品/人物）","プロ（演出多め）"
"LP-04095","不動産・マンション｜採用エントリーLP（信頼・誠実（コーポレート）・ジェネラティブ背景＋コピー）","プロ（演出多め）"
"LP-04096","保育園・幼児教育・習い事｜採用エントリーLP（ポップ・カラフル・超大型タイポグラフィ）","プロ（演出多め）"
"LP-04097","食品・産直EC｜リード獲得（資料請求・問い合わせ）LP（ナチュラル・オーガニック・イラスト主体）","プロ（演出多め）"
"LP-04098","農業・地方の生産者｜採用エントリーLP（北欧・ライフスタイル・イラスト主体）","プロ（演出多め）"
"LP-04099","内科・クリニック｜LINE友だち追加LP（北欧・ライフスタイル・スクロールで商品が回転/分解）","プロ（演出多め）"
"LP-04100","エステ・脱毛サロン｜リード獲得（資料請求・問い合わせ）LP（かわいい・ガーリー・超大型タイポグラフィ）","プロ（演出多め）"
"LP-04101","ヨガ・ピラティス｜採用エントリーLP（ナチュラル・オーガニック・写真コラージュ）","上級"
"LP-04102","ホテル・旅館｜リード獲得（資料請求・問い合わせ）LP（ラグジュアリー・高級感・イラスト主体）","プロ（演出多め）"
"LP-04103","パーソナルジム・フィットネス｜採用エントリーLP（クール・テック・スクロールで商品が回転/分解）","プロ（演出多め）"
"LP-04104","エステ・脱毛サロン｜リード獲得（資料請求・問い合わせ）LP（かわいい・ガーリー・写真コラージュ）","プロ（演出多め）"
"LP-04105","保育園・幼児教育・習い事｜リード獲得（資料請求・問い合わせ）LP（エディトリアル・雑誌風・ジェネラティブ背景＋コピー）","プロ（演出多め）"
"LP-04106","SaaS・BtoBツール｜会員登録・アプリDLLP（グラスモーフィズム・写真コラージュ）","プロ（演出多め）"
"LP-04107","建築設計事務所｜リード獲得（資料請求・問い合わせ）LP（ジオメトリック・グラフィカル・イラスト主体）","プロ（演出多め）"
"LP-04108","サウナ・温浴施設｜LINE友だち追加LP（北欧・ライフスタイル・デバイスモックアップ浮遊）","プロ（演出多め）"
"LP-04109","観光・地域プロモーション｜採用エントリーLP（ナチュラル・オーガニック・デバイスモックアップ浮遊）","プロ（演出多め）"
"LP-04110","AIサービス・スタートアップ｜リード獲得（資料請求・問い合わせ）LP（ダーク・シネマティック・超大型タイポグラフィ）","プロ（演出多め）"
"LP-04111","スマホアプリ｜商品購入（単品通販）LP（クール・テック・写真コラージュ）","プロ（演出多め）"
"LP-04112","食品・産直EC｜採用エントリーLP（ハンドメイド・手書き・デバイスモックアップ浮遊）","プロ（演出多め）"
"LP-04113","パーソナルジム・フィットネス｜LINE友だち追加LP（クール・テック・左テキスト×右商品/人物）","上級"
"LP-04114","工務店・注文住宅・リフォーム｜セミナー・ウェビナー集客LP（ミニマル・洗練・イラスト主体）","プロ（演出多め）"
"LP-04115","採用・求人｜リード獲得（資料請求・問い合わせ）LP（信頼・誠実（コーポレート）・スクロールで商品が回転/分解）","プロ（演出多め）"
"LP-04116","内科・クリニック｜無料体験・カウンセリング予約LP（ナチュラル・オーガニック・全面写真＋中央キャッチ）","プロ（演出多め）"
"LP-04117","サウナ・温浴施設｜LINE友だち追加LP（ナチュラル・オーガニック・デバイスモックアップ浮遊）","上級"
"LP-04118","不動産・マンション｜無料体験・カウンセリング予約LP（ラグジュアリー・高級感・左テキスト×右商品/人物）","プロ（演出多め）"
"LP-04119","スクール・オンライン講座｜無料体験・カウンセリング予約LP（信頼・誠実（コーポレート）・デバイスモックアップ浮遊）","プロ（演出多め）"
"LP-04120","コスメ・スキンケア｜商品購入（単品通販）LP（ナチュラル・オーガニック・イラスト主体）","プロ（演出多め）"
"LP-04121","スマホアプリ｜会員登録・アプリDLLP（クール・テック・実績数字ドーン）","プロ（演出多め）"
"LP-04122","不動産・マンション｜採用エントリーLP（信頼・誠実（コーポレート）・左テキスト×右商品/人物）","プロ（演出多め）"
"LP-04123","金融・保険・投資｜採用エントリーLP（ミニマル・洗練・左テキスト×右商品/人物）","プロ（演出多め）"
"LP-04124","食品・産直EC｜リード獲得（資料請求・問い合わせ）LP（和モダン・デバイスモックアップ浮遊）","プロ（演出多め）"
"LP-04125","和菓子・スイーツ｜採用エントリーLP（かわいい・ガーリー・背景動画ループ＋オーバーレイ）","プロ（演出多め）"
"LP-04126","Web制作・デザイン事務所｜セミナー・ウェビナー集客LP（クール・テック・全面写真＋中央キャッチ）","プロ（演出多め）"
"LP-04127","内科・クリニック｜無料体験・カウンセリング予約LP（ナチュラル・オーガニック・ジェネラティブ背景＋コピー）","プロ（演出多め）"
"LP-04128","農業・地方の生産者｜リード獲得（資料請求・問い合わせ）LP（和モダン・超大型タイポグラフィ）","プロ（演出多め）"
"LP-04129","ヨガ・ピラティス｜LINE友だち追加LP（ナチュラル・オーガニック・全面写真＋中央キャッチ）","プロ（演出多め）"
"LP-04130","士業（税理士・弁護士・行政書士）｜採用エントリーLP（和モダン・実績数字ドーン）","プロ（演出多め）"
"LP-04131","士業（税理士・弁護士・行政書士）｜採用エントリーLP（ミニマル・洗練・デバイスモックアップ浮遊）","上級"
"LP-04132","AIサービス・スタートアップ｜採用エントリーLP（ミニマル・洗練・左テキスト×右商品/人物）","プロ（演出多め）"
"LP-04133","美容室・ヘアサロン｜採用エントリーLP（3D・クレイ・背景動画ループ＋オーバーレイ）","プロ（演出多め）"
"LP-04134","内科・クリニック｜無料体験・カウンセリング予約LP（パステル・ドリーミー・ジェネラティブ背景＋コピー）","プロ（演出多め）"
"LP-04135","農業・地方の生産者｜クラウドファンディング支援LP（ナチュラル・オーガニック・イラスト主体）","プロ（演出多め）"
"LP-04136","ペット・トリミング・動物病院｜採用エントリーLP（3D・クレイ・左テキスト×右商品/人物）","プロ（演出多め）"
"LP-04137","美容室・ヘアサロン｜LINE友だち追加LP（ミニマル・洗練・デバイスモックアップ浮遊）","プロ（演出多め）"
"LP-04138","ペット・トリミング・動物病院｜LINE友だち追加LP（ナチュラル・オーガニック・左テキスト×右商品/人物）","プロ（演出多め）"
"LP-04139","コスメ・スキンケア｜リード獲得（資料請求・問い合わせ）LP（ナチュラル・オーガニック・写真コラージュ）","プロ（演出多め）"
"LP-04140","ペット・トリミング・動物病院｜リード獲得（資料請求・問い合わせ）LP（ラグジュアリー・高級感・左テキスト×右商品/人物）","プロ（演出多め）"
"LP-04141","食品・産直EC｜商品購入（単品通販）LP（ハンドメイド・手書き・背景動画ループ＋オーバーレイ）","プロ（演出多め）"
"LP-04142","ペット・トリミング・動物病院｜リード獲得（資料請求・問い合わせ）LP（グラスモーフィズム・ジェネラティブ背景＋コピー）","プロ（演出多め）"
"LP-04143","採用・求人｜リード獲得（資料請求・問い合わせ）LP（ミニマル・洗練・左テキスト×右商品/人物）","プロ（演出多め）"
"LP-04144","歯科医院｜無料体験・カウンセリング予約LP（ナチュラル・オーガニック・ジェネラティブ背景＋コピー）","プロ（演出多め）"
"LP-04145","スクール・オンライン講座｜無料体験・カウンセリング予約LP（3D・クレイ・イラスト主体）","プロ（演出多め）"
"LP-04146","ヨガ・ピラティス｜無料体験・カウンセリング予約LP（パステル・ドリーミー・ジェネラティブ背景＋コピー）","プロ（演出多め）"
"LP-04147","NPO・地方自治体｜採用エントリーLP（エネルギッシュ・スポーティ・実績数字ドーン）","プロ（演出多め）"
"LP-04148","和菓子・スイーツ｜クラウドファンディング支援LP（和モダン・イラスト主体）","プロ（演出多め）"
"LP-04149","SaaS・BtoBツール｜採用エントリーLP（3D・クレイ・全面写真＋中央キャッチ）","プロ（演出多め）"
"LP-04150","コンサル・コーチング｜リード獲得（資料請求・問い合わせ）LP（信頼・誠実（コーポレート）・左テキスト×右商品/人物）","プロ（演出多め）"
"LP-04151","クラウドファンディング・新商品｜クラウドファンディング支援LP（ポップ・カラフル・実績数字ドーン）","プロ（演出多め）"
"LP-04152","占い・スピリチュアル｜LINE友だち追加LP（ダーク・シネマティック・デバイスモックアップ浮遊）","プロ（演出多め）"
"LP-04153","金融・保険・投資｜セミナー・ウェビナー集客LP（ミニマル・洗練・超大型タイポグラフィ）","プロ（演出多め）"
"LP-04154","観光・地域プロモーション｜リード獲得（資料請求・問い合わせ）LP（ハンドメイド・手書き・超大型タイポグラフィ）","プロ（演出多め）"
"LP-04155","採用・求人｜採用エントリーLP（信頼・誠実（コーポレート）・全面写真＋中央キャッチ）","プロ（演出多め）"
"LP-04156","美容クリニック｜採用エントリーLP（ハンドメイド・手書き・左テキスト×右商品/人物）","プロ（演出多め）"
"LP-04157","ホテル・旅館｜採用エントリーLP（ラグジュアリー・高級感・デバイスモックアップ浮遊）","プロ（演出多め）"
"LP-04158","金融・保険・投資｜リード獲得（資料請求・問い合わせ）LP（ナチュラル・オーガニック・背景動画ループ＋オーバーレイ）","プロ（演出多め）"
"LP-04159","AIサービス・スタートアップ｜会員登録・アプリDLLP（ネオン・サイバー・イラスト主体）","プロ（演出多め）"
"LP-04160","和菓子・スイーツ｜リード獲得（資料請求・問い合わせ）LP（パステル・ドリーミー・超大型タイポグラフィ）","プロ（演出多め）"
"LP-04161","占い・スピリチュアル｜LINE友だち追加LP（和モダン・スクロールで商品が回転/分解）","プロ（演出多め）"
"LP-04162","農業・地方の生産者｜クラウドファンディング支援LP（ハンドメイド・手書き・スクロールで商品が回転/分解）","プロ（演出多め）"
"LP-04163","サウナ・温浴施設｜採用エントリーLP（ダーク・シネマティック・スクロールで商品が回転/分解）","プロ（演出多め）"
"LP-04164","プログラミングスクール｜採用エントリーLP（ラグジュアリー・高級感・全面写真＋中央キャッチ）","プロ（演出多め）"
"LP-04165","レストラン・居酒屋｜リード獲得（資料請求・問い合わせ）LP（ハンドメイド・手書き・全面写真＋中央キャッチ）","プロ（演出多め）"
"LP-04166","NPO・地方自治体｜リード獲得（資料請求・問い合わせ）LP（ジオメトリック・グラフィカル・超大型タイポグラフィ）","プロ（演出多め）"
"LP-04167","SaaS・BtoBツール｜会員登録・アプリDLLP（ミニマル・洗練・デバイスモックアップ浮遊）","プロ（演出多め）"
"LP-04168","ヨガ・ピラティス｜リード獲得（資料請求・問い合わせ）LP（ミニマル・洗練・背景動画ループ＋オーバーレイ）","プロ（演出多め）"
"LP-04169","歯科医院｜無料体験・カウンセリング予約LP（信頼・誠実（コーポレート）・超大型タイポグラフィ）","プロ（演出多め）"
"LP-04170","金融・保険・投資｜無料体験・カウンセリング予約LP（信頼・誠実（コーポレート）・全面写真＋中央キャッチ）","プロ（演出多め）"
"LP-04171","和菓子・スイーツ｜商品購入（単品通販）LP（和モダン・実績数字ドーン）","プロ（演出多め）"
"LP-04172","サウナ・温浴施設｜LINE友だち追加LP（ニューブルータリズム・スクロールで商品が回転/分解）","プロ（演出多め）"
"LP-04173","音楽・ライブ・イベント｜クラウドファンディング支援LP（ミニマル・洗練・スクロールで商品が回転/分解）","プロ（演出多め）"
"LP-04174","ヨガ・ピラティス｜LINE友だち追加LP（ミニマル・洗練・超大型タイポグラフィ）","プロ（演出多め）"
"LP-04175","農業・地方の生産者｜商品購入（単品通販）LP（ナチュラル・オーガニック・スクロールで商品が回転/分解）","プロ（演出多め）"
"LP-04176","カフェ・ベーカリー｜採用エントリーLP（レトロ・Y2K・スクロールで商品が回転/分解）","プロ（演出多め）"
"LP-04177","ホテル・旅館｜LINE友だち追加LP（ハンドメイド・手書き・実績数字ドーン）","プロ（演出多め）"
"LP-04178","コスメ・スキンケア｜リード獲得（資料請求・問い合わせ）LP（ミニマル・洗練・超大型タイポグラフィ）","上級"
"LP-04179","保育園・幼児教育・習い事｜LINE友だち追加LP（ナチュラル・オーガニック・超大型タイポグラフィ）","プロ（演出多め）"
"LP-04180","士業（税理士・弁護士・行政書士）｜無料体験・カウンセリング予約LP（和モダン・背景動画ループ＋オーバーレイ）","プロ（演出多め）"
"LP-04181","音楽・ライブ・イベント｜クラウドファンディング支援LP（レトロ・Y2K・デバイスモックアップ浮遊）","プロ（演出多め）"
"LP-04182","コンサル・コーチング｜セミナー・ウェビナー集客LP（信頼・誠実（コーポレート）・イラスト主体）","プロ（演出多め）"
"LP-04183","エステ・脱毛サロン｜無料体験・カウンセリング予約LP（ラグジュアリー・高級感・全面写真＋中央キャッチ）","プロ（演出多め）"
"LP-04184","ホテル・旅館｜リード獲得（資料請求・問い合わせ）LP（ラグジュアリー・高級感・デバイスモックアップ浮遊）","プロ（演出多め）"
"LP-04185","食品・産直EC｜リード獲得（資料請求・問い合わせ）LP（ポップ・カラフル・ジェネラティブ背景＋コピー）","プロ（演出多め）"
"LP-04186","自動車・バイク｜無料体験・カウンセリング予約LP（ラグジュアリー・高級感・ジェネラティブ背景＋コピー）","プロ（演出多め）"
"LP-04187","スクール・オンライン講座｜採用エントリーLP（信頼・誠実（コーポレート）・背景動画ループ＋オーバーレイ）","プロ（演出多め）"
"LP-04188","工務店・注文住宅・リフォーム｜LINE友だち追加LP（信頼・誠実（コーポレート）・超大型タイポグラフィ）","プロ（演出多め）"
"LP-04189","プログラミングスクール｜採用エントリーLP（3D・クレイ・実績数字ドーン）","プロ（演出多め）"
"LP-04190","ウェディング・結婚相談所｜LINE友だち追加LP（かわいい・ガーリー・全面写真＋中央キャッチ）","プロ（演出多め）"
"LP-04191","ペット・トリミング・動物病院｜LINE友だち追加LP（かわいい・ガーリー・背景動画ループ＋オーバーレイ）","プロ（演出多め）"
"LP-04192","SaaS・BtoBツール｜セミナー・ウェビナー集客LP（クール・テック・背景動画ループ＋オーバーレイ）","上級"
"LP-04193","クラウドファンディング・新商品｜リード獲得（資料請求・問い合わせ）LP（ナチュラル・オーガニック・イラスト主体）","プロ（演出多め）"
"LP-04194","金融・保険・投資｜採用エントリーLP（クール・テック・イラスト主体）","プロ（演出多め）"
"LP-04195","プログラミングスクール｜リード獲得（資料請求・問い合わせ）LP（ネオン・サイバー・イラスト主体）","プロ（演出多め）"
"LP-04196","音楽・ライブ・イベント｜リード獲得（資料請求・問い合わせ）LP（ネオン・サイバー・デバイスモックアップ浮遊）","プロ（演出多め）"
"LP-04197","建築設計事務所｜リード獲得（資料請求・問い合わせ）LP（ジオメトリック・グラフィカル・ジェネラティブ背景＋コピー）","プロ（演出多め）"
"LP-04198","士業（税理士・弁護士・行政書士）｜無料体験・カウンセリング予約LP（信頼・誠実（コーポレート）・超大型タイポグラフィ）","プロ（演出多め）"
"LP-04199","ウェディング・結婚相談所｜LINE友だち追加LP（ミニマル・洗練・実績数字ドーン）","プロ（演出多め）"
"LP-04200","英会話・語学｜リード獲得（資料請求・問い合わせ）LP（ジオメトリック・グラフィカル・写真コラージュ）","プロ（演出多め）"
"LP-04201","SaaS・BtoBツール｜会員登録・アプリDLLP（信頼・誠実（コーポレート）・イラスト主体）","プロ（演出多め）"
"LP-04202","クラウドファンディング・新商品｜クラウドファンディング支援LP（クール・テック・超大型タイポグラフィ）","プロ（演出多め）"
"LP-04203","建築設計事務所｜採用エントリーLP（ミニマル・洗練・超大型タイポグラフィ）","プロ（演出多め）"
"LP-04204","内科・クリニック｜無料体験・カウンセリング予約LP（北欧・ライフスタイル・スクロールで商品が回転/分解）","プロ（演出多め）"
"LP-04205","工務店・注文住宅・リフォーム｜採用エントリーLP（ナチュラル・オーガニック・実績数字ドーン）","プロ（演出多め）"
"LP-04206","クラウドファンディング・新商品｜クラウドファンディング支援LP（ナチュラル・オーガニック・イラスト主体）","プロ（演出多め）"
"LP-04207","サウナ・温浴施設｜採用エントリーLP（レトロ・Y2K・全面写真＋中央キャッチ）","プロ（演出多め）"
"LP-04208","観光・地域プロモーション｜採用エントリーLP（和モダン・写真コラージュ）","プロ（演出多め）"
"LP-04209","和菓子・スイーツ｜リード獲得（資料請求・問い合わせ）LP（ナチュラル・オーガニック・写真コラージュ）","プロ（演出多め）"
"LP-04210","サウナ・温浴施設｜採用エントリーLP（レトロ・Y2K・イラスト主体）","プロ（演出多め）"
"LP-04211","金融・保険・投資｜無料体験・カウンセリング予約LP（信頼・誠実（コーポレート）・左テキスト×右商品/人物）","上級"
"LP-04212","AIサービス・スタートアップ｜会員登録・アプリDLLP（クール・テック・ジェネラティブ背景＋コピー）","プロ（演出多め）"
"LP-04213","食品・産直EC｜商品購入（単品通販）LP（エディトリアル・雑誌風・スクロールで商品が回転/分解）","プロ（演出多め）"
"LP-04214","金融・保険・投資｜会員登録・アプリDLLP（かわいい・ガーリー・背景動画ループ＋オーバーレイ）","プロ（演出多め）"
"LP-04215","YouTuber・インフルエンサー｜採用エントリーLP（かわいい・ガーリー・イラスト主体）","プロ（演出多め）"
"LP-04216","スクール・オンライン講座｜会員登録・アプリDLLP（信頼・誠実（コーポレート）・イラスト主体）","プロ（演出多め）"
"LP-04217","音楽・ライブ・イベント｜クラウドファンディング支援LP（ニューブルータリズム・デバイスモックアップ浮遊）","プロ（演出多め）"
"LP-04218","スマホアプリ｜無料体験・カウンセリング予約LP（ポップ・カラフル・スクロールで商品が回転/分解）","プロ（演出多め）"
"LP-04219","金融・保険・投資｜無料体験・カウンセリング予約LP（クール・テック・スクロールで商品が回転/分解）","プロ（演出多め）"
"LP-04220","美容室・ヘアサロン｜LINE友だち追加LP（クール・テック・超大型タイポグラフィ）","プロ（演出多め）"
"LP-04221","コンサル・コーチング｜無料体験・カウンセリング予約LP（エディトリアル・雑誌風・実績数字ドーン）","プロ（演出多め）"
"LP-04222","建築設計事務所｜リード獲得（資料請求・問い合わせ）LP（パステル・ドリーミー・実績数字ドーン）","プロ（演出多め）"
"LP-04223","歯科医院｜LINE友だち追加LP（ナチュラル・オーガニック・スクロールで商品が回転/分解）","プロ（演出多め）"
"LP-04224","英会話・語学｜無料体験・カウンセリング予約LP（ポップ・カラフル・実績数字ドーン）","プロ（演出多め）"
"LP-04225","コスメ・スキンケア｜商品購入（単品通販）LP（ナチュラル・オーガニック・超大型タイポグラフィ）","プロ（演出多め）"
"LP-04226","工務店・注文住宅・リフォーム｜採用エントリーLP（エディトリアル・雑誌風・イラスト主体）","プロ（演出多め）"
"LP-04227","NPO・地方自治体｜リード獲得（資料請求・問い合わせ）LP（信頼・誠実（コーポレート）・実績数字ドーン）","プロ（演出多め）"
"LP-04228","内科・クリニック｜リード獲得（資料請求・問い合わせ）LP（ダーク・シネマティック・超大型タイポグラフィ）","上級"
"LP-04229","Web制作・デザイン事務所｜採用エントリーLP（エディトリアル・雑誌風・スクロールで商品が回転/分解）","プロ（演出多め）"
"LP-04230","Web制作・デザイン事務所｜採用エントリーLP（ジオメトリック・グラフィカル・背景動画ループ＋オーバーレイ）","プロ（演出多め）"
"LP-04231","保育園・幼児教育・習い事｜無料体験・カウンセリング予約LP（ハンドメイド・手書き・写真コラージュ）","プロ（演出多め）"
"LP-04232","コンサル・コーチング｜リード獲得（資料請求・問い合わせ）LP（信頼・誠実（コーポレート）・超大型タイポグラフィ）","プロ（演出多め）"
"LP-04233","Web制作・デザイン事務所｜採用エントリーLP（ダーク・シネマティック・背景動画ループ＋オーバーレイ）","プロ（演出多め）"
"LP-04234","採用・求人｜採用エントリーLP（エディトリアル・雑誌風・背景動画ループ＋オーバーレイ）","プロ（演出多め）"
"LP-04235","金融・保険・投資｜採用エントリーLP（クール・テック・左テキスト×右商品/人物）","プロ（演出多め）"
"LP-04236","歯科医院｜LINE友だち追加LP（ミニマル・洗練・全面写真＋中央キャッチ）","プロ（演出多め）"
"LP-04237","不動産・マンション｜リード獲得（資料請求・問い合わせ）LP（ラグジュアリー・高級感・写真コラージュ）","プロ（演出多め）"
"LP-04238","引越し・生活サービス｜LINE友だち追加LP（3D・クレイ・写真コラージュ）","プロ（演出多め）"
"LP-04239","ヨガ・ピラティス｜無料体験・カウンセリング予約LP（北欧・ライフスタイル・超大型タイポグラフィ）","プロ（演出多め）"
"LP-04240","スマホアプリ｜無料体験・カウンセリング予約LP（クール・テック・背景動画ループ＋オーバーレイ）","プロ（演出多め）"
"LP-04241","士業（税理士・弁護士・行政書士）｜採用エントリーLP（信頼・誠実（コーポレート）・イラスト主体）","プロ（演出多め）"
"LP-04242","コスメ・スキンケア｜商品購入（単品通販）LP（グラスモーフィズム・ジェネラティブ背景＋コピー）","プロ（演出多め）"
"LP-04243","引越し・生活サービス｜LINE友だち追加LP（和モダン・全面写真＋中央キャッチ）","プロ（演出多め）"
"LP-04244","レストラン・居酒屋｜採用エントリーLP（レトロ・Y2K・スクロールで商品が回転/分解）","プロ（演出多め）"
"LP-04245","採用・求人｜リード獲得（資料請求・問い合わせ）LP（ジオメトリック・グラフィカル・写真コラージュ）","プロ（演出多め）"
"LP-04246","スクール・オンライン講座｜無料体験・カウンセリング予約LP（信頼・誠実（コーポレート）・背景動画ループ＋オーバーレイ）","プロ（演出多め）"
"LP-04247","スマホアプリ｜採用エントリーLP（信頼・誠実（コーポレート）・背景動画ループ＋オーバーレイ）","プロ（演出多め）"
"LP-04248","ペット・トリミング・動物病院｜採用エントリーLP（ハンドメイド・手書き・スクロールで商品が回転/分解）","上級"
"LP-04249","ヨガ・ピラティス｜無料体験・カウンセリング予約LP（クール・テック・スクロールで商品が回転/分解）","プロ（演出多め）"
"LP-04250","ウェディング・結婚相談所｜リード獲得（資料請求・問い合わせ）LP（ラグジュアリー・高級感・デバイスモックアップ浮遊）","プロ（演出多め）"
"LP-04251","SaaS・BtoBツール｜リード獲得（資料請求・問い合わせ）LP（グラスモーフィズム・ジェネラティブ背景＋コピー）","プロ（演出多め）"
"LP-04252","農業・地方の生産者｜採用エントリーLP（ハンドメイド・手書き・実績数字ドーン）","上級"
"LP-04253","クラウドファンディング・新商品｜採用エントリーLP（クール・テック・実績数字ドーン）","プロ（演出多め）"
"LP-04254","サウナ・温浴施設｜リード獲得（資料請求・問い合わせ）LP（グラスモーフィズム・デバイスモックアップ浮遊）","上級"
"LP-04255","ゲーム・eスポーツ｜会員登録・アプリDLLP（レトロ・Y2K・写真コラージュ）","プロ（演出多め）"
"LP-04256","ペット・トリミング・動物病院｜LINE友だち追加LP（3D・クレイ・デバイスモックアップ浮遊）","プロ（演出多め）"
"LP-04257","パーソナルジム・フィットネス｜採用エントリーLP（クール・テック・実績数字ドーン）","プロ（演出多め）"
"LP-04258","SaaS・BtoBツール｜無料体験・カウンセリング予約LP（クール・テック・イラスト主体）","プロ（演出多め）"
"LP-04259","自動車・バイク｜採用エントリーLP（ラグジュアリー・高級感・写真コラージュ）","プロ（演出多め）"
"LP-04260","アパレル・ファッションEC｜商品購入（単品通販）LP（エディトリアル・雑誌風・イラスト主体）","プロ（演出多め）"
"LP-04261","スマホアプリ｜採用エントリーLP（パステル・ドリーミー・写真コラージュ）","プロ（演出多め）"
"LP-04262","食品・産直EC｜採用エントリーLP（ポップ・カラフル・左テキスト×右商品/人物）","プロ（演出多め）"
"LP-04263","保育園・幼児教育・習い事｜無料体験・カウンセリング予約LP（かわいい・ガーリー・写真コラージュ）","プロ（演出多め）"
"LP-04264","ウェディング・結婚相談所｜LINE友だち追加LP（ラグジュアリー・高級感・ジェネラティブ背景＋コピー）","プロ（演出多め）"
"LP-04265","AIサービス・スタートアップ｜リード獲得（資料請求・問い合わせ）LP（ミニマル・洗練・全面写真＋中央キャッチ）","プロ（演出多め）"
"LP-04266","レストラン・居酒屋｜リード獲得（資料請求・問い合わせ）LP（レトロ・Y2K・超大型タイポグラフィ）","プロ（演出多め）"
"LP-04267","エステ・脱毛サロン｜商品購入（単品通販）LP（パステル・ドリーミー・イラスト主体）","プロ（演出多め）"
"LP-04268","NPO・地方自治体｜採用エントリーLP（ジオメトリック・グラフィカル・ジェネラティブ背景＋コピー）","プロ（演出多め）"
"LP-04269","プログラミングスクール｜リード獲得（資料請求・問い合わせ）LP（グラスモーフィズム・超大型タイポグラフィ）","プロ（演出多め）"
"LP-04270","レストラン・居酒屋｜LINE友だち追加LP（レトロ・Y2K・実績数字ドーン）","プロ（演出多め）"
"LP-04271","SaaS・BtoBツール｜無料体験・カウンセリング予約LP（グラスモーフィズム・全面写真＋中央キャッチ）","プロ（演出多め）"
"LP-04272","サウナ・温浴施設｜LINE友だち追加LP（レトロ・Y2K・デバイスモックアップ浮遊）","プロ（演出多め）"
"LP-04273","YouTuber・インフルエンサー｜採用エントリーLP（ラグジュアリー・高級感・デバイスモックアップ浮遊）","プロ（演出多め）"
"LP-04274","カフェ・ベーカリー｜採用エントリーLP（レトロ・Y2K・背景動画ループ＋オーバーレイ）","上級"
"LP-04275","ホテル・旅館｜リード獲得（資料請求・問い合わせ）LP（ラグジュアリー・高級感・左テキスト×右商品/人物）","プロ（演出多め）"
"LP-04276","引越し・生活サービス｜LINE友だち追加LP（ポップ・カラフル・デバイスモックアップ浮遊）","プロ（演出多め）"
"LP-04277","観光・地域プロモーション｜クラウドファンディング支援LP（和モダン・写真コラージュ）","上級"
"LP-04278","レストラン・居酒屋｜LINE友だち追加LP（ダーク・シネマティック・デバイスモックアップ浮遊）","上級"
"LP-04279","NPO・地方自治体｜リード獲得（資料請求・問い合わせ）LP（ハンドメイド・手書き・ジェネラティブ背景＋コピー）","プロ（演出多め）"
"LP-04280","和菓子・スイーツ｜商品購入（単品通販）LP（ナチュラル・オーガニック・イラスト主体）","プロ（演出多め）"
"LP-04281","カフェ・ベーカリー｜リード獲得（資料請求・問い合わせ）LP（北欧・ライフスタイル・ジェネラティブ背景＋コピー）","プロ（演出多め）"
"LP-04282","内科・クリニック｜無料体験・カウンセリング予約LP（ナチュラル・オーガニック・ジェネラティブ背景＋コピー）","プロ（演出多め）"
"LP-04283","工務店・注文住宅・リフォーム｜LINE友だち追加LP（ミニマル・洗練・スクロールで商品が回転/分解）","プロ（演出多め）"
"LP-04284","自動車・バイク｜無料体験・カウンセリング予約LP（ラグジュアリー・高級感・左テキスト×右商品/人物）","上級"
"LP-04285","引越し・生活サービス｜採用エントリーLP（ポップ・カラフル・全面写真＋中央キャッチ）","プロ（演出多め）"
"LP-04286","不動産・マンション｜リード獲得（資料請求・問い合わせ）LP（ラグジュアリー・高級感・写真コラージュ）","プロ（演出多め）"
"LP-04287","占い・スピリチュアル｜採用エントリーLP（パステル・ドリーミー・スクロールで商品が回転/分解）","プロ（演出多め）"
"LP-04288","AIサービス・スタートアップ｜会員登録・アプリDLLP（ミニマル・洗練・デバイスモックアップ浮遊）","プロ（演出多め）"
"LP-04289","NPO・地方自治体｜リード獲得（資料請求・問い合わせ）LP（ナチュラル・オーガニック・実績数字ドーン）","プロ（演出多め）"
"LP-04290","カフェ・ベーカリー｜リード獲得（資料請求・問い合わせ）LP（ジオメトリック・グラフィカル・写真コラージュ）","プロ（演出多め）"
"LP-04291","パーソナルジム・フィットネス｜リード獲得（資料請求・問い合わせ）LP（エネルギッシュ・スポーティ・全面写真＋中央キャッチ）","プロ（演出多め）"
"LP-04292","士業（税理士・弁護士・行政書士）｜リード獲得（資料請求・問い合わせ）LP（和モダン・超大型タイポグラフィ）","プロ（演出多め）"
"LP-04293","パーソナルジム・フィットネス｜リード獲得（資料請求・問い合わせ）LP（クール・テック・超大型タイポグラフィ）","プロ（演出多め）"
"LP-04294","占い・スピリチュアル｜無料体験・カウンセリング予約LP（ラグジュアリー・高級感・全面写真＋中央キャッチ）","プロ（演出多め）"
"LP-04295","引越し・生活サービス｜LINE友だち追加LP（信頼・誠実（コーポレート）・背景動画ループ＋オーバーレイ）","プロ（演出多め）"
"LP-04296","パーソナルジム・フィットネス｜リード獲得（資料請求・問い合わせ）LP（エネルギッシュ・スポーティ・全面写真＋中央キャッチ）","プロ（演出多め）"
"LP-04297","スクール・オンライン講座｜採用エントリーLP（3D・クレイ・ジェネラティブ背景＋コピー）","プロ（演出多め）"
"LP-04298","ペット・トリミング・動物病院｜商品購入（単品通販）LP（かわいい・ガーリー・イラスト主体）","プロ（演出多め）"
"LP-04299","農業・地方の生産者｜採用エントリーLP（ハンドメイド・手書き・ジェネラティブ背景＋コピー）","プロ（演出多め）"
"LP-04300","スクール・オンライン講座｜無料体験・カウンセリング予約LP（クール・テック・デバイスモックアップ浮遊）","プロ（演出多め）"
"LP-04301","コンサル・コーチング｜セミナー・ウェビナー集客LP（エディトリアル・雑誌風・ジェネラティブ背景＋コピー）","上級"
"LP-04302","歯科医院｜LINE友だち追加LP（ミニマル・洗練・背景動画ループ＋オーバーレイ）","プロ（演出多め）"
"LP-04303","内科・クリニック｜採用エントリーLP（ナチュラル・オーガニック・スクロールで商品が回転/分解）","プロ（演出多め）"
"LP-04304","内科・クリニック｜採用エントリーLP（北欧・ライフスタイル・デバイスモックアップ浮遊）","プロ（演出多め）"
"LP-04305","建築設計事務所｜リード獲得（資料請求・問い合わせ）LP（ジオメトリック・グラフィカル・スクロールで商品が回転/分解）","プロ（演出多め）"
"LP-04306","ウェディング・結婚相談所｜採用エントリーLP（かわいい・ガーリー・スクロールで商品が回転/分解）","プロ（演出多め）"
"LP-04307","コンサル・コーチング｜リード獲得（資料請求・問い合わせ）LP（エディトリアル・雑誌風・左テキスト×右商品/人物）","プロ（演出多め）"
"LP-04308","英会話・語学｜リード獲得（資料請求・問い合わせ）LP（グラスモーフィズム・デバイスモックアップ浮遊）","プロ（演出多め）"
"LP-04309","美容クリニック｜無料体験・カウンセリング予約LP（ラグジュアリー・高級感・左テキスト×右商品/人物）","プロ（演出多め）"
"LP-04310","美容室・ヘアサロン｜採用エントリーLP（北欧・ライフスタイル・実績数字ドーン）","プロ（演出多め）"
"LP-04311","食品・産直EC｜クラウドファンディング支援LP（エディトリアル・雑誌風・ジェネラティブ背景＋コピー）","プロ（演出多め）"
"LP-04312","Web制作・デザイン事務所｜セミナー・ウェビナー集客LP（ニューブルータリズム・左テキスト×右商品/人物）","プロ（演出多め）"
"LP-04313","YouTuber・インフルエンサー｜リード獲得（資料請求・問い合わせ）LP（かわいい・ガーリー・背景動画ループ＋オーバーレイ）","プロ（演出多め）"
"LP-04314","ウェディング・結婚相談所｜リード獲得（資料請求・問い合わせ）LP（パステル・ドリーミー・スクロールで商品が回転/分解）","プロ（演出多め）"
"LP-04315","引越し・生活サービス｜無料体験・カウンセリング予約LP（3D・クレイ・超大型タイポグラフィ）","プロ（演出多め）"
"LP-04316","ペット・トリミング・動物病院｜LINE友だち追加LP（かわいい・ガーリー・スクロールで商品が回転/分解）","プロ（演出多め）"
"LP-04317","英会話・語学｜リード獲得（資料請求・問い合わせ）LP（3D・クレイ・写真コラージュ）","プロ（演出多め）"
"LP-04318","サウナ・温浴施設｜無料体験・カウンセリング予約LP（和モダン・左テキスト×右商品/人物）","プロ（演出多め）"
"LP-04319","農業・地方の生産者｜商品購入（単品通販）LP（ナチュラル・オーガニック・超大型タイポグラフィ）","プロ（演出多め）"
"LP-04320","レストラン・居酒屋｜LINE友だち追加LP（レトロ・Y2K・超大型タイポグラフィ）","プロ（演出多め）"
"LP-04321","美容クリニック｜無料体験・カウンセリング予約LP（クール・テック・全面写真＋中央キャッチ）","プロ（演出多め）"
"LP-04322","レストラン・居酒屋｜LINE友だち追加LP（和モダン・スクロールで商品が回転/分解）","プロ（演出多め）"
"LP-04323","工務店・注文住宅・リフォーム｜リード獲得（資料請求・問い合わせ）LP（ナチュラル・オーガニック・写真コラージュ）","上級"
"LP-04324","スクール・オンライン講座｜無料体験・カウンセリング予約LP（3D・クレイ・写真コラージュ）","プロ（演出多め）"
"LP-04325","金融・保険・投資｜無料体験・カウンセリング予約LP（クール・テック・スクロールで商品が回転/分解）","プロ（演出多め）"
"LP-04326","コスメ・スキンケア｜商品購入（単品通販）LP（パステル・ドリーミー・写真コラージュ）","プロ（演出多め）"
"LP-04327","保育園・幼児教育・習い事｜リード獲得（資料請求・問い合わせ）LP（ナチュラル・オーガニック・イラスト主体）","プロ（演出多め）"
"LP-04328","農業・地方の生産者｜クラウドファンディング支援LP（ハンドメイド・手書き・実績数字ドーン）","プロ（演出多め）"
"LP-04329","アパレル・ファッションEC｜商品購入（単品通販）LP（パステル・ドリーミー・ジェネラティブ背景＋コピー）","プロ（演出多め）"
"LP-04330","建築設計事務所｜リード獲得（資料請求・問い合わせ）LP（ミニマル・洗練・スクロールで商品が回転/分解）","上級"
"LP-04331","ゲーム・eスポーツ｜採用エントリーLP（ニューブルータリズム・左テキスト×右商品/人物）","プロ（演出多め）"
"LP-04332","NPO・地方自治体｜採用エントリーLP（信頼・誠実（コーポレート）・デバイスモックアップ浮遊）","プロ（演出多め）"
"LP-04333","和菓子・スイーツ｜LINE友だち追加LP（かわいい・ガーリー・スクロールで商品が回転/分解）","プロ（演出多め）"
"LP-04334","NPO・地方自治体｜クラウドファンディング支援LP（ジオメトリック・グラフィカル・実績数字ドーン）","プロ（演出多め）"
"LP-04335","SaaS・BtoBツール｜無料体験・カウンセリング予約LP（信頼・誠実（コーポレート）・イラスト主体）","プロ（演出多め）"
"LP-04336","自動車・バイク｜採用エントリーLP（エネルギッシュ・スポーティ・デバイスモックアップ浮遊）","プロ（演出多め）"
"LP-04337","自動車・バイク｜採用エントリーLP（クール・テック・実績数字ドーン）","プロ（演出多め）"
"LP-04338","占い・スピリチュアル｜LINE友だち追加LP（ダーク・シネマティック・デバイスモックアップ浮遊）","プロ（演出多め）"
"LP-04339","エステ・脱毛サロン｜採用エントリーLP（かわいい・ガーリー・イラスト主体）","プロ（演出多め）"
"LP-04340","サウナ・温浴施設｜LINE友だち追加LP（3D・クレイ・ジェネラティブ背景＋コピー）","プロ（演出多め）"
"LP-04341","コンサル・コーチング｜セミナー・ウェビナー集客LP（エディトリアル・雑誌風・スクロールで商品が回転/分解）","プロ（演出多め）"
"LP-04342","レストラン・居酒屋｜リード獲得（資料請求・問い合わせ）LP（レトロ・Y2K・背景動画ループ＋オーバーレイ）","プロ（演出多め）"
"LP-04343","不動産・マンション｜無料体験・カウンセリング予約LP（信頼・誠実（コーポレート）・実績数字ドーン）","プロ（演出多め）"
"LP-04344","アパレル・ファッションEC｜採用エントリーLP（クール・テック・写真コラージュ）","プロ（演出多め）"
"LP-04345","YouTuber・インフルエンサー｜リード獲得（資料請求・問い合わせ）LP（ニューブルータリズム・全面写真＋中央キャッチ）","プロ（演出多め）"
"LP-04346","農業・地方の生産者｜クラウドファンディング支援LP（ナチュラル・オーガニック・スクロールで商品が回転/分解）","プロ（演出多め）"
"LP-04347","スクール・オンライン講座｜無料体験・カウンセリング予約LP（ジオメトリック・グラフィカル・全面写真＋中央キャッチ）","プロ（演出多め）"
"LP-04348","和菓子・スイーツ｜LINE友だち追加LP（ミニマル・洗練・写真コラージュ）","プロ（演出多め）"
"LP-04349","ゲーム・eスポーツ｜リード獲得（資料請求・問い合わせ）LP（エネルギッシュ・スポーティ・実績数字ドーン）","プロ（演出多め）"
"LP-04350","観光・地域プロモーション｜採用エントリーLP（ダーク・シネマティック・ジェネラティブ背景＋コピー）","プロ（演出多め）"
"LP-04351","内科・クリニック｜LINE友だち追加LP（ナチュラル・オーガニック・左テキスト×右商品/人物）","上級"
"LP-04352","AIサービス・スタートアップ｜リード獲得（資料請求・問い合わせ）LP（ネオン・サイバー・超大型タイポグラフィ）","プロ（演出多め）"
"LP-04353","観光・地域プロモーション｜採用エントリーLP（ナチュラル・オーガニック・背景動画ループ＋オーバーレイ）","プロ（演出多め）"
"LP-04354","内科・クリニック｜リード獲得（資料請求・問い合わせ）LP（信頼・誠実（コーポレート）・背景動画ループ＋オーバーレイ）","プロ（演出多め）"
"LP-04355","ペット・トリミング・動物病院｜リード獲得（資料請求・問い合わせ）LP（ナチュラル・オーガニック・スクロールで商品が回転/分解）","プロ（演出多め）"
"LP-04356","YouTuber・インフルエンサー｜リード獲得（資料請求・問い合わせ）LP（ポップ・カラフル・実績数字ドーン）","プロ（演出多め）"
"LP-04357","プログラミングスクール｜会員登録・アプリDLLP（ポップ・カラフル・全面写真＋中央キャッチ）","プロ（演出多め）"
"LP-04358","金融・保険・投資｜セミナー・ウェビナー集客LP（ミニマル・洗練・背景動画ループ＋オーバーレイ）","プロ（演出多め）"
"LP-04359","歯科医院｜採用エントリーLP（ナチュラル・オーガニック・実績数字ドーン）","プロ（演出多め）"
"LP-04360","コスメ・スキンケア｜採用エントリーLP（ミニマル・洗練・写真コラージュ）","プロ（演出多め）"
"LP-04361","コスメ・スキンケア｜商品購入（単品通販）LP（パステル・ドリーミー・スクロールで商品が回転/分解）","プロ（演出多め）"
"LP-04362","スクール・オンライン講座｜会員登録・アプリDLLP（クール・テック・実績数字ドーン）","プロ（演出多め）"
"LP-04363","YouTuber・インフルエンサー｜採用エントリーLP（かわいい・ガーリー・実績数字ドーン）","プロ（演出多め）"
"LP-04364","音楽・ライブ・イベント｜リード獲得（資料請求・問い合わせ）LP（レトロ・Y2K・イラスト主体）","プロ（演出多め）"
"LP-04365","採用・求人｜採用エントリーLP（エディトリアル・雑誌風・イラスト主体）","プロ（演出多め）"
"LP-04366","食品・産直EC｜クラウドファンディング支援LP（レトロ・Y2K・背景動画ループ＋オーバーレイ）","プロ（演出多め）"
"LP-04367","スマホアプリ｜リード獲得（資料請求・問い合わせ）LP（クール・テック・イラスト主体）","プロ（演出多め）"
"LP-04368","美容室・ヘアサロン｜無料体験・カウンセリング予約LP（ラグジュアリー・高級感・背景動画ループ＋オーバーレイ）","プロ（演出多め）"
"LP-04369","カフェ・ベーカリー｜採用エントリーLP（ハンドメイド・手書き・ジェネラティブ背景＋コピー）","プロ（演出多め）"
"LP-04370","和菓子・スイーツ｜商品購入（単品通販）LP（ナチュラル・オーガニック・全面写真＋中央キャッチ）","プロ（演出多め）"
"LP-04371","スマホアプリ｜商品購入（単品通販）LP（信頼・誠実（コーポレート）・写真コラージュ）","プロ（演出多め）"
"LP-04372","観光・地域プロモーション｜採用エントリーLP（ハンドメイド・手書き・全面写真＋中央キャッチ）","プロ（演出多め）"
"LP-04373","スクール・オンライン講座｜リード獲得（資料請求・問い合わせ）LP（信頼・誠実（コーポレート）・実績数字ドーン）","プロ（演出多め）"
"LP-04374","金融・保険・投資｜リード獲得（資料請求・問い合わせ）LP（ニューブルータリズム・実績数字ドーン）","プロ（演出多め）"
"LP-04375","保育園・幼児教育・習い事｜リード獲得（資料請求・問い合わせ）LP（ハンドメイド・手書き・スクロールで商品が回転/分解）","プロ（演出多め）"
"LP-04376","SaaS・BtoBツール｜リード獲得（資料請求・問い合わせ）LP（信頼・誠実（コーポレート）・イラスト主体）","プロ（演出多め）"
"LP-04377","YouTuber・インフルエンサー｜リード獲得（資料請求・問い合わせ）LP（ミニマル・洗練・超大型タイポグラフィ）","プロ（演出多め）"
"LP-04378","不動産・マンション｜無料体験・カウンセリング予約LP（ミニマル・洗練・背景動画ループ＋オーバーレイ）","プロ（演出多め）"
"LP-04379","コンサル・コーチング｜セミナー・ウェビナー集客LP（エネルギッシュ・スポーティ・ジェネラティブ背景＋コピー）","プロ（演出多め）"
"LP-04380","ホテル・旅館｜リード獲得（資料請求・問い合わせ）LP（和モダン・背景動画ループ＋オーバーレイ）","プロ（演出多め）"
"LP-04381","アパレル・ファッションEC｜採用エントリーLP（エディトリアル・雑誌風・デバイスモックアップ浮遊）","プロ（演出多め）"
"LP-04382","自動車・バイク｜採用エントリーLP（ラグジュアリー・高級感・イラスト主体）","プロ（演出多め）"
"LP-04383","歯科医院｜採用エントリーLP（信頼・誠実（コーポレート）・左テキスト×右商品/人物）","プロ（演出多め）"
"LP-04384","AIサービス・スタートアップ｜リード獲得（資料請求・問い合わせ）LP（クール・テック・背景動画ループ＋オーバーレイ）","プロ（演出多め）"
"LP-04385","美容室・ヘアサロン｜リード獲得（資料請求・問い合わせ）LP（かわいい・ガーリー・イラスト主体）","プロ（演出多め）"
"LP-04386","ヨガ・ピラティス｜LINE友だち追加LP（ミニマル・洗練・ジェネラティブ背景＋コピー）","プロ（演出多め）"
"LP-04387","保育園・幼児教育・習い事｜採用エントリーLP（ハンドメイド・手書き・イラスト主体）","プロ（演出多め）"
"LP-04388","Web制作・デザイン事務所｜リード獲得（資料請求・問い合わせ）LP（エディトリアル・雑誌風・デバイスモックアップ浮遊）","プロ（演出多め）"
"LP-04389","美容クリニック｜リード獲得（資料請求・問い合わせ）LP（信頼・誠実（コーポレート）・ジェネラティブ背景＋コピー）","プロ（演出多め）"
"LP-04390","スクール・オンライン講座｜セミナー・ウェビナー集客LP（ハンドメイド・手書き・イラスト主体）","プロ（演出多め）"
"LP-04391","金融・保険・投資｜採用エントリーLP（ミニマル・洗練・左テキスト×右商品/人物）","プロ（演出多め）"
"LP-04392","金融・保険・投資｜会員登録・アプリDLLP（ミニマル・洗練・写真コラージュ）","プロ（演出多め）"
"LP-04393","ペット・トリミング・動物病院｜採用エントリーLP（エネルギッシュ・スポーティ・実績数字ドーン）","プロ（演出多め）"
"LP-04394","レストラン・居酒屋｜LINE友だち追加LP（レトロ・Y2K・背景動画ループ＋オーバーレイ）","上級"
"LP-04395","クラウドファンディング・新商品｜リード獲得（資料請求・問い合わせ）LP（クール・テック・全面写真＋中央キャッチ）","上級"
"LP-04396","YouTuber・インフルエンサー｜採用エントリーLP（ポップ・カラフル・写真コラージュ）","プロ（演出多め）"
"LP-04397","採用・求人｜リード獲得（資料請求・問い合わせ）LP（エネルギッシュ・スポーティ・全面写真＋中央キャッチ）","プロ（演出多め）"
"LP-04398","レストラン・居酒屋｜リード獲得（資料請求・問い合わせ）LP（和モダン・左テキスト×右商品/人物）","プロ（演出多め）"
"LP-04399","ゲーム・eスポーツ｜採用エントリーLP（ハンドメイド・手書き・実績数字ドーン）","上級"
"LP-04400","士業（税理士・弁護士・行政書士）｜セミナー・ウェビナー集客LP（ミニマル・洗練・デバイスモックアップ浮遊）","プロ（演出多め）"
"LP-04401","観光・地域プロモーション｜採用エントリーLP（ハンドメイド・手書き・イラスト主体）","プロ（演出多め）"
"LP-04402","エステ・脱毛サロン｜商品購入（単品通販）LP（パステル・ドリーミー・ジェネラティブ背景＋コピー）","上級"
"LP-04403","スマホアプリ｜リード獲得（資料請求・問い合わせ）LP（ポップ・カラフル・写真コラージュ）","プロ（演出多め）"
"LP-04404","クラウドファンディング・新商品｜リード獲得（資料請求・問い合わせ）LP（ジオメトリック・グラフィカル・実績数字ドーン）","プロ（演出多め）"
"LP-04405","工務店・注文住宅・リフォーム｜セミナー・ウェビナー集客LP（北欧・ライフスタイル・デバイスモックアップ浮遊）","プロ（演出多め）"
"LP-04406","保育園・幼児教育・習い事｜リード獲得（資料請求・問い合わせ）LP（かわいい・ガーリー・ジェネラティブ背景＋コピー）","上級"
"LP-04407","金融・保険・投資｜会員登録・アプリDLLP（信頼・誠実（コーポレート）・写真コラージュ）","プロ（演出多め）"
"LP-04408","美容室・ヘアサロン｜LINE友だち追加LP（ミニマル・洗練・スクロールで商品が回転/分解）","プロ（演出多め）"
"LP-04409","引越し・生活サービス｜リード獲得（資料請求・問い合わせ）LP（3D・クレイ・ジェネラティブ背景＋コピー）","プロ（演出多め）"
"LP-04410","採用・求人｜採用エントリーLP（ポップ・カラフル・背景動画ループ＋オーバーレイ）","プロ（演出多め）"
"LP-04411","ヨガ・ピラティス｜採用エントリーLP（ナチュラル・オーガニック・デバイスモックアップ浮遊）","プロ（演出多め）"
"LP-04412","採用・求人｜採用エントリーLP（レトロ・Y2K・イラスト主体）","プロ（演出多め）"
"LP-04413","美容クリニック｜リード獲得（資料請求・問い合わせ）LP（ラグジュアリー・高級感・超大型タイポグラフィ）","プロ（演出多め）"
"LP-04414","スクール・オンライン講座｜リード獲得（資料請求・問い合わせ）LP（信頼・誠実（コーポレート）・デバイスモックアップ浮遊）","上級"
"LP-04415","和菓子・スイーツ｜採用エントリーLP（グラスモーフィズム・左テキスト×右商品/人物）","プロ（演出多め）"
"LP-04416","工務店・注文住宅・リフォーム｜セミナー・ウェビナー集客LP（ナチュラル・オーガニック・背景動画ループ＋オーバーレイ）","プロ（演出多め）"
"LP-04417","NPO・地方自治体｜クラウドファンディング支援LP（信頼・誠実（コーポレート）・デバイスモックアップ浮遊）","プロ（演出多め）"
"LP-04418","英会話・語学｜採用エントリーLP（信頼・誠実（コーポレート）・全面写真＋中央キャッチ）","プロ（演出多め）"
"LP-04419","不動産・マンション｜セミナー・ウェビナー集客LP（ダーク・シネマティック・超大型タイポグラフィ）","プロ（演出多め）"
"LP-04420","ゲーム・eスポーツ｜リード獲得（資料請求・問い合わせ）LP（エネルギッシュ・スポーティ・イラスト主体）","プロ（演出多め）"
"LP-04421","美容クリニック｜採用エントリーLP（信頼・誠実（コーポレート）・写真コラージュ）","プロ（演出多め）"
"LP-04422","ホテル・旅館｜リード獲得（資料請求・問い合わせ）LP（ジオメトリック・グラフィカル・左テキスト×右商品/人物）","プロ（演出多め）"
"LP-04423","採用・求人｜リード獲得（資料請求・問い合わせ）LP（ジオメトリック・グラフィカル・スクロールで商品が回転/分解）","プロ（演出多め）"
"LP-04424","内科・クリニック｜無料体験・カウンセリング予約LP（ナチュラル・オーガニック・イラスト主体）","プロ（演出多め）"
"LP-04425","食品・産直EC｜リード獲得（資料請求・問い合わせ）LP（ハンドメイド・手書き・背景動画ループ＋オーバーレイ）","プロ（演出多め）"
"LP-04426","ホテル・旅館｜採用エントリーLP（ダーク・シネマティック・デバイスモックアップ浮遊）","プロ（演出多め）"
"LP-04427","食品・産直EC｜リード獲得（資料請求・問い合わせ）LP（ナチュラル・オーガニック・左テキスト×右商品/人物）","プロ（演出多め）"
"LP-04428","英会話・語学｜無料体験・カウンセリング予約LP（ポップ・カラフル・デバイスモックアップ浮遊）","プロ（演出多め）"
"LP-04429","食品・産直EC｜採用エントリーLP（ナチュラル・オーガニック・全面写真＋中央キャッチ）","プロ（演出多め）"
"LP-04430","美容室・ヘアサロン｜リード獲得（資料請求・問い合わせ）LP（北欧・ライフスタイル・超大型タイポグラフィ）","プロ（演出多め）"
"LP-04431","観光・地域プロモーション｜採用エントリーLP（和モダン・左テキスト×右商品/人物）","上級"
"LP-04432","建築設計事務所｜採用エントリーLP（ジオメトリック・グラフィカル・超大型タイポグラフィ）","プロ（演出多め）"
"LP-04433","英会話・語学｜リード獲得（資料請求・問い合わせ）LP（3D・クレイ・実績数字ドーン）","プロ（演出多め）"
"LP-04434","ホテル・旅館｜リード獲得（資料請求・問い合わせ）LP（ミニマル・洗練・超大型タイポグラフィ）","プロ（演出多め）"
"LP-04435","占い・スピリチュアル｜リード獲得（資料請求・問い合わせ）LP（パステル・ドリーミー・実績数字ドーン）","プロ（演出多め）"
"LP-04436","SaaS・BtoBツール｜セミナー・ウェビナー集客LP（クール・テック・デバイスモックアップ浮遊）","プロ（演出多め）"
"LP-04437","占い・スピリチュアル｜リード獲得（資料請求・問い合わせ）LP（パステル・ドリーミー・左テキスト×右商品/人物）","プロ（演出多め）"
"LP-04438","エステ・脱毛サロン｜採用エントリーLP（かわいい・ガーリー・スクロールで商品が回転/分解）","プロ（演出多め）"
"LP-04439","建築設計事務所｜リード獲得（資料請求・問い合わせ）LP（ジオメトリック・グラフィカル・全面写真＋中央キャッチ）","プロ（演出多め）"
"LP-04440","クラウドファンディング・新商品｜採用エントリーLP（ダーク・シネマティック・イラスト主体）","プロ（演出多め）"
"LP-04441","カフェ・ベーカリー｜採用エントリーLP（北欧・ライフスタイル・実績数字ドーン）","プロ（演出多め）"
"LP-04442","コンサル・コーチング｜セミナー・ウェビナー集客LP（信頼・誠実（コーポレート）・ジェネラティブ背景＋コピー）","プロ（演出多め）"
"LP-04443","建築設計事務所｜採用エントリーLP（エディトリアル・雑誌風・ジェネラティブ背景＋コピー）","プロ（演出多め）"
"LP-04444","NPO・地方自治体｜採用エントリーLP（ハンドメイド・手書き・実績数字ドーン）","プロ（演出多め）"
"LP-04445","AIサービス・スタートアップ｜無料体験・カウンセリング予約LP（グラスモーフィズム・実績数字ドーン）","プロ（演出多め）"
"LP-04446","英会話・語学｜会員登録・アプリDLLP（和モダン・イラスト主体）","プロ（演出多め）"
"LP-04447","音楽・ライブ・イベント｜リード獲得（資料請求・問い合わせ）LP（レトロ・Y2K・ジェネラティブ背景＋コピー）","プロ（演出多め）"
"LP-04448","和菓子・スイーツ｜採用エントリーLP（ナチュラル・オーガニック・スクロールで商品が回転/分解）","プロ（演出多め）"
"LP-04449","英会話・語学｜無料体験・カウンセリング予約LP（3D・クレイ・ジェネラティブ背景＋コピー）","プロ（演出多め）"
"LP-04450","AIサービス・スタートアップ｜無料体験・カウンセリング予約LP（グラスモーフィズム・ジェネラティブ背景＋コピー）","プロ（演出多め）"
"LP-04451","工務店・注文住宅・リフォーム｜リード獲得（資料請求・問い合わせ）LP（北欧・ライフスタイル・背景動画ループ＋オーバーレイ）","上級"
"LP-04452","スクール・オンライン講座｜無料体験・カウンセリング予約LP（ポップ・カラフル・写真コラージュ）","プロ（演出多め）"
"LP-04453","ウェディング・結婚相談所｜採用エントリーLP（ミニマル・洗練・背景動画ループ＋オーバーレイ）","上級"
"LP-04454","YouTuber・インフルエンサー｜リード獲得（資料請求・問い合わせ）LP（かわいい・ガーリー・スクロールで商品が回転/分解）","プロ（演出多め）"
"LP-04455","英会話・語学｜採用エントリーLP（ジオメトリック・グラフィカル・背景動画ループ＋オーバーレイ）","プロ（演出多め）"
"LP-04456","AIサービス・スタートアップ｜会員登録・アプリDLLP（ミニマル・洗練・イラスト主体）","プロ（演出多め）"
"LP-04457","ペット・トリミング・動物病院｜商品購入（単品通販）LP（かわいい・ガーリー・背景動画ループ＋オーバーレイ）","上級"
"LP-04458","ホテル・旅館｜採用エントリーLP（ダーク・シネマティック・ジェネラティブ背景＋コピー）","プロ（演出多め）"
"LP-04459","スマホアプリ｜商品購入（単品通販）LP（ポップ・カラフル・デバイスモックアップ浮遊）","プロ（演出多め）"
"LP-04460","農業・地方の生産者｜採用エントリーLP（ハンドメイド・手書き・イラスト主体）","プロ（演出多め）"
"LP-04461","農業・地方の生産者｜商品購入（単品通販）LP（エディトリアル・雑誌風・実績数字ドーン）","プロ（演出多め）"
"LP-04462","ホテル・旅館｜リード獲得（資料請求・問い合わせ）LP（ラグジュアリー・高級感・超大型タイポグラフィ）","上級"
"LP-04463","内科・クリニック｜リード獲得（資料請求・問い合わせ）LP（ナチュラル・オーガニック・写真コラージュ）","プロ（演出多め）"
"LP-04464","ウェディング・結婚相談所｜リード獲得（資料請求・問い合わせ）LP（パステル・ドリーミー・スクロールで商品が回転/分解）","上級"
"LP-04465","内科・クリニック｜LINE友だち追加LP（信頼・誠実（コーポレート）・背景動画ループ＋オーバーレイ）","プロ（演出多め）"
"LP-04466","士業（税理士・弁護士・行政書士）｜採用エントリーLP（和モダン・ジェネラティブ背景＋コピー）","プロ（演出多め）"
"LP-04467","アパレル・ファッションEC｜採用エントリーLP（エディトリアル・雑誌風・イラスト主体）","プロ（演出多め）"
"LP-04468","スマホアプリ｜商品購入（単品通販）LP（グラスモーフィズム・全面写真＋中央キャッチ）","プロ（演出多め）"
"LP-04469","カフェ・ベーカリー｜リード獲得（資料請求・問い合わせ）LP（エネルギッシュ・スポーティ・全面写真＋中央キャッチ）","プロ（演出多め）"
"LP-04470","占い・スピリチュアル｜LINE友だち追加LP（ダーク・シネマティック・ジェネラティブ背景＋コピー）","プロ（演出多め）"
"LP-04471","Web制作・デザイン事務所｜リード獲得（資料請求・問い合わせ）LP（ニューブルータリズム・超大型タイポグラフィ）","プロ（演出多め）"
"LP-04472","YouTuber・インフルエンサー｜採用エントリーLP（ポップ・カラフル・背景動画ループ＋オーバーレイ）","プロ（演出多め）"
"LP-04473","エステ・脱毛サロン｜商品購入（単品通販）LP（ラグジュアリー・高級感・実績数字ドーン）","プロ（演出多め）"
"LP-04474","自動車・バイク｜無料体験・カウンセリング予約LP（信頼・誠実（コーポレート）・スクロールで商品が回転/分解）","プロ（演出多め）"
"LP-04475","金融・保険・投資｜会員登録・アプリDLLP（信頼・誠実（コーポレート）・写真コラージュ）","プロ（演出多め）"
"LP-04476","保育園・幼児教育・習い事｜リード獲得（資料請求・問い合わせ）LP（ハンドメイド・手書き・左テキスト×右商品/人物）","プロ（演出多め）"
"LP-04477","NPO・地方自治体｜クラウドファンディング支援LP（ハンドメイド・手書き・デバイスモックアップ浮遊）","プロ（演出多め）"
"LP-04478","コスメ・スキンケア｜商品購入（単品通販）LP（ナチュラル・オーガニック・左テキスト×右商品/人物）","上級"
"LP-04479","美容室・ヘアサロン｜無料体験・カウンセリング予約LP（北欧・ライフスタイル・背景動画ループ＋オーバーレイ）","上級"
"LP-04480","占い・スピリチュアル｜採用エントリーLP（パステル・ドリーミー・デバイスモックアップ浮遊）","プロ（演出多め）"
"LP-04481","農業・地方の生産者｜商品購入（単品通販）LP（ハンドメイド・手書き・イラスト主体）","プロ（演出多め）"
"LP-04482","工務店・注文住宅・リフォーム｜セミナー・ウェビナー集客LP（信頼・誠実（コーポレート）・写真コラージュ）","プロ（演出多め）"
"LP-04483","美容クリニック｜LINE友だち追加LP（信頼・誠実（コーポレート）・実績数字ドーン）","上級"
"LP-04484","ホテル・旅館｜LINE友だち追加LP（ダーク・シネマティック・背景動画ループ＋オーバーレイ）","プロ（演出多め）"
"LP-04485","レストラン・居酒屋｜採用エントリーLP（グラスモーフィズム・デバイスモックアップ浮遊）","プロ（演出多め）"
"LP-04486","金融・保険・投資｜リード獲得（資料請求・問い合わせ）LP（ミニマル・洗練・ジェネラティブ背景＋コピー）","プロ（演出多め）"
"LP-04487","占い・スピリチュアル｜採用エントリーLP（ラグジュアリー・高級感・イラスト主体）","プロ（演出多め）"
"LP-04488","エステ・脱毛サロン｜LINE友だち追加LP（パステル・ドリーミー・全面写真＋中央キャッチ）","プロ（演出多め）"
"LP-04489","農業・地方の生産者｜クラウドファンディング支援LP（ナチュラル・オーガニック・写真コラージュ）","上級"
"LP-04490","クラウドファンディング・新商品｜商品購入（単品通販）LP（クール・テック・実績数字ドーン）","プロ（演出多め）"
"LP-04491","建築設計事務所｜リード獲得（資料請求・問い合わせ）LP（エディトリアル・雑誌風・写真コラージュ）","プロ（演出多め）"
"LP-04492","カフェ・ベーカリー｜採用エントリーLP（ナチュラル・オーガニック・ジェネラティブ背景＋コピー）","プロ（演出多め）"
"LP-04493","AIサービス・スタートアップ｜採用エントリーLP（ミニマル・洗練・背景動画ループ＋オーバーレイ）","プロ（演出多め）"
"LP-04494","ヨガ・ピラティス｜LINE友だち追加LP（パステル・ドリーミー・イラスト主体）","プロ（演出多め）"
"LP-04495","ウェディング・結婚相談所｜リード獲得（資料請求・問い合わせ）LP（ミニマル・洗練・ジェネラティブ背景＋コピー）","上級"
"LP-04496","コスメ・スキンケア｜商品購入（単品通販）LP（パステル・ドリーミー・背景動画ループ＋オーバーレイ）","プロ（演出多め）"
"LP-04497","工務店・注文住宅・リフォーム｜セミナー・ウェビナー集客LP（ナチュラル・オーガニック・背景動画ループ＋オーバーレイ）","プロ（演出多め）"
"LP-04498","英会話・語学｜採用エントリーLP（ポップ・カラフル・写真コラージュ）","プロ（演出多め）"
"LP-04499","工務店・注文住宅・リフォーム｜無料体験・カウンセリング予約LP（エネルギッシュ・スポーティ・背景動画ループ＋オーバーレイ）","プロ（演出多め）"
"LP-04500","スクール・オンライン講座｜リード獲得（資料請求・問い合わせ）LP（クール・テック・ジェネラティブ背景＋コピー）","プロ（演出多め）"
"LP-04501","コスメ・スキンケア｜リード獲得（資料請求・問い合わせ）LP（ミニマル・洗練・背景動画ループ＋オーバーレイ）","プロ（演出多め）"
"LP-04502","アパレル・ファッションEC｜商品購入（単品通販）LP（ジオメトリック・グラフィカル・ジェネラティブ背景＋コピー）","プロ（演出多め）"
"LP-04503","カフェ・ベーカリー｜リード獲得（資料請求・問い合わせ）LP（ジオメトリック・グラフィカル・スクロールで商品が回転/分解）","プロ（演出多め）"
"LP-04504","ゲーム・eスポーツ｜クラウドファンディング支援LP（ネオン・サイバー・イラスト主体）","プロ（演出多め）"
"LP-04505","農業・地方の生産者｜クラウドファンディング支援LP（ナチュラル・オーガニック・実績数字ドーン）","プロ（演出多め）"
"LP-04506","ホテル・旅館｜LINE友だち追加LP（グラスモーフィズム・ジェネラティブ背景＋コピー）","プロ（演出多め）"
"LP-04507","カフェ・ベーカリー｜リード獲得（資料請求・問い合わせ）LP（レトロ・Y2K・デバイスモックアップ浮遊）","プロ（演出多め）"
"LP-04508","エステ・脱毛サロン｜商品購入（単品通販）LP（エディトリアル・雑誌風・デバイスモックアップ浮遊）","プロ（演出多め）"
"LP-04509","ウェディング・結婚相談所｜採用エントリーLP（ラグジュアリー・高級感・ジェネラティブ背景＋コピー）","プロ（演出多め）"
"LP-04510","内科・クリニック｜無料体験・カウンセリング予約LP（ナチュラル・オーガニック・全面写真＋中央キャッチ）","プロ（演出多め）"
"LP-04511","サウナ・温浴施設｜LINE友だち追加LP（レトロ・Y2K・全面写真＋中央キャッチ）","プロ（演出多め）"
"LP-04512","農業・地方の生産者｜リード獲得（資料請求・問い合わせ）LP（和モダン・背景動画ループ＋オーバーレイ）","プロ（演出多め）"
"LP-04513","SaaS・BtoBツール｜会員登録・アプリDLLP（信頼・誠実（コーポレート）・デバイスモックアップ浮遊）","プロ（演出多め）"
"LP-04514","SaaS・BtoBツール｜リード獲得（資料請求・問い合わせ）LP（グラスモーフィズム・イラスト主体）","プロ（演出多め）"
"LP-04515","ヨガ・ピラティス｜採用エントリーLP（和モダン・ジェネラティブ背景＋コピー）","プロ（演出多め）"
"LP-04516","美容クリニック｜無料体験・カウンセリング予約LP（信頼・誠実（コーポレート）・実績数字ドーン）","プロ（演出多め）"
"LP-04517","Web制作・デザイン事務所｜セミナー・ウェビナー集客LP（ジオメトリック・グラフィカル・デバイスモックアップ浮遊）","プロ（演出多め）"
"LP-04518","コンサル・コーチング｜リード獲得（資料請求・問い合わせ）LP（かわいい・ガーリー・左テキスト×右商品/人物）","プロ（演出多め）"
"LP-04519","自動車・バイク｜リード獲得（資料請求・問い合わせ）LP（エネルギッシュ・スポーティ・背景動画ループ＋オーバーレイ）","プロ（演出多め）"
"LP-04520","コスメ・スキンケア｜リード獲得（資料請求・問い合わせ）LP（パステル・ドリーミー・超大型タイポグラフィ）","プロ（演出多め）"
"LP-04521","農業・地方の生産者｜採用エントリーLP（和モダン・超大型タイポグラフィ）","プロ（演出多め）"
"LP-04522","保育園・幼児教育・習い事｜採用エントリーLP（ポップ・カラフル・スクロールで商品が回転/分解）","プロ（演出多め）"
"LP-04523","スクール・オンライン講座｜採用エントリーLP（ナチュラル・オーガニック・全面写真＋中央キャッチ）","プロ（演出多め）"
"LP-04524","ペット・トリミング・動物病院｜無料体験・カウンセリング予約LP（3D・クレイ・背景動画ループ＋オーバーレイ）","プロ（演出多め）"
"LP-04525","スクール・オンライン講座｜会員登録・アプリDLLP（グラスモーフィズム・写真コラージュ）","プロ（演出多め）"
"LP-04526","アパレル・ファッションEC｜商品購入（単品通販）LP（レトロ・Y2K・デバイスモックアップ浮遊）","上級"
"LP-04527","サウナ・温浴施設｜LINE友だち追加LP（ニューブルータリズム・イラスト主体）","プロ（演出多め）"
"LP-04528","エステ・脱毛サロン｜LINE友だち追加LP（ジオメトリック・グラフィカル・ジェネラティブ背景＋コピー）","プロ（演出多め）"
"LP-04529","クラウドファンディング・新商品｜商品購入（単品通販）LP（クール・テック・イラスト主体）","プロ（演出多め）"
"LP-04530","英会話・語学｜採用エントリーLP（信頼・誠実（コーポレート）・写真コラージュ）","プロ（演出多め）"
"LP-04531","音楽・ライブ・イベント｜リード獲得（資料請求・問い合わせ）LP（ニューブルータリズム・ジェネラティブ背景＋コピー）","プロ（演出多め）"
"LP-04532","ホテル・旅館｜採用エントリーLP（ダーク・シネマティック・全面写真＋中央キャッチ）","上級"
"LP-04533","占い・スピリチュアル｜無料体験・カウンセリング予約LP（北欧・ライフスタイル・ジェネラティブ背景＋コピー）","上級"
"LP-04534","カフェ・ベーカリー｜リード獲得（資料請求・問い合わせ）LP（北欧・ライフスタイル・イラスト主体）","プロ（演出多め）"
"LP-04535","建築設計事務所｜採用エントリーLP（ミニマル・洗練・デバイスモックアップ浮遊）","プロ（演出多め）"
"LP-04536","Web制作・デザイン事務所｜セミナー・ウェビナー集客LP（ジオメトリック・グラフィカル・左テキスト×右商品/人物）","プロ（演出多め）"
"LP-04537","スクール・オンライン講座｜無料体験・カウンセリング予約LP（ラグジュアリー・高級感・実績数字ドーン）","プロ（演出多め）"
"LP-04538","AIサービス・スタートアップ｜リード獲得（資料請求・問い合わせ）LP（ミニマル・洗練・全面写真＋中央キャッチ）","プロ（演出多め）"
"LP-04539","ホテル・旅館｜採用エントリーLP（和モダン・デバイスモックアップ浮遊）","プロ（演出多め）"
"LP-04540","金融・保険・投資｜リード獲得（資料請求・問い合わせ）LP（クール・テック・写真コラージュ）","プロ（演出多め）"
"LP-04541","保育園・幼児教育・習い事｜無料体験・カウンセリング予約LP（ハンドメイド・手書き・写真コラージュ）","プロ（演出多め）"
"LP-04542","コスメ・スキンケア｜採用エントリーLP（パステル・ドリーミー・全面写真＋中央キャッチ）","プロ（演出多め）"
"LP-04543","工務店・注文住宅・リフォーム｜リード獲得（資料請求・問い合わせ）LP（信頼・誠実（コーポレート）・左テキスト×右商品/人物）","プロ（演出多め）"
"LP-04544","美容クリニック｜採用エントリーLP（ミニマル・洗練・イラスト主体）","上級"
"LP-04545","採用・求人｜リード獲得（資料請求・問い合わせ）LP（信頼・誠実（コーポレート）・実績数字ドーン）","プロ（演出多め）"
"LP-04546","サウナ・温浴施設｜採用エントリーLP（レトロ・Y2K・全面写真＋中央キャッチ）","プロ（演出多め）"
"LP-04547","Web制作・デザイン事務所｜採用エントリーLP（ニューブルータリズム・左テキスト×右商品/人物）","上級"
"LP-04548","カフェ・ベーカリー｜リード獲得（資料請求・問い合わせ）LP（ニューブルータリズム・スクロールで商品が回転/分解）","プロ（演出多め）"
"LP-04549","食品・産直EC｜採用エントリーLP（和モダン・全面写真＋中央キャッチ）","プロ（演出多め）"
"LP-04550","農業・地方の生産者｜リード獲得（資料請求・問い合わせ）LP（ナチュラル・オーガニック・実績数字ドーン）","上級"
"LP-04551","プログラミングスクール｜セミナー・ウェビナー集客LP（ネオン・サイバー・実績数字ドーン）","プロ（演出多め）"
"LP-04552","ゲーム・eスポーツ｜リード獲得（資料請求・問い合わせ）LP（ネオン・サイバー・ジェネラティブ背景＋コピー）","プロ（演出多め）"
"LP-04553","コスメ・スキンケア｜商品購入（単品通販）LP（ナチュラル・オーガニック・背景動画ループ＋オーバーレイ）","プロ（演出多め）"
"LP-04554","自動車・バイク｜リード獲得（資料請求・問い合わせ）LP（エネルギッシュ・スポーティ・ジェネラティブ背景＋コピー）","プロ（演出多め）"
"LP-04555","占い・スピリチュアル｜LINE友だち追加LP（ラグジュアリー・高級感・スクロールで商品が回転/分解）","プロ（演出多め）"
"LP-04556","自動車・バイク｜リード獲得（資料請求・問い合わせ）LP（ダーク・シネマティック・超大型タイポグラフィ）","プロ（演出多め）"
"LP-04557","工務店・注文住宅・リフォーム｜採用エントリーLP（和モダン・イラスト主体）","プロ（演出多め）"
"LP-04558","士業（税理士・弁護士・行政書士）｜リード獲得（資料請求・問い合わせ）LP（信頼・誠実（コーポレート）・実績数字ドーン）","プロ（演出多め）"
"LP-04559","農業・地方の生産者｜クラウドファンディング支援LP（ハンドメイド・手書き・左テキスト×右商品/人物）","プロ（演出多め）"
"LP-04560","食品・産直EC｜採用エントリーLP（ポップ・カラフル・左テキスト×右商品/人物）","プロ（演出多め）"
"LP-04561","音楽・ライブ・イベント｜リード獲得（資料請求・問い合わせ）LP（ニューブルータリズム・背景動画ループ＋オーバーレイ）","プロ（演出多め）"
"LP-04562","スクール・オンライン講座｜セミナー・ウェビナー集客LP（クール・テック・ジェネラティブ背景＋コピー）","プロ（演出多め）"
"LP-04563","コンサル・コーチング｜リード獲得（資料請求・問い合わせ）LP（エディトリアル・雑誌風・超大型タイポグラフィ）","プロ（演出多め）"
"LP-04564","金融・保険・投資｜採用エントリーLP（信頼・誠実（コーポレート）・実績数字ドーン）","上級"
"LP-04565","Web制作・デザイン事務所｜リード獲得（資料請求・問い合わせ）LP（ダーク・シネマティック・背景動画ループ＋オーバーレイ）","プロ（演出多め）"
"LP-04566","ウェディング・結婚相談所｜リード獲得（資料請求・問い合わせ）LP（ミニマル・洗練・スクロールで商品が回転/分解）","プロ（演出多め）"
"LP-04567","不動産・マンション｜無料体験・カウンセリング予約LP（ラグジュアリー・高級感・デバイスモックアップ浮遊）","上級"
"LP-04568","アパレル・ファッションEC｜採用エントリーLP（ニューブルータリズム・背景動画ループ＋オーバーレイ）","プロ（演出多め）"
"LP-04569","コスメ・スキンケア｜リード獲得（資料請求・問い合わせ）LP（ナチュラル・オーガニック・実績数字ドーン）","プロ（演出多め）"
"LP-04570","ペット・トリミング・動物病院｜LINE友だち追加LP（ハンドメイド・手書き・写真コラージュ）","プロ（演出多め）"
"LP-04571","採用・求人｜リード獲得（資料請求・問い合わせ）LP（エディトリアル・雑誌風・デバイスモックアップ浮遊）","プロ（演出多め）"
"LP-04572","農業・地方の生産者｜採用エントリーLP（ナチュラル・オーガニック・写真コラージュ）","プロ（演出多め）"
"LP-04573","ゲーム・eスポーツ｜採用エントリーLP（ネオン・サイバー・全面写真＋中央キャッチ）","プロ（演出多め）"
"LP-04574","和菓子・スイーツ｜リード獲得（資料請求・問い合わせ）LP（ナチュラル・オーガニック・全面写真＋中央キャッチ）","プロ（演出多め）"
"LP-04575","不動産・マンション｜無料体験・カウンセリング予約LP（エディトリアル・雑誌風・デバイスモックアップ浮遊）","プロ（演出多め）"
"LP-04576","不動産・マンション｜採用エントリーLP（レトロ・Y2K・デバイスモックアップ浮遊）","プロ（演出多め）"
"LP-04577","観光・地域プロモーション｜リード獲得（資料請求・問い合わせ）LP（ハンドメイド・手書き・スクロールで商品が回転/分解）","プロ（演出多め）"
"LP-04578","建築設計事務所｜リード獲得（資料請求・問い合わせ）LP（ジオメトリック・グラフィカル・イラスト主体）","プロ（演出多め）"
"LP-04579","英会話・語学｜会員登録・アプリDLLP（北欧・ライフスタイル・写真コラージュ）","プロ（演出多め）"
"LP-04580","サウナ・温浴施設｜無料体験・カウンセリング予約LP（ナチュラル・オーガニック・背景動画ループ＋オーバーレイ）","プロ（演出多め）"
"LP-04581","士業（税理士・弁護士・行政書士）｜採用エントリーLP（和モダン・全面写真＋中央キャッチ）","プロ（演出多め）"
"LP-04582","占い・スピリチュアル｜LINE友だち追加LP（パステル・ドリーミー・左テキスト×右商品/人物）","プロ（演出多め）"
"LP-04583","NPO・地方自治体｜リード獲得（資料請求・問い合わせ）LP（信頼・誠実（コーポレート）・イラスト主体）","プロ（演出多め）"
"LP-04584","コンサル・コーチング｜セミナー・ウェビナー集客LP（和モダン・実績数字ドーン）","プロ（演出多め）"
"LP-04585","歯科医院｜無料体験・カウンセリング予約LP（ナチュラル・オーガニック・写真コラージュ）","プロ（演出多め）"
"LP-04586","ヨガ・ピラティス｜リード獲得（資料請求・問い合わせ）LP（ナチュラル・オーガニック・超大型タイポグラフィ）","プロ（演出多め）"
"LP-04587","和菓子・スイーツ｜リード獲得（資料請求・問い合わせ）LP（和モダン・スクロールで商品が回転/分解）","プロ（演出多め）"
"LP-04588","ペット・トリミング・動物病院｜リード獲得（資料請求・問い合わせ）LP（3D・クレイ・超大型タイポグラフィ）","プロ（演出多め）"
"LP-04589","不動産・マンション｜無料体験・カウンセリング予約LP（ダーク・シネマティック・デバイスモックアップ浮遊）","プロ（演出多め）"
"LP-04590","カフェ・ベーカリー｜LINE友だち追加LP（北欧・ライフスタイル・ジェネラティブ背景＋コピー）","プロ（演出多め）"
"LP-04591","金融・保険・投資｜会員登録・アプリDLLP（ミニマル・洗練・実績数字ドーン）","プロ（演出多め）"
"LP-04592","歯科医院｜採用エントリーLP（ミニマル・洗練・ジェネラティブ背景＋コピー）","上級"
"LP-04593","サウナ・温浴施設｜リード獲得（資料請求・問い合わせ）LP（ニューブルータリズム・背景動画ループ＋オーバーレイ）","プロ（演出多め）"
"LP-04594","コンサル・コーチング｜セミナー・ウェビナー集客LP（エディトリアル・雑誌風・超大型タイポグラフィ）","プロ（演出多め）"
"LP-04595","Web制作・デザイン事務所｜リード獲得（資料請求・問い合わせ）LP（クール・テック・ジェネラティブ背景＋コピー）","プロ（演出多め）"
"LP-04596","音楽・ライブ・イベント｜リード獲得（資料請求・問い合わせ）LP（ネオン・サイバー・スクロールで商品が回転/分解）","プロ（演出多め）"
"LP-04597","アパレル・ファッションEC｜商品購入（単品通販）LP（エディトリアル・雑誌風・デバイスモックアップ浮遊）","プロ（演出多め）"
"LP-04598","サウナ・温浴施設｜リード獲得（資料請求・問い合わせ）LP（かわいい・ガーリー・実績数字ドーン）","プロ（演出多め）"
"LP-04599","NPO・地方自治体｜リード獲得（資料請求・問い合わせ）LP（ナチュラル・オーガニック・スクロールで商品が回転/分解）","プロ（演出多め）"
"LP-04600","ペット・トリミング・動物病院｜LINE友だち追加LP（3D・クレイ・超大型タイポグラフィ）","プロ（演出多め）"
"LP-04601","スマホアプリ｜会員登録・アプリDLLP（和モダン・デバイスモックアップ浮遊）","上級"
"LP-04602","士業（税理士・弁護士・行政書士）｜セミナー・ウェビナー集客LP（和モダン・左テキスト×右商品/人物）","プロ（演出多め）"
"LP-04603","占い・スピリチュアル｜LINE友だち追加LP（パステル・ドリーミー・超大型タイポグラフィ）","プロ（演出多め）"
"LP-04604","美容室・ヘアサロン｜採用エントリーLP（かわいい・ガーリー・実績数字ドーン）","プロ（演出多め）"
"LP-04605","コンサル・コーチング｜採用エントリーLP（信頼・誠実（コーポレート）・超大型タイポグラフィ）","プロ（演出多め）"
"LP-04606","英会話・語学｜リード獲得（資料請求・問い合わせ）LP（ポップ・カラフル・イラスト主体）","プロ（演出多め）"
"LP-04607","SaaS・BtoBツール｜採用エントリーLP（信頼・誠実（コーポレート）・写真コラージュ）","プロ（演出多め）"
"LP-04608","SaaS・BtoBツール｜リード獲得（資料請求・問い合わせ）LP（クール・テック・イラスト主体）","プロ（演出多め）"
"LP-04609","不動産・マンション｜リード獲得（資料請求・問い合わせ）LP（レトロ・Y2K・全面写真＋中央キャッチ）","プロ（演出多め）"
"LP-04610","ゲーム・eスポーツ｜クラウドファンディング支援LP（レトロ・Y2K・スクロールで商品が回転/分解）","プロ（演出多め）"
"LP-04611","農業・地方の生産者｜採用エントリーLP（ハンドメイド・手書き・デバイスモックアップ浮遊）","プロ（演出多め）"
"LP-04612","カフェ・ベーカリー｜採用エントリーLP（レトロ・Y2K・背景動画ループ＋オーバーレイ）","上級"
"LP-04613","英会話・語学｜採用エントリーLP（ポップ・カラフル・左テキスト×右商品/人物）","プロ（演出多め）"
"LP-04614","美容室・ヘアサロン｜リード獲得（資料請求・問い合わせ）LP（北欧・ライフスタイル・背景動画ループ＋オーバーレイ）","プロ（演出多め）"
"LP-04615","士業（税理士・弁護士・行政書士）｜採用エントリーLP（和モダン・写真コラージュ）","プロ（演出多め）"
"LP-04616","YouTuber・インフルエンサー｜会員登録・アプリDLLP（3D・クレイ・スクロールで商品が回転/分解）","プロ（演出多め）"
"LP-04617","建築設計事務所｜採用エントリーLP（ジオメトリック・グラフィカル・全面写真＋中央キャッチ）","プロ（演出多め）"
"LP-04618","AIサービス・スタートアップ｜リード獲得（資料請求・問い合わせ）LP（ミニマル・洗練・左テキスト×右商品/人物）","プロ（演出多め）"
"LP-04619","工務店・注文住宅・リフォーム｜採用エントリーLP（北欧・ライフスタイル・写真コラージュ）","上級"
"LP-04620","歯科医院｜LINE友だち追加LP（ミニマル・洗練・超大型タイポグラフィ）","プロ（演出多め）"
"LP-04621","パーソナルジム・フィットネス｜リード獲得（資料請求・問い合わせ）LP（ハンドメイド・手書き・スクロールで商品が回転/分解）","プロ（演出多め）"
"LP-04622","和菓子・スイーツ｜リード獲得（資料請求・問い合わせ）LP（ダーク・シネマティック・スクロールで商品が回転/分解）","プロ（演出多め）"
"LP-04623","NPO・地方自治体｜リード獲得（資料請求・問い合わせ）LP（ジオメトリック・グラフィカル・背景動画ループ＋オーバーレイ）","プロ（演出多め）"
"LP-04624","占い・スピリチュアル｜無料体験・カウンセリング予約LP（ラグジュアリー・高級感・背景動画ループ＋オーバーレイ）","プロ（演出多め）"
"LP-04625","食品・産直EC｜採用エントリーLP（ナチュラル・オーガニック・スクロールで商品が回転/分解）","プロ（演出多め）"
"LP-04626","NPO・地方自治体｜リード獲得（資料請求・問い合わせ）LP（ハンドメイド・手書き・左テキスト×右商品/人物）","プロ（演出多め）"
"LP-04627","スクール・オンライン講座｜採用エントリーLP（クール・テック・イラスト主体）","プロ（演出多め）"
"LP-04628","エステ・脱毛サロン｜LINE友だち追加LP（和モダン・全面写真＋中央キャッチ）","プロ（演出多め）"
"LP-04629","建築設計事務所｜採用エントリーLP（かわいい・ガーリー・背景動画ループ＋オーバーレイ）","プロ（演出多め）"
"LP-04630","アパレル・ファッションEC｜リード獲得（資料請求・問い合わせ）LP（エディトリアル・雑誌風・イラスト主体）","上級"
"LP-04631","士業（税理士・弁護士・行政書士）｜無料体験・カウンセリング予約LP（和モダン・背景動画ループ＋オーバーレイ）","プロ（演出多め）"
"LP-04632","引越し・生活サービス｜無料体験・カウンセリング予約LP（ポップ・カラフル・写真コラージュ）","プロ（演出多め）"
"LP-04633","工務店・注文住宅・リフォーム｜LINE友だち追加LP（北欧・ライフスタイル・イラスト主体）","プロ（演出多め）"
"LP-04634","ウェディング・結婚相談所｜採用エントリーLP（かわいい・ガーリー・ジェネラティブ背景＋コピー）","プロ（演出多め）"
"LP-04635","歯科医院｜リード獲得（資料請求・問い合わせ）LP（ミニマル・洗練・全面写真＋中央キャッチ）","プロ（演出多め）"
"LP-04636","ペット・トリミング・動物病院｜商品購入（単品通販）LP（エネルギッシュ・スポーティ・ジェネラティブ背景＋コピー）","プロ（演出多め）"
"LP-04637","美容室・ヘアサロン｜LINE友だち追加LP（ミニマル・洗練・背景動画ループ＋オーバーレイ）","プロ（演出多め）"
"LP-04638","観光・地域プロモーション｜クラウドファンディング支援LP（グラスモーフィズム・実績数字ドーン）","プロ（演出多め）"
"LP-04639","エステ・脱毛サロン｜LINE友だち追加LP（ラグジュアリー・高級感・左テキスト×右商品/人物）","上級"
"LP-04640","農業・地方の生産者｜商品購入（単品通販）LP（和モダン・デバイスモックアップ浮遊）","プロ（演出多め）"
"LP-04641","農業・地方の生産者｜リード獲得（資料請求・問い合わせ）LP（ハンドメイド・手書き・超大型タイポグラフィ）","プロ（演出多め）"
"LP-04642","保育園・幼児教育・習い事｜採用エントリーLP（かわいい・ガーリー・超大型タイポグラフィ）","プロ（演出多め）"
"LP-04643","Web制作・デザイン事務所｜セミナー・ウェビナー集客LP（ダーク・シネマティック・全面写真＋中央キャッチ）","プロ（演出多め）"
"LP-04644","レストラン・居酒屋｜採用エントリーLP（和モダン・超大型タイポグラフィ）","プロ（演出多め）"
"LP-04645","自動車・バイク｜無料体験・カウンセリング予約LP（グラスモーフィズム・実績数字ドーン）","プロ（演出多め）"
"LP-04646","コンサル・コーチング｜無料体験・カウンセリング予約LP（ミニマル・洗練・実績数字ドーン）","プロ（演出多め）"
"LP-04647","Web制作・デザイン事務所｜採用エントリーLP（エディトリアル・雑誌風・実績数字ドーン）","プロ（演出多め）"
"LP-04648","クラウドファンディング・新商品｜採用エントリーLP（クール・テック・超大型タイポグラフィ）","プロ（演出多め）"
"LP-04649","ゲーム・eスポーツ｜リード獲得（資料請求・問い合わせ）LP（レトロ・Y2K・写真コラージュ）","プロ（演出多め）"
"LP-04650","カフェ・ベーカリー｜LINE友だち追加LP（ポップ・カラフル・ジェネラティブ背景＋コピー）","プロ（演出多め）"
"LP-04651","工務店・注文住宅・リフォーム｜リード獲得（資料請求・問い合わせ）LP（北欧・ライフスタイル・デバイスモックアップ浮遊）","プロ（演出多め）"
"LP-04652","コンサル・コーチング｜無料体験・カウンセリング予約LP（ミニマル・洗練・デバイスモックアップ浮遊）","プロ（演出多め）"
"LP-04653","音楽・ライブ・イベント｜クラウドファンディング支援LP（ネオン・サイバー・全面写真＋中央キャッチ）","プロ（演出多め）"
"LP-04654","カフェ・ベーカリー｜LINE友だち追加LP（ミニマル・洗練・左テキスト×右商品/人物）","プロ（演出多め）"
"LP-04655","自動車・バイク｜リード獲得（資料請求・問い合わせ）LP（信頼・誠実（コーポレート）・スクロールで商品が回転/分解）","プロ（演出多め）"
"LP-04656","サウナ・温浴施設｜リード獲得（資料請求・問い合わせ）LP（ニューブルータリズム・超大型タイポグラフィ）","プロ（演出多め）"
"LP-04657","NPO・地方自治体｜リード獲得（資料請求・問い合わせ）LP（ラグジュアリー・高級感・スクロールで商品が回転/分解）","プロ（演出多め）"
"LP-04658","ペット・トリミング・動物病院｜リード獲得（資料請求・問い合わせ）LP（かわいい・ガーリー・左テキスト×右商品/人物）","上級"
"LP-04659","食品・産直EC｜商品購入（単品通販）LP（ポップ・カラフル・ジェネラティブ背景＋コピー）","プロ（演出多め）"
"LP-04660","SaaS・BtoBツール｜セミナー・ウェビナー集客LP（クール・テック・デバイスモックアップ浮遊）","プロ（演出多め）"
"LP-04661","美容クリニック｜無料体験・カウンセリング予約LP（ミニマル・洗練・デバイスモックアップ浮遊）","プロ（演出多め）"
"LP-04662","YouTuber・インフルエンサー｜リード獲得（資料請求・問い合わせ）LP（ニューブルータリズム・左テキスト×右商品/人物）","プロ（演出多め）"
"LP-04663","プログラミングスクール｜会員登録・アプリDLLP（3D・クレイ・左テキスト×右商品/人物）","プロ（演出多め）"
"LP-04664","NPO・地方自治体｜リード獲得（資料請求・問い合わせ）LP（ナチュラル・オーガニック・全面写真＋中央キャッチ）","上級"
"LP-04665","農業・地方の生産者｜採用エントリーLP（ナチュラル・オーガニック・実績数字ドーン）","プロ（演出多め）"
"LP-04666","カフェ・ベーカリー｜LINE友だち追加LP（エディトリアル・雑誌風・写真コラージュ）","プロ（演出多め）"
"LP-04667","スマホアプリ｜リード獲得（資料請求・問い合わせ）LP（ポップ・カラフル・左テキスト×右商品/人物）","プロ（演出多め）"
"LP-04668","コンサル・コーチング｜セミナー・ウェビナー集客LP（ハンドメイド・手書き・ジェネラティブ背景＋コピー）","プロ（演出多め）"
"LP-04669","観光・地域プロモーション｜クラウドファンディング支援LP（エディトリアル・雑誌風・左テキスト×右商品/人物）","プロ（演出多め）"
"LP-04670","工務店・注文住宅・リフォーム｜LINE友だち追加LP（ナチュラル・オーガニック・左テキスト×右商品/人物）","プロ（演出多め）"
"LP-04671","パーソナルジム・フィットネス｜無料体験・カウンセリング予約LP（ニューブルータリズム・デバイスモックアップ浮遊）","プロ（演出多め）"
"LP-04672","プログラミングスクール｜会員登録・アプリDLLP（かわいい・ガーリー・イラスト主体）","上級"
"LP-04673","士業（税理士・弁護士・行政書士）｜無料体験・カウンセリング予約LP（信頼・誠実（コーポレート）・左テキスト×右商品/人物）","プロ（演出多め）"
"LP-04674","引越し・生活サービス｜LINE友だち追加LP（信頼・誠実（コーポレート）・デバイスモックアップ浮遊）","上級"
"LP-04675","建築設計事務所｜リード獲得（資料請求・問い合わせ）LP（ジオメトリック・グラフィカル・スクロールで商品が回転/分解）","上級"
"LP-04676","ペット・トリミング・動物病院｜無料体験・カウンセリング予約LP（ハンドメイド・手書き・全面写真＋中央キャッチ）","プロ（演出多め）"
"LP-04677","NPO・地方自治体｜リード獲得（資料請求・問い合わせ）LP（ジオメトリック・グラフィカル・ジェネラティブ背景＋コピー）","プロ（演出多め）"
"LP-04678","プログラミングスクール｜リード獲得（資料請求・問い合わせ）LP（ポップ・カラフル・イラスト主体）","プロ（演出多め）"
"LP-04679","ゲーム・eスポーツ｜採用エントリーLP（ネオン・サイバー・デバイスモックアップ浮遊）","プロ（演出多め）"
"LP-04680","AIサービス・スタートアップ｜無料体験・カウンセリング予約LP（ネオン・サイバー・写真コラージュ）","プロ（演出多め）"
"LP-04681","スクール・オンライン講座｜会員登録・アプリDLLP（信頼・誠実（コーポレート）・超大型タイポグラフィ）","プロ（演出多め）"
"LP-04682","ペット・トリミング・動物病院｜LINE友だち追加LP（ナチュラル・オーガニック・背景動画ループ＋オーバーレイ）","上級"
"LP-04683","コスメ・スキンケア｜商品購入（単品通販）LP（ニューブルータリズム・左テキスト×右商品/人物）","プロ（演出多め）"
"LP-04684","保育園・幼児教育・習い事｜無料体験・カウンセリング予約LP（ハンドメイド・手書き・スクロールで商品が回転/分解）","プロ（演出多め）"
"LP-04685","カフェ・ベーカリー｜採用エントリーLP（ナチュラル・オーガニック・イラスト主体）","上級"
"LP-04686","工務店・注文住宅・リフォーム｜リード獲得（資料請求・問い合わせ）LP（3D・クレイ・左テキスト×右商品/人物）","プロ（演出多め）"
"LP-04687","サウナ・温浴施設｜採用エントリーLP（和モダン・全面写真＋中央キャッチ）","プロ（演出多め）"
"LP-04688","和菓子・スイーツ｜リード獲得（資料請求・問い合わせ）LP（エディトリアル・雑誌風・実績数字ドーン）","上級"
"LP-04689","食品・産直EC｜リード獲得（資料請求・問い合わせ）LP（和モダン・スクロールで商品が回転/分解）","上級"
"LP-04690","ペット・トリミング・動物病院｜リード獲得（資料請求・問い合わせ）LP（かわいい・ガーリー・ジェネラティブ背景＋コピー）","プロ（演出多め）"
"LP-04691","プログラミングスクール｜セミナー・ウェビナー集客LP（ポップ・カラフル・左テキスト×右商品/人物）","上級"
"LP-04692","金融・保険・投資｜リード獲得（資料請求・問い合わせ）LP（ミニマル・洗練・デバイスモックアップ浮遊）","プロ（演出多め）"
"LP-04693","ホテル・旅館｜LINE友だち追加LP（ミニマル・洗練・ジェネラティブ背景＋コピー）","プロ（演出多め）"
"LP-04694","ゲーム・eスポーツ｜リード獲得（資料請求・問い合わせ）LP（レトロ・Y2K・背景動画ループ＋オーバーレイ）","プロ（演出多め）"
"LP-04695","内科・クリニック｜無料体験・カウンセリング予約LP（ナチュラル・オーガニック・全面写真＋中央キャッチ）","プロ（演出多め）"
"LP-04696","コスメ・スキンケア｜商品購入（単品通販）LP（ナチュラル・オーガニック・左テキスト×右商品/人物）","プロ（演出多め）"
"LP-04697","パーソナルジム・フィットネス｜無料体験・カウンセリング予約LP（クール・テック・イラスト主体）","プロ（演出多め）"
"LP-04698","音楽・ライブ・イベント｜リード獲得（資料請求・問い合わせ）LP（ポップ・カラフル・全面写真＋中央キャッチ）","プロ（演出多め）"
"LP-04699","ヨガ・ピラティス｜採用エントリーLP（ミニマル・洗練・超大型タイポグラフィ）","プロ（演出多め）"
"LP-04700","自動車・バイク｜リード獲得（資料請求・問い合わせ）LP（ダーク・シネマティック・スクロールで商品が回転/分解）","プロ（演出多め）"
"LP-04701","AIサービス・スタートアップ｜会員登録・アプリDLLP（クール・テック・超大型タイポグラフィ）","プロ（演出多め）"
"LP-04702","採用・求人｜リード獲得（資料請求・問い合わせ）LP（信頼・誠実（コーポレート）・デバイスモックアップ浮遊）","プロ（演出多め）"
"LP-04703","クラウドファンディング・新商品｜クラウドファンディング支援LP（ポップ・カラフル・全面写真＋中央キャッチ）","プロ（演出多め）"
"LP-04704","自動車・バイク｜採用エントリーLP（ラグジュアリー・高級感・実績数字ドーン）","プロ（演出多め）"
"LP-04705","Web制作・デザイン事務所｜採用エントリーLP（エディトリアル・雑誌風・イラスト主体）","プロ（演出多め）"
"LP-04706","金融・保険・投資｜無料体験・カウンセリング予約LP（ミニマル・洗練・デバイスモックアップ浮遊）","プロ（演出多め）"
"LP-04707","和菓子・スイーツ｜採用エントリーLP（パステル・ドリーミー・超大型タイポグラフィ）","プロ（演出多め）"
"LP-04708","工務店・注文住宅・リフォーム｜無料体験・カウンセリング予約LP（ナチュラル・オーガニック・スクロールで商品が回転/分解）","プロ（演出多め）"
"LP-04709","レストラン・居酒屋｜リード獲得（資料請求・問い合わせ）LP（ミニマル・洗練・超大型タイポグラフィ）","プロ（演出多め）"
"LP-04710","ヨガ・ピラティス｜LINE友だち追加LP（ナチュラル・オーガニック・写真コラージュ）","プロ（演出多め）"
"LP-04711","NPO・地方自治体｜採用エントリーLP（信頼・誠実（コーポレート）・全面写真＋中央キャッチ）","プロ（演出多め）"
"LP-04712","Web制作・デザイン事務所｜リード獲得（資料請求・問い合わせ）LP（ダーク・シネマティック・全面写真＋中央キャッチ）","プロ（演出多め）"
"LP-04713","不動産・マンション｜セミナー・ウェビナー集客LP（信頼・誠実（コーポレート）・写真コラージュ）","プロ（演出多め）"
"LP-04714","占い・スピリチュアル｜リード獲得（資料請求・問い合わせ）LP（ダーク・シネマティック・超大型タイポグラフィ）","プロ（演出多め）"
"LP-04715","ペット・トリミング・動物病院｜採用エントリーLP（ハンドメイド・手書き・写真コラージュ）","プロ（演出多め）"
"LP-04716","歯科医院｜無料体験・カウンセリング予約LP（ナチュラル・オーガニック・イラスト主体）","プロ（演出多め）"
"LP-04717","農業・地方の生産者｜採用エントリーLP（和モダン・背景動画ループ＋オーバーレイ）","プロ（演出多め）"
"LP-04718","コスメ・スキンケア｜採用エントリーLP（ナチュラル・オーガニック・ジェネラティブ背景＋コピー）","上級"
"LP-04719","音楽・ライブ・イベント｜クラウドファンディング支援LP（レトロ・Y2K・左テキスト×右商品/人物）","プロ（演出多め）"
"LP-04720","歯科医院｜リード獲得（資料請求・問い合わせ）LP（ミニマル・洗練・ジェネラティブ背景＋コピー）","プロ（演出多め）"
"LP-04721","農業・地方の生産者｜商品購入（単品通販）LP（ナチュラル・オーガニック・背景動画ループ＋オーバーレイ）","プロ（演出多め）"
"LP-04722","工務店・注文住宅・リフォーム｜無料体験・カウンセリング予約LP（ミニマル・洗練・背景動画ループ＋オーバーレイ）","プロ（演出多め）"
"LP-04723","音楽・ライブ・イベント｜クラウドファンディング支援LP（かわいい・ガーリー・背景動画ループ＋オーバーレイ）","プロ（演出多め）"
"LP-04724","コンサル・コーチング｜採用エントリーLP（信頼・誠実（コーポレート）・ジェネラティブ背景＋コピー）","上級"
"LP-04725","サウナ・温浴施設｜リード獲得（資料請求・問い合わせ）LP（ニューブルータリズム・ジェネラティブ背景＋コピー）","プロ（演出多め）"
"LP-04726","コスメ・スキンケア｜採用エントリーLP（ラグジュアリー・高級感・左テキスト×右商品/人物）","プロ（演出多め）"
"LP-04727","建築設計事務所｜採用エントリーLP（ポップ・カラフル・左テキスト×右商品/人物）","プロ（演出多め）"
"LP-04728","ウェディング・結婚相談所｜無料体験・カウンセリング予約LP（ニューブルータリズム・デバイスモックアップ浮遊）","プロ（演出多め）"
"LP-04729","金融・保険・投資｜会員登録・アプリDLLP（クール・テック・実績数字ドーン）","上級"
"LP-04730","食品・産直EC｜リード獲得（資料請求・問い合わせ）LP（和モダン・デバイスモックアップ浮遊）","プロ（演出多め）"
"LP-04731","歯科医院｜採用エントリーLP（ミニマル・洗練・全面写真＋中央キャッチ）","プロ（演出多め）"
"LP-04732","工務店・注文住宅・リフォーム｜LINE友だち追加LP（ナチュラル・オーガニック・写真コラージュ）","プロ（演出多め）"
"LP-04733","クラウドファンディング・新商品｜リード獲得（資料請求・問い合わせ）LP（ナチュラル・オーガニック・ジェネラティブ背景＋コピー）","プロ（演出多め）"
"LP-04734","レストラン・居酒屋｜LINE友だち追加LP（和モダン・全面写真＋中央キャッチ）","プロ（演出多め）"
"LP-04735","占い・スピリチュアル｜リード獲得（資料請求・問い合わせ）LP（パステル・ドリーミー・背景動画ループ＋オーバーレイ）","プロ（演出多め）"
"LP-04736","プログラミングスクール｜採用エントリーLP（クール・テック・イラスト主体）","プロ（演出多め）"
"LP-04737","クラウドファンディング・新商品｜リード獲得（資料請求・問い合わせ）LP（ダーク・シネマティック・超大型タイポグラフィ）","プロ（演出多め）"
"LP-04738","アパレル・ファッションEC｜リード獲得（資料請求・問い合わせ）LP（エディトリアル・雑誌風・写真コラージュ）","プロ（演出多め）"
"LP-04739","引越し・生活サービス｜無料体験・カウンセリング予約LP（信頼・誠実（コーポレート）・スクロールで商品が回転/分解）","プロ（演出多め）"
"LP-04740","占い・スピリチュアル｜採用エントリーLP（ラグジュアリー・高級感・超大型タイポグラフィ）","プロ（演出多め）"
"LP-04741","アパレル・ファッションEC｜リード獲得（資料請求・問い合わせ）LP（ミニマル・洗練・全面写真＋中央キャッチ）","プロ（演出多め）"
"LP-04742","コンサル・コーチング｜リード獲得（資料請求・問い合わせ）LP（信頼・誠実（コーポレート）・イラスト主体）","上級"
"LP-04743","音楽・ライブ・イベント｜採用エントリーLP（レトロ・Y2K・スクロールで商品が回転/分解）","プロ（演出多め）"
"LP-04744","歯科医院｜採用エントリーLP（ラグジュアリー・高級感・ジェネラティブ背景＋コピー）","プロ（演出多め）"
"LP-04745","プログラミングスクール｜採用エントリーLP（3D・クレイ・デバイスモックアップ浮遊）","プロ（演出多め）"
"LP-04746","SaaS・BtoBツール｜無料体験・カウンセリング予約LP（ミニマル・洗練・全面写真＋中央キャッチ）","上級"
"LP-04747","アパレル・ファッションEC｜リード獲得（資料請求・問い合わせ）LP（ニューブルータリズム・実績数字ドーン）","プロ（演出多め）"
"LP-04748","美容室・ヘアサロン｜採用エントリーLP（ラグジュアリー・高級感・ジェネラティブ背景＋コピー）","プロ（演出多め）"
"LP-04749","引越し・生活サービス｜採用エントリーLP（信頼・誠実（コーポレート）・写真コラージュ）","プロ（演出多め）"
"LP-04750","士業（税理士・弁護士・行政書士）｜採用エントリーLP（3D・クレイ・スクロールで商品が回転/分解）","プロ（演出多め）"
"LP-04751","YouTuber・インフルエンサー｜会員登録・アプリDLLP（ポップ・カラフル・全面写真＋中央キャッチ）","プロ（演出多め）"
"LP-04752","観光・地域プロモーション｜クラウドファンディング支援LP（ハンドメイド・手書き・イラスト主体）","プロ（演出多め）"
"LP-04753","和菓子・スイーツ｜商品購入（単品通販）LP（かわいい・ガーリー・イラスト主体）","プロ（演出多め）"
"LP-04754","英会話・語学｜採用エントリーLP（3D・クレイ・超大型タイポグラフィ）","プロ（演出多め）"
"LP-04755","音楽・ライブ・イベント｜クラウドファンディング支援LP（パステル・ドリーミー・左テキスト×右商品/人物）","プロ（演出多め）"
"LP-04756","英会話・語学｜採用エントリーLP（クール・テック・ジェネラティブ背景＋コピー）","プロ（演出多め）"
"LP-04757","レストラン・居酒屋｜リード獲得（資料請求・問い合わせ）LP（ラグジュアリー・高級感・背景動画ループ＋オーバーレイ）","プロ（演出多め）"
"LP-04758","和菓子・スイーツ｜クラウドファンディング支援LP（3D・クレイ・イラスト主体）","プロ（演出多め）"
"LP-04759","ゲーム・eスポーツ｜採用エントリーLP（ハンドメイド・手書き・写真コラージュ）","プロ（演出多め）"
"LP-04760","スマホアプリ｜会員登録・アプリDLLP（グラスモーフィズム・スクロールで商品が回転/分解）","プロ（演出多め）"
"LP-04761","音楽・ライブ・イベント｜リード獲得（資料請求・問い合わせ）LP（レトロ・Y2K・デバイスモックアップ浮遊）","プロ（演出多め）"
"LP-04762","建築設計事務所｜採用エントリーLP（ジオメトリック・グラフィカル・超大型タイポグラフィ）","プロ（演出多め）"
"LP-04763","ウェディング・結婚相談所｜採用エントリーLP（パステル・ドリーミー・左テキスト×右商品/人物）","プロ（演出多め）"
"LP-04764","引越し・生活サービス｜リード獲得（資料請求・問い合わせ）LP（3D・クレイ・実績数字ドーン）","プロ（演出多め）"
"LP-04765","レストラン・居酒屋｜採用エントリーLP（レトロ・Y2K・全面写真＋中央キャッチ）","上級"
"LP-04766","コンサル・コーチング｜採用エントリーLP（ポップ・カラフル・ジェネラティブ背景＋コピー）","プロ（演出多め）"
"LP-04767","カフェ・ベーカリー｜LINE友だち追加LP（レトロ・Y2K・イラスト主体）","プロ（演出多め）"
"LP-04768","占い・スピリチュアル｜採用エントリーLP（ラグジュアリー・高級感・写真コラージュ）","プロ（演出多め）"
"LP-04769","美容クリニック｜LINE友だち追加LP（ラグジュアリー・高級感・全面写真＋中央キャッチ）","上級"
"LP-04770","占い・スピリチュアル｜LINE友だち追加LP（和モダン・実績数字ドーン）","プロ（演出多め）"
"LP-04771","美容クリニック｜採用エントリーLP（ミニマル・洗練・実績数字ドーン）","プロ（演出多め）"
"LP-04772","スマホアプリ｜採用エントリーLP（エネルギッシュ・スポーティ・イラスト主体）","プロ（演出多め）"
"LP-04773","保育園・幼児教育・習い事｜採用エントリーLP（ハンドメイド・手書き・ジェネラティブ背景＋コピー）","上級"
"LP-04774","音楽・ライブ・イベント｜リード獲得（資料請求・問い合わせ）LP（レトロ・Y2K・ジェネラティブ背景＋コピー）","上級"
"LP-04775","農業・地方の生産者｜採用エントリーLP（ハンドメイド・手書き・写真コラージュ）","プロ（演出多め）"
"LP-04776","自動車・バイク｜無料体験・カウンセリング予約LP（ニューブルータリズム・写真コラージュ）","プロ（演出多め）"
"LP-04777","金融・保険・投資｜会員登録・アプリDLLP（信頼・誠実（コーポレート）・全面写真＋中央キャッチ）","プロ（演出多め）"
"LP-04778","食品・産直EC｜商品購入（単品通販）LP（ナチュラル・オーガニック・実績数字ドーン）","プロ（演出多め）"
"LP-04779","プログラミングスクール｜リード獲得（資料請求・問い合わせ）LP（ポップ・カラフル・超大型タイポグラフィ）","プロ（演出多め）"
"LP-04780","美容室・ヘアサロン｜無料体験・カウンセリング予約LP（パステル・ドリーミー・実績数字ドーン）","プロ（演出多め）"
"LP-04781","コンサル・コーチング｜採用エントリーLP（ミニマル・洗練・左テキスト×右商品/人物）","プロ（演出多め）"
"LP-04782","プログラミングスクール｜セミナー・ウェビナー集客LP（ポップ・カラフル・デバイスモックアップ浮遊）","プロ（演出多め）"
"LP-04783","美容室・ヘアサロン｜採用エントリーLP（ラグジュアリー・高級感・写真コラージュ）","プロ（演出多め）"
"LP-04784","ウェディング・結婚相談所｜LINE友だち追加LP（パステル・ドリーミー・イラスト主体）","プロ（演出多め）"
"LP-04785","スマホアプリ｜商品購入（単品通販）LP（3D・クレイ・全面写真＋中央キャッチ）","プロ（演出多め）"
"LP-04786","レストラン・居酒屋｜LINE友だち追加LP（北欧・ライフスタイル・超大型タイポグラフィ）","プロ（演出多め）"
"LP-04787","保育園・幼児教育・習い事｜LINE友だち追加LP（エディトリアル・雑誌風・全面写真＋中央キャッチ）","プロ（演出多め）"
"LP-04788","引越し・生活サービス｜無料体験・カウンセリング予約LP（3D・クレイ・デバイスモックアップ浮遊）","プロ（演出多め）"
"LP-04789","美容室・ヘアサロン｜LINE友だち追加LP（北欧・ライフスタイル・超大型タイポグラフィ）","プロ（演出多め）"
"LP-04790","建築設計事務所｜リード獲得（資料請求・問い合わせ）LP（エディトリアル・雑誌風・イラスト主体）","プロ（演出多め）"
"LP-04791","工務店・注文住宅・リフォーム｜リード獲得（資料請求・問い合わせ）LP（ミニマル・洗練・デバイスモックアップ浮遊）","プロ（演出多め）"
"LP-04792","スマホアプリ｜商品購入（単品通販）LP（クール・テック・スクロールで商品が回転/分解）","プロ（演出多め）"
"LP-04793","音楽・ライブ・イベント｜クラウドファンディング支援LP（ネオン・サイバー・イラスト主体）","プロ（演出多め）"
"LP-04794","コンサル・コーチング｜リード獲得（資料請求・問い合わせ）LP（信頼・誠実（コーポレート）・背景動画ループ＋オーバーレイ）","プロ（演出多め）"
"LP-04795","食品・産直EC｜クラウドファンディング支援LP（和モダン・イラスト主体）","プロ（演出多め）"
"LP-04796","クラウドファンディング・新商品｜採用エントリーLP（ポップ・カラフル・全面写真＋中央キャッチ）","プロ（演出多め）"
"LP-04797","不動産・マンション｜無料体験・カウンセリング予約LP（ラグジュアリー・高級感・写真コラージュ）","プロ（演出多め）"
"LP-04798","エステ・脱毛サロン｜無料体験・カウンセリング予約LP（かわいい・ガーリー・デバイスモックアップ浮遊）","プロ（演出多め）"
"LP-04799","NPO・地方自治体｜リード獲得（資料請求・問い合わせ）LP（ジオメトリック・グラフィカル・ジェネラティブ背景＋コピー）","上級"
"LP-04800","アパレル・ファッションEC｜リード獲得（資料請求・問い合わせ）LP（ミニマル・洗練・写真コラージュ）","プロ（演出多め）"
"LP-04801","美容室・ヘアサロン｜リード獲得（資料請求・問い合わせ）LP（エネルギッシュ・スポーティ・実績数字ドーン）","プロ（演出多め）"
"LP-04802","ゲーム・eスポーツ｜クラウドファンディング支援LP（ネオン・サイバー・全面写真＋中央キャッチ）","プロ（演出多め）"
"LP-04803","美容クリニック｜リード獲得（資料請求・問い合わせ）LP（パステル・ドリーミー・背景動画ループ＋オーバーレイ）","プロ（演出多め）"
"LP-04804","コンサル・コーチング｜リード獲得（資料請求・問い合わせ）LP（信頼・誠実（コーポレート）・写真コラージュ）","プロ（演出多め）"
"LP-04805","NPO・地方自治体｜採用エントリーLP（ハンドメイド・手書き・写真コラージュ）","プロ（演出多め）"
"LP-04806","食品・産直EC｜採用エントリーLP（ポップ・カラフル・実績数字ドーン）","プロ（演出多め）"
"LP-04807","パーソナルジム・フィットネス｜採用エントリーLP（かわいい・ガーリー・ジェネラティブ背景＋コピー）","プロ（演出多め）"
"LP-04808","自動車・バイク｜無料体験・カウンセリング予約LP（レトロ・Y2K・デバイスモックアップ浮遊）","プロ（演出多め）"
"LP-04809","金融・保険・投資｜無料体験・カウンセリング予約LP（信頼・誠実（コーポレート）・イラスト主体）","プロ（演出多め）"
"LP-04810","クラウドファンディング・新商品｜採用エントリーLP（ハンドメイド・手書き・写真コラージュ）","プロ（演出多め）"
"LP-04811","エステ・脱毛サロン｜商品購入（単品通販）LP（ミニマル・洗練・左テキスト×右商品/人物）","プロ（演出多め）"
"LP-04812","パーソナルジム・フィットネス｜無料体験・カウンセリング予約LP（エネルギッシュ・スポーティ・背景動画ループ＋オーバーレイ）","プロ（演出多め）"
"LP-04813","NPO・地方自治体｜リード獲得（資料請求・問い合わせ）LP（信頼・誠実（コーポレート）・全面写真＋中央キャッチ）","プロ（演出多め）"
"LP-04814","ホテル・旅館｜リード獲得（資料請求・問い合わせ）LP（ダーク・シネマティック・全面写真＋中央キャッチ）","プロ（演出多め）"
"LP-04815","内科・クリニック｜LINE友だち追加LP（北欧・ライフスタイル・デバイスモックアップ浮遊）","プロ（演出多め）"
"LP-04816","NPO・地方自治体｜クラウドファンディング支援LP（ハンドメイド・手書き・スクロールで商品が回転/分解）","プロ（演出多め）"
"LP-04817","金融・保険・投資｜採用エントリーLP（クール・テック・実績数字ドーン）","プロ（演出多め）"
"LP-04818","美容室・ヘアサロン｜リード獲得（資料請求・問い合わせ）LP（かわいい・ガーリー・ジェネラティブ背景＋コピー）","プロ（演出多め）"
"LP-04819","スマホアプリ｜無料体験・カウンセリング予約LP（ポップ・カラフル・デバイスモックアップ浮遊）","上級"
"LP-04820","引越し・生活サービス｜LINE友だち追加LP（3D・クレイ・ジェネラティブ背景＋コピー）","上級"
"LP-04821","観光・地域プロモーション｜採用エントリーLP（ナチュラル・オーガニック・スクロールで商品が回転/分解）","プロ（演出多め）"
"LP-04822","カフェ・ベーカリー｜リード獲得（資料請求・問い合わせ）LP（北欧・ライフスタイル・ジェネラティブ背景＋コピー）","プロ（演出多め）"
"LP-04823","ゲーム・eスポーツ｜採用エントリーLP（ナチュラル・オーガニック・実績数字ドーン）","上級"
"LP-04824","観光・地域プロモーション｜リード獲得（資料請求・問い合わせ）LP（北欧・ライフスタイル・全面写真＋中央キャッチ）","プロ（演出多め）"
"LP-04825","占い・スピリチュアル｜LINE友だち追加LP（ダーク・シネマティック・全面写真＋中央キャッチ）","プロ（演出多め）"
"LP-04826","NPO・地方自治体｜リード獲得（資料請求・問い合わせ）LP（ジオメトリック・グラフィカル・実績数字ドーン）","プロ（演出多め）"
"LP-04827","SaaS・BtoBツール｜採用エントリーLP（3D・クレイ・実績数字ドーン）","プロ（演出多め）"
"LP-04828","ペット・トリミング・動物病院｜LINE友だち追加LP（ナチュラル・オーガニック・左テキスト×右商品/人物）","プロ（演出多め）"
"LP-04829","コスメ・スキンケア｜リード獲得（資料請求・問い合わせ）LP（パステル・ドリーミー・超大型タイポグラフィ）","上級"
"LP-04830","プログラミングスクール｜採用エントリーLP（ポップ・カラフル・デバイスモックアップ浮遊）","プロ（演出多め）"
"LP-04831","採用・求人｜採用エントリーLP（エディトリアル・雑誌風・イラスト主体）","プロ（演出多め）"
"LP-04832","金融・保険・投資｜リード獲得（資料請求・問い合わせ）LP（信頼・誠実（コーポレート）・写真コラージュ）","プロ（演出多め）"
"LP-04833","不動産・マンション｜採用エントリーLP（信頼・誠実（コーポレート）・全面写真＋中央キャッチ）","プロ（演出多め）"
"LP-04834","農業・地方の生産者｜クラウドファンディング支援LP（ハンドメイド・手書き・ジェネラティブ背景＋コピー）","上級"
"LP-04835","ウェディング・結婚相談所｜リード獲得（資料請求・問い合わせ）LP（パステル・ドリーミー・ジェネラティブ背景＋コピー）","プロ（演出多め）"
"LP-04836","英会話・語学｜リード獲得（資料請求・問い合わせ）LP（ハンドメイド・手書き・写真コラージュ）","プロ（演出多め）"
"LP-04837","ウェディング・結婚相談所｜リード獲得（資料請求・問い合わせ）LP（ミニマル・洗練・背景動画ループ＋オーバーレイ）","プロ（演出多め）"
"LP-04838","美容室・ヘアサロン｜無料体験・カウンセリング予約LP（かわいい・ガーリー・全面写真＋中央キャッチ）","プロ（演出多め）"
"LP-04839","NPO・地方自治体｜クラウドファンディング支援LP（ジオメトリック・グラフィカル・実績数字ドーン）","プロ（演出多め）"
"LP-04840","不動産・マンション｜採用エントリーLP（ダーク・シネマティック・ジェネラティブ背景＋コピー）","プロ（演出多め）"
"LP-04841","レストラン・居酒屋｜採用エントリーLP（レトロ・Y2K・超大型タイポグラフィ）","プロ（演出多め）"
"LP-04842","歯科医院｜無料体験・カウンセリング予約LP（エディトリアル・雑誌風・写真コラージュ）","プロ（演出多め）"
"LP-04843","観光・地域プロモーション｜採用エントリーLP（ハンドメイド・手書き・全面写真＋中央キャッチ）","プロ（演出多め）"
"LP-04844","クラウドファンディング・新商品｜クラウドファンディング支援LP（ナチュラル・オーガニック・写真コラージュ）","プロ（演出多め）"
"LP-04845","YouTuber・インフルエンサー｜会員登録・アプリDLLP（ポップ・カラフル・実績数字ドーン）","プロ（演出多め）"
"LP-04846","和菓子・スイーツ｜採用エントリーLP（パステル・ドリーミー・左テキスト×右商品/人物）","プロ（演出多め）"
"LP-04847","スクール・オンライン講座｜セミナー・ウェビナー集客LP（信頼・誠実（コーポレート）・イラスト主体）","プロ（演出多め）"
"LP-04848","美容クリニック｜LINE友だち追加LP（ダーク・シネマティック・スクロールで商品が回転/分解）","プロ（演出多め）"
"LP-04849","パーソナルジム・フィットネス｜採用エントリーLP（クール・テック・イラスト主体）","プロ（演出多め）"
"LP-04850","内科・クリニック｜リード獲得（資料請求・問い合わせ）LP（信頼・誠実（コーポレート）・イラスト主体）","プロ（演出多め）"
"LP-04851","ヨガ・ピラティス｜無料体験・カウンセリング予約LP（パステル・ドリーミー・超大型タイポグラフィ）","プロ（演出多め）"
"LP-04852","保育園・幼児教育・習い事｜採用エントリーLP（ハンドメイド・手書き・実績数字ドーン）","プロ（演出多め）"
"LP-04853","保育園・幼児教育・習い事｜LINE友だち追加LP（ポップ・カラフル・写真コラージュ）","プロ（演出多め）"
"LP-04854","SaaS・BtoBツール｜採用エントリーLP（信頼・誠実（コーポレート）・背景動画ループ＋オーバーレイ）","プロ（演出多め）"
"LP-04855","AIサービス・スタートアップ｜リード獲得（資料請求・問い合わせ）LP（ミニマル・洗練・デバイスモックアップ浮遊）","プロ（演出多め）"
"LP-04856","コンサル・コーチング｜セミナー・ウェビナー集客LP（エネルギッシュ・スポーティ・スクロールで商品が回転/分解）","プロ（演出多め）"
"LP-04857","ホテル・旅館｜採用エントリーLP（ミニマル・洗練・デバイスモックアップ浮遊）","プロ（演出多め）"
"LP-04858","NPO・地方自治体｜リード獲得（資料請求・問い合わせ）LP（ダーク・シネマティック・全面写真＋中央キャッチ）","プロ（演出多め）"
"LP-04859","引越し・生活サービス｜採用エントリーLP（かわいい・ガーリー・背景動画ループ＋オーバーレイ）","プロ（演出多め）"
"LP-04860","和菓子・スイーツ｜採用エントリーLP（かわいい・ガーリー・背景動画ループ＋オーバーレイ）","プロ（演出多め）"
"LP-04861","工務店・注文住宅・リフォーム｜リード獲得（資料請求・問い合わせ）LP（信頼・誠実（コーポレート）・写真コラージュ）","プロ（演出多め）"
"LP-04862","Web制作・デザイン事務所｜リード獲得（資料請求・問い合わせ）LP（クール・テック・超大型タイポグラフィ）","プロ（演出多め）"
"LP-04863","ウェディング・結婚相談所｜LINE友だち追加LP（ミニマル・洗練・超大型タイポグラフィ）","プロ（演出多め）"
"LP-04864","NPO・地方自治体｜クラウドファンディング支援LP（信頼・誠実（コーポレート）・ジェネラティブ背景＋コピー）","プロ（演出多め）"
"LP-04865","YouTuber・インフルエンサー｜採用エントリーLP（ポップ・カラフル・実績数字ドーン）","プロ（演出多め）"
"LP-04866","スクール・オンライン講座｜採用エントリーLP（3D・クレイ・イラスト主体）","プロ（演出多め）"
"LP-04867","美容室・ヘアサロン｜無料体験・カウンセリング予約LP（エディトリアル・雑誌風・ジェネラティブ背景＋コピー）","プロ（演出多め）"
"LP-04868","AIサービス・スタートアップ｜会員登録・アプリDLLP（北欧・ライフスタイル・左テキスト×右商品/人物）","プロ（演出多め）"
"LP-04869","ウェディング・結婚相談所｜採用エントリーLP（かわいい・ガーリー・背景動画ループ＋オーバーレイ）","プロ（演出多め）"
"LP-04870","エステ・脱毛サロン｜リード獲得（資料請求・問い合わせ）LP（ラグジュアリー・高級感・ジェネラティブ背景＋コピー）","上級"
"LP-04871","パーソナルジム・フィットネス｜リード獲得（資料請求・問い合わせ）LP（ダーク・シネマティック・写真コラージュ）","プロ（演出多め）"
"LP-04872","美容クリニック｜リード獲得（資料請求・問い合わせ）LP（ラグジュアリー・高級感・全面写真＋中央キャッチ）","プロ（演出多め）"
"LP-04873","保育園・幼児教育・習い事｜無料体験・カウンセリング予約LP（ハンドメイド・手書き・超大型タイポグラフィ）","プロ（演出多め）"
"LP-04874","和菓子・スイーツ｜LINE友だち追加LP（和モダン・実績数字ドーン）","プロ（演出多め）"
"LP-04875","士業（税理士・弁護士・行政書士）｜採用エントリーLP（ミニマル・洗練・超大型タイポグラフィ）","プロ（演出多め）"
"LP-04876","農業・地方の生産者｜採用エントリーLP（和モダン・デバイスモックアップ浮遊）","上級"
"LP-04877","歯科医院｜リード獲得（資料請求・問い合わせ）LP（ナチュラル・オーガニック・写真コラージュ）","プロ（演出多め）"
"LP-04878","工務店・注文住宅・リフォーム｜LINE友だち追加LP（信頼・誠実（コーポレート）・写真コラージュ）","プロ（演出多め）"
"LP-04879","観光・地域プロモーション｜クラウドファンディング支援LP（ダーク・シネマティック・実績数字ドーン）","プロ（演出多め）"
"LP-04880","AIサービス・スタートアップ｜会員登録・アプリDLLP（ネオン・サイバー・実績数字ドーン）","プロ（演出多め）"
"LP-04881","スクール・オンライン講座｜リード獲得（資料請求・問い合わせ）LP（クール・テック・左テキスト×右商品/人物）","プロ（演出多め）"
"LP-04882","採用・求人｜採用エントリーLP（ジオメトリック・グラフィカル・ジェネラティブ背景＋コピー）","プロ（演出多め）"
"LP-04883","スクール・オンライン講座｜セミナー・ウェビナー集客LP（クール・テック・背景動画ループ＋オーバーレイ）","プロ（演出多め）"
"LP-04884","英会話・語学｜リード獲得（資料請求・問い合わせ）LP（ジオメトリック・グラフィカル・全面写真＋中央キャッチ）","プロ（演出多め）"
"LP-04885","自動車・バイク｜採用エントリーLP（ラグジュアリー・高級感・左テキスト×右商品/人物）","プロ（演出多め）"
"LP-04886","サウナ・温浴施設｜リード獲得（資料請求・問い合わせ）LP（ナチュラル・オーガニック・背景動画ループ＋オーバーレイ）","プロ（演出多め）"
"LP-04887","美容クリニック｜無料体験・カウンセリング予約LP（ミニマル・洗練・超大型タイポグラフィ）","プロ（演出多め）"
"LP-04888","パーソナルジム・フィットネス｜無料体験・カウンセリング予約LP（エディトリアル・雑誌風・スクロールで商品が回転/分解）","プロ（演出多め）"
"LP-04889","SaaS・BtoBツール｜無料体験・カウンセリング予約LP（クール・テック・デバイスモックアップ浮遊）","プロ（演出多め）"
"LP-04890","引越し・生活サービス｜リード獲得（資料請求・問い合わせ）LP（グラスモーフィズム・写真コラージュ）","プロ（演出多め）"
"LP-04891","プログラミングスクール｜無料体験・カウンセリング予約LP（レトロ・Y2K・実績数字ドーン）","上級"
"LP-04892","スクール・オンライン講座｜セミナー・ウェビナー集客LP（3D・クレイ・左テキスト×右商品/人物）","プロ（演出多め）"
"LP-04893","採用・求人｜リード獲得（資料請求・問い合わせ）LP（エディトリアル・雑誌風・全面写真＋中央キャッチ）","プロ（演出多め）"
"LP-04894","ゲーム・eスポーツ｜クラウドファンディング支援LP（レトロ・Y2K・ジェネラティブ背景＋コピー）","上級"
"LP-04895","音楽・ライブ・イベント｜クラウドファンディング支援LP（ニューブルータリズム・スクロールで商品が回転/分解）","プロ（演出多め）"
"LP-04896","金融・保険・投資｜セミナー・ウェビナー集客LP（ダーク・シネマティック・左テキスト×右商品/人物）","プロ（演出多め）"
"LP-04897","エステ・脱毛サロン｜リード獲得（資料請求・問い合わせ）LP（ラグジュアリー・高級感・背景動画ループ＋オーバーレイ）","プロ（演出多め）"
"LP-04898","英会話・語学｜リード獲得（資料請求・問い合わせ）LP（ジオメトリック・グラフィカル・写真コラージュ）","プロ（演出多め）"
"LP-04899","士業（税理士・弁護士・行政書士）｜リード獲得（資料請求・問い合わせ）LP（信頼・誠実（コーポレート）・デバイスモックアップ浮遊）","プロ（演出多め）"
"LP-04900","ホテル・旅館｜LINE友だち追加LP（ミニマル・洗練・実績数字ドーン）","プロ（演出多め）"
"LP-04901","YouTuber・インフルエンサー｜採用エントリーLP（ニューブルータリズム・写真コラージュ）","上級"
"LP-04902","クラウドファンディング・新商品｜リード獲得（資料請求・問い合わせ）LP（クール・テック・超大型タイポグラフィ）","プロ（演出多め）"
"LP-04903","音楽・ライブ・イベント｜クラウドファンディング支援LP（ネオン・サイバー・背景動画ループ＋オーバーレイ）","プロ（演出多め）"
"LP-04904","歯科医院｜採用エントリーLP（信頼・誠実（コーポレート）・イラスト主体）","プロ（演出多め）"
"LP-04905","美容クリニック｜無料体験・カウンセリング予約LP（信頼・誠実（コーポレート）・デバイスモックアップ浮遊）","プロ（演出多め）"
"LP-04906","食品・産直EC｜採用エントリーLP（ラグジュアリー・高級感・左テキスト×右商品/人物）","プロ（演出多め）"
"LP-04907","内科・クリニック｜無料体験・カウンセリング予約LP（信頼・誠実（コーポレート）・スクロールで商品が回転/分解）","プロ（演出多め）"
"LP-04908","ゲーム・eスポーツ｜採用エントリーLP（ネオン・サイバー・背景動画ループ＋オーバーレイ）","上級"
"LP-04909","Web制作・デザイン事務所｜リード獲得（資料請求・問い合わせ）LP（クール・テック・写真コラージュ）","プロ（演出多め）"
"LP-04910","食品・産直EC｜商品購入（単品通販）LP（ニューブルータリズム・超大型タイポグラフィ）","プロ（演出多め）"
"LP-04911","観光・地域プロモーション｜リード獲得（資料請求・問い合わせ）LP（ハンドメイド・手書き・左テキスト×右商品/人物）","プロ（演出多め）"
"LP-04912","SaaS・BtoBツール｜リード獲得（資料請求・問い合わせ）LP（信頼・誠実（コーポレート）・実績数字ドーン）","プロ（演出多め）"
"LP-04913","占い・スピリチュアル｜無料体験・カウンセリング予約LP（パステル・ドリーミー・デバイスモックアップ浮遊）","プロ（演出多め）"
"LP-04914","ヨガ・ピラティス｜無料体験・カウンセリング予約LP（北欧・ライフスタイル・超大型タイポグラフィ）","プロ（演出多め）"
"LP-04915","サウナ・温浴施設｜無料体験・カウンセリング予約LP（ナチュラル・オーガニック・全面写真＋中央キャッチ）","プロ（演出多め）"
"LP-04916","スクール・オンライン講座｜無料体験・カウンセリング予約LP（ポップ・カラフル・実績数字ドーン）","プロ（演出多め）"
"LP-04917","Web制作・デザイン事務所｜リード獲得（資料請求・問い合わせ）LP（クール・テック・デバイスモックアップ浮遊）","プロ（演出多め）"
"LP-04918","ウェディング・結婚相談所｜LINE友だち追加LP（かわいい・ガーリー・イラスト主体）","プロ（演出多め）"
"LP-04919","ヨガ・ピラティス｜採用エントリーLP（パステル・ドリーミー・イラスト主体）","プロ（演出多め）"
"LP-04920","カフェ・ベーカリー｜リード獲得（資料請求・問い合わせ）LP（北欧・ライフスタイル・実績数字ドーン）","プロ（演出多め）"
"LP-04921","ヨガ・ピラティス｜リード獲得（資料請求・問い合わせ）LP（パステル・ドリーミー・全面写真＋中央キャッチ）","プロ（演出多め）"
"LP-04922","英会話・語学｜リード獲得（資料請求・問い合わせ）LP（ポップ・カラフル・デバイスモックアップ浮遊）","プロ（演出多め）"
"LP-04923","食品・産直EC｜商品購入（単品通販）LP（ハンドメイド・手書き・ジェネラティブ背景＋コピー）","プロ（演出多め）"
"LP-04924","引越し・生活サービス｜無料体験・カウンセリング予約LP（信頼・誠実（コーポレート）・実績数字ドーン）","プロ（演出多め）"
"LP-04925","パーソナルジム・フィットネス｜採用エントリーLP（ミニマル・洗練・デバイスモックアップ浮遊）","プロ（演出多め）"
"LP-04926","建築設計事務所｜リード獲得（資料請求・問い合わせ）LP（ジオメトリック・グラフィカル・デバイスモックアップ浮遊）","プロ（演出多め）"
"LP-04927","サウナ・温浴施設｜リード獲得（資料請求・問い合わせ）LP（ナチュラル・オーガニック・スクロールで商品が回転/分解）","上級"
"LP-04928","観光・地域プロモーション｜採用エントリーLP（北欧・ライフスタイル・超大型タイポグラフィ）","プロ（演出多め）"
"LP-04929","AIサービス・スタートアップ｜セミナー・ウェビナー集客LP（ミニマル・洗練・超大型タイポグラフィ）","プロ（演出多め）"
"LP-04930","自動車・バイク｜採用エントリーLP（ダーク・シネマティック・背景動画ループ＋オーバーレイ）","プロ（演出多め）"
"LP-04931","YouTuber・インフルエンサー｜会員登録・アプリDLLP（グラスモーフィズム・全面写真＋中央キャッチ）","プロ（演出多め）"
"LP-04932","英会話・語学｜リード獲得（資料請求・問い合わせ）LP（ジオメトリック・グラフィカル・超大型タイポグラフィ）","プロ（演出多め）"
"LP-04933","アパレル・ファッションEC｜リード獲得（資料請求・問い合わせ）LP（ミニマル・洗練・写真コラージュ）","プロ（演出多め）"
"LP-04934","ウェディング・結婚相談所｜LINE友だち追加LP（ミニマル・洗練・全面写真＋中央キャッチ）","プロ（演出多め）"
"LP-04935","レストラン・居酒屋｜採用エントリーLP（ラグジュアリー・高級感・左テキスト×右商品/人物）","プロ（演出多め）"
"LP-04936","ウェディング・結婚相談所｜採用エントリーLP（ラグジュアリー・高級感・実績数字ドーン）","プロ（演出多め）"
"LP-04937","ペット・トリミング・動物病院｜商品購入（単品通販）LP（北欧・ライフスタイル・超大型タイポグラフィ）","プロ（演出多め）"
"LP-04938","SaaS・BtoBツール｜採用エントリーLP（ミニマル・洗練・デバイスモックアップ浮遊）","プロ（演出多め）"
"LP-04939","工務店・注文住宅・リフォーム｜リード獲得（資料請求・問い合わせ）LP（信頼・誠実（コーポレート）・ジェネラティブ背景＋コピー）","プロ（演出多め）"
"LP-04940","カフェ・ベーカリー｜採用エントリーLP（かわいい・ガーリー・左テキスト×右商品/人物）","プロ（演出多め）"
"LP-04941","食品・産直EC｜採用エントリーLP（ナチュラル・オーガニック・写真コラージュ）","プロ（演出多め）"
"LP-04942","自動車・バイク｜リード獲得（資料請求・問い合わせ）LP（エネルギッシュ・スポーティ・背景動画ループ＋オーバーレイ）","プロ（演出多め）"
"LP-04943","Web制作・デザイン事務所｜リード獲得（資料請求・問い合わせ）LP（エネルギッシュ・スポーティ・イラスト主体）","プロ（演出多め）"
"LP-04944","カフェ・ベーカリー｜リード獲得（資料請求・問い合わせ）LP（ハンドメイド・手書き・イラスト主体）","プロ（演出多め）"
"LP-04945","AIサービス・スタートアップ｜リード獲得（資料請求・問い合わせ）LP（ネオン・サイバー・写真コラージュ）","プロ（演出多め）"
"LP-04946","カフェ・ベーカリー｜採用エントリーLP（北欧・ライフスタイル・超大型タイポグラフィ）","プロ（演出多め）"
"LP-04947","NPO・地方自治体｜採用エントリーLP（ダーク・シネマティック・左テキスト×右商品/人物）","プロ（演出多め）"
"LP-04948","保育園・幼児教育・習い事｜採用エントリーLP（ハンドメイド・手書き・ジェネラティブ背景＋コピー）","プロ（演出多め）"
"LP-04949","ホテル・旅館｜採用エントリーLP（ダーク・シネマティック・超大型タイポグラフィ）","プロ（演出多め）"
"LP-04950","英会話・語学｜リード獲得（資料請求・問い合わせ）LP（3D・クレイ・イラスト主体）","プロ（演出多め）"
"LP-04951","AIサービス・スタートアップ｜採用エントリーLP（クール・テック・スクロールで商品が回転/分解）","プロ（演出多め）"
"LP-04952","農業・地方の生産者｜商品購入（単品通販）LP（ナチュラル・オーガニック・ジェネラティブ背景＋コピー）","上級"
"LP-04953","クラウドファンディング・新商品｜採用エントリーLP（クール・テック・超大型タイポグラフィ）","プロ（演出多め）"
"LP-04954","スクール・オンライン講座｜無料体験・カウンセリング予約LP（信頼・誠実（コーポレート）・デバイスモックアップ浮遊）","プロ（演出多め）"
"LP-04955","NPO・地方自治体｜採用エントリーLP（ハンドメイド・手書き・スクロールで商品が回転/分解）","プロ（演出多め）"
"LP-04956","内科・クリニック｜無料体験・カウンセリング予約LP（信頼・誠実（コーポレート）・左テキスト×右商品/人物）","プロ（演出多め）"
"LP-04957","食品・産直EC｜商品購入（単品通販）LP（ハンドメイド・手書き・イラスト主体）","プロ（演出多め）"
"LP-04958","クラウドファンディング・新商品｜商品購入（単品通販）LP（ナチュラル・オーガニック・超大型タイポグラフィ）","プロ（演出多め）"
"LP-04959","建築設計事務所｜リード獲得（資料請求・問い合わせ）LP（ミニマル・洗練・背景動画ループ＋オーバーレイ）","プロ（演出多め）"
"LP-04960","占い・スピリチュアル｜リード獲得（資料請求・問い合わせ）LP（信頼・誠実（コーポレート）・イラスト主体）","プロ（演出多め）"
"LP-04961","農業・地方の生産者｜リード獲得（資料請求・問い合わせ）LP（3D・クレイ・左テキスト×右商品/人物）","上級"
"LP-04962","プログラミングスクール｜セミナー・ウェビナー集客LP（クール・テック・実績数字ドーン）","プロ（演出多め）"
"LP-04963","NPO・地方自治体｜リード獲得（資料請求・問い合わせ）LP（ナチュラル・オーガニック・スクロールで商品が回転/分解）","プロ（演出多め）"
"LP-04964","保育園・幼児教育・習い事｜リード獲得（資料請求・問い合わせ）LP（ラグジュアリー・高級感・イラスト主体）","プロ（演出多め）"
"LP-04965","工務店・注文住宅・リフォーム｜セミナー・ウェビナー集客LP（ダーク・シネマティック・全面写真＋中央キャッチ）","プロ（演出多め）"
"LP-04966","音楽・ライブ・イベント｜リード獲得（資料請求・問い合わせ）LP（ニューブルータリズム・実績数字ドーン）","プロ（演出多め）"
"LP-04967","音楽・ライブ・イベント｜リード獲得（資料請求・問い合わせ）LP（ニューブルータリズム・超大型タイポグラフィ）","プロ（演出多め）"
"LP-04968","ウェディング・結婚相談所｜LINE友だち追加LP（パステル・ドリーミー・全面写真＋中央キャッチ）","プロ（演出多め）"
"LP-04969","自動車・バイク｜採用エントリーLP（ダーク・シネマティック・スクロールで商品が回転/分解）","プロ（演出多め）"
"LP-04970","士業（税理士・弁護士・行政書士）｜採用エントリーLP（和モダン・全面写真＋中央キャッチ）","プロ（演出多め）"
"LP-04971","食品・産直EC｜採用エントリーLP（ナチュラル・オーガニック・全面写真＋中央キャッチ）","プロ（演出多め）"
"LP-04972","SaaS・BtoBツール｜リード獲得（資料請求・問い合わせ）LP（3D・クレイ・全面写真＋中央キャッチ）","プロ（演出多め）"
"LP-04973","士業（税理士・弁護士・行政書士）｜セミナー・ウェビナー集客LP（ダーク・シネマティック・スクロールで商品が回転/分解）","プロ（演出多め）"
"LP-04974","AIサービス・スタートアップ｜無料体験・カウンセリング予約LP（ミニマル・洗練・超大型タイポグラフィ）","上級"
"LP-04975","占い・スピリチュアル｜無料体験・カウンセリング予約LP（ダーク・シネマティック・背景動画ループ＋オーバーレイ）","プロ（演出多め）"
"LP-04976","NPO・地方自治体｜採用エントリーLP（ジオメトリック・グラフィカル・ジェネラティブ背景＋コピー）","プロ（演出多め）"
"LP-04977","占い・スピリチュアル｜無料体験・カウンセリング予約LP（ナチュラル・オーガニック・全面写真＋中央キャッチ）","プロ（演出多め）"
"LP-04978","パーソナルジム・フィットネス｜リード獲得（資料請求・問い合わせ）LP（ダーク・シネマティック・左テキスト×右商品/人物）","プロ（演出多め）"
"LP-04979","金融・保険・投資｜リード獲得（資料請求・問い合わせ）LP（信頼・誠実（コーポレート）・スクロールで商品が回転/分解）","プロ（演出多め）"
"LP-04980","ゲーム・eスポーツ｜会員登録・アプリDLLP（ネオン・サイバー・超大型タイポグラフィ）","プロ（演出多め）"
"LP-04981","保育園・幼児教育・習い事｜LINE友だち追加LP（ハンドメイド・手書き・全面写真＋中央キャッチ）","プロ（演出多め）"
"LP-04982","ウェディング・結婚相談所｜無料体験・カウンセリング予約LP（ミニマル・洗練・実績数字ドーン）","プロ（演出多め）"
"LP-04983","保育園・幼児教育・習い事｜採用エントリーLP（北欧・ライフスタイル・実績数字ドーン）","プロ（演出多め）"
"LP-04984","NPO・地方自治体｜採用エントリーLP（ハンドメイド・手書き・ジェネラティブ背景＋コピー）","プロ（演出多め）"
"LP-04985","歯科医院｜LINE友だち追加LP（信頼・誠実（コーポレート）・ジェネラティブ背景＋コピー）","プロ（演出多め）"
"LP-04986","カフェ・ベーカリー｜採用エントリーLP（レトロ・Y2K・背景動画ループ＋オーバーレイ）","プロ（演出多め）"
"LP-04987","レストラン・居酒屋｜LINE友だち追加LP（ラグジュアリー・高級感・ジェネラティブ背景＋コピー）","プロ（演出多め）"
"LP-04988","レストラン・居酒屋｜リード獲得（資料請求・問い合わせ）LP（ダーク・シネマティック・イラスト主体）","プロ（演出多め）"
"LP-04989","プログラミングスクール｜無料体験・カウンセリング予約LP（クール・テック・スクロールで商品が回転/分解）","プロ（演出多め）"
"LP-04990","士業（税理士・弁護士・行政書士）｜採用エントリーLP（北欧・ライフスタイル・スクロールで商品が回転/分解）","プロ（演出多め）"
"LP-04991","カフェ・ベーカリー｜採用エントリーLP（ニューブルータリズム・デバイスモックアップ浮遊）","プロ（演出多め）"
"LP-04992","金融・保険・投資｜採用エントリーLP（信頼・誠実（コーポレート）・スクロールで商品が回転/分解）","プロ（演出多め）"
"LP-04993","歯科医院｜無料体験・カウンセリング予約LP（かわいい・ガーリー・デバイスモックアップ浮遊）","プロ（演出多め）"
"LP-04994","保育園・幼児教育・習い事｜LINE友だち追加LP（ハンドメイド・手書き・全面写真＋中央キャッチ）","上級"
"LP-04995","アパレル・ファッションEC｜商品購入（単品通販）LP（ニューブルータリズム・スクロールで商品が回転/分解）","プロ（演出多め）"
"LP-04996","金融・保険・投資｜リード獲得（資料請求・問い合わせ）LP（エネルギッシュ・スポーティ・実績数字ドーン）","プロ（演出多め）"
"LP-04997","ウェディング・結婚相談所｜採用エントリーLP（かわいい・ガーリー・デバイスモックアップ浮遊）","上級"
"LP-04998","NPO・地方自治体｜クラウドファンディング支援LP（ハンドメイド・手書き・イラスト主体）","プロ（演出多め）"
"LP-04999","カフェ・ベーカリー｜リード獲得（資料請求・問い合わせ）LP（北欧・ライフスタイル・スクロールで商品が回転/分解）","プロ（演出多め）"
"LP-05000","Web制作・デザイン事務所｜リード獲得（資料請求・問い合わせ）LP（クール・テック・ジェネラティブ背景＋コピー）","プロ（演出多め）"
"LP-05001","工務店・注文住宅・リフォーム｜採用エントリーLP（ミニマル・洗練・スクロールで商品が回転/分解）","プロ（演出多め）"
"LP-05002","クラウドファンディング・新商品｜クラウドファンディング支援LP（クール・テック・ジェネラティブ背景＋コピー）","プロ（演出多め）"
"LP-05003","YouTuber・インフルエンサー｜会員登録・アプリDLLP（ポップ・カラフル・背景動画ループ＋オーバーレイ）","プロ（演出多め）"
"LP-05004","採用・求人｜採用エントリーLP（ジオメトリック・グラフィカル・左テキスト×右商品/人物）","プロ（演出多め）"
"LP-05005","ウェディング・結婚相談所｜LINE友だち追加LP（ラグジュアリー・高級感・デバイスモックアップ浮遊）","プロ（演出多め）"
"LP-05006","美容クリニック｜無料体験・カウンセリング予約LP（ミニマル・洗練・超大型タイポグラフィ）","プロ（演出多め）"
"LP-05007","占い・スピリチュアル｜リード獲得（資料請求・問い合わせ）LP（和モダン・デバイスモックアップ浮遊）","プロ（演出多め）"
"LP-05008","SaaS・BtoBツール｜会員登録・アプリDLLP（グラスモーフィズム・デバイスモックアップ浮遊）","プロ（演出多め）"
"LP-05009","和菓子・スイーツ｜LINE友だち追加LP（ハンドメイド・手書き・デバイスモックアップ浮遊）","プロ（演出多め）"
"LP-05010","スマホアプリ｜会員登録・アプリDLLP（グラスモーフィズム・イラスト主体）","プロ（演出多め）"
"LP-05011","NPO・地方自治体｜リード獲得（資料請求・問い合わせ）LP（ハンドメイド・手書き・左テキスト×右商品/人物）","プロ（演出多め）"
"LP-05012","内科・クリニック｜リード獲得（資料請求・問い合わせ）LP（信頼・誠実（コーポレート）・デバイスモックアップ浮遊）","プロ（演出多め）"
"LP-05013","保育園・幼児教育・習い事｜LINE友だち追加LP（ナチュラル・オーガニック・イラスト主体）","プロ（演出多め）"
"LP-05014","建築設計事務所｜採用エントリーLP（ミニマル・洗練・ジェネラティブ背景＋コピー）","プロ（演出多め）"
"LP-05015","観光・地域プロモーション｜採用エントリーLP（3D・クレイ・写真コラージュ）","プロ（演出多め）"
"LP-05016","コンサル・コーチング｜リード獲得（資料請求・問い合わせ）LP（信頼・誠実（コーポレート）・超大型タイポグラフィ）","上級"
"LP-05017","英会話・語学｜採用エントリーLP（3D・クレイ・イラスト主体）","プロ（演出多め）"
"LP-05018","内科・クリニック｜LINE友だち追加LP（ナチュラル・オーガニック・ジェネラティブ背景＋コピー）","プロ（演出多め）"
"LP-05019","パーソナルジム・フィットネス｜リード獲得（資料請求・問い合わせ）LP（ダーク・シネマティック・左テキスト×右商品/人物）","プロ（演出多め）"
"LP-05020","食品・産直EC｜商品購入（単品通販）LP（和モダン・スクロールで商品が回転/分解）","プロ（演出多め）"
"LP-05021","食品・産直EC｜商品購入（単品通販）LP（和モダン・イラスト主体）","プロ（演出多め）"
"LP-05022","英会話・語学｜無料体験・カウンセリング予約LP（ポップ・カラフル・背景動画ループ＋オーバーレイ）","プロ（演出多め）"
"LP-05023","和菓子・スイーツ｜商品購入（単品通販）LP（パステル・ドリーミー・スクロールで商品が回転/分解）","プロ（演出多め）"
"LP-05024","SaaS・BtoBツール｜リード獲得（資料請求・問い合わせ）LP（ミニマル・洗練・全面写真＋中央キャッチ）","プロ（演出多め）"
"LP-05025","歯科医院｜無料体験・カウンセリング予約LP（信頼・誠実（コーポレート）・スクロールで商品が回転/分解）","プロ（演出多め）"
"LP-05026","AIサービス・スタートアップ｜セミナー・ウェビナー集客LP（ネオン・サイバー・全面写真＋中央キャッチ）","プロ（演出多め）"
"LP-05027","観光・地域プロモーション｜リード獲得（資料請求・問い合わせ）LP（ハンドメイド・手書き・写真コラージュ）","プロ（演出多め）"
"LP-05028","Web制作・デザイン事務所｜セミナー・ウェビナー集客LP（ニューブルータリズム・背景動画ループ＋オーバーレイ）","プロ（演出多め）"
"LP-05029","スマホアプリ｜リード獲得（資料請求・問い合わせ）LP（ポップ・カラフル・超大型タイポグラフィ）","プロ（演出多め）"
"LP-05030","ヨガ・ピラティス｜LINE友だち追加LP（ミニマル・洗練・全面写真＋中央キャッチ）","プロ（演出多め）"
"LP-05031","ヨガ・ピラティス｜リード獲得（資料請求・問い合わせ）LP（ナチュラル・オーガニック・全面写真＋中央キャッチ）","上級"
"LP-05032","採用・求人｜リード獲得（資料請求・問い合わせ）LP（ポップ・カラフル・左テキスト×右商品/人物）","プロ（演出多め）"
"LP-05033","レストラン・居酒屋｜採用エントリーLP（ラグジュアリー・高級感・左テキスト×右商品/人物）","プロ（演出多め）"
"LP-05034","引越し・生活サービス｜リード獲得（資料請求・問い合わせ）LP（3D・クレイ・実績数字ドーン）","プロ（演出多め）"
"LP-05035","農業・地方の生産者｜クラウドファンディング支援LP（ナチュラル・オーガニック・デバイスモックアップ浮遊）","プロ（演出多め）"
"LP-05036","クラウドファンディング・新商品｜商品購入（単品通販）LP（ナチュラル・オーガニック・写真コラージュ）","プロ（演出多め）"
"LP-05037","サウナ・温浴施設｜LINE友だち追加LP（和モダン・写真コラージュ）","プロ（演出多め）"
"LP-05038","コンサル・コーチング｜無料体験・カウンセリング予約LP（ミニマル・洗練・超大型タイポグラフィ）","プロ（演出多め）"
"LP-05039","コンサル・コーチング｜採用エントリーLP（ラグジュアリー・高級感・実績数字ドーン）","プロ（演出多め）"
"LP-05040","エステ・脱毛サロン｜採用エントリーLP（かわいい・ガーリー・全面写真＋中央キャッチ）","プロ（演出多め）"
"LP-05041","ゲーム・eスポーツ｜採用エントリーLP（レトロ・Y2K・ジェネラティブ背景＋コピー）","プロ（演出多め）"
"LP-05042","不動産・マンション｜セミナー・ウェビナー集客LP（ニューブルータリズム・イラスト主体）","プロ（演出多め）"
"LP-05043","クラウドファンディング・新商品｜リード獲得（資料請求・問い合わせ）LP（ダーク・シネマティック・ジェネラティブ背景＋コピー）","プロ（演出多め）"
"LP-05044","ペット・トリミング・動物病院｜リード獲得（資料請求・問い合わせ）LP（3D・クレイ・スクロールで商品が回転/分解）","プロ（演出多め）"
"LP-05045","サウナ・温浴施設｜LINE友だち追加LP（ニューブルータリズム・スクロールで商品が回転/分解）","プロ（演出多め）"
"LP-05046","AIサービス・スタートアップ｜リード獲得（資料請求・問い合わせ）LP（グラスモーフィズム・超大型タイポグラフィ）","プロ（演出多め）"
"LP-05047","NPO・地方自治体｜採用エントリーLP（ハンドメイド・手書き・デバイスモックアップ浮遊）","プロ（演出多め）"
"LP-05048","美容クリニック｜LINE友だち追加LP（ミニマル・洗練・写真コラージュ）","プロ（演出多め）"
"LP-05049","観光・地域プロモーション｜リード獲得（資料請求・問い合わせ）LP（ナチュラル・オーガニック・背景動画ループ＋オーバーレイ）","プロ（演出多め）"
"LP-05050","保育園・幼児教育・習い事｜LINE友だち追加LP（ハンドメイド・手書き・デバイスモックアップ浮遊）","上級"
"LP-05051","アパレル・ファッションEC｜採用エントリーLP（エディトリアル・雑誌風・全面写真＋中央キャッチ）","プロ（演出多め）"
"LP-05052","ホテル・旅館｜採用エントリーLP（ダーク・シネマティック・超大型タイポグラフィ）","プロ（演出多め）"
"LP-05053","保育園・幼児教育・習い事｜リード獲得（資料請求・問い合わせ）LP（ハンドメイド・手書き・イラスト主体）","プロ（演出多め）"
"LP-05054","YouTuber・インフルエンサー｜リード獲得（資料請求・問い合わせ）LP（ニューブルータリズム・写真コラージュ）","上級"
"LP-05055","不動産・マンション｜無料体験・カウンセリング予約LP（ミニマル・洗練・全面写真＋中央キャッチ）","プロ（演出多め）"
"LP-05056","スマホアプリ｜商品購入（単品通販）LP（ポップ・カラフル・超大型タイポグラフィ）","プロ（演出多め）"
"LP-05057","占い・スピリチュアル｜LINE友だち追加LP（ラグジュアリー・高級感・写真コラージュ）","プロ（演出多め）"
"LP-05058","音楽・ライブ・イベント｜リード獲得（資料請求・問い合わせ）LP（ネオン・サイバー・写真コラージュ）","プロ（演出多め）"
"LP-05059","パーソナルジム・フィットネス｜採用エントリーLP（ダーク・シネマティック・デバイスモックアップ浮遊）","プロ（演出多め）"
"LP-05060","観光・地域プロモーション｜採用エントリーLP（和モダン・背景動画ループ＋オーバーレイ）","プロ（演出多め）"
"LP-05061","クラウドファンディング・新商品｜採用エントリーLP（ナチュラル・オーガニック・左テキスト×右商品/人物）","プロ（演出多め）"
"LP-05062","ヨガ・ピラティス｜LINE友だち追加LP（ナチュラル・オーガニック・スクロールで商品が回転/分解）","プロ（演出多め）"
"LP-05063","スマホアプリ｜リード獲得（資料請求・問い合わせ）LP（3D・クレイ・左テキスト×右商品/人物）","プロ（演出多め）"
"LP-05064","美容クリニック｜無料体験・カウンセリング予約LP（信頼・誠実（コーポレート）・全面写真＋中央キャッチ）","プロ（演出多め）"
"LP-05065","観光・地域プロモーション｜クラウドファンディング支援LP（ハンドメイド・手書き・背景動画ループ＋オーバーレイ）","プロ（演出多め）"
"LP-05066","アパレル・ファッションEC｜商品購入（単品通販）LP（ニューブルータリズム・写真コラージュ）","プロ（演出多め）"
"LP-05067","ペット・トリミング・動物病院｜商品購入（単品通販）LP（かわいい・ガーリー・ジェネラティブ背景＋コピー）","プロ（演出多め）"
"LP-05068","YouTuber・インフルエンサー｜リード獲得（資料請求・問い合わせ）LP（ネオン・サイバー・背景動画ループ＋オーバーレイ）","プロ（演出多め）"
"LP-05069","英会話・語学｜会員登録・アプリDLLP（エディトリアル・雑誌風・スクロールで商品が回転/分解）","プロ（演出多め）"
"LP-05070","レストラン・居酒屋｜リード獲得（資料請求・問い合わせ）LP（和モダン・デバイスモックアップ浮遊）","プロ（演出多め）"
"LP-05071","NPO・地方自治体｜採用エントリーLP（ナチュラル・オーガニック・背景動画ループ＋オーバーレイ）","プロ（演出多め）"
"LP-05072","サウナ・温浴施設｜採用エントリーLP（レトロ・Y2K・写真コラージュ）","プロ（演出多め）"
"LP-05073","音楽・ライブ・イベント｜リード獲得（資料請求・問い合わせ）LP（ネオン・サイバー・全面写真＋中央キャッチ）","プロ（演出多め）"
"LP-05074","カフェ・ベーカリー｜採用エントリーLP（レトロ・Y2K・スクロールで商品が回転/分解）","プロ（演出多め）"
"LP-05075","占い・スピリチュアル｜無料体験・カウンセリング予約LP（ダーク・シネマティック・超大型タイポグラフィ）","プロ（演出多め）"
"LP-05076","クラウドファンディング・新商品｜商品購入（単品通販）LP（グラスモーフィズム・イラスト主体）","プロ（演出多め）"
"LP-05077","ヨガ・ピラティス｜リード獲得（資料請求・問い合わせ）LP（北欧・ライフスタイル・実績数字ドーン）","プロ（演出多め）"
"LP-05078","Web制作・デザイン事務所｜リード獲得（資料請求・問い合わせ）LP（ニューブルータリズム・ジェネラティブ背景＋コピー）","プロ（演出多め）"
"LP-05079","プログラミングスクール｜採用エントリーLP（ポップ・カラフル・デバイスモックアップ浮遊）","プロ（演出多め）"
"LP-05080","和菓子・スイーツ｜採用エントリーLP（ジオメトリック・グラフィカル・左テキスト×右商品/人物）","プロ（演出多め）"
"LP-05081","美容室・ヘアサロン｜無料体験・カウンセリング予約LP（エディトリアル・雑誌風・イラスト主体）","プロ（演出多め）"
"LP-05082","スマホアプリ｜採用エントリーLP（ポップ・カラフル・写真コラージュ）","上級"
"LP-05083","占い・スピリチュアル｜採用エントリーLP（パステル・ドリーミー・イラスト主体）","プロ（演出多め）"
"LP-05084","パーソナルジム・フィットネス｜無料体験・カウンセリング予約LP（ダーク・シネマティック・写真コラージュ）","プロ（演出多め）"
"LP-05085","保育園・幼児教育・習い事｜無料体験・カウンセリング予約LP（ポップ・カラフル・左テキスト×右商品/人物）","プロ（演出多め）"
"LP-05086","占い・スピリチュアル｜採用エントリーLP（ラグジュアリー・高級感・イラスト主体）","上級"
"LP-05087","AIサービス・スタートアップ｜無料体験・カウンセリング予約LP（ミニマル・洗練・イラスト主体）","プロ（演出多め）"
"LP-05088","工務店・注文住宅・リフォーム｜LINE友だち追加LP（信頼・誠実（コーポレート）・背景動画ループ＋オーバーレイ）","プロ（演出多め）"
"LP-05089","NPO・地方自治体｜リード獲得（資料請求・問い合わせ）LP（ナチュラル・オーガニック・写真コラージュ）","プロ（演出多め）"
"LP-05090","コスメ・スキンケア｜リード獲得（資料請求・問い合わせ）LP（ラグジュアリー・高級感・ジェネラティブ背景＋コピー）","プロ（演出多め）"
"LP-05091","引越し・生活サービス｜LINE友だち追加LP（ポップ・カラフル・デバイスモックアップ浮遊）","プロ（演出多め）"
"LP-05092","ホテル・旅館｜採用エントリーLP（ナチュラル・オーガニック・実績数字ドーン）","プロ（演出多め）"
"LP-05093","美容クリニック｜リード獲得（資料請求・問い合わせ）LP（ミニマル・洗練・実績数字ドーン）","プロ（演出多め）"
"LP-05094","音楽・ライブ・イベント｜採用エントリーLP（ダーク・シネマティック・イラスト主体）","プロ（演出多め）"
"LP-05095","歯科医院｜採用エントリーLP（ミニマル・洗練・全面写真＋中央キャッチ）","プロ（演出多め）"
"LP-05096","歯科医院｜採用エントリーLP（ナチュラル・オーガニック・写真コラージュ）","プロ（演出多め）"
"LP-05097","引越し・生活サービス｜LINE友だち追加LP（3D・クレイ・実績数字ドーン）","上級"
"LP-05098","建築設計事務所｜採用エントリーLP（ジオメトリック・グラフィカル・左テキスト×右商品/人物）","プロ（演出多め）"
"LP-05099","不動産・マンション｜リード獲得（資料請求・問い合わせ）LP（ラグジュアリー・高級感・超大型タイポグラフィ）","プロ（演出多め）"
"LP-05100","カフェ・ベーカリー｜リード獲得（資料請求・問い合わせ）LP（レトロ・Y2K・全面写真＋中央キャッチ）","プロ（演出多め）"
"LP-05101","コンサル・コーチング｜リード獲得（資料請求・問い合わせ）LP（信頼・誠実（コーポレート）・イラスト主体）","上級"
"LP-05102","保育園・幼児教育・習い事｜採用エントリーLP（ナチュラル・オーガニック・スクロールで商品が回転/分解）","プロ（演出多め）"
"LP-05103","クラウドファンディング・新商品｜リード獲得（資料請求・問い合わせ）LP（クール・テック・イラスト主体）","上級"
"LP-05104","アパレル・ファッションEC｜リード獲得（資料請求・問い合わせ）LP（ミニマル・洗練・背景動画ループ＋オーバーレイ）","プロ（演出多め）"
"LP-05105","プログラミングスクール｜セミナー・ウェビナー集客LP（ネオン・サイバー・背景動画ループ＋オーバーレイ）","プロ（演出多め）"
"LP-05106","士業（税理士・弁護士・行政書士）｜採用エントリーLP（和モダン・実績数字ドーン）","プロ（演出多め）"
"LP-05107","ホテル・旅館｜LINE友だち追加LP（ミニマル・洗練・イラスト主体）","プロ（演出多め）"
"LP-05108","和菓子・スイーツ｜クラウドファンディング支援LP（ナチュラル・オーガニック・ジェネラティブ背景＋コピー）","プロ（演出多め）"
"LP-05109","占い・スピリチュアル｜採用エントリーLP（和モダン・全面写真＋中央キャッチ）","プロ（演出多め）"
"LP-05110","Web制作・デザイン事務所｜セミナー・ウェビナー集客LP（レトロ・Y2K・背景動画ループ＋オーバーレイ）","プロ（演出多め）"
"LP-05111","工務店・注文住宅・リフォーム｜無料体験・カウンセリング予約LP（北欧・ライフスタイル・左テキスト×右商品/人物）","プロ（演出多め）"
"LP-05112","食品・産直EC｜クラウドファンディング支援LP（ナチュラル・オーガニック・実績数字ドーン）","プロ（演出多め）"
"LP-05113","自動車・バイク｜採用エントリーLP（ダーク・シネマティック・超大型タイポグラフィ）","プロ（演出多め）"
"LP-05114","スクール・オンライン講座｜無料体験・カウンセリング予約LP（ミニマル・洗練・デバイスモックアップ浮遊）","プロ（演出多め）"
"LP-05115","食品・産直EC｜採用エントリーLP（ポップ・カラフル・デバイスモックアップ浮遊）","プロ（演出多め）"
"LP-05116","パーソナルジム・フィットネス｜リード獲得（資料請求・問い合わせ）LP（エネルギッシュ・スポーティ・イラスト主体）","プロ（演出多め）"
"LP-05117","アパレル・ファッションEC｜リード獲得（資料請求・問い合わせ）LP（エディトリアル・雑誌風・スクロールで商品が回転/分解）","プロ（演出多め）"
"LP-05118","エステ・脱毛サロン｜採用エントリーLP（エネルギッシュ・スポーティ・デバイスモックアップ浮遊）","プロ（演出多め）"
"LP-05119","和菓子・スイーツ｜クラウドファンディング支援LP（ナチュラル・オーガニック・イラスト主体）","プロ（演出多め）"
"LP-05120","プログラミングスクール｜会員登録・アプリDLLP（ジオメトリック・グラフィカル・背景動画ループ＋オーバーレイ）","プロ（演出多め）"
"LP-05121","保育園・幼児教育・習い事｜LINE友だち追加LP（ポップ・カラフル・全面写真＋中央キャッチ）","プロ（演出多め）"
"LP-05122","コスメ・スキンケア｜採用エントリーLP（ラグジュアリー・高級感・スクロールで商品が回転/分解）","上級"
"LP-05123","ゲーム・eスポーツ｜クラウドファンディング支援LP（ダーク・シネマティック・ジェネラティブ背景＋コピー）","プロ（演出多め）"
"LP-05124","和菓子・スイーツ｜リード獲得（資料請求・問い合わせ）LP（ナチュラル・オーガニック・全面写真＋中央キャッチ）","プロ（演出多め）"
"LP-05125","採用・求人｜リード獲得（資料請求・問い合わせ）LP（ジオメトリック・グラフィカル・写真コラージュ）","プロ（演出多め）"
"LP-05126","コスメ・スキンケア｜商品購入（単品通販）LP（ナチュラル・オーガニック・写真コラージュ）","プロ（演出多め）"
"LP-05127","スクール・オンライン講座｜リード獲得（資料請求・問い合わせ）LP（3D・クレイ・写真コラージュ）","プロ（演出多め）"
"LP-05128","サウナ・温浴施設｜採用エントリーLP（3D・クレイ・超大型タイポグラフィ）","プロ（演出多め）"
"LP-05129","金融・保険・投資｜セミナー・ウェビナー集客LP（クール・テック・背景動画ループ＋オーバーレイ）","プロ（演出多め）"
"LP-05130","カフェ・ベーカリー｜採用エントリーLP（ハンドメイド・手書き・ジェネラティブ背景＋コピー）","プロ（演出多め）"
"LP-05131","農業・地方の生産者｜リード獲得（資料請求・問い合わせ）LP（和モダン・左テキスト×右商品/人物）","プロ（演出多め）"
"LP-05132","アパレル・ファッションEC｜リード獲得（資料請求・問い合わせ）LP（ニューブルータリズム・超大型タイポグラフィ）","プロ（演出多め）"
"LP-05133","食品・産直EC｜商品購入（単品通販）LP（和モダン・左テキスト×右商品/人物）","プロ（演出多め）"
"LP-05134","スクール・オンライン講座｜無料体験・カウンセリング予約LP（エディトリアル・雑誌風・写真コラージュ）","プロ（演出多め）"
"LP-05135","和菓子・スイーツ｜リード獲得（資料請求・問い合わせ）LP（かわいい・ガーリー・超大型タイポグラフィ）","上級"
"LP-05136","不動産・マンション｜採用エントリーLP（北欧・ライフスタイル・デバイスモックアップ浮遊）","プロ（演出多め）"
"LP-05137","農業・地方の生産者｜クラウドファンディング支援LP（ナチュラル・オーガニック・左テキスト×右商品/人物）","プロ（演出多め）"
"LP-05138","サウナ・温浴施設｜無料体験・カウンセリング予約LP（和モダン・全面写真＋中央キャッチ）","プロ（演出多め）"
"LP-05139","コスメ・スキンケア｜リード獲得（資料請求・問い合わせ）LP（ナチュラル・オーガニック・超大型タイポグラフィ）","プロ（演出多め）"
"LP-05140","美容室・ヘアサロン｜無料体験・カウンセリング予約LP（北欧・ライフスタイル・全面写真＋中央キャッチ）","プロ（演出多め）"
"LP-05141","スクール・オンライン講座｜セミナー・ウェビナー集客LP（信頼・誠実（コーポレート）・左テキスト×右商品/人物）","プロ（演出多め）"
"LP-05142","SaaS・BtoBツール｜リード獲得（資料請求・問い合わせ）LP（3D・クレイ・スクロールで商品が回転/分解）","プロ（演出多め）"
"LP-05143","ウェディング・結婚相談所｜採用エントリーLP（ラグジュアリー・高級感・全面写真＋中央キャッチ）","プロ（演出多め）"
"LP-05144","音楽・ライブ・イベント｜クラウドファンディング支援LP（ニューブルータリズム・超大型タイポグラフィ）","プロ（演出多め）"
"LP-05145","工務店・注文住宅・リフォーム｜採用エントリーLP（信頼・誠実（コーポレート）・写真コラージュ）","プロ（演出多め）"
"LP-05146","NPO・地方自治体｜クラウドファンディング支援LP（ジオメトリック・グラフィカル・イラスト主体）","プロ（演出多め）"
"LP-05147","ウェディング・結婚相談所｜リード獲得（資料請求・問い合わせ）LP（クール・テック・全面写真＋中央キャッチ）","プロ（演出多め）"
"LP-05148","ヨガ・ピラティス｜採用エントリーLP（パステル・ドリーミー・左テキスト×右商品/人物）","プロ（演出多め）"
"LP-05149","食品・産直EC｜リード獲得（資料請求・問い合わせ）LP（ナチュラル・オーガニック・背景動画ループ＋オーバーレイ）","プロ（演出多め）"
"LP-05150","Web制作・デザイン事務所｜採用エントリーLP（ニューブルータリズム・実績数字ドーン）","プロ（演出多め）"
"LP-05151","カフェ・ベーカリー｜採用エントリーLP（ナチュラル・オーガニック・左テキスト×右商品/人物）","プロ（演出多め）"
"LP-05152","歯科医院｜リード獲得（資料請求・問い合わせ）LP（信頼・誠実（コーポレート）・イラスト主体）","プロ（演出多め）"
"LP-05153","ゲーム・eスポーツ｜リード獲得（資料請求・問い合わせ）LP（エネルギッシュ・スポーティ・背景動画ループ＋オーバーレイ）","プロ（演出多め）"
"LP-05154","採用・求人｜採用エントリーLP（エネルギッシュ・スポーティ・写真コラージュ）","プロ（演出多め）"
"LP-05155","コスメ・スキンケア｜採用エントリーLP（ラグジュアリー・高級感・スクロールで商品が回転/分解）","プロ（演出多め）"
"LP-05156","AIサービス・スタートアップ｜セミナー・ウェビナー集客LP（ミニマル・洗練・写真コラージュ）","プロ（演出多め）"
"LP-05157","農業・地方の生産者｜採用エントリーLP（ナチュラル・オーガニック・全面写真＋中央キャッチ）","プロ（演出多め）"
"LP-05158","ヨガ・ピラティス｜リード獲得（資料請求・問い合わせ）LP（ポップ・カラフル・イラスト主体）","プロ（演出多め）"
"LP-05159","スクール・オンライン講座｜無料体験・カウンセリング予約LP（ポップ・カラフル・超大型タイポグラフィ）","プロ（演出多め）"
"LP-05160","観光・地域プロモーション｜クラウドファンディング支援LP（ハンドメイド・手書き・背景動画ループ＋オーバーレイ）","プロ（演出多め）"
"LP-05161","スマホアプリ｜会員登録・アプリDLLP（グラスモーフィズム・背景動画ループ＋オーバーレイ）","プロ（演出多め）"
"LP-05162","採用・求人｜リード獲得（資料請求・問い合わせ）LP（エネルギッシュ・スポーティ・写真コラージュ）","プロ（演出多め）"
"LP-05163","YouTuber・インフルエンサー｜リード獲得（資料請求・問い合わせ）LP（ネオン・サイバー・実績数字ドーン）","プロ（演出多め）"
"LP-05164","Web制作・デザイン事務所｜採用エントリーLP（エディトリアル・雑誌風・左テキスト×右商品/人物）","プロ（演出多め）"
"LP-05165","カフェ・ベーカリー｜LINE友だち追加LP（北欧・ライフスタイル・イラスト主体）","プロ（演出多め）"
"LP-05166","YouTuber・インフルエンサー｜採用エントリーLP（ネオン・サイバー・左テキスト×右商品/人物）","プロ（演出多め）"
"LP-05167","引越し・生活サービス｜無料体験・カウンセリング予約LP（エディトリアル・雑誌風・実績数字ドーン）","プロ（演出多め）"
"LP-05168","歯科医院｜リード獲得（資料請求・問い合わせ）LP（ナチュラル・オーガニック・イラスト主体）","プロ（演出多め）"
"LP-05169","引越し・生活サービス｜無料体験・カウンセリング予約LP（信頼・誠実（コーポレート）・実績数字ドーン）","プロ（演出多め）"
"LP-05170","アパレル・ファッションEC｜商品購入（単品通販）LP（ニューブルータリズム・背景動画ループ＋オーバーレイ）","プロ（演出多め）"
"LP-05171","スクール・オンライン講座｜セミナー・ウェビナー集客LP（クール・テック・スクロールで商品が回転/分解）","プロ（演出多め）"
"LP-05172","保育園・幼児教育・習い事｜リード獲得（資料請求・問い合わせ）LP（ナチュラル・オーガニック・デバイスモックアップ浮遊）","プロ（演出多め）"
"LP-05173","ペット・トリミング・動物病院｜LINE友だち追加LP（ハンドメイド・手書き・全面写真＋中央キャッチ）","プロ（演出多め）"
"LP-05174","YouTuber・インフルエンサー｜採用エントリーLP（3D・クレイ・実績数字ドーン）","プロ（演出多め）"
"LP-05175","アパレル・ファッションEC｜採用エントリーLP（レトロ・Y2K・スクロールで商品が回転/分解）","プロ（演出多め）"
"LP-05176","ヨガ・ピラティス｜リード獲得（資料請求・問い合わせ）LP（パステル・ドリーミー・写真コラージュ）","プロ（演出多め）"
"LP-05177","引越し・生活サービス｜LINE友だち追加LP（3D・クレイ・スクロールで商品が回転/分解）","上級"
"LP-05178","採用・求人｜リード獲得（資料請求・問い合わせ）LP（エネルギッシュ・スポーティ・イラスト主体）","プロ（演出多め）"
"LP-05179","プログラミングスクール｜採用エントリーLP（クール・テック・超大型タイポグラフィ）","プロ（演出多め）"
"LP-05180","美容室・ヘアサロン｜採用エントリーLP（ミニマル・洗練・超大型タイポグラフィ）","上級"
"LP-05181","音楽・ライブ・イベント｜リード獲得（資料請求・問い合わせ）LP（ダーク・シネマティック・超大型タイポグラフィ）","プロ（演出多め）"
"LP-05182","NPO・地方自治体｜リード獲得（資料請求・問い合わせ）LP（信頼・誠実（コーポレート）・イラスト主体）","プロ（演出多め）"
"LP-05183","和菓子・スイーツ｜クラウドファンディング支援LP（ナチュラル・オーガニック・ジェネラティブ背景＋コピー）","プロ（演出多め）"
"LP-05184","プログラミングスクール｜無料体験・カウンセリング予約LP（3D・クレイ・イラスト主体）","プロ（演出多め）"
"LP-05185","農業・地方の生産者｜採用エントリーLP（ダーク・シネマティック・背景動画ループ＋オーバーレイ）","プロ（演出多め）"
"LP-05186","クラウドファンディング・新商品｜商品購入（単品通販）LP（クール・テック・実績数字ドーン）","プロ（演出多め）"
"LP-05187","食品・産直EC｜採用エントリーLP（ハンドメイド・手書き・デバイスモックアップ浮遊）","プロ（演出多め）"
"LP-05188","採用・求人｜採用エントリーLP（信頼・誠実（コーポレート）・ジェネラティブ背景＋コピー）","プロ（演出多め）"
"LP-05189","コンサル・コーチング｜セミナー・ウェビナー集客LP（エディトリアル・雑誌風・ジェネラティブ背景＋コピー）","プロ（演出多め）"
"LP-05190","コスメ・スキンケア｜採用エントリーLP（グラスモーフィズム・背景動画ループ＋オーバーレイ）","上級"
"LP-05191","YouTuber・インフルエンサー｜リード獲得（資料請求・問い合わせ）LP（レトロ・Y2K・イラスト主体）","上級"
"LP-05192","観光・地域プロモーション｜クラウドファンディング支援LP（ダーク・シネマティック・イラスト主体）","プロ（演出多め）"
"LP-05193","レストラン・居酒屋｜リード獲得（資料請求・問い合わせ）LP（ラグジュアリー・高級感・左テキスト×右商品/人物）","プロ（演出多め）"
"LP-05194","スクール・オンライン講座｜採用エントリーLP（クール・テック・スクロールで商品が回転/分解）","上級"
"LP-05195","士業（税理士・弁護士・行政書士）｜リード獲得（資料請求・問い合わせ）LP（信頼・誠実（コーポレート）・ジェネラティブ背景＋コピー）","プロ（演出多め）"
"LP-05196","美容クリニック｜リード獲得（資料請求・問い合わせ）LP（信頼・誠実（コーポレート）・左テキスト×右商品/人物）","プロ（演出多め）"
"LP-05197","美容室・ヘアサロン｜採用エントリーLP（ラグジュアリー・高級感・左テキスト×右商品/人物）","プロ（演出多め）"
"LP-05198","スクール・オンライン講座｜会員登録・アプリDLLP（3D・クレイ・ジェネラティブ背景＋コピー）","プロ（演出多め）"
"LP-05199","英会話・語学｜リード獲得（資料請求・問い合わせ）LP（3D・クレイ・写真コラージュ）","プロ（演出多め）"
"LP-05200","コスメ・スキンケア｜商品購入（単品通販）LP（パステル・ドリーミー・イラスト主体）","プロ（演出多め）"
"LP-05201","スクール・オンライン講座｜採用エントリーLP（クール・テック・写真コラージュ）","プロ（演出多め）"
"LP-05202","不動産・マンション｜リード獲得（資料請求・問い合わせ）LP（ハンドメイド・手書き・デバイスモックアップ浮遊）","プロ（演出多め）"
"LP-05203","レストラン・居酒屋｜採用エントリーLP（グラスモーフィズム・ジェネラティブ背景＋コピー）","プロ（演出多め）"
"LP-05204","美容クリニック｜LINE友だち追加LP（ミニマル・洗練・ジェネラティブ背景＋コピー）","プロ（演出多め）"
"LP-05205","和菓子・スイーツ｜採用エントリーLP（パステル・ドリーミー・全面写真＋中央キャッチ）","プロ（演出多め）"
"LP-05206","金融・保険・投資｜セミナー・ウェビナー集客LP（ミニマル・洗練・写真コラージュ）","プロ（演出多め）"
"LP-05207","プログラミングスクール｜採用エントリーLP（ネオン・サイバー・実績数字ドーン）","プロ（演出多め）"
"LP-05208","自動車・バイク｜採用エントリーLP（ダーク・シネマティック・背景動画ループ＋オーバーレイ）","プロ（演出多め）"
"LP-05209","レストラン・居酒屋｜採用エントリーLP（エディトリアル・雑誌風・背景動画ループ＋オーバーレイ）","上級"
"LP-05210","不動産・マンション｜無料体験・カウンセリング予約LP（ミニマル・洗練・実績数字ドーン）","プロ（演出多め）"
"LP-05211","SaaS・BtoBツール｜セミナー・ウェビナー集客LP（3D・クレイ・実績数字ドーン）","プロ（演出多め）"
"LP-05212","美容クリニック｜無料体験・カウンセリング予約LP（信頼・誠実（コーポレート）・デバイスモックアップ浮遊）","プロ（演出多め）"
"LP-05213","エステ・脱毛サロン｜採用エントリーLP（ラグジュアリー・高級感・写真コラージュ）","プロ（演出多め）"
"LP-05214","AIサービス・スタートアップ｜無料体験・カウンセリング予約LP（ネオン・サイバー・背景動画ループ＋オーバーレイ）","プロ（演出多め）"
"LP-05215","自動車・バイク｜リード獲得（資料請求・問い合わせ）LP（ラグジュアリー・高級感・超大型タイポグラフィ）","プロ（演出多め）"
"LP-05216","内科・クリニック｜無料体験・カウンセリング予約LP（パステル・ドリーミー・スクロールで商品が回転/分解）","プロ（演出多め）"
"LP-05217","ヨガ・ピラティス｜リード獲得（資料請求・問い合わせ）LP（ネオン・サイバー・背景動画ループ＋オーバーレイ）","プロ（演出多め）"
"LP-05218","AIサービス・スタートアップ｜無料体験・カウンセリング予約LP（ネオン・サイバー・写真コラージュ）","プロ（演出多め）"
"LP-05219","歯科医院｜リード獲得（資料請求・問い合わせ）LP（信頼・誠実（コーポレート）・スクロールで商品が回転/分解）","プロ（演出多め）"
"LP-05220","美容クリニック｜リード獲得（資料請求・問い合わせ）LP（ラグジュアリー・高級感・実績数字ドーン）","プロ（演出多め）"
"LP-05221","食品・産直EC｜商品購入（単品通販）LP（ナチュラル・オーガニック・デバイスモックアップ浮遊）","上級"
"LP-05222","エステ・脱毛サロン｜無料体験・カウンセリング予約LP（パステル・ドリーミー・左テキスト×右商品/人物）","プロ（演出多め）"
"LP-05223","プログラミングスクール｜会員登録・アプリDLLP（かわいい・ガーリー・写真コラージュ）","プロ（演出多め）"
"LP-05224","占い・スピリチュアル｜LINE友だち追加LP（ラグジュアリー・高級感・スクロールで商品が回転/分解）","プロ（演出多め）"
"LP-05225","英会話・語学｜会員登録・アプリDLLP（3D・クレイ・全面写真＋中央キャッチ）","プロ（演出多め）"
"LP-05226","クラウドファンディング・新商品｜採用エントリーLP（ダーク・シネマティック・背景動画ループ＋オーバーレイ）","プロ（演出多め）"
"LP-05227","ヨガ・ピラティス｜無料体験・カウンセリング予約LP（北欧・ライフスタイル・デバイスモックアップ浮遊）","プロ（演出多め）"
"LP-05228","コスメ・スキンケア｜リード獲得（資料請求・問い合わせ）LP（ラグジュアリー・高級感・デバイスモックアップ浮遊）","プロ（演出多め）"
"LP-05229","保育園・幼児教育・習い事｜無料体験・カウンセリング予約LP（ポップ・カラフル・スクロールで商品が回転/分解）","プロ（演出多め）"
"LP-05230","SaaS・BtoBツール｜無料体験・カウンセリング予約LP（クール・テック・スクロールで商品が回転/分解）","プロ（演出多め）"
"LP-05231","アパレル・ファッションEC｜採用エントリーLP（ニューブルータリズム・左テキスト×右商品/人物）","プロ（演出多め）"
"LP-05232","内科・クリニック｜採用エントリーLP（信頼・誠実（コーポレート）・背景動画ループ＋オーバーレイ）","プロ（演出多め）"
"LP-05233","占い・スピリチュアル｜リード獲得（資料請求・問い合わせ）LP（和モダン・実績数字ドーン）","プロ（演出多め）"
"LP-05234","工務店・注文住宅・リフォーム｜LINE友だち追加LP（北欧・ライフスタイル・超大型タイポグラフィ）","プロ（演出多め）"
"LP-05235","美容クリニック｜LINE友だち追加LP（ミニマル・洗練・実績数字ドーン）","プロ（演出多め）"
"LP-05236","和菓子・スイーツ｜LINE友だち追加LP（パステル・ドリーミー・スクロールで商品が回転/分解）","プロ（演出多め）"
"LP-05237","Web制作・デザイン事務所｜リード獲得（資料請求・問い合わせ）LP（エディトリアル・雑誌風・全面写真＋中央キャッチ）","プロ（演出多め）"
"LP-05238","コスメ・スキンケア｜商品購入（単品通販）LP（ミニマル・洗練・左テキスト×右商品/人物）","プロ（演出多め）"
"LP-05239","音楽・ライブ・イベント｜クラウドファンディング支援LP（ダーク・シネマティック・ジェネラティブ背景＋コピー）","プロ（演出多め）"
"LP-05240","食品・産直EC｜クラウドファンディング支援LP（北欧・ライフスタイル・スクロールで商品が回転/分解）","上級"
"LP-05241","引越し・生活サービス｜リード獲得（資料請求・問い合わせ）LP（信頼・誠実（コーポレート）・背景動画ループ＋オーバーレイ）","プロ（演出多め）"
"LP-05242","クラウドファンディング・新商品｜採用エントリーLP（ポップ・カラフル・写真コラージュ）","上級"
"LP-05243","ゲーム・eスポーツ｜会員登録・アプリDLLP（ネオン・サイバー・デバイスモックアップ浮遊）","プロ（演出多め）"
"LP-05244","ゲーム・eスポーツ｜会員登録・アプリDLLP（ネオン・サイバー・左テキスト×右商品/人物）","プロ（演出多め）"
"LP-05245","プログラミングスクール｜採用エントリーLP（ダーク・シネマティック・左テキスト×右商品/人物）","プロ（演出多め）"
"LP-05246","和菓子・スイーツ｜商品購入（単品通販）LP（和モダン・デバイスモックアップ浮遊）","プロ（演出多め）"
"LP-05247","建築設計事務所｜リード獲得（資料請求・問い合わせ）LP（ジオメトリック・グラフィカル・デバイスモックアップ浮遊）","プロ（演出多め）"
"LP-05248","歯科医院｜LINE友だち追加LP（ミニマル・洗練・全面写真＋中央キャッチ）","プロ（演出多め）"
"LP-05249","士業（税理士・弁護士・行政書士）｜セミナー・ウェビナー集客LP（信頼・誠実（コーポレート）・背景動画ループ＋オーバーレイ）","プロ（演出多め）"
"LP-05250","パーソナルジム・フィットネス｜LINE友だち追加LP（クール・テック・左テキスト×右商品/人物）","プロ（演出多め）"
"LP-05251","保育園・幼児教育・習い事｜無料体験・カウンセリング予約LP（かわいい・ガーリー・左テキスト×右商品/人物）","上級"
"LP-05252","ホテル・旅館｜LINE友だち追加LP（ラグジュアリー・高級感・全面写真＋中央キャッチ）","プロ（演出多め）"
"LP-05253","カフェ・ベーカリー｜リード獲得（資料請求・問い合わせ）LP（北欧・ライフスタイル・デバイスモックアップ浮遊）","プロ（演出多め）"
"LP-05254","建築設計事務所｜採用エントリーLP（ジオメトリック・グラフィカル・デバイスモックアップ浮遊）","プロ（演出多め）"
"LP-05255","パーソナルジム・フィットネス｜採用エントリーLP（クール・テック・超大型タイポグラフィ）","プロ（演出多め）"
"LP-05256","パーソナルジム・フィットネス｜LINE友だち追加LP（ダーク・シネマティック・背景動画ループ＋オーバーレイ）","プロ（演出多め）"
"LP-05257","工務店・注文住宅・リフォーム｜採用エントリーLP（ナチュラル・オーガニック・写真コラージュ）","プロ（演出多め）"
"LP-05258","YouTuber・インフルエンサー｜リード獲得（資料請求・問い合わせ）LP（ニューブルータリズム・イラスト主体）","プロ（演出多め）"
"LP-05259","保育園・幼児教育・習い事｜LINE友だち追加LP（ミニマル・洗練・写真コラージュ）","プロ（演出多め）"
"LP-05260","引越し・生活サービス｜無料体験・カウンセリング予約LP（ジオメトリック・グラフィカル・デバイスモックアップ浮遊）","プロ（演出多め）"
"LP-05261","引越し・生活サービス｜リード獲得（資料請求・問い合わせ）LP（ポップ・カラフル・超大型タイポグラフィ）","上級"
"LP-05262","スクール・オンライン講座｜会員登録・アプリDLLP（クール・テック・ジェネラティブ背景＋コピー）","プロ（演出多め）"
"LP-05263","美容室・ヘアサロン｜無料体験・カウンセリング予約LP（北欧・ライフスタイル・背景動画ループ＋オーバーレイ）","プロ（演出多め）"
"LP-05264","和菓子・スイーツ｜採用エントリーLP（かわいい・ガーリー・左テキスト×右商品/人物）","プロ（演出多め）"
"LP-05265","YouTuber・インフルエンサー｜会員登録・アプリDLLP（ニューブルータリズム・イラスト主体）","プロ（演出多め）"
"LP-05266","クラウドファンディング・新商品｜クラウドファンディング支援LP（クール・テック・左テキスト×右商品/人物）","プロ（演出多め）"
"LP-05267","ペット・トリミング・動物病院｜採用エントリーLP（かわいい・ガーリー・写真コラージュ）","プロ（演出多め）"
"LP-05268","保育園・幼児教育・習い事｜リード獲得（資料請求・問い合わせ）LP（ポップ・カラフル・実績数字ドーン）","プロ（演出多め）"
"LP-05269","ペット・トリミング・動物病院｜無料体験・カウンセリング予約LP（ハンドメイド・手書き・左テキスト×右商品/人物）","プロ（演出多め）"
"LP-05270","ホテル・旅館｜リード獲得（資料請求・問い合わせ）LP（ダーク・シネマティック・スクロールで商品が回転/分解）","プロ（演出多め）"
"LP-05271","コスメ・スキンケア｜リード獲得（資料請求・問い合わせ）LP（ラグジュアリー・高級感・デバイスモックアップ浮遊）","プロ（演出多め）"
"LP-05272","美容室・ヘアサロン｜LINE友だち追加LP（エディトリアル・雑誌風・ジェネラティブ背景＋コピー）","プロ（演出多め）"
"LP-05273","食品・産直EC｜採用エントリーLP（ナチュラル・オーガニック・背景動画ループ＋オーバーレイ）","プロ（演出多め）"
"LP-05274","プログラミングスクール｜無料体験・カウンセリング予約LP（ポップ・カラフル・スクロールで商品が回転/分解）","プロ（演出多め）"
"LP-05275","引越し・生活サービス｜リード獲得（資料請求・問い合わせ）LP（ポップ・カラフル・背景動画ループ＋オーバーレイ）","プロ（演出多め）"
"LP-05276","保育園・幼児教育・習い事｜無料体験・カウンセリング予約LP（北欧・ライフスタイル・ジェネラティブ背景＋コピー）","プロ（演出多め）"
"LP-05277","美容室・ヘアサロン｜採用エントリーLP（ミニマル・洗練・背景動画ループ＋オーバーレイ）","プロ（演出多め）"
"LP-05278","SaaS・BtoBツール｜セミナー・ウェビナー集客LP（レトロ・Y2K・イラスト主体）","プロ（演出多め）"
"LP-05279","プログラミングスクール｜リード獲得（資料請求・問い合わせ）LP（ネオン・サイバー・超大型タイポグラフィ）","プロ（演出多め）"
"LP-05280","ペット・トリミング・動物病院｜採用エントリーLP（ハンドメイド・手書き・左テキスト×右商品/人物）","プロ（演出多め）"
"LP-05281","カフェ・ベーカリー｜採用エントリーLP（ハンドメイド・手書き・背景動画ループ＋オーバーレイ）","プロ（演出多め）"
"LP-05282","アパレル・ファッションEC｜商品購入（単品通販）LP（ハンドメイド・手書き・スクロールで商品が回転/分解）","プロ（演出多め）"
"LP-05283","スクール・オンライン講座｜リード獲得（資料請求・問い合わせ）LP（クール・テック・イラスト主体）","上級"
"LP-05284","占い・スピリチュアル｜リード獲得（資料請求・問い合わせ）LP（和モダン・デバイスモックアップ浮遊）","プロ（演出多め）"
"LP-05285","食品・産直EC｜採用エントリーLP（和モダン・ジェネラティブ背景＋コピー）","プロ（演出多め）"
"LP-05286","ゲーム・eスポーツ｜リード獲得（資料請求・問い合わせ）LP（ダーク・シネマティック・超大型タイポグラフィ）","プロ（演出多め）"
"LP-05287","エステ・脱毛サロン｜LINE友だち追加LP（かわいい・ガーリー・ジェネラティブ背景＋コピー）","プロ（演出多め）"
"LP-05288","エステ・脱毛サロン｜採用エントリーLP（パステル・ドリーミー・スクロールで商品が回転/分解）","プロ（演出多め）"
"LP-05289","工務店・注文住宅・リフォーム｜LINE友だち追加LP（北欧・ライフスタイル・デバイスモックアップ浮遊）","プロ（演出多め）"
"LP-05290","ペット・トリミング・動物病院｜LINE友だち追加LP（かわいい・ガーリー・スクロールで商品が回転/分解）","プロ（演出多め）"
"LP-05291","エステ・脱毛サロン｜商品購入（単品通販）LP（パステル・ドリーミー・ジェネラティブ背景＋コピー）","プロ（演出多め）"
"LP-05292","スクール・オンライン講座｜無料体験・カウンセリング予約LP（信頼・誠実（コーポレート）・写真コラージュ）","プロ（演出多め）"
"LP-05293","保育園・幼児教育・習い事｜LINE友だち追加LP（ハンドメイド・手書き・超大型タイポグラフィ）","プロ（演出多め）"
"LP-05294","ペット・トリミング・動物病院｜商品購入（単品通販）LP（ハンドメイド・手書き・写真コラージュ）","プロ（演出多め）"
"LP-05295","ペット・トリミング・動物病院｜LINE友だち追加LP（かわいい・ガーリー・スクロールで商品が回転/分解）","プロ（演出多め）"
"LP-05296","Web制作・デザイン事務所｜リード獲得（資料請求・問い合わせ）LP（ニューブルータリズム・デバイスモックアップ浮遊）","プロ（演出多め）"
"LP-05297","クラウドファンディング・新商品｜採用エントリーLP（ポップ・カラフル・超大型タイポグラフィ）","プロ（演出多め）"
"LP-05298","サウナ・温浴施設｜リード獲得（資料請求・問い合わせ）LP（ナチュラル・オーガニック・背景動画ループ＋オーバーレイ）","プロ（演出多め）"
"LP-05299","AIサービス・スタートアップ｜セミナー・ウェビナー集客LP（ネオン・サイバー・実績数字ドーン）","プロ（演出多め）"
"LP-05300","農業・地方の生産者｜採用エントリーLP（ハンドメイド・手書き・背景動画ループ＋オーバーレイ）","上級"
"LP-05301","建築設計事務所｜採用エントリーLP（エディトリアル・雑誌風・ジェネラティブ背景＋コピー）","プロ（演出多め）"
"LP-05302","農業・地方の生産者｜採用エントリーLP（ハンドメイド・手書き・写真コラージュ）","プロ（演出多め）"
"LP-05303","エステ・脱毛サロン｜LINE友だち追加LP（ラグジュアリー・高級感・デバイスモックアップ浮遊）","プロ（演出多め）"
"LP-05304","食品・産直EC｜商品購入（単品通販）LP（ナチュラル・オーガニック・ジェネラティブ背景＋コピー）","プロ（演出多め）"
"LP-05305","美容クリニック｜採用エントリーLP（ミニマル・洗練・背景動画ループ＋オーバーレイ）","プロ（演出多め）"
"LP-05306","歯科医院｜無料体験・カウンセリング予約LP（ミニマル・洗練・左テキスト×右商品/人物）","プロ（演出多め）"
"LP-05307","ウェディング・結婚相談所｜無料体験・カウンセリング予約LP（ミニマル・洗練・スクロールで商品が回転/分解）","プロ（演出多め）"
"LP-05308","自動車・バイク｜無料体験・カウンセリング予約LP（ラグジュアリー・高級感・背景動画ループ＋オーバーレイ）","プロ（演出多め）"
"LP-05309","ヨガ・ピラティス｜採用エントリーLP（ミニマル・洗練・超大型タイポグラフィ）","プロ（演出多め）"
"LP-05310","工務店・注文住宅・リフォーム｜LINE友だち追加LP（ミニマル・洗練・全面写真＋中央キャッチ）","上級"
"LP-05311","不動産・マンション｜セミナー・ウェビナー集客LP（北欧・ライフスタイル・イラスト主体）","プロ（演出多め）"
"LP-05312","ホテル・旅館｜LINE友だち追加LP（ダーク・シネマティック・左テキスト×右商品/人物）","プロ（演出多め）"
"LP-05313","不動産・マンション｜セミナー・ウェビナー集客LP（ダーク・シネマティック・実績数字ドーン）","プロ（演出多め）"
"LP-05314","カフェ・ベーカリー｜リード獲得（資料請求・問い合わせ）LP（ジオメトリック・グラフィカル・ジェネラティブ背景＋コピー）","プロ（演出多め）"
"LP-05315","NPO・地方自治体｜クラウドファンディング支援LP（ハンドメイド・手書き・全面写真＋中央キャッチ）","プロ（演出多め）"
"LP-05316","美容室・ヘアサロン｜LINE友だち追加LP（かわいい・ガーリー・デバイスモックアップ浮遊）","プロ（演出多め）"
"LP-05317","歯科医院｜リード獲得（資料請求・問い合わせ）LP（3D・クレイ・イラスト主体）","プロ（演出多め）"
"LP-05318","ペット・トリミング・動物病院｜リード獲得（資料請求・問い合わせ）LP（3D・クレイ・イラスト主体）","プロ（演出多め）"
"LP-05319","ヨガ・ピラティス｜LINE友だち追加LP（エネルギッシュ・スポーティ・ジェネラティブ背景＋コピー）","プロ（演出多め）"
"LP-05320","NPO・地方自治体｜クラウドファンディング支援LP（ナチュラル・オーガニック・ジェネラティブ背景＋コピー）","プロ（演出多め）"
"LP-05321","自動車・バイク｜リード獲得（資料請求・問い合わせ）LP（エネルギッシュ・スポーティ・実績数字ドーン）","プロ（演出多め）"
"LP-05322","レストラン・居酒屋｜LINE友だち追加LP（ダーク・シネマティック・写真コラージュ）","プロ（演出多め）"
"LP-05323","食品・産直EC｜採用エントリーLP（ナチュラル・オーガニック・スクロールで商品が回転/分解）","プロ（演出多め）"
"LP-05324","スクール・オンライン講座｜無料体験・カウンセリング予約LP（ポップ・カラフル・イラスト主体）","プロ（演出多め）"
"LP-05325","コスメ・スキンケア｜採用エントリーLP（エネルギッシュ・スポーティ・左テキスト×右商品/人物）","プロ（演出多め）"
"LP-05326","カフェ・ベーカリー｜リード獲得（資料請求・問い合わせ）LP（ネオン・サイバー・全面写真＋中央キャッチ）","プロ（演出多め）"
"LP-05327","ゲーム・eスポーツ｜会員登録・アプリDLLP（エネルギッシュ・スポーティ・実績数字ドーン）","プロ（演出多め）"
"LP-05328","採用・求人｜リード獲得（資料請求・問い合わせ）LP（ジオメトリック・グラフィカル・左テキスト×右商品/人物）","プロ（演出多め）"
"LP-05329","自動車・バイク｜無料体験・カウンセリング予約LP（エディトリアル・雑誌風・スクロールで商品が回転/分解）","プロ（演出多め）"
"LP-05330","AIサービス・スタートアップ｜会員登録・アプリDLLP（クール・テック・ジェネラティブ背景＋コピー）","上級"
"LP-05331","農業・地方の生産者｜リード獲得（資料請求・問い合わせ）LP（ハンドメイド・手書き・ジェネラティブ背景＋コピー）","プロ（演出多め）"
"LP-05332","食品・産直EC｜採用エントリーLP（ポップ・カラフル・デバイスモックアップ浮遊）","プロ（演出多め）"
"LP-05333","ウェディング・結婚相談所｜採用エントリーLP（ラグジュアリー・高級感・ジェネラティブ背景＋コピー）","プロ（演出多め）"
"LP-05334","不動産・マンション｜セミナー・ウェビナー集客LP（ラグジュアリー・高級感・背景動画ループ＋オーバーレイ）","プロ（演出多め）"
"LP-05335","歯科医院｜無料体験・カウンセリング予約LP（ナチュラル・オーガニック・超大型タイポグラフィ）","プロ（演出多め）"
"LP-05336","クラウドファンディング・新商品｜クラウドファンディング支援LP（ダーク・シネマティック・写真コラージュ）","プロ（演出多め）"
"LP-05337","金融・保険・投資｜リード獲得（資料請求・問い合わせ）LP（クール・テック・スクロールで商品が回転/分解）","プロ（演出多め）"
"LP-05338","英会話・語学｜採用エントリーLP（ジオメトリック・グラフィカル・デバイスモックアップ浮遊）","プロ（演出多め）"
"LP-05339","AIサービス・スタートアップ｜会員登録・アプリDLLP（グラスモーフィズム・背景動画ループ＋オーバーレイ）","プロ（演出多め）"
"LP-05340","ウェディング・結婚相談所｜採用エントリーLP（パステル・ドリーミー・左テキスト×右商品/人物）","プロ（演出多め）"
"LP-05341","工務店・注文住宅・リフォーム｜リード獲得（資料請求・問い合わせ）LP（北欧・ライフスタイル・写真コラージュ）","プロ（演出多め）"
"LP-05342","歯科医院｜無料体験・カウンセリング予約LP（ナチュラル・オーガニック・左テキスト×右商品/人物）","上級"
"LP-05343","内科・クリニック｜リード獲得（資料請求・問い合わせ）LP（北欧・ライフスタイル・背景動画ループ＋オーバーレイ）","プロ（演出多め）"
"LP-05344","自動車・バイク｜採用エントリーLP（クール・テック・イラスト主体）","プロ（演出多め）"
"LP-05345","NPO・地方自治体｜リード獲得（資料請求・問い合わせ）LP（信頼・誠実（コーポレート）・全面写真＋中央キャッチ）","プロ（演出多め）"
"LP-05346","観光・地域プロモーション｜リード獲得（資料請求・問い合わせ）LP（和モダン・イラスト主体）","プロ（演出多め）"
"LP-05347","エステ・脱毛サロン｜商品購入（単品通販）LP（信頼・誠実（コーポレート）・全面写真＋中央キャッチ）","プロ（演出多め）"
"LP-05348","ペット・トリミング・動物病院｜リード獲得（資料請求・問い合わせ）LP（ナチュラル・オーガニック・全面写真＋中央キャッチ）","プロ（演出多め）"
"LP-05349","サウナ・温浴施設｜リード獲得（資料請求・問い合わせ）LP（ニューブルータリズム・デバイスモックアップ浮遊）","プロ（演出多め）"
"LP-05350","レストラン・居酒屋｜LINE友だち追加LP（ラグジュアリー・高級感・デバイスモックアップ浮遊）","プロ（演出多め）"
"LP-05351","音楽・ライブ・イベント｜採用エントリーLP（ニューブルータリズム・実績数字ドーン）","プロ（演出多め）"
"LP-05352","スマホアプリ｜リード獲得（資料請求・問い合わせ）LP（3D・クレイ・イラスト主体）","プロ（演出多め）"
"LP-05353","プログラミングスクール｜無料体験・カウンセリング予約LP（ポップ・カラフル・超大型タイポグラフィ）","上級"
"LP-05354","スマホアプリ｜会員登録・アプリDLLP（ポップ・カラフル・背景動画ループ＋オーバーレイ）","プロ（演出多め）"
"LP-05355","士業（税理士・弁護士・行政書士）｜リード獲得（資料請求・問い合わせ）LP（信頼・誠実（コーポレート）・写真コラージュ）","プロ（演出多め）"
"LP-05356","ゲーム・eスポーツ｜会員登録・アプリDLLP（レトロ・Y2K・デバイスモックアップ浮遊）","プロ（演出多め）"
"LP-05357","ホテル・旅館｜リード獲得（資料請求・問い合わせ）LP（かわいい・ガーリー・写真コラージュ）","プロ（演出多め）"
"LP-05358","金融・保険・投資｜無料体験・カウンセリング予約LP（ニューブルータリズム・スクロールで商品が回転/分解）","プロ（演出多め）"
"LP-05359","NPO・地方自治体｜クラウドファンディング支援LP（ハンドメイド・手書き・超大型タイポグラフィ）","プロ（演出多め）"
"LP-05360","カフェ・ベーカリー｜LINE友だち追加LP（ナチュラル・オーガニック・超大型タイポグラフィ）","プロ（演出多め）"
"LP-05361","内科・クリニック｜採用エントリーLP（ナチュラル・オーガニック・超大型タイポグラフィ）","プロ（演出多め）"
"LP-05362","内科・クリニック｜リード獲得（資料請求・問い合わせ）LP（ナチュラル・オーガニック・ジェネラティブ背景＋コピー）","上級"
"LP-05363","美容クリニック｜リード獲得（資料請求・問い合わせ）LP（3D・クレイ・デバイスモックアップ浮遊）","プロ（演出多め）"
"LP-05364","自動車・バイク｜無料体験・カウンセリング予約LP（エネルギッシュ・スポーティ・ジェネラティブ背景＋コピー）","上級"
"LP-05365","パーソナルジム・フィットネス｜採用エントリーLP（ダーク・シネマティック・左テキスト×右商品/人物）","プロ（演出多め）"
"LP-05366","保育園・幼児教育・習い事｜採用エントリーLP（ナチュラル・オーガニック・写真コラージュ）","上級"
"LP-05367","カフェ・ベーカリー｜採用エントリーLP（北欧・ライフスタイル・イラスト主体）","プロ（演出多め）"
"LP-05368","NPO・地方自治体｜クラウドファンディング支援LP（ジオメトリック・グラフィカル・背景動画ループ＋オーバーレイ）","プロ（演出多め）"
"LP-05369","Web制作・デザイン事務所｜リード獲得（資料請求・問い合わせ）LP（ポップ・カラフル・デバイスモックアップ浮遊）","プロ（演出多め）"
"LP-05370","SaaS・BtoBツール｜会員登録・アプリDLLP（ミニマル・洗練・背景動画ループ＋オーバーレイ）","プロ（演出多め）"
"LP-05371","NPO・地方自治体｜リード獲得（資料請求・問い合わせ）LP（和モダン・スクロールで商品が回転/分解）","上級"
"LP-05372","ペット・トリミング・動物病院｜LINE友だち追加LP（3D・クレイ・実績数字ドーン）","プロ（演出多め）"
"LP-05373","レストラン・居酒屋｜LINE友だち追加LP（エディトリアル・雑誌風・背景動画ループ＋オーバーレイ）","プロ（演出多め）"
"LP-05374","プログラミングスクール｜無料体験・カウンセリング予約LP（ポップ・カラフル・背景動画ループ＋オーバーレイ）","プロ（演出多め）"
"LP-05375","スマホアプリ｜採用エントリーLP（ポップ・カラフル・背景動画ループ＋オーバーレイ）","プロ（演出多め）"
"LP-05376","NPO・地方自治体｜クラウドファンディング支援LP（ジオメトリック・グラフィカル・全面写真＋中央キャッチ）","プロ（演出多め）"
"LP-05377","コンサル・コーチング｜採用エントリーLP（ミニマル・洗練・イラスト主体）","プロ（演出多め）"
"LP-05378","レストラン・居酒屋｜LINE友だち追加LP（ラグジュアリー・高級感・ジェネラティブ背景＋コピー）","プロ（演出多め）"
"LP-05379","コンサル・コーチング｜リード獲得（資料請求・問い合わせ）LP（ラグジュアリー・高級感・実績数字ドーン）","プロ（演出多め）"
"LP-05380","士業（税理士・弁護士・行政書士）｜リード獲得（資料請求・問い合わせ）LP（和モダン・全面写真＋中央キャッチ）","プロ（演出多め）"
"LP-05381","SaaS・BtoBツール｜採用エントリーLP（ミニマル・洗練・背景動画ループ＋オーバーレイ）","プロ（演出多め）"
"LP-05382","プログラミングスクール｜無料体験・カウンセリング予約LP（3D・クレイ・イラスト主体）","プロ（演出多め）"
"LP-05383","アパレル・ファッションEC｜商品購入（単品通販）LP（レトロ・Y2K・全面写真＋中央キャッチ）","プロ（演出多め）"
"LP-05384","サウナ・温浴施設｜採用エントリーLP（ニューブルータリズム・イラスト主体）","プロ（演出多め）"
"LP-05385","保育園・幼児教育・習い事｜無料体験・カウンセリング予約LP（ハンドメイド・手書き・スクロールで商品が回転/分解）","プロ（演出多め）"
"LP-05386","美容クリニック｜リード獲得（資料請求・問い合わせ）LP（ジオメトリック・グラフィカル・写真コラージュ）","プロ（演出多め）"
"LP-05387","工務店・注文住宅・リフォーム｜リード獲得（資料請求・問い合わせ）LP（ナチュラル・オーガニック・全面写真＋中央キャッチ）","プロ（演出多め）"
"LP-05388","英会話・語学｜会員登録・アプリDLLP（3D・クレイ・スクロールで商品が回転/分解）","プロ（演出多め）"
"LP-05389","音楽・ライブ・イベント｜リード獲得（資料請求・問い合わせ）LP（レトロ・Y2K・デバイスモックアップ浮遊）","プロ（演出多め）"
"LP-05390","建築設計事務所｜採用エントリーLP（ミニマル・洗練・デバイスモックアップ浮遊）","プロ（演出多め）"
"LP-05391","アパレル・ファッションEC｜採用エントリーLP（和モダン・イラスト主体）","プロ（演出多め）"
"LP-05392","和菓子・スイーツ｜クラウドファンディング支援LP（かわいい・ガーリー・全面写真＋中央キャッチ）","プロ（演出多め）"
"LP-05393","金融・保険・投資｜会員登録・アプリDLLP（信頼・誠実（コーポレート）・写真コラージュ）","プロ（演出多め）"
"LP-05394","英会話・語学｜会員登録・アプリDLLP（3D・クレイ・全面写真＋中央キャッチ）","プロ（演出多め）"
"LP-05395","ゲーム・eスポーツ｜クラウドファンディング支援LP（レトロ・Y2K・左テキスト×右商品/人物）","プロ（演出多め）"
"LP-05396","金融・保険・投資｜セミナー・ウェビナー集客LP（ミニマル・洗練・ジェネラティブ背景＋コピー）","プロ（演出多め）"
"LP-05397","食品・産直EC｜商品購入（単品通販）LP（ハンドメイド・手書き・写真コラージュ）","プロ（演出多め）"
"LP-05398","占い・スピリチュアル｜LINE友だち追加LP（和モダン・スクロールで商品が回転/分解）","上級"
"LP-05399","スクール・オンライン講座｜採用エントリーLP（信頼・誠実（コーポレート）・ジェネラティブ背景＋コピー）","上級"
"LP-05400","アパレル・ファッションEC｜商品購入（単品通販）LP（ポップ・カラフル・デバイスモックアップ浮遊）","プロ（演出多め）"
"LP-05401","不動産・マンション｜無料体験・カウンセリング予約LP（ラグジュアリー・高級感・写真コラージュ）","プロ（演出多め）"
"LP-05402","美容クリニック｜LINE友だち追加LP（エディトリアル・雑誌風・イラスト主体）","プロ（演出多め）"
"LP-05403","採用・求人｜採用エントリーLP（エネルギッシュ・スポーティ・実績数字ドーン）","プロ（演出多め）"
"LP-05404","ホテル・旅館｜採用エントリーLP（ミニマル・洗練・左テキスト×右商品/人物）","プロ（演出多め）"
"LP-05405","YouTuber・インフルエンサー｜リード獲得（資料請求・問い合わせ）LP（ニューブルータリズム・ジェネラティブ背景＋コピー）","プロ（演出多め）"
"LP-05406","ホテル・旅館｜LINE友だち追加LP（北欧・ライフスタイル・実績数字ドーン）","プロ（演出多め）"
"LP-05407","美容クリニック｜リード獲得（資料請求・問い合わせ）LP（ミニマル・洗練・背景動画ループ＋オーバーレイ）","プロ（演出多め）"
"LP-05408","SaaS・BtoBツール｜無料体験・カウンセリング予約LP（3D・クレイ・実績数字ドーン）","プロ（演出多め）"
"LP-05409","工務店・注文住宅・リフォーム｜採用エントリーLP（信頼・誠実（コーポレート）・ジェネラティブ背景＋コピー）","プロ（演出多め）"
"LP-05410","和菓子・スイーツ｜LINE友だち追加LP（和モダン・超大型タイポグラフィ）","プロ（演出多め）"
"LP-05411","美容クリニック｜LINE友だち追加LP（ミニマル・洗練・ジェネラティブ背景＋コピー）","プロ（演出多め）"
"LP-05412","自動車・バイク｜無料体験・カウンセリング予約LP（北欧・ライフスタイル・デバイスモックアップ浮遊）","プロ（演出多め）"
"LP-05413","プログラミングスクール｜無料体験・カウンセリング予約LP（クール・テック・スクロールで商品が回転/分解）","プロ（演出多め）"
"LP-05414","Web制作・デザイン事務所｜採用エントリーLP（ダーク・シネマティック・実績数字ドーン）","プロ（演出多め）"
"LP-05415","コスメ・スキンケア｜採用エントリーLP（ラグジュアリー・高級感・スクロールで商品が回転/分解）","プロ（演出多め）"
"LP-05416","歯科医院｜LINE友だち追加LP（信頼・誠実（コーポレート）・実績数字ドーン）","プロ（演出多め）"
"LP-05417","不動産・マンション｜リード獲得（資料請求・問い合わせ）LP（ミニマル・洗練・全面写真＋中央キャッチ）","プロ（演出多め）"
"LP-05418","不動産・マンション｜セミナー・ウェビナー集客LP（ラグジュアリー・高級感・実績数字ドーン）","プロ（演出多め）"
"LP-05419","カフェ・ベーカリー｜LINE友だち追加LP（エディトリアル・雑誌風・全面写真＋中央キャッチ）","プロ（演出多め）"
"LP-05420","カフェ・ベーカリー｜リード獲得（資料請求・問い合わせ）LP（ハンドメイド・手書き・全面写真＋中央キャッチ）","プロ（演出多め）"
"LP-05421","プログラミングスクール｜採用エントリーLP（クール・テック・全面写真＋中央キャッチ）","プロ（演出多め）"
"LP-05422","ウェディング・結婚相談所｜リード獲得（資料請求・問い合わせ）LP（かわいい・ガーリー・超大型タイポグラフィ）","プロ（演出多め）"
"LP-05423","金融・保険・投資｜会員登録・アプリDLLP（信頼・誠実（コーポレート）・ジェネラティブ背景＋コピー）","プロ（演出多め）"
"LP-05424","音楽・ライブ・イベント｜リード獲得（資料請求・問い合わせ）LP（ダーク・シネマティック・写真コラージュ）","上級"
"LP-05425","観光・地域プロモーション｜採用エントリーLP（ダーク・シネマティック・左テキスト×右商品/人物）","プロ（演出多め）"
"LP-05426","歯科医院｜リード獲得（資料請求・問い合わせ）LP（ミニマル・洗練・デバイスモックアップ浮遊）","プロ（演出多め）"
"LP-05427","採用・求人｜採用エントリーLP（ポップ・カラフル・スクロールで商品が回転/分解）","プロ（演出多め）"
"LP-05428","保育園・幼児教育・習い事｜リード獲得（資料請求・問い合わせ）LP（ポップ・カラフル・ジェネラティブ背景＋コピー）","プロ（演出多め）"
"LP-05429","サウナ・温浴施設｜LINE友だち追加LP（ナチュラル・オーガニック・超大型タイポグラフィ）","プロ（演出多め）"
"LP-05430","引越し・生活サービス｜無料体験・カウンセリング予約LP（ラグジュアリー・高級感・イラスト主体）","プロ（演出多め）"
"LP-05431","エステ・脱毛サロン｜リード獲得（資料請求・問い合わせ）LP（ラグジュアリー・高級感・実績数字ドーン）","プロ（演出多め）"
"LP-05432","内科・クリニック｜採用エントリーLP（北欧・ライフスタイル・実績数字ドーン）","プロ（演出多め）"
"LP-05433","保育園・幼児教育・習い事｜リード獲得（資料請求・問い合わせ）LP（ハンドメイド・手書き・イラスト主体）","プロ（演出多め）"
"LP-05434","サウナ・温浴施設｜無料体験・カウンセリング予約LP（レトロ・Y2K・ジェネラティブ背景＋コピー）","プロ（演出多め）"
"LP-05435","工務店・注文住宅・リフォーム｜リード獲得（資料請求・問い合わせ）LP（3D・クレイ・背景動画ループ＋オーバーレイ）","プロ（演出多め）"
"LP-05436","スマホアプリ｜会員登録・アプリDLLP（ポップ・カラフル・写真コラージュ）","プロ（演出多め）"
"LP-05437","和菓子・スイーツ｜商品購入（単品通販）LP（ナチュラル・オーガニック・背景動画ループ＋オーバーレイ）","プロ（演出多め）"
"LP-05438","自動車・バイク｜リード獲得（資料請求・問い合わせ）LP（エネルギッシュ・スポーティ・イラスト主体）","プロ（演出多め）"
"LP-05439","アパレル・ファッションEC｜リード獲得（資料請求・問い合わせ）LP（ニューブルータリズム・超大型タイポグラフィ）","プロ（演出多め）"
"LP-05440","引越し・生活サービス｜LINE友だち追加LP（ポップ・カラフル・超大型タイポグラフィ）","プロ（演出多め）"
"LP-05441","自動車・バイク｜リード獲得（資料請求・問い合わせ）LP（エネルギッシュ・スポーティ・全面写真＋中央キャッチ）","プロ（演出多め）"
"LP-05442","エステ・脱毛サロン｜採用エントリーLP（ラグジュアリー・高級感・イラスト主体）","プロ（演出多め）"
"LP-05443","サウナ・温浴施設｜リード獲得（資料請求・問い合わせ）LP（ナチュラル・オーガニック・スクロールで商品が回転/分解）","プロ（演出多め）"
"LP-05444","農業・地方の生産者｜リード獲得（資料請求・問い合わせ）LP（パステル・ドリーミー・デバイスモックアップ浮遊）","プロ（演出多め）"
"LP-05445","エステ・脱毛サロン｜LINE友だち追加LP（かわいい・ガーリー・超大型タイポグラフィ）","プロ（演出多め）"
"LP-05446","アパレル・ファッションEC｜リード獲得（資料請求・問い合わせ）LP（エディトリアル・雑誌風・デバイスモックアップ浮遊）","プロ（演出多め）"
"LP-05447","スクール・オンライン講座｜リード獲得（資料請求・問い合わせ）LP（3D・クレイ・イラスト主体）","プロ（演出多め）"
"LP-05448","歯科医院｜リード獲得（資料請求・問い合わせ）LP（信頼・誠実（コーポレート）・イラスト主体）","プロ（演出多め）"
"LP-05449","食品・産直EC｜リード獲得（資料請求・問い合わせ）LP（ポップ・カラフル・超大型タイポグラフィ）","プロ（演出多め）"
"LP-05450","アパレル・ファッションEC｜採用エントリーLP（ミニマル・洗練・実績数字ドーン）","上級"
"LP-05451","占い・スピリチュアル｜無料体験・カウンセリング予約LP（ダーク・シネマティック・左テキスト×右商品/人物）","上級"
"LP-05452","Web制作・デザイン事務所｜セミナー・ウェビナー集客LP（ニューブルータリズム・超大型タイポグラフィ）","プロ（演出多め）"
"LP-05453","和菓子・スイーツ｜LINE友だち追加LP（エネルギッシュ・スポーティ・左テキスト×右商品/人物）","プロ（演出多め）"
"LP-05454","パーソナルジム・フィットネス｜リード獲得（資料請求・問い合わせ）LP（ニューブルータリズム・写真コラージュ）","上級"
"LP-05455","ゲーム・eスポーツ｜採用エントリーLP（レトロ・Y2K・写真コラージュ）","プロ（演出多め）"
"LP-05456","SaaS・BtoBツール｜セミナー・ウェビナー集客LP（グラスモーフィズム・スクロールで商品が回転/分解）","プロ（演出多め）"
"LP-05457","採用・求人｜採用エントリーLP（信頼・誠実（コーポレート）・左テキスト×右商品/人物）","プロ（演出多め）"
"LP-05458","美容クリニック｜リード獲得（資料請求・問い合わせ）LP（ミニマル・洗練・ジェネラティブ背景＋コピー）","プロ（演出多め）"
"LP-05459","プログラミングスクール｜会員登録・アプリDLLP（レトロ・Y2K・左テキスト×右商品/人物）","プロ（演出多め）"
"LP-05460","アパレル・ファッションEC｜商品購入（単品通販）LP（エディトリアル・雑誌風・左テキスト×右商品/人物）","プロ（演出多め）"
"LP-05461","YouTuber・インフルエンサー｜採用エントリーLP（ポップ・カラフル・超大型タイポグラフィ）","プロ（演出多め）"
"LP-05462","引越し・生活サービス｜無料体験・カウンセリング予約LP（信頼・誠実（コーポレート）・デバイスモックアップ浮遊）","プロ（演出多め）"
"LP-05463","プログラミングスクール｜リード獲得（資料請求・問い合わせ）LP（クール・テック・超大型タイポグラフィ）","プロ（演出多め）"
"LP-05464","引越し・生活サービス｜採用エントリーLP（ポップ・カラフル・写真コラージュ）","プロ（演出多め）"
"LP-05465","観光・地域プロモーション｜採用エントリーLP（ナチュラル・オーガニック・写真コラージュ）","プロ（演出多め）"
"LP-05466","観光・地域プロモーション｜リード獲得（資料請求・問い合わせ）LP（ハンドメイド・手書き・実績数字ドーン）","プロ（演出多め）"
"LP-05467","金融・保険・投資｜セミナー・ウェビナー集客LP（ミニマル・洗練・写真コラージュ）","プロ（演出多め）"
"LP-05468","アパレル・ファッションEC｜採用エントリーLP（ミニマル・洗練・左テキスト×右商品/人物）","プロ（演出多め）"
"LP-05469","エステ・脱毛サロン｜商品購入（単品通販）LP（ラグジュアリー・高級感・イラスト主体）","プロ（演出多め）"
"LP-05470","SaaS・BtoBツール｜採用エントリーLP（ミニマル・洗練・実績数字ドーン）","プロ（演出多め）"
"LP-05471","コスメ・スキンケア｜商品購入（単品通販）LP（ナチュラル・オーガニック・デバイスモックアップ浮遊）","プロ（演出多め）"
"LP-05472","プログラミングスクール｜採用エントリーLP（クール・テック・スクロールで商品が回転/分解）","プロ（演出多め）"
"LP-05473","音楽・ライブ・イベント｜リード獲得（資料請求・問い合わせ）LP（ネオン・サイバー・イラスト主体）","プロ（演出多め）"
"LP-05474","コンサル・コーチング｜採用エントリーLP（ミニマル・洗練・左テキスト×右商品/人物）","プロ（演出多め）"
"LP-05475","クラウドファンディング・新商品｜リード獲得（資料請求・問い合わせ）LP（クール・テック・実績数字ドーン）","上級"
"LP-05476","和菓子・スイーツ｜リード獲得（資料請求・問い合わせ）LP（かわいい・ガーリー・デバイスモックアップ浮遊）","プロ（演出多め）"
"LP-05477","NPO・地方自治体｜採用エントリーLP（ハンドメイド・手書き・ジェネラティブ背景＋コピー）","プロ（演出多め）"
"LP-05478","クラウドファンディング・新商品｜商品購入（単品通販）LP（ダーク・シネマティック・超大型タイポグラフィ）","プロ（演出多め）"
"LP-05479","AIサービス・スタートアップ｜無料体験・カウンセリング予約LP（ネオン・サイバー・イラスト主体）","プロ（演出多め）"
"LP-05480","和菓子・スイーツ｜クラウドファンディング支援LP（和モダン・超大型タイポグラフィ）","プロ（演出多め）"
"LP-05481","アパレル・ファッションEC｜商品購入（単品通販）LP（レトロ・Y2K・イラスト主体）","プロ（演出多め）"
"LP-05482","不動産・マンション｜無料体験・カウンセリング予約LP（ミニマル・洗練・デバイスモックアップ浮遊）","プロ（演出多め）"
"LP-05483","エステ・脱毛サロン｜無料体験・カウンセリング予約LP（ラグジュアリー・高級感・写真コラージュ）","プロ（演出多め）"
"LP-05484","ヨガ・ピラティス｜無料体験・カウンセリング予約LP（ミニマル・洗練・スクロールで商品が回転/分解）","プロ（演出多め）"
"LP-05485","士業（税理士・弁護士・行政書士）｜採用エントリーLP（和モダン・スクロールで商品が回転/分解）","上級"
"LP-05486","自動車・バイク｜無料体験・カウンセリング予約LP（ミニマル・洗練・デバイスモックアップ浮遊）","プロ（演出多め）"
"LP-05487","ホテル・旅館｜採用エントリーLP（ラグジュアリー・高級感・イラスト主体）","プロ（演出多め）"
"LP-05488","歯科医院｜採用エントリーLP（ミニマル・洗練・デバイスモックアップ浮遊）","プロ（演出多め）"
"LP-05489","NPO・地方自治体｜クラウドファンディング支援LP（信頼・誠実（コーポレート）・イラスト主体）","プロ（演出多め）"
"LP-05490","美容室・ヘアサロン｜LINE友だち追加LP（ミニマル・洗練・全面写真＋中央キャッチ）","上級"
"LP-05491","美容クリニック｜LINE友だち追加LP（ダーク・シネマティック・左テキスト×右商品/人物）","プロ（演出多め）"
"LP-05492","農業・地方の生産者｜商品購入（単品通販）LP（和モダン・ジェネラティブ背景＋コピー）","プロ（演出多め）"
"LP-05493","工務店・注文住宅・リフォーム｜リード獲得（資料請求・問い合わせ）LP（ナチュラル・オーガニック・イラスト主体）","プロ（演出多め）"
"LP-05494","サウナ・温浴施設｜LINE友だち追加LP（ニューブルータリズム・写真コラージュ）","プロ（演出多め）"
"LP-05495","NPO・地方自治体｜リード獲得（資料請求・問い合わせ）LP（ジオメトリック・グラフィカル・背景動画ループ＋オーバーレイ）","プロ（演出多め）"
"LP-05496","AIサービス・スタートアップ｜会員登録・アプリDLLP（クール・テック・左テキスト×右商品/人物）","プロ（演出多め）"
"LP-05497","Web制作・デザイン事務所｜採用エントリーLP（ジオメトリック・グラフィカル・全面写真＋中央キャッチ）","プロ（演出多め）"
"LP-05498","ヨガ・ピラティス｜採用エントリーLP（クール・テック・背景動画ループ＋オーバーレイ）","上級"
"LP-05499","コンサル・コーチング｜採用エントリーLP（かわいい・ガーリー・背景動画ループ＋オーバーレイ）","プロ（演出多め）"
"LP-05500","NPO・地方自治体｜クラウドファンディング支援LP（ナチュラル・オーガニック・背景動画ループ＋オーバーレイ）","プロ（演出多め）"
"LP-05501","和菓子・スイーツ｜クラウドファンディング支援LP（和モダン・左テキスト×右商品/人物）","プロ（演出多め）"
"LP-05502","保育園・幼児教育・習い事｜無料体験・カウンセリング予約LP（ハンドメイド・手書き・スクロールで商品が回転/分解）","プロ（演出多め）"
"LP-05503","YouTuber・インフルエンサー｜リード獲得（資料請求・問い合わせ）LP（エネルギッシュ・スポーティ・デバイスモックアップ浮遊）","プロ（演出多め）"
"LP-05504","音楽・ライブ・イベント｜クラウドファンディング支援LP（ネオン・サイバー・イラスト主体）","プロ（演出多め）"
"LP-05505","スマホアプリ｜会員登録・アプリDLLP（クール・テック・全面写真＋中央キャッチ）","プロ（演出多め）"
"LP-05506","自動車・バイク｜採用エントリーLP（ダーク・シネマティック・ジェネラティブ背景＋コピー）","プロ（演出多め）"
"LP-05507","AIサービス・スタートアップ｜リード獲得（資料請求・問い合わせ）LP（ネオン・サイバー・デバイスモックアップ浮遊）","プロ（演出多め）"
"LP-05508","プログラミングスクール｜採用エントリーLP（ラグジュアリー・高級感・スクロールで商品が回転/分解）","上級"
"LP-05509","美容室・ヘアサロン｜リード獲得（資料請求・問い合わせ）LP（ポップ・カラフル・超大型タイポグラフィ）","プロ（演出多め）"
"LP-05510","Web制作・デザイン事務所｜採用エントリーLP（エディトリアル・雑誌風・背景動画ループ＋オーバーレイ）","プロ（演出多め）"
"LP-05511","英会話・語学｜会員登録・アプリDLLP（3D・クレイ・全面写真＋中央キャッチ）","上級"
"LP-05512","プログラミングスクール｜会員登録・アプリDLLP（ポップ・カラフル・スクロールで商品が回転/分解）","プロ（演出多め）"
"LP-05513","音楽・ライブ・イベント｜採用エントリーLP（ダーク・シネマティック・イラスト主体）","プロ（演出多め）"
"LP-05514","NPO・地方自治体｜リード獲得（資料請求・問い合わせ）LP（信頼・誠実（コーポレート）・デバイスモックアップ浮遊）","プロ（演出多め）"
"LP-05515","NPO・地方自治体｜クラウドファンディング支援LP（ジオメトリック・グラフィカル・イラスト主体）","プロ（演出多め）"
"LP-05516","ペット・トリミング・動物病院｜無料体験・カウンセリング予約LP（ハンドメイド・手書き・スクロールで商品が回転/分解）","プロ（演出多め）"
"LP-05517","コスメ・スキンケア｜採用エントリーLP（パステル・ドリーミー・スクロールで商品が回転/分解）","上級"
"LP-05518","エステ・脱毛サロン｜採用エントリーLP（ラグジュアリー・高級感・左テキスト×右商品/人物）","プロ（演出多め）"
"LP-05519","歯科医院｜リード獲得（資料請求・問い合わせ）LP（ニューブルータリズム・イラスト主体）","プロ（演出多め）"
"LP-05520","農業・地方の生産者｜商品購入（単品通販）LP（ナチュラル・オーガニック・左テキスト×右商品/人物）","プロ（演出多め）"
"LP-05521","コンサル・コーチング｜採用エントリーLP（ラグジュアリー・高級感・背景動画ループ＋オーバーレイ）","プロ（演出多め）"
"LP-05522","ウェディング・結婚相談所｜リード獲得（資料請求・問い合わせ）LP（ジオメトリック・グラフィカル・スクロールで商品が回転/分解）","プロ（演出多め）"
"LP-05523","農業・地方の生産者｜リード獲得（資料請求・問い合わせ）LP（ハンドメイド・手書き・イラスト主体）","プロ（演出多め）"
"LP-05524","クラウドファンディング・新商品｜クラウドファンディング支援LP（ナチュラル・オーガニック・スクロールで商品が回転/分解）","プロ（演出多め）"
"LP-05525","ヨガ・ピラティス｜採用エントリーLP（パステル・ドリーミー・背景動画ループ＋オーバーレイ）","プロ（演出多め）"
"LP-05526","ゲーム・eスポーツ｜クラウドファンディング支援LP（ニューブルータリズム・左テキスト×右商品/人物）","プロ（演出多め）"
"LP-05527","ペット・トリミング・動物病院｜無料体験・カウンセリング予約LP（かわいい・ガーリー・左テキスト×右商品/人物）","プロ（演出多め）"
"LP-05528","Web制作・デザイン事務所｜セミナー・ウェビナー集客LP（エディトリアル・雑誌風・スクロールで商品が回転/分解）","プロ（演出多め）"
"LP-05529","YouTuber・インフルエンサー｜会員登録・アプリDLLP（ニューブルータリズム・背景動画ループ＋オーバーレイ）","プロ（演出多め）"
"LP-05530","サウナ・温浴施設｜採用エントリーLP（和モダン・全面写真＋中央キャッチ）","プロ（演出多め）"
"LP-05531","エステ・脱毛サロン｜LINE友だち追加LP（パステル・ドリーミー・超大型タイポグラフィ）","プロ（演出多め）"
"LP-05532","金融・保険・投資｜無料体験・カウンセリング予約LP（クール・テック・左テキスト×右商品/人物）","プロ（演出多め）"
"LP-05533","ペット・トリミング・動物病院｜採用エントリーLP（かわいい・ガーリー・イラスト主体）","上級"
"LP-05534","美容室・ヘアサロン｜採用エントリーLP（ラグジュアリー・高級感・超大型タイポグラフィ）","プロ（演出多め）"
"LP-05535","和菓子・スイーツ｜商品購入（単品通販）LP（かわいい・ガーリー・スクロールで商品が回転/分解）","プロ（演出多め）"
"LP-05536","パーソナルジム・フィットネス｜採用エントリーLP（ダーク・シネマティック・超大型タイポグラフィ）","プロ（演出多め）"
"LP-05537","不動産・マンション｜セミナー・ウェビナー集客LP（ラグジュアリー・高級感・写真コラージュ）","プロ（演出多め）"
"LP-05538","ホテル・旅館｜採用エントリーLP（パステル・ドリーミー・背景動画ループ＋オーバーレイ）","上級"
"LP-05539","ヨガ・ピラティス｜無料体験・カウンセリング予約LP（かわいい・ガーリー・超大型タイポグラフィ）","プロ（演出多め）"
"LP-05540","食品・産直EC｜クラウドファンディング支援LP（ハンドメイド・手書き・デバイスモックアップ浮遊）","プロ（演出多め）"
"LP-05541","建築設計事務所｜リード獲得（資料請求・問い合わせ）LP（ジオメトリック・グラフィカル・スクロールで商品が回転/分解）","プロ（演出多め）"
"LP-05542","Web制作・デザイン事務所｜リード獲得（資料請求・問い合わせ）LP（ダーク・シネマティック・全面写真＋中央キャッチ）","プロ（演出多め）"
"LP-05543","採用・求人｜リード獲得（資料請求・問い合わせ）LP（ジオメトリック・グラフィカル・背景動画ループ＋オーバーレイ）","プロ（演出多め）"
"LP-05544","コスメ・スキンケア｜商品購入（単品通販）LP（グラスモーフィズム・ジェネラティブ背景＋コピー）","プロ（演出多め）"
"LP-05545","不動産・マンション｜無料体験・カウンセリング予約LP（レトロ・Y2K・超大型タイポグラフィ）","上級"
"LP-05546","採用・求人｜リード獲得（資料請求・問い合わせ）LP（ポップ・カラフル・実績数字ドーン）","プロ（演出多め）"
"LP-05547","採用・求人｜採用エントリーLP（ジオメトリック・グラフィカル・全面写真＋中央キャッチ）","プロ（演出多め）"
"LP-05548","農業・地方の生産者｜リード獲得（資料請求・問い合わせ）LP（ナチュラル・オーガニック・スクロールで商品が回転/分解）","プロ（演出多め）"
"LP-05549","コンサル・コーチング｜無料体験・カウンセリング予約LP（ラグジュアリー・高級感・実績数字ドーン）","プロ（演出多め）"
"LP-05550","建築設計事務所｜リード獲得（資料請求・問い合わせ）LP（エディトリアル・雑誌風・左テキスト×右商品/人物）","上級"
"LP-05551","クラウドファンディング・新商品｜リード獲得（資料請求・問い合わせ）LP（ポップ・カラフル・超大型タイポグラフィ）","プロ（演出多め）"
"LP-05552","農業・地方の生産者｜商品購入（単品通販）LP（ナチュラル・オーガニック・背景動画ループ＋オーバーレイ）","プロ（演出多め）"
"LP-05553","音楽・ライブ・イベント｜クラウドファンディング支援LP（ダーク・シネマティック・写真コラージュ）","プロ（演出多め）"
"LP-05554","Web制作・デザイン事務所｜リード獲得（資料請求・問い合わせ）LP（クール・テック・全面写真＋中央キャッチ）","プロ（演出多め）"
"LP-05555","金融・保険・投資｜無料体験・カウンセリング予約LP（クール・テック・背景動画ループ＋オーバーレイ）","プロ（演出多め）"
"LP-05556","工務店・注文住宅・リフォーム｜LINE友だち追加LP（北欧・ライフスタイル・イラスト主体）","プロ（演出多め）"
"LP-05557","採用・求人｜採用エントリーLP（エネルギッシュ・スポーティ・超大型タイポグラフィ）","上級"
"LP-05558","歯科医院｜LINE友だち追加LP（信頼・誠実（コーポレート）・ジェネラティブ背景＋コピー）","プロ（演出多め）"
"LP-05559","英会話・語学｜採用エントリーLP（エネルギッシュ・スポーティ・ジェネラティブ背景＋コピー）","プロ（演出多め）"
"LP-05560","占い・スピリチュアル｜採用エントリーLP（和モダン・全面写真＋中央キャッチ）","プロ（演出多め）"
"LP-05561","自動車・バイク｜無料体験・カウンセリング予約LP（ニューブルータリズム・左テキスト×右商品/人物）","プロ（演出多め）"
"LP-05562","アパレル・ファッションEC｜リード獲得（資料請求・問い合わせ）LP（ニューブルータリズム・超大型タイポグラフィ）","プロ（演出多め）"
"LP-05563","ウェディング・結婚相談所｜リード獲得（資料請求・問い合わせ）LP（ミニマル・洗練・スクロールで商品が回転/分解）","プロ（演出多め）"
"LP-05564","自動車・バイク｜無料体験・カウンセリング予約LP（クール・テック・実績数字ドーン）","プロ（演出多め）"
"LP-05565","AIサービス・スタートアップ｜採用エントリーLP（ミニマル・洗練・左テキスト×右商品/人物）","プロ（演出多め）"
"LP-05566","音楽・ライブ・イベント｜クラウドファンディング支援LP（ニューブルータリズム・写真コラージュ）","プロ（演出多め）"
"LP-05567","スクール・オンライン講座｜リード獲得（資料請求・問い合わせ）LP（3D・クレイ・写真コラージュ）","プロ（演出多め）"
"LP-05568","ホテル・旅館｜LINE友だち追加LP（ラグジュアリー・高級感・左テキスト×右商品/人物）","プロ（演出多め）"
"LP-05569","コンサル・コーチング｜採用エントリーLP（ハンドメイド・手書き・デバイスモックアップ浮遊）","プロ（演出多め）"
"LP-05570","観光・地域プロモーション｜採用エントリーLP（ダーク・シネマティック・背景動画ループ＋オーバーレイ）","プロ（演出多め）"
"LP-05571","引越し・生活サービス｜無料体験・カウンセリング予約LP（3D・クレイ・スクロールで商品が回転/分解）","プロ（演出多め）"
"LP-05572","アパレル・ファッションEC｜商品購入（単品通販）LP（ダーク・シネマティック・全面写真＋中央キャッチ）","プロ（演出多め）"
"LP-05573","ゲーム・eスポーツ｜採用エントリーLP（エネルギッシュ・スポーティ・全面写真＋中央キャッチ）","プロ（演出多め）"
"LP-05574","ウェディング・結婚相談所｜リード獲得（資料請求・問い合わせ）LP（ラグジュアリー・高級感・デバイスモックアップ浮遊）","プロ（演出多め）"
"LP-05575","コンサル・コーチング｜採用エントリーLP（信頼・誠実（コーポレート）・ジェネラティブ背景＋コピー）","プロ（演出多め）"
"LP-05576","美容クリニック｜LINE友だち追加LP（信頼・誠実（コーポレート）・写真コラージュ）","プロ（演出多め）"
"LP-05577","金融・保険・投資｜会員登録・アプリDLLP（クール・テック・全面写真＋中央キャッチ）","上級"
"LP-05578","音楽・ライブ・イベント｜リード獲得（資料請求・問い合わせ）LP（ニューブルータリズム・背景動画ループ＋オーバーレイ）","プロ（演出多め）"
"LP-05579","プログラミングスクール｜セミナー・ウェビナー集客LP（ポップ・カラフル・写真コラージュ）","プロ（演出多め）"
"LP-05580","観光・地域プロモーション｜採用エントリーLP（和モダン・背景動画ループ＋オーバーレイ）","プロ（演出多め）"
"LP-05581","自動車・バイク｜無料体験・カウンセリング予約LP（ダーク・シネマティック・ジェネラティブ背景＋コピー）","プロ（演出多め）"
"LP-05582","採用・求人｜リード獲得（資料請求・問い合わせ）LP（ネオン・サイバー・超大型タイポグラフィ）","プロ（演出多め）"
"LP-05583","美容室・ヘアサロン｜LINE友だち追加LP（レトロ・Y2K・左テキスト×右商品/人物）","プロ（演出多め）"
"LP-05584","コンサル・コーチング｜セミナー・ウェビナー集客LP（ミニマル・洗練・ジェネラティブ背景＋コピー）","上級"
"LP-05585","SaaS・BtoBツール｜採用エントリーLP（信頼・誠実（コーポレート）・写真コラージュ）","プロ（演出多め）"
"LP-05586","コスメ・スキンケア｜商品購入（単品通販）LP（パステル・ドリーミー・写真コラージュ）","プロ（演出多め）"
"LP-05587","SaaS・BtoBツール｜無料体験・カウンセリング予約LP（信頼・誠実（コーポレート）・ジェネラティブ背景＋コピー）","プロ（演出多め）"
"LP-05588","食品・産直EC｜採用エントリーLP（ハンドメイド・手書き・写真コラージュ）","プロ（演出多め）"
"LP-05589","スマホアプリ｜無料体験・カウンセリング予約LP（クール・テック・実績数字ドーン）","プロ（演出多め）"
"LP-05590","パーソナルジム・フィットネス｜LINE友だち追加LP（ダーク・シネマティック・超大型タイポグラフィ）","プロ（演出多め）"
"LP-05591","引越し・生活サービス｜無料体験・カウンセリング予約LP（3D・クレイ・写真コラージュ）","プロ（演出多め）"
"LP-05592","士業（税理士・弁護士・行政書士）｜リード獲得（資料請求・問い合わせ）LP（和モダン・超大型タイポグラフィ）","プロ（演出多め）"
"LP-05593","プログラミングスクール｜セミナー・ウェビナー集客LP（クール・テック・超大型タイポグラフィ）","プロ（演出多め）"
"LP-05594","ホテル・旅館｜採用エントリーLP（和モダン・写真コラージュ）","プロ（演出多め）"
"LP-05595","引越し・生活サービス｜無料体験・カウンセリング予約LP（ポップ・カラフル・スクロールで商品が回転/分解）","プロ（演出多め）"
"LP-05596","工務店・注文住宅・リフォーム｜リード獲得（資料請求・問い合わせ）LP（ミニマル・洗練・写真コラージュ）","プロ（演出多め）"
"LP-05597","ウェディング・結婚相談所｜採用エントリーLP（ミニマル・洗練・背景動画ループ＋オーバーレイ）","プロ（演出多め）"
"LP-05598","コンサル・コーチング｜採用エントリーLP（信頼・誠実（コーポレート）・左テキスト×右商品/人物）","上級"
"LP-05599","食品・産直EC｜採用エントリーLP（ハンドメイド・手書き・デバイスモックアップ浮遊）","プロ（演出多め）"
"LP-05600","プログラミングスクール｜セミナー・ウェビナー集客LP（クール・テック・写真コラージュ）","プロ（演出多め）"
"LP-05601","スマホアプリ｜会員登録・アプリDLLP（グラスモーフィズム・全面写真＋中央キャッチ）","プロ（演出多め）"
"LP-05602","カフェ・ベーカリー｜採用エントリーLP（レトロ・Y2K・超大型タイポグラフィ）","プロ（演出多め）"
"LP-05603","ペット・トリミング・動物病院｜商品購入（単品通販）LP（ハンドメイド・手書き・実績数字ドーン）","プロ（演出多め）"
"LP-05604","クラウドファンディング・新商品｜採用エントリーLP（ナチュラル・オーガニック・左テキスト×右商品/人物）","プロ（演出多め）"
"LP-05605","YouTuber・インフルエンサー｜採用エントリーLP（ダーク・シネマティック・背景動画ループ＋オーバーレイ）","プロ（演出多め）"
"LP-05606","ゲーム・eスポーツ｜クラウドファンディング支援LP（ダーク・シネマティック・左テキスト×右商品/人物）","プロ（演出多め）"
"LP-05607","士業（税理士・弁護士・行政書士）｜リード獲得（資料請求・問い合わせ）LP（和モダン・ジェネラティブ背景＋コピー）","プロ（演出多め）"
"LP-05608","クラウドファンディング・新商品｜商品購入（単品通販）LP（ナチュラル・オーガニック・スクロールで商品が回転/分解）","プロ（演出多め）"
"LP-05609","食品・産直EC｜商品購入（単品通販）LP（エネルギッシュ・スポーティ・イラスト主体）","プロ（演出多め）"
"LP-05610","採用・求人｜リード獲得（資料請求・問い合わせ）LP（エネルギッシュ・スポーティ・ジェネラティブ背景＋コピー）","プロ（演出多め）"
"LP-05611","引越し・生活サービス｜無料体験・カウンセリング予約LP（ポップ・カラフル・左テキスト×右商品/人物）","プロ（演出多め）"
"LP-05612","SaaS・BtoBツール｜採用エントリーLP（信頼・誠実（コーポレート）・背景動画ループ＋オーバーレイ）","プロ（演出多め）"
"LP-05613","アパレル・ファッションEC｜商品購入（単品通販）LP（レトロ・Y2K・背景動画ループ＋オーバーレイ）","プロ（演出多め）"
"LP-05614","不動産・マンション｜リード獲得（資料請求・問い合わせ）LP（信頼・誠実（コーポレート）・ジェネラティブ背景＋コピー）","プロ（演出多め）"
"LP-05615","工務店・注文住宅・リフォーム｜採用エントリーLP（和モダン・スクロールで商品が回転/分解）","上級"
"LP-05616","食品・産直EC｜リード獲得（資料請求・問い合わせ）LP（ハンドメイド・手書き・実績数字ドーン）","プロ（演出多め）"
"LP-05617","英会話・語学｜会員登録・アプリDLLP（ダーク・シネマティック・デバイスモックアップ浮遊）","プロ（演出多め）"
"LP-05618","観光・地域プロモーション｜クラウドファンディング支援LP（ラグジュアリー・高級感・ジェネラティブ背景＋コピー）","プロ（演出多め）"
"LP-05619","スマホアプリ｜採用エントリーLP（クール・テック・デバイスモックアップ浮遊）","プロ（演出多め）"
"LP-05620","AIサービス・スタートアップ｜無料体験・カウンセリング予約LP（ネオン・サイバー・ジェネラティブ背景＋コピー）","プロ（演出多め）"
"LP-05621","プログラミングスクール｜採用エントリーLP（クール・テック・超大型タイポグラフィ）","プロ（演出多め）"
"LP-05622","SaaS・BtoBツール｜会員登録・アプリDLLP（3D・クレイ・超大型タイポグラフィ）","プロ（演出多め）"
"LP-05623","プログラミングスクール｜無料体験・カウンセリング予約LP（ポップ・カラフル・ジェネラティブ背景＋コピー）","プロ（演出多め）"
"LP-05624","Web制作・デザイン事務所｜セミナー・ウェビナー集客LP（ジオメトリック・グラフィカル・超大型タイポグラフィ）","プロ（演出多め）"
"LP-05625","美容クリニック｜採用エントリーLP（ミニマル・洗練・ジェネラティブ背景＋コピー）","上級"
"LP-05626","NPO・地方自治体｜クラウドファンディング支援LP（ハンドメイド・手書き・背景動画ループ＋オーバーレイ）","プロ（演出多め）"
"LP-05627","ウェディング・結婚相談所｜無料体験・カウンセリング予約LP（ラグジュアリー・高級感・写真コラージュ）","プロ（演出多め）"
"LP-05628","歯科医院｜リード獲得（資料請求・問い合わせ）LP（ナチュラル・オーガニック・背景動画ループ＋オーバーレイ）","上級"
"LP-05629","採用・求人｜採用エントリーLP（エディトリアル・雑誌風・イラスト主体）","プロ（演出多め）"
"LP-05630","AIサービス・スタートアップ｜採用エントリーLP（クール・テック・スクロールで商品が回転/分解）","プロ（演出多め）"
"LP-05631","コスメ・スキンケア｜リード獲得（資料請求・問い合わせ）LP（エネルギッシュ・スポーティ・ジェネラティブ背景＋コピー）","プロ（演出多め）"
"LP-05632","Web制作・デザイン事務所｜セミナー・ウェビナー集客LP（ダーク・シネマティック・全面写真＋中央キャッチ）","プロ（演出多め）"
"LP-05633","音楽・ライブ・イベント｜クラウドファンディング支援LP（ダーク・シネマティック・イラスト主体）","プロ（演出多め）"
"LP-05634","YouTuber・インフルエンサー｜会員登録・アプリDLLP（ニューブルータリズム・実績数字ドーン）","プロ（演出多め）"
"LP-05635","観光・地域プロモーション｜リード獲得（資料請求・問い合わせ）LP（ナチュラル・オーガニック・超大型タイポグラフィ）","プロ（演出多め）"
"LP-05636","採用・求人｜採用エントリーLP（ハンドメイド・手書き・ジェネラティブ背景＋コピー）","プロ（演出多め）"
"LP-05637","AIサービス・スタートアップ｜リード獲得（資料請求・問い合わせ）LP（グラスモーフィズム・スクロールで商品が回転/分解）","上級"
"LP-05638","YouTuber・インフルエンサー｜会員登録・アプリDLLP（ニューブルータリズム・デバイスモックアップ浮遊）","上級"
"LP-05639","英会話・語学｜無料体験・カウンセリング予約LP（ポップ・カラフル・背景動画ループ＋オーバーレイ）","プロ（演出多め）"
"LP-05640","アパレル・ファッションEC｜商品購入（単品通販）LP（レトロ・Y2K・デバイスモックアップ浮遊）","プロ（演出多め）"
"LP-05641","NPO・地方自治体｜クラウドファンディング支援LP（信頼・誠実（コーポレート）・超大型タイポグラフィ）","プロ（演出多め）"
"LP-05642","不動産・マンション｜無料体験・カウンセリング予約LP（ミニマル・洗練・スクロールで商品が回転/分解）","プロ（演出多め）"
"LP-05643","ウェディング・結婚相談所｜採用エントリーLP（ミニマル・洗練・実績数字ドーン）","プロ（演出多め）"
"LP-05644","ホテル・旅館｜LINE友だち追加LP（ダーク・シネマティック・実績数字ドーン）","プロ（演出多め）"
"LP-05645","建築設計事務所｜採用エントリーLP（ネオン・サイバー・写真コラージュ）","プロ（演出多め）"
"LP-05646","工務店・注文住宅・リフォーム｜無料体験・カウンセリング予約LP（北欧・ライフスタイル・全面写真＋中央キャッチ）","上級"
"LP-05647","カフェ・ベーカリー｜LINE友だち追加LP（ナチュラル・オーガニック・写真コラージュ）","プロ（演出多め）"
"LP-05648","レストラン・居酒屋｜採用エントリーLP（ラグジュアリー・高級感・全面写真＋中央キャッチ）","プロ（演出多め）"
"LP-05649","観光・地域プロモーション｜採用エントリーLP（ダーク・シネマティック・写真コラージュ）","プロ（演出多め）"
"LP-05650","プログラミングスクール｜無料体験・カウンセリング予約LP（3D・クレイ・スクロールで商品が回転/分解）","プロ（演出多め）"
"LP-05651","保育園・幼児教育・習い事｜リード獲得（資料請求・問い合わせ）LP（ハンドメイド・手書き・左テキスト×右商品/人物）","プロ（演出多め）"
"LP-05652","農業・地方の生産者｜リード獲得（資料請求・問い合わせ）LP（レトロ・Y2K・左テキスト×右商品/人物）","プロ（演出多め）"
"LP-05653","パーソナルジム・フィットネス｜リード獲得（資料請求・問い合わせ）LP（ダーク・シネマティック・実績数字ドーン）","プロ（演出多め）"
"LP-05654","Web制作・デザイン事務所｜セミナー・ウェビナー集客LP（ダーク・シネマティック・スクロールで商品が回転/分解）","プロ（演出多め）"
"LP-05655","工務店・注文住宅・リフォーム｜リード獲得（資料請求・問い合わせ）LP（信頼・誠実（コーポレート）・全面写真＋中央キャッチ）","プロ（演出多め）"
"LP-05656","歯科医院｜無料体験・カウンセリング予約LP（ミニマル・洗練・デバイスモックアップ浮遊）","プロ（演出多め）"
"LP-05657","スクール・オンライン講座｜採用エントリーLP（ポップ・カラフル・超大型タイポグラフィ）","プロ（演出多め）"
"LP-05658","Web制作・デザイン事務所｜リード獲得（資料請求・問い合わせ）LP（クール・テック・デバイスモックアップ浮遊）","プロ（演出多め）"
"LP-05659","プログラミングスクール｜会員登録・アプリDLLP（レトロ・Y2K・写真コラージュ）","プロ（演出多め）"
"LP-05660","歯科医院｜無料体験・カウンセリング予約LP（ナチュラル・オーガニック・ジェネラティブ背景＋コピー）","プロ（演出多め）"
"LP-05661","占い・スピリチュアル｜LINE友だち追加LP（パステル・ドリーミー・ジェネラティブ背景＋コピー）","プロ（演出多め）"
"LP-05662","ホテル・旅館｜採用エントリーLP（和モダン・写真コラージュ）","プロ（演出多め）"
"LP-05663","美容室・ヘアサロン｜無料体験・カウンセリング予約LP（ラグジュアリー・高級感・スクロールで商品が回転/分解）","プロ（演出多め）"
"LP-05664","パーソナルジム・フィットネス｜採用エントリーLP（ダーク・シネマティック・全面写真＋中央キャッチ）","プロ（演出多め）"
"LP-05665","SaaS・BtoBツール｜採用エントリーLP（レトロ・Y2K・イラスト主体）","プロ（演出多め）"
"LP-05666","スクール・オンライン講座｜採用エントリーLP（クール・テック・全面写真＋中央キャッチ）","プロ（演出多め）"
"LP-05667","サウナ・温浴施設｜LINE友だち追加LP（レトロ・Y2K・スクロールで商品が回転/分解）","プロ（演出多め）"
"LP-05668","Web制作・デザイン事務所｜リード獲得（資料請求・問い合わせ）LP（ラグジュアリー・高級感・写真コラージュ）","プロ（演出多め）"
"LP-05669","カフェ・ベーカリー｜リード獲得（資料請求・問い合わせ）LP（エディトリアル・雑誌風・イラスト主体）","プロ（演出多め）"
"LP-05670","保育園・幼児教育・習い事｜採用エントリーLP（ハンドメイド・手書き・イラスト主体）","プロ（演出多め）"
"LP-05671","ゲーム・eスポーツ｜クラウドファンディング支援LP（ダーク・シネマティック・全面写真＋中央キャッチ）","プロ（演出多め）"
"LP-05672","アパレル・ファッションEC｜リード獲得（資料請求・問い合わせ）LP（ミニマル・洗練・全面写真＋中央キャッチ）","プロ（演出多め）"
"LP-05673","パーソナルジム・フィットネス｜リード獲得（資料請求・問い合わせ）LP（クール・テック・写真コラージュ）","プロ（演出多め）"
"LP-05674","和菓子・スイーツ｜LINE友だち追加LP（ナチュラル・オーガニック・ジェネラティブ背景＋コピー）","プロ（演出多め）"
"LP-05675","NPO・地方自治体｜リード獲得（資料請求・問い合わせ）LP（ネオン・サイバー・背景動画ループ＋オーバーレイ）","上級"
"LP-05676","コンサル・コーチング｜リード獲得（資料請求・問い合わせ）LP（ミニマル・洗練・左テキスト×右商品/人物）","上級"
"LP-05677","Web制作・デザイン事務所｜セミナー・ウェビナー集客LP（ダーク・シネマティック・写真コラージュ）","上級"
"LP-05678","食品・産直EC｜リード獲得（資料請求・問い合わせ）LP（ポップ・カラフル・スクロールで商品が回転/分解）","プロ（演出多め）"
"LP-05679","採用・求人｜採用エントリーLP（信頼・誠実（コーポレート）・背景動画ループ＋オーバーレイ）","プロ（演出多め）"
"LP-05680","サウナ・温浴施設｜LINE友だち追加LP（3D・クレイ・超大型タイポグラフィ）","プロ（演出多め）"
"LP-05681","音楽・ライブ・イベント｜採用エントリーLP（ネオン・サイバー・ジェネラティブ背景＋コピー）","プロ（演出多め）"
"LP-05682","採用・求人｜リード獲得（資料請求・問い合わせ）LP（エネルギッシュ・スポーティ・左テキスト×右商品/人物）","プロ（演出多め）"
"LP-05683","サウナ・温浴施設｜LINE友だち追加LP（ナチュラル・オーガニック・スクロールで商品が回転/分解）","プロ（演出多め）"
"LP-05684","美容室・ヘアサロン｜リード獲得（資料請求・問い合わせ）LP（北欧・ライフスタイル・左テキスト×右商品/人物）","プロ（演出多め）"
"LP-05685","美容室・ヘアサロン｜採用エントリーLP（かわいい・ガーリー・ジェネラティブ背景＋コピー）","プロ（演出多め）"
"LP-05686","ウェディング・結婚相談所｜採用エントリーLP（ミニマル・洗練・スクロールで商品が回転/分解）","プロ（演出多め）"
"LP-05687","ペット・トリミング・動物病院｜採用エントリーLP（パステル・ドリーミー・写真コラージュ）","プロ（演出多め）"
"LP-05688","採用・求人｜採用エントリーLP（エディトリアル・雑誌風・ジェネラティブ背景＋コピー）","プロ（演出多め）"
"LP-05689","占い・スピリチュアル｜採用エントリーLP（パステル・ドリーミー・ジェネラティブ背景＋コピー）","プロ（演出多め）"
"LP-05690","ホテル・旅館｜リード獲得（資料請求・問い合わせ）LP（ミニマル・洗練・左テキスト×右商品/人物）","プロ（演出多め）"
"LP-05691","クラウドファンディング・新商品｜商品購入（単品通販）LP（ダーク・シネマティック・スクロールで商品が回転/分解）","プロ（演出多め）"
"LP-05692","保育園・幼児教育・習い事｜リード獲得（資料請求・問い合わせ）LP（ポップ・カラフル・ジェネラティブ背景＋コピー）","プロ（演出多め）"
"LP-05693","音楽・ライブ・イベント｜採用エントリーLP（レトロ・Y2K・スクロールで商品が回転/分解）","プロ（演出多め）"
"LP-05694","歯科医院｜リード獲得（資料請求・問い合わせ）LP（ミニマル・洗練・スクロールで商品が回転/分解）","プロ（演出多め）"
"LP-05695","プログラミングスクール｜無料体験・カウンセリング予約LP（ネオン・サイバー・ジェネラティブ背景＋コピー）","プロ（演出多め）"
"LP-05696","NPO・地方自治体｜リード獲得（資料請求・問い合わせ）LP（信頼・誠実（コーポレート）・超大型タイポグラフィ）","プロ（演出多め）"
"LP-05697","SaaS・BtoBツール｜採用エントリーLP（3D・クレイ・実績数字ドーン）","プロ（演出多め）"
"LP-05698","コスメ・スキンケア｜商品購入（単品通販）LP（ミニマル・洗練・ジェネラティブ背景＋コピー）","プロ（演出多め）"
"LP-05699","自動車・バイク｜リード獲得（資料請求・問い合わせ）LP（ダーク・シネマティック・全面写真＋中央キャッチ）","プロ（演出多め）"
"LP-05700","歯科医院｜リード獲得（資料請求・問い合わせ）LP（ミニマル・洗練・背景動画ループ＋オーバーレイ）","プロ（演出多め）"
"LP-05701","NPO・地方自治体｜クラウドファンディング支援LP（信頼・誠実（コーポレート）・イラスト主体）","プロ（演出多め）"
"LP-05702","不動産・マンション｜無料体験・カウンセリング予約LP（ミニマル・洗練・実績数字ドーン）","プロ（演出多め）"
"LP-05703","スマホアプリ｜リード獲得（資料請求・問い合わせ）LP（クール・テック・ジェネラティブ背景＋コピー）","プロ（演出多め）"
"LP-05704","Web制作・デザイン事務所｜セミナー・ウェビナー集客LP（エディトリアル・雑誌風・デバイスモックアップ浮遊）","プロ（演出多め）"
"LP-05705","スクール・オンライン講座｜セミナー・ウェビナー集客LP（信頼・誠実（コーポレート）・超大型タイポグラフィ）","プロ（演出多め）"
"LP-05706","歯科医院｜リード獲得（資料請求・問い合わせ）LP（信頼・誠実（コーポレート）・写真コラージュ）","プロ（演出多め）"
"LP-05707","和菓子・スイーツ｜採用エントリーLP（ナチュラル・オーガニック・実績数字ドーン）","プロ（演出多め）"
"LP-05708","SaaS・BtoBツール｜会員登録・アプリDLLP（3D・クレイ・超大型タイポグラフィ）","プロ（演出多め）"
"LP-05709","英会話・語学｜会員登録・アプリDLLP（信頼・誠実（コーポレート）・イラスト主体）","プロ（演出多め）"
"LP-05710","採用・求人｜採用エントリーLP（ポップ・カラフル・超大型タイポグラフィ）","プロ（演出多め）"
"LP-05711","ペット・トリミング・動物病院｜採用エントリーLP（エディトリアル・雑誌風・背景動画ループ＋オーバーレイ）","プロ（演出多め）"
"LP-05712","引越し・生活サービス｜リード獲得（資料請求・問い合わせ）LP（ラグジュアリー・高級感・イラスト主体）","プロ（演出多め）"
"LP-05713","歯科医院｜採用エントリーLP（ニューブルータリズム・背景動画ループ＋オーバーレイ）","プロ（演出多め）"
"LP-05714","カフェ・ベーカリー｜採用エントリーLP（ラグジュアリー・高級感・左テキスト×右商品/人物）","プロ（演出多め）"
"LP-05715","歯科医院｜LINE友だち追加LP（信頼・誠実（コーポレート）・左テキスト×右商品/人物）","上級"
"LP-05716","引越し・生活サービス｜採用エントリーLP（信頼・誠実（コーポレート）・超大型タイポグラフィ）","プロ（演出多め）"
"LP-05717","引越し・生活サービス｜LINE友だち追加LP（3D・クレイ・背景動画ループ＋オーバーレイ）","プロ（演出多め）"
"LP-05718","ゲーム・eスポーツ｜採用エントリーLP（ネオン・サイバー・超大型タイポグラフィ）","プロ（演出多め）"
"LP-05719","スマホアプリ｜採用エントリーLP（クール・テック・実績数字ドーン）","プロ（演出多め）"
"LP-05720","ゲーム・eスポーツ｜リード獲得（資料請求・問い合わせ）LP（ネオン・サイバー・デバイスモックアップ浮遊）","プロ（演出多め）"
"LP-05721","歯科医院｜無料体験・カウンセリング予約LP（ミニマル・洗練・背景動画ループ＋オーバーレイ）","プロ（演出多め）"
"LP-05722","自動車・バイク｜無料体験・カウンセリング予約LP（ダーク・シネマティック・写真コラージュ）","上級"
"LP-05723","内科・クリニック｜無料体験・カウンセリング予約LP（北欧・ライフスタイル・ジェネラティブ背景＋コピー）","プロ（演出多め）"
"LP-05724","アパレル・ファッションEC｜採用エントリーLP（エディトリアル・雑誌風・イラスト主体）","プロ（演出多め）"
"LP-05725","スマホアプリ｜会員登録・アプリDLLP（クール・テック・左テキスト×右商品/人物）","プロ（演出多め）"
"LP-05726","パーソナルジム・フィットネス｜無料体験・カウンセリング予約LP（ダーク・シネマティック・スクロールで商品が回転/分解）","プロ（演出多め）"
"LP-05727","NPO・地方自治体｜採用エントリーLP（北欧・ライフスタイル・全面写真＋中央キャッチ）","プロ（演出多め）"
"LP-05728","プログラミングスクール｜リード獲得（資料請求・問い合わせ）LP（クール・テック・実績数字ドーン）","プロ（演出多め）"
"LP-05729","自動車・バイク｜リード獲得（資料請求・問い合わせ）LP（信頼・誠実（コーポレート）・実績数字ドーン）","上級"
"LP-05730","パーソナルジム・フィットネス｜リード獲得（資料請求・問い合わせ）LP（エネルギッシュ・スポーティ・スクロールで商品が回転/分解）","上級"
"LP-05731","エステ・脱毛サロン｜リード獲得（資料請求・問い合わせ）LP（ミニマル・洗練・実績数字ドーン）","プロ（演出多め）"
"LP-05732","観光・地域プロモーション｜採用エントリーLP（和モダン・写真コラージュ）","プロ（演出多め）"
"LP-05733","レストラン・居酒屋｜採用エントリーLP（かわいい・ガーリー・超大型タイポグラフィ）","プロ（演出多め）"
"LP-05734","パーソナルジム・フィットネス｜無料体験・カウンセリング予約LP（ニューブルータリズム・デバイスモックアップ浮遊）","プロ（演出多め）"
"LP-05735","採用・求人｜採用エントリーLP（ジオメトリック・グラフィカル・スクロールで商品が回転/分解）","プロ（演出多め）"
"LP-05736","不動産・マンション｜リード獲得（資料請求・問い合わせ）LP（信頼・誠実（コーポレート）・左テキスト×右商品/人物）","プロ（演出多め）"
"LP-05737","スクール・オンライン講座｜採用エントリーLP（ポップ・カラフル・全面写真＋中央キャッチ）","プロ（演出多め）"
"LP-05738","金融・保険・投資｜セミナー・ウェビナー集客LP（パステル・ドリーミー・超大型タイポグラフィ）","プロ（演出多め）"
"LP-05739","ヨガ・ピラティス｜リード獲得（資料請求・問い合わせ）LP（ミニマル・洗練・実績数字ドーン）","上級"
"LP-05740","農業・地方の生産者｜商品購入（単品通販）LP（和モダン・写真コラージュ）","プロ（演出多め）"
"LP-05741","YouTuber・インフルエンサー｜リード獲得（資料請求・問い合わせ）LP（かわいい・ガーリー・左テキスト×右商品/人物）","プロ（演出多め）"
"LP-05742","エステ・脱毛サロン｜採用エントリーLP（パステル・ドリーミー・背景動画ループ＋オーバーレイ）","プロ（演出多め）"
"LP-05743","Web制作・デザイン事務所｜採用エントリーLP（パステル・ドリーミー・全面写真＋中央キャッチ）","プロ（演出多め）"
"LP-05744","歯科医院｜LINE友だち追加LP（ミニマル・洗練・イラスト主体）","プロ（演出多め）"
"LP-05745","アパレル・ファッションEC｜商品購入（単品通販）LP（ニューブルータリズム・実績数字ドーン）","プロ（演出多め）"
"LP-05746","農業・地方の生産者｜採用エントリーLP（和モダン・左テキスト×右商品/人物）","プロ（演出多め）"
"LP-05747","AIサービス・スタートアップ｜リード獲得（資料請求・問い合わせ）LP（ミニマル・洗練・イラスト主体）","プロ（演出多め）"
"LP-05748","内科・クリニック｜リード獲得（資料請求・問い合わせ）LP（クール・テック・ジェネラティブ背景＋コピー）","プロ（演出多め）"
"LP-05749","和菓子・スイーツ｜リード獲得（資料請求・問い合わせ）LP（ナチュラル・オーガニック・デバイスモックアップ浮遊）","プロ（演出多め）"
"LP-05750","サウナ・温浴施設｜無料体験・カウンセリング予約LP（ニューブルータリズム・背景動画ループ＋オーバーレイ）","プロ（演出多め）"
"LP-05751","食品・産直EC｜商品購入（単品通販）LP（ナチュラル・オーガニック・写真コラージュ）","プロ（演出多め）"
"LP-05752","食品・産直EC｜採用エントリーLP（ニューブルータリズム・デバイスモックアップ浮遊）","プロ（演出多め）"
"LP-05753","引越し・生活サービス｜無料体験・カウンセリング予約LP（3D・クレイ・左テキスト×右商品/人物）","プロ（演出多め）"
"LP-05754","自動車・バイク｜リード獲得（資料請求・問い合わせ）LP（ラグジュアリー・高級感・実績数字ドーン）","プロ（演出多め）"
"LP-05755","パーソナルジム・フィットネス｜リード獲得（資料請求・問い合わせ）LP（ダーク・シネマティック・実績数字ドーン）","プロ（演出多め）"
"LP-05756","内科・クリニック｜無料体験・カウンセリング予約LP（ナチュラル・オーガニック・全面写真＋中央キャッチ）","プロ（演出多め）"
"LP-05757","ゲーム・eスポーツ｜採用エントリーLP（ネオン・サイバー・左テキスト×右商品/人物）","プロ（演出多め）"
"LP-05758","農業・地方の生産者｜リード獲得（資料請求・問い合わせ）LP（ナチュラル・オーガニック・写真コラージュ）","プロ（演出多め）"
"LP-05759","レストラン・居酒屋｜採用エントリーLP（3D・クレイ・左テキスト×右商品/人物）","プロ（演出多め）"
"LP-05760","スクール・オンライン講座｜会員登録・アプリDLLP（ポップ・カラフル・背景動画ループ＋オーバーレイ）","上級"
"LP-05761","AIサービス・スタートアップ｜会員登録・アプリDLLP（グラスモーフィズム・写真コラージュ）","プロ（演出多め）"
"LP-05762","スマホアプリ｜無料体験・カウンセリング予約LP（ラグジュアリー・高級感・実績数字ドーン）","プロ（演出多め）"
"LP-05763","プログラミングスクール｜リード獲得（資料請求・問い合わせ）LP（3D・クレイ・イラスト主体）","プロ（演出多め）"
"LP-05764","スクール・オンライン講座｜会員登録・アプリDLLP（クール・テック・ジェネラティブ背景＋コピー）","プロ（演出多め）"
"LP-05765","プログラミングスクール｜採用エントリーLP（ハンドメイド・手書き・超大型タイポグラフィ）","プロ（演出多め）"
"LP-05766","引越し・生活サービス｜採用エントリーLP（ポップ・カラフル・背景動画ループ＋オーバーレイ）","プロ（演出多め）"
"LP-05767","英会話・語学｜採用エントリーLP（3D・クレイ・イラスト主体）","プロ（演出多め）"
"LP-05768","工務店・注文住宅・リフォーム｜採用エントリーLP（ミニマル・洗練・ジェネラティブ背景＋コピー）","プロ（演出多め）"
"LP-05769","建築設計事務所｜リード獲得（資料請求・問い合わせ）LP（ジオメトリック・グラフィカル・実績数字ドーン）","プロ（演出多め）"
"LP-05770","建築設計事務所｜採用エントリーLP（ジオメトリック・グラフィカル・写真コラージュ）","プロ（演出多め）"
"LP-05771","美容室・ヘアサロン｜LINE友だち追加LP（ダーク・シネマティック・超大型タイポグラフィ）","プロ（演出多め）"
"LP-05772","工務店・注文住宅・リフォーム｜LINE友だち追加LP（北欧・ライフスタイル・超大型タイポグラフィ）","プロ（演出多め）"
"LP-05773","ペット・トリミング・動物病院｜商品購入（単品通販）LP（3D・クレイ・超大型タイポグラフィ）","プロ（演出多め）"
"LP-05774","パーソナルジム・フィットネス｜無料体験・カウンセリング予約LP（ダーク・シネマティック・左テキスト×右商品/人物）","プロ（演出多め）"
"LP-05775","コスメ・スキンケア｜リード獲得（資料請求・問い合わせ）LP（ポップ・カラフル・イラスト主体）","プロ（演出多め）"
"LP-05776","レストラン・居酒屋｜LINE友だち追加LP（ダーク・シネマティック・写真コラージュ）","プロ（演出多め）"
"LP-05777","音楽・ライブ・イベント｜クラウドファンディング支援LP（ダーク・シネマティック・超大型タイポグラフィ）","プロ（演出多め）"
"LP-05778","AIサービス・スタートアップ｜リード獲得（資料請求・問い合わせ）LP（クール・テック・写真コラージュ）","プロ（演出多め）"
"LP-05779","食品・産直EC｜商品購入（単品通販）LP（和モダン・デバイスモックアップ浮遊）","プロ（演出多め）"
"LP-05780","工務店・注文住宅・リフォーム｜LINE友だち追加LP（信頼・誠実（コーポレート）・実績数字ドーン）","上級"
"LP-05781","自動車・バイク｜無料体験・カウンセリング予約LP（ナチュラル・オーガニック・ジェネラティブ背景＋コピー）","プロ（演出多め）"
"LP-05782","採用・求人｜リード獲得（資料請求・問い合わせ）LP（ポップ・カラフル・全面写真＋中央キャッチ）","プロ（演出多め）"
"LP-05783","NPO・地方自治体｜クラウドファンディング支援LP（ジオメトリック・グラフィカル・全面写真＋中央キャッチ）","プロ（演出多め）"
"LP-05784","ゲーム・eスポーツ｜採用エントリーLP（ネオン・サイバー・背景動画ループ＋オーバーレイ）","プロ（演出多め）"
"LP-05785","占い・スピリチュアル｜LINE友だち追加LP（パステル・ドリーミー・実績数字ドーン）","プロ（演出多め）"
"LP-05786","採用・求人｜採用エントリーLP（ジオメトリック・グラフィカル・スクロールで商品が回転/分解）","プロ（演出多め）"
"LP-05787","アパレル・ファッションEC｜リード獲得（資料請求・問い合わせ）LP（ポップ・カラフル・イラスト主体）","上級"
"LP-05788","歯科医院｜無料体験・カウンセリング予約LP（信頼・誠実（コーポレート）・ジェネラティブ背景＋コピー）","プロ（演出多め）"
"LP-05789","SaaS・BtoBツール｜会員登録・アプリDLLP（クール・テック・背景動画ループ＋オーバーレイ）","上級"
"LP-05790","SaaS・BtoBツール｜会員登録・アプリDLLP（クール・テック・イラスト主体）","プロ（演出多め）"
"LP-05791","採用・求人｜リード獲得（資料請求・問い合わせ）LP（ポップ・カラフル・デバイスモックアップ浮遊）","プロ（演出多め）"
"LP-05792","AIサービス・スタートアップ｜採用エントリーLP（グラスモーフィズム・実績数字ドーン）","プロ（演出多め）"
"LP-05793","ペット・トリミング・動物病院｜リード獲得（資料請求・問い合わせ）LP（パステル・ドリーミー・超大型タイポグラフィ）","プロ（演出多め）"
"LP-05794","ホテル・旅館｜リード獲得（資料請求・問い合わせ）LP（ダーク・シネマティック・デバイスモックアップ浮遊）","プロ（演出多め）"
"LP-05795","パーソナルジム・フィットネス｜LINE友だち追加LP（クール・テック・デバイスモックアップ浮遊）","上級"
"LP-05796","ゲーム・eスポーツ｜会員登録・アプリDLLP（レトロ・Y2K・スクロールで商品が回転/分解）","プロ（演出多め）"
"LP-05797","士業（税理士・弁護士・行政書士）｜セミナー・ウェビナー集客LP（ジオメトリック・グラフィカル・左テキスト×右商品/人物）","プロ（演出多め）"
"LP-05798","内科・クリニック｜無料体験・カウンセリング予約LP（ラグジュアリー・高級感・イラスト主体）","プロ（演出多め）"
"LP-05799","食品・産直EC｜採用エントリーLP（和モダン・背景動画ループ＋オーバーレイ）","プロ（演出多め）"
"LP-05800","保育園・幼児教育・習い事｜無料体験・カウンセリング予約LP（かわいい・ガーリー・イラスト主体）","プロ（演出多め）"
"LP-05801","金融・保険・投資｜無料体験・カウンセリング予約LP（ミニマル・洗練・実績数字ドーン）","プロ（演出多め）"
"LP-05802","アパレル・ファッションEC｜商品購入（単品通販）LP（レトロ・Y2K・デバイスモックアップ浮遊）","プロ（演出多め）"
"LP-05803","NPO・地方自治体｜クラウドファンディング支援LP（ナチュラル・オーガニック・写真コラージュ）","プロ（演出多め）"
"LP-05804","Web制作・デザイン事務所｜採用エントリーLP（クール・テック・超大型タイポグラフィ）","プロ（演出多め）"
"LP-05805","美容室・ヘアサロン｜LINE友だち追加LP（ジオメトリック・グラフィカル・イラスト主体）","プロ（演出多め）"
"LP-05806","歯科医院｜無料体験・カウンセリング予約LP（ナチュラル・オーガニック・背景動画ループ＋オーバーレイ）","上級"
"LP-05807","和菓子・スイーツ｜リード獲得（資料請求・問い合わせ）LP（パステル・ドリーミー・デバイスモックアップ浮遊）","プロ（演出多め）"
"LP-05808","ホテル・旅館｜採用エントリーLP（エネルギッシュ・スポーティ・左テキスト×右商品/人物）","プロ（演出多め）"
"LP-05809","美容室・ヘアサロン｜リード獲得（資料請求・問い合わせ）LP（ミニマル・洗練・デバイスモックアップ浮遊）","プロ（演出多め）"
"LP-05810","スマホアプリ｜商品購入（単品通販）LP（3D・クレイ・写真コラージュ）","プロ（演出多め）"
"LP-05811","AIサービス・スタートアップ｜セミナー・ウェビナー集客LP（ネオン・サイバー・超大型タイポグラフィ）","プロ（演出多め）"
"LP-05812","アパレル・ファッションEC｜採用エントリーLP（レトロ・Y2K・ジェネラティブ背景＋コピー）","プロ（演出多め）"
"LP-05813","ホテル・旅館｜採用エントリーLP（和モダン・ジェネラティブ背景＋コピー）","プロ（演出多め）"
"LP-05814","SaaS・BtoBツール｜採用エントリーLP（3D・クレイ・デバイスモックアップ浮遊）","プロ（演出多め）"
"LP-05815","食品・産直EC｜商品購入（単品通販）LP（ポップ・カラフル・背景動画ループ＋オーバーレイ）","プロ（演出多め）"
"LP-05816","保育園・幼児教育・習い事｜採用エントリーLP（ハンドメイド・手書き・左テキスト×右商品/人物）","プロ（演出多め）"
"LP-05817","クラウドファンディング・新商品｜クラウドファンディング支援LP（ナチュラル・オーガニック・背景動画ループ＋オーバーレイ）","プロ（演出多め）"
"LP-05818","ウェディング・結婚相談所｜リード獲得（資料請求・問い合わせ）LP（ミニマル・洗練・背景動画ループ＋オーバーレイ）","プロ（演出多め）"
"LP-05819","採用・求人｜採用エントリーLP（信頼・誠実（コーポレート）・超大型タイポグラフィ）","上級"
"LP-05820","英会話・語学｜採用エントリーLP（3D・クレイ・写真コラージュ）","プロ（演出多め）"
"LP-05821","保育園・幼児教育・習い事｜LINE友だち追加LP（かわいい・ガーリー・イラスト主体）","プロ（演出多め）"
"LP-05822","保育園・幼児教育・習い事｜採用エントリーLP（ナチュラル・オーガニック・左テキスト×右商品/人物）","プロ（演出多め）"
"LP-05823","コスメ・スキンケア｜リード獲得（資料請求・問い合わせ）LP（エディトリアル・雑誌風・イラスト主体）","上級"
"LP-05824","スマホアプリ｜会員登録・アプリDLLP（3D・クレイ・スクロールで商品が回転/分解）","プロ（演出多め）"
"LP-05825","保育園・幼児教育・習い事｜LINE友だち追加LP（ポップ・カラフル・全面写真＋中央キャッチ）","プロ（演出多め）"
"LP-05826","AIサービス・スタートアップ｜会員登録・アプリDLLP（ネオン・サイバー・スクロールで商品が回転/分解）","プロ（演出多め）"
"LP-05827","英会話・語学｜無料体験・カウンセリング予約LP（信頼・誠実（コーポレート）・デバイスモックアップ浮遊）","プロ（演出多め）"
"LP-05828","士業（税理士・弁護士・行政書士）｜リード獲得（資料請求・問い合わせ）LP（ハンドメイド・手書き・背景動画ループ＋オーバーレイ）","プロ（演出多め）"
"LP-05829","引越し・生活サービス｜LINE友だち追加LP（ポップ・カラフル・ジェネラティブ背景＋コピー）","プロ（演出多め）"
"LP-05830","自動車・バイク｜無料体験・カウンセリング予約LP（ラグジュアリー・高級感・写真コラージュ）","プロ（演出多め）"
"LP-05831","不動産・マンション｜無料体験・カウンセリング予約LP（ダーク・シネマティック・背景動画ループ＋オーバーレイ）","プロ（演出多め）"
"LP-05832","ホテル・旅館｜リード獲得（資料請求・問い合わせ）LP（ラグジュアリー・高級感・左テキスト×右商品/人物）","プロ（演出多め）"
"LP-05833","音楽・ライブ・イベント｜リード獲得（資料請求・問い合わせ）LP（レトロ・Y2K・背景動画ループ＋オーバーレイ）","プロ（演出多め）"
"LP-05834","保育園・幼児教育・習い事｜LINE友だち追加LP（ナチュラル・オーガニック・スクロールで商品が回転/分解）","上級"
"LP-05835","ヨガ・ピラティス｜採用エントリーLP（北欧・ライフスタイル・写真コラージュ）","プロ（演出多め）"
"LP-05836","SaaS・BtoBツール｜リード獲得（資料請求・問い合わせ）LP（ミニマル・洗練・デバイスモックアップ浮遊）","プロ（演出多め）"
"LP-05837","農業・地方の生産者｜採用エントリーLP（ナチュラル・オーガニック・背景動画ループ＋オーバーレイ）","上級"
"LP-05838","ヨガ・ピラティス｜採用エントリーLP（ナチュラル・オーガニック・背景動画ループ＋オーバーレイ）","プロ（演出多め）"
"LP-05839","AIサービス・スタートアップ｜セミナー・ウェビナー集客LP（ネオン・サイバー・ジェネラティブ背景＋コピー）","プロ（演出多め）"
"LP-05840","ゲーム・eスポーツ｜リード獲得（資料請求・問い合わせ）LP（ネオン・サイバー・スクロールで商品が回転/分解）","プロ（演出多め）"
"LP-05841","SaaS・BtoBツール｜セミナー・ウェビナー集客LP（グラスモーフィズム・写真コラージュ）","上級"
"LP-05842","YouTuber・インフルエンサー｜リード獲得（資料請求・問い合わせ）LP（ポップ・カラフル・全面写真＋中央キャッチ）","プロ（演出多め）"
"LP-05843","保育園・幼児教育・習い事｜LINE友だち追加LP（ポップ・カラフル・デバイスモックアップ浮遊）","プロ（演出多め）"
"LP-05844","内科・クリニック｜リード獲得（資料請求・問い合わせ）LP（ナチュラル・オーガニック・ジェネラティブ背景＋コピー）","上級"
"LP-05845","クラウドファンディング・新商品｜採用エントリーLP（ナチュラル・オーガニック・イラスト主体）","プロ（演出多め）"
"LP-05846","自動車・バイク｜リード獲得（資料請求・問い合わせ）LP（ラグジュアリー・高級感・背景動画ループ＋オーバーレイ）","プロ（演出多め）"
"LP-05847","美容室・ヘアサロン｜リード獲得（資料請求・問い合わせ）LP（ラグジュアリー・高級感・左テキスト×右商品/人物）","プロ（演出多め）"
"LP-05848","工務店・注文住宅・リフォーム｜リード獲得（資料請求・問い合わせ）LP（北欧・ライフスタイル・背景動画ループ＋オーバーレイ）","プロ（演出多め）"
"LP-05849","AIサービス・スタートアップ｜セミナー・ウェビナー集客LP（クール・テック・背景動画ループ＋オーバーレイ）","プロ（演出多め）"
"LP-05850","音楽・ライブ・イベント｜クラウドファンディング支援LP（ダーク・シネマティック・デバイスモックアップ浮遊）","プロ（演出多め）"
"LP-05851","占い・スピリチュアル｜LINE友だち追加LP（ダーク・シネマティック・写真コラージュ）","上級"
"LP-05852","スクール・オンライン講座｜無料体験・カウンセリング予約LP（信頼・誠実（コーポレート）・左テキスト×右商品/人物）","プロ（演出多め）"
"LP-05853","サウナ・温浴施設｜リード獲得（資料請求・問い合わせ）LP（ナチュラル・オーガニック・スクロールで商品が回転/分解）","プロ（演出多め）"
"LP-05854","Web制作・デザイン事務所｜セミナー・ウェビナー集客LP（ニューブルータリズム・ジェネラティブ背景＋コピー）","上級"
"LP-05855","ウェディング・結婚相談所｜無料体験・カウンセリング予約LP（ミニマル・洗練・ジェネラティブ背景＋コピー）","プロ（演出多め）"
"LP-05856","士業（税理士・弁護士・行政書士）｜採用エントリーLP（和モダン・背景動画ループ＋オーバーレイ）","プロ（演出多め）"
"LP-05857","サウナ・温浴施設｜採用エントリーLP（レトロ・Y2K・背景動画ループ＋オーバーレイ）","プロ（演出多め）"
"LP-05858","占い・スピリチュアル｜無料体験・カウンセリング予約LP（ダーク・シネマティック・ジェネラティブ背景＋コピー）","プロ（演出多め）"
"LP-05859","SaaS・BtoBツール｜無料体験・カウンセリング予約LP（3D・クレイ・写真コラージュ）","プロ（演出多め）"
"LP-05860","ゲーム・eスポーツ｜リード獲得（資料請求・問い合わせ）LP（ダーク・シネマティック・デバイスモックアップ浮遊）","プロ（演出多め）"
"LP-05861","建築設計事務所｜採用エントリーLP（エディトリアル・雑誌風・イラスト主体）","プロ（演出多め）"
"LP-05862","農業・地方の生産者｜リード獲得（資料請求・問い合わせ）LP（ナチュラル・オーガニック・スクロールで商品が回転/分解）","プロ（演出多め）"
"LP-05863","歯科医院｜無料体験・カウンセリング予約LP（ミニマル・洗練・写真コラージュ）","プロ（演出多め）"
"LP-05864","ヨガ・ピラティス｜LINE友だち追加LP（ミニマル・洗練・超大型タイポグラフィ）","上級"
"LP-05865","歯科医院｜無料体験・カウンセリング予約LP（ナチュラル・オーガニック・実績数字ドーン）","プロ（演出多め）"
"LP-05866","工務店・注文住宅・リフォーム｜LINE友だち追加LP（北欧・ライフスタイル・デバイスモックアップ浮遊）","プロ（演出多め）"
"LP-05867","ペット・トリミング・動物病院｜LINE友だち追加LP（かわいい・ガーリー・スクロールで商品が回転/分解）","上級"
"LP-05868","アパレル・ファッションEC｜リード獲得（資料請求・問い合わせ）LP（エディトリアル・雑誌風・イラスト主体）","プロ（演出多め）"
"LP-05869","カフェ・ベーカリー｜リード獲得（資料請求・問い合わせ）LP（ハンドメイド・手書き・写真コラージュ）","プロ（演出多め）"
"LP-05870","農業・地方の生産者｜商品購入（単品通販）LP（ハンドメイド・手書き・全面写真＋中央キャッチ）","プロ（演出多め）"
"LP-05871","保育園・幼児教育・習い事｜LINE友だち追加LP（ハンドメイド・手書き・左テキスト×右商品/人物）","プロ（演出多め）"
"LP-05872","スマホアプリ｜商品購入（単品通販）LP（ポップ・カラフル・デバイスモックアップ浮遊）","プロ（演出多め）"
"LP-05873","ヨガ・ピラティス｜無料体験・カウンセリング予約LP（ナチュラル・オーガニック・左テキスト×右商品/人物）","プロ（演出多め）"
"LP-05874","YouTuber・インフルエンサー｜会員登録・アプリDLLP（ニューブルータリズム・スクロールで商品が回転/分解）","プロ（演出多め）"
"LP-05875","アパレル・ファッションEC｜採用エントリーLP（レトロ・Y2K・イラスト主体）","プロ（演出多め）"
"LP-05876","観光・地域プロモーション｜リード獲得（資料請求・問い合わせ）LP（ダーク・シネマティック・イラスト主体）","上級"
"LP-05877","プログラミングスクール｜採用エントリーLP（ポップ・カラフル・全面写真＋中央キャッチ）","プロ（演出多め）"
"LP-05878","パーソナルジム・フィットネス｜LINE友だち追加LP（クール・テック・ジェネラティブ背景＋コピー）","プロ（演出多め）"
"LP-05879","カフェ・ベーカリー｜LINE友だち追加LP（ナチュラル・オーガニック・超大型タイポグラフィ）","プロ（演出多め）"
"LP-05880","YouTuber・インフルエンサー｜採用エントリーLP（ポップ・カラフル・左テキスト×右商品/人物）","プロ（演出多め）"
"LP-05881","士業（税理士・弁護士・行政書士）｜採用エントリーLP（パステル・ドリーミー・実績数字ドーン）","プロ（演出多め）"
"LP-05882","ホテル・旅館｜リード獲得（資料請求・問い合わせ）LP（ラグジュアリー・高級感・イラスト主体）","プロ（演出多め）"
"LP-05883","引越し・生活サービス｜無料体験・カウンセリング予約LP（信頼・誠実（コーポレート）・超大型タイポグラフィ）","プロ（演出多め）"
"LP-05884","パーソナルジム・フィットネス｜LINE友だち追加LP（エネルギッシュ・スポーティ・スクロールで商品が回転/分解）","プロ（演出多め）"
"LP-05885","美容クリニック｜採用エントリーLP（ミニマル・洗練・超大型タイポグラフィ）","プロ（演出多め）"
"LP-05886","採用・求人｜採用エントリーLP（ポップ・カラフル・デバイスモックアップ浮遊）","プロ（演出多め）"
"LP-05887","ウェディング・結婚相談所｜LINE友だち追加LP（ナチュラル・オーガニック・背景動画ループ＋オーバーレイ）","プロ（演出多め）"
"LP-05888","カフェ・ベーカリー｜LINE友だち追加LP（エディトリアル・雑誌風・ジェネラティブ背景＋コピー）","プロ（演出多め）"
"LP-05889","保育園・幼児教育・習い事｜リード獲得（資料請求・問い合わせ）LP（ハンドメイド・手書き・実績数字ドーン）","プロ（演出多め）"
"LP-05890","NPO・地方自治体｜クラウドファンディング支援LP（ジオメトリック・グラフィカル・超大型タイポグラフィ）","プロ（演出多め）"
"LP-05891","占い・スピリチュアル｜無料体験・カウンセリング予約LP（ラグジュアリー・高級感・背景動画ループ＋オーバーレイ）","上級"
"LP-05892","和菓子・スイーツ｜クラウドファンディング支援LP（和モダン・イラスト主体）","プロ（演出多め）"
"LP-05893","内科・クリニック｜LINE友だち追加LP（北欧・ライフスタイル・実績数字ドーン）","プロ（演出多め）"
"LP-05894","スマホアプリ｜リード獲得（資料請求・問い合わせ）LP（グラスモーフィズム・ジェネラティブ背景＋コピー）","プロ（演出多め）"
"LP-05895","占い・スピリチュアル｜LINE友だち追加LP（ラグジュアリー・高級感・スクロールで商品が回転/分解）","プロ（演出多め）"
"LP-05896","スマホアプリ｜リード獲得（資料請求・問い合わせ）LP（クール・テック・ジェネラティブ背景＋コピー）","プロ（演出多め）"
"LP-05897","引越し・生活サービス｜採用エントリーLP（ハンドメイド・手書き・デバイスモックアップ浮遊）","プロ（演出多め）"
"LP-05898","スクール・オンライン講座｜採用エントリーLP（3D・クレイ・写真コラージュ）","プロ（演出多め）"
"LP-05899","ヨガ・ピラティス｜LINE友だち追加LP（パステル・ドリーミー・全面写真＋中央キャッチ）","プロ（演出多め）"
"LP-05900","内科・クリニック｜無料体験・カウンセリング予約LP（北欧・ライフスタイル・イラスト主体）","プロ（演出多め）"
"LP-05901","プログラミングスクール｜リード獲得（資料請求・問い合わせ）LP（レトロ・Y2K・左テキスト×右商品/人物）","プロ（演出多め）"
"LP-05902","採用・求人｜採用エントリーLP（ジオメトリック・グラフィカル・全面写真＋中央キャッチ）","プロ（演出多め）"
"LP-05903","クラウドファンディング・新商品｜リード獲得（資料請求・問い合わせ）LP（ポップ・カラフル・スクロールで商品が回転/分解）","上級"
"LP-05904","食品・産直EC｜商品購入（単品通販）LP（和モダン・写真コラージュ）","プロ（演出多め）"
"LP-05905","ヨガ・ピラティス｜リード獲得（資料請求・問い合わせ）LP（パステル・ドリーミー・超大型タイポグラフィ）","プロ（演出多め）"
"LP-05906","アパレル・ファッションEC｜商品購入（単品通販）LP（ニューブルータリズム・ジェネラティブ背景＋コピー）","プロ（演出多め）"
"LP-05907","保育園・幼児教育・習い事｜LINE友だち追加LP（ナチュラル・オーガニック・全面写真＋中央キャッチ）","プロ（演出多め）"
"LP-05908","コスメ・スキンケア｜商品購入（単品通販）LP（パステル・ドリーミー・実績数字ドーン）","プロ（演出多め）"
"LP-05909","パーソナルジム・フィットネス｜無料体験・カウンセリング予約LP（ハンドメイド・手書き・実績数字ドーン）","プロ（演出多め）"
"LP-05910","プログラミングスクール｜採用エントリーLP（ポップ・カラフル・デバイスモックアップ浮遊）","プロ（演出多め）"
"LP-05911","プログラミングスクール｜リード獲得（資料請求・問い合わせ）LP（クール・テック・デバイスモックアップ浮遊）","プロ（演出多め）"
"LP-05912","スクール・オンライン講座｜会員登録・アプリDLLP（クール・テック・スクロールで商品が回転/分解）","プロ（演出多め）"
"LP-05913","農業・地方の生産者｜リード獲得（資料請求・問い合わせ）LP（ナチュラル・オーガニック・ジェネラティブ背景＋コピー）","プロ（演出多め）"
"LP-05914","ウェディング・結婚相談所｜リード獲得（資料請求・問い合わせ）LP（パステル・ドリーミー・超大型タイポグラフィ）","プロ（演出多め）"
"LP-05915","エステ・脱毛サロン｜無料体験・カウンセリング予約LP（かわいい・ガーリー・実績数字ドーン）","プロ（演出多め）"
"LP-05916","保育園・幼児教育・習い事｜採用エントリーLP（ポップ・カラフル・実績数字ドーン）","プロ（演出多め）"
"LP-05917","農業・地方の生産者｜リード獲得（資料請求・問い合わせ）LP（和モダン・実績数字ドーン）","プロ（演出多め）"
"LP-05918","美容クリニック｜LINE友だち追加LP（ラグジュアリー・高級感・背景動画ループ＋オーバーレイ）","プロ（演出多め）"
"LP-05919","ウェディング・結婚相談所｜LINE友だち追加LP（ラグジュアリー・高級感・イラスト主体）","プロ（演出多め）"
"LP-05920","スマホアプリ｜採用エントリーLP（ポップ・カラフル・スクロールで商品が回転/分解）","プロ（演出多め）"
"LP-05921","美容クリニック｜LINE友だち追加LP（ラグジュアリー・高級感・超大型タイポグラフィ）","プロ（演出多め）"
"LP-05922","和菓子・スイーツ｜採用エントリーLP（パステル・ドリーミー・実績数字ドーン）","プロ（演出多め）"
"LP-05923","美容クリニック｜リード獲得（資料請求・問い合わせ）LP（ラグジュアリー・高級感・スクロールで商品が回転/分解）","プロ（演出多め）"
"LP-05924","SaaS・BtoBツール｜セミナー・ウェビナー集客LP（グラスモーフィズム・イラスト主体）","プロ（演出多め）"
"LP-05925","内科・クリニック｜リード獲得（資料請求・問い合わせ）LP（北欧・ライフスタイル・超大型タイポグラフィ）","プロ（演出多め）"
"LP-05926","アパレル・ファッションEC｜商品購入（単品通販）LP（ミニマル・洗練・ジェネラティブ背景＋コピー）","プロ（演出多め）"
"LP-05927","占い・スピリチュアル｜LINE友だち追加LP（パステル・ドリーミー・ジェネラティブ背景＋コピー）","プロ（演出多め）"
"LP-05928","観光・地域プロモーション｜採用エントリーLP（ダーク・シネマティック・ジェネラティブ背景＋コピー）","プロ（演出多め）"
"LP-05929","建築設計事務所｜リード獲得（資料請求・問い合わせ）LP（和モダン・ジェネラティブ背景＋コピー）","プロ（演出多め）"
"LP-05930","カフェ・ベーカリー｜LINE友だち追加LP（ナチュラル・オーガニック・イラスト主体）","プロ（演出多め）"
"LP-05931","パーソナルジム・フィットネス｜採用エントリーLP（エネルギッシュ・スポーティ・写真コラージュ）","プロ（演出多め）"
"LP-05932","英会話・語学｜無料体験・カウンセリング予約LP（信頼・誠実（コーポレート）・イラスト主体）","プロ（演出多め）"
"LP-05933","士業（税理士・弁護士・行政書士）｜採用エントリーLP（ミニマル・洗練・超大型タイポグラフィ）","プロ（演出多め）"
"LP-05934","コスメ・スキンケア｜採用エントリーLP（クール・テック・写真コラージュ）","プロ（演出多め）"
"LP-05935","食品・産直EC｜クラウドファンディング支援LP（ポップ・カラフル・実績数字ドーン）","プロ（演出多め）"
"LP-05936","美容クリニック｜採用エントリーLP（信頼・誠実（コーポレート）・背景動画ループ＋オーバーレイ）","プロ（演出多め）"
"LP-05937","YouTuber・インフルエンサー｜会員登録・アプリDLLP（ポップ・カラフル・写真コラージュ）","プロ（演出多め）"
"LP-05938","ウェディング・結婚相談所｜LINE友だち追加LP（ミニマル・洗練・デバイスモックアップ浮遊）","プロ（演出多め）"
"LP-05939","パーソナルジム・フィットネス｜リード獲得（資料請求・問い合わせ）LP（信頼・誠実（コーポレート）・デバイスモックアップ浮遊）","プロ（演出多め）"
"LP-05940","NPO・地方自治体｜採用エントリーLP（ハンドメイド・手書き・イラスト主体）","プロ（演出多め）"
"LP-05941","アパレル・ファッションEC｜リード獲得（資料請求・問い合わせ）LP（レトロ・Y2K・デバイスモックアップ浮遊）","プロ（演出多め）"
"LP-05942","ペット・トリミング・動物病院｜無料体験・カウンセリング予約LP（ハンドメイド・手書き・写真コラージュ）","プロ（演出多め）"
"LP-05943","AIサービス・スタートアップ｜セミナー・ウェビナー集客LP（ダーク・シネマティック・左テキスト×右商品/人物）","プロ（演出多め）"
"LP-05944","ホテル・旅館｜採用エントリーLP（ラグジュアリー・高級感・写真コラージュ）","プロ（演出多め）"
"LP-05945","保育園・幼児教育・習い事｜リード獲得（資料請求・問い合わせ）LP（ポップ・カラフル・左テキスト×右商品/人物）","プロ（演出多め）"
"LP-05946","音楽・ライブ・イベント｜採用エントリーLP（ネオン・サイバー・デバイスモックアップ浮遊）","プロ（演出多め）"
"LP-05947","観光・地域プロモーション｜クラウドファンディング支援LP（ハンドメイド・手書き・デバイスモックアップ浮遊）","プロ（演出多め）"
"LP-05948","採用・求人｜採用エントリーLP（エネルギッシュ・スポーティ・写真コラージュ）","プロ（演出多め）"
"LP-05949","カフェ・ベーカリー｜LINE友だち追加LP（エディトリアル・雑誌風・スクロールで商品が回転/分解）","プロ（演出多め）"
"LP-05950","ウェディング・結婚相談所｜無料体験・カウンセリング予約LP（ラグジュアリー・高級感・背景動画ループ＋オーバーレイ）","プロ（演出多め）"
"LP-05951","ペット・トリミング・動物病院｜LINE友だち追加LP（ナチュラル・オーガニック・背景動画ループ＋オーバーレイ）","プロ（演出多め）"
"LP-05952","NPO・地方自治体｜クラウドファンディング支援LP（ナチュラル・オーガニック・写真コラージュ）","プロ（演出多め）"
"LP-05953","内科・クリニック｜LINE友だち追加LP（北欧・ライフスタイル・全面写真＋中央キャッチ）","プロ（演出多め）"
"LP-05954","カフェ・ベーカリー｜リード獲得（資料請求・問い合わせ）LP（ナチュラル・オーガニック・イラスト主体）","プロ（演出多め）"
"LP-05955","ペット・トリミング・動物病院｜商品購入（単品通販）LP（ナチュラル・オーガニック・背景動画ループ＋オーバーレイ）","プロ（演出多め）"
"LP-05956","美容クリニック｜リード獲得（資料請求・問い合わせ）LP（信頼・誠実（コーポレート）・全面写真＋中央キャッチ）","プロ（演出多め）"
"LP-05957","エステ・脱毛サロン｜採用エントリーLP（パステル・ドリーミー・背景動画ループ＋オーバーレイ）","プロ（演出多め）"
"LP-05958","自動車・バイク｜採用エントリーLP（ダーク・シネマティック・実績数字ドーン）","プロ（演出多め）"
"LP-05959","美容クリニック｜LINE友だち追加LP（ラグジュアリー・高級感・写真コラージュ）","プロ（演出多め）"
"LP-05960","コスメ・スキンケア｜リード獲得（資料請求・問い合わせ）LP（グラスモーフィズム・デバイスモックアップ浮遊）","プロ（演出多め）"
"LP-05961","サウナ・温浴施設｜採用エントリーLP（ナチュラル・オーガニック・背景動画ループ＋オーバーレイ）","プロ（演出多め）"
"LP-05962","金融・保険・投資｜無料体験・カウンセリング予約LP（ミニマル・洗練・ジェネラティブ背景＋コピー）","プロ（演出多め）"
"LP-05963","NPO・地方自治体｜クラウドファンディング支援LP（信頼・誠実（コーポレート）・実績数字ドーン）","プロ（演出多め）"
"LP-05964","歯科医院｜採用エントリーLP（ジオメトリック・グラフィカル・超大型タイポグラフィ）","プロ（演出多め）"
"LP-05965","自動車・バイク｜リード獲得（資料請求・問い合わせ）LP（ダーク・シネマティック・デバイスモックアップ浮遊）","プロ（演出多め）"
"LP-05966","カフェ・ベーカリー｜採用エントリーLP（エネルギッシュ・スポーティ・デバイスモックアップ浮遊）","プロ（演出多め）"
"LP-05967","NPO・地方自治体｜採用エントリーLP（ジオメトリック・グラフィカル・実績数字ドーン）","プロ（演出多め）"
"LP-05968","ゲーム・eスポーツ｜クラウドファンディング支援LP（レトロ・Y2K・デバイスモックアップ浮遊）","プロ（演出多め）"
"LP-05969","YouTuber・インフルエンサー｜採用エントリーLP（ポップ・カラフル・イラスト主体）","プロ（演出多め）"
"LP-05970","美容クリニック｜LINE友だち追加LP（信頼・誠実（コーポレート）・背景動画ループ＋オーバーレイ）","プロ（演出多め）"
"LP-05971","金融・保険・投資｜リード獲得（資料請求・問い合わせ）LP（信頼・誠実（コーポレート）・全面写真＋中央キャッチ）","上級"
"LP-05972","Web制作・デザイン事務所｜リード獲得（資料請求・問い合わせ）LP（ニューブルータリズム・スクロールで商品が回転/分解）","プロ（演出多め）"
"LP-05973","クラウドファンディング・新商品｜クラウドファンディング支援LP（ポップ・カラフル・全面写真＋中央キャッチ）","プロ（演出多め）"
"LP-05974","工務店・注文住宅・リフォーム｜無料体験・カウンセリング予約LP（北欧・ライフスタイル・全面写真＋中央キャッチ）","プロ（演出多め）"
"LP-05975","採用・求人｜採用エントリーLP（ジオメトリック・グラフィカル・実績数字ドーン）","プロ（演出多め）"
"LP-05976","NPO・地方自治体｜リード獲得（資料請求・問い合わせ）LP（ナチュラル・オーガニック・デバイスモックアップ浮遊）","プロ（演出多め）"
"LP-05977","観光・地域プロモーション｜採用エントリーLP（和モダン・全面写真＋中央キャッチ）","プロ（演出多め）"
"LP-05978","内科・クリニック｜採用エントリーLP（パステル・ドリーミー・イラスト主体）","プロ（演出多め）"
"LP-05979","工務店・注文住宅・リフォーム｜採用エントリーLP（ナチュラル・オーガニック・背景動画ループ＋オーバーレイ）","プロ（演出多め）"
"LP-05980","金融・保険・投資｜無料体験・カウンセリング予約LP（クール・テック・実績数字ドーン）","プロ（演出多め）"
"LP-05981","観光・地域プロモーション｜クラウドファンディング支援LP（ナチュラル・オーガニック・ジェネラティブ背景＋コピー）","プロ（演出多め）"
"LP-05982","NPO・地方自治体｜採用エントリーLP（ハンドメイド・手書き・全面写真＋中央キャッチ）","プロ（演出多め）"
"LP-05983","歯科医院｜採用エントリーLP（ポップ・カラフル・デバイスモックアップ浮遊）","プロ（演出多め）"
"LP-05984","ゲーム・eスポーツ｜リード獲得（資料請求・問い合わせ）LP（レトロ・Y2K・写真コラージュ）","プロ（演出多め）"
"LP-05985","カフェ・ベーカリー｜採用エントリーLP（レトロ・Y2K・デバイスモックアップ浮遊）","プロ（演出多め）"
"LP-05986","Web制作・デザイン事務所｜採用エントリーLP（ダーク・シネマティック・デバイスモックアップ浮遊）","上級"
"LP-05987","AIサービス・スタートアップ｜無料体験・カウンセリング予約LP（ミニマル・洗練・実績数字ドーン）","プロ（演出多め）"
"LP-05988","レストラン・居酒屋｜採用エントリーLP（レトロ・Y2K・左テキスト×右商品/人物）","プロ（演出多め）"
"LP-05989","建築設計事務所｜リード獲得（資料請求・問い合わせ）LP（レトロ・Y2K・スクロールで商品が回転/分解）","プロ（演出多め）"
"LP-05990","士業（税理士・弁護士・行政書士）｜セミナー・ウェビナー集客LP（信頼・誠実（コーポレート）・スクロールで商品が回転/分解）","プロ（演出多め）"
"LP-05991","アパレル・ファッションEC｜採用エントリーLP（エディトリアル・雑誌風・左テキスト×右商品/人物）","プロ（演出多め）"
"LP-05992","観光・地域プロモーション｜採用エントリーLP（ダーク・シネマティック・超大型タイポグラフィ）","プロ（演出多め）"
"LP-05993","美容クリニック｜採用エントリーLP（ミニマル・洗練・イラスト主体）","プロ（演出多め）"
"LP-05994","NPO・地方自治体｜採用エントリーLP（信頼・誠実（コーポレート）・全面写真＋中央キャッチ）","プロ（演出多め）"
"LP-05995","ホテル・旅館｜採用エントリーLP（和モダン・ジェネラティブ背景＋コピー）","プロ（演出多め）"
"LP-05996","レストラン・居酒屋｜LINE友だち追加LP（和モダン・写真コラージュ）","プロ（演出多め）"
"LP-05997","YouTuber・インフルエンサー｜リード獲得（資料請求・問い合わせ）LP（ポップ・カラフル・イラスト主体）","プロ（演出多め）"
"LP-05998","ペット・トリミング・動物病院｜採用エントリーLP（かわいい・ガーリー・全面写真＋中央キャッチ）","プロ（演出多め）"
"LP-05999","音楽・ライブ・イベント｜クラウドファンディング支援LP（グラスモーフィズム・写真コラージュ）","プロ（演出多め）"
"LP-06000","ホテル・旅館｜LINE友だち追加LP（ダーク・シネマティック・実績数字ドーン）","プロ（演出多め）"
"LP-06001","カフェ・ベーカリー｜リード獲得（資料請求・問い合わせ）LP（エディトリアル・雑誌風・左テキスト×右商品/人物）","プロ（演出多め）"
"LP-06002","コスメ・スキンケア｜商品購入（単品通販）LP（パステル・ドリーミー・イラスト主体）","上級"
"LP-06003","英会話・語学｜会員登録・アプリDLLP（3D・クレイ・写真コラージュ）","プロ（演出多め）"
"LP-06004","NPO・地方自治体｜採用エントリーLP（ナチュラル・オーガニック・背景動画ループ＋オーバーレイ）","プロ（演出多め）"
"LP-06005","英会話・語学｜採用エントリーLP（ナチュラル・オーガニック・写真コラージュ）","プロ（演出多め）"
"LP-06006","コンサル・コーチング｜セミナー・ウェビナー集客LP（エディトリアル・雑誌風・スクロールで商品が回転/分解）","プロ（演出多め）"
"LP-06007","美容室・ヘアサロン｜採用エントリーLP（北欧・ライフスタイル・実績数字ドーン）","上級"
"LP-06008","占い・スピリチュアル｜採用エントリーLP（信頼・誠実（コーポレート）・背景動画ループ＋オーバーレイ）","プロ（演出多め）"
"LP-06009","内科・クリニック｜LINE友だち追加LP（信頼・誠実（コーポレート）・左テキスト×右商品/人物）","プロ（演出多め）"
"LP-06010","レストラン・居酒屋｜採用エントリーLP（レトロ・Y2K・背景動画ループ＋オーバーレイ）","プロ（演出多め）"
"LP-06011","自動車・バイク｜無料体験・カウンセリング予約LP（ラグジュアリー・高級感・実績数字ドーン）","上級"
"LP-06012","工務店・注文住宅・リフォーム｜無料体験・カウンセリング予約LP（信頼・誠実（コーポレート）・実績数字ドーン）","プロ（演出多め）"
"LP-06013","ホテル・旅館｜採用エントリーLP（和モダン・デバイスモックアップ浮遊）","プロ（演出多め）"
"LP-06014","ウェディング・結婚相談所｜LINE友だち追加LP（ミニマル・洗練・左テキスト×右商品/人物）","プロ（演出多め）"
"LP-06015","クラウドファンディング・新商品｜商品購入（単品通販）LP（ナチュラル・オーガニック・ジェネラティブ背景＋コピー）","プロ（演出多め）"
"LP-06016","美容クリニック｜LINE友だち追加LP（ミニマル・洗練・スクロールで商品が回転/分解）","プロ（演出多め）"
"LP-06017","建築設計事務所｜採用エントリーLP（エディトリアル・雑誌風・背景動画ループ＋オーバーレイ）","プロ（演出多め）"
"LP-06018","YouTuber・インフルエンサー｜採用エントリーLP（ジオメトリック・グラフィカル・超大型タイポグラフィ）","プロ（演出多め）"
"LP-06019","カフェ・ベーカリー｜リード獲得（資料請求・問い合わせ）LP（ダーク・シネマティック・ジェネラティブ背景＋コピー）","プロ（演出多め）"
"LP-06020","SaaS・BtoBツール｜リード獲得（資料請求・問い合わせ）LP（信頼・誠実（コーポレート）・スクロールで商品が回転/分解）","プロ（演出多め）"
"LP-06021","アパレル・ファッションEC｜採用エントリーLP（レトロ・Y2K・左テキスト×右商品/人物）","上級"
"LP-06022","英会話・語学｜リード獲得（資料請求・問い合わせ）LP（ポップ・カラフル・全面写真＋中央キャッチ）","上級"
"LP-06023","採用・求人｜採用エントリーLP（エネルギッシュ・スポーティ・ジェネラティブ背景＋コピー）","プロ（演出多め）"
"LP-06024","YouTuber・インフルエンサー｜採用エントリーLP（ニューブルータリズム・超大型タイポグラフィ）","プロ（演出多め）"
"LP-06025","Web制作・デザイン事務所｜採用エントリーLP（ジオメトリック・グラフィカル・背景動画ループ＋オーバーレイ）","プロ（演出多め）"
"LP-06026","自動車・バイク｜採用エントリーLP（エネルギッシュ・スポーティ・スクロールで商品が回転/分解）","プロ（演出多め）"
"LP-06027","ホテル・旅館｜採用エントリーLP（ダーク・シネマティック・デバイスモックアップ浮遊）","プロ（演出多め）"
"LP-06028","アパレル・ファッションEC｜採用エントリーLP（レトロ・Y2K・イラスト主体）","プロ（演出多め）"
"LP-06029","建築設計事務所｜採用エントリーLP（エディトリアル・雑誌風・ジェネラティブ背景＋コピー）","プロ（演出多め）"
"LP-06030","英会話・語学｜無料体験・カウンセリング予約LP（3D・クレイ・実績数字ドーン）","プロ（演出多め）"
"LP-06031","プログラミングスクール｜無料体験・カウンセリング予約LP（ポップ・カラフル・左テキスト×右商品/人物）","プロ（演出多め）"
"LP-06032","観光・地域プロモーション｜クラウドファンディング支援LP（和モダン・実績数字ドーン）","プロ（演出多め）"
"LP-06033","食品・産直EC｜採用エントリーLP（ポップ・カラフル・ジェネラティブ背景＋コピー）","プロ（演出多め）"
"LP-06034","ウェディング・結婚相談所｜無料体験・カウンセリング予約LP（パステル・ドリーミー・実績数字ドーン）","プロ（演出多め）"
"LP-06035","食品・産直EC｜リード獲得（資料請求・問い合わせ）LP（和モダン・全面写真＋中央キャッチ）","プロ（演出多め）"
"LP-06036","ペット・トリミング・動物病院｜採用エントリーLP（3D・クレイ・デバイスモックアップ浮遊）","プロ（演出多め）"
"LP-06037","士業（税理士・弁護士・行政書士）｜採用エントリーLP（ミニマル・洗練・スクロールで商品が回転/分解）","プロ（演出多め）"
"LP-06038","工務店・注文住宅・リフォーム｜リード獲得（資料請求・問い合わせ）LP（ナチュラル・オーガニック・背景動画ループ＋オーバーレイ）","上級"
"LP-06039","サウナ・温浴施設｜採用エントリーLP（ナチュラル・オーガニック・超大型タイポグラフィ）","プロ（演出多め）"
"LP-06040","Web制作・デザイン事務所｜セミナー・ウェビナー集客LP（ジオメトリック・グラフィカル・イラスト主体）","プロ（演出多め）"
"LP-06041","建築設計事務所｜リード獲得（資料請求・問い合わせ）LP（ジオメトリック・グラフィカル・イラスト主体）","プロ（演出多め）"
"LP-06042","アパレル・ファッションEC｜商品購入（単品通販）LP（レトロ・Y2K・超大型タイポグラフィ）","プロ（演出多め）"
"LP-06043","コスメ・スキンケア｜採用エントリーLP（ナチュラル・オーガニック・スクロールで商品が回転/分解）","プロ（演出多め）"
"LP-06044","食品・産直EC｜リード獲得（資料請求・問い合わせ）LP（ハンドメイド・手書き・デバイスモックアップ浮遊）","プロ（演出多め）"
"LP-06045","ウェディング・結婚相談所｜採用エントリーLP（パステル・ドリーミー・イラスト主体）","プロ（演出多め）"
"LP-06046","ホテル・旅館｜LINE友だち追加LP（和モダン・実績数字ドーン）","プロ（演出多め）"
"LP-06047","ホテル・旅館｜リード獲得（資料請求・問い合わせ）LP（クール・テック・左テキスト×右商品/人物）","プロ（演出多め）"
"LP-06048","和菓子・スイーツ｜LINE友だち追加LP（ナチュラル・オーガニック・スクロールで商品が回転/分解）","プロ（演出多め）"
"LP-06049","プログラミングスクール｜採用エントリーLP（信頼・誠実（コーポレート）・デバイスモックアップ浮遊）","上級"
"LP-06050","コンサル・コーチング｜採用エントリーLP（和モダン・全面写真＋中央キャッチ）","プロ（演出多め）"
"LP-06051","観光・地域プロモーション｜クラウドファンディング支援LP（ナチュラル・オーガニック・写真コラージュ）","プロ（演出多め）"
"LP-06052","スクール・オンライン講座｜無料体験・カウンセリング予約LP（3D・クレイ・背景動画ループ＋オーバーレイ）","プロ（演出多め）"
"LP-06053","AIサービス・スタートアップ｜セミナー・ウェビナー集客LP（グラスモーフィズム・ジェネラティブ背景＋コピー）","プロ（演出多め）"
"LP-06054","パーソナルジム・フィットネス｜無料体験・カウンセリング予約LP（北欧・ライフスタイル・超大型タイポグラフィ）","上級"
"LP-06055","ホテル・旅館｜リード獲得（資料請求・問い合わせ）LP（ミニマル・洗練・スクロールで商品が回転/分解）","プロ（演出多め）"
"LP-06056","歯科医院｜採用エントリーLP（ミニマル・洗練・スクロールで商品が回転/分解）","プロ（演出多め）"
"LP-06057","スマホアプリ｜会員登録・アプリDLLP（クール・テック・ジェネラティブ背景＋コピー）","上級"
"LP-06058","ペット・トリミング・動物病院｜リード獲得（資料請求・問い合わせ）LP（かわいい・ガーリー・ジェネラティブ背景＋コピー）","プロ（演出多め）"
"LP-06059","美容クリニック｜採用エントリーLP（ラグジュアリー・高級感・デバイスモックアップ浮遊）","プロ（演出多め）"
"LP-06060","コスメ・スキンケア｜商品購入（単品通販）LP（ハンドメイド・手書き・デバイスモックアップ浮遊）","上級"
"LP-06061","アパレル・ファッションEC｜商品購入（単品通販）LP（ミニマル・洗練・実績数字ドーン）","プロ（演出多め）"
"LP-06062","農業・地方の生産者｜商品購入（単品通販）LP（ハンドメイド・手書き・ジェネラティブ背景＋コピー）","プロ（演出多め）"
"LP-06063","スクール・オンライン講座｜会員登録・アプリDLLP（信頼・誠実（コーポレート）・スクロールで商品が回転/分解）","プロ（演出多め）"
"LP-06064","農業・地方の生産者｜クラウドファンディング支援LP（ハンドメイド・手書き・イラスト主体）","プロ（演出多め）"
"LP-06065","ホテル・旅館｜採用エントリーLP（ダーク・シネマティック・イラスト主体）","プロ（演出多め）"
"LP-06066","不動産・マンション｜無料体験・カウンセリング予約LP（ハンドメイド・手書き・ジェネラティブ背景＋コピー）","上級"
"LP-06067","歯科医院｜LINE友だち追加LP（ミニマル・洗練・イラスト主体）","プロ（演出多め）"
"LP-06068","YouTuber・インフルエンサー｜会員登録・アプリDLLP（ニューブルータリズム・ジェネラティブ背景＋コピー）","プロ（演出多め）"
"LP-06069","AIサービス・スタートアップ｜無料体験・カウンセリング予約LP（ネオン・サイバー・スクロールで商品が回転/分解）","プロ（演出多め）"
"LP-06070","ウェディング・結婚相談所｜無料体験・カウンセリング予約LP（ラグジュアリー・高級感・スクロールで商品が回転/分解）","プロ（演出多め）"
"LP-06071","ゲーム・eスポーツ｜リード獲得（資料請求・問い合わせ）LP（ネオン・サイバー・スクロールで商品が回転/分解）","プロ（演出多め）"
"LP-06072","ゲーム・eスポーツ｜会員登録・アプリDLLP（レトロ・Y2K・イラスト主体）","上級"
"LP-06073","カフェ・ベーカリー｜LINE友だち追加LP（ナチュラル・オーガニック・イラスト主体）","プロ（演出多め）"
"LP-06074","採用・求人｜リード獲得（資料請求・問い合わせ）LP（信頼・誠実（コーポレート）・背景動画ループ＋オーバーレイ）","プロ（演出多め）"
"LP-06075","パーソナルジム・フィットネス｜無料体験・カウンセリング予約LP（かわいい・ガーリー・左テキスト×右商品/人物）","プロ（演出多め）"
"LP-06076","採用・求人｜リード獲得（資料請求・問い合わせ）LP（信頼・誠実（コーポレート）・実績数字ドーン）","プロ（演出多め）"
"LP-06077","YouTuber・インフルエンサー｜リード獲得（資料請求・問い合わせ）LP（かわいい・ガーリー・全面写真＋中央キャッチ）","プロ（演出多め）"
"LP-06078","プログラミングスクール｜採用エントリーLP（クール・テック・背景動画ループ＋オーバーレイ）","上級"
"LP-06079","スマホアプリ｜無料体験・カウンセリング予約LP（ラグジュアリー・高級感・ジェネラティブ背景＋コピー）","プロ（演出多め）"
"LP-06080","採用・求人｜リード獲得（資料請求・問い合わせ）LP（エネルギッシュ・スポーティ・デバイスモックアップ浮遊）","プロ（演出多め）"
"LP-06081","士業（税理士・弁護士・行政書士）｜無料体験・カウンセリング予約LP（和モダン・左テキスト×右商品/人物）","プロ（演出多め）"
"LP-06082","引越し・生活サービス｜採用エントリーLP（ポップ・カラフル・実績数字ドーン）","上級"
"LP-06083","コスメ・スキンケア｜リード獲得（資料請求・問い合わせ）LP（ミニマル・洗練・ジェネラティブ背景＋コピー）","プロ（演出多め）"
"LP-06084","ヨガ・ピラティス｜LINE友だち追加LP（パステル・ドリーミー・背景動画ループ＋オーバーレイ）","プロ（演出多め）"
"LP-06085","歯科医院｜採用エントリーLP（信頼・誠実（コーポレート）・ジェネラティブ背景＋コピー）","上級"
"LP-06086","美容室・ヘアサロン｜無料体験・カウンセリング予約LP（ミニマル・洗練・イラスト主体）","プロ（演出多め）"
"LP-06087","金融・保険・投資｜採用エントリーLP（クール・テック・ジェネラティブ背景＋コピー）","プロ（演出多め）"
"LP-06088","士業（税理士・弁護士・行政書士）｜リード獲得（資料請求・問い合わせ）LP（和モダン・デバイスモックアップ浮遊）","上級"
"LP-06089","コスメ・スキンケア｜採用エントリーLP（パステル・ドリーミー・ジェネラティブ背景＋コピー）","プロ（演出多め）"
"LP-06090","美容室・ヘアサロン｜LINE友だち追加LP（ミニマル・洗練・超大型タイポグラフィ）","プロ（演出多め）"
"LP-06091","建築設計事務所｜リード獲得（資料請求・問い合わせ）LP（エディトリアル・雑誌風・背景動画ループ＋オーバーレイ）","上級"
"LP-06092","カフェ・ベーカリー｜採用エントリーLP（レトロ・Y2K・全面写真＋中央キャッチ）","プロ（演出多め）"
"LP-06093","パーソナルジム・フィットネス｜LINE友だち追加LP（クール・テック・イラスト主体）","プロ（演出多め）"
"LP-06094","SaaS・BtoBツール｜リード獲得（資料請求・問い合わせ）LP（グラスモーフィズム・デバイスモックアップ浮遊）","プロ（演出多め）"
"LP-06095","占い・スピリチュアル｜無料体験・カウンセリング予約LP（ミニマル・洗練・イラスト主体）","上級"
"LP-06096","AIサービス・スタートアップ｜会員登録・アプリDLLP（クール・テック・ジェネラティブ背景＋コピー）","上級"
"LP-06097","コンサル・コーチング｜セミナー・ウェビナー集客LP（ミニマル・洗練・超大型タイポグラフィ）","プロ（演出多め）"
"LP-06098","レストラン・居酒屋｜LINE友だち追加LP（ラグジュアリー・高級感・写真コラージュ）","プロ（演出多め）"
"LP-06099","AIサービス・スタートアップ｜会員登録・アプリDLLP（グラスモーフィズム・デバイスモックアップ浮遊）","上級"
"LP-06100","和菓子・スイーツ｜リード獲得（資料請求・問い合わせ）LP（ナチュラル・オーガニック・ジェネラティブ背景＋コピー）","プロ（演出多め）"
"LP-06101","スマホアプリ｜採用エントリーLP（ポップ・カラフル・左テキスト×右商品/人物）","プロ（演出多め）"
"LP-06102","歯科医院｜採用エントリーLP（ナチュラル・オーガニック・スクロールで商品が回転/分解）","プロ（演出多め）"
"LP-06103","工務店・注文住宅・リフォーム｜リード獲得（資料請求・問い合わせ）LP（ナチュラル・オーガニック・背景動画ループ＋オーバーレイ）","プロ（演出多め）"
"LP-06104","食品・産直EC｜商品購入（単品通販）LP（ポップ・カラフル・ジェネラティブ背景＋コピー）","プロ（演出多め）"
"LP-06105","ペット・トリミング・動物病院｜商品購入（単品通販）LP（ハンドメイド・手書き・ジェネラティブ背景＋コピー）","プロ（演出多め）"
"LP-06106","アパレル・ファッションEC｜商品購入（単品通販）LP（レトロ・Y2K・デバイスモックアップ浮遊）","プロ（演出多め）"
"LP-06107","和菓子・スイーツ｜商品購入（単品通販）LP（ナチュラル・オーガニック・超大型タイポグラフィ）","プロ（演出多め）"
"LP-06108","アパレル・ファッションEC｜商品購入（単品通販）LP（ダーク・シネマティック・背景動画ループ＋オーバーレイ）","プロ（演出多め）"
"LP-06109","観光・地域プロモーション｜リード獲得（資料請求・問い合わせ）LP（和モダン・実績数字ドーン）","プロ（演出多め）"
"LP-06110","YouTuber・インフルエンサー｜採用エントリーLP（ポップ・カラフル・イラスト主体）","プロ（演出多め）"
"LP-06111","SaaS・BtoBツール｜採用エントリーLP（ミニマル・洗練・実績数字ドーン）","プロ（演出多め）"
"LP-06112","YouTuber・インフルエンサー｜採用エントリーLP（ニューブルータリズム・ジェネラティブ背景＋コピー）","プロ（演出多め）"
"LP-06113","レストラン・居酒屋｜採用エントリーLP（ダーク・シネマティック・ジェネラティブ背景＋コピー）","プロ（演出多め）"
"LP-06114","観光・地域プロモーション｜採用エントリーLP（ナチュラル・オーガニック・写真コラージュ）","プロ（演出多め）"
"LP-06115","エステ・脱毛サロン｜商品購入（単品通販）LP（ラグジュアリー・高級感・ジェネラティブ背景＋コピー）","プロ（演出多め）"
"LP-06116","レストラン・居酒屋｜採用エントリーLP（レトロ・Y2K・背景動画ループ＋オーバーレイ）","プロ（演出多め）"
"LP-06117","金融・保険・投資｜無料体験・カウンセリング予約LP（信頼・誠実（コーポレート）・写真コラージュ）","プロ（演出多め）"
"LP-06118","AIサービス・スタートアップ｜無料体験・カウンセリング予約LP（ミニマル・洗練・デバイスモックアップ浮遊）","プロ（演出多め）"
"LP-06119","内科・クリニック｜無料体験・カウンセリング予約LP（信頼・誠実（コーポレート）・実績数字ドーン）","プロ（演出多め）"
"LP-06120","カフェ・ベーカリー｜採用エントリーLP（ナチュラル・オーガニック・デバイスモックアップ浮遊）","プロ（演出多め）"
"LP-06121","内科・クリニック｜無料体験・カウンセリング予約LP（信頼・誠実（コーポレート）・デバイスモックアップ浮遊）","プロ（演出多め）"
"LP-06122","ウェディング・結婚相談所｜LINE友だち追加LP（ラグジュアリー・高級感・実績数字ドーン）","プロ（演出多め）"
"LP-06123","プログラミングスクール｜無料体験・カウンセリング予約LP（3D・クレイ・写真コラージュ）","プロ（演出多め）"
"LP-06124","コンサル・コーチング｜無料体験・カウンセリング予約LP（信頼・誠実（コーポレート）・デバイスモックアップ浮遊）","上級"
"LP-06125","歯科医院｜LINE友だち追加LP（信頼・誠実（コーポレート）・左テキスト×右商品/人物）","プロ（演出多め）"
"LP-06126","士業（税理士・弁護士・行政書士）｜採用エントリーLP（ネオン・サイバー・デバイスモックアップ浮遊）","プロ（演出多め）"
"LP-06127","NPO・地方自治体｜クラウドファンディング支援LP（信頼・誠実（コーポレート）・写真コラージュ）","プロ（演出多め）"
"LP-06128","ウェディング・結婚相談所｜リード獲得（資料請求・問い合わせ）LP（ラグジュアリー・高級感・実績数字ドーン）","上級"
"LP-06129","美容クリニック｜リード獲得（資料請求・問い合わせ）LP（ミニマル・洗練・イラスト主体）","プロ（演出多め）"
"LP-06130","金融・保険・投資｜採用エントリーLP（ミニマル・洗練・デバイスモックアップ浮遊）","プロ（演出多め）"
"LP-06131","コンサル・コーチング｜無料体験・カウンセリング予約LP（エディトリアル・雑誌風・実績数字ドーン）","プロ（演出多め）"
"LP-06132","アパレル・ファッションEC｜リード獲得（資料請求・問い合わせ）LP（ニューブルータリズム・イラスト主体）","プロ（演出多め）"
"LP-06133","AIサービス・スタートアップ｜会員登録・アプリDLLP（ダーク・シネマティック・イラスト主体）","プロ（演出多め）"
"LP-06134","スクール・オンライン講座｜セミナー・ウェビナー集客LP（レトロ・Y2K・イラスト主体）","プロ（演出多め）"
"LP-06135","建築設計事務所｜採用エントリーLP（エディトリアル・雑誌風・写真コラージュ）","プロ（演出多め）"
"LP-06136","内科・クリニック｜LINE友だち追加LP（北欧・ライフスタイル・デバイスモックアップ浮遊）","上級"
"LP-06137","金融・保険・投資｜セミナー・ウェビナー集客LP（信頼・誠実（コーポレート）・全面写真＋中央キャッチ）","プロ（演出多め）"
"LP-06138","ヨガ・ピラティス｜採用エントリーLP（北欧・ライフスタイル・写真コラージュ）","プロ（演出多め）"
"LP-06139","レストラン・居酒屋｜採用エントリーLP（ラグジュアリー・高級感・写真コラージュ）","プロ（演出多め）"
"LP-06140","金融・保険・投資｜採用エントリーLP（北欧・ライフスタイル・デバイスモックアップ浮遊）","プロ（演出多め）"
"LP-06141","英会話・語学｜無料体験・カウンセリング予約LP（ジオメトリック・グラフィカル・イラスト主体）","プロ（演出多め）"
"LP-06142","プログラミングスクール｜無料体験・カウンセリング予約LP（3D・クレイ・スクロールで商品が回転/分解）","プロ（演出多め）"
"LP-06143","プログラミングスクール｜採用エントリーLP（ネオン・サイバー・超大型タイポグラフィ）","プロ（演出多め）"
"LP-06144","プログラミングスクール｜採用エントリーLP（かわいい・ガーリー・全面写真＋中央キャッチ）","プロ（演出多め）"
"LP-06145","ヨガ・ピラティス｜無料体験・カウンセリング予約LP（北欧・ライフスタイル・背景動画ループ＋オーバーレイ）","プロ（演出多め）"
"LP-06146","美容室・ヘアサロン｜採用エントリーLP（エディトリアル・雑誌風・デバイスモックアップ浮遊）","プロ（演出多め）"
"LP-06147","採用・求人｜リード獲得（資料請求・問い合わせ）LP（ジオメトリック・グラフィカル・スクロールで商品が回転/分解）","プロ（演出多め）"
"LP-06148","採用・求人｜リード獲得（資料請求・問い合わせ）LP（クール・テック・左テキスト×右商品/人物）","プロ（演出多め）"
"LP-06149","保育園・幼児教育・習い事｜採用エントリーLP（ハンドメイド・手書き・背景動画ループ＋オーバーレイ）","プロ（演出多め）"
"LP-06150","サウナ・温浴施設｜採用エントリーLP（ハンドメイド・手書き・イラスト主体）","プロ（演出多め）"
"LP-06151","建築設計事務所｜リード獲得（資料請求・問い合わせ）LP（ミニマル・洗練・全面写真＋中央キャッチ）","プロ（演出多め）"
"LP-06152","建築設計事務所｜採用エントリーLP（ジオメトリック・グラフィカル・左テキスト×右商品/人物）","プロ（演出多め）"
"LP-06153","引越し・生活サービス｜リード獲得（資料請求・問い合わせ）LP（3D・クレイ・背景動画ループ＋オーバーレイ）","プロ（演出多め）"
"LP-06154","引越し・生活サービス｜採用エントリーLP（3D・クレイ・左テキスト×右商品/人物）","プロ（演出多め）"
"LP-06155","美容室・ヘアサロン｜LINE友だち追加LP（ラグジュアリー・高級感・写真コラージュ）","プロ（演出多め）"
"LP-06156","音楽・ライブ・イベント｜採用エントリーLP（ダーク・シネマティック・実績数字ドーン）","プロ（演出多め）"
"LP-06157","士業（税理士・弁護士・行政書士）｜採用エントリーLP（信頼・誠実（コーポレート）・スクロールで商品が回転/分解）","上級"
"LP-06158","音楽・ライブ・イベント｜クラウドファンディング支援LP（クール・テック・デバイスモックアップ浮遊）","プロ（演出多め）"
"LP-06159","工務店・注文住宅・リフォーム｜セミナー・ウェビナー集客LP（信頼・誠実（コーポレート）・写真コラージュ）","プロ（演出多め）"
"LP-06160","スクール・オンライン講座｜リード獲得（資料請求・問い合わせ）LP（レトロ・Y2K・背景動画ループ＋オーバーレイ）","プロ（演出多め）"
"LP-06161","AIサービス・スタートアップ｜採用エントリーLP（ミニマル・洗練・ジェネラティブ背景＋コピー）","プロ（演出多め）"
"LP-06162","プログラミングスクール｜セミナー・ウェビナー集客LP（ポップ・カラフル・左テキスト×右商品/人物）","プロ（演出多め）"
"LP-06163","サウナ・温浴施設｜採用エントリーLP（ナチュラル・オーガニック・イラスト主体）","プロ（演出多め）"
"LP-06164","英会話・語学｜採用エントリーLP（信頼・誠実（コーポレート）・左テキスト×右商品/人物）","プロ（演出多め）"
"LP-06165","サウナ・温浴施設｜無料体験・カウンセリング予約LP（ダーク・シネマティック・写真コラージュ）","プロ（演出多め）"
"LP-06166","採用・求人｜リード獲得（資料請求・問い合わせ）LP（ニューブルータリズム・実績数字ドーン）","プロ（演出多め）"
"LP-06167","アパレル・ファッションEC｜採用エントリーLP（レトロ・Y2K・実績数字ドーン）","プロ（演出多め）"
"LP-06168","SaaS・BtoBツール｜セミナー・ウェビナー集客LP（3D・クレイ・左テキスト×右商品/人物）","プロ（演出多め）"
"LP-06169","金融・保険・投資｜会員登録・アプリDLLP（ミニマル・洗練・ジェネラティブ背景＋コピー）","プロ（演出多め）"
"LP-06170","占い・スピリチュアル｜採用エントリーLP（和モダン・左テキスト×右商品/人物）","プロ（演出多め）"
"LP-06171","不動産・マンション｜リード獲得（資料請求・問い合わせ）LP（信頼・誠実（コーポレート）・イラスト主体）","上級"
"LP-06172","パーソナルジム・フィットネス｜リード獲得（資料請求・問い合わせ）LP（ポップ・カラフル・ジェネラティブ背景＋コピー）","プロ（演出多め）"
"LP-06173","食品・産直EC｜商品購入（単品通販）LP（和モダン・写真コラージュ）","プロ（演出多め）"
"LP-06174","ホテル・旅館｜LINE友だち追加LP（和モダン・背景動画ループ＋オーバーレイ）","プロ（演出多め）"
"LP-06175","コスメ・スキンケア｜商品購入（単品通販）LP（ナチュラル・オーガニック・ジェネラティブ背景＋コピー）","プロ（演出多め）"
"LP-06176","SaaS・BtoBツール｜採用エントリーLP（ミニマル・洗練・左テキスト×右商品/人物）","プロ（演出多め）"
"LP-06177","観光・地域プロモーション｜採用エントリーLP（エネルギッシュ・スポーティ・背景動画ループ＋オーバーレイ）","プロ（演出多め）"
"LP-06178","工務店・注文住宅・リフォーム｜LINE友だち追加LP（北欧・ライフスタイル・全面写真＋中央キャッチ）","プロ（演出多め）"
"LP-06179","金融・保険・投資｜無料体験・カウンセリング予約LP（ミニマル・洗練・デバイスモックアップ浮遊）","プロ（演出多め）"
"LP-06180","不動産・マンション｜無料体験・カウンセリング予約LP（ダーク・シネマティック・スクロールで商品が回転/分解）","プロ（演出多め）"
"LP-06181","音楽・ライブ・イベント｜採用エントリーLP（レトロ・Y2K・実績数字ドーン）","プロ（演出多め）"
"LP-06182","引越し・生活サービス｜無料体験・カウンセリング予約LP（ポップ・カラフル・超大型タイポグラフィ）","プロ（演出多め）"
"LP-06183","ゲーム・eスポーツ｜採用エントリーLP（ネオン・サイバー・実績数字ドーン）","プロ（演出多め）"
"LP-06184","SaaS・BtoBツール｜無料体験・カウンセリング予約LP（3D・クレイ・写真コラージュ）","プロ（演出多め）"
"LP-06185","サウナ・温浴施設｜リード獲得（資料請求・問い合わせ）LP（ジオメトリック・グラフィカル・背景動画ループ＋オーバーレイ）","プロ（演出多め）"
"LP-06186","工務店・注文住宅・リフォーム｜リード獲得（資料請求・問い合わせ）LP（ミニマル・洗練・背景動画ループ＋オーバーレイ）","プロ（演出多め）"
"LP-06187","農業・地方の生産者｜クラウドファンディング支援LP（ミニマル・洗練・写真コラージュ）","プロ（演出多め）"
"LP-06188","保育園・幼児教育・習い事｜LINE友だち追加LP（ハンドメイド・手書き・超大型タイポグラフィ）","プロ（演出多め）"
"LP-06189","ウェディング・結婚相談所｜無料体験・カウンセリング予約LP（ジオメトリック・グラフィカル・ジェネラティブ背景＋コピー）","プロ（演出多め）"
"LP-06190","金融・保険・投資｜セミナー・ウェビナー集客LP（ミニマル・洗練・全面写真＋中央キャッチ）","プロ（演出多め）"
"LP-06191","採用・求人｜採用エントリーLP（エディトリアル・雑誌風・デバイスモックアップ浮遊）","プロ（演出多め）"
"LP-06192","観光・地域プロモーション｜クラウドファンディング支援LP（クール・テック・実績数字ドーン）","上級"
"LP-06193","保育園・幼児教育・習い事｜採用エントリーLP（ナチュラル・オーガニック・ジェネラティブ背景＋コピー）","プロ（演出多め）"
"LP-06194","ペット・トリミング・動物病院｜LINE友だち追加LP（ナチュラル・オーガニック・デバイスモックアップ浮遊）","上級"
"LP-06195","英会話・語学｜リード獲得（資料請求・問い合わせ）LP（3D・クレイ・実績数字ドーン）","上級"
"LP-06196","スクール・オンライン講座｜無料体験・カウンセリング予約LP（クール・テック・イラスト主体）","プロ（演出多め）"
"LP-06197","歯科医院｜LINE友だち追加LP（ナチュラル・オーガニック・デバイスモックアップ浮遊）","プロ（演出多め）"
"LP-06198","ウェディング・結婚相談所｜無料体験・カウンセリング予約LP（かわいい・ガーリー・全面写真＋中央キャッチ）","プロ（演出多め）"
"LP-06199","レストラン・居酒屋｜採用エントリーLP（ラグジュアリー・高級感・ジェネラティブ背景＋コピー）","プロ（演出多め）"
"LP-06200","カフェ・ベーカリー｜LINE友だち追加LP（エネルギッシュ・スポーティ・スクロールで商品が回転/分解）","プロ（演出多め）"
"LP-06201","ウェディング・結婚相談所｜無料体験・カウンセリング予約LP（パステル・ドリーミー・スクロールで商品が回転/分解）","プロ（演出多め）"
"LP-06202","和菓子・スイーツ｜採用エントリーLP（かわいい・ガーリー・実績数字ドーン）","プロ（演出多め）"
"LP-06203","保育園・幼児教育・習い事｜採用エントリーLP（3D・クレイ・写真コラージュ）","プロ（演出多め）"
"LP-06204","美容クリニック｜無料体験・カウンセリング予約LP（信頼・誠実（コーポレート）・全面写真＋中央キャッチ）","プロ（演出多め）"
"LP-06205","エステ・脱毛サロン｜LINE友だち追加LP（ラグジュアリー・高級感・ジェネラティブ背景＋コピー）","プロ（演出多め）"
"LP-06206","ペット・トリミング・動物病院｜LINE友だち追加LP（かわいい・ガーリー・イラスト主体）","上級"
"LP-06207","占い・スピリチュアル｜採用エントリーLP（ラグジュアリー・高級感・スクロールで商品が回転/分解）","プロ（演出多め）"
"LP-06208","カフェ・ベーカリー｜採用エントリーLP（北欧・ライフスタイル・スクロールで商品が回転/分解）","プロ（演出多め）"
"LP-06209","YouTuber・インフルエンサー｜リード獲得（資料請求・問い合わせ）LP（かわいい・ガーリー・左テキスト×右商品/人物）","プロ（演出多め）"
"LP-06210","引越し・生活サービス｜リード獲得（資料請求・問い合わせ）LP（信頼・誠実（コーポレート）・超大型タイポグラフィ）","プロ（演出多め）"
"LP-06211","AIサービス・スタートアップ｜セミナー・ウェビナー集客LP（ネオン・サイバー・背景動画ループ＋オーバーレイ）","プロ（演出多め）"
"LP-06212","エステ・脱毛サロン｜LINE友だち追加LP（かわいい・ガーリー・イラスト主体）","プロ（演出多め）"
"LP-06213","歯科医院｜LINE友だち追加LP（信頼・誠実（コーポレート）・実績数字ドーン）","プロ（演出多め）"
"LP-06214","自動車・バイク｜無料体験・カウンセリング予約LP（ダーク・シネマティック・スクロールで商品が回転/分解）","プロ（演出多め）"
"LP-06215","アパレル・ファッションEC｜リード獲得（資料請求・問い合わせ）LP（エネルギッシュ・スポーティ・スクロールで商品が回転/分解）","プロ（演出多め）"
"LP-06216","士業（税理士・弁護士・行政書士）｜リード獲得（資料請求・問い合わせ）LP（信頼・誠実（コーポレート）・ジェネラティブ背景＋コピー）","プロ（演出多め）"
"LP-06217","占い・スピリチュアル｜LINE友だち追加LP（和モダン・イラスト主体）","プロ（演出多め）"
"LP-06218","アパレル・ファッションEC｜採用エントリーLP（ミニマル・洗練・実績数字ドーン）","プロ（演出多め）"
"LP-06219","サウナ・温浴施設｜採用エントリーLP（ダーク・シネマティック・実績数字ドーン）","プロ（演出多め）"
"LP-06220","スクール・オンライン講座｜リード獲得（資料請求・問い合わせ）LP（ラグジュアリー・高級感・背景動画ループ＋オーバーレイ）","プロ（演出多め）"
"LP-06221","コスメ・スキンケア｜リード獲得（資料請求・問い合わせ）LP（クール・テック・実績数字ドーン）","プロ（演出多め）"
"LP-06222","歯科医院｜リード獲得（資料請求・問い合わせ）LP（ハンドメイド・手書き・背景動画ループ＋オーバーレイ）","プロ（演出多め）"
"LP-06223","スクール・オンライン講座｜会員登録・アプリDLLP（信頼・誠実（コーポレート）・イラスト主体）","プロ（演出多め）"
"LP-06224","音楽・ライブ・イベント｜リード獲得（資料請求・問い合わせ）LP（レトロ・Y2K・全面写真＋中央キャッチ）","プロ（演出多め）"
"LP-06225","エステ・脱毛サロン｜リード獲得（資料請求・問い合わせ）LP（かわいい・ガーリー・左テキスト×右商品/人物）","プロ（演出多め）"
"LP-06226","英会話・語学｜会員登録・アプリDLLP（3D・クレイ・左テキスト×右商品/人物）","プロ（演出多め）"
"LP-06227","保育園・幼児教育・習い事｜採用エントリーLP（ハンドメイド・手書き・背景動画ループ＋オーバーレイ）","プロ（演出多め）"
"LP-06228","ウェディング・結婚相談所｜リード獲得（資料請求・問い合わせ）LP（パステル・ドリーミー・イラスト主体）","上級"
"LP-06229","AIサービス・スタートアップ｜会員登録・アプリDLLP（ミニマル・洗練・全面写真＋中央キャッチ）","プロ（演出多め）"
"LP-06230","レストラン・居酒屋｜リード獲得（資料請求・問い合わせ）LP（和モダン・左テキスト×右商品/人物）","プロ（演出多め）"
"LP-06231","内科・クリニック｜リード獲得（資料請求・問い合わせ）LP（信頼・誠実（コーポレート）・背景動画ループ＋オーバーレイ）","プロ（演出多め）"
"LP-06232","YouTuber・インフルエンサー｜リード獲得（資料請求・問い合わせ）LP（ニューブルータリズム・イラスト主体）","プロ（演出多め）"
"LP-06233","コンサル・コーチング｜リード獲得（資料請求・問い合わせ）LP（信頼・誠実（コーポレート）・写真コラージュ）","プロ（演出多め）"
"LP-06234","コンサル・コーチング｜セミナー・ウェビナー集客LP（ナチュラル・オーガニック・背景動画ループ＋オーバーレイ）","プロ（演出多め）"
"LP-06235","ゲーム・eスポーツ｜採用エントリーLP（ダーク・シネマティック・イラスト主体）","プロ（演出多め）"
"LP-06236","英会話・語学｜採用エントリーLP（ジオメトリック・グラフィカル・実績数字ドーン）","プロ（演出多め）"
"LP-06237","内科・クリニック｜LINE友だち追加LP（信頼・誠実（コーポレート）・写真コラージュ）","プロ（演出多め）"
"LP-06238","ゲーム・eスポーツ｜会員登録・アプリDLLP（ネオン・サイバー・超大型タイポグラフィ）","上級"
"LP-06239","不動産・マンション｜採用エントリーLP（ミニマル・洗練・写真コラージュ）","プロ（演出多め）"
"LP-06240","工務店・注文住宅・リフォーム｜採用エントリーLP（信頼・誠実（コーポレート）・写真コラージュ）","プロ（演出多め）"
"LP-06241","歯科医院｜LINE友だち追加LP（レトロ・Y2K・デバイスモックアップ浮遊）","プロ（演出多め）"
"LP-06242","Web制作・デザイン事務所｜リード獲得（資料請求・問い合わせ）LP（エディトリアル・雑誌風・デバイスモックアップ浮遊）","プロ（演出多め）"
"LP-06243","サウナ・温浴施設｜無料体験・カウンセリング予約LP（ニューブルータリズム・背景動画ループ＋オーバーレイ）","プロ（演出多め）"
"LP-06244","ペット・トリミング・動物病院｜採用エントリーLP（ナチュラル・オーガニック・左テキスト×右商品/人物）","プロ（演出多め）"
"LP-06245","クラウドファンディング・新商品｜クラウドファンディング支援LP（ナチュラル・オーガニック・左テキスト×右商品/人物）","プロ（演出多め）"
"LP-06246","士業（税理士・弁護士・行政書士）｜採用エントリーLP（ミニマル・洗練・背景動画ループ＋オーバーレイ）","プロ（演出多め）"
"LP-06247","保育園・幼児教育・習い事｜採用エントリーLP（エディトリアル・雑誌風・イラスト主体）","プロ（演出多め）"
"LP-06248","コンサル・コーチング｜無料体験・カウンセリング予約LP（エディトリアル・雑誌風・ジェネラティブ背景＋コピー）","プロ（演出多め）"
"LP-06249","自動車・バイク｜無料体験・カウンセリング予約LP（ラグジュアリー・高級感・デバイスモックアップ浮遊）","上級"
"LP-06250","建築設計事務所｜リード獲得（資料請求・問い合わせ）LP（エディトリアル・雑誌風・全面写真＋中央キャッチ）","プロ（演出多め）"
"LP-06251","内科・クリニック｜LINE友だち追加LP（北欧・ライフスタイル・イラスト主体）","プロ（演出多め）"
"LP-06252","Web制作・デザイン事務所｜リード獲得（資料請求・問い合わせ）LP（クール・テック・デバイスモックアップ浮遊）","上級"
"LP-06253","Web制作・デザイン事務所｜セミナー・ウェビナー集客LP（ジオメトリック・グラフィカル・実績数字ドーン）","プロ（演出多め）"
"LP-06254","不動産・マンション｜セミナー・ウェビナー集客LP（ミニマル・洗練・デバイスモックアップ浮遊）","プロ（演出多め）"
"LP-06255","エステ・脱毛サロン｜採用エントリーLP（ミニマル・洗練・左テキスト×右商品/人物）","プロ（演出多め）"
"LP-06256","引越し・生活サービス｜無料体験・カウンセリング予約LP（信頼・誠実（コーポレート）・デバイスモックアップ浮遊）","プロ（演出多め）"
"LP-06257","ゲーム・eスポーツ｜クラウドファンディング支援LP（ネオン・サイバー・超大型タイポグラフィ）","プロ（演出多め）"
"LP-06258","農業・地方の生産者｜採用エントリーLP（和モダン・イラスト主体）","プロ（演出多め）"
"LP-06259","歯科医院｜無料体験・カウンセリング予約LP（ニューブルータリズム・全面写真＋中央キャッチ）","プロ（演出多め）"
"LP-06260","レストラン・居酒屋｜LINE友だち追加LP（クール・テック・ジェネラティブ背景＋コピー）","上級"
"LP-06261","コンサル・コーチング｜セミナー・ウェビナー集客LP（信頼・誠実（コーポレート）・超大型タイポグラフィ）","プロ（演出多め）"
"LP-06262","Web制作・デザイン事務所｜採用エントリーLP（エディトリアル・雑誌風・全面写真＋中央キャッチ）","プロ（演出多め）"
"LP-06263","食品・産直EC｜リード獲得（資料請求・問い合わせ）LP（ニューブルータリズム・左テキスト×右商品/人物）","プロ（演出多め）"
"LP-06264","カフェ・ベーカリー｜LINE友だち追加LP（北欧・ライフスタイル・写真コラージュ）","プロ（演出多め）"
"LP-06265","美容クリニック｜無料体験・カウンセリング予約LP（ミニマル・洗練・超大型タイポグラフィ）","プロ（演出多め）"
"LP-06266","スマホアプリ｜無料体験・カウンセリング予約LP（グラスモーフィズム・写真コラージュ）","プロ（演出多め）"
"LP-06267","音楽・ライブ・イベント｜クラウドファンディング支援LP（レトロ・Y2K・全面写真＋中央キャッチ）","プロ（演出多め）"
"LP-06268","ウェディング・結婚相談所｜無料体験・カウンセリング予約LP（パステル・ドリーミー・実績数字ドーン）","プロ（演出多め）"
"LP-06269","建築設計事務所｜採用エントリーLP（ジオメトリック・グラフィカル・背景動画ループ＋オーバーレイ）","プロ（演出多め）"
"LP-06270","YouTuber・インフルエンサー｜リード獲得（資料請求・問い合わせ）LP（かわいい・ガーリー・左テキスト×右商品/人物）","プロ（演出多め）"
"LP-06271","採用・求人｜リード獲得（資料請求・問い合わせ）LP（エネルギッシュ・スポーティ・実績数字ドーン）","プロ（演出多め）"
"LP-06272","パーソナルジム・フィットネス｜採用エントリーLP（ジオメトリック・グラフィカル・全面写真＋中央キャッチ）","プロ（演出多め）"
"LP-06273","レストラン・居酒屋｜採用エントリーLP（ダーク・シネマティック・実績数字ドーン）","プロ（演出多め）"
"LP-06274","美容クリニック｜LINE友だち追加LP（パステル・ドリーミー・実績数字ドーン）","プロ（演出多め）"
"LP-06275","ゲーム・eスポーツ｜リード獲得（資料請求・問い合わせ）LP（レトロ・Y2K・写真コラージュ）","プロ（演出多め）"
"LP-06276","カフェ・ベーカリー｜LINE友だち追加LP（北欧・ライフスタイル・写真コラージュ）","プロ（演出多め）"
"LP-06277","食品・産直EC｜商品購入（単品通販）LP（ナチュラル・オーガニック・背景動画ループ＋オーバーレイ）","プロ（演出多め）"
"LP-06278","観光・地域プロモーション｜リード獲得（資料請求・問い合わせ）LP（ハンドメイド・手書き・背景動画ループ＋オーバーレイ）","上級"
"LP-06279","内科・クリニック｜LINE友だち追加LP（信頼・誠実（コーポレート）・全面写真＋中央キャッチ）","プロ（演出多め）"
"LP-06280","占い・スピリチュアル｜採用エントリーLP（ハンドメイド・手書き・写真コラージュ）","上級"
"LP-06281","食品・産直EC｜商品購入（単品通販）LP（ナチュラル・オーガニック・スクロールで商品が回転/分解）","プロ（演出多め）"
"LP-06282","美容室・ヘアサロン｜無料体験・カウンセリング予約LP（エネルギッシュ・スポーティ・写真コラージュ）","プロ（演出多め）"
"LP-06283","カフェ・ベーカリー｜LINE友だち追加LP（エディトリアル・雑誌風・左テキスト×右商品/人物）","プロ（演出多め）"
"LP-06284","士業（税理士・弁護士・行政書士）｜無料体験・カウンセリング予約LP（信頼・誠実（コーポレート）・写真コラージュ）","上級"
"LP-06285","歯科医院｜LINE友だち追加LP（ナチュラル・オーガニック・実績数字ドーン）","プロ（演出多め）"
"LP-06286","NPO・地方自治体｜リード獲得（資料請求・問い合わせ）LP（ナチュラル・オーガニック・写真コラージュ）","プロ（演出多め）"
"LP-06287","SaaS・BtoBツール｜セミナー・ウェビナー集客LP（ミニマル・洗練・超大型タイポグラフィ）","上級"
"LP-06288","サウナ・温浴施設｜採用エントリーLP（和モダン・写真コラージュ）","プロ（演出多め）"
"LP-06289","農業・地方の生産者｜クラウドファンディング支援LP（ナチュラル・オーガニック・デバイスモックアップ浮遊）","プロ（演出多め）"
"LP-06290","ヨガ・ピラティス｜リード獲得（資料請求・問い合わせ）LP（ポップ・カラフル・デバイスモックアップ浮遊）","プロ（演出多め）"
"LP-06291","ウェディング・結婚相談所｜無料体験・カウンセリング予約LP（ラグジュアリー・高級感・実績数字ドーン）","プロ（演出多め）"
"LP-06292","SaaS・BtoBツール｜採用エントリーLP（ミニマル・洗練・イラスト主体）","プロ（演出多め）"
"LP-06293","工務店・注文住宅・リフォーム｜無料体験・カウンセリング予約LP（ミニマル・洗練・全面写真＋中央キャッチ）","上級"
"LP-06294","YouTuber・インフルエンサー｜採用エントリーLP（かわいい・ガーリー・超大型タイポグラフィ）","プロ（演出多め）"
"LP-06295","歯科医院｜無料体験・カウンセリング予約LP（ナチュラル・オーガニック・背景動画ループ＋オーバーレイ）","プロ（演出多め）"
"LP-06296","建築設計事務所｜採用エントリーLP（ジオメトリック・グラフィカル・全面写真＋中央キャッチ）","プロ（演出多め）"
"LP-06297","農業・地方の生産者｜クラウドファンディング支援LP（北欧・ライフスタイル・全面写真＋中央キャッチ）","プロ（演出多め）"
"LP-06298","SaaS・BtoBツール｜セミナー・ウェビナー集客LP（信頼・誠実（コーポレート）・スクロールで商品が回転/分解）","プロ（演出多め）"
"LP-06299","和菓子・スイーツ｜LINE友だち追加LP（和モダン・デバイスモックアップ浮遊）","プロ（演出多め）"
"LP-06300","ウェディング・結婚相談所｜リード獲得（資料請求・問い合わせ）LP（ラグジュアリー・高級感・イラスト主体）","プロ（演出多め）"
"LP-06301","英会話・語学｜無料体験・カウンセリング予約LP（ポップ・カラフル・全面写真＋中央キャッチ）","プロ（演出多め）"
"LP-06302","内科・クリニック｜リード獲得（資料請求・問い合わせ）LP（ナチュラル・オーガニック・超大型タイポグラフィ）","プロ（演出多め）"
"LP-06303","ゲーム・eスポーツ｜会員登録・アプリDLLP（ネオン・サイバー・左テキスト×右商品/人物）","上級"
"LP-06304","NPO・地方自治体｜クラウドファンディング支援LP（信頼・誠実（コーポレート）・写真コラージュ）","プロ（演出多め）"
"LP-06305","和菓子・スイーツ｜商品購入（単品通販）LP（ナチュラル・オーガニック・超大型タイポグラフィ）","プロ（演出多め）"
"LP-06306","美容クリニック｜リード獲得（資料請求・問い合わせ）LP（ミニマル・洗練・超大型タイポグラフィ）","プロ（演出多め）"
"LP-06307","美容室・ヘアサロン｜採用エントリーLP（かわいい・ガーリー・スクロールで商品が回転/分解）","プロ（演出多め）"
"LP-06308","AIサービス・スタートアップ｜採用エントリーLP（ポップ・カラフル・左テキスト×右商品/人物）","上級"
"LP-06309","美容クリニック｜採用エントリーLP（信頼・誠実（コーポレート）・実績数字ドーン）","プロ（演出多め）"
"LP-06310","建築設計事務所｜リード獲得（資料請求・問い合わせ）LP（ナチュラル・オーガニック・超大型タイポグラフィ）","プロ（演出多め）"
"LP-06311","ゲーム・eスポーツ｜会員登録・アプリDLLP（グラスモーフィズム・イラスト主体）","プロ（演出多め）"
"LP-06312","スクール・オンライン講座｜セミナー・ウェビナー集客LP（信頼・誠実（コーポレート）・超大型タイポグラフィ）","プロ（演出多め）"
"LP-06313","和菓子・スイーツ｜商品購入（単品通販）LP（ジオメトリック・グラフィカル・写真コラージュ）","プロ（演出多め）"
"LP-06314","食品・産直EC｜クラウドファンディング支援LP（ナチュラル・オーガニック・全面写真＋中央キャッチ）","プロ（演出多め）"
"LP-06315","ウェディング・結婚相談所｜リード獲得（資料請求・問い合わせ）LP（ミニマル・洗練・実績数字ドーン）","上級"
"LP-06316","スクール・オンライン講座｜無料体験・カウンセリング予約LP（3D・クレイ・全面写真＋中央キャッチ）","プロ（演出多め）"
"LP-06317","ヨガ・ピラティス｜リード獲得（資料請求・問い合わせ）LP（北欧・ライフスタイル・全面写真＋中央キャッチ）","プロ（演出多め）"
"LP-06318","エステ・脱毛サロン｜無料体験・カウンセリング予約LP（かわいい・ガーリー・写真コラージュ）","プロ（演出多め）"
"LP-06319","士業（税理士・弁護士・行政書士）｜採用エントリーLP（ミニマル・洗練・左テキスト×右商品/人物）","プロ（演出多め）"
"LP-06320","和菓子・スイーツ｜クラウドファンディング支援LP（ネオン・サイバー・イラスト主体）","プロ（演出多め）"
"LP-06321","美容クリニック｜採用エントリーLP（信頼・誠実（コーポレート）・イラスト主体）","プロ（演出多め）"
"LP-06322","不動産・マンション｜無料体験・カウンセリング予約LP（ラグジュアリー・高級感・ジェネラティブ背景＋コピー）","プロ（演出多め）"
"LP-06323","内科・クリニック｜リード獲得（資料請求・問い合わせ）LP（ナチュラル・オーガニック・写真コラージュ）","プロ（演出多め）"
"LP-06324","工務店・注文住宅・リフォーム｜セミナー・ウェビナー集客LP（北欧・ライフスタイル・全面写真＋中央キャッチ）","プロ（演出多め）"
"LP-06325","アパレル・ファッションEC｜採用エントリーLP（レトロ・Y2K・全面写真＋中央キャッチ）","プロ（演出多め）"
"LP-06326","アパレル・ファッションEC｜リード獲得（資料請求・問い合わせ）LP（エディトリアル・雑誌風・イラスト主体）","プロ（演出多め）"
"LP-06327","ゲーム・eスポーツ｜リード獲得（資料請求・問い合わせ）LP（レトロ・Y2K・実績数字ドーン）","プロ（演出多め）"
"LP-06328","観光・地域プロモーション｜採用エントリーLP（ハンドメイド・手書き・イラスト主体）","プロ（演出多め）"
"LP-06329","保育園・幼児教育・習い事｜リード獲得（資料請求・問い合わせ）LP（ハンドメイド・手書き・デバイスモックアップ浮遊）","プロ（演出多め）"
"LP-06330","プログラミングスクール｜リード獲得（資料請求・問い合わせ）LP（ポップ・カラフル・写真コラージュ）","上級"
"LP-06331","NPO・地方自治体｜リード獲得（資料請求・問い合わせ）LP（信頼・誠実（コーポレート）・デバイスモックアップ浮遊）","プロ（演出多め）"
"LP-06332","ペット・トリミング・動物病院｜無料体験・カウンセリング予約LP（かわいい・ガーリー・写真コラージュ）","プロ（演出多め）"
"LP-06333","スクール・オンライン講座｜リード獲得（資料請求・問い合わせ）LP（クール・テック・実績数字ドーン）","プロ（演出多め）"
"LP-06334","和菓子・スイーツ｜LINE友だち追加LP（ナチュラル・オーガニック・写真コラージュ）","上級"
"LP-06335","英会話・語学｜採用エントリーLP（3D・クレイ・デバイスモックアップ浮遊）","プロ（演出多め）"
"LP-06336","SaaS・BtoBツール｜リード獲得（資料請求・問い合わせ）LP（ジオメトリック・グラフィカル・写真コラージュ）","プロ（演出多め）"
"LP-06337","SaaS・BtoBツール｜リード獲得（資料請求・問い合わせ）LP（信頼・誠実（コーポレート）・全面写真＋中央キャッチ）","プロ（演出多め）"
"LP-06338","NPO・地方自治体｜クラウドファンディング支援LP（ナチュラル・オーガニック・背景動画ループ＋オーバーレイ）","プロ（演出多め）"
"LP-06339","美容室・ヘアサロン｜リード獲得（資料請求・問い合わせ）LP（ナチュラル・オーガニック・ジェネラティブ背景＋コピー）","プロ（演出多め）"
"LP-06340","エステ・脱毛サロン｜LINE友だち追加LP（パステル・ドリーミー・スクロールで商品が回転/分解）","プロ（演出多め）"
"LP-06341","コンサル・コーチング｜セミナー・ウェビナー集客LP（ジオメトリック・グラフィカル・超大型タイポグラフィ）","プロ（演出多め）"
"LP-06342","保育園・幼児教育・習い事｜リード獲得（資料請求・問い合わせ）LP（ナチュラル・オーガニック・イラスト主体）","プロ（演出多め）"
"LP-06343","アパレル・ファッションEC｜商品購入（単品通販）LP（北欧・ライフスタイル・写真コラージュ）","上級"
"LP-06344","YouTuber・インフルエンサー｜会員登録・アプリDLLP（ポップ・カラフル・写真コラージュ）","プロ（演出多め）"
"LP-06345","不動産・マンション｜無料体験・カウンセリング予約LP（ダーク・シネマティック・背景動画ループ＋オーバーレイ）","プロ（演出多め）"
"LP-06346","和菓子・スイーツ｜リード獲得（資料請求・問い合わせ）LP（ダーク・シネマティック・全面写真＋中央キャッチ）","プロ（演出多め）"
"LP-06347","農業・地方の生産者｜採用エントリーLP（和モダン・スクロールで商品が回転/分解）","プロ（演出多め）"
"LP-06348","不動産・マンション｜セミナー・ウェビナー集客LP（エネルギッシュ・スポーティ・背景動画ループ＋オーバーレイ）","プロ（演出多め）"
"LP-06349","自動車・バイク｜リード獲得（資料請求・問い合わせ）LP（ダーク・シネマティック・超大型タイポグラフィ）","プロ（演出多め）"
"LP-06350","金融・保険・投資｜採用エントリーLP（クール・テック・実績数字ドーン）","プロ（演出多め）"
"LP-06351","美容クリニック｜リード獲得（資料請求・問い合わせ）LP（ラグジュアリー・高級感・実績数字ドーン）","プロ（演出多め）"
"LP-06352","Web制作・デザイン事務所｜セミナー・ウェビナー集客LP（エディトリアル・雑誌風・超大型タイポグラフィ）","プロ（演出多め）"
"LP-06353","サウナ・温浴施設｜LINE友だち追加LP（ネオン・サイバー・全面写真＋中央キャッチ）","プロ（演出多め）"
"LP-06354","工務店・注文住宅・リフォーム｜無料体験・カウンセリング予約LP（ナチュラル・オーガニック・超大型タイポグラフィ）","プロ（演出多め）"
"LP-06355","サウナ・温浴施設｜無料体験・カウンセリング予約LP（ジオメトリック・グラフィカル・背景動画ループ＋オーバーレイ）","プロ（演出多め）"
"LP-06356","NPO・地方自治体｜クラウドファンディング支援LP（ニューブルータリズム・デバイスモックアップ浮遊）","プロ（演出多め）"
"LP-06357","ペット・トリミング・動物病院｜LINE友だち追加LP（ハンドメイド・手書き・イラスト主体）","プロ（演出多め）"
"LP-06358","和菓子・スイーツ｜商品購入（単品通販）LP（かわいい・ガーリー・背景動画ループ＋オーバーレイ）","プロ（演出多め）"
"LP-06359","レストラン・居酒屋｜LINE友だち追加LP（ダーク・シネマティック・全面写真＋中央キャッチ）","プロ（演出多め）"
"LP-06360","サウナ・温浴施設｜LINE友だち追加LP（ナチュラル・オーガニック・イラスト主体）","プロ（演出多め）"
"LP-06361","NPO・地方自治体｜クラウドファンディング支援LP（ナチュラル・オーガニック・イラスト主体）","プロ（演出多め）"
"LP-06362","不動産・マンション｜リード獲得（資料請求・問い合わせ）LP（信頼・誠実（コーポレート）・左テキスト×右商品/人物）","プロ（演出多め）"
"LP-06363","占い・スピリチュアル｜無料体験・カウンセリング予約LP（和モダン・イラスト主体）","プロ（演出多め）"
"LP-06364","SaaS・BtoBツール｜採用エントリーLP（クール・テック・実績数字ドーン）","上級"
"LP-06365","建築設計事務所｜採用エントリーLP（ジオメトリック・グラフィカル・超大型タイポグラフィ）","プロ（演出多め）"
"LP-06366","クラウドファンディング・新商品｜採用エントリーLP（ダーク・シネマティック・ジェネラティブ背景＋コピー）","プロ（演出多め）"
"LP-06367","建築設計事務所｜リード獲得（資料請求・問い合わせ）LP（ミニマル・洗練・写真コラージュ）","プロ（演出多め）"
"LP-06368","SaaS・BtoBツール｜リード獲得（資料請求・問い合わせ）LP（3D・クレイ・超大型タイポグラフィ）","プロ（演出多め）"
"LP-06369","占い・スピリチュアル｜リード獲得（資料請求・問い合わせ）LP（パステル・ドリーミー・スクロールで商品が回転/分解）","プロ（演出多め）"
"LP-06370","士業（税理士・弁護士・行政書士）｜セミナー・ウェビナー集客LP（和モダン・実績数字ドーン）","上級"
"LP-06371","コスメ・スキンケア｜商品購入（単品通販）LP（パステル・ドリーミー・実績数字ドーン）","プロ（演出多め）"
"LP-06372","コンサル・コーチング｜セミナー・ウェビナー集客LP（ラグジュアリー・高級感・背景動画ループ＋オーバーレイ）","プロ（演出多め）"
"LP-06373","クラウドファンディング・新商品｜リード獲得（資料請求・問い合わせ）LP（ナチュラル・オーガニック・左テキスト×右商品/人物）","プロ（演出多め）"
"LP-06374","建築設計事務所｜採用エントリーLP（ラグジュアリー・高級感・背景動画ループ＋オーバーレイ）","プロ（演出多め）"
"LP-06375","ゲーム・eスポーツ｜クラウドファンディング支援LP（パステル・ドリーミー・スクロールで商品が回転/分解）","プロ（演出多め）"
"LP-06376","アパレル・ファッションEC｜商品購入（単品通販）LP（エディトリアル・雑誌風・イラスト主体）","プロ（演出多め）"
"LP-06377","内科・クリニック｜採用エントリーLP（信頼・誠実（コーポレート）・全面写真＋中央キャッチ）","プロ（演出多め）"
"LP-06378","美容クリニック｜採用エントリーLP（3D・クレイ・背景動画ループ＋オーバーレイ）","プロ（演出多め）"
"LP-06379","採用・求人｜リード獲得（資料請求・問い合わせ）LP（信頼・誠実（コーポレート）・ジェネラティブ背景＋コピー）","プロ（演出多め）"
"LP-06380","NPO・地方自治体｜リード獲得（資料請求・問い合わせ）LP（ナチュラル・オーガニック・実績数字ドーン）","プロ（演出多め）"
"LP-06381","不動産・マンション｜セミナー・ウェビナー集客LP（ネオン・サイバー・デバイスモックアップ浮遊）","上級"
"LP-06382","プログラミングスクール｜セミナー・ウェビナー集客LP（ネオン・サイバー・イラスト主体）","プロ（演出多め）"
"LP-06383","スクール・オンライン講座｜会員登録・アプリDLLP（3D・クレイ・デバイスモックアップ浮遊）","プロ（演出多め）"
"LP-06384","AIサービス・スタートアップ｜採用エントリーLP（ミニマル・洗練・超大型タイポグラフィ）","プロ（演出多め）"
"LP-06385","Web制作・デザイン事務所｜リード獲得（資料請求・問い合わせ）LP（ダーク・シネマティック・実績数字ドーン）","プロ（演出多め）"
"LP-06386","美容クリニック｜無料体験・カウンセリング予約LP（ラグジュアリー・高級感・写真コラージュ）","プロ（演出多め）"
"LP-06387","ヨガ・ピラティス｜リード獲得（資料請求・問い合わせ）LP（ミニマル・洗練・左テキスト×右商品/人物）","プロ（演出多め）"
"LP-06388","食品・産直EC｜リード獲得（資料請求・問い合わせ）LP（ハンドメイド・手書き・写真コラージュ）","プロ（演出多め）"
"LP-06389","和菓子・スイーツ｜クラウドファンディング支援LP（ナチュラル・オーガニック・写真コラージュ）","プロ（演出多め）"
"LP-06390","ペット・トリミング・動物病院｜LINE友だち追加LP（ハンドメイド・手書き・左テキスト×右商品/人物）","プロ（演出多め）"
"LP-06391","パーソナルジム・フィットネス｜採用エントリーLP（エネルギッシュ・スポーティ・イラスト主体）","プロ（演出多め）"
"LP-06392","建築設計事務所｜リード獲得（資料請求・問い合わせ）LP（ジオメトリック・グラフィカル・スクロールで商品が回転/分解）","プロ（演出多め）"
"LP-06393","ゲーム・eスポーツ｜クラウドファンディング支援LP（エネルギッシュ・スポーティ・背景動画ループ＋オーバーレイ）","プロ（演出多め）"
"LP-06394","自動車・バイク｜リード獲得（資料請求・問い合わせ）LP（ラグジュアリー・高級感・全面写真＋中央キャッチ）","プロ（演出多め）"
"LP-06395","パーソナルジム・フィットネス｜LINE友だち追加LP（クール・テック・ジェネラティブ背景＋コピー）","プロ（演出多め）"
"LP-06396","カフェ・ベーカリー｜採用エントリーLP（レトロ・Y2K・ジェネラティブ背景＋コピー）","プロ（演出多め）"
"LP-06397","カフェ・ベーカリー｜LINE友だち追加LP（エディトリアル・雑誌風・ジェネラティブ背景＋コピー）","プロ（演出多め）"
"LP-06398","YouTuber・インフルエンサー｜採用エントリーLP（ミニマル・洗練・写真コラージュ）","上級"
"LP-06399","ペット・トリミング・動物病院｜採用エントリーLP（かわいい・ガーリー・スクロールで商品が回転/分解）","プロ（演出多め）"
"LP-06400","引越し・生活サービス｜リード獲得（資料請求・問い合わせ）LP（3D・クレイ・実績数字ドーン）","プロ（演出多め）"
"LP-06401","和菓子・スイーツ｜クラウドファンディング支援LP（ナチュラル・オーガニック・スクロールで商品が回転/分解）","プロ（演出多め）"
"LP-06402","食品・産直EC｜リード獲得（資料請求・問い合わせ）LP（和モダン・背景動画ループ＋オーバーレイ）","プロ（演出多め）"
"LP-06403","レストラン・居酒屋｜リード獲得（資料請求・問い合わせ）LP（レトロ・Y2K・実績数字ドーン）","プロ（演出多め）"
"LP-06404","コンサル・コーチング｜採用エントリーLP（ラグジュアリー・高級感・写真コラージュ）","プロ（演出多め）"
"LP-06405","ホテル・旅館｜リード獲得（資料請求・問い合わせ）LP（和モダン・左テキスト×右商品/人物）","上級"
"LP-06406","ペット・トリミング・動物病院｜商品購入（単品通販）LP（3D・クレイ・写真コラージュ）","プロ（演出多め）"
"LP-06407","食品・産直EC｜商品購入（単品通販）LP（ポップ・カラフル・左テキスト×右商品/人物）","プロ（演出多め）"
"LP-06408","YouTuber・インフルエンサー｜採用エントリーLP（かわいい・ガーリー・実績数字ドーン）","プロ（演出多め）"
"LP-06409","採用・求人｜リード獲得（資料請求・問い合わせ）LP（エディトリアル・雑誌風・スクロールで商品が回転/分解）","プロ（演出多め）"
"LP-06410","食品・産直EC｜リード獲得（資料請求・問い合わせ）LP（かわいい・ガーリー・全面写真＋中央キャッチ）","プロ（演出多め）"
"LP-06411","自動車・バイク｜無料体験・カウンセリング予約LP（ダーク・シネマティック・スクロールで商品が回転/分解）","プロ（演出多め）"
"LP-06412","スクール・オンライン講座｜セミナー・ウェビナー集客LP（ハンドメイド・手書き・実績数字ドーン）","プロ（演出多め）"
"LP-06413","AIサービス・スタートアップ｜採用エントリーLP（エディトリアル・雑誌風・イラスト主体）","プロ（演出多め）"
"LP-06414","サウナ・温浴施設｜無料体験・カウンセリング予約LP（パステル・ドリーミー・デバイスモックアップ浮遊）","プロ（演出多め）"
"LP-06415","農業・地方の生産者｜リード獲得（資料請求・問い合わせ）LP（和モダン・イラスト主体）","プロ（演出多め）"
"LP-06416","観光・地域プロモーション｜リード獲得（資料請求・問い合わせ）LP（和モダン・超大型タイポグラフィ）","プロ（演出多め）"
"LP-06417","内科・クリニック｜リード獲得（資料請求・問い合わせ）LP（北欧・ライフスタイル・全面写真＋中央キャッチ）","プロ（演出多め）"
"LP-06418","引越し・生活サービス｜LINE友だち追加LP（ポップ・カラフル・背景動画ループ＋オーバーレイ）","上級"
"LP-06419","ゲーム・eスポーツ｜リード獲得（資料請求・問い合わせ）LP（ネオン・サイバー・左テキスト×右商品/人物）","プロ（演出多め）"
"LP-06420","スクール・オンライン講座｜会員登録・アプリDLLP（3D・クレイ・スクロールで商品が回転/分解）","プロ（演出多め）"
"LP-06421","スクール・オンライン講座｜無料体験・カウンセリング予約LP（ネオン・サイバー・左テキスト×右商品/人物）","プロ（演出多め）"
"LP-06422","スクール・オンライン講座｜無料体験・カウンセリング予約LP（信頼・誠実（コーポレート）・スクロールで商品が回転/分解）","プロ（演出多め）"
"LP-06423","アパレル・ファッションEC｜採用エントリーLP（3D・クレイ・背景動画ループ＋オーバーレイ）","プロ（演出多め）"
"LP-06424","和菓子・スイーツ｜クラウドファンディング支援LP（かわいい・ガーリー・イラスト主体）","プロ（演出多め）"
"LP-06425","観光・地域プロモーション｜採用エントリーLP（ナチュラル・オーガニック・イラスト主体）","プロ（演出多め）"
"LP-06426","農業・地方の生産者｜リード獲得（資料請求・問い合わせ）LP（ハンドメイド・手書き・ジェネラティブ背景＋コピー）","プロ（演出多め）"
"LP-06427","美容クリニック｜採用エントリーLP（ミニマル・洗練・スクロールで商品が回転/分解）","プロ（演出多め）"
"LP-06428","スクール・オンライン講座｜セミナー・ウェビナー集客LP（クール・テック・左テキスト×右商品/人物）","プロ（演出多め）"
"LP-06429","パーソナルジム・フィットネス｜LINE友だち追加LP（エネルギッシュ・スポーティ・ジェネラティブ背景＋コピー）","プロ（演出多め）"
"LP-06430","ホテル・旅館｜リード獲得（資料請求・問い合わせ）LP（ミニマル・洗練・背景動画ループ＋オーバーレイ）","プロ（演出多め）"
"LP-06431","美容室・ヘアサロン｜リード獲得（資料請求・問い合わせ）LP（ミニマル・洗練・実績数字ドーン）","プロ（演出多め）"
"LP-06432","SaaS・BtoBツール｜会員登録・アプリDLLP（クール・テック・イラスト主体）","プロ（演出多め）"
"LP-06433","金融・保険・投資｜無料体験・カウンセリング予約LP（信頼・誠実（コーポレート）・実績数字ドーン）","プロ（演出多め）"
"LP-06434","ゲーム・eスポーツ｜クラウドファンディング支援LP（ネオン・サイバー・全面写真＋中央キャッチ）","プロ（演出多め）"
"LP-06435","美容クリニック｜LINE友だち追加LP（信頼・誠実（コーポレート）・イラスト主体）","プロ（演出多め）"
"LP-06436","プログラミングスクール｜セミナー・ウェビナー集客LP（ネオン・サイバー・スクロールで商品が回転/分解）","プロ（演出多め）"
"LP-06437","エステ・脱毛サロン｜リード獲得（資料請求・問い合わせ）LP（エディトリアル・雑誌風・スクロールで商品が回転/分解）","プロ（演出多め）"
"LP-06438","歯科医院｜LINE友だち追加LP（ミニマル・洗練・写真コラージュ）","プロ（演出多め）"
"LP-06439","食品・産直EC｜リード獲得（資料請求・問い合わせ）LP（和モダン・超大型タイポグラフィ）","プロ（演出多め）"
"LP-06440","カフェ・ベーカリー｜リード獲得（資料請求・問い合わせ）LP（ナチュラル・オーガニック・写真コラージュ）","プロ（演出多め）"
"LP-06441","美容クリニック｜LINE友だち追加LP（ハンドメイド・手書き・左テキスト×右商品/人物）","プロ（演出多め）"
"LP-06442","プログラミングスクール｜会員登録・アプリDLLP（ネオン・サイバー・全面写真＋中央キャッチ）","プロ（演出多め）"
"LP-06443","AIサービス・スタートアップ｜リード獲得（資料請求・問い合わせ）LP（ハンドメイド・手書き・背景動画ループ＋オーバーレイ）","プロ（演出多め）"
"LP-06444","レストラン・居酒屋｜LINE友だち追加LP（和モダン・写真コラージュ）","プロ（演出多め）"
"LP-06445","英会話・語学｜リード獲得（資料請求・問い合わせ）LP（ジオメトリック・グラフィカル・実績数字ドーン）","プロ（演出多め）"
"LP-06446","ホテル・旅館｜リード獲得（資料請求・問い合わせ）LP（ダーク・シネマティック・超大型タイポグラフィ）","プロ（演出多め）"
"LP-06447","音楽・ライブ・イベント｜採用エントリーLP（ニューブルータリズム・超大型タイポグラフィ）","プロ（演出多め）"
"LP-06448","保育園・幼児教育・習い事｜LINE友だち追加LP（ポップ・カラフル・ジェネラティブ背景＋コピー）","プロ（演出多め）"
"LP-06449","エステ・脱毛サロン｜リード獲得（資料請求・問い合わせ）LP（ラグジュアリー・高級感・超大型タイポグラフィ）","プロ（演出多め）"
"LP-06450","レストラン・居酒屋｜リード獲得（資料請求・問い合わせ）LP（レトロ・Y2K・デバイスモックアップ浮遊）","プロ（演出多め）"
"LP-06451","音楽・ライブ・イベント｜リード獲得（資料請求・問い合わせ）LP（レトロ・Y2K・イラスト主体）","プロ（演出多め）"
"LP-06452","引越し・生活サービス｜LINE友だち追加LP（ポップ・カラフル・イラスト主体）","プロ（演出多め）"
"LP-06453","NPO・地方自治体｜リード獲得（資料請求・問い合わせ）LP（3D・クレイ・実績数字ドーン）","プロ（演出多め）"
"LP-06454","内科・クリニック｜LINE友だち追加LP（信頼・誠実（コーポレート）・ジェネラティブ背景＋コピー）","プロ（演出多め）"
"LP-06455","不動産・マンション｜採用エントリーLP（信頼・誠実（コーポレート）・写真コラージュ）","プロ（演出多め）"
"LP-06456","SaaS・BtoBツール｜採用エントリーLP（信頼・誠実（コーポレート）・イラスト主体）","プロ（演出多め）"
"LP-06457","Web制作・デザイン事務所｜リード獲得（資料請求・問い合わせ）LP（クール・テック・全面写真＋中央キャッチ）","プロ（演出多め）"
"LP-06458","引越し・生活サービス｜無料体験・カウンセリング予約LP（ポップ・カラフル・スクロールで商品が回転/分解）","プロ（演出多め）"
"LP-06459","AIサービス・スタートアップ｜リード獲得（資料請求・問い合わせ）LP（ミニマル・洗練・左テキスト×右商品/人物）","プロ（演出多め）"
"LP-06460","ホテル・旅館｜リード獲得（資料請求・問い合わせ）LP（信頼・誠実（コーポレート）・デバイスモックアップ浮遊）","プロ（演出多め）"
"LP-06461","工務店・注文住宅・リフォーム｜リード獲得（資料請求・問い合わせ）LP（ナチュラル・オーガニック・超大型タイポグラフィ）","プロ（演出多め）"
"LP-06462","スマホアプリ｜リード獲得（資料請求・問い合わせ）LP（クール・テック・実績数字ドーン）","プロ（演出多め）"
"LP-06463","音楽・ライブ・イベント｜採用エントリーLP（ニューブルータリズム・デバイスモックアップ浮遊）","プロ（演出多め）"
"LP-06464","YouTuber・インフルエンサー｜会員登録・アプリDLLP（かわいい・ガーリー・スクロールで商品が回転/分解）","プロ（演出多め）"
"LP-06465","音楽・ライブ・イベント｜採用エントリーLP（ニューブルータリズム・超大型タイポグラフィ）","プロ（演出多め）"
"LP-06466","レストラン・居酒屋｜LINE友だち追加LP（レトロ・Y2K・実績数字ドーン）","プロ（演出多め）"
"LP-06467","自動車・バイク｜採用エントリーLP（ネオン・サイバー・超大型タイポグラフィ）","プロ（演出多め）"
"LP-06468","和菓子・スイーツ｜クラウドファンディング支援LP（ミニマル・洗練・背景動画ループ＋オーバーレイ）","プロ（演出多め）"
"LP-06469","工務店・注文住宅・リフォーム｜LINE友だち追加LP（ハンドメイド・手書き・ジェネラティブ背景＋コピー）","プロ（演出多め）"
"LP-06470","保育園・幼児教育・習い事｜LINE友だち追加LP（ナチュラル・オーガニック・全面写真＋中央キャッチ）","プロ（演出多め）"
"LP-06471","ペット・トリミング・動物病院｜LINE友だち追加LP（かわいい・ガーリー・デバイスモックアップ浮遊）","プロ（演出多め）"
"LP-06472","金融・保険・投資｜リード獲得（資料請求・問い合わせ）LP（信頼・誠実（コーポレート）・スクロールで商品が回転/分解）","プロ（演出多め）"
"LP-06473","コンサル・コーチング｜セミナー・ウェビナー集客LP（信頼・誠実（コーポレート）・超大型タイポグラフィ）","プロ（演出多め）"
"LP-06474","NPO・地方自治体｜クラウドファンディング支援LP（信頼・誠実（コーポレート）・全面写真＋中央キャッチ）","プロ（演出多め）"
"LP-06475","NPO・地方自治体｜採用エントリーLP（ナチュラル・オーガニック・写真コラージュ）","プロ（演出多め）"
"LP-06476","AIサービス・スタートアップ｜採用エントリーLP（クール・テック・ジェネラティブ背景＋コピー）","プロ（演出多め）"
"LP-06477","ホテル・旅館｜LINE友だち追加LP（3D・クレイ・左テキスト×右商品/人物）","プロ（演出多め）"
"LP-06478","コスメ・スキンケア｜採用エントリーLP（グラスモーフィズム・ジェネラティブ背景＋コピー）","プロ（演出多め）"
"LP-06479","ヨガ・ピラティス｜無料体験・カウンセリング予約LP（北欧・ライフスタイル・イラスト主体）","プロ（演出多め）"
"LP-06480","サウナ・温浴施設｜無料体験・カウンセリング予約LP（ナチュラル・オーガニック・デバイスモックアップ浮遊）","プロ（演出多め）"
"LP-06481","引越し・生活サービス｜リード獲得（資料請求・問い合わせ）LP（信頼・誠実（コーポレート）・デバイスモックアップ浮遊）","上級"
"LP-06482","SaaS・BtoBツール｜会員登録・アプリDLLP（信頼・誠実（コーポレート）・デバイスモックアップ浮遊）","上級"
"LP-06483","Web制作・デザイン事務所｜リード獲得（資料請求・問い合わせ）LP（クール・テック・スクロールで商品が回転/分解）","プロ（演出多め）"
"LP-06484","占い・スピリチュアル｜無料体験・カウンセリング予約LP（ラグジュアリー・高級感・左テキスト×右商品/人物）","プロ（演出多め）"
"LP-06485","引越し・生活サービス｜採用エントリーLP（ネオン・サイバー・超大型タイポグラフィ）","プロ（演出多め）"
"LP-06486","YouTuber・インフルエンサー｜会員登録・アプリDLLP（ネオン・サイバー・デバイスモックアップ浮遊）","プロ（演出多め）"
"LP-06487","英会話・語学｜採用エントリーLP（ポップ・カラフル・写真コラージュ）","プロ（演出多め）"
"LP-06488","ホテル・旅館｜採用エントリーLP（ミニマル・洗練・背景動画ループ＋オーバーレイ）","プロ（演出多め）"
"LP-06489","音楽・ライブ・イベント｜クラウドファンディング支援LP（パステル・ドリーミー・実績数字ドーン）","プロ（演出多め）"
"LP-06490","農業・地方の生産者｜リード獲得（資料請求・問い合わせ）LP（ハンドメイド・手書き・全面写真＋中央キャッチ）","プロ（演出多め）"
"LP-06491","スマホアプリ｜商品購入（単品通販）LP（ポップ・カラフル・デバイスモックアップ浮遊）","上級"
"LP-06492","パーソナルジム・フィットネス｜採用エントリーLP（ダーク・シネマティック・超大型タイポグラフィ）","プロ（演出多め）"
"LP-06493","レストラン・居酒屋｜LINE友だち追加LP（ラグジュアリー・高級感・実績数字ドーン）","プロ（演出多め）"
"LP-06494","保育園・幼児教育・習い事｜LINE友だち追加LP（ハンドメイド・手書き・イラスト主体）","プロ（演出多め）"
"LP-06495","建築設計事務所｜採用エントリーLP（和モダン・全面写真＋中央キャッチ）","プロ（演出多め）"
"LP-06496","英会話・語学｜会員登録・アプリDLLP（ダーク・シネマティック・写真コラージュ）","プロ（演出多め）"
"LP-06497","食品・産直EC｜採用エントリーLP（ハンドメイド・手書き・ジェネラティブ背景＋コピー）","プロ（演出多め）"
"LP-06498","音楽・ライブ・イベント｜クラウドファンディング支援LP（ラグジュアリー・高級感・イラスト主体）","プロ（演出多め）"
"LP-06499","和菓子・スイーツ｜クラウドファンディング支援LP（パステル・ドリーミー・全面写真＋中央キャッチ）","プロ（演出多め）"
"LP-06500","ホテル・旅館｜リード獲得（資料請求・問い合わせ）LP（ラグジュアリー・高級感・イラスト主体）","上級"
"LP-06501","士業（税理士・弁護士・行政書士）｜無料体験・カウンセリング予約LP（ミニマル・洗練・スクロールで商品が回転/分解）","プロ（演出多め）"
"LP-06502","採用・求人｜リード獲得（資料請求・問い合わせ）LP（エネルギッシュ・スポーティ・背景動画ループ＋オーバーレイ）","プロ（演出多め）"
"LP-06503","アパレル・ファッションEC｜商品購入（単品通販）LP（ニューブルータリズム・実績数字ドーン）","プロ（演出多め）"
"LP-06504","食品・産直EC｜クラウドファンディング支援LP（和モダン・超大型タイポグラフィ）","プロ（演出多め）"
"LP-06505","金融・保険・投資｜セミナー・ウェビナー集客LP（ハンドメイド・手書き・イラスト主体）","プロ（演出多め）"
"LP-06506","スクール・オンライン講座｜無料体験・カウンセリング予約LP（グラスモーフィズム・左テキスト×右商品/人物）","プロ（演出多め）"
"LP-06507","ヨガ・ピラティス｜採用エントリーLP（信頼・誠実（コーポレート）・スクロールで商品が回転/分解）","上級"
"LP-06508","YouTuber・インフルエンサー｜リード獲得（資料請求・問い合わせ）LP（ポップ・カラフル・ジェネラティブ背景＋コピー）","プロ（演出多め）"
"LP-06509","コンサル・コーチング｜セミナー・ウェビナー集客LP（エディトリアル・雑誌風・イラスト主体）","プロ（演出多め）"
"LP-06510","ヨガ・ピラティス｜無料体験・カウンセリング予約LP（ミニマル・洗練・スクロールで商品が回転/分解）","プロ（演出多め）"
"LP-06511","コスメ・スキンケア｜採用エントリーLP（ミニマル・洗練・デバイスモックアップ浮遊）","プロ（演出多め）"
"LP-06512","Web制作・デザイン事務所｜リード獲得（資料請求・問い合わせ）LP（エディトリアル・雑誌風・全面写真＋中央キャッチ）","プロ（演出多め）"
"LP-06513","食品・産直EC｜商品購入（単品通販）LP（ナチュラル・オーガニック・イラスト主体）","プロ（演出多め）"
"LP-06514","ホテル・旅館｜採用エントリーLP（ダーク・シネマティック・左テキスト×右商品/人物）","上級"
"LP-06515","不動産・マンション｜セミナー・ウェビナー集客LP（信頼・誠実（コーポレート）・背景動画ループ＋オーバーレイ）","上級"
"LP-06516","観光・地域プロモーション｜採用エントリーLP（和モダン・実績数字ドーン）","プロ（演出多め）"
"LP-06517","美容クリニック｜リード獲得（資料請求・問い合わせ）LP（ミニマル・洗練・超大型タイポグラフィ）","プロ（演出多め）"
"LP-06518","ペット・トリミング・動物病院｜採用エントリーLP（ハンドメイド・手書き・全面写真＋中央キャッチ）","プロ（演出多め）"
"LP-06519","AIサービス・スタートアップ｜セミナー・ウェビナー集客LP（グラスモーフィズム・ジェネラティブ背景＋コピー）","プロ（演出多め）"
"LP-06520","占い・スピリチュアル｜LINE友だち追加LP（ニューブルータリズム・背景動画ループ＋オーバーレイ）","プロ（演出多め）"
"LP-06521","SaaS・BtoBツール｜セミナー・ウェビナー集客LP（3D・クレイ・イラスト主体）","プロ（演出多め）"
"LP-06522","AIサービス・スタートアップ｜リード獲得（資料請求・問い合わせ）LP（3D・クレイ・デバイスモックアップ浮遊）","プロ（演出多め）"
"LP-06523","ヨガ・ピラティス｜無料体験・カウンセリング予約LP（北欧・ライフスタイル・超大型タイポグラフィ）","プロ（演出多め）"
"LP-06524","スマホアプリ｜会員登録・アプリDLLP（グラスモーフィズム・超大型タイポグラフィ）","プロ（演出多め）"
"LP-06525","観光・地域プロモーション｜リード獲得（資料請求・問い合わせ）LP（和モダン・全面写真＋中央キャッチ）","上級"
"LP-06526","農業・地方の生産者｜採用エントリーLP（ハンドメイド・手書き・ジェネラティブ背景＋コピー）","プロ（演出多め）"
"LP-06527","コスメ・スキンケア｜採用エントリーLP（ミニマル・洗練・デバイスモックアップ浮遊）","プロ（演出多め）"
"LP-06528","保育園・幼児教育・習い事｜LINE友だち追加LP（ハンドメイド・手書き・左テキスト×右商品/人物）","プロ（演出多め）"
"LP-06529","建築設計事務所｜リード獲得（資料請求・問い合わせ）LP（ジオメトリック・グラフィカル・スクロールで商品が回転/分解）","プロ（演出多め）"
"LP-06530","自動車・バイク｜リード獲得（資料請求・問い合わせ）LP（クール・テック・デバイスモックアップ浮遊）","プロ（演出多め）"
"LP-06531","採用・求人｜リード獲得（資料請求・問い合わせ）LP（ジオメトリック・グラフィカル・ジェネラティブ背景＋コピー）","上級"
"LP-06532","自動車・バイク｜無料体験・カウンセリング予約LP（ラグジュアリー・高級感・全面写真＋中央キャッチ）","プロ（演出多め）"
"LP-06533","ヨガ・ピラティス｜無料体験・カウンセリング予約LP（ナチュラル・オーガニック・イラスト主体）","プロ（演出多め）"
"LP-06534","自動車・バイク｜無料体験・カウンセリング予約LP（エネルギッシュ・スポーティ・左テキスト×右商品/人物）","プロ（演出多め）"
"LP-06535","内科・クリニック｜LINE友だち追加LP（信頼・誠実（コーポレート）・ジェネラティブ背景＋コピー）","プロ（演出多め）"
"LP-06536","スマホアプリ｜リード獲得（資料請求・問い合わせ）LP（グラスモーフィズム・写真コラージュ）","プロ（演出多め）"
"LP-06537","スマホアプリ｜リード獲得（資料請求・問い合わせ）LP（和モダン・左テキスト×右商品/人物）","プロ（演出多め）"
"LP-06538","AIサービス・スタートアップ｜無料体験・カウンセリング予約LP（ミニマル・洗練・デバイスモックアップ浮遊）","プロ（演出多め）"
"LP-06539","引越し・生活サービス｜採用エントリーLP（ポップ・カラフル・写真コラージュ）","プロ（演出多め）"
"LP-06540","歯科医院｜LINE友だち追加LP（ラグジュアリー・高級感・全面写真＋中央キャッチ）","プロ（演出多め）"
"LP-06541","農業・地方の生産者｜リード獲得（資料請求・問い合わせ）LP（和モダン・全面写真＋中央キャッチ）","プロ（演出多め）"
"LP-06542","占い・スピリチュアル｜無料体験・カウンセリング予約LP（ラグジュアリー・高級感・スクロールで商品が回転/分解）","プロ（演出多め）"
"LP-06543","レストラン・居酒屋｜LINE友だち追加LP（レトロ・Y2K・背景動画ループ＋オーバーレイ）","プロ（演出多め）"
"LP-06544","不動産・マンション｜セミナー・ウェビナー集客LP（ミニマル・洗練・ジェネラティブ背景＋コピー）","プロ（演出多め）"
"LP-06545","英会話・語学｜採用エントリーLP（3D・クレイ・全面写真＋中央キャッチ）","プロ（演出多め）"
"LP-06546","ゲーム・eスポーツ｜リード獲得（資料請求・問い合わせ）LP（ラグジュアリー・高級感・イラスト主体）","プロ（演出多め）"
"LP-06547","NPO・地方自治体｜採用エントリーLP（ナチュラル・オーガニック・写真コラージュ）","プロ（演出多め）"
"LP-06548","カフェ・ベーカリー｜LINE友だち追加LP（エディトリアル・雑誌風・全面写真＋中央キャッチ）","プロ（演出多め）"
"LP-06549","スクール・オンライン講座｜採用エントリーLP（ポップ・カラフル・スクロールで商品が回転/分解）","プロ（演出多め）"
"LP-06550","Web制作・デザイン事務所｜リード獲得（資料請求・問い合わせ）LP（ダーク・シネマティック・超大型タイポグラフィ）","プロ（演出多め）"
"LP-06551","スマホアプリ｜採用エントリーLP（グラスモーフィズム・スクロールで商品が回転/分解）","プロ（演出多め）"
"LP-06552","レストラン・居酒屋｜リード獲得（資料請求・問い合わせ）LP（ナチュラル・オーガニック・写真コラージュ）","プロ（演出多め）"
"LP-06553","SaaS・BtoBツール｜無料体験・カウンセリング予約LP（ニューブルータリズム・イラスト主体）","プロ（演出多め）"
"LP-06554","スクール・オンライン講座｜無料体験・カウンセリング予約LP（ポップ・カラフル・スクロールで商品が回転/分解）","プロ（演出多め）"
"LP-06555","食品・産直EC｜クラウドファンディング支援LP（ナチュラル・オーガニック・全面写真＋中央キャッチ）","プロ（演出多め）"
"LP-06556","英会話・語学｜無料体験・カウンセリング予約LP（ポップ・カラフル・実績数字ドーン）","プロ（演出多め）"
"LP-06557","ウェディング・結婚相談所｜リード獲得（資料請求・問い合わせ）LP（エネルギッシュ・スポーティ・デバイスモックアップ浮遊）","プロ（演出多め）"
"LP-06558","美容クリニック｜採用エントリーLP（ミニマル・洗練・ジェネラティブ背景＋コピー）","プロ（演出多め）"
"LP-06559","YouTuber・インフルエンサー｜リード獲得（資料請求・問い合わせ）LP（ニューブルータリズム・スクロールで商品が回転/分解）","プロ（演出多め）"
"LP-06560","英会話・語学｜採用エントリーLP（信頼・誠実（コーポレート）・背景動画ループ＋オーバーレイ）","プロ（演出多め）"
"LP-06561","エステ・脱毛サロン｜LINE友だち追加LP（信頼・誠実（コーポレート）・全面写真＋中央キャッチ）","プロ（演出多め）"
"LP-06562","エステ・脱毛サロン｜無料体験・カウンセリング予約LP（かわいい・ガーリー・背景動画ループ＋オーバーレイ）","プロ（演出多め）"
"LP-06563","工務店・注文住宅・リフォーム｜LINE友だち追加LP（信頼・誠実（コーポレート）・背景動画ループ＋オーバーレイ）","プロ（演出多め）"
"LP-06564","SaaS・BtoBツール｜会員登録・アプリDLLP（グラスモーフィズム・左テキスト×右商品/人物）","プロ（演出多め）"
"LP-06565","コンサル・コーチング｜セミナー・ウェビナー集客LP（ラグジュアリー・高級感・ジェネラティブ背景＋コピー）","上級"
"LP-06566","Web制作・デザイン事務所｜リード獲得（資料請求・問い合わせ）LP（ジオメトリック・グラフィカル・背景動画ループ＋オーバーレイ）","プロ（演出多め）"
"LP-06567","建築設計事務所｜リード獲得（資料請求・問い合わせ）LP（エディトリアル・雑誌風・写真コラージュ）","プロ（演出多め）"
"LP-06568","食品・産直EC｜商品購入（単品通販）LP（ポップ・カラフル・デバイスモックアップ浮遊）","プロ（演出多め）"
"LP-06569","食品・産直EC｜クラウドファンディング支援LP（ポップ・カラフル・イラスト主体）","プロ（演出多め）"
"LP-06570","士業（税理士・弁護士・行政書士）｜セミナー・ウェビナー集客LP（和モダン・全面写真＋中央キャッチ）","プロ（演出多め）"
"LP-06571","農業・地方の生産者｜採用エントリーLP（和モダン・イラスト主体）","プロ（演出多め）"
"LP-06572","歯科医院｜リード獲得（資料請求・問い合わせ）LP（ミニマル・洗練・ジェネラティブ背景＋コピー）","プロ（演出多め）"
"LP-06573","引越し・生活サービス｜採用エントリーLP（ポップ・カラフル・全面写真＋中央キャッチ）","プロ（演出多め）"
"LP-06574","ウェディング・結婚相談所｜LINE友だち追加LP（ミニマル・洗練・超大型タイポグラフィ）","プロ（演出多め）"
"LP-06575","コンサル・コーチング｜リード獲得（資料請求・問い合わせ）LP（ラグジュアリー・高級感・全面写真＋中央キャッチ）","プロ（演出多め）"
"LP-06576","美容クリニック｜採用エントリーLP（信頼・誠実（コーポレート）・ジェネラティブ背景＋コピー）","プロ（演出多め）"
"LP-06577","農業・地方の生産者｜クラウドファンディング支援LP（信頼・誠実（コーポレート）・全面写真＋中央キャッチ）","プロ（演出多め）"
"LP-06578","音楽・ライブ・イベント｜クラウドファンディング支援LP（ダーク・シネマティック・背景動画ループ＋オーバーレイ）","プロ（演出多め）"
"LP-06579","プログラミングスクール｜採用エントリーLP（3D・クレイ・背景動画ループ＋オーバーレイ）","プロ（演出多め）"
"LP-06580","エステ・脱毛サロン｜無料体験・カウンセリング予約LP（ラグジュアリー・高級感・全面写真＋中央キャッチ）","プロ（演出多め）"
"LP-06581","食品・産直EC｜採用エントリーLP（ハンドメイド・手書き・ジェネラティブ背景＋コピー）","プロ（演出多め）"
"LP-06582","パーソナルジム・フィットネス｜無料体験・カウンセリング予約LP（クール・テック・実績数字ドーン）","プロ（演出多め）"
"LP-06583","コンサル・コーチング｜無料体験・カウンセリング予約LP（信頼・誠実（コーポレート）・デバイスモックアップ浮遊）","プロ（演出多め）"
"LP-06584","食品・産直EC｜クラウドファンディング支援LP（ポップ・カラフル・超大型タイポグラフィ）","プロ（演出多め）"
"LP-06585","美容室・ヘアサロン｜LINE友だち追加LP（クール・テック・ジェネラティブ背景＋コピー）","プロ（演出多め）"
"LP-06586","採用・求人｜採用エントリーLP（ジオメトリック・グラフィカル・実績数字ドーン）","プロ（演出多め）"
"LP-06587","ゲーム・eスポーツ｜クラウドファンディング支援LP（エネルギッシュ・スポーティ・左テキスト×右商品/人物）","プロ（演出多め）"
"LP-06588","内科・クリニック｜リード獲得（資料請求・問い合わせ）LP（信頼・誠実（コーポレート）・写真コラージュ）","プロ（演出多め）"
"LP-06589","採用・求人｜採用エントリーLP（信頼・誠実（コーポレート）・イラスト主体）","プロ（演出多め）"
"LP-06590","観光・地域プロモーション｜クラウドファンディング支援LP（ダーク・シネマティック・全面写真＋中央キャッチ）","プロ（演出多め）"
"LP-06591","観光・地域プロモーション｜採用エントリーLP（ハンドメイド・手書き・全面写真＋中央キャッチ）","プロ（演出多め）"
"LP-06592","和菓子・スイーツ｜クラウドファンディング支援LP（和モダン・ジェネラティブ背景＋コピー）","プロ（演出多め）"
"LP-06593","ペット・トリミング・動物病院｜LINE友だち追加LP（ナチュラル・オーガニック・写真コラージュ）","プロ（演出多め）"
"LP-06594","建築設計事務所｜採用エントリーLP（ジオメトリック・グラフィカル・スクロールで商品が回転/分解）","プロ（演出多め）"
"LP-06595","保育園・幼児教育・習い事｜リード獲得（資料請求・問い合わせ）LP（かわいい・ガーリー・全面写真＋中央キャッチ）","プロ（演出多め）"
"LP-06596","食品・産直EC｜リード獲得（資料請求・問い合わせ）LP（3D・クレイ・ジェネラティブ背景＋コピー）","プロ（演出多め）"
"LP-06597","士業（税理士・弁護士・行政書士）｜無料体験・カウンセリング予約LP（信頼・誠実（コーポレート）・左テキスト×右商品/人物）","プロ（演出多め）"
"LP-06598","ペット・トリミング・動物病院｜無料体験・カウンセリング予約LP（かわいい・ガーリー・ジェネラティブ背景＋コピー）","プロ（演出多め）"
"LP-06599","ヨガ・ピラティス｜LINE友だち追加LP（北欧・ライフスタイル・イラスト主体）","上級"
"LP-06600","アパレル・ファッションEC｜採用エントリーLP（北欧・ライフスタイル・写真コラージュ）","プロ（演出多め）"
"LP-06601","自動車・バイク｜リード獲得（資料請求・問い合わせ）LP（エネルギッシュ・スポーティ・デバイスモックアップ浮遊）","プロ（演出多め）"
"LP-06602","自動車・バイク｜無料体験・カウンセリング予約LP（ラグジュアリー・高級感・ジェネラティブ背景＋コピー）","プロ（演出多め）"
"LP-06603","プログラミングスクール｜会員登録・アプリDLLP（クール・テック・デバイスモックアップ浮遊）","プロ（演出多め）"
"LP-06604","AIサービス・スタートアップ｜セミナー・ウェビナー集客LP（グラスモーフィズム・写真コラージュ）","プロ（演出多め）"
"LP-06605","NPO・地方自治体｜リード獲得（資料請求・問い合わせ）LP（ナチュラル・オーガニック・超大型タイポグラフィ）","プロ（演出多め）"
"LP-06606","内科・クリニック｜無料体験・カウンセリング予約LP（ナチュラル・オーガニック・スクロールで商品が回転/分解）","プロ（演出多め）"
"LP-06607","ヨガ・ピラティス｜採用エントリーLP（北欧・ライフスタイル・実績数字ドーン）","プロ（演出多め）"
"LP-06608","農業・地方の生産者｜リード獲得（資料請求・問い合わせ）LP（ニューブルータリズム・ジェネラティブ背景＋コピー）","プロ（演出多め）"
"LP-06609","内科・クリニック｜無料体験・カウンセリング予約LP（信頼・誠実（コーポレート）・背景動画ループ＋オーバーレイ）","プロ（演出多め）"
"LP-06610","採用・求人｜リード獲得（資料請求・問い合わせ）LP（エネルギッシュ・スポーティ・左テキスト×右商品/人物）","プロ（演出多め）"
"LP-06611","美容室・ヘアサロン｜LINE友だち追加LP（ラグジュアリー・高級感・超大型タイポグラフィ）","プロ（演出多め）"
"LP-06612","ウェディング・結婚相談所｜リード獲得（資料請求・問い合わせ）LP（ミニマル・洗練・左テキスト×右商品/人物）","プロ（演出多め）"
"LP-06613","YouTuber・インフルエンサー｜リード獲得（資料請求・問い合わせ）LP（ニューブルータリズム・ジェネラティブ背景＋コピー）","プロ（演出多め）"
"LP-06614","観光・地域プロモーション｜クラウドファンディング支援LP（ポップ・カラフル・スクロールで商品が回転/分解）","プロ（演出多め）"
"LP-06615","農業・地方の生産者｜採用エントリーLP（ハンドメイド・手書き・背景動画ループ＋オーバーレイ）","プロ（演出多め）"
"LP-06616","アパレル・ファッションEC｜採用エントリーLP（ニューブルータリズム・デバイスモックアップ浮遊）","プロ（演出多め）"
"LP-06617","建築設計事務所｜リード獲得（資料請求・問い合わせ）LP（ミニマル・洗練・イラスト主体）","プロ（演出多め）"
"LP-06618","ウェディング・結婚相談所｜採用エントリーLP（ラグジュアリー・高級感・ジェネラティブ背景＋コピー）","上級"
"LP-06619","占い・スピリチュアル｜無料体験・カウンセリング予約LP（パステル・ドリーミー・超大型タイポグラフィ）","プロ（演出多め）"
"LP-06620","農業・地方の生産者｜リード獲得（資料請求・問い合わせ）LP（ハンドメイド・手書き・超大型タイポグラフィ）","プロ（演出多め）"
"LP-06621","不動産・マンション｜採用エントリーLP（ラグジュアリー・高級感・デバイスモックアップ浮遊）","上級"
"LP-06622","占い・スピリチュアル｜採用エントリーLP（北欧・ライフスタイル・ジェネラティブ背景＋コピー）","プロ（演出多め）"
"LP-06623","サウナ・温浴施設｜LINE友だち追加LP（レトロ・Y2K・イラスト主体）","上級"
"LP-06624","農業・地方の生産者｜採用エントリーLP（ハンドメイド・手書き・イラスト主体）","プロ（演出多め）"
"LP-06625","工務店・注文住宅・リフォーム｜LINE友だち追加LP（3D・クレイ・デバイスモックアップ浮遊）","上級"
"LP-06626","アパレル・ファッションEC｜リード獲得（資料請求・問い合わせ）LP（ハンドメイド・手書き・背景動画ループ＋オーバーレイ）","プロ（演出多め）"
"LP-06627","美容クリニック｜無料体験・カウンセリング予約LP（ラグジュアリー・高級感・全面写真＋中央キャッチ）","プロ（演出多め）"
"LP-06628","食品・産直EC｜商品購入（単品通販）LP（和モダン・超大型タイポグラフィ）","プロ（演出多め）"
"LP-06629","プログラミングスクール｜リード獲得（資料請求・問い合わせ）LP（ネオン・サイバー・実績数字ドーン）","上級"
"LP-06630","サウナ・温浴施設｜採用エントリーLP（ニューブルータリズム・左テキスト×右商品/人物）","プロ（演出多め）"
"LP-06631","パーソナルジム・フィットネス｜リード獲得（資料請求・問い合わせ）LP（ナチュラル・オーガニック・デバイスモックアップ浮遊）","プロ（演出多め）"
"LP-06632","レストラン・居酒屋｜採用エントリーLP（レトロ・Y2K・スクロールで商品が回転/分解）","プロ（演出多め）"
"LP-06633","工務店・注文住宅・リフォーム｜リード獲得（資料請求・問い合わせ）LP（ナチュラル・オーガニック・写真コラージュ）","プロ（演出多め）"
"LP-06634","金融・保険・投資｜採用エントリーLP（クール・テック・デバイスモックアップ浮遊）","プロ（演出多め）"
"LP-06635","レストラン・居酒屋｜リード獲得（資料請求・問い合わせ）LP（ダーク・シネマティック・超大型タイポグラフィ）","プロ（演出多め）"
"LP-06636","コスメ・スキンケア｜商品購入（単品通販）LP（ポップ・カラフル・背景動画ループ＋オーバーレイ）","上級"
"LP-06637","美容クリニック｜無料体験・カウンセリング予約LP（ミニマル・洗練・超大型タイポグラフィ）","プロ（演出多め）"
"LP-06638","エステ・脱毛サロン｜LINE友だち追加LP（ミニマル・洗練・超大型タイポグラフィ）","上級"
"LP-06639","士業（税理士・弁護士・行政書士）｜リード獲得（資料請求・問い合わせ）LP（ミニマル・洗練・デバイスモックアップ浮遊）","プロ（演出多め）"
"LP-06640","カフェ・ベーカリー｜リード獲得（資料請求・問い合わせ）LP（エディトリアル・雑誌風・実績数字ドーン）","プロ（演出多め）"
"LP-06641","観光・地域プロモーション｜クラウドファンディング支援LP（和モダン・スクロールで商品が回転/分解）","プロ（演出多め）"
"LP-06642","ヨガ・ピラティス｜リード獲得（資料請求・問い合わせ）LP（北欧・ライフスタイル・写真コラージュ）","プロ（演出多め）"
"LP-06643","Web制作・デザイン事務所｜リード獲得（資料請求・問い合わせ）LP（ダーク・シネマティック・写真コラージュ）","プロ（演出多め）"
"LP-06644","引越し・生活サービス｜LINE友だち追加LP（3D・クレイ・左テキスト×右商品/人物）","プロ（演出多め）"
"LP-06645","和菓子・スイーツ｜クラウドファンディング支援LP（パステル・ドリーミー・実績数字ドーン）","プロ（演出多め）"
"LP-06646","和菓子・スイーツ｜リード獲得（資料請求・問い合わせ）LP（かわいい・ガーリー・超大型タイポグラフィ）","上級"
"LP-06647","Web制作・デザイン事務所｜採用エントリーLP（エディトリアル・雑誌風・左テキスト×右商品/人物）","プロ（演出多め）"
"LP-06648","ペット・トリミング・動物病院｜商品購入（単品通販）LP（3D・クレイ・全面写真＋中央キャッチ）","プロ（演出多め）"
"LP-06649","不動産・マンション｜セミナー・ウェビナー集客LP（ラグジュアリー・高級感・超大型タイポグラフィ）","プロ（演出多め）"
"LP-06650","工務店・注文住宅・リフォーム｜セミナー・ウェビナー集客LP（ナチュラル・オーガニック・実績数字ドーン）","プロ（演出多め）"
"LP-06651","コンサル・コーチング｜リード獲得（資料請求・問い合わせ）LP（信頼・誠実（コーポレート）・超大型タイポグラフィ）","プロ（演出多め）"
"LP-06652","ホテル・旅館｜リード獲得（資料請求・問い合わせ）LP（ラグジュアリー・高級感・全面写真＋中央キャッチ）","上級"
"LP-06653","サウナ・温浴施設｜LINE友だち追加LP（ニューブルータリズム・イラスト主体）","プロ（演出多め）"
"LP-06654","Web制作・デザイン事務所｜セミナー・ウェビナー集客LP（クール・テック・実績数字ドーン）","プロ（演出多め）"
"LP-06655","士業（税理士・弁護士・行政書士）｜リード獲得（資料請求・問い合わせ）LP（和モダン・超大型タイポグラフィ）","プロ（演出多め）"
"LP-06656","コスメ・スキンケア｜リード獲得（資料請求・問い合わせ）LP（ナチュラル・オーガニック・ジェネラティブ背景＋コピー）","プロ（演出多め）"
"LP-06657","ウェディング・結婚相談所｜無料体験・カウンセリング予約LP（ミニマル・洗練・超大型タイポグラフィ）","プロ（演出多め）"
"LP-06658","保育園・幼児教育・習い事｜無料体験・カウンセリング予約LP（ナチュラル・オーガニック・デバイスモックアップ浮遊）","プロ（演出多め）"
"LP-06659","AIサービス・スタートアップ｜セミナー・ウェビナー集客LP（ネオン・サイバー・ジェネラティブ背景＋コピー）","上級"
"LP-06660","ゲーム・eスポーツ｜クラウドファンディング支援LP（レトロ・Y2K・写真コラージュ）","プロ（演出多め）"
"LP-06661","農業・地方の生産者｜採用エントリーLP（ハンドメイド・手書き・実績数字ドーン）","プロ（演出多め）"
"LP-06662","プログラミングスクール｜無料体験・カウンセリング予約LP（クール・テック・全面写真＋中央キャッチ）","プロ（演出多め）"
"LP-06663","占い・スピリチュアル｜リード獲得（資料請求・問い合わせ）LP（ダーク・シネマティック・スクロールで商品が回転/分解）","プロ（演出多め）"
"LP-06664","アパレル・ファッションEC｜リード獲得（資料請求・問い合わせ）LP（ミニマル・洗練・全面写真＋中央キャッチ）","プロ（演出多め）"
"LP-06665","占い・スピリチュアル｜採用エントリーLP（ラグジュアリー・高級感・背景動画ループ＋オーバーレイ）","プロ（演出多め）"
"LP-06666","歯科医院｜LINE友だち追加LP（ミニマル・洗練・写真コラージュ）","プロ（演出多め）"
"LP-06667","ゲーム・eスポーツ｜クラウドファンディング支援LP（ダーク・シネマティック・デバイスモックアップ浮遊）","プロ（演出多め）"
"LP-06668","NPO・地方自治体｜クラウドファンディング支援LP（エネルギッシュ・スポーティ・写真コラージュ）","プロ（演出多め）"
"LP-06669","観光・地域プロモーション｜リード獲得（資料請求・問い合わせ）LP（和モダン・スクロールで商品が回転/分解）","プロ（演出多め）"
"LP-06670","ヨガ・ピラティス｜無料体験・カウンセリング予約LP（北欧・ライフスタイル・スクロールで商品が回転/分解）","プロ（演出多め）"
"LP-06671","金融・保険・投資｜セミナー・ウェビナー集客LP（信頼・誠実（コーポレート）・写真コラージュ）","上級"
"LP-06672","建築設計事務所｜リード獲得（資料請求・問い合わせ）LP（ジオメトリック・グラフィカル・イラスト主体）","プロ（演出多め）"
"LP-06673","パーソナルジム・フィットネス｜LINE友だち追加LP（エディトリアル・雑誌風・スクロールで商品が回転/分解）","プロ（演出多め）"
"LP-06674","自動車・バイク｜リード獲得（資料請求・問い合わせ）LP（エネルギッシュ・スポーティ・スクロールで商品が回転/分解）","プロ（演出多め）"
"LP-06675","コンサル・コーチング｜リード獲得（資料請求・問い合わせ）LP（ミニマル・洗練・スクロールで商品が回転/分解）","プロ（演出多め）"
"LP-06676","引越し・生活サービス｜採用エントリーLP（ジオメトリック・グラフィカル・デバイスモックアップ浮遊）","プロ（演出多め）"
"LP-06677","エステ・脱毛サロン｜LINE友だち追加LP（ラグジュアリー・高級感・超大型タイポグラフィ）","上級"
"LP-06678","内科・クリニック｜採用エントリーLP（ナチュラル・オーガニック・背景動画ループ＋オーバーレイ）","プロ（演出多め）"
"LP-06679","クラウドファンディング・新商品｜採用エントリーLP（かわいい・ガーリー・イラスト主体）","プロ（演出多め）"
"LP-06680","Web制作・デザイン事務所｜セミナー・ウェビナー集客LP（ニューブルータリズム・デバイスモックアップ浮遊）","プロ（演出多め）"
"LP-06681","士業（税理士・弁護士・行政書士）｜無料体験・カウンセリング予約LP（和モダン・実績数字ドーン）","プロ（演出多め）"
"LP-06682","スマホアプリ｜リード獲得（資料請求・問い合わせ）LP（クール・テック・デバイスモックアップ浮遊）","プロ（演出多め）"
"LP-06683","保育園・幼児教育・習い事｜無料体験・カウンセリング予約LP（ポップ・カラフル・ジェネラティブ背景＋コピー）","プロ（演出多め）"
"LP-06684","プログラミングスクール｜リード獲得（資料請求・問い合わせ）LP（3D・クレイ・全面写真＋中央キャッチ）","プロ（演出多め）"
"LP-06685","アパレル・ファッションEC｜リード獲得（資料請求・問い合わせ）LP（ニューブルータリズム・実績数字ドーン）","プロ（演出多め）"
"LP-06686","自動車・バイク｜リード獲得（資料請求・問い合わせ）LP（エネルギッシュ・スポーティ・ジェネラティブ背景＋コピー）","プロ（演出多め）"
"LP-06687","音楽・ライブ・イベント｜クラウドファンディング支援LP（ニューブルータリズム・実績数字ドーン）","上級"
"LP-06688","ウェディング・結婚相談所｜リード獲得（資料請求・問い合わせ）LP（ニューブルータリズム・イラスト主体）","プロ（演出多め）"
"LP-06689","士業（税理士・弁護士・行政書士）｜無料体験・カウンセリング予約LP（和モダン・ジェネラティブ背景＋コピー）","プロ（演出多め）"
"LP-06690","エステ・脱毛サロン｜リード獲得（資料請求・問い合わせ）LP（かわいい・ガーリー・写真コラージュ）","プロ（演出多め）"
"LP-06691","YouTuber・インフルエンサー｜採用エントリーLP（ネオン・サイバー・デバイスモックアップ浮遊）","プロ（演出多め）"
"LP-06692","クラウドファンディング・新商品｜商品購入（単品通販）LP（ポップ・カラフル・スクロールで商品が回転/分解）","プロ（演出多め）"
"LP-06693","士業（税理士・弁護士・行政書士）｜リード獲得（資料請求・問い合わせ）LP（ミニマル・洗練・ジェネラティブ背景＋コピー）","プロ（演出多め）"
"LP-06694","美容クリニック｜LINE友だち追加LP（ポップ・カラフル・イラスト主体）","プロ（演出多め）"
"LP-06695","コスメ・スキンケア｜商品購入（単品通販）LP（パステル・ドリーミー・スクロールで商品が回転/分解）","上級"
"LP-06696","NPO・地方自治体｜採用エントリーLP（ジオメトリック・グラフィカル・全面写真＋中央キャッチ）","プロ（演出多め）"
"LP-06697","レストラン・居酒屋｜リード獲得（資料請求・問い合わせ）LP（ラグジュアリー・高級感・実績数字ドーン）","プロ（演出多め）"
"LP-06698","士業（税理士・弁護士・行政書士）｜無料体験・カウンセリング予約LP（和モダン・超大型タイポグラフィ）","プロ（演出多め）"
"LP-06699","サウナ・温浴施設｜採用エントリーLP（ラグジュアリー・高級感・実績数字ドーン）","プロ（演出多め）"
"LP-06700","クラウドファンディング・新商品｜採用エントリーLP（ダーク・シネマティック・イラスト主体）","プロ（演出多め）"
"LP-06701","コンサル・コーチング｜セミナー・ウェビナー集客LP（信頼・誠実（コーポレート）・ジェネラティブ背景＋コピー）","プロ（演出多め）"
"LP-06702","パーソナルジム・フィットネス｜LINE友だち追加LP（クール・テック・イラスト主体）","プロ（演出多め）"
"LP-06703","クラウドファンディング・新商品｜リード獲得（資料請求・問い合わせ）LP（クール・テック・デバイスモックアップ浮遊）","プロ（演出多め）"
"LP-06704","不動産・マンション｜採用エントリーLP（信頼・誠実（コーポレート）・全面写真＋中央キャッチ）","プロ（演出多め）"
"LP-06705","アパレル・ファッションEC｜商品購入（単品通販）LP（レトロ・Y2K・スクロールで商品が回転/分解）","プロ（演出多め）"
"LP-06706","工務店・注文住宅・リフォーム｜リード獲得（資料請求・問い合わせ）LP（ミニマル・洗練・スクロールで商品が回転/分解）","上級"
"LP-06707","スマホアプリ｜無料体験・カウンセリング予約LP（ダーク・シネマティック・ジェネラティブ背景＋コピー）","上級"
"LP-06708","英会話・語学｜採用エントリーLP（ジオメトリック・グラフィカル・写真コラージュ）","プロ（演出多め）"
"LP-06709","美容室・ヘアサロン｜採用エントリーLP（ミニマル・洗練・イラスト主体）","プロ（演出多め）"
"LP-06710","ペット・トリミング・動物病院｜商品購入（単品通販）LP（かわいい・ガーリー・左テキスト×右商品/人物）","プロ（演出多め）"
"LP-06711","英会話・語学｜リード獲得（資料請求・問い合わせ）LP（ジオメトリック・グラフィカル・写真コラージュ）","プロ（演出多め）"
"LP-06712","プログラミングスクール｜採用エントリーLP（レトロ・Y2K・背景動画ループ＋オーバーレイ）","プロ（演出多め）"
"LP-06713","レストラン・居酒屋｜LINE友だち追加LP（ダーク・シネマティック・ジェネラティブ背景＋コピー）","プロ（演出多め）"
"LP-06714","引越し・生活サービス｜リード獲得（資料請求・問い合わせ）LP（ポップ・カラフル・実績数字ドーン）","上級"
"LP-06715","引越し・生活サービス｜リード獲得（資料請求・問い合わせ）LP（ジオメトリック・グラフィカル・実績数字ドーン）","プロ（演出多め）"
"LP-06716","パーソナルジム・フィットネス｜LINE友だち追加LP（クール・テック・全面写真＋中央キャッチ）","プロ（演出多め）"
"LP-06717","自動車・バイク｜リード獲得（資料請求・問い合わせ）LP（レトロ・Y2K・スクロールで商品が回転/分解）","プロ（演出多め）"
"LP-06718","美容室・ヘアサロン｜無料体験・カウンセリング予約LP（ラグジュアリー・高級感・左テキスト×右商品/人物）","プロ（演出多め）"
"LP-06719","採用・求人｜採用エントリーLP（ポップ・カラフル・スクロールで商品が回転/分解）","プロ（演出多め）"
"LP-06720","食品・産直EC｜リード獲得（資料請求・問い合わせ）LP（和モダン・左テキスト×右商品/人物）","プロ（演出多め）"
"LP-06721","ペット・トリミング・動物病院｜採用エントリーLP（ナチュラル・オーガニック・左テキスト×右商品/人物）","プロ（演出多め）"
"LP-06722","パーソナルジム・フィットネス｜リード獲得（資料請求・問い合わせ）LP（ダーク・シネマティック・全面写真＋中央キャッチ）","プロ（演出多め）"
"LP-06723","スクール・オンライン講座｜採用エントリーLP（エネルギッシュ・スポーティ・左テキスト×右商品/人物）","プロ（演出多め）"
"LP-06724","和菓子・スイーツ｜リード獲得（資料請求・問い合わせ）LP（ナチュラル・オーガニック・全面写真＋中央キャッチ）","プロ（演出多め）"
"LP-06725","NPO・地方自治体｜リード獲得（資料請求・問い合わせ）LP（ジオメトリック・グラフィカル・スクロールで商品が回転/分解）","プロ（演出多め）"
"LP-06726","コンサル・コーチング｜無料体験・カウンセリング予約LP（ラグジュアリー・高級感・超大型タイポグラフィ）","プロ（演出多め）"
"LP-06727","占い・スピリチュアル｜無料体験・カウンセリング予約LP（和モダン・写真コラージュ）","プロ（演出多め）"
"LP-06728","Web制作・デザイン事務所｜セミナー・ウェビナー集客LP（レトロ・Y2K・デバイスモックアップ浮遊）","プロ（演出多め）"
"LP-06729","建築設計事務所｜リード獲得（資料請求・問い合わせ）LP（3D・クレイ・ジェネラティブ背景＋コピー）","プロ（演出多め）"
"LP-06730","不動産・マンション｜リード獲得（資料請求・問い合わせ）LP（ミニマル・洗練・デバイスモックアップ浮遊）","プロ（演出多め）"
"LP-06731","ヨガ・ピラティス｜LINE友だち追加LP（かわいい・ガーリー・ジェネラティブ背景＋コピー）","プロ（演出多め）"
"LP-06732","ウェディング・結婚相談所｜採用エントリーLP（パステル・ドリーミー・ジェネラティブ背景＋コピー）","プロ（演出多め）"
"LP-06733","和菓子・スイーツ｜クラウドファンディング支援LP（和モダン・左テキスト×右商品/人物）","プロ（演出多め）"
"LP-06734","保育園・幼児教育・習い事｜LINE友だち追加LP（ハンドメイド・手書き・左テキスト×右商品/人物）","プロ（演出多め）"
"LP-06735","エステ・脱毛サロン｜採用エントリーLP（かわいい・ガーリー・デバイスモックアップ浮遊）","プロ（演出多め）"
"LP-06736","歯科医院｜LINE友だち追加LP（エネルギッシュ・スポーティ・デバイスモックアップ浮遊）","プロ（演出多め）"
"LP-06737","引越し・生活サービス｜無料体験・カウンセリング予約LP（信頼・誠実（コーポレート）・背景動画ループ＋オーバーレイ）","上級"
"LP-06738","NPO・地方自治体｜クラウドファンディング支援LP（ジオメトリック・グラフィカル・イラスト主体）","プロ（演出多め）"
"LP-06739","アパレル・ファッションEC｜リード獲得（資料請求・問い合わせ）LP（エディトリアル・雑誌風・イラスト主体）","プロ（演出多め）"
"LP-06740","歯科医院｜無料体験・カウンセリング予約LP（ナチュラル・オーガニック・イラスト主体）","プロ（演出多め）"
"LP-06741","士業（税理士・弁護士・行政書士）｜採用エントリーLP（信頼・誠実（コーポレート）・写真コラージュ）","プロ（演出多め）"
"LP-06742","パーソナルジム・フィットネス｜無料体験・カウンセリング予約LP（クール・テック・実績数字ドーン）","プロ（演出多め）"
"LP-06743","観光・地域プロモーション｜リード獲得（資料請求・問い合わせ）LP（ナチュラル・オーガニック・スクロールで商品が回転/分解）","プロ（演出多め）"
"LP-06744","士業（税理士・弁護士・行政書士）｜リード獲得（資料請求・問い合わせ）LP（信頼・誠実（コーポレート）・イラスト主体）","プロ（演出多め）"
"LP-06745","不動産・マンション｜無料体験・カウンセリング予約LP（ダーク・シネマティック・全面写真＋中央キャッチ）","プロ（演出多め）"
"LP-06746","不動産・マンション｜無料体験・カウンセリング予約LP（信頼・誠実（コーポレート）・ジェネラティブ背景＋コピー）","プロ（演出多め）"
"LP-06747","カフェ・ベーカリー｜LINE友だち追加LP（ハンドメイド・手書き・イラスト主体）","プロ（演出多め）"
"LP-06748","スクール・オンライン講座｜無料体験・カウンセリング予約LP（3D・クレイ・背景動画ループ＋オーバーレイ）","プロ（演出多め）"
"LP-06749","和菓子・スイーツ｜リード獲得（資料請求・問い合わせ）LP（レトロ・Y2K・デバイスモックアップ浮遊）","プロ（演出多め）"
"LP-06750","コスメ・スキンケア｜商品購入（単品通販）LP（ナチュラル・オーガニック・実績数字ドーン）","プロ（演出多め）"
"LP-06751","観光・地域プロモーション｜クラウドファンディング支援LP（和モダン・全面写真＋中央キャッチ）","プロ（演出多め）"
"LP-06752","歯科医院｜無料体験・カウンセリング予約LP（ミニマル・洗練・スクロールで商品が回転/分解）","プロ（演出多め）"
"LP-06753","食品・産直EC｜採用エントリーLP（和モダン・超大型タイポグラフィ）","プロ（演出多め）"
"LP-06754","金融・保険・投資｜採用エントリーLP（ミニマル・洗練・背景動画ループ＋オーバーレイ）","プロ（演出多め）"
"LP-06755","工務店・注文住宅・リフォーム｜無料体験・カウンセリング予約LP（北欧・ライフスタイル・超大型タイポグラフィ）","プロ（演出多め）"
"LP-06756","スクール・オンライン講座｜採用エントリーLP（ポップ・カラフル・背景動画ループ＋オーバーレイ）","プロ（演出多め）"
"LP-06757","不動産・マンション｜採用エントリーLP（ミニマル・洗練・全面写真＋中央キャッチ）","プロ（演出多め）"
"LP-06758","ゲーム・eスポーツ｜採用エントリーLP（レトロ・Y2K・デバイスモックアップ浮遊）","プロ（演出多め）"
"LP-06759","美容クリニック｜リード獲得（資料請求・問い合わせ）LP（ミニマル・洗練・超大型タイポグラフィ）","プロ（演出多め）"
"LP-06760","歯科医院｜無料体験・カウンセリング予約LP（信頼・誠実（コーポレート）・左テキスト×右商品/人物）","プロ（演出多め）"
"LP-06761","NPO・地方自治体｜クラウドファンディング支援LP（ハンドメイド・手書き・イラスト主体）","プロ（演出多め）"
"LP-06762","AIサービス・スタートアップ｜採用エントリーLP（ミニマル・洗練・ジェネラティブ背景＋コピー）","プロ（演出多め）"
"LP-06763","アパレル・ファッションEC｜採用エントリーLP（ニューブルータリズム・デバイスモックアップ浮遊）","プロ（演出多め）"
"LP-06764","和菓子・スイーツ｜LINE友だち追加LP（かわいい・ガーリー・イラスト主体）","プロ（演出多め）"
"LP-06765","和菓子・スイーツ｜採用エントリーLP（和モダン・実績数字ドーン）","プロ（演出多め）"
"LP-06766","保育園・幼児教育・習い事｜リード獲得（資料請求・問い合わせ）LP（ナチュラル・オーガニック・背景動画ループ＋オーバーレイ）","プロ（演出多め）"
"LP-06767","パーソナルジム・フィットネス｜無料体験・カウンセリング予約LP（ポップ・カラフル・スクロールで商品が回転/分解）","プロ（演出多め）"
"LP-06768","SaaS・BtoBツール｜会員登録・アプリDLLP（グラスモーフィズム・写真コラージュ）","プロ（演出多め）"
"LP-06769","コスメ・スキンケア｜採用エントリーLP（パステル・ドリーミー・イラスト主体）","プロ（演出多め）"
"LP-06770","農業・地方の生産者｜商品購入（単品通販）LP（ポップ・カラフル・全面写真＋中央キャッチ）","プロ（演出多め）"
"LP-06771","観光・地域プロモーション｜クラウドファンディング支援LP（ダーク・シネマティック・ジェネラティブ背景＋コピー）","プロ（演出多め）"
"LP-06772","金融・保険・投資｜セミナー・ウェビナー集客LP（信頼・誠実（コーポレート）・左テキスト×右商品/人物）","プロ（演出多め）"
"LP-06773","音楽・ライブ・イベント｜採用エントリーLP（クール・テック・背景動画ループ＋オーバーレイ）","プロ（演出多め）"
"LP-06774","農業・地方の生産者｜商品購入（単品通販）LP（信頼・誠実（コーポレート）・左テキスト×右商品/人物）","プロ（演出多め）"
"LP-06775","スマホアプリ｜無料体験・カウンセリング予約LP（グラスモーフィズム・スクロールで商品が回転/分解）","プロ（演出多め）"
"LP-06776","建築設計事務所｜リード獲得（資料請求・問い合わせ）LP（ミニマル・洗練・ジェネラティブ背景＋コピー）","プロ（演出多め）"
"LP-06777","採用・求人｜リード獲得（資料請求・問い合わせ）LP（信頼・誠実（コーポレート）・左テキスト×右商品/人物）","プロ（演出多め）"
"LP-06778","ペット・トリミング・動物病院｜無料体験・カウンセリング予約LP（ハンドメイド・手書き・ジェネラティブ背景＋コピー）","プロ（演出多め）"
"LP-06779","エステ・脱毛サロン｜商品購入（単品通販）LP（ミニマル・洗練・実績数字ドーン）","プロ（演出多め）"
"LP-06780","コスメ・スキンケア｜リード獲得（資料請求・問い合わせ）LP（ラグジュアリー・高級感・ジェネラティブ背景＋コピー）","プロ（演出多め）"
"LP-06781","美容クリニック｜無料体験・カウンセリング予約LP（かわいい・ガーリー・写真コラージュ）","プロ（演出多め）"
"LP-06782","保育園・幼児教育・習い事｜無料体験・カウンセリング予約LP（ポップ・カラフル・イラスト主体）","プロ（演出多め）"
"LP-06783","ヨガ・ピラティス｜リード獲得（資料請求・問い合わせ）LP（北欧・ライフスタイル・左テキスト×右商品/人物）","プロ（演出多め）"
"LP-06784","スマホアプリ｜会員登録・アプリDLLP（クール・テック・イラスト主体）","プロ（演出多め）"
"LP-06785","エステ・脱毛サロン｜LINE友だち追加LP（パステル・ドリーミー・写真コラージュ）","プロ（演出多め）"
"LP-06786","SaaS・BtoBツール｜会員登録・アプリDLLP（信頼・誠実（コーポレート）・写真コラージュ）","プロ（演出多め）"
"LP-06787","クラウドファンディング・新商品｜採用エントリーLP（レトロ・Y2K・実績数字ドーン）","プロ（演出多め）"
"LP-06788","内科・クリニック｜LINE友だち追加LP（北欧・ライフスタイル・実績数字ドーン）","プロ（演出多め）"
"LP-06789","占い・スピリチュアル｜リード獲得（資料請求・問い合わせ）LP（クール・テック・全面写真＋中央キャッチ）","プロ（演出多め）"
"LP-06790","占い・スピリチュアル｜無料体験・カウンセリング予約LP（ダーク・シネマティック・デバイスモックアップ浮遊）","プロ（演出多め）"
"LP-06791","スクール・オンライン講座｜セミナー・ウェビナー集客LP（信頼・誠実（コーポレート）・超大型タイポグラフィ）","プロ（演出多め）"
"LP-06792","AIサービス・スタートアップ｜リード獲得（資料請求・問い合わせ）LP（ナチュラル・オーガニック・実績数字ドーン）","プロ（演出多め）"
"LP-06793","プログラミングスクール｜リード獲得（資料請求・問い合わせ）LP（クール・テック・イラスト主体）","プロ（演出多め）"
"LP-06794","レストラン・居酒屋｜採用エントリーLP（和モダン・イラスト主体）","上級"
"LP-06795","パーソナルジム・フィットネス｜採用エントリーLP（信頼・誠実（コーポレート）・写真コラージュ）","プロ（演出多め）"
"LP-06796","自動車・バイク｜リード獲得（資料請求・問い合わせ）LP（クール・テック・スクロールで商品が回転/分解）","プロ（演出多め）"
"LP-06797","サウナ・温浴施設｜リード獲得（資料請求・問い合わせ）LP（レトロ・Y2K・写真コラージュ）","プロ（演出多め）"
"LP-06798","美容クリニック｜リード獲得（資料請求・問い合わせ）LP（信頼・誠実（コーポレート）・超大型タイポグラフィ）","プロ（演出多め）"
"LP-06799","クラウドファンディング・新商品｜商品購入（単品通販）LP（ラグジュアリー・高級感・イラスト主体）","プロ（演出多め）"
"LP-06800","士業（税理士・弁護士・行政書士）｜無料体験・カウンセリング予約LP（信頼・誠実（コーポレート）・左テキスト×右商品/人物）","上級"
"LP-06801","美容クリニック｜採用エントリーLP（ミニマル・洗練・写真コラージュ）","プロ（演出多め）"
"LP-06802","アパレル・ファッションEC｜リード獲得（資料請求・問い合わせ）LP（レトロ・Y2K・デバイスモックアップ浮遊）","プロ（演出多め）"
"LP-06803","レストラン・居酒屋｜採用エントリーLP（レトロ・Y2K・背景動画ループ＋オーバーレイ）","プロ（演出多め）"
"LP-06804","美容室・ヘアサロン｜採用エントリーLP（和モダン・スクロールで商品が回転/分解）","プロ（演出多め）"
"LP-06805","プログラミングスクール｜リード獲得（資料請求・問い合わせ）LP（ネオン・サイバー・イラスト主体）","上級"
"LP-06806","スクール・オンライン講座｜会員登録・アプリDLLP（信頼・誠実（コーポレート）・超大型タイポグラフィ）","プロ（演出多め）"
"LP-06807","SaaS・BtoBツール｜無料体験・カウンセリング予約LP（グラスモーフィズム・実績数字ドーン）","プロ（演出多め）"
"LP-06808","エステ・脱毛サロン｜リード獲得（資料請求・問い合わせ）LP（ミニマル・洗練・デバイスモックアップ浮遊）","プロ（演出多め）"
"LP-06809","建築設計事務所｜採用エントリーLP（ジオメトリック・グラフィカル・全面写真＋中央キャッチ）","プロ（演出多め）"
"LP-06810","ペット・トリミング・動物病院｜採用エントリーLP（3D・クレイ・背景動画ループ＋オーバーレイ）","プロ（演出多め）"
"LP-06811","内科・クリニック｜採用エントリーLP（北欧・ライフスタイル・写真コラージュ）","プロ（演出多め）"
"LP-06812","ペット・トリミング・動物病院｜LINE友だち追加LP（ポップ・カラフル・実績数字ドーン）","プロ（演出多め）"
"LP-06813","占い・スピリチュアル｜LINE友だち追加LP（ラグジュアリー・高級感・デバイスモックアップ浮遊）","プロ（演出多め）"
"LP-06814","引越し・生活サービス｜無料体験・カウンセリング予約LP（信頼・誠実（コーポレート）・スクロールで商品が回転/分解）","プロ（演出多め）"
"LP-06815","サウナ・温浴施設｜採用エントリーLP（エディトリアル・雑誌風・スクロールで商品が回転/分解）","プロ（演出多め）"
"LP-06816","音楽・ライブ・イベント｜クラウドファンディング支援LP（ネオン・サイバー・ジェネラティブ背景＋コピー）","プロ（演出多め）"
"LP-06817","ウェディング・結婚相談所｜リード獲得（資料請求・問い合わせ）LP（かわいい・ガーリー・左テキスト×右商品/人物）","プロ（演出多め）"
"LP-06818","不動産・マンション｜セミナー・ウェビナー集客LP（信頼・誠実（コーポレート）・左テキスト×右商品/人物）","プロ（演出多め）"
"LP-06819","不動産・マンション｜セミナー・ウェビナー集客LP（ミニマル・洗練・イラスト主体）","プロ（演出多め）"
"LP-06820","NPO・地方自治体｜クラウドファンディング支援LP（ハンドメイド・手書き・ジェネラティブ背景＋コピー）","プロ（演出多め）"
"LP-06821","ウェディング・結婚相談所｜無料体験・カウンセリング予約LP（パステル・ドリーミー・全面写真＋中央キャッチ）","プロ（演出多め）"
"LP-06822","Web制作・デザイン事務所｜採用エントリーLP（ニューブルータリズム・スクロールで商品が回転/分解）","プロ（演出多め）"
"LP-06823","金融・保険・投資｜採用エントリーLP（クール・テック・スクロールで商品が回転/分解）","上級"
"LP-06824","占い・スピリチュアル｜採用エントリーLP（ニューブルータリズム・実績数字ドーン）","プロ（演出多め）"
"LP-06825","農業・地方の生産者｜リード獲得（資料請求・問い合わせ）LP（クール・テック・スクロールで商品が回転/分解）","プロ（演出多め）"
"LP-06826","コンサル・コーチング｜無料体験・カウンセリング予約LP（エディトリアル・雑誌風・超大型タイポグラフィ）","プロ（演出多め）"
"LP-06827","不動産・マンション｜無料体験・カウンセリング予約LP（ミニマル・洗練・実績数字ドーン）","プロ（演出多め）"
"LP-06828","美容室・ヘアサロン｜無料体験・カウンセリング予約LP（ミニマル・洗練・デバイスモックアップ浮遊）","プロ（演出多め）"
"LP-06829","美容クリニック｜LINE友だち追加LP（ラグジュアリー・高級感・全面写真＋中央キャッチ）","プロ（演出多め）"
"LP-06830","不動産・マンション｜リード獲得（資料請求・問い合わせ）LP（信頼・誠実（コーポレート）・全面写真＋中央キャッチ）","プロ（演出多め）"
"LP-06831","SaaS・BtoBツール｜リード獲得（資料請求・問い合わせ）LP（クール・テック・スクロールで商品が回転/分解）","プロ（演出多め）"
"LP-06832","コスメ・スキンケア｜商品購入（単品通販）LP（パステル・ドリーミー・イラスト主体）","プロ（演出多め）"
"LP-06833","美容室・ヘアサロン｜採用エントリーLP（かわいい・ガーリー・左テキスト×右商品/人物）","プロ（演出多め）"
"LP-06834","観光・地域プロモーション｜リード獲得（資料請求・問い合わせ）LP（ダーク・シネマティック・スクロールで商品が回転/分解）","プロ（演出多め）"
"LP-06835","建築設計事務所｜リード獲得（資料請求・問い合わせ）LP（ミニマル・洗練・全面写真＋中央キャッチ）","プロ（演出多め）"
"LP-06836","音楽・ライブ・イベント｜クラウドファンディング支援LP（ニューブルータリズム・左テキスト×右商品/人物）","プロ（演出多め）"
"LP-06837","AIサービス・スタートアップ｜採用エントリーLP（クール・テック・写真コラージュ）","プロ（演出多め）"
"LP-06838","引越し・生活サービス｜リード獲得（資料請求・問い合わせ）LP（グラスモーフィズム・背景動画ループ＋オーバーレイ）","プロ（演出多め）"
"LP-06839","ホテル・旅館｜リード獲得（資料請求・問い合わせ）LP（ハンドメイド・手書き・ジェネラティブ背景＋コピー）","プロ（演出多め）"
"LP-06840","プログラミングスクール｜会員登録・アプリDLLP（ポップ・カラフル・超大型タイポグラフィ）","プロ（演出多め）"
"LP-06841","工務店・注文住宅・リフォーム｜リード獲得（資料請求・問い合わせ）LP（レトロ・Y2K・超大型タイポグラフィ）","プロ（演出多め）"
"LP-06842","建築設計事務所｜採用エントリーLP（エディトリアル・雑誌風・左テキスト×右商品/人物）","プロ（演出多め）"
"LP-06843","プログラミングスクール｜セミナー・ウェビナー集客LP（信頼・誠実（コーポレート）・スクロールで商品が回転/分解）","プロ（演出多め）"
"LP-06844","建築設計事務所｜採用エントリーLP（ミニマル・洗練・超大型タイポグラフィ）","プロ（演出多め）"
"LP-06845","コスメ・スキンケア｜リード獲得（資料請求・問い合わせ）LP（ラグジュアリー・高級感・実績数字ドーン）","プロ（演出多め）"
"LP-06846","採用・求人｜リード獲得（資料請求・問い合わせ）LP（ネオン・サイバー・写真コラージュ）","プロ（演出多め）"
"LP-06847","スクール・オンライン講座｜リード獲得（資料請求・問い合わせ）LP（エネルギッシュ・スポーティ・超大型タイポグラフィ）","プロ（演出多め）"
"LP-06848","プログラミングスクール｜会員登録・アプリDLLP（ポップ・カラフル・超大型タイポグラフィ）","プロ（演出多め）"
"LP-06849","音楽・ライブ・イベント｜採用エントリーLP（ダーク・シネマティック・スクロールで商品が回転/分解）","上級"
"LP-06850","農業・地方の生産者｜クラウドファンディング支援LP（ナチュラル・オーガニック・写真コラージュ）","プロ（演出多め）"
"LP-06851","工務店・注文住宅・リフォーム｜採用エントリーLP（ナチュラル・オーガニック・ジェネラティブ背景＋コピー）","プロ（演出多め）"
"LP-06852","ゲーム・eスポーツ｜採用エントリーLP（レトロ・Y2K・背景動画ループ＋オーバーレイ）","プロ（演出多め）"
"LP-06853","工務店・注文住宅・リフォーム｜LINE友だち追加LP（パステル・ドリーミー・実績数字ドーン）","プロ（演出多め）"
"LP-06854","アパレル・ファッションEC｜採用エントリーLP（エディトリアル・雑誌風・左テキスト×右商品/人物）","プロ（演出多め）"
"LP-06855","アパレル・ファッションEC｜リード獲得（資料請求・問い合わせ）LP（エディトリアル・雑誌風・ジェネラティブ背景＋コピー）","プロ（演出多め）"
"LP-06856","ヨガ・ピラティス｜無料体験・カウンセリング予約LP（ナチュラル・オーガニック・超大型タイポグラフィ）","上級"
"LP-06857","建築設計事務所｜リード獲得（資料請求・問い合わせ）LP（ミニマル・洗練・背景動画ループ＋オーバーレイ）","プロ（演出多め）"
"LP-06858","レストラン・居酒屋｜リード獲得（資料請求・問い合わせ）LP（和モダン・超大型タイポグラフィ）","プロ（演出多め）"
"LP-06859","建築設計事務所｜採用エントリーLP（ミニマル・洗練・超大型タイポグラフィ）","プロ（演出多め）"
"LP-06860","ゲーム・eスポーツ｜採用エントリーLP（ネオン・サイバー・写真コラージュ）","プロ（演出多め）"
"LP-06861","保育園・幼児教育・習い事｜LINE友だち追加LP（ハンドメイド・手書き・左テキスト×右商品/人物）","プロ（演出多め）"
"LP-06862","金融・保険・投資｜無料体験・カウンセリング予約LP（信頼・誠実（コーポレート）・写真コラージュ）","プロ（演出多め）"
"LP-06863","歯科医院｜リード獲得（資料請求・問い合わせ）LP（ナチュラル・オーガニック・イラスト主体）","プロ（演出多め）"
"LP-06864","不動産・マンション｜セミナー・ウェビナー集客LP（ミニマル・洗練・実績数字ドーン）","プロ（演出多め）"
"LP-06865","SaaS・BtoBツール｜採用エントリーLP（クール・テック・スクロールで商品が回転/分解）","プロ（演出多め）"
"LP-06866","観光・地域プロモーション｜クラウドファンディング支援LP（北欧・ライフスタイル・全面写真＋中央キャッチ）","プロ（演出多め）"
"LP-06867","音楽・ライブ・イベント｜採用エントリーLP（ダーク・シネマティック・イラスト主体）","プロ（演出多め）"
"LP-06868","サウナ・温浴施設｜採用エントリーLP（ナチュラル・オーガニック・左テキスト×右商品/人物）","プロ（演出多め）"
"LP-06869","不動産・マンション｜採用エントリーLP（ミニマル・洗練・スクロールで商品が回転/分解）","プロ（演出多め）"
"LP-06870","美容室・ヘアサロン｜LINE友だち追加LP（北欧・ライフスタイル・左テキスト×右商品/人物）","上級"
"LP-06871","歯科医院｜無料体験・カウンセリング予約LP（ネオン・サイバー・背景動画ループ＋オーバーレイ）","プロ（演出多め）"
"LP-06872","YouTuber・インフルエンサー｜採用エントリーLP（レトロ・Y2K・超大型タイポグラフィ）","プロ（演出多め）"
"LP-06873","士業（税理士・弁護士・行政書士）｜採用エントリーLP（信頼・誠実（コーポレート）・写真コラージュ）","プロ（演出多め）"
"LP-06874","クラウドファンディング・新商品｜採用エントリーLP（ポップ・カラフル・背景動画ループ＋オーバーレイ）","プロ（演出多め）"
"LP-06875","サウナ・温浴施設｜無料体験・カウンセリング予約LP（和モダン・全面写真＋中央キャッチ）","プロ（演出多め）"
"LP-06876","不動産・マンション｜無料体験・カウンセリング予約LP（ラグジュアリー・高級感・背景動画ループ＋オーバーレイ）","プロ（演出多め）"
"LP-06877","自動車・バイク｜採用エントリーLP（ダーク・シネマティック・超大型タイポグラフィ）","プロ（演出多め）"
"LP-06878","ホテル・旅館｜採用エントリーLP（和モダン・背景動画ループ＋オーバーレイ）","プロ（演出多め）"
"LP-06879","美容室・ヘアサロン｜無料体験・カウンセリング予約LP（ラグジュアリー・高級感・実績数字ドーン）","プロ（演出多め）"
"LP-06880","英会話・語学｜会員登録・アプリDLLP（3D・クレイ・イラスト主体）","プロ（演出多め）"
"LP-06881","カフェ・ベーカリー｜採用エントリーLP（レトロ・Y2K・デバイスモックアップ浮遊）","プロ（演出多め）"
"LP-06882","和菓子・スイーツ｜採用エントリーLP（ナチュラル・オーガニック・スクロールで商品が回転/分解）","プロ（演出多め）"
"LP-06883","ホテル・旅館｜LINE友だち追加LP（ラグジュアリー・高級感・スクロールで商品が回転/分解）","プロ（演出多め）"
"LP-06884","スマホアプリ｜無料体験・カウンセリング予約LP（3D・クレイ・写真コラージュ）","プロ（演出多め）"
"LP-06885","観光・地域プロモーション｜採用エントリーLP（ナチュラル・オーガニック・イラスト主体）","プロ（演出多め）"
"LP-06886","プログラミングスクール｜会員登録・アプリDLLP（エディトリアル・雑誌風・デバイスモックアップ浮遊）","プロ（演出多め）"
"LP-06887","歯科医院｜リード獲得（資料請求・問い合わせ）LP（ナチュラル・オーガニック・超大型タイポグラフィ）","プロ（演出多め）"
"LP-06888","スクール・オンライン講座｜リード獲得（資料請求・問い合わせ）LP（ポップ・カラフル・写真コラージュ）","プロ（演出多め）"
"LP-06889","不動産・マンション｜セミナー・ウェビナー集客LP（信頼・誠実（コーポレート）・左テキスト×右商品/人物）","プロ（演出多め）"
"LP-06890","スマホアプリ｜リード獲得（資料請求・問い合わせ）LP（グラスモーフィズム・実績数字ドーン）","プロ（演出多め）"
"LP-06891","コスメ・スキンケア｜採用エントリーLP（ミニマル・洗練・実績数字ドーン）","プロ（演出多め）"
"LP-06892","工務店・注文住宅・リフォーム｜リード獲得（資料請求・問い合わせ）LP（3D・クレイ・イラスト主体）","プロ（演出多め）"
"LP-06893","自動車・バイク｜無料体験・カウンセリング予約LP（ラグジュアリー・高級感・デバイスモックアップ浮遊）","プロ（演出多め）"
"LP-06894","不動産・マンション｜採用エントリーLP（エディトリアル・雑誌風・全面写真＋中央キャッチ）","プロ（演出多め）"
"LP-06895","保育園・幼児教育・習い事｜無料体験・カウンセリング予約LP（かわいい・ガーリー・左テキスト×右商品/人物）","プロ（演出多め）"
"LP-06896","YouTuber・インフルエンサー｜会員登録・アプリDLLP（かわいい・ガーリー・デバイスモックアップ浮遊）","プロ（演出多め）"
"LP-06897","美容室・ヘアサロン｜LINE友だち追加LP（ミニマル・洗練・スクロールで商品が回転/分解）","プロ（演出多め）"
"LP-06898","サウナ・温浴施設｜リード獲得（資料請求・問い合わせ）LP（ポップ・カラフル・イラスト主体）","プロ（演出多め）"
"LP-06899","コンサル・コーチング｜セミナー・ウェビナー集客LP（ラグジュアリー・高級感・背景動画ループ＋オーバーレイ）","プロ（演出多め）"
"LP-06900","ヨガ・ピラティス｜無料体験・カウンセリング予約LP（北欧・ライフスタイル・デバイスモックアップ浮遊）","上級"
"LP-06901","英会話・語学｜会員登録・アプリDLLP（3D・クレイ・スクロールで商品が回転/分解）","プロ（演出多め）"
"LP-06902","観光・地域プロモーション｜クラウドファンディング支援LP（ハンドメイド・手書き・写真コラージュ）","プロ（演出多め）"
"LP-06903","歯科医院｜無料体験・カウンセリング予約LP（ミニマル・洗練・超大型タイポグラフィ）","プロ（演出多め）"
"LP-06904","美容室・ヘアサロン｜リード獲得（資料請求・問い合わせ）LP（ミニマル・洗練・イラスト主体）","プロ（演出多め）"
"LP-06905","コスメ・スキンケア｜採用エントリーLP（グラスモーフィズム・左テキスト×右商品/人物）","プロ（演出多め）"
"LP-06906","建築設計事務所｜リード獲得（資料請求・問い合わせ）LP（ミニマル・洗練・全面写真＋中央キャッチ）","上級"
"LP-06907","観光・地域プロモーション｜リード獲得（資料請求・問い合わせ）LP（和モダン・超大型タイポグラフィ）","プロ（演出多め）"
"LP-06908","アパレル・ファッションEC｜リード獲得（資料請求・問い合わせ）LP（レトロ・Y2K・全面写真＋中央キャッチ）","プロ（演出多め）"
"LP-06909","AIサービス・スタートアップ｜セミナー・ウェビナー集客LP（グラスモーフィズム・全面写真＋中央キャッチ）","プロ（演出多め）"
"LP-06910","コンサル・コーチング｜採用エントリーLP（ミニマル・洗練・実績数字ドーン）","プロ（演出多め）"
"LP-06911","ウェディング・結婚相談所｜LINE友だち追加LP（パステル・ドリーミー・デバイスモックアップ浮遊）","上級"
"LP-06912","観光・地域プロモーション｜クラウドファンディング支援LP（かわいい・ガーリー・左テキスト×右商品/人物）","プロ（演出多め）"
"LP-06913","ゲーム・eスポーツ｜会員登録・アプリDLLP（ネオン・サイバー・デバイスモックアップ浮遊）","上級"
"LP-06914","英会話・語学｜リード獲得（資料請求・問い合わせ）LP（信頼・誠実（コーポレート）・スクロールで商品が回転/分解）","プロ（演出多め）"
"LP-06915","保育園・幼児教育・習い事｜採用エントリーLP（かわいい・ガーリー・写真コラージュ）","プロ（演出多め）"
"LP-06916","エステ・脱毛サロン｜商品購入（単品通販）LP（パステル・ドリーミー・実績数字ドーン）","プロ（演出多め）"
"LP-06917","スクール・オンライン講座｜リード獲得（資料請求・問い合わせ）LP（クール・テック・背景動画ループ＋オーバーレイ）","プロ（演出多め）"
"LP-06918","クラウドファンディング・新商品｜採用エントリーLP（ラグジュアリー・高級感・写真コラージュ）","プロ（演出多め）"
"LP-06919","レストラン・居酒屋｜リード獲得（資料請求・問い合わせ）LP（ラグジュアリー・高級感・イラスト主体）","プロ（演出多め）"
"LP-06920","美容クリニック｜リード獲得（資料請求・問い合わせ）LP（レトロ・Y2K・イラスト主体）","プロ（演出多め）"
"LP-06921","採用・求人｜リード獲得（資料請求・問い合わせ）LP（エネルギッシュ・スポーティ・左テキスト×右商品/人物）","プロ（演出多め）"
"LP-06922","アパレル・ファッションEC｜商品購入（単品通販）LP（ニューブルータリズム・デバイスモックアップ浮遊）","プロ（演出多め）"
"LP-06923","金融・保険・投資｜無料体験・カウンセリング予約LP（クール・テック・イラスト主体）","プロ（演出多め）"
"LP-06924","保育園・幼児教育・習い事｜リード獲得（資料請求・問い合わせ）LP（ナチュラル・オーガニック・写真コラージュ）","プロ（演出多め）"
"LP-06925","NPO・地方自治体｜クラウドファンディング支援LP（ジオメトリック・グラフィカル・左テキスト×右商品/人物）","プロ（演出多め）"
"LP-06926","不動産・マンション｜採用エントリーLP（ポップ・カラフル・ジェネラティブ背景＋コピー）","プロ（演出多め）"
"LP-06927","スマホアプリ｜採用エントリーLP（ポップ・カラフル・ジェネラティブ背景＋コピー）","プロ（演出多め）"
"LP-06928","YouTuber・インフルエンサー｜採用エントリーLP（ニューブルータリズム・全面写真＋中央キャッチ）","プロ（演出多め）"
"LP-06929","観光・地域プロモーション｜採用エントリーLP（ナチュラル・オーガニック・デバイスモックアップ浮遊）","プロ（演出多め）"
"LP-06930","プログラミングスクール｜リード獲得（資料請求・問い合わせ）LP（クール・テック・スクロールで商品が回転/分解）","プロ（演出多め）"
"LP-06931","AIサービス・スタートアップ｜セミナー・ウェビナー集客LP（グラスモーフィズム・イラスト主体）","プロ（演出多め）"
"LP-06932","コンサル・コーチング｜セミナー・ウェビナー集客LP（エディトリアル・雑誌風・実績数字ドーン）","プロ（演出多め）"
"LP-06933","クラウドファンディング・新商品｜クラウドファンディング支援LP（ポップ・カラフル・実績数字ドーン）","プロ（演出多め）"
"LP-06934","ゲーム・eスポーツ｜クラウドファンディング支援LP（レトロ・Y2K・スクロールで商品が回転/分解）","プロ（演出多め）"
"LP-06935","内科・クリニック｜LINE友だち追加LP（ナチュラル・オーガニック・イラスト主体）","プロ（演出多め）"
"LP-06936","採用・求人｜リード獲得（資料請求・問い合わせ）LP（信頼・誠実（コーポレート）・左テキスト×右商品/人物）","プロ（演出多め）"
"LP-06937","不動産・マンション｜採用エントリーLP（ラグジュアリー・高級感・実績数字ドーン）","プロ（演出多め）"
"LP-06938","保育園・幼児教育・習い事｜リード獲得（資料請求・問い合わせ）LP（ハンドメイド・手書き・ジェネラティブ背景＋コピー）","プロ（演出多め）"
"LP-06939","コスメ・スキンケア｜リード獲得（資料請求・問い合わせ）LP（パステル・ドリーミー・実績数字ドーン）","上級"
"LP-06940","NPO・地方自治体｜クラウドファンディング支援LP（ジオメトリック・グラフィカル・ジェネラティブ背景＋コピー）","上級"
"LP-06941","ゲーム・eスポーツ｜クラウドファンディング支援LP（ダーク・シネマティック・背景動画ループ＋オーバーレイ）","プロ（演出多め）"
"LP-06942","ヨガ・ピラティス｜LINE友だち追加LP（クール・テック・背景動画ループ＋オーバーレイ）","プロ（演出多め）"
"LP-06943","ウェディング・結婚相談所｜LINE友だち追加LP（レトロ・Y2K・写真コラージュ）","プロ（演出多め）"
"LP-06944","音楽・ライブ・イベント｜採用エントリーLP（ダーク・シネマティック・全面写真＋中央キャッチ）","プロ（演出多め）"
"LP-06945","プログラミングスクール｜会員登録・アプリDLLP（3D・クレイ・デバイスモックアップ浮遊）","プロ（演出多め）"
"LP-06946","建築設計事務所｜採用エントリーLP（エディトリアル・雑誌風・スクロールで商品が回転/分解）","上級"
"LP-06947","歯科医院｜無料体験・カウンセリング予約LP（ナチュラル・オーガニック・全面写真＋中央キャッチ）","プロ（演出多め）"
"LP-06948","ペット・トリミング・動物病院｜採用エントリーLP（3D・クレイ・スクロールで商品が回転/分解）","プロ（演出多め）"
"LP-06949","ゲーム・eスポーツ｜リード獲得（資料請求・問い合わせ）LP（ネオン・サイバー・デバイスモックアップ浮遊）","プロ（演出多め）"
"LP-06950","不動産・マンション｜セミナー・ウェビナー集客LP（ラグジュアリー・高級感・左テキスト×右商品/人物）","プロ（演出多め）"
"LP-06951","引越し・生活サービス｜リード獲得（資料請求・問い合わせ）LP（レトロ・Y2K・デバイスモックアップ浮遊）","プロ（演出多め）"
"LP-06952","食品・産直EC｜リード獲得（資料請求・問い合わせ）LP（ダーク・シネマティック・背景動画ループ＋オーバーレイ）","プロ（演出多め）"
"LP-06953","ヨガ・ピラティス｜リード獲得（資料請求・問い合わせ）LP（パステル・ドリーミー・背景動画ループ＋オーバーレイ）","プロ（演出多め）"
"LP-06954","Web制作・デザイン事務所｜リード獲得（資料請求・問い合わせ）LP（ネオン・サイバー・左テキスト×右商品/人物）","上級"
"LP-06955","食品・産直EC｜クラウドファンディング支援LP（ハンドメイド・手書き・デバイスモックアップ浮遊）","プロ（演出多め）"
"LP-06956","内科・クリニック｜リード獲得（資料請求・問い合わせ）LP（ニューブルータリズム・全面写真＋中央キャッチ）","プロ（演出多め）"
"LP-06957","採用・求人｜採用エントリーLP（エディトリアル・雑誌風・左テキスト×右商品/人物）","上級"
"LP-06958","引越し・生活サービス｜採用エントリーLP（3D・クレイ・背景動画ループ＋オーバーレイ）","プロ（演出多め）"
"LP-06959","観光・地域プロモーション｜クラウドファンディング支援LP（ナチュラル・オーガニック・左テキスト×右商品/人物）","プロ（演出多め）"
"LP-06960","観光・地域プロモーション｜クラウドファンディング支援LP（和モダン・イラスト主体）","上級"
"LP-06961","歯科医院｜採用エントリーLP（ミニマル・洗練・ジェネラティブ背景＋コピー）","プロ（演出多め）"
"LP-06962","ヨガ・ピラティス｜無料体験・カウンセリング予約LP（ナチュラル・オーガニック・超大型タイポグラフィ）","プロ（演出多め）"
"LP-06963","プログラミングスクール｜無料体験・カウンセリング予約LP（北欧・ライフスタイル・超大型タイポグラフィ）","プロ（演出多め）"
"LP-06964","採用・求人｜リード獲得（資料請求・問い合わせ）LP（3D・クレイ・ジェネラティブ背景＋コピー）","プロ（演出多め）"
"LP-06965","アパレル・ファッションEC｜採用エントリーLP（エディトリアル・雑誌風・スクロールで商品が回転/分解）","プロ（演出多め）"
"LP-06966","食品・産直EC｜クラウドファンディング支援LP（ポップ・カラフル・イラスト主体）","プロ（演出多め）"
"LP-06967","ホテル・旅館｜LINE友だち追加LP（和モダン・超大型タイポグラフィ）","プロ（演出多め）"
"LP-06968","NPO・地方自治体｜クラウドファンディング支援LP（ハンドメイド・手書き・イラスト主体）","プロ（演出多め）"
"LP-06969","農業・地方の生産者｜クラウドファンディング支援LP（和モダン・ジェネラティブ背景＋コピー）","プロ（演出多め）"
"LP-06970","レストラン・居酒屋｜LINE友だち追加LP（レトロ・Y2K・スクロールで商品が回転/分解）","上級"
"LP-06971","音楽・ライブ・イベント｜リード獲得（資料請求・問い合わせ）LP（ネオン・サイバー・写真コラージュ）","プロ（演出多め）"
"LP-06972","美容クリニック｜LINE友だち追加LP（ラグジュアリー・高級感・デバイスモックアップ浮遊）","プロ（演出多め）"
"LP-06973","YouTuber・インフルエンサー｜リード獲得（資料請求・問い合わせ）LP（ポップ・カラフル・左テキスト×右商品/人物）","プロ（演出多め）"
"LP-06974","YouTuber・インフルエンサー｜リード獲得（資料請求・問い合わせ）LP（ジオメトリック・グラフィカル・写真コラージュ）","プロ（演出多め）"
"LP-06975","美容クリニック｜採用エントリーLP（ミニマル・洗練・全面写真＋中央キャッチ）","上級"
"LP-06976","ゲーム・eスポーツ｜採用エントリーLP（レトロ・Y2K・ジェネラティブ背景＋コピー）","プロ（演出多め）"
"LP-06977","工務店・注文住宅・リフォーム｜LINE友だち追加LP（ミニマル・洗練・実績数字ドーン）","上級"
"LP-06978","サウナ・温浴施設｜リード獲得（資料請求・問い合わせ）LP（ナチュラル・オーガニック・左テキスト×右商品/人物）","プロ（演出多め）"
"LP-06979","食品・産直EC｜採用エントリーLP（ダーク・シネマティック・デバイスモックアップ浮遊）","プロ（演出多め）"
"LP-06980","YouTuber・インフルエンサー｜会員登録・アプリDLLP（ネオン・サイバー・写真コラージュ）","プロ（演出多め）"
"LP-06981","アパレル・ファッションEC｜商品購入（単品通販）LP（ニューブルータリズム・全面写真＋中央キャッチ）","プロ（演出多め）"
"LP-06982","プログラミングスクール｜無料体験・カウンセリング予約LP（3D・クレイ・スクロールで商品が回転/分解）","プロ（演出多め）"
"LP-06983","歯科医院｜LINE友だち追加LP（ナチュラル・オーガニック・写真コラージュ）","プロ（演出多め）"
"LP-06984","ヨガ・ピラティス｜採用エントリーLP（パステル・ドリーミー・スクロールで商品が回転/分解）","プロ（演出多め）"
"LP-06985","金融・保険・投資｜セミナー・ウェビナー集客LP（信頼・誠実（コーポレート）・ジェネラティブ背景＋コピー）","上級"
"LP-06986","建築設計事務所｜採用エントリーLP（エディトリアル・雑誌風・写真コラージュ）","プロ（演出多め）"
"LP-06987","サウナ・温浴施設｜無料体験・カウンセリング予約LP（和モダン・左テキスト×右商品/人物）","プロ（演出多め）"
"LP-06988","YouTuber・インフルエンサー｜採用エントリーLP（ニューブルータリズム・左テキスト×右商品/人物）","プロ（演出多め）"
"LP-06989","カフェ・ベーカリー｜リード獲得（資料請求・問い合わせ）LP（北欧・ライフスタイル・ジェネラティブ背景＋コピー）","プロ（演出多め）"
"LP-06990","和菓子・スイーツ｜LINE友だち追加LP（ナチュラル・オーガニック・超大型タイポグラフィ）","プロ（演出多め）"
"LP-06991","観光・地域プロモーション｜リード獲得（資料請求・問い合わせ）LP（レトロ・Y2K・デバイスモックアップ浮遊）","プロ（演出多め）"
"LP-06992","和菓子・スイーツ｜LINE友だち追加LP（ナチュラル・オーガニック・デバイスモックアップ浮遊）","プロ（演出多め）"
"LP-06993","AIサービス・スタートアップ｜会員登録・アプリDLLP（ミニマル・洗練・背景動画ループ＋オーバーレイ）","プロ（演出多め）"
"LP-06994","ヨガ・ピラティス｜リード獲得（資料請求・問い合わせ）LP（ナチュラル・オーガニック・デバイスモックアップ浮遊）","プロ（演出多め）"
"LP-06995","工務店・注文住宅・リフォーム｜リード獲得（資料請求・問い合わせ）LP（ミニマル・洗練・デバイスモックアップ浮遊）","プロ（演出多め）"
"LP-06996","保育園・幼児教育・習い事｜採用エントリーLP（ナチュラル・オーガニック・超大型タイポグラフィ）","プロ（演出多め）"
"LP-06997","NPO・地方自治体｜採用エントリーLP（信頼・誠実（コーポレート）・写真コラージュ）","プロ（演出多め）"
"LP-06998","工務店・注文住宅・リフォーム｜リード獲得（資料請求・問い合わせ）LP（信頼・誠実（コーポレート）・スクロールで商品が回転/分解）","プロ（演出多め）"
"LP-06999","英会話・語学｜無料体験・カウンセリング予約LP（ポップ・カラフル・全面写真＋中央キャッチ）","プロ（演出多め）"
"LP-07000","ヨガ・ピラティス｜採用エントリーLP（3D・クレイ・左テキスト×右商品/人物）","プロ（演出多め）"
"LP-07001","アパレル・ファッションEC｜リード獲得（資料請求・問い合わせ）LP（エディトリアル・雑誌風・スクロールで商品が回転/分解）","プロ（演出多め）"
"LP-07002","引越し・生活サービス｜無料体験・カウンセリング予約LP（3D・クレイ・ジェネラティブ背景＋コピー）","上級"
"LP-07003","工務店・注文住宅・リフォーム｜採用エントリーLP（北欧・ライフスタイル・デバイスモックアップ浮遊）","プロ（演出多め）"
"LP-07004","和菓子・スイーツ｜LINE友だち追加LP（かわいい・ガーリー・全面写真＋中央キャッチ）","プロ（演出多め）"
"LP-07005","クラウドファンディング・新商品｜採用エントリーLP（ポップ・カラフル・背景動画ループ＋オーバーレイ）","プロ（演出多め）"
"LP-07006","レストラン・居酒屋｜採用エントリーLP（和モダン・背景動画ループ＋オーバーレイ）","プロ（演出多め）"
"LP-07007","SaaS・BtoBツール｜会員登録・アプリDLLP（3D・クレイ・超大型タイポグラフィ）","プロ（演出多め）"
"LP-07008","ホテル・旅館｜LINE友だち追加LP（和モダン・左テキスト×右商品/人物）","プロ（演出多め）"
"LP-07009","採用・求人｜リード獲得（資料請求・問い合わせ）LP（ジオメトリック・グラフィカル・全面写真＋中央キャッチ）","プロ（演出多め）"
"LP-07010","美容クリニック｜無料体験・カウンセリング予約LP（ミニマル・洗練・スクロールで商品が回転/分解）","プロ（演出多め）"
"LP-07011","スクール・オンライン講座｜採用エントリーLP（エディトリアル・雑誌風・ジェネラティブ背景＋コピー）","プロ（演出多め）"
"LP-07012","美容クリニック｜リード獲得（資料請求・問い合わせ）LP（信頼・誠実（コーポレート）・左テキスト×右商品/人物）","上級"
"LP-07013","プログラミングスクール｜リード獲得（資料請求・問い合わせ）LP（ポップ・カラフル・実績数字ドーン）","プロ（演出多め）"
"LP-07014","音楽・ライブ・イベント｜採用エントリーLP（ニューブルータリズム・デバイスモックアップ浮遊）","プロ（演出多め）"
"LP-07015","パーソナルジム・フィットネス｜無料体験・カウンセリング予約LP（グラスモーフィズム・デバイスモックアップ浮遊）","プロ（演出多め）"
"LP-07016","ゲーム・eスポーツ｜会員登録・アプリDLLP（レトロ・Y2K・超大型タイポグラフィ）","プロ（演出多め）"
"LP-07017","SaaS・BtoBツール｜無料体験・カウンセリング予約LP（ミニマル・洗練・デバイスモックアップ浮遊）","プロ（演出多め）"
"LP-07018","歯科医院｜LINE友だち追加LP（ミニマル・洗練・超大型タイポグラフィ）","上級"
"LP-07019","ヨガ・ピラティス｜リード獲得（資料請求・問い合わせ）LP（ナチュラル・オーガニック・実績数字ドーン）","プロ（演出多め）"
"LP-07020","不動産・マンション｜リード獲得（資料請求・問い合わせ）LP（ダーク・シネマティック・左テキスト×右商品/人物）","プロ（演出多め）"
"LP-07021","アパレル・ファッションEC｜採用エントリーLP（レトロ・Y2K・イラスト主体）","プロ（演出多め）"
"LP-07022","NPO・地方自治体｜クラウドファンディング支援LP（ミニマル・洗練・超大型タイポグラフィ）","プロ（演出多め）"
"LP-07023","士業（税理士・弁護士・行政書士）｜セミナー・ウェビナー集客LP（信頼・誠実（コーポレート）・ジェネラティブ背景＋コピー）","上級"
"LP-07024","スマホアプリ｜無料体験・カウンセリング予約LP（クール・テック・イラスト主体）","プロ（演出多め）"
"LP-07025","SaaS・BtoBツール｜セミナー・ウェビナー集客LP（クール・テック・背景動画ループ＋オーバーレイ）","プロ（演出多め）"
"LP-07026","美容室・ヘアサロン｜LINE友だち追加LP（かわいい・ガーリー・超大型タイポグラフィ）","プロ（演出多め）"
"LP-07027","ペット・トリミング・動物病院｜採用エントリーLP（ナチュラル・オーガニック・写真コラージュ）","プロ（演出多め）"
"LP-07028","和菓子・スイーツ｜クラウドファンディング支援LP（パステル・ドリーミー・実績数字ドーン）","プロ（演出多め）"
"LP-07029","美容室・ヘアサロン｜リード獲得（資料請求・問い合わせ）LP（かわいい・ガーリー・実績数字ドーン）","プロ（演出多め）"
"LP-07030","プログラミングスクール｜採用エントリーLP（クール・テック・ジェネラティブ背景＋コピー）","プロ（演出多め）"
"LP-07031","カフェ・ベーカリー｜採用エントリーLP（エディトリアル・雑誌風・実績数字ドーン）","プロ（演出多め）"
"LP-07032","食品・産直EC｜リード獲得（資料請求・問い合わせ）LP（ハンドメイド・手書き・スクロールで商品が回転/分解）","プロ（演出多め）"
"LP-07033","保育園・幼児教育・習い事｜無料体験・カウンセリング予約LP（ナチュラル・オーガニック・デバイスモックアップ浮遊）","プロ（演出多め）"
"LP-07034","保育園・幼児教育・習い事｜リード獲得（資料請求・問い合わせ）LP（ハンドメイド・手書き・背景動画ループ＋オーバーレイ）","プロ（演出多め）"
"LP-07035","建築設計事務所｜採用エントリーLP（ジオメトリック・グラフィカル・左テキスト×右商品/人物）","プロ（演出多め）"
"LP-07036","歯科医院｜採用エントリーLP（信頼・誠実（コーポレート）・背景動画ループ＋オーバーレイ）","プロ（演出多め）"
"LP-07037","観光・地域プロモーション｜採用エントリーLP（ハンドメイド・手書き・ジェネラティブ背景＋コピー）","プロ（演出多め）"
"LP-07038","NPO・地方自治体｜採用エントリーLP（ハンドメイド・手書き・全面写真＋中央キャッチ）","上級"
"LP-07039","ヨガ・ピラティス｜LINE友だち追加LP（ナチュラル・オーガニック・実績数字ドーン）","プロ（演出多め）"
"LP-07040","AIサービス・スタートアップ｜セミナー・ウェビナー集客LP（ネオン・サイバー・左テキスト×右商品/人物）","プロ（演出多め）"
"LP-07041","アパレル・ファッションEC｜採用エントリーLP（ニューブルータリズム・スクロールで商品が回転/分解）","プロ（演出多め）"
"LP-07042","ホテル・旅館｜LINE友だち追加LP（ナチュラル・オーガニック・左テキスト×右商品/人物）","プロ（演出多め）"
"LP-07043","士業（税理士・弁護士・行政書士）｜採用エントリーLP（信頼・誠実（コーポレート）・左テキスト×右商品/人物）","プロ（演出多め）"
"LP-07044","YouTuber・インフルエンサー｜採用エントリーLP（ポップ・カラフル・スクロールで商品が回転/分解）","プロ（演出多め）"
"LP-07045","YouTuber・インフルエンサー｜会員登録・アプリDLLP（かわいい・ガーリー・背景動画ループ＋オーバーレイ）","プロ（演出多め）"
"LP-07046","歯科医院｜リード獲得（資料請求・問い合わせ）LP（ミニマル・洗練・イラスト主体）","プロ（演出多め）"
"LP-07047","工務店・注文住宅・リフォーム｜セミナー・ウェビナー集客LP（信頼・誠実（コーポレート）・全面写真＋中央キャッチ）","プロ（演出多め）"
"LP-07048","アパレル・ファッションEC｜採用エントリーLP（エディトリアル・雑誌風・実績数字ドーン）","上級"
"LP-07049","美容室・ヘアサロン｜無料体験・カウンセリング予約LP（ミニマル・洗練・全面写真＋中央キャッチ）","プロ（演出多め）"
"LP-07050","士業（税理士・弁護士・行政書士）｜採用エントリーLP（和モダン・デバイスモックアップ浮遊）","プロ（演出多め）"
"LP-07051","コスメ・スキンケア｜商品購入（単品通販）LP（ダーク・シネマティック・全面写真＋中央キャッチ）","プロ（演出多め）"
"LP-07052","歯科医院｜採用エントリーLP（ハンドメイド・手書き・デバイスモックアップ浮遊）","プロ（演出多め）"
"LP-07053","YouTuber・インフルエンサー｜会員登録・アプリDLLP（信頼・誠実（コーポレート）・ジェネラティブ背景＋コピー）","上級"
"LP-07054","コンサル・コーチング｜採用エントリーLP（レトロ・Y2K・イラスト主体）","プロ（演出多め）"
"LP-07055","英会話・語学｜無料体験・カウンセリング予約LP（ポップ・カラフル・ジェネラティブ背景＋コピー）","プロ（演出多め）"
"LP-07056","食品・産直EC｜採用エントリーLP（ハンドメイド・手書き・デバイスモックアップ浮遊）","上級"
"LP-07057","ヨガ・ピラティス｜LINE友だち追加LP（ポップ・カラフル・超大型タイポグラフィ）","プロ（演出多め）"
"LP-07058","農業・地方の生産者｜リード獲得（資料請求・問い合わせ）LP（ジオメトリック・グラフィカル・デバイスモックアップ浮遊）","上級"
"LP-07059","コスメ・スキンケア｜リード獲得（資料請求・問い合わせ）LP（グラスモーフィズム・スクロールで商品が回転/分解）","プロ（演出多め）"
"LP-07060","カフェ・ベーカリー｜LINE友だち追加LP（ハンドメイド・手書き・左テキスト×右商品/人物）","プロ（演出多め）"
"LP-07061","YouTuber・インフルエンサー｜会員登録・アプリDLLP（ニューブルータリズム・超大型タイポグラフィ）","上級"
"LP-07062","ヨガ・ピラティス｜採用エントリーLP（ナチュラル・オーガニック・ジェネラティブ背景＋コピー）","プロ（演出多め）"
"LP-07063","歯科医院｜LINE友だち追加LP（信頼・誠実（コーポレート）・背景動画ループ＋オーバーレイ）","上級"
"LP-07064","観光・地域プロモーション｜採用エントリーLP（ダーク・シネマティック・デバイスモックアップ浮遊）","プロ（演出多め）"
"LP-07065","引越し・生活サービス｜リード獲得（資料請求・問い合わせ）LP（ポップ・カラフル・イラスト主体）","プロ（演出多め）"
"LP-07066","農業・地方の生産者｜商品購入（単品通販）LP（和モダン・実績数字ドーン）","プロ（演出多め）"
"LP-07067","ホテル・旅館｜LINE友だち追加LP（かわいい・ガーリー・デバイスモックアップ浮遊）","プロ（演出多め）"
"LP-07068","エステ・脱毛サロン｜採用エントリーLP（パステル・ドリーミー・左テキスト×右商品/人物）","プロ（演出多め）"
"LP-07069","音楽・ライブ・イベント｜リード獲得（資料請求・問い合わせ）LP（レトロ・Y2K・イラスト主体）","プロ（演出多め）"
"LP-07070","Web制作・デザイン事務所｜リード獲得（資料請求・問い合わせ）LP（ニューブルータリズム・左テキスト×右商品/人物）","プロ（演出多め）"
"LP-07071","美容クリニック｜採用エントリーLP（信頼・誠実（コーポレート）・超大型タイポグラフィ）","プロ（演出多め）"
"LP-07072","自動車・バイク｜リード獲得（資料請求・問い合わせ）LP（ダーク・シネマティック・実績数字ドーン）","プロ（演出多め）"
"LP-07073","占い・スピリチュアル｜無料体験・カウンセリング予約LP（ナチュラル・オーガニック・左テキスト×右商品/人物）","プロ（演出多め）"
"LP-07074","クラウドファンディング・新商品｜リード獲得（資料請求・問い合わせ）LP（ダーク・シネマティック・超大型タイポグラフィ）","プロ（演出多め）"
"LP-07075","美容室・ヘアサロン｜LINE友だち追加LP（3D・クレイ・背景動画ループ＋オーバーレイ）","プロ（演出多め）"
"LP-07076","観光・地域プロモーション｜クラウドファンディング支援LP（ナチュラル・オーガニック・イラスト主体）","プロ（演出多め）"
"LP-07077","農業・地方の生産者｜採用エントリーLP（ハンドメイド・手書き・全面写真＋中央キャッチ）","プロ（演出多め）"
"LP-07078","パーソナルジム・フィットネス｜無料体験・カウンセリング予約LP（クール・テック・左テキスト×右商品/人物）","プロ（演出多め）"
"LP-07079","レストラン・居酒屋｜採用エントリーLP（レトロ・Y2K・ジェネラティブ背景＋コピー）","プロ（演出多め）"
"LP-07080","自動車・バイク｜無料体験・カウンセリング予約LP（クール・テック・ジェネラティブ背景＋コピー）","プロ（演出多め）"
"LP-07081","ヨガ・ピラティス｜採用エントリーLP（ミニマル・洗練・背景動画ループ＋オーバーレイ）","プロ（演出多め）"
"LP-07082","ゲーム・eスポーツ｜会員登録・アプリDLLP（レトロ・Y2K・スクロールで商品が回転/分解）","プロ（演出多め）"
"LP-07083","食品・産直EC｜採用エントリーLP（ナチュラル・オーガニック・デバイスモックアップ浮遊）","プロ（演出多め）"
"LP-07084","金融・保険・投資｜セミナー・ウェビナー集客LP（ミニマル・洗練・ジェネラティブ背景＋コピー）","プロ（演出多め）"
"LP-07085","採用・求人｜採用エントリーLP（ジオメトリック・グラフィカル・ジェネラティブ背景＋コピー）","プロ（演出多め）"
"LP-07086","自動車・バイク｜リード獲得（資料請求・問い合わせ）LP（エネルギッシュ・スポーティ・ジェネラティブ背景＋コピー）","プロ（演出多め）"
"LP-07087","採用・求人｜採用エントリーLP（ジオメトリック・グラフィカル・実績数字ドーン）","プロ（演出多め）"
"LP-07088","士業（税理士・弁護士・行政書士）｜無料体験・カウンセリング予約LP（ミニマル・洗練・全面写真＋中央キャッチ）","プロ（演出多め）"
"LP-07089","音楽・ライブ・イベント｜クラウドファンディング支援LP（ダーク・シネマティック・ジェネラティブ背景＋コピー）","プロ（演出多め）"
"LP-07090","ホテル・旅館｜LINE友だち追加LP（ミニマル・洗練・実績数字ドーン）","上級"
"LP-07091","農業・地方の生産者｜クラウドファンディング支援LP（和モダン・ジェネラティブ背景＋コピー）","プロ（演出多め）"
"LP-07092","金融・保険・投資｜セミナー・ウェビナー集客LP（ミニマル・洗練・イラスト主体）","プロ（演出多め）"
"LP-07093","NPO・地方自治体｜クラウドファンディング支援LP（北欧・ライフスタイル・スクロールで商品が回転/分解）","プロ（演出多め）"
"LP-07094","ヨガ・ピラティス｜LINE友だち追加LP（ミニマル・洗練・デバイスモックアップ浮遊）","プロ（演出多め）"
"LP-07095","歯科医院｜LINE友だち追加LP（ミニマル・洗練・超大型タイポグラフィ）","プロ（演出多め）"
"LP-07096","ゲーム・eスポーツ｜会員登録・アプリDLLP（レトロ・Y2K・デバイスモックアップ浮遊）","プロ（演出多め）"
"LP-07097","占い・スピリチュアル｜採用エントリーLP（ダーク・シネマティック・超大型タイポグラフィ）","プロ（演出多め）"
"LP-07098","士業（税理士・弁護士・行政書士）｜リード獲得（資料請求・問い合わせ）LP（エディトリアル・雑誌風・左テキスト×右商品/人物）","プロ（演出多め）"
"LP-07099","パーソナルジム・フィットネス｜LINE友だち追加LP（ダーク・シネマティック・ジェネラティブ背景＋コピー）","プロ（演出多め）"
"LP-07100","エステ・脱毛サロン｜リード獲得（資料請求・問い合わせ）LP（ミニマル・洗練・左テキスト×右商品/人物）","プロ（演出多め）"
"LP-07101","ホテル・旅館｜採用エントリーLP（ミニマル・洗練・超大型タイポグラフィ）","プロ（演出多め）"
"LP-07102","プログラミングスクール｜セミナー・ウェビナー集客LP（3D・クレイ・背景動画ループ＋オーバーレイ）","プロ（演出多め）"
"LP-07103","引越し・生活サービス｜LINE友だち追加LP（ミニマル・洗練・イラスト主体）","プロ（演出多め）"
"LP-07104","不動産・マンション｜無料体験・カウンセリング予約LP（ポップ・カラフル・ジェネラティブ背景＋コピー）","上級"
"LP-07105","歯科医院｜採用エントリーLP（ポップ・カラフル・全面写真＋中央キャッチ）","プロ（演出多め）"
"LP-07106","工務店・注文住宅・リフォーム｜リード獲得（資料請求・問い合わせ）LP（ハンドメイド・手書き・写真コラージュ）","プロ（演出多め）"
"LP-07107","パーソナルジム・フィットネス｜LINE友だち追加LP（パステル・ドリーミー・イラスト主体）","プロ（演出多め）"
"LP-07108","コンサル・コーチング｜無料体験・カウンセリング予約LP（ハンドメイド・手書き・イラスト主体）","プロ（演出多め）"
"LP-07109","サウナ・温浴施設｜LINE友だち追加LP（かわいい・ガーリー・イラスト主体）","上級"
"LP-07110","プログラミングスクール｜セミナー・ウェビナー集客LP（ネオン・サイバー・実績数字ドーン）","プロ（演出多め）"
"LP-07111","採用・求人｜リード獲得（資料請求・問い合わせ）LP（エディトリアル・雑誌風・イラスト主体）","上級"
"LP-07112","アパレル・ファッションEC｜リード獲得（資料請求・問い合わせ）LP（エディトリアル・雑誌風・デバイスモックアップ浮遊）","プロ（演出多め）"
"LP-07113","スクール・オンライン講座｜リード獲得（資料請求・問い合わせ）LP（クール・テック・左テキスト×右商品/人物）","上級"
"LP-07114","採用・求人｜採用エントリーLP（エネルギッシュ・スポーティ・左テキスト×右商品/人物）","プロ（演出多め）"
"LP-07115","プログラミングスクール｜無料体験・カウンセリング予約LP（3D・クレイ・イラスト主体）","上級"
"LP-07116","保育園・幼児教育・習い事｜無料体験・カウンセリング予約LP（ニューブルータリズム・実績数字ドーン）","プロ（演出多め）"
"LP-07117","ペット・トリミング・動物病院｜LINE友だち追加LP（ナチュラル・オーガニック・写真コラージュ）","プロ（演出多め）"
"LP-07118","金融・保険・投資｜セミナー・ウェビナー集客LP（クール・テック・実績数字ドーン）","プロ（演出多め）"
"LP-07119","引越し・生活サービス｜採用エントリーLP（信頼・誠実（コーポレート）・写真コラージュ）","プロ（演出多め）"
"LP-07120","占い・スピリチュアル｜LINE友だち追加LP（ダーク・シネマティック・デバイスモックアップ浮遊）","上級"
"LP-07121","カフェ・ベーカリー｜LINE友だち追加LP（北欧・ライフスタイル・デバイスモックアップ浮遊）","上級"
"LP-07122","SaaS・BtoBツール｜採用エントリーLP（グラスモーフィズム・背景動画ループ＋オーバーレイ）","プロ（演出多め）"
"LP-07123","Web制作・デザイン事務所｜リード獲得（資料請求・問い合わせ）LP（エディトリアル・雑誌風・写真コラージュ）","プロ（演出多め）"
"LP-07124","占い・スピリチュアル｜LINE友だち追加LP（3D・クレイ・写真コラージュ）","プロ（演出多め）"
"LP-07125","プログラミングスクール｜会員登録・アプリDLLP（ポップ・カラフル・ジェネラティブ背景＋コピー）","プロ（演出多め）"
"LP-07126","レストラン・居酒屋｜採用エントリーLP（ダーク・シネマティック・全面写真＋中央キャッチ）","プロ（演出多め）"
"LP-07127","音楽・ライブ・イベント｜リード獲得（資料請求・問い合わせ）LP（ダーク・シネマティック・イラスト主体）","プロ（演出多め）"
"LP-07128","コンサル・コーチング｜リード獲得（資料請求・問い合わせ）LP（信頼・誠実（コーポレート）・イラスト主体）","プロ（演出多め）"
"LP-07129","観光・地域プロモーション｜リード獲得（資料請求・問い合わせ）LP（和モダン・ジェネラティブ背景＋コピー）","プロ（演出多め）"
"LP-07130","エステ・脱毛サロン｜LINE友だち追加LP（パステル・ドリーミー・左テキスト×右商品/人物）","プロ（演出多め）"
"LP-07131","ヨガ・ピラティス｜採用エントリーLP（ダーク・シネマティック・デバイスモックアップ浮遊）","プロ（演出多め）"
"LP-07132","サウナ・温浴施設｜LINE友だち追加LP（和モダン・左テキスト×右商品/人物）","プロ（演出多め）"
"LP-07133","占い・スピリチュアル｜採用エントリーLP（パステル・ドリーミー・左テキスト×右商品/人物）","プロ（演出多め）"
"LP-07134","食品・産直EC｜クラウドファンディング支援LP（ポップ・カラフル・左テキスト×右商品/人物）","プロ（演出多め）"
"LP-07135","スクール・オンライン講座｜会員登録・アプリDLLP（信頼・誠実（コーポレート）・左テキスト×右商品/人物）","上級"
"LP-07136","観光・地域プロモーション｜採用エントリーLP（ナチュラル・オーガニック・デバイスモックアップ浮遊）","プロ（演出多め）"
"LP-07137","パーソナルジム・フィットネス｜無料体験・カウンセリング予約LP（エネルギッシュ・スポーティ・全面写真＋中央キャッチ）","上級"
"LP-07138","コンサル・コーチング｜無料体験・カウンセリング予約LP（ラグジュアリー・高級感・背景動画ループ＋オーバーレイ）","プロ（演出多め）"
"LP-07139","ペット・トリミング・動物病院｜リード獲得（資料請求・問い合わせ）LP（ハンドメイド・手書き・イラスト主体）","プロ（演出多め）"
"LP-07140","AIサービス・スタートアップ｜会員登録・アプリDLLP（エネルギッシュ・スポーティ・背景動画ループ＋オーバーレイ）","プロ（演出多め）"
"LP-07141","ヨガ・ピラティス｜LINE友だち追加LP（ミニマル・洗練・写真コラージュ）","プロ（演出多め）"
"LP-07142","自動車・バイク｜無料体験・カウンセリング予約LP（ダーク・シネマティック・実績数字ドーン）","プロ（演出多め）"
"LP-07143","エステ・脱毛サロン｜無料体験・カウンセリング予約LP（ラグジュアリー・高級感・超大型タイポグラフィ）","プロ（演出多め）"
"LP-07144","AIサービス・スタートアップ｜リード獲得（資料請求・問い合わせ）LP（ミニマル・洗練・超大型タイポグラフィ）","プロ（演出多め）"
"LP-07145","ゲーム・eスポーツ｜リード獲得（資料請求・問い合わせ）LP（レトロ・Y2K・デバイスモックアップ浮遊）","プロ（演出多め）"
"LP-07146","ヨガ・ピラティス｜LINE友だち追加LP（パステル・ドリーミー・実績数字ドーン）","プロ（演出多め）"
"LP-07147","ヨガ・ピラティス｜LINE友だち追加LP（ナチュラル・オーガニック・実績数字ドーン）","プロ（演出多め）"
"LP-07148","YouTuber・インフルエンサー｜会員登録・アプリDLLP（ニューブルータリズム・写真コラージュ）","プロ（演出多め）"
"LP-07149","内科・クリニック｜採用エントリーLP（北欧・ライフスタイル・背景動画ループ＋オーバーレイ）","プロ（演出多め）"
"LP-07150","ペット・トリミング・動物病院｜リード獲得（資料請求・問い合わせ）LP（かわいい・ガーリー・全面写真＋中央キャッチ）","上級"
"LP-07151","SaaS・BtoBツール｜会員登録・アプリDLLP（ポップ・カラフル・イラスト主体）","プロ（演出多め）"
"LP-07152","ウェディング・結婚相談所｜LINE友だち追加LP（かわいい・ガーリー・スクロールで商品が回転/分解）","プロ（演出多め）"
"LP-07153","プログラミングスクール｜無料体験・カウンセリング予約LP（パステル・ドリーミー・デバイスモックアップ浮遊）","プロ（演出多め）"
"LP-07154","美容クリニック｜無料体験・カウンセリング予約LP（ラグジュアリー・高級感・左テキスト×右商品/人物）","プロ（演出多め）"
"LP-07155","スマホアプリ｜商品購入（単品通販）LP（ポップ・カラフル・ジェネラティブ背景＋コピー）","プロ（演出多め）"
"LP-07156","工務店・注文住宅・リフォーム｜無料体験・カウンセリング予約LP（ミニマル・洗練・スクロールで商品が回転/分解）","プロ（演出多め）"
"LP-07157","SaaS・BtoBツール｜リード獲得（資料請求・問い合わせ）LP（グラスモーフィズム・超大型タイポグラフィ）","プロ（演出多め）"
"LP-07158","ペット・トリミング・動物病院｜LINE友だち追加LP（ナチュラル・オーガニック・超大型タイポグラフィ）","プロ（演出多め）"
"LP-07159","ホテル・旅館｜採用エントリーLP（和モダン・背景動画ループ＋オーバーレイ）","プロ（演出多め）"
"LP-07160","自動車・バイク｜リード獲得（資料請求・問い合わせ）LP（クール・テック・イラスト主体）","プロ（演出多め）"
"LP-07161","パーソナルジム・フィットネス｜採用エントリーLP（ナチュラル・オーガニック・実績数字ドーン）","プロ（演出多め）"
"LP-07162","金融・保険・投資｜無料体験・カウンセリング予約LP（信頼・誠実（コーポレート）・左テキスト×右商品/人物）","プロ（演出多め）"
"LP-07163","コンサル・コーチング｜採用エントリーLP（ミニマル・洗練・スクロールで商品が回転/分解）","プロ（演出多め）"
"LP-07164","パーソナルジム・フィットネス｜無料体験・カウンセリング予約LP（クール・テック・デバイスモックアップ浮遊）","プロ（演出多め）"
"LP-07165","ウェディング・結婚相談所｜無料体験・カウンセリング予約LP（ラグジュアリー・高級感・全面写真＋中央キャッチ）","プロ（演出多め）"
"LP-07166","ウェディング・結婚相談所｜LINE友だち追加LP（かわいい・ガーリー・全面写真＋中央キャッチ）","プロ（演出多め）"
"LP-07167","建築設計事務所｜採用エントリーLP（ミニマル・洗練・実績数字ドーン）","プロ（演出多め）"
"LP-07168","NPO・地方自治体｜クラウドファンディング支援LP（信頼・誠実（コーポレート）・ジェネラティブ背景＋コピー）","プロ（演出多め）"
"LP-07169","パーソナルジム・フィットネス｜LINE友だち追加LP（エネルギッシュ・スポーティ・背景動画ループ＋オーバーレイ）","プロ（演出多め）"
"LP-07170","ウェディング・結婚相談所｜無料体験・カウンセリング予約LP（ミニマル・洗練・デバイスモックアップ浮遊）","プロ（演出多め）"
"LP-07171","クラウドファンディング・新商品｜リード獲得（資料請求・問い合わせ）LP（ポップ・カラフル・スクロールで商品が回転/分解）","プロ（演出多め）"
"LP-07172","英会話・語学｜無料体験・カウンセリング予約LP（ポップ・カラフル・写真コラージュ）","プロ（演出多め）"
"LP-07173","カフェ・ベーカリー｜LINE友だち追加LP（レトロ・Y2K・実績数字ドーン）","プロ（演出多め）"
"LP-07174","レストラン・居酒屋｜採用エントリーLP（ミニマル・洗練・全面写真＋中央キャッチ）","プロ（演出多め）"
"LP-07175","ゲーム・eスポーツ｜クラウドファンディング支援LP（ダーク・シネマティック・左テキスト×右商品/人物）","プロ（演出多め）"
"LP-07176","歯科医院｜採用エントリーLP（ジオメトリック・グラフィカル・背景動画ループ＋オーバーレイ）","プロ（演出多め）"
"LP-07177","占い・スピリチュアル｜採用エントリーLP（和モダン・写真コラージュ）","プロ（演出多め）"
"LP-07178","ペット・トリミング・動物病院｜採用エントリーLP（3D・クレイ・写真コラージュ）","プロ（演出多め）"
"LP-07179","内科・クリニック｜リード獲得（資料請求・問い合わせ）LP（北欧・ライフスタイル・実績数字ドーン）","プロ（演出多め）"
"LP-07180","ヨガ・ピラティス｜LINE友だち追加LP（北欧・ライフスタイル・イラスト主体）","プロ（演出多め）"
"LP-07181","観光・地域プロモーション｜採用エントリーLP（ナチュラル・オーガニック・実績数字ドーン）","プロ（演出多め）"
"LP-07182","英会話・語学｜採用エントリーLP（ジオメトリック・グラフィカル・超大型タイポグラフィ）","上級"
"LP-07183","音楽・ライブ・イベント｜リード獲得（資料請求・問い合わせ）LP（ネオン・サイバー・デバイスモックアップ浮遊）","プロ（演出多め）"
"LP-07184","ヨガ・ピラティス｜無料体験・カウンセリング予約LP（ナチュラル・オーガニック・ジェネラティブ背景＋コピー）","プロ（演出多め）"
"LP-07185","保育園・幼児教育・習い事｜無料体験・カウンセリング予約LP（レトロ・Y2K・イラスト主体）","プロ（演出多め）"
"LP-07186","Web制作・デザイン事務所｜セミナー・ウェビナー集客LP（ダーク・シネマティック・写真コラージュ）","プロ（演出多め）"
"LP-07187","コンサル・コーチング｜採用エントリーLP（ミニマル・洗練・全面写真＋中央キャッチ）","プロ（演出多め）"
"LP-07188","士業（税理士・弁護士・行政書士）｜無料体験・カウンセリング予約LP（和モダン・左テキスト×右商品/人物）","プロ（演出多め）"
"LP-07189","スクール・オンライン講座｜採用エントリーLP（クール・テック・スクロールで商品が回転/分解）","プロ（演出多め）"
"LP-07190","自動車・バイク｜リード獲得（資料請求・問い合わせ）LP（ネオン・サイバー・左テキスト×右商品/人物）","プロ（演出多め）"
"LP-07191","コスメ・スキンケア｜採用エントリーLP（グラスモーフィズム・デバイスモックアップ浮遊）","プロ（演出多め）"
"LP-07192","YouTuber・インフルエンサー｜採用エントリーLP（ニューブルータリズム・スクロールで商品が回転/分解）","プロ（演出多め）"
"LP-07193","音楽・ライブ・イベント｜採用エントリーLP（レトロ・Y2K・写真コラージュ）","プロ（演出多め）"
"LP-07194","アパレル・ファッションEC｜リード獲得（資料請求・問い合わせ）LP（ニューブルータリズム・スクロールで商品が回転/分解）","プロ（演出多め）"
"LP-07195","ウェディング・結婚相談所｜LINE友だち追加LP（ラグジュアリー・高級感・写真コラージュ）","プロ（演出多め）"
"LP-07196","音楽・ライブ・イベント｜リード獲得（資料請求・問い合わせ）LP（ダーク・シネマティック・全面写真＋中央キャッチ）","プロ（演出多め）"
"LP-07197","YouTuber・インフルエンサー｜リード獲得（資料請求・問い合わせ）LP（かわいい・ガーリー・ジェネラティブ背景＋コピー）","プロ（演出多め）"
"LP-07198","食品・産直EC｜商品購入（単品通販）LP（エネルギッシュ・スポーティ・ジェネラティブ背景＋コピー）","プロ（演出多め）"
"LP-07199","スクール・オンライン講座｜無料体験・カウンセリング予約LP（信頼・誠実（コーポレート）・超大型タイポグラフィ）","プロ（演出多め）"
"LP-07200","コンサル・コーチング｜無料体験・カウンセリング予約LP（ミニマル・洗練・ジェネラティブ背景＋コピー）","プロ（演出多め）"
"LP-07201","NPO・地方自治体｜リード獲得（資料請求・問い合わせ）LP（パステル・ドリーミー・超大型タイポグラフィ）","プロ（演出多め）"
"LP-07202","ウェディング・結婚相談所｜採用エントリーLP（ミニマル・洗練・ジェネラティブ背景＋コピー）","プロ（演出多め）"
"LP-07203","農業・地方の生産者｜商品購入（単品通販）LP（和モダン・イラスト主体）","上級"
"LP-07204","ペット・トリミング・動物病院｜LINE友だち追加LP（ハンドメイド・手書き・超大型タイポグラフィ）","プロ（演出多め）"
"LP-07205","内科・クリニック｜採用エントリーLP（北欧・ライフスタイル・写真コラージュ）","プロ（演出多め）"
"LP-07206","食品・産直EC｜クラウドファンディング支援LP（ポップ・カラフル・超大型タイポグラフィ）","プロ（演出多め）"
"LP-07207","保育園・幼児教育・習い事｜LINE友だち追加LP（ハンドメイド・手書き・実績数字ドーン）","プロ（演出多め）"
"LP-07208","不動産・マンション｜セミナー・ウェビナー集客LP（ミニマル・洗練・ジェネラティブ背景＋コピー）","プロ（演出多め）"
"LP-07209","英会話・語学｜無料体験・カウンセリング予約LP（ジオメトリック・グラフィカル・写真コラージュ）","プロ（演出多め）"
"LP-07210","和菓子・スイーツ｜クラウドファンディング支援LP（ナチュラル・オーガニック・ジェネラティブ背景＋コピー）","プロ（演出多め）"
"LP-07211","食品・産直EC｜クラウドファンディング支援LP（ハンドメイド・手書き・デバイスモックアップ浮遊）","プロ（演出多め）"
"LP-07212","採用・求人｜リード獲得（資料請求・問い合わせ）LP（ラグジュアリー・高級感・実績数字ドーン）","プロ（演出多め）"
"LP-07213","コンサル・コーチング｜セミナー・ウェビナー集客LP（ミニマル・洗練・スクロールで商品が回転/分解）","プロ（演出多め）"
"LP-07214","不動産・マンション｜セミナー・ウェビナー集客LP（信頼・誠実（コーポレート）・スクロールで商品が回転/分解）","プロ（演出多め）"
"LP-07215","占い・スピリチュアル｜無料体験・カウンセリング予約LP（ラグジュアリー・高級感・超大型タイポグラフィ）","プロ（演出多め）"
"LP-07216","美容クリニック｜LINE友だち追加LP（ミニマル・洗練・超大型タイポグラフィ）","プロ（演出多め）"
"LP-07217","保育園・幼児教育・習い事｜LINE友だち追加LP（北欧・ライフスタイル・背景動画ループ＋オーバーレイ）","プロ（演出多め）"
"LP-07218","ウェディング・結婚相談所｜LINE友だち追加LP（ラグジュアリー・高級感・超大型タイポグラフィ）","プロ（演出多め）"
"LP-07219","占い・スピリチュアル｜リード獲得（資料請求・問い合わせ）LP（ネオン・サイバー・背景動画ループ＋オーバーレイ）","プロ（演出多め）"
"LP-07220","Web制作・デザイン事務所｜リード獲得（資料請求・問い合わせ）LP（エディトリアル・雑誌風・ジェネラティブ背景＋コピー）","プロ（演出多め）"
"LP-07221","パーソナルジム・フィットネス｜採用エントリーLP（ミニマル・洗練・イラスト主体）","プロ（演出多め）"
"LP-07222","金融・保険・投資｜会員登録・アプリDLLP（ミニマル・洗練・実績数字ドーン）","プロ（演出多め）"
"LP-07223","保育園・幼児教育・習い事｜リード獲得（資料請求・問い合わせ）LP（ナチュラル・オーガニック・イラスト主体）","プロ（演出多め）"
"LP-07224","英会話・語学｜会員登録・アプリDLLP（レトロ・Y2K・ジェネラティブ背景＋コピー）","プロ（演出多め）"
"LP-07225","美容クリニック｜リード獲得（資料請求・問い合わせ）LP（ラグジュアリー・高級感・デバイスモックアップ浮遊）","プロ（演出多め）"
"LP-07226","スクール・オンライン講座｜セミナー・ウェビナー集客LP（クール・テック・イラスト主体）","プロ（演出多め）"
"LP-07227","AIサービス・スタートアップ｜リード獲得（資料請求・問い合わせ）LP（ネオン・サイバー・全面写真＋中央キャッチ）","プロ（演出多め）"
"LP-07228","建築設計事務所｜リード獲得（資料請求・問い合わせ）LP（エディトリアル・雑誌風・写真コラージュ）","プロ（演出多め）"
"LP-07229","士業（税理士・弁護士・行政書士）｜リード獲得（資料請求・問い合わせ）LP（信頼・誠実（コーポレート）・実績数字ドーン）","プロ（演出多め）"
"LP-07230","保育園・幼児教育・習い事｜リード獲得（資料請求・問い合わせ）LP（ハンドメイド・手書き・イラスト主体）","プロ（演出多め）"
"LP-07231","AIサービス・スタートアップ｜無料体験・カウンセリング予約LP（ネオン・サイバー・左テキスト×右商品/人物）","プロ（演出多め）"
"LP-07232","AIサービス・スタートアップ｜セミナー・ウェビナー集客LP（かわいい・ガーリー・スクロールで商品が回転/分解）","プロ（演出多め）"
"LP-07233","食品・産直EC｜商品購入（単品通販）LP（ポップ・カラフル・実績数字ドーン）","プロ（演出多め）"
"LP-07234","音楽・ライブ・イベント｜リード獲得（資料請求・問い合わせ）LP（ネオン・サイバー・スクロールで商品が回転/分解）","上級"
"LP-07235","美容クリニック｜採用エントリーLP（信頼・誠実（コーポレート）・超大型タイポグラフィ）","プロ（演出多め）"
"LP-07236","カフェ・ベーカリー｜リード獲得（資料請求・問い合わせ）LP（信頼・誠実（コーポレート）・ジェネラティブ背景＋コピー）","プロ（演出多め）"
"LP-07237","Web制作・デザイン事務所｜採用エントリーLP（ニューブルータリズム・デバイスモックアップ浮遊）","プロ（演出多め）"
"LP-07238","建築設計事務所｜リード獲得（資料請求・問い合わせ）LP（ジオメトリック・グラフィカル・イラスト主体）","プロ（演出多め）"
"LP-07239","SaaS・BtoBツール｜セミナー・ウェビナー集客LP（信頼・誠実（コーポレート）・全面写真＋中央キャッチ）","プロ（演出多め）"
"LP-07240","建築設計事務所｜採用エントリーLP（エディトリアル・雑誌風・イラスト主体）","プロ（演出多め）"
"LP-07241","ゲーム・eスポーツ｜リード獲得（資料請求・問い合わせ）LP（レトロ・Y2K・背景動画ループ＋オーバーレイ）","プロ（演出多め）"
"LP-07242","Web制作・デザイン事務所｜リード獲得（資料請求・問い合わせ）LP（ジオメトリック・グラフィカル・イラスト主体）","プロ（演出多め）"
"LP-07243","建築設計事務所｜リード獲得（資料請求・問い合わせ）LP（エディトリアル・雑誌風・イラスト主体）","プロ（演出多め）"
"LP-07244","ペット・トリミング・動物病院｜無料体験・カウンセリング予約LP（ナチュラル・オーガニック・実績数字ドーン）","上級"
"LP-07245","クラウドファンディング・新商品｜リード獲得（資料請求・問い合わせ）LP（ナチュラル・オーガニック・イラスト主体）","プロ（演出多め）"
"LP-07246","パーソナルジム・フィットネス｜無料体験・カウンセリング予約LP（クール・テック・写真コラージュ）","プロ（演出多め）"
"LP-07247","占い・スピリチュアル｜LINE友だち追加LP（信頼・誠実（コーポレート）・スクロールで商品が回転/分解）","プロ（演出多め）"
"LP-07248","不動産・マンション｜無料体験・カウンセリング予約LP（ラグジュアリー・高級感・背景動画ループ＋オーバーレイ）","プロ（演出多め）"
"LP-07249","エステ・脱毛サロン｜リード獲得（資料請求・問い合わせ）LP（信頼・誠実（コーポレート）・ジェネラティブ背景＋コピー）","プロ（演出多め）"
"LP-07250","自動車・バイク｜無料体験・カウンセリング予約LP（信頼・誠実（コーポレート）・写真コラージュ）","プロ（演出多め）"
"LP-07251","占い・スピリチュアル｜採用エントリーLP（グラスモーフィズム・ジェネラティブ背景＋コピー）","プロ（演出多め）"
"LP-07252","占い・スピリチュアル｜リード獲得（資料請求・問い合わせ）LP（レトロ・Y2K・全面写真＋中央キャッチ）","プロ（演出多め）"
"LP-07253","食品・産直EC｜商品購入（単品通販）LP（ハンドメイド・手書き・スクロールで商品が回転/分解）","プロ（演出多め）"
"LP-07254","スクール・オンライン講座｜採用エントリーLP（ニューブルータリズム・実績数字ドーン）","上級"
"LP-07255","和菓子・スイーツ｜LINE友だち追加LP（和モダン・左テキスト×右商品/人物）","プロ（演出多め）"
"LP-07256","士業（税理士・弁護士・行政書士）｜採用エントリーLP（クール・テック・デバイスモックアップ浮遊）","プロ（演出多め）"
"LP-07257","採用・求人｜採用エントリーLP（3D・クレイ・全面写真＋中央キャッチ）","プロ（演出多め）"
"LP-07258","SaaS・BtoBツール｜セミナー・ウェビナー集客LP（クール・テック・デバイスモックアップ浮遊）","プロ（演出多め）"
"LP-07259","士業（税理士・弁護士・行政書士）｜採用エントリーLP（和モダン・ジェネラティブ背景＋コピー）","プロ（演出多め）"
"LP-07260","コスメ・スキンケア｜リード獲得（資料請求・問い合わせ）LP（ラグジュアリー・高級感・超大型タイポグラフィ）","プロ（演出多め）"
"LP-07261","採用・求人｜採用エントリーLP（信頼・誠実（コーポレート）・ジェネラティブ背景＋コピー）","プロ（演出多め）"
"LP-07262","歯科医院｜リード獲得（資料請求・問い合わせ）LP（ナチュラル・オーガニック・左テキスト×右商品/人物）","プロ（演出多め）"
"LP-07263","和菓子・スイーツ｜リード獲得（資料請求・問い合わせ）LP（かわいい・ガーリー・イラスト主体）","プロ（演出多め）"
"LP-07264","プログラミングスクール｜無料体験・カウンセリング予約LP（ポップ・カラフル・実績数字ドーン）","プロ（演出多め）"
"LP-07265","ペット・トリミング・動物病院｜無料体験・カウンセリング予約LP（3D・クレイ・ジェネラティブ背景＋コピー）","プロ（演出多め）"
"LP-07266","農業・地方の生産者｜リード獲得（資料請求・問い合わせ）LP（ハンドメイド・手書き・デバイスモックアップ浮遊）","プロ（演出多め）"
"LP-07267","ウェディング・結婚相談所｜リード獲得（資料請求・問い合わせ）LP（信頼・誠実（コーポレート）・超大型タイポグラフィ）","プロ（演出多め）"
"LP-07268","ホテル・旅館｜LINE友だち追加LP（ラグジュアリー・高級感・超大型タイポグラフィ）","プロ（演出多め）"
"LP-07269","農業・地方の生産者｜リード獲得（資料請求・問い合わせ）LP（ナチュラル・オーガニック・デバイスモックアップ浮遊）","プロ（演出多め）"
"LP-07270","自動車・バイク｜無料体験・カウンセリング予約LP（ミニマル・洗練・左テキスト×右商品/人物）","上級"
"LP-07271","引越し・生活サービス｜リード獲得（資料請求・問い合わせ）LP（3D・クレイ・写真コラージュ）","上級"
"LP-07272","保育園・幼児教育・習い事｜無料体験・カウンセリング予約LP（かわいい・ガーリー・スクロールで商品が回転/分解）","プロ（演出多め）"
"LP-07273","採用・求人｜採用エントリーLP（ポップ・カラフル・イラスト主体）","プロ（演出多め）"
"LP-07274","コスメ・スキンケア｜リード獲得（資料請求・問い合わせ）LP（ジオメトリック・グラフィカル・全面写真＋中央キャッチ）","プロ（演出多め）"
"LP-07275","占い・スピリチュアル｜リード獲得（資料請求・問い合わせ）LP（パステル・ドリーミー・写真コラージュ）","プロ（演出多め）"
"LP-07276","採用・求人｜採用エントリーLP（信頼・誠実（コーポレート）・スクロールで商品が回転/分解）","プロ（演出多め）"
"LP-07277","ヨガ・ピラティス｜LINE友だち追加LP（パステル・ドリーミー・実績数字ドーン）","プロ（演出多め）"
"LP-07278","ヨガ・ピラティス｜採用エントリーLP（信頼・誠実（コーポレート）・背景動画ループ＋オーバーレイ）","プロ（演出多め）"
"LP-07279","採用・求人｜リード獲得（資料請求・問い合わせ）LP（ネオン・サイバー・スクロールで商品が回転/分解）","プロ（演出多め）"
"LP-07280","ペット・トリミング・動物病院｜リード獲得（資料請求・問い合わせ）LP（ナチュラル・オーガニック・写真コラージュ）","上級"
"LP-07281","観光・地域プロモーション｜採用エントリーLP（ナチュラル・オーガニック・写真コラージュ）","プロ（演出多め）"
"LP-07282","士業（税理士・弁護士・行政書士）｜採用エントリーLP（ミニマル・洗練・スクロールで商品が回転/分解）","プロ（演出多め）"
"LP-07283","スクール・オンライン講座｜リード獲得（資料請求・問い合わせ）LP（信頼・誠実（コーポレート）・イラスト主体）","プロ（演出多め）"
"LP-07284","不動産・マンション｜セミナー・ウェビナー集客LP（信頼・誠実（コーポレート）・実績数字ドーン）","上級"
"LP-07285","SaaS・BtoBツール｜リード獲得（資料請求・問い合わせ）LP（グラスモーフィズム・実績数字ドーン）","上級"
"LP-07286","コスメ・スキンケア｜リード獲得（資料請求・問い合わせ）LP（グラスモーフィズム・背景動画ループ＋オーバーレイ）","プロ（演出多め）"
"LP-07287","ペット・トリミング・動物病院｜採用エントリーLP（ハンドメイド・手書き・実績数字ドーン）","プロ（演出多め）"
"LP-07288","美容クリニック｜無料体験・カウンセリング予約LP（ラグジュアリー・高級感・スクロールで商品が回転/分解）","プロ（演出多め）"
"LP-07289","和菓子・スイーツ｜LINE友だち追加LP（パステル・ドリーミー・写真コラージュ）","上級"
"LP-07290","レストラン・居酒屋｜採用エントリーLP（レトロ・Y2K・イラスト主体）","プロ（演出多め）"
"LP-07291","ウェディング・結婚相談所｜LINE友だち追加LP（ミニマル・洗練・スクロールで商品が回転/分解）","プロ（演出多め）"
"LP-07292","占い・スピリチュアル｜無料体験・カウンセリング予約LP（エネルギッシュ・スポーティ・写真コラージュ）","プロ（演出多め）"
"LP-07293","レストラン・居酒屋｜LINE友だち追加LP（ネオン・サイバー・超大型タイポグラフィ）","上級"
"LP-07294","観光・地域プロモーション｜リード獲得（資料請求・問い合わせ）LP（和モダン・左テキスト×右商品/人物）","プロ（演出多め）"
"LP-07295","引越し・生活サービス｜無料体験・カウンセリング予約LP（パステル・ドリーミー・スクロールで商品が回転/分解）","プロ（演出多め）"
"LP-07296","コスメ・スキンケア｜商品購入（単品通販）LP（ナチュラル・オーガニック・背景動画ループ＋オーバーレイ）","上級"
"LP-07297","ウェディング・結婚相談所｜リード獲得（資料請求・問い合わせ）LP（パステル・ドリーミー・左テキスト×右商品/人物）","プロ（演出多め）"
"LP-07298","AIサービス・スタートアップ｜リード獲得（資料請求・問い合わせ）LP（ナチュラル・オーガニック・超大型タイポグラフィ）","プロ（演出多め）"
"LP-07299","工務店・注文住宅・リフォーム｜LINE友だち追加LP（北欧・ライフスタイル・ジェネラティブ背景＋コピー）","上級"
"LP-07300","カフェ・ベーカリー｜採用エントリーLP（レトロ・Y2K・全面写真＋中央キャッチ）","プロ（演出多め）"
"LP-07301","スマホアプリ｜商品購入（単品通販）LP（クール・テック・写真コラージュ）","プロ（演出多め）"
"LP-07302","パーソナルジム・フィットネス｜無料体験・カウンセリング予約LP（ダーク・シネマティック・ジェネラティブ背景＋コピー）","プロ（演出多め）"
"LP-07303","英会話・語学｜採用エントリーLP（信頼・誠実（コーポレート）・左テキスト×右商品/人物）","上級"
"LP-07304","農業・地方の生産者｜クラウドファンディング支援LP（かわいい・ガーリー・全面写真＋中央キャッチ）","上級"
"LP-07305","自動車・バイク｜リード獲得（資料請求・問い合わせ）LP（ダーク・シネマティック・背景動画ループ＋オーバーレイ）","プロ（演出多め）"
"LP-07306","農業・地方の生産者｜リード獲得（資料請求・問い合わせ）LP（ハンドメイド・手書き・左テキスト×右商品/人物）","プロ（演出多め）"
"LP-07307","ホテル・旅館｜リード獲得（資料請求・問い合わせ）LP（ラグジュアリー・高級感・スクロールで商品が回転/分解）","プロ（演出多め）"
"LP-07308","ゲーム・eスポーツ｜会員登録・アプリDLLP（ダーク・シネマティック・イラスト主体）","プロ（演出多め）"
"LP-07309","スクール・オンライン講座｜セミナー・ウェビナー集客LP（クール・テック・背景動画ループ＋オーバーレイ）","プロ（演出多め）"
"LP-07310","建築設計事務所｜採用エントリーLP（ミニマル・洗練・写真コラージュ）","プロ（演出多め）"
"LP-07311","エステ・脱毛サロン｜商品購入（単品通販）LP（ラグジュアリー・高級感・超大型タイポグラフィ）","プロ（演出多め）"
"LP-07312","スマホアプリ｜無料体験・カウンセリング予約LP（3D・クレイ・ジェネラティブ背景＋コピー）","プロ（演出多め）"
"LP-07313","食品・産直EC｜リード獲得（資料請求・問い合わせ）LP（和モダン・全面写真＋中央キャッチ）","プロ（演出多め）"
"LP-07314","ペット・トリミング・動物病院｜採用エントリーLP（ネオン・サイバー・超大型タイポグラフィ）","プロ（演出多め）"
"LP-07315","引越し・生活サービス｜採用エントリーLP（3D・クレイ・写真コラージュ）","上級"
"LP-07316","クラウドファンディング・新商品｜クラウドファンディング支援LP（ポップ・カラフル・写真コラージュ）","プロ（演出多め）"
"LP-07317","英会話・語学｜採用エントリーLP（ハンドメイド・手書き・超大型タイポグラフィ）","プロ（演出多め）"
"LP-07318","保育園・幼児教育・習い事｜無料体験・カウンセリング予約LP（ハンドメイド・手書き・ジェネラティブ背景＋コピー）","プロ（演出多め）"
"LP-07319","金融・保険・投資｜会員登録・アプリDLLP（信頼・誠実（コーポレート）・ジェネラティブ背景＋コピー）","プロ（演出多め）"
"LP-07320","士業（税理士・弁護士・行政書士）｜リード獲得（資料請求・問い合わせ）LP（和モダン・左テキスト×右商品/人物）","プロ（演出多め）"
"LP-07321","クラウドファンディング・新商品｜クラウドファンディング支援LP（ナチュラル・オーガニック・全面写真＋中央キャッチ）","上級"
"LP-07322","建築設計事務所｜採用エントリーLP（クール・テック・スクロールで商品が回転/分解）","プロ（演出多め）"
"LP-07323","AIサービス・スタートアップ｜会員登録・アプリDLLP（ミニマル・洗練・イラスト主体）","プロ（演出多め）"
"LP-07324","占い・スピリチュアル｜リード獲得（資料請求・問い合わせ）LP（パステル・ドリーミー・スクロールで商品が回転/分解）","プロ（演出多め）"
"LP-07325","パーソナルジム・フィットネス｜採用エントリーLP（ダーク・シネマティック・ジェネラティブ背景＋コピー）","プロ（演出多め）"
"LP-07326","引越し・生活サービス｜無料体験・カウンセリング予約LP（3D・クレイ・実績数字ドーン）","プロ（演出多め）"
"LP-07327","占い・スピリチュアル｜採用エントリーLP（パステル・ドリーミー・実績数字ドーン）","プロ（演出多め）"
"LP-07328","不動産・マンション｜採用エントリーLP（ハンドメイド・手書き・ジェネラティブ背景＋コピー）","プロ（演出多め）"
"LP-07329","コンサル・コーチング｜セミナー・ウェビナー集客LP（信頼・誠実（コーポレート）・ジェネラティブ背景＋コピー）","上級"
"LP-07330","占い・スピリチュアル｜採用エントリーLP（レトロ・Y2K・全面写真＋中央キャッチ）","プロ（演出多め）"
"LP-07331","ゲーム・eスポーツ｜会員登録・アプリDLLP（ダーク・シネマティック・超大型タイポグラフィ）","プロ（演出多め）"
"LP-07332","ウェディング・結婚相談所｜LINE友だち追加LP（クール・テック・イラスト主体）","プロ（演出多め）"
"LP-07333","観光・地域プロモーション｜採用エントリーLP（ナチュラル・オーガニック・超大型タイポグラフィ）","上級"
"LP-07334","プログラミングスクール｜無料体験・カウンセリング予約LP（ポップ・カラフル・写真コラージュ）","プロ（演出多め）"
"LP-07335","美容室・ヘアサロン｜リード獲得（資料請求・問い合わせ）LP（北欧・ライフスタイル・背景動画ループ＋オーバーレイ）","プロ（演出多め）"
"LP-07336","アパレル・ファッションEC｜リード獲得（資料請求・問い合わせ）LP（エディトリアル・雑誌風・背景動画ループ＋オーバーレイ）","プロ（演出多め）"
"LP-07337","美容室・ヘアサロン｜採用エントリーLP（かわいい・ガーリー・左テキスト×右商品/人物）","上級"
"LP-07338","レストラン・居酒屋｜LINE友だち追加LP（ハンドメイド・手書き・ジェネラティブ背景＋コピー）","プロ（演出多め）"
"LP-07339","ゲーム・eスポーツ｜リード獲得（資料請求・問い合わせ）LP（エネルギッシュ・スポーティ・デバイスモックアップ浮遊）","プロ（演出多め）"
"LP-07340","パーソナルジム・フィットネス｜リード獲得（資料請求・問い合わせ）LP（クール・テック・超大型タイポグラフィ）","プロ（演出多め）"
"LP-07341","和菓子・スイーツ｜クラウドファンディング支援LP（パステル・ドリーミー・実績数字ドーン）","プロ（演出多め）"
"LP-07342","アパレル・ファッションEC｜採用エントリーLP（ネオン・サイバー・イラスト主体）","プロ（演出多め）"
"LP-07343","採用・求人｜リード獲得（資料請求・問い合わせ）LP（ポップ・カラフル・実績数字ドーン）","プロ（演出多め）"
"LP-07344","コスメ・スキンケア｜商品購入（単品通販）LP（ラグジュアリー・高級感・デバイスモックアップ浮遊）","プロ（演出多め）"
"LP-07345","ウェディング・結婚相談所｜無料体験・カウンセリング予約LP（パステル・ドリーミー・デバイスモックアップ浮遊）","プロ（演出多め）"
"LP-07346","プログラミングスクール｜無料体験・カウンセリング予約LP（ネオン・サイバー・実績数字ドーン）","プロ（演出多め）"
"LP-07347","採用・求人｜採用エントリーLP（ポップ・カラフル・スクロールで商品が回転/分解）","プロ（演出多め）"
"LP-07348","SaaS・BtoBツール｜無料体験・カウンセリング予約LP（レトロ・Y2K・全面写真＋中央キャッチ）","プロ（演出多め）"
"LP-07349","採用・求人｜リード獲得（資料請求・問い合わせ）LP（ジオメトリック・グラフィカル・イラスト主体）","プロ（演出多め）"
"LP-07350","保育園・幼児教育・習い事｜リード獲得（資料請求・問い合わせ）LP（ナチュラル・オーガニック・左テキスト×右商品/人物）","プロ（演出多め）"
"LP-07351","英会話・語学｜採用エントリーLP（信頼・誠実（コーポレート）・実績数字ドーン）","プロ（演出多め）"
"LP-07352","コスメ・スキンケア｜採用エントリーLP（ラグジュアリー・高級感・デバイスモックアップ浮遊）","プロ（演出多め）"
"LP-07353","YouTuber・インフルエンサー｜リード獲得（資料請求・問い合わせ）LP（ポップ・カラフル・左テキスト×右商品/人物）","プロ（演出多め）"
"LP-07354","内科・クリニック｜無料体験・カウンセリング予約LP（ナチュラル・オーガニック・全面写真＋中央キャッチ）","上級"
"LP-07355","和菓子・スイーツ｜採用エントリーLP（かわいい・ガーリー・背景動画ループ＋オーバーレイ）","プロ（演出多め）"
"LP-07356","士業（税理士・弁護士・行政書士）｜無料体験・カウンセリング予約LP（ハンドメイド・手書き・スクロールで商品が回転/分解）","プロ（演出多め）"
"LP-07357","サウナ・温浴施設｜採用エントリーLP（ネオン・サイバー・イラスト主体）","プロ（演出多め）"
"LP-07358","英会話・語学｜会員登録・アプリDLLP（かわいい・ガーリー・実績数字ドーン）","プロ（演出多め）"
"LP-07359","NPO・地方自治体｜リード獲得（資料請求・問い合わせ）LP（ハンドメイド・手書き・デバイスモックアップ浮遊）","上級"
"LP-07360","和菓子・スイーツ｜リード獲得（資料請求・問い合わせ）LP（パステル・ドリーミー・ジェネラティブ背景＋コピー）","プロ（演出多め）"
"LP-07361","サウナ・温浴施設｜リード獲得（資料請求・問い合わせ）LP（レトロ・Y2K・超大型タイポグラフィ）","プロ（演出多め）"
"LP-07362","スマホアプリ｜商品購入（単品通販）LP（グラスモーフィズム・全面写真＋中央キャッチ）","プロ（演出多め）"
"LP-07363","AIサービス・スタートアップ｜セミナー・ウェビナー集客LP（ネオン・サイバー・左テキスト×右商品/人物）","プロ（演出多め）"
"LP-07364","保育園・幼児教育・習い事｜リード獲得（資料請求・問い合わせ）LP（ハンドメイド・手書き・スクロールで商品が回転/分解）","プロ（演出多め）"
"LP-07365","占い・スピリチュアル｜採用エントリーLP（和モダン・デバイスモックアップ浮遊）","プロ（演出多め）"
"LP-07366","AIサービス・スタートアップ｜無料体験・カウンセリング予約LP（レトロ・Y2K・左テキスト×右商品/人物）","プロ（演出多め）"
"LP-07367","英会話・語学｜無料体験・カウンセリング予約LP（信頼・誠実（コーポレート）・左テキスト×右商品/人物）","プロ（演出多め）"
"LP-07368","スクール・オンライン講座｜セミナー・ウェビナー集客LP（クール・テック・背景動画ループ＋オーバーレイ）","プロ（演出多め）"
"LP-07369","ゲーム・eスポーツ｜会員登録・アプリDLLP（エネルギッシュ・スポーティ・イラスト主体）","プロ（演出多め）"
"LP-07370","内科・クリニック｜採用エントリーLP（ナチュラル・オーガニック・スクロールで商品が回転/分解）","プロ（演出多め）"
"LP-07371","NPO・地方自治体｜リード獲得（資料請求・問い合わせ）LP（パステル・ドリーミー・左テキスト×右商品/人物）","プロ（演出多め）"
"LP-07372","工務店・注文住宅・リフォーム｜採用エントリーLP（信頼・誠実（コーポレート）・イラスト主体）","プロ（演出多め）"
"LP-07373","農業・地方の生産者｜リード獲得（資料請求・問い合わせ）LP（和モダン・背景動画ループ＋オーバーレイ）","プロ（演出多め）"
"LP-07374","不動産・マンション｜セミナー・ウェビナー集客LP（ラグジュアリー・高級感・写真コラージュ）","プロ（演出多め）"
"LP-07375","不動産・マンション｜無料体験・カウンセリング予約LP（ポップ・カラフル・背景動画ループ＋オーバーレイ）","プロ（演出多め）"
"LP-07376","士業（税理士・弁護士・行政書士）｜採用エントリーLP（ミニマル・洗練・ジェネラティブ背景＋コピー）","プロ（演出多め）"
"LP-07377","不動産・マンション｜セミナー・ウェビナー集客LP（ダーク・シネマティック・写真コラージュ）","プロ（演出多め）"
"LP-07378","アパレル・ファッションEC｜リード獲得（資料請求・問い合わせ）LP（エディトリアル・雑誌風・全面写真＋中央キャッチ）","プロ（演出多め）"
"LP-07379","ウェディング・結婚相談所｜採用エントリーLP（ラグジュアリー・高級感・スクロールで商品が回転/分解）","プロ（演出多め）"
"LP-07380","工務店・注文住宅・リフォーム｜LINE友だち追加LP（信頼・誠実（コーポレート）・全面写真＋中央キャッチ）","上級"
"LP-07381","建築設計事務所｜リード獲得（資料請求・問い合わせ）LP（ラグジュアリー・高級感・イラスト主体）","プロ（演出多め）"
"LP-07382","スクール・オンライン講座｜リード獲得（資料請求・問い合わせ）LP（信頼・誠実（コーポレート）・超大型タイポグラフィ）","プロ（演出多め）"
"LP-07383","Web制作・デザイン事務所｜採用エントリーLP（ジオメトリック・グラフィカル・ジェネラティブ背景＋コピー）","プロ（演出多め）"
"LP-07384","和菓子・スイーツ｜LINE友だち追加LP（かわいい・ガーリー・イラスト主体）","プロ（演出多め）"
"LP-07385","ウェディング・結婚相談所｜採用エントリーLP（ミニマル・洗練・背景動画ループ＋オーバーレイ）","プロ（演出多め）"
"LP-07386","ホテル・旅館｜採用エントリーLP（ミニマル・洗練・実績数字ドーン）","プロ（演出多め）"
"LP-07387","ペット・トリミング・動物病院｜商品購入（単品通販）LP（ハンドメイド・手書き・実績数字ドーン）","プロ（演出多め）"
"LP-07388","食品・産直EC｜リード獲得（資料請求・問い合わせ）LP（ポップ・カラフル・デバイスモックアップ浮遊）","プロ（演出多め）"
"LP-07389","スマホアプリ｜リード獲得（資料請求・問い合わせ）LP（ポップ・カラフル・実績数字ドーン）","プロ（演出多め）"
"LP-07390","歯科医院｜無料体験・カウンセリング予約LP（信頼・誠実（コーポレート）・写真コラージュ）","プロ（演出多め）"
"LP-07391","英会話・語学｜無料体験・カウンセリング予約LP（ポップ・カラフル・イラスト主体）","上級"
"LP-07392","カフェ・ベーカリー｜リード獲得（資料請求・問い合わせ）LP（ナチュラル・オーガニック・実績数字ドーン）","プロ（演出多め）"
"LP-07393","占い・スピリチュアル｜LINE友だち追加LP（ラグジュアリー・高級感・背景動画ループ＋オーバーレイ）","プロ（演出多め）"
"LP-07394","YouTuber・インフルエンサー｜採用エントリーLP（ネオン・サイバー・全面写真＋中央キャッチ）","プロ（演出多め）"
"LP-07395","パーソナルジム・フィットネス｜無料体験・カウンセリング予約LP（クール・テック・超大型タイポグラフィ）","プロ（演出多め）"
"LP-07396","自動車・バイク｜採用エントリーLP（ダーク・シネマティック・イラスト主体）","プロ（演出多め）"
"LP-07397","内科・クリニック｜無料体験・カウンセリング予約LP（ナチュラル・オーガニック・デバイスモックアップ浮遊）","プロ（演出多め）"
"LP-07398","クラウドファンディング・新商品｜クラウドファンディング支援LP（ダーク・シネマティック・イラスト主体）","プロ（演出多め）"
"LP-07399","プログラミングスクール｜無料体験・カウンセリング予約LP（クール・テック・超大型タイポグラフィ）","上級"
"LP-07400","ペット・トリミング・動物病院｜無料体験・カウンセリング予約LP（ミニマル・洗練・超大型タイポグラフィ）","プロ（演出多め）"
"LP-07401","内科・クリニック｜リード獲得（資料請求・問い合わせ）LP（ダーク・シネマティック・ジェネラティブ背景＋コピー）","プロ（演出多め）"
"LP-07402","コスメ・スキンケア｜採用エントリーLP（パステル・ドリーミー・全面写真＋中央キャッチ）","プロ（演出多め）"
"LP-07403","クラウドファンディング・新商品｜リード獲得（資料請求・問い合わせ）LP（クール・テック・デバイスモックアップ浮遊）","プロ（演出多め）"
"LP-07404","SaaS・BtoBツール｜リード獲得（資料請求・問い合わせ）LP（ミニマル・洗練・写真コラージュ）","プロ（演出多め）"
"LP-07405","ゲーム・eスポーツ｜リード獲得（資料請求・問い合わせ）LP（ネオン・サイバー・デバイスモックアップ浮遊）","プロ（演出多め）"
"LP-07406","スクール・オンライン講座｜セミナー・ウェビナー集客LP（クール・テック・デバイスモックアップ浮遊）","プロ（演出多め）"
"LP-07407","YouTuber・インフルエンサー｜リード獲得（資料請求・問い合わせ）LP（パステル・ドリーミー・左テキスト×右商品/人物）","プロ（演出多め）"
"LP-07408","和菓子・スイーツ｜リード獲得（資料請求・問い合わせ）LP（和モダン・デバイスモックアップ浮遊）","上級"
"LP-07409","和菓子・スイーツ｜LINE友だち追加LP（パステル・ドリーミー・イラスト主体）","プロ（演出多め）"
"LP-07410","パーソナルジム・フィットネス｜採用エントリーLP（ダーク・シネマティック・写真コラージュ）","プロ（演出多め）"
"LP-07411","アパレル・ファッションEC｜商品購入（単品通販）LP（ニューブルータリズム・実績数字ドーン）","プロ（演出多め）"
"LP-07412","金融・保険・投資｜会員登録・アプリDLLP（パステル・ドリーミー・超大型タイポグラフィ）","プロ（演出多め）"
"LP-07413","Web制作・デザイン事務所｜セミナー・ウェビナー集客LP（ニューブルータリズム・左テキスト×右商品/人物）","プロ（演出多め）"
"LP-07414","Web制作・デザイン事務所｜リード獲得（資料請求・問い合わせ）LP（レトロ・Y2K・イラスト主体）","上級"
"LP-07415","金融・保険・投資｜セミナー・ウェビナー集客LP（ミニマル・洗練・左テキスト×右商品/人物）","プロ（演出多め）"
"LP-07416","占い・スピリチュアル｜LINE友だち追加LP（和モダン・写真コラージュ）","プロ（演出多め）"
"LP-07417","英会話・語学｜リード獲得（資料請求・問い合わせ）LP（信頼・誠実（コーポレート）・ジェネラティブ背景＋コピー）","プロ（演出多め）"
"LP-07418","ペット・トリミング・動物病院｜LINE友だち追加LP（3D・クレイ・全面写真＋中央キャッチ）","プロ（演出多め）"
"LP-07419","建築設計事務所｜採用エントリーLP（パステル・ドリーミー・実績数字ドーン）","プロ（演出多め）"
"LP-07420","Web制作・デザイン事務所｜セミナー・ウェビナー集客LP（ハンドメイド・手書き・背景動画ループ＋オーバーレイ）","プロ（演出多め）"
"LP-07421","美容室・ヘアサロン｜採用エントリーLP（かわいい・ガーリー・実績数字ドーン）","プロ（演出多め）"
"LP-07422","ウェディング・結婚相談所｜無料体験・カウンセリング予約LP（ラグジュアリー・高級感・写真コラージュ）","プロ（演出多め）"
"LP-07423","不動産・マンション｜セミナー・ウェビナー集客LP（ミニマル・洗練・超大型タイポグラフィ）","プロ（演出多め）"
"LP-07424","和菓子・スイーツ｜商品購入（単品通販）LP（かわいい・ガーリー・イラスト主体）","プロ（演出多め）"
"LP-07425","コスメ・スキンケア｜商品購入（単品通販）LP（ニューブルータリズム・イラスト主体）","プロ（演出多め）"
"LP-07426","ヨガ・ピラティス｜LINE友だち追加LP（ミニマル・洗練・左テキスト×右商品/人物）","プロ（演出多め）"
"LP-07427","ウェディング・結婚相談所｜無料体験・カウンセリング予約LP（かわいい・ガーリー・デバイスモックアップ浮遊）","プロ（演出多め）"
"LP-07428","YouTuber・インフルエンサー｜会員登録・アプリDLLP（ネオン・サイバー・左テキスト×右商品/人物）","プロ（演出多め）"
"LP-07429","美容室・ヘアサロン｜リード獲得（資料請求・問い合わせ）LP（ナチュラル・オーガニック・写真コラージュ）","プロ（演出多め）"
"LP-07430","サウナ・温浴施設｜LINE友だち追加LP（和モダン・背景動画ループ＋オーバーレイ）","プロ（演出多め）"
"LP-07431","YouTuber・インフルエンサー｜採用エントリーLP（クール・テック・全面写真＋中央キャッチ）","プロ（演出多め）"
"LP-07432","スクール・オンライン講座｜リード獲得（資料請求・問い合わせ）LP（クール・テック・写真コラージュ）","プロ（演出多め）"
"LP-07433","英会話・語学｜採用エントリーLP（3D・クレイ・スクロールで商品が回転/分解）","プロ（演出多め）"
"LP-07434","レストラン・居酒屋｜採用エントリーLP（和モダン・イラスト主体）","プロ（演出多め）"
"LP-07435","NPO・地方自治体｜クラウドファンディング支援LP（ハンドメイド・手書き・ジェネラティブ背景＋コピー）","プロ（演出多め）"
"LP-07436","クラウドファンディング・新商品｜クラウドファンディング支援LP（ダーク・シネマティック・写真コラージュ）","プロ（演出多め）"
"LP-07437","観光・地域プロモーション｜クラウドファンディング支援LP（和モダン・超大型タイポグラフィ）","プロ（演出多め）"
"LP-07438","内科・クリニック｜採用エントリーLP（ナチュラル・オーガニック・写真コラージュ）","プロ（演出多め）"
"LP-07439","ペット・トリミング・動物病院｜採用エントリーLP（ナチュラル・オーガニック・背景動画ループ＋オーバーレイ）","プロ（演出多め）"
"LP-07440","ヨガ・ピラティス｜無料体験・カウンセリング予約LP（ミニマル・洗練・写真コラージュ）","プロ（演出多め）"
"LP-07441","SaaS・BtoBツール｜会員登録・アプリDLLP（ミニマル・洗練・写真コラージュ）","上級"
"LP-07442","美容室・ヘアサロン｜採用エントリーLP（エディトリアル・雑誌風・超大型タイポグラフィ）","プロ（演出多め）"
"LP-07443","士業（税理士・弁護士・行政書士）｜セミナー・ウェビナー集客LP（和モダン・超大型タイポグラフィ）","プロ（演出多め）"
"LP-07444","占い・スピリチュアル｜リード獲得（資料請求・問い合わせ）LP（ラグジュアリー・高級感・実績数字ドーン）","プロ（演出多め）"
"LP-07445","パーソナルジム・フィットネス｜リード獲得（資料請求・問い合わせ）LP（エネルギッシュ・スポーティ・ジェネラティブ背景＋コピー）","プロ（演出多め）"
"LP-07446","食品・産直EC｜リード獲得（資料請求・問い合わせ）LP（ナチュラル・オーガニック・イラスト主体）","プロ（演出多め）"
"LP-07447","歯科医院｜リード獲得（資料請求・問い合わせ）LP（ミニマル・洗練・超大型タイポグラフィ）","上級"
"LP-07448","コスメ・スキンケア｜採用エントリーLP（グラスモーフィズム・左テキスト×右商品/人物）","プロ（演出多め）"
"LP-07449","食品・産直EC｜商品購入（単品通販）LP（ポップ・カラフル・実績数字ドーン）","プロ（演出多め）"
"LP-07450","カフェ・ベーカリー｜リード獲得（資料請求・問い合わせ）LP（信頼・誠実（コーポレート）・超大型タイポグラフィ）","プロ（演出多め）"
"LP-07451","占い・スピリチュアル｜リード獲得（資料請求・問い合わせ）LP（和モダン・写真コラージュ）","プロ（演出多め）"
"LP-07452","AIサービス・スタートアップ｜セミナー・ウェビナー集客LP（グラスモーフィズム・ジェネラティブ背景＋コピー）","プロ（演出多め）"
"LP-07453","士業（税理士・弁護士・行政書士）｜セミナー・ウェビナー集客LP（パステル・ドリーミー・イラスト主体）","プロ（演出多め）"
"LP-07454","美容室・ヘアサロン｜採用エントリーLP（北欧・ライフスタイル・全面写真＋中央キャッチ）","プロ（演出多め）"
"LP-07455","美容室・ヘアサロン｜LINE友だち追加LP（ミニマル・洗練・全面写真＋中央キャッチ）","プロ（演出多め）"
"LP-07456","スマホアプリ｜リード獲得（資料請求・問い合わせ）LP（グラスモーフィズム・ジェネラティブ背景＋コピー）","プロ（演出多め）"
"LP-07457","AIサービス・スタートアップ｜セミナー・ウェビナー集客LP（クール・テック・超大型タイポグラフィ）","プロ（演出多め）"
"LP-07458","カフェ・ベーカリー｜採用エントリーLP（エディトリアル・雑誌風・背景動画ループ＋オーバーレイ）","プロ（演出多め）"
"LP-07459","カフェ・ベーカリー｜LINE友だち追加LP（レトロ・Y2K・実績数字ドーン）","プロ（演出多め）"
"LP-07460","エステ・脱毛サロン｜商品購入（単品通販）LP（かわいい・ガーリー・ジェネラティブ背景＋コピー）","プロ（演出多め）"
"LP-07461","ペット・トリミング・動物病院｜採用エントリーLP（3D・クレイ・左テキスト×右商品/人物）","プロ（演出多め）"
"LP-07462","サウナ・温浴施設｜リード獲得（資料請求・問い合わせ）LP（ナチュラル・オーガニック・背景動画ループ＋オーバーレイ）","プロ（演出多め）"
"LP-07463","クラウドファンディング・新商品｜クラウドファンディング支援LP（ポップ・カラフル・写真コラージュ）","プロ（演出多め）"
"LP-07464","パーソナルジム・フィットネス｜リード獲得（資料請求・問い合わせ）LP（クール・テック・実績数字ドーン）","プロ（演出多め）"
"LP-07465","プログラミングスクール｜会員登録・アプリDLLP（クール・テック・実績数字ドーン）","プロ（演出多め）"
"LP-07466","スクール・オンライン講座｜無料体験・カウンセリング予約LP（クール・テック・全面写真＋中央キャッチ）","上級"
"LP-07467","スクール・オンライン講座｜会員登録・アプリDLLP（ポップ・カラフル・デバイスモックアップ浮遊）","プロ（演出多め）"
"LP-07468","ペット・トリミング・動物病院｜LINE友だち追加LP（かわいい・ガーリー・全面写真＋中央キャッチ）","上級"
"LP-07469","美容クリニック｜採用エントリーLP（信頼・誠実（コーポレート）・超大型タイポグラフィ）","プロ（演出多め）"
"LP-07470","ウェディング・結婚相談所｜無料体験・カウンセリング予約LP（ラグジュアリー・高級感・超大型タイポグラフィ）","プロ（演出多め）"
"LP-07471","NPO・地方自治体｜採用エントリーLP（信頼・誠実（コーポレート）・デバイスモックアップ浮遊）","プロ（演出多め）"
"LP-07472","スクール・オンライン講座｜会員登録・アプリDLLP（エディトリアル・雑誌風・背景動画ループ＋オーバーレイ）","プロ（演出多め）"
"LP-07473","自動車・バイク｜無料体験・カウンセリング予約LP（ラグジュアリー・高級感・全面写真＋中央キャッチ）","プロ（演出多め）"
"LP-07474","スクール・オンライン講座｜採用エントリーLP（ポップ・カラフル・ジェネラティブ背景＋コピー）","プロ（演出多め）"
"LP-07475","コスメ・スキンケア｜採用エントリーLP（ナチュラル・オーガニック・イラスト主体）","プロ（演出多め）"
"LP-07476","不動産・マンション｜無料体験・カウンセリング予約LP（信頼・誠実（コーポレート）・デバイスモックアップ浮遊）","上級"
"LP-07477","美容室・ヘアサロン｜リード獲得（資料請求・問い合わせ）LP（かわいい・ガーリー・超大型タイポグラフィ）","プロ（演出多め）"
"LP-07478","Web制作・デザイン事務所｜リード獲得（資料請求・問い合わせ）LP（ニューブルータリズム・実績数字ドーン）","プロ（演出多め）"
"LP-07479","食品・産直EC｜リード獲得（資料請求・問い合わせ）LP（ポップ・カラフル・スクロールで商品が回転/分解）","プロ（演出多め）"
"LP-07480","コスメ・スキンケア｜採用エントリーLP（グラスモーフィズム・デバイスモックアップ浮遊）","プロ（演出多め）"
"LP-07481","コスメ・スキンケア｜採用エントリーLP（グラスモーフィズム・デバイスモックアップ浮遊）","プロ（演出多め）"
"LP-07482","士業（税理士・弁護士・行政書士）｜無料体験・カウンセリング予約LP（和モダン・全面写真＋中央キャッチ）","プロ（演出多め）"
"LP-07483","引越し・生活サービス｜リード獲得（資料請求・問い合わせ）LP（3D・クレイ・実績数字ドーン）","プロ（演出多め）"
"LP-07484","ウェディング・結婚相談所｜リード獲得（資料請求・問い合わせ）LP（かわいい・ガーリー・写真コラージュ）","プロ（演出多め）"
"LP-07485","士業（税理士・弁護士・行政書士）｜無料体験・カウンセリング予約LP（和モダン・写真コラージュ）","プロ（演出多め）"
"LP-07486","レストラン・居酒屋｜採用エントリーLP（ラグジュアリー・高級感・ジェネラティブ背景＋コピー）","プロ（演出多め）"
"LP-07487","金融・保険・投資｜リード獲得（資料請求・問い合わせ）LP（クール・テック・実績数字ドーン）","プロ（演出多め）"
"LP-07488","歯科医院｜採用エントリーLP（ナチュラル・オーガニック・スクロールで商品が回転/分解）","プロ（演出多め）"
"LP-07489","工務店・注文住宅・リフォーム｜LINE友だち追加LP（ネオン・サイバー・背景動画ループ＋オーバーレイ）","プロ（演出多め）"
"LP-07490","自動車・バイク｜無料体験・カウンセリング予約LP（クール・テック・デバイスモックアップ浮遊）","プロ（演出多め）"
"LP-07491","スマホアプリ｜リード獲得（資料請求・問い合わせ）LP（3D・クレイ・スクロールで商品が回転/分解）","プロ（演出多め）"
"LP-07492","占い・スピリチュアル｜無料体験・カウンセリング予約LP（パステル・ドリーミー・ジェネラティブ背景＋コピー）","プロ（演出多め）"
"LP-07493","エステ・脱毛サロン｜無料体験・カウンセリング予約LP（ミニマル・洗練・背景動画ループ＋オーバーレイ）","プロ（演出多め）"
"LP-07494","クラウドファンディング・新商品｜クラウドファンディング支援LP（クール・テック・ジェネラティブ背景＋コピー）","プロ（演出多め）"
"LP-07495","スクール・オンライン講座｜会員登録・アプリDLLP（3D・クレイ・デバイスモックアップ浮遊）","プロ（演出多め）"
"LP-07496","ヨガ・ピラティス｜LINE友だち追加LP（ミニマル・洗練・ジェネラティブ背景＋コピー）","プロ（演出多め）"
"LP-07497","アパレル・ファッションEC｜採用エントリーLP（ニューブルータリズム・デバイスモックアップ浮遊）","プロ（演出多め）"
"LP-07498","カフェ・ベーカリー｜採用エントリーLP（ナチュラル・オーガニック・実績数字ドーン）","プロ（演出多め）"
"LP-07499","歯科医院｜リード獲得（資料請求・問い合わせ）LP（ナチュラル・オーガニック・ジェネラティブ背景＋コピー）","プロ（演出多め）"
"LP-07500","自動車・バイク｜無料体験・カウンセリング予約LP（ダーク・シネマティック・全面写真＋中央キャッチ）","プロ（演出多め）"
"LP-07501","保育園・幼児教育・習い事｜無料体験・カウンセリング予約LP（ポップ・カラフル・超大型タイポグラフィ）","プロ（演出多め）"
"LP-07502","コスメ・スキンケア｜商品購入（単品通販）LP（ラグジュアリー・高級感・デバイスモックアップ浮遊）","プロ（演出多め）"
"LP-07503","音楽・ライブ・イベント｜採用エントリーLP（ダーク・シネマティック・スクロールで商品が回転/分解）","プロ（演出多め）"
"LP-07504","金融・保険・投資｜会員登録・アプリDLLP（ミニマル・洗練・背景動画ループ＋オーバーレイ）","プロ（演出多め）"
"LP-07505","農業・地方の生産者｜リード獲得（資料請求・問い合わせ）LP（ハンドメイド・手書き・実績数字ドーン）","プロ（演出多め）"
"LP-07506","美容クリニック｜LINE友だち追加LP（ラグジュアリー・高級感・実績数字ドーン）","プロ（演出多め）"
"LP-07507","ウェディング・結婚相談所｜採用エントリーLP（かわいい・ガーリー・スクロールで商品が回転/分解）","プロ（演出多め）"
"LP-07508","引越し・生活サービス｜採用エントリーLP（信頼・誠実（コーポレート）・デバイスモックアップ浮遊）","プロ（演出多め）"
"LP-07509","YouTuber・インフルエンサー｜リード獲得（資料請求・問い合わせ）LP（ポップ・カラフル・イラスト主体）","プロ（演出多め）"
"LP-07510","英会話・語学｜無料体験・カウンセリング予約LP（ポップ・カラフル・ジェネラティブ背景＋コピー）","プロ（演出多め）"
"LP-07511","ペット・トリミング・動物病院｜採用エントリーLP（かわいい・ガーリー・全面写真＋中央キャッチ）","プロ（演出多め）"
"LP-07512","コスメ・スキンケア｜商品購入（単品通販）LP（ラグジュアリー・高級感・超大型タイポグラフィ）","プロ（演出多め）"
"LP-07513","占い・スピリチュアル｜リード獲得（資料請求・問い合わせ）LP（ダーク・シネマティック・写真コラージュ）","プロ（演出多め）"
"LP-07514","採用・求人｜リード獲得（資料請求・問い合わせ）LP（ジオメトリック・グラフィカル・背景動画ループ＋オーバーレイ）","プロ（演出多め）"
"LP-07515","美容室・ヘアサロン｜採用エントリーLP（北欧・ライフスタイル・スクロールで商品が回転/分解）","プロ（演出多め）"
"LP-07516","音楽・ライブ・イベント｜クラウドファンディング支援LP（ダーク・シネマティック・スクロールで商品が回転/分解）","プロ（演出多め）"
"LP-07517","レストラン・居酒屋｜リード獲得（資料請求・問い合わせ）LP（レトロ・Y2K・超大型タイポグラフィ）","プロ（演出多め）"
"LP-07518","音楽・ライブ・イベント｜採用エントリーLP（ネオン・サイバー・ジェネラティブ背景＋コピー）","上級"
"LP-07519","サウナ・温浴施設｜リード獲得（資料請求・問い合わせ）LP（ニューブルータリズム・イラスト主体）","プロ（演出多め）"
"LP-07520","カフェ・ベーカリー｜LINE友だち追加LP（レトロ・Y2K・ジェネラティブ背景＋コピー）","上級"
"LP-07521","クラウドファンディング・新商品｜商品購入（単品通販）LP（ポップ・カラフル・全面写真＋中央キャッチ）","プロ（演出多め）"
"LP-07522","内科・クリニック｜無料体験・カウンセリング予約LP（ナチュラル・オーガニック・イラスト主体）","プロ（演出多め）"
"LP-07523","コスメ・スキンケア｜採用エントリーLP（ラグジュアリー・高級感・全面写真＋中央キャッチ）","プロ（演出多め）"
"LP-07524","Web制作・デザイン事務所｜採用エントリーLP（エディトリアル・雑誌風・イラスト主体）","プロ（演出多め）"
"LP-07525","和菓子・スイーツ｜リード獲得（資料請求・問い合わせ）LP（かわいい・ガーリー・左テキスト×右商品/人物）","プロ（演出多め）"
"LP-07526","音楽・ライブ・イベント｜クラウドファンディング支援LP（ダーク・シネマティック・写真コラージュ）","プロ（演出多め）"
"LP-07527","コンサル・コーチング｜リード獲得（資料請求・問い合わせ）LP（ミニマル・洗練・全面写真＋中央キャッチ）","プロ（演出多め）"
"LP-07528","クラウドファンディング・新商品｜商品購入（単品通販）LP（ハンドメイド・手書き・デバイスモックアップ浮遊）","プロ（演出多め）"
"LP-07529","建築設計事務所｜リード獲得（資料請求・問い合わせ）LP（ミニマル・洗練・写真コラージュ）","プロ（演出多め）"
"LP-07530","パーソナルジム・フィットネス｜無料体験・カウンセリング予約LP（ハンドメイド・手書き・背景動画ループ＋オーバーレイ）","プロ（演出多め）"
"LP-07531","工務店・注文住宅・リフォーム｜リード獲得（資料請求・問い合わせ）LP（ミニマル・洗練・イラスト主体）","プロ（演出多め）"
"LP-07532","カフェ・ベーカリー｜リード獲得（資料請求・問い合わせ）LP（レトロ・Y2K・実績数字ドーン）","プロ（演出多め）"
"LP-07533","ウェディング・結婚相談所｜リード獲得（資料請求・問い合わせ）LP（クール・テック・左テキスト×右商品/人物）","上級"
"LP-07534","美容クリニック｜LINE友だち追加LP（ミニマル・洗練・実績数字ドーン）","プロ（演出多め）"
"LP-07535","農業・地方の生産者｜クラウドファンディング支援LP（和モダン・写真コラージュ）","プロ（演出多め）"
"LP-07536","士業（税理士・弁護士・行政書士）｜セミナー・ウェビナー集客LP（ニューブルータリズム・写真コラージュ）","プロ（演出多め）"
"LP-07537","クラウドファンディング・新商品｜クラウドファンディング支援LP（ポップ・カラフル・ジェネラティブ背景＋コピー）","プロ（演出多め）"
"LP-07538","レストラン・居酒屋｜LINE友だち追加LP（信頼・誠実（コーポレート）・全面写真＋中央キャッチ）","プロ（演出多め）"
"LP-07539","建築設計事務所｜採用エントリーLP（ミニマル・洗練・超大型タイポグラフィ）","プロ（演出多め）"
"LP-07540","エステ・脱毛サロン｜リード獲得（資料請求・問い合わせ）LP（クール・テック・イラスト主体）","プロ（演出多め）"
"LP-07541","スクール・オンライン講座｜採用エントリーLP（クール・テック・全面写真＋中央キャッチ）","プロ（演出多め）"
"LP-07542","アパレル・ファッションEC｜商品購入（単品通販）LP（ニューブルータリズム・超大型タイポグラフィ）","プロ（演出多め）"
"LP-07543","パーソナルジム・フィットネス｜LINE友だち追加LP（エネルギッシュ・スポーティ・背景動画ループ＋オーバーレイ）","プロ（演出多め）"
"LP-07544","ペット・トリミング・動物病院｜無料体験・カウンセリング予約LP（ハンドメイド・手書き・ジェネラティブ背景＋コピー）","プロ（演出多め）"
"LP-07545","和菓子・スイーツ｜採用エントリーLP（ナチュラル・オーガニック・左テキスト×右商品/人物）","プロ（演出多め）"
"LP-07546","ゲーム・eスポーツ｜リード獲得（資料請求・問い合わせ）LP（かわいい・ガーリー・スクロールで商品が回転/分解）","プロ（演出多め）"
"LP-07547","カフェ・ベーカリー｜LINE友だち追加LP（かわいい・ガーリー・イラスト主体）","プロ（演出多め）"
"LP-07548","農業・地方の生産者｜リード獲得（資料請求・問い合わせ）LP（ハンドメイド・手書き・ジェネラティブ背景＋コピー）","プロ（演出多め）"
"LP-07549","ホテル・旅館｜採用エントリーLP（ミニマル・洗練・デバイスモックアップ浮遊）","上級"
"LP-07550","ペット・トリミング・動物病院｜無料体験・カウンセリング予約LP（ハンドメイド・手書き・ジェネラティブ背景＋コピー）","プロ（演出多め）"
"LP-07551","ヨガ・ピラティス｜無料体験・カウンセリング予約LP（パステル・ドリーミー・左テキスト×右商品/人物）","プロ（演出多め）"
"LP-07552","観光・地域プロモーション｜クラウドファンディング支援LP（ミニマル・洗練・全面写真＋中央キャッチ）","プロ（演出多め）"
"LP-07553","SaaS・BtoBツール｜セミナー・ウェビナー集客LP（3D・クレイ・左テキスト×右商品/人物）","プロ（演出多め）"
"LP-07554","レストラン・居酒屋｜採用エントリーLP（和モダン・ジェネラティブ背景＋コピー）","プロ（演出多め）"
"LP-07555","採用・求人｜採用エントリーLP（和モダン・スクロールで商品が回転/分解）","プロ（演出多め）"
"LP-07556","エステ・脱毛サロン｜リード獲得（資料請求・問い合わせ）LP（ミニマル・洗練・背景動画ループ＋オーバーレイ）","プロ（演出多め）"
"LP-07557","プログラミングスクール｜採用エントリーLP（クール・テック・左テキスト×右商品/人物）","上級"
"LP-07558","クラウドファンディング・新商品｜採用エントリーLP（グラスモーフィズム・デバイスモックアップ浮遊）","プロ（演出多め）"
"LP-07559","スクール・オンライン講座｜採用エントリーLP（3D・クレイ・写真コラージュ）","プロ（演出多め）"
"LP-07560","保育園・幼児教育・習い事｜リード獲得（資料請求・問い合わせ）LP（ナチュラル・オーガニック・全面写真＋中央キャッチ）","プロ（演出多め）"
"LP-07561","農業・地方の生産者｜商品購入（単品通販）LP（和モダン・ジェネラティブ背景＋コピー）","プロ（演出多め）"
"LP-07562","カフェ・ベーカリー｜LINE友だち追加LP（北欧・ライフスタイル・背景動画ループ＋オーバーレイ）","プロ（演出多め）"
"LP-07563","ゲーム・eスポーツ｜リード獲得（資料請求・問い合わせ）LP（ネオン・サイバー・イラスト主体）","プロ（演出多め）"
"LP-07564","美容室・ヘアサロン｜LINE友だち追加LP（エディトリアル・雑誌風・左テキスト×右商品/人物）","プロ（演出多め）"
"LP-07565","プログラミングスクール｜セミナー・ウェビナー集客LP（ポップ・カラフル・ジェネラティブ背景＋コピー）","プロ（演出多め）"
"LP-07566","コスメ・スキンケア｜商品購入（単品通販）LP（パステル・ドリーミー・ジェネラティブ背景＋コピー）","プロ（演出多め）"
"LP-07567","ゲーム・eスポーツ｜リード獲得（資料請求・問い合わせ）LP（ダーク・シネマティック・ジェネラティブ背景＋コピー）","プロ（演出多め）"
"LP-07568","ペット・トリミング・動物病院｜商品購入（単品通販）LP（ナチュラル・オーガニック・左テキスト×右商品/人物）","プロ（演出多め）"
"LP-07569","Web制作・デザイン事務所｜採用エントリーLP（ニューブルータリズム・イラスト主体）","プロ（演出多め）"
"LP-07570","不動産・マンション｜無料体験・カウンセリング予約LP（北欧・ライフスタイル・全面写真＋中央キャッチ）","プロ（演出多め）"
"LP-07571","アパレル・ファッションEC｜採用エントリーLP（ダーク・シネマティック・スクロールで商品が回転/分解）","プロ（演出多め）"
"LP-07572","保育園・幼児教育・習い事｜無料体験・カウンセリング予約LP（ナチュラル・オーガニック・デバイスモックアップ浮遊）","上級"
"LP-07573","ペット・トリミング・動物病院｜採用エントリーLP（かわいい・ガーリー・スクロールで商品が回転/分解）","プロ（演出多め）"
"LP-07574","レストラン・居酒屋｜採用エントリーLP（ダーク・シネマティック・超大型タイポグラフィ）","プロ（演出多め）"
"LP-07575","採用・求人｜採用エントリーLP（エディトリアル・雑誌風・背景動画ループ＋オーバーレイ）","プロ（演出多め）"
"LP-07576","ウェディング・結婚相談所｜リード獲得（資料請求・問い合わせ）LP（かわいい・ガーリー・超大型タイポグラフィ）","プロ（演出多め）"
"LP-07577","スマホアプリ｜商品購入（単品通販）LP（エディトリアル・雑誌風・スクロールで商品が回転/分解）","プロ（演出多め）"
"LP-07578","パーソナルジム・フィットネス｜無料体験・カウンセリング予約LP（ダーク・シネマティック・超大型タイポグラフィ）","プロ（演出多め）"
"LP-07579","食品・産直EC｜リード獲得（資料請求・問い合わせ）LP（ナチュラル・オーガニック・左テキスト×右商品/人物）","プロ（演出多め）"
"LP-07580","保育園・幼児教育・習い事｜無料体験・カウンセリング予約LP（かわいい・ガーリー・実績数字ドーン）","プロ（演出多め）"
"LP-07581","SaaS・BtoBツール｜会員登録・アプリDLLP（クール・テック・スクロールで商品が回転/分解）","プロ（演出多め）"
"LP-07582","コスメ・スキンケア｜商品購入（単品通販）LP（パステル・ドリーミー・背景動画ループ＋オーバーレイ）","プロ（演出多め）"
"LP-07583","ウェディング・結婚相談所｜無料体験・カウンセリング予約LP（ミニマル・洗練・実績数字ドーン）","プロ（演出多め）"
"LP-07584","ゲーム・eスポーツ｜採用エントリーLP（エネルギッシュ・スポーティ・実績数字ドーン）","上級"
"LP-07585","歯科医院｜採用エントリーLP（信頼・誠実（コーポレート）・スクロールで商品が回転/分解）","プロ（演出多め）"
"LP-07586","エステ・脱毛サロン｜採用エントリーLP（ナチュラル・オーガニック・写真コラージュ）","プロ（演出多め）"
"LP-07587","工務店・注文住宅・リフォーム｜リード獲得（資料請求・問い合わせ）LP（ミニマル・洗練・左テキスト×右商品/人物）","プロ（演出多め）"
"LP-07588","NPO・地方自治体｜クラウドファンディング支援LP（ハンドメイド・手書き・写真コラージュ）","プロ（演出多め）"
"LP-07589","士業（税理士・弁護士・行政書士）｜採用エントリーLP（和モダン・スクロールで商品が回転/分解）","プロ（演出多め）"
"LP-07590","YouTuber・インフルエンサー｜採用エントリーLP（ニューブルータリズム・ジェネラティブ背景＋コピー）","プロ（演出多め）"
"LP-07591","観光・地域プロモーション｜採用エントリーLP（北欧・ライフスタイル・全面写真＋中央キャッチ）","プロ（演出多め）"
"LP-07592","サウナ・温浴施設｜リード獲得（資料請求・問い合わせ）LP（ニューブルータリズム・デバイスモックアップ浮遊）","プロ（演出多め）"
"LP-07593","クラウドファンディング・新商品｜商品購入（単品通販）LP（クール・テック・背景動画ループ＋オーバーレイ）","プロ（演出多め）"
"LP-07594","アパレル・ファッションEC｜リード獲得（資料請求・問い合わせ）LP（クール・テック・ジェネラティブ背景＋コピー）","プロ（演出多め）"
"LP-07595","引越し・生活サービス｜無料体験・カウンセリング予約LP（ポップ・カラフル・左テキスト×右商品/人物）","プロ（演出多め）"
"LP-07596","保育園・幼児教育・習い事｜LINE友だち追加LP（ポップ・カラフル・デバイスモックアップ浮遊）","プロ（演出多め）"
"LP-07597","自動車・バイク｜無料体験・カウンセリング予約LP（エディトリアル・雑誌風・写真コラージュ）","プロ（演出多め）"
"LP-07598","クラウドファンディング・新商品｜採用エントリーLP（クール・テック・全面写真＋中央キャッチ）","プロ（演出多め）"
"LP-07599","ゲーム・eスポーツ｜クラウドファンディング支援LP（レトロ・Y2K・イラスト主体）","プロ（演出多め）"
"LP-07600","占い・スピリチュアル｜採用エントリーLP（ミニマル・洗練・写真コラージュ）","プロ（演出多め）"
"LP-07601","スクール・オンライン講座｜採用エントリーLP（クール・テック・ジェネラティブ背景＋コピー）","プロ（演出多め）"
"LP-07602","SaaS・BtoBツール｜リード獲得（資料請求・問い合わせ）LP（ミニマル・洗練・全面写真＋中央キャッチ）","プロ（演出多め）"
"LP-07603","スクール・オンライン講座｜採用エントリーLP（エディトリアル・雑誌風・実績数字ドーン）","プロ（演出多め）"
"LP-07604","エステ・脱毛サロン｜商品購入（単品通販）LP（ミニマル・洗練・ジェネラティブ背景＋コピー）","プロ（演出多め）"
"LP-07605","プログラミングスクール｜採用エントリーLP（3D・クレイ・イラスト主体）","プロ（演出多め）"
"LP-07606","士業（税理士・弁護士・行政書士）｜セミナー・ウェビナー集客LP（ミニマル・洗練・全面写真＋中央キャッチ）","上級"
"LP-07607","内科・クリニック｜無料体験・カウンセリング予約LP（ジオメトリック・グラフィカル・超大型タイポグラフィ）","プロ（演出多め）"
"LP-07608","金融・保険・投資｜採用エントリーLP（ネオン・サイバー・左テキスト×右商品/人物）","プロ（演出多め）"
"LP-07609","パーソナルジム・フィットネス｜採用エントリーLP（エネルギッシュ・スポーティ・左テキスト×右商品/人物）","プロ（演出多め）"
"LP-07610","アパレル・ファッションEC｜商品購入（単品通販）LP（レトロ・Y2K・左テキスト×右商品/人物）","プロ（演出多め）"
"LP-07611","ホテル・旅館｜LINE友だち追加LP（ミニマル・洗練・左テキスト×右商品/人物）","上級"
"LP-07612","YouTuber・インフルエンサー｜リード獲得（資料請求・問い合わせ）LP（ニューブルータリズム・写真コラージュ）","プロ（演出多め）"
"LP-07613","レストラン・居酒屋｜採用エントリーLP（ダーク・シネマティック・スクロールで商品が回転/分解）","プロ（演出多め）"
"LP-07614","美容クリニック｜リード獲得（資料請求・問い合わせ）LP（ラグジュアリー・高級感・全面写真＋中央キャッチ）","プロ（演出多め）"
"LP-07615","歯科医院｜リード獲得（資料請求・問い合わせ）LP（レトロ・Y2K・背景動画ループ＋オーバーレイ）","プロ（演出多め）"
"LP-07616","スクール・オンライン講座｜無料体験・カウンセリング予約LP（信頼・誠実（コーポレート）・イラスト主体）","プロ（演出多め）"
"LP-07617","プログラミングスクール｜リード獲得（資料請求・問い合わせ）LP（クール・テック・デバイスモックアップ浮遊）","プロ（演出多め）"
"LP-07618","レストラン・居酒屋｜LINE友だち追加LP（グラスモーフィズム・全面写真＋中央キャッチ）","プロ（演出多め）"
"LP-07619","食品・産直EC｜採用エントリーLP（ポップ・カラフル・写真コラージュ）","プロ（演出多め）"
"LP-07620","保育園・幼児教育・習い事｜無料体験・カウンセリング予約LP（ポップ・カラフル・左テキスト×右商品/人物）","プロ（演出多め）"
"LP-07621","スクール・オンライン講座｜採用エントリーLP（信頼・誠実（コーポレート）・イラスト主体）","プロ（演出多め）"
"LP-07622","音楽・ライブ・イベント｜クラウドファンディング支援LP（3D・クレイ・スクロールで商品が回転/分解）","プロ（演出多め）"
"LP-07623","和菓子・スイーツ｜クラウドファンディング支援LP（3D・クレイ・スクロールで商品が回転/分解）","上級"
"LP-07624","AIサービス・スタートアップ｜無料体験・カウンセリング予約LP（ミニマル・洗練・デバイスモックアップ浮遊）","プロ（演出多め）"
"LP-07625","プログラミングスクール｜会員登録・アプリDLLP（クール・テック・超大型タイポグラフィ）","プロ（演出多め）"
"LP-07626","ゲーム・eスポーツ｜採用エントリーLP（ダーク・シネマティック・背景動画ループ＋オーバーレイ）","プロ（演出多め）"
"LP-07627","SaaS・BtoBツール｜会員登録・アプリDLLP（エディトリアル・雑誌風・デバイスモックアップ浮遊）","プロ（演出多め）"
"LP-07628","スクール・オンライン講座｜会員登録・アプリDLLP（3D・クレイ・写真コラージュ）","プロ（演出多め）"
"LP-07629","美容クリニック｜リード獲得（資料請求・問い合わせ）LP（ミニマル・洗練・ジェネラティブ背景＋コピー）","プロ（演出多め）"
"LP-07630","レストラン・居酒屋｜LINE友だち追加LP（和モダン・ジェネラティブ背景＋コピー）","プロ（演出多め）"
"LP-07631","スマホアプリ｜商品購入（単品通販）LP（クール・テック・背景動画ループ＋オーバーレイ）","プロ（演出多め）"
"LP-07632","歯科医院｜無料体験・カウンセリング予約LP（ミニマル・洗練・左テキスト×右商品/人物）","上級"
"LP-07633","保育園・幼児教育・習い事｜リード獲得（資料請求・問い合わせ）LP（ハンドメイド・手書き・イラスト主体）","プロ（演出多め）"
"LP-07634","ペット・トリミング・動物病院｜LINE友だち追加LP（ハンドメイド・手書き・背景動画ループ＋オーバーレイ）","プロ（演出多め）"
"LP-07635","Web制作・デザイン事務所｜セミナー・ウェビナー集客LP（ニューブルータリズム・背景動画ループ＋オーバーレイ）","プロ（演出多め）"
"LP-07636","NPO・地方自治体｜リード獲得（資料請求・問い合わせ）LP（ハンドメイド・手書き・背景動画ループ＋オーバーレイ）","プロ（演出多め）"
"LP-07637","内科・クリニック｜採用エントリーLP（ナチュラル・オーガニック・背景動画ループ＋オーバーレイ）","プロ（演出多め）"
"LP-07638","AIサービス・スタートアップ｜セミナー・ウェビナー集客LP（グラスモーフィズム・写真コラージュ）","プロ（演出多め）"
"LP-07639","建築設計事務所｜採用エントリーLP（ミニマル・洗練・全面写真＋中央キャッチ）","プロ（演出多め）"
"LP-07640","エステ・脱毛サロン｜商品購入（単品通販）LP（かわいい・ガーリー・スクロールで商品が回転/分解）","プロ（演出多め）"
"LP-07641","パーソナルジム・フィットネス｜採用エントリーLP（クール・テック・全面写真＋中央キャッチ）","プロ（演出多め）"
"LP-07642","ホテル・旅館｜採用エントリーLP（ミニマル・洗練・超大型タイポグラフィ）","プロ（演出多め）"
"LP-07643","ゲーム・eスポーツ｜会員登録・アプリDLLP（ネオン・サイバー・ジェネラティブ背景＋コピー）","プロ（演出多め）"
"LP-07644","採用・求人｜採用エントリーLP（エディトリアル・雑誌風・超大型タイポグラフィ）","プロ（演出多め）"
"LP-07645","美容クリニック｜採用エントリーLP（ミニマル・洗練・スクロールで商品が回転/分解）","プロ（演出多め）"
"LP-07646","引越し・生活サービス｜無料体験・カウンセリング予約LP（信頼・誠実（コーポレート）・実績数字ドーン）","プロ（演出多め）"
"LP-07647","美容室・ヘアサロン｜採用エントリーLP（ミニマル・洗練・左テキスト×右商品/人物）","プロ（演出多め）"
"LP-07648","Web制作・デザイン事務所｜採用エントリーLP（ジオメトリック・グラフィカル・全面写真＋中央キャッチ）","プロ（演出多め）"
"LP-07649","SaaS・BtoBツール｜無料体験・カウンセリング予約LP（グラスモーフィズム・デバイスモックアップ浮遊）","プロ（演出多め）"
"LP-07650","ペット・トリミング・動物病院｜リード獲得（資料請求・問い合わせ）LP（ニューブルータリズム・写真コラージュ）","プロ（演出多め）"
"LP-07651","プログラミングスクール｜セミナー・ウェビナー集客LP（ポップ・カラフル・ジェネラティブ背景＋コピー）","プロ（演出多め）"
"LP-07652","カフェ・ベーカリー｜採用エントリーLP（レトロ・Y2K・背景動画ループ＋オーバーレイ）","プロ（演出多め）"
"LP-07653","コスメ・スキンケア｜リード獲得（資料請求・問い合わせ）LP（ミニマル・洗練・実績数字ドーン）","プロ（演出多め）"
"LP-07654","パーソナルジム・フィットネス｜リード獲得（資料請求・問い合わせ）LP（クール・テック・全面写真＋中央キャッチ）","プロ（演出多め）"
"LP-07655","カフェ・ベーカリー｜LINE友だち追加LP（ネオン・サイバー・スクロールで商品が回転/分解）","プロ（演出多め）"
"LP-07656","エステ・脱毛サロン｜無料体験・カウンセリング予約LP（かわいい・ガーリー・スクロールで商品が回転/分解）","プロ（演出多め）"
"LP-07657","ホテル・旅館｜LINE友だち追加LP（ラグジュアリー・高級感・全面写真＋中央キャッチ）","プロ（演出多め）"
"LP-07658","スマホアプリ｜リード獲得（資料請求・問い合わせ）LP（ポップ・カラフル・イラスト主体）","プロ（演出多め）"
"LP-07659","サウナ・温浴施設｜リード獲得（資料請求・問い合わせ）LP（ナチュラル・オーガニック・全面写真＋中央キャッチ）","プロ（演出多め）"
"LP-07660","パーソナルジム・フィットネス｜リード獲得（資料請求・問い合わせ）LP（ダーク・シネマティック・ジェネラティブ背景＋コピー）","プロ（演出多め）"
"LP-07661","美容室・ヘアサロン｜LINE友だち追加LP（ラグジュアリー・高級感・スクロールで商品が回転/分解）","プロ（演出多め）"
"LP-07662","食品・産直EC｜商品購入（単品通販）LP（ナチュラル・オーガニック・スクロールで商品が回転/分解）","プロ（演出多め）"
"LP-07663","スクール・オンライン講座｜無料体験・カウンセリング予約LP（ダーク・シネマティック・スクロールで商品が回転/分解）","プロ（演出多め）"
"LP-07664","パーソナルジム・フィットネス｜LINE友だち追加LP（クール・テック・左テキスト×右商品/人物）","プロ（演出多め）"
"LP-07665","ホテル・旅館｜採用エントリーLP（ポップ・カラフル・イラスト主体）","プロ（演出多め）"
"LP-07666","アパレル・ファッションEC｜商品購入（単品通販）LP（ニューブルータリズム・ジェネラティブ背景＋コピー）","プロ（演出多め）"
"LP-07667","レストラン・居酒屋｜採用エントリーLP（ラグジュアリー・高級感・左テキスト×右商品/人物）","プロ（演出多め）"
"LP-07668","NPO・地方自治体｜リード獲得（資料請求・問い合わせ）LP（ハンドメイド・手書き・デバイスモックアップ浮遊）","プロ（演出多め）"
"LP-07669","美容クリニック｜採用エントリーLP（信頼・誠実（コーポレート）・実績数字ドーン）","プロ（演出多め）"
"LP-07670","クラウドファンディング・新商品｜クラウドファンディング支援LP（クール・テック・イラスト主体）","プロ（演出多め）"
"LP-07671","引越し・生活サービス｜LINE友だち追加LP（3D・クレイ・背景動画ループ＋オーバーレイ）","プロ（演出多め）"
"LP-07672","クラウドファンディング・新商品｜リード獲得（資料請求・問い合わせ）LP（ポップ・カラフル・ジェネラティブ背景＋コピー）","プロ（演出多め）"
"LP-07673","金融・保険・投資｜無料体験・カウンセリング予約LP（クール・テック・全面写真＋中央キャッチ）","プロ（演出多め）"
"LP-07674","アパレル・ファッションEC｜商品購入（単品通販）LP（ミニマル・洗練・全面写真＋中央キャッチ）","プロ（演出多め）"
"LP-07675","パーソナルジム・フィットネス｜リード獲得（資料請求・問い合わせ）LP（エネルギッシュ・スポーティ・写真コラージュ）","プロ（演出多め）"
"LP-07676","サウナ・温浴施設｜採用エントリーLP（ナチュラル・オーガニック・超大型タイポグラフィ）","プロ（演出多め）"
"LP-07677","歯科医院｜無料体験・カウンセリング予約LP（ダーク・シネマティック・背景動画ループ＋オーバーレイ）","プロ（演出多め）"
"LP-07678","コンサル・コーチング｜採用エントリーLP（ミニマル・洗練・全面写真＋中央キャッチ）","プロ（演出多め）"
"LP-07679","プログラミングスクール｜リード獲得（資料請求・問い合わせ）LP（クール・テック・デバイスモックアップ浮遊）","プロ（演出多め）"
"LP-07680","美容室・ヘアサロン｜LINE友だち追加LP（かわいい・ガーリー・スクロールで商品が回転/分解）","プロ（演出多め）"
"LP-07681","アパレル・ファッションEC｜リード獲得（資料請求・問い合わせ）LP（ミニマル・洗練・超大型タイポグラフィ）","プロ（演出多め）"
"LP-07682","観光・地域プロモーション｜採用エントリーLP（ハンドメイド・手書き・全面写真＋中央キャッチ）","上級"
"LP-07683","美容クリニック｜LINE友だち追加LP（ミニマル・洗練・スクロールで商品が回転/分解）","プロ（演出多め）"
"LP-07684","NPO・地方自治体｜クラウドファンディング支援LP（ジオメトリック・グラフィカル・イラスト主体）","プロ（演出多め）"
"LP-07685","音楽・ライブ・イベント｜採用エントリーLP（ネオン・サイバー・実績数字ドーン）","プロ（演出多め）"
"LP-07686","ウェディング・結婚相談所｜LINE友だち追加LP（ミニマル・洗練・デバイスモックアップ浮遊）","プロ（演出多め）"
"LP-07687","エステ・脱毛サロン｜リード獲得（資料請求・問い合わせ）LP（ラグジュアリー・高級感・スクロールで商品が回転/分解）","プロ（演出多め）"
"LP-07688","Web制作・デザイン事務所｜リード獲得（資料請求・問い合わせ）LP（エディトリアル・雑誌風・ジェネラティブ背景＋コピー）","プロ（演出多め）"
"LP-07689","エステ・脱毛サロン｜商品購入（単品通販）LP（パステル・ドリーミー・ジェネラティブ背景＋コピー）","プロ（演出多め）"
"LP-07690","金融・保険・投資｜リード獲得（資料請求・問い合わせ）LP（ミニマル・洗練・左テキスト×右商品/人物）","プロ（演出多め）"
"LP-07691","和菓子・スイーツ｜商品購入（単品通販）LP（グラスモーフィズム・左テキスト×右商品/人物）","プロ（演出多め）"
"LP-07692","農業・地方の生産者｜商品購入（単品通販）LP（かわいい・ガーリー・左テキスト×右商品/人物）","プロ（演出多め）"
"LP-07693","ウェディング・結婚相談所｜採用エントリーLP（かわいい・ガーリー・背景動画ループ＋オーバーレイ）","上級"
"LP-07694","スマホアプリ｜商品購入（単品通販）LP（グラスモーフィズム・デバイスモックアップ浮遊）","プロ（演出多め）"
"LP-07695","引越し・生活サービス｜リード獲得（資料請求・問い合わせ）LP（ポップ・カラフル・左テキスト×右商品/人物）","プロ（演出多め）"
"LP-07696","採用・求人｜リード獲得（資料請求・問い合わせ）LP（北欧・ライフスタイル・左テキスト×右商品/人物）","プロ（演出多め）"
"LP-07697","保育園・幼児教育・習い事｜採用エントリーLP（ハンドメイド・手書き・ジェネラティブ背景＋コピー）","プロ（演出多め）"
"LP-07698","美容クリニック｜無料体験・カウンセリング予約LP（信頼・誠実（コーポレート）・イラスト主体）","プロ（演出多め）"
"LP-07699","ホテル・旅館｜LINE友だち追加LP（ラグジュアリー・高級感・イラスト主体）","プロ（演出多め）"
"LP-07700","金融・保険・投資｜会員登録・アプリDLLP（クール・テック・実績数字ドーン）","プロ（演出多め）"
"LP-07701","YouTuber・インフルエンサー｜採用エントリーLP（パステル・ドリーミー・写真コラージュ）","プロ（演出多め）"
"LP-07702","歯科医院｜採用エントリーLP（ミニマル・洗練・背景動画ループ＋オーバーレイ）","プロ（演出多め）"
"LP-07703","保育園・幼児教育・習い事｜リード獲得（資料請求・問い合わせ）LP（ナチュラル・オーガニック・デバイスモックアップ浮遊）","プロ（演出多め）"
"LP-07704","農業・地方の生産者｜商品購入（単品通販）LP（レトロ・Y2K・スクロールで商品が回転/分解）","プロ（演出多め）"
"LP-07705","採用・求人｜リード獲得（資料請求・問い合わせ）LP（ポップ・カラフル・スクロールで商品が回転/分解）","プロ（演出多め）"
"LP-07706","AIサービス・スタートアップ｜リード獲得（資料請求・問い合わせ）LP（クール・テック・背景動画ループ＋オーバーレイ）","プロ（演出多め）"
"LP-07707","カフェ・ベーカリー｜リード獲得（資料請求・問い合わせ）LP（エディトリアル・雑誌風・ジェネラティブ背景＋コピー）","プロ（演出多め）"
"LP-07708","カフェ・ベーカリー｜採用エントリーLP（北欧・ライフスタイル・デバイスモックアップ浮遊）","プロ（演出多め）"
"LP-07709","建築設計事務所｜採用エントリーLP（北欧・ライフスタイル・写真コラージュ）","プロ（演出多め）"
"LP-07710","音楽・ライブ・イベント｜採用エントリーLP（ネオン・サイバー・デバイスモックアップ浮遊）","プロ（演出多め）"
"LP-07711","美容クリニック｜リード獲得（資料請求・問い合わせ）LP（パステル・ドリーミー・実績数字ドーン）","プロ（演出多め）"
"LP-07712","農業・地方の生産者｜採用エントリーLP（和モダン・写真コラージュ）","プロ（演出多め）"
"LP-07713","歯科医院｜無料体験・カウンセリング予約LP（ミニマル・洗練・デバイスモックアップ浮遊）","プロ（演出多め）"
"LP-07714","自動車・バイク｜リード獲得（資料請求・問い合わせ）LP（ダーク・シネマティック・背景動画ループ＋オーバーレイ）","プロ（演出多め）"
"LP-07715","金融・保険・投資｜セミナー・ウェビナー集客LP（信頼・誠実（コーポレート）・ジェネラティブ背景＋コピー）","プロ（演出多め）"
"LP-07716","食品・産直EC｜クラウドファンディング支援LP（ポップ・カラフル・デバイスモックアップ浮遊）","プロ（演出多め）"
"LP-07717","クラウドファンディング・新商品｜商品購入（単品通販）LP（信頼・誠実（コーポレート）・左テキスト×右商品/人物）","プロ（演出多め）"
"LP-07718","アパレル・ファッションEC｜採用エントリーLP（レトロ・Y2K・左テキスト×右商品/人物）","上級"
"LP-07719","SaaS・BtoBツール｜無料体験・カウンセリング予約LP（ミニマル・洗練・ジェネラティブ背景＋コピー）","プロ（演出多め）"
"LP-07720","プログラミングスクール｜リード獲得（資料請求・問い合わせ）LP（ネオン・サイバー・左テキスト×右商品/人物）","プロ（演出多め）"
"LP-07721","音楽・ライブ・イベント｜採用エントリーLP（ニューブルータリズム・実績数字ドーン）","プロ（演出多め）"
"LP-07722","YouTuber・インフルエンサー｜リード獲得（資料請求・問い合わせ）LP（グラスモーフィズム・ジェネラティブ背景＋コピー）","プロ（演出多め）"
"LP-07723","スマホアプリ｜会員登録・アプリDLLP（クール・テック・実績数字ドーン）","プロ（演出多め）"
"LP-07724","エステ・脱毛サロン｜リード獲得（資料請求・問い合わせ）LP（3D・クレイ・イラスト主体）","プロ（演出多め）"
"LP-07725","ヨガ・ピラティス｜無料体験・カウンセリング予約LP（ナチュラル・オーガニック・デバイスモックアップ浮遊）","上級"
"LP-07726","アパレル・ファッションEC｜採用エントリーLP（ニューブルータリズム・ジェネラティブ背景＋コピー）","プロ（演出多め）"
"LP-07727","NPO・地方自治体｜採用エントリーLP（ハンドメイド・手書き・超大型タイポグラフィ）","プロ（演出多め）"
"LP-07728","歯科医院｜リード獲得（資料請求・問い合わせ）LP（ナチュラル・オーガニック・ジェネラティブ背景＋コピー）","プロ（演出多め）"
"LP-07729","エステ・脱毛サロン｜LINE友だち追加LP（パステル・ドリーミー・超大型タイポグラフィ）","上級"
"LP-07730","不動産・マンション｜無料体験・カウンセリング予約LP（信頼・誠実（コーポレート）・実績数字ドーン）","プロ（演出多め）"
"LP-07731","ホテル・旅館｜LINE友だち追加LP（エネルギッシュ・スポーティ・超大型タイポグラフィ）","プロ（演出多め）"
"LP-07732","NPO・地方自治体｜採用エントリーLP（信頼・誠実（コーポレート）・背景動画ループ＋オーバーレイ）","プロ（演出多め）"
"LP-07733","占い・スピリチュアル｜無料体験・カウンセリング予約LP（ラグジュアリー・高級感・実績数字ドーン）","プロ（演出多め）"
"LP-07734","エステ・脱毛サロン｜採用エントリーLP（ミニマル・洗練・写真コラージュ）","プロ（演出多め）"
"LP-07735","スマホアプリ｜採用エントリーLP（ポップ・カラフル・スクロールで商品が回転/分解）","プロ（演出多め）"
"LP-07736","スマホアプリ｜リード獲得（資料請求・問い合わせ）LP（クール・テック・デバイスモックアップ浮遊）","プロ（演出多め）"
"LP-07737","占い・スピリチュアル｜無料体験・カウンセリング予約LP（ニューブルータリズム・左テキスト×右商品/人物）","プロ（演出多め）"
"LP-07738","コスメ・スキンケア｜商品購入（単品通販）LP（パステル・ドリーミー・スクロールで商品が回転/分解）","プロ（演出多め）"
"LP-07739","ホテル・旅館｜リード獲得（資料請求・問い合わせ）LP（ミニマル・洗練・左テキスト×右商品/人物）","プロ（演出多め）"
"LP-07740","プログラミングスクール｜リード獲得（資料請求・問い合わせ）LP（信頼・誠実（コーポレート）・背景動画ループ＋オーバーレイ）","プロ（演出多め）"
"LP-07741","スクール・オンライン講座｜セミナー・ウェビナー集客LP（クール・テック・デバイスモックアップ浮遊）","プロ（演出多め）"
"LP-07742","内科・クリニック｜LINE友だち追加LP（レトロ・Y2K・ジェネラティブ背景＋コピー）","プロ（演出多め）"
"LP-07743","工務店・注文住宅・リフォーム｜LINE友だち追加LP（北欧・ライフスタイル・写真コラージュ）","プロ（演出多め）"
"LP-07744","ペット・トリミング・動物病院｜リード獲得（資料請求・問い合わせ）LP（ナチュラル・オーガニック・背景動画ループ＋オーバーレイ）","プロ（演出多め）"
"LP-07745","パーソナルジム・フィットネス｜無料体験・カウンセリング予約LP（ダーク・シネマティック・全面写真＋中央キャッチ）","上級"
"LP-07746","金融・保険・投資｜会員登録・アプリDLLP（クール・テック・実績数字ドーン）","プロ（演出多め）"
"LP-07747","不動産・マンション｜無料体験・カウンセリング予約LP（ミニマル・洗練・左テキスト×右商品/人物）","プロ（演出多め）"
"LP-07748","工務店・注文住宅・リフォーム｜リード獲得（資料請求・問い合わせ）LP（ミニマル・洗練・ジェネラティブ背景＋コピー）","上級"
"LP-07749","ウェディング・結婚相談所｜採用エントリーLP（ミニマル・洗練・左テキスト×右商品/人物）","上級"
"LP-07750","パーソナルジム・フィットネス｜LINE友だち追加LP（エネルギッシュ・スポーティ・超大型タイポグラフィ）","プロ（演出多め）"
"LP-07751","ゲーム・eスポーツ｜会員登録・アプリDLLP（レトロ・Y2K・背景動画ループ＋オーバーレイ）","プロ（演出多め）"
"LP-07752","建築設計事務所｜リード獲得（資料請求・問い合わせ）LP（ミニマル・洗練・実績数字ドーン）","プロ（演出多め）"
"LP-07753","コンサル・コーチング｜セミナー・ウェビナー集客LP（ラグジュアリー・高級感・全面写真＋中央キャッチ）","プロ（演出多め）"
"LP-07754","歯科医院｜LINE友だち追加LP（ナチュラル・オーガニック・実績数字ドーン）","プロ（演出多め）"
"LP-07755","建築設計事務所｜リード獲得（資料請求・問い合わせ）LP（ジオメトリック・グラフィカル・スクロールで商品が回転/分解）","プロ（演出多め）"
"LP-07756","歯科医院｜リード獲得（資料請求・問い合わせ）LP（ナチュラル・オーガニック・イラスト主体）","プロ（演出多め）"
"LP-07757","AIサービス・スタートアップ｜無料体験・カウンセリング予約LP（グラスモーフィズム・イラスト主体）","プロ（演出多め）"
"LP-07758","AIサービス・スタートアップ｜無料体験・カウンセリング予約LP（ジオメトリック・グラフィカル・超大型タイポグラフィ）","プロ（演出多め）"
"LP-07759","カフェ・ベーカリー｜LINE友だち追加LP（レトロ・Y2K・ジェネラティブ背景＋コピー）","プロ（演出多め）"
"LP-07760","カフェ・ベーカリー｜リード獲得（資料請求・問い合わせ）LP（レトロ・Y2K・左テキスト×右商品/人物）","プロ（演出多め）"
"LP-07761","引越し・生活サービス｜採用エントリーLP（ポップ・カラフル・超大型タイポグラフィ）","プロ（演出多め）"
"LP-07762","占い・スピリチュアル｜採用エントリーLP（パステル・ドリーミー・デバイスモックアップ浮遊）","プロ（演出多め）"
"LP-07763","コスメ・スキンケア｜採用エントリーLP（ナチュラル・オーガニック・ジェネラティブ背景＋コピー）","プロ（演出多め）"
"LP-07764","音楽・ライブ・イベント｜リード獲得（資料請求・問い合わせ）LP（レトロ・Y2K・イラスト主体）","プロ（演出多め）"
"LP-07765","美容クリニック｜リード獲得（資料請求・問い合わせ）LP（ラグジュアリー・高級感・スクロールで商品が回転/分解）","プロ（演出多め）"
"LP-07766","ゲーム・eスポーツ｜会員登録・アプリDLLP（北欧・ライフスタイル・全面写真＋中央キャッチ）","プロ（演出多め）"
"LP-07767","ウェディング・結婚相談所｜採用エントリーLP（レトロ・Y2K・左テキスト×右商品/人物）","プロ（演出多め）"
"LP-07768","和菓子・スイーツ｜LINE友だち追加LP（和モダン・スクロールで商品が回転/分解）","上級"
"LP-07769","占い・スピリチュアル｜LINE友だち追加LP（ダーク・シネマティック・スクロールで商品が回転/分解）","プロ（演出多め）"
"LP-07770","不動産・マンション｜セミナー・ウェビナー集客LP（ダーク・シネマティック・イラスト主体）","プロ（演出多め）"
"LP-07771","スクール・オンライン講座｜リード獲得（資料請求・問い合わせ）LP（3D・クレイ・ジェネラティブ背景＋コピー）","プロ（演出多め）"
"LP-07772","英会話・語学｜リード獲得（資料請求・問い合わせ）LP（信頼・誠実（コーポレート）・写真コラージュ）","プロ（演出多め）"
"LP-07773","ペット・トリミング・動物病院｜無料体験・カウンセリング予約LP（かわいい・ガーリー・イラスト主体）","プロ（演出多め）"
"LP-07774","カフェ・ベーカリー｜LINE友だち追加LP（レトロ・Y2K・超大型タイポグラフィ）","プロ（演出多め）"
"LP-07775","建築設計事務所｜リード獲得（資料請求・問い合わせ）LP（エディトリアル・雑誌風・ジェネラティブ背景＋コピー）","プロ（演出多め）"
"LP-07776","ヨガ・ピラティス｜採用エントリーLP（パステル・ドリーミー・全面写真＋中央キャッチ）","プロ（演出多め）"
"LP-07777","Web制作・デザイン事務所｜採用エントリーLP（和モダン・左テキスト×右商品/人物）","プロ（演出多め）"
"LP-07778","パーソナルジム・フィットネス｜無料体験・カウンセリング予約LP（レトロ・Y2K・写真コラージュ）","プロ（演出多め）"
"LP-07779","ウェディング・結婚相談所｜採用エントリーLP（かわいい・ガーリー・左テキスト×右商品/人物）","プロ（演出多め）"
"LP-07780","エステ・脱毛サロン｜商品購入（単品通販）LP（かわいい・ガーリー・左テキスト×右商品/人物）","プロ（演出多め）"
"LP-07781","ゲーム・eスポーツ｜リード獲得（資料請求・問い合わせ）LP（レトロ・Y2K・イラスト主体）","プロ（演出多め）"
"LP-07782","自動車・バイク｜採用エントリーLP（ポップ・カラフル・超大型タイポグラフィ）","プロ（演出多め）"
"LP-07783","食品・産直EC｜商品購入（単品通販）LP（ナチュラル・オーガニック・デバイスモックアップ浮遊）","プロ（演出多め）"
"LP-07784","内科・クリニック｜無料体験・カウンセリング予約LP（ナチュラル・オーガニック・スクロールで商品が回転/分解）","プロ（演出多め）"
"LP-07785","サウナ・温浴施設｜採用エントリーLP（レトロ・Y2K・超大型タイポグラフィ）","プロ（演出多め）"
"LP-07786","レストラン・居酒屋｜リード獲得（資料請求・問い合わせ）LP（ダーク・シネマティック・デバイスモックアップ浮遊）","プロ（演出多め）"
"LP-07787","サウナ・温浴施設｜採用エントリーLP（3D・クレイ・超大型タイポグラフィ）","プロ（演出多め）"
"LP-07788","ゲーム・eスポーツ｜クラウドファンディング支援LP（パステル・ドリーミー・左テキスト×右商品/人物）","プロ（演出多め）"
"LP-07789","スクール・オンライン講座｜セミナー・ウェビナー集客LP（クール・テック・実績数字ドーン）","プロ（演出多め）"
"LP-07790","建築設計事務所｜採用エントリーLP（エディトリアル・雑誌風・背景動画ループ＋オーバーレイ）","プロ（演出多め）"
"LP-07791","採用・求人｜リード獲得（資料請求・問い合わせ）LP（信頼・誠実（コーポレート）・イラスト主体）","プロ（演出多め）"
"LP-07792","スマホアプリ｜商品購入（単品通販）LP（3D・クレイ・超大型タイポグラフィ）","プロ（演出多め）"
"LP-07793","パーソナルジム・フィットネス｜無料体験・カウンセリング予約LP（クール・テック・左テキスト×右商品/人物）","プロ（演出多め）"
"LP-07794","内科・クリニック｜LINE友だち追加LP（エディトリアル・雑誌風・イラスト主体）","プロ（演出多め）"
"LP-07795","NPO・地方自治体｜リード獲得（資料請求・問い合わせ）LP（ジオメトリック・グラフィカル・超大型タイポグラフィ）","プロ（演出多め）"
"LP-07796","スマホアプリ｜商品購入（単品通販）LP（グラスモーフィズム・ジェネラティブ背景＋コピー）","プロ（演出多め）"
"LP-07797","保育園・幼児教育・習い事｜無料体験・カウンセリング予約LP（ハンドメイド・手書き・超大型タイポグラフィ）","プロ（演出多め）"
"LP-07798","ペット・トリミング・動物病院｜無料体験・カウンセリング予約LP（ナチュラル・オーガニック・左テキスト×右商品/人物）","プロ（演出多め）"
"LP-07799","YouTuber・インフルエンサー｜採用エントリーLP（グラスモーフィズム・イラスト主体）","プロ（演出多め）"
"LP-07800","歯科医院｜リード獲得（資料請求・問い合わせ）LP（ポップ・カラフル・スクロールで商品が回転/分解）","プロ（演出多め）"
"LP-07801","ペット・トリミング・動物病院｜リード獲得（資料請求・問い合わせ）LP（ナチュラル・オーガニック・デバイスモックアップ浮遊）","プロ（演出多め）"
"LP-07802","金融・保険・投資｜会員登録・アプリDLLP（ミニマル・洗練・スクロールで商品が回転/分解）","プロ（演出多め）"
"LP-07803","ホテル・旅館｜採用エントリーLP（ポップ・カラフル・ジェネラティブ背景＋コピー）","上級"
"LP-07804","スクール・オンライン講座｜セミナー・ウェビナー集客LP（ジオメトリック・グラフィカル・ジェネラティブ背景＋コピー）","プロ（演出多め）"
"LP-07805","工務店・注文住宅・リフォーム｜LINE友だち追加LP（ミニマル・洗練・イラスト主体）","プロ（演出多め）"
"LP-07806","金融・保険・投資｜無料体験・カウンセリング予約LP（ミニマル・洗練・実績数字ドーン）","プロ（演出多め）"
"LP-07807","引越し・生活サービス｜無料体験・カウンセリング予約LP（3D・クレイ・スクロールで商品が回転/分解）","上級"
"LP-07808","占い・スピリチュアル｜LINE友だち追加LP（和モダン・写真コラージュ）","プロ（演出多め）"
"LP-07809","ゲーム・eスポーツ｜リード獲得（資料請求・問い合わせ）LP（レトロ・Y2K・左テキスト×右商品/人物）","上級"
"LP-07810","和菓子・スイーツ｜クラウドファンディング支援LP（和モダン・左テキスト×右商品/人物）","プロ（演出多め）"
"LP-07811","内科・クリニック｜無料体験・カウンセリング予約LP（ナチュラル・オーガニック・左テキスト×右商品/人物）","プロ（演出多め）"
"LP-07812","建築設計事務所｜リード獲得（資料請求・問い合わせ）LP（エネルギッシュ・スポーティ・ジェネラティブ背景＋コピー）","プロ（演出多め）"
"LP-07813","食品・産直EC｜採用エントリーLP（和モダン・写真コラージュ）","プロ（演出多め）"
"LP-07814","YouTuber・インフルエンサー｜会員登録・アプリDLLP（ネオン・サイバー・実績数字ドーン）","プロ（演出多め）"
"LP-07815","AIサービス・スタートアップ｜採用エントリーLP（ミニマル・洗練・背景動画ループ＋オーバーレイ）","プロ（演出多め）"
"LP-07816","士業（税理士・弁護士・行政書士）｜採用エントリーLP（エネルギッシュ・スポーティ・左テキスト×右商品/人物）","プロ（演出多め）"
"LP-07817","ゲーム・eスポーツ｜会員登録・アプリDLLP（ダーク・シネマティック・ジェネラティブ背景＋コピー）","プロ（演出多め）"
"LP-07818","SaaS・BtoBツール｜採用エントリーLP（エネルギッシュ・スポーティ・背景動画ループ＋オーバーレイ）","プロ（演出多め）"
"LP-07819","ゲーム・eスポーツ｜採用エントリーLP（ダーク・シネマティック・イラスト主体）","上級"
"LP-07820","AIサービス・スタートアップ｜リード獲得（資料請求・問い合わせ）LP（ネオン・サイバー・ジェネラティブ背景＋コピー）","プロ（演出多め）"
"LP-07821","コンサル・コーチング｜セミナー・ウェビナー集客LP（ミニマル・洗練・超大型タイポグラフィ）","上級"
"LP-07822","音楽・ライブ・イベント｜リード獲得（資料請求・問い合わせ）LP（ダーク・シネマティック・背景動画ループ＋オーバーレイ）","プロ（演出多め）"
"LP-07823","SaaS・BtoBツール｜セミナー・ウェビナー集客LP（信頼・誠実（コーポレート）・背景動画ループ＋オーバーレイ）","プロ（演出多め）"
"LP-07824","レストラン・居酒屋｜採用エントリーLP（レトロ・Y2K・背景動画ループ＋オーバーレイ）","プロ（演出多め）"
"LP-07825","音楽・ライブ・イベント｜クラウドファンディング支援LP（ネオン・サイバー・全面写真＋中央キャッチ）","プロ（演出多め）"
"LP-07826","NPO・地方自治体｜リード獲得（資料請求・問い合わせ）LP（ナチュラル・オーガニック・背景動画ループ＋オーバーレイ）","プロ（演出多め）"
"LP-07827","SaaS・BtoBツール｜無料体験・カウンセリング予約LP（エディトリアル・雑誌風・超大型タイポグラフィ）","プロ（演出多め）"
"LP-07828","ホテル・旅館｜LINE友だち追加LP（和モダン・イラスト主体）","プロ（演出多め）"
"LP-07829","農業・地方の生産者｜商品購入（単品通販）LP（ハンドメイド・手書き・デバイスモックアップ浮遊）","プロ（演出多め）"
"LP-07830","採用・求人｜採用エントリーLP（エネルギッシュ・スポーティ・スクロールで商品が回転/分解）","プロ（演出多め）"
"LP-07831","SaaS・BtoBツール｜会員登録・アプリDLLP（信頼・誠実（コーポレート）・ジェネラティブ背景＋コピー）","プロ（演出多め）"
"LP-07832","ウェディング・結婚相談所｜リード獲得（資料請求・問い合わせ）LP（かわいい・ガーリー・写真コラージュ）","プロ（演出多め）"
"LP-07833","工務店・注文住宅・リフォーム｜LINE友だち追加LP（ミニマル・洗練・ジェネラティブ背景＋コピー）","プロ（演出多め）"
"LP-07834","採用・求人｜採用エントリーLP（エネルギッシュ・スポーティ・写真コラージュ）","プロ（演出多め）"
"LP-07835","歯科医院｜無料体験・カウンセリング予約LP（ナチュラル・オーガニック・デバイスモックアップ浮遊）","プロ（演出多め）"
"LP-07836","コンサル・コーチング｜採用エントリーLP（信頼・誠実（コーポレート）・スクロールで商品が回転/分解）","プロ（演出多め）"
"LP-07837","Web制作・デザイン事務所｜リード獲得（資料請求・問い合わせ）LP（ニューブルータリズム・超大型タイポグラフィ）","プロ（演出多め）"
"LP-07838","占い・スピリチュアル｜無料体験・カウンセリング予約LP（和モダン・背景動画ループ＋オーバーレイ）","プロ（演出多め）"
"LP-07839","食品・産直EC｜クラウドファンディング支援LP（ハンドメイド・手書き・超大型タイポグラフィ）","プロ（演出多め）"
"LP-07840","Web制作・デザイン事務所｜リード獲得（資料請求・問い合わせ）LP（ダーク・シネマティック・全面写真＋中央キャッチ）","プロ（演出多め）"
"LP-07841","YouTuber・インフルエンサー｜会員登録・アプリDLLP（ポップ・カラフル・超大型タイポグラフィ）","プロ（演出多め）"
"LP-07842","アパレル・ファッションEC｜採用エントリーLP（ミニマル・洗練・ジェネラティブ背景＋コピー）","プロ（演出多め）"
"LP-07843","農業・地方の生産者｜リード獲得（資料請求・問い合わせ）LP（ナチュラル・オーガニック・デバイスモックアップ浮遊）","プロ（演出多め）"
"LP-07844","引越し・生活サービス｜リード獲得（資料請求・問い合わせ）LP（3D・クレイ・左テキスト×右商品/人物）","プロ（演出多め）"
"LP-07845","食品・産直EC｜商品購入（単品通販）LP（ナチュラル・オーガニック・左テキスト×右商品/人物）","プロ（演出多め）"
"LP-07846","サウナ・温浴施設｜LINE友だち追加LP（ナチュラル・オーガニック・実績数字ドーン）","プロ（演出多め）"
"LP-07847","サウナ・温浴施設｜無料体験・カウンセリング予約LP（ニューブルータリズム・スクロールで商品が回転/分解）","プロ（演出多め）"
"LP-07848","プログラミングスクール｜会員登録・アプリDLLP（3D・クレイ・実績数字ドーン）","上級"
"LP-07849","YouTuber・インフルエンサー｜会員登録・アプリDLLP（ニューブルータリズム・デバイスモックアップ浮遊）","プロ（演出多め）"
"LP-07850","ホテル・旅館｜リード獲得（資料請求・問い合わせ）LP（和モダン・超大型タイポグラフィ）","プロ（演出多め）"
"LP-07851","美容クリニック｜LINE友だち追加LP（ラグジュアリー・高級感・スクロールで商品が回転/分解）","プロ（演出多め）"
"LP-07852","内科・クリニック｜採用エントリーLP（北欧・ライフスタイル・左テキスト×右商品/人物）","プロ（演出多め）"
"LP-07853","カフェ・ベーカリー｜リード獲得（資料請求・問い合わせ）LP（北欧・ライフスタイル・超大型タイポグラフィ）","プロ（演出多め）"
"LP-07854","ゲーム・eスポーツ｜採用エントリーLP（ネオン・サイバー・ジェネラティブ背景＋コピー）","プロ（演出多め）"
"LP-07855","プログラミングスクール｜無料体験・カウンセリング予約LP（クール・テック・デバイスモックアップ浮遊）","プロ（演出多め）"
"LP-07856","NPO・地方自治体｜リード獲得（資料請求・問い合わせ）LP（ナチュラル・オーガニック・超大型タイポグラフィ）","プロ（演出多め）"
"LP-07857","YouTuber・インフルエンサー｜採用エントリーLP（かわいい・ガーリー・スクロールで商品が回転/分解）","プロ（演出多め）"
"LP-07858","サウナ・温浴施設｜LINE友だち追加LP（ナチュラル・オーガニック・左テキスト×右商品/人物）","プロ（演出多め）"
"LP-07859","採用・求人｜採用エントリーLP（エディトリアル・雑誌風・デバイスモックアップ浮遊）","プロ（演出多め）"
"LP-07860","音楽・ライブ・イベント｜採用エントリーLP（レトロ・Y2K・全面写真＋中央キャッチ）","プロ（演出多め）"
"LP-07861","クラウドファンディング・新商品｜採用エントリーLP（ダーク・シネマティック・イラスト主体）","プロ（演出多め）"
"LP-07862","美容室・ヘアサロン｜無料体験・カウンセリング予約LP（ミニマル・洗練・ジェネラティブ背景＋コピー）","プロ（演出多め）"
"LP-07863","保育園・幼児教育・習い事｜リード獲得（資料請求・問い合わせ）LP（かわいい・ガーリー・背景動画ループ＋オーバーレイ）","プロ（演出多め）"
"LP-07864","コスメ・スキンケア｜採用エントリーLP（ナチュラル・オーガニック・超大型タイポグラフィ）","プロ（演出多め）"
"LP-07865","SaaS・BtoBツール｜セミナー・ウェビナー集客LP（ミニマル・洗練・超大型タイポグラフィ）","プロ（演出多め）"
"LP-07866","スマホアプリ｜商品購入（単品通販）LP（3D・クレイ・ジェネラティブ背景＋コピー）","プロ（演出多め）"
"LP-07867","食品・産直EC｜クラウドファンディング支援LP（ナチュラル・オーガニック・イラスト主体）","プロ（演出多め）"
"LP-07868","プログラミングスクール｜会員登録・アプリDLLP（ポップ・カラフル・左テキスト×右商品/人物）","プロ（演出多め）"
"LP-07869","プログラミングスクール｜採用エントリーLP（3D・クレイ・イラスト主体）","プロ（演出多め）"
"LP-07870","カフェ・ベーカリー｜リード獲得（資料請求・問い合わせ）LP（クール・テック・ジェネラティブ背景＋コピー）","プロ（演出多め）"
"LP-07871","コンサル・コーチング｜無料体験・カウンセリング予約LP（ラグジュアリー・高級感・超大型タイポグラフィ）","プロ（演出多め）"
"LP-07872","不動産・マンション｜リード獲得（資料請求・問い合わせ）LP（ラグジュアリー・高級感・写真コラージュ）","プロ（演出多め）"
"LP-07873","美容クリニック｜採用エントリーLP（信頼・誠実（コーポレート）・スクロールで商品が回転/分解）","プロ（演出多め）"
"LP-07874","スマホアプリ｜リード獲得（資料請求・問い合わせ）LP（クール・テック・スクロールで商品が回転/分解）","プロ（演出多め）"
"LP-07875","ヨガ・ピラティス｜採用エントリーLP（ミニマル・洗練・背景動画ループ＋オーバーレイ）","プロ（演出多め）"
"LP-07876","カフェ・ベーカリー｜採用エントリーLP（北欧・ライフスタイル・左テキスト×右商品/人物）","プロ（演出多め）"
"LP-07877","クラウドファンディング・新商品｜商品購入（単品通販）LP（ダーク・シネマティック・左テキスト×右商品/人物）","プロ（演出多め）"
"LP-07878","食品・産直EC｜商品購入（単品通販）LP（北欧・ライフスタイル・スクロールで商品が回転/分解）","プロ（演出多め）"
"LP-07879","農業・地方の生産者｜商品購入（単品通販）LP（ハンドメイド・手書き・超大型タイポグラフィ）","プロ（演出多め）"
"LP-07880","レストラン・居酒屋｜リード獲得（資料請求・問い合わせ）LP（ラグジュアリー・高級感・全面写真＋中央キャッチ）","プロ（演出多め）"
"LP-07881","歯科医院｜LINE友だち追加LP（ラグジュアリー・高級感・左テキスト×右商品/人物）","プロ（演出多め）"
"LP-07882","美容室・ヘアサロン｜LINE友だち追加LP（かわいい・ガーリー・左テキスト×右商品/人物）","プロ（演出多め）"
"LP-07883","士業（税理士・弁護士・行政書士）｜リード獲得（資料請求・問い合わせ）LP（信頼・誠実（コーポレート）・ジェネラティブ背景＋コピー）","プロ（演出多め）"
"LP-07884","美容クリニック｜リード獲得（資料請求・問い合わせ）LP（エディトリアル・雑誌風・背景動画ループ＋オーバーレイ）","プロ（演出多め）"
"LP-07885","引越し・生活サービス｜採用エントリーLP（3D・クレイ・全面写真＋中央キャッチ）","プロ（演出多め）"
"LP-07886","スクール・オンライン講座｜セミナー・ウェビナー集客LP（3D・クレイ・写真コラージュ）","プロ（演出多め）"
"LP-07887","YouTuber・インフルエンサー｜採用エントリーLP（ニューブルータリズム・背景動画ループ＋オーバーレイ）","プロ（演出多め）"
"LP-07888","AIサービス・スタートアップ｜会員登録・アプリDLLP（クール・テック・デバイスモックアップ浮遊）","プロ（演出多め）"
"LP-07889","コンサル・コーチング｜採用エントリーLP（ミニマル・洗練・デバイスモックアップ浮遊）","プロ（演出多め）"
"LP-07890","歯科医院｜無料体験・カウンセリング予約LP（ナチュラル・オーガニック・実績数字ドーン）","プロ（演出多め）"
"LP-07891","サウナ・温浴施設｜無料体験・カウンセリング予約LP（ダーク・シネマティック・背景動画ループ＋オーバーレイ）","プロ（演出多め）"
"LP-07892","カフェ・ベーカリー｜リード獲得（資料請求・問い合わせ）LP（レトロ・Y2K・ジェネラティブ背景＋コピー）","プロ（演出多め）"
"LP-07893","建築設計事務所｜リード獲得（資料請求・問い合わせ）LP（エディトリアル・雑誌風・左テキスト×右商品/人物）","プロ（演出多め）"
"LP-07894","士業（税理士・弁護士・行政書士）｜リード獲得（資料請求・問い合わせ）LP（和モダン・写真コラージュ）","プロ（演出多め）"
"LP-07895","美容室・ヘアサロン｜リード獲得（資料請求・問い合わせ）LP（グラスモーフィズム・イラスト主体）","プロ（演出多め）"
"LP-07896","士業（税理士・弁護士・行政書士）｜無料体験・カウンセリング予約LP（ミニマル・洗練・イラスト主体）","プロ（演出多め）"
"LP-07897","スマホアプリ｜採用エントリーLP（グラスモーフィズム・全面写真＋中央キャッチ）","プロ（演出多め）"
"LP-07898","ウェディング・結婚相談所｜無料体験・カウンセリング予約LP（かわいい・ガーリー・全面写真＋中央キャッチ）","プロ（演出多め）"
"LP-07899","カフェ・ベーカリー｜採用エントリーLP（エディトリアル・雑誌風・背景動画ループ＋オーバーレイ）","プロ（演出多め）"
"LP-07900","パーソナルジム・フィットネス｜LINE友だち追加LP（クール・テック・写真コラージュ）","プロ（演出多め）"
"LP-07901","美容室・ヘアサロン｜リード獲得（資料請求・問い合わせ）LP（エネルギッシュ・スポーティ・背景動画ループ＋オーバーレイ）","プロ（演出多め）"
"LP-07902","工務店・注文住宅・リフォーム｜リード獲得（資料請求・問い合わせ）LP（ミニマル・洗練・写真コラージュ）","プロ（演出多め）"
"LP-07903","プログラミングスクール｜採用エントリーLP（クール・テック・左テキスト×右商品/人物）","プロ（演出多め）"
"LP-07904","コスメ・スキンケア｜商品購入（単品通販）LP（ナチュラル・オーガニック・写真コラージュ）","プロ（演出多め）"
"LP-07905","コンサル・コーチング｜採用エントリーLP（エディトリアル・雑誌風・実績数字ドーン）","プロ（演出多め）"
"LP-07906","カフェ・ベーカリー｜LINE友だち追加LP（パステル・ドリーミー・イラスト主体）","プロ（演出多め）"
"LP-07907","美容室・ヘアサロン｜採用エントリーLP（ラグジュアリー・高級感・スクロールで商品が回転/分解）","プロ（演出多め）"
"LP-07908","農業・地方の生産者｜リード獲得（資料請求・問い合わせ）LP（和モダン・背景動画ループ＋オーバーレイ）","プロ（演出多め）"
"LP-07909","食品・産直EC｜商品購入（単品通販）LP（3D・クレイ・超大型タイポグラフィ）","プロ（演出多め）"
"LP-07910","音楽・ライブ・イベント｜採用エントリーLP（ダーク・シネマティック・左テキスト×右商品/人物）","プロ（演出多め）"
"LP-07911","YouTuber・インフルエンサー｜リード獲得（資料請求・問い合わせ）LP（ニューブルータリズム・イラスト主体）","上級"
"LP-07912","ヨガ・ピラティス｜採用エントリーLP（ミニマル・洗練・写真コラージュ）","プロ（演出多め）"
"LP-07913","士業（税理士・弁護士・行政書士）｜リード獲得（資料請求・問い合わせ）LP（信頼・誠実（コーポレート）・写真コラージュ）","プロ（演出多め）"
"LP-07914","歯科医院｜リード獲得（資料請求・問い合わせ）LP（信頼・誠実（コーポレート）・左テキスト×右商品/人物）","プロ（演出多め）"
"LP-07915","SaaS・BtoBツール｜セミナー・ウェビナー集客LP（3D・クレイ・デバイスモックアップ浮遊）","プロ（演出多め）"
"LP-07916","美容室・ヘアサロン｜リード獲得（資料請求・問い合わせ）LP（ラグジュアリー・高級感・左テキスト×右商品/人物）","プロ（演出多め）"
"LP-07917","占い・スピリチュアル｜リード獲得（資料請求・問い合わせ）LP（和モダン・デバイスモックアップ浮遊）","プロ（演出多め）"
"LP-07918","不動産・マンション｜セミナー・ウェビナー集客LP（ラグジュアリー・高級感・超大型タイポグラフィ）","プロ（演出多め）"
"LP-07919","クラウドファンディング・新商品｜リード獲得（資料請求・問い合わせ）LP（ナチュラル・オーガニック・デバイスモックアップ浮遊）","プロ（演出多め）"
"LP-07920","ヨガ・ピラティス｜LINE友だち追加LP（パステル・ドリーミー・実績数字ドーン）","プロ（演出多め）"
"LP-07921","コンサル・コーチング｜セミナー・ウェビナー集客LP（ミニマル・洗練・実績数字ドーン）","プロ（演出多め）"
"LP-07922","プログラミングスクール｜採用エントリーLP（ネオン・サイバー・スクロールで商品が回転/分解）","プロ（演出多め）"
"LP-07923","保育園・幼児教育・習い事｜採用エントリーLP（エネルギッシュ・スポーティ・超大型タイポグラフィ）","上級"
"LP-07924","建築設計事務所｜採用エントリーLP（エネルギッシュ・スポーティ・背景動画ループ＋オーバーレイ）","上級"
"LP-07925","農業・地方の生産者｜リード獲得（資料請求・問い合わせ）LP（ナチュラル・オーガニック・スクロールで商品が回転/分解）","プロ（演出多め）"
"LP-07926","和菓子・スイーツ｜採用エントリーLP（ナチュラル・オーガニック・実績数字ドーン）","プロ（演出多め）"
"LP-07927","カフェ・ベーカリー｜採用エントリーLP（エディトリアル・雑誌風・全面写真＋中央キャッチ）","プロ（演出多め）"
"LP-07928","音楽・ライブ・イベント｜採用エントリーLP（ダーク・シネマティック・イラスト主体）","プロ（演出多め）"
"LP-07929","AIサービス・スタートアップ｜リード獲得（資料請求・問い合わせ）LP（ネオン・サイバー・全面写真＋中央キャッチ）","プロ（演出多め）"
"LP-07930","ゲーム・eスポーツ｜採用エントリーLP（ネオン・サイバー・実績数字ドーン）","プロ（演出多め）"
"LP-07931","AIサービス・スタートアップ｜リード獲得（資料請求・問い合わせ）LP（クール・テック・左テキスト×右商品/人物）","プロ（演出多め）"
"LP-07932","コスメ・スキンケア｜採用エントリーLP（ミニマル・洗練・イラスト主体）","プロ（演出多め）"
"LP-07933","NPO・地方自治体｜採用エントリーLP（ハンドメイド・手書き・超大型タイポグラフィ）","プロ（演出多め）"
"LP-07934","工務店・注文住宅・リフォーム｜セミナー・ウェビナー集客LP（北欧・ライフスタイル・スクロールで商品が回転/分解）","プロ（演出多め）"
"LP-07935","ゲーム・eスポーツ｜会員登録・アプリDLLP（ダーク・シネマティック・全面写真＋中央キャッチ）","プロ（演出多め）"
"LP-07936","歯科医院｜採用エントリーLP（エネルギッシュ・スポーティ・ジェネラティブ背景＋コピー）","プロ（演出多め）"
"LP-07937","NPO・地方自治体｜リード獲得（資料請求・問い合わせ）LP（信頼・誠実（コーポレート）・デバイスモックアップ浮遊）","プロ（演出多め）"
"LP-07938","音楽・ライブ・イベント｜リード獲得（資料請求・問い合わせ）LP（ネオン・サイバー・超大型タイポグラフィ）","プロ（演出多め）"
"LP-07939","ゲーム・eスポーツ｜クラウドファンディング支援LP（エネルギッシュ・スポーティ・ジェネラティブ背景＋コピー）","プロ（演出多め）"
"LP-07940","エステ・脱毛サロン｜採用エントリーLP（ラグジュアリー・高級感・実績数字ドーン）","プロ（演出多め）"
"LP-07941","スクール・オンライン講座｜無料体験・カウンセリング予約LP（3D・クレイ・全面写真＋中央キャッチ）","プロ（演出多め）"
"LP-07942","エステ・脱毛サロン｜採用エントリーLP（ラグジュアリー・高級感・デバイスモックアップ浮遊）","プロ（演出多め）"
"LP-07943","美容室・ヘアサロン｜リード獲得（資料請求・問い合わせ）LP（エディトリアル・雑誌風・デバイスモックアップ浮遊）","プロ（演出多め）"
"LP-07944","自動車・バイク｜無料体験・カウンセリング予約LP（エネルギッシュ・スポーティ・左テキスト×右商品/人物）","上級"
"LP-07945","観光・地域プロモーション｜リード獲得（資料請求・問い合わせ）LP（ダーク・シネマティック・実績数字ドーン）","プロ（演出多め）"
"LP-07946","農業・地方の生産者｜クラウドファンディング支援LP（ナチュラル・オーガニック・イラスト主体）","プロ（演出多め）"
"LP-07947","美容室・ヘアサロン｜LINE友だち追加LP（ミニマル・洗練・ジェネラティブ背景＋コピー）","プロ（演出多め）"
"LP-07948","採用・求人｜採用エントリーLP（ポップ・カラフル・左テキスト×右商品/人物）","プロ（演出多め）"
"LP-07949","アパレル・ファッションEC｜商品購入（単品通販）LP（ミニマル・洗練・実績数字ドーン）","上級"
"LP-07950","クラウドファンディング・新商品｜リード獲得（資料請求・問い合わせ）LP（ダーク・シネマティック・デバイスモックアップ浮遊）","プロ（演出多め）"
"LP-07951","ホテル・旅館｜リード獲得（資料請求・問い合わせ）LP（かわいい・ガーリー・背景動画ループ＋オーバーレイ）","プロ（演出多め）"
"LP-07952","和菓子・スイーツ｜リード獲得（資料請求・問い合わせ）LP（ナチュラル・オーガニック・背景動画ループ＋オーバーレイ）","プロ（演出多め）"
"LP-07953","カフェ・ベーカリー｜採用エントリーLP（ナチュラル・オーガニック・全面写真＋中央キャッチ）","上級"
"LP-07954","農業・地方の生産者｜クラウドファンディング支援LP（ハンドメイド・手書き・左テキスト×右商品/人物）","プロ（演出多め）"
"LP-07955","NPO・地方自治体｜リード獲得（資料請求・問い合わせ）LP（ハンドメイド・手書き・写真コラージュ）","上級"
"LP-07956","士業（税理士・弁護士・行政書士）｜リード獲得（資料請求・問い合わせ）LP（ミニマル・洗練・スクロールで商品が回転/分解）","プロ（演出多め）"
"LP-07957","スクール・オンライン講座｜リード獲得（資料請求・問い合わせ）LP（クール・テック・スクロールで商品が回転/分解）","プロ（演出多め）"
"LP-07958","コスメ・スキンケア｜商品購入（単品通販）LP（ラグジュアリー・高級感・写真コラージュ）","プロ（演出多め）"
"LP-07959","占い・スピリチュアル｜LINE友だち追加LP（ダーク・シネマティック・写真コラージュ）","プロ（演出多め）"
"LP-07960","ホテル・旅館｜採用エントリーLP（ラグジュアリー・高級感・写真コラージュ）","プロ（演出多め）"
"LP-07961","和菓子・スイーツ｜商品購入（単品通販）LP（かわいい・ガーリー・超大型タイポグラフィ）","上級"
"LP-07962","自動車・バイク｜採用エントリーLP（ダーク・シネマティック・ジェネラティブ背景＋コピー）","プロ（演出多め）"
"LP-07963","内科・クリニック｜LINE友だち追加LP（信頼・誠実（コーポレート）・写真コラージュ）","プロ（演出多め）"
"LP-07964","ゲーム・eスポーツ｜クラウドファンディング支援LP（エネルギッシュ・スポーティ・背景動画ループ＋オーバーレイ）","プロ（演出多め）"
"LP-07965","食品・産直EC｜採用エントリーLP（ハンドメイド・手書き・イラスト主体）","プロ（演出多め）"
"LP-07966","ゲーム・eスポーツ｜採用エントリーLP（レトロ・Y2K・超大型タイポグラフィ）","プロ（演出多め）"
"LP-07967","農業・地方の生産者｜リード獲得（資料請求・問い合わせ）LP（ナチュラル・オーガニック・超大型タイポグラフィ）","プロ（演出多め）"
"LP-07968","NPO・地方自治体｜クラウドファンディング支援LP（ニューブルータリズム・左テキスト×右商品/人物）","プロ（演出多め）"
"LP-07969","YouTuber・インフルエンサー｜会員登録・アプリDLLP（和モダン・左テキスト×右商品/人物）","プロ（演出多め）"
"LP-07970","美容クリニック｜LINE友だち追加LP（信頼・誠実（コーポレート）・スクロールで商品が回転/分解）","上級"
"LP-07971","カフェ・ベーカリー｜LINE友だち追加LP（レトロ・Y2K・背景動画ループ＋オーバーレイ）","プロ（演出多め）"
"LP-07972","農業・地方の生産者｜商品購入（単品通販）LP（ナチュラル・オーガニック・全面写真＋中央キャッチ）","プロ（演出多め）"
"LP-07973","SaaS・BtoBツール｜セミナー・ウェビナー集客LP（ミニマル・洗練・超大型タイポグラフィ）","プロ（演出多め）"
"LP-07974","ヨガ・ピラティス｜リード獲得（資料請求・問い合わせ）LP（パステル・ドリーミー・全面写真＋中央キャッチ）","プロ（演出多め）"
"LP-07975","歯科医院｜無料体験・カウンセリング予約LP（信頼・誠実（コーポレート）・スクロールで商品が回転/分解）","上級"
"LP-07976","YouTuber・インフルエンサー｜リード獲得（資料請求・問い合わせ）LP（ニューブルータリズム・実績数字ドーン）","プロ（演出多め）"
"LP-07977","サウナ・温浴施設｜LINE友だち追加LP（ニューブルータリズム・ジェネラティブ背景＋コピー）","プロ（演出多め）"
"LP-07978","自動車・バイク｜無料体験・カウンセリング予約LP（ダーク・シネマティック・ジェネラティブ背景＋コピー）","プロ（演出多め）"
"LP-07979","ヨガ・ピラティス｜リード獲得（資料請求・問い合わせ）LP（ナチュラル・オーガニック・背景動画ループ＋オーバーレイ）","プロ（演出多め）"
"LP-07980","パーソナルジム・フィットネス｜リード獲得（資料請求・問い合わせ）LP（ネオン・サイバー・ジェネラティブ背景＋コピー）","プロ（演出多め）"
"LP-07981","パーソナルジム・フィットネス｜無料体験・カウンセリング予約LP（クール・テック・超大型タイポグラフィ）","プロ（演出多め）"
"LP-07982","引越し・生活サービス｜LINE友だち追加LP（3D・クレイ・全面写真＋中央キャッチ）","プロ（演出多め）"
"LP-07983","英会話・語学｜無料体験・カウンセリング予約LP（3D・クレイ・写真コラージュ）","プロ（演出多め）"
"LP-07984","SaaS・BtoBツール｜リード獲得（資料請求・問い合わせ）LP（グラスモーフィズム・全面写真＋中央キャッチ）","プロ（演出多め）"
"LP-07985","コスメ・スキンケア｜採用エントリーLP（ナチュラル・オーガニック・実績数字ドーン）","プロ（演出多め）"
"LP-07986","AIサービス・スタートアップ｜リード獲得（資料請求・問い合わせ）LP（ネオン・サイバー・左テキスト×右商品/人物）","プロ（演出多め）"
"LP-07987","工務店・注文住宅・リフォーム｜リード獲得（資料請求・問い合わせ）LP（ナチュラル・オーガニック・デバイスモックアップ浮遊）","プロ（演出多め）"
"LP-07988","観光・地域プロモーション｜クラウドファンディング支援LP（ハンドメイド・手書き・イラスト主体）","プロ（演出多め）"
"LP-07989","観光・地域プロモーション｜採用エントリーLP（ナチュラル・オーガニック・実績数字ドーン）","プロ（演出多め）"
"LP-07990","士業（税理士・弁護士・行政書士）｜採用エントリーLP（信頼・誠実（コーポレート）・写真コラージュ）","プロ（演出多め）"
"LP-07991","SaaS・BtoBツール｜採用エントリーLP（信頼・誠実（コーポレート）・背景動画ループ＋オーバーレイ）","プロ（演出多め）"
"LP-07992","アパレル・ファッションEC｜商品購入（単品通販）LP（クール・テック・スクロールで商品が回転/分解）","プロ（演出多め）"
"LP-07993","自動車・バイク｜採用エントリーLP（クール・テック・写真コラージュ）","プロ（演出多め）"
"LP-07994","自動車・バイク｜無料体験・カウンセリング予約LP（ラグジュアリー・高級感・デバイスモックアップ浮遊）","プロ（演出多め）"
"LP-07995","ホテル・旅館｜リード獲得（資料請求・問い合わせ）LP（ミニマル・洗練・写真コラージュ）","プロ（演出多め）"
"LP-07996","金融・保険・投資｜セミナー・ウェビナー集客LP（信頼・誠実（コーポレート）・実績数字ドーン）","プロ（演出多め）"
"LP-07997","建築設計事務所｜採用エントリーLP（ナチュラル・オーガニック・写真コラージュ）","プロ（演出多め）"
"LP-07998","ホテル・旅館｜採用エントリーLP（ダーク・シネマティック・イラスト主体）","プロ（演出多め）"
"LP-07999","採用・求人｜採用エントリーLP（ジオメトリック・グラフィカル・写真コラージュ）","プロ（演出多め）"
"LP-08000","建築設計事務所｜リード獲得（資料請求・問い合わせ）LP（ミニマル・洗練・ジェネラティブ背景＋コピー）","プロ（演出多め）"
"LP-08001","英会話・語学｜リード獲得（資料請求・問い合わせ）LP（ポップ・カラフル・全面写真＋中央キャッチ）","上級"
"LP-08002","ウェディング・結婚相談所｜リード獲得（資料請求・問い合わせ）LP（パステル・ドリーミー・実績数字ドーン）","プロ（演出多め）"
"LP-08003","NPO・地方自治体｜クラウドファンディング支援LP（ナチュラル・オーガニック・イラスト主体）","プロ（演出多め）"
"LP-08004","英会話・語学｜無料体験・カウンセリング予約LP（3D・クレイ・スクロールで商品が回転/分解）","プロ（演出多め）"
"LP-08005","コスメ・スキンケア｜商品購入（単品通販）LP（ラグジュアリー・高級感・写真コラージュ）","上級"
"LP-08006","英会話・語学｜無料体験・カウンセリング予約LP（エディトリアル・雑誌風・全面写真＋中央キャッチ）","上級"
"LP-08007","保育園・幼児教育・習い事｜無料体験・カウンセリング予約LP（ポップ・カラフル・デバイスモックアップ浮遊）","プロ（演出多め）"
"LP-08008","カフェ・ベーカリー｜採用エントリーLP（ナチュラル・オーガニック・ジェネラティブ背景＋コピー）","プロ（演出多め）"
"LP-08009","引越し・生活サービス｜LINE友だち追加LP（ポップ・カラフル・左テキスト×右商品/人物）","プロ（演出多め）"
"LP-08010","レストラン・居酒屋｜リード獲得（資料請求・問い合わせ）LP（グラスモーフィズム・超大型タイポグラフィ）","プロ（演出多め）"
"LP-08011","エステ・脱毛サロン｜採用エントリーLP（ミニマル・洗練・デバイスモックアップ浮遊）","プロ（演出多め）"
"LP-08012","自動車・バイク｜採用エントリーLP（ラグジュアリー・高級感・ジェネラティブ背景＋コピー）","プロ（演出多め）"
"LP-08013","工務店・注文住宅・リフォーム｜LINE友だち追加LP（ミニマル・洗練・全面写真＋中央キャッチ）","プロ（演出多め）"
"LP-08014","観光・地域プロモーション｜クラウドファンディング支援LP（ダーク・シネマティック・デバイスモックアップ浮遊）","プロ（演出多め）"
"LP-08015","自動車・バイク｜採用エントリーLP（エネルギッシュ・スポーティ・写真コラージュ）","プロ（演出多め）"
"LP-08016","採用・求人｜リード獲得（資料請求・問い合わせ）LP（エディトリアル・雑誌風・写真コラージュ）","プロ（演出多め）"
"LP-08017","建築設計事務所｜リード獲得（資料請求・問い合わせ）LP（エディトリアル・雑誌風・背景動画ループ＋オーバーレイ）","プロ（演出多め）"
"LP-08018","食品・産直EC｜クラウドファンディング支援LP（和モダン・超大型タイポグラフィ）","プロ（演出多め）"
"LP-08019","保育園・幼児教育・習い事｜無料体験・カウンセリング予約LP（和モダン・ジェネラティブ背景＋コピー）","プロ（演出多め）"
"LP-08020","占い・スピリチュアル｜リード獲得（資料請求・問い合わせ）LP（和モダン・背景動画ループ＋オーバーレイ）","プロ（演出多め）"
"LP-08021","カフェ・ベーカリー｜リード獲得（資料請求・問い合わせ）LP（北欧・ライフスタイル・イラスト主体）","上級"
"LP-08022","不動産・マンション｜リード獲得（資料請求・問い合わせ）LP（ジオメトリック・グラフィカル・実績数字ドーン）","プロ（演出多め）"
"LP-08023","ヨガ・ピラティス｜リード獲得（資料請求・問い合わせ）LP（ナチュラル・オーガニック・超大型タイポグラフィ）","上級"
"LP-08024","美容クリニック｜採用エントリーLP（グラスモーフィズム・背景動画ループ＋オーバーレイ）","プロ（演出多め）"
"LP-08025","コスメ・スキンケア｜採用エントリーLP（ラグジュアリー・高級感・左テキスト×右商品/人物）","プロ（演出多め）"
"LP-08026","ペット・トリミング・動物病院｜LINE友だち追加LP（3D・クレイ・写真コラージュ）","プロ（演出多め）"
"LP-08027","スクール・オンライン講座｜セミナー・ウェビナー集客LP（信頼・誠実（コーポレート）・イラスト主体）","プロ（演出多め）"
"LP-08028","ヨガ・ピラティス｜採用エントリーLP（ミニマル・洗練・左テキスト×右商品/人物）","プロ（演出多め）"
"LP-08029","農業・地方の生産者｜採用エントリーLP（エネルギッシュ・スポーティ・スクロールで商品が回転/分解）","プロ（演出多め）"
"LP-08030","ペット・トリミング・動物病院｜無料体験・カウンセリング予約LP（ハンドメイド・手書き・デバイスモックアップ浮遊）","プロ（演出多め）"
"LP-08031","食品・産直EC｜商品購入（単品通販）LP（ニューブルータリズム・スクロールで商品が回転/分解）","プロ（演出多め）"
"LP-08032","歯科医院｜LINE友だち追加LP（信頼・誠実（コーポレート）・実績数字ドーン）","プロ（演出多め）"
"LP-08033","レストラン・居酒屋｜LINE友だち追加LP（レトロ・Y2K・デバイスモックアップ浮遊）","プロ（演出多め）"
"LP-08034","保育園・幼児教育・習い事｜無料体験・カウンセリング予約LP（ハンドメイド・手書き・左テキスト×右商品/人物）","プロ（演出多め）"
"LP-08035","音楽・ライブ・イベント｜クラウドファンディング支援LP（ダーク・シネマティック・全面写真＋中央キャッチ）","プロ（演出多め）"
"LP-08036","建築設計事務所｜リード獲得（資料請求・問い合わせ）LP（ナチュラル・オーガニック・背景動画ループ＋オーバーレイ）","プロ（演出多め）"
"LP-08037","引越し・生活サービス｜リード獲得（資料請求・問い合わせ）LP（ポップ・カラフル・イラスト主体）","プロ（演出多め）"
"LP-08038","和菓子・スイーツ｜商品購入（単品通販）LP（パステル・ドリーミー・背景動画ループ＋オーバーレイ）","プロ（演出多め）"
"LP-08039","保育園・幼児教育・習い事｜LINE友だち追加LP（ナチュラル・オーガニック・全面写真＋中央キャッチ）","プロ（演出多め）"
"LP-08040","エステ・脱毛サロン｜商品購入（単品通販）LP（ミニマル・洗練・写真コラージュ）","プロ（演出多め）"
"LP-08041","建築設計事務所｜リード獲得（資料請求・問い合わせ）LP（ミニマル・洗練・写真コラージュ）","プロ（演出多め）"
"LP-08042","占い・スピリチュアル｜無料体験・カウンセリング予約LP（ダーク・シネマティック・実績数字ドーン）","プロ（演出多め）"
"LP-08043","食品・産直EC｜商品購入（単品通販）LP（ナチュラル・オーガニック・スクロールで商品が回転/分解）","プロ（演出多め）"
"LP-08044","サウナ・温浴施設｜LINE友だち追加LP（ナチュラル・オーガニック・ジェネラティブ背景＋コピー）","プロ（演出多め）"
"LP-08045","SaaS・BtoBツール｜採用エントリーLP（ミニマル・洗練・全面写真＋中央キャッチ）","プロ（演出多め）"
"LP-08046","ペット・トリミング・動物病院｜無料体験・カウンセリング予約LP（かわいい・ガーリー・全面写真＋中央キャッチ）","プロ（演出多め）"
"LP-08047","内科・クリニック｜LINE友だち追加LP（信頼・誠実（コーポレート）・スクロールで商品が回転/分解）","プロ（演出多め）"
"LP-08048","建築設計事務所｜採用エントリーLP（3D・クレイ・イラスト主体）","プロ（演出多め）"
"LP-08049","不動産・マンション｜セミナー・ウェビナー集客LP（信頼・誠実（コーポレート）・左テキスト×右商品/人物）","プロ（演出多め）"
"LP-08050","音楽・ライブ・イベント｜採用エントリーLP（レトロ・Y2K・スクロールで商品が回転/分解）","プロ（演出多め）"
"LP-08051","金融・保険・投資｜会員登録・アプリDLLP（エディトリアル・雑誌風・ジェネラティブ背景＋コピー）","プロ（演出多め）"
"LP-08052","自動車・バイク｜リード獲得（資料請求・問い合わせ）LP（ダーク・シネマティック・実績数字ドーン）","プロ（演出多め）"
"LP-08053","Web制作・デザイン事務所｜リード獲得（資料請求・問い合わせ）LP（ニューブルータリズム・写真コラージュ）","プロ（演出多め）"
"LP-08054","NPO・地方自治体｜リード獲得（資料請求・問い合わせ）LP（ナチュラル・オーガニック・写真コラージュ）","プロ（演出多め）"
"LP-08055","ウェディング・結婚相談所｜無料体験・カウンセリング予約LP（ラグジュアリー・高級感・超大型タイポグラフィ）","プロ（演出多め）"
"LP-08056","不動産・マンション｜無料体験・カウンセリング予約LP（ダーク・シネマティック・スクロールで商品が回転/分解）","プロ（演出多め）"
"LP-08057","コスメ・スキンケア｜リード獲得（資料請求・問い合わせ）LP（ラグジュアリー・高級感・ジェネラティブ背景＋コピー）","上級"
"LP-08058","スクール・オンライン講座｜セミナー・ウェビナー集客LP（ネオン・サイバー・ジェネラティブ背景＋コピー）","プロ（演出多め）"
"LP-08059","英会話・語学｜無料体験・カウンセリング予約LP（ポップ・カラフル・写真コラージュ）","プロ（演出多め）"
"LP-08060","自動車・バイク｜無料体験・カウンセリング予約LP（クール・テック・実績数字ドーン）","上級"
"LP-08061","美容クリニック｜リード獲得（資料請求・問い合わせ）LP（信頼・誠実（コーポレート）・全面写真＋中央キャッチ）","プロ（演出多め）"
"LP-08062","士業（税理士・弁護士・行政書士）｜無料体験・カウンセリング予約LP（グラスモーフィズム・実績数字ドーン）","プロ（演出多め）"
"LP-08063","コスメ・スキンケア｜リード獲得（資料請求・問い合わせ）LP（ミニマル・洗練・スクロールで商品が回転/分解）","プロ（演出多め）"
"LP-08064","内科・クリニック｜LINE友だち追加LP（ラグジュアリー・高級感・超大型タイポグラフィ）","プロ（演出多め）"
"LP-08065","食品・産直EC｜商品購入（単品通販）LP（和モダン・写真コラージュ）","プロ（演出多め）"
"LP-08066","YouTuber・インフルエンサー｜リード獲得（資料請求・問い合わせ）LP（かわいい・ガーリー・全面写真＋中央キャッチ）","プロ（演出多め）"
"LP-08067","ヨガ・ピラティス｜リード獲得（資料請求・問い合わせ）LP（北欧・ライフスタイル・デバイスモックアップ浮遊）","プロ（演出多め）"
"LP-08068","SaaS・BtoBツール｜リード獲得（資料請求・問い合わせ）LP（グラスモーフィズム・背景動画ループ＋オーバーレイ）","プロ（演出多め）"
"LP-08069","コンサル・コーチング｜セミナー・ウェビナー集客LP（ラグジュアリー・高級感・イラスト主体）","プロ（演出多め）"
"LP-08070","美容クリニック｜LINE友だち追加LP（ミニマル・洗練・写真コラージュ）","プロ（演出多め）"
"LP-08071","不動産・マンション｜セミナー・ウェビナー集客LP（ダーク・シネマティック・超大型タイポグラフィ）","プロ（演出多め）"
"LP-08072","コンサル・コーチング｜リード獲得（資料請求・問い合わせ）LP（信頼・誠実（コーポレート）・左テキスト×右商品/人物）","プロ（演出多め）"
"LP-08073","Web制作・デザイン事務所｜採用エントリーLP（クール・テック・写真コラージュ）","上級"
"LP-08074","ヨガ・ピラティス｜リード獲得（資料請求・問い合わせ）LP（パステル・ドリーミー・スクロールで商品が回転/分解）","プロ（演出多め）"
"LP-08075","ペット・トリミング・動物病院｜LINE友だち追加LP（かわいい・ガーリー・イラスト主体）","プロ（演出多め）"
"LP-08076","採用・求人｜採用エントリーLP（ポップ・カラフル・デバイスモックアップ浮遊）","プロ（演出多め）"
"LP-08077","食品・産直EC｜商品購入（単品通販）LP（ナチュラル・オーガニック・超大型タイポグラフィ）","プロ（演出多め）"
"LP-08078","Web制作・デザイン事務所｜リード獲得（資料請求・問い合わせ）LP（ダーク・シネマティック・実績数字ドーン）","プロ（演出多め）"
"LP-08079","工務店・注文住宅・リフォーム｜LINE友だち追加LP（ミニマル・洗練・実績数字ドーン）","プロ（演出多め）"
"LP-08080","内科・クリニック｜採用エントリーLP（エネルギッシュ・スポーティ・背景動画ループ＋オーバーレイ）","プロ（演出多め）"
"LP-08081","アパレル・ファッションEC｜採用エントリーLP（ニューブルータリズム・左テキスト×右商品/人物）","プロ（演出多め）"
"LP-08082","美容クリニック｜リード獲得（資料請求・問い合わせ）LP（ミニマル・洗練・写真コラージュ）","プロ（演出多め）"
"LP-08083","士業（税理士・弁護士・行政書士）｜採用エントリーLP（信頼・誠実（コーポレート）・スクロールで商品が回転/分解）","プロ（演出多め）"
"LP-08084","エステ・脱毛サロン｜LINE友だち追加LP（ミニマル・洗練・写真コラージュ）","プロ（演出多め）"
"LP-08085","内科・クリニック｜無料体験・カウンセリング予約LP（ラグジュアリー・高級感・左テキスト×右商品/人物）","プロ（演出多め）"
"LP-08086","クラウドファンディング・新商品｜クラウドファンディング支援LP（クール・テック・背景動画ループ＋オーバーレイ）","プロ（演出多め）"
"LP-08087","サウナ・温浴施設｜採用エントリーLP（ナチュラル・オーガニック・写真コラージュ）","プロ（演出多め）"
"LP-08088","Web制作・デザイン事務所｜セミナー・ウェビナー集客LP（ポップ・カラフル・ジェネラティブ背景＋コピー）","プロ（演出多め）"
"LP-08089","YouTuber・インフルエンサー｜採用エントリーLP（ニューブルータリズム・全面写真＋中央キャッチ）","プロ（演出多め）"
"LP-08090","歯科医院｜リード獲得（資料請求・問い合わせ）LP（信頼・誠実（コーポレート）・背景動画ループ＋オーバーレイ）","プロ（演出多め）"
"LP-08091","プログラミングスクール｜セミナー・ウェビナー集客LP（クール・テック・イラスト主体）","プロ（演出多め）"
"LP-08092","コスメ・スキンケア｜商品購入（単品通販）LP（パステル・ドリーミー・スクロールで商品が回転/分解）","プロ（演出多め）"
"LP-08093","コンサル・コーチング｜無料体験・カウンセリング予約LP（信頼・誠実（コーポレート）・デバイスモックアップ浮遊）","上級"
"LP-08094","レストラン・居酒屋｜LINE友だち追加LP（ラグジュアリー・高級感・背景動画ループ＋オーバーレイ）","プロ（演出多め）"
"LP-08095","保育園・幼児教育・習い事｜リード獲得（資料請求・問い合わせ）LP（ナチュラル・オーガニック・ジェネラティブ背景＋コピー）","プロ（演出多め）"
"LP-08096","コンサル・コーチング｜リード獲得（資料請求・問い合わせ）LP（エディトリアル・雑誌風・写真コラージュ）","プロ（演出多め）"
"LP-08097","パーソナルジム・フィットネス｜LINE友だち追加LP（エディトリアル・雑誌風・実績数字ドーン）","上級"
"LP-08098","占い・スピリチュアル｜LINE友だち追加LP（ラグジュアリー・高級感・写真コラージュ）","プロ（演出多め）"
"LP-08099","スマホアプリ｜会員登録・アプリDLLP（グラスモーフィズム・全面写真＋中央キャッチ）","プロ（演出多め）"
"LP-08100","歯科医院｜無料体験・カウンセリング予約LP（信頼・誠実（コーポレート）・イラスト主体）","プロ（演出多め）"
"LP-08101","占い・スピリチュアル｜採用エントリーLP（ダーク・シネマティック・デバイスモックアップ浮遊）","プロ（演出多め）"
"LP-08102","引越し・生活サービス｜リード獲得（資料請求・問い合わせ）LP（ポップ・カラフル・写真コラージュ）","プロ（演出多め）"
"LP-08103","ホテル・旅館｜採用エントリーLP（ダーク・シネマティック・実績数字ドーン）","プロ（演出多め）"
"LP-08104","自動車・バイク｜採用エントリーLP（信頼・誠実（コーポレート）・イラスト主体）","プロ（演出多め）"
"LP-08105","YouTuber・インフルエンサー｜会員登録・アプリDLLP（ニューブルータリズム・写真コラージュ）","プロ（演出多め）"
"LP-08106","ゲーム・eスポーツ｜会員登録・アプリDLLP（ネオン・サイバー・背景動画ループ＋オーバーレイ）","プロ（演出多め）"
"LP-08107","アパレル・ファッションEC｜リード獲得（資料請求・問い合わせ）LP（ポップ・カラフル・スクロールで商品が回転/分解）","プロ（演出多め）"
"LP-08108","YouTuber・インフルエンサー｜リード獲得（資料請求・問い合わせ）LP（ダーク・シネマティック・ジェネラティブ背景＋コピー）","プロ（演出多め）"
"LP-08109","ウェディング・結婚相談所｜LINE友だち追加LP（パステル・ドリーミー・イラスト主体）","プロ（演出多め）"
"LP-08110","カフェ・ベーカリー｜リード獲得（資料請求・問い合わせ）LP（クール・テック・デバイスモックアップ浮遊）","プロ（演出多め）"
"LP-08111","美容室・ヘアサロン｜リード獲得（資料請求・問い合わせ）LP（ミニマル・洗練・左テキスト×右商品/人物）","プロ（演出多め）"
"LP-08112","建築設計事務所｜リード獲得（資料請求・問い合わせ）LP（ジオメトリック・グラフィカル・スクロールで商品が回転/分解）","プロ（演出多め）"
"LP-08113","アパレル・ファッションEC｜採用エントリーLP（ニューブルータリズム・デバイスモックアップ浮遊）","プロ（演出多め）"
"LP-08114","保育園・幼児教育・習い事｜無料体験・カウンセリング予約LP（ハンドメイド・手書き・超大型タイポグラフィ）","上級"
"LP-08115","エステ・脱毛サロン｜LINE友だち追加LP（ラグジュアリー・高級感・背景動画ループ＋オーバーレイ）","プロ（演出多め）"
"LP-08116","不動産・マンション｜採用エントリーLP（ラグジュアリー・高級感・ジェネラティブ背景＋コピー）","プロ（演出多め）"
"LP-08117","金融・保険・投資｜採用エントリーLP（クール・テック・実績数字ドーン）","プロ（演出多め）"
"LP-08118","カフェ・ベーカリー｜LINE友だち追加LP（北欧・ライフスタイル・全面写真＋中央キャッチ）","プロ（演出多め）"
"LP-08119","不動産・マンション｜リード獲得（資料請求・問い合わせ）LP（ラグジュアリー・高級感・ジェネラティブ背景＋コピー）","プロ（演出多め）"
"LP-08120","金融・保険・投資｜会員登録・アプリDLLP（ミニマル・洗練・超大型タイポグラフィ）","プロ（演出多め）"
"LP-08121","内科・クリニック｜LINE友だち追加LP（信頼・誠実（コーポレート）・全面写真＋中央キャッチ）","プロ（演出多め）"
"LP-08122","NPO・地方自治体｜リード獲得（資料請求・問い合わせ）LP（ハンドメイド・手書き・ジェネラティブ背景＋コピー）","プロ（演出多め）"
"LP-08123","引越し・生活サービス｜リード獲得（資料請求・問い合わせ）LP（信頼・誠実（コーポレート）・実績数字ドーン）","プロ（演出多め）"
"LP-08124","和菓子・スイーツ｜採用エントリーLP（ナチュラル・オーガニック・全面写真＋中央キャッチ）","プロ（演出多め）"
"LP-08125","NPO・地方自治体｜リード獲得（資料請求・問い合わせ）LP（ナチュラル・オーガニック・ジェネラティブ背景＋コピー）","上級"
"LP-08126","ウェディング・結婚相談所｜リード獲得（資料請求・問い合わせ）LP（ジオメトリック・グラフィカル・スクロールで商品が回転/分解）","プロ（演出多め）"
"LP-08127","コンサル・コーチング｜無料体験・カウンセリング予約LP（ミニマル・洗練・写真コラージュ）","プロ（演出多め）"
"LP-08128","サウナ・温浴施設｜LINE友だち追加LP（ニューブルータリズム・左テキスト×右商品/人物）","プロ（演出多め）"
"LP-08129","ウェディング・結婚相談所｜リード獲得（資料請求・問い合わせ）LP（ミニマル・洗練・背景動画ループ＋オーバーレイ）","プロ（演出多め）"
"LP-08130","スマホアプリ｜商品購入（単品通販）LP（3D・クレイ・ジェネラティブ背景＋コピー）","プロ（演出多め）"
"LP-08131","YouTuber・インフルエンサー｜会員登録・アプリDLLP（かわいい・ガーリー・スクロールで商品が回転/分解）","プロ（演出多め）"
"LP-08132","金融・保険・投資｜リード獲得（資料請求・問い合わせ）LP（ミニマル・洗練・全面写真＋中央キャッチ）","プロ（演出多め）"
"LP-08133","スクール・オンライン講座｜採用エントリーLP（3D・クレイ・スクロールで商品が回転/分解）","プロ（演出多め）"
"LP-08134","農業・地方の生産者｜採用エントリーLP（和モダン・超大型タイポグラフィ）","プロ（演出多め）"
"LP-08135","引越し・生活サービス｜LINE友だち追加LP（3D・クレイ・全面写真＋中央キャッチ）","プロ（演出多め）"
"LP-08136","スマホアプリ｜リード獲得（資料請求・問い合わせ）LP（ハンドメイド・手書き・スクロールで商品が回転/分解）","プロ（演出多め）"
"LP-08137","金融・保険・投資｜無料体験・カウンセリング予約LP（ミニマル・洗練・写真コラージュ）","上級"
"LP-08138","ホテル・旅館｜LINE友だち追加LP（ラグジュアリー・高級感・デバイスモックアップ浮遊）","上級"
"LP-08139","採用・求人｜リード獲得（資料請求・問い合わせ）LP（エディトリアル・雑誌風・ジェネラティブ背景＋コピー）","プロ（演出多め）"
"LP-08140","美容室・ヘアサロン｜LINE友だち追加LP（ラグジュアリー・高級感・実績数字ドーン）","プロ（演出多め）"
"LP-08141","スマホアプリ｜無料体験・カウンセリング予約LP（グラスモーフィズム・超大型タイポグラフィ）","プロ（演出多め）"
"LP-08142","内科・クリニック｜LINE友だち追加LP（ナチュラル・オーガニック・写真コラージュ）","プロ（演出多め）"
"LP-08143","コスメ・スキンケア｜採用エントリーLP（ミニマル・洗練・デバイスモックアップ浮遊）","プロ（演出多め）"
"LP-08144","不動産・マンション｜採用エントリーLP（信頼・誠実（コーポレート）・超大型タイポグラフィ）","プロ（演出多め）"
"LP-08145","内科・クリニック｜採用エントリーLP（信頼・誠実（コーポレート）・イラスト主体）","プロ（演出多め）"
"LP-08146","レストラン・居酒屋｜LINE友だち追加LP（レトロ・Y2K・全面写真＋中央キャッチ）","プロ（演出多め）"
"LP-08147","ホテル・旅館｜LINE友だち追加LP（ミニマル・洗練・全面写真＋中央キャッチ）","プロ（演出多め）"
"LP-08148","コスメ・スキンケア｜商品購入（単品通販）LP（ナチュラル・オーガニック・背景動画ループ＋オーバーレイ）","プロ（演出多め）"
"LP-08149","ウェディング・結婚相談所｜リード獲得（資料請求・問い合わせ）LP（ミニマル・洗練・背景動画ループ＋オーバーレイ）","プロ（演出多め）"
"LP-08150","英会話・語学｜リード獲得（資料請求・問い合わせ）LP（ポップ・カラフル・ジェネラティブ背景＋コピー）","プロ（演出多め）"
"LP-08151","パーソナルジム・フィットネス｜リード獲得（資料請求・問い合わせ）LP（クール・テック・超大型タイポグラフィ）","プロ（演出多め）"
"LP-08152","不動産・マンション｜採用エントリーLP（ラグジュアリー・高級感・全面写真＋中央キャッチ）","プロ（演出多め）"
"LP-08153","AIサービス・スタートアップ｜リード獲得（資料請求・問い合わせ）LP（クール・テック・イラスト主体）","プロ（演出多め）"
"LP-08154","美容室・ヘアサロン｜リード獲得（資料請求・問い合わせ）LP（ラグジュアリー・高級感・左テキスト×右商品/人物）","プロ（演出多め）"
"LP-08155","農業・地方の生産者｜クラウドファンディング支援LP（ハンドメイド・手書き・デバイスモックアップ浮遊）","プロ（演出多め）"
"LP-08156","金融・保険・投資｜会員登録・アプリDLLP（信頼・誠実（コーポレート）・スクロールで商品が回転/分解）","プロ（演出多め）"
"LP-08157","コンサル・コーチング｜セミナー・ウェビナー集客LP（ラグジュアリー・高級感・超大型タイポグラフィ）","プロ（演出多め）"
"LP-08158","SaaS・BtoBツール｜採用エントリーLP（グラスモーフィズム・デバイスモックアップ浮遊）","プロ（演出多め）"
"LP-08159","AIサービス・スタートアップ｜リード獲得（資料請求・問い合わせ）LP（ミニマル・洗練・写真コラージュ）","プロ（演出多め）"
"LP-08160","パーソナルジム・フィットネス｜リード獲得（資料請求・問い合わせ）LP（ナチュラル・オーガニック・背景動画ループ＋オーバーレイ）","上級"
"LP-08161","ペット・トリミング・動物病院｜商品購入（単品通販）LP（クール・テック・超大型タイポグラフィ）","プロ（演出多め）"
"LP-08162","NPO・地方自治体｜採用エントリーLP（ナチュラル・オーガニック・スクロールで商品が回転/分解）","プロ（演出多め）"
"LP-08163","金融・保険・投資｜会員登録・アプリDLLP（信頼・誠実（コーポレート）・イラスト主体）","プロ（演出多め）"
"LP-08164","コスメ・スキンケア｜リード獲得（資料請求・問い合わせ）LP（パステル・ドリーミー・スクロールで商品が回転/分解）","プロ（演出多め）"
"LP-08165","自動車・バイク｜採用エントリーLP（かわいい・ガーリー・イラスト主体）","プロ（演出多め）"
"LP-08166","クラウドファンディング・新商品｜リード獲得（資料請求・問い合わせ）LP（クール・テック・スクロールで商品が回転/分解）","プロ（演出多め）"
"LP-08167","コスメ・スキンケア｜商品購入（単品通販）LP（グラスモーフィズム・デバイスモックアップ浮遊）","プロ（演出多め）"
"LP-08168","サウナ・温浴施設｜LINE友だち追加LP（エディトリアル・雑誌風・ジェネラティブ背景＋コピー）","プロ（演出多め）"
"LP-08169","クラウドファンディング・新商品｜リード獲得（資料請求・問い合わせ）LP（クール・テック・実績数字ドーン）","プロ（演出多め）"
"LP-08170","ペット・トリミング・動物病院｜採用エントリーLP（かわいい・ガーリー・写真コラージュ）","プロ（演出多め）"
"LP-08171","内科・クリニック｜無料体験・カウンセリング予約LP（信頼・誠実（コーポレート）・左テキスト×右商品/人物）","上級"
"LP-08172","占い・スピリチュアル｜採用エントリーLP（ラグジュアリー・高級感・全面写真＋中央キャッチ）","プロ（演出多め）"
"LP-08173","ウェディング・結婚相談所｜採用エントリーLP（パステル・ドリーミー・実績数字ドーン）","プロ（演出多め）"
"LP-08174","保育園・幼児教育・習い事｜採用エントリーLP（かわいい・ガーリー・スクロールで商品が回転/分解）","上級"
"LP-08175","農業・地方の生産者｜商品購入（単品通販）LP（和モダン・背景動画ループ＋オーバーレイ）","プロ（演出多め）"
"LP-08176","ヨガ・ピラティス｜LINE友だち追加LP（ナチュラル・オーガニック・スクロールで商品が回転/分解）","プロ（演出多め）"
"LP-08177","サウナ・温浴施設｜リード獲得（資料請求・問い合わせ）LP（ナチュラル・オーガニック・背景動画ループ＋オーバーレイ）","プロ（演出多め）"
"LP-08178","士業（税理士・弁護士・行政書士）｜セミナー・ウェビナー集客LP（エディトリアル・雑誌風・イラスト主体）","プロ（演出多め）"
"LP-08179","パーソナルジム・フィットネス｜リード獲得（資料請求・問い合わせ）LP（クール・テック・ジェネラティブ背景＋コピー）","プロ（演出多め）"
"LP-08180","士業（税理士・弁護士・行政書士）｜リード獲得（資料請求・問い合わせ）LP（エディトリアル・雑誌風・写真コラージュ）","プロ（演出多め）"
"LP-08181","YouTuber・インフルエンサー｜会員登録・アプリDLLP（かわいい・ガーリー・デバイスモックアップ浮遊）","プロ（演出多め）"
"LP-08182","採用・求人｜リード獲得（資料請求・問い合わせ）LP（ポップ・カラフル・スクロールで商品が回転/分解）","プロ（演出多め）"
"LP-08183","YouTuber・インフルエンサー｜採用エントリーLP（ニューブルータリズム・ジェネラティブ背景＋コピー）","プロ（演出多め）"
"LP-08184","パーソナルジム・フィットネス｜リード獲得（資料請求・問い合わせ）LP（ダーク・シネマティック・ジェネラティブ背景＋コピー）","プロ（演出多め）"
"LP-08185","内科・クリニック｜無料体験・カウンセリング予約LP（北欧・ライフスタイル・ジェネラティブ背景＋コピー）","プロ（演出多め）"
"LP-08186","内科・クリニック｜無料体験・カウンセリング予約LP（ナチュラル・オーガニック・イラスト主体）","プロ（演出多め）"
"LP-08187","歯科医院｜LINE友だち追加LP（ミニマル・洗練・背景動画ループ＋オーバーレイ）","プロ（演出多め）"
"LP-08188","士業（税理士・弁護士・行政書士）｜採用エントリーLP（信頼・誠実（コーポレート）・超大型タイポグラフィ）","プロ（演出多め）"
"LP-08189","ホテル・旅館｜採用エントリーLP（ダーク・シネマティック・全面写真＋中央キャッチ）","プロ（演出多め）"
"LP-08190","自動車・バイク｜リード獲得（資料請求・問い合わせ）LP（ラグジュアリー・高級感・背景動画ループ＋オーバーレイ）","プロ（演出多め）"
"LP-08191","スマホアプリ｜採用エントリーLP（ミニマル・洗練・イラスト主体）","プロ（演出多め）"
"LP-08192","音楽・ライブ・イベント｜リード獲得（資料請求・問い合わせ）LP（レトロ・Y2K・イラスト主体）","プロ（演出多め）"
"LP-08193","工務店・注文住宅・リフォーム｜セミナー・ウェビナー集客LP（北欧・ライフスタイル・左テキスト×右商品/人物）","プロ（演出多め）"
"LP-08194","コスメ・スキンケア｜リード獲得（資料請求・問い合わせ）LP（ラグジュアリー・高級感・スクロールで商品が回転/分解）","プロ（演出多め）"
"LP-08195","Web制作・デザイン事務所｜リード獲得（資料請求・問い合わせ）LP（ハンドメイド・手書き・超大型タイポグラフィ）","プロ（演出多め）"
"LP-08196","Web制作・デザイン事務所｜採用エントリーLP（ニューブルータリズム・左テキスト×右商品/人物）","プロ（演出多め）"
"LP-08197","和菓子・スイーツ｜商品購入（単品通販）LP（ナチュラル・オーガニック・超大型タイポグラフィ）","プロ（演出多め）"
"LP-08198","ペット・トリミング・動物病院｜採用エントリーLP（ハンドメイド・手書き・超大型タイポグラフィ）","プロ（演出多め）"
"LP-08199","食品・産直EC｜採用エントリーLP（ナチュラル・オーガニック・左テキスト×右商品/人物）","プロ（演出多め）"
"LP-08200","ペット・トリミング・動物病院｜採用エントリーLP（ナチュラル・オーガニック・スクロールで商品が回転/分解）","プロ（演出多め）"
"LP-08201","コスメ・スキンケア｜商品購入（単品通販）LP（グラスモーフィズム・背景動画ループ＋オーバーレイ）","プロ（演出多め）"
"LP-08202","建築設計事務所｜リード獲得（資料請求・問い合わせ）LP（ミニマル・洗練・全面写真＋中央キャッチ）","プロ（演出多め）"
"LP-08203","音楽・ライブ・イベント｜採用エントリーLP（3D・クレイ・超大型タイポグラフィ）","プロ（演出多め）"
"LP-08204","クラウドファンディング・新商品｜商品購入（単品通販）LP（ナチュラル・オーガニック・デバイスモックアップ浮遊）","プロ（演出多め）"
"LP-08205","工務店・注文住宅・リフォーム｜LINE友だち追加LP（ミニマル・洗練・デバイスモックアップ浮遊）","プロ（演出多め）"
"LP-08206","スクール・オンライン講座｜リード獲得（資料請求・問い合わせ）LP（クール・テック・写真コラージュ）","プロ（演出多め）"
"LP-08207","保育園・幼児教育・習い事｜採用エントリーLP（ハンドメイド・手書き・実績数字ドーン）","プロ（演出多め）"
"LP-08208","ウェディング・結婚相談所｜無料体験・カウンセリング予約LP（ミニマル・洗練・スクロールで商品が回転/分解）","プロ（演出多め）"
"LP-08209","引越し・生活サービス｜リード獲得（資料請求・問い合わせ）LP（3D・クレイ・ジェネラティブ背景＋コピー）","プロ（演出多め）"
"LP-08210","プログラミングスクール｜無料体験・カウンセリング予約LP（ネオン・サイバー・全面写真＋中央キャッチ）","プロ（演出多め）"
"LP-08211","音楽・ライブ・イベント｜クラウドファンディング支援LP（レトロ・Y2K・スクロールで商品が回転/分解）","プロ（演出多め）"
"LP-08212","NPO・地方自治体｜採用エントリーLP（ジオメトリック・グラフィカル・全面写真＋中央キャッチ）","プロ（演出多め）"
"LP-08213","コンサル・コーチング｜無料体験・カウンセリング予約LP（ミニマル・洗練・超大型タイポグラフィ）","プロ（演出多め）"
"LP-08214","内科・クリニック｜リード獲得（資料請求・問い合わせ）LP（信頼・誠実（コーポレート）・写真コラージュ）","プロ（演出多め）"
"LP-08215","歯科医院｜採用エントリーLP（ポップ・カラフル・背景動画ループ＋オーバーレイ）","プロ（演出多め）"
"LP-08216","食品・産直EC｜リード獲得（資料請求・問い合わせ）LP（ナチュラル・オーガニック・超大型タイポグラフィ）","プロ（演出多め）"
"LP-08217","パーソナルジム・フィットネス｜リード獲得（資料請求・問い合わせ）LP（クール・テック・スクロールで商品が回転/分解）","プロ（演出多め）"
"LP-08218","観光・地域プロモーション｜クラウドファンディング支援LP（和モダン・左テキスト×右商品/人物）","プロ（演出多め）"
"LP-08219","アパレル・ファッションEC｜商品購入（単品通販）LP（レトロ・Y2K・全面写真＋中央キャッチ）","プロ（演出多め）"
"LP-08220","ペット・トリミング・動物病院｜採用エントリーLP（3D・クレイ・ジェネラティブ背景＋コピー）","プロ（演出多め）"
"LP-08221","ホテル・旅館｜採用エントリーLP（和モダン・デバイスモックアップ浮遊）","プロ（演出多め）"
"LP-08222","引越し・生活サービス｜無料体験・カウンセリング予約LP（3D・クレイ・左テキスト×右商品/人物）","プロ（演出多め）"
"LP-08223","建築設計事務所｜リード獲得（資料請求・問い合わせ）LP（北欧・ライフスタイル・写真コラージュ）","プロ（演出多め）"
"LP-08224","ペット・トリミング・動物病院｜商品購入（単品通販）LP（3D・クレイ・全面写真＋中央キャッチ）","プロ（演出多め）"
"LP-08225","パーソナルジム・フィットネス｜LINE友だち追加LP（エネルギッシュ・スポーティ・イラスト主体）","プロ（演出多め）"
"LP-08226","和菓子・スイーツ｜リード獲得（資料請求・問い合わせ）LP（かわいい・ガーリー・スクロールで商品が回転/分解）","プロ（演出多め）"
"LP-08227","ペット・トリミング・動物病院｜商品購入（単品通販）LP（かわいい・ガーリー・全面写真＋中央キャッチ）","プロ（演出多め）"
"LP-08228","プログラミングスクール｜リード獲得（資料請求・問い合わせ）LP（かわいい・ガーリー・デバイスモックアップ浮遊）","プロ（演出多め）"
"LP-08229","ゲーム・eスポーツ｜クラウドファンディング支援LP（エネルギッシュ・スポーティ・超大型タイポグラフィ）","上級"
"LP-08230","金融・保険・投資｜セミナー・ウェビナー集客LP（クール・テック・背景動画ループ＋オーバーレイ）","プロ（演出多め）"
"LP-08231","ヨガ・ピラティス｜LINE友だち追加LP（パステル・ドリーミー・スクロールで商品が回転/分解）","プロ（演出多め）"
"LP-08232","SaaS・BtoBツール｜会員登録・アプリDLLP（3D・クレイ・写真コラージュ）","プロ（演出多め）"
"LP-08233","不動産・マンション｜リード獲得（資料請求・問い合わせ）LP（ダーク・シネマティック・全面写真＋中央キャッチ）","プロ（演出多め）"
"LP-08234","建築設計事務所｜採用エントリーLP（エディトリアル・雑誌風・左テキスト×右商品/人物）","プロ（演出多め）"
"LP-08235","美容室・ヘアサロン｜無料体験・カウンセリング予約LP（かわいい・ガーリー・写真コラージュ）","プロ（演出多め）"
"LP-08236","音楽・ライブ・イベント｜採用エントリーLP（ダーク・シネマティック・スクロールで商品が回転/分解）","プロ（演出多め）"
"LP-08237","レストラン・居酒屋｜リード獲得（資料請求・問い合わせ）LP（和モダン・背景動画ループ＋オーバーレイ）","プロ（演出多め）"
"LP-08238","和菓子・スイーツ｜商品購入（単品通販）LP（かわいい・ガーリー・実績数字ドーン）","プロ（演出多め）"
"LP-08239","ホテル・旅館｜採用エントリーLP（ラグジュアリー・高級感・全面写真＋中央キャッチ）","プロ（演出多め）"
"LP-08240","プログラミングスクール｜セミナー・ウェビナー集客LP（ミニマル・洗練・写真コラージュ）","プロ（演出多め）"
"LP-08241","ヨガ・ピラティス｜LINE友だち追加LP（ミニマル・洗練・超大型タイポグラフィ）","プロ（演出多め）"
"LP-08242","保育園・幼児教育・習い事｜LINE友だち追加LP（ポップ・カラフル・左テキスト×右商品/人物）","プロ（演出多め）"
"LP-08243","エステ・脱毛サロン｜無料体験・カウンセリング予約LP（エディトリアル・雑誌風・超大型タイポグラフィ）","プロ（演出多め）"
"LP-08244","美容クリニック｜採用エントリーLP（信頼・誠実（コーポレート）・全面写真＋中央キャッチ）","プロ（演出多め）"
"LP-08245","ウェディング・結婚相談所｜LINE友だち追加LP（パステル・ドリーミー・ジェネラティブ背景＋コピー）","プロ（演出多め）"
"LP-08246","コンサル・コーチング｜セミナー・ウェビナー集客LP（エディトリアル・雑誌風・左テキスト×右商品/人物）","プロ（演出多め）"
"LP-08247","美容室・ヘアサロン｜LINE友だち追加LP（信頼・誠実（コーポレート）・イラスト主体）","プロ（演出多め）"
"LP-08248","カフェ・ベーカリー｜リード獲得（資料請求・問い合わせ）LP（ナチュラル・オーガニック・超大型タイポグラフィ）","プロ（演出多め）"
"LP-08249","占い・スピリチュアル｜採用エントリーLP（和モダン・ジェネラティブ背景＋コピー）","プロ（演出多め）"
"LP-08250","士業（税理士・弁護士・行政書士）｜セミナー・ウェビナー集客LP（かわいい・ガーリー・実績数字ドーン）","プロ（演出多め）"
"LP-08251","美容室・ヘアサロン｜リード獲得（資料請求・問い合わせ）LP（かわいい・ガーリー・実績数字ドーン）","プロ（演出多め）"
"LP-08252","パーソナルジム・フィットネス｜リード獲得（資料請求・問い合わせ）LP（クール・テック・左テキスト×右商品/人物）","プロ（演出多め）"
"LP-08253","美容クリニック｜リード獲得（資料請求・問い合わせ）LP（3D・クレイ・左テキスト×右商品/人物）","プロ（演出多め）"
"LP-08254","採用・求人｜リード獲得（資料請求・問い合わせ）LP（エディトリアル・雑誌風・スクロールで商品が回転/分解）","プロ（演出多め）"
"LP-08255","スクール・オンライン講座｜無料体験・カウンセリング予約LP（クール・テック・全面写真＋中央キャッチ）","上級"
"LP-08256","クラウドファンディング・新商品｜商品購入（単品通販）LP（ダーク・シネマティック・全面写真＋中央キャッチ）","プロ（演出多め）"
"LP-08257","レストラン・居酒屋｜採用エントリーLP（レトロ・Y2K・左テキスト×右商品/人物）","プロ（演出多め）"
"LP-08258","歯科医院｜LINE友だち追加LP（信頼・誠実（コーポレート）・スクロールで商品が回転/分解）","プロ（演出多め）"
"LP-08259","音楽・ライブ・イベント｜採用エントリーLP（ネオン・サイバー・イラスト主体）","プロ（演出多め）"
"LP-08260","農業・地方の生産者｜採用エントリーLP（エネルギッシュ・スポーティ・デバイスモックアップ浮遊）","プロ（演出多め）"
"LP-08261","観光・地域プロモーション｜採用エントリーLP（エネルギッシュ・スポーティ・左テキスト×右商品/人物）","プロ（演出多め）"
"LP-08262","不動産・マンション｜リード獲得（資料請求・問い合わせ）LP（ラグジュアリー・高級感・イラスト主体）","プロ（演出多め）"
"LP-08263","AIサービス・スタートアップ｜セミナー・ウェビナー集客LP（グラスモーフィズム・イラスト主体）","プロ（演出多め）"
"LP-08264","サウナ・温浴施設｜採用エントリーLP（北欧・ライフスタイル・全面写真＋中央キャッチ）","上級"
"LP-08265","引越し・生活サービス｜リード獲得（資料請求・問い合わせ）LP（信頼・誠実（コーポレート）・実績数字ドーン）","プロ（演出多め）"
"LP-08266","自動車・バイク｜採用エントリーLP（エネルギッシュ・スポーティ・実績数字ドーン）","プロ（演出多め）"
"LP-08267","食品・産直EC｜リード獲得（資料請求・問い合わせ）LP（ナチュラル・オーガニック・イラスト主体）","プロ（演出多め）"
"LP-08268","エステ・脱毛サロン｜商品購入（単品通販）LP（ラグジュアリー・高級感・全面写真＋中央キャッチ）","プロ（演出多め）"
"LP-08269","美容室・ヘアサロン｜LINE友だち追加LP（エディトリアル・雑誌風・背景動画ループ＋オーバーレイ）","プロ（演出多め）"
"LP-08270","アパレル・ファッションEC｜採用エントリーLP（エディトリアル・雑誌風・実績数字ドーン）","プロ（演出多め）"
"LP-08271","採用・求人｜リード獲得（資料請求・問い合わせ）LP（エディトリアル・雑誌風・超大型タイポグラフィ）","プロ（演出多め）"
"LP-08272","ペット・トリミング・動物病院｜無料体験・カウンセリング予約LP（エディトリアル・雑誌風・イラスト主体）","プロ（演出多め）"
"LP-08273","レストラン・居酒屋｜LINE友だち追加LP（ラグジュアリー・高級感・イラスト主体）","プロ（演出多め）"
"LP-08274","サウナ・温浴施設｜無料体験・カウンセリング予約LP（和モダン・イラスト主体）","プロ（演出多め）"
"LP-08275","アパレル・ファッションEC｜商品購入（単品通販）LP（ミニマル・洗練・デバイスモックアップ浮遊）","上級"
"LP-08276","内科・クリニック｜LINE友だち追加LP（北欧・ライフスタイル・実績数字ドーン）","プロ（演出多め）"
"LP-08277","不動産・マンション｜リード獲得（資料請求・問い合わせ）LP（ミニマル・洗練・背景動画ループ＋オーバーレイ）","プロ（演出多め）"
"LP-08278","Web制作・デザイン事務所｜リード獲得（資料請求・問い合わせ）LP（ジオメトリック・グラフィカル・背景動画ループ＋オーバーレイ）","プロ（演出多め）"
"LP-08279","ウェディング・結婚相談所｜リード獲得（資料請求・問い合わせ）LP（ミニマル・洗練・イラスト主体）","プロ（演出多め）"
"LP-08280","ゲーム・eスポーツ｜会員登録・アプリDLLP（エネルギッシュ・スポーティ・スクロールで商品が回転/分解）","プロ（演出多め）"
"LP-08281","採用・求人｜採用エントリーLP（3D・クレイ・ジェネラティブ背景＋コピー）","プロ（演出多め）"
"LP-08282","ペット・トリミング・動物病院｜採用エントリーLP（かわいい・ガーリー・ジェネラティブ背景＋コピー）","プロ（演出多め）"
"LP-08283","SaaS・BtoBツール｜セミナー・ウェビナー集客LP（グラスモーフィズム・背景動画ループ＋オーバーレイ）","プロ（演出多め）"
"LP-08284","和菓子・スイーツ｜リード獲得（資料請求・問い合わせ）LP（ナチュラル・オーガニック・超大型タイポグラフィ）","プロ（演出多め）"
"LP-08285","ゲーム・eスポーツ｜リード獲得（資料請求・問い合わせ）LP（ネオン・サイバー・全面写真＋中央キャッチ）","プロ（演出多め）"
"LP-08286","ペット・トリミング・動物病院｜商品購入（単品通販）LP（ナチュラル・オーガニック・全面写真＋中央キャッチ）","プロ（演出多め）"
"LP-08287","金融・保険・投資｜無料体験・カウンセリング予約LP（クール・テック・写真コラージュ）","プロ（演出多め）"
"LP-08288","ホテル・旅館｜採用エントリーLP（ラグジュアリー・高級感・実績数字ドーン）","プロ（演出多め）"
"LP-08289","ペット・トリミング・動物病院｜商品購入（単品通販）LP（3D・クレイ・超大型タイポグラフィ）","プロ（演出多め）"
"LP-08290","ホテル・旅館｜採用エントリーLP（ハンドメイド・手書き・デバイスモックアップ浮遊）","プロ（演出多め）"
"LP-08291","農業・地方の生産者｜採用エントリーLP（ハンドメイド・手書き・スクロールで商品が回転/分解）","プロ（演出多め）"
"LP-08292","レストラン・居酒屋｜採用エントリーLP（3D・クレイ・ジェネラティブ背景＋コピー）","プロ（演出多め）"
"LP-08293","採用・求人｜採用エントリーLP（信頼・誠実（コーポレート）・超大型タイポグラフィ）","プロ（演出多め）"
"LP-08294","レストラン・居酒屋｜採用エントリーLP（和モダン・超大型タイポグラフィ）","プロ（演出多め）"
"LP-08295","採用・求人｜リード獲得（資料請求・問い合わせ）LP（パステル・ドリーミー・写真コラージュ）","プロ（演出多め）"
"LP-08296","建築設計事務所｜リード獲得（資料請求・問い合わせ）LP（ミニマル・洗練・ジェネラティブ背景＋コピー）","プロ（演出多め）"
"LP-08297","占い・スピリチュアル｜無料体験・カウンセリング予約LP（パステル・ドリーミー・デバイスモックアップ浮遊）","プロ（演出多め）"
"LP-08298","スマホアプリ｜採用エントリーLP（3D・クレイ・スクロールで商品が回転/分解）","プロ（演出多め）"
"LP-08299","レストラン・居酒屋｜採用エントリーLP（ラグジュアリー・高級感・背景動画ループ＋オーバーレイ）","プロ（演出多め）"
"LP-08300","内科・クリニック｜無料体験・カウンセリング予約LP（ナチュラル・オーガニック・左テキスト×右商品/人物）","プロ（演出多め）"
"LP-08301","コスメ・スキンケア｜商品購入（単品通販）LP（ラグジュアリー・高級感・イラスト主体）","プロ（演出多め）"
"LP-08302","ゲーム・eスポーツ｜クラウドファンディング支援LP（ネオン・サイバー・実績数字ドーン）","プロ（演出多め）"
"LP-08303","SaaS・BtoBツール｜採用エントリーLP（グラスモーフィズム・スクロールで商品が回転/分解）","プロ（演出多め）"
"LP-08304","カフェ・ベーカリー｜リード獲得（資料請求・問い合わせ）LP（レトロ・Y2K・ジェネラティブ背景＋コピー）","プロ（演出多め）"
"LP-08305","士業（税理士・弁護士・行政書士）｜セミナー・ウェビナー集客LP（ミニマル・洗練・左テキスト×右商品/人物）","上級"
"LP-08306","歯科医院｜LINE友だち追加LP（和モダン・写真コラージュ）","プロ（演出多め）"
"LP-08307","NPO・地方自治体｜クラウドファンディング支援LP（信頼・誠実（コーポレート）・左テキスト×右商品/人物）","プロ（演出多め）"
"LP-08308","YouTuber・インフルエンサー｜会員登録・アプリDLLP（ニューブルータリズム・実績数字ドーン）","プロ（演出多め）"
"LP-08309","カフェ・ベーカリー｜採用エントリーLP（ラグジュアリー・高級感・全面写真＋中央キャッチ）","プロ（演出多め）"
"LP-08310","ペット・トリミング・動物病院｜採用エントリーLP（ハンドメイド・手書き・超大型タイポグラフィ）","プロ（演出多め）"
"LP-08311","コスメ・スキンケア｜リード獲得（資料請求・問い合わせ）LP（ナチュラル・オーガニック・背景動画ループ＋オーバーレイ）","プロ（演出多め）"
"LP-08312","SaaS・BtoBツール｜リード獲得（資料請求・問い合わせ）LP（クール・テック・スクロールで商品が回転/分解）","プロ（演出多め）"
"LP-08313","建築設計事務所｜リード獲得（資料請求・問い合わせ）LP（ミニマル・洗練・デバイスモックアップ浮遊）","プロ（演出多め）"
"LP-08314","ゲーム・eスポーツ｜会員登録・アプリDLLP（レトロ・Y2K・ジェネラティブ背景＋コピー）","プロ（演出多め）"
"LP-08315","レストラン・居酒屋｜LINE友だち追加LP（ダーク・シネマティック・左テキスト×右商品/人物）","プロ（演出多め）"
"LP-08316","スクール・オンライン講座｜会員登録・アプリDLLP（ポップ・カラフル・超大型タイポグラフィ）","プロ（演出多め）"
"LP-08317","AIサービス・スタートアップ｜採用エントリーLP（ネオン・サイバー・実績数字ドーン）","プロ（演出多め）"
"LP-08318","アパレル・ファッションEC｜採用エントリーLP（レトロ・Y2K・ジェネラティブ背景＋コピー）","プロ（演出多め）"
"LP-08319","プログラミングスクール｜リード獲得（資料請求・問い合わせ）LP（レトロ・Y2K・左テキスト×右商品/人物）","プロ（演出多め）"
"LP-08320","エステ・脱毛サロン｜LINE友だち追加LP（パステル・ドリーミー・スクロールで商品が回転/分解）","プロ（演出多め）"
"LP-08321","SaaS・BtoBツール｜無料体験・カウンセリング予約LP（グラスモーフィズム・実績数字ドーン）","プロ（演出多め）"
"LP-08322","SaaS・BtoBツール｜リード獲得（資料請求・問い合わせ）LP（ミニマル・洗練・スクロールで商品が回転/分解）","上級"
"LP-08323","スマホアプリ｜会員登録・アプリDLLP（グラスモーフィズム・実績数字ドーン）","プロ（演出多め）"
"LP-08324","観光・地域プロモーション｜クラウドファンディング支援LP（和モダン・実績数字ドーン）","上級"
"LP-08325","ゲーム・eスポーツ｜リード獲得（資料請求・問い合わせ）LP（ネオン・サイバー・全面写真＋中央キャッチ）","プロ（演出多め）"
"LP-08326","SaaS・BtoBツール｜採用エントリーLP（ミニマル・洗練・ジェネラティブ背景＋コピー）","プロ（演出多め）"
"LP-08327","レストラン・居酒屋｜リード獲得（資料請求・問い合わせ）LP（和モダン・ジェネラティブ背景＋コピー）","プロ（演出多め）"
"LP-08328","AIサービス・スタートアップ｜無料体験・カウンセリング予約LP（グラスモーフィズム・背景動画ループ＋オーバーレイ）","プロ（演出多め）"
"LP-08329","自動車・バイク｜採用エントリーLP（ダーク・シネマティック・ジェネラティブ背景＋コピー）","プロ（演出多め）"
"LP-08330","コスメ・スキンケア｜リード獲得（資料請求・問い合わせ）LP（パステル・ドリーミー・超大型タイポグラフィ）","プロ（演出多め）"
"LP-08331","占い・スピリチュアル｜採用エントリーLP（ダーク・シネマティック・実績数字ドーン）","プロ（演出多め）"
"LP-08332","美容クリニック｜LINE友だち追加LP（信頼・誠実（コーポレート）・イラスト主体）","プロ（演出多め）"
"LP-08333","カフェ・ベーカリー｜リード獲得（資料請求・問い合わせ）LP（レトロ・Y2K・超大型タイポグラフィ）","プロ（演出多め）"
"LP-08334","不動産・マンション｜セミナー・ウェビナー集客LP（ラグジュアリー・高級感・超大型タイポグラフィ）","プロ（演出多め）"
"LP-08335","ペット・トリミング・動物病院｜採用エントリーLP（ナチュラル・オーガニック・スクロールで商品が回転/分解）","上級"
"LP-08336","観光・地域プロモーション｜リード獲得（資料請求・問い合わせ）LP（ダーク・シネマティック・イラスト主体）","プロ（演出多め）"
"LP-08337","占い・スピリチュアル｜採用エントリーLP（和モダン・スクロールで商品が回転/分解）","プロ（演出多め）"
"LP-08338","コンサル・コーチング｜無料体験・カウンセリング予約LP（ミニマル・洗練・写真コラージュ）","プロ（演出多め）"
"LP-08339","クラウドファンディング・新商品｜商品購入（単品通販）LP（クール・テック・ジェネラティブ背景＋コピー）","プロ（演出多め）"
"LP-08340","観光・地域プロモーション｜採用エントリーLP（ダーク・シネマティック・全面写真＋中央キャッチ）","プロ（演出多め）"
"LP-08341","和菓子・スイーツ｜採用エントリーLP（ナチュラル・オーガニック・イラスト主体）","プロ（演出多め）"
"LP-08342","ウェディング・結婚相談所｜無料体験・カウンセリング予約LP（かわいい・ガーリー・スクロールで商品が回転/分解）","プロ（演出多め）"
"LP-08343","エステ・脱毛サロン｜無料体験・カウンセリング予約LP（かわいい・ガーリー・実績数字ドーン）","上級"
"LP-08344","エステ・脱毛サロン｜リード獲得（資料請求・問い合わせ）LP（パステル・ドリーミー・超大型タイポグラフィ）","プロ（演出多め）"
"LP-08345","ホテル・旅館｜リード獲得（資料請求・問い合わせ）LP（ダーク・シネマティック・写真コラージュ）","プロ（演出多め）"
"LP-08346","レストラン・居酒屋｜採用エントリーLP（ミニマル・洗練・超大型タイポグラフィ）","プロ（演出多め）"
"LP-08347","ゲーム・eスポーツ｜会員登録・アプリDLLP（ハンドメイド・手書き・イラスト主体）","プロ（演出多め）"
"LP-08348","自動車・バイク｜リード獲得（資料請求・問い合わせ）LP（ダーク・シネマティック・左テキスト×右商品/人物）","プロ（演出多め）"
"LP-08349","占い・スピリチュアル｜無料体験・カウンセリング予約LP（ラグジュアリー・高級感・実績数字ドーン）","プロ（演出多め）"
"LP-08350","アパレル・ファッションEC｜商品購入（単品通販）LP（レトロ・Y2K・ジェネラティブ背景＋コピー）","プロ（演出多め）"
"LP-08351","ヨガ・ピラティス｜無料体験・カウンセリング予約LP（パステル・ドリーミー・超大型タイポグラフィ）","プロ（演出多め）"
"LP-08352","建築設計事務所｜採用エントリーLP（ミニマル・洗練・スクロールで商品が回転/分解）","プロ（演出多め）"
"LP-08353","建築設計事務所｜採用エントリーLP（ミニマル・洗練・イラスト主体）","プロ（演出多め）"
"LP-08354","観光・地域プロモーション｜採用エントリーLP（3D・クレイ・左テキスト×右商品/人物）","プロ（演出多め）"
"LP-08355","パーソナルジム・フィットネス｜LINE友だち追加LP（クール・テック・左テキスト×右商品/人物）","上級"
"LP-08356","YouTuber・インフルエンサー｜採用エントリーLP（ネオン・サイバー・スクロールで商品が回転/分解）","プロ（演出多め）"
"LP-08357","エステ・脱毛サロン｜リード獲得（資料請求・問い合わせ）LP（ミニマル・洗練・デバイスモックアップ浮遊）","上級"
"LP-08358","和菓子・スイーツ｜クラウドファンディング支援LP（かわいい・ガーリー・背景動画ループ＋オーバーレイ）","プロ（演出多め）"
"LP-08359","SaaS・BtoBツール｜無料体験・カウンセリング予約LP（3D・クレイ・イラスト主体）","プロ（演出多め）"
"LP-08360","AIサービス・スタートアップ｜会員登録・アプリDLLP（かわいい・ガーリー・背景動画ループ＋オーバーレイ）","プロ（演出多め）"
"LP-08361","ペット・トリミング・動物病院｜商品購入（単品通販）LP（3D・クレイ・実績数字ドーン）","プロ（演出多め）"
"LP-08362","歯科医院｜LINE友だち追加LP（グラスモーフィズム・スクロールで商品が回転/分解）","プロ（演出多め）"
"LP-08363","ゲーム・eスポーツ｜クラウドファンディング支援LP（ネオン・サイバー・スクロールで商品が回転/分解）","プロ（演出多め）"
"LP-08364","保育園・幼児教育・習い事｜採用エントリーLP（ポップ・カラフル・写真コラージュ）","プロ（演出多め）"
"LP-08365","農業・地方の生産者｜クラウドファンディング支援LP（和モダン・全面写真＋中央キャッチ）","プロ（演出多め）"
"LP-08366","AIサービス・スタートアップ｜リード獲得（資料請求・問い合わせ）LP（ミニマル・洗練・全面写真＋中央キャッチ）","上級"
"LP-08367","工務店・注文住宅・リフォーム｜リード獲得（資料請求・問い合わせ）LP（ミニマル・洗練・デバイスモックアップ浮遊）","プロ（演出多め）"
"LP-08368","歯科医院｜リード獲得（資料請求・問い合わせ）LP（信頼・誠実（コーポレート）・左テキスト×右商品/人物）","プロ（演出多め）"
"LP-08369","サウナ・温浴施設｜採用エントリーLP（エディトリアル・雑誌風・デバイスモックアップ浮遊）","プロ（演出多め）"
"LP-08370","ヨガ・ピラティス｜無料体験・カウンセリング予約LP（ナチュラル・オーガニック・デバイスモックアップ浮遊）","プロ（演出多め）"
"LP-08371","ウェディング・結婚相談所｜リード獲得（資料請求・問い合わせ）LP（ラグジュアリー・高級感・写真コラージュ）","プロ（演出多め）"
"LP-08372","NPO・地方自治体｜リード獲得（資料請求・問い合わせ）LP（信頼・誠実（コーポレート）・ジェネラティブ背景＋コピー）","プロ（演出多め）"
"LP-08373","エステ・脱毛サロン｜商品購入（単品通販）LP（かわいい・ガーリー・ジェネラティブ背景＋コピー）","プロ（演出多め）"
"LP-08374","占い・スピリチュアル｜採用エントリーLP（パステル・ドリーミー・写真コラージュ）","プロ（演出多め）"
"LP-08375","建築設計事務所｜採用エントリーLP（ジオメトリック・グラフィカル・実績数字ドーン）","プロ（演出多め）"
"LP-08376","ホテル・旅館｜LINE友だち追加LP（和モダン・スクロールで商品が回転/分解）","プロ（演出多め）"
"LP-08377","農業・地方の生産者｜リード獲得（資料請求・問い合わせ）LP（和モダン・ジェネラティブ背景＋コピー）","プロ（演出多め）"
"LP-08378","音楽・ライブ・イベント｜クラウドファンディング支援LP（ミニマル・洗練・イラスト主体）","プロ（演出多め）"
"LP-08379","YouTuber・インフルエンサー｜会員登録・アプリDLLP（かわいい・ガーリー・背景動画ループ＋オーバーレイ）","上級"
"LP-08380","不動産・マンション｜リード獲得（資料請求・問い合わせ）LP（ナチュラル・オーガニック・スクロールで商品が回転/分解）","プロ（演出多め）"
"LP-08381","クラウドファンディング・新商品｜採用エントリーLP（ラグジュアリー・高級感・デバイスモックアップ浮遊）","プロ（演出多め）"
"LP-08382","自動車・バイク｜採用エントリーLP（ラグジュアリー・高級感・全面写真＋中央キャッチ）","プロ（演出多め）"
"LP-08383","ヨガ・ピラティス｜LINE友だち追加LP（ジオメトリック・グラフィカル・実績数字ドーン）","プロ（演出多め）"
"LP-08384","アパレル・ファッションEC｜リード獲得（資料請求・問い合わせ）LP（ミニマル・洗練・左テキスト×右商品/人物）","プロ（演出多め）"
"LP-08385","AIサービス・スタートアップ｜リード獲得（資料請求・問い合わせ）LP（グラスモーフィズム・超大型タイポグラフィ）","プロ（演出多め）"
"LP-08386","SaaS・BtoBツール｜無料体験・カウンセリング予約LP（グラスモーフィズム・デバイスモックアップ浮遊）","プロ（演出多め）"
"LP-08387","アパレル・ファッションEC｜商品購入（単品通販）LP（レトロ・Y2K・イラスト主体）","プロ（演出多め）"
"LP-08388","士業（税理士・弁護士・行政書士）｜リード獲得（資料請求・問い合わせ）LP（ミニマル・洗練・全面写真＋中央キャッチ）","プロ（演出多め）"
"LP-08389","歯科医院｜採用エントリーLP（ナチュラル・オーガニック・ジェネラティブ背景＋コピー）","プロ（演出多め）"
"LP-08390","ヨガ・ピラティス｜リード獲得（資料請求・問い合わせ）LP（信頼・誠実（コーポレート）・左テキスト×右商品/人物）","プロ（演出多め）"
"LP-08391","ペット・トリミング・動物病院｜無料体験・カウンセリング予約LP（かわいい・ガーリー・全面写真＋中央キャッチ）","プロ（演出多め）"
"LP-08392","建築設計事務所｜採用エントリーLP（ジオメトリック・グラフィカル・超大型タイポグラフィ）","プロ（演出多め）"
"LP-08393","引越し・生活サービス｜採用エントリーLP（ダーク・シネマティック・写真コラージュ）","プロ（演出多め）"
"LP-08394","士業（税理士・弁護士・行政書士）｜採用エントリーLP（ミニマル・洗練・背景動画ループ＋オーバーレイ）","上級"
"LP-08395","工務店・注文住宅・リフォーム｜無料体験・カウンセリング予約LP（ナチュラル・オーガニック・イラスト主体）","プロ（演出多め）"
"LP-08396","Web制作・デザイン事務所｜セミナー・ウェビナー集客LP（ダーク・シネマティック・写真コラージュ）","プロ（演出多め）"
"LP-08397","コンサル・コーチング｜採用エントリーLP（信頼・誠実（コーポレート）・スクロールで商品が回転/分解）","プロ（演出多め）"
"LP-08398","和菓子・スイーツ｜クラウドファンディング支援LP（かわいい・ガーリー・実績数字ドーン）","プロ（演出多め）"
"LP-08399","ウェディング・結婚相談所｜リード獲得（資料請求・問い合わせ）LP（ラグジュアリー・高級感・デバイスモックアップ浮遊）","プロ（演出多め）"
"LP-08400","YouTuber・インフルエンサー｜会員登録・アプリDLLP（ニューブルータリズム・実績数字ドーン）","プロ（演出多め）"
"LP-08401","サウナ・温浴施設｜LINE友だち追加LP（レトロ・Y2K・イラスト主体）","プロ（演出多め）"
"LP-08402","士業（税理士・弁護士・行政書士）｜採用エントリーLP（信頼・誠実（コーポレート）・写真コラージュ）","プロ（演出多め）"
"LP-08403","YouTuber・インフルエンサー｜会員登録・アプリDLLP（ポップ・カラフル・デバイスモックアップ浮遊）","プロ（演出多め）"
"LP-08404","ペット・トリミング・動物病院｜無料体験・カウンセリング予約LP（ナチュラル・オーガニック・スクロールで商品が回転/分解）","プロ（演出多め）"
"LP-08405","サウナ・温浴施設｜採用エントリーLP（和モダン・実績数字ドーン）","プロ（演出多め）"
"LP-08406","クラウドファンディング・新商品｜リード獲得（資料請求・問い合わせ）LP（ダーク・シネマティック・イラスト主体）","プロ（演出多め）"
"LP-08407","サウナ・温浴施設｜リード獲得（資料請求・問い合わせ）LP（ネオン・サイバー・イラスト主体）","プロ（演出多め）"
"LP-08408","歯科医院｜採用エントリーLP（ナチュラル・オーガニック・全面写真＋中央キャッチ）","プロ（演出多め）"
"LP-08409","食品・産直EC｜クラウドファンディング支援LP（ナチュラル・オーガニック・左テキスト×右商品/人物）","プロ（演出多め）"
"LP-08410","保育園・幼児教育・習い事｜リード獲得（資料請求・問い合わせ）LP（ポップ・カラフル・イラスト主体）","プロ（演出多め）"
"LP-08411","採用・求人｜採用エントリーLP（信頼・誠実（コーポレート）・ジェネラティブ背景＋コピー）","プロ（演出多め）"
"LP-08412","自動車・バイク｜リード獲得（資料請求・問い合わせ）LP（ダーク・シネマティック・イラスト主体）","プロ（演出多め）"
"LP-08413","パーソナルジム・フィットネス｜採用エントリーLP（エネルギッシュ・スポーティ・実績数字ドーン）","プロ（演出多め）"
"LP-08414","YouTuber・インフルエンサー｜採用エントリーLP（かわいい・ガーリー・デバイスモックアップ浮遊）","プロ（演出多め）"
"LP-08415","ゲーム・eスポーツ｜クラウドファンディング支援LP（ダーク・シネマティック・全面写真＋中央キャッチ）","プロ（演出多め）"
"LP-08416","サウナ・温浴施設｜リード獲得（資料請求・問い合わせ）LP（レトロ・Y2K・スクロールで商品が回転/分解）","プロ（演出多め）"
"LP-08417","歯科医院｜リード獲得（資料請求・問い合わせ）LP（ナチュラル・オーガニック・デバイスモックアップ浮遊）","プロ（演出多め）"
"LP-08418","NPO・地方自治体｜リード獲得（資料請求・問い合わせ）LP（ジオメトリック・グラフィカル・左テキスト×右商品/人物）","プロ（演出多め）"
"LP-08419","サウナ・温浴施設｜リード獲得（資料請求・問い合わせ）LP（北欧・ライフスタイル・実績数字ドーン）","プロ（演出多め）"
"LP-08420","サウナ・温浴施設｜採用エントリーLP（レトロ・Y2K・イラスト主体）","プロ（演出多め）"
"LP-08421","工務店・注文住宅・リフォーム｜リード獲得（資料請求・問い合わせ）LP（信頼・誠実（コーポレート）・スクロールで商品が回転/分解）","プロ（演出多め）"
"LP-08422","スクール・オンライン講座｜採用エントリーLP（クール・テック・実績数字ドーン）","プロ（演出多め）"
"LP-08423","英会話・語学｜採用エントリーLP（ラグジュアリー・高級感・全面写真＋中央キャッチ）","プロ（演出多め）"
"LP-08424","ゲーム・eスポーツ｜採用エントリーLP（ネオン・サイバー・スクロールで商品が回転/分解）","上級"
"LP-08425","レストラン・居酒屋｜リード獲得（資料請求・問い合わせ）LP（レトロ・Y2K・左テキスト×右商品/人物）","プロ（演出多め）"
"LP-08426","採用・求人｜採用エントリーLP（エネルギッシュ・スポーティ・写真コラージュ）","プロ（演出多め）"
"LP-08427","士業（税理士・弁護士・行政書士）｜セミナー・ウェビナー集客LP（エディトリアル・雑誌風・背景動画ループ＋オーバーレイ）","プロ（演出多め）"
"LP-08428","美容クリニック｜無料体験・カウンセリング予約LP（ラグジュアリー・高級感・背景動画ループ＋オーバーレイ）","プロ（演出多め）"
"LP-08429","英会話・語学｜会員登録・アプリDLLP（ジオメトリック・グラフィカル・写真コラージュ）","プロ（演出多め）"
"LP-08430","コンサル・コーチング｜リード獲得（資料請求・問い合わせ）LP（エディトリアル・雑誌風・イラスト主体）","プロ（演出多め）"
"LP-08431","YouTuber・インフルエンサー｜採用エントリーLP（ネオン・サイバー・イラスト主体）","プロ（演出多め）"
"LP-08432","食品・産直EC｜採用エントリーLP（ポップ・カラフル・左テキスト×右商品/人物）","プロ（演出多め）"
"LP-08433","パーソナルジム・フィットネス｜無料体験・カウンセリング予約LP（クール・テック・イラスト主体）","プロ（演出多め）"
"LP-08434","歯科医院｜LINE友だち追加LP（ミニマル・洗練・背景動画ループ＋オーバーレイ）","プロ（演出多め）"
"LP-08435","コンサル・コーチング｜無料体験・カウンセリング予約LP（ラグジュアリー・高級感・デバイスモックアップ浮遊）","プロ（演出多め）"
"LP-08436","工務店・注文住宅・リフォーム｜無料体験・カウンセリング予約LP（ナチュラル・オーガニック・スクロールで商品が回転/分解）","プロ（演出多め）"
"LP-08437","占い・スピリチュアル｜無料体験・カウンセリング予約LP（和モダン・ジェネラティブ背景＋コピー）","プロ（演出多め）"
"LP-08438","金融・保険・投資｜セミナー・ウェビナー集客LP（ミニマル・洗練・イラスト主体）","プロ（演出多め）"
"LP-08439","AIサービス・スタートアップ｜会員登録・アプリDLLP（ネオン・サイバー・イラスト主体）","プロ（演出多め）"
"LP-08440","建築設計事務所｜採用エントリーLP（ミニマル・洗練・写真コラージュ）","プロ（演出多め）"
"LP-08441","ウェディング・結婚相談所｜LINE友だち追加LP（ラグジュアリー・高級感・左テキスト×右商品/人物）","プロ（演出多め）"
"LP-08442","クラウドファンディング・新商品｜リード獲得（資料請求・問い合わせ）LP（和モダン・ジェネラティブ背景＋コピー）","プロ（演出多め）"
"LP-08443","観光・地域プロモーション｜リード獲得（資料請求・問い合わせ）LP（ハンドメイド・手書き・写真コラージュ）","プロ（演出多め）"
"LP-08444","採用・求人｜リード獲得（資料請求・問い合わせ）LP（北欧・ライフスタイル・左テキスト×右商品/人物）","プロ（演出多め）"
"LP-08445","NPO・地方自治体｜採用エントリーLP（信頼・誠実（コーポレート）・ジェネラティブ背景＋コピー）","上級"
"LP-08446","パーソナルジム・フィットネス｜無料体験・カウンセリング予約LP（ネオン・サイバー・実績数字ドーン）","プロ（演出多め）"
"LP-08447","ヨガ・ピラティス｜LINE友だち追加LP（パステル・ドリーミー・左テキスト×右商品/人物）","プロ（演出多め）"
"LP-08448","自動車・バイク｜無料体験・カウンセリング予約LP（パステル・ドリーミー・ジェネラティブ背景＋コピー）","プロ（演出多め）"
"LP-08449","音楽・ライブ・イベント｜クラウドファンディング支援LP（レトロ・Y2K・全面写真＋中央キャッチ）","プロ（演出多め）"
"LP-08450","建築設計事務所｜採用エントリーLP（ミニマル・洗練・全面写真＋中央キャッチ）","プロ（演出多め）"
"LP-08451","歯科医院｜無料体験・カウンセリング予約LP（グラスモーフィズム・左テキスト×右商品/人物）","プロ（演出多め）"
"LP-08452","士業（税理士・弁護士・行政書士）｜リード獲得（資料請求・問い合わせ）LP（ミニマル・洗練・ジェネラティブ背景＋コピー）","プロ（演出多め）"
"LP-08453","レストラン・居酒屋｜リード獲得（資料請求・問い合わせ）LP（ダーク・シネマティック・デバイスモックアップ浮遊）","プロ（演出多め）"
"LP-08454","保育園・幼児教育・習い事｜採用エントリーLP（ポップ・カラフル・イラスト主体）","プロ（演出多め）"
"LP-08455","パーソナルジム・フィットネス｜採用エントリーLP（エネルギッシュ・スポーティ・左テキスト×右商品/人物）","上級"
"LP-08456","農業・地方の生産者｜商品購入（単品通販）LP（ハンドメイド・手書き・スクロールで商品が回転/分解）","上級"
"LP-08457","プログラミングスクール｜無料体験・カウンセリング予約LP（クール・テック・デバイスモックアップ浮遊）","プロ（演出多め）"
"LP-08458","歯科医院｜LINE友だち追加LP（信頼・誠実（コーポレート）・左テキスト×右商品/人物）","プロ（演出多め）"
"LP-08459","ヨガ・ピラティス｜リード獲得（資料請求・問い合わせ）LP（パステル・ドリーミー・左テキスト×右商品/人物）","プロ（演出多め）"
"LP-08460","食品・産直EC｜クラウドファンディング支援LP（ナチュラル・オーガニック・イラスト主体）","プロ（演出多め）"
"LP-08461","食品・産直EC｜リード獲得（資料請求・問い合わせ）LP（ナチュラル・オーガニック・写真コラージュ）","プロ（演出多め）"
"LP-08462","内科・クリニック｜無料体験・カウンセリング予約LP（信頼・誠実（コーポレート）・実績数字ドーン）","プロ（演出多め）"
"LP-08463","音楽・ライブ・イベント｜クラウドファンディング支援LP（ニューブルータリズム・写真コラージュ）","上級"
"LP-08464","和菓子・スイーツ｜LINE友だち追加LP（かわいい・ガーリー・イラスト主体）","プロ（演出多め）"
"LP-08465","不動産・マンション｜採用エントリーLP（信頼・誠実（コーポレート）・デバイスモックアップ浮遊）","プロ（演出多め）"
"LP-08466","建築設計事務所｜リード獲得（資料請求・問い合わせ）LP（ジオメトリック・グラフィカル・ジェネラティブ背景＋コピー）","プロ（演出多め）"
"LP-08467","歯科医院｜LINE友だち追加LP（ミニマル・洗練・スクロールで商品が回転/分解）","プロ（演出多め）"
"LP-08468","食品・産直EC｜商品購入（単品通販）LP（和モダン・左テキスト×右商品/人物）","プロ（演出多め）"
"LP-08469","音楽・ライブ・イベント｜リード獲得（資料請求・問い合わせ）LP（ニューブルータリズム・実績数字ドーン）","プロ（演出多め）"
"LP-08470","音楽・ライブ・イベント｜リード獲得（資料請求・問い合わせ）LP（ニューブルータリズム・デバイスモックアップ浮遊）","プロ（演出多め）"
"LP-08471","コスメ・スキンケア｜採用エントリーLP（ラグジュアリー・高級感・全面写真＋中央キャッチ）","プロ（演出多め）"
"LP-08472","和菓子・スイーツ｜LINE友だち追加LP（かわいい・ガーリー・背景動画ループ＋オーバーレイ）","上級"
"LP-08473","コンサル・コーチング｜採用エントリーLP（信頼・誠実（コーポレート）・超大型タイポグラフィ）","プロ（演出多め）"
"LP-08474","Web制作・デザイン事務所｜リード獲得（資料請求・問い合わせ）LP（ダーク・シネマティック・全面写真＋中央キャッチ）","プロ（演出多め）"
"LP-08475","不動産・マンション｜リード獲得（資料請求・問い合わせ）LP（ラグジュアリー・高級感・全面写真＋中央キャッチ）","プロ（演出多め）"
"LP-08476","占い・スピリチュアル｜採用エントリーLP（和モダン・全面写真＋中央キャッチ）","プロ（演出多め）"
"LP-08477","Web制作・デザイン事務所｜セミナー・ウェビナー集客LP（ジオメトリック・グラフィカル・全面写真＋中央キャッチ）","プロ（演出多め）"
"LP-08478","採用・求人｜採用エントリーLP（信頼・誠実（コーポレート）・写真コラージュ）","プロ（演出多め）"
"LP-08479","保育園・幼児教育・習い事｜採用エントリーLP（レトロ・Y2K・イラスト主体）","上級"
"LP-08480","Web制作・デザイン事務所｜採用エントリーLP（クール・テック・写真コラージュ）","プロ（演出多め）"
"LP-08481","サウナ・温浴施設｜採用エントリーLP（和モダン・超大型タイポグラフィ）","プロ（演出多め）"
"LP-08482","SaaS・BtoBツール｜リード獲得（資料請求・問い合わせ）LP（ミニマル・洗練・超大型タイポグラフィ）","プロ（演出多め）"
"LP-08483","レストラン・居酒屋｜リード獲得（資料請求・問い合わせ）LP（ダーク・シネマティック・実績数字ドーン）","プロ（演出多め）"
"LP-08484","サウナ・温浴施設｜リード獲得（資料請求・問い合わせ）LP（レトロ・Y2K・実績数字ドーン）","プロ（演出多め）"
"LP-08485","食品・産直EC｜採用エントリーLP（ナチュラル・オーガニック・左テキスト×右商品/人物）","プロ（演出多め）"
"LP-08486","YouTuber・インフルエンサー｜採用エントリーLP（ニューブルータリズム・スクロールで商品が回転/分解）","プロ（演出多め）"
"LP-08487","保育園・幼児教育・習い事｜リード獲得（資料請求・問い合わせ）LP（ナチュラル・オーガニック・実績数字ドーン）","プロ（演出多め）"
"LP-08488","占い・スピリチュアル｜リード獲得（資料請求・問い合わせ）LP（ジオメトリック・グラフィカル・写真コラージュ）","プロ（演出多め）"
"LP-08489","エステ・脱毛サロン｜リード獲得（資料請求・問い合わせ）LP（パステル・ドリーミー・背景動画ループ＋オーバーレイ）","プロ（演出多め）"
"LP-08490","アパレル・ファッションEC｜リード獲得（資料請求・問い合わせ）LP（エディトリアル・雑誌風・全面写真＋中央キャッチ）","プロ（演出多め）"
"LP-08491","引越し・生活サービス｜無料体験・カウンセリング予約LP（3D・クレイ・左テキスト×右商品/人物）","プロ（演出多め）"
"LP-08492","カフェ・ベーカリー｜LINE友だち追加LP（ハンドメイド・手書き・イラスト主体）","プロ（演出多め）"
"LP-08493","クラウドファンディング・新商品｜クラウドファンディング支援LP（エディトリアル・雑誌風・写真コラージュ）","プロ（演出多め）"
"LP-08494","SaaS・BtoBツール｜リード獲得（資料請求・問い合わせ）LP（3D・クレイ・左テキスト×右商品/人物）","プロ（演出多め）"
"LP-08495","ペット・トリミング・動物病院｜採用エントリーLP（かわいい・ガーリー・左テキスト×右商品/人物）","上級"
"LP-08496","採用・求人｜採用エントリーLP（かわいい・ガーリー・ジェネラティブ背景＋コピー）","プロ（演出多め）"
"LP-08497","コンサル・コーチング｜無料体験・カウンセリング予約LP（ラグジュアリー・高級感・背景動画ループ＋オーバーレイ）","プロ（演出多め）"
"LP-08498","ウェディング・結婚相談所｜採用エントリーLP（ラグジュアリー・高級感・スクロールで商品が回転/分解）","プロ（演出多め）"
"LP-08499","エステ・脱毛サロン｜商品購入（単品通販）LP（パステル・ドリーミー・イラスト主体）","プロ（演出多め）"
"LP-08500","ペット・トリミング・動物病院｜LINE友だち追加LP（かわいい・ガーリー・実績数字ドーン）","プロ（演出多め）"
"LP-08501","AIサービス・スタートアップ｜会員登録・アプリDLLP（ネオン・サイバー・写真コラージュ）","上級"
"LP-08502","ヨガ・ピラティス｜リード獲得（資料請求・問い合わせ）LP（ナチュラル・オーガニック・背景動画ループ＋オーバーレイ）","プロ（演出多め）"
"LP-08503","金融・保険・投資｜無料体験・カウンセリング予約LP（信頼・誠実（コーポレート）・ジェネラティブ背景＋コピー）","プロ（演出多め）"
"LP-08504","歯科医院｜リード獲得（資料請求・問い合わせ）LP（ミニマル・洗練・左テキスト×右商品/人物）","プロ（演出多め）"
"LP-08505","ペット・トリミング・動物病院｜商品購入（単品通販）LP（ナチュラル・オーガニック・スクロールで商品が回転/分解）","プロ（演出多め）"
"LP-08506","建築設計事務所｜リード獲得（資料請求・問い合わせ）LP（エディトリアル・雑誌風・背景動画ループ＋オーバーレイ）","プロ（演出多め）"
"LP-08507","内科・クリニック｜採用エントリーLP（ナチュラル・オーガニック・イラスト主体）","プロ（演出多め）"
"LP-08508","自動車・バイク｜無料体験・カウンセリング予約LP（ダーク・シネマティック・デバイスモックアップ浮遊）","プロ（演出多め）"
"LP-08509","パーソナルジム・フィットネス｜採用エントリーLP（ダーク・シネマティック・ジェネラティブ背景＋コピー）","プロ（演出多め）"
"LP-08510","エステ・脱毛サロン｜無料体験・カウンセリング予約LP（かわいい・ガーリー・イラスト主体）","プロ（演出多め）"
"LP-08511","NPO・地方自治体｜採用エントリーLP（ナチュラル・オーガニック・実績数字ドーン）","上級"
"LP-08512","パーソナルジム・フィットネス｜採用エントリーLP（クール・テック・実績数字ドーン）","プロ（演出多め）"
"LP-08513","SaaS・BtoBツール｜無料体験・カウンセリング予約LP（グラスモーフィズム・左テキスト×右商品/人物）","プロ（演出多め）"
"LP-08514","ホテル・旅館｜採用エントリーLP（ラグジュアリー・高級感・超大型タイポグラフィ）","プロ（演出多め）"
"LP-08515","建築設計事務所｜リード獲得（資料請求・問い合わせ）LP（ラグジュアリー・高級感・ジェネラティブ背景＋コピー）","プロ（演出多め）"
"LP-08516","和菓子・スイーツ｜クラウドファンディング支援LP（パステル・ドリーミー・全面写真＋中央キャッチ）","プロ（演出多め）"
"LP-08517","金融・保険・投資｜会員登録・アプリDLLP（クール・テック・スクロールで商品が回転/分解）","プロ（演出多め）"
"LP-08518","サウナ・温浴施設｜リード獲得（資料請求・問い合わせ）LP（ナチュラル・オーガニック・スクロールで商品が回転/分解）","プロ（演出多め）"
"LP-08519","アパレル・ファッションEC｜リード獲得（資料請求・問い合わせ）LP（レトロ・Y2K・実績数字ドーン）","上級"
"LP-08520","NPO・地方自治体｜リード獲得（資料請求・問い合わせ）LP（ナチュラル・オーガニック・実績数字ドーン）","プロ（演出多め）"
"LP-08521","ヨガ・ピラティス｜LINE友だち追加LP（ミニマル・洗練・超大型タイポグラフィ）","上級"
"LP-08522","金融・保険・投資｜会員登録・アプリDLLP（クール・テック・左テキスト×右商品/人物）","プロ（演出多め）"
"LP-08523","アパレル・ファッションEC｜リード獲得（資料請求・問い合わせ）LP（ニューブルータリズム・背景動画ループ＋オーバーレイ）","プロ（演出多め）"
"LP-08524","歯科医院｜採用エントリーLP（ナチュラル・オーガニック・実績数字ドーン）","プロ（演出多め）"
"LP-08525","建築設計事務所｜リード獲得（資料請求・問い合わせ）LP（ジオメトリック・グラフィカル・イラスト主体）","プロ（演出多め）"
"LP-08526","コスメ・スキンケア｜リード獲得（資料請求・問い合わせ）LP（ラグジュアリー・高級感・背景動画ループ＋オーバーレイ）","プロ（演出多め）"
"LP-08527","ゲーム・eスポーツ｜クラウドファンディング支援LP（ネオン・サイバー・背景動画ループ＋オーバーレイ）","プロ（演出多め）"
"LP-08528","農業・地方の生産者｜クラウドファンディング支援LP（ナチュラル・オーガニック・写真コラージュ）","上級"
"LP-08529","工務店・注文住宅・リフォーム｜無料体験・カウンセリング予約LP（ミニマル・洗練・写真コラージュ）","プロ（演出多め）"
"LP-08530","NPO・地方自治体｜クラウドファンディング支援LP（ナチュラル・オーガニック・ジェネラティブ背景＋コピー）","プロ（演出多め）"
"LP-08531","美容室・ヘアサロン｜LINE友だち追加LP（ラグジュアリー・高級感・ジェネラティブ背景＋コピー）","プロ（演出多め）"
"LP-08532","工務店・注文住宅・リフォーム｜採用エントリーLP（信頼・誠実（コーポレート）・左テキスト×右商品/人物）","上級"
"LP-08533","クラウドファンディング・新商品｜商品購入（単品通販）LP（ニューブルータリズム・超大型タイポグラフィ）","プロ（演出多め）"
"LP-08534","レストラン・居酒屋｜リード獲得（資料請求・問い合わせ）LP（和モダン・デバイスモックアップ浮遊）","プロ（演出多め）"
"LP-08535","引越し・生活サービス｜LINE友だち追加LP（信頼・誠実（コーポレート）・超大型タイポグラフィ）","プロ（演出多め）"
"LP-08536","引越し・生活サービス｜LINE友だち追加LP（信頼・誠実（コーポレート）・ジェネラティブ背景＋コピー）","プロ（演出多め）"
"LP-08537","食品・産直EC｜採用エントリーLP（ナチュラル・オーガニック・ジェネラティブ背景＋コピー）","上級"
"LP-08538","工務店・注文住宅・リフォーム｜リード獲得（資料請求・問い合わせ）LP（北欧・ライフスタイル・スクロールで商品が回転/分解）","プロ（演出多め）"
"LP-08539","ウェディング・結婚相談所｜リード獲得（資料請求・問い合わせ）LP（3D・クレイ・イラスト主体）","プロ（演出多め）"
"LP-08540","引越し・生活サービス｜採用エントリーLP（ポップ・カラフル・超大型タイポグラフィ）","プロ（演出多め）"
"LP-08541","内科・クリニック｜採用エントリーLP（北欧・ライフスタイル・デバイスモックアップ浮遊）","プロ（演出多め）"
"LP-08542","ヨガ・ピラティス｜LINE友だち追加LP（ナチュラル・オーガニック・デバイスモックアップ浮遊）","プロ（演出多め）"
"LP-08543","士業（税理士・弁護士・行政書士）｜リード獲得（資料請求・問い合わせ）LP（信頼・誠実（コーポレート）・実績数字ドーン）","プロ（演出多め）"
"LP-08544","士業（税理士・弁護士・行政書士）｜無料体験・カウンセリング予約LP（和モダン・背景動画ループ＋オーバーレイ）","プロ（演出多め）"
"LP-08545","工務店・注文住宅・リフォーム｜リード獲得（資料請求・問い合わせ）LP（信頼・誠実（コーポレート）・全面写真＋中央キャッチ）","プロ（演出多め）"
"LP-08546","ヨガ・ピラティス｜LINE友だち追加LP（北欧・ライフスタイル・イラスト主体）","プロ（演出多め）"
"LP-08547","和菓子・スイーツ｜LINE友だち追加LP（ニューブルータリズム・全面写真＋中央キャッチ）","プロ（演出多め）"
"LP-08548","美容クリニック｜LINE友だち追加LP（ラグジュアリー・高級感・全面写真＋中央キャッチ）","プロ（演出多め）"
"LP-08549","観光・地域プロモーション｜採用エントリーLP（ハンドメイド・手書き・全面写真＋中央キャッチ）","プロ（演出多め）"
"LP-08550","ヨガ・ピラティス｜無料体験・カウンセリング予約LP（ナチュラル・オーガニック・写真コラージュ）","プロ（演出多め）"
"LP-08551","建築設計事務所｜採用エントリーLP（ミニマル・洗練・実績数字ドーン）","プロ（演出多め）"
"LP-08552","NPO・地方自治体｜クラウドファンディング支援LP（ナチュラル・オーガニック・ジェネラティブ背景＋コピー）","上級"
"LP-08553","ウェディング・結婚相談所｜採用エントリーLP（ラグジュアリー・高級感・イラスト主体）","プロ（演出多め）"
"LP-08554","ペット・トリミング・動物病院｜無料体験・カウンセリング予約LP（ナチュラル・オーガニック・全面写真＋中央キャッチ）","プロ（演出多め）"
"LP-08555","音楽・ライブ・イベント｜リード獲得（資料請求・問い合わせ）LP（ニューブルータリズム・ジェネラティブ背景＋コピー）","プロ（演出多め）"
"LP-08556","カフェ・ベーカリー｜LINE友だち追加LP（エディトリアル・雑誌風・写真コラージュ）","プロ（演出多め）"
"LP-08557","内科・クリニック｜無料体験・カウンセリング予約LP（信頼・誠実（コーポレート）・左テキスト×右商品/人物）","プロ（演出多め）"
"LP-08558","ウェディング・結婚相談所｜LINE友だち追加LP（ミニマル・洗練・実績数字ドーン）","プロ（演出多め）"
"LP-08559","建築設計事務所｜採用エントリーLP（ダーク・シネマティック・超大型タイポグラフィ）","上級"
"LP-08560","レストラン・居酒屋｜LINE友だち追加LP（ダーク・シネマティック・スクロールで商品が回転/分解）","上級"
"LP-08561","ヨガ・ピラティス｜LINE友だち追加LP（パステル・ドリーミー・スクロールで商品が回転/分解）","プロ（演出多め）"
"LP-08562","観光・地域プロモーション｜採用エントリーLP（和モダン・背景動画ループ＋オーバーレイ）","プロ（演出多め）"
"LP-08563","占い・スピリチュアル｜LINE友だち追加LP（エネルギッシュ・スポーティ・デバイスモックアップ浮遊）","上級"
"LP-08564","アパレル・ファッションEC｜商品購入（単品通販）LP（ニューブルータリズム・左テキスト×右商品/人物）","プロ（演出多め）"
"LP-08565","ウェディング・結婚相談所｜リード獲得（資料請求・問い合わせ）LP（パステル・ドリーミー・スクロールで商品が回転/分解）","プロ（演出多め）"
"LP-08566","NPO・地方自治体｜採用エントリーLP（信頼・誠実（コーポレート）・背景動画ループ＋オーバーレイ）","プロ（演出多め）"
"LP-08567","スクール・オンライン講座｜リード獲得（資料請求・問い合わせ）LP（クール・テック・写真コラージュ）","プロ（演出多め）"
"LP-08568","和菓子・スイーツ｜LINE友だち追加LP（パステル・ドリーミー・全面写真＋中央キャッチ）","上級"
"LP-08569","食品・産直EC｜採用エントリーLP（ポップ・カラフル・左テキスト×右商品/人物）","プロ（演出多め）"
"LP-08570","コスメ・スキンケア｜商品購入（単品通販）LP（ミニマル・洗練・写真コラージュ）","プロ（演出多め）"
"LP-08571","保育園・幼児教育・習い事｜無料体験・カウンセリング予約LP（ハンドメイド・手書き・背景動画ループ＋オーバーレイ）","プロ（演出多め）"
"LP-08572","内科・クリニック｜リード獲得（資料請求・問い合わせ）LP（北欧・ライフスタイル・スクロールで商品が回転/分解）","プロ（演出多め）"
"LP-08573","アパレル・ファッションEC｜採用エントリーLP（ダーク・シネマティック・イラスト主体）","プロ（演出多め）"
"LP-08574","自動車・バイク｜リード獲得（資料請求・問い合わせ）LP（レトロ・Y2K・イラスト主体）","プロ（演出多め）"
"LP-08575","観光・地域プロモーション｜クラウドファンディング支援LP（ハンドメイド・手書き・全面写真＋中央キャッチ）","プロ（演出多め）"
"LP-08576","ペット・トリミング・動物病院｜無料体験・カウンセリング予約LP（ナチュラル・オーガニック・写真コラージュ）","プロ（演出多め）"
"LP-08577","プログラミングスクール｜無料体験・カウンセリング予約LP（ラグジュアリー・高級感・実績数字ドーン）","プロ（演出多め）"
"LP-08578","コスメ・スキンケア｜リード獲得（資料請求・問い合わせ）LP（ラグジュアリー・高級感・イラスト主体）","プロ（演出多め）"
"LP-08579","ペット・トリミング・動物病院｜商品購入（単品通販）LP（ハンドメイド・手書き・実績数字ドーン）","プロ（演出多め）"
"LP-08580","建築設計事務所｜採用エントリーLP（ジオメトリック・グラフィカル・スクロールで商品が回転/分解）","プロ（演出多め）"
"LP-08581","レストラン・居酒屋｜採用エントリーLP（ラグジュアリー・高級感・実績数字ドーン）","プロ（演出多め）"
"LP-08582","工務店・注文住宅・リフォーム｜無料体験・カウンセリング予約LP（信頼・誠実（コーポレート）・ジェネラティブ背景＋コピー）","プロ（演出多め）"
"LP-08583","引越し・生活サービス｜採用エントリーLP（信頼・誠実（コーポレート）・写真コラージュ）","プロ（演出多め）"
"LP-08584","建築設計事務所｜採用エントリーLP（ジオメトリック・グラフィカル・左テキスト×右商品/人物）","プロ（演出多め）"
"LP-08585","ゲーム・eスポーツ｜採用エントリーLP（ネオン・サイバー・全面写真＋中央キャッチ）","プロ（演出多め）"
"LP-08586","占い・スピリチュアル｜LINE友だち追加LP（パステル・ドリーミー・実績数字ドーン）","上級"
"LP-08587","パーソナルジム・フィットネス｜採用エントリーLP（エネルギッシュ・スポーティ・実績数字ドーン）","プロ（演出多め）"
"LP-08588","Web制作・デザイン事務所｜リード獲得（資料請求・問い合わせ）LP（ジオメトリック・グラフィカル・背景動画ループ＋オーバーレイ）","プロ（演出多め）"
"LP-08589","パーソナルジム・フィットネス｜リード獲得（資料請求・問い合わせ）LP（ハンドメイド・手書き・デバイスモックアップ浮遊）","プロ（演出多め）"
"LP-08590","建築設計事務所｜リード獲得（資料請求・問い合わせ）LP（ミニマル・洗練・実績数字ドーン）","プロ（演出多め）"
"LP-08591","内科・クリニック｜無料体験・カウンセリング予約LP（ハンドメイド・手書き・デバイスモックアップ浮遊）","プロ（演出多め）"
"LP-08592","AIサービス・スタートアップ｜リード獲得（資料請求・問い合わせ）LP（ミニマル・洗練・イラスト主体）","プロ（演出多め）"
"LP-08593","エステ・脱毛サロン｜LINE友だち追加LP（ナチュラル・オーガニック・超大型タイポグラフィ）","上級"
"LP-08594","保育園・幼児教育・習い事｜採用エントリーLP（かわいい・ガーリー・背景動画ループ＋オーバーレイ）","プロ（演出多め）"
"LP-08595","Web制作・デザイン事務所｜リード獲得（資料請求・問い合わせ）LP（エディトリアル・雑誌風・ジェネラティブ背景＋コピー）","プロ（演出多め）"
"LP-08596","コスメ・スキンケア｜商品購入（単品通販）LP（エディトリアル・雑誌風・超大型タイポグラフィ）","上級"
"LP-08597","アパレル・ファッションEC｜採用エントリーLP（ニューブルータリズム・デバイスモックアップ浮遊）","プロ（演出多め）"
"LP-08598","工務店・注文住宅・リフォーム｜採用エントリーLP（北欧・ライフスタイル・写真コラージュ）","プロ（演出多め）"
"LP-08599","和菓子・スイーツ｜商品購入（単品通販）LP（ナチュラル・オーガニック・イラスト主体）","プロ（演出多め）"
"LP-08600","採用・求人｜リード獲得（資料請求・問い合わせ）LP（ジオメトリック・グラフィカル・ジェネラティブ背景＋コピー）","プロ（演出多め）"
"LP-08601","不動産・マンション｜セミナー・ウェビナー集客LP（信頼・誠実（コーポレート）・イラスト主体）","プロ（演出多め）"
"LP-08602","SaaS・BtoBツール｜無料体験・カウンセリング予約LP（3D・クレイ・デバイスモックアップ浮遊）","プロ（演出多め）"
"LP-08603","サウナ・温浴施設｜無料体験・カウンセリング予約LP（3D・クレイ・デバイスモックアップ浮遊）","プロ（演出多め）"
"LP-08604","工務店・注文住宅・リフォーム｜セミナー・ウェビナー集客LP（信頼・誠実（コーポレート）・ジェネラティブ背景＋コピー）","プロ（演出多め）"
"LP-08605","SaaS・BtoBツール｜採用エントリーLP（グラスモーフィズム・超大型タイポグラフィ）","プロ（演出多め）"
"LP-08606","内科・クリニック｜リード獲得（資料請求・問い合わせ）LP（北欧・ライフスタイル・背景動画ループ＋オーバーレイ）","プロ（演出多め）"
"LP-08607","YouTuber・インフルエンサー｜採用エントリーLP（3D・クレイ・超大型タイポグラフィ）","プロ（演出多め）"
"LP-08608","コンサル・コーチング｜セミナー・ウェビナー集客LP（ミニマル・洗練・写真コラージュ）","プロ（演出多め）"
"LP-08609","AIサービス・スタートアップ｜リード獲得（資料請求・問い合わせ）LP（クール・テック・背景動画ループ＋オーバーレイ）","プロ（演出多め）"
"LP-08610","工務店・注文住宅・リフォーム｜無料体験・カウンセリング予約LP（信頼・誠実（コーポレート）・写真コラージュ）","上級"
"LP-08611","自動車・バイク｜リード獲得（資料請求・問い合わせ）LP（ダーク・シネマティック・左テキスト×右商品/人物）","プロ（演出多め）"
"LP-08612","スクール・オンライン講座｜無料体験・カウンセリング予約LP（3D・クレイ・ジェネラティブ背景＋コピー）","プロ（演出多め）"
"LP-08613","観光・地域プロモーション｜リード獲得（資料請求・問い合わせ）LP（ダーク・シネマティック・背景動画ループ＋オーバーレイ）","プロ（演出多め）"
"LP-08614","ホテル・旅館｜LINE友だち追加LP（ラグジュアリー・高級感・全面写真＋中央キャッチ）","プロ（演出多め）"
"LP-08615","不動産・マンション｜無料体験・カウンセリング予約LP（ラグジュアリー・高級感・実績数字ドーン）","プロ（演出多め）"
"LP-08616","美容室・ヘアサロン｜LINE友だち追加LP（かわいい・ガーリー・左テキスト×右商品/人物）","プロ（演出多め）"
"LP-08617","工務店・注文住宅・リフォーム｜LINE友だち追加LP（信頼・誠実（コーポレート）・デバイスモックアップ浮遊）","上級"
"LP-08618","アパレル・ファッションEC｜リード獲得（資料請求・問い合わせ）LP（ダーク・シネマティック・超大型タイポグラフィ）","プロ（演出多め）"
"LP-08619","保育園・幼児教育・習い事｜リード獲得（資料請求・問い合わせ）LP（ハンドメイド・手書き・全面写真＋中央キャッチ）","プロ（演出多め）"
"LP-08620","スマホアプリ｜商品購入（単品通販）LP（和モダン・スクロールで商品が回転/分解）","プロ（演出多め）"
"LP-08621","NPO・地方自治体｜リード獲得（資料請求・問い合わせ）LP（ハンドメイド・手書き・実績数字ドーン）","上級"
"LP-08622","音楽・ライブ・イベント｜採用エントリーLP（ニューブルータリズム・イラスト主体）","プロ（演出多め）"
"LP-08623","保育園・幼児教育・習い事｜リード獲得（資料請求・問い合わせ）LP（ハンドメイド・手書き・実績数字ドーン）","プロ（演出多め）"
"LP-08624","ゲーム・eスポーツ｜採用エントリーLP（レトロ・Y2K・全面写真＋中央キャッチ）","プロ（演出多め）"
"LP-08625","コンサル・コーチング｜無料体験・カウンセリング予約LP（グラスモーフィズム・背景動画ループ＋オーバーレイ）","プロ（演出多め）"
"LP-08626","観光・地域プロモーション｜リード獲得（資料請求・問い合わせ）LP（和モダン・ジェネラティブ背景＋コピー）","プロ（演出多め）"
"LP-08627","レストラン・居酒屋｜LINE友だち追加LP（ラグジュアリー・高級感・背景動画ループ＋オーバーレイ）","プロ（演出多め）"
"LP-08628","採用・求人｜リード獲得（資料請求・問い合わせ）LP（信頼・誠実（コーポレート）・背景動画ループ＋オーバーレイ）","プロ（演出多め）"
"LP-08629","金融・保険・投資｜採用エントリーLP（クール・テック・ジェネラティブ背景＋コピー）","プロ（演出多め）"
"LP-08630","美容室・ヘアサロン｜リード獲得（資料請求・問い合わせ）LP（北欧・ライフスタイル・実績数字ドーン）","プロ（演出多め）"
"LP-08631","NPO・地方自治体｜クラウドファンディング支援LP（ネオン・サイバー・左テキスト×右商品/人物）","プロ（演出多め）"
"LP-08632","採用・求人｜採用エントリーLP（ジオメトリック・グラフィカル・超大型タイポグラフィ）","プロ（演出多め）"
"LP-08633","スマホアプリ｜会員登録・アプリDLLP（ポップ・カラフル・全面写真＋中央キャッチ）","プロ（演出多め）"
"LP-08634","引越し・生活サービス｜無料体験・カウンセリング予約LP（3D・クレイ・ジェネラティブ背景＋コピー）","プロ（演出多め）"
"LP-08635","保育園・幼児教育・習い事｜LINE友だち追加LP（かわいい・ガーリー・イラスト主体）","上級"
"LP-08636","農業・地方の生産者｜クラウドファンディング支援LP（和モダン・超大型タイポグラフィ）","プロ（演出多め）"
"LP-08637","AIサービス・スタートアップ｜採用エントリーLP（ネオン・サイバー・イラスト主体）","プロ（演出多め）"
"LP-08638","士業（税理士・弁護士・行政書士）｜無料体験・カウンセリング予約LP（ミニマル・洗練・全面写真＋中央キャッチ）","プロ（演出多め）"
"LP-08639","歯科医院｜LINE友だち追加LP（ラグジュアリー・高級感・ジェネラティブ背景＋コピー）","プロ（演出多め）"
"LP-08640","AIサービス・スタートアップ｜無料体験・カウンセリング予約LP（グラスモーフィズム・イラスト主体）","プロ（演出多め）"
"LP-08641","エステ・脱毛サロン｜採用エントリーLP（ラグジュアリー・高級感・イラスト主体）","プロ（演出多め）"
"LP-08642","スマホアプリ｜採用エントリーLP（ポップ・カラフル・実績数字ドーン）","プロ（演出多め）"
"LP-08643","保育園・幼児教育・習い事｜リード獲得（資料請求・問い合わせ）LP（ハンドメイド・手書き・イラスト主体）","プロ（演出多め）"
"LP-08644","保育園・幼児教育・習い事｜LINE友だち追加LP（レトロ・Y2K・ジェネラティブ背景＋コピー）","プロ（演出多め）"
"LP-08645","工務店・注文住宅・リフォーム｜セミナー・ウェビナー集客LP（クール・テック・超大型タイポグラフィ）","プロ（演出多め）"
"LP-08646","観光・地域プロモーション｜クラウドファンディング支援LP（和モダン・ジェネラティブ背景＋コピー）","プロ（演出多め）"
"LP-08647","YouTuber・インフルエンサー｜採用エントリーLP（ニューブルータリズム・写真コラージュ）","プロ（演出多め）"
"LP-08648","英会話・語学｜採用エントリーLP（ポップ・カラフル・ジェネラティブ背景＋コピー）","プロ（演出多め）"
"LP-08649","プログラミングスクール｜無料体験・カウンセリング予約LP（3D・クレイ・背景動画ループ＋オーバーレイ）","プロ（演出多め）"
"LP-08650","プログラミングスクール｜リード獲得（資料請求・問い合わせ）LP（クール・テック・イラスト主体）","プロ（演出多め）"
"LP-08651","工務店・注文住宅・リフォーム｜リード獲得（資料請求・問い合わせ）LP（北欧・ライフスタイル・写真コラージュ）","プロ（演出多め）"
"LP-08652","Web制作・デザイン事務所｜リード獲得（資料請求・問い合わせ）LP（エディトリアル・雑誌風・写真コラージュ）","プロ（演出多め）"
"LP-08653","クラウドファンディング・新商品｜リード獲得（資料請求・問い合わせ）LP（ナチュラル・オーガニック・全面写真＋中央キャッチ）","上級"
"LP-08654","スマホアプリ｜会員登録・アプリDLLP（ポップ・カラフル・イラスト主体）","プロ（演出多め）"
"LP-08655","コンサル・コーチング｜リード獲得（資料請求・問い合わせ）LP（ミニマル・洗練・スクロールで商品が回転/分解）","プロ（演出多め）"
"LP-08656","プログラミングスクール｜リード獲得（資料請求・問い合わせ）LP（ネオン・サイバー・超大型タイポグラフィ）","プロ（演出多め）"
"LP-08657","エステ・脱毛サロン｜LINE友だち追加LP（ミニマル・洗練・超大型タイポグラフィ）","プロ（演出多め）"
"LP-08658","占い・スピリチュアル｜無料体験・カウンセリング予約LP（和モダン・イラスト主体）","プロ（演出多め）"
"LP-08659","士業（税理士・弁護士・行政書士）｜セミナー・ウェビナー集客LP（信頼・誠実（コーポレート）・実績数字ドーン）","プロ（演出多め）"
"LP-08660","AIサービス・スタートアップ｜採用エントリーLP（グラスモーフィズム・スクロールで商品が回転/分解）","上級"
"LP-08661","金融・保険・投資｜採用エントリーLP（信頼・誠実（コーポレート）・背景動画ループ＋オーバーレイ）","プロ（演出多め）"
"LP-08662","レストラン・居酒屋｜LINE友だち追加LP（和モダン・超大型タイポグラフィ）","プロ（演出多め）"
"LP-08663","サウナ・温浴施設｜LINE友だち追加LP（ニューブルータリズム・デバイスモックアップ浮遊）","プロ（演出多め）"
"LP-08664","保育園・幼児教育・習い事｜採用エントリーLP（ポップ・カラフル・デバイスモックアップ浮遊）","プロ（演出多め）"
"LP-08665","不動産・マンション｜リード獲得（資料請求・問い合わせ）LP（ミニマル・洗練・ジェネラティブ背景＋コピー）","プロ（演出多め）"
"LP-08666","スマホアプリ｜無料体験・カウンセリング予約LP（ポップ・カラフル・左テキスト×右商品/人物）","プロ（演出多め）"
"LP-08667","AIサービス・スタートアップ｜無料体験・カウンセリング予約LP（ネオン・サイバー・デバイスモックアップ浮遊）","プロ（演出多め）"
"LP-08668","工務店・注文住宅・リフォーム｜採用エントリーLP（北欧・ライフスタイル・全面写真＋中央キャッチ）","プロ（演出多め）"
"LP-08669","ウェディング・結婚相談所｜無料体験・カウンセリング予約LP（ラグジュアリー・高級感・超大型タイポグラフィ）","プロ（演出多め）"
"LP-08670","工務店・注文住宅・リフォーム｜無料体験・カウンセリング予約LP（ナチュラル・オーガニック・全面写真＋中央キャッチ）","プロ（演出多め）"
"LP-08671","引越し・生活サービス｜LINE友だち追加LP（3D・クレイ・超大型タイポグラフィ）","プロ（演出多め）"
"LP-08672","クラウドファンディング・新商品｜商品購入（単品通販）LP（クール・テック・写真コラージュ）","プロ（演出多め）"
"LP-08673","パーソナルジム・フィットネス｜採用エントリーLP（クール・テック・全面写真＋中央キャッチ）","プロ（演出多め）"
"LP-08674","食品・産直EC｜クラウドファンディング支援LP（ポップ・カラフル・左テキスト×右商品/人物）","プロ（演出多め）"
"LP-08675","内科・クリニック｜リード獲得（資料請求・問い合わせ）LP（エネルギッシュ・スポーティ・左テキスト×右商品/人物）","プロ（演出多め）"
"LP-08676","美容クリニック｜LINE友だち追加LP（ミニマル・洗練・超大型タイポグラフィ）","プロ（演出多め）"
"LP-08677","引越し・生活サービス｜採用エントリーLP（かわいい・ガーリー・スクロールで商品が回転/分解）","プロ（演出多め）"
"LP-08678","SaaS・BtoBツール｜リード獲得（資料請求・問い合わせ）LP（信頼・誠実（コーポレート）・背景動画ループ＋オーバーレイ）","上級"
"LP-08679","プログラミングスクール｜会員登録・アプリDLLP（ポップ・カラフル・写真コラージュ）","プロ（演出多め）"
"LP-08680","アパレル・ファッションEC｜リード獲得（資料請求・問い合わせ）LP（ニューブルータリズム・スクロールで商品が回転/分解）","プロ（演出多め）"
"LP-08681","Web制作・デザイン事務所｜採用エントリーLP（エディトリアル・雑誌風・デバイスモックアップ浮遊）","プロ（演出多め）"
"LP-08682","内科・クリニック｜採用エントリーLP（北欧・ライフスタイル・背景動画ループ＋オーバーレイ）","プロ（演出多め）"
"LP-08683","スマホアプリ｜無料体験・カウンセリング予約LP（クール・テック・左テキスト×右商品/人物）","プロ（演出多め）"
"LP-08684","和菓子・スイーツ｜クラウドファンディング支援LP（北欧・ライフスタイル・超大型タイポグラフィ）","プロ（演出多め）"
"LP-08685","レストラン・居酒屋｜LINE友だち追加LP（ダーク・シネマティック・写真コラージュ）","プロ（演出多め）"
"LP-08686","エステ・脱毛サロン｜無料体験・カウンセリング予約LP（ミニマル・洗練・超大型タイポグラフィ）","プロ（演出多め）"
"LP-08687","内科・クリニック｜リード獲得（資料請求・問い合わせ）LP（3D・クレイ・デバイスモックアップ浮遊）","プロ（演出多め）"
"LP-08688","YouTuber・インフルエンサー｜採用エントリーLP（ポップ・カラフル・イラスト主体）","上級"
"LP-08689","ヨガ・ピラティス｜無料体験・カウンセリング予約LP（北欧・ライフスタイル・イラスト主体）","プロ（演出多め）"
"LP-08690","自動車・バイク｜リード獲得（資料請求・問い合わせ）LP（ダーク・シネマティック・全面写真＋中央キャッチ）","プロ（演出多め）"
"LP-08691","エステ・脱毛サロン｜LINE友だち追加LP（かわいい・ガーリー・スクロールで商品が回転/分解）","プロ（演出多め）"
"LP-08692","YouTuber・インフルエンサー｜リード獲得（資料請求・問い合わせ）LP（かわいい・ガーリー・背景動画ループ＋オーバーレイ）","プロ（演出多め）"
"LP-08693","パーソナルジム・フィットネス｜リード獲得（資料請求・問い合わせ）LP（クール・テック・超大型タイポグラフィ）","プロ（演出多め）"
"LP-08694","観光・地域プロモーション｜採用エントリーLP（ラグジュアリー・高級感・背景動画ループ＋オーバーレイ）","プロ（演出多め）"
"LP-08695","プログラミングスクール｜会員登録・アプリDLLP（ミニマル・洗練・左テキスト×右商品/人物）","プロ（演出多め）"
"LP-08696","内科・クリニック｜LINE友だち追加LP（ジオメトリック・グラフィカル・実績数字ドーン）","プロ（演出多め）"
"LP-08697","ホテル・旅館｜LINE友だち追加LP（ダーク・シネマティック・左テキスト×右商品/人物）","プロ（演出多め）"
"LP-08698","不動産・マンション｜無料体験・カウンセリング予約LP（ミニマル・洗練・デバイスモックアップ浮遊）","プロ（演出多め）"
"LP-08699","コンサル・コーチング｜採用エントリーLP（信頼・誠実（コーポレート）・スクロールで商品が回転/分解）","プロ（演出多め）"
"LP-08700","ウェディング・結婚相談所｜LINE友だち追加LP（ラグジュアリー・高級感・全面写真＋中央キャッチ）","プロ（演出多め）"
"LP-08701","内科・クリニック｜リード獲得（資料請求・問い合わせ）LP（ナチュラル・オーガニック・イラスト主体）","プロ（演出多め）"
"LP-08702","保育園・幼児教育・習い事｜LINE友だち追加LP（ポップ・カラフル・イラスト主体）","プロ（演出多め）"
"LP-08703","スマホアプリ｜採用エントリーLP（ポップ・カラフル・超大型タイポグラフィ）","プロ（演出多め）"
"LP-08704","コンサル・コーチング｜無料体験・カウンセリング予約LP（ミニマル・洗練・超大型タイポグラフィ）","プロ（演出多め）"
"LP-08705","スマホアプリ｜採用エントリーLP（ポップ・カラフル・デバイスモックアップ浮遊）","プロ（演出多め）"
"LP-08706","農業・地方の生産者｜採用エントリーLP（和モダン・実績数字ドーン）","プロ（演出多め）"
"LP-08707","ペット・トリミング・動物病院｜リード獲得（資料請求・問い合わせ）LP（ナチュラル・オーガニック・左テキスト×右商品/人物）","プロ（演出多め）"
"LP-08708","音楽・ライブ・イベント｜クラウドファンディング支援LP（和モダン・デバイスモックアップ浮遊）","プロ（演出多め）"
"LP-08709","和菓子・スイーツ｜リード獲得（資料請求・問い合わせ）LP（パステル・ドリーミー・スクロールで商品が回転/分解）","上級"
"LP-08710","パーソナルジム・フィットネス｜LINE友だち追加LP（クール・テック・左テキスト×右商品/人物）","プロ（演出多め）"
"LP-08711","引越し・生活サービス｜リード獲得（資料請求・問い合わせ）LP（ポップ・カラフル・背景動画ループ＋オーバーレイ）","プロ（演出多め）"
"LP-08712","NPO・地方自治体｜リード獲得（資料請求・問い合わせ）LP（ナチュラル・オーガニック・全面写真＋中央キャッチ）","プロ（演出多め）"
"LP-08713","アパレル・ファッションEC｜採用エントリーLP（ニューブルータリズム・ジェネラティブ背景＋コピー）","プロ（演出多め）"
"LP-08714","コスメ・スキンケア｜リード獲得（資料請求・問い合わせ）LP（ナチュラル・オーガニック・左テキスト×右商品/人物）","プロ（演出多め）"
"LP-08715","建築設計事務所｜採用エントリーLP（ジオメトリック・グラフィカル・背景動画ループ＋オーバーレイ）","プロ（演出多め）"
"LP-08716","農業・地方の生産者｜採用エントリーLP（ニューブルータリズム・イラスト主体）","プロ（演出多め）"
"LP-08717","不動産・マンション｜リード獲得（資料請求・問い合わせ）LP（ラグジュアリー・高級感・イラスト主体）","プロ（演出多め）"
"LP-08718","自動車・バイク｜リード獲得（資料請求・問い合わせ）LP（エネルギッシュ・スポーティ・スクロールで商品が回転/分解）","プロ（演出多め）"
"LP-08719","スクール・オンライン講座｜リード獲得（資料請求・問い合わせ）LP（3D・クレイ・実績数字ドーン）","プロ（演出多め）"
"LP-08720","保育園・幼児教育・習い事｜LINE友だち追加LP（かわいい・ガーリー・イラスト主体）","プロ（演出多め）"
"LP-08721","スマホアプリ｜会員登録・アプリDLLP（グラスモーフィズム・全面写真＋中央キャッチ）","プロ（演出多め）"
"LP-08722","占い・スピリチュアル｜LINE友だち追加LP（ダーク・シネマティック・全面写真＋中央キャッチ）","プロ（演出多め）"
"LP-08723","サウナ・温浴施設｜無料体験・カウンセリング予約LP（クール・テック・左テキスト×右商品/人物）","プロ（演出多め）"
"LP-08724","ゲーム・eスポーツ｜リード獲得（資料請求・問い合わせ）LP（ダーク・シネマティック・イラスト主体）","上級"
"LP-08725","ペット・トリミング・動物病院｜リード獲得（資料請求・問い合わせ）LP（かわいい・ガーリー・全面写真＋中央キャッチ）","上級"
"LP-08726","内科・クリニック｜採用エントリーLP（信頼・誠実（コーポレート）・背景動画ループ＋オーバーレイ）","プロ（演出多め）"
"LP-08727","農業・地方の生産者｜採用エントリーLP（ハンドメイド・手書き・全面写真＋中央キャッチ）","プロ（演出多め）"
"LP-08728","ゲーム・eスポーツ｜会員登録・アプリDLLP（ネオン・サイバー・スクロールで商品が回転/分解）","プロ（演出多め）"
"LP-08729","引越し・生活サービス｜採用エントリーLP（信頼・誠実（コーポレート）・写真コラージュ）","プロ（演出多め）"
"LP-08730","クラウドファンディング・新商品｜商品購入（単品通販）LP（ポップ・カラフル・超大型タイポグラフィ）","プロ（演出多め）"
"LP-08731","クラウドファンディング・新商品｜商品購入（単品通販）LP（ダーク・シネマティック・スクロールで商品が回転/分解）","プロ（演出多め）"
"LP-08732","スマホアプリ｜無料体験・カウンセリング予約LP（グラスモーフィズム・実績数字ドーン）","プロ（演出多め）"
"LP-08733","コスメ・スキンケア｜採用エントリーLP（ラグジュアリー・高級感・写真コラージュ）","プロ（演出多め）"
"LP-08734","パーソナルジム・フィットネス｜無料体験・カウンセリング予約LP（エネルギッシュ・スポーティ・ジェネラティブ背景＋コピー）","プロ（演出多め）"
"LP-08735","内科・クリニック｜LINE友だち追加LP（信頼・誠実（コーポレート）・イラスト主体）","プロ（演出多め）"
"LP-08736","自動車・バイク｜採用エントリーLP（北欧・ライフスタイル・写真コラージュ）","プロ（演出多め）"
"LP-08737","コンサル・コーチング｜無料体験・カウンセリング予約LP（ラグジュアリー・高級感・ジェネラティブ背景＋コピー）","プロ（演出多め）"
"LP-08738","レストラン・居酒屋｜LINE友だち追加LP（ラグジュアリー・高級感・スクロールで商品が回転/分解）","プロ（演出多め）"
"LP-08739","ヨガ・ピラティス｜リード獲得（資料請求・問い合わせ）LP（北欧・ライフスタイル・超大型タイポグラフィ）","プロ（演出多め）"
"LP-08740","ペット・トリミング・動物病院｜LINE友だち追加LP（ナチュラル・オーガニック・左テキスト×右商品/人物）","プロ（演出多め）"
"LP-08741","工務店・注文住宅・リフォーム｜採用エントリーLP（ミニマル・洗練・超大型タイポグラフィ）","プロ（演出多め）"
"LP-08742","コンサル・コーチング｜リード獲得（資料請求・問い合わせ）LP（ポップ・カラフル・全面写真＋中央キャッチ）","プロ（演出多め）"
"LP-08743","工務店・注文住宅・リフォーム｜LINE友だち追加LP（信頼・誠実（コーポレート）・実績数字ドーン）","プロ（演出多め）"
"LP-08744","金融・保険・投資｜会員登録・アプリDLLP（クール・テック・全面写真＋中央キャッチ）","プロ（演出多め）"
"LP-08745","美容室・ヘアサロン｜採用エントリーLP（北欧・ライフスタイル・超大型タイポグラフィ）","プロ（演出多め）"
"LP-08746","音楽・ライブ・イベント｜採用エントリーLP（ポップ・カラフル・左テキスト×右商品/人物）","プロ（演出多め）"
"LP-08747","カフェ・ベーカリー｜リード獲得（資料請求・問い合わせ）LP（レトロ・Y2K・写真コラージュ）","プロ（演出多め）"
"LP-08748","コンサル・コーチング｜セミナー・ウェビナー集客LP（信頼・誠実（コーポレート）・左テキスト×右商品/人物）","プロ（演出多め）"
"LP-08749","サウナ・温浴施設｜無料体験・カウンセリング予約LP（かわいい・ガーリー・実績数字ドーン）","上級"
"LP-08750","保育園・幼児教育・習い事｜無料体験・カウンセリング予約LP（ポップ・カラフル・スクロールで商品が回転/分解）","プロ（演出多め）"
"LP-08751","クラウドファンディング・新商品｜クラウドファンディング支援LP（ダーク・シネマティック・実績数字ドーン）","プロ（演出多め）"
"LP-08752","食品・産直EC｜クラウドファンディング支援LP（ハンドメイド・手書き・デバイスモックアップ浮遊）","プロ（演出多め）"
"LP-08753","Web制作・デザイン事務所｜リード獲得（資料請求・問い合わせ）LP（ニューブルータリズム・ジェネラティブ背景＋コピー）","プロ（演出多め）"
"LP-08754","英会話・語学｜リード獲得（資料請求・問い合わせ）LP（ポップ・カラフル・背景動画ループ＋オーバーレイ）","プロ（演出多め）"
"LP-08755","士業（税理士・弁護士・行政書士）｜無料体験・カウンセリング予約LP（ミニマル・洗練・全面写真＋中央キャッチ）","プロ（演出多め）"
"LP-08756","美容クリニック｜採用エントリーLP（ラグジュアリー・高級感・左テキスト×右商品/人物）","プロ（演出多め）"
"LP-08757","食品・産直EC｜商品購入（単品通販）LP（ダーク・シネマティック・実績数字ドーン）","プロ（演出多め）"
"LP-08758","レストラン・居酒屋｜採用エントリーLP（レトロ・Y2K・背景動画ループ＋オーバーレイ）","プロ（演出多め）"
"LP-08759","和菓子・スイーツ｜採用エントリーLP（かわいい・ガーリー・スクロールで商品が回転/分解）","プロ（演出多め）"
"LP-08760","自動車・バイク｜採用エントリーLP（ハンドメイド・手書き・全面写真＋中央キャッチ）","プロ（演出多め）"
"LP-08761","エステ・脱毛サロン｜採用エントリーLP（ミニマル・洗練・スクロールで商品が回転/分解）","上級"
"LP-08762","農業・地方の生産者｜採用エントリーLP（和モダン・実績数字ドーン）","上級"
"LP-08763","自動車・バイク｜無料体験・カウンセリング予約LP（ラグジュアリー・高級感・デバイスモックアップ浮遊）","プロ（演出多め）"
"LP-08764","金融・保険・投資｜会員登録・アプリDLLP（ミニマル・洗練・左テキスト×右商品/人物）","プロ（演出多め）"
"LP-08765","SaaS・BtoBツール｜会員登録・アプリDLLP（ダーク・シネマティック・実績数字ドーン）","プロ（演出多め）"
"LP-08766","コスメ・スキンケア｜採用エントリーLP（グラスモーフィズム・スクロールで商品が回転/分解）","プロ（演出多め）"
"LP-08767","農業・地方の生産者｜クラウドファンディング支援LP（ハンドメイド・手書き・超大型タイポグラフィ）","プロ（演出多め）"
"LP-08768","ペット・トリミング・動物病院｜リード獲得（資料請求・問い合わせ）LP（ダーク・シネマティック・左テキスト×右商品/人物）","上級"
"LP-08769","YouTuber・インフルエンサー｜採用エントリーLP（かわいい・ガーリー・ジェネラティブ背景＋コピー）","プロ（演出多め）"
"LP-08770","ゲーム・eスポーツ｜リード獲得（資料請求・問い合わせ）LP（ダーク・シネマティック・背景動画ループ＋オーバーレイ）","プロ（演出多め）"
"LP-08771","食品・産直EC｜商品購入（単品通販）LP（ポップ・カラフル・ジェネラティブ背景＋コピー）","プロ（演出多め）"
"LP-08772","アパレル・ファッションEC｜採用エントリーLP（グラスモーフィズム・スクロールで商品が回転/分解）","プロ（演出多め）"
"LP-08773","士業（税理士・弁護士・行政書士）｜リード獲得（資料請求・問い合わせ）LP（和モダン・ジェネラティブ背景＋コピー）","プロ（演出多め）"
"LP-08774","歯科医院｜無料体験・カウンセリング予約LP（和モダン・スクロールで商品が回転/分解）","プロ（演出多め）"
"LP-08775","内科・クリニック｜LINE友だち追加LP（北欧・ライフスタイル・写真コラージュ）","上級"
"LP-08776","ホテル・旅館｜リード獲得（資料請求・問い合わせ）LP（ダーク・シネマティック・デバイスモックアップ浮遊）","プロ（演出多め）"
"LP-08777","内科・クリニック｜無料体験・カウンセリング予約LP（北欧・ライフスタイル・実績数字ドーン）","プロ（演出多め）"
"LP-08778","美容室・ヘアサロン｜採用エントリーLP（北欧・ライフスタイル・背景動画ループ＋オーバーレイ）","プロ（演出多め）"
"LP-08779","NPO・地方自治体｜採用エントリーLP（ジオメトリック・グラフィカル・スクロールで商品が回転/分解）","プロ（演出多め）"
"LP-08780","歯科医院｜LINE友だち追加LP（ナチュラル・オーガニック・イラスト主体）","プロ（演出多め）"
"LP-08781","YouTuber・インフルエンサー｜採用エントリーLP（ネオン・サイバー・デバイスモックアップ浮遊）","プロ（演出多め）"
"LP-08782","Web制作・デザイン事務所｜採用エントリーLP（ジオメトリック・グラフィカル・実績数字ドーン）","プロ（演出多め）"
"LP-08783","SaaS・BtoBツール｜採用エントリーLP（クール・テック・背景動画ループ＋オーバーレイ）","プロ（演出多め）"
"LP-08784","AIサービス・スタートアップ｜会員登録・アプリDLLP（ミニマル・洗練・スクロールで商品が回転/分解）","プロ（演出多め）"
"LP-08785","和菓子・スイーツ｜LINE友だち追加LP（ナチュラル・オーガニック・左テキスト×右商品/人物）","プロ（演出多め）"
"LP-08786","コスメ・スキンケア｜リード獲得（資料請求・問い合わせ）LP（ミニマル・洗練・ジェネラティブ背景＋コピー）","プロ（演出多め）"
"LP-08787","自動車・バイク｜リード獲得（資料請求・問い合わせ）LP（ラグジュアリー・高級感・左テキスト×右商品/人物）","プロ（演出多め）"
"LP-08788","美容室・ヘアサロン｜LINE友だち追加LP（ミニマル・洗練・実績数字ドーン）","プロ（演出多め）"
"LP-08789","ウェディング・結婚相談所｜採用エントリーLP（ラグジュアリー・高級感・実績数字ドーン）","プロ（演出多め）"
"LP-08790","採用・求人｜採用エントリーLP（エディトリアル・雑誌風・左テキスト×右商品/人物）","プロ（演出多め）"
"LP-08791","プログラミングスクール｜採用エントリーLP（ネオン・サイバー・スクロールで商品が回転/分解）","プロ（演出多め）"
"LP-08792","音楽・ライブ・イベント｜クラウドファンディング支援LP（ネオン・サイバー・左テキスト×右商品/人物）","プロ（演出多め）"
"LP-08793","アパレル・ファッションEC｜採用エントリーLP（レトロ・Y2K・イラスト主体）","プロ（演出多め）"
"LP-08794","プログラミングスクール｜無料体験・カウンセリング予約LP（ポップ・カラフル・実績数字ドーン）","プロ（演出多め）"
"LP-08795","引越し・生活サービス｜LINE友だち追加LP（ジオメトリック・グラフィカル・全面写真＋中央キャッチ）","プロ（演出多め）"
"LP-08796","スクール・オンライン講座｜会員登録・アプリDLLP（クール・テック・左テキスト×右商品/人物）","プロ（演出多め）"
"LP-08797","YouTuber・インフルエンサー｜会員登録・アプリDLLP（ラグジュアリー・高級感・左テキスト×右商品/人物）","プロ（演出多め）"
"LP-08798","自動車・バイク｜無料体験・カウンセリング予約LP（エネルギッシュ・スポーティ・全面写真＋中央キャッチ）","プロ（演出多め）"
"LP-08799","コスメ・スキンケア｜リード獲得（資料請求・問い合わせ）LP（ミニマル・洗練・超大型タイポグラフィ）","プロ（演出多め）"
"LP-08800","引越し・生活サービス｜LINE友だち追加LP（信頼・誠実（コーポレート）・超大型タイポグラフィ）","プロ（演出多め）"
"LP-08801","スクール・オンライン講座｜リード獲得（資料請求・問い合わせ）LP（信頼・誠実（コーポレート）・イラスト主体）","プロ（演出多め）"
"LP-08802","アパレル・ファッションEC｜リード獲得（資料請求・問い合わせ）LP（ミニマル・洗練・背景動画ループ＋オーバーレイ）","プロ（演出多め）"
"LP-08803","プログラミングスクール｜リード獲得（資料請求・問い合わせ）LP（クール・テック・イラスト主体）","プロ（演出多め）"
"LP-08804","建築設計事務所｜リード獲得（資料請求・問い合わせ）LP（エディトリアル・雑誌風・デバイスモックアップ浮遊）","プロ（演出多め）"
"LP-08805","観光・地域プロモーション｜クラウドファンディング支援LP（ダーク・シネマティック・デバイスモックアップ浮遊）","プロ（演出多め）"
"LP-08806","ウェディング・結婚相談所｜LINE友だち追加LP（パステル・ドリーミー・超大型タイポグラフィ）","プロ（演出多め）"
"LP-08807","エステ・脱毛サロン｜採用エントリーLP（ラグジュアリー・高級感・実績数字ドーン）","プロ（演出多め）"
"LP-08808","自動車・バイク｜採用エントリーLP（和モダン・背景動画ループ＋オーバーレイ）","プロ（演出多め）"
"LP-08809","コスメ・スキンケア｜リード獲得（資料請求・問い合わせ）LP（ポップ・カラフル・背景動画ループ＋オーバーレイ）","プロ（演出多め）"
"LP-08810","アパレル・ファッションEC｜リード獲得（資料請求・問い合わせ）LP（ミニマル・洗練・イラスト主体）","プロ（演出多め）"
"LP-08811","ヨガ・ピラティス｜リード獲得（資料請求・問い合わせ）LP（北欧・ライフスタイル・超大型タイポグラフィ）","上級"
"LP-08812","農業・地方の生産者｜採用エントリーLP（ナチュラル・オーガニック・全面写真＋中央キャッチ）","プロ（演出多め）"
"LP-08813","クラウドファンディング・新商品｜クラウドファンディング支援LP（信頼・誠実（コーポレート）・実績数字ドーン）","プロ（演出多め）"
"LP-08814","ペット・トリミング・動物病院｜リード獲得（資料請求・問い合わせ）LP（ハンドメイド・手書き・スクロールで商品が回転/分解）","プロ（演出多め）"
"LP-08815","英会話・語学｜無料体験・カウンセリング予約LP（信頼・誠実（コーポレート）・デバイスモックアップ浮遊）","プロ（演出多め）"
"LP-08816","ペット・トリミング・動物病院｜無料体験・カウンセリング予約LP（ナチュラル・オーガニック・背景動画ループ＋オーバーレイ）","プロ（演出多め）"
"LP-08817","ウェディング・結婚相談所｜LINE友だち追加LP（かわいい・ガーリー・ジェネラティブ背景＋コピー）","プロ（演出多め）"
"LP-08818","コスメ・スキンケア｜リード獲得（資料請求・問い合わせ）LP（グラスモーフィズム・ジェネラティブ背景＋コピー）","プロ（演出多め）"
"LP-08819","コンサル・コーチング｜セミナー・ウェビナー集客LP（ラグジュアリー・高級感・スクロールで商品が回転/分解）","プロ（演出多め）"
"LP-08820","採用・求人｜リード獲得（資料請求・問い合わせ）LP（ジオメトリック・グラフィカル・写真コラージュ）","プロ（演出多め）"
"LP-08821","工務店・注文住宅・リフォーム｜リード獲得（資料請求・問い合わせ）LP（信頼・誠実（コーポレート）・ジェネラティブ背景＋コピー）","上級"
"LP-08822","アパレル・ファッションEC｜商品購入（単品通販）LP（ニューブルータリズム・デバイスモックアップ浮遊）","プロ（演出多め）"
"LP-08823","サウナ・温浴施設｜LINE友だち追加LP（パステル・ドリーミー・イラスト主体）","プロ（演出多め）"
"LP-08824","クラウドファンディング・新商品｜クラウドファンディング支援LP（ダーク・シネマティック・スクロールで商品が回転/分解）","プロ（演出多め）"
"LP-08825","ゲーム・eスポーツ｜クラウドファンディング支援LP（エネルギッシュ・スポーティ・イラスト主体）","上級"
"LP-08826","保育園・幼児教育・習い事｜採用エントリーLP（ナチュラル・オーガニック・写真コラージュ）","プロ（演出多め）"
"LP-08827","英会話・語学｜会員登録・アプリDLLP（ポップ・カラフル・左テキスト×右商品/人物）","プロ（演出多め）"
"LP-08828","ヨガ・ピラティス｜リード獲得（資料請求・問い合わせ）LP（3D・クレイ・実績数字ドーン）","プロ（演出多め）"
"LP-08829","コスメ・スキンケア｜商品購入（単品通販）LP（ナチュラル・オーガニック・ジェネラティブ背景＋コピー）","プロ（演出多め）"
"LP-08830","SaaS・BtoBツール｜採用エントリーLP（グラスモーフィズム・写真コラージュ）","プロ（演出多め）"
"LP-08831","コンサル・コーチング｜採用エントリーLP（エディトリアル・雑誌風・ジェネラティブ背景＋コピー）","プロ（演出多め）"
"LP-08832","アパレル・ファッションEC｜採用エントリーLP（ミニマル・洗練・写真コラージュ）","プロ（演出多め）"
"LP-08833","Web制作・デザイン事務所｜セミナー・ウェビナー集客LP（ダーク・シネマティック・イラスト主体）","プロ（演出多め）"
"LP-08834","占い・スピリチュアル｜LINE友だち追加LP（ダーク・シネマティック・全面写真＋中央キャッチ）","プロ（演出多め）"
"LP-08835","ペット・トリミング・動物病院｜無料体験・カウンセリング予約LP（3D・クレイ・ジェネラティブ背景＋コピー）","プロ（演出多め）"
"LP-08836","Web制作・デザイン事務所｜セミナー・ウェビナー集客LP（クール・テック・イラスト主体）","プロ（演出多め）"
"LP-08837","保育園・幼児教育・習い事｜採用エントリーLP（ハンドメイド・手書き・イラスト主体）","プロ（演出多め）"
"LP-08838","保育園・幼児教育・習い事｜採用エントリーLP（かわいい・ガーリー・背景動画ループ＋オーバーレイ）","プロ（演出多め）"
"LP-08839","NPO・地方自治体｜リード獲得（資料請求・問い合わせ）LP（北欧・ライフスタイル・ジェネラティブ背景＋コピー）","プロ（演出多め）"
"LP-08840","エステ・脱毛サロン｜商品購入（単品通販）LP（ミニマル・洗練・スクロールで商品が回転/分解）","プロ（演出多め）"
"LP-08841","スクール・オンライン講座｜会員登録・アプリDLLP（ポップ・カラフル・写真コラージュ）","プロ（演出多め）"
"LP-08842","不動産・マンション｜リード獲得（資料請求・問い合わせ）LP（ミニマル・洗練・背景動画ループ＋オーバーレイ）","プロ（演出多め）"
"LP-08843","工務店・注文住宅・リフォーム｜セミナー・ウェビナー集客LP（ネオン・サイバー・デバイスモックアップ浮遊）","プロ（演出多め）"
"LP-08844","音楽・ライブ・イベント｜クラウドファンディング支援LP（クール・テック・全面写真＋中央キャッチ）","上級"
"LP-08845","AIサービス・スタートアップ｜セミナー・ウェビナー集客LP（ネオン・サイバー・実績数字ドーン）","プロ（演出多め）"
"LP-08846","英会話・語学｜会員登録・アプリDLLP（ミニマル・洗練・超大型タイポグラフィ）","プロ（演出多め）"
"LP-08847","金融・保険・投資｜セミナー・ウェビナー集客LP（信頼・誠実（コーポレート）・超大型タイポグラフィ）","プロ（演出多め）"
"LP-08848","プログラミングスクール｜会員登録・アプリDLLP（クール・テック・デバイスモックアップ浮遊）","プロ（演出多め）"
"LP-08849","食品・産直EC｜クラウドファンディング支援LP（ナチュラル・オーガニック・背景動画ループ＋オーバーレイ）","プロ（演出多め）"
"LP-08850","SaaS・BtoBツール｜採用エントリーLP（グラスモーフィズム・背景動画ループ＋オーバーレイ）","プロ（演出多め）"
"LP-08851","建築設計事務所｜採用エントリーLP（ジオメトリック・グラフィカル・イラスト主体）","上級"
"LP-08852","美容室・ヘアサロン｜リード獲得（資料請求・問い合わせ）LP（北欧・ライフスタイル・写真コラージュ）","プロ（演出多め）"
"LP-08853","スマホアプリ｜無料体験・カウンセリング予約LP（グラスモーフィズム・デバイスモックアップ浮遊）","プロ（演出多め）"
"LP-08854","クラウドファンディング・新商品｜リード獲得（資料請求・問い合わせ）LP（グラスモーフィズム・実績数字ドーン）","プロ（演出多め）"
"LP-08855","和菓子・スイーツ｜商品購入（単品通販）LP（和モダン・全面写真＋中央キャッチ）","プロ（演出多め）"
"LP-08856","ペット・トリミング・動物病院｜無料体験・カウンセリング予約LP（ナチュラル・オーガニック・左テキスト×右商品/人物）","プロ（演出多め）"
"LP-08857","美容室・ヘアサロン｜リード獲得（資料請求・問い合わせ）LP（ナチュラル・オーガニック・超大型タイポグラフィ）","プロ（演出多め）"
"LP-08858","Web制作・デザイン事務所｜リード獲得（資料請求・問い合わせ）LP（クール・テック・スクロールで商品が回転/分解）","プロ（演出多め）"
"LP-08859","金融・保険・投資｜リード獲得（資料請求・問い合わせ）LP（ミニマル・洗練・全面写真＋中央キャッチ）","プロ（演出多め）"
"LP-08860","内科・クリニック｜採用エントリーLP（信頼・誠実（コーポレート）・写真コラージュ）","プロ（演出多め）"
"LP-08861","エステ・脱毛サロン｜商品購入（単品通販）LP（ラグジュアリー・高級感・超大型タイポグラフィ）","プロ（演出多め）"
"LP-08862","和菓子・スイーツ｜LINE友だち追加LP（和モダン・デバイスモックアップ浮遊）","プロ（演出多め）"
"LP-08863","工務店・注文住宅・リフォーム｜リード獲得（資料請求・問い合わせ）LP（ミニマル・洗練・超大型タイポグラフィ）","プロ（演出多め）"
"LP-08864","採用・求人｜リード獲得（資料請求・問い合わせ）LP（ポップ・カラフル・イラスト主体）","プロ（演出多め）"
"LP-08865","不動産・マンション｜セミナー・ウェビナー集客LP（ダーク・シネマティック・背景動画ループ＋オーバーレイ）","プロ（演出多め）"
"LP-08866","コスメ・スキンケア｜採用エントリーLP（ラグジュアリー・高級感・左テキスト×右商品/人物）","プロ（演出多め）"
"LP-08867","歯科医院｜無料体験・カウンセリング予約LP（ナチュラル・オーガニック・写真コラージュ）","プロ（演出多め）"
"LP-08868","スマホアプリ｜無料体験・カウンセリング予約LP（クール・テック・実績数字ドーン）","プロ（演出多め）"
"LP-08869","英会話・語学｜会員登録・アプリDLLP（ジオメトリック・グラフィカル・左テキスト×右商品/人物）","プロ（演出多め）"
"LP-08870","農業・地方の生産者｜商品購入（単品通販）LP（和モダン・写真コラージュ）","プロ（演出多め）"
"LP-08871","SaaS・BtoBツール｜セミナー・ウェビナー集客LP（信頼・誠実（コーポレート）・実績数字ドーン）","プロ（演出多め）"
"LP-08872","金融・保険・投資｜無料体験・カウンセリング予約LP（エディトリアル・雑誌風・実績数字ドーン）","プロ（演出多め）"
"LP-08873","観光・地域プロモーション｜クラウドファンディング支援LP（ダーク・シネマティック・ジェネラティブ背景＋コピー）","プロ（演出多め）"
"LP-08874","金融・保険・投資｜セミナー・ウェビナー集客LP（信頼・誠実（コーポレート）・デバイスモックアップ浮遊）","プロ（演出多め）"
"LP-08875","コンサル・コーチング｜採用エントリーLP（レトロ・Y2K・背景動画ループ＋オーバーレイ）","上級"
"LP-08876","占い・スピリチュアル｜LINE友だち追加LP（パステル・ドリーミー・スクロールで商品が回転/分解）","プロ（演出多め）"
"LP-08877","不動産・マンション｜無料体験・カウンセリング予約LP（ジオメトリック・グラフィカル・ジェネラティブ背景＋コピー）","プロ（演出多め）"
"LP-08878","採用・求人｜採用エントリーLP（ポップ・カラフル・実績数字ドーン）","プロ（演出多め）"
"LP-08879","AIサービス・スタートアップ｜リード獲得（資料請求・問い合わせ）LP（ミニマル・洗練・超大型タイポグラフィ）","プロ（演出多め）"
"LP-08880","士業（税理士・弁護士・行政書士）｜リード獲得（資料請求・問い合わせ）LP（ミニマル・洗練・ジェネラティブ背景＋コピー）","プロ（演出多め）"
"LP-08881","コンサル・コーチング｜採用エントリーLP（エディトリアル・雑誌風・イラスト主体）","プロ（演出多め）"
"LP-08882","音楽・ライブ・イベント｜クラウドファンディング支援LP（ニューブルータリズム・写真コラージュ）","プロ（演出多め）"
"LP-08883","美容クリニック｜採用エントリーLP（ミニマル・洗練・デバイスモックアップ浮遊）","プロ（演出多め）"
"LP-08884","ホテル・旅館｜リード獲得（資料請求・問い合わせ）LP（ラグジュアリー・高級感・実績数字ドーン）","プロ（演出多め）"
"LP-08885","ヨガ・ピラティス｜リード獲得（資料請求・問い合わせ）LP（ミニマル・洗練・超大型タイポグラフィ）","プロ（演出多め）"
"LP-08886","クラウドファンディング・新商品｜商品購入（単品通販）LP（ダーク・シネマティック・デバイスモックアップ浮遊）","プロ（演出多め）"
"LP-08887","カフェ・ベーカリー｜採用エントリーLP（エディトリアル・雑誌風・ジェネラティブ背景＋コピー）","プロ（演出多め）"
"LP-08888","レストラン・居酒屋｜LINE友だち追加LP（レトロ・Y2K・超大型タイポグラフィ）","プロ（演出多め）"
"LP-08889","ゲーム・eスポーツ｜採用エントリーLP（レトロ・Y2K・左テキスト×右商品/人物）","プロ（演出多め）"
"LP-08890","採用・求人｜採用エントリーLP（ネオン・サイバー・全面写真＋中央キャッチ）","プロ（演出多め）"
"LP-08891","工務店・注文住宅・リフォーム｜LINE友だち追加LP（信頼・誠実（コーポレート）・全面写真＋中央キャッチ）","プロ（演出多め）"
"LP-08892","AIサービス・スタートアップ｜採用エントリーLP（ネオン・サイバー・実績数字ドーン）","プロ（演出多め）"
"LP-08893","ゲーム・eスポーツ｜リード獲得（資料請求・問い合わせ）LP（レトロ・Y2K・実績数字ドーン）","プロ（演出多め）"
"LP-08894","ゲーム・eスポーツ｜リード獲得（資料請求・問い合わせ）LP（和モダン・全面写真＋中央キャッチ）","プロ（演出多め）"
"LP-08895","クラウドファンディング・新商品｜商品購入（単品通販）LP（ナチュラル・オーガニック・左テキスト×右商品/人物）","プロ（演出多め）"
"LP-08896","農業・地方の生産者｜採用エントリーLP（和モダン・デバイスモックアップ浮遊）","プロ（演出多め）"
"LP-08897","アパレル・ファッションEC｜商品購入（単品通販）LP（ニューブルータリズム・イラスト主体）","プロ（演出多め）"
"LP-08898","AIサービス・スタートアップ｜採用エントリーLP（グラスモーフィズム・デバイスモックアップ浮遊）","プロ（演出多め）"
"LP-08899","ヨガ・ピラティス｜リード獲得（資料請求・問い合わせ）LP（ハンドメイド・手書き・左テキスト×右商品/人物）","プロ（演出多め）"
"LP-08900","AIサービス・スタートアップ｜リード獲得（資料請求・問い合わせ）LP（グラスモーフィズム・ジェネラティブ背景＋コピー）","プロ（演出多め）"
"LP-08901","レストラン・居酒屋｜LINE友だち追加LP（ダーク・シネマティック・スクロールで商品が回転/分解）","プロ（演出多め）"
"LP-08902","音楽・ライブ・イベント｜クラウドファンディング支援LP（ダーク・シネマティック・背景動画ループ＋オーバーレイ）","プロ（演出多め）"
"LP-08903","観光・地域プロモーション｜リード獲得（資料請求・問い合わせ）LP（ナチュラル・オーガニック・デバイスモックアップ浮遊）","プロ（演出多め）"
"LP-08904","工務店・注文住宅・リフォーム｜セミナー・ウェビナー集客LP（ナチュラル・オーガニック・写真コラージュ）","プロ（演出多め）"
"LP-08905","不動産・マンション｜無料体験・カウンセリング予約LP（ラグジュアリー・高級感・左テキスト×右商品/人物）","プロ（演出多め）"
"LP-08906","金融・保険・投資｜リード獲得（資料請求・問い合わせ）LP（パステル・ドリーミー・イラスト主体）","上級"
"LP-08907","保育園・幼児教育・習い事｜無料体験・カウンセリング予約LP（ジオメトリック・グラフィカル・全面写真＋中央キャッチ）","プロ（演出多め）"
"LP-08908","クラウドファンディング・新商品｜採用エントリーLP（ポップ・カラフル・実績数字ドーン）","プロ（演出多め）"
"LP-08909","NPO・地方自治体｜採用エントリーLP（信頼・誠実（コーポレート）・超大型タイポグラフィ）","プロ（演出多め）"
"LP-08910","パーソナルジム・フィットネス｜リード獲得（資料請求・問い合わせ）LP（ダーク・シネマティック・写真コラージュ）","プロ（演出多め）"
"LP-08911","内科・クリニック｜採用エントリーLP（ナチュラル・オーガニック・実績数字ドーン）","プロ（演出多め）"
"LP-08912","ホテル・旅館｜採用エントリーLP（ダーク・シネマティック・ジェネラティブ背景＋コピー）","上級"
"LP-08913","ゲーム・eスポーツ｜クラウドファンディング支援LP（ダーク・シネマティック・実績数字ドーン）","プロ（演出多め）"
"LP-08914","歯科医院｜無料体験・カウンセリング予約LP（ミニマル・洗練・背景動画ループ＋オーバーレイ）","プロ（演出多め）"
"LP-08915","金融・保険・投資｜無料体験・カウンセリング予約LP（クール・テック・超大型タイポグラフィ）","プロ（演出多め）"
"LP-08916","金融・保険・投資｜セミナー・ウェビナー集客LP（信頼・誠実（コーポレート）・写真コラージュ）","プロ（演出多め）"
"LP-08917","エステ・脱毛サロン｜採用エントリーLP（ミニマル・洗練・左テキスト×右商品/人物）","プロ（演出多め）"
"LP-08918","スクール・オンライン講座｜採用エントリーLP（3D・クレイ・全面写真＋中央キャッチ）","プロ（演出多め）"
"LP-08919","建築設計事務所｜採用エントリーLP（エディトリアル・雑誌風・左テキスト×右商品/人物）","プロ（演出多め）"
"LP-08920","ウェディング・結婚相談所｜リード獲得（資料請求・問い合わせ）LP（パステル・ドリーミー・イラスト主体）","プロ（演出多め）"
"LP-08921","内科・クリニック｜無料体験・カウンセリング予約LP（北欧・ライフスタイル・左テキスト×右商品/人物）","プロ（演出多め）"
"LP-08922","レストラン・居酒屋｜採用エントリーLP（ダーク・シネマティック・背景動画ループ＋オーバーレイ）","プロ（演出多め）"
"LP-08923","金融・保険・投資｜無料体験・カウンセリング予約LP（クール・テック・実績数字ドーン）","プロ（演出多め）"
"LP-08924","不動産・マンション｜無料体験・カウンセリング予約LP（信頼・誠実（コーポレート）・スクロールで商品が回転/分解）","プロ（演出多め）"
"LP-08925","ゲーム・eスポーツ｜採用エントリーLP（ダーク・シネマティック・写真コラージュ）","プロ（演出多め）"
"LP-08926","YouTuber・インフルエンサー｜リード獲得（資料請求・問い合わせ）LP（ニューブルータリズム・ジェネラティブ背景＋コピー）","プロ（演出多め）"
"LP-08927","工務店・注文住宅・リフォーム｜セミナー・ウェビナー集客LP（ナチュラル・オーガニック・背景動画ループ＋オーバーレイ）","プロ（演出多め）"
"LP-08928","コンサル・コーチング｜リード獲得（資料請求・問い合わせ）LP（信頼・誠実（コーポレート）・実績数字ドーン）","プロ（演出多め）"
"LP-08929","美容クリニック｜リード獲得（資料請求・問い合わせ）LP（ミニマル・洗練・デバイスモックアップ浮遊）","プロ（演出多め）"
"LP-08930","エステ・脱毛サロン｜無料体験・カウンセリング予約LP（かわいい・ガーリー・左テキスト×右商品/人物）","プロ（演出多め）"
"LP-08931","和菓子・スイーツ｜クラウドファンディング支援LP（グラスモーフィズム・ジェネラティブ背景＋コピー）","プロ（演出多め）"
"LP-08932","歯科医院｜採用エントリーLP（ミニマル・洗練・超大型タイポグラフィ）","プロ（演出多め）"
"LP-08933","音楽・ライブ・イベント｜採用エントリーLP（3D・クレイ・スクロールで商品が回転/分解）","上級"
"LP-08934","ウェディング・結婚相談所｜リード獲得（資料請求・問い合わせ）LP（かわいい・ガーリー・デバイスモックアップ浮遊）","プロ（演出多め）"
"LP-08935","サウナ・温浴施設｜採用エントリーLP（レトロ・Y2K・イラスト主体）","プロ（演出多め）"
"LP-08936","建築設計事務所｜採用エントリーLP（ジオメトリック・グラフィカル・実績数字ドーン）","プロ（演出多め）"
"LP-08937","ヨガ・ピラティス｜無料体験・カウンセリング予約LP（パステル・ドリーミー・デバイスモックアップ浮遊）","プロ（演出多め）"
"LP-08938","エステ・脱毛サロン｜LINE友だち追加LP（かわいい・ガーリー・イラスト主体）","プロ（演出多め）"
"LP-08939","士業（税理士・弁護士・行政書士）｜リード獲得（資料請求・問い合わせ）LP（ミニマル・洗練・スクロールで商品が回転/分解）","プロ（演出多め）"
"LP-08940","歯科医院｜リード獲得（資料請求・問い合わせ）LP（信頼・誠実（コーポレート）・左テキスト×右商品/人物）","プロ（演出多め）"
"LP-08941","YouTuber・インフルエンサー｜会員登録・アプリDLLP（ポップ・カラフル・写真コラージュ）","プロ（演出多め）"
"LP-08942","スマホアプリ｜リード獲得（資料請求・問い合わせ）LP（グラスモーフィズム・イラスト主体）","プロ（演出多め）"
"LP-08943","ペット・トリミング・動物病院｜LINE友だち追加LP（3D・クレイ・写真コラージュ）","上級"
"LP-08944","アパレル・ファッションEC｜採用エントリーLP（ミニマル・洗練・超大型タイポグラフィ）","プロ（演出多め）"
"LP-08945","保育園・幼児教育・習い事｜リード獲得（資料請求・問い合わせ）LP（ハンドメイド・手書き・デバイスモックアップ浮遊）","プロ（演出多め）"
"LP-08946","金融・保険・投資｜会員登録・アプリDLLP（クール・テック・写真コラージュ）","上級"
"LP-08947","英会話・語学｜リード獲得（資料請求・問い合わせ）LP（3D・クレイ・背景動画ループ＋オーバーレイ）","プロ（演出多め）"
"LP-08948","コンサル・コーチング｜無料体験・カウンセリング予約LP（ラグジュアリー・高級感・写真コラージュ）","プロ（演出多め）"
"LP-08949","パーソナルジム・フィットネス｜無料体験・カウンセリング予約LP（エネルギッシュ・スポーティ・ジェネラティブ背景＋コピー）","上級"
"LP-08950","スマホアプリ｜無料体験・カウンセリング予約LP（クール・テック・写真コラージュ）","プロ（演出多め）"
"LP-08951","プログラミングスクール｜会員登録・アプリDLLP（クール・テック・写真コラージュ）","プロ（演出多め）"
"LP-08952","金融・保険・投資｜採用エントリーLP（クール・テック・背景動画ループ＋オーバーレイ）","プロ（演出多め）"
"LP-08953","士業（税理士・弁護士・行政書士）｜無料体験・カウンセリング予約LP（ミニマル・洗練・写真コラージュ）","プロ（演出多め）"
"LP-08954","歯科医院｜LINE友だち追加LP（ミニマル・洗練・実績数字ドーン）","上級"
"LP-08955","アパレル・ファッションEC｜採用エントリーLP（レトロ・Y2K・背景動画ループ＋オーバーレイ）","プロ（演出多め）"
"LP-08956","パーソナルジム・フィットネス｜採用エントリーLP（クール・テック・スクロールで商品が回転/分解）","プロ（演出多め）"
"LP-08957","カフェ・ベーカリー｜採用エントリーLP（ナチュラル・オーガニック・背景動画ループ＋オーバーレイ）","プロ（演出多め）"
"LP-08958","アパレル・ファッションEC｜採用エントリーLP（エディトリアル・雑誌風・左テキスト×右商品/人物）","プロ（演出多め）"
"LP-08959","サウナ・温浴施設｜LINE友だち追加LP（ニューブルータリズム・全面写真＋中央キャッチ）","プロ（演出多め）"
"LP-08960","農業・地方の生産者｜採用エントリーLP（ハンドメイド・手書き・写真コラージュ）","プロ（演出多め）"
"LP-08961","美容クリニック｜LINE友だち追加LP（信頼・誠実（コーポレート）・スクロールで商品が回転/分解）","プロ（演出多め）"
"LP-08962","工務店・注文住宅・リフォーム｜リード獲得（資料請求・問い合わせ）LP（ポップ・カラフル・背景動画ループ＋オーバーレイ）","プロ（演出多め）"
"LP-08963","音楽・ライブ・イベント｜採用エントリーLP（ネオン・サイバー・全面写真＋中央キャッチ）","プロ（演出多め）"
"LP-08964","AIサービス・スタートアップ｜セミナー・ウェビナー集客LP（ネオン・サイバー・スクロールで商品が回転/分解）","プロ（演出多め）"
"LP-08965","コンサル・コーチング｜リード獲得（資料請求・問い合わせ）LP（ラグジュアリー・高級感・背景動画ループ＋オーバーレイ）","プロ（演出多め）"
"LP-08966","士業（税理士・弁護士・行政書士）｜無料体験・カウンセリング予約LP（ミニマル・洗練・デバイスモックアップ浮遊）","プロ（演出多め）"
"LP-08967","コンサル・コーチング｜リード獲得（資料請求・問い合わせ）LP（ミニマル・洗練・背景動画ループ＋オーバーレイ）","プロ（演出多め）"
"LP-08968","ゲーム・eスポーツ｜会員登録・アプリDLLP（ネオン・サイバー・実績数字ドーン）","プロ（演出多め）"
"LP-08969","NPO・地方自治体｜クラウドファンディング支援LP（ジオメトリック・グラフィカル・全面写真＋中央キャッチ）","プロ（演出多め）"
"LP-08970","スマホアプリ｜会員登録・アプリDLLP（パステル・ドリーミー・超大型タイポグラフィ）","プロ（演出多め）"
"LP-08971","士業（税理士・弁護士・行政書士）｜採用エントリーLP（ミニマル・洗練・写真コラージュ）","プロ（演出多め）"
"LP-08972","ウェディング・結婚相談所｜リード獲得（資料請求・問い合わせ）LP（ミニマル・洗練・全面写真＋中央キャッチ）","プロ（演出多め）"
"LP-08973","自動車・バイク｜リード獲得（資料請求・問い合わせ）LP（ラグジュアリー・高級感・ジェネラティブ背景＋コピー）","プロ（演出多め）"
"LP-08974","引越し・生活サービス｜LINE友だち追加LP（3D・クレイ・超大型タイポグラフィ）","プロ（演出多め）"
"LP-08975","内科・クリニック｜LINE友だち追加LP（ジオメトリック・グラフィカル・イラスト主体）","プロ（演出多め）"
"LP-08976","スクール・オンライン講座｜採用エントリーLP（3D・クレイ・左テキスト×右商品/人物）","プロ（演出多め）"
"LP-08977","不動産・マンション｜無料体験・カウンセリング予約LP（ダーク・シネマティック・デバイスモックアップ浮遊）","プロ（演出多め）"
"LP-08978","食品・産直EC｜リード獲得（資料請求・問い合わせ）LP（和モダン・デバイスモックアップ浮遊）","プロ（演出多め）"
"LP-08979","金融・保険・投資｜無料体験・カウンセリング予約LP（信頼・誠実（コーポレート）・写真コラージュ）","プロ（演出多め）"
"LP-08980","レストラン・居酒屋｜リード獲得（資料請求・問い合わせ）LP（ニューブルータリズム・全面写真＋中央キャッチ）","プロ（演出多め）"
"LP-08981","食品・産直EC｜クラウドファンディング支援LP（和モダン・背景動画ループ＋オーバーレイ）","プロ（演出多め）"
"LP-08982","ペット・トリミング・動物病院｜無料体験・カウンセリング予約LP（3D・クレイ・左テキスト×右商品/人物）","プロ（演出多め）"
"LP-08983","占い・スピリチュアル｜無料体験・カウンセリング予約LP（パステル・ドリーミー・スクロールで商品が回転/分解）","プロ（演出多め）"
"LP-08984","Web制作・デザイン事務所｜採用エントリーLP（ナチュラル・オーガニック・実績数字ドーン）","プロ（演出多め）"
"LP-08985","工務店・注文住宅・リフォーム｜採用エントリーLP（ジオメトリック・グラフィカル・写真コラージュ）","プロ（演出多め）"
"LP-08986","ウェディング・結婚相談所｜LINE友だち追加LP（パステル・ドリーミー・背景動画ループ＋オーバーレイ）","プロ（演出多め）"
"LP-08987","レストラン・居酒屋｜採用エントリーLP（レトロ・Y2K・スクロールで商品が回転/分解）","プロ（演出多め）"
"LP-08988","コスメ・スキンケア｜リード獲得（資料請求・問い合わせ）LP（ポップ・カラフル・実績数字ドーン）","プロ（演出多め）"
"LP-08989","観光・地域プロモーション｜クラウドファンディング支援LP（ナチュラル・オーガニック・イラスト主体）","プロ（演出多め）"
"LP-08990","ペット・トリミング・動物病院｜LINE友だち追加LP（3D・クレイ・左テキスト×右商品/人物）","プロ（演出多め）"
"LP-08991","アパレル・ファッションEC｜採用エントリーLP（ミニマル・洗練・実績数字ドーン）","プロ（演出多め）"
"LP-08992","ホテル・旅館｜リード獲得（資料請求・問い合わせ）LP（和モダン・実績数字ドーン）","プロ（演出多め）"
"LP-08993","カフェ・ベーカリー｜リード獲得（資料請求・問い合わせ）LP（エディトリアル・雑誌風・デバイスモックアップ浮遊）","プロ（演出多め）"
"LP-08994","金融・保険・投資｜会員登録・アプリDLLP（ミニマル・洗練・全面写真＋中央キャッチ）","プロ（演出多め）"
"LP-08995","内科・クリニック｜LINE友だち追加LP（ナチュラル・オーガニック・左テキスト×右商品/人物）","プロ（演出多め）"
"LP-08996","内科・クリニック｜無料体験・カウンセリング予約LP（ナチュラル・オーガニック・スクロールで商品が回転/分解）","プロ（演出多め）"
"LP-08997","サウナ・温浴施設｜リード獲得（資料請求・問い合わせ）LP（ニューブルータリズム・左テキスト×右商品/人物）","プロ（演出多め）"
"LP-08998","食品・産直EC｜採用エントリーLP（ポップ・カラフル・写真コラージュ）","プロ（演出多め）"
"LP-08999","食品・産直EC｜クラウドファンディング支援LP（和モダン・実績数字ドーン）","プロ（演出多め）"
"LP-09000","占い・スピリチュアル｜リード獲得（資料請求・問い合わせ）LP（ラグジュアリー・高級感・左テキスト×右商品/人物）","プロ（演出多め）"
"LP-09001","和菓子・スイーツ｜リード獲得（資料請求・問い合わせ）LP（ナチュラル・オーガニック・写真コラージュ）","プロ（演出多め）"
"LP-09002","採用・求人｜リード獲得（資料請求・問い合わせ）LP（ポップ・カラフル・背景動画ループ＋オーバーレイ）","プロ（演出多め）"
"LP-09003","カフェ・ベーカリー｜採用エントリーLP（エディトリアル・雑誌風・全面写真＋中央キャッチ）","プロ（演出多め）"
"LP-09004","士業（税理士・弁護士・行政書士）｜リード獲得（資料請求・問い合わせ）LP（和モダン・実績数字ドーン）","プロ（演出多め）"
"LP-09005","内科・クリニック｜リード獲得（資料請求・問い合わせ）LP（ナチュラル・オーガニック・スクロールで商品が回転/分解）","プロ（演出多め）"
"LP-09006","ヨガ・ピラティス｜無料体験・カウンセリング予約LP（北欧・ライフスタイル・背景動画ループ＋オーバーレイ）","プロ（演出多め）"
"LP-09007","コンサル・コーチング｜採用エントリーLP（信頼・誠実（コーポレート）・背景動画ループ＋オーバーレイ）","プロ（演出多め）"
"LP-09008","音楽・ライブ・イベント｜リード獲得（資料請求・問い合わせ）LP（ネオン・サイバー・全面写真＋中央キャッチ）","プロ（演出多め）"
"LP-09009","ウェディング・結婚相談所｜LINE友だち追加LP（ハンドメイド・手書き・実績数字ドーン）","プロ（演出多め）"
"LP-09010","プログラミングスクール｜採用エントリーLP（3D・クレイ・ジェネラティブ背景＋コピー）","プロ（演出多め）"
"LP-09011","保育園・幼児教育・習い事｜採用エントリーLP（ハンドメイド・手書き・左テキスト×右商品/人物）","プロ（演出多め）"
"LP-09012","スクール・オンライン講座｜セミナー・ウェビナー集客LP（3D・クレイ・デバイスモックアップ浮遊）","プロ（演出多め）"
"LP-09013","プログラミングスクール｜会員登録・アプリDLLP（ポップ・カラフル・左テキスト×右商品/人物）","プロ（演出多め）"
"LP-09014","建築設計事務所｜採用エントリーLP（ミニマル・洗練・スクロールで商品が回転/分解）","プロ（演出多め）"
"LP-09015","ホテル・旅館｜LINE友だち追加LP（ラグジュアリー・高級感・左テキスト×右商品/人物）","プロ（演出多め）"
"LP-09016","ゲーム・eスポーツ｜採用エントリーLP（レトロ・Y2K・左テキスト×右商品/人物）","プロ（演出多め）"
"LP-09017","士業（税理士・弁護士・行政書士）｜無料体験・カウンセリング予約LP（和モダン・デバイスモックアップ浮遊）","プロ（演出多め）"
"LP-09018","不動産・マンション｜採用エントリーLP（信頼・誠実（コーポレート）・デバイスモックアップ浮遊）","プロ（演出多め）"
"LP-09019","採用・求人｜リード獲得（資料請求・問い合わせ）LP（レトロ・Y2K・ジェネラティブ背景＋コピー）","プロ（演出多め）"
"LP-09020","アパレル・ファッションEC｜リード獲得（資料請求・問い合わせ）LP（レトロ・Y2K・デバイスモックアップ浮遊）","プロ（演出多め）"
"LP-09021","占い・スピリチュアル｜LINE友だち追加LP（和モダン・スクロールで商品が回転/分解）","プロ（演出多め）"
"LP-09022","音楽・ライブ・イベント｜採用エントリーLP（ニューブルータリズム・イラスト主体）","プロ（演出多め）"
"LP-09023","ゲーム・eスポーツ｜リード獲得（資料請求・問い合わせ）LP（ダーク・シネマティック・ジェネラティブ背景＋コピー）","プロ（演出多め）"
"LP-09024","工務店・注文住宅・リフォーム｜リード獲得（資料請求・問い合わせ）LP（3D・クレイ・イラスト主体）","プロ（演出多め）"
"LP-09025","ペット・トリミング・動物病院｜商品購入（単品通販）LP（ナチュラル・オーガニック・デバイスモックアップ浮遊）","プロ（演出多め）"
"LP-09026","ウェディング・結婚相談所｜採用エントリーLP（ラグジュアリー・高級感・スクロールで商品が回転/分解）","プロ（演出多め）"
"LP-09027","クラウドファンディング・新商品｜リード獲得（資料請求・問い合わせ）LP（クール・テック・背景動画ループ＋オーバーレイ）","プロ（演出多め）"
"LP-09028","食品・産直EC｜クラウドファンディング支援LP（北欧・ライフスタイル・背景動画ループ＋オーバーレイ）","プロ（演出多め）"
"LP-09029","建築設計事務所｜採用エントリーLP（かわいい・ガーリー・超大型タイポグラフィ）","プロ（演出多め）"
"LP-09030","スクール・オンライン講座｜採用エントリーLP（クール・テック・写真コラージュ）","プロ（演出多め）"
"LP-09031","AIサービス・スタートアップ｜リード獲得（資料請求・問い合わせ）LP（ネオン・サイバー・左テキスト×右商品/人物）","プロ（演出多め）"
"LP-09032","エステ・脱毛サロン｜商品購入（単品通販）LP（ミニマル・洗練・超大型タイポグラフィ）","プロ（演出多め）"
"LP-09033","YouTuber・インフルエンサー｜リード獲得（資料請求・問い合わせ）LP（ネオン・サイバー・実績数字ドーン）","プロ（演出多め）"
"LP-09034","SaaS・BtoBツール｜採用エントリーLP（信頼・誠実（コーポレート）・背景動画ループ＋オーバーレイ）","プロ（演出多め）"
"LP-09035","和菓子・スイーツ｜商品購入（単品通販）LP（和モダン・全面写真＋中央キャッチ）","プロ（演出多め）"
"LP-09036","サウナ・温浴施設｜無料体験・カウンセリング予約LP（ナチュラル・オーガニック・写真コラージュ）","プロ（演出多め）"
"LP-09037","採用・求人｜採用エントリーLP（ジオメトリック・グラフィカル・スクロールで商品が回転/分解）","プロ（演出多め）"
"LP-09038","美容室・ヘアサロン｜リード獲得（資料請求・問い合わせ）LP（エディトリアル・雑誌風・写真コラージュ）","プロ（演出多め）"
"LP-09039","不動産・マンション｜無料体験・カウンセリング予約LP（パステル・ドリーミー・デバイスモックアップ浮遊）","プロ（演出多め）"
"LP-09040","士業（税理士・弁護士・行政書士）｜リード獲得（資料請求・問い合わせ）LP（パステル・ドリーミー・写真コラージュ）","プロ（演出多め）"
"LP-09041","クラウドファンディング・新商品｜クラウドファンディング支援LP（ナチュラル・オーガニック・超大型タイポグラフィ）","プロ（演出多め）"
"LP-09042","引越し・生活サービス｜採用エントリーLP（3D・クレイ・背景動画ループ＋オーバーレイ）","プロ（演出多め）"
"LP-09043","ヨガ・ピラティス｜無料体験・カウンセリング予約LP（北欧・ライフスタイル・ジェネラティブ背景＋コピー）","プロ（演出多め）"
"LP-09044","ヨガ・ピラティス｜リード獲得（資料請求・問い合わせ）LP（ミニマル・洗練・全面写真＋中央キャッチ）","プロ（演出多め）"
"LP-09045","音楽・ライブ・イベント｜リード獲得（資料請求・問い合わせ）LP（ダーク・シネマティック・左テキスト×右商品/人物）","プロ（演出多め）"
"LP-09046","食品・産直EC｜クラウドファンディング支援LP（和モダン・スクロールで商品が回転/分解）","プロ（演出多め）"
"LP-09047","歯科医院｜リード獲得（資料請求・問い合わせ）LP（信頼・誠実（コーポレート）・全面写真＋中央キャッチ）","上級"
"LP-09048","美容クリニック｜採用エントリーLP（信頼・誠実（コーポレート）・超大型タイポグラフィ）","プロ（演出多め）"
"LP-09049","エステ・脱毛サロン｜採用エントリーLP（クール・テック・イラスト主体）","プロ（演出多め）"
"LP-09050","和菓子・スイーツ｜商品購入（単品通販）LP（グラスモーフィズム・超大型タイポグラフィ）","プロ（演出多め）"
"LP-09051","内科・クリニック｜LINE友だち追加LP（信頼・誠実（コーポレート）・左テキスト×右商品/人物）","プロ（演出多め）"
"LP-09052","採用・求人｜採用エントリーLP（ポップ・カラフル・超大型タイポグラフィ）","プロ（演出多め）"
"LP-09053","ウェディング・結婚相談所｜リード獲得（資料請求・問い合わせ）LP（ラグジュアリー・高級感・実績数字ドーン）","プロ（演出多め）"
"LP-09054","保育園・幼児教育・習い事｜LINE友だち追加LP（ネオン・サイバー・全面写真＋中央キャッチ）","プロ（演出多め）"
"LP-09055","レストラン・居酒屋｜リード獲得（資料請求・問い合わせ）LP（ダーク・シネマティック・全面写真＋中央キャッチ）","プロ（演出多め）"
"LP-09056","占い・スピリチュアル｜LINE友だち追加LP（ダーク・シネマティック・デバイスモックアップ浮遊）","プロ（演出多め）"
"LP-09057","ペット・トリミング・動物病院｜無料体験・カウンセリング予約LP（3D・クレイ・デバイスモックアップ浮遊）","プロ（演出多め）"
"LP-09058","不動産・マンション｜無料体験・カウンセリング予約LP（ラグジュアリー・高級感・実績数字ドーン）","プロ（演出多め）"
"LP-09059","レストラン・居酒屋｜採用エントリーLP（ダーク・シネマティック・左テキスト×右商品/人物）","プロ（演出多め）"
"LP-09060","NPO・地方自治体｜クラウドファンディング支援LP（ジオメトリック・グラフィカル・背景動画ループ＋オーバーレイ）","プロ（演出多め）"
"LP-09061","パーソナルジム・フィットネス｜LINE友だち追加LP（ダーク・シネマティック・スクロールで商品が回転/分解）","プロ（演出多め）"
"LP-09062","YouTuber・インフルエンサー｜会員登録・アプリDLLP（かわいい・ガーリー・写真コラージュ）","プロ（演出多め）"
"LP-09063","採用・求人｜採用エントリーLP（エディトリアル・雑誌風・スクロールで商品が回転/分解）","上級"
"LP-09064","保育園・幼児教育・習い事｜リード獲得（資料請求・問い合わせ）LP（ハンドメイド・手書き・左テキスト×右商品/人物）","プロ（演出多め）"
"LP-09065","占い・スピリチュアル｜無料体験・カウンセリング予約LP（ダーク・シネマティック・デバイスモックアップ浮遊）","プロ（演出多め）"
"LP-09066","美容室・ヘアサロン｜採用エントリーLP（エディトリアル・雑誌風・写真コラージュ）","上級"
"LP-09067","ホテル・旅館｜LINE友だち追加LP（ミニマル・洗練・ジェネラティブ背景＋コピー）","プロ（演出多め）"
"LP-09068","コスメ・スキンケア｜リード獲得（資料請求・問い合わせ）LP（パステル・ドリーミー・イラスト主体）","プロ（演出多め）"
"LP-09069","SaaS・BtoBツール｜採用エントリーLP（信頼・誠実（コーポレート）・実績数字ドーン）","プロ（演出多め）"
"LP-09070","AIサービス・スタートアップ｜会員登録・アプリDLLP（ネオン・サイバー・超大型タイポグラフィ）","プロ（演出多め）"
"LP-09071","AIサービス・スタートアップ｜採用エントリーLP（グラスモーフィズム・スクロールで商品が回転/分解）","上級"
"LP-09072","引越し・生活サービス｜LINE友だち追加LP（3D・クレイ・左テキスト×右商品/人物）","プロ（演出多め）"
"LP-09073","ペット・トリミング・動物病院｜リード獲得（資料請求・問い合わせ）LP（ナチュラル・オーガニック・デバイスモックアップ浮遊）","プロ（演出多め）"
"LP-09074","自動車・バイク｜採用エントリーLP（レトロ・Y2K・全面写真＋中央キャッチ）","上級"
"LP-09075","士業（税理士・弁護士・行政書士）｜リード獲得（資料請求・問い合わせ）LP（ミニマル・洗練・イラスト主体）","プロ（演出多め）"
"LP-09076","コンサル・コーチング｜採用エントリーLP（ラグジュアリー・高級感・背景動画ループ＋オーバーレイ）","プロ（演出多め）"
"LP-09077","YouTuber・インフルエンサー｜採用エントリーLP（ネオン・サイバー・全面写真＋中央キャッチ）","プロ（演出多め）"
"LP-09078","占い・スピリチュアル｜採用エントリーLP（ダーク・シネマティック・デバイスモックアップ浮遊）","プロ（演出多め）"
"LP-09079","ホテル・旅館｜採用エントリーLP（和モダン・写真コラージュ）","プロ（演出多め）"
"LP-09080","スクール・オンライン講座｜セミナー・ウェビナー集客LP（3D・クレイ・ジェネラティブ背景＋コピー）","プロ（演出多め）"
"LP-09081","保育園・幼児教育・習い事｜無料体験・カウンセリング予約LP（かわいい・ガーリー・実績数字ドーン）","プロ（演出多め）"
"LP-09082","コンサル・コーチング｜採用エントリーLP（ラグジュアリー・高級感・イラスト主体）","プロ（演出多め）"
"LP-09083","建築設計事務所｜リード獲得（資料請求・問い合わせ）LP（ハンドメイド・手書き・ジェネラティブ背景＋コピー）","上級"
"LP-09084","美容室・ヘアサロン｜リード獲得（資料請求・問い合わせ）LP（エディトリアル・雑誌風・実績数字ドーン）","プロ（演出多め）"
"LP-09085","農業・地方の生産者｜商品購入（単品通販）LP（信頼・誠実（コーポレート）・実績数字ドーン）","上級"
"LP-09086","ペット・トリミング・動物病院｜LINE友だち追加LP（ナチュラル・オーガニック・左テキスト×右商品/人物）","プロ（演出多め）"
"LP-09087","美容室・ヘアサロン｜LINE友だち追加LP（エディトリアル・雑誌風・実績数字ドーン）","プロ（演出多め）"
"LP-09088","パーソナルジム・フィットネス｜リード獲得（資料請求・問い合わせ）LP（クール・テック・背景動画ループ＋オーバーレイ）","プロ（演出多め）"
"LP-09089","サウナ・温浴施設｜リード獲得（資料請求・問い合わせ）LP（和モダン・イラスト主体）","プロ（演出多め）"
"LP-09090","レストラン・居酒屋｜採用エントリーLP（ダーク・シネマティック・スクロールで商品が回転/分解）","プロ（演出多め）"
"LP-09091","農業・地方の生産者｜採用エントリーLP（和モダン・デバイスモックアップ浮遊）","プロ（演出多め）"
"LP-09092","コスメ・スキンケア｜商品購入（単品通販）LP（ミニマル・洗練・イラスト主体）","プロ（演出多め）"
"LP-09093","食品・産直EC｜商品購入（単品通販）LP（ハンドメイド・手書き・スクロールで商品が回転/分解）","プロ（演出多め）"
"LP-09094","保育園・幼児教育・習い事｜リード獲得（資料請求・問い合わせ）LP（ナチュラル・オーガニック・背景動画ループ＋オーバーレイ）","プロ（演出多め）"
"LP-09095","スクール・オンライン講座｜無料体験・カウンセリング予約LP（クール・テック・背景動画ループ＋オーバーレイ）","プロ（演出多め）"
"LP-09096","農業・地方の生産者｜採用エントリーLP（ニューブルータリズム・全面写真＋中央キャッチ）","プロ（演出多め）"
"LP-09097","観光・地域プロモーション｜クラウドファンディング支援LP（ハンドメイド・手書き・背景動画ループ＋オーバーレイ）","プロ（演出多め）"
"LP-09098","NPO・地方自治体｜採用エントリーLP（ジオメトリック・グラフィカル・写真コラージュ）","プロ（演出多め）"
"LP-09099","採用・求人｜採用エントリーLP（信頼・誠実（コーポレート）・イラスト主体）","プロ（演出多め）"
"LP-09100","エステ・脱毛サロン｜LINE友だち追加LP（ミニマル・洗練・デバイスモックアップ浮遊）","プロ（演出多め）"
"LP-09101","美容クリニック｜採用エントリーLP（ラグジュアリー・高級感・デバイスモックアップ浮遊）","プロ（演出多め）"
"LP-09102","占い・スピリチュアル｜リード獲得（資料請求・問い合わせ）LP（ラグジュアリー・高級感・超大型タイポグラフィ）","プロ（演出多め）"
"LP-09103","歯科医院｜無料体験・カウンセリング予約LP（ナチュラル・オーガニック・デバイスモックアップ浮遊）","プロ（演出多め）"
"LP-09104","ヨガ・ピラティス｜リード獲得（資料請求・問い合わせ）LP（ミニマル・洗練・全面写真＋中央キャッチ）","上級"
"LP-09105","SaaS・BtoBツール｜採用エントリーLP（3D・クレイ・左テキスト×右商品/人物）","プロ（演出多め）"
"LP-09106","占い・スピリチュアル｜無料体験・カウンセリング予約LP（ラグジュアリー・高級感・背景動画ループ＋オーバーレイ）","プロ（演出多め）"
"LP-09107","採用・求人｜リード獲得（資料請求・問い合わせ）LP（ニューブルータリズム・デバイスモックアップ浮遊）","上級"
"LP-09108","不動産・マンション｜無料体験・カウンセリング予約LP（ジオメトリック・グラフィカル・デバイスモックアップ浮遊）","プロ（演出多め）"
"LP-09109","ゲーム・eスポーツ｜クラウドファンディング支援LP（ネオン・サイバー・ジェネラティブ背景＋コピー）","プロ（演出多め）"
"LP-09110","占い・スピリチュアル｜LINE友だち追加LP（和モダン・全面写真＋中央キャッチ）","プロ（演出多め）"
"LP-09111","スクール・オンライン講座｜採用エントリーLP（信頼・誠実（コーポレート）・スクロールで商品が回転/分解）","プロ（演出多め）"
"LP-09112","カフェ・ベーカリー｜LINE友だち追加LP（北欧・ライフスタイル・実績数字ドーン）","プロ（演出多め）"
"LP-09113","ペット・トリミング・動物病院｜LINE友だち追加LP（ハンドメイド・手書き・超大型タイポグラフィ）","プロ（演出多め）"
"LP-09114","工務店・注文住宅・リフォーム｜セミナー・ウェビナー集客LP（レトロ・Y2K・写真コラージュ）","プロ（演出多め）"
"LP-09115","YouTuber・インフルエンサー｜リード獲得（資料請求・問い合わせ）LP（ニューブルータリズム・デバイスモックアップ浮遊）","プロ（演出多め）"
"LP-09116","引越し・生活サービス｜リード獲得（資料請求・問い合わせ）LP（3D・クレイ・スクロールで商品が回転/分解）","プロ（演出多め）"
"LP-09117","自動車・バイク｜無料体験・カウンセリング予約LP（エネルギッシュ・スポーティ・実績数字ドーン）","プロ（演出多め）"
"LP-09118","スマホアプリ｜会員登録・アプリDLLP（グラスモーフィズム・ジェネラティブ背景＋コピー）","プロ（演出多め）"
"LP-09119","スクール・オンライン講座｜セミナー・ウェビナー集客LP（3D・クレイ・左テキスト×右商品/人物）","プロ（演出多め）"
"LP-09120","サウナ・温浴施設｜リード獲得（資料請求・問い合わせ）LP（和モダン・実績数字ドーン）","プロ（演出多め）"
"LP-09121","カフェ・ベーカリー｜リード獲得（資料請求・問い合わせ）LP（ハンドメイド・手書き・スクロールで商品が回転/分解）","プロ（演出多め）"
"LP-09122","SaaS・BtoBツール｜リード獲得（資料請求・問い合わせ）LP（グラスモーフィズム・超大型タイポグラフィ）","プロ（演出多め）"
"LP-09123","ヨガ・ピラティス｜無料体験・カウンセリング予約LP（パステル・ドリーミー・背景動画ループ＋オーバーレイ）","プロ（演出多め）"
"LP-09124","ウェディング・結婚相談所｜無料体験・カウンセリング予約LP（パステル・ドリーミー・イラスト主体）","上級"
"LP-09125","AIサービス・スタートアップ｜会員登録・アプリDLLP（クール・テック・左テキスト×右商品/人物）","上級"
"LP-09126","不動産・マンション｜リード獲得（資料請求・問い合わせ）LP（ラグジュアリー・高級感・全面写真＋中央キャッチ）","プロ（演出多め）"
"LP-09127","採用・求人｜リード獲得（資料請求・問い合わせ）LP（ハンドメイド・手書き・背景動画ループ＋オーバーレイ）","プロ（演出多め）"
"LP-09128","クラウドファンディング・新商品｜クラウドファンディング支援LP（ポップ・カラフル・スクロールで商品が回転/分解）","プロ（演出多め）"
"LP-09129","音楽・ライブ・イベント｜リード獲得（資料請求・問い合わせ）LP（レトロ・Y2K・実績数字ドーン）","プロ（演出多め）"
"LP-09130","サウナ・温浴施設｜採用エントリーLP（レトロ・Y2K・写真コラージュ）","プロ（演出多め）"
"LP-09131","和菓子・スイーツ｜クラウドファンディング支援LP（かわいい・ガーリー・デバイスモックアップ浮遊）","プロ（演出多め）"
"LP-09132","YouTuber・インフルエンサー｜採用エントリーLP（かわいい・ガーリー・超大型タイポグラフィ）","プロ（演出多め）"
"LP-09133","カフェ・ベーカリー｜LINE友だち追加LP（エディトリアル・雑誌風・背景動画ループ＋オーバーレイ）","プロ（演出多め）"
"LP-09134","美容クリニック｜リード獲得（資料請求・問い合わせ）LP（ミニマル・洗練・写真コラージュ）","プロ（演出多め）"
"LP-09135","金融・保険・投資｜リード獲得（資料請求・問い合わせ）LP（クール・テック・写真コラージュ）","プロ（演出多め）"
"LP-09136","ペット・トリミング・動物病院｜LINE友だち追加LP（かわいい・ガーリー・イラスト主体）","プロ（演出多め）"
"LP-09137","英会話・語学｜会員登録・アプリDLLP（ジオメトリック・グラフィカル・写真コラージュ）","プロ（演出多め）"
"LP-09138","工務店・注文住宅・リフォーム｜セミナー・ウェビナー集客LP（信頼・誠実（コーポレート）・全面写真＋中央キャッチ）","上級"
"LP-09139","音楽・ライブ・イベント｜リード獲得（資料請求・問い合わせ）LP（エネルギッシュ・スポーティ・ジェネラティブ背景＋コピー）","プロ（演出多め）"
"LP-09140","農業・地方の生産者｜リード獲得（資料請求・問い合わせ）LP（和モダン・デバイスモックアップ浮遊）","プロ（演出多め）"
"LP-09141","英会話・語学｜無料体験・カウンセリング予約LP（ポップ・カラフル・超大型タイポグラフィ）","プロ（演出多め）"
"LP-09142","士業（税理士・弁護士・行政書士）｜採用エントリーLP（ミニマル・洗練・スクロールで商品が回転/分解）","プロ（演出多め）"
"LP-09143","コスメ・スキンケア｜採用エントリーLP（和モダン・実績数字ドーン）","プロ（演出多め）"
"LP-09144","パーソナルジム・フィットネス｜採用エントリーLP（レトロ・Y2K・ジェネラティブ背景＋コピー）","プロ（演出多め）"
"LP-09145","アパレル・ファッションEC｜商品購入（単品通販）LP（エディトリアル・雑誌風・スクロールで商品が回転/分解）","プロ（演出多め）"
"LP-09146","建築設計事務所｜リード獲得（資料請求・問い合わせ）LP（エディトリアル・雑誌風・デバイスモックアップ浮遊）","プロ（演出多め）"
"LP-09147","建築設計事務所｜採用エントリーLP（エディトリアル・雑誌風・左テキスト×右商品/人物）","プロ（演出多め）"
"LP-09148","美容室・ヘアサロン｜リード獲得（資料請求・問い合わせ）LP（ミニマル・洗練・超大型タイポグラフィ）","プロ（演出多め）"
"LP-09149","建築設計事務所｜採用エントリーLP（ミニマル・洗練・ジェネラティブ背景＋コピー）","プロ（演出多め）"
"LP-09150","ゲーム・eスポーツ｜採用エントリーLP（エネルギッシュ・スポーティ・実績数字ドーン）","プロ（演出多め）"
"LP-09151","コスメ・スキンケア｜商品購入（単品通販）LP（グラスモーフィズム・背景動画ループ＋オーバーレイ）","上級"
"LP-09152","音楽・ライブ・イベント｜採用エントリーLP（レトロ・Y2K・イラスト主体）","プロ（演出多め）"
"LP-09153","SaaS・BtoBツール｜採用エントリーLP（信頼・誠実（コーポレート）・背景動画ループ＋オーバーレイ）","プロ（演出多め）"
"LP-09154","コスメ・スキンケア｜リード獲得（資料請求・問い合わせ）LP（ラグジュアリー・高級感・左テキスト×右商品/人物）","プロ（演出多め）"
"LP-09155","美容室・ヘアサロン｜リード獲得（資料請求・問い合わせ）LP（3D・クレイ・写真コラージュ）","プロ（演出多め）"
"LP-09156","保育園・幼児教育・習い事｜リード獲得（資料請求・問い合わせ）LP（かわいい・ガーリー・スクロールで商品が回転/分解）","プロ（演出多め）"
"LP-09157","アパレル・ファッションEC｜商品購入（単品通販）LP（ミニマル・洗練・写真コラージュ）","プロ（演出多め）"
"LP-09158","観光・地域プロモーション｜リード獲得（資料請求・問い合わせ）LP（ポップ・カラフル・ジェネラティブ背景＋コピー）","上級"
"LP-09159","英会話・語学｜会員登録・アプリDLLP（3D・クレイ・背景動画ループ＋オーバーレイ）","プロ（演出多め）"
"LP-09160","美容クリニック｜無料体験・カウンセリング予約LP（信頼・誠実（コーポレート）・イラスト主体）","プロ（演出多め）"
"LP-09161","占い・スピリチュアル｜無料体験・カウンセリング予約LP（パステル・ドリーミー・全面写真＋中央キャッチ）","プロ（演出多め）"
"LP-09162","工務店・注文住宅・リフォーム｜LINE友だち追加LP（3D・クレイ・デバイスモックアップ浮遊）","上級"
"LP-09163","Web制作・デザイン事務所｜セミナー・ウェビナー集客LP（ダーク・シネマティック・デバイスモックアップ浮遊）","プロ（演出多め）"
"LP-09164","観光・地域プロモーション｜採用エントリーLP（ナチュラル・オーガニック・超大型タイポグラフィ）","プロ（演出多め）"
"LP-09165","引越し・生活サービス｜リード獲得（資料請求・問い合わせ）LP（3D・クレイ・全面写真＋中央キャッチ）","プロ（演出多め）"
"LP-09166","採用・求人｜採用エントリーLP（ポップ・カラフル・イラスト主体）","プロ（演出多め）"
"LP-09167","エステ・脱毛サロン｜LINE友だち追加LP（パステル・ドリーミー・イラスト主体）","プロ（演出多め）"
"LP-09168","AIサービス・スタートアップ｜会員登録・アプリDLLP（グラスモーフィズム・写真コラージュ）","プロ（演出多め）"
"LP-09169","引越し・生活サービス｜LINE友だち追加LP（3D・クレイ・写真コラージュ）","プロ（演出多め）"
"LP-09170","保育園・幼児教育・習い事｜無料体験・カウンセリング予約LP（ミニマル・洗練・イラスト主体）","プロ（演出多め）"
"LP-09171","歯科医院｜無料体験・カウンセリング予約LP（ナチュラル・オーガニック・超大型タイポグラフィ）","プロ（演出多め）"
"LP-09172","パーソナルジム・フィットネス｜リード獲得（資料請求・問い合わせ）LP（ダーク・シネマティック・実績数字ドーン）","プロ（演出多め）"
"LP-09173","ウェディング・結婚相談所｜無料体験・カウンセリング予約LP（パステル・ドリーミー・背景動画ループ＋オーバーレイ）","プロ（演出多め）"
"LP-09174","美容室・ヘアサロン｜無料体験・カウンセリング予約LP（ミニマル・洗練・ジェネラティブ背景＋コピー）","プロ（演出多め）"
"LP-09175","士業（税理士・弁護士・行政書士）｜セミナー・ウェビナー集客LP（クール・テック・全面写真＋中央キャッチ）","プロ（演出多め）"
"LP-09176","NPO・地方自治体｜リード獲得（資料請求・問い合わせ）LP（ナチュラル・オーガニック・デバイスモックアップ浮遊）","上級"
"LP-09177","ホテル・旅館｜リード獲得（資料請求・問い合わせ）LP（ミニマル・洗練・超大型タイポグラフィ）","プロ（演出多め）"
"LP-09178","ヨガ・ピラティス｜採用エントリーLP（ナチュラル・オーガニック・イラスト主体）","プロ（演出多め）"
"LP-09179","採用・求人｜リード獲得（資料請求・問い合わせ）LP（ポップ・カラフル・背景動画ループ＋オーバーレイ）","プロ（演出多め）"
"LP-09180","AIサービス・スタートアップ｜無料体験・カウンセリング予約LP（ネオン・サイバー・イラスト主体）","プロ（演出多め）"
"LP-09181","保育園・幼児教育・習い事｜LINE友だち追加LP（ナチュラル・オーガニック・左テキスト×右商品/人物）","プロ（演出多め）"
"LP-09182","農業・地方の生産者｜採用エントリーLP（ハンドメイド・手書き・写真コラージュ）","プロ（演出多め）"
"LP-09183","スクール・オンライン講座｜セミナー・ウェビナー集客LP（クール・テック・超大型タイポグラフィ）","プロ（演出多め）"
"LP-09184","占い・スピリチュアル｜無料体験・カウンセリング予約LP（ラグジュアリー・高級感・全面写真＋中央キャッチ）","プロ（演出多め）"
"LP-09185","採用・求人｜リード獲得（資料請求・問い合わせ）LP（エディトリアル・雑誌風・デバイスモックアップ浮遊）","プロ（演出多め）"
"LP-09186","SaaS・BtoBツール｜セミナー・ウェビナー集客LP（クール・テック・ジェネラティブ背景＋コピー）","プロ（演出多め）"
"LP-09187","ペット・トリミング・動物病院｜LINE友だち追加LP（ナチュラル・オーガニック・全面写真＋中央キャッチ）","プロ（演出多め）"
"LP-09188","音楽・ライブ・イベント｜リード獲得（資料請求・問い合わせ）LP（ダーク・シネマティック・背景動画ループ＋オーバーレイ）","プロ（演出多め）"
"LP-09189","YouTuber・インフルエンサー｜採用エントリーLP（かわいい・ガーリー・ジェネラティブ背景＋コピー）","プロ（演出多め）"
"LP-09190","歯科医院｜リード獲得（資料請求・問い合わせ）LP（ナチュラル・オーガニック・実績数字ドーン）","プロ（演出多め）"
"LP-09191","ペット・トリミング・動物病院｜商品購入（単品通販）LP（3D・クレイ・スクロールで商品が回転/分解）","プロ（演出多め）"
"LP-09192","プログラミングスクール｜リード獲得（資料請求・問い合わせ）LP（ネオン・サイバー・左テキスト×右商品/人物）","プロ（演出多め）"
"LP-09193","英会話・語学｜リード獲得（資料請求・問い合わせ）LP（ポップ・カラフル・スクロールで商品が回転/分解）","上級"
"LP-09194","ヨガ・ピラティス｜無料体験・カウンセリング予約LP（ミニマル・洗練・左テキスト×右商品/人物）","プロ（演出多め）"
"LP-09195","AIサービス・スタートアップ｜リード獲得（資料請求・問い合わせ）LP（ミニマル・洗練・超大型タイポグラフィ）","上級"
"LP-09196","自動車・バイク｜採用エントリーLP（ラグジュアリー・高級感・写真コラージュ）","プロ（演出多め）"
"LP-09197","スクール・オンライン講座｜無料体験・カウンセリング予約LP（エディトリアル・雑誌風・デバイスモックアップ浮遊）","プロ（演出多め）"
"LP-09198","YouTuber・インフルエンサー｜採用エントリーLP（ネオン・サイバー・背景動画ループ＋オーバーレイ）","プロ（演出多め）"
"LP-09199","NPO・地方自治体｜採用エントリーLP（ジオメトリック・グラフィカル・スクロールで商品が回転/分解）","プロ（演出多め）"
"LP-09200","観光・地域プロモーション｜採用エントリーLP（ハンドメイド・手書き・デバイスモックアップ浮遊）","プロ（演出多め）"
"LP-09201","NPO・地方自治体｜リード獲得（資料請求・問い合わせ）LP（レトロ・Y2K・実績数字ドーン）","プロ（演出多め）"
"LP-09202","金融・保険・投資｜無料体験・カウンセリング予約LP（グラスモーフィズム・全面写真＋中央キャッチ）","プロ（演出多め）"
"LP-09203","ヨガ・ピラティス｜LINE友だち追加LP（北欧・ライフスタイル・左テキスト×右商品/人物）","プロ（演出多め）"
"LP-09204","農業・地方の生産者｜採用エントリーLP（パステル・ドリーミー・ジェネラティブ背景＋コピー）","プロ（演出多め）"
"LP-09205","士業（税理士・弁護士・行政書士）｜リード獲得（資料請求・問い合わせ）LP（ミニマル・洗練・スクロールで商品が回転/分解）","プロ（演出多め）"
"LP-09206","ホテル・旅館｜リード獲得（資料請求・問い合わせ）LP（ミニマル・洗練・全面写真＋中央キャッチ）","プロ（演出多め）"
"LP-09207","コスメ・スキンケア｜リード獲得（資料請求・問い合わせ）LP（ナチュラル・オーガニック・スクロールで商品が回転/分解）","プロ（演出多め）"
"LP-09208","スクール・オンライン講座｜採用エントリーLP（ポップ・カラフル・背景動画ループ＋オーバーレイ）","プロ（演出多め）"
"LP-09209","観光・地域プロモーション｜クラウドファンディング支援LP（ダーク・シネマティック・写真コラージュ）","プロ（演出多め）"
"LP-09210","カフェ・ベーカリー｜LINE友だち追加LP（パステル・ドリーミー・実績数字ドーン）","プロ（演出多め）"
"LP-09211","クラウドファンディング・新商品｜商品購入（単品通販）LP（ハンドメイド・手書き・実績数字ドーン）","プロ（演出多め）"
"LP-09212","建築設計事務所｜リード獲得（資料請求・問い合わせ）LP（ミニマル・洗練・背景動画ループ＋オーバーレイ）","プロ（演出多め）"
"LP-09213","美容クリニック｜無料体験・カウンセリング予約LP（ラグジュアリー・高級感・超大型タイポグラフィ）","プロ（演出多め）"
"LP-09214","保育園・幼児教育・習い事｜採用エントリーLP（ナチュラル・オーガニック・写真コラージュ）","プロ（演出多め）"
"LP-09215","コンサル・コーチング｜リード獲得（資料請求・問い合わせ）LP（ラグジュアリー・高級感・ジェネラティブ背景＋コピー）","プロ（演出多め）"
"LP-09216","和菓子・スイーツ｜商品購入（単品通販）LP（かわいい・ガーリー・ジェネラティブ背景＋コピー）","プロ（演出多め）"
"LP-09217","和菓子・スイーツ｜クラウドファンディング支援LP（かわいい・ガーリー・デバイスモックアップ浮遊）","プロ（演出多め）"
"LP-09218","YouTuber・インフルエンサー｜会員登録・アプリDLLP（ネオン・サイバー・ジェネラティブ背景＋コピー）","プロ（演出多め）"
"LP-09219","不動産・マンション｜セミナー・ウェビナー集客LP（ラグジュアリー・高級感・スクロールで商品が回転/分解）","プロ（演出多め）"
"LP-09220","和菓子・スイーツ｜採用エントリーLP（和モダン・実績数字ドーン）","プロ（演出多め）"
"LP-09221","ペット・トリミング・動物病院｜リード獲得（資料請求・問い合わせ）LP（かわいい・ガーリー・背景動画ループ＋オーバーレイ）","プロ（演出多め）"
"LP-09222","建築設計事務所｜採用エントリーLP（グラスモーフィズム・ジェネラティブ背景＋コピー）","プロ（演出多め）"
"LP-09223","スクール・オンライン講座｜会員登録・アプリDLLP（3D・クレイ・イラスト主体）","プロ（演出多め）"
"LP-09224","コスメ・スキンケア｜リード獲得（資料請求・問い合わせ）LP（パステル・ドリーミー・左テキスト×右商品/人物）","プロ（演出多め）"
"LP-09225","和菓子・スイーツ｜採用エントリーLP（エディトリアル・雑誌風・スクロールで商品が回転/分解）","プロ（演出多め）"
"LP-09226","ウェディング・結婚相談所｜リード獲得（資料請求・問い合わせ）LP（かわいい・ガーリー・イラスト主体）","プロ（演出多め）"
"LP-09227","歯科医院｜無料体験・カウンセリング予約LP（ミニマル・洗練・実績数字ドーン）","プロ（演出多め）"
"LP-09228","音楽・ライブ・イベント｜リード獲得（資料請求・問い合わせ）LP（エネルギッシュ・スポーティ・ジェネラティブ背景＋コピー）","上級"
"LP-09229","占い・スピリチュアル｜リード獲得（資料請求・問い合わせ）LP（パステル・ドリーミー・デバイスモックアップ浮遊）","プロ（演出多め）"
"LP-09230","ゲーム・eスポーツ｜採用エントリーLP（ダーク・シネマティック・全面写真＋中央キャッチ）","プロ（演出多め）"
"LP-09231","ホテル・旅館｜採用エントリーLP（クール・テック・イラスト主体）","プロ（演出多め）"
"LP-09232","ゲーム・eスポーツ｜採用エントリーLP（ポップ・カラフル・スクロールで商品が回転/分解）","プロ（演出多め）"
"LP-09233","和菓子・スイーツ｜LINE友だち追加LP（ネオン・サイバー・デバイスモックアップ浮遊）","プロ（演出多め）"
"LP-09234","保育園・幼児教育・習い事｜リード獲得（資料請求・問い合わせ）LP（かわいい・ガーリー・全面写真＋中央キャッチ）","プロ（演出多め）"
"LP-09235","和菓子・スイーツ｜採用エントリーLP（ナチュラル・オーガニック・写真コラージュ）","プロ（演出多め）"
"LP-09236","ゲーム・eスポーツ｜クラウドファンディング支援LP（エネルギッシュ・スポーティ・全面写真＋中央キャッチ）","プロ（演出多め）"
"LP-09237","美容室・ヘアサロン｜LINE友だち追加LP（かわいい・ガーリー・イラスト主体）","プロ（演出多め）"
"LP-09238","コンサル・コーチング｜無料体験・カウンセリング予約LP（エディトリアル・雑誌風・写真コラージュ）","プロ（演出多め）"
"LP-09239","YouTuber・インフルエンサー｜採用エントリーLP（ニューブルータリズム・実績数字ドーン）","プロ（演出多め）"
"LP-09240","ウェディング・結婚相談所｜リード獲得（資料請求・問い合わせ）LP（ポップ・カラフル・背景動画ループ＋オーバーレイ）","プロ（演出多め）"
"LP-09241","クラウドファンディング・新商品｜採用エントリーLP（クール・テック・全面写真＋中央キャッチ）","プロ（演出多め）"
"LP-09242","採用・求人｜採用エントリーLP（信頼・誠実（コーポレート）・写真コラージュ）","プロ（演出多め）"
"LP-09243","パーソナルジム・フィットネス｜LINE友だち追加LP（ダーク・シネマティック・左テキスト×右商品/人物）","プロ（演出多め）"
"LP-09244","SaaS・BtoBツール｜リード獲得（資料請求・問い合わせ）LP（信頼・誠実（コーポレート）・実績数字ドーン）","プロ（演出多め）"
"LP-09245","スマホアプリ｜リード獲得（資料請求・問い合わせ）LP（クール・テック・スクロールで商品が回転/分解）","プロ（演出多め）"
"LP-09246","建築設計事務所｜リード獲得（資料請求・問い合わせ）LP（ジオメトリック・グラフィカル・ジェネラティブ背景＋コピー）","プロ（演出多め）"
"LP-09247","サウナ・温浴施設｜採用エントリーLP（ナチュラル・オーガニック・超大型タイポグラフィ）","プロ（演出多め）"
"LP-09248","和菓子・スイーツ｜LINE友だち追加LP（和モダン・ジェネラティブ背景＋コピー）","プロ（演出多め）"
"LP-09249","クラウドファンディング・新商品｜商品購入（単品通販）LP（ポップ・カラフル・背景動画ループ＋オーバーレイ）","プロ（演出多め）"
"LP-09250","YouTuber・インフルエンサー｜リード獲得（資料請求・問い合わせ）LP（ポップ・カラフル・イラスト主体）","プロ（演出多め）"
"LP-09251","スマホアプリ｜無料体験・カウンセリング予約LP（和モダン・スクロールで商品が回転/分解）","プロ（演出多め）"
"LP-09252","ペット・トリミング・動物病院｜商品購入（単品通販）LP（ハンドメイド・手書き・イラスト主体）","上級"
"LP-09253","ゲーム・eスポーツ｜クラウドファンディング支援LP（ネオン・サイバー・実績数字ドーン）","プロ（演出多め）"
"LP-09254","プログラミングスクール｜無料体験・カウンセリング予約LP（ポップ・カラフル・スクロールで商品が回転/分解）","プロ（演出多め）"
"LP-09255","YouTuber・インフルエンサー｜リード獲得（資料請求・問い合わせ）LP（パステル・ドリーミー・超大型タイポグラフィ）","プロ（演出多め）"
"LP-09256","採用・求人｜採用エントリーLP（エディトリアル・雑誌風・超大型タイポグラフィ）","プロ（演出多め）"
"LP-09257","自動車・バイク｜無料体験・カウンセリング予約LP（ラグジュアリー・高級感・背景動画ループ＋オーバーレイ）","プロ（演出多め）"
"LP-09258","工務店・注文住宅・リフォーム｜採用エントリーLP（北欧・ライフスタイル・全面写真＋中央キャッチ）","プロ（演出多め）"
"LP-09259","コスメ・スキンケア｜リード獲得（資料請求・問い合わせ）LP（ミニマル・洗練・超大型タイポグラフィ）","プロ（演出多め）"
"LP-09260","クラウドファンディング・新商品｜商品購入（単品通販）LP（ナチュラル・オーガニック・ジェネラティブ背景＋コピー）","プロ（演出多め）"
"LP-09261","和菓子・スイーツ｜商品購入（単品通販）LP（エディトリアル・雑誌風・全面写真＋中央キャッチ）","上級"
"LP-09262","YouTuber・インフルエンサー｜採用エントリーLP（ニューブルータリズム・実績数字ドーン）","プロ（演出多め）"
"LP-09263","占い・スピリチュアル｜リード獲得（資料請求・問い合わせ）LP（ダーク・シネマティック・実績数字ドーン）","プロ（演出多め）"
"LP-09264","カフェ・ベーカリー｜採用エントリーLP（ナチュラル・オーガニック・ジェネラティブ背景＋コピー）","プロ（演出多め）"
"LP-09265","AIサービス・スタートアップ｜採用エントリーLP（ミニマル・洗練・写真コラージュ）","プロ（演出多め）"
"LP-09266","ゲーム・eスポーツ｜クラウドファンディング支援LP（エネルギッシュ・スポーティ・背景動画ループ＋オーバーレイ）","プロ（演出多め）"
"LP-09267","建築設計事務所｜リード獲得（資料請求・問い合わせ）LP（ジオメトリック・グラフィカル・実績数字ドーン）","プロ（演出多め）"
"LP-09268","Web制作・デザイン事務所｜セミナー・ウェビナー集客LP（クール・テック・スクロールで商品が回転/分解）","プロ（演出多め）"
"LP-09269","NPO・地方自治体｜リード獲得（資料請求・問い合わせ）LP（信頼・誠実（コーポレート）・ジェネラティブ背景＋コピー）","プロ（演出多め）"
"LP-09270","ペット・トリミング・動物病院｜無料体験・カウンセリング予約LP（かわいい・ガーリー・背景動画ループ＋オーバーレイ）","プロ（演出多め）"
"LP-09271","音楽・ライブ・イベント｜クラウドファンディング支援LP（レトロ・Y2K・ジェネラティブ背景＋コピー）","プロ（演出多め）"
"LP-09272","ホテル・旅館｜リード獲得（資料請求・問い合わせ）LP（ミニマル・洗練・イラスト主体）","プロ（演出多め）"
"LP-09273","観光・地域プロモーション｜クラウドファンディング支援LP（ダーク・シネマティック・背景動画ループ＋オーバーレイ）","プロ（演出多め）"
"LP-09274","サウナ・温浴施設｜採用エントリーLP（ミニマル・洗練・写真コラージュ）","上級"
"LP-09275","AIサービス・スタートアップ｜会員登録・アプリDLLP（かわいい・ガーリー・背景動画ループ＋オーバーレイ）","プロ（演出多め）"
"LP-09276","SaaS・BtoBツール｜採用エントリーLP（3D・クレイ・背景動画ループ＋オーバーレイ）","プロ（演出多め）"
"LP-09277","スマホアプリ｜リード獲得（資料請求・問い合わせ）LP（ポップ・カラフル・写真コラージュ）","プロ（演出多め）"
"LP-09278","美容クリニック｜無料体験・カウンセリング予約LP（ラグジュアリー・高級感・背景動画ループ＋オーバーレイ）","プロ（演出多め）"
"LP-09279","採用・求人｜リード獲得（資料請求・問い合わせ）LP（和モダン・写真コラージュ）","上級"
"LP-09280","Web制作・デザイン事務所｜セミナー・ウェビナー集客LP（ニューブルータリズム・背景動画ループ＋オーバーレイ）","プロ（演出多め）"
"LP-09281","クラウドファンディング・新商品｜商品購入（単品通販）LP（クール・テック・写真コラージュ）","プロ（演出多め）"
"LP-09282","スマホアプリ｜無料体験・カウンセリング予約LP（3D・クレイ・左テキスト×右商品/人物）","プロ（演出多め）"
"LP-09283","金融・保険・投資｜リード獲得（資料請求・問い合わせ）LP（ミニマル・洗練・左テキスト×右商品/人物）","プロ（演出多め）"
"LP-09284","食品・産直EC｜商品購入（単品通販）LP（和モダン・写真コラージュ）","プロ（演出多め）"
"LP-09285","占い・スピリチュアル｜採用エントリーLP（ダーク・シネマティック・背景動画ループ＋オーバーレイ）","プロ（演出多め）"
"LP-09286","食品・産直EC｜採用エントリーLP（ポップ・カラフル・実績数字ドーン）","プロ（演出多め）"
"LP-09287","農業・地方の生産者｜クラウドファンディング支援LP（ポップ・カラフル・イラスト主体）","プロ（演出多め）"
"LP-09288","占い・スピリチュアル｜リード獲得（資料請求・問い合わせ）LP（ラグジュアリー・高級感・実績数字ドーン）","プロ（演出多め）"
"LP-09289","金融・保険・投資｜リード獲得（資料請求・問い合わせ）LP（クール・テック・スクロールで商品が回転/分解）","上級"
"LP-09290","自動車・バイク｜無料体験・カウンセリング予約LP（クール・テック・ジェネラティブ背景＋コピー）","プロ（演出多め）"
"LP-09291","アパレル・ファッションEC｜商品購入（単品通販）LP（信頼・誠実（コーポレート）・全面写真＋中央キャッチ）","プロ（演出多め）"
"LP-09292","スクール・オンライン講座｜採用エントリーLP（3D・クレイ・デバイスモックアップ浮遊）","プロ（演出多め）"
"LP-09293","プログラミングスクール｜採用エントリーLP（ネオン・サイバー・全面写真＋中央キャッチ）","上級"
"LP-09294","歯科医院｜LINE友だち追加LP（信頼・誠実（コーポレート）・実績数字ドーン）","プロ（演出多め）"
"LP-09295","SaaS・BtoBツール｜採用エントリーLP（信頼・誠実（コーポレート）・写真コラージュ）","プロ（演出多め）"
"LP-09296","スクール・オンライン講座｜会員登録・アプリDLLP（3D・クレイ・スクロールで商品が回転/分解）","プロ（演出多め）"
"LP-09297","エステ・脱毛サロン｜リード獲得（資料請求・問い合わせ）LP（ミニマル・洗練・ジェネラティブ背景＋コピー）","プロ（演出多め）"
"LP-09298","パーソナルジム・フィットネス｜無料体験・カウンセリング予約LP（ダーク・シネマティック・全面写真＋中央キャッチ）","プロ（演出多め）"
"LP-09299","和菓子・スイーツ｜リード獲得（資料請求・問い合わせ）LP（パステル・ドリーミー・実績数字ドーン）","プロ（演出多め）"
"LP-09300","引越し・生活サービス｜無料体験・カウンセリング予約LP（ポップ・カラフル・超大型タイポグラフィ）","プロ（演出多め）"
"LP-09301","ゲーム・eスポーツ｜採用エントリーLP（エネルギッシュ・スポーティ・ジェネラティブ背景＋コピー）","プロ（演出多め）"
"LP-09302","SaaS・BtoBツール｜セミナー・ウェビナー集客LP（信頼・誠実（コーポレート）・左テキスト×右商品/人物）","プロ（演出多め）"
"LP-09303","音楽・ライブ・イベント｜採用エントリーLP（ダーク・シネマティック・デバイスモックアップ浮遊）","プロ（演出多め）"
"LP-09304","SaaS・BtoBツール｜リード獲得（資料請求・問い合わせ）LP（クール・テック・背景動画ループ＋オーバーレイ）","プロ（演出多め）"
"LP-09305","カフェ・ベーカリー｜LINE友だち追加LP（レトロ・Y2K・超大型タイポグラフィ）","プロ（演出多め）"
"LP-09306","食品・産直EC｜クラウドファンディング支援LP（ハンドメイド・手書き・背景動画ループ＋オーバーレイ）","上級"
"LP-09307","コンサル・コーチング｜セミナー・ウェビナー集客LP（ジオメトリック・グラフィカル・写真コラージュ）","プロ（演出多め）"
"LP-09308","建築設計事務所｜採用エントリーLP（ジオメトリック・グラフィカル・ジェネラティブ背景＋コピー）","プロ（演出多め）"
"LP-09309","観光・地域プロモーション｜クラウドファンディング支援LP（ダーク・シネマティック・背景動画ループ＋オーバーレイ）","プロ（演出多め）"
"LP-09310","カフェ・ベーカリー｜リード獲得（資料請求・問い合わせ）LP（エネルギッシュ・スポーティ・実績数字ドーン）","プロ（演出多め）"
"LP-09311","建築設計事務所｜採用エントリーLP（ジオメトリック・グラフィカル・デバイスモックアップ浮遊）","プロ（演出多め）"
"LP-09312","観光・地域プロモーション｜リード獲得（資料請求・問い合わせ）LP（和モダン・超大型タイポグラフィ）","プロ（演出多め）"
"LP-09313","ゲーム・eスポーツ｜クラウドファンディング支援LP（北欧・ライフスタイル・ジェネラティブ背景＋コピー）","プロ（演出多め）"
"LP-09314","アパレル・ファッションEC｜商品購入（単品通販）LP（レトロ・Y2K・デバイスモックアップ浮遊）","プロ（演出多め）"
"LP-09315","SaaS・BtoBツール｜採用エントリーLP（クール・テック・左テキスト×右商品/人物）","プロ（演出多め）"
"LP-09316","ゲーム・eスポーツ｜クラウドファンディング支援LP（レトロ・Y2K・スクロールで商品が回転/分解）","プロ（演出多め）"
"LP-09317","採用・求人｜リード獲得（資料請求・問い合わせ）LP（信頼・誠実（コーポレート）・写真コラージュ）","プロ（演出多め）"
"LP-09318","音楽・ライブ・イベント｜採用エントリーLP（レトロ・Y2K・全面写真＋中央キャッチ）","プロ（演出多め）"
"LP-09319","NPO・地方自治体｜クラウドファンディング支援LP（信頼・誠実（コーポレート）・写真コラージュ）","プロ（演出多め）"
"LP-09320","NPO・地方自治体｜クラウドファンディング支援LP（信頼・誠実（コーポレート）・左テキスト×右商品/人物）","プロ（演出多め）"
"LP-09321","ゲーム・eスポーツ｜クラウドファンディング支援LP（ネオン・サイバー・スクロールで商品が回転/分解）","プロ（演出多め）"
"LP-09322","ペット・トリミング・動物病院｜LINE友だち追加LP（かわいい・ガーリー・イラスト主体）","上級"
"LP-09323","不動産・マンション｜採用エントリーLP（信頼・誠実（コーポレート）・デバイスモックアップ浮遊）","プロ（演出多め）"
"LP-09324","音楽・ライブ・イベント｜リード獲得（資料請求・問い合わせ）LP（ジオメトリック・グラフィカル・イラスト主体）","プロ（演出多め）"
"LP-09325","コンサル・コーチング｜リード獲得（資料請求・問い合わせ）LP（ミニマル・洗練・イラスト主体）","プロ（演出多め）"
"LP-09326","Web制作・デザイン事務所｜セミナー・ウェビナー集客LP（ジオメトリック・グラフィカル・ジェネラティブ背景＋コピー）","プロ（演出多め）"
"LP-09327","音楽・ライブ・イベント｜リード獲得（資料請求・問い合わせ）LP（ネオン・サイバー・背景動画ループ＋オーバーレイ）","プロ（演出多め）"
"LP-09328","自動車・バイク｜無料体験・カウンセリング予約LP（クール・テック・ジェネラティブ背景＋コピー）","上級"
"LP-09329","英会話・語学｜採用エントリーLP（3D・クレイ・写真コラージュ）","プロ（演出多め）"
"LP-09330","クラウドファンディング・新商品｜採用エントリーLP（クール・テック・実績数字ドーン）","プロ（演出多め）"
"LP-09331","ホテル・旅館｜採用エントリーLP（ラグジュアリー・高級感・背景動画ループ＋オーバーレイ）","プロ（演出多め）"
"LP-09332","プログラミングスクール｜採用エントリーLP（ジオメトリック・グラフィカル・左テキスト×右商品/人物）","上級"
"LP-09333","SaaS・BtoBツール｜会員登録・アプリDLLP（ミニマル・洗練・ジェネラティブ背景＋コピー）","上級"
"LP-09334","士業（税理士・弁護士・行政書士）｜採用エントリーLP（和モダン・スクロールで商品が回転/分解）","プロ（演出多め）"
"LP-09335","不動産・マンション｜リード獲得（資料請求・問い合わせ）LP（ミニマル・洗練・背景動画ループ＋オーバーレイ）","プロ（演出多め）"
"LP-09336","スマホアプリ｜商品購入（単品通販）LP（3D・クレイ・デバイスモックアップ浮遊）","プロ（演出多め）"
"LP-09337","AIサービス・スタートアップ｜無料体験・カウンセリング予約LP（クール・テック・デバイスモックアップ浮遊）","プロ（演出多め）"
"LP-09338","士業（税理士・弁護士・行政書士）｜リード獲得（資料請求・問い合わせ）LP（和モダン・超大型タイポグラフィ）","プロ（演出多め）"
"LP-09339","歯科医院｜リード獲得（資料請求・問い合わせ）LP（ナチュラル・オーガニック・スクロールで商品が回転/分解）","プロ（演出多め）"
"LP-09340","Web制作・デザイン事務所｜セミナー・ウェビナー集客LP（ジオメトリック・グラフィカル・ジェネラティブ背景＋コピー）","プロ（演出多め）"
"LP-09341","英会話・語学｜リード獲得（資料請求・問い合わせ）LP（信頼・誠実（コーポレート）・左テキスト×右商品/人物）","プロ（演出多め）"
"LP-09342","ペット・トリミング・動物病院｜無料体験・カウンセリング予約LP（かわいい・ガーリー・左テキスト×右商品/人物）","プロ（演出多め）"
"LP-09343","エステ・脱毛サロン｜リード獲得（資料請求・問い合わせ）LP（ラグジュアリー・高級感・ジェネラティブ背景＋コピー）","プロ（演出多め）"
"LP-09344","ヨガ・ピラティス｜採用エントリーLP（パステル・ドリーミー・イラスト主体）","プロ（演出多め）"
"LP-09345","ウェディング・結婚相談所｜無料体験・カウンセリング予約LP（かわいい・ガーリー・スクロールで商品が回転/分解）","プロ（演出多め）"
"LP-09346","SaaS・BtoBツール｜会員登録・アプリDLLP（クール・テック・スクロールで商品が回転/分解）","プロ（演出多め）"
"LP-09347","士業（税理士・弁護士・行政書士）｜リード獲得（資料請求・問い合わせ）LP（信頼・誠実（コーポレート）・左テキスト×右商品/人物）","プロ（演出多め）"
"LP-09348","パーソナルジム・フィットネス｜採用エントリーLP（エネルギッシュ・スポーティ・背景動画ループ＋オーバーレイ）","プロ（演出多め）"
"LP-09349","美容室・ヘアサロン｜リード獲得（資料請求・問い合わせ）LP（かわいい・ガーリー・ジェネラティブ背景＋コピー）","プロ（演出多め）"
"LP-09350","Web制作・デザイン事務所｜セミナー・ウェビナー集客LP（クール・テック・ジェネラティブ背景＋コピー）","上級"
"LP-09351","アパレル・ファッションEC｜商品購入（単品通販）LP（ミニマル・洗練・左テキスト×右商品/人物）","プロ（演出多め）"
"LP-09352","ウェディング・結婚相談所｜採用エントリーLP（パステル・ドリーミー・全面写真＋中央キャッチ）","プロ（演出多め）"
"LP-09353","プログラミングスクール｜リード獲得（資料請求・問い合わせ）LP（3D・クレイ・左テキスト×右商品/人物）","プロ（演出多め）"
"LP-09354","建築設計事務所｜リード獲得（資料請求・問い合わせ）LP（ジオメトリック・グラフィカル・全面写真＋中央キャッチ）","プロ（演出多め）"
"LP-09355","音楽・ライブ・イベント｜クラウドファンディング支援LP（ネオン・サイバー・イラスト主体）","プロ（演出多め）"
"LP-09356","ゲーム・eスポーツ｜採用エントリーLP（ダーク・シネマティック・デバイスモックアップ浮遊）","プロ（演出多め）"
"LP-09357","士業（税理士・弁護士・行政書士）｜リード獲得（資料請求・問い合わせ）LP（ネオン・サイバー・ジェネラティブ背景＋コピー）","プロ（演出多め）"
"LP-09358","引越し・生活サービス｜LINE友だち追加LP（和モダン・左テキスト×右商品/人物）","プロ（演出多め）"
"LP-09359","食品・産直EC｜採用エントリーLP（ハンドメイド・手書き・全面写真＋中央キャッチ）","プロ（演出多め）"
"LP-09360","食品・産直EC｜リード獲得（資料請求・問い合わせ）LP（ポップ・カラフル・背景動画ループ＋オーバーレイ）","プロ（演出多め）"
"LP-09361","美容クリニック｜リード獲得（資料請求・問い合わせ）LP（ミニマル・洗練・超大型タイポグラフィ）","上級"
"LP-09362","エステ・脱毛サロン｜商品購入（単品通販）LP（ミニマル・洗練・写真コラージュ）","上級"
"LP-09363","エステ・脱毛サロン｜採用エントリーLP（かわいい・ガーリー・ジェネラティブ背景＋コピー）","上級"
"LP-09364","士業（税理士・弁護士・行政書士）｜採用エントリーLP（信頼・誠実（コーポレート）・ジェネラティブ背景＋コピー）","プロ（演出多め）"
"LP-09365","内科・クリニック｜リード獲得（資料請求・問い合わせ）LP（信頼・誠実（コーポレート）・デバイスモックアップ浮遊）","プロ（演出多め）"
"LP-09366","和菓子・スイーツ｜リード獲得（資料請求・問い合わせ）LP（ナチュラル・オーガニック・イラスト主体）","プロ（演出多め）"
"LP-09367","ウェディング・結婚相談所｜リード獲得（資料請求・問い合わせ）LP（ラグジュアリー・高級感・超大型タイポグラフィ）","プロ（演出多め）"
"LP-09368","サウナ・温浴施設｜LINE友だち追加LP（ニューブルータリズム・デバイスモックアップ浮遊）","プロ（演出多め）"
"LP-09369","観光・地域プロモーション｜クラウドファンディング支援LP（和モダン・イラスト主体）","プロ（演出多め）"
"LP-09370","コンサル・コーチング｜採用エントリーLP（エディトリアル・雑誌風・スクロールで商品が回転/分解）","プロ（演出多め）"
"LP-09371","農業・地方の生産者｜クラウドファンディング支援LP（ハンドメイド・手書き・実績数字ドーン）","プロ（演出多め）"
"LP-09372","採用・求人｜リード獲得（資料請求・問い合わせ）LP（エディトリアル・雑誌風・デバイスモックアップ浮遊）","プロ（演出多め）"
"LP-09373","スマホアプリ｜リード獲得（資料請求・問い合わせ）LP（ポップ・カラフル・超大型タイポグラフィ）","プロ（演出多め）"
"LP-09374","内科・クリニック｜リード獲得（資料請求・問い合わせ）LP（ナチュラル・オーガニック・デバイスモックアップ浮遊）","プロ（演出多め）"
"LP-09375","SaaS・BtoBツール｜会員登録・アプリDLLP（ミニマル・洗練・デバイスモックアップ浮遊）","プロ（演出多め）"
"LP-09376","士業（税理士・弁護士・行政書士）｜セミナー・ウェビナー集客LP（和モダン・写真コラージュ）","上級"
"LP-09377","Web制作・デザイン事務所｜リード獲得（資料請求・問い合わせ）LP（ジオメトリック・グラフィカル・スクロールで商品が回転/分解）","プロ（演出多め）"
"LP-09378","レストラン・居酒屋｜採用エントリーLP（ダーク・シネマティック・スクロールで商品が回転/分解）","プロ（演出多め）"
"LP-09379","YouTuber・インフルエンサー｜リード獲得（資料請求・問い合わせ）LP（ネオン・サイバー・ジェネラティブ背景＋コピー）","プロ（演出多め）"
"LP-09380","観光・地域プロモーション｜クラウドファンディング支援LP（ダーク・シネマティック・全面写真＋中央キャッチ）","プロ（演出多め）"
"LP-09381","和菓子・スイーツ｜採用エントリーLP（かわいい・ガーリー・スクロールで商品が回転/分解）","プロ（演出多め）"
"LP-09382","NPO・地方自治体｜リード獲得（資料請求・問い合わせ）LP（ナチュラル・オーガニック・全面写真＋中央キャッチ）","プロ（演出多め）"
"LP-09383","ゲーム・eスポーツ｜会員登録・アプリDLLP（レトロ・Y2K・超大型タイポグラフィ）","プロ（演出多め）"
"LP-09384","保育園・幼児教育・習い事｜採用エントリーLP（ハンドメイド・手書き・背景動画ループ＋オーバーレイ）","プロ（演出多め）"
"LP-09385","農業・地方の生産者｜リード獲得（資料請求・問い合わせ）LP（エディトリアル・雑誌風・実績数字ドーン）","プロ（演出多め）"
"LP-09386","音楽・ライブ・イベント｜採用エントリーLP（ネオン・サイバー・超大型タイポグラフィ）","プロ（演出多め）"
"LP-09387","サウナ・温浴施設｜無料体験・カウンセリング予約LP（和モダン・全面写真＋中央キャッチ）","プロ（演出多め）"
"LP-09388","YouTuber・インフルエンサー｜会員登録・アプリDLLP（ポップ・カラフル・全面写真＋中央キャッチ）","プロ（演出多め）"
"LP-09389","AIサービス・スタートアップ｜採用エントリーLP（ミニマル・洗練・デバイスモックアップ浮遊）","プロ（演出多め）"
"LP-09390","クラウドファンディング・新商品｜リード獲得（資料請求・問い合わせ）LP（ラグジュアリー・高級感・イラスト主体）","プロ（演出多め）"
"LP-09391","英会話・語学｜無料体験・カウンセリング予約LP（信頼・誠実（コーポレート）・全面写真＋中央キャッチ）","プロ（演出多め）"
"LP-09392","ペット・トリミング・動物病院｜リード獲得（資料請求・問い合わせ）LP（ハンドメイド・手書き・ジェネラティブ背景＋コピー）","プロ（演出多め）"
"LP-09393","内科・クリニック｜無料体験・カウンセリング予約LP（北欧・ライフスタイル・デバイスモックアップ浮遊）","プロ（演出多め）"
"LP-09394","AIサービス・スタートアップ｜セミナー・ウェビナー集客LP（ラグジュアリー・高級感・超大型タイポグラフィ）","上級"
"LP-09395","英会話・語学｜採用エントリーLP（3D・クレイ・イラスト主体）","プロ（演出多め）"
"LP-09396","和菓子・スイーツ｜クラウドファンディング支援LP（和モダン・実績数字ドーン）","プロ（演出多め）"
"LP-09397","サウナ・温浴施設｜無料体験・カウンセリング予約LP（3D・クレイ・背景動画ループ＋オーバーレイ）","プロ（演出多め）"
"LP-09398","アパレル・ファッションEC｜商品購入（単品通販）LP（ミニマル・洗練・左テキスト×右商品/人物）","プロ（演出多め）"
"LP-09399","コンサル・コーチング｜無料体験・カウンセリング予約LP（エディトリアル・雑誌風・超大型タイポグラフィ）","プロ（演出多め）"
"LP-09400","歯科医院｜リード獲得（資料請求・問い合わせ）LP（ミニマル・洗練・背景動画ループ＋オーバーレイ）","上級"
"LP-09401","YouTuber・インフルエンサー｜リード獲得（資料請求・問い合わせ）LP（かわいい・ガーリー・写真コラージュ）","プロ（演出多め）"
"LP-09402","ゲーム・eスポーツ｜採用エントリーLP（クール・テック・イラスト主体）","プロ（演出多め）"
"LP-09403","コスメ・スキンケア｜リード獲得（資料請求・問い合わせ）LP（ナチュラル・オーガニック・全面写真＋中央キャッチ）","プロ（演出多め）"
"LP-09404","AIサービス・スタートアップ｜リード獲得（資料請求・問い合わせ）LP（グラスモーフィズム・デバイスモックアップ浮遊）","プロ（演出多め）"
"LP-09405","スマホアプリ｜採用エントリーLP（ダーク・シネマティック・実績数字ドーン）","プロ（演出多め）"
"LP-09406","スマホアプリ｜無料体験・カウンセリング予約LP（3D・クレイ・イラスト主体）","上級"
"LP-09407","Web制作・デザイン事務所｜採用エントリーLP（ジオメトリック・グラフィカル・背景動画ループ＋オーバーレイ）","プロ（演出多め）"
"LP-09408","ウェディング・結婚相談所｜無料体験・カウンセリング予約LP（かわいい・ガーリー・全面写真＋中央キャッチ）","プロ（演出多め）"
"LP-09409","歯科医院｜無料体験・カウンセリング予約LP（ナチュラル・オーガニック・写真コラージュ）","プロ（演出多め）"
"LP-09410","ホテル・旅館｜採用エントリーLP（和モダン・写真コラージュ）","プロ（演出多め）"
"LP-09411","NPO・地方自治体｜リード獲得（資料請求・問い合わせ）LP（ジオメトリック・グラフィカル・写真コラージュ）","プロ（演出多め）"
"LP-09412","エステ・脱毛サロン｜リード獲得（資料請求・問い合わせ）LP（パステル・ドリーミー・背景動画ループ＋オーバーレイ）","プロ（演出多め）"
"LP-09413","美容クリニック｜採用エントリーLP（ラグジュアリー・高級感・左テキスト×右商品/人物）","プロ（演出多め）"
"LP-09414","ヨガ・ピラティス｜無料体験・カウンセリング予約LP（ナチュラル・オーガニック・スクロールで商品が回転/分解）","上級"
"LP-09415","NPO・地方自治体｜採用エントリーLP（ジオメトリック・グラフィカル・スクロールで商品が回転/分解）","プロ（演出多め）"
"LP-09416","金融・保険・投資｜セミナー・ウェビナー集客LP（ミニマル・洗練・写真コラージュ）","プロ（演出多め）"
"LP-09417","美容クリニック｜LINE友だち追加LP（ミニマル・洗練・全面写真＋中央キャッチ）","プロ（演出多め）"
"LP-09418","レストラン・居酒屋｜リード獲得（資料請求・問い合わせ）LP（レトロ・Y2K・スクロールで商品が回転/分解）","プロ（演出多め）"
"LP-09419","AIサービス・スタートアップ｜セミナー・ウェビナー集客LP（エディトリアル・雑誌風・実績数字ドーン）","プロ（演出多め）"
"LP-09420","自動車・バイク｜無料体験・カウンセリング予約LP（エネルギッシュ・スポーティ・左テキスト×右商品/人物）","プロ（演出多め）"
"LP-09421","内科・クリニック｜リード獲得（資料請求・問い合わせ）LP（ダーク・シネマティック・写真コラージュ）","上級"
"LP-09422","YouTuber・インフルエンサー｜会員登録・アプリDLLP（ニューブルータリズム・スクロールで商品が回転/分解）","プロ（演出多め）"
"LP-09423","工務店・注文住宅・リフォーム｜リード獲得（資料請求・問い合わせ）LP（北欧・ライフスタイル・ジェネラティブ背景＋コピー）","プロ（演出多め）"
"LP-09424","英会話・語学｜リード獲得（資料請求・問い合わせ）LP（信頼・誠実（コーポレート）・スクロールで商品が回転/分解）","上級"
"LP-09425","食品・産直EC｜採用エントリーLP（ジオメトリック・グラフィカル・実績数字ドーン）","プロ（演出多め）"
"LP-09426","内科・クリニック｜リード獲得（資料請求・問い合わせ）LP（ニューブルータリズム・イラスト主体）","プロ（演出多め）"
"LP-09427","士業（税理士・弁護士・行政書士）｜リード獲得（資料請求・問い合わせ）LP（信頼・誠実（コーポレート）・ジェネラティブ背景＋コピー）","プロ（演出多め）"
"LP-09428","ペット・トリミング・動物病院｜商品購入（単品通販）LP（ハンドメイド・手書き・全面写真＋中央キャッチ）","プロ（演出多め）"
"LP-09429","英会話・語学｜採用エントリーLP（3D・クレイ・スクロールで商品が回転/分解）","プロ（演出多め）"
"LP-09430","自動車・バイク｜リード獲得（資料請求・問い合わせ）LP（レトロ・Y2K・全面写真＋中央キャッチ）","プロ（演出多め）"
"LP-09431","歯科医院｜採用エントリーLP（ナチュラル・オーガニック・背景動画ループ＋オーバーレイ）","プロ（演出多め）"
"LP-09432","士業（税理士・弁護士・行政書士）｜リード獲得（資料請求・問い合わせ）LP（パステル・ドリーミー・実績数字ドーン）","プロ（演出多め）"
"LP-09433","クラウドファンディング・新商品｜商品購入（単品通販）LP（ポップ・カラフル・実績数字ドーン）","プロ（演出多め）"
"LP-09434","ペット・トリミング・動物病院｜LINE友だち追加LP（3D・クレイ・全面写真＋中央キャッチ）","プロ（演出多め）"
"LP-09435","不動産・マンション｜採用エントリーLP（ダーク・シネマティック・全面写真＋中央キャッチ）","上級"
"LP-09436","コンサル・コーチング｜リード獲得（資料請求・問い合わせ）LP（北欧・ライフスタイル・スクロールで商品が回転/分解）","プロ（演出多め）"
"LP-09437","引越し・生活サービス｜LINE友だち追加LP（3D・クレイ・デバイスモックアップ浮遊）","上級"
"LP-09438","食品・産直EC｜採用エントリーLP（和モダン・イラスト主体）","プロ（演出多め）"
"LP-09439","不動産・マンション｜リード獲得（資料請求・問い合わせ）LP（ジオメトリック・グラフィカル・ジェネラティブ背景＋コピー）","プロ（演出多め）"
"LP-09440","コンサル・コーチング｜セミナー・ウェビナー集客LP（北欧・ライフスタイル・ジェネラティブ背景＋コピー）","上級"
"LP-09441","カフェ・ベーカリー｜LINE友だち追加LP（北欧・ライフスタイル・イラスト主体）","プロ（演出多め）"
"LP-09442","プログラミングスクール｜リード獲得（資料請求・問い合わせ）LP（クール・テック・スクロールで商品が回転/分解）","プロ（演出多め）"
"LP-09443","保育園・幼児教育・習い事｜無料体験・カウンセリング予約LP（かわいい・ガーリー・実績数字ドーン）","プロ（演出多め）"
"LP-09444","ペット・トリミング・動物病院｜採用エントリーLP（ナチュラル・オーガニック・スクロールで商品が回転/分解）","プロ（演出多め）"
"LP-09445","占い・スピリチュアル｜リード獲得（資料請求・問い合わせ）LP（和モダン・全面写真＋中央キャッチ）","プロ（演出多め）"
"LP-09446","引越し・生活サービス｜リード獲得（資料請求・問い合わせ）LP（3D・クレイ・背景動画ループ＋オーバーレイ）","プロ（演出多め）"
"LP-09447","内科・クリニック｜採用エントリーLP（ナチュラル・オーガニック・超大型タイポグラフィ）","プロ（演出多め）"
"LP-09448","不動産・マンション｜リード獲得（資料請求・問い合わせ）LP（ラグジュアリー・高級感・イラスト主体）","プロ（演出多め）"
"LP-09449","プログラミングスクール｜リード獲得（資料請求・問い合わせ）LP（3D・クレイ・写真コラージュ）","プロ（演出多め）"
"LP-09450","ヨガ・ピラティス｜採用エントリーLP（パステル・ドリーミー・ジェネラティブ背景＋コピー）","プロ（演出多め）"
"LP-09451","保育園・幼児教育・習い事｜リード獲得（資料請求・問い合わせ）LP（ポップ・カラフル・デバイスモックアップ浮遊）","プロ（演出多め）"
"LP-09452","士業（税理士・弁護士・行政書士）｜リード獲得（資料請求・問い合わせ）LP（信頼・誠実（コーポレート）・イラスト主体）","上級"
"LP-09453","YouTuber・インフルエンサー｜リード獲得（資料請求・問い合わせ）LP（ニューブルータリズム・写真コラージュ）","プロ（演出多め）"
"LP-09454","引越し・生活サービス｜リード獲得（資料請求・問い合わせ）LP（ポップ・カラフル・背景動画ループ＋オーバーレイ）","プロ（演出多め）"
"LP-09455","内科・クリニック｜LINE友だち追加LP（信頼・誠実（コーポレート）・ジェネラティブ背景＋コピー）","上級"
"LP-09456","AIサービス・スタートアップ｜無料体験・カウンセリング予約LP（グラスモーフィズム・実績数字ドーン）","プロ（演出多め）"
"LP-09457","YouTuber・インフルエンサー｜リード獲得（資料請求・問い合わせ）LP（ポップ・カラフル・超大型タイポグラフィ）","プロ（演出多め）"
"LP-09458","パーソナルジム・フィットネス｜無料体験・カウンセリング予約LP（ミニマル・洗練・イラスト主体）","上級"
"LP-09459","美容クリニック｜LINE友だち追加LP（ラグジュアリー・高級感・超大型タイポグラフィ）","プロ（演出多め）"
"LP-09460","YouTuber・インフルエンサー｜採用エントリーLP（ニューブルータリズム・実績数字ドーン）","プロ（演出多め）"
"LP-09461","歯科医院｜LINE友だち追加LP（ミニマル・洗練・左テキスト×右商品/人物）","プロ（演出多め）"
"LP-09462","パーソナルジム・フィットネス｜LINE友だち追加LP（エネルギッシュ・スポーティ・背景動画ループ＋オーバーレイ）","プロ（演出多め）"
"LP-09463","エステ・脱毛サロン｜LINE友だち追加LP（かわいい・ガーリー・デバイスモックアップ浮遊）","プロ（演出多め）"
"LP-09464","スマホアプリ｜会員登録・アプリDLLP（グラスモーフィズム・背景動画ループ＋オーバーレイ）","プロ（演出多め）"
"LP-09465","ペット・トリミング・動物病院｜採用エントリーLP（ダーク・シネマティック・超大型タイポグラフィ）","上級"
"LP-09466","レストラン・居酒屋｜採用エントリーLP（ラグジュアリー・高級感・背景動画ループ＋オーバーレイ）","プロ（演出多め）"
"LP-09467","観光・地域プロモーション｜採用エントリーLP（ダーク・シネマティック・イラスト主体）","プロ（演出多め）"
"LP-09468","自動車・バイク｜無料体験・カウンセリング予約LP（エネルギッシュ・スポーティ・デバイスモックアップ浮遊）","プロ（演出多め）"
"LP-09469","ゲーム・eスポーツ｜採用エントリーLP（ネオン・サイバー・スクロールで商品が回転/分解）","プロ（演出多め）"
"LP-09470","コンサル・コーチング｜採用エントリーLP（信頼・誠実（コーポレート）・ジェネラティブ背景＋コピー）","プロ（演出多め）"
"LP-09471","音楽・ライブ・イベント｜クラウドファンディング支援LP（ネオン・サイバー・全面写真＋中央キャッチ）","プロ（演出多め）"
"LP-09472","不動産・マンション｜セミナー・ウェビナー集客LP（ラグジュアリー・高級感・イラスト主体）","上級"
"LP-09473","スマホアプリ｜会員登録・アプリDLLP（ハンドメイド・手書き・イラスト主体）","プロ（演出多め）"
"LP-09474","不動産・マンション｜無料体験・カウンセリング予約LP（信頼・誠実（コーポレート）・全面写真＋中央キャッチ）","プロ（演出多め）"
"LP-09475","観光・地域プロモーション｜採用エントリーLP（和モダン・左テキスト×右商品/人物）","プロ（演出多め）"
"LP-09476","美容クリニック｜採用エントリーLP（信頼・誠実（コーポレート）・写真コラージュ）","プロ（演出多め）"
"LP-09477","音楽・ライブ・イベント｜採用エントリーLP（レトロ・Y2K・ジェネラティブ背景＋コピー）","プロ（演出多め）"
"LP-09478","士業（税理士・弁護士・行政書士）｜無料体験・カウンセリング予約LP（信頼・誠実（コーポレート）・デバイスモックアップ浮遊）","プロ（演出多め）"
"LP-09479","内科・クリニック｜リード獲得（資料請求・問い合わせ）LP（信頼・誠実（コーポレート）・デバイスモックアップ浮遊）","プロ（演出多め）"
"LP-09480","プログラミングスクール｜採用エントリーLP（レトロ・Y2K・デバイスモックアップ浮遊）","プロ（演出多め）"
"LP-09481","アパレル・ファッションEC｜採用エントリーLP（ミニマル・洗練・左テキスト×右商品/人物）","上級"
"LP-09482","不動産・マンション｜無料体験・カウンセリング予約LP（ダーク・シネマティック・実績数字ドーン）","プロ（演出多め）"
"LP-09483","音楽・ライブ・イベント｜採用エントリーLP（信頼・誠実（コーポレート）・背景動画ループ＋オーバーレイ）","プロ（演出多め）"
"LP-09484","英会話・語学｜会員登録・アプリDLLP（信頼・誠実（コーポレート）・全面写真＋中央キャッチ）","プロ（演出多め）"
"LP-09485","スマホアプリ｜無料体験・カウンセリング予約LP（ポップ・カラフル・左テキスト×右商品/人物）","プロ（演出多め）"
"LP-09486","観光・地域プロモーション｜リード獲得（資料請求・問い合わせ）LP（和モダン・スクロールで商品が回転/分解）","プロ（演出多め）"
"LP-09487","AIサービス・スタートアップ｜会員登録・アプリDLLP（ミニマル・洗練・デバイスモックアップ浮遊）","プロ（演出多め）"
"LP-09488","クラウドファンディング・新商品｜採用エントリーLP（和モダン・全面写真＋中央キャッチ）","プロ（演出多め）"
"LP-09489","ヨガ・ピラティス｜無料体験・カウンセリング予約LP（ミニマル・洗練・実績数字ドーン）","プロ（演出多め）"
"LP-09490","エステ・脱毛サロン｜LINE友だち追加LP（ミニマル・洗練・ジェネラティブ背景＋コピー）","プロ（演出多め）"
"LP-09491","ゲーム・eスポーツ｜リード獲得（資料請求・問い合わせ）LP（レトロ・Y2K・写真コラージュ）","プロ（演出多め）"
"LP-09492","ホテル・旅館｜リード獲得（資料請求・問い合わせ）LP（和モダン・ジェネラティブ背景＋コピー）","プロ（演出多め）"
"LP-09493","歯科医院｜無料体験・カウンセリング予約LP（ミニマル・洗練・スクロールで商品が回転/分解）","プロ（演出多め）"
"LP-09494","スクール・オンライン講座｜会員登録・アプリDLLP（信頼・誠実（コーポレート）・デバイスモックアップ浮遊）","プロ（演出多め）"
"LP-09495","美容室・ヘアサロン｜無料体験・カウンセリング予約LP（北欧・ライフスタイル・左テキスト×右商品/人物）","プロ（演出多め）"
"LP-09496","和菓子・スイーツ｜商品購入（単品通販）LP（レトロ・Y2K・実績数字ドーン）","プロ（演出多め）"
"LP-09497","レストラン・居酒屋｜リード獲得（資料請求・問い合わせ）LP（和モダン・スクロールで商品が回転/分解）","上級"
"LP-09498","工務店・注文住宅・リフォーム｜無料体験・カウンセリング予約LP（ミニマル・洗練・実績数字ドーン）","上級"
"LP-09499","SaaS・BtoBツール｜採用エントリーLP（信頼・誠実（コーポレート）・写真コラージュ）","プロ（演出多め）"
"LP-09500","カフェ・ベーカリー｜LINE友だち追加LP（ナチュラル・オーガニック・左テキスト×右商品/人物）","プロ（演出多め）"
"LP-09501","ゲーム・eスポーツ｜採用エントリーLP（ダーク・シネマティック・超大型タイポグラフィ）","プロ（演出多め）"
"LP-09502","食品・産直EC｜リード獲得（資料請求・問い合わせ）LP（ナチュラル・オーガニック・超大型タイポグラフィ）","プロ（演出多め）"
"LP-09503","ペット・トリミング・動物病院｜無料体験・カウンセリング予約LP（ハンドメイド・手書き・デバイスモックアップ浮遊）","プロ（演出多め）"
"LP-09504","美容クリニック｜採用エントリーLP（信頼・誠実（コーポレート）・デバイスモックアップ浮遊）","プロ（演出多め）"
"LP-09505","食品・産直EC｜リード獲得（資料請求・問い合わせ）LP（ラグジュアリー・高級感・イラスト主体）","上級"
"LP-09506","アパレル・ファッションEC｜リード獲得（資料請求・問い合わせ）LP（ミニマル・洗練・デバイスモックアップ浮遊）","プロ（演出多め）"
"LP-09507","美容クリニック｜無料体験・カウンセリング予約LP（ミニマル・洗練・スクロールで商品が回転/分解）","プロ（演出多め）"
"LP-09508","プログラミングスクール｜会員登録・アプリDLLP（ネオン・サイバー・写真コラージュ）","プロ（演出多め）"
"LP-09509","観光・地域プロモーション｜リード獲得（資料請求・問い合わせ）LP（ニューブルータリズム・イラスト主体）","プロ（演出多め）"
"LP-09510","ペット・トリミング・動物病院｜LINE友だち追加LP（3D・クレイ・超大型タイポグラフィ）","プロ（演出多め）"
"LP-09511","ペット・トリミング・動物病院｜無料体験・カウンセリング予約LP（ハンドメイド・手書き・ジェネラティブ背景＋コピー）","プロ（演出多め）"
"LP-09512","エステ・脱毛サロン｜リード獲得（資料請求・問い合わせ）LP（ミニマル・洗練・全面写真＋中央キャッチ）","プロ（演出多め）"
"LP-09513","コスメ・スキンケア｜採用エントリーLP（ダーク・シネマティック・左テキスト×右商品/人物）","プロ（演出多め）"
"LP-09514","AIサービス・スタートアップ｜セミナー・ウェビナー集客LP（グラスモーフィズム・スクロールで商品が回転/分解）","プロ（演出多め）"
"LP-09515","スクール・オンライン講座｜採用エントリーLP（ポップ・カラフル・背景動画ループ＋オーバーレイ）","プロ（演出多め）"
"LP-09516","クラウドファンディング・新商品｜クラウドファンディング支援LP（クール・テック・実績数字ドーン）","プロ（演出多め）"
"LP-09517","和菓子・スイーツ｜LINE友だち追加LP（かわいい・ガーリー・左テキスト×右商品/人物）","プロ（演出多め）"
"LP-09518","カフェ・ベーカリー｜採用エントリーLP（レトロ・Y2K・デバイスモックアップ浮遊）","プロ（演出多め）"
"LP-09519","カフェ・ベーカリー｜リード獲得（資料請求・問い合わせ）LP（ナチュラル・オーガニック・ジェネラティブ背景＋コピー）","プロ（演出多め）"
"LP-09520","ウェディング・結婚相談所｜無料体験・カウンセリング予約LP（かわいい・ガーリー・イラスト主体）","上級"
"LP-09521","SaaS・BtoBツール｜セミナー・ウェビナー集客LP（3D・クレイ・デバイスモックアップ浮遊）","プロ（演出多め）"
"LP-09522","歯科医院｜採用エントリーLP（ミニマル・洗練・写真コラージュ）","プロ（演出多め）"
"LP-09523","コスメ・スキンケア｜採用エントリーLP（パステル・ドリーミー・イラスト主体）","プロ（演出多め）"
"LP-09524","スクール・オンライン講座｜会員登録・アプリDLLP（信頼・誠実（コーポレート）・写真コラージュ）","プロ（演出多め）"
"LP-09525","不動産・マンション｜リード獲得（資料請求・問い合わせ）LP（ラグジュアリー・高級感・左テキスト×右商品/人物）","プロ（演出多め）"
"LP-09526","AIサービス・スタートアップ｜無料体験・カウンセリング予約LP（ミニマル・洗練・背景動画ループ＋オーバーレイ）","プロ（演出多め）"
"LP-09527","観光・地域プロモーション｜クラウドファンディング支援LP（ラグジュアリー・高級感・写真コラージュ）","プロ（演出多め）"
"LP-09528","AIサービス・スタートアップ｜リード獲得（資料請求・問い合わせ）LP（クール・テック・写真コラージュ）","プロ（演出多め）"
"LP-09529","英会話・語学｜採用エントリーLP（3D・クレイ・イラスト主体）","プロ（演出多め）"
"LP-09530","ペット・トリミング・動物病院｜リード獲得（資料請求・問い合わせ）LP（ハンドメイド・手書き・背景動画ループ＋オーバーレイ）","プロ（演出多め）"
"LP-09531","スマホアプリ｜会員登録・アプリDLLP（3D・クレイ・ジェネラティブ背景＋コピー）","プロ（演出多め）"
"LP-09532","和菓子・スイーツ｜採用エントリーLP（パステル・ドリーミー・全面写真＋中央キャッチ）","プロ（演出多め）"
"LP-09533","プログラミングスクール｜リード獲得（資料請求・問い合わせ）LP（3D・クレイ・左テキスト×右商品/人物）","プロ（演出多め）"
"LP-09534","AIサービス・スタートアップ｜会員登録・アプリDLLP（北欧・ライフスタイル・超大型タイポグラフィ）","プロ（演出多め）"
"LP-09535","工務店・注文住宅・リフォーム｜無料体験・カウンセリング予約LP（ナチュラル・オーガニック・左テキスト×右商品/人物）","プロ（演出多め）"
"LP-09536","不動産・マンション｜リード獲得（資料請求・問い合わせ）LP（信頼・誠実（コーポレート）・写真コラージュ）","上級"
"LP-09537","YouTuber・インフルエンサー｜リード獲得（資料請求・問い合わせ）LP（かわいい・ガーリー・イラスト主体）","プロ（演出多め）"
"LP-09538","コンサル・コーチング｜セミナー・ウェビナー集客LP（信頼・誠実（コーポレート）・デバイスモックアップ浮遊）","プロ（演出多め）"
"LP-09539","歯科医院｜採用エントリーLP（信頼・誠実（コーポレート）・左テキスト×右商品/人物）","上級"
"LP-09540","スクール・オンライン講座｜会員登録・アプリDLLP（クール・テック・写真コラージュ）","上級"
"LP-09541","採用・求人｜リード獲得（資料請求・問い合わせ）LP（信頼・誠実（コーポレート）・全面写真＋中央キャッチ）","プロ（演出多め）"
"LP-09542","ホテル・旅館｜LINE友だち追加LP（和モダン・超大型タイポグラフィ）","プロ（演出多め）"
"LP-09543","クラウドファンディング・新商品｜採用エントリーLP（ナチュラル・オーガニック・スクロールで商品が回転/分解）","プロ（演出多め）"
"LP-09544","士業（税理士・弁護士・行政書士）｜リード獲得（資料請求・問い合わせ）LP（ミニマル・洗練・実績数字ドーン）","プロ（演出多め）"
"LP-09545","パーソナルジム・フィットネス｜無料体験・カウンセリング予約LP（ダーク・シネマティック・スクロールで商品が回転/分解）","プロ（演出多め）"
"LP-09546","スクール・オンライン講座｜採用エントリーLP（信頼・誠実（コーポレート）・写真コラージュ）","プロ（演出多め）"
"LP-09547","ホテル・旅館｜リード獲得（資料請求・問い合わせ）LP（ラグジュアリー・高級感・ジェネラティブ背景＋コピー）","プロ（演出多め）"
"LP-09548","保育園・幼児教育・習い事｜無料体験・カウンセリング予約LP（ポップ・カラフル・左テキスト×右商品/人物）","プロ（演出多め）"
"LP-09549","金融・保険・投資｜採用エントリーLP（ミニマル・洗練・実績数字ドーン）","プロ（演出多め）"
"LP-09550","スクール・オンライン講座｜採用エントリーLP（クール・テック・ジェネラティブ背景＋コピー）","プロ（演出多め）"
"LP-09551","ウェディング・結婚相談所｜リード獲得（資料請求・問い合わせ）LP（ミニマル・洗練・イラスト主体）","プロ（演出多め）"
"LP-09552","サウナ・温浴施設｜採用エントリーLP（ハンドメイド・手書き・ジェネラティブ背景＋コピー）","プロ（演出多め）"
"LP-09553","プログラミングスクール｜セミナー・ウェビナー集客LP（クール・テック・スクロールで商品が回転/分解）","プロ（演出多め）"
"LP-09554","スマホアプリ｜採用エントリーLP（クール・テック・ジェネラティブ背景＋コピー）","プロ（演出多め）"
"LP-09555","美容クリニック｜採用エントリーLP（信頼・誠実（コーポレート）・背景動画ループ＋オーバーレイ）","プロ（演出多め）"
"LP-09556","クラウドファンディング・新商品｜リード獲得（資料請求・問い合わせ）LP（ナチュラル・オーガニック・実績数字ドーン）","プロ（演出多め）"
"LP-09557","内科・クリニック｜採用エントリーLP（ナチュラル・オーガニック・背景動画ループ＋オーバーレイ）","プロ（演出多め）"
"LP-09558","コンサル・コーチング｜リード獲得（資料請求・問い合わせ）LP（クール・テック・写真コラージュ）","プロ（演出多め）"
"LP-09559","YouTuber・インフルエンサー｜リード獲得（資料請求・問い合わせ）LP（ネオン・サイバー・スクロールで商品が回転/分解）","プロ（演出多め）"
"LP-09560","NPO・地方自治体｜リード獲得（資料請求・問い合わせ）LP（ナチュラル・オーガニック・超大型タイポグラフィ）","上級"
"LP-09561","保育園・幼児教育・習い事｜採用エントリーLP（かわいい・ガーリー・イラスト主体）","プロ（演出多め）"
"LP-09562","工務店・注文住宅・リフォーム｜LINE友だち追加LP（北欧・ライフスタイル・イラスト主体）","プロ（演出多め）"
"LP-09563","SaaS・BtoBツール｜採用エントリーLP（ミニマル・洗練・スクロールで商品が回転/分解）","プロ（演出多め）"
"LP-09564","不動産・マンション｜セミナー・ウェビナー集客LP（ダーク・シネマティック・写真コラージュ）","プロ（演出多め）"
"LP-09565","サウナ・温浴施設｜採用エントリーLP（ニューブルータリズム・イラスト主体）","上級"
"LP-09566","美容クリニック｜採用エントリーLP（信頼・誠実（コーポレート）・実績数字ドーン）","プロ（演出多め）"
"LP-09567","アパレル・ファッションEC｜商品購入（単品通販）LP（レトロ・Y2K・全面写真＋中央キャッチ）","プロ（演出多め）"
"LP-09568","サウナ・温浴施設｜LINE友だち追加LP（和モダン・実績数字ドーン）","プロ（演出多め）"
"LP-09569","美容室・ヘアサロン｜リード獲得（資料請求・問い合わせ）LP（ミニマル・洗練・イラスト主体）","プロ（演出多め）"
"LP-09570","パーソナルジム・フィットネス｜無料体験・カウンセリング予約LP（ダーク・シネマティック・スクロールで商品が回転/分解）","上級"
"LP-09571","不動産・マンション｜採用エントリーLP（3D・クレイ・デバイスモックアップ浮遊）","プロ（演出多め）"
"LP-09572","ウェディング・結婚相談所｜LINE友だち追加LP（ミニマル・洗練・ジェネラティブ背景＋コピー）","プロ（演出多め）"
"LP-09573","ペット・トリミング・動物病院｜LINE友だち追加LP（ハンドメイド・手書き・左テキスト×右商品/人物）","プロ（演出多め）"
"LP-09574","ゲーム・eスポーツ｜採用エントリーLP（ダーク・シネマティック・ジェネラティブ背景＋コピー）","プロ（演出多め）"
"LP-09575","スクール・オンライン講座｜リード獲得（資料請求・問い合わせ）LP（信頼・誠実（コーポレート）・スクロールで商品が回転/分解）","プロ（演出多め）"
"LP-09576","ウェディング・結婚相談所｜採用エントリーLP（ラグジュアリー・高級感・実績数字ドーン）","プロ（演出多め）"
"LP-09577","クラウドファンディング・新商品｜採用エントリーLP（クール・テック・超大型タイポグラフィ）","プロ（演出多め）"
"LP-09578","採用・求人｜リード獲得（資料請求・問い合わせ）LP（エネルギッシュ・スポーティ・実績数字ドーン）","プロ（演出多め）"
"LP-09579","ヨガ・ピラティス｜無料体験・カウンセリング予約LP（ミニマル・洗練・イラスト主体）","プロ（演出多め）"
"LP-09580","工務店・注文住宅・リフォーム｜無料体験・カウンセリング予約LP（ナチュラル・オーガニック・ジェネラティブ背景＋コピー）","プロ（演出多め）"
"LP-09581","金融・保険・投資｜無料体験・カウンセリング予約LP（クール・テック・実績数字ドーン）","プロ（演出多め）"
"LP-09582","プログラミングスクール｜無料体験・カウンセリング予約LP（ナチュラル・オーガニック・左テキスト×右商品/人物）","プロ（演出多め）"
"LP-09583","クラウドファンディング・新商品｜採用エントリーLP（ダーク・シネマティック・超大型タイポグラフィ）","プロ（演出多め）"
"LP-09584","YouTuber・インフルエンサー｜リード獲得（資料請求・問い合わせ）LP（パステル・ドリーミー・写真コラージュ）","プロ（演出多め）"
"LP-09585","食品・産直EC｜商品購入（単品通販）LP（和モダン・超大型タイポグラフィ）","プロ（演出多め）"
"LP-09586","英会話・語学｜採用エントリーLP（信頼・誠実（コーポレート）・スクロールで商品が回転/分解）","プロ（演出多め）"
"LP-09587","ホテル・旅館｜採用エントリーLP（ダーク・シネマティック・実績数字ドーン）","プロ（演出多め）"
"LP-09588","コスメ・スキンケア｜リード獲得（資料請求・問い合わせ）LP（グラスモーフィズム・全面写真＋中央キャッチ）","プロ（演出多め）"
"LP-09589","建築設計事務所｜リード獲得（資料請求・問い合わせ）LP（エネルギッシュ・スポーティ・ジェネラティブ背景＋コピー）","プロ（演出多め）"
"LP-09590","スクール・オンライン講座｜採用エントリーLP（ダーク・シネマティック・イラスト主体）","プロ（演出多め）"
"LP-09591","金融・保険・投資｜セミナー・ウェビナー集客LP（クール・テック・写真コラージュ）","プロ（演出多め）"
"LP-09592","食品・産直EC｜リード獲得（資料請求・問い合わせ）LP（ナチュラル・オーガニック・背景動画ループ＋オーバーレイ）","プロ（演出多め）"
"LP-09593","和菓子・スイーツ｜LINE友だち追加LP（パステル・ドリーミー・写真コラージュ）","プロ（演出多め）"
"LP-09594","食品・産直EC｜クラウドファンディング支援LP（ポップ・カラフル・実績数字ドーン）","上級"
"LP-09595","工務店・注文住宅・リフォーム｜LINE友だち追加LP（3D・クレイ・超大型タイポグラフィ）","プロ（演出多め）"
"LP-09596","英会話・語学｜会員登録・アプリDLLP（ハンドメイド・手書き・実績数字ドーン）","プロ（演出多め）"
"LP-09597","建築設計事務所｜リード獲得（資料請求・問い合わせ）LP（グラスモーフィズム・背景動画ループ＋オーバーレイ）","プロ（演出多め）"
"LP-09598","Web制作・デザイン事務所｜リード獲得（資料請求・問い合わせ）LP（ダーク・シネマティック・実績数字ドーン）","プロ（演出多め）"
"LP-09599","SaaS・BtoBツール｜無料体験・カウンセリング予約LP（3D・クレイ・スクロールで商品が回転/分解）","上級"
"LP-09600","採用・求人｜採用エントリーLP（ジオメトリック・グラフィカル・ジェネラティブ背景＋コピー）","プロ（演出多め）"
"LP-09601","内科・クリニック｜リード獲得（資料請求・問い合わせ）LP（パステル・ドリーミー・左テキスト×右商品/人物）","プロ（演出多め）"
"LP-09602","採用・求人｜採用エントリーLP（ポップ・カラフル・背景動画ループ＋オーバーレイ）","プロ（演出多め）"
"LP-09603","音楽・ライブ・イベント｜採用エントリーLP（ニューブルータリズム・左テキスト×右商品/人物）","プロ（演出多め）"
"LP-09604","保育園・幼児教育・習い事｜LINE友だち追加LP（エネルギッシュ・スポーティ・全面写真＋中央キャッチ）","上級"
"LP-09605","アパレル・ファッションEC｜商品購入（単品通販）LP（エディトリアル・雑誌風・全面写真＋中央キャッチ）","プロ（演出多め）"
"LP-09606","歯科医院｜リード獲得（資料請求・問い合わせ）LP（信頼・誠実（コーポレート）・写真コラージュ）","プロ（演出多め）"
"LP-09607","英会話・語学｜無料体験・カウンセリング予約LP（信頼・誠実（コーポレート）・全面写真＋中央キャッチ）","プロ（演出多め）"
"LP-09608","不動産・マンション｜リード獲得（資料請求・問い合わせ）LP（信頼・誠実（コーポレート）・スクロールで商品が回転/分解）","プロ（演出多め）"
"LP-09609","食品・産直EC｜商品購入（単品通販）LP（和モダン・全面写真＋中央キャッチ）","プロ（演出多め）"
"LP-09610","農業・地方の生産者｜クラウドファンディング支援LP（和モダン・全面写真＋中央キャッチ）","プロ（演出多め）"
"LP-09611","クラウドファンディング・新商品｜採用エントリーLP（ポップ・カラフル・左テキスト×右商品/人物）","プロ（演出多め）"
"LP-09612","コンサル・コーチング｜リード獲得（資料請求・問い合わせ）LP（ネオン・サイバー・全面写真＋中央キャッチ）","プロ（演出多め）"
"LP-09613","音楽・ライブ・イベント｜採用エントリーLP（ネオン・サイバー・デバイスモックアップ浮遊）","プロ（演出多め）"
"LP-09614","カフェ・ベーカリー｜LINE友だち追加LP（エディトリアル・雑誌風・実績数字ドーン）","プロ（演出多め）"
"LP-09615","ゲーム・eスポーツ｜採用エントリーLP（ネオン・サイバー・全面写真＋中央キャッチ）","プロ（演出多め）"
"LP-09616","観光・地域プロモーション｜採用エントリーLP（和モダン・全面写真＋中央キャッチ）","プロ（演出多め）"
"LP-09617","ウェディング・結婚相談所｜採用エントリーLP（ラグジュアリー・高級感・スクロールで商品が回転/分解）","プロ（演出多め）"
"LP-09618","農業・地方の生産者｜採用エントリーLP（ハンドメイド・手書き・全面写真＋中央キャッチ）","プロ（演出多め）"
"LP-09619","金融・保険・投資｜会員登録・アプリDLLP（ダーク・シネマティック・全面写真＋中央キャッチ）","プロ（演出多め）"
"LP-09620","不動産・マンション｜無料体験・カウンセリング予約LP（ラグジュアリー・高級感・ジェネラティブ背景＋コピー）","プロ（演出多め）"
"LP-09621","金融・保険・投資｜リード獲得（資料請求・問い合わせ）LP（ダーク・シネマティック・写真コラージュ）","上級"
"LP-09622","レストラン・居酒屋｜LINE友だち追加LP（和モダン・背景動画ループ＋オーバーレイ）","プロ（演出多め）"
"LP-09623","ペット・トリミング・動物病院｜商品購入（単品通販）LP（ナチュラル・オーガニック・超大型タイポグラフィ）","プロ（演出多め）"
"LP-09624","レストラン・居酒屋｜採用エントリーLP（ダーク・シネマティック・スクロールで商品が回転/分解）","プロ（演出多め）"
"LP-09625","建築設計事務所｜リード獲得（資料請求・問い合わせ）LP（エディトリアル・雑誌風・超大型タイポグラフィ）","プロ（演出多め）"
"LP-09626","美容クリニック｜採用エントリーLP（ラグジュアリー・高級感・超大型タイポグラフィ）","プロ（演出多め）"
"LP-09627","ウェディング・結婚相談所｜採用エントリーLP（ラグジュアリー・高級感・イラスト主体）","プロ（演出多め）"
"LP-09628","英会話・語学｜会員登録・アプリDLLP（信頼・誠実（コーポレート）・背景動画ループ＋オーバーレイ）","上級"
"LP-09629","内科・クリニック｜無料体験・カウンセリング予約LP（北欧・ライフスタイル・デバイスモックアップ浮遊）","プロ（演出多め）"
"LP-09630","英会話・語学｜無料体験・カウンセリング予約LP（ポップ・カラフル・スクロールで商品が回転/分解）","プロ（演出多め）"
"LP-09631","占い・スピリチュアル｜採用エントリーLP（ダーク・シネマティック・超大型タイポグラフィ）","プロ（演出多め）"
"LP-09632","観光・地域プロモーション｜クラウドファンディング支援LP（和モダン・左テキスト×右商品/人物）","プロ（演出多め）"
"LP-09633","プログラミングスクール｜無料体験・カウンセリング予約LP（エネルギッシュ・スポーティ・左テキスト×右商品/人物）","プロ（演出多め）"
"LP-09634","コスメ・スキンケア｜採用エントリーLP（グラスモーフィズム・イラスト主体）","プロ（演出多め）"
"LP-09635","和菓子・スイーツ｜リード獲得（資料請求・問い合わせ）LP（パステル・ドリーミー・実績数字ドーン）","上級"
"LP-09636","NPO・地方自治体｜クラウドファンディング支援LP（信頼・誠実（コーポレート）・左テキスト×右商品/人物）","プロ（演出多め）"
"LP-09637","建築設計事務所｜リード獲得（資料請求・問い合わせ）LP（ミニマル・洗練・イラスト主体）","プロ（演出多め）"
"LP-09638","サウナ・温浴施設｜無料体験・カウンセリング予約LP（ナチュラル・オーガニック・デバイスモックアップ浮遊）","プロ（演出多め）"
"LP-09639","美容室・ヘアサロン｜リード獲得（資料請求・問い合わせ）LP（ラグジュアリー・高級感・イラスト主体）","プロ（演出多め）"
"LP-09640","ホテル・旅館｜採用エントリーLP（和モダン・全面写真＋中央キャッチ）","プロ（演出多め）"
"LP-09641","クラウドファンディング・新商品｜リード獲得（資料請求・問い合わせ）LP（ポップ・カラフル・写真コラージュ）","プロ（演出多め）"
"LP-09642","コンサル・コーチング｜セミナー・ウェビナー集客LP（ラグジュアリー・高級感・背景動画ループ＋オーバーレイ）","プロ（演出多め）"
"LP-09643","不動産・マンション｜無料体験・カウンセリング予約LP（ミニマル・洗練・全面写真＋中央キャッチ）","上級"
"LP-09644","サウナ・温浴施設｜無料体験・カウンセリング予約LP（ナチュラル・オーガニック・スクロールで商品が回転/分解）","プロ（演出多め）"
"LP-09645","AIサービス・スタートアップ｜リード獲得（資料請求・問い合わせ）LP（ネオン・サイバー・イラスト主体）","プロ（演出多め）"
"LP-09646","不動産・マンション｜無料体験・カウンセリング予約LP（ミニマル・洗練・デバイスモックアップ浮遊）","プロ（演出多め）"
"LP-09647","エステ・脱毛サロン｜採用エントリーLP（かわいい・ガーリー・イラスト主体）","プロ（演出多め）"
"LP-09648","和菓子・スイーツ｜採用エントリーLP（かわいい・ガーリー・超大型タイポグラフィ）","プロ（演出多め）"
"LP-09649","観光・地域プロモーション｜リード獲得（資料請求・問い合わせ）LP（和モダン・ジェネラティブ背景＋コピー）","プロ（演出多め）"
"LP-09650","引越し・生活サービス｜リード獲得（資料請求・問い合わせ）LP（3D・クレイ・実績数字ドーン）","プロ（演出多め）"
"LP-09651","レストラン・居酒屋｜採用エントリーLP（ダーク・シネマティック・実績数字ドーン）","上級"
"LP-09652","和菓子・スイーツ｜採用エントリーLP（和モダン・超大型タイポグラフィ）","プロ（演出多め）"
"LP-09653","工務店・注文住宅・リフォーム｜セミナー・ウェビナー集客LP（北欧・ライフスタイル・実績数字ドーン）","プロ（演出多め）"
"LP-09654","建築設計事務所｜採用エントリーLP（エディトリアル・雑誌風・写真コラージュ）","プロ（演出多め）"
"LP-09655","スマホアプリ｜商品購入（単品通販）LP（ネオン・サイバー・ジェネラティブ背景＋コピー）","プロ（演出多め）"
"LP-09656","採用・求人｜リード獲得（資料請求・問い合わせ）LP（ポップ・カラフル・超大型タイポグラフィ）","プロ（演出多め）"
"LP-09657","プログラミングスクール｜採用エントリーLP（ネオン・サイバー・イラスト主体）","プロ（演出多め）"
"LP-09658","Web制作・デザイン事務所｜リード獲得（資料請求・問い合わせ）LP（クール・テック・実績数字ドーン）","プロ（演出多め）"
"LP-09659","音楽・ライブ・イベント｜リード獲得（資料請求・問い合わせ）LP（ニューブルータリズム・超大型タイポグラフィ）","プロ（演出多め）"
"LP-09660","工務店・注文住宅・リフォーム｜セミナー・ウェビナー集客LP（ナチュラル・オーガニック・左テキスト×右商品/人物）","プロ（演出多め）"
"LP-09661","ペット・トリミング・動物病院｜LINE友だち追加LP（ダーク・シネマティック・デバイスモックアップ浮遊）","プロ（演出多め）"
"LP-09662","採用・求人｜リード獲得（資料請求・問い合わせ）LP（ジオメトリック・グラフィカル・超大型タイポグラフィ）","プロ（演出多め）"
"LP-09663","ウェディング・結婚相談所｜採用エントリーLP（ミニマル・洗練・デバイスモックアップ浮遊）","プロ（演出多め）"
"LP-09664","クラウドファンディング・新商品｜クラウドファンディング支援LP（ダーク・シネマティック・デバイスモックアップ浮遊）","プロ（演出多め）"
"LP-09665","食品・産直EC｜商品購入（単品通販）LP（和モダン・全面写真＋中央キャッチ）","プロ（演出多め）"
"LP-09666","内科・クリニック｜リード獲得（資料請求・問い合わせ）LP（レトロ・Y2K・実績数字ドーン）","プロ（演出多め）"
"LP-09667","ホテル・旅館｜LINE友だち追加LP（ラグジュアリー・高級感・ジェネラティブ背景＋コピー）","上級"
"LP-09668","英会話・語学｜採用エントリーLP（ハンドメイド・手書き・全面写真＋中央キャッチ）","プロ（演出多め）"
"LP-09669","AIサービス・スタートアップ｜会員登録・アプリDLLP（グラスモーフィズム・左テキスト×右商品/人物）","プロ（演出多め）"
"LP-09670","ウェディング・結婚相談所｜無料体験・カウンセリング予約LP（かわいい・ガーリー・ジェネラティブ背景＋コピー）","プロ（演出多め）"
"LP-09671","採用・求人｜リード獲得（資料請求・問い合わせ）LP（ポップ・カラフル・デバイスモックアップ浮遊）","プロ（演出多め）"
"LP-09672","引越し・生活サービス｜リード獲得（資料請求・問い合わせ）LP（パステル・ドリーミー・ジェネラティブ背景＋コピー）","プロ（演出多め）"
"LP-09673","クラウドファンディング・新商品｜商品購入（単品通販）LP（ポップ・カラフル・デバイスモックアップ浮遊）","プロ（演出多め）"
"LP-09674","保育園・幼児教育・習い事｜採用エントリーLP（かわいい・ガーリー・ジェネラティブ背景＋コピー）","プロ（演出多め）"
"LP-09675","カフェ・ベーカリー｜リード獲得（資料請求・問い合わせ）LP（レトロ・Y2K・写真コラージュ）","プロ（演出多め）"
"LP-09676","コスメ・スキンケア｜商品購入（単品通販）LP（ミニマル・洗練・左テキスト×右商品/人物）","プロ（演出多め）"
"LP-09677","カフェ・ベーカリー｜採用エントリーLP（北欧・ライフスタイル・実績数字ドーン）","プロ（演出多め）"
"LP-09678","金融・保険・投資｜無料体験・カウンセリング予約LP（ミニマル・洗練・イラスト主体）","プロ（演出多め）"
"LP-09679","NPO・地方自治体｜採用エントリーLP（ハンドメイド・手書き・超大型タイポグラフィ）","上級"
"LP-09680","金融・保険・投資｜リード獲得（資料請求・問い合わせ）LP（信頼・誠実（コーポレート）・超大型タイポグラフィ）","プロ（演出多め）"
"LP-09681","ホテル・旅館｜リード獲得（資料請求・問い合わせ）LP（信頼・誠実（コーポレート）・デバイスモックアップ浮遊）","プロ（演出多め）"
"LP-09682","内科・クリニック｜採用エントリーLP（信頼・誠実（コーポレート）・背景動画ループ＋オーバーレイ）","プロ（演出多め）"
"LP-09683","プログラミングスクール｜セミナー・ウェビナー集客LP（グラスモーフィズム・全面写真＋中央キャッチ）","プロ（演出多め）"
"LP-09684","スマホアプリ｜採用エントリーLP（3D・クレイ・イラスト主体）","プロ（演出多め）"
"LP-09685","和菓子・スイーツ｜LINE友だち追加LP（レトロ・Y2K・全面写真＋中央キャッチ）","プロ（演出多め）"
"LP-09686","スマホアプリ｜商品購入（単品通販）LP（クール・テック・実績数字ドーン）","プロ（演出多め）"
"LP-09687","AIサービス・スタートアップ｜リード獲得（資料請求・問い合わせ）LP（クール・テック・実績数字ドーン）","上級"
"LP-09688","SaaS・BtoBツール｜セミナー・ウェビナー集客LP（ネオン・サイバー・背景動画ループ＋オーバーレイ）","プロ（演出多め）"
"LP-09689","SaaS・BtoBツール｜無料体験・カウンセリング予約LP（北欧・ライフスタイル・ジェネラティブ背景＋コピー）","プロ（演出多め）"
"LP-09690","ゲーム・eスポーツ｜リード獲得（資料請求・問い合わせ）LP（ネオン・サイバー・左テキスト×右商品/人物）","プロ（演出多め）"
"LP-09691","ウェディング・結婚相談所｜LINE友だち追加LP（グラスモーフィズム・左テキスト×右商品/人物）","プロ（演出多め）"
"LP-09692","アパレル・ファッションEC｜商品購入（単品通販）LP（エディトリアル・雑誌風・背景動画ループ＋オーバーレイ）","プロ（演出多め）"
"LP-09693","ウェディング・結婚相談所｜LINE友だち追加LP（ラグジュアリー・高級感・超大型タイポグラフィ）","プロ（演出多め）"
"LP-09694","レストラン・居酒屋｜リード獲得（資料請求・問い合わせ）LP（ダーク・シネマティック・全面写真＋中央キャッチ）","プロ（演出多め）"
"LP-09695","コンサル・コーチング｜採用エントリーLP（ラグジュアリー・高級感・ジェネラティブ背景＋コピー）","プロ（演出多め）"
"LP-09696","採用・求人｜採用エントリーLP（ポップ・カラフル・全面写真＋中央キャッチ）","プロ（演出多め）"
"LP-09697","コンサル・コーチング｜セミナー・ウェビナー集客LP（信頼・誠実（コーポレート）・背景動画ループ＋オーバーレイ）","プロ（演出多め）"
"LP-09698","採用・求人｜リード獲得（資料請求・問い合わせ）LP（ポップ・カラフル・写真コラージュ）","プロ（演出多め）"
"LP-09699","音楽・ライブ・イベント｜リード獲得（資料請求・問い合わせ）LP（ダーク・シネマティック・全面写真＋中央キャッチ）","プロ（演出多め）"
"LP-09700","採用・求人｜リード獲得（資料請求・問い合わせ）LP（エディトリアル・雑誌風・全面写真＋中央キャッチ）","プロ（演出多め）"
"LP-09701","クラウドファンディング・新商品｜リード獲得（資料請求・問い合わせ）LP（ダーク・シネマティック・ジェネラティブ背景＋コピー）","プロ（演出多め）"
"LP-09702","観光・地域プロモーション｜採用エントリーLP（ハンドメイド・手書き・スクロールで商品が回転/分解）","プロ（演出多め）"
"LP-09703","NPO・地方自治体｜採用エントリーLP（信頼・誠実（コーポレート）・全面写真＋中央キャッチ）","プロ（演出多め）"
"LP-09704","スマホアプリ｜採用エントリーLP（ダーク・シネマティック・デバイスモックアップ浮遊）","プロ（演出多め）"
"LP-09705","内科・クリニック｜リード獲得（資料請求・問い合わせ）LP（ナチュラル・オーガニック・デバイスモックアップ浮遊）","プロ（演出多め）"
"LP-09706","建築設計事務所｜リード獲得（資料請求・問い合わせ）LP（エディトリアル・雑誌風・実績数字ドーン）","プロ（演出多め）"
"LP-09707","農業・地方の生産者｜商品購入（単品通販）LP（3D・クレイ・実績数字ドーン）","プロ（演出多め）"
"LP-09708","農業・地方の生産者｜商品購入（単品通販）LP（和モダン・スクロールで商品が回転/分解）","上級"
"LP-09709","英会話・語学｜採用エントリーLP（ポップ・カラフル・超大型タイポグラフィ）","プロ（演出多め）"
"LP-09710","コスメ・スキンケア｜商品購入（単品通販）LP（ラグジュアリー・高級感・デバイスモックアップ浮遊）","プロ（演出多め）"
"LP-09711","自動車・バイク｜採用エントリーLP（グラスモーフィズム・超大型タイポグラフィ）","プロ（演出多め）"
"LP-09712","スマホアプリ｜無料体験・カウンセリング予約LP（ラグジュアリー・高級感・写真コラージュ）","プロ（演出多め）"
"LP-09713","アパレル・ファッションEC｜採用エントリーLP（ミニマル・洗練・スクロールで商品が回転/分解）","プロ（演出多め）"
"LP-09714","農業・地方の生産者｜クラウドファンディング支援LP（ハンドメイド・手書き・イラスト主体）","プロ（演出多め）"
"LP-09715","プログラミングスクール｜セミナー・ウェビナー集客LP（エディトリアル・雑誌風・背景動画ループ＋オーバーレイ）","プロ（演出多め）"
"LP-09716","金融・保険・投資｜会員登録・アプリDLLP（信頼・誠実（コーポレート）・全面写真＋中央キャッチ）","プロ（演出多め）"
"LP-09717","スクール・オンライン講座｜リード獲得（資料請求・問い合わせ）LP（クール・テック・デバイスモックアップ浮遊）","プロ（演出多め）"
"LP-09718","ウェディング・結婚相談所｜リード獲得（資料請求・問い合わせ）LP（かわいい・ガーリー・写真コラージュ）","プロ（演出多め）"
"LP-09719","美容室・ヘアサロン｜リード獲得（資料請求・問い合わせ）LP（かわいい・ガーリー・ジェネラティブ背景＋コピー）","プロ（演出多め）"
"LP-09720","アパレル・ファッションEC｜採用エントリーLP（ミニマル・洗練・スクロールで商品が回転/分解）","プロ（演出多め）"
"LP-09721","不動産・マンション｜無料体験・カウンセリング予約LP（ダーク・シネマティック・左テキスト×右商品/人物）","プロ（演出多め）"
"LP-09722","和菓子・スイーツ｜商品購入（単品通販）LP（和モダン・ジェネラティブ背景＋コピー）","プロ（演出多め）"
"LP-09723","建築設計事務所｜リード獲得（資料請求・問い合わせ）LP（ジオメトリック・グラフィカル・全面写真＋中央キャッチ）","プロ（演出多め）"
"LP-09724","ペット・トリミング・動物病院｜採用エントリーLP（ハンドメイド・手書き・背景動画ループ＋オーバーレイ）","プロ（演出多め）"
"LP-09725","ヨガ・ピラティス｜LINE友だち追加LP（ナチュラル・オーガニック・超大型タイポグラフィ）","プロ（演出多め）"
"LP-09726","AIサービス・スタートアップ｜リード獲得（資料請求・問い合わせ）LP（グラスモーフィズム・背景動画ループ＋オーバーレイ）","プロ（演出多め）"
"LP-09727","建築設計事務所｜リード獲得（資料請求・問い合わせ）LP（ミニマル・洗練・左テキスト×右商品/人物）","プロ（演出多め）"
"LP-09728","コンサル・コーチング｜採用エントリーLP（エディトリアル・雑誌風・全面写真＋中央キャッチ）","プロ（演出多め）"
"LP-09729","食品・産直EC｜クラウドファンディング支援LP（ポップ・カラフル・左テキスト×右商品/人物）","プロ（演出多め）"
"LP-09730","NPO・地方自治体｜クラウドファンディング支援LP（ナチュラル・オーガニック・左テキスト×右商品/人物）","プロ（演出多め）"
"LP-09731","和菓子・スイーツ｜クラウドファンディング支援LP（パステル・ドリーミー・イラスト主体）","上級"
"LP-09732","AIサービス・スタートアップ｜セミナー・ウェビナー集客LP（ネオン・サイバー・超大型タイポグラフィ）","プロ（演出多め）"
"LP-09733","AIサービス・スタートアップ｜無料体験・カウンセリング予約LP（クール・テック・イラスト主体）","プロ（演出多め）"
"LP-09734","食品・産直EC｜商品購入（単品通販）LP（北欧・ライフスタイル・背景動画ループ＋オーバーレイ）","上級"
"LP-09735","自動車・バイク｜リード獲得（資料請求・問い合わせ）LP（ダーク・シネマティック・実績数字ドーン）","プロ（演出多め）"
"LP-09736","内科・クリニック｜採用エントリーLP（かわいい・ガーリー・背景動画ループ＋オーバーレイ）","プロ（演出多め）"
"LP-09737","ヨガ・ピラティス｜採用エントリーLP（北欧・ライフスタイル・実績数字ドーン）","プロ（演出多め）"
"LP-09738","保育園・幼児教育・習い事｜LINE友だち追加LP（ナチュラル・オーガニック・左テキスト×右商品/人物）","プロ（演出多め）"
"LP-09739","英会話・語学｜採用エントリーLP（ポップ・カラフル・スクロールで商品が回転/分解）","プロ（演出多め）"
"LP-09740","和菓子・スイーツ｜リード獲得（資料請求・問い合わせ）LP（かわいい・ガーリー・実績数字ドーン）","プロ（演出多め）"
"LP-09741","コンサル・コーチング｜セミナー・ウェビナー集客LP（ミニマル・洗練・全面写真＋中央キャッチ）","プロ（演出多め）"
"LP-09742","美容室・ヘアサロン｜リード獲得（資料請求・問い合わせ）LP（かわいい・ガーリー・背景動画ループ＋オーバーレイ）","プロ（演出多め）"
"LP-09743","SaaS・BtoBツール｜セミナー・ウェビナー集客LP（ポップ・カラフル・イラスト主体）","プロ（演出多め）"
"LP-09744","内科・クリニック｜LINE友だち追加LP（北欧・ライフスタイル・イラスト主体）","プロ（演出多め）"
"LP-09745","ペット・トリミング・動物病院｜商品購入（単品通販）LP（ナチュラル・オーガニック・デバイスモックアップ浮遊）","プロ（演出多め）"
"LP-09746","スマホアプリ｜無料体験・カウンセリング予約LP（クール・テック・背景動画ループ＋オーバーレイ）","プロ（演出多め）"
"LP-09747","AIサービス・スタートアップ｜リード獲得（資料請求・問い合わせ）LP（ネオン・サイバー・イラスト主体）","プロ（演出多め）"
"LP-09748","ウェディング・結婚相談所｜無料体験・カウンセリング予約LP（パステル・ドリーミー・超大型タイポグラフィ）","プロ（演出多め）"
"LP-09749","音楽・ライブ・イベント｜リード獲得（資料請求・問い合わせ）LP（ニューブルータリズム・デバイスモックアップ浮遊）","プロ（演出多め）"
"LP-09750","占い・スピリチュアル｜無料体験・カウンセリング予約LP（ダーク・シネマティック・左テキスト×右商品/人物）","プロ（演出多め）"
"LP-09751","英会話・語学｜会員登録・アプリDLLP（ポップ・カラフル・ジェネラティブ背景＋コピー）","プロ（演出多め）"
"LP-09752","美容室・ヘアサロン｜採用エントリーLP（かわいい・ガーリー・ジェネラティブ背景＋コピー）","プロ（演出多め）"
"LP-09753","採用・求人｜リード獲得（資料請求・問い合わせ）LP（エネルギッシュ・スポーティ・全面写真＋中央キャッチ）","プロ（演出多め）"
"LP-09754","占い・スピリチュアル｜無料体験・カウンセリング予約LP（ラグジュアリー・高級感・左テキスト×右商品/人物）","上級"
"LP-09755","建築設計事務所｜リード獲得（資料請求・問い合わせ）LP（ミニマル・洗練・ジェネラティブ背景＋コピー）","プロ（演出多め）"
"LP-09756","工務店・注文住宅・リフォーム｜リード獲得（資料請求・問い合わせ）LP（北欧・ライフスタイル・デバイスモックアップ浮遊）","プロ（演出多め）"
"LP-09757","カフェ・ベーカリー｜LINE友だち追加LP（レトロ・Y2K・スクロールで商品が回転/分解）","プロ（演出多め）"
"LP-09758","コンサル・コーチング｜採用エントリーLP（信頼・誠実（コーポレート）・全面写真＋中央キャッチ）","プロ（演出多め）"
"LP-09759","パーソナルジム・フィットネス｜採用エントリーLP（パステル・ドリーミー・左テキスト×右商品/人物）","プロ（演出多め）"
"LP-09760","レストラン・居酒屋｜リード獲得（資料請求・問い合わせ）LP（和モダン・イラスト主体）","上級"
"LP-09761","ホテル・旅館｜LINE友だち追加LP（グラスモーフィズム・左テキスト×右商品/人物）","プロ（演出多め）"
"LP-09762","レストラン・居酒屋｜採用エントリーLP（ダーク・シネマティック・実績数字ドーン）","プロ（演出多め）"
"LP-09763","美容クリニック｜LINE友だち追加LP（信頼・誠実（コーポレート）・背景動画ループ＋オーバーレイ）","プロ（演出多め）"
"LP-09764","自動車・バイク｜リード獲得（資料請求・問い合わせ）LP（クール・テック・ジェネラティブ背景＋コピー）","プロ（演出多め）"
"LP-09765","コスメ・スキンケア｜採用エントリーLP（ナチュラル・オーガニック・ジェネラティブ背景＋コピー）","プロ（演出多め）"
"LP-09766","金融・保険・投資｜リード獲得（資料請求・問い合わせ）LP（ミニマル・洗練・スクロールで商品が回転/分解）","プロ（演出多め）"
"LP-09767","和菓子・スイーツ｜採用エントリーLP（グラスモーフィズム・イラスト主体）","プロ（演出多め）"
"LP-09768","ホテル・旅館｜LINE友だち追加LP（ダーク・シネマティック・スクロールで商品が回転/分解）","プロ（演出多め）"
"LP-09769","内科・クリニック｜LINE友だち追加LP（信頼・誠実（コーポレート）・背景動画ループ＋オーバーレイ）","プロ（演出多め）"
"LP-09770","スマホアプリ｜無料体験・カウンセリング予約LP（3D・クレイ・ジェネラティブ背景＋コピー）","プロ（演出多め）"
"LP-09771","カフェ・ベーカリー｜採用エントリーLP（北欧・ライフスタイル・写真コラージュ）","上級"
"LP-09772","スクール・オンライン講座｜採用エントリーLP（ポップ・カラフル・スクロールで商品が回転/分解）","プロ（演出多め）"
"LP-09773","コスメ・スキンケア｜採用エントリーLP（ミニマル・洗練・超大型タイポグラフィ）","プロ（演出多め）"
"LP-09774","農業・地方の生産者｜採用エントリーLP（グラスモーフィズム・超大型タイポグラフィ）","プロ（演出多め）"
"LP-09775","ヨガ・ピラティス｜LINE友だち追加LP（ミニマル・洗練・超大型タイポグラフィ）","上級"
"LP-09776","パーソナルジム・フィットネス｜リード獲得（資料請求・問い合わせ）LP（ダーク・シネマティック・写真コラージュ）","プロ（演出多め）"
"LP-09777","自動車・バイク｜リード獲得（資料請求・問い合わせ）LP（ダーク・シネマティック・背景動画ループ＋オーバーレイ）","プロ（演出多め）"
"LP-09778","自動車・バイク｜リード獲得（資料請求・問い合わせ）LP（ラグジュアリー・高級感・スクロールで商品が回転/分解）","上級"
"LP-09779","クラウドファンディング・新商品｜商品購入（単品通販）LP（ジオメトリック・グラフィカル・スクロールで商品が回転/分解）","プロ（演出多め）"
"LP-09780","スマホアプリ｜会員登録・アプリDLLP（ラグジュアリー・高級感・ジェネラティブ背景＋コピー）","プロ（演出多め）"
"LP-09781","アパレル・ファッションEC｜商品購入（単品通販）LP（ニューブルータリズム・左テキスト×右商品/人物）","プロ（演出多め）"
"LP-09782","コスメ・スキンケア｜採用エントリーLP（ネオン・サイバー・左テキスト×右商品/人物）","プロ（演出多め）"
"LP-09783","SaaS・BtoBツール｜無料体験・カウンセリング予約LP（クール・テック・デバイスモックアップ浮遊）","プロ（演出多め）"
"LP-09784","NPO・地方自治体｜採用エントリーLP（ナチュラル・オーガニック・左テキスト×右商品/人物）","プロ（演出多め）"
"LP-09785","Web制作・デザイン事務所｜セミナー・ウェビナー集客LP（クール・テック・スクロールで商品が回転/分解）","プロ（演出多め）"
"LP-09786","AIサービス・スタートアップ｜無料体験・カウンセリング予約LP（ミニマル・洗練・デバイスモックアップ浮遊）","上級"
"LP-09787","Web制作・デザイン事務所｜セミナー・ウェビナー集客LP（ダーク・シネマティック・スクロールで商品が回転/分解）","プロ（演出多め）"
"LP-09788","Web制作・デザイン事務所｜リード獲得（資料請求・問い合わせ）LP（エディトリアル・雑誌風・背景動画ループ＋オーバーレイ）","プロ（演出多め）"
"LP-09789","SaaS・BtoBツール｜採用エントリーLP（グラスモーフィズム・ジェネラティブ背景＋コピー）","プロ（演出多め）"
"LP-09790","アパレル・ファッションEC｜リード獲得（資料請求・問い合わせ）LP（レトロ・Y2K・左テキスト×右商品/人物）","プロ（演出多め）"
"LP-09791","クラウドファンディング・新商品｜商品購入（単品通販）LP（北欧・ライフスタイル・スクロールで商品が回転/分解）","プロ（演出多め）"
"LP-09792","ゲーム・eスポーツ｜クラウドファンディング支援LP（ネオン・サイバー・全面写真＋中央キャッチ）","プロ（演出多め）"
"LP-09793","AIサービス・スタートアップ｜セミナー・ウェビナー集客LP（グラスモーフィズム・スクロールで商品が回転/分解）","プロ（演出多め）"
"LP-09794","食品・産直EC｜クラウドファンディング支援LP（和モダン・デバイスモックアップ浮遊）","プロ（演出多め）"
"LP-09795","Web制作・デザイン事務所｜リード獲得（資料請求・問い合わせ）LP（エディトリアル・雑誌風・写真コラージュ）","上級"
"LP-09796","占い・スピリチュアル｜リード獲得（資料請求・問い合わせ）LP（ラグジュアリー・高級感・デバイスモックアップ浮遊）","プロ（演出多め）"
"LP-09797","コンサル・コーチング｜セミナー・ウェビナー集客LP（ミニマル・洗練・背景動画ループ＋オーバーレイ）","上級"
"LP-09798","パーソナルジム・フィットネス｜リード獲得（資料請求・問い合わせ）LP（クール・テック・超大型タイポグラフィ）","プロ（演出多め）"
"LP-09799","農業・地方の生産者｜クラウドファンディング支援LP（和モダン・デバイスモックアップ浮遊）","上級"
"LP-09800","エステ・脱毛サロン｜無料体験・カウンセリング予約LP（ラグジュアリー・高級感・左テキスト×右商品/人物）","上級"
"LP-09801","採用・求人｜リード獲得（資料請求・問い合わせ）LP（ポップ・カラフル・デバイスモックアップ浮遊）","プロ（演出多め）"
"LP-09802","プログラミングスクール｜採用エントリーLP（3D・クレイ・背景動画ループ＋オーバーレイ）","上級"
"LP-09803","建築設計事務所｜リード獲得（資料請求・問い合わせ）LP（エディトリアル・雑誌風・背景動画ループ＋オーバーレイ）","プロ（演出多め）"
"LP-09804","スマホアプリ｜採用エントリーLP（3D・クレイ・左テキスト×右商品/人物）","プロ（演出多め）"
"LP-09805","音楽・ライブ・イベント｜採用エントリーLP（ミニマル・洗練・背景動画ループ＋オーバーレイ）","プロ（演出多め）"
"LP-09806","NPO・地方自治体｜採用エントリーLP（ナチュラル・オーガニック・超大型タイポグラフィ）","プロ（演出多め）"
"LP-09807","保育園・幼児教育・習い事｜リード獲得（資料請求・問い合わせ）LP（ナチュラル・オーガニック・超大型タイポグラフィ）","プロ（演出多め）"
"LP-09808","クラウドファンディング・新商品｜リード獲得（資料請求・問い合わせ）LP（ナチュラル・オーガニック・全面写真＋中央キャッチ）","上級"
"LP-09809","引越し・生活サービス｜無料体験・カウンセリング予約LP（3D・クレイ・デバイスモックアップ浮遊）","プロ（演出多め）"
"LP-09810","コスメ・スキンケア｜採用エントリーLP（ポップ・カラフル・全面写真＋中央キャッチ）","プロ（演出多め）"
"LP-09811","パーソナルジム・フィットネス｜採用エントリーLP（ダーク・シネマティック・デバイスモックアップ浮遊）","プロ（演出多め）"
"LP-09812","採用・求人｜リード獲得（資料請求・問い合わせ）LP（和モダン・デバイスモックアップ浮遊）","上級"
"LP-09813","スクール・オンライン講座｜リード獲得（資料請求・問い合わせ）LP（3D・クレイ・全面写真＋中央キャッチ）","プロ（演出多め）"
"LP-09814","保育園・幼児教育・習い事｜無料体験・カウンセリング予約LP（北欧・ライフスタイル・全面写真＋中央キャッチ）","プロ（演出多め）"
"LP-09815","スクール・オンライン講座｜セミナー・ウェビナー集客LP（信頼・誠実（コーポレート）・ジェネラティブ背景＋コピー）","上級"
"LP-09816","食品・産直EC｜クラウドファンディング支援LP（和モダン・スクロールで商品が回転/分解）","プロ（演出多め）"
"LP-09817","歯科医院｜LINE友だち追加LP（ミニマル・洗練・全面写真＋中央キャッチ）","プロ（演出多め）"
"LP-09818","パーソナルジム・フィットネス｜リード獲得（資料請求・問い合わせ）LP（エネルギッシュ・スポーティ・実績数字ドーン）","プロ（演出多め）"
"LP-09819","SaaS・BtoBツール｜会員登録・アプリDLLP（レトロ・Y2K・スクロールで商品が回転/分解）","プロ（演出多め）"
"LP-09820","クラウドファンディング・新商品｜商品購入（単品通販）LP（ナチュラル・オーガニック・背景動画ループ＋オーバーレイ）","プロ（演出多め）"
"LP-09821","観光・地域プロモーション｜クラウドファンディング支援LP（和モダン・背景動画ループ＋オーバーレイ）","プロ（演出多め）"
"LP-09822","SaaS・BtoBツール｜無料体験・カウンセリング予約LP（ミニマル・洗練・背景動画ループ＋オーバーレイ）","プロ（演出多め）"
"LP-09823","SaaS・BtoBツール｜無料体験・カウンセリング予約LP（グラスモーフィズム・超大型タイポグラフィ）","プロ（演出多め）"
"LP-09824","農業・地方の生産者｜採用エントリーLP（ハンドメイド・手書き・デバイスモックアップ浮遊）","上級"
"LP-09825","建築設計事務所｜リード獲得（資料請求・問い合わせ）LP（レトロ・Y2K・スクロールで商品が回転/分解）","上級"
"LP-09826","YouTuber・インフルエンサー｜会員登録・アプリDLLP（レトロ・Y2K・デバイスモックアップ浮遊）","プロ（演出多め）"
"LP-09827","美容室・ヘアサロン｜LINE友だち追加LP（ミニマル・洗練・写真コラージュ）","プロ（演出多め）"
"LP-09828","スクール・オンライン講座｜リード獲得（資料請求・問い合わせ）LP（クール・テック・写真コラージュ）","プロ（演出多め）"
"LP-09829","歯科医院｜LINE友だち追加LP（ミニマル・洗練・スクロールで商品が回転/分解）","プロ（演出多め）"
"LP-09830","スマホアプリ｜リード獲得（資料請求・問い合わせ）LP（クール・テック・写真コラージュ）","プロ（演出多め）"
"LP-09831","ヨガ・ピラティス｜採用エントリーLP（ナチュラル・オーガニック・イラスト主体）","プロ（演出多め）"
"LP-09832","コンサル・コーチング｜無料体験・カウンセリング予約LP（ミニマル・洗練・全面写真＋中央キャッチ）","プロ（演出多め）"
"LP-09833","アパレル・ファッションEC｜採用エントリーLP（エネルギッシュ・スポーティ・スクロールで商品が回転/分解）","プロ（演出多め）"
"LP-09834","ホテル・旅館｜LINE友だち追加LP（ダーク・シネマティック・イラスト主体）","プロ（演出多め）"
"LP-09835","金融・保険・投資｜無料体験・カウンセリング予約LP（クール・テック・超大型タイポグラフィ）","プロ（演出多め）"
"LP-09836","観光・地域プロモーション｜採用エントリーLP（和モダン・イラスト主体）","プロ（演出多め）"
"LP-09837","AIサービス・スタートアップ｜無料体験・カウンセリング予約LP（ネオン・サイバー・背景動画ループ＋オーバーレイ）","プロ（演出多め）"
"LP-09838","ウェディング・結婚相談所｜採用エントリーLP（北欧・ライフスタイル・イラスト主体）","プロ（演出多め）"
"LP-09839","カフェ・ベーカリー｜採用エントリーLP（ハンドメイド・手書き・写真コラージュ）","プロ（演出多め）"
"LP-09840","引越し・生活サービス｜無料体験・カウンセリング予約LP（信頼・誠実（コーポレート）・スクロールで商品が回転/分解）","プロ（演出多め）"
"LP-09841","YouTuber・インフルエンサー｜会員登録・アプリDLLP（レトロ・Y2K・全面写真＋中央キャッチ）","プロ（演出多め）"
"LP-09842","コンサル・コーチング｜無料体験・カウンセリング予約LP（ジオメトリック・グラフィカル・背景動画ループ＋オーバーレイ）","プロ（演出多め）"
"LP-09843","採用・求人｜採用エントリーLP（信頼・誠実（コーポレート）・ジェネラティブ背景＋コピー）","プロ（演出多め）"
"LP-09844","自動車・バイク｜採用エントリーLP（エネルギッシュ・スポーティ・スクロールで商品が回転/分解）","プロ（演出多め）"
"LP-09845","サウナ・温浴施設｜リード獲得（資料請求・問い合わせ）LP（ポップ・カラフル・背景動画ループ＋オーバーレイ）","プロ（演出多め）"
"LP-09846","ヨガ・ピラティス｜LINE友だち追加LP（ミニマル・洗練・超大型タイポグラフィ）","プロ（演出多め）"
"LP-09847","採用・求人｜リード獲得（資料請求・問い合わせ）LP（エネルギッシュ・スポーティ・デバイスモックアップ浮遊）","プロ（演出多め）"
"LP-09848","内科・クリニック｜無料体験・カウンセリング予約LP（ポップ・カラフル・超大型タイポグラフィ）","プロ（演出多め）"
"LP-09849","スクール・オンライン講座｜会員登録・アプリDLLP（信頼・誠実（コーポレート）・左テキスト×右商品/人物）","プロ（演出多め）"
"LP-09850","アパレル・ファッションEC｜リード獲得（資料請求・問い合わせ）LP（ミニマル・洗練・写真コラージュ）","プロ（演出多め）"
"LP-09851","採用・求人｜採用エントリーLP（エネルギッシュ・スポーティ・写真コラージュ）","プロ（演出多め）"
"LP-09852","歯科医院｜無料体験・カウンセリング予約LP（信頼・誠実（コーポレート）・写真コラージュ）","プロ（演出多め）"
"LP-09853","自動車・バイク｜無料体験・カウンセリング予約LP（ダーク・シネマティック・イラスト主体）","プロ（演出多め）"
"LP-09854","自動車・バイク｜無料体験・カウンセリング予約LP（クール・テック・イラスト主体）","プロ（演出多め）"
"LP-09855","サウナ・温浴施設｜リード獲得（資料請求・問い合わせ）LP（ニューブルータリズム・実績数字ドーン）","プロ（演出多め）"
"LP-09856","観光・地域プロモーション｜クラウドファンディング支援LP（ダーク・シネマティック・ジェネラティブ背景＋コピー）","プロ（演出多め）"
"LP-09857","パーソナルジム・フィットネス｜リード獲得（資料請求・問い合わせ）LP（ダーク・シネマティック・左テキスト×右商品/人物）","プロ（演出多め）"
"LP-09858","Web制作・デザイン事務所｜セミナー・ウェビナー集客LP（ダーク・シネマティック・ジェネラティブ背景＋コピー）","プロ（演出多め）"
"LP-09859","占い・スピリチュアル｜リード獲得（資料請求・問い合わせ）LP（ネオン・サイバー・実績数字ドーン）","プロ（演出多め）"
"LP-09860","食品・産直EC｜リード獲得（資料請求・問い合わせ）LP（ミニマル・洗練・超大型タイポグラフィ）","プロ（演出多め）"
"LP-09861","和菓子・スイーツ｜クラウドファンディング支援LP（パステル・ドリーミー・背景動画ループ＋オーバーレイ）","プロ（演出多め）"
"LP-09862","AIサービス・スタートアップ｜採用エントリーLP（クール・テック・デバイスモックアップ浮遊）","プロ（演出多め）"
"LP-09863","士業（税理士・弁護士・行政書士）｜セミナー・ウェビナー集客LP（和モダン・ジェネラティブ背景＋コピー）","プロ（演出多め）"
"LP-09864","歯科医院｜リード獲得（資料請求・問い合わせ）LP（ミニマル・洗練・ジェネラティブ背景＋コピー）","プロ（演出多め）"
"LP-09865","プログラミングスクール｜無料体験・カウンセリング予約LP（ポップ・カラフル・スクロールで商品が回転/分解）","プロ（演出多め）"
"LP-09866","Web制作・デザイン事務所｜採用エントリーLP（信頼・誠実（コーポレート）・背景動画ループ＋オーバーレイ）","上級"
"LP-09867","自動車・バイク｜無料体験・カウンセリング予約LP（エネルギッシュ・スポーティ・ジェネラティブ背景＋コピー）","プロ（演出多め）"
"LP-09868","士業（税理士・弁護士・行政書士）｜採用エントリーLP（和モダン・左テキスト×右商品/人物）","プロ（演出多め）"
"LP-09869","カフェ・ベーカリー｜LINE友だち追加LP（北欧・ライフスタイル・実績数字ドーン）","プロ（演出多め）"
"LP-09870","カフェ・ベーカリー｜リード獲得（資料請求・問い合わせ）LP（ハンドメイド・手書き・実績数字ドーン）","プロ（演出多め）"
"LP-09871","パーソナルジム・フィットネス｜採用エントリーLP（ダーク・シネマティック・背景動画ループ＋オーバーレイ）","プロ（演出多め）"
"LP-09872","クラウドファンディング・新商品｜商品購入（単品通販）LP（クール・テック・背景動画ループ＋オーバーレイ）","プロ（演出多め）"
"LP-09873","建築設計事務所｜リード獲得（資料請求・問い合わせ）LP（エディトリアル・雑誌風・ジェネラティブ背景＋コピー）","プロ（演出多め）"
"LP-09874","サウナ・温浴施設｜無料体験・カウンセリング予約LP（レトロ・Y2K・スクロールで商品が回転/分解）","プロ（演出多め）"
"LP-09875","コスメ・スキンケア｜リード獲得（資料請求・問い合わせ）LP（パステル・ドリーミー・超大型タイポグラフィ）","プロ（演出多め）"
"LP-09876","士業（税理士・弁護士・行政書士）｜無料体験・カウンセリング予約LP（ミニマル・洗練・スクロールで商品が回転/分解）","プロ（演出多め）"
"LP-09877","ゲーム・eスポーツ｜クラウドファンディング支援LP（エネルギッシュ・スポーティ・写真コラージュ）","プロ（演出多め）"
"LP-09878","スクール・オンライン講座｜無料体験・カウンセリング予約LP（信頼・誠実（コーポレート）・超大型タイポグラフィ）","プロ（演出多め）"
"LP-09879","パーソナルジム・フィットネス｜LINE友だち追加LP（エネルギッシュ・スポーティ・超大型タイポグラフィ）","プロ（演出多め）"
"LP-09880","金融・保険・投資｜リード獲得（資料請求・問い合わせ）LP（クール・テック・デバイスモックアップ浮遊）","プロ（演出多め）"
"LP-09881","占い・スピリチュアル｜無料体験・カウンセリング予約LP（和モダン・左テキスト×右商品/人物）","プロ（演出多め）"
"LP-09882","歯科医院｜採用エントリーLP（3D・クレイ・イラスト主体）","プロ（演出多め）"
"LP-09883","観光・地域プロモーション｜クラウドファンディング支援LP（ジオメトリック・グラフィカル・超大型タイポグラフィ）","プロ（演出多め）"
"LP-09884","SaaS・BtoBツール｜採用エントリーLP（クール・テック・全面写真＋中央キャッチ）","プロ（演出多め）"
"LP-09885","保育園・幼児教育・習い事｜採用エントリーLP（ポップ・カラフル・超大型タイポグラフィ）","プロ（演出多め）"
"LP-09886","自動車・バイク｜採用エントリーLP（エネルギッシュ・スポーティ・イラスト主体）","プロ（演出多め）"
"LP-09887","レストラン・居酒屋｜リード獲得（資料請求・問い合わせ）LP（ラグジュアリー・高級感・写真コラージュ）","上級"
"LP-09888","AIサービス・スタートアップ｜会員登録・アプリDLLP（3D・クレイ・写真コラージュ）","プロ（演出多め）"
"LP-09889","内科・クリニック｜LINE友だち追加LP（ナチュラル・オーガニック・左テキスト×右商品/人物）","プロ（演出多め）"
"LP-09890","プログラミングスクール｜リード獲得（資料請求・問い合わせ）LP（ネオン・サイバー・超大型タイポグラフィ）","上級"
"LP-09891","コスメ・スキンケア｜商品購入（単品通販）LP（グラスモーフィズム・写真コラージュ）","プロ（演出多め）"
"LP-09892","内科・クリニック｜採用エントリーLP（信頼・誠実（コーポレート）・デバイスモックアップ浮遊）","プロ（演出多め）"
"LP-09893","コンサル・コーチング｜セミナー・ウェビナー集客LP（エディトリアル・雑誌風・背景動画ループ＋オーバーレイ）","プロ（演出多め）"
"LP-09894","内科・クリニック｜リード獲得（資料請求・問い合わせ）LP（3D・クレイ・超大型タイポグラフィ）","プロ（演出多め）"
"LP-09895","ゲーム・eスポーツ｜採用エントリーLP（レトロ・Y2K・超大型タイポグラフィ）","プロ（演出多め）"
"LP-09896","サウナ・温浴施設｜LINE友だち追加LP（和モダン・背景動画ループ＋オーバーレイ）","プロ（演出多め）"
"LP-09897","パーソナルジム・フィットネス｜無料体験・カウンセリング予約LP（エネルギッシュ・スポーティ・ジェネラティブ背景＋コピー）","プロ（演出多め）"
"LP-09898","スクール・オンライン講座｜リード獲得（資料請求・問い合わせ）LP（3D・クレイ・イラスト主体）","プロ（演出多め）"
"LP-09899","パーソナルジム・フィットネス｜リード獲得（資料請求・問い合わせ）LP（エネルギッシュ・スポーティ・超大型タイポグラフィ）","上級"
"LP-09900","音楽・ライブ・イベント｜採用エントリーLP（ニューブルータリズム・ジェネラティブ背景＋コピー）","プロ（演出多め）"
"LP-09901","採用・求人｜採用エントリーLP（信頼・誠実（コーポレート）・イラスト主体）","プロ（演出多め）"
"LP-09902","カフェ・ベーカリー｜LINE友だち追加LP（ハンドメイド・手書き・左テキスト×右商品/人物）","プロ（演出多め）"
"LP-09903","ホテル・旅館｜リード獲得（資料請求・問い合わせ）LP（ミニマル・洗練・写真コラージュ）","プロ（演出多め）"
"LP-09904","スマホアプリ｜採用エントリーLP（北欧・ライフスタイル・全面写真＋中央キャッチ）","プロ（演出多め）"
"LP-09905","エステ・脱毛サロン｜採用エントリーLP（ラグジュアリー・高級感・背景動画ループ＋オーバーレイ）","プロ（演出多め）"
"LP-09906","レストラン・居酒屋｜採用エントリーLP（ラグジュアリー・高級感・ジェネラティブ背景＋コピー）","プロ（演出多め）"
"LP-09907","レストラン・居酒屋｜リード獲得（資料請求・問い合わせ）LP（ダーク・シネマティック・デバイスモックアップ浮遊）","上級"
"LP-09908","建築設計事務所｜リード獲得（資料請求・問い合わせ）LP（ミニマル・洗練・写真コラージュ）","上級"
"LP-09909","ペット・トリミング・動物病院｜採用エントリーLP（ナチュラル・オーガニック・超大型タイポグラフィ）","プロ（演出多め）"
"LP-09910","NPO・地方自治体｜クラウドファンディング支援LP（ハンドメイド・手書き・スクロールで商品が回転/分解）","プロ（演出多め）"
"LP-09911","レストラン・居酒屋｜LINE友だち追加LP（ラグジュアリー・高級感・全面写真＋中央キャッチ）","プロ（演出多め）"
"LP-09912","スマホアプリ｜採用エントリーLP（3D・クレイ・背景動画ループ＋オーバーレイ）","プロ（演出多め）"
"LP-09913","カフェ・ベーカリー｜リード獲得（資料請求・問い合わせ）LP（エディトリアル・雑誌風・ジェネラティブ背景＋コピー）","プロ（演出多め）"
"LP-09914","自動車・バイク｜リード獲得（資料請求・問い合わせ）LP（ジオメトリック・グラフィカル・超大型タイポグラフィ）","プロ（演出多め）"
"LP-09915","スクール・オンライン講座｜無料体験・カウンセリング予約LP（クール・テック・左テキスト×右商品/人物）","プロ（演出多め）"
"LP-09916","歯科医院｜LINE友だち追加LP（信頼・誠実（コーポレート）・写真コラージュ）","プロ（演出多め）"
"LP-09917","農業・地方の生産者｜リード獲得（資料請求・問い合わせ）LP（ハンドメイド・手書き・超大型タイポグラフィ）","プロ（演出多め）"
"LP-09918","SaaS・BtoBツール｜会員登録・アプリDLLP（ミニマル・洗練・全面写真＋中央キャッチ）","上級"
"LP-09919","観光・地域プロモーション｜リード獲得（資料請求・問い合わせ）LP（ハンドメイド・手書き・イラスト主体）","プロ（演出多め）"
"LP-09920","パーソナルジム・フィットネス｜採用エントリーLP（ダーク・シネマティック・イラスト主体）","プロ（演出多め）"
"LP-09921","保育園・幼児教育・習い事｜リード獲得（資料請求・問い合わせ）LP（信頼・誠実（コーポレート）・左テキスト×右商品/人物）","プロ（演出多め）"
"LP-09922","内科・クリニック｜LINE友だち追加LP（ナチュラル・オーガニック・写真コラージュ）","プロ（演出多め）"
"LP-09923","農業・地方の生産者｜採用エントリーLP（ナチュラル・オーガニック・デバイスモックアップ浮遊）","プロ（演出多め）"
"LP-09924","アパレル・ファッションEC｜商品購入（単品通販）LP（ニューブルータリズム・スクロールで商品が回転/分解）","プロ（演出多め）"
"LP-09925","スマホアプリ｜商品購入（単品通販）LP（ポップ・カラフル・スクロールで商品が回転/分解）","プロ（演出多め）"
"LP-09926","音楽・ライブ・イベント｜クラウドファンディング支援LP（ネオン・サイバー・写真コラージュ）","プロ（演出多め）"
"LP-09927","歯科医院｜採用エントリーLP（ナチュラル・オーガニック・デバイスモックアップ浮遊）","プロ（演出多め）"
"LP-09928","工務店・注文住宅・リフォーム｜リード獲得（資料請求・問い合わせ）LP（ナチュラル・オーガニック・全面写真＋中央キャッチ）","プロ（演出多め）"
"LP-09929","YouTuber・インフルエンサー｜採用エントリーLP（ポップ・カラフル・ジェネラティブ背景＋コピー）","プロ（演出多め）"
"LP-09930","引越し・生活サービス｜リード獲得（資料請求・問い合わせ）LP（ネオン・サイバー・写真コラージュ）","プロ（演出多め）"
"LP-09931","レストラン・居酒屋｜LINE友だち追加LP（ナチュラル・オーガニック・左テキスト×右商品/人物）","プロ（演出多め）"
"LP-09932","和菓子・スイーツ｜リード獲得（資料請求・問い合わせ）LP（パステル・ドリーミー・背景動画ループ＋オーバーレイ）","プロ（演出多め）"
"LP-09933","プログラミングスクール｜採用エントリーLP（3D・クレイ・スクロールで商品が回転/分解）","プロ（演出多め）"
"LP-09934","占い・スピリチュアル｜採用エントリーLP（パステル・ドリーミー・実績数字ドーン）","プロ（演出多め）"
"LP-09935","アパレル・ファッションEC｜商品購入（単品通販）LP（ニューブルータリズム・ジェネラティブ背景＋コピー）","プロ（演出多め）"
"LP-09936","ゲーム・eスポーツ｜会員登録・アプリDLLP（レトロ・Y2K・実績数字ドーン）","プロ（演出多め）"
"LP-09937","建築設計事務所｜採用エントリーLP（クール・テック・実績数字ドーン）","プロ（演出多め）"
"LP-09938","音楽・ライブ・イベント｜採用エントリーLP（信頼・誠実（コーポレート）・スクロールで商品が回転/分解）","プロ（演出多め）"
"LP-09939","保育園・幼児教育・習い事｜LINE友だち追加LP（エネルギッシュ・スポーティ・デバイスモックアップ浮遊）","プロ（演出多め）"
"LP-09940","Web制作・デザイン事務所｜リード獲得（資料請求・問い合わせ）LP（エディトリアル・雑誌風・イラスト主体）","プロ（演出多め）"
"LP-09941","自動車・バイク｜リード獲得（資料請求・問い合わせ）LP（クール・テック・写真コラージュ）","上級"
"LP-09942","ペット・トリミング・動物病院｜リード獲得（資料請求・問い合わせ）LP（ハンドメイド・手書き・超大型タイポグラフィ）","プロ（演出多め）"
"LP-09943","サウナ・温浴施設｜リード獲得（資料請求・問い合わせ）LP（ニューブルータリズム・左テキスト×右商品/人物）","プロ（演出多め）"
"LP-09944","エステ・脱毛サロン｜リード獲得（資料請求・問い合わせ）LP（かわいい・ガーリー・スクロールで商品が回転/分解）","プロ（演出多め）"
"LP-09945","スマホアプリ｜会員登録・アプリDLLP（クール・テック・写真コラージュ）","プロ（演出多め）"
"LP-09946","ウェディング・結婚相談所｜採用エントリーLP（ラグジュアリー・高級感・スクロールで商品が回転/分解）","上級"
"LP-09947","NPO・地方自治体｜リード獲得（資料請求・問い合わせ）LP（ハンドメイド・手書き・超大型タイポグラフィ）","プロ（演出多め）"
"LP-09948","ゲーム・eスポーツ｜採用エントリーLP（ダーク・シネマティック・ジェネラティブ背景＋コピー）","プロ（演出多め）"
"LP-09949","サウナ・温浴施設｜LINE友だち追加LP（レトロ・Y2K・実績数字ドーン）","プロ（演出多め）"
"LP-09950","エステ・脱毛サロン｜無料体験・カウンセリング予約LP（ミニマル・洗練・全面写真＋中央キャッチ）","プロ（演出多め）"
"LP-09951","食品・産直EC｜商品購入（単品通販）LP（ポップ・カラフル・イラスト主体）","プロ（演出多め）"
"LP-09952","歯科医院｜採用エントリーLP（ミニマル・洗練・全面写真＋中央キャッチ）","プロ（演出多め）"
"LP-09953","コスメ・スキンケア｜採用エントリーLP（ミニマル・洗練・写真コラージュ）","上級"
"LP-09954","不動産・マンション｜リード獲得（資料請求・問い合わせ）LP（ミニマル・洗練・左テキスト×右商品/人物）","上級"
"LP-09955","カフェ・ベーカリー｜採用エントリーLP（ナチュラル・オーガニック・全面写真＋中央キャッチ）","プロ（演出多め）"
"LP-09956","美容クリニック｜リード獲得（資料請求・問い合わせ）LP（信頼・誠実（コーポレート）・写真コラージュ）","プロ（演出多め）"
"LP-09957","プログラミングスクール｜リード獲得（資料請求・問い合わせ）LP（クール・テック・ジェネラティブ背景＋コピー）","プロ（演出多め）"
"LP-09958","金融・保険・投資｜セミナー・ウェビナー集客LP（ミニマル・洗練・ジェネラティブ背景＋コピー）","プロ（演出多め）"
"LP-09959","コスメ・スキンケア｜採用エントリーLP（グラスモーフィズム・全面写真＋中央キャッチ）","プロ（演出多め）"
"LP-09960","歯科医院｜リード獲得（資料請求・問い合わせ）LP（ラグジュアリー・高級感・写真コラージュ）","プロ（演出多め）"
"LP-09961","レストラン・居酒屋｜LINE友だち追加LP（和モダン・背景動画ループ＋オーバーレイ）","プロ（演出多め）"
"LP-09962","士業（税理士・弁護士・行政書士）｜セミナー・ウェビナー集客LP（和モダン・超大型タイポグラフィ）","プロ（演出多め）"
"LP-09963","農業・地方の生産者｜リード獲得（資料請求・問い合わせ）LP（和モダン・ジェネラティブ背景＋コピー）","プロ（演出多め）"
"LP-09964","音楽・ライブ・イベント｜採用エントリーLP（レトロ・Y2K・写真コラージュ）","プロ（演出多め）"
"LP-09965","歯科医院｜リード獲得（資料請求・問い合わせ）LP（エディトリアル・雑誌風・デバイスモックアップ浮遊）","プロ（演出多め）"
"LP-09966","ホテル・旅館｜LINE友だち追加LP（ラグジュアリー・高級感・ジェネラティブ背景＋コピー）","プロ（演出多め）"
"LP-09967","エステ・脱毛サロン｜LINE友だち追加LP（ミニマル・洗練・背景動画ループ＋オーバーレイ）","プロ（演出多め）"
"LP-09968","農業・地方の生産者｜リード獲得（資料請求・問い合わせ）LP（ナチュラル・オーガニック・左テキスト×右商品/人物）","上級"
"LP-09969","歯科医院｜無料体験・カウンセリング予約LP（ナチュラル・オーガニック・超大型タイポグラフィ）","上級"
"LP-09970","英会話・語学｜リード獲得（資料請求・問い合わせ）LP（信頼・誠実（コーポレート）・背景動画ループ＋オーバーレイ）","プロ（演出多め）"
"LP-09971","保育園・幼児教育・習い事｜無料体験・カウンセリング予約LP（ナチュラル・オーガニック・超大型タイポグラフィ）","プロ（演出多め）"
"LP-09972","SaaS・BtoBツール｜採用エントリーLP（かわいい・ガーリー・スクロールで商品が回転/分解）","プロ（演出多め）"
"LP-09973","保育園・幼児教育・習い事｜LINE友だち追加LP（かわいい・ガーリー・ジェネラティブ背景＋コピー）","プロ（演出多め）"
"LP-09974","AIサービス・スタートアップ｜無料体験・カウンセリング予約LP（クール・テック・ジェネラティブ背景＋コピー）","プロ（演出多め）"
"LP-09975","音楽・ライブ・イベント｜リード獲得（資料請求・問い合わせ）LP（ネオン・サイバー・超大型タイポグラフィ）","プロ（演出多め）"
"LP-09976","スマホアプリ｜採用エントリーLP（3D・クレイ・ジェネラティブ背景＋コピー）","プロ（演出多め）"
"LP-09977","ゲーム・eスポーツ｜リード獲得（資料請求・問い合わせ）LP（レトロ・Y2K・ジェネラティブ背景＋コピー）","上級"
"LP-09978","カフェ・ベーカリー｜LINE友だち追加LP（エディトリアル・雑誌風・超大型タイポグラフィ）","プロ（演出多め）"
"LP-09979","コンサル・コーチング｜採用エントリーLP（ダーク・シネマティック・写真コラージュ）","プロ（演出多め）"
"LP-09980","英会話・語学｜リード獲得（資料請求・問い合わせ）LP（ポップ・カラフル・写真コラージュ）","プロ（演出多め）"
"LP-09981","建築設計事務所｜採用エントリーLP（エディトリアル・雑誌風・写真コラージュ）","プロ（演出多め）"
"LP-09982","占い・スピリチュアル｜リード獲得（資料請求・問い合わせ）LP（和モダン・スクロールで商品が回転/分解）","プロ（演出多め）"
"LP-09983","食品・産直EC｜クラウドファンディング支援LP（ポップ・カラフル・全面写真＋中央キャッチ）","プロ（演出多め）"
"LP-09984","保育園・幼児教育・習い事｜採用エントリーLP（レトロ・Y2K・実績数字ドーン）","上級"
"LP-09985","内科・クリニック｜リード獲得（資料請求・問い合わせ）LP（北欧・ライフスタイル・写真コラージュ）","プロ（演出多め）"
"LP-09986","音楽・ライブ・イベント｜採用エントリーLP（ネオン・サイバー・スクロールで商品が回転/分解）","プロ（演出多め）"
"LP-09987","スマホアプリ｜採用エントリーLP（クール・テック・背景動画ループ＋オーバーレイ）","プロ（演出多め）"
"LP-09988","コスメ・スキンケア｜リード獲得（資料請求・問い合わせ）LP（ミニマル・洗練・イラスト主体）","プロ（演出多め）"
"LP-09989","コスメ・スキンケア｜リード獲得（資料請求・問い合わせ）LP（レトロ・Y2K・写真コラージュ）","プロ（演出多め）"
"LP-09990","アパレル・ファッションEC｜リード獲得（資料請求・問い合わせ）LP（ニューブルータリズム・左テキスト×右商品/人物）","プロ（演出多め）"
"LP-09991","採用・求人｜採用エントリーLP（ネオン・サイバー・超大型タイポグラフィ）","プロ（演出多め）"
"LP-09992","食品・産直EC｜商品購入（単品通販）LP（ナチュラル・オーガニック・ジェネラティブ背景＋コピー）","プロ（演出多め）"
"LP-09993","SaaS・BtoBツール｜会員登録・アプリDLLP（3D・クレイ・ジェネラティブ背景＋コピー）","プロ（演出多め）"
"LP-09994","カフェ・ベーカリー｜リード獲得（資料請求・問い合わせ）LP（レトロ・Y2K・全面写真＋中央キャッチ）","プロ（演出多め）"
"LP-09995","和菓子・スイーツ｜LINE友だち追加LP（和モダン・背景動画ループ＋オーバーレイ）","プロ（演出多め）"
"LP-09996","ホテル・旅館｜採用エントリーLP（ミニマル・洗練・イラスト主体）","プロ（演出多め）"
"LP-09997","内科・クリニック｜LINE友だち追加LP（信頼・誠実（コーポレート）・超大型タイポグラフィ）","プロ（演出多め）"
"LP-09998","自動車・バイク｜リード獲得（資料請求・問い合わせ）LP（クール・テック・全面写真＋中央キャッチ）","プロ（演出多め）"
"LP-09999","ウェディング・結婚相談所｜無料体験・カウンセリング予約LP（ナチュラル・オーガニック・全面写真＋中央キャッチ）","プロ（演出多め）"
"LP-10000","カフェ・ベーカリー｜リード獲得（資料請求・問い合わせ）LP（ナチュラル・オーガニック・背景動画ループ＋オーバーレイ）","上級"
