id,title,level
"BNR-00001","占い・スピリチュアルのお客様の声・口コミバナー（ラグジュアリー・高級感）","上級"
"BNR-00002","パーソナルジム・フィットネスの無料体験・無料相談SNS画像（ダーク・シネマティック）","プロ（演出多め）"
"BNR-00003","エステ・脱毛サロンのセール・割引告知バナー（ラグジュアリー・高級感）","プロ（演出多め）"
"BNR-00004","YouTuber・インフルエンサーのお客様の声・口コミSNS画像（ネオン・サイバー）","プロ（演出多め）"
"BNR-00005","士業（税理士・弁護士・行政書士）のキャンペーン・プレゼントSNS画像（ミニマル・洗練）","上級"
"BNR-00006","Web制作・デザイン事務所のイベント・セミナー告知SNS画像（エディトリアル・雑誌風）","中級"
"BNR-00007","引越し・生活サービスの比較・ランキングSNS画像（信頼・誠実（コーポレート））","プロ（演出多め）"
"BNR-00008","和菓子・スイーツの資料請求・ホワイトペーパーSNS画像（かわいい・ガーリー）","プロ（演出多め）"
"BNR-00009","スマホアプリのセール・割引告知バナー（グラスモーフィズム）","プロ（演出多め）"
"BNR-00010","内科・クリニックの診断・クイズSNS画像（ナチュラル・オーガニック）","上級"
"BNR-00011","スクール・オンライン講座のキャンペーン・プレゼントバナー（ポップ・カラフル）","中級"
"BNR-00012","ペット・トリミング・動物病院のビフォーアフター・実績SNS画像（北欧・ライフスタイル）","上級"
"BNR-00013","ウェディング・結婚相談所の診断・クイズSNS画像（ラグジュアリー・高級感）","上級"
"BNR-00014","ゲーム・eスポーツのビフォーアフター・実績SNS画像（ダーク・シネマティック）","上級"
"BNR-00015","AIサービス・スタートアップの診断・クイズSNS画像（ミニマル・洗練）","プロ（演出多め）"
"BNR-00016","歯科医院のセール・割引告知SNS画像（信頼・誠実（コーポレート））","プロ（演出多め）"
"BNR-00017","レストラン・居酒屋のビフォーアフター・実績サムネイル（ダーク・シネマティック）","プロ（演出多め）"
"BNR-00018","食品・産直ECのブランディング・認知バナー（ナチュラル・オーガニック）","プロ（演出多め）"
"BNR-00019","金融・保険・投資のハウツー・ノウハウ投稿バナー（信頼・誠実（コーポレート））","上級"
"BNR-00020","SaaS・BtoBツールのお知らせ・営業案内バナー（ミニマル・洗練）","プロ（演出多め）"
"BNR-00021","スクール・オンライン講座の採用・求人SNS画像（3D・クレイ）","上級"
"BNR-00022","エステ・脱毛サロンの新商品・新サービス発売SNS画像（かわいい・ガーリー）","上級"
"BNR-00023","NPO・地方自治体のお知らせ・営業案内SNS画像（ハンドメイド・手書き）","プロ（演出多め）"
"BNR-00024","コンサル・コーチングの資料請求・ホワイトペーパーSNS画像（ラグジュアリー・高級感）","プロ（演出多め）"
"BNR-00025","観光・地域プロモーションの新商品・新サービス発売サムネイル（和モダン）","プロ（演出多め）"
"BNR-00026","ウェディング・結婚相談所のセール・割引告知バナー（3D・クレイ）","上級"
"BNR-00027","ゲーム・eスポーツのキャンペーン・プレゼントSNS画像（レトロ・Y2K）","上級"
"BNR-00028","農業・地方の生産者のキャンペーン・プレゼントバナー（ナチュラル・オーガニック）","プロ（演出多め）"
"BNR-00029","クラウドファンディング・新商品の診断・クイズSNS画像（ダーク・シネマティック）","プロ（演出多め）"
"BNR-00030","ペット・トリミング・動物病院のビフォーアフター・実績バナー（ハンドメイド・手書き）","上級"
"BNR-00031","歯科医院の無料体験・無料相談バナー（ラグジュアリー・高級感）","プロ（演出多め）"
"BNR-00032","歯科医院のビフォーアフター・実績SNS画像（ミニマル・洗練）","上級"
"BNR-00033","音楽・ライブ・イベントのお知らせ・営業案内SNS画像（北欧・ライフスタイル）","プロ（演出多め）"
"BNR-00034","AIサービス・スタートアップの新商品・新サービス発売バナー（ミニマル・洗練）","プロ（演出多め）"
"BNR-00035","引越し・生活サービスの採用・求人SNS画像（ポップ・カラフル）","プロ（演出多め）"
"BNR-00036","歯科医院のキャンペーン・プレゼントSNS画像（信頼・誠実（コーポレート））","プロ（演出多め）"
"BNR-00037","歯科医院のビフォーアフター・実績バナー（ミニマル・洗練）","プロ（演出多め）"
"BNR-00038","ウェディング・結婚相談所の資料請求・ホワイトペーパーバナー（ミニマル・洗練）","プロ（演出多め）"
"BNR-00039","観光・地域プロモーションのキャンペーン・プレゼントバナー（ハンドメイド・手書き）","上級"
"BNR-00040","レストラン・居酒屋のお知らせ・営業案内バナー（和モダン）","上級"
"BNR-00041","サウナ・温浴施設のハウツー・ノウハウ投稿SNS画像（ナチュラル・オーガニック）","プロ（演出多め）"
"BNR-00042","サウナ・温浴施設のビフォーアフター・実績SNS画像（レトロ・Y2K）","上級"
"BNR-00043","保育園・幼児教育・習い事のセール・割引告知SNS画像（ポップ・カラフル）","上級"
"BNR-00044","ヨガ・ピラティスのビフォーアフター・実績SNS画像（ダーク・シネマティック）","プロ（演出多め）"
"BNR-00045","エステ・脱毛サロンの新商品・新サービス発売SNS画像（パステル・ドリーミー）","プロ（演出多め）"
"BNR-00046","AIサービス・スタートアップのイベント・セミナー告知バナー（かわいい・ガーリー）","プロ（演出多め）"
"BNR-00047","コンサル・コーチングのビフォーアフター・実績バナー（信頼・誠実（コーポレート））","上級"
"BNR-00048","観光・地域プロモーションのハウツー・ノウハウ投稿SNS画像（ハンドメイド・手書き）","プロ（演出多め）"
"BNR-00049","音楽・ライブ・イベントのキャンペーン・プレゼントSNS画像（エディトリアル・雑誌風）","プロ（演出多め）"
"BNR-00050","観光・地域プロモーションの比較・ランキングSNS画像（ハンドメイド・手書き）","プロ（演出多め）"
"BNR-00051","NPO・地方自治体のビフォーアフター・実績バナー（信頼・誠実（コーポレート））","プロ（演出多め）"
"BNR-00052","引越し・生活サービスのセール・割引告知SNS画像（3D・クレイ）","中級"
"BNR-00053","サウナ・温浴施設の採用・求人バナー（ポップ・カラフル）","上級"
"BNR-00054","保育園・幼児教育・習い事のビフォーアフター・実績SNS画像（ポップ・カラフル）","上級"
"BNR-00055","工務店・注文住宅・リフォームのお客様の声・口コミSNS画像（信頼・誠実（コーポレート））","プロ（演出多め）"
"BNR-00056","アパレル・ファッションECの無料体験・無料相談バナー（グラスモーフィズム）","プロ（演出多め）"
"BNR-00057","パーソナルジム・フィットネスのキャンペーン・プレゼントバナー（ダーク・シネマティック）","プロ（演出多め）"
"BNR-00058","食品・産直ECのブランディング・認知バナー（ハンドメイド・手書き）","プロ（演出多め）"
"BNR-00059","美容クリニックのハウツー・ノウハウ投稿SNS画像（ミニマル・洗練）","上級"
"BNR-00060","金融・保険・投資の資料請求・ホワイトペーパーバナー（クール・テック）","プロ（演出多め）"
"BNR-00061","音楽・ライブ・イベントのセール・割引告知バナー（ダーク・シネマティック）","中級"
"BNR-00062","不動産・マンションのビフォーアフター・実績バナー（ダーク・シネマティック）","プロ（演出多め）"
"BNR-00063","建築設計事務所の比較・ランキングバナー（ミニマル・洗練）","プロ（演出多め）"
"BNR-00064","レストラン・居酒屋の採用・求人SNS画像（レトロ・Y2K）","上級"
"BNR-00065","ウェディング・結婚相談所のブランディング・認知SNS画像（かわいい・ガーリー）","上級"
"BNR-00066","ヨガ・ピラティスのキャンペーン・プレゼントSNS画像（ミニマル・洗練）","上級"
"BNR-00067","士業（税理士・弁護士・行政書士）の無料体験・無料相談SNS画像（ミニマル・洗練）","プロ（演出多め）"
"BNR-00068","カフェ・ベーカリーのキャンペーン・プレゼントバナー（ナチュラル・オーガニック）","プロ（演出多め）"
"BNR-00069","コンサル・コーチングのキャンペーン・プレゼントバナー（ラグジュアリー・高級感）","中級"
"BNR-00070","内科・クリニックのお客様の声・口コミバナー（ナチュラル・オーガニック）","上級"
"BNR-00071","SaaS・BtoBツールのイベント・セミナー告知SNS画像（ミニマル・洗練）","上級"
"BNR-00072","Web制作・デザイン事務所のYouTube動画の興味喚起サムネイル（ミニマル・洗練）","プロ（演出多め）"
"BNR-00073","ホテル・旅館の採用・求人SNS画像（ダーク・シネマティック）","プロ（演出多め）"
"BNR-00074","アパレル・ファッションECのブランディング・認知バナー（ナチュラル・オーガニック）","プロ（演出多め）"
"BNR-00075","和菓子・スイーツのお客様の声・口コミSNS画像（和モダン）","上級"
"BNR-00076","採用・求人のセール・割引告知バナー（3D・クレイ）","上級"
"BNR-00077","音楽・ライブ・イベントの診断・クイズSNS画像（ジオメトリック・グラフィカル）","上級"
"BNR-00078","金融・保険・投資の資料請求・ホワイトペーパーバナー（信頼・誠実（コーポレート））","上級"
"BNR-00079","ホテル・旅館のセール・割引告知SNS画像（ラグジュアリー・高級感）","上級"
"BNR-00080","Web制作・デザイン事務所の採用・求人バナー（ニューブルータリズム）","プロ（演出多め）"
"BNR-00081","士業（税理士・弁護士・行政書士）のお客様の声・口コミSNS画像（ミニマル・洗練）","中級"
"BNR-00082","Web制作・デザイン事務所のハウツー・ノウハウ投稿サムネイル（ダーク・シネマティック）","上級"
"BNR-00083","音楽・ライブ・イベントのセール・割引告知バナー（ミニマル・洗練）","上級"
"BNR-00084","ヨガ・ピラティスのお知らせ・営業案内SNS画像（ミニマル・洗練）","プロ（演出多め）"
"BNR-00085","ペット・トリミング・動物病院のビフォーアフター・実績SNS画像（ナチュラル・オーガニック）","中級"
"BNR-00086","エステ・脱毛サロンの診断・クイズSNS画像（エディトリアル・雑誌風）","上級"
"BNR-00087","ペット・トリミング・動物病院の無料体験・無料相談SNS画像（3D・クレイ）","上級"
"BNR-00088","ウェディング・結婚相談所の診断・クイズSNS画像（パステル・ドリーミー）","プロ（演出多め）"
"BNR-00089","コンサル・コーチングの新商品・新サービス発売バナー（ポップ・カラフル）","上級"
"BNR-00090","美容クリニックの採用・求人SNS画像（ラグジュアリー・高級感）","上級"
"BNR-00091","観光・地域プロモーションの診断・クイズSNS画像（和モダン）","上級"
"BNR-00092","パーソナルジム・フィットネスのセール・割引告知SNS画像（ダーク・シネマティック）","上級"
"BNR-00093","ホテル・旅館のハウツー・ノウハウ投稿バナー（ミニマル・洗練）","上級"
"BNR-00094","歯科医院のキャンペーン・プレゼントSNS画像（信頼・誠実（コーポレート））","上級"
"BNR-00095","コスメ・スキンケアの診断・クイズSNS画像（ラグジュアリー・高級感）","プロ（演出多め）"
"BNR-00096","ゲーム・eスポーツのブランディング・認知バナー（ネオン・サイバー）","上級"
"BNR-00097","プログラミングスクールのお客様の声・口コミSNS画像（クール・テック）","プロ（演出多め）"
"BNR-00098","引越し・生活サービスのブランディング・認知バナー（3D・クレイ）","上級"
"BNR-00099","金融・保険・投資の比較・ランキングバナー（クール・テック）","プロ（演出多め）"
"BNR-00100","工務店・注文住宅・リフォームのお知らせ・営業案内バナー（信頼・誠実（コーポレート））","上級"
"BNR-00101","歯科医院のお客様の声・口コミバナー（ミニマル・洗練）","中級"
"BNR-00102","ゲーム・eスポーツのお客様の声・口コミバナー（グラスモーフィズム）","プロ（演出多め）"
"BNR-00103","NPO・地方自治体のビフォーアフター・実績バナー（ハンドメイド・手書き）","プロ（演出多め）"
"BNR-00104","ウェディング・結婚相談所のお知らせ・営業案内SNS画像（ミニマル・洗練）","上級"
"BNR-00105","引越し・生活サービスの診断・クイズバナー（3D・クレイ）","上級"
"BNR-00106","パーソナルジム・フィットネスのイベント・セミナー告知SNS画像（クール・テック）","プロ（演出多め）"
"BNR-00107","パーソナルジム・フィットネスの新商品・新サービス発売SNS画像（クール・テック）","プロ（演出多め）"
"BNR-00108","NPO・地方自治体のセール・割引告知SNS画像（信頼・誠実（コーポレート））","プロ（演出多め）"
"BNR-00109","ゲーム・eスポーツのお客様の声・口コミサムネイル（レトロ・Y2K）","中級"
"BNR-00110","SaaS・BtoBツールのセール・割引告知SNS画像（ラグジュアリー・高級感）","プロ（演出多め）"
"BNR-00111","食品・産直ECの新商品・新サービス発売SNS画像（ナチュラル・オーガニック）","中級"
"BNR-00112","引越し・生活サービスの採用・求人SNS画像（信頼・誠実（コーポレート））","上級"
"BNR-00113","クラウドファンディング・新商品の新商品・新サービス発売SNS画像（ナチュラル・オーガニック）","プロ（演出多め）"
"BNR-00114","プログラミングスクールの比較・ランキングSNS画像（クール・テック）","中級"
"BNR-00115","保育園・幼児教育・習い事のキャンペーン・プレゼントSNS画像（ナチュラル・オーガニック）","プロ（演出多め）"
"BNR-00116","工務店・注文住宅・リフォームの診断・クイズSNS画像（信頼・誠実（コーポレート））","プロ（演出多め）"
"BNR-00117","YouTuber・インフルエンサーのお客様の声・口コミバナー（ポップ・カラフル）","プロ（演出多め）"
"BNR-00118","食品・産直ECのビフォーアフター・実績SNS画像（ポップ・カラフル）","中級"
"BNR-00119","英会話・語学のイベント・セミナー告知SNS画像（ジオメトリック・グラフィカル）","上級"
"BNR-00120","採用・求人の診断・クイズバナー（ポップ・カラフル）","中級"
"BNR-00121","観光・地域プロモーションのハウツー・ノウハウ投稿SNS画像（エネルギッシュ・スポーティ）","上級"
"BNR-00122","サウナ・温浴施設のハウツー・ノウハウ投稿バナー（ナチュラル・オーガニック）","中級"
"BNR-00123","金融・保険・投資の採用・求人SNS画像（クール・テック）","上級"
"BNR-00124","保育園・幼児教育・習い事のお客様の声・口コミバナー（ポップ・カラフル）","プロ（演出多め）"
"BNR-00125","食品・産直ECのブランディング・認知バナー（ポップ・カラフル）","中級"
"BNR-00126","レストラン・居酒屋のブランディング・認知バナー（和モダン）","上級"
"BNR-00127","音楽・ライブ・イベントのイベント・セミナー告知バナー（レトロ・Y2K）","プロ（演出多め）"
"BNR-00128","金融・保険・投資の無料体験・無料相談SNS画像（信頼・誠実（コーポレート））","上級"
"BNR-00129","引越し・生活サービスのハウツー・ノウハウ投稿バナー（信頼・誠実（コーポレート））","プロ（演出多め）"
"BNR-00130","ウェディング・結婚相談所の資料請求・ホワイトペーパーバナー（パステル・ドリーミー）","プロ（演出多め）"
"BNR-00131","引越し・生活サービスのブランディング・認知バナー（ポップ・カラフル）","上級"
"BNR-00132","YouTuber・インフルエンサーのお客様の声・口コミバナー（信頼・誠実（コーポレート））","上級"
"BNR-00133","アパレル・ファッションECの新商品・新サービス発売SNS画像（エディトリアル・雑誌風）","プロ（演出多め）"
"BNR-00134","音楽・ライブ・イベントのイベント・セミナー告知バナー（レトロ・Y2K）","上級"
"BNR-00135","音楽・ライブ・イベントのハウツー・ノウハウ投稿バナー（ダーク・シネマティック）","中級"
"BNR-00136","パーソナルジム・フィットネスのイベント・セミナー告知バナー（エネルギッシュ・スポーティ）","上級"
"BNR-00137","観光・地域プロモーションのハウツー・ノウハウ投稿SNS画像（ハンドメイド・手書き）","上級"
"BNR-00138","AIサービス・スタートアップの採用・求人SNS画像（ミニマル・洗練）","上級"
"BNR-00139","ウェディング・結婚相談所の診断・クイズサムネイル（かわいい・ガーリー）","中級"
"BNR-00140","英会話・語学の無料体験・無料相談バナー（ジオメトリック・グラフィカル）","プロ（演出多め）"
"BNR-00141","SaaS・BtoBツールのイベント・セミナー告知バナー（3D・クレイ）","上級"
"BNR-00142","スクール・オンライン講座のキャンペーン・プレゼントバナー（信頼・誠実（コーポレート））","プロ（演出多め）"
"BNR-00143","内科・クリニックの比較・ランキングバナー（ナチュラル・オーガニック）","プロ（演出多め）"
"BNR-00144","サウナ・温浴施設の比較・ランキングSNS画像（ニューブルータリズム）","上級"
"BNR-00145","不動産・マンションの比較・ランキングバナー（ミニマル・洗練）","上級"
"BNR-00146","農業・地方の生産者のハウツー・ノウハウ投稿SNS画像（ハンドメイド・手書き）","上級"
"BNR-00147","占い・スピリチュアルの採用・求人SNS画像（かわいい・ガーリー）","上級"
"BNR-00148","NPO・地方自治体の比較・ランキングSNS画像（ナチュラル・オーガニック）","プロ（演出多め）"
"BNR-00149","和菓子・スイーツのビフォーアフター・実績バナー（パステル・ドリーミー）","プロ（演出多め）"
"BNR-00150","スクール・オンライン講座のビフォーアフター・実績バナー（ポップ・カラフル）","上級"
"BNR-00151","ホテル・旅館のハウツー・ノウハウ投稿バナー（ラグジュアリー・高級感）","プロ（演出多め）"
"BNR-00152","ゲーム・eスポーツの比較・ランキングSNS画像（ネオン・サイバー）","上級"
"BNR-00153","内科・クリニックの無料体験・無料相談SNS画像（北欧・ライフスタイル）","プロ（演出多め）"
"BNR-00154","占い・スピリチュアルのハウツー・ノウハウ投稿バナー（北欧・ライフスタイル）","プロ（演出多め）"
"BNR-00155","採用・求人の診断・クイズバナー（エディトリアル・雑誌風）","上級"
"BNR-00156","プログラミングスクールのお客様の声・口コミSNS画像（クール・テック）","プロ（演出多め）"
"BNR-00157","美容クリニックのセール・割引告知バナー（ハンドメイド・手書き）","プロ（演出多め）"
"BNR-00158","金融・保険・投資の診断・クイズSNS画像（信頼・誠実（コーポレート））","上級"
"BNR-00159","ゲーム・eスポーツのお知らせ・営業案内SNS画像（ダーク・シネマティック）","上級"
"BNR-00160","レストラン・居酒屋のお客様の声・口コミバナー（和モダン）","プロ（演出多め）"
"BNR-00161","コンサル・コーチングのキャンペーン・プレゼントバナー（信頼・誠実（コーポレート））","上級"
"BNR-00162","カフェ・ベーカリーのお客様の声・口コミSNS画像（エディトリアル・雑誌風）","プロ（演出多め）"
"BNR-00163","観光・地域プロモーションの新商品・新サービス発売SNS画像（ナチュラル・オーガニック）","上級"
"BNR-00164","ホテル・旅館のビフォーアフター・実績バナー（ネオン・サイバー）","上級"
"BNR-00165","音楽・ライブ・イベントの新商品・新サービス発売バナー（ネオン・サイバー）","プロ（演出多め）"
"BNR-00166","サウナ・温浴施設の診断・クイズSNS画像（ポップ・カラフル）","上級"
"BNR-00167","和菓子・スイーツのキャンペーン・プレゼントSNS画像（かわいい・ガーリー）","中級"
"BNR-00168","スマホアプリのキャンペーン・プレゼントSNS画像（3D・クレイ）","上級"
"BNR-00169","コスメ・スキンケアのお客様の声・口コミバナー（グラスモーフィズム）","プロ（演出多め）"
"BNR-00170","ゲーム・eスポーツのブランディング・認知バナー（ダーク・シネマティック）","中級"
"BNR-00171","保育園・幼児教育・習い事のブランディング・認知SNS画像（かわいい・ガーリー）","プロ（演出多め）"
"BNR-00172","士業（税理士・弁護士・行政書士）のキャンペーン・プレゼントSNS画像（ミニマル・洗練）","上級"
"BNR-00173","美容室・ヘアサロンのお知らせ・営業案内SNS画像（エディトリアル・雑誌風）","プロ（演出多め）"
"BNR-00174","美容クリニックのセール・割引告知バナー（ミニマル・洗練）","上級"
"BNR-00175","保育園・幼児教育・習い事のハウツー・ノウハウ投稿サムネイル（かわいい・ガーリー）","プロ（演出多め）"
"BNR-00176","コンサル・コーチングの診断・クイズバナー（信頼・誠実（コーポレート））","中級"
"BNR-00177","サウナ・温浴施設のお客様の声・口コミサムネイル（ミニマル・洗練）","プロ（演出多め）"
"BNR-00178","引越し・生活サービスの比較・ランキングSNS画像（3D・クレイ）","プロ（演出多め）"
"BNR-00179","引越し・生活サービスの資料請求・ホワイトペーパーバナー（ポップ・カラフル）","上級"
"BNR-00180","保育園・幼児教育・習い事の新商品・新サービス発売バナー（ラグジュアリー・高級感）","プロ（演出多め）"
"BNR-00181","音楽・ライブ・イベントのビフォーアフター・実績SNS画像（レトロ・Y2K）","プロ（演出多め）"
"BNR-00182","英会話・語学の無料体験・無料相談SNS画像（信頼・誠実（コーポレート））","中級"
"BNR-00183","農業・地方の生産者のブランディング・認知バナー（ナチュラル・オーガニック）","プロ（演出多め）"
"BNR-00184","建築設計事務所のキャンペーン・プレゼントバナー（エディトリアル・雑誌風）","上級"
"BNR-00185","採用・求人の比較・ランキングSNS画像（ジオメトリック・グラフィカル）","中級"
"BNR-00186","コンサル・コーチングのお客様の声・口コミバナー（エディトリアル・雑誌風）","プロ（演出多め）"
"BNR-00187","AIサービス・スタートアップのセール・割引告知バナー（ネオン・サイバー）","プロ（演出多め）"
"BNR-00188","NPO・地方自治体のお知らせ・営業案内SNS画像（信頼・誠実（コーポレート））","中級"
"BNR-00189","歯科医院のキャンペーン・プレゼントSNS画像（信頼・誠実（コーポレート））","上級"
"BNR-00190","ウェディング・結婚相談所の比較・ランキングSNS画像（北欧・ライフスタイル）","プロ（演出多め）"
"BNR-00191","工務店・注文住宅・リフォームの新商品・新サービス発売SNS画像（ミニマル・洗練）","上級"
"BNR-00192","スマホアプリのハウツー・ノウハウ投稿SNS画像（ナチュラル・オーガニック）","プロ（演出多め）"
"BNR-00193","農業・地方の生産者の比較・ランキングSNS画像（エネルギッシュ・スポーティ）","上級"
"BNR-00194","スマホアプリの新商品・新サービス発売バナー（クール・テック）","上級"
"BNR-00195","ホテル・旅館の新商品・新サービス発売バナー（北欧・ライフスタイル）","中級"
"BNR-00196","美容クリニックの無料体験・無料相談SNS画像（ラグジュアリー・高級感）","上級"
"BNR-00197","不動産・マンションのキャンペーン・プレゼントSNS画像（ダーク・シネマティック）","上級"
"BNR-00198","食品・産直ECのブランディング・認知SNS画像（ミニマル・洗練）","プロ（演出多め）"
"BNR-00199","ヨガ・ピラティスのお知らせ・営業案内バナー（パステル・ドリーミー）","プロ（演出多め）"
"BNR-00200","コンサル・コーチングのお知らせ・営業案内バナー（エディトリアル・雑誌風）","プロ（演出多め）"
"BNR-00201","サウナ・温浴施設の採用・求人バナー（レトロ・Y2K）","上級"
"BNR-00202","SaaS・BtoBツールのお客様の声・口コミSNS画像（クール・テック）","上級"
"BNR-00203","Web制作・デザイン事務所のお客様の声・口コミバナー（和モダン）","プロ（演出多め）"
"BNR-00204","ペット・トリミング・動物病院のイベント・セミナー告知バナー（3D・クレイ）","上級"
"BNR-00205","サウナ・温浴施設の資料請求・ホワイトペーパーバナー（和モダン）","中級"
"BNR-00206","ペット・トリミング・動物病院のブランディング・認知SNS画像（ハンドメイド・手書き）","中級"
"BNR-00207","コスメ・スキンケアのビフォーアフター・実績バナー（ミニマル・洗練）","上級"
"BNR-00208","美容室・ヘアサロンの新商品・新サービス発売SNS画像（北欧・ライフスタイル）","プロ（演出多め）"
"BNR-00209","保育園・幼児教育・習い事のお知らせ・営業案内SNS画像（ナチュラル・オーガニック）","プロ（演出多め）"
"BNR-00210","NPO・地方自治体のお知らせ・営業案内SNS画像（信頼・誠実（コーポレート））","中級"
"BNR-00211","英会話・語学の比較・ランキングバナー（信頼・誠実（コーポレート））","プロ（演出多め）"
"BNR-00212","保育園・幼児教育・習い事の無料体験・無料相談SNS画像（ナチュラル・オーガニック）","上級"
"BNR-00213","建築設計事務所のお知らせ・営業案内SNS画像（エディトリアル・雑誌風）","プロ（演出多め）"
"BNR-00214","美容室・ヘアサロンのセール・割引告知バナー（北欧・ライフスタイル）","上級"
"BNR-00215","カフェ・ベーカリーのハウツー・ノウハウ投稿バナー（北欧・ライフスタイル）","上級"
"BNR-00216","スマホアプリのビフォーアフター・実績サムネイル（クール・テック）","プロ（演出多め）"
"BNR-00217","農業・地方の生産者のブランディング・認知SNS画像（ナチュラル・オーガニック）","プロ（演出多め）"
"BNR-00218","アパレル・ファッションECの資料請求・ホワイトペーパーSNS画像（エディトリアル・雑誌風）","中級"
"BNR-00219","パーソナルジム・フィットネスのセール・割引告知SNS画像（ネオン・サイバー）","中級"
"BNR-00220","美容室・ヘアサロンのセール・割引告知バナー（北欧・ライフスタイル）","中級"
"BNR-00221","YouTuber・インフルエンサーのお知らせ・営業案内バナー（かわいい・ガーリー）","中級"
"BNR-00222","Web制作・デザイン事務所のキャンペーン・プレゼントバナー（ジオメトリック・グラフィカル）","中級"
"BNR-00223","カフェ・ベーカリーのセール・割引告知SNS画像（ナチュラル・オーガニック）","プロ（演出多め）"
"BNR-00224","農業・地方の生産者の採用・求人SNS画像（ナチュラル・オーガニック）","中級"
"BNR-00225","食品・産直ECのイベント・セミナー告知バナー（和モダン）","上級"
"BNR-00226","和菓子・スイーツの採用・求人SNS画像（和モダン）","上級"
"BNR-00227","工務店・注文住宅・リフォームの診断・クイズバナー（ナチュラル・オーガニック）","プロ（演出多め）"
"BNR-00228","農業・地方の生産者のセール・割引告知SNS画像（和モダン）","上級"
"BNR-00229","コンサル・コーチングの比較・ランキングバナー（ミニマル・洗練）","中級"
"BNR-00230","ウェディング・結婚相談所の資料請求・ホワイトペーパーSNS画像（パステル・ドリーミー）","中級"
"BNR-00231","音楽・ライブ・イベントの採用・求人SNS画像（ネオン・サイバー）","プロ（演出多め）"
"BNR-00232","採用・求人の採用・求人SNS画像（ポップ・カラフル）","上級"
"BNR-00233","保育園・幼児教育・習い事の新商品・新サービス発売SNS画像（ポップ・カラフル）","プロ（演出多め）"
"BNR-00234","士業（税理士・弁護士・行政書士）のイベント・セミナー告知SNS画像（ネオン・サイバー）","プロ（演出多め）"
"BNR-00235","内科・クリニックの無料体験・無料相談SNS画像（北欧・ライフスタイル）","上級"
"BNR-00236","農業・地方の生産者のお客様の声・口コミバナー（エディトリアル・雑誌風）","プロ（演出多め）"
"BNR-00237","英会話・語学の比較・ランキングSNS画像（ポップ・カラフル）","上級"
"BNR-00238","自動車・バイクのセール・割引告知SNS画像（ダーク・シネマティック）","上級"
"BNR-00239","建築設計事務所の新商品・新サービス発売SNS画像（ジオメトリック・グラフィカル）","プロ（演出多め）"
"BNR-00240","美容室・ヘアサロンのハウツー・ノウハウ投稿SNS画像（エディトリアル・雑誌風）","プロ（演出多め）"
"BNR-00241","歯科医院のキャンペーン・プレゼントSNS画像（信頼・誠実（コーポレート））","上級"
"BNR-00242","レストラン・居酒屋のお客様の声・口コミSNS画像（ラグジュアリー・高級感）","中級"
"BNR-00243","士業（税理士・弁護士・行政書士）の診断・クイズSNS画像（和モダン）","上級"
"BNR-00244","エステ・脱毛サロンの無料体験・無料相談バナー（かわいい・ガーリー）","プロ（演出多め）"
"BNR-00245","士業（税理士・弁護士・行政書士）のブランディング・認知SNS画像（和モダン）","プロ（演出多め）"
"BNR-00246","ゲーム・eスポーツのハウツー・ノウハウ投稿SNS画像（レトロ・Y2K）","上級"
"BNR-00247","プログラミングスクールの診断・クイズバナー（クール・テック）","上級"
"BNR-00248","自動車・バイクの比較・ランキングSNS画像（ダーク・シネマティック）","上級"
"BNR-00249","コンサル・コーチングの新商品・新サービス発売バナー（ラグジュアリー・高級感）","中級"
"BNR-00250","美容室・ヘアサロンの無料体験・無料相談バナー（ラグジュアリー・高級感）","プロ（演出多め）"
"BNR-00251","パーソナルジム・フィットネスのハウツー・ノウハウ投稿バナー（ダーク・シネマティック）","上級"
"BNR-00252","パーソナルジム・フィットネスの無料体験・無料相談SNS画像（エネルギッシュ・スポーティ）","プロ（演出多め）"
"BNR-00253","ペット・トリミング・動物病院のセール・割引告知SNS画像（ナチュラル・オーガニック）","プロ（演出多め）"
"BNR-00254","SaaS・BtoBツールのYouTube動画の興味喚起サムネイル（エネルギッシュ・スポーティ）","プロ（演出多め）"
"BNR-00255","NPO・地方自治体の比較・ランキングバナー（ポップ・カラフル）","上級"
"BNR-00256","ウェディング・結婚相談所の採用・求人バナー（ミニマル・洗練）","中級"
"BNR-00257","採用・求人のイベント・セミナー告知バナー（エディトリアル・雑誌風）","プロ（演出多め）"
"BNR-00258","アパレル・ファッションECの比較・ランキングバナー（レトロ・Y2K）","プロ（演出多め）"
"BNR-00259","コスメ・スキンケアのお知らせ・営業案内SNS画像（ナチュラル・オーガニック）","上級"
"BNR-00260","農業・地方の生産者のハウツー・ノウハウ投稿バナー（エディトリアル・雑誌風）","プロ（演出多め）"
"BNR-00261","AIサービス・スタートアップの資料請求・ホワイトペーパーバナー（グラスモーフィズム）","上級"
"BNR-00262","クラウドファンディング・新商品の新商品・新サービス発売SNS画像（ダーク・シネマティック）","プロ（演出多め）"
"BNR-00263","採用・求人のキャンペーン・プレゼントSNS画像（ジオメトリック・グラフィカル）","上級"
"BNR-00264","保育園・幼児教育・習い事の無料体験・無料相談SNS画像（かわいい・ガーリー）","プロ（演出多め）"
"BNR-00265","農業・地方の生産者のハウツー・ノウハウ投稿SNS画像（和モダン）","上級"
"BNR-00266","歯科医院のハウツー・ノウハウ投稿SNS画像（ミニマル・洗練）","プロ（演出多め）"
"BNR-00267","Web制作・デザイン事務所の採用・求人バナー（エディトリアル・雑誌風）","プロ（演出多め）"
"BNR-00268","自動車・バイクの新商品・新サービス発売バナー（ダーク・シネマティック）","プロ（演出多め）"
"BNR-00269","クラウドファンディング・新商品の診断・クイズSNS画像（クール・テック）","プロ（演出多め）"
"BNR-00270","音楽・ライブ・イベントの比較・ランキングバナー（ネオン・サイバー）","上級"
"BNR-00271","内科・クリニックのブランディング・認知SNS画像（北欧・ライフスタイル）","上級"
"BNR-00272","プログラミングスクールの無料体験・無料相談バナー（ポップ・カラフル）","中級"
"BNR-00273","美容クリニックのブランディング・認知バナー（信頼・誠実（コーポレート））","プロ（演出多め）"
"BNR-00274","採用・求人のビフォーアフター・実績SNS画像（エネルギッシュ・スポーティ）","上級"
"BNR-00275","SaaS・BtoBツールのビフォーアフター・実績サムネイル（信頼・誠実（コーポレート））","上級"
"BNR-00276","アパレル・ファッションECのお知らせ・営業案内SNS画像（ニューブルータリズム）","上級"
"BNR-00277","ウェディング・結婚相談所のセール・割引告知SNS画像（パステル・ドリーミー）","上級"
"BNR-00278","SaaS・BtoBツールの診断・クイズバナー（ネオン・サイバー）","中級"
"BNR-00279","ゲーム・eスポーツの診断・クイズバナー（かわいい・ガーリー）","上級"
"BNR-00280","美容室・ヘアサロンの新商品・新サービス発売バナー（ミニマル・洗練）","プロ（演出多め）"
"BNR-00281","レストラン・居酒屋のお知らせ・営業案内SNS画像（レトロ・Y2K）","上級"
"BNR-00282","内科・クリニックのビフォーアフター・実績バナー（信頼・誠実（コーポレート））","プロ（演出多め）"
"BNR-00283","採用・求人の採用・求人SNS画像（ポップ・カラフル）","中級"
"BNR-00284","工務店・注文住宅・リフォームのビフォーアフター・実績バナー（信頼・誠実（コーポレート））","中級"
"BNR-00285","スクール・オンライン講座の新商品・新サービス発売バナー（クール・テック）","中級"
"BNR-00286","食品・産直ECのビフォーアフター・実績サムネイル（ナチュラル・オーガニック）","プロ（演出多め）"
"BNR-00287","YouTuber・インフルエンサーの診断・クイズバナー（ポップ・カラフル）","プロ（演出多め）"
"BNR-00288","YouTuber・インフルエンサーのビフォーアフター・実績バナー（かわいい・ガーリー）","中級"
"BNR-00289","和菓子・スイーツの診断・クイズSNS画像（和モダン）","プロ（演出多め）"
"BNR-00290","サウナ・温浴施設の無料体験・無料相談バナー（ナチュラル・オーガニック）","プロ（演出多め）"
"BNR-00291","SaaS・BtoBツールのビフォーアフター・実績バナー（信頼・誠実（コーポレート））","上級"
"BNR-00292","Web制作・デザイン事務所の無料体験・無料相談バナー（クール・テック）","上級"
"BNR-00293","歯科医院の採用・求人SNS画像（ナチュラル・オーガニック）","中級"
"BNR-00294","YouTuber・インフルエンサーのハウツー・ノウハウ投稿バナー（ポップ・カラフル）","上級"
"BNR-00295","ゲーム・eスポーツのお知らせ・営業案内バナー（3D・クレイ）","プロ（演出多め）"
"BNR-00296","採用・求人の新商品・新サービス発売サムネイル（エディトリアル・雑誌風）","上級"
"BNR-00297","英会話・語学の資料請求・ホワイトペーパーバナー（ポップ・カラフル）","プロ（演出多め）"
"BNR-00298","引越し・生活サービスのビフォーアフター・実績バナー（信頼・誠実（コーポレート））","上級"
"BNR-00299","クラウドファンディング・新商品の無料体験・無料相談バナー（ダーク・シネマティック）","上級"
"BNR-00300","カフェ・ベーカリーの新商品・新サービス発売サムネイル（レトロ・Y2K）","中級"
"BNR-00301","建築設計事務所の無料体験・無料相談SNS画像（エディトリアル・雑誌風）","プロ（演出多め）"
"BNR-00302","コスメ・スキンケアの採用・求人SNS画像（パステル・ドリーミー）","上級"
"BNR-00303","歯科医院のキャンペーン・プレゼントバナー（信頼・誠実（コーポレート））","上級"
"BNR-00304","Web制作・デザイン事務所の資料請求・ホワイトペーパーSNS画像（ハンドメイド・手書き）","プロ（演出多め）"
"BNR-00305","コスメ・スキンケアの比較・ランキングバナー（パステル・ドリーミー）","プロ（演出多め）"
"BNR-00306","カフェ・ベーカリーのブランディング・認知SNS画像（ネオン・サイバー）","中級"
"BNR-00307","ウェディング・結婚相談所の採用・求人SNS画像（かわいい・ガーリー）","上級"
"BNR-00308","引越し・生活サービスのYouTube動画の興味喚起サムネイル（信頼・誠実（コーポレート））","プロ（演出多め）"
"BNR-00309","保育園・幼児教育・習い事のキャンペーン・プレゼントバナー（かわいい・ガーリー）","プロ（演出多め）"
"BNR-00310","建築設計事務所の比較・ランキングバナー（ミニマル・洗練）","中級"
"BNR-00311","和菓子・スイーツの新商品・新サービス発売SNS画像（ナチュラル・オーガニック）","上級"
"BNR-00312","占い・スピリチュアルのイベント・セミナー告知バナー（和モダン）","上級"
"BNR-00313","コスメ・スキンケアのお知らせ・営業案内バナー（グラスモーフィズム）","プロ（演出多め）"
"BNR-00314","クラウドファンディング・新商品の無料体験・無料相談SNS画像（ポップ・カラフル）","プロ（演出多め）"
"BNR-00315","サウナ・温浴施設の採用・求人SNS画像（ナチュラル・オーガニック）","上級"
"BNR-00316","保育園・幼児教育・習い事の比較・ランキングバナー（ナチュラル・オーガニック）","上級"
"BNR-00317","Web制作・デザイン事務所の新商品・新サービス発売バナー（クール・テック）","プロ（演出多め）"
"BNR-00318","ヨガ・ピラティスのイベント・セミナー告知SNS画像（北欧・ライフスタイル）","プロ（演出多め）"
"BNR-00319","サウナ・温浴施設のハウツー・ノウハウ投稿SNS画像（ニューブルータリズム）","プロ（演出多め）"
"BNR-00320","英会話・語学のイベント・セミナー告知バナー（ジオメトリック・グラフィカル）","プロ（演出多め）"
"BNR-00321","英会話・語学のキャンペーン・プレゼントバナー（ジオメトリック・グラフィカル）","中級"
"BNR-00322","歯科医院の採用・求人SNS画像（ナチュラル・オーガニック）","上級"
"BNR-00323","クラウドファンディング・新商品の無料体験・無料相談SNS画像（ダーク・シネマティック）","プロ（演出多め）"
"BNR-00324","工務店・注文住宅・リフォームの資料請求・ホワイトペーパーSNS画像（ミニマル・洗練）","プロ（演出多め）"
"BNR-00325","コスメ・スキンケアのビフォーアフター・実績バナー（ラグジュアリー・高級感）","上級"
"BNR-00326","保育園・幼児教育・習い事のブランディング・認知バナー（レトロ・Y2K）","プロ（演出多め）"
"BNR-00327","クラウドファンディング・新商品のブランディング・認知SNS画像（エディトリアル・雑誌風）","中級"
"BNR-00328","和菓子・スイーツのキャンペーン・プレゼントSNS画像（ポップ・カラフル）","プロ（演出多め）"
"BNR-00329","美容室・ヘアサロンのキャンペーン・プレゼントSNS画像（ミニマル・洗練）","中級"
"BNR-00330","AIサービス・スタートアップのブランディング・認知バナー（かわいい・ガーリー）","中級"
"BNR-00331","内科・クリニックのイベント・セミナー告知SNS画像（ナチュラル・オーガニック）","上級"
"BNR-00332","歯科医院のキャンペーン・プレゼントバナー（ミニマル・洗練）","中級"
"BNR-00333","ウェディング・結婚相談所のお客様の声・口コミバナー（ラグジュアリー・高級感）","上級"
"BNR-00334","和菓子・スイーツの新商品・新サービス発売バナー（和モダン）","プロ（演出多め）"
"BNR-00335","Web制作・デザイン事務所のお客様の声・口コミSNS画像（ダーク・シネマティック）","プロ（演出多め）"
"BNR-00336","ウェディング・結婚相談所のセール・割引告知バナー（かわいい・ガーリー）","中級"
"BNR-00337","エステ・脱毛サロンのセール・割引告知SNS画像（パステル・ドリーミー）","上級"
"BNR-00338","Web制作・デザイン事務所のビフォーアフター・実績SNS画像（ジオメトリック・グラフィカル）","上級"
"BNR-00339","引越し・生活サービスのセール・割引告知SNS画像（ポップ・カラフル）","プロ（演出多め）"
"BNR-00340","プログラミングスクールの資料請求・ホワイトペーパーバナー（ポップ・カラフル）","上級"
"BNR-00341","保育園・幼児教育・習い事のハウツー・ノウハウ投稿SNS画像（かわいい・ガーリー）","プロ（演出多め）"
"BNR-00342","保育園・幼児教育・習い事のハウツー・ノウハウ投稿SNS画像（ナチュラル・オーガニック）","中級"
"BNR-00343","自動車・バイクのお知らせ・営業案内SNS画像（ダーク・シネマティック）","プロ（演出多め）"
"BNR-00344","和菓子・スイーツの採用・求人SNS画像（かわいい・ガーリー）","プロ（演出多め）"
"BNR-00345","AIサービス・スタートアップの無料体験・無料相談SNS画像（ミニマル・洗練）","プロ（演出多め）"
"BNR-00346","不動産・マンションのビフォーアフター・実績SNS画像（信頼・誠実（コーポレート））","上級"
"BNR-00347","占い・スピリチュアルのブランディング・認知バナー（パステル・ドリーミー）","上級"
"BNR-00348","クラウドファンディング・新商品のお知らせ・営業案内SNS画像（ポップ・カラフル）","中級"
"BNR-00349","サウナ・温浴施設の無料体験・無料相談SNS画像（ニューブルータリズム）","上級"
"BNR-00350","エステ・脱毛サロンの採用・求人SNS画像（パステル・ドリーミー）","上級"
"BNR-00351","士業（税理士・弁護士・行政書士）のイベント・セミナー告知バナー（和モダン）","上級"
"BNR-00352","カフェ・ベーカリーの診断・クイズバナー（レトロ・Y2K）","上級"
"BNR-00353","建築設計事務所の比較・ランキングSNS画像（ミニマル・洗練）","プロ（演出多め）"
"BNR-00354","和菓子・スイーツのハウツー・ノウハウ投稿SNS画像（パステル・ドリーミー）","上級"
"BNR-00355","音楽・ライブ・イベントのお客様の声・口コミバナー（ダーク・シネマティック）","プロ（演出多め）"
"BNR-00356","観光・地域プロモーションのハウツー・ノウハウ投稿SNS画像（ハンドメイド・手書き）","プロ（演出多め）"
"BNR-00357","サウナ・温浴施設の比較・ランキングサムネイル（ナチュラル・オーガニック）","プロ（演出多め）"
"BNR-00358","不動産・マンションの無料体験・無料相談SNS画像（信頼・誠実（コーポレート））","プロ（演出多め）"
"BNR-00359","引越し・生活サービスの診断・クイズSNS画像（信頼・誠実（コーポレート））","上級"
"BNR-00360","引越し・生活サービスのビフォーアフター・実績バナー（ポップ・カラフル）","中級"
"BNR-00361","自動車・バイクのビフォーアフター・実績SNS画像（エネルギッシュ・スポーティ）","上級"
"BNR-00362","NPO・地方自治体のイベント・セミナー告知SNS画像（クール・テック）","プロ（演出多め）"
"BNR-00363","食品・産直ECのキャンペーン・プレゼントバナー（和モダン）","上級"
"BNR-00364","レストラン・居酒屋の比較・ランキングサムネイル（ダーク・シネマティック）","上級"
"BNR-00365","SaaS・BtoBツールの比較・ランキングバナー（グラスモーフィズム）","中級"
"BNR-00366","AIサービス・スタートアップのお客様の声・口コミサムネイル（グラスモーフィズム）","プロ（演出多め）"
"BNR-00367","AIサービス・スタートアップの診断・クイズサムネイル（クール・テック）","プロ（演出多め）"
"BNR-00368","和菓子・スイーツのハウツー・ノウハウ投稿SNS画像（和モダン）","プロ（演出多め）"
"BNR-00369","不動産・マンションのお客様の声・口コミSNS画像（ラグジュアリー・高級感）","上級"
"BNR-00370","スクール・オンライン講座のハウツー・ノウハウ投稿バナー（信頼・誠実（コーポレート））","中級"
"BNR-00371","不動産・マンションのお知らせ・営業案内バナー（ミニマル・洗練）","プロ（演出多め）"
"BNR-00372","自動車・バイクの比較・ランキングバナー（ラグジュアリー・高級感）","プロ（演出多め）"
"BNR-00373","ゲーム・eスポーツの資料請求・ホワイトペーパーSNS画像（ダーク・シネマティック）","プロ（演出多め）"
"BNR-00374","ヨガ・ピラティスの無料体験・無料相談バナー（パステル・ドリーミー）","上級"
"BNR-00375","美容クリニックの比較・ランキングバナー（ラグジュアリー・高級感）","上級"
"BNR-00376","美容クリニックのお知らせ・営業案内SNS画像（信頼・誠実（コーポレート））","上級"
"BNR-00377","美容室・ヘアサロンのブランディング・認知バナー（エネルギッシュ・スポーティ）","上級"
"BNR-00378","ホテル・旅館のイベント・セミナー告知SNS画像（パステル・ドリーミー）","プロ（演出多め）"
"BNR-00379","レストラン・居酒屋の採用・求人SNS画像（ダーク・シネマティック）","中級"
"BNR-00380","クラウドファンディング・新商品のビフォーアフター・実績SNS画像（クール・テック）","プロ（演出多め）"
"BNR-00381","YouTuber・インフルエンサーの新商品・新サービス発売SNS画像（ネオン・サイバー）","プロ（演出多め）"
"BNR-00382","ウェディング・結婚相談所のキャンペーン・プレゼントバナー（パステル・ドリーミー）","上級"
"BNR-00383","和菓子・スイーツの比較・ランキングSNS画像（パステル・ドリーミー）","中級"
"BNR-00384","建築設計事務所のキャンペーン・プレゼントバナー（ダーク・シネマティック）","上級"
"BNR-00385","サウナ・温浴施設のハウツー・ノウハウ投稿SNS画像（ニューブルータリズム）","プロ（演出多め）"
"BNR-00386","ホテル・旅館のお知らせ・営業案内SNS画像（ミニマル・洗練）","プロ（演出多め）"
"BNR-00387","食品・産直ECのブランディング・認知バナー（ハンドメイド・手書き）","上級"
"BNR-00388","プログラミングスクールの無料体験・無料相談バナー（ネオン・サイバー）","プロ（演出多め）"
"BNR-00389","エステ・脱毛サロンの資料請求・ホワイトペーパーSNS画像（パステル・ドリーミー）","上級"
"BNR-00390","士業（税理士・弁護士・行政書士）の資料請求・ホワイトペーパーSNS画像（信頼・誠実（コーポレート））","上級"
"BNR-00391","SaaS・BtoBツールのお客様の声・口コミバナー（クール・テック）","プロ（演出多め）"
"BNR-00392","観光・地域プロモーションのお客様の声・口コミSNS画像（ダーク・シネマティック）","プロ（演出多め）"
"BNR-00393","美容室・ヘアサロンの採用・求人SNS画像（かわいい・ガーリー）","上級"
"BNR-00394","音楽・ライブ・イベントのイベント・セミナー告知SNS画像（3D・クレイ）","上級"
"BNR-00395","カフェ・ベーカリーの新商品・新サービス発売SNS画像（ナチュラル・オーガニック）","上級"
"BNR-00396","パーソナルジム・フィットネスのお客様の声・口コミSNS画像（クール・テック）","上級"
"BNR-00397","自動車・バイクのセール・割引告知SNS画像（ラグジュアリー・高級感）","プロ（演出多め）"
"BNR-00398","自動車・バイクのハウツー・ノウハウ投稿SNS画像（ダーク・シネマティック）","上級"
"BNR-00399","コスメ・スキンケアのビフォーアフター・実績バナー（ナチュラル・オーガニック）","プロ（演出多め）"
"BNR-00400","SaaS・BtoBツールのビフォーアフター・実績サムネイル（信頼・誠実（コーポレート））","上級"
"BNR-00401","士業（税理士・弁護士・行政書士）のブランディング・認知バナー（和モダン）","上級"
"BNR-00402","パーソナルジム・フィットネスの資料請求・ホワイトペーパーSNS画像（ミニマル・洗練）","上級"
"BNR-00403","ゲーム・eスポーツの無料体験・無料相談SNS画像（ネオン・サイバー）","上級"
"BNR-00404","英会話・語学のハウツー・ノウハウ投稿SNS画像（ポップ・カラフル）","上級"
"BNR-00405","英会話・語学の資料請求・ホワイトペーパーSNS画像（ラグジュアリー・高級感）","プロ（演出多め）"
"BNR-00406","不動産・マンションのブランディング・認知バナー（ニューブルータリズム）","上級"
"BNR-00407","音楽・ライブ・イベントの無料体験・無料相談バナー（ダーク・シネマティック）","中級"
"BNR-00408","クラウドファンディング・新商品のビフォーアフター・実績サムネイル（エディトリアル・雑誌風）","プロ（演出多め）"
"BNR-00409","スマホアプリのイベント・セミナー告知SNS画像（グラスモーフィズム）","上級"
"BNR-00410","士業（税理士・弁護士・行政書士）のお客様の声・口コミバナー（ミニマル・洗練）","上級"
"BNR-00411","保育園・幼児教育・習い事のハウツー・ノウハウ投稿SNS画像（ナチュラル・オーガニック）","上級"
"BNR-00412","コスメ・スキンケアのお知らせ・営業案内SNS画像（ラグジュアリー・高級感）","上級"
"BNR-00413","建築設計事務所のハウツー・ノウハウ投稿SNS画像（3D・クレイ）","上級"
"BNR-00414","占い・スピリチュアルのイベント・セミナー告知バナー（ネオン・サイバー）","プロ（演出多め）"
"BNR-00415","エステ・脱毛サロンのビフォーアフター・実績バナー（パステル・ドリーミー）","プロ（演出多め）"
"BNR-00416","内科・クリニックのハウツー・ノウハウ投稿サムネイル（信頼・誠実（コーポレート））","プロ（演出多め）"
"BNR-00417","コンサル・コーチングのYouTube動画の興味喚起サムネイル（エディトリアル・雑誌風）","上級"
"BNR-00418","食品・産直ECのキャンペーン・プレゼントSNS画像（ナチュラル・オーガニック）","上級"
"BNR-00419","サウナ・温浴施設のお知らせ・営業案内SNS画像（信頼・誠実（コーポレート））","プロ（演出多め）"
"BNR-00420","建築設計事務所の新商品・新サービス発売バナー（ミニマル・洗練）","上級"
"BNR-00421","農業・地方の生産者のキャンペーン・プレゼントSNS画像（和モダン）","上級"
"BNR-00422","工務店・注文住宅・リフォームのビフォーアフター・実績SNS画像（かわいい・ガーリー）","プロ（演出多め）"
"BNR-00423","NPO・地方自治体のハウツー・ノウハウ投稿SNS画像（ハンドメイド・手書き）","プロ（演出多め）"
"BNR-00424","英会話・語学の比較・ランキングサムネイル（3D・クレイ）","プロ（演出多め）"
"BNR-00425","スマホアプリの比較・ランキングバナー（クール・テック）","プロ（演出多め）"
"BNR-00426","Web制作・デザイン事務所の比較・ランキングバナー（ジオメトリック・グラフィカル）","中級"
"BNR-00427","金融・保険・投資の診断・クイズSNS画像（信頼・誠実（コーポレート））","プロ（演出多め）"
"BNR-00428","プログラミングスクールのお知らせ・営業案内SNS画像（クール・テック）","上級"
"BNR-00429","内科・クリニックのキャンペーン・プレゼントバナー（レトロ・Y2K）","中級"
"BNR-00430","金融・保険・投資のハウツー・ノウハウ投稿SNS画像（信頼・誠実（コーポレート））","プロ（演出多め）"
"BNR-00431","士業（税理士・弁護士・行政書士）のビフォーアフター・実績SNS画像（和モダン）","上級"
"BNR-00432","工務店・注文住宅・リフォームのお客様の声・口コミバナー（北欧・ライフスタイル）","上級"
"BNR-00433","保育園・幼児教育・習い事のブランディング・認知SNS画像（ポップ・カラフル）","プロ（演出多め）"
"BNR-00434","クラウドファンディング・新商品の無料体験・無料相談SNS画像（クール・テック）","プロ（演出多め）"
"BNR-00435","パーソナルジム・フィットネスの無料体験・無料相談SNS画像（エネルギッシュ・スポーティ）","上級"
"BNR-00436","保育園・幼児教育・習い事の無料体験・無料相談SNS画像（ハンドメイド・手書き）","上級"
"BNR-00437","和菓子・スイーツのキャンペーン・プレゼントバナー（和モダン）","上級"
"BNR-00438","ペット・トリミング・動物病院のお客様の声・口コミバナー（ナチュラル・オーガニック）","上級"
"BNR-00439","農業・地方の生産者の比較・ランキングSNS画像（和モダン）","上級"
"BNR-00440","YouTuber・インフルエンサーのお客様の声・口コミSNS画像（かわいい・ガーリー）","上級"
"BNR-00441","SaaS・BtoBツールの比較・ランキングSNS画像（3D・クレイ）","上級"
"BNR-00442","プログラミングスクールのお客様の声・口コミSNS画像（クール・テック）","上級"
"BNR-00443","観光・地域プロモーションのビフォーアフター・実績SNS画像（ダーク・シネマティック）","上級"
"BNR-00444","NPO・地方自治体の診断・クイズSNS画像（ハンドメイド・手書き）","プロ（演出多め）"
"BNR-00445","ウェディング・結婚相談所のお知らせ・営業案内SNS画像（かわいい・ガーリー）","プロ（演出多め）"
"BNR-00446","保育園・幼児教育・習い事のお客様の声・口コミSNS画像（ハンドメイド・手書き）","中級"
"BNR-00447","AIサービス・スタートアップのビフォーアフター・実績バナー（ネオン・サイバー）","上級"
"BNR-00448","保育園・幼児教育・習い事のお知らせ・営業案内SNS画像（ナチュラル・オーガニック）","上級"
"BNR-00449","建築設計事務所のブランディング・認知バナー（エディトリアル・雑誌風）","プロ（演出多め）"
"BNR-00450","和菓子・スイーツのお知らせ・営業案内SNS画像（エネルギッシュ・スポーティ）","プロ（演出多め）"
"BNR-00451","音楽・ライブ・イベントのキャンペーン・プレゼントSNS画像（ダーク・シネマティック）","プロ（演出多め）"
"BNR-00452","ヨガ・ピラティスの資料請求・ホワイトペーパーバナー（レトロ・Y2K）","プロ（演出多め）"
"BNR-00453","英会話・語学のキャンペーン・プレゼントバナー（ジオメトリック・グラフィカル）","上級"
"BNR-00454","アパレル・ファッションECの新商品・新サービス発売SNS画像（レトロ・Y2K）","中級"
"BNR-00455","ホテル・旅館の新商品・新サービス発売SNS画像（ミニマル・洗練）","プロ（演出多め）"
"BNR-00456","ホテル・旅館のお知らせ・営業案内バナー（ダーク・シネマティック）","プロ（演出多め）"
"BNR-00457","NPO・地方自治体のブランディング・認知バナー（ジオメトリック・グラフィカル）","上級"
"BNR-00458","AIサービス・スタートアップのセール・割引告知SNS画像（ミニマル・洗練）","上級"
"BNR-00459","美容クリニックの無料体験・無料相談SNS画像（ミニマル・洗練）","プロ（演出多め）"
"BNR-00460","クラウドファンディング・新商品のセール・割引告知バナー（ポップ・カラフル）","プロ（演出多め）"
"BNR-00461","SaaS・BtoBツールのブランディング・認知バナー（3D・クレイ）","プロ（演出多め）"
"BNR-00462","NPO・地方自治体のお客様の声・口コミSNS画像（ジオメトリック・グラフィカル）","プロ（演出多め）"
"BNR-00463","音楽・ライブ・イベントのお客様の声・口コミバナー（ダーク・シネマティック）","中級"
"BNR-00464","レストラン・居酒屋のキャンペーン・プレゼントバナー（和モダン）","上級"
"BNR-00465","農業・地方の生産者のお知らせ・営業案内SNS画像（ハンドメイド・手書き）","プロ（演出多め）"
"BNR-00466","歯科医院のイベント・セミナー告知SNS画像（信頼・誠実（コーポレート））","上級"
"BNR-00467","保育園・幼児教育・習い事の採用・求人バナー（ハンドメイド・手書き）","プロ（演出多め）"
"BNR-00468","サウナ・温浴施設の比較・ランキングSNS画像（レトロ・Y2K）","上級"
"BNR-00469","金融・保険・投資の無料体験・無料相談バナー（クール・テック）","プロ（演出多め）"
"BNR-00470","パーソナルジム・フィットネスの比較・ランキングバナー（エネルギッシュ・スポーティ）","プロ（演出多め）"
"BNR-00471","パーソナルジム・フィットネスの比較・ランキングSNS画像（クール・テック）","上級"
"BNR-00472","歯科医院の新商品・新サービス発売SNS画像（ミニマル・洗練）","プロ（演出多め）"
"BNR-00473","自動車・バイクの採用・求人SNS画像（ラグジュアリー・高級感）","プロ（演出多め）"
"BNR-00474","スクール・オンライン講座のお客様の声・口コミバナー（クール・テック）","プロ（演出多め）"
"BNR-00475","コスメ・スキンケアのお客様の声・口コミSNS画像（ラグジュアリー・高級感）","プロ（演出多め）"
"BNR-00476","食品・産直ECのお客様の声・口コミバナー（ナチュラル・オーガニック）","プロ（演出多め）"
"BNR-00477","コスメ・スキンケアのセール・割引告知SNS画像（3D・クレイ）","プロ（演出多め）"
"BNR-00478","コンサル・コーチングの無料体験・無料相談バナー（エディトリアル・雑誌風）","中級"
"BNR-00479","クラウドファンディング・新商品の診断・クイズバナー（クール・テック）","プロ（演出多め）"
"BNR-00480","レストラン・居酒屋の無料体験・無料相談SNS画像（3D・クレイ）","上級"
"BNR-00481","和菓子・スイーツの採用・求人バナー（クール・テック）","プロ（演出多め）"
"BNR-00482","食品・産直ECのイベント・セミナー告知バナー（和モダン）","上級"
"BNR-00483","レストラン・居酒屋のハウツー・ノウハウ投稿バナー（レトロ・Y2K）","上級"
"BNR-00484","ヨガ・ピラティスのイベント・セミナー告知SNS画像（北欧・ライフスタイル）","プロ（演出多め）"
"BNR-00485","アパレル・ファッションECの診断・クイズバナー（レトロ・Y2K）","中級"
"BNR-00486","レストラン・居酒屋のキャンペーン・プレゼントSNS画像（ニューブルータリズム）","上級"
"BNR-00487","自動車・バイクの無料体験・無料相談SNS画像（エネルギッシュ・スポーティ）","上級"
"BNR-00488","ペット・トリミング・動物病院の比較・ランキングバナー（3D・クレイ）","プロ（演出多め）"
"BNR-00489","和菓子・スイーツのキャンペーン・プレゼントSNS画像（ナチュラル・オーガニック）","プロ（演出多め）"
"BNR-00490","美容クリニックのビフォーアフター・実績SNS画像（信頼・誠実（コーポレート））","プロ（演出多め）"
"BNR-00491","クラウドファンディング・新商品の新商品・新サービス発売バナー（ポップ・カラフル）","プロ（演出多め）"
"BNR-00492","コンサル・コーチングのイベント・セミナー告知SNS画像（エディトリアル・雑誌風）","上級"
"BNR-00493","金融・保険・投資の比較・ランキングSNS画像（ハンドメイド・手書き）","上級"
"BNR-00494","ヨガ・ピラティスの比較・ランキングサムネイル（パステル・ドリーミー）","上級"
"BNR-00495","自動車・バイクの比較・ランキングバナー（ラグジュアリー・高級感）","上級"
"BNR-00496","アパレル・ファッションECのキャンペーン・プレゼントSNS画像（ニューブルータリズム）","プロ（演出多め）"
"BNR-00497","和菓子・スイーツのキャンペーン・プレゼントSNS画像（3D・クレイ）","プロ（演出多め）"
"BNR-00498","美容室・ヘアサロンの診断・クイズSNS画像（エディトリアル・雑誌風）","プロ（演出多め）"
"BNR-00499","ゲーム・eスポーツのイベント・セミナー告知バナー（ネオン・サイバー）","プロ（演出多め）"
"BNR-00500","レストラン・居酒屋のYouTube動画の興味喚起サムネイル（和モダン）","プロ（演出多め）"
"BNR-00501","農業・地方の生産者のハウツー・ノウハウ投稿サムネイル（ナチュラル・オーガニック）","プロ（演出多め）"
"BNR-00502","占い・スピリチュアルの診断・クイズSNS画像（ラグジュアリー・高級感）","上級"
"BNR-00503","士業（税理士・弁護士・行政書士）のイベント・セミナー告知SNS画像（ミニマル・洗練）","中級"
"BNR-00504","コンサル・コーチングのお知らせ・営業案内SNS画像（エディトリアル・雑誌風）","上級"
"BNR-00505","農業・地方の生産者の診断・クイズSNS画像（北欧・ライフスタイル）","プロ（演出多め）"
"BNR-00506","ヨガ・ピラティスのイベント・セミナー告知SNS画像（ナチュラル・オーガニック）","上級"
"BNR-00507","レストラン・居酒屋のキャンペーン・プレゼントバナー（ダーク・シネマティック）","中級"
"BNR-00508","美容室・ヘアサロンのセール・割引告知バナー（北欧・ライフスタイル）","プロ（演出多め）"
"BNR-00509","アパレル・ファッションECの資料請求・ホワイトペーパーSNS画像（ニューブルータリズム）","上級"
"BNR-00510","カフェ・ベーカリーのセール・割引告知バナー（エディトリアル・雑誌風）","中級"
"BNR-00511","自動車・バイクのセール・割引告知SNS画像（ポップ・カラフル）","プロ（演出多め）"
"BNR-00512","NPO・地方自治体のハウツー・ノウハウ投稿バナー（ナチュラル・オーガニック）","上級"
"BNR-00513","スマホアプリのイベント・セミナー告知SNS画像（ハンドメイド・手書き）","プロ（演出多め）"
"BNR-00514","プログラミングスクールのお知らせ・営業案内SNS画像（北欧・ライフスタイル）","プロ（演出多め）"
"BNR-00515","士業（税理士・弁護士・行政書士）の新商品・新サービス発売SNS画像（和モダン）","プロ（演出多め）"
"BNR-00516","スマホアプリの比較・ランキングSNS画像（グラスモーフィズム）","中級"
"BNR-00517","引越し・生活サービスの新商品・新サービス発売バナー（3D・クレイ）","プロ（演出多め）"
"BNR-00518","英会話・語学のハウツー・ノウハウ投稿バナー（信頼・誠実（コーポレート））","プロ（演出多め）"
"BNR-00519","アパレル・ファッションECのイベント・セミナー告知SNS画像（ニューブルータリズム）","プロ（演出多め）"
"BNR-00520","観光・地域プロモーションのイベント・セミナー告知バナー（ナチュラル・オーガニック）","プロ（演出多め）"
"BNR-00521","歯科医院のお客様の声・口コミSNS画像（信頼・誠実（コーポレート））","プロ（演出多め）"
"BNR-00522","YouTuber・インフルエンサーのキャンペーン・プレゼントバナー（ニューブルータリズム）","プロ（演出多め）"
"BNR-00523","ウェディング・結婚相談所のビフォーアフター・実績バナー（パステル・ドリーミー）","上級"
"BNR-00524","美容室・ヘアサロンのビフォーアフター・実績SNS画像（エディトリアル・雑誌風）","上級"
"BNR-00525","ペット・トリミング・動物病院のキャンペーン・プレゼントSNS画像（ハンドメイド・手書き）","中級"
"BNR-00526","クラウドファンディング・新商品の比較・ランキングSNS画像（ポップ・カラフル）","上級"
"BNR-00527","士業（税理士・弁護士・行政書士）の新商品・新サービス発売SNS画像（信頼・誠実（コーポレート））","プロ（演出多め）"
"BNR-00528","建築設計事務所のイベント・セミナー告知バナー（エディトリアル・雑誌風）","プロ（演出多め）"
"BNR-00529","歯科医院のセール・割引告知SNS画像（信頼・誠実（コーポレート））","プロ（演出多め）"
"BNR-00530","AIサービス・スタートアップのビフォーアフター・実績SNS画像（ネオン・サイバー）","プロ（演出多め）"
"BNR-00531","コスメ・スキンケアの資料請求・ホワイトペーパーSNS画像（ナチュラル・オーガニック）","上級"
"BNR-00532","アパレル・ファッションECのキャンペーン・プレゼントSNS画像（ニューブルータリズム）","上級"
"BNR-00533","Web制作・デザイン事務所のハウツー・ノウハウ投稿SNS画像（ジオメトリック・グラフィカル）","プロ（演出多め）"
"BNR-00534","レストラン・居酒屋のブランディング・認知SNS画像（ダーク・シネマティック）","プロ（演出多め）"
"BNR-00535","採用・求人のビフォーアフター・実績SNS画像（ミニマル・洗練）","プロ（演出多め）"
"BNR-00536","パーソナルジム・フィットネスのセール・割引告知バナー（ダーク・シネマティック）","上級"
"BNR-00537","ゲーム・eスポーツのお知らせ・営業案内SNS画像（ネオン・サイバー）","プロ（演出多め）"
"BNR-00538","農業・地方の生産者のお知らせ・営業案内SNS画像（和モダン）","プロ（演出多め）"
"BNR-00539","美容クリニックのキャンペーン・プレゼントSNS画像（ミニマル・洗練）","プロ（演出多め）"
"BNR-00540","カフェ・ベーカリーの採用・求人SNS画像（ハンドメイド・手書き）","中級"
"BNR-00541","パーソナルジム・フィットネスのお客様の声・口コミサムネイル（クール・テック）","上級"
"BNR-00542","ペット・トリミング・動物病院の診断・クイズバナー（ハンドメイド・手書き）","上級"
"BNR-00543","農業・地方の生産者の診断・クイズSNS画像（和モダン）","上級"
"BNR-00544","ウェディング・結婚相談所のビフォーアフター・実績バナー（和モダン）","中級"
"BNR-00545","サウナ・温浴施設の新商品・新サービス発売バナー（レトロ・Y2K）","上級"
"BNR-00546","SaaS・BtoBツールの新商品・新サービス発売バナー（レトロ・Y2K）","上級"
"BNR-00547","コンサル・コーチングのYouTube動画の興味喚起サムネイル（信頼・誠実（コーポレート））","プロ（演出多め）"
"BNR-00548","採用・求人の無料体験・無料相談バナー（ジオメトリック・グラフィカル）","プロ（演出多め）"
"BNR-00549","Web制作・デザイン事務所のキャンペーン・プレゼントバナー（ジオメトリック・グラフィカル）","中級"
"BNR-00550","内科・クリニックの診断・クイズバナー（北欧・ライフスタイル）","プロ（演出多め）"
"BNR-00551","観光・地域プロモーションのブランディング・認知バナー（ダーク・シネマティック）","上級"
"BNR-00552","占い・スピリチュアルの資料請求・ホワイトペーパーSNS画像（ラグジュアリー・高級感）","上級"
"BNR-00553","カフェ・ベーカリーの新商品・新サービス発売SNS画像（北欧・ライフスタイル）","上級"
"BNR-00554","引越し・生活サービスの採用・求人SNS画像（信頼・誠実（コーポレート））","中級"
"BNR-00555","占い・スピリチュアルの比較・ランキングSNS画像（パステル・ドリーミー）","プロ（演出多め）"
"BNR-00556","スマホアプリのお知らせ・営業案内SNS画像（エディトリアル・雑誌風）","プロ（演出多め）"
"BNR-00557","和菓子・スイーツの採用・求人SNS画像（かわいい・ガーリー）","上級"
"BNR-00558","ゲーム・eスポーツの採用・求人バナー（ネオン・サイバー）","プロ（演出多め）"
"BNR-00559","農業・地方の生産者の診断・クイズバナー（ハンドメイド・手書き）","上級"
"BNR-00560","SaaS・BtoBツールのハウツー・ノウハウ投稿バナー（ミニマル・洗練）","中級"
"BNR-00561","サウナ・温浴施設の資料請求・ホワイトペーパーSNS画像（ニューブルータリズム）","プロ（演出多め）"
"BNR-00562","美容室・ヘアサロンの診断・クイズSNS画像（ミニマル・洗練）","プロ（演出多め）"
"BNR-00563","アパレル・ファッションECの新商品・新サービス発売SNS画像（レトロ・Y2K）","プロ（演出多め）"
"BNR-00564","内科・クリニックの診断・クイズSNS画像（北欧・ライフスタイル）","プロ（演出多め）"
"BNR-00565","食品・産直ECのハウツー・ノウハウ投稿バナー（ハンドメイド・手書き）","上級"
"BNR-00566","歯科医院のイベント・セミナー告知SNS画像（ミニマル・洗練）","中級"
"BNR-00567","SaaS・BtoBツールのお客様の声・口コミSNS画像（3D・クレイ）","プロ（演出多め）"
"BNR-00568","建築設計事務所の新商品・新サービス発売SNS画像（ミニマル・洗練）","上級"
"BNR-00569","ホテル・旅館の比較・ランキングバナー（かわいい・ガーリー）","上級"
"BNR-00570","ヨガ・ピラティスの資料請求・ホワイトペーパーSNS画像（北欧・ライフスタイル）","プロ（演出多め）"
"BNR-00571","不動産・マンションの無料体験・無料相談SNS画像（ダーク・シネマティック）","プロ（演出多め）"
"BNR-00572","内科・クリニックの比較・ランキングSNS画像（北欧・ライフスタイル）","プロ（演出多め）"
"BNR-00573","工務店・注文住宅・リフォームのお知らせ・営業案内SNS画像（信頼・誠実（コーポレート））","プロ（演出多め）"
"BNR-00574","引越し・生活サービスの新商品・新サービス発売SNS画像（レトロ・Y2K）","中級"
"BNR-00575","金融・保険・投資の無料体験・無料相談バナー（信頼・誠実（コーポレート））","中級"
"BNR-00576","スマホアプリのハウツー・ノウハウ投稿バナー（ポップ・カラフル）","上級"
"BNR-00577","美容クリニックのブランディング・認知SNS画像（ハンドメイド・手書き）","上級"
"BNR-00578","引越し・生活サービスのセール・割引告知SNS画像（3D・クレイ）","プロ（演出多め）"
"BNR-00579","歯科医院のブランディング・認知バナー（信頼・誠実（コーポレート））","上級"
"BNR-00580","食品・産直ECの比較・ランキングSNS画像（北欧・ライフスタイル）","プロ（演出多め）"
"BNR-00581","食品・産直ECのイベント・セミナー告知バナー（ナチュラル・オーガニック）","上級"
"BNR-00582","SaaS・BtoBツールのイベント・セミナー告知SNS画像（3D・クレイ）","プロ（演出多め）"
"BNR-00583","Web制作・デザイン事務所のビフォーアフター・実績SNS画像（ジオメトリック・グラフィカル）","上級"
"BNR-00584","食品・産直ECのお知らせ・営業案内SNS画像（ナチュラル・オーガニック）","上級"
"BNR-00585","採用・求人の資料請求・ホワイトペーパーSNS画像（ダーク・シネマティック）","上級"
"BNR-00586","採用・求人のブランディング・認知SNS画像（ポップ・カラフル）","プロ（演出多め）"
"BNR-00587","サウナ・温浴施設のお知らせ・営業案内SNS画像（レトロ・Y2K）","上級"
"BNR-00588","コンサル・コーチングの診断・クイズバナー（エディトリアル・雑誌風）","プロ（演出多め）"
"BNR-00589","観光・地域プロモーションの診断・クイズバナー（信頼・誠実（コーポレート））","上級"
"BNR-00590","金融・保険・投資のハウツー・ノウハウ投稿SNS画像（ミニマル・洗練）","中級"
"BNR-00591","プログラミングスクールのお知らせ・営業案内バナー（クール・テック）","プロ（演出多め）"
"BNR-00592","観光・地域プロモーションのキャンペーン・プレゼントSNS画像（ナチュラル・オーガニック）","上級"
"BNR-00593","観光・地域プロモーションのセール・割引告知バナー（ハンドメイド・手書き）","中級"
"BNR-00594","保育園・幼児教育・習い事のビフォーアフター・実績サムネイル（ハンドメイド・手書き）","中級"
"BNR-00595","内科・クリニックのお知らせ・営業案内SNS画像（北欧・ライフスタイル）","プロ（演出多め）"
"BNR-00596","スマホアプリのお客様の声・口コミバナー（ナチュラル・オーガニック）","プロ（演出多め）"
"BNR-00597","Web制作・デザイン事務所の資料請求・ホワイトペーパーSNS画像（ニューブルータリズム）","プロ（演出多め）"
"BNR-00598","レストラン・居酒屋のブランディング・認知SNS画像（ダーク・シネマティック）","中級"
"BNR-00599","スマホアプリのビフォーアフター・実績バナー（3D・クレイ）","プロ（演出多め）"
"BNR-00600","クラウドファンディング・新商品の採用・求人SNS画像（ポップ・カラフル）","プロ（演出多め）"
"BNR-00601","美容室・ヘアサロンの比較・ランキングSNS画像（エネルギッシュ・スポーティ）","プロ（演出多め）"
"BNR-00602","スクール・オンライン講座のイベント・セミナー告知SNS画像（クール・テック）","上級"
"BNR-00603","自動車・バイクのお知らせ・営業案内バナー（ダーク・シネマティック）","プロ（演出多め）"
"BNR-00604","農業・地方の生産者のお客様の声・口コミバナー（ナチュラル・オーガニック）","上級"
"BNR-00605","農業・地方の生産者の無料体験・無料相談バナー（ハンドメイド・手書き）","プロ（演出多め）"
"BNR-00606","観光・地域プロモーションのイベント・セミナー告知SNS画像（ナチュラル・オーガニック）","上級"
"BNR-00607","コスメ・スキンケアの診断・クイズSNS画像（ラグジュアリー・高級感）","中級"
"BNR-00608","パーソナルジム・フィットネスのハウツー・ノウハウ投稿SNS画像（エネルギッシュ・スポーティ）","上級"
"BNR-00609","建築設計事務所のハウツー・ノウハウ投稿SNS画像（ミニマル・洗練）","プロ（演出多め）"
"BNR-00610","自動車・バイクの診断・クイズサムネイル（ラグジュアリー・高級感）","上級"
"BNR-00611","YouTuber・インフルエンサーの採用・求人SNS画像（ネオン・サイバー）","上級"
"BNR-00612","音楽・ライブ・イベントのお知らせ・営業案内SNS画像（ダーク・シネマティック）","上級"
"BNR-00613","農業・地方の生産者のビフォーアフター・実績SNS画像（エディトリアル・雑誌風）","上級"
"BNR-00614","スクール・オンライン講座の診断・クイズSNS画像（信頼・誠実（コーポレート））","プロ（演出多め）"
"BNR-00615","レストラン・居酒屋の比較・ランキングSNS画像（和モダン）","プロ（演出多め）"
"BNR-00616","工務店・注文住宅・リフォームの新商品・新サービス発売SNS画像（エネルギッシュ・スポーティ）","プロ（演出多め）"
"BNR-00617","建築設計事務所の比較・ランキングSNS画像（エディトリアル・雑誌風）","上級"
"BNR-00618","AIサービス・スタートアップのお客様の声・口コミSNS画像（ネオン・サイバー）","中級"
"BNR-00619","建築設計事務所の診断・クイズSNS画像（ジオメトリック・グラフィカル）","プロ（演出多め）"
"BNR-00620","NPO・地方自治体のイベント・セミナー告知バナー（ナチュラル・オーガニック）","プロ（演出多め）"
"BNR-00621","ゲーム・eスポーツの診断・クイズバナー（ハンドメイド・手書き）","中級"
"BNR-00622","占い・スピリチュアルの資料請求・ホワイトペーパーSNS画像（パステル・ドリーミー）","プロ（演出多め）"
"BNR-00623","内科・クリニックの診断・クイズバナー（ナチュラル・オーガニック）","中級"
"BNR-00624","レストラン・居酒屋のビフォーアフター・実績サムネイル（レトロ・Y2K）","プロ（演出多め）"
"BNR-00625","Web制作・デザイン事務所のブランディング・認知SNS画像（ニューブルータリズム）","上級"
"BNR-00626","アパレル・ファッションECの採用・求人バナー（ミニマル・洗練）","プロ（演出多め）"
"BNR-00627","不動産・マンションのお客様の声・口コミサムネイル（ラグジュアリー・高級感）","中級"
"BNR-00628","内科・クリニックの採用・求人バナー（ミニマル・洗練）","上級"
"BNR-00629","ウェディング・結婚相談所の無料体験・無料相談バナー（パステル・ドリーミー）","プロ（演出多め）"
"BNR-00630","カフェ・ベーカリーの比較・ランキングSNS画像（ナチュラル・オーガニック）","上級"
"BNR-00631","ペット・トリミング・動物病院の新商品・新サービス発売バナー（ハンドメイド・手書き）","中級"
"BNR-00632","ヨガ・ピラティスの新商品・新サービス発売バナー（ミニマル・洗練）","プロ（演出多め）"
"BNR-00633","スマホアプリの無料体験・無料相談バナー（3D・クレイ）","上級"
"BNR-00634","不動産・マンションのセール・割引告知SNS画像（北欧・ライフスタイル）","プロ（演出多め）"
"BNR-00635","自動車・バイクの新商品・新サービス発売バナー（エネルギッシュ・スポーティ）","上級"
"BNR-00636","パーソナルジム・フィットネスのビフォーアフター・実績SNS画像（ダーク・シネマティック）","プロ（演出多め）"
"BNR-00637","占い・スピリチュアルのハウツー・ノウハウ投稿バナー（和モダン）","上級"
"BNR-00638","ウェディング・結婚相談所の資料請求・ホワイトペーパーSNS画像（ミニマル・洗練）","上級"
"BNR-00639","ゲーム・eスポーツの資料請求・ホワイトペーパーSNS画像（ネオン・サイバー）","プロ（演出多め）"
"BNR-00640","クラウドファンディング・新商品の診断・クイズバナー（クール・テック）","上級"
"BNR-00641","美容室・ヘアサロンのハウツー・ノウハウ投稿バナー（かわいい・ガーリー）","プロ（演出多め）"
"BNR-00642","エステ・脱毛サロンのハウツー・ノウハウ投稿バナー（信頼・誠実（コーポレート））","プロ（演出多め）"
"BNR-00643","和菓子・スイーツの新商品・新サービス発売SNS画像（パステル・ドリーミー）","プロ（演出多め）"
"BNR-00644","食品・産直ECの診断・クイズSNS画像（和モダン）","上級"
"BNR-00645","ヨガ・ピラティスの診断・クイズSNS画像（ミニマル・洗練）","上級"
"BNR-00646","エステ・脱毛サロンのキャンペーン・プレゼントバナー（和モダン）","上級"
"BNR-00647","アパレル・ファッションECのお客様の声・口コミバナー（レトロ・Y2K）","中級"
"BNR-00648","AIサービス・スタートアップのキャンペーン・プレゼントSNS画像（グラスモーフィズム）","プロ（演出多め）"
"BNR-00649","不動産・マンションのビフォーアフター・実績バナー（ダーク・シネマティック）","プロ（演出多め）"
"BNR-00650","ペット・トリミング・動物病院のお知らせ・営業案内SNS画像（かわいい・ガーリー）","プロ（演出多め）"
"BNR-00651","NPO・地方自治体のお客様の声・口コミSNS画像（信頼・誠実（コーポレート））","プロ（演出多め）"
"BNR-00652","パーソナルジム・フィットネスのハウツー・ノウハウ投稿SNS画像（エネルギッシュ・スポーティ）","プロ（演出多め）"
"BNR-00653","観光・地域プロモーションの診断・クイズサムネイル（ハンドメイド・手書き）","プロ（演出多め）"
"BNR-00654","占い・スピリチュアルのハウツー・ノウハウ投稿バナー（パステル・ドリーミー）","上級"
"BNR-00655","士業（税理士・弁護士・行政書士）のお知らせ・営業案内バナー（和モダン）","プロ（演出多め）"
"BNR-00656","アパレル・ファッションECの診断・クイズSNS画像（ミニマル・洗練）","上級"
"BNR-00657","YouTuber・インフルエンサーの採用・求人SNS画像（ポップ・カラフル）","プロ（演出多め）"
"BNR-00658","パーソナルジム・フィットネスの採用・求人バナー（エネルギッシュ・スポーティ）","プロ（演出多め）"
"BNR-00659","観光・地域プロモーションのビフォーアフター・実績バナー（ナチュラル・オーガニック）","上級"
"BNR-00660","音楽・ライブ・イベントの資料請求・ホワイトペーパーSNS画像（ネオン・サイバー）","中級"
"BNR-00661","採用・求人のYouTube動画の興味喚起サムネイル（エネルギッシュ・スポーティ）","中級"
"BNR-00662","Web制作・デザイン事務所のイベント・セミナー告知SNS画像（ジオメトリック・グラフィカル）","プロ（演出多め）"
"BNR-00663","AIサービス・スタートアップの資料請求・ホワイトペーパーバナー（ネオン・サイバー）","中級"
"BNR-00664","ペット・トリミング・動物病院のイベント・セミナー告知バナー（ナチュラル・オーガニック）","中級"
"BNR-00665","サウナ・温浴施設の診断・クイズバナー（ニューブルータリズム）","プロ（演出多め）"
"BNR-00666","ゲーム・eスポーツの診断・クイズSNS画像（エネルギッシュ・スポーティ）","上級"
"BNR-00667","ウェディング・結婚相談所のキャンペーン・プレゼントSNS画像（ミニマル・洗練）","上級"
"BNR-00668","占い・スピリチュアルの採用・求人バナー（グラスモーフィズム）","上級"
"BNR-00669","和菓子・スイーツの無料体験・無料相談SNS画像（和モダン）","プロ（演出多め）"
"BNR-00670","自動車・バイクの比較・ランキングバナー（ジオメトリック・グラフィカル）","上級"
"BNR-00671","自動車・バイクの資料請求・ホワイトペーパーバナー（エネルギッシュ・スポーティ）","プロ（演出多め）"
"BNR-00672","音楽・ライブ・イベントのセール・割引告知SNS画像（ニューブルータリズム）","プロ（演出多め）"
"BNR-00673","NPO・地方自治体のイベント・セミナー告知SNS画像（ナチュラル・オーガニック）","中級"
"BNR-00674","YouTuber・インフルエンサーのビフォーアフター・実績SNS画像（ニューブルータリズム）","プロ（演出多め）"
"BNR-00675","和菓子・スイーツの無料体験・無料相談SNS画像（パステル・ドリーミー）","プロ（演出多め）"
"BNR-00676","英会話・語学のイベント・セミナー告知SNS画像（パステル・ドリーミー）","中級"
"BNR-00677","歯科医院の比較・ランキングSNS画像（ミニマル・洗練）","プロ（演出多め）"
"BNR-00678","スクール・オンライン講座の資料請求・ホワイトペーパーSNS画像（信頼・誠実（コーポレート））","上級"
"BNR-00679","SaaS・BtoBツールのお知らせ・営業案内SNS画像（ナチュラル・オーガニック）","上級"
"BNR-00680","自動車・バイクの新商品・新サービス発売SNS画像（エネルギッシュ・スポーティ）","中級"
"BNR-00681","不動産・マンションのブランディング・認知バナー（信頼・誠実（コーポレート））","プロ（演出多め）"
"BNR-00682","エステ・脱毛サロンのYouTube動画の興味喚起サムネイル（ラグジュアリー・高級感）","上級"
"BNR-00683","内科・クリニックの新商品・新サービス発売バナー（ナチュラル・オーガニック）","上級"
"BNR-00684","エステ・脱毛サロンの資料請求・ホワイトペーパーバナー（ラグジュアリー・高級感）","プロ（演出多め）"
"BNR-00685","ホテル・旅館のお知らせ・営業案内バナー（ダーク・シネマティック）","プロ（演出多め）"
"BNR-00686","AIサービス・スタートアップのお知らせ・営業案内SNS画像（ミニマル・洗練）","プロ（演出多め）"
"BNR-00687","工務店・注文住宅・リフォームの診断・クイズバナー（ミニマル・洗練）","中級"
"BNR-00688","農業・地方の生産者のお客様の声・口コミSNS画像（ナチュラル・オーガニック）","上級"
"BNR-00689","カフェ・ベーカリーのハウツー・ノウハウ投稿SNS画像（ポップ・カラフル）","中級"
"BNR-00690","AIサービス・スタートアップのイベント・セミナー告知SNS画像（クール・テック）","上級"
"BNR-00691","ウェディング・結婚相談所のお客様の声・口コミSNS画像（パステル・ドリーミー）","上級"
"BNR-00692","スクール・オンライン講座のお客様の声・口コミバナー（信頼・誠実（コーポレート））","上級"
"BNR-00693","食品・産直ECのブランディング・認知バナー（ポップ・カラフル）","上級"
"BNR-00694","建築設計事務所の比較・ランキングサムネイル（ポップ・カラフル）","上級"
"BNR-00695","内科・クリニックのお知らせ・営業案内バナー（ナチュラル・オーガニック）","プロ（演出多め）"
"BNR-00696","占い・スピリチュアルのお知らせ・営業案内SNS画像（ラグジュアリー・高級感）","プロ（演出多め）"
"BNR-00697","ホテル・旅館のハウツー・ノウハウ投稿バナー（ミニマル・洗練）","プロ（演出多め）"
"BNR-00698","食品・産直ECのお知らせ・営業案内SNS画像（ナチュラル・オーガニック）","上級"
"BNR-00699","保育園・幼児教育・習い事のイベント・セミナー告知SNS画像（ポップ・カラフル）","中級"
"BNR-00700","工務店・注文住宅・リフォームの診断・クイズSNS画像（ミニマル・洗練）","プロ（演出多め）"
"BNR-00701","パーソナルジム・フィットネスのブランディング・認知SNS画像（クール・テック）","上級"
"BNR-00702","士業（税理士・弁護士・行政書士）のYouTube動画の興味喚起サムネイル（信頼・誠実（コーポレート））","上級"
"BNR-00703","士業（税理士・弁護士・行政書士）の新商品・新サービス発売バナー（信頼・誠実（コーポレート））","上級"
"BNR-00704","ヨガ・ピラティスの新商品・新サービス発売SNS画像（ポップ・カラフル）","上級"
"BNR-00705","ゲーム・eスポーツの診断・クイズSNS画像（ネオン・サイバー）","上級"
"BNR-00706","エステ・脱毛サロンの新商品・新サービス発売バナー（ハンドメイド・手書き）","プロ（演出多め）"
"BNR-00707","エステ・脱毛サロンのビフォーアフター・実績SNS画像（パステル・ドリーミー）","上級"
"BNR-00708","占い・スピリチュアルの採用・求人SNS画像（パステル・ドリーミー）","上級"
"BNR-00709","YouTuber・インフルエンサーの無料体験・無料相談バナー（かわいい・ガーリー）","プロ（演出多め）"
"BNR-00710","食品・産直ECのお客様の声・口コミSNS画像（ナチュラル・オーガニック）","上級"
"BNR-00711","コンサル・コーチングの比較・ランキングSNS画像（ミニマル・洗練）","プロ（演出多め）"
"BNR-00712","ペット・トリミング・動物病院の比較・ランキングバナー（レトロ・Y2K）","上級"
"BNR-00713","ゲーム・eスポーツのキャンペーン・プレゼントバナー（ダーク・シネマティック）","中級"
"BNR-00714","コンサル・コーチングのキャンペーン・プレゼントSNS画像（レトロ・Y2K）","上級"
"BNR-00715","観光・地域プロモーションの資料請求・ホワイトペーパーSNS画像（ナチュラル・オーガニック）","プロ（演出多め）"
"BNR-00716","歯科医院の採用・求人SNS画像（ナチュラル・オーガニック）","プロ（演出多め）"
"BNR-00717","観光・地域プロモーションのブランディング・認知SNS画像（ポップ・カラフル）","プロ（演出多め）"
"BNR-00718","金融・保険・投資の診断・クイズSNS画像（信頼・誠実（コーポレート））","上級"
"BNR-00719","英会話・語学のブランディング・認知バナー（信頼・誠実（コーポレート））","プロ（演出多め）"
"BNR-00720","NPO・地方自治体の採用・求人SNS画像（ナチュラル・オーガニック）","上級"
"BNR-00721","スマホアプリのセール・割引告知バナー（グラスモーフィズム）","プロ（演出多め）"
"BNR-00722","Web制作・デザイン事務所の無料体験・無料相談SNS画像（ダーク・シネマティック）","プロ（演出多め）"
"BNR-00723","採用・求人のお客様の声・口コミサムネイル（エネルギッシュ・スポーティ）","上級"
"BNR-00724","YouTuber・インフルエンサーのセール・割引告知バナー（かわいい・ガーリー）","中級"
"BNR-00725","コンサル・コーチングの診断・クイズサムネイル（ラグジュアリー・高級感）","上級"
"BNR-00726","クラウドファンディング・新商品の診断・クイズバナー（ナチュラル・オーガニック）","プロ（演出多め）"
"BNR-00727","アパレル・ファッションECの採用・求人SNS画像（ニューブルータリズム）","プロ（演出多め）"
"BNR-00728","工務店・注文住宅・リフォームの診断・クイズバナー（ナチュラル・オーガニック）","プロ（演出多め）"
"BNR-00729","スクール・オンライン講座のお客様の声・口コミSNS画像（ポップ・カラフル）","上級"
"BNR-00730","不動産・マンションの新商品・新サービス発売SNS画像（ミニマル・洗練）","上級"
"BNR-00731","カフェ・ベーカリーのブランディング・認知SNS画像（ナチュラル・オーガニック）","上級"
"BNR-00732","クラウドファンディング・新商品の診断・クイズSNS画像（クール・テック）","中級"
"BNR-00733","歯科医院のキャンペーン・プレゼントSNS画像（ミニマル・洗練）","プロ（演出多め）"
"BNR-00734","クラウドファンディング・新商品のイベント・セミナー告知SNS画像（ポップ・カラフル）","上級"
"BNR-00735","士業（税理士・弁護士・行政書士）の診断・クイズSNS画像（ネオン・サイバー）","中級"
"BNR-00736","金融・保険・投資のハウツー・ノウハウ投稿SNS画像（ニューブルータリズム）","中級"
"BNR-00737","Web制作・デザイン事務所のキャンペーン・プレゼントバナー（ネオン・サイバー）","中級"
"BNR-00738","クラウドファンディング・新商品のセール・割引告知SNS画像（ナチュラル・オーガニック）","上級"
"BNR-00739","農業・地方の生産者のビフォーアフター・実績バナー（和モダン）","上級"
"BNR-00740","アパレル・ファッションECのイベント・セミナー告知SNS画像（ニューブルータリズム）","上級"
"BNR-00741","金融・保険・投資のお知らせ・営業案内SNS画像（ミニマル・洗練）","プロ（演出多め）"
"BNR-00742","建築設計事務所のお客様の声・口コミサムネイル（ミニマル・洗練）","プロ（演出多め）"
"BNR-00743","占い・スピリチュアルの採用・求人SNS画像（ダーク・シネマティック）","上級"
"BNR-00744","英会話・語学の無料体験・無料相談SNS画像（ポップ・カラフル）","プロ（演出多め）"
"BNR-00745","エステ・脱毛サロンのキャンペーン・プレゼントバナー（ナチュラル・オーガニック）","上級"
"BNR-00746","ペット・トリミング・動物病院のお知らせ・営業案内SNS画像（ナチュラル・オーガニック）","プロ（演出多め）"
"BNR-00747","音楽・ライブ・イベントの採用・求人バナー（レトロ・Y2K）","中級"
"BNR-00748","NPO・地方自治体のセール・割引告知SNS画像（ジオメトリック・グラフィカル）","上級"
"BNR-00749","アパレル・ファッションECの診断・クイズバナー（ニューブルータリズム）","プロ（演出多め）"
"BNR-00750","工務店・注文住宅・リフォームのイベント・セミナー告知バナー（ナチュラル・オーガニック）","プロ（演出多め）"
"BNR-00751","ウェディング・結婚相談所の新商品・新サービス発売バナー（かわいい・ガーリー）","プロ（演出多め）"
"BNR-00752","エステ・脱毛サロンのブランディング・認知SNS画像（ミニマル・洗練）","上級"
"BNR-00753","占い・スピリチュアルのセール・割引告知バナー（パステル・ドリーミー）","プロ（演出多め）"
"BNR-00754","採用・求人の比較・ランキングSNS画像（エネルギッシュ・スポーティ）","上級"
"BNR-00755","音楽・ライブ・イベントの採用・求人SNS画像（ダーク・シネマティック）","中級"
"BNR-00756","観光・地域プロモーションのハウツー・ノウハウ投稿SNS画像（ハンドメイド・手書き）","上級"
"BNR-00757","AIサービス・スタートアップの無料体験・無料相談SNS画像（グラスモーフィズム）","プロ（演出多め）"
"BNR-00758","SaaS・BtoBツールのセール・割引告知SNS画像（北欧・ライフスタイル）","プロ（演出多め）"
"BNR-00759","建築設計事務所のキャンペーン・プレゼントSNS画像（ミニマル・洗練）","上級"
"BNR-00760","引越し・生活サービスのセール・割引告知SNS画像（信頼・誠実（コーポレート））","上級"
"BNR-00761","エステ・脱毛サロンの診断・クイズSNS画像（ミニマル・洗練）","プロ（演出多め）"
"BNR-00762","和菓子・スイーツのイベント・セミナー告知バナー（和モダン）","上級"
"BNR-00763","工務店・注文住宅・リフォームのお客様の声・口コミSNS画像（ミニマル・洗練）","プロ（演出多め）"
"BNR-00764","美容クリニックのビフォーアフター・実績バナー（ミニマル・洗練）","プロ（演出多め）"
"BNR-00765","歯科医院の無料体験・無料相談バナー（北欧・ライフスタイル）","上級"
"BNR-00766","和菓子・スイーツの無料体験・無料相談バナー（ダーク・シネマティック）","上級"
"BNR-00767","英会話・語学のビフォーアフター・実績バナー（エネルギッシュ・スポーティ）","上級"
"BNR-00768","自動車・バイクのブランディング・認知バナー（ミニマル・洗練）","上級"
"BNR-00769","アパレル・ファッションECの比較・ランキングバナー（ミニマル・洗練）","プロ（演出多め）"
"BNR-00770","観光・地域プロモーションの採用・求人バナー（ハンドメイド・手書き）","上級"
"BNR-00771","食品・産直ECのお客様の声・口コミSNS画像（ナチュラル・オーガニック）","プロ（演出多め）"
"BNR-00772","ゲーム・eスポーツのイベント・セミナー告知バナー（ネオン・サイバー）","プロ（演出多め）"
"BNR-00773","ホテル・旅館の無料体験・無料相談SNS画像（ミニマル・洗練）","プロ（演出多め）"
"BNR-00774","占い・スピリチュアルの無料体験・無料相談バナー（ラグジュアリー・高級感）","プロ（演出多め）"
"BNR-00775","ヨガ・ピラティスのキャンペーン・プレゼントSNS画像（ナチュラル・オーガニック）","プロ（演出多め）"
"BNR-00776","カフェ・ベーカリーのイベント・セミナー告知SNS画像（エディトリアル・雑誌風）","プロ（演出多め）"
"BNR-00777","英会話・語学のハウツー・ノウハウ投稿SNS画像（3D・クレイ）","中級"
"BNR-00778","観光・地域プロモーションのハウツー・ノウハウ投稿バナー（ポップ・カラフル）","上級"
"BNR-00779","ホテル・旅館のお客様の声・口コミSNS画像（ダーク・シネマティック）","中級"
"BNR-00780","ウェディング・結婚相談所のお客様の声・口コミサムネイル（パステル・ドリーミー）","上級"
"BNR-00781","Web制作・デザイン事務所のハウツー・ノウハウ投稿SNS画像（グラスモーフィズム）","プロ（演出多め）"
"BNR-00782","英会話・語学のハウツー・ノウハウ投稿SNS画像（和モダン）","上級"
"BNR-00783","自動車・バイクのハウツー・ノウハウ投稿SNS画像（クール・テック）","プロ（演出多め）"
"BNR-00784","不動産・マンションのブランディング・認知バナー（信頼・誠実（コーポレート））","中級"
"BNR-00785","和菓子・スイーツのハウツー・ノウハウ投稿SNS画像（ナチュラル・オーガニック）","プロ（演出多め）"
"BNR-00786","ペット・トリミング・動物病院の比較・ランキングSNS画像（ナチュラル・オーガニック）","プロ（演出多め）"
"BNR-00787","占い・スピリチュアルの新商品・新サービス発売サムネイル（和モダン）","上級"
"BNR-00788","保育園・幼児教育・習い事のイベント・セミナー告知バナー（ハンドメイド・手書き）","プロ（演出多め）"
"BNR-00789","工務店・注文住宅・リフォームのお客様の声・口コミSNS画像（レトロ・Y2K）","プロ（演出多め）"
"BNR-00790","和菓子・スイーツの資料請求・ホワイトペーパーSNS画像（ナチュラル・オーガニック）","プロ（演出多め）"
"BNR-00791","食品・産直ECのセール・割引告知バナー（パステル・ドリーミー）","上級"
"BNR-00792","美容室・ヘアサロンの新商品・新サービス発売バナー（北欧・ライフスタイル）","上級"
"BNR-00793","採用・求人のセール・割引告知バナー（エネルギッシュ・スポーティ）","プロ（演出多め）"
"BNR-00794","スクール・オンライン講座のハウツー・ノウハウ投稿SNS画像（3D・クレイ）","上級"
"BNR-00795","建築設計事務所のお知らせ・営業案内SNS画像（かわいい・ガーリー）","上級"
"BNR-00796","和菓子・スイーツのハウツー・ノウハウ投稿SNS画像（パステル・ドリーミー）","プロ（演出多め）"
"BNR-00797","占い・スピリチュアルのお客様の声・口コミバナー（ダーク・シネマティック）","上級"
"BNR-00798","サウナ・温浴施設のビフォーアフター・実績SNS画像（ニューブルータリズム）","中級"
"BNR-00799","工務店・注文住宅・リフォームの無料体験・無料相談SNS画像（北欧・ライフスタイル）","プロ（演出多め）"
"BNR-00800","コスメ・スキンケアの採用・求人バナー（ラグジュアリー・高級感）","上級"
"BNR-00801","レストラン・居酒屋のイベント・セミナー告知SNS画像（ラグジュアリー・高級感）","中級"
"BNR-00802","カフェ・ベーカリーのイベント・セミナー告知SNS画像（エディトリアル・雑誌風）","プロ（演出多め）"
"BNR-00803","内科・クリニックの無料体験・無料相談バナー（ナチュラル・オーガニック）","上級"
"BNR-00804","和菓子・スイーツの採用・求人バナー（和モダン）","プロ（演出多め）"
"BNR-00805","ヨガ・ピラティスの比較・ランキングバナー（北欧・ライフスタイル）","上級"
"BNR-00806","アパレル・ファッションECのハウツー・ノウハウ投稿バナー（ミニマル・洗練）","上級"
"BNR-00807","コスメ・スキンケアの資料請求・ホワイトペーパーSNS画像（グラスモーフィズム）","プロ（演出多め）"
"BNR-00808","食品・産直ECのキャンペーン・プレゼントSNS画像（ハンドメイド・手書き）","プロ（演出多め）"
"BNR-00809","観光・地域プロモーションのブランディング・認知SNS画像（和モダン）","上級"
"BNR-00810","クラウドファンディング・新商品の無料体験・無料相談SNS画像（ナチュラル・オーガニック）","上級"
"BNR-00811","パーソナルジム・フィットネスのお客様の声・口コミSNS画像（ダーク・シネマティック）","中級"
"BNR-00812","スクール・オンライン講座のブランディング・認知SNS画像（3D・クレイ）","上級"
"BNR-00813","引越し・生活サービスの新商品・新サービス発売SNS画像（ポップ・カラフル）","プロ（演出多め）"
"BNR-00814","ウェディング・結婚相談所のお客様の声・口コミバナー（ニューブルータリズム）","上級"
"BNR-00815","自動車・バイクの新商品・新サービス発売バナー（クール・テック）","上級"
"BNR-00816","Web制作・デザイン事務所のお客様の声・口コミSNS画像（3D・クレイ）","上級"
"BNR-00817","パーソナルジム・フィットネスの比較・ランキングSNS画像（エネルギッシュ・スポーティ）","上級"
"BNR-00818","歯科医院のキャンペーン・プレゼントバナー（信頼・誠実（コーポレート））","プロ（演出多め）"
"BNR-00819","自動車・バイクの無料体験・無料相談バナー（ラグジュアリー・高級感）","プロ（演出多め）"
"BNR-00820","金融・保険・投資のビフォーアフター・実績サムネイル（ミニマル・洗練）","上級"
"BNR-00821","ヨガ・ピラティスの新商品・新サービス発売バナー（ナチュラル・オーガニック）","上級"
"BNR-00822","コンサル・コーチングの診断・クイズSNS画像（信頼・誠実（コーポレート））","中級"
"BNR-00823","YouTuber・インフルエンサーのブランディング・認知バナー（ポップ・カラフル）","上級"
"BNR-00824","ウェディング・結婚相談所のキャンペーン・プレゼントSNS画像（ミニマル・洗練）","プロ（演出多め）"
"BNR-00825","農業・地方の生産者の資料請求・ホワイトペーパーSNS画像（ハンドメイド・手書き）","上級"
"BNR-00826","Web制作・デザイン事務所のブランディング・認知SNS画像（ダーク・シネマティック）","上級"
"BNR-00827","SaaS・BtoBツールの採用・求人SNS画像（グラスモーフィズム）","上級"
"BNR-00828","コンサル・コーチングのセール・割引告知バナー（ラグジュアリー・高級感）","プロ（演出多め）"
"BNR-00829","内科・クリニックのキャンペーン・プレゼントバナー（信頼・誠実（コーポレート））","上級"
"BNR-00830","アパレル・ファッションECのセール・割引告知SNS画像（エディトリアル・雑誌風）","上級"
"BNR-00831","パーソナルジム・フィットネスのビフォーアフター・実績バナー（クール・テック）","プロ（演出多め）"
"BNR-00832","美容室・ヘアサロンの診断・クイズSNS画像（かわいい・ガーリー）","上級"
"BNR-00833","工務店・注文住宅・リフォームの新商品・新サービス発売バナー（信頼・誠実（コーポレート））","プロ（演出多め）"
"BNR-00834","食品・産直ECのセール・割引告知バナー（和モダン）","上級"
"BNR-00835","歯科医院の診断・クイズバナー（信頼・誠実（コーポレート））","プロ（演出多め）"
"BNR-00836","エステ・脱毛サロンのイベント・セミナー告知SNS画像（パステル・ドリーミー）","中級"
"BNR-00837","YouTuber・インフルエンサーのハウツー・ノウハウ投稿SNS画像（かわいい・ガーリー）","上級"
"BNR-00838","美容クリニックのハウツー・ノウハウ投稿バナー（ナチュラル・オーガニック）","上級"
"BNR-00839","引越し・生活サービスの資料請求・ホワイトペーパーSNS画像（ダーク・シネマティック）","プロ（演出多め）"
"BNR-00840","歯科医院の比較・ランキングSNS画像（ナチュラル・オーガニック）","中級"
"BNR-00841","農業・地方の生産者の診断・クイズSNS画像（和モダン）","プロ（演出多め）"
"BNR-00842","パーソナルジム・フィットネスのハウツー・ノウハウ投稿SNS画像（ナチュラル・オーガニック）","中級"
"BNR-00843","YouTuber・インフルエンサーの資料請求・ホワイトペーパーSNS画像（ネオン・サイバー）","プロ（演出多め）"
"BNR-00844","占い・スピリチュアルの無料体験・無料相談SNS画像（和モダン）","プロ（演出多め）"
"BNR-00845","食品・産直ECのブランディング・認知バナー（和モダン）","プロ（演出多め）"
"BNR-00846","採用・求人のイベント・セミナー告知バナー（エネルギッシュ・スポーティ）","プロ（演出多め）"
"BNR-00847","士業（税理士・弁護士・行政書士）のキャンペーン・プレゼントSNS画像（ラグジュアリー・高級感）","プロ（演出多め）"
"BNR-00848","和菓子・スイーツのビフォーアフター・実績SNS画像（パステル・ドリーミー）","プロ（演出多め）"
"BNR-00849","美容室・ヘアサロンのブランディング・認知SNS画像（エディトリアル・雑誌風）","上級"
"BNR-00850","YouTuber・インフルエンサーの資料請求・ホワイトペーパーバナー（かわいい・ガーリー）","中級"
"BNR-00851","ペット・トリミング・動物病院のお客様の声・口コミSNS画像（かわいい・ガーリー）","プロ（演出多め）"
"BNR-00852","自動車・バイクの採用・求人SNS画像（ダーク・シネマティック）","上級"
"BNR-00853","ヨガ・ピラティスの採用・求人バナー（ミニマル・洗練）","プロ（演出多め）"
"BNR-00854","レストラン・居酒屋のハウツー・ノウハウ投稿バナー（レトロ・Y2K）","プロ（演出多め）"
"BNR-00855","スクール・オンライン講座の無料体験・無料相談SNS画像（ポップ・カラフル）","中級"
"BNR-00856","食品・産直ECの新商品・新サービス発売バナー（ハンドメイド・手書き）","中級"
"BNR-00857","クラウドファンディング・新商品のハウツー・ノウハウ投稿SNS画像（ニューブルータリズム）","プロ（演出多め）"
"BNR-00858","サウナ・温浴施設の無料体験・無料相談バナー（レトロ・Y2K）","上級"
"BNR-00859","NPO・地方自治体のハウツー・ノウハウ投稿バナー（ナチュラル・オーガニック）","上級"
"BNR-00860","建築設計事務所の診断・クイズバナー（ミニマル・洗練）","上級"
"BNR-00861","農業・地方の生産者のセール・割引告知SNS画像（和モダン）","プロ（演出多め）"
"BNR-00862","プログラミングスクールの比較・ランキングバナー（かわいい・ガーリー）","プロ（演出多め）"
"BNR-00863","クラウドファンディング・新商品の新商品・新サービス発売SNS画像（ナチュラル・オーガニック）","プロ（演出多め）"
"BNR-00864","カフェ・ベーカリーのセール・割引告知SNS画像（レトロ・Y2K）","プロ（演出多め）"
"BNR-00865","コンサル・コーチングのイベント・セミナー告知SNS画像（ミニマル・洗練）","プロ（演出多め）"
"BNR-00866","レストラン・居酒屋のビフォーアフター・実績SNS画像（和モダン）","上級"
"BNR-00867","エステ・脱毛サロンの診断・クイズバナー（かわいい・ガーリー）","プロ（演出多め）"
"BNR-00868","採用・求人の診断・クイズバナー（ジオメトリック・グラフィカル）","プロ（演出多め）"
"BNR-00869","Web制作・デザイン事務所の新商品・新サービス発売バナー（ダーク・シネマティック）","プロ（演出多め）"
"BNR-00870","サウナ・温浴施設のセール・割引告知バナー（和モダン）","上級"
"BNR-00871","クラウドファンディング・新商品のお知らせ・営業案内バナー（ミニマル・洗練）","プロ（演出多め）"
"BNR-00872","ホテル・旅館の新商品・新サービス発売バナー（和モダン）","上級"
"BNR-00873","スクール・オンライン講座のハウツー・ノウハウ投稿SNS画像（クール・テック）","上級"
"BNR-00874","Web制作・デザイン事務所のハウツー・ノウハウ投稿SNS画像（ニューブルータリズム）","プロ（演出多め）"
"BNR-00875","引越し・生活サービスのビフォーアフター・実績バナー（ポップ・カラフル）","上級"
"BNR-00876","美容クリニックの資料請求・ホワイトペーパーSNS画像（信頼・誠実（コーポレート））","上級"
"BNR-00877","YouTuber・インフルエンサーのセール・割引告知バナー（かわいい・ガーリー）","中級"
"BNR-00878","SaaS・BtoBツールの新商品・新サービス発売SNS画像（グラスモーフィズム）","プロ（演出多め）"
"BNR-00879","占い・スピリチュアルのセール・割引告知SNS画像（パステル・ドリーミー）","上級"
"BNR-00880","サウナ・温浴施設のお知らせ・営業案内バナー（ナチュラル・オーガニック）","プロ（演出多め）"
"BNR-00881","不動産・マンションの診断・クイズSNS画像（ダーク・シネマティック）","プロ（演出多め）"
"BNR-00882","食品・産直ECの比較・ランキングバナー（ハンドメイド・手書き）","上級"
"BNR-00883","エステ・脱毛サロンの資料請求・ホワイトペーパーSNS画像（ラグジュアリー・高級感）","プロ（演出多め）"
"BNR-00884","音楽・ライブ・イベントのハウツー・ノウハウ投稿SNS画像（ニューブルータリズム）","中級"
"BNR-00885","パーソナルジム・フィットネスの診断・クイズバナー（ダーク・シネマティック）","プロ（演出多め）"
"BNR-00886","美容室・ヘアサロンのビフォーアフター・実績バナー（レトロ・Y2K）","上級"
"BNR-00887","美容クリニックの診断・クイズサムネイル（信頼・誠実（コーポレート））","プロ（演出多め）"
"BNR-00888","内科・クリニックのビフォーアフター・実績SNS画像（信頼・誠実（コーポレート））","プロ（演出多め）"
"BNR-00889","ホテル・旅館の無料体験・無料相談SNS画像（ダーク・シネマティック）","プロ（演出多め）"
"BNR-00890","和菓子・スイーツのハウツー・ノウハウ投稿SNS画像（ナチュラル・オーガニック）","プロ（演出多め）"
"BNR-00891","レストラン・居酒屋のブランディング・認知バナー（レトロ・Y2K）","上級"
"BNR-00892","サウナ・温浴施設のビフォーアフター・実績SNS画像（ジオメトリック・グラフィカル）","上級"
"BNR-00893","内科・クリニックのイベント・セミナー告知SNS画像（北欧・ライフスタイル）","プロ（演出多め）"
"BNR-00894","ウェディング・結婚相談所のセール・割引告知SNS画像（ミニマル・洗練）","上級"
"BNR-00895","ゲーム・eスポーツの比較・ランキングSNS画像（エネルギッシュ・スポーティ）","プロ（演出多め）"
"BNR-00896","美容室・ヘアサロンのイベント・セミナー告知SNS画像（ラグジュアリー・高級感）","プロ（演出多め）"
"BNR-00897","ゲーム・eスポーツのハウツー・ノウハウ投稿SNS画像（レトロ・Y2K）","プロ（演出多め）"
"BNR-00898","英会話・語学の無料体験・無料相談SNS画像（ポップ・カラフル）","プロ（演出多め）"
"BNR-00899","クラウドファンディング・新商品のブランディング・認知バナー（ナチュラル・オーガニック）","中級"
"BNR-00900","ホテル・旅館の資料請求・ホワイトペーパーバナー（ジオメトリック・グラフィカル）","プロ（演出多め）"
"BNR-00901","自動車・バイクの比較・ランキングサムネイル（北欧・ライフスタイル）","上級"
"BNR-00902","サウナ・温浴施設の採用・求人バナー（エディトリアル・雑誌風）","プロ（演出多め）"
"BNR-00903","内科・クリニックの新商品・新サービス発売バナー（ネオン・サイバー）","上級"
"BNR-00904","ウェディング・結婚相談所の診断・クイズSNS画像（ミニマル・洗練）","プロ（演出多め）"
"BNR-00905","AIサービス・スタートアップの診断・クイズSNS画像（クール・テック）","上級"
"BNR-00906","カフェ・ベーカリーの比較・ランキングサムネイル（エディトリアル・雑誌風）","上級"
"BNR-00907","レストラン・居酒屋のハウツー・ノウハウ投稿バナー（ダーク・シネマティック）","中級"
"BNR-00908","ゲーム・eスポーツの採用・求人SNS画像（ネオン・サイバー）","上級"
"BNR-00909","金融・保険・投資の無料体験・無料相談バナー（信頼・誠実（コーポレート））","上級"
"BNR-00910","不動産・マンションの無料体験・無料相談SNS画像（ダーク・シネマティック）","プロ（演出多め）"
"BNR-00911","音楽・ライブ・イベントのキャンペーン・プレゼントSNS画像（ネオン・サイバー）","上級"
"BNR-00912","食品・産直ECのイベント・セミナー告知SNS画像（ナチュラル・オーガニック）","中級"
"BNR-00913","音楽・ライブ・イベントのハウツー・ノウハウ投稿バナー（ニューブルータリズム）","中級"
"BNR-00914","音楽・ライブ・イベントのイベント・セミナー告知SNS画像（ダーク・シネマティック）","上級"
"BNR-00915","音楽・ライブ・イベントの比較・ランキングサムネイル（ネオン・サイバー）","プロ（演出多め）"
"BNR-00916","美容室・ヘアサロンの採用・求人SNS画像（エディトリアル・雑誌風）","プロ（演出多め）"
"BNR-00917","SaaS・BtoBツールの診断・クイズSNS画像（グラスモーフィズム）","中級"
"BNR-00918","ゲーム・eスポーツの無料体験・無料相談SNS画像（ネオン・サイバー）","上級"
"BNR-00919","美容クリニックのセール・割引告知バナー（ミニマル・洗練）","上級"
"BNR-00920","ヨガ・ピラティスの無料体験・無料相談バナー（ラグジュアリー・高級感）","プロ（演出多め）"
"BNR-00921","ペット・トリミング・動物病院のイベント・セミナー告知SNS画像（ハンドメイド・手書き）","上級"
"BNR-00922","美容クリニックの比較・ランキングサムネイル（信頼・誠実（コーポレート））","中級"
"BNR-00923","採用・求人のハウツー・ノウハウ投稿バナー（信頼・誠実（コーポレート））","上級"
"BNR-00924","ゲーム・eスポーツの診断・クイズSNS画像（和モダン）","プロ（演出多め）"
"BNR-00925","占い・スピリチュアルの無料体験・無料相談SNS画像（レトロ・Y2K）","上級"
"BNR-00926","SaaS・BtoBツールの新商品・新サービス発売SNS画像（クール・テック）","プロ（演出多め）"
"BNR-00927","金融・保険・投資のイベント・セミナー告知バナー（クール・テック）","プロ（演出多め）"
"BNR-00928","プログラミングスクールのキャンペーン・プレゼントSNS画像（ネオン・サイバー）","中級"
"BNR-00929","ゲーム・eスポーツの診断・クイズバナー（ジオメトリック・グラフィカル）","上級"
"BNR-00930","保育園・幼児教育・習い事のビフォーアフター・実績SNS画像（ハンドメイド・手書き）","プロ（演出多め）"
"BNR-00931","採用・求人の資料請求・ホワイトペーパーバナー（エネルギッシュ・スポーティ）","プロ（演出多め）"
"BNR-00932","和菓子・スイーツの診断・クイズバナー（ナチュラル・オーガニック）","中級"
"BNR-00933","コンサル・コーチングのキャンペーン・プレゼントSNS画像（エネルギッシュ・スポーティ）","プロ（演出多め）"
"BNR-00934","AIサービス・スタートアップのお客様の声・口コミバナー（パステル・ドリーミー）","中級"
"BNR-00935","内科・クリニックの採用・求人バナー（北欧・ライフスタイル）","中級"
"BNR-00936","コンサル・コーチングのセール・割引告知SNS画像（かわいい・ガーリー）","上級"
"BNR-00937","農業・地方の生産者の無料体験・無料相談SNS画像（ハンドメイド・手書き）","プロ（演出多め）"
"BNR-00938","コンサル・コーチングの資料請求・ホワイトペーパーバナー（信頼・誠実（コーポレート））","上級"
"BNR-00939","AIサービス・スタートアップの採用・求人バナー（ネオン・サイバー）","プロ（演出多め）"
"BNR-00940","採用・求人のお客様の声・口コミSNS画像（信頼・誠実（コーポレート））","プロ（演出多め）"
"BNR-00941","歯科医院のブランディング・認知バナー（信頼・誠実（コーポレート））","上級"
"BNR-00942","ゲーム・eスポーツの新商品・新サービス発売SNS画像（レトロ・Y2K）","中級"
"BNR-00943","内科・クリニックの採用・求人SNS画像（ナチュラル・オーガニック）","上級"
"BNR-00944","和菓子・スイーツのブランディング・認知SNS画像（パステル・ドリーミー）","上級"
"BNR-00945","音楽・ライブ・イベントのセール・割引告知SNS画像（ダーク・シネマティック）","プロ（演出多め）"
"BNR-00946","AIサービス・スタートアップのハウツー・ノウハウ投稿バナー（グラスモーフィズム）","プロ（演出多め）"
"BNR-00947","コンサル・コーチングのお客様の声・口コミSNS画像（ミニマル・洗練）","プロ（演出多め）"
"BNR-00948","引越し・生活サービスのイベント・セミナー告知バナー（ポップ・カラフル）","プロ（演出多め）"
"BNR-00949","ウェディング・結婚相談所のブランディング・認知バナー（ミニマル・洗練）","プロ（演出多め）"
"BNR-00950","NPO・地方自治体のキャンペーン・プレゼントバナー（レトロ・Y2K）","プロ（演出多め）"
"BNR-00951","ペット・トリミング・動物病院の資料請求・ホワイトペーパーSNS画像（かわいい・ガーリー）","プロ（演出多め）"
"BNR-00952","農業・地方の生産者のイベント・セミナー告知バナー（ナチュラル・オーガニック）","プロ（演出多め）"
"BNR-00953","ウェディング・結婚相談所のハウツー・ノウハウ投稿バナー（ラグジュアリー・高級感）","上級"
"BNR-00954","スマホアプリの無料体験・無料相談バナー（グラスモーフィズム）","上級"
"BNR-00955","エステ・脱毛サロンのブランディング・認知SNS画像（ネオン・サイバー）","プロ（演出多め）"
"BNR-00956","占い・スピリチュアルのお知らせ・営業案内バナー（ダーク・シネマティック）","プロ（演出多め）"
"BNR-00957","サウナ・温浴施設のセール・割引告知バナー（和モダン）","上級"
"BNR-00958","工務店・注文住宅・リフォームの診断・クイズバナー（ポップ・カラフル）","プロ（演出多め）"
"BNR-00959","ホテル・旅館の無料体験・無料相談バナー（ダーク・シネマティック）","中級"
"BNR-00960","美容クリニックのブランディング・認知バナー（ミニマル・洗練）","プロ（演出多め）"
"BNR-00961","工務店・注文住宅・リフォームのビフォーアフター・実績SNS画像（信頼・誠実（コーポレート））","上級"
"BNR-00962","士業（税理士・弁護士・行政書士）の比較・ランキングSNS画像（和モダン）","上級"
"BNR-00963","クラウドファンディング・新商品のブランディング・認知バナー（クール・テック）","プロ（演出多め）"
"BNR-00964","YouTuber・インフルエンサーの新商品・新サービス発売バナー（ニューブルータリズム）","上級"
"BNR-00965","美容クリニックの無料体験・無料相談SNS画像（かわいい・ガーリー）","上級"
"BNR-00966","工務店・注文住宅・リフォームのハウツー・ノウハウ投稿バナー（和モダン）","上級"
"BNR-00967","クラウドファンディング・新商品の採用・求人SNS画像（ダーク・シネマティック）","上級"
"BNR-00968","サウナ・温浴施設のセール・割引告知バナー（レトロ・Y2K）","中級"
"BNR-00969","コスメ・スキンケアの採用・求人バナー（グラスモーフィズム）","中級"
"BNR-00970","サウナ・温浴施設のビフォーアフター・実績SNS画像（ニューブルータリズム）","上級"
"BNR-00971","保育園・幼児教育・習い事のお客様の声・口コミバナー（ナチュラル・オーガニック）","中級"
"BNR-00972","ペット・トリミング・動物病院のお客様の声・口コミバナー（ナチュラル・オーガニック）","中級"
"BNR-00973","美容クリニックの無料体験・無料相談バナー（信頼・誠実（コーポレート））","プロ（演出多め）"
"BNR-00974","建築設計事務所のお客様の声・口コミSNS画像（ミニマル・洗練）","中級"
"BNR-00975","ヨガ・ピラティスのキャンペーン・プレゼントバナー（3D・クレイ）","上級"
"BNR-00976","農業・地方の生産者のお客様の声・口コミSNS画像（ナチュラル・オーガニック）","上級"
"BNR-00977","クラウドファンディング・新商品のブランディング・認知SNS画像（ダーク・シネマティック）","中級"
"BNR-00978","引越し・生活サービスの無料体験・無料相談バナー（ポップ・カラフル）","プロ（演出多め）"
"BNR-00979","AIサービス・スタートアップのブランディング・認知SNS画像（ミニマル・洗練）","上級"
"BNR-00980","美容クリニックの無料体験・無料相談バナー（信頼・誠実（コーポレート））","中級"
"BNR-00981","美容室・ヘアサロンの採用・求人SNS画像（ラグジュアリー・高級感）","プロ（演出多め）"
"BNR-00982","ヨガ・ピラティスの診断・クイズバナー（ミニマル・洗練）","プロ（演出多め）"
"BNR-00983","コスメ・スキンケアの比較・ランキングサムネイル（ナチュラル・オーガニック）","プロ（演出多め）"
"BNR-00984","工務店・注文住宅・リフォームの資料請求・ホワイトペーパーバナー（ポップ・カラフル）","上級"
"BNR-00985","士業（税理士・弁護士・行政書士）の無料体験・無料相談バナー（ミニマル・洗練）","上級"
"BNR-00986","工務店・注文住宅・リフォームのハウツー・ノウハウ投稿SNS画像（北欧・ライフスタイル）","中級"
"BNR-00987","YouTuber・インフルエンサーのキャンペーン・プレゼントバナー（ネオン・サイバー）","上級"
"BNR-00988","採用・求人の無料体験・無料相談SNS画像（エディトリアル・雑誌風）","上級"
"BNR-00989","スクール・オンライン講座のブランディング・認知SNS画像（信頼・誠実（コーポレート））","プロ（演出多め）"
"BNR-00990","ホテル・旅館のお知らせ・営業案内SNS画像（ダーク・シネマティック）","プロ（演出多め）"
"BNR-00991","内科・クリニックの診断・クイズSNS画像（北欧・ライフスタイル）","中級"
"BNR-00992","アパレル・ファッションECのセール・割引告知バナー（グラスモーフィズム）","中級"
"BNR-00993","内科・クリニックの採用・求人SNS画像（北欧・ライフスタイル）","上級"
"BNR-00994","美容室・ヘアサロンのイベント・セミナー告知SNS画像（クール・テック）","上級"
"BNR-00995","クラウドファンディング・新商品の資料請求・ホワイトペーパーバナー（ジオメトリック・グラフィカル）","中級"
"BNR-00996","内科・クリニックのセール・割引告知SNS画像（信頼・誠実（コーポレート））","プロ（演出多め）"
"BNR-00997","英会話・語学の比較・ランキングバナー（ポップ・カラフル）","上級"
"BNR-00998","保育園・幼児教育・習い事のお客様の声・口コミSNS画像（ナチュラル・オーガニック）","プロ（演出多め）"
"BNR-00999","アパレル・ファッションECの資料請求・ホワイトペーパーSNS画像（ニューブルータリズム）","上級"
"BNR-01000","ゲーム・eスポーツのキャンペーン・プレゼントSNS画像（レトロ・Y2K）","上級"
"BNR-01001","ウェディング・結婚相談所の新商品・新サービス発売バナー（パステル・ドリーミー）","中級"
"BNR-01002","ホテル・旅館の無料体験・無料相談バナー（ラグジュアリー・高級感）","中級"
"BNR-01003","自動車・バイクの無料体験・無料相談バナー（ラグジュアリー・高級感）","中級"
"BNR-01004","サウナ・温浴施設の新商品・新サービス発売SNS画像（ラグジュアリー・高級感）","プロ（演出多め）"
"BNR-01005","和菓子・スイーツの比較・ランキングバナー（和モダン）","プロ（演出多め）"
"BNR-01006","美容クリニックのセール・割引告知SNS画像（ミニマル・洗練）","上級"
"BNR-01007","コンサル・コーチングのお知らせ・営業案内バナー（ミニマル・洗練）","中級"
"BNR-01008","コンサル・コーチングのセール・割引告知SNS画像（信頼・誠実（コーポレート））","プロ（演出多め）"
"BNR-01009","建築設計事務所の新商品・新サービス発売SNS画像（ミニマル・洗練）","上級"
"BNR-01010","和菓子・スイーツのキャンペーン・プレゼントバナー（パステル・ドリーミー）","プロ（演出多め）"
"BNR-01011","AIサービス・スタートアップの比較・ランキングSNS画像（ミニマル・洗練）","プロ（演出多め）"
"BNR-01012","引越し・生活サービスのキャンペーン・プレゼントSNS画像（3D・クレイ）","上級"
"BNR-01013","エステ・脱毛サロンのキャンペーン・プレゼントバナー（かわいい・ガーリー）","プロ（演出多め）"
"BNR-01014","パーソナルジム・フィットネスの比較・ランキングSNS画像（エディトリアル・雑誌風）","プロ（演出多め）"
"BNR-01015","占い・スピリチュアルのハウツー・ノウハウ投稿バナー（和モダン）","プロ（演出多め）"
"BNR-01016","アパレル・ファッションECのお知らせ・営業案内バナー（エディトリアル・雑誌風）","プロ（演出多め）"
"BNR-01017","占い・スピリチュアルのブランディング・認知SNS画像（信頼・誠実（コーポレート））","プロ（演出多め）"
"BNR-01018","エステ・脱毛サロンのお客様の声・口コミSNS画像（ラグジュアリー・高級感）","プロ（演出多め）"
"BNR-01019","エステ・脱毛サロンのお客様の声・口コミバナー（かわいい・ガーリー）","プロ（演出多め）"
"BNR-01020","ゲーム・eスポーツの採用・求人バナー（エネルギッシュ・スポーティ）","プロ（演出多め）"
"BNR-01021","クラウドファンディング・新商品の新商品・新サービス発売サムネイル（ダーク・シネマティック）","プロ（演出多め）"
"BNR-01022","ゲーム・eスポーツの無料体験・無料相談SNS画像（ネオン・サイバー）","中級"
"BNR-01023","占い・スピリチュアルの無料体験・無料相談SNS画像（和モダン）","上級"
"BNR-01024","不動産・マンションのブランディング・認知SNS画像（北欧・ライフスタイル）","上級"
"BNR-01025","観光・地域プロモーションのハウツー・ノウハウ投稿バナー（和モダン）","プロ（演出多め）"
"BNR-01026","スマホアプリの比較・ランキングバナー（3D・クレイ）","プロ（演出多め）"
"BNR-01027","和菓子・スイーツのビフォーアフター・実績バナー（ナチュラル・オーガニック）","プロ（演出多め）"
"BNR-01028","サウナ・温浴施設のブランディング・認知バナー（ニューブルータリズム）","プロ（演出多め）"
"BNR-01029","ゲーム・eスポーツのビフォーアフター・実績SNS画像（ネオン・サイバー）","上級"
"BNR-01030","工務店・注文住宅・リフォームのブランディング・認知SNS画像（3D・クレイ）","上級"
"BNR-01031","保育園・幼児教育・習い事の無料体験・無料相談バナー（北欧・ライフスタイル）","上級"
"BNR-01032","YouTuber・インフルエンサーのお客様の声・口コミSNS画像（ニューブルータリズム）","上級"
"BNR-01033","カフェ・ベーカリーの診断・クイズサムネイル（北欧・ライフスタイル）","プロ（演出多め）"
"BNR-01034","士業（税理士・弁護士・行政書士）のお知らせ・営業案内SNS画像（ミニマル・洗練）","上級"
"BNR-01035","工務店・注文住宅・リフォームのブランディング・認知SNS画像（ナチュラル・オーガニック）","上級"
"BNR-01036","保育園・幼児教育・習い事の比較・ランキングバナー（ナチュラル・オーガニック）","プロ（演出多め）"
"BNR-01037","スクール・オンライン講座のビフォーアフター・実績バナー（3D・クレイ）","上級"
"BNR-01038","観光・地域プロモーションのビフォーアフター・実績SNS画像（ナチュラル・オーガニック）","上級"
"BNR-01039","ペット・トリミング・動物病院の新商品・新サービス発売SNS画像（3D・クレイ）","プロ（演出多め）"
"BNR-01040","ヨガ・ピラティスの採用・求人SNS画像（パステル・ドリーミー）","プロ（演出多め）"
"BNR-01041","Web制作・デザイン事務所のビフォーアフター・実績SNS画像（エディトリアル・雑誌風）","上級"
"BNR-01042","スマホアプリの採用・求人バナー（グラスモーフィズム）","上級"
"BNR-01043","採用・求人のお客様の声・口コミSNS画像（エディトリアル・雑誌風）","上級"
"BNR-01044","YouTuber・インフルエンサーの資料請求・ホワイトペーパーバナー（かわいい・ガーリー）","プロ（演出多め）"
"BNR-01045","保育園・幼児教育・習い事の比較・ランキングバナー（パステル・ドリーミー）","プロ（演出多め）"
"BNR-01046","ホテル・旅館の診断・クイズSNS画像（和モダン）","上級"
"BNR-01047","NPO・地方自治体のハウツー・ノウハウ投稿サムネイル（ジオメトリック・グラフィカル）","プロ（演出多め）"
"BNR-01048","士業（税理士・弁護士・行政書士）の比較・ランキングバナー（ミニマル・洗練）","プロ（演出多め）"
"BNR-01049","エステ・脱毛サロンの診断・クイズバナー（ミニマル・洗練）","上級"
"BNR-01050","エステ・脱毛サロンのハウツー・ノウハウ投稿SNS画像（かわいい・ガーリー）","プロ（演出多め）"
"BNR-01051","スマホアプリの比較・ランキングバナー（グラスモーフィズム）","中級"
"BNR-01052","美容クリニックの採用・求人SNS画像（ラグジュアリー・高級感）","プロ（演出多め）"
"BNR-01053","占い・スピリチュアルの比較・ランキングバナー（ラグジュアリー・高級感）","プロ（演出多め）"
"BNR-01054","音楽・ライブ・イベントのセール・割引告知SNS画像（ダーク・シネマティック）","上級"
"BNR-01055","金融・保険・投資の比較・ランキングSNS画像（クール・テック）","プロ（演出多め）"
"BNR-01056","自動車・バイクのお知らせ・営業案内SNS画像（ラグジュアリー・高級感）","プロ（演出多め）"
"BNR-01057","英会話・語学の資料請求・ホワイトペーパーバナー（グラスモーフィズム）","上級"
"BNR-01058","AIサービス・スタートアップの資料請求・ホワイトペーパーSNS画像（ネオン・サイバー）","プロ（演出多め）"
"BNR-01059","ペット・トリミング・動物病院のビフォーアフター・実績SNS画像（ハンドメイド・手書き）","プロ（演出多め）"
"BNR-01060","美容クリニックの採用・求人バナー（ミニマル・洗練）","上級"
"BNR-01061","採用・求人の新商品・新サービス発売バナー（ポップ・カラフル）","プロ（演出多め）"
"BNR-01062","ヨガ・ピラティスの診断・クイズSNS画像（ナチュラル・オーガニック）","上級"
"BNR-01063","SaaS・BtoBツールのお知らせ・営業案内SNS画像（エディトリアル・雑誌風）","プロ（演出多め）"
"BNR-01064","引越し・生活サービスの診断・クイズSNS画像（信頼・誠実（コーポレート））","上級"
"BNR-01065","和菓子・スイーツの新商品・新サービス発売バナー（和モダン）","プロ（演出多め）"
"BNR-01066","ゲーム・eスポーツのセール・割引告知SNS画像（ネオン・サイバー）","上級"
"BNR-01067","農業・地方の生産者の無料体験・無料相談バナー（和モダン）","上級"
"BNR-01068","YouTuber・インフルエンサーのキャンペーン・プレゼントバナー（ニューブルータリズム）","プロ（演出多め）"
"BNR-01069","和菓子・スイーツのお知らせ・営業案内SNS画像（パステル・ドリーミー）","プロ（演出多め）"
"BNR-01070","美容クリニックのハウツー・ノウハウ投稿バナー（信頼・誠実（コーポレート））","中級"
"BNR-01071","美容クリニックのハウツー・ノウハウ投稿バナー（ラグジュアリー・高級感）","上級"
"BNR-01072","ペット・トリミング・動物病院のブランディング・認知SNS画像（ミニマル・洗練）","プロ（演出多め）"
"BNR-01073","ヨガ・ピラティスの比較・ランキングSNS画像（ナチュラル・オーガニック）","プロ（演出多め）"
"BNR-01074","ウェディング・結婚相談所の診断・クイズSNS画像（かわいい・ガーリー）","上級"
"BNR-01075","英会話・語学の比較・ランキングSNS画像（3D・クレイ）","プロ（演出多め）"
"BNR-01076","スクール・オンライン講座の採用・求人バナー（信頼・誠実（コーポレート））","上級"
"BNR-01077","美容室・ヘアサロンの採用・求人SNS画像（かわいい・ガーリー）","上級"
"BNR-01078","パーソナルジム・フィットネスの診断・クイズSNS画像（ダーク・シネマティック）","プロ（演出多め）"
"BNR-01079","士業（税理士・弁護士・行政書士）の診断・クイズバナー（和モダン）","上級"
"BNR-01080","エステ・脱毛サロンのハウツー・ノウハウ投稿バナー（ミニマル・洗練）","上級"
"BNR-01081","YouTuber・インフルエンサーの診断・クイズSNS画像（ネオン・サイバー）","中級"
"BNR-01082","サウナ・温浴施設のビフォーアフター・実績SNS画像（エネルギッシュ・スポーティ）","プロ（演出多め）"
"BNR-01083","パーソナルジム・フィットネスの比較・ランキングSNS画像（ダーク・シネマティック）","上級"
"BNR-01084","アパレル・ファッションECのビフォーアフター・実績SNS画像（レトロ・Y2K）","プロ（演出多め）"
"BNR-01085","レストラン・居酒屋のビフォーアフター・実績SNS画像（ポップ・カラフル）","上級"
"BNR-01086","カフェ・ベーカリーの比較・ランキングバナー（エディトリアル・雑誌風）","プロ（演出多め）"
"BNR-01087","スクール・オンライン講座のビフォーアフター・実績サムネイル（ポップ・カラフル）","上級"
"BNR-01088","士業（税理士・弁護士・行政書士）のハウツー・ノウハウ投稿SNS画像（ミニマル・洗練）","上級"
"BNR-01089","建築設計事務所のセール・割引告知SNS画像（ジオメトリック・グラフィカル）","上級"
"BNR-01090","英会話・語学の無料体験・無料相談SNS画像（信頼・誠実（コーポレート））","プロ（演出多め）"
"BNR-01091","サウナ・温浴施設のキャンペーン・プレゼントバナー（レトロ・Y2K）","プロ（演出多め）"
"BNR-01092","士業（税理士・弁護士・行政書士）の無料体験・無料相談SNS画像（信頼・誠実（コーポレート））","上級"
"BNR-01093","コスメ・スキンケアの比較・ランキングバナー（パステル・ドリーミー）","プロ（演出多め）"
"BNR-01094","工務店・注文住宅・リフォームの採用・求人SNS画像（信頼・誠実（コーポレート））","中級"
"BNR-01095","内科・クリニックのブランディング・認知SNS画像（クール・テック）","上級"
"BNR-01096","建築設計事務所の診断・クイズバナー（エディトリアル・雑誌風）","プロ（演出多め）"
"BNR-01097","ウェディング・結婚相談所の比較・ランキングサムネイル（パステル・ドリーミー）","プロ（演出多め）"
"BNR-01098","不動産・マンションの比較・ランキングSNS画像（ラグジュアリー・高級感）","上級"
"BNR-01099","NPO・地方自治体の無料体験・無料相談SNS画像（ジオメトリック・グラフィカル）","プロ（演出多め）"
"BNR-01100","金融・保険・投資の新商品・新サービス発売SNS画像（ミニマル・洗練）","上級"
"BNR-01101","美容室・ヘアサロンのハウツー・ノウハウ投稿SNS画像（エディトリアル・雑誌風）","プロ（演出多め）"
"BNR-01102","音楽・ライブ・イベントの新商品・新サービス発売バナー（ダーク・シネマティック）","プロ（演出多め）"
"BNR-01103","ペット・トリミング・動物病院の比較・ランキングSNS画像（ナチュラル・オーガニック）","上級"
"BNR-01104","レストラン・居酒屋のビフォーアフター・実績SNS画像（レトロ・Y2K）","上級"
"BNR-01105","引越し・生活サービスの無料体験・無料相談SNS画像（信頼・誠実（コーポレート））","上級"
"BNR-01106","美容室・ヘアサロンのお知らせ・営業案内SNS画像（北欧・ライフスタイル）","上級"
"BNR-01107","クラウドファンディング・新商品のイベント・セミナー告知SNS画像（ダーク・シネマティック）","中級"
"BNR-01108","プログラミングスクールの新商品・新サービス発売SNS画像（ポップ・カラフル）","上級"
"BNR-01109","英会話・語学の資料請求・ホワイトペーパーSNS画像（信頼・誠実（コーポレート））","プロ（演出多め）"
"BNR-01110","Web制作・デザイン事務所の比較・ランキングSNS画像（エディトリアル・雑誌風）","中級"
"BNR-01111","保育園・幼児教育・習い事のイベント・セミナー告知SNS画像（ハンドメイド・手書き）","上級"
"BNR-01112","Web制作・デザイン事務所のブランディング・認知バナー（エディトリアル・雑誌風）","プロ（演出多め）"
"BNR-01113","金融・保険・投資のお知らせ・営業案内バナー（和モダン）","プロ（演出多め）"
"BNR-01114","ヨガ・ピラティスのお客様の声・口コミバナー（ナチュラル・オーガニック）","上級"
"BNR-01115","食品・産直ECの資料請求・ホワイトペーパーSNS画像（ハンドメイド・手書き）","中級"
"BNR-01116","アパレル・ファッションECの資料請求・ホワイトペーパーSNS画像（ニューブルータリズム）","上級"
"BNR-01117","内科・クリニックの診断・クイズSNS画像（ナチュラル・オーガニック）","上級"
"BNR-01118","スクール・オンライン講座のお知らせ・営業案内バナー（信頼・誠実（コーポレート））","上級"
"BNR-01119","エステ・脱毛サロンのブランディング・認知SNS画像（ジオメトリック・グラフィカル）","プロ（演出多め）"
"BNR-01120","ゲーム・eスポーツのビフォーアフター・実績SNS画像（北欧・ライフスタイル）","上級"
"BNR-01121","YouTuber・インフルエンサーのお知らせ・営業案内SNS画像（かわいい・ガーリー）","プロ（演出多め）"
"BNR-01122","和菓子・スイーツのセール・割引告知バナー（パステル・ドリーミー）","中級"
"BNR-01123","カフェ・ベーカリーのビフォーアフター・実績バナー（クール・テック）","プロ（演出多め）"
"BNR-01124","歯科医院の採用・求人バナー（ナチュラル・オーガニック）","上級"
"BNR-01125","引越し・生活サービスのビフォーアフター・実績SNS画像（ポップ・カラフル）","上級"
"BNR-01126","工務店・注文住宅・リフォームの新商品・新サービス発売バナー（北欧・ライフスタイル）","プロ（演出多め）"
"BNR-01127","ヨガ・ピラティスの資料請求・ホワイトペーパーバナー（パステル・ドリーミー）","上級"
"BNR-01128","SaaS・BtoBツールの無料体験・無料相談バナー（3D・クレイ）","上級"
"BNR-01129","歯科医院のキャンペーン・プレゼントバナー（ミニマル・洗練）","中級"
"BNR-01130","Web制作・デザイン事務所のキャンペーン・プレゼントバナー（エディトリアル・雑誌風）","上級"
"BNR-01131","内科・クリニックのイベント・セミナー告知バナー（北欧・ライフスタイル）","プロ（演出多め）"
"BNR-01132","内科・クリニックの診断・クイズSNS画像（信頼・誠実（コーポレート））","プロ（演出多め）"
"BNR-01133","YouTuber・インフルエンサーの比較・ランキングSNS画像（ネオン・サイバー）","中級"
"BNR-01134","工務店・注文住宅・リフォームの診断・クイズサムネイル（ミニマル・洗練）","プロ（演出多め）"
"BNR-01135","サウナ・温浴施設のセール・割引告知バナー（ナチュラル・オーガニック）","上級"
"BNR-01136","不動産・マンションのビフォーアフター・実績SNS画像（ラグジュアリー・高級感）","上級"
"BNR-01137","ヨガ・ピラティスの診断・クイズSNS画像（北欧・ライフスタイル）","上級"
"BNR-01138","スマホアプリのハウツー・ノウハウ投稿バナー（グラスモーフィズム）","中級"
"BNR-01139","YouTuber・インフルエンサーのお客様の声・口コミSNS画像（かわいい・ガーリー）","上級"
"BNR-01140","金融・保険・投資のセール・割引告知バナー（レトロ・Y2K）","上級"
"BNR-01141","ヨガ・ピラティスのビフォーアフター・実績SNS画像（北欧・ライフスタイル）","上級"
"BNR-01142","農業・地方の生産者のお客様の声・口コミバナー（和モダン）","中級"
"BNR-01143","コンサル・コーチングの新商品・新サービス発売バナー（ラグジュアリー・高級感）","プロ（演出多め）"
"BNR-01144","SaaS・BtoBツールのブランディング・認知バナー（ミニマル・洗練）","プロ（演出多め）"
"BNR-01145","金融・保険・投資のキャンペーン・プレゼントバナー（グラスモーフィズム）","プロ（演出多め）"
"BNR-01146","Web制作・デザイン事務所の診断・クイズバナー（クール・テック）","プロ（演出多め）"
"BNR-01147","ホテル・旅館のYouTube動画の興味喚起サムネイル（ミニマル・洗練）","上級"
"BNR-01148","和菓子・スイーツのセール・割引告知SNS画像（ナチュラル・オーガニック）","プロ（演出多め）"
"BNR-01149","コンサル・コーチングの無料体験・無料相談SNS画像（エディトリアル・雑誌風）","上級"
"BNR-01150","占い・スピリチュアルのお客様の声・口コミサムネイル（パステル・ドリーミー）","上級"
"BNR-01151","農業・地方の生産者の新商品・新サービス発売SNS画像（ハンドメイド・手書き）","プロ（演出多め）"
"BNR-01152","和菓子・スイーツのブランディング・認知バナー（ナチュラル・オーガニック）","上級"
"BNR-01153","士業（税理士・弁護士・行政書士）のイベント・セミナー告知バナー（ラグジュアリー・高級感）","プロ（演出多め）"
"BNR-01154","英会話・語学のお知らせ・営業案内バナー（信頼・誠実（コーポレート））","上級"
"BNR-01155","SaaS・BtoBツールの資料請求・ホワイトペーパーSNS画像（北欧・ライフスタイル）","中級"
"BNR-01156","パーソナルジム・フィットネスのイベント・セミナー告知バナー（ダーク・シネマティック）","プロ（演出多め）"
"BNR-01157","引越し・生活サービスのハウツー・ノウハウ投稿サムネイル（3D・クレイ）","プロ（演出多め）"
"BNR-01158","英会話・語学のハウツー・ノウハウ投稿SNS画像（ジオメトリック・グラフィカル）","中級"
"BNR-01159","引越し・生活サービスのハウツー・ノウハウ投稿SNS画像（3D・クレイ）","プロ（演出多め）"
"BNR-01160","占い・スピリチュアルのイベント・セミナー告知バナー（和モダン）","プロ（演出多め）"
"BNR-01161","スクール・オンライン講座のお客様の声・口コミバナー（ポップ・カラフル）","プロ（演出多め）"
"BNR-01162","クラウドファンディング・新商品のキャンペーン・プレゼントSNS画像（ポップ・カラフル）","中級"
"BNR-01163","コスメ・スキンケアのセール・割引告知SNS画像（ミニマル・洗練）","プロ（演出多め）"
"BNR-01164","保育園・幼児教育・習い事のビフォーアフター・実績SNS画像（ハンドメイド・手書き）","プロ（演出多め）"
"BNR-01165","工務店・注文住宅・リフォームのお知らせ・営業案内SNS画像（ミニマル・洗練）","上級"
"BNR-01166","スクール・オンライン講座のセール・割引告知SNS画像（ポップ・カラフル）","プロ（演出多め）"
"BNR-01167","プログラミングスクールの採用・求人SNS画像（ミニマル・洗練）","プロ（演出多め）"
"BNR-01168","プログラミングスクールのビフォーアフター・実績SNS画像（ネオン・サイバー）","上級"
"BNR-01169","工務店・注文住宅・リフォームのお知らせ・営業案内バナー（ナチュラル・オーガニック）","プロ（演出多め）"
"BNR-01170","引越し・生活サービスのお知らせ・営業案内バナー（ポップ・カラフル）","上級"
"BNR-01171","美容室・ヘアサロンのブランディング・認知SNS画像（ラグジュアリー・高級感）","上級"
"BNR-01172","コンサル・コーチングのセール・割引告知バナー（パステル・ドリーミー）","プロ（演出多め）"
"BNR-01173","和菓子・スイーツのお客様の声・口コミバナー（パステル・ドリーミー）","プロ（演出多め）"
"BNR-01174","不動産・マンションのブランディング・認知SNS画像（信頼・誠実（コーポレート））","プロ（演出多め）"
"BNR-01175","美容室・ヘアサロンのブランディング・認知バナー（ミニマル・洗練）","上級"
"BNR-01176","スクール・オンライン講座の資料請求・ホワイトペーパーSNS画像（ポップ・カラフル）","プロ（演出多め）"
"BNR-01177","占い・スピリチュアルの無料体験・無料相談SNS画像（ラグジュアリー・高級感）","上級"
"BNR-01178","美容クリニックの比較・ランキングバナー（ミニマル・洗練）","上級"
"BNR-01179","保育園・幼児教育・習い事の新商品・新サービス発売SNS画像（かわいい・ガーリー）","プロ（演出多め）"
"BNR-01180","保育園・幼児教育・習い事の新商品・新サービス発売SNS画像（かわいい・ガーリー）","中級"
"BNR-01181","AIサービス・スタートアップの比較・ランキングバナー（ミニマル・洗練）","上級"
"BNR-01182","エステ・脱毛サロンの資料請求・ホワイトペーパーバナー（パステル・ドリーミー）","中級"
"BNR-01183","不動産・マンションのビフォーアフター・実績SNS画像（ダーク・シネマティック）","上級"
"BNR-01184","食品・産直ECのハウツー・ノウハウ投稿バナー（和モダン）","プロ（演出多め）"
"BNR-01185","NPO・地方自治体のイベント・セミナー告知バナー（ダーク・シネマティック）","プロ（演出多め）"
"BNR-01186","ウェディング・結婚相談所のお知らせ・営業案内バナー（ラグジュアリー・高級感）","上級"
"BNR-01187","保育園・幼児教育・習い事の採用・求人SNS画像（ハンドメイド・手書き）","上級"
"BNR-01188","引越し・生活サービスの資料請求・ホワイトペーパーSNS画像（信頼・誠実（コーポレート））","プロ（演出多め）"
"BNR-01189","アパレル・ファッションECの資料請求・ホワイトペーパーSNS画像（レトロ・Y2K）","中級"
"BNR-01190","カフェ・ベーカリーのブランディング・認知バナー（ナチュラル・オーガニック）","プロ（演出多め）"
"BNR-01191","SaaS・BtoBツールのブランディング・認知SNS画像（ミニマル・洗練）","上級"
"BNR-01192","英会話・語学のイベント・セミナー告知バナー（グラスモーフィズム）","中級"
"BNR-01193","美容室・ヘアサロンのキャンペーン・プレゼントバナー（ラグジュアリー・高級感）","上級"
"BNR-01194","占い・スピリチュアルの新商品・新サービス発売バナー（パステル・ドリーミー）","上級"
"BNR-01195","ゲーム・eスポーツのブランディング・認知バナー（エネルギッシュ・スポーティ）","プロ（演出多め）"
"BNR-01196","保育園・幼児教育・習い事の採用・求人SNS画像（かわいい・ガーリー）","上級"
"BNR-01197","スクール・オンライン講座の無料体験・無料相談バナー（クール・テック）","上級"
"BNR-01198","食品・産直ECのお客様の声・口コミSNS画像（ポップ・カラフル）","プロ（演出多め）"
"BNR-01199","引越し・生活サービスの診断・クイズSNS画像（信頼・誠実（コーポレート））","上級"
"BNR-01200","内科・クリニックの診断・クイズSNS画像（ナチュラル・オーガニック）","上級"
"BNR-01201","クラウドファンディング・新商品のハウツー・ノウハウ投稿バナー（グラスモーフィズム）","上級"
"BNR-01202","工務店・注文住宅・リフォームのブランディング・認知バナー（ミニマル・洗練）","上級"
"BNR-01203","AIサービス・スタートアップのお客様の声・口コミバナー（ミニマル・洗練）","プロ（演出多め）"
"BNR-01204","内科・クリニックの比較・ランキングバナー（ハンドメイド・手書き）","上級"
"BNR-01205","ヨガ・ピラティスのお客様の声・口コミSNS画像（ナチュラル・オーガニック）","中級"
"BNR-01206","スクール・オンライン講座の診断・クイズSNS画像（クール・テック）","プロ（演出多め）"
"BNR-01207","歯科医院のセール・割引告知バナー（ミニマル・洗練）","中級"
"BNR-01208","農業・地方の生産者の比較・ランキングバナー（ナチュラル・オーガニック）","上級"
"BNR-01209","内科・クリニックのビフォーアフター・実績SNS画像（信頼・誠実（コーポレート））","中級"
"BNR-01210","自動車・バイクのイベント・セミナー告知バナー（ネオン・サイバー）","上級"
"BNR-01211","採用・求人のハウツー・ノウハウ投稿バナー（信頼・誠実（コーポレート））","中級"
"BNR-01212","Web制作・デザイン事務所のお知らせ・営業案内SNS画像（ダーク・シネマティック）","上級"
"BNR-01213","農業・地方の生産者の診断・クイズSNS画像（ナチュラル・オーガニック）","中級"
"BNR-01214","ヨガ・ピラティスのビフォーアフター・実績SNS画像（ミニマル・洗練）","プロ（演出多め）"
"BNR-01215","観光・地域プロモーションのブランディング・認知バナー（パステル・ドリーミー）","プロ（演出多め）"
"BNR-01216","音楽・ライブ・イベントのブランディング・認知SNS画像（レトロ・Y2K）","中級"
"BNR-01217","工務店・注文住宅・リフォームのブランディング・認知SNS画像（信頼・誠実（コーポレート））","上級"
"BNR-01218","占い・スピリチュアルのキャンペーン・プレゼントSNS画像（和モダン）","プロ（演出多め）"
"BNR-01219","ペット・トリミング・動物病院のお知らせ・営業案内SNS画像（ハンドメイド・手書き）","プロ（演出多め）"
"BNR-01220","農業・地方の生産者のハウツー・ノウハウ投稿SNS画像（北欧・ライフスタイル）","上級"
"BNR-01221","占い・スピリチュアルのブランディング・認知バナー（ラグジュアリー・高級感）","プロ（演出多め）"
"BNR-01222","音楽・ライブ・イベントのお客様の声・口コミSNS画像（レトロ・Y2K）","上級"
"BNR-01223","クラウドファンディング・新商品の診断・クイズSNS画像（ダーク・シネマティック）","上級"
"BNR-01224","不動産・マンションのセール・割引告知バナー（ミニマル・洗練）","上級"
"BNR-01225","ホテル・旅館のブランディング・認知バナー（ミニマル・洗練）","プロ（演出多め）"
"BNR-01226","引越し・生活サービスのビフォーアフター・実績バナー（3D・クレイ）","プロ（演出多め）"
"BNR-01227","農業・地方の生産者の新商品・新サービス発売サムネイル（ナチュラル・オーガニック）","プロ（演出多め）"
"BNR-01228","観光・地域プロモーションのブランディング・認知SNS画像（ダーク・シネマティック）","中級"
"BNR-01229","建築設計事務所のお知らせ・営業案内バナー（エディトリアル・雑誌風）","プロ（演出多め）"
"BNR-01230","士業（税理士・弁護士・行政書士）のキャンペーン・プレゼントバナー（信頼・誠実（コーポレート））","上級"
"BNR-01231","Web制作・デザイン事務所のお知らせ・営業案内バナー（かわいい・ガーリー）","プロ（演出多め）"
"BNR-01232","保育園・幼児教育・習い事の比較・ランキングサムネイル（ポップ・カラフル）","プロ（演出多め）"
"BNR-01233","士業（税理士・弁護士・行政書士）の無料体験・無料相談SNS画像（信頼・誠実（コーポレート））","中級"
"BNR-01234","コンサル・コーチングの診断・クイズバナー（エディトリアル・雑誌風）","上級"
"BNR-01235","アパレル・ファッションECのお客様の声・口コミSNS画像（レトロ・Y2K）","中級"
"BNR-01236","占い・スピリチュアルのセール・割引告知バナー（ダーク・シネマティック）","中級"
"BNR-01237","美容室・ヘアサロンのお客様の声・口コミSNS画像（クール・テック）","中級"
"BNR-01238","クラウドファンディング・新商品のキャンペーン・プレゼントバナー（ナチュラル・オーガニック）","上級"
"BNR-01239","Web制作・デザイン事務所のブランディング・認知バナー（グラスモーフィズム）","中級"
"BNR-01240","音楽・ライブ・イベントのイベント・セミナー告知SNS画像（レトロ・Y2K）","プロ（演出多め）"
"BNR-01241","SaaS・BtoBツールの採用・求人SNS画像（クール・テック）","上級"
"BNR-01242","観光・地域プロモーションのお客様の声・口コミSNS画像（ダーク・シネマティック）","上級"
"BNR-01243","観光・地域プロモーションのお知らせ・営業案内SNS画像（ナチュラル・オーガニック）","上級"
"BNR-01244","アパレル・ファッションECの採用・求人バナー（ニューブルータリズム）","上級"
"BNR-01245","YouTuber・インフルエンサーのお知らせ・営業案内バナー（ハンドメイド・手書き）","中級"
"BNR-01246","ホテル・旅館のハウツー・ノウハウ投稿サムネイル（ミニマル・洗練）","プロ（演出多め）"
"BNR-01247","スクール・オンライン講座の資料請求・ホワイトペーパーSNS画像（クール・テック）","プロ（演出多め）"
"BNR-01248","建築設計事務所の新商品・新サービス発売バナー（ミニマル・洗練）","上級"
"BNR-01249","コスメ・スキンケアのお客様の声・口コミSNS画像（パステル・ドリーミー）","上級"
"BNR-01250","ホテル・旅館の診断・クイズSNS画像（クール・テック）","プロ（演出多め）"
"BNR-01251","ウェディング・結婚相談所のお知らせ・営業案内SNS画像（ラグジュアリー・高級感）","上級"
"BNR-01252","引越し・生活サービスの新商品・新サービス発売バナー（3D・クレイ）","中級"
"BNR-01253","ウェディング・結婚相談所のセール・割引告知バナー（ミニマル・洗練）","プロ（演出多め）"
"BNR-01254","音楽・ライブ・イベントの資料請求・ホワイトペーパーSNS画像（ネオン・サイバー）","上級"
"BNR-01255","サウナ・温浴施設のセール・割引告知SNS画像（レトロ・Y2K）","プロ（演出多め）"
"BNR-01256","ウェディング・結婚相談所の比較・ランキングバナー（パステル・ドリーミー）","上級"
"BNR-01257","ペット・トリミング・動物病院の採用・求人SNS画像（3D・クレイ）","プロ（演出多め）"
"BNR-01258","エステ・脱毛サロンのお客様の声・口コミサムネイル（ミニマル・洗練）","プロ（演出多め）"
"BNR-01259","NPO・地方自治体の無料体験・無料相談バナー（ナチュラル・オーガニック）","上級"
"BNR-01260","ウェディング・結婚相談所のハウツー・ノウハウ投稿SNS画像（ラグジュアリー・高級感）","上級"
"BNR-01261","カフェ・ベーカリーのビフォーアフター・実績SNS画像（ハンドメイド・手書き）","プロ（演出多め）"
"BNR-01262","占い・スピリチュアルの無料体験・無料相談SNS画像（レトロ・Y2K）","プロ（演出多め）"
"BNR-01263","NPO・地方自治体のブランディング・認知バナー（ジオメトリック・グラフィカル）","プロ（演出多め）"
"BNR-01264","占い・スピリチュアルの無料体験・無料相談バナー（ラグジュアリー・高級感）","中級"
"BNR-01265","NPO・地方自治体の採用・求人SNS画像（ハンドメイド・手書き）","プロ（演出多め）"
"BNR-01266","サウナ・温浴施設の診断・クイズSNS画像（ナチュラル・オーガニック）","プロ（演出多め）"
"BNR-01267","英会話・語学の比較・ランキングSNS画像（3D・クレイ）","プロ（演出多め）"
"BNR-01268","サウナ・温浴施設の比較・ランキングサムネイル（レトロ・Y2K）","中級"
"BNR-01269","スクール・オンライン講座の新商品・新サービス発売バナー（クール・テック）","上級"
"BNR-01270","引越し・生活サービスの資料請求・ホワイトペーパーSNS画像（信頼・誠実（コーポレート））","上級"
"BNR-01271","和菓子・スイーツのお知らせ・営業案内SNS画像（かわいい・ガーリー）","プロ（演出多め）"
"BNR-01272","SaaS・BtoBツールの採用・求人SNS画像（ミニマル・洗練）","上級"
"BNR-01273","採用・求人のお客様の声・口コミバナー（ナチュラル・オーガニック）","プロ（演出多め）"
"BNR-01274","不動産・マンションの資料請求・ホワイトペーパーバナー（ダーク・シネマティック）","上級"
"BNR-01275","士業（税理士・弁護士・行政書士）の資料請求・ホワイトペーパーSNS画像（和モダン）","上級"
"BNR-01276","工務店・注文住宅・リフォームの診断・クイズバナー（ナチュラル・オーガニック）","上級"
"BNR-01277","歯科医院のお客様の声・口コミSNS画像（ナチュラル・オーガニック）","上級"
"BNR-01278","ホテル・旅館のYouTube動画の興味喚起サムネイル（和モダン）","上級"
"BNR-01279","スマホアプリの比較・ランキングSNS画像（かわいい・ガーリー）","上級"
"BNR-01280","歯科医院のセール・割引告知SNS画像（ナチュラル・オーガニック）","上級"
"BNR-01281","ホテル・旅館の新商品・新サービス発売SNS画像（ラグジュアリー・高級感）","上級"
"BNR-01282","YouTuber・インフルエンサーのブランディング・認知SNS画像（ネオン・サイバー）","上級"
"BNR-01283","自動車・バイクのイベント・セミナー告知SNS画像（エネルギッシュ・スポーティ）","プロ（演出多め）"
"BNR-01284","観光・地域プロモーションのイベント・セミナー告知バナー（ダーク・シネマティック）","上級"
"BNR-01285","不動産・マンションのハウツー・ノウハウ投稿SNS画像（ラグジュアリー・高級感）","上級"
"BNR-01286","ペット・トリミング・動物病院の診断・クイズバナー（ハンドメイド・手書き）","上級"
"BNR-01287","引越し・生活サービスの採用・求人SNS画像（3D・クレイ）","プロ（演出多め）"
"BNR-01288","ウェディング・結婚相談所の診断・クイズSNS画像（ラグジュアリー・高級感）","上級"
"BNR-01289","金融・保険・投資のビフォーアフター・実績SNS画像（信頼・誠実（コーポレート））","中級"
"BNR-01290","英会話・語学のハウツー・ノウハウ投稿バナー（エディトリアル・雑誌風）","プロ（演出多め）"
"BNR-01291","クラウドファンディング・新商品のお知らせ・営業案内SNS画像（和モダン）","中級"
"BNR-01292","スクール・オンライン講座のセール・割引告知バナー（ポップ・カラフル）","上級"
"BNR-01293","音楽・ライブ・イベントの採用・求人バナー（ダーク・シネマティック）","プロ（演出多め）"
"BNR-01294","占い・スピリチュアルのブランディング・認知SNS画像（ダーク・シネマティック）","中級"
"BNR-01295","美容室・ヘアサロンの診断・クイズSNS画像（ナチュラル・オーガニック）","中級"
"BNR-01296","スクール・オンライン講座の資料請求・ホワイトペーパーSNS画像（クール・テック）","上級"
"BNR-01297","不動産・マンションのセール・割引告知SNS画像（ネオン・サイバー）","プロ（演出多め）"
"BNR-01298","ホテル・旅館のお客様の声・口コミSNS画像（エディトリアル・雑誌風）","中級"
"BNR-01299","内科・クリニックの無料体験・無料相談SNS画像（信頼・誠実（コーポレート））","上級"
"BNR-01300","美容クリニックの資料請求・ホワイトペーパーSNS画像（ラグジュアリー・高級感）","上級"
"BNR-01301","コンサル・コーチングの資料請求・ホワイトペーパーSNS画像（ラグジュアリー・高級感）","プロ（演出多め）"
"BNR-01302","ホテル・旅館のハウツー・ノウハウ投稿SNS画像（信頼・誠実（コーポレート））","プロ（演出多め）"
"BNR-01303","コンサル・コーチングのお知らせ・営業案内バナー（エディトリアル・雑誌風）","上級"
"BNR-01304","カフェ・ベーカリーのハウツー・ノウハウ投稿SNS画像（ナチュラル・オーガニック）","上級"
"BNR-01305","工務店・注文住宅・リフォームの採用・求人バナー（ナチュラル・オーガニック）","上級"
"BNR-01306","保育園・幼児教育・習い事の採用・求人SNS画像（和モダン）","上級"
"BNR-01307","引越し・生活サービスのお客様の声・口コミバナー（3D・クレイ）","中級"
"BNR-01308","クラウドファンディング・新商品のお客様の声・口コミSNS画像（ナチュラル・オーガニック）","プロ（演出多め）"
"BNR-01309","AIサービス・スタートアップのお知らせ・営業案内バナー（エディトリアル・雑誌風）","上級"
"BNR-01310","採用・求人のビフォーアフター・実績SNS画像（エディトリアル・雑誌風）","上級"
"BNR-01311","ヨガ・ピラティスの比較・ランキングSNS画像（ミニマル・洗練）","上級"
"BNR-01312","ヨガ・ピラティスのキャンペーン・プレゼントSNS画像（ナチュラル・オーガニック）","プロ（演出多め）"
"BNR-01313","美容室・ヘアサロンのキャンペーン・プレゼントSNS画像（ネオン・サイバー）","上級"
"BNR-01314","スマホアプリのお客様の声・口コミバナー（3D・クレイ）","上級"
"BNR-01315","美容クリニックの比較・ランキングバナー（ミニマル・洗練）","上級"
"BNR-01316","占い・スピリチュアルのビフォーアフター・実績SNS画像（ダーク・シネマティック）","中級"
"BNR-01317","ヨガ・ピラティスのブランディング・認知バナー（北欧・ライフスタイル）","プロ（演出多め）"
"BNR-01318","パーソナルジム・フィットネスのイベント・セミナー告知バナー（クール・テック）","プロ（演出多め）"
"BNR-01319","歯科医院のセール・割引告知SNS画像（ネオン・サイバー）","上級"
"BNR-01320","金融・保険・投資のキャンペーン・プレゼントSNS画像（信頼・誠実（コーポレート））","プロ（演出多め）"
"BNR-01321","和菓子・スイーツのお知らせ・営業案内バナー（かわいい・ガーリー）","上級"
"BNR-01322","レストラン・居酒屋のハウツー・ノウハウ投稿SNS画像（和モダン）","プロ（演出多め）"
"BNR-01323","ペット・トリミング・動物病院のセール・割引告知SNS画像（ニューブルータリズム）","プロ（演出多め）"
"BNR-01324","農業・地方の生産者のブランディング・認知SNS画像（和モダン）","中級"
"BNR-01325","保育園・幼児教育・習い事の比較・ランキングSNS画像（かわいい・ガーリー）","プロ（演出多め）"
"BNR-01326","自動車・バイクの資料請求・ホワイトペーパーSNS画像（エネルギッシュ・スポーティ）","上級"
"BNR-01327","建築設計事務所のお知らせ・営業案内バナー（ジオメトリック・グラフィカル）","上級"
"BNR-01328","和菓子・スイーツの無料体験・無料相談SNS画像（パステル・ドリーミー）","プロ（演出多め）"
"BNR-01329","英会話・語学のセール・割引告知バナー（ポップ・カラフル）","上級"
"BNR-01330","YouTuber・インフルエンサーのお知らせ・営業案内バナー（ポップ・カラフル）","上級"
"BNR-01331","プログラミングスクールのお客様の声・口コミサムネイル（ネオン・サイバー）","プロ（演出多め）"
"BNR-01332","工務店・注文住宅・リフォームのお客様の声・口コミSNS画像（信頼・誠実（コーポレート））","プロ（演出多め）"
"BNR-01333","占い・スピリチュアルの新商品・新サービス発売バナー（和モダン）","上級"
"BNR-01334","AIサービス・スタートアップの診断・クイズSNS画像（ミニマル・洗練）","プロ（演出多め）"
"BNR-01335","クラウドファンディング・新商品のブランディング・認知バナー（ポップ・カラフル）","上級"
"BNR-01336","コスメ・スキンケアのキャンペーン・プレゼントバナー（北欧・ライフスタイル）","中級"
"BNR-01337","和菓子・スイーツのキャンペーン・プレゼントバナー（ナチュラル・オーガニック）","上級"
"BNR-01338","コスメ・スキンケアのYouTube動画の興味喚起サムネイル（ジオメトリック・グラフィカル）","中級"
"BNR-01339","YouTuber・インフルエンサーのイベント・セミナー告知バナー（ニューブルータリズム）","中級"
"BNR-01340","美容室・ヘアサロンのイベント・セミナー告知バナー（ジオメトリック・グラフィカル）","プロ（演出多め）"
"BNR-01341","占い・スピリチュアルの資料請求・ホワイトペーパーバナー（パステル・ドリーミー）","プロ（演出多め）"
"BNR-01342","アパレル・ファッションECの新商品・新サービス発売バナー（エディトリアル・雑誌風）","プロ（演出多め）"
"BNR-01343","観光・地域プロモーションの比較・ランキングSNS画像（ナチュラル・オーガニック）","中級"
"BNR-01344","エステ・脱毛サロンのイベント・セミナー告知SNS画像（ラグジュアリー・高級感）","上級"
"BNR-01345","ホテル・旅館のハウツー・ノウハウ投稿バナー（ダーク・シネマティック）","上級"
"BNR-01346","カフェ・ベーカリーの比較・ランキングサムネイル（レトロ・Y2K）","プロ（演出多め）"
"BNR-01347","SaaS・BtoBツールの新商品・新サービス発売SNS画像（3D・クレイ）","上級"
"BNR-01348","スクール・オンライン講座のセール・割引告知SNS画像（ポップ・カラフル）","プロ（演出多め）"
"BNR-01349","クラウドファンディング・新商品のキャンペーン・プレゼントバナー（クール・テック）","プロ（演出多め）"
"BNR-01350","サウナ・温浴施設の診断・クイズSNS画像（ハンドメイド・手書き）","プロ（演出多め）"
"BNR-01351","和菓子・スイーツの新商品・新サービス発売サムネイル（ハンドメイド・手書き）","上級"
"BNR-01352","ホテル・旅館の比較・ランキングSNS画像（ラグジュアリー・高級感）","プロ（演出多め）"
"BNR-01353","士業（税理士・弁護士・行政書士）の無料体験・無料相談バナー（エネルギッシュ・スポーティ）","プロ（演出多め）"
"BNR-01354","プログラミングスクールのお客様の声・口コミSNS画像（エネルギッシュ・スポーティ）","プロ（演出多め）"
"BNR-01355","建築設計事務所のお知らせ・営業案内SNS画像（エディトリアル・雑誌風）","中級"
"BNR-01356","ヨガ・ピラティスのキャンペーン・プレゼントバナー（北欧・ライフスタイル）","プロ（演出多め）"
"BNR-01357","AIサービス・スタートアップのお客様の声・口コミバナー（ダーク・シネマティック）","プロ（演出多め）"
"BNR-01358","士業（税理士・弁護士・行政書士）のお客様の声・口コミバナー（信頼・誠実（コーポレート））","プロ（演出多め）"
"BNR-01359","工務店・注文住宅・リフォームのお知らせ・営業案内SNS画像（北欧・ライフスタイル）","上級"
"BNR-01360","Web制作・デザイン事務所のハウツー・ノウハウ投稿SNS画像（クール・テック）","プロ（演出多め）"
"BNR-01361","保育園・幼児教育・習い事のお客様の声・口コミバナー（かわいい・ガーリー）","中級"
"BNR-01362","ホテル・旅館の資料請求・ホワイトペーパーバナー（ダーク・シネマティック）","中級"
"BNR-01363","Web制作・デザイン事務所の資料請求・ホワイトペーパーバナー（ダーク・シネマティック）","プロ（演出多め）"
"BNR-01364","AIサービス・スタートアップの資料請求・ホワイトペーパーバナー（クール・テック）","プロ（演出多め）"
"BNR-01365","美容室・ヘアサロンの資料請求・ホワイトペーパーSNS画像（ネオン・サイバー）","上級"
"BNR-01366","和菓子・スイーツのブランディング・認知SNS画像（ナチュラル・オーガニック）","上級"
"BNR-01367","音楽・ライブ・イベントのハウツー・ノウハウ投稿バナー（信頼・誠実（コーポレート））","上級"
"BNR-01368","工務店・注文住宅・リフォームのハウツー・ノウハウ投稿バナー（エディトリアル・雑誌風）","上級"
"BNR-01369","観光・地域プロモーションのキャンペーン・プレゼントSNS画像（ハンドメイド・手書き）","プロ（演出多め）"
"BNR-01370","パーソナルジム・フィットネスの比較・ランキングバナー（ダーク・シネマティック）","プロ（演出多め）"
"BNR-01371","歯科医院の無料体験・無料相談バナー（ナチュラル・オーガニック）","上級"
"BNR-01372","建築設計事務所のお知らせ・営業案内SNS画像（ニューブルータリズム）","上級"
"BNR-01373","美容クリニックのキャンペーン・プレゼントバナー（3D・クレイ）","中級"
"BNR-01374","SaaS・BtoBツールの無料体験・無料相談SNS画像（クール・テック）","上級"
"BNR-01375","サウナ・温浴施設のイベント・セミナー告知バナー（信頼・誠実（コーポレート））","プロ（演出多め）"
"BNR-01376","コスメ・スキンケアのお客様の声・口コミSNS画像（グラスモーフィズム）","上級"
"BNR-01377","建築設計事務所の診断・クイズSNS画像（ジオメトリック・グラフィカル）","プロ（演出多め）"
"BNR-01378","歯科医院の無料体験・無料相談SNS画像（和モダン）","中級"
"BNR-01379","金融・保険・投資の無料体験・無料相談SNS画像（エネルギッシュ・スポーティ）","プロ（演出多め）"
"BNR-01380","スマホアプリのイベント・セミナー告知SNS画像（エディトリアル・雑誌風）","中級"
"BNR-01381","ヨガ・ピラティスのセール・割引告知バナー（ハンドメイド・手書き）","プロ（演出多め）"
"BNR-01382","和菓子・スイーツのお客様の声・口コミバナー（かわいい・ガーリー）","上級"
"BNR-01383","ゲーム・eスポーツのお客様の声・口コミバナー（ネオン・サイバー）","プロ（演出多め）"
"BNR-01384","食品・産直ECの採用・求人SNS画像（和モダン）","上級"
"BNR-01385","音楽・ライブ・イベントの診断・クイズSNS画像（ニューブルータリズム）","プロ（演出多め）"
"BNR-01386","音楽・ライブ・イベントの資料請求・ホワイトペーパーバナー（ニューブルータリズム）","上級"
"BNR-01387","レストラン・居酒屋の比較・ランキングバナー（和モダン）","上級"
"BNR-01388","工務店・注文住宅・リフォームの新商品・新サービス発売バナー（信頼・誠実（コーポレート））","上級"
"BNR-01389","歯科医院のビフォーアフター・実績バナー（信頼・誠実（コーポレート））","上級"
"BNR-01390","カフェ・ベーカリーのブランディング・認知バナー（レトロ・Y2K）","上級"
"BNR-01391","音楽・ライブ・イベントの新商品・新サービス発売バナー（レトロ・Y2K）","上級"
"BNR-01392","YouTuber・インフルエンサーの診断・クイズSNS画像（ニューブルータリズム）","プロ（演出多め）"
"BNR-01393","金融・保険・投資の資料請求・ホワイトペーパーSNS画像（信頼・誠実（コーポレート））","プロ（演出多め）"
"BNR-01394","パーソナルジム・フィットネスの比較・ランキングバナー（エネルギッシュ・スポーティ）","プロ（演出多め）"
"BNR-01395","和菓子・スイーツの資料請求・ホワイトペーパーSNS画像（ナチュラル・オーガニック）","プロ（演出多め）"
"BNR-01396","スマホアプリのセール・割引告知SNS画像（グラスモーフィズム）","プロ（演出多め）"
"BNR-01397","自動車・バイクのハウツー・ノウハウ投稿バナー（ラグジュアリー・高級感）","プロ（演出多め）"
"BNR-01398","スマホアプリの比較・ランキングSNS画像（3D・クレイ）","プロ（演出多め）"
"BNR-01399","建築設計事務所の無料体験・無料相談SNS画像（ジオメトリック・グラフィカル）","プロ（演出多め）"
"BNR-01400","YouTuber・インフルエンサーのビフォーアフター・実績SNS画像（ニューブルータリズム）","上級"
"BNR-01401","AIサービス・スタートアップのキャンペーン・プレゼントSNS画像（クール・テック）","プロ（演出多め）"
"BNR-01402","エステ・脱毛サロンのハウツー・ノウハウ投稿SNS画像（和モダン）","上級"
"BNR-01403","美容室・ヘアサロンのブランディング・認知SNS画像（ジオメトリック・グラフィカル）","上級"
"BNR-01404","不動産・マンションの採用・求人バナー（信頼・誠実（コーポレート））","上級"
"BNR-01405","Web制作・デザイン事務所の採用・求人SNS画像（ジオメトリック・グラフィカル）","中級"
"BNR-01406","アパレル・ファッションECのビフォーアフター・実績サムネイル（レトロ・Y2K）","プロ（演出多め）"
"BNR-01407","Web制作・デザイン事務所の採用・求人SNS画像（クール・テック）","中級"
"BNR-01408","サウナ・温浴施設の新商品・新サービス発売バナー（エディトリアル・雑誌風）","上級"
"BNR-01409","食品・産直ECの無料体験・無料相談バナー（和モダン）","上級"
"BNR-01410","ホテル・旅館のブランディング・認知SNS画像（ダーク・シネマティック）","プロ（演出多め）"
"BNR-01411","ペット・トリミング・動物病院の採用・求人バナー（かわいい・ガーリー）","プロ（演出多め）"
"BNR-01412","歯科医院のブランディング・認知バナー（信頼・誠実（コーポレート））","上級"
"BNR-01413","英会話・語学の無料体験・無料相談SNS画像（エディトリアル・雑誌風）","プロ（演出多め）"
"BNR-01414","内科・クリニックのキャンペーン・プレゼントバナー（北欧・ライフスタイル）","上級"
"BNR-01415","スクール・オンライン講座のセール・割引告知SNS画像（ナチュラル・オーガニック）","中級"
"BNR-01416","ヨガ・ピラティスのセール・割引告知バナー（ナチュラル・オーガニック）","プロ（演出多め）"
"BNR-01417","ゲーム・eスポーツのイベント・セミナー告知SNS画像（エネルギッシュ・スポーティ）","プロ（演出多め）"
"BNR-01418","AIサービス・スタートアップの無料体験・無料相談SNS画像（ネオン・サイバー）","プロ（演出多め）"
"BNR-01419","ゲーム・eスポーツの採用・求人バナー（レトロ・Y2K）","中級"
"BNR-01420","サウナ・温浴施設のお客様の声・口コミバナー（北欧・ライフスタイル）","上級"
"BNR-01421","ゲーム・eスポーツのブランディング・認知バナー（ダーク・シネマティック）","上級"
"BNR-01422","農業・地方の生産者のイベント・セミナー告知バナー（和モダン）","上級"
"BNR-01423","工務店・注文住宅・リフォームのお客様の声・口コミサムネイル（ミニマル・洗練）","上級"
"BNR-01424","工務店・注文住宅・リフォームのブランディング・認知SNS画像（ナチュラル・オーガニック）","プロ（演出多め）"
"BNR-01425","美容クリニックの無料体験・無料相談SNS画像（ミニマル・洗練）","上級"
"BNR-01426","占い・スピリチュアルのハウツー・ノウハウ投稿SNS画像（和モダン）","プロ（演出多め）"
"BNR-01427","カフェ・ベーカリーの資料請求・ホワイトペーパーSNS画像（ハンドメイド・手書き）","上級"
"BNR-01428","ペット・トリミング・動物病院のハウツー・ノウハウ投稿バナー（かわいい・ガーリー）","上級"
"BNR-01429","占い・スピリチュアルのビフォーアフター・実績バナー（ラグジュアリー・高級感）","上級"
"BNR-01430","占い・スピリチュアルの診断・クイズバナー（ラグジュアリー・高級感）","上級"
"BNR-01431","英会話・語学のビフォーアフター・実績SNS画像（信頼・誠実（コーポレート））","プロ（演出多め）"
"BNR-01432","自動車・バイクのお客様の声・口コミバナー（ダーク・シネマティック）","プロ（演出多め）"
"BNR-01433","内科・クリニックのキャンペーン・プレゼントSNS画像（北欧・ライフスタイル）","プロ（演出多め）"
"BNR-01434","農業・地方の生産者の新商品・新サービス発売SNS画像（北欧・ライフスタイル）","上級"
"BNR-01435","士業（税理士・弁護士・行政書士）のハウツー・ノウハウ投稿バナー（和モダン）","上級"
"BNR-01436","エステ・脱毛サロンのキャンペーン・プレゼントSNS画像（ミニマル・洗練）","プロ（演出多め）"
"BNR-01437","YouTuber・インフルエンサーのセール・割引告知バナー（かわいい・ガーリー）","上級"
"BNR-01438","エステ・脱毛サロンのセール・割引告知バナー（ラグジュアリー・高級感）","上級"
"BNR-01439","引越し・生活サービスのハウツー・ノウハウ投稿SNS画像（かわいい・ガーリー）","プロ（演出多め）"
"BNR-01440","サウナ・温浴施設のお客様の声・口コミサムネイル（ネオン・サイバー）","中級"
"BNR-01441","食品・産直ECの資料請求・ホワイトペーパーバナー（ナチュラル・オーガニック）","プロ（演出多め）"
"BNR-01442","ホテル・旅館の採用・求人バナー（ダーク・シネマティック）","上級"
"BNR-01443","食品・産直ECの採用・求人バナー（ネオン・サイバー）","上級"
"BNR-01444","Web制作・デザイン事務所の比較・ランキングSNS画像（ハンドメイド・手書き）","上級"
"BNR-01445","内科・クリニックのお客様の声・口コミSNS画像（信頼・誠実（コーポレート））","上級"
"BNR-01446","カフェ・ベーカリーのキャンペーン・プレゼントバナー（エディトリアル・雑誌風）","中級"
"BNR-01447","ヨガ・ピラティスのセール・割引告知バナー（パステル・ドリーミー）","上級"
"BNR-01448","コンサル・コーチングの資料請求・ホワイトペーパーSNS画像（ダーク・シネマティック）","中級"
"BNR-01449","サウナ・温浴施設のハウツー・ノウハウ投稿バナー（ナチュラル・オーガニック）","上級"
"BNR-01450","エステ・脱毛サロンの無料体験・無料相談SNS画像（ミニマル・洗練）","プロ（演出多め）"
"BNR-01451","ヨガ・ピラティスのキャンペーン・プレゼントSNS画像（ミニマル・洗練）","中級"
"BNR-01452","美容クリニックのキャンペーン・プレゼントSNS画像（ミニマル・洗練）","プロ（演出多め）"
"BNR-01453","英会話・語学のキャンペーン・プレゼントバナー（レトロ・Y2K）","中級"
"BNR-01454","アパレル・ファッションECの資料請求・ホワイトペーパーSNS画像（レトロ・Y2K）","上級"
"BNR-01455","NPO・地方自治体のビフォーアフター・実績バナー（ジオメトリック・グラフィカル）","プロ（演出多め）"
"BNR-01456","SaaS・BtoBツールのキャンペーン・プレゼントSNS画像（3D・クレイ）","上級"
"BNR-01457","エステ・脱毛サロンのお知らせ・営業案内SNS画像（かわいい・ガーリー）","上級"
"BNR-01458","エステ・脱毛サロンのイベント・セミナー告知バナー（かわいい・ガーリー）","プロ（演出多め）"
"BNR-01459","歯科医院の採用・求人バナー（ナチュラル・オーガニック）","上級"
"BNR-01460","美容室・ヘアサロンのお客様の声・口コミSNS画像（北欧・ライフスタイル）","上級"
"BNR-01461","引越し・生活サービスの診断・クイズSNS画像（ラグジュアリー・高級感）","上級"
"BNR-01462","スマホアプリのお客様の声・口コミバナー（ポップ・カラフル）","上級"
"BNR-01463","レストラン・居酒屋のブランディング・認知SNS画像（ダーク・シネマティック）","プロ（演出多め）"
"BNR-01464","英会話・語学の比較・ランキングサムネイル（ポップ・カラフル）","上級"
"BNR-01465","NPO・地方自治体のブランディング・認知バナー（ナチュラル・オーガニック）","上級"
"BNR-01466","Web制作・デザイン事務所のセール・割引告知SNS画像（ジオメトリック・グラフィカル）","上級"
"BNR-01467","ヨガ・ピラティスのビフォーアフター・実績バナー（ミニマル・洗練）","プロ（演出多め）"
"BNR-01468","Web制作・デザイン事務所の診断・クイズSNS画像（クール・テック）","上級"
"BNR-01469","アパレル・ファッションECのブランディング・認知SNS画像（エディトリアル・雑誌風）","プロ（演出多め）"
"BNR-01470","ホテル・旅館の比較・ランキングSNS画像（ラグジュアリー・高級感）","プロ（演出多め）"
"BNR-01471","ウェディング・結婚相談所のキャンペーン・プレゼントSNS画像（ミニマル・洗練）","上級"
"BNR-01472","食品・産直ECの診断・クイズSNS画像（ハンドメイド・手書き）","上級"
"BNR-01473","工務店・注文住宅・リフォームの新商品・新サービス発売SNS画像（ナチュラル・オーガニック）","上級"
"BNR-01474","占い・スピリチュアルの診断・クイズバナー（ダーク・シネマティック）","上級"
"BNR-01475","ゲーム・eスポーツのお客様の声・口コミバナー（ポップ・カラフル）","上級"
"BNR-01476","内科・クリニックの採用・求人SNS画像（信頼・誠実（コーポレート））","プロ（演出多め）"
"BNR-01477","クラウドファンディング・新商品のハウツー・ノウハウ投稿バナー（ポップ・カラフル）","上級"
"BNR-01478","パーソナルジム・フィットネスのお知らせ・営業案内SNS画像（クール・テック）","中級"
"BNR-01479","アパレル・ファッションECのお客様の声・口コミSNS画像（ニューブルータリズム）","プロ（演出多め）"
"BNR-01480","ホテル・旅館のビフォーアフター・実績SNS画像（ミニマル・洗練）","中級"
"BNR-01481","ペット・トリミング・動物病院のブランディング・認知SNS画像（ナチュラル・オーガニック）","上級"
"BNR-01482","ウェディング・結婚相談所の診断・クイズバナー（ダーク・シネマティック）","プロ（演出多め）"
"BNR-01483","エステ・脱毛サロンのYouTube動画の興味喚起サムネイル（ラグジュアリー・高級感）","上級"
"BNR-01484","建築設計事務所の無料体験・無料相談バナー（ミニマル・洗練）","中級"
"BNR-01485","レストラン・居酒屋のセール・割引告知SNS画像（ダーク・シネマティック）","プロ（演出多め）"
"BNR-01486","ウェディング・結婚相談所の資料請求・ホワイトペーパーSNS画像（北欧・ライフスタイル）","プロ（演出多め）"
"BNR-01487","スクール・オンライン講座のセール・割引告知SNS画像（3D・クレイ）","中級"
"BNR-01488","YouTuber・インフルエンサーのハウツー・ノウハウ投稿バナー（ニューブルータリズム）","プロ（演出多め）"
"BNR-01489","ウェディング・結婚相談所のハウツー・ノウハウ投稿SNS画像（ラグジュアリー・高級感）","上級"
"BNR-01490","ホテル・旅館の採用・求人SNS画像（ラグジュアリー・高級感）","上級"
"BNR-01491","歯科医院のビフォーアフター・実績バナー（ミニマル・洗練）","プロ（演出多め）"
"BNR-01492","ホテル・旅館の診断・クイズSNS画像（和モダン）","プロ（演出多め）"
"BNR-01493","ペット・トリミング・動物病院のお客様の声・口コミバナー（3D・クレイ）","上級"
"BNR-01494","ホテル・旅館のセール・割引告知バナー（ダーク・シネマティック）","プロ（演出多め）"
"BNR-01495","カフェ・ベーカリーのキャンペーン・プレゼントバナー（エディトリアル・雑誌風）","プロ（演出多め）"
"BNR-01496","YouTuber・インフルエンサーのセール・割引告知バナー（かわいい・ガーリー）","上級"
"BNR-01497","カフェ・ベーカリーの診断・クイズSNS画像（エディトリアル・雑誌風）","プロ（演出多め）"
"BNR-01498","スクール・オンライン講座のビフォーアフター・実績SNS画像（3D・クレイ）","上級"
"BNR-01499","サウナ・温浴施設のビフォーアフター・実績バナー（ニューブルータリズム）","上級"
"BNR-01500","採用・求人のお知らせ・営業案内SNS画像（3D・クレイ）","上級"
"BNR-01501","歯科医院のブランディング・認知バナー（エディトリアル・雑誌風）","上級"
"BNR-01502","引越し・生活サービスの新商品・新サービス発売バナー（3D・クレイ）","上級"
"BNR-01503","ペット・トリミング・動物病院の診断・クイズSNS画像（ナチュラル・オーガニック）","上級"
"BNR-01504","美容室・ヘアサロンのビフォーアフター・実績サムネイル（かわいい・ガーリー）","中級"
"BNR-01505","レストラン・居酒屋の新商品・新サービス発売バナー（レトロ・Y2K）","上級"
"BNR-01506","パーソナルジム・フィットネスの診断・クイズSNS画像（エネルギッシュ・スポーティ）","プロ（演出多め）"
"BNR-01507","自動車・バイクのハウツー・ノウハウ投稿SNS画像（ダーク・シネマティック）","中級"
"BNR-01508","保育園・幼児教育・習い事のビフォーアフター・実績サムネイル（ラグジュアリー・高級感）","プロ（演出多め）"
"BNR-01509","占い・スピリチュアルのお客様の声・口コミSNS画像（ラグジュアリー・高級感）","中級"
"BNR-01510","保育園・幼児教育・習い事のキャンペーン・プレゼントSNS画像（ハンドメイド・手書き）","プロ（演出多め）"
"BNR-01511","コスメ・スキンケアのブランディング・認知SNS画像（パステル・ドリーミー）","プロ（演出多め）"
"BNR-01512","工務店・注文住宅・リフォームのビフォーアフター・実績バナー（北欧・ライフスタイル）","中級"
"BNR-01513","ゲーム・eスポーツの診断・クイズバナー（ダーク・シネマティック）","プロ（演出多め）"
"BNR-01514","パーソナルジム・フィットネスのハウツー・ノウハウ投稿バナー（ミニマル・洗練）","中級"
"BNR-01515","食品・産直ECのハウツー・ノウハウ投稿サムネイル（ナチュラル・オーガニック）","プロ（演出多め）"
"BNR-01516","自動車・バイクのお知らせ・営業案内バナー（ラグジュアリー・高級感）","上級"
"BNR-01517","占い・スピリチュアルの無料体験・無料相談SNS画像（パステル・ドリーミー）","中級"
"BNR-01518","ヨガ・ピラティスのイベント・セミナー告知SNS画像（ナチュラル・オーガニック）","中級"
"BNR-01519","引越し・生活サービスのお知らせ・営業案内バナー（ネオン・サイバー）","プロ（演出多め）"
"BNR-01520","工務店・注文住宅・リフォームのキャンペーン・プレゼントSNS画像（ナチュラル・オーガニック）","プロ（演出多め）"
"BNR-01521","スクール・オンライン講座のハウツー・ノウハウ投稿SNS画像（クール・テック）","上級"
"BNR-01522","美容室・ヘアサロンの無料体験・無料相談バナー（かわいい・ガーリー）","上級"
"BNR-01523","占い・スピリチュアルのキャンペーン・プレゼントSNS画像（信頼・誠実（コーポレート））","プロ（演出多め）"
"BNR-01524","スマホアプリの比較・ランキングバナー（3D・クレイ）","プロ（演出多め）"
"BNR-01525","金融・保険・投資のイベント・セミナー告知SNS画像（信頼・誠実（コーポレート））","上級"
"BNR-01526","美容クリニックのハウツー・ノウハウ投稿バナー（信頼・誠実（コーポレート））","プロ（演出多め）"
"BNR-01527","プログラミングスクールのブランディング・認知バナー（ハンドメイド・手書き）","プロ（演出多め）"
"BNR-01528","建築設計事務所のイベント・セミナー告知バナー（ミニマル・洗練）","プロ（演出多め）"
"BNR-01529","食品・産直ECのイベント・セミナー告知バナー（ナチュラル・オーガニック）","プロ（演出多め）"
"BNR-01530","ペット・トリミング・動物病院のお知らせ・営業案内SNS画像（信頼・誠実（コーポレート））","プロ（演出多め）"
"BNR-01531","クラウドファンディング・新商品のお知らせ・営業案内バナー（ダーク・シネマティック）","上級"
"BNR-01532","ホテル・旅館の新商品・新サービス発売バナー（和モダン）","上級"
"BNR-01533","クラウドファンディング・新商品のビフォーアフター・実績SNS画像（ジオメトリック・グラフィカル）","中級"
"BNR-01534","SaaS・BtoBツールのハウツー・ノウハウ投稿SNS画像（クール・テック）","プロ（演出多め）"
"BNR-01535","ホテル・旅館のイベント・セミナー告知バナー（ラグジュアリー・高級感）","プロ（演出多め）"
"BNR-01536","観光・地域プロモーションの資料請求・ホワイトペーパーSNS画像（ダーク・シネマティック）","プロ（演出多め）"
"BNR-01537","歯科医院の無料体験・無料相談SNS画像（ナチュラル・オーガニック）","中級"
"BNR-01538","コンサル・コーチングの比較・ランキングSNS画像（ラグジュアリー・高級感）","プロ（演出多め）"
"BNR-01539","パーソナルジム・フィットネスのブランディング・認知バナー（エネルギッシュ・スポーティ）","プロ（演出多め）"
"BNR-01540","建築設計事務所の無料体験・無料相談SNS画像（ミニマル・洗練）","上級"
"BNR-01541","ヨガ・ピラティスのセール・割引告知SNS画像（ナチュラル・オーガニック）","プロ（演出多め）"
"BNR-01542","クラウドファンディング・新商品のハウツー・ノウハウ投稿SNS画像（ナチュラル・オーガニック）","上級"
"BNR-01543","美容室・ヘアサロンの診断・クイズSNS画像（かわいい・ガーリー）","プロ（演出多め）"
"BNR-01544","ゲーム・eスポーツのキャンペーン・プレゼントSNS画像（信頼・誠実（コーポレート））","プロ（演出多め）"
"BNR-01545","音楽・ライブ・イベントのお知らせ・営業案内SNS画像（ポップ・カラフル）","上級"
"BNR-01546","アパレル・ファッションECの比較・ランキングバナー（グラスモーフィズム）","上級"
"BNR-01547","金融・保険・投資のハウツー・ノウハウ投稿バナー（クール・テック）","中級"
"BNR-01548","音楽・ライブ・イベントのブランディング・認知SNS画像（レトロ・Y2K）","中級"
"BNR-01549","サウナ・温浴施設のビフォーアフター・実績SNS画像（ラグジュアリー・高級感）","プロ（演出多め）"
"BNR-01550","クラウドファンディング・新商品のブランディング・認知SNS画像（ポップ・カラフル）","上級"
"BNR-01551","Web制作・デザイン事務所のお客様の声・口コミサムネイル（信頼・誠実（コーポレート））","プロ（演出多め）"
"BNR-01552","内科・クリニックの資料請求・ホワイトペーパーSNS画像（信頼・誠実（コーポレート））","中級"
"BNR-01553","アパレル・ファッションECの資料請求・ホワイトペーパーバナー（ミニマル・洗練）","上級"
"BNR-01554","金融・保険・投資の採用・求人SNS画像（ミニマル・洗練）","プロ（演出多め）"
"BNR-01555","ウェディング・結婚相談所の新商品・新サービス発売バナー（かわいい・ガーリー）","プロ（演出多め）"
"BNR-01556","保育園・幼児教育・習い事の無料体験・無料相談SNS画像（かわいい・ガーリー）","上級"
"BNR-01557","サウナ・温浴施設のお知らせ・営業案内バナー（ニューブルータリズム）","プロ（演出多め）"
"BNR-01558","SaaS・BtoBツールの無料体験・無料相談バナー（ミニマル・洗練）","プロ（演出多め）"
"BNR-01559","英会話・語学の無料体験・無料相談SNS画像（ポップ・カラフル）","上級"
"BNR-01560","レストラン・居酒屋の診断・クイズSNS画像（和モダン）","上級"
"BNR-01561","農業・地方の生産者の採用・求人SNS画像（和モダン）","上級"
"BNR-01562","コンサル・コーチングのセール・割引告知SNS画像（エディトリアル・雑誌風）","中級"
"BNR-01563","ヨガ・ピラティスのブランディング・認知SNS画像（エディトリアル・雑誌風）","上級"
"BNR-01564","観光・地域プロモーションの新商品・新サービス発売SNS画像（ハンドメイド・手書き）","上級"
"BNR-01565","ゲーム・eスポーツの新商品・新サービス発売バナー（ダーク・シネマティック）","上級"
"BNR-01566","SaaS・BtoBツールのイベント・セミナー告知SNS画像（クール・テック）","プロ（演出多め）"
"BNR-01567","NPO・地方自治体のハウツー・ノウハウ投稿サムネイル（信頼・誠実（コーポレート））","プロ（演出多め）"
"BNR-01568","不動産・マンションの資料請求・ホワイトペーパーバナー（ラグジュアリー・高級感）","中級"
"BNR-01569","歯科医院の無料体験・無料相談バナー（エネルギッシュ・スポーティ）","プロ（演出多め）"
"BNR-01570","金融・保険・投資のキャンペーン・プレゼントSNS画像（信頼・誠実（コーポレート））","上級"
"BNR-01571","レストラン・居酒屋のお客様の声・口コミバナー（レトロ・Y2K）","プロ（演出多め）"
"BNR-01572","レストラン・居酒屋のお知らせ・営業案内SNS画像（ラグジュアリー・高級感）","上級"
"BNR-01573","コンサル・コーチングの新商品・新サービス発売SNS画像（エディトリアル・雑誌風）","プロ（演出多め）"
"BNR-01574","英会話・語学のブランディング・認知SNS画像（ジオメトリック・グラフィカル）","上級"
"BNR-01575","エステ・脱毛サロンのお客様の声・口コミSNS画像（ミニマル・洗練）","プロ（演出多め）"
"BNR-01576","建築設計事務所のお知らせ・営業案内バナー（エディトリアル・雑誌風）","プロ（演出多め）"
"BNR-01577","ウェディング・結婚相談所のセール・割引告知SNS画像（クール・テック）","上級"
"BNR-01578","保育園・幼児教育・習い事のブランディング・認知SNS画像（ポップ・カラフル）","上級"
"BNR-01579","プログラミングスクールの採用・求人SNS画像（ネオン・サイバー）","上級"
"BNR-01580","採用・求人のビフォーアフター・実績バナー（レトロ・Y2K）","上級"
"BNR-01581","和菓子・スイーツの採用・求人バナー（パステル・ドリーミー）","中級"
"BNR-01582","スマホアプリの採用・求人SNS画像（グラスモーフィズム）","中級"
"BNR-01583","観光・地域プロモーションのセール・割引告知SNS画像（ハンドメイド・手書き）","プロ（演出多め）"
"BNR-01584","英会話・語学の新商品・新サービス発売バナー（パステル・ドリーミー）","上級"
"BNR-01585","観光・地域プロモーションのセール・割引告知バナー（和モダン）","上級"
"BNR-01586","クラウドファンディング・新商品の診断・クイズサムネイル（ポップ・カラフル）","中級"
"BNR-01587","食品・産直ECの比較・ランキングバナー（ナチュラル・オーガニック）","上級"
"BNR-01588","サウナ・温浴施設の比較・ランキングSNS画像（ナチュラル・オーガニック）","上級"
"BNR-01589","エステ・脱毛サロンのイベント・セミナー告知SNS画像（パステル・ドリーミー）","上級"
"BNR-01590","英会話・語学のビフォーアフター・実績SNS画像（信頼・誠実（コーポレート））","上級"
"BNR-01591","歯科医院の無料体験・無料相談SNS画像（ミニマル・洗練）","プロ（演出多め）"
"BNR-01592","観光・地域プロモーションのセール・割引告知バナー（ダーク・シネマティック）","プロ（演出多め）"
"BNR-01593","NPO・地方自治体のビフォーアフター・実績バナー（エディトリアル・雑誌風）","プロ（演出多め）"
"BNR-01594","YouTuber・インフルエンサーの資料請求・ホワイトペーパーバナー（ニューブルータリズム）","プロ（演出多め）"
"BNR-01595","保育園・幼児教育・習い事のセール・割引告知バナー（かわいい・ガーリー）","中級"
"BNR-01596","スクール・オンライン講座のイベント・セミナー告知SNS画像（クール・テック）","上級"
"BNR-01597","内科・クリニックの資料請求・ホワイトペーパーバナー（かわいい・ガーリー）","上級"
"BNR-01598","金融・保険・投資の診断・クイズバナー（ミニマル・洗練）","プロ（演出多め）"
"BNR-01599","建築設計事務所のビフォーアフター・実績バナー（ジオメトリック・グラフィカル）","上級"
"BNR-01600","英会話・語学のキャンペーン・プレゼントバナー（3D・クレイ）","中級"
"BNR-01601","ホテル・旅館のお客様の声・口コミSNS画像（和モダン）","上級"
"BNR-01602","自動車・バイクのお知らせ・営業案内SNS画像（グラスモーフィズム）","上級"
"BNR-01603","プログラミングスクールのハウツー・ノウハウ投稿SNS画像（ネオン・サイバー）","中級"
"BNR-01604","食品・産直ECのお客様の声・口コミサムネイル（エネルギッシュ・スポーティ）","上級"
"BNR-01605","占い・スピリチュアルの無料体験・無料相談バナー（和モダン）","中級"
"BNR-01606","ウェディング・結婚相談所のハウツー・ノウハウ投稿SNS画像（ラグジュアリー・高級感）","上級"
"BNR-01607","歯科医院のブランディング・認知SNS画像（ポップ・カラフル）","上級"
"BNR-01608","サウナ・温浴施設の資料請求・ホワイトペーパーバナー（ジオメトリック・グラフィカル）","プロ（演出多め）"
"BNR-01609","引越し・生活サービスのキャンペーン・プレゼントSNS画像（ポップ・カラフル）","プロ（演出多め）"
"BNR-01610","歯科医院のブランディング・認知バナー（ナチュラル・オーガニック）","上級"
"BNR-01611","Web制作・デザイン事務所の新商品・新サービス発売SNS画像（エディトリアル・雑誌風）","プロ（演出多め）"
"BNR-01612","歯科医院のキャンペーン・プレゼントSNS画像（ミニマル・洗練）","プロ（演出多め）"
"BNR-01613","サウナ・温浴施設の比較・ランキングSNS画像（ナチュラル・オーガニック）","プロ（演出多め）"
"BNR-01614","ホテル・旅館の比較・ランキングバナー（ラグジュアリー・高級感）","中級"
"BNR-01615","プログラミングスクールのブランディング・認知バナー（ポップ・カラフル）","プロ（演出多め）"
"BNR-01616","士業（税理士・弁護士・行政書士）のセール・割引告知SNS画像（和モダン）","上級"
"BNR-01617","スクール・オンライン講座のハウツー・ノウハウ投稿SNS画像（クール・テック）","プロ（演出多め）"
"BNR-01618","不動産・マンションのセール・割引告知SNS画像（ミニマル・洗練）","中級"
"BNR-01619","保育園・幼児教育・習い事のイベント・セミナー告知SNS画像（ニューブルータリズム）","上級"
"BNR-01620","ゲーム・eスポーツのビフォーアフター・実績サムネイル（3D・クレイ）","中級"
"BNR-01621","観光・地域プロモーションのビフォーアフター・実績バナー（ハンドメイド・手書き）","中級"
"BNR-01622","採用・求人のハウツー・ノウハウ投稿SNS画像（ポップ・カラフル）","中級"
"BNR-01623","歯科医院の資料請求・ホワイトペーパーバナー（ミニマル・洗練）","上級"
"BNR-01624","ペット・トリミング・動物病院のセール・割引告知SNS画像（3D・クレイ）","上級"
"BNR-01625","和菓子・スイーツのハウツー・ノウハウ投稿バナー（かわいい・ガーリー）","プロ（演出多め）"
"BNR-01626","レストラン・居酒屋のブランディング・認知バナー（レトロ・Y2K）","上級"
"BNR-01627","占い・スピリチュアルのビフォーアフター・実績バナー（かわいい・ガーリー）","中級"
"BNR-01628","スマホアプリの採用・求人SNS画像（クール・テック）","プロ（演出多め）"
"BNR-01629","Web制作・デザイン事務所の採用・求人SNS画像（ナチュラル・オーガニック）","プロ（演出多め）"
"BNR-01630","引越し・生活サービスの診断・クイズSNS画像（エディトリアル・雑誌風）","プロ（演出多め）"
"BNR-01631","農業・地方の生産者のお客様の声・口コミSNS画像（パステル・ドリーミー）","上級"
"BNR-01632","食品・産直ECのお知らせ・営業案内SNS画像（ナチュラル・オーガニック）","中級"
"BNR-01633","アパレル・ファッションECのブランディング・認知SNS画像（レトロ・Y2K）","プロ（演出多め）"
"BNR-01634","内科・クリニックの無料体験・無料相談SNS画像（ナチュラル・オーガニック）","上級"
"BNR-01635","占い・スピリチュアルの資料請求・ホワイトペーパーバナー（ダーク・シネマティック）","中級"
"BNR-01636","英会話・語学のキャンペーン・プレゼントSNS画像（信頼・誠実（コーポレート））","上級"
"BNR-01637","工務店・注文住宅・リフォームの診断・クイズバナー（ナチュラル・オーガニック）","プロ（演出多め）"
"BNR-01638","ペット・トリミング・動物病院の無料体験・無料相談バナー（ハンドメイド・手書き）","中級"
"BNR-01639","ウェディング・結婚相談所のセール・割引告知SNS画像（ミニマル・洗練）","プロ（演出多め）"
"BNR-01640","スマホアプリの資料請求・ホワイトペーパーSNS画像（グラスモーフィズム）","プロ（演出多め）"
"BNR-01641","ウェディング・結婚相談所のセール・割引告知SNS画像（パステル・ドリーミー）","上級"
"BNR-01642","保育園・幼児教育・習い事のビフォーアフター・実績バナー（ナチュラル・オーガニック）","中級"
"BNR-01643","自動車・バイクのお知らせ・営業案内SNS画像（ダーク・シネマティック）","上級"
"BNR-01644","NPO・地方自治体のハウツー・ノウハウ投稿SNS画像（ハンドメイド・手書き）","中級"
"BNR-01645","金融・保険・投資のブランディング・認知バナー（クール・テック）","上級"
"BNR-01646","NPO・地方自治体のブランディング・認知SNS画像（和モダン）","中級"
"BNR-01647","ペット・トリミング・動物病院のキャンペーン・プレゼントSNS画像（ナチュラル・オーガニック）","プロ（演出多め）"
"BNR-01648","カフェ・ベーカリーの新商品・新サービス発売SNS画像（北欧・ライフスタイル）","中級"
"BNR-01649","引越し・生活サービスのお客様の声・口コミSNS画像（ポップ・カラフル）","上級"
"BNR-01650","コスメ・スキンケアのハウツー・ノウハウ投稿バナー（ミニマル・洗練）","上級"
"BNR-01651","占い・スピリチュアルの採用・求人SNS画像（和モダン）","上級"
"BNR-01652","NPO・地方自治体の資料請求・ホワイトペーパーバナー（ハンドメイド・手書き）","上級"
"BNR-01653","レストラン・居酒屋のイベント・セミナー告知SNS画像（ダーク・シネマティック）","中級"
"BNR-01654","パーソナルジム・フィットネスのハウツー・ノウハウ投稿サムネイル（ダーク・シネマティック）","プロ（演出多め）"
"BNR-01655","美容室・ヘアサロンのお知らせ・営業案内バナー（ミニマル・洗練）","プロ（演出多め）"
"BNR-01656","占い・スピリチュアルの資料請求・ホワイトペーパーバナー（ダーク・シネマティック）","上級"
"BNR-01657","不動産・マンションの比較・ランキングバナー（ダーク・シネマティック）","中級"
"BNR-01658","士業（税理士・弁護士・行政書士）のキャンペーン・プレゼントSNS画像（和モダン）","プロ（演出多め）"
"BNR-01659","コスメ・スキンケアのハウツー・ノウハウ投稿バナー（ラグジュアリー・高級感）","プロ（演出多め）"
"BNR-01660","観光・地域プロモーションの診断・クイズSNS画像（ナチュラル・オーガニック）","プロ（演出多め）"
"BNR-01661","美容室・ヘアサロンの新商品・新サービス発売バナー（3D・クレイ）","プロ（演出多め）"
"BNR-01662","不動産・マンションの診断・クイズバナー（信頼・誠実（コーポレート））","プロ（演出多め）"
"BNR-01663","パーソナルジム・フィットネスのブランディング・認知SNS画像（ダーク・シネマティック）","中級"
"BNR-01664","和菓子・スイーツの比較・ランキングバナー（和モダン）","プロ（演出多め）"
"BNR-01665","プログラミングスクールのハウツー・ノウハウ投稿SNS画像（クール・テック）","プロ（演出多め）"
"BNR-01666","音楽・ライブ・イベントのお客様の声・口コミSNS画像（ダーク・シネマティック）","プロ（演出多め）"
"BNR-01667","士業（税理士・弁護士・行政書士）の新商品・新サービス発売SNS画像（ミニマル・洗練）","上級"
"BNR-01668","士業（税理士・弁護士・行政書士）のビフォーアフター・実績バナー（ミニマル・洗練）","プロ（演出多め）"
"BNR-01669","建築設計事務所の新商品・新サービス発売SNS画像（ミニマル・洗練）","プロ（演出多め）"
"BNR-01670","SaaS・BtoBツールのハウツー・ノウハウ投稿SNS画像（ナチュラル・オーガニック）","上級"
"BNR-01671","スクール・オンライン講座の新商品・新サービス発売バナー（クール・テック）","プロ（演出多め）"
"BNR-01672","ウェディング・結婚相談所のお知らせ・営業案内バナー（かわいい・ガーリー）","上級"
"BNR-01673","占い・スピリチュアルのキャンペーン・プレゼントバナー（ラグジュアリー・高級感）","プロ（演出多め）"
"BNR-01674","スクール・オンライン講座の無料体験・無料相談SNS画像（3D・クレイ）","中級"
"BNR-01675","士業（税理士・弁護士・行政書士）のセール・割引告知バナー（和モダン）","プロ（演出多め）"
"BNR-01676","カフェ・ベーカリーの資料請求・ホワイトペーパーSNS画像（ハンドメイド・手書き）","中級"
"BNR-01677","ゲーム・eスポーツの無料体験・無料相談SNS画像（エネルギッシュ・スポーティ）","上級"
"BNR-01678","コスメ・スキンケアのお客様の声・口コミバナー（ラグジュアリー・高級感）","上級"
"BNR-01679","NPO・地方自治体のセール・割引告知バナー（ハンドメイド・手書き）","上級"
"BNR-01680","アパレル・ファッションECのお知らせ・営業案内バナー（レトロ・Y2K）","プロ（演出多め）"
"BNR-01681","ゲーム・eスポーツの無料体験・無料相談バナー（ネオン・サイバー）","上級"
"BNR-01682","SaaS・BtoBツールの診断・クイズSNS画像（クール・テック）","プロ（演出多め）"
"BNR-01683","不動産・マンションのキャンペーン・プレゼントSNS画像（ミニマル・洗練）","プロ（演出多め）"
"BNR-01684","音楽・ライブ・イベントのセール・割引告知SNS画像（レトロ・Y2K）","上級"
"BNR-01685","美容クリニックのハウツー・ノウハウ投稿バナー（ラグジュアリー・高級感）","上級"
"BNR-01686","SaaS・BtoBツールの資料請求・ホワイトペーパーSNS画像（3D・クレイ）","プロ（演出多め）"
"BNR-01687","コンサル・コーチングのハウツー・ノウハウ投稿SNS画像（ラグジュアリー・高級感）","プロ（演出多め）"
"BNR-01688","内科・クリニックのセール・割引告知SNS画像（ナチュラル・オーガニック）","プロ（演出多め）"
"BNR-01689","YouTuber・インフルエンサーのイベント・セミナー告知バナー（かわいい・ガーリー）","プロ（演出多め）"
"BNR-01690","金融・保険・投資のお客様の声・口コミSNS画像（ミニマル・洗練）","中級"
"BNR-01691","建築設計事務所の比較・ランキングバナー（ジオメトリック・グラフィカル）","上級"
"BNR-01692","NPO・地方自治体のビフォーアフター・実績SNS画像（ダーク・シネマティック）","中級"
"BNR-01693","ヨガ・ピラティスの資料請求・ホワイトペーパーSNS画像（ナチュラル・オーガニック）","中級"
"BNR-01694","クラウドファンディング・新商品の資料請求・ホワイトペーパーSNS画像（ジオメトリック・グラフィカル）","上級"
"BNR-01695","パーソナルジム・フィットネスのお客様の声・口コミSNS画像（エネルギッシュ・スポーティ）","プロ（演出多め）"
"BNR-01696","英会話・語学のキャンペーン・プレゼントSNS画像（エディトリアル・雑誌風）","プロ（演出多め）"
"BNR-01697","歯科医院のお客様の声・口コミSNS画像（和モダン）","上級"
"BNR-01698","歯科医院の比較・ランキングSNS画像（ミニマル・洗練）","プロ（演出多め）"
"BNR-01699","ホテル・旅館の診断・クイズバナー（和モダン）","中級"
"BNR-01700","士業（税理士・弁護士・行政書士）の採用・求人バナー（和モダン）","プロ（演出多め）"
"BNR-01701","農業・地方の生産者のお客様の声・口コミバナー（和モダン）","上級"
"BNR-01702","自動車・バイクのブランディング・認知SNS画像（ダーク・シネマティック）","上級"
"BNR-01703","士業（税理士・弁護士・行政書士）のキャンペーン・プレゼントSNS画像（ミニマル・洗練）","プロ（演出多め）"
"BNR-01704","美容室・ヘアサロンのセール・割引告知バナー（ミニマル・洗練）","プロ（演出多め）"
"BNR-01705","自動車・バイクのお客様の声・口コミSNS画像（ラグジュアリー・高級感）","プロ（演出多め）"
"BNR-01706","金融・保険・投資のお知らせ・営業案内SNS画像（クール・テック）","プロ（演出多め）"
"BNR-01707","音楽・ライブ・イベントのイベント・セミナー告知バナー（レトロ・Y2K）","プロ（演出多め）"
"BNR-01708","コスメ・スキンケアのセール・割引告知SNS画像（ナチュラル・オーガニック）","プロ（演出多め）"
"BNR-01709","エステ・脱毛サロンのイベント・セミナー告知バナー（パステル・ドリーミー）","上級"
"BNR-01710","Web制作・デザイン事務所のビフォーアフター・実績バナー（クール・テック）","プロ（演出多め）"
"BNR-01711","スクール・オンライン講座の比較・ランキングSNS画像（信頼・誠実（コーポレート））","プロ（演出多め）"
"BNR-01712","レストラン・居酒屋のお客様の声・口コミSNS画像（ダーク・シネマティック）","プロ（演出多め）"
"BNR-01713","レストラン・居酒屋の資料請求・ホワイトペーパーSNS画像（グラスモーフィズム）","上級"
"BNR-01714","コンサル・コーチングの新商品・新サービス発売SNS画像（エディトリアル・雑誌風）","中級"
"BNR-01715","NPO・地方自治体の比較・ランキングSNS画像（ジオメトリック・グラフィカル）","プロ（演出多め）"
"BNR-01716","占い・スピリチュアルの採用・求人バナー（パステル・ドリーミー）","プロ（演出多め）"
"BNR-01717","パーソナルジム・フィットネスのハウツー・ノウハウ投稿バナー（クール・テック）","プロ（演出多め）"
"BNR-01718","NPO・地方自治体の無料体験・無料相談SNS画像（ハンドメイド・手書き）","中級"
"BNR-01719","スクール・オンライン講座の無料体験・無料相談バナー（3D・クレイ）","上級"
"BNR-01720","引越し・生活サービスのお客様の声・口コミSNS画像（3D・クレイ）","プロ（演出多め）"
"BNR-01721","コンサル・コーチングのキャンペーン・プレゼントSNS画像（ハンドメイド・手書き）","上級"
"BNR-01722","内科・クリニックの資料請求・ホワイトペーパーバナー（ナチュラル・オーガニック）","上級"
"BNR-01723","占い・スピリチュアルのイベント・セミナー告知SNS画像（パステル・ドリーミー）","プロ（演出多め）"
"BNR-01724","和菓子・スイーツの診断・クイズSNS画像（かわいい・ガーリー）","プロ（演出多め）"
"BNR-01725","和菓子・スイーツの無料体験・無料相談バナー（レトロ・Y2K）","上級"
"BNR-01726","スクール・オンライン講座のキャンペーン・プレゼントSNS画像（信頼・誠実（コーポレート））","上級"
"BNR-01727","スクール・オンライン講座のビフォーアフター・実績SNS画像（クール・テック）","中級"
"BNR-01728","歯科医院の無料体験・無料相談バナー（3D・クレイ）","プロ（演出多め）"
"BNR-01729","建築設計事務所のお知らせ・営業案内SNS画像（エディトリアル・雑誌風）","プロ（演出多め）"
"BNR-01730","美容室・ヘアサロンのハウツー・ノウハウ投稿SNS画像（ミニマル・洗練）","上級"
"BNR-01731","ホテル・旅館のハウツー・ノウハウ投稿サムネイル（かわいい・ガーリー）","上級"
"BNR-01732","不動産・マンションの診断・クイズサムネイル（ダーク・シネマティック）","上級"
"BNR-01733","スマホアプリのお客様の声・口コミバナー（ポップ・カラフル）","プロ（演出多め）"
"BNR-01734","音楽・ライブ・イベントのお客様の声・口コミバナー（レトロ・Y2K）","中級"
"BNR-01735","美容クリニックのお知らせ・営業案内SNS画像（ラグジュアリー・高級感）","プロ（演出多め）"
"BNR-01736","金融・保険・投資のキャンペーン・プレゼントバナー（信頼・誠実（コーポレート））","プロ（演出多め）"
"BNR-01737","クラウドファンディング・新商品の診断・クイズSNS画像（ダーク・シネマティック）","中級"
"BNR-01738","パーソナルジム・フィットネスの新商品・新サービス発売サムネイル（エネルギッシュ・スポーティ）","プロ（演出多め）"
"BNR-01739","スクール・オンライン講座の比較・ランキングSNS画像（クール・テック）","プロ（演出多め）"
"BNR-01740","プログラミングスクールのビフォーアフター・実績SNS画像（ラグジュアリー・高級感）","上級"
"BNR-01741","Web制作・デザイン事務所の無料体験・無料相談SNS画像（ハンドメイド・手書き）","プロ（演出多め）"
"BNR-01742","自動車・バイクの資料請求・ホワイトペーパーバナー（エネルギッシュ・スポーティ）","中級"
"BNR-01743","アパレル・ファッションECのハウツー・ノウハウ投稿バナー（グラスモーフィズム）","プロ（演出多め）"
"BNR-01744","美容クリニックのセール・割引告知SNS画像（信頼・誠実（コーポレート））","上級"
"BNR-01745","スクール・オンライン講座のイベント・セミナー告知バナー（3D・クレイ）","上級"
"BNR-01746","建築設計事務所の診断・クイズバナー（ミニマル・洗練）","上級"
"BNR-01747","ペット・トリミング・動物病院の比較・ランキングSNS画像（かわいい・ガーリー）","上級"
"BNR-01748","AIサービス・スタートアップのイベント・セミナー告知SNS画像（ミニマル・洗練）","プロ（演出多め）"
"BNR-01749","士業（税理士・弁護士・行政書士）のキャンペーン・プレゼントSNS画像（ミニマル・洗練）","プロ（演出多め）"
"BNR-01750","ゲーム・eスポーツのキャンペーン・プレゼントSNS画像（エネルギッシュ・スポーティ）","上級"
"BNR-01751","引越し・生活サービスの採用・求人SNS画像（エディトリアル・雑誌風）","上級"
"BNR-01752","スマホアプリのイベント・セミナー告知SNS画像（クール・テック）","プロ（演出多め）"
"BNR-01753","採用・求人の診断・クイズSNS画像（ポップ・カラフル）","上級"
"BNR-01754","美容クリニックのYouTube動画の興味喚起サムネイル（ラグジュアリー・高級感）","中級"
"BNR-01755","スマホアプリの採用・求人SNS画像（3D・クレイ）","プロ（演出多め）"
"BNR-01756","和菓子・スイーツのお客様の声・口コミSNS画像（ナチュラル・オーガニック）","プロ（演出多め）"
"BNR-01757","金融・保険・投資のビフォーアフター・実績バナー（クール・テック）","プロ（演出多め）"
"BNR-01758","サウナ・温浴施設のハウツー・ノウハウ投稿SNS画像（かわいい・ガーリー）","中級"
"BNR-01759","ホテル・旅館のセール・割引告知SNS画像（ラグジュアリー・高級感）","プロ（演出多め）"
"BNR-01760","音楽・ライブ・イベントのセール・割引告知SNS画像（ネオン・サイバー）","上級"
"BNR-01761","YouTuber・インフルエンサーの採用・求人SNS画像（ネオン・サイバー）","プロ（演出多め）"
"BNR-01762","士業（税理士・弁護士・行政書士）のお知らせ・営業案内SNS画像（信頼・誠実（コーポレート））","プロ（演出多め）"
"BNR-01763","スクール・オンライン講座の採用・求人SNS画像（クール・テック）","プロ（演出多め）"
"BNR-01764","不動産・マンションのお客様の声・口コミSNS画像（ミニマル・洗練）","上級"
"BNR-01765","建築設計事務所のキャンペーン・プレゼントバナー（ミニマル・洗練）","プロ（演出多め）"
"BNR-01766","スクール・オンライン講座のブランディング・認知SNS画像（クール・テック）","上級"
"BNR-01767","工務店・注文住宅・リフォームのキャンペーン・プレゼントバナー（信頼・誠実（コーポレート））","上級"
"BNR-01768","観光・地域プロモーションのお知らせ・営業案内バナー（エディトリアル・雑誌風）","中級"
"BNR-01769","美容クリニックのハウツー・ノウハウ投稿バナー（ミニマル・洗練）","上級"
"BNR-01770","コスメ・スキンケアのビフォーアフター・実績SNS画像（ミニマル・洗練）","上級"
"BNR-01771","プログラミングスクールの比較・ランキングSNS画像（ネオン・サイバー）","プロ（演出多め）"
"BNR-01772","YouTuber・インフルエンサーの資料請求・ホワイトペーパーSNS画像（ポップ・カラフル）","プロ（演出多め）"
"BNR-01773","占い・スピリチュアルの比較・ランキングバナー（北欧・ライフスタイル）","中級"
"BNR-01774","観光・地域プロモーションの資料請求・ホワイトペーパーSNS画像（ダーク・シネマティック）","上級"
"BNR-01775","美容クリニックのキャンペーン・プレゼントSNS画像（ミニマル・洗練）","プロ（演出多め）"
"BNR-01776","英会話・語学のハウツー・ノウハウ投稿SNS画像（ポップ・カラフル）","上級"
"BNR-01777","AIサービス・スタートアップのセール・割引告知バナー（グラスモーフィズム）","プロ（演出多め）"
"BNR-01778","ペット・トリミング・動物病院の資料請求・ホワイトペーパーSNS画像（ナチュラル・オーガニック）","中級"
"BNR-01779","採用・求人のお客様の声・口コミSNS画像（エネルギッシュ・スポーティ）","中級"
"BNR-01780","パーソナルジム・フィットネスの新商品・新サービス発売バナー（ダーク・シネマティック）","プロ（演出多め）"
"BNR-01781","農業・地方の生産者のセール・割引告知SNS画像（ナチュラル・オーガニック）","上級"
"BNR-01782","ヨガ・ピラティスの新商品・新サービス発売SNS画像（パステル・ドリーミー）","上級"
"BNR-01783","パーソナルジム・フィットネスの無料体験・無料相談SNS画像（ダーク・シネマティック）","上級"
"BNR-01784","音楽・ライブ・イベントのキャンペーン・プレゼントSNS画像（エディトリアル・雑誌風）","プロ（演出多め）"
"BNR-01785","占い・スピリチュアルのイベント・セミナー告知バナー（和モダン）","上級"
"BNR-01786","スマホアプリの比較・ランキングSNS画像（ポップ・カラフル）","中級"
"BNR-01787","NPO・地方自治体のブランディング・認知SNS画像（ハンドメイド・手書き）","プロ（演出多め）"
"BNR-01788","内科・クリニックの無料体験・無料相談SNS画像（信頼・誠実（コーポレート））","上級"
"BNR-01789","SaaS・BtoBツールのブランディング・認知SNS画像（エネルギッシュ・スポーティ）","プロ（演出多め）"
"BNR-01790","SaaS・BtoBツールのイベント・セミナー告知SNS画像（グラスモーフィズム）","プロ（演出多め）"
"BNR-01791","NPO・地方自治体の比較・ランキングバナー（信頼・誠実（コーポレート））","プロ（演出多め）"
"BNR-01792","美容クリニックのお客様の声・口コミバナー（ミニマル・洗練）","上級"
"BNR-01793","Web制作・デザイン事務所の新商品・新サービス発売SNS画像（ダーク・シネマティック）","プロ（演出多め）"
"BNR-01794","引越し・生活サービスのハウツー・ノウハウ投稿SNS画像（信頼・誠実（コーポレート））","上級"
"BNR-01795","NPO・地方自治体のセール・割引告知SNS画像（ジオメトリック・グラフィカル）","プロ（演出多め）"
"BNR-01796","食品・産直ECの比較・ランキングバナー（和モダン）","中級"
"BNR-01797","英会話・語学の採用・求人バナー（信頼・誠実（コーポレート））","上級"
"BNR-01798","プログラミングスクールのセール・割引告知バナー（ポップ・カラフル）","中級"
"BNR-01799","占い・スピリチュアルのハウツー・ノウハウ投稿SNS画像（パステル・ドリーミー）","プロ（演出多め）"
"BNR-01800","食品・産直ECのお知らせ・営業案内バナー（和モダン）","上級"
"BNR-01801","不動産・マンションの比較・ランキングバナー（ラグジュアリー・高級感）","上級"
"BNR-01802","音楽・ライブ・イベントの比較・ランキングバナー（エネルギッシュ・スポーティ）","上級"
"BNR-01803","食品・産直ECの新商品・新サービス発売バナー（ポップ・カラフル）","プロ（演出多め）"
"BNR-01804","引越し・生活サービスの資料請求・ホワイトペーパーバナー（信頼・誠実（コーポレート））","上級"
"BNR-01805","不動産・マンションのお客様の声・口コミSNS画像（ダーク・シネマティック）","中級"
"BNR-01806","ゲーム・eスポーツの比較・ランキングSNS画像（レトロ・Y2K）","上級"
"BNR-01807","和菓子・スイーツのお客様の声・口コミバナー（ナチュラル・オーガニック）","上級"
"BNR-01808","SaaS・BtoBツールの資料請求・ホワイトペーパーSNS画像（信頼・誠実（コーポレート））","上級"
"BNR-01809","サウナ・温浴施設のお客様の声・口コミSNS画像（和モダン）","中級"
"BNR-01810","和菓子・スイーツの診断・クイズSNS画像（かわいい・ガーリー）","上級"
"BNR-01811","占い・スピリチュアルのビフォーアフター・実績SNS画像（パステル・ドリーミー）","上級"
"BNR-01812","農業・地方の生産者のビフォーアフター・実績SNS画像（ハンドメイド・手書き）","中級"
"BNR-01813","美容室・ヘアサロンのお客様の声・口コミサムネイル（ラグジュアリー・高級感）","上級"
"BNR-01814","ゲーム・eスポーツの採用・求人バナー（エネルギッシュ・スポーティ）","上級"
"BNR-01815","ペット・トリミング・動物病院のハウツー・ノウハウ投稿バナー（3D・クレイ）","プロ（演出多め）"
"BNR-01816","自動車・バイクのキャンペーン・プレゼントSNS画像（エネルギッシュ・スポーティ）","プロ（演出多め）"
"BNR-01817","ペット・トリミング・動物病院の無料体験・無料相談SNS画像（ハンドメイド・手書き）","プロ（演出多め）"
"BNR-01818","ヨガ・ピラティスの新商品・新サービス発売SNS画像（ミニマル・洗練）","プロ（演出多め）"
"BNR-01819","コンサル・コーチングのYouTube動画の興味喚起サムネイル（かわいい・ガーリー）","中級"
"BNR-01820","英会話・語学の診断・クイズSNS画像（3D・クレイ）","中級"
"BNR-01821","AIサービス・スタートアップのお客様の声・口コミバナー（グラスモーフィズム）","プロ（演出多め）"
"BNR-01822","音楽・ライブ・イベントの新商品・新サービス発売サムネイル（レトロ・Y2K）","プロ（演出多め）"
"BNR-01823","パーソナルジム・フィットネスのハウツー・ノウハウ投稿サムネイル（ダーク・シネマティック）","上級"
"BNR-01824","ホテル・旅館のYouTube動画の興味喚起サムネイル（ダーク・シネマティック）","上級"
"BNR-01825","和菓子・スイーツの採用・求人バナー（3D・クレイ）","上級"
"BNR-01826","ウェディング・結婚相談所の無料体験・無料相談バナー（信頼・誠実（コーポレート））","中級"
"BNR-01827","自動車・バイクの採用・求人SNS画像（ダーク・シネマティック）","中級"
"BNR-01828","Web制作・デザイン事務所のイベント・セミナー告知バナー（ニューブルータリズム）","プロ（演出多め）"
"BNR-01829","スクール・オンライン講座のハウツー・ノウハウ投稿SNS画像（信頼・誠実（コーポレート））","プロ（演出多め）"
"BNR-01830","スマホアプリの資料請求・ホワイトペーパーバナー（エネルギッシュ・スポーティ）","プロ（演出多め）"
"BNR-01831","建築設計事務所のイベント・セミナー告知SNS画像（エディトリアル・雑誌風）","プロ（演出多め）"
"BNR-01832","カフェ・ベーカリーのハウツー・ノウハウ投稿SNS画像（かわいい・ガーリー）","プロ（演出多め）"
"BNR-01833","コンサル・コーチングのセール・割引告知バナー（信頼・誠実（コーポレート））","プロ（演出多め）"
"BNR-01834","NPO・地方自治体のブランディング・認知バナー（信頼・誠実（コーポレート））","中級"
"BNR-01835","レストラン・居酒屋のブランディング・認知SNS画像（レトロ・Y2K）","プロ（演出多め）"
"BNR-01836","食品・産直ECの比較・ランキングサムネイル（ポップ・カラフル）","プロ（演出多め）"
"BNR-01837","レストラン・居酒屋のビフォーアフター・実績バナー（ラグジュアリー・高級感）","プロ（演出多め）"
"BNR-01838","ゲーム・eスポーツのキャンペーン・プレゼントSNS画像（レトロ・Y2K）","プロ（演出多め）"
"BNR-01839","ホテル・旅館のイベント・セミナー告知バナー（ダーク・シネマティック）","上級"
"BNR-01840","引越し・生活サービスのビフォーアフター・実績バナー（ラグジュアリー・高級感）","中級"
"BNR-01841","建築設計事務所のビフォーアフター・実績バナー（ジオメトリック・グラフィカル）","上級"
"BNR-01842","自動車・バイクのハウツー・ノウハウ投稿SNS画像（エネルギッシュ・スポーティ）","上級"
"BNR-01843","建築設計事務所のイベント・セミナー告知SNS画像（エディトリアル・雑誌風）","プロ（演出多め）"
"BNR-01844","不動産・マンションのビフォーアフター・実績バナー（ラグジュアリー・高級感）","中級"
"BNR-01845","不動産・マンションのハウツー・ノウハウ投稿バナー（信頼・誠実（コーポレート））","プロ（演出多め）"
"BNR-01846","サウナ・温浴施設のキャンペーン・プレゼントSNS画像（ナチュラル・オーガニック）","プロ（演出多め）"
"BNR-01847","和菓子・スイーツのビフォーアフター・実績SNS画像（ジオメトリック・グラフィカル）","上級"
"BNR-01848","ホテル・旅館の診断・クイズSNS画像（ハンドメイド・手書き）","上級"
"BNR-01849","Web制作・デザイン事務所の無料体験・無料相談バナー（パステル・ドリーミー）","プロ（演出多め）"
"BNR-01850","美容クリニックのビフォーアフター・実績SNS画像（ラグジュアリー・高級感）","プロ（演出多め）"
"BNR-01851","音楽・ライブ・イベントのイベント・セミナー告知SNS画像（エネルギッシュ・スポーティ）","上級"
"BNR-01852","アパレル・ファッションECのお知らせ・営業案内バナー（レトロ・Y2K）","プロ（演出多め）"
"BNR-01853","スマホアプリのブランディング・認知SNS画像（ジオメトリック・グラフィカル）","上級"
"BNR-01854","プログラミングスクールの資料請求・ホワイトペーパーバナー（ネオン・サイバー）","プロ（演出多め）"
"BNR-01855","採用・求人の診断・クイズSNS画像（ポップ・カラフル）","上級"
"BNR-01856","アパレル・ファッションECの資料請求・ホワイトペーパーバナー（ミニマル・洗練）","プロ（演出多め）"
"BNR-01857","YouTuber・インフルエンサーのブランディング・認知バナー（ダーク・シネマティック）","プロ（演出多め）"
"BNR-01858","ヨガ・ピラティスのセール・割引告知バナー（ナチュラル・オーガニック）","中級"
"BNR-01859","金融・保険・投資のブランディング・認知SNS画像（信頼・誠実（コーポレート））","プロ（演出多め）"
"BNR-01860","アパレル・ファッションECの新商品・新サービス発売SNS画像（ミニマル・洗練）","プロ（演出多め）"
"BNR-01861","農業・地方の生産者の資料請求・ホワイトペーパーバナー（ナチュラル・オーガニック）","プロ（演出多め）"
"BNR-01862","農業・地方の生産者のお客様の声・口コミSNS画像（パステル・ドリーミー）","プロ（演出多め）"
"BNR-01863","採用・求人の採用・求人SNS画像（エネルギッシュ・スポーティ）","プロ（演出多め）"
"BNR-01864","ウェディング・結婚相談所のセール・割引告知SNS画像（エディトリアル・雑誌風）","上級"
"BNR-01865","自動車・バイクのハウツー・ノウハウ投稿SNS画像（クール・テック）","プロ（演出多め）"
"BNR-01866","コスメ・スキンケアのブランディング・認知SNS画像（ミニマル・洗練）","上級"
"BNR-01867","工務店・注文住宅・リフォームの診断・クイズSNS画像（ミニマル・洗練）","上級"
"BNR-01868","AIサービス・スタートアップのブランディング・認知SNS画像（ネオン・サイバー）","プロ（演出多め）"
"BNR-01869","スクール・オンライン講座のお客様の声・口コミSNS画像（ポップ・カラフル）","上級"
"BNR-01870","和菓子・スイーツのお客様の声・口コミバナー（かわいい・ガーリー）","プロ（演出多め）"
"BNR-01871","ヨガ・ピラティスの比較・ランキングSNS画像（パステル・ドリーミー）","上級"
"BNR-01872","スクール・オンライン講座のお客様の声・口コミSNS画像（クール・テック）","プロ（演出多め）"
"BNR-01873","NPO・地方自治体のイベント・セミナー告知バナー（ラグジュアリー・高級感）","上級"
"BNR-01874","コスメ・スキンケアのお知らせ・営業案内SNS画像（ナチュラル・オーガニック）","上級"
"BNR-01875","SaaS・BtoBツールのお客様の声・口コミサムネイル（クール・テック）","上級"
"BNR-01876","エステ・脱毛サロンの無料体験・無料相談SNS画像（和モダン）","上級"
"BNR-01877","食品・産直ECの無料体験・無料相談バナー（和モダン）","上級"
"BNR-01878","美容室・ヘアサロンの比較・ランキングサムネイル（ミニマル・洗練）","上級"
"BNR-01879","観光・地域プロモーションのお知らせ・営業案内SNS画像（和モダン）","プロ（演出多め）"
"BNR-01880","内科・クリニックの比較・ランキングSNS画像（北欧・ライフスタイル）","中級"
"BNR-01881","サウナ・温浴施設のブランディング・認知SNS画像（ニューブルータリズム）","中級"
"BNR-01882","ウェディング・結婚相談所の新商品・新サービス発売SNS画像（レトロ・Y2K）","プロ（演出多め）"
"BNR-01883","和菓子・スイーツのお知らせ・営業案内SNS画像（かわいい・ガーリー）","プロ（演出多め）"
"BNR-01884","占い・スピリチュアルの新商品・新サービス発売SNS画像（クール・テック）","プロ（演出多め）"
"BNR-01885","士業（税理士・弁護士・行政書士）の比較・ランキングSNS画像（和モダン）","上級"
"BNR-01886","YouTuber・インフルエンサーの診断・クイズバナー（ラグジュアリー・高級感）","プロ（演出多め）"
"BNR-01887","引越し・生活サービスの無料体験・無料相談SNS画像（信頼・誠実（コーポレート））","上級"
"BNR-01888","パーソナルジム・フィットネスのハウツー・ノウハウ投稿SNS画像（エネルギッシュ・スポーティ）","プロ（演出多め）"
"BNR-01889","和菓子・スイーツのキャンペーン・プレゼントバナー（パステル・ドリーミー）","上級"
"BNR-01890","歯科医院のイベント・セミナー告知SNS画像（和モダン）","プロ（演出多め）"
"BNR-01891","美容クリニックのハウツー・ノウハウ投稿SNS画像（ナチュラル・オーガニック）","プロ（演出多め）"
"BNR-01892","工務店・注文住宅・リフォームのセール・割引告知SNS画像（北欧・ライフスタイル）","上級"
"BNR-01893","コスメ・スキンケアのお知らせ・営業案内バナー（ミニマル・洗練）","プロ（演出多め）"
"BNR-01894","農業・地方の生産者のセール・割引告知SNS画像（ハンドメイド・手書き）","プロ（演出多め）"
"BNR-01895","スマホアプリの新商品・新サービス発売バナー（ダーク・シネマティック）","プロ（演出多め）"
"BNR-01896","SaaS・BtoBツールの新商品・新サービス発売SNS画像（和モダン）","中級"
"BNR-01897","自動車・バイクの比較・ランキングSNS画像（クール・テック）","プロ（演出多め）"
"BNR-01898","採用・求人のお客様の声・口コミバナー（エディトリアル・雑誌風）","プロ（演出多め）"
"BNR-01899","自動車・バイクのお知らせ・営業案内SNS画像（ポップ・カラフル）","上級"
"BNR-01900","エステ・脱毛サロンの資料請求・ホワイトペーパーバナー（ラグジュアリー・高級感）","上級"
"BNR-01901","ホテル・旅館の診断・クイズSNS画像（和モダン）","プロ（演出多め）"
"BNR-01902","不動産・マンションの採用・求人SNS画像（かわいい・ガーリー）","プロ（演出多め）"
"BNR-01903","保育園・幼児教育・習い事の採用・求人SNS画像（ナチュラル・オーガニック）","プロ（演出多め）"
"BNR-01904","引越し・生活サービスのお客様の声・口コミSNS画像（ポップ・カラフル）","プロ（演出多め）"
"BNR-01905","音楽・ライブ・イベントのハウツー・ノウハウ投稿SNS画像（ニューブルータリズム）","上級"
"BNR-01906","パーソナルジム・フィットネスのキャンペーン・プレゼントバナー（ダーク・シネマティック）","上級"
"BNR-01907","美容クリニックのキャンペーン・プレゼントバナー（ナチュラル・オーガニック）","プロ（演出多め）"
"BNR-01908","美容クリニックの比較・ランキングバナー（ラグジュアリー・高級感）","上級"
"BNR-01909","スクール・オンライン講座の採用・求人バナー（ポップ・カラフル）","中級"
"BNR-01910","Web制作・デザイン事務所の無料体験・無料相談SNS画像（ダーク・シネマティック）","プロ（演出多め）"
"BNR-01911","工務店・注文住宅・リフォームのお客様の声・口コミバナー（信頼・誠実（コーポレート））","プロ（演出多め）"
"BNR-01912","不動産・マンションの無料体験・無料相談SNS画像（ラグジュアリー・高級感）","中級"
"BNR-01913","コンサル・コーチングのセール・割引告知SNS画像（ミニマル・洗練）","中級"
"BNR-01914","クラウドファンディング・新商品の新商品・新サービス発売バナー（ダーク・シネマティック）","上級"
"BNR-01915","自動車・バイクの診断・クイズSNS画像（ダーク・シネマティック）","中級"
"BNR-01916","Web制作・デザイン事務所のビフォーアフター・実績SNS画像（ニューブルータリズム）","上級"
"BNR-01917","美容室・ヘアサロンのビフォーアフター・実績SNS画像（エディトリアル・雑誌風）","上級"
"BNR-01918","内科・クリニックの資料請求・ホワイトペーパーバナー（信頼・誠実（コーポレート））","上級"
"BNR-01919","建築設計事務所の診断・クイズバナー（ジオメトリック・グラフィカル）","プロ（演出多め）"
"BNR-01920","占い・スピリチュアルのキャンペーン・プレゼントバナー（ダーク・シネマティック）","上級"
"BNR-01921","サウナ・温浴施設の採用・求人SNS画像（和モダン）","中級"
"BNR-01922","工務店・注文住宅・リフォームの診断・クイズバナー（北欧・ライフスタイル）","プロ（演出多め）"
"BNR-01923","保育園・幼児教育・習い事の資料請求・ホワイトペーパーSNS画像（ハンドメイド・手書き）","中級"
"BNR-01924","和菓子・スイーツの採用・求人SNS画像（クール・テック）","プロ（演出多め）"
"BNR-01925","コンサル・コーチングの診断・クイズバナー（ミニマル・洗練）","プロ（演出多め）"
"BNR-01926","占い・スピリチュアルのビフォーアフター・実績SNS画像（パステル・ドリーミー）","上級"
"BNR-01927","保育園・幼児教育・習い事の無料体験・無料相談バナー（かわいい・ガーリー）","上級"
"BNR-01928","コスメ・スキンケアのブランディング・認知バナー（パステル・ドリーミー）","中級"
"BNR-01929","美容室・ヘアサロンのお客様の声・口コミバナー（ラグジュアリー・高級感）","上級"
"BNR-01930","建築設計事務所の診断・クイズSNS画像（エディトリアル・雑誌風）","プロ（演出多め）"
"BNR-01931","内科・クリニックのブランディング・認知バナー（北欧・ライフスタイル）","上級"
"BNR-01932","不動産・マンションのお知らせ・営業案内バナー（ラグジュアリー・高級感）","プロ（演出多め）"
"BNR-01933","占い・スピリチュアルのイベント・セミナー告知SNS画像（ラグジュアリー・高級感）","上級"
"BNR-01934","AIサービス・スタートアップの比較・ランキングSNS画像（クール・テック）","プロ（演出多め）"
"BNR-01935","保育園・幼児教育・習い事のセール・割引告知SNS画像（かわいい・ガーリー）","上級"
"BNR-01936","Web制作・デザイン事務所のセール・割引告知バナー（ラグジュアリー・高級感）","プロ（演出多め）"
"BNR-01937","観光・地域プロモーションのブランディング・認知バナー（ナチュラル・オーガニック）","プロ（演出多め）"
"BNR-01938","ペット・トリミング・動物病院のお知らせ・営業案内SNS画像（かわいい・ガーリー）","中級"
"BNR-01939","コスメ・スキンケアの採用・求人バナー（ナチュラル・オーガニック）","上級"
"BNR-01940","ヨガ・ピラティスのビフォーアフター・実績SNS画像（パステル・ドリーミー）","中級"
"BNR-01941","美容室・ヘアサロンの新商品・新サービス発売バナー（ラグジュアリー・高級感）","上級"
"BNR-01942","レストラン・居酒屋のキャンペーン・プレゼントバナー（和モダン）","プロ（演出多め）"
"BNR-01943","金融・保険・投資のお知らせ・営業案内バナー（ミニマル・洗練）","中級"
"BNR-01944","カフェ・ベーカリーの比較・ランキングサムネイル（ハンドメイド・手書き）","上級"
"BNR-01945","採用・求人のお知らせ・営業案内SNS画像（ジオメトリック・グラフィカル）","プロ（演出多め）"
"BNR-01946","カフェ・ベーカリーの比較・ランキングSNS画像（ポップ・カラフル）","プロ（演出多め）"
"BNR-01947","コスメ・スキンケアのキャンペーン・プレゼントバナー（エディトリアル・雑誌風）","中級"
"BNR-01948","美容室・ヘアサロンのハウツー・ノウハウ投稿バナー（北欧・ライフスタイル）","プロ（演出多め）"
"BNR-01949","コスメ・スキンケアの採用・求人SNS画像（ナチュラル・オーガニック）","中級"
"BNR-01950","不動産・マンションのお知らせ・営業案内SNS画像（信頼・誠実（コーポレート））","上級"
"BNR-01951","ペット・トリミング・動物病院のイベント・セミナー告知バナー（かわいい・ガーリー）","上級"
"BNR-01952","占い・スピリチュアルのキャンペーン・プレゼントバナー（パステル・ドリーミー）","上級"
"BNR-01953","採用・求人の新商品・新サービス発売SNS画像（エネルギッシュ・スポーティ）","上級"
"BNR-01954","ウェディング・結婚相談所のブランディング・認知SNS画像（かわいい・ガーリー）","プロ（演出多め）"
"BNR-01955","SaaS・BtoBツールの診断・クイズSNS画像（ミニマル・洗練）","プロ（演出多め）"
"BNR-01956","内科・クリニックの採用・求人SNS画像（北欧・ライフスタイル）","プロ（演出多め）"
"BNR-01957","工務店・注文住宅・リフォームの無料体験・無料相談バナー（信頼・誠実（コーポレート））","上級"
"BNR-01958","保育園・幼児教育・習い事の診断・クイズバナー（かわいい・ガーリー）","上級"
"BNR-01959","不動産・マンションのお知らせ・営業案内SNS画像（ダーク・シネマティック）","プロ（演出多め）"
"BNR-01960","引越し・生活サービスの資料請求・ホワイトペーパーSNS画像（ポップ・カラフル）","プロ（演出多め）"
"BNR-01961","不動産・マンションのハウツー・ノウハウ投稿SNS画像（ミニマル・洗練）","上級"
"BNR-01962","音楽・ライブ・イベントのブランディング・認知バナー（レトロ・Y2K）","プロ（演出多め）"
"BNR-01963","金融・保険・投資の採用・求人バナー（3D・クレイ）","プロ（演出多め）"
"BNR-01964","観光・地域プロモーションの資料請求・ホワイトペーパーSNS画像（和モダン）","プロ（演出多め）"
"BNR-01965","農業・地方の生産者の無料体験・無料相談SNS画像（和モダン）","上級"
"BNR-01966","工務店・注文住宅・リフォームのお知らせ・営業案内バナー（ナチュラル・オーガニック）","プロ（演出多め）"
"BNR-01967","観光・地域プロモーションの新商品・新サービス発売バナー（3D・クレイ）","上級"
"BNR-01968","不動産・マンションの新商品・新サービス発売SNS画像（ラグジュアリー・高級感）","上級"
"BNR-01969","SaaS・BtoBツールのブランディング・認知SNS画像（ミニマル・洗練）","プロ（演出多め）"
"BNR-01970","引越し・生活サービスのハウツー・ノウハウ投稿SNS画像（レトロ・Y2K）","プロ（演出多め）"
"BNR-01971","サウナ・温浴施設のお客様の声・口コミSNS画像（レトロ・Y2K）","プロ（演出多め）"
"BNR-01972","スマホアプリのセール・割引告知バナー（クール・テック）","プロ（演出多め）"
"BNR-01973","エステ・脱毛サロンのセール・割引告知バナー（3D・クレイ）","上級"
"BNR-01974","Web制作・デザイン事務所のハウツー・ノウハウ投稿SNS画像（ジオメトリック・グラフィカル）","プロ（演出多め）"
"BNR-01975","サウナ・温浴施設のお客様の声・口コミSNS画像（ナチュラル・オーガニック）","中級"
"BNR-01976","コンサル・コーチングのブランディング・認知バナー（信頼・誠実（コーポレート））","プロ（演出多め）"
"BNR-01977","コンサル・コーチングの診断・クイズバナー（ミニマル・洗練）","上級"
"BNR-01978","歯科医院のビフォーアフター・実績SNS画像（ダーク・シネマティック）","上級"
"BNR-01979","Web制作・デザイン事務所の採用・求人バナー（ニューブルータリズム）","中級"
"BNR-01980","ゲーム・eスポーツのビフォーアフター・実績SNS画像（レトロ・Y2K）","上級"
"BNR-01981","サウナ・温浴施設のハウツー・ノウハウ投稿バナー（レトロ・Y2K）","プロ（演出多め）"
"BNR-01982","パーソナルジム・フィットネスのイベント・セミナー告知バナー（エネルギッシュ・スポーティ）","上級"
"BNR-01983","Web制作・デザイン事務所のセール・割引告知SNS画像（ニューブルータリズム）","上級"
"BNR-01984","建築設計事務所の新商品・新サービス発売バナー（ミニマル・洗練）","上級"
"BNR-01985","美容クリニックの無料体験・無料相談SNS画像（ミニマル・洗練）","プロ（演出多め）"
"BNR-01986","YouTuber・インフルエンサーのお知らせ・営業案内バナー（ネオン・サイバー）","上級"
"BNR-01987","エステ・脱毛サロンのお客様の声・口コミSNS画像（クール・テック）","プロ（演出多め）"
"BNR-01988","AIサービス・スタートアップのセール・割引告知SNS画像（クール・テック）","プロ（演出多め）"
"BNR-01989","レストラン・居酒屋の採用・求人SNS画像（ラグジュアリー・高級感）","プロ（演出多め）"
"BNR-01990","占い・スピリチュアルの診断・クイズSNS画像（パステル・ドリーミー）","プロ（演出多め）"
"BNR-01991","農業・地方の生産者の新商品・新サービス発売バナー（和モダン）","プロ（演出多め）"
"BNR-01992","不動産・マンションのセール・割引告知SNS画像（ダーク・シネマティック）","上級"
"BNR-01993","NPO・地方自治体のハウツー・ノウハウ投稿バナー（クール・テック）","プロ（演出多め）"
"BNR-01994","自動車・バイクのイベント・セミナー告知バナー（ダーク・シネマティック）","プロ（演出多め）"
"BNR-01995","占い・スピリチュアルの比較・ランキングバナー（パステル・ドリーミー）","上級"
"BNR-01996","スクール・オンライン講座のお知らせ・営業案内バナー（クール・テック）","プロ（演出多め）"
"BNR-01997","コスメ・スキンケアのセール・割引告知バナー（ラグジュアリー・高級感）","上級"
"BNR-01998","NPO・地方自治体の新商品・新サービス発売バナー（ハンドメイド・手書き）","プロ（演出多め）"
"BNR-01999","YouTuber・インフルエンサーのお客様の声・口コミバナー（ニューブルータリズム）","上級"
"BNR-02000","英会話・語学のキャンペーン・プレゼントSNS画像（ジオメトリック・グラフィカル）","上級"
"BNR-02001","英会話・語学のハウツー・ノウハウ投稿バナー（信頼・誠実（コーポレート））","プロ（演出多め）"
"BNR-02002","ゲーム・eスポーツのハウツー・ノウハウ投稿サムネイル（ダーク・シネマティック）","上級"
"BNR-02003","プログラミングスクールの採用・求人バナー（ポップ・カラフル）","中級"
"BNR-02004","士業（税理士・弁護士・行政書士）の無料体験・無料相談SNS画像（ミニマル・洗練）","上級"
"BNR-02005","美容室・ヘアサロンのお知らせ・営業案内SNS画像（ミニマル・洗練）","プロ（演出多め）"
"BNR-02006","美容室・ヘアサロンのハウツー・ノウハウ投稿SNS画像（かわいい・ガーリー）","上級"
"BNR-02007","音楽・ライブ・イベントのハウツー・ノウハウ投稿SNS画像（ニューブルータリズム）","上級"
"BNR-02008","AIサービス・スタートアップのセール・割引告知バナー（クール・テック）","上級"
"BNR-02009","自動車・バイクのキャンペーン・プレゼントSNS画像（ラグジュアリー・高級感）","プロ（演出多め）"
"BNR-02010","採用・求人のハウツー・ノウハウ投稿SNS画像（エディトリアル・雑誌風）","プロ（演出多め）"
"BNR-02011","採用・求人のお知らせ・営業案内SNS画像（ジオメトリック・グラフィカル）","プロ（演出多め）"
"BNR-02012","カフェ・ベーカリーのお客様の声・口コミSNS画像（ハンドメイド・手書き）","上級"
"BNR-02013","保育園・幼児教育・習い事の診断・クイズバナー（ナチュラル・オーガニック）","上級"
"BNR-02014","エステ・脱毛サロンのお客様の声・口コミSNS画像（ラグジュアリー・高級感）","プロ（演出多め）"
"BNR-02015","士業（税理士・弁護士・行政書士）のイベント・セミナー告知バナー（ポップ・カラフル）","プロ（演出多め）"
"BNR-02016","農業・地方の生産者の無料体験・無料相談バナー（ハンドメイド・手書き）","上級"
"BNR-02017","自動車・バイクのセール・割引告知SNS画像（ラグジュアリー・高級感）","上級"
"BNR-02018","観光・地域プロモーションのキャンペーン・プレゼントSNS画像（ハンドメイド・手書き）","プロ（演出多め）"
"BNR-02019","英会話・語学の無料体験・無料相談SNS画像（3D・クレイ）","上級"
"BNR-02020","観光・地域プロモーションの資料請求・ホワイトペーパーバナー（和モダン）","上級"
"BNR-02021","AIサービス・スタートアップの新商品・新サービス発売バナー（クール・テック）","中級"
"BNR-02022","SaaS・BtoBツールの無料体験・無料相談バナー（ナチュラル・オーガニック）","上級"
"BNR-02023","アパレル・ファッションECのお客様の声・口コミSNS画像（レトロ・Y2K）","上級"
"BNR-02024","採用・求人の診断・クイズSNS画像（ジオメトリック・グラフィカル）","上級"
"BNR-02025","音楽・ライブ・イベントの診断・クイズSNS画像（レトロ・Y2K）","上級"
"BNR-02026","建築設計事務所のお知らせ・営業案内バナー（ラグジュアリー・高級感）","中級"
"BNR-02027","英会話・語学のブランディング・認知SNS画像（3D・クレイ）","上級"
"BNR-02028","パーソナルジム・フィットネスの無料体験・無料相談バナー（エネルギッシュ・スポーティ）","プロ（演出多め）"
"BNR-02029","士業（税理士・弁護士・行政書士）のビフォーアフター・実績バナー（北欧・ライフスタイル）","上級"
"BNR-02030","占い・スピリチュアルのキャンペーン・プレゼントSNS画像（レトロ・Y2K）","上級"
"BNR-02031","コンサル・コーチングのビフォーアフター・実績サムネイル（信頼・誠実（コーポレート））","上級"
"BNR-02032","レストラン・居酒屋の採用・求人SNS画像（レトロ・Y2K）","上級"
"BNR-02033","ヨガ・ピラティスの比較・ランキングSNS画像（ミニマル・洗練）","プロ（演出多め）"
"BNR-02034","レストラン・居酒屋のハウツー・ノウハウ投稿SNS画像（和モダン）","中級"
"BNR-02035","採用・求人のお知らせ・営業案内SNS画像（北欧・ライフスタイル）","プロ（演出多め）"
"BNR-02036","エステ・脱毛サロンのお知らせ・営業案内バナー（ニューブルータリズム）","上級"
"BNR-02037","コンサル・コーチングのイベント・セミナー告知SNS画像（ラグジュアリー・高級感）","プロ（演出多め）"
"BNR-02038","美容室・ヘアサロンのキャンペーン・プレゼントSNS画像（ミニマル・洗練）","上級"
"BNR-02039","引越し・生活サービスの新商品・新サービス発売SNS画像（信頼・誠実（コーポレート））","上級"
"BNR-02040","コスメ・スキンケアのブランディング・認知SNS画像（パステル・ドリーミー）","プロ（演出多め）"
"BNR-02041","占い・スピリチュアルのキャンペーン・プレゼントSNS画像（ダーク・シネマティック）","上級"
"BNR-02042","ヨガ・ピラティスの診断・クイズサムネイル（ハンドメイド・手書き）","プロ（演出多め）"
"BNR-02043","歯科医院のイベント・セミナー告知SNS画像（ミニマル・洗練）","上級"
"BNR-02044","コンサル・コーチングのブランディング・認知SNS画像（ミニマル・洗練）","上級"
"BNR-02045","英会話・語学の新商品・新サービス発売SNS画像（ジオメトリック・グラフィカル）","上級"
"BNR-02046","スクール・オンライン講座のキャンペーン・プレゼントSNS画像（信頼・誠実（コーポレート））","中級"
"BNR-02047","スマホアプリのお客様の声・口コミバナー（3D・クレイ）","プロ（演出多め）"
"BNR-02048","自動車・バイクのキャンペーン・プレゼントSNS画像（エネルギッシュ・スポーティ）","プロ（演出多め）"
"BNR-02049","食品・産直ECのハウツー・ノウハウ投稿SNS画像（ポップ・カラフル）","プロ（演出多め）"
"BNR-02050","NPO・地方自治体の新商品・新サービス発売SNS画像（ジオメトリック・グラフィカル）","プロ（演出多め）"
"BNR-02051","ヨガ・ピラティスのキャンペーン・プレゼントSNS画像（ナチュラル・オーガニック）","上級"
"BNR-02052","ペット・トリミング・動物病院のビフォーアフター・実績SNS画像（ラグジュアリー・高級感）","プロ（演出多め）"
"BNR-02053","ヨガ・ピラティスの採用・求人バナー（ミニマル・洗練）","中級"
"BNR-02054","保育園・幼児教育・習い事の診断・クイズSNS画像（ナチュラル・オーガニック）","プロ（演出多め）"
"BNR-02055","占い・スピリチュアルのお知らせ・営業案内バナー（ナチュラル・オーガニック）","中級"
"BNR-02056","農業・地方の生産者のイベント・セミナー告知バナー（北欧・ライフスタイル）","プロ（演出多め）"
"BNR-02057","ヨガ・ピラティスの比較・ランキングSNS画像（パステル・ドリーミー）","中級"
"BNR-02058","コスメ・スキンケアのお知らせ・営業案内SNS画像（ナチュラル・オーガニック）","上級"
"BNR-02059","Web制作・デザイン事務所のお客様の声・口コミSNS画像（ニューブルータリズム）","中級"
"BNR-02060","建築設計事務所のお客様の声・口コミSNS画像（ミニマル・洗練）","上級"
"BNR-02061","アパレル・ファッションECの資料請求・ホワイトペーパーSNS画像（エディトリアル・雑誌風）","プロ（演出多め）"
"BNR-02062","建築設計事務所のキャンペーン・プレゼントバナー（ミニマル・洗練）","上級"
"BNR-02063","音楽・ライブ・イベントのお客様の声・口コミSNS画像（北欧・ライフスタイル）","プロ（演出多め）"
"BNR-02064","スマホアプリのブランディング・認知バナー（クール・テック）","プロ（演出多め）"
"BNR-02065","工務店・注文住宅・リフォームの新商品・新サービス発売バナー（ナチュラル・オーガニック）","プロ（演出多め）"
"BNR-02066","ペット・トリミング・動物病院のビフォーアフター・実績バナー（ナチュラル・オーガニック）","プロ（演出多め）"
"BNR-02067","YouTuber・インフルエンサーの診断・クイズバナー（ニューブルータリズム）","中級"
"BNR-02068","保育園・幼児教育・習い事のキャンペーン・プレゼントバナー（かわいい・ガーリー）","プロ（演出多め）"
"BNR-02069","SaaS・BtoBツールのハウツー・ノウハウ投稿サムネイル（ミニマル・洗練）","プロ（演出多め）"
"BNR-02070","ウェディング・結婚相談所の資料請求・ホワイトペーパーバナー（ミニマル・洗練）","上級"
"BNR-02071","英会話・語学の無料体験・無料相談SNS画像（信頼・誠実（コーポレート））","上級"
"BNR-02072","スクール・オンライン講座のハウツー・ノウハウ投稿バナー（信頼・誠実（コーポレート））","中級"
"BNR-02073","ペット・トリミング・動物病院の新商品・新サービス発売SNS画像（3D・クレイ）","中級"
"BNR-02074","建築設計事務所のハウツー・ノウハウ投稿バナー（ミニマル・洗練）","上級"
"BNR-02075","エステ・脱毛サロンの資料請求・ホワイトペーパーバナー（かわいい・ガーリー）","中級"
"BNR-02076","クラウドファンディング・新商品のセール・割引告知バナー（クール・テック）","プロ（演出多め）"
"BNR-02077","引越し・生活サービスのイベント・セミナー告知SNS画像（3D・クレイ）","中級"
"BNR-02078","美容室・ヘアサロンの診断・クイズSNS画像（かわいい・ガーリー）","中級"
"BNR-02079","パーソナルジム・フィットネスの新商品・新サービス発売SNS画像（ダーク・シネマティック）","プロ（演出多め）"
"BNR-02080","農業・地方の生産者の資料請求・ホワイトペーパーバナー（ハンドメイド・手書き）","プロ（演出多め）"
"BNR-02081","採用・求人のお客様の声・口コミバナー（信頼・誠実（コーポレート））","上級"
"BNR-02082","占い・スピリチュアルのセール・割引告知SNS画像（ダーク・シネマティック）","プロ（演出多め）"
"BNR-02083","採用・求人のイベント・セミナー告知SNS画像（ポップ・カラフル）","上級"
"BNR-02084","ペット・トリミング・動物病院のお客様の声・口コミSNS画像（ミニマル・洗練）","プロ（演出多め）"
"BNR-02085","スマホアプリのお知らせ・営業案内バナー（3D・クレイ）","中級"
"BNR-02086","音楽・ライブ・イベントのイベント・セミナー告知バナー（ラグジュアリー・高級感）","上級"
"BNR-02087","美容クリニックのイベント・セミナー告知バナー（信頼・誠実（コーポレート））","上級"
"BNR-02088","Web制作・デザイン事務所の比較・ランキングSNS画像（ジオメトリック・グラフィカル）","上級"
"BNR-02089","プログラミングスクールのビフォーアフター・実績バナー（ポップ・カラフル）","上級"
"BNR-02090","保育園・幼児教育・習い事のイベント・セミナー告知SNS画像（ナチュラル・オーガニック）","プロ（演出多め）"
"BNR-02091","スマホアプリの新商品・新サービス発売サムネイル（北欧・ライフスタイル）","上級"
"BNR-02092","美容クリニックのセール・割引告知SNS画像（ラグジュアリー・高級感）","プロ（演出多め）"
"BNR-02093","占い・スピリチュアルのお知らせ・営業案内バナー（ラグジュアリー・高級感）","中級"
"BNR-02094","サウナ・温浴施設の比較・ランキングバナー（和モダン）","プロ（演出多め）"
"BNR-02095","AIサービス・スタートアップの採用・求人バナー（クール・テック）","プロ（演出多め）"
"BNR-02096","美容クリニックのイベント・セミナー告知バナー（信頼・誠実（コーポレート））","上級"
"BNR-02097","アパレル・ファッションECの資料請求・ホワイトペーパーSNS画像（ネオン・サイバー）","プロ（演出多め）"
"BNR-02098","自動車・バイクのお客様の声・口コミSNS画像（ダーク・シネマティック）","上級"
"BNR-02099","エステ・脱毛サロンのキャンペーン・プレゼントバナー（ラグジュアリー・高級感）","中級"
"BNR-02100","占い・スピリチュアルの無料体験・無料相談バナー（パステル・ドリーミー）","上級"
"BNR-02101","観光・地域プロモーションのお客様の声・口コミSNS画像（ナチュラル・オーガニック）","プロ（演出多め）"
"BNR-02102","農業・地方の生産者のブランディング・認知SNS画像（ハンドメイド・手書き）","上級"
"BNR-02103","レストラン・居酒屋のビフォーアフター・実績SNS画像（ラグジュアリー・高級感）","上級"
"BNR-02104","美容室・ヘアサロンのビフォーアフター・実績SNS画像（ラグジュアリー・高級感）","プロ（演出多め）"
"BNR-02105","サウナ・温浴施設のイベント・セミナー告知SNS画像（ナチュラル・オーガニック）","プロ（演出多め）"
"BNR-02106","SaaS・BtoBツールの無料体験・無料相談SNS画像（クール・テック）","上級"
"BNR-02107","アパレル・ファッションECのお知らせ・営業案内SNS画像（ニューブルータリズム）","プロ（演出多め）"
"BNR-02108","SaaS・BtoBツールのビフォーアフター・実績SNS画像（信頼・誠実（コーポレート））","プロ（演出多め）"
"BNR-02109","内科・クリニックのお客様の声・口コミSNS画像（信頼・誠実（コーポレート））","上級"
"BNR-02110","和菓子・スイーツの無料体験・無料相談バナー（ニューブルータリズム）","上級"
"BNR-02111","カフェ・ベーカリーの資料請求・ホワイトペーパーSNS画像（ニューブルータリズム）","プロ（演出多め）"
"BNR-02112","ヨガ・ピラティスのキャンペーン・プレゼントバナー（パステル・ドリーミー）","上級"
"BNR-02113","建築設計事務所のブランディング・認知バナー（ジオメトリック・グラフィカル）","上級"
"BNR-02114","美容室・ヘアサロンの比較・ランキングSNS画像（ラグジュアリー・高級感）","プロ（演出多め）"
"BNR-02115","サウナ・温浴施設の診断・クイズSNS画像（ニューブルータリズム）","プロ（演出多め）"
"BNR-02116","ペット・トリミング・動物病院のハウツー・ノウハウ投稿SNS画像（北欧・ライフスタイル）","プロ（演出多め）"
"BNR-02117","アパレル・ファッションECの新商品・新サービス発売SNS画像（ニューブルータリズム）","プロ（演出多め）"
"BNR-02118","歯科医院の比較・ランキングSNS画像（信頼・誠実（コーポレート））","中級"
"BNR-02119","農業・地方の生産者のキャンペーン・プレゼントバナー（ハンドメイド・手書き）","中級"
"BNR-02120","不動産・マンションの新商品・新サービス発売バナー（ラグジュアリー・高級感）","中級"
"BNR-02121","コスメ・スキンケアの新商品・新サービス発売SNS画像（ラグジュアリー・高級感）","中級"
"BNR-02122","クラウドファンディング・新商品のブランディング・認知SNS画像（クール・テック）","プロ（演出多め）"
"BNR-02123","占い・スピリチュアルのブランディング・認知バナー（パステル・ドリーミー）","中級"
"BNR-02124","食品・産直ECのビフォーアフター・実績SNS画像（ナチュラル・オーガニック）","上級"
"BNR-02125","英会話・語学の無料体験・無料相談バナー（信頼・誠実（コーポレート））","プロ（演出多め）"
"BNR-02126","スクール・オンライン講座のお客様の声・口コミSNS画像（3D・クレイ）","プロ（演出多め）"
"BNR-02127","内科・クリニックの新商品・新サービス発売SNS画像（クール・テック）","上級"
"BNR-02128","カフェ・ベーカリーのハウツー・ノウハウ投稿バナー（エネルギッシュ・スポーティ）","中級"
"BNR-02129","占い・スピリチュアルの比較・ランキングバナー（ダーク・シネマティック）","プロ（演出多め）"
"BNR-02130","レストラン・居酒屋のイベント・セミナー告知SNS画像（和モダン）","上級"
"BNR-02131","SaaS・BtoBツールのお知らせ・営業案内バナー（ミニマル・洗練）","上級"
"BNR-02132","採用・求人のキャンペーン・プレゼントバナー（信頼・誠実（コーポレート））","中級"
"BNR-02133","ヨガ・ピラティスの無料体験・無料相談SNS画像（パステル・ドリーミー）","プロ（演出多め）"
"BNR-02134","音楽・ライブ・イベントの無料体験・無料相談SNS画像（レトロ・Y2K）","プロ（演出多め）"
"BNR-02135","自動車・バイクの資料請求・ホワイトペーパーバナー（クール・テック）","上級"
"BNR-02136","パーソナルジム・フィットネスのハウツー・ノウハウ投稿SNS画像（エネルギッシュ・スポーティ）","プロ（演出多め）"
"BNR-02137","ヨガ・ピラティスの採用・求人SNS画像（ナチュラル・オーガニック）","上級"
"BNR-02138","SaaS・BtoBツールの新商品・新サービス発売SNS画像（グラスモーフィズム）","中級"
"BNR-02139","士業（税理士・弁護士・行政書士）のお知らせ・営業案内バナー（和モダン）","プロ（演出多め）"
"BNR-02140","エステ・脱毛サロンのセール・割引告知バナー（パステル・ドリーミー）","上級"
"BNR-02141","コスメ・スキンケアの資料請求・ホワイトペーパーSNS画像（ラグジュアリー・高級感）","プロ（演出多め）"
"BNR-02142","ゲーム・eスポーツのキャンペーン・プレゼントSNS画像（クール・テック）","上級"
"BNR-02143","英会話・語学の新商品・新サービス発売バナー（3D・クレイ）","上級"
"BNR-02144","不動産・マンションのキャンペーン・プレゼントSNS画像（ラグジュアリー・高級感）","上級"
"BNR-02145","食品・産直ECの診断・クイズバナー（ナチュラル・オーガニック）","上級"
"BNR-02146","AIサービス・スタートアップの比較・ランキングSNS画像（ネオン・サイバー）","プロ（演出多め）"
"BNR-02147","SaaS・BtoBツールのハウツー・ノウハウ投稿SNS画像（クール・テック）","上級"
"BNR-02148","食品・産直ECの比較・ランキングバナー（和モダン）","プロ（演出多め）"
"BNR-02149","自動車・バイクの資料請求・ホワイトペーパーバナー（ラグジュアリー・高級感）","プロ（演出多め）"
"BNR-02150","カフェ・ベーカリーのセール・割引告知SNS画像（ナチュラル・オーガニック）","プロ（演出多め）"
"BNR-02151","ゲーム・eスポーツの採用・求人SNS画像（エネルギッシュ・スポーティ）","プロ（演出多め）"
"BNR-02152","音楽・ライブ・イベントのお知らせ・営業案内バナー（ニューブルータリズム）","上級"
"BNR-02153","アパレル・ファッションECの無料体験・無料相談SNS画像（レトロ・Y2K）","上級"
"BNR-02154","ペット・トリミング・動物病院のブランディング・認知バナー（ナチュラル・オーガニック）","中級"
"BNR-02155","SaaS・BtoBツールのキャンペーン・プレゼントバナー（信頼・誠実（コーポレート））","プロ（演出多め）"
"BNR-02156","サウナ・温浴施設のビフォーアフター・実績バナー（レトロ・Y2K）","プロ（演出多め）"
"BNR-02157","内科・クリニックの新商品・新サービス発売SNS画像（信頼・誠実（コーポレート））","上級"
"BNR-02158","SaaS・BtoBツールの採用・求人バナー（クール・テック）","プロ（演出多め）"
"BNR-02159","アパレル・ファッションECの資料請求・ホワイトペーパーSNS画像（レトロ・Y2K）","上級"
"BNR-02160","占い・スピリチュアルの比較・ランキングバナー（ミニマル・洗練）","プロ（演出多め）"
"BNR-02161","ホテル・旅館の無料体験・無料相談SNS画像（ダーク・シネマティック）","プロ（演出多め）"
"BNR-02162","和菓子・スイーツのブランディング・認知SNS画像（パステル・ドリーミー）","上級"
"BNR-02163","パーソナルジム・フィットネスのビフォーアフター・実績バナー（ナチュラル・オーガニック）","中級"
"BNR-02164","Web制作・デザイン事務所のお知らせ・営業案内SNS画像（ニューブルータリズム）","プロ（演出多め）"
"BNR-02165","スクール・オンライン講座のハウツー・ノウハウ投稿SNS画像（クール・テック）","中級"
"BNR-02166","SaaS・BtoBツールのお客様の声・口コミバナー（ラグジュアリー・高級感）","上級"
"BNR-02167","ペット・トリミング・動物病院の採用・求人SNS画像（ハンドメイド・手書き）","上級"
"BNR-02168","観光・地域プロモーションのキャンペーン・プレゼントSNS画像（和モダン）","プロ（演出多め）"
"BNR-02169","建築設計事務所のハウツー・ノウハウ投稿バナー（ミニマル・洗練）","プロ（演出多め）"
"BNR-02170","歯科医院のキャンペーン・プレゼントバナー（ミニマル・洗練）","プロ（演出多め）"
"BNR-02171","採用・求人の比較・ランキングサムネイル（ポップ・カラフル）","上級"
"BNR-02172","AIサービス・スタートアップの診断・クイズバナー（ネオン・サイバー）","中級"
"BNR-02173","パーソナルジム・フィットネスのイベント・セミナー告知SNS画像（クール・テック）","上級"
"BNR-02174","YouTuber・インフルエンサーの新商品・新サービス発売SNS画像（ポップ・カラフル）","プロ（演出多め）"
"BNR-02175","コンサル・コーチングの新商品・新サービス発売SNS画像（エディトリアル・雑誌風）","プロ（演出多め）"
"BNR-02176","YouTuber・インフルエンサーのセール・割引告知バナー（ネオン・サイバー）","上級"
"BNR-02177","士業（税理士・弁護士・行政書士）の採用・求人バナー（和モダン）","プロ（演出多め）"
"BNR-02178","スマホアプリのハウツー・ノウハウ投稿SNS画像（グラスモーフィズム）","プロ（演出多め）"
"BNR-02179","ホテル・旅館のハウツー・ノウハウ投稿SNS画像（和モダン）","中級"
"BNR-02180","サウナ・温浴施設のイベント・セミナー告知SNS画像（ナチュラル・オーガニック）","上級"
"BNR-02181","パーソナルジム・フィットネスのブランディング・認知SNS画像（クール・テック）","プロ（演出多め）"
"BNR-02182","和菓子・スイーツの採用・求人SNS画像（かわいい・ガーリー）","プロ（演出多め）"
"BNR-02183","NPO・地方自治体の無料体験・無料相談SNS画像（ジオメトリック・グラフィカル）","プロ（演出多め）"
"BNR-02184","不動産・マンションの診断・クイズサムネイル（ミニマル・洗練）","上級"
"BNR-02185","引越し・生活サービスの採用・求人バナー（信頼・誠実（コーポレート））","上級"
"BNR-02186","美容クリニックのブランディング・認知バナー（ラグジュアリー・高級感）","上級"
"BNR-02187","ペット・トリミング・動物病院の無料体験・無料相談バナー（3D・クレイ）","上級"
"BNR-02188","引越し・生活サービスのキャンペーン・プレゼントSNS画像（ジオメトリック・グラフィカル）","プロ（演出多め）"
"BNR-02189","農業・地方の生産者の無料体験・無料相談SNS画像（パステル・ドリーミー）","プロ（演出多め）"
"BNR-02190","ゲーム・eスポーツのお客様の声・口コミバナー（ネオン・サイバー）","プロ（演出多め）"
"BNR-02191","スクール・オンライン講座のハウツー・ノウハウ投稿バナー（信頼・誠実（コーポレート））","上級"
"BNR-02192","美容クリニックの新商品・新サービス発売SNS画像（ラグジュアリー・高級感）","プロ（演出多め）"
"BNR-02193","SaaS・BtoBツールの採用・求人SNS画像（ミニマル・洗練）","プロ（演出多め）"
"BNR-02194","歯科医院のセール・割引告知バナー（ネオン・サイバー）","上級"
"BNR-02195","内科・クリニックのキャンペーン・プレゼントSNS画像（ナチュラル・オーガニック）","上級"
"BNR-02196","ペット・トリミング・動物病院のお客様の声・口コミSNS画像（3D・クレイ）","中級"
"BNR-02197","YouTuber・インフルエンサーのキャンペーン・プレゼントSNS画像（かわいい・ガーリー）","上級"
"BNR-02198","ホテル・旅館のハウツー・ノウハウ投稿バナー（ミニマル・洗練）","プロ（演出多め）"
"BNR-02199","ホテル・旅館のお知らせ・営業案内バナー（ハンドメイド・手書き）","上級"
"BNR-02200","コスメ・スキンケアのブランディング・認知バナー（パステル・ドリーミー）","上級"
"BNR-02201","英会話・語学の資料請求・ホワイトペーパーバナー（3D・クレイ）","プロ（演出多め）"
"BNR-02202","引越し・生活サービスの採用・求人SNS画像（ポップ・カラフル）","中級"
"BNR-02203","音楽・ライブ・イベントの無料体験・無料相談SNS画像（ダーク・シネマティック）","上級"
"BNR-02204","引越し・生活サービスの新商品・新サービス発売SNS画像（3D・クレイ）","上級"
"BNR-02205","YouTuber・インフルエンサーのハウツー・ノウハウ投稿バナー（ニューブルータリズム）","プロ（演出多め）"
"BNR-02206","パーソナルジム・フィットネスのセール・割引告知バナー（ダーク・シネマティック）","上級"
"BNR-02207","レストラン・居酒屋のお知らせ・営業案内SNS画像（ダーク・シネマティック）","中級"
"BNR-02208","士業（税理士・弁護士・行政書士）の採用・求人SNS画像（信頼・誠実（コーポレート））","プロ（演出多め）"
"BNR-02209","アパレル・ファッションECのお知らせ・営業案内バナー（ミニマル・洗練）","プロ（演出多め）"
"BNR-02210","ヨガ・ピラティスのセール・割引告知バナー（北欧・ライフスタイル）","上級"
"BNR-02211","ホテル・旅館の新商品・新サービス発売バナー（クール・テック）","プロ（演出多め）"
"BNR-02212","農業・地方の生産者の資料請求・ホワイトペーパーバナー（和モダン）","上級"
"BNR-02213","採用・求人のセール・割引告知SNS画像（エディトリアル・雑誌風）","プロ（演出多め）"
"BNR-02214","ウェディング・結婚相談所の無料体験・無料相談バナー（かわいい・ガーリー）","プロ（演出多め）"
"BNR-02215","農業・地方の生産者のお知らせ・営業案内SNS画像（ナチュラル・オーガニック）","プロ（演出多め）"
"BNR-02216","エステ・脱毛サロンのお知らせ・営業案内SNS画像（かわいい・ガーリー）","プロ（演出多め）"
"BNR-02217","歯科医院のブランディング・認知SNS画像（ナチュラル・オーガニック）","プロ（演出多め）"
"BNR-02218","不動産・マンションの採用・求人SNS画像（ダーク・シネマティック）","プロ（演出多め）"
"BNR-02219","SaaS・BtoBツールの資料請求・ホワイトペーパーバナー（グラスモーフィズム）","プロ（演出多め）"
"BNR-02220","ホテル・旅館の診断・クイズSNS画像（ダーク・シネマティック）","上級"
"BNR-02221","内科・クリニックのハウツー・ノウハウ投稿SNS画像（北欧・ライフスタイル）","プロ（演出多め）"
"BNR-02222","観光・地域プロモーションのイベント・セミナー告知バナー（和モダン）","中級"
"BNR-02223","NPO・地方自治体の診断・クイズSNS画像（ナチュラル・オーガニック）","上級"
"BNR-02224","美容室・ヘアサロンのハウツー・ノウハウ投稿サムネイル（エディトリアル・雑誌風）","中級"
"BNR-02225","ゲーム・eスポーツのお知らせ・営業案内バナー（レトロ・Y2K）","中級"
"BNR-02226","コスメ・スキンケアのビフォーアフター・実績バナー（ナチュラル・オーガニック）","中級"
"BNR-02227","不動産・マンションの採用・求人SNS画像（ラグジュアリー・高級感）","上級"
"BNR-02228","美容室・ヘアサロンの無料体験・無料相談SNS画像（ミニマル・洗練）","プロ（演出多め）"
"BNR-02229","美容クリニックの新商品・新サービス発売バナー（ラグジュアリー・高級感）","プロ（演出多め）"
"BNR-02230","自動車・バイクのブランディング・認知バナー（クール・テック）","上級"
"BNR-02231","美容クリニックのブランディング・認知SNS画像（ラグジュアリー・高級感）","中級"
"BNR-02232","スクール・オンライン講座のセール・割引告知SNS画像（ポップ・カラフル）","中級"
"BNR-02233","コスメ・スキンケアのお客様の声・口コミSNS画像（ナチュラル・オーガニック）","プロ（演出多め）"
"BNR-02234","コスメ・スキンケアのキャンペーン・プレゼントバナー（ラグジュアリー・高級感）","プロ（演出多め）"
"BNR-02235","内科・クリニックの資料請求・ホワイトペーパーSNS画像（ジオメトリック・グラフィカル）","上級"
"BNR-02236","採用・求人のセール・割引告知バナー（レトロ・Y2K）","上級"
"BNR-02237","工務店・注文住宅・リフォームのセール・割引告知バナー（ミニマル・洗練）","プロ（演出多め）"
"BNR-02238","Web制作・デザイン事務所のお知らせ・営業案内SNS画像（ニューブルータリズム）","上級"
"BNR-02239","音楽・ライブ・イベントのキャンペーン・プレゼントバナー（ダーク・シネマティック）","プロ（演出多め）"
"BNR-02240","YouTuber・インフルエンサーの採用・求人SNS画像（ネオン・サイバー）","プロ（演出多め）"
"BNR-02241","農業・地方の生産者のブランディング・認知SNS画像（和モダン）","プロ（演出多め）"
"BNR-02242","士業（税理士・弁護士・行政書士）のブランディング・認知SNS画像（信頼・誠実（コーポレート））","プロ（演出多め）"
"BNR-02243","金融・保険・投資のイベント・セミナー告知バナー（ニューブルータリズム）","プロ（演出多め）"
"BNR-02244","保育園・幼児教育・習い事の資料請求・ホワイトペーパーSNS画像（ハンドメイド・手書き）","プロ（演出多め）"
"BNR-02245","採用・求人のお知らせ・営業案内バナー（信頼・誠実（コーポレート））","上級"
"BNR-02246","和菓子・スイーツの採用・求人SNS画像（ネオン・サイバー）","上級"
"BNR-02247","NPO・地方自治体のお客様の声・口コミSNS画像（ジオメトリック・グラフィカル）","プロ（演出多め）"
"BNR-02248","ゲーム・eスポーツのイベント・セミナー告知バナー（グラスモーフィズム）","プロ（演出多め）"
"BNR-02249","美容室・ヘアサロンの診断・クイズバナー（かわいい・ガーリー）","上級"
"BNR-02250","エステ・脱毛サロンのキャンペーン・プレゼントSNS画像（ミニマル・洗練）","プロ（演出多め）"
"BNR-02251","工務店・注文住宅・リフォームのYouTube動画の興味喚起サムネイル（ナチュラル・オーガニック）","プロ（演出多め）"
"BNR-02252","カフェ・ベーカリーの資料請求・ホワイトペーパーバナー（北欧・ライフスタイル）","上級"
"BNR-02253","不動産・マンションのハウツー・ノウハウ投稿バナー（ナチュラル・オーガニック）","プロ（演出多め）"
"BNR-02254","YouTuber・インフルエンサーのブランディング・認知SNS画像（グラスモーフィズム）","プロ（演出多め）"
"BNR-02255","パーソナルジム・フィットネスの採用・求人バナー（エネルギッシュ・スポーティ）","上級"
"BNR-02256","ホテル・旅館のブランディング・認知SNS画像（ミニマル・洗練）","プロ（演出多め）"
"BNR-02257","農業・地方の生産者のイベント・セミナー告知SNS画像（ナチュラル・オーガニック）","プロ（演出多め）"
"BNR-02258","ヨガ・ピラティスのお知らせ・営業案内SNS画像（ミニマル・洗練）","プロ（演出多め）"
"BNR-02259","エステ・脱毛サロンの新商品・新サービス発売SNS画像（ラグジュアリー・高級感）","中級"
"BNR-02260","カフェ・ベーカリーのキャンペーン・プレゼントSNS画像（北欧・ライフスタイル）","プロ（演出多め）"
"BNR-02261","自動車・バイクのお客様の声・口コミSNS画像（ラグジュアリー・高級感）","中級"
"BNR-02262","スクール・オンライン講座のお客様の声・口コミSNS画像（ポップ・カラフル）","上級"
"BNR-02263","コンサル・コーチングのキャンペーン・プレゼントSNS画像（ラグジュアリー・高級感）","プロ（演出多め）"
"BNR-02264","英会話・語学のセール・割引告知SNS画像（ジオメトリック・グラフィカル）","中級"
"BNR-02265","レストラン・居酒屋のお客様の声・口コミSNS画像（ラグジュアリー・高級感）","プロ（演出多め）"
"BNR-02266","不動産・マンションの新商品・新サービス発売バナー（ダーク・シネマティック）","プロ（演出多め）"
"BNR-02267","和菓子・スイーツのイベント・セミナー告知SNS画像（和モダン）","中級"
"BNR-02268","ペット・トリミング・動物病院の無料体験・無料相談SNS画像（ハンドメイド・手書き）","プロ（演出多め）"
"BNR-02269","農業・地方の生産者の無料体験・無料相談SNS画像（信頼・誠実（コーポレート））","上級"
"BNR-02270","レストラン・居酒屋の資料請求・ホワイトペーパーSNS画像（ダーク・シネマティック）","中級"
"BNR-02271","保育園・幼児教育・習い事のお客様の声・口コミバナー（ハンドメイド・手書き）","プロ（演出多め）"
"BNR-02272","ペット・トリミング・動物病院の診断・クイズサムネイル（かわいい・ガーリー）","中級"
"BNR-02273","スクール・オンライン講座の新商品・新サービス発売SNS画像（3D・クレイ）","上級"
"BNR-02274","スクール・オンライン講座のキャンペーン・プレゼントSNS画像（クール・テック）","上級"
"BNR-02275","農業・地方の生産者の診断・クイズサムネイル（ハンドメイド・手書き）","プロ（演出多め）"
"BNR-02276","占い・スピリチュアルの診断・クイズSNS画像（レトロ・Y2K）","上級"
"BNR-02277","士業（税理士・弁護士・行政書士）の採用・求人SNS画像（和モダン）","中級"
"BNR-02278","観光・地域プロモーションのビフォーアフター・実績SNS画像（ミニマル・洗練）","プロ（演出多め）"
"BNR-02279","プログラミングスクールの無料体験・無料相談SNS画像（エディトリアル・雑誌風）","中級"
"BNR-02280","プログラミングスクールの診断・クイズSNS画像（クール・テック）","プロ（演出多め）"
"BNR-02281","採用・求人の新商品・新サービス発売バナー（ジオメトリック・グラフィカル）","上級"
"BNR-02282","SaaS・BtoBツールの診断・クイズバナー（信頼・誠実（コーポレート））","上級"
"BNR-02283","建築設計事務所の新商品・新サービス発売SNS画像（ダーク・シネマティック）","上級"
"BNR-02284","採用・求人のお知らせ・営業案内バナー（ハンドメイド・手書き）","上級"
"BNR-02285","観光・地域プロモーションの新商品・新サービス発売バナー（ネオン・サイバー）","上級"
"BNR-02286","引越し・生活サービスのセール・割引告知SNS画像（3D・クレイ）","上級"
"BNR-02287","保育園・幼児教育・習い事のブランディング・認知バナー（ニューブルータリズム）","プロ（演出多め）"
"BNR-02288","カフェ・ベーカリーのキャンペーン・プレゼントSNS画像（ハンドメイド・手書き）","プロ（演出多め）"
"BNR-02289","ペット・トリミング・動物病院のハウツー・ノウハウ投稿バナー（3D・クレイ）","上級"
"BNR-02290","カフェ・ベーカリーのブランディング・認知SNS画像（ナチュラル・オーガニック）","上級"
"BNR-02291","サウナ・温浴施設のセール・割引告知バナー（ニューブルータリズム）","上級"
"BNR-02292","コンサル・コーチングのイベント・セミナー告知SNS画像（ラグジュアリー・高級感）","プロ（演出多め）"
"BNR-02293","クラウドファンディング・新商品のお客様の声・口コミSNS画像（クール・テック）","プロ（演出多め）"
"BNR-02294","占い・スピリチュアルのキャンペーン・プレゼントバナー（ネオン・サイバー）","中級"
"BNR-02295","不動産・マンションのキャンペーン・プレゼントSNS画像（ニューブルータリズム）","プロ（演出多め）"
"BNR-02296","保育園・幼児教育・習い事の比較・ランキングSNS画像（ポップ・カラフル）","プロ（演出多め）"
"BNR-02297","スマホアプリの資料請求・ホワイトペーパーSNS画像（ラグジュアリー・高級感）","中級"
"BNR-02298","ホテル・旅館のビフォーアフター・実績バナー（ダーク・シネマティック）","中級"
"BNR-02299","プログラミングスクールの診断・クイズバナー（クール・テック）","上級"
"BNR-02300","士業（税理士・弁護士・行政書士）の新商品・新サービス発売バナー（ミニマル・洗練）","プロ（演出多め）"
"BNR-02301","建築設計事務所のお客様の声・口コミSNS画像（エディトリアル・雑誌風）","上級"
"BNR-02302","レストラン・居酒屋のお知らせ・営業案内SNS画像（エネルギッシュ・スポーティ）","上級"
"BNR-02303","NPO・地方自治体のお客様の声・口コミSNS画像（ハンドメイド・手書き）","プロ（演出多め）"
"BNR-02304","スマホアプリのセール・割引告知SNS画像（3D・クレイ）","プロ（演出多め）"
"BNR-02305","プログラミングスクールのセール・割引告知SNS画像（ネオン・サイバー）","中級"
"BNR-02306","アパレル・ファッションECのお客様の声・口コミサムネイル（ミニマル・洗練）","プロ（演出多め）"
"BNR-02307","ゲーム・eスポーツのセール・割引告知バナー（ネオン・サイバー）","上級"
"BNR-02308","観光・地域プロモーションのハウツー・ノウハウ投稿SNS画像（ハンドメイド・手書き）","上級"
"BNR-02309","エステ・脱毛サロンのキャンペーン・プレゼントSNS画像（かわいい・ガーリー）","中級"
"BNR-02310","観光・地域プロモーションの採用・求人SNS画像（和モダン）","プロ（演出多め）"
"BNR-02311","YouTuber・インフルエンサーのキャンペーン・プレゼントSNS画像（ニューブルータリズム）","プロ（演出多め）"
"BNR-02312","スクール・オンライン講座の比較・ランキングバナー（ポップ・カラフル）","上級"
"BNR-02313","SaaS・BtoBツールのキャンペーン・プレゼントSNS画像（ハンドメイド・手書き）","中級"
"BNR-02314","AIサービス・スタートアップの新商品・新サービス発売SNS画像（クール・テック）","上級"
"BNR-02315","コンサル・コーチングのビフォーアフター・実績SNS画像（ミニマル・洗練）","プロ（演出多め）"
"BNR-02316","音楽・ライブ・イベントのセール・割引告知バナー（ニューブルータリズム）","上級"
"BNR-02317","美容クリニックのキャンペーン・プレゼントSNS画像（ミニマル・洗練）","プロ（演出多め）"
"BNR-02318","サウナ・温浴施設のセール・割引告知SNS画像（和モダン）","上級"
"BNR-02319","採用・求人のセール・割引告知SNS画像（ミニマル・洗練）","中級"
"BNR-02320","占い・スピリチュアルのセール・割引告知バナー（パステル・ドリーミー）","プロ（演出多め）"
"BNR-02321","ウェディング・結婚相談所のキャンペーン・プレゼントSNS画像（かわいい・ガーリー）","上級"
"BNR-02322","不動産・マンションのキャンペーン・プレゼントバナー（エネルギッシュ・スポーティ）","上級"
"BNR-02323","内科・クリニックの資料請求・ホワイトペーパーバナー（ナチュラル・オーガニック）","上級"
"BNR-02324","農業・地方の生産者の採用・求人バナー（和モダン）","上級"
"BNR-02325","AIサービス・スタートアップの新商品・新サービス発売バナー（グラスモーフィズム）","上級"
"BNR-02326","Web制作・デザイン事務所の無料体験・無料相談バナー（クール・テック）","上級"
"BNR-02327","クラウドファンディング・新商品のハウツー・ノウハウ投稿SNS画像（クール・テック）","プロ（演出多め）"
"BNR-02328","美容クリニックのビフォーアフター・実績バナー（信頼・誠実（コーポレート））","プロ（演出多め）"
"BNR-02329","ペット・トリミング・動物病院のハウツー・ノウハウ投稿SNS画像（ハンドメイド・手書き）","上級"
"BNR-02330","NPO・地方自治体のお知らせ・営業案内バナー（ナチュラル・オーガニック）","中級"
"BNR-02331","農業・地方の生産者のお知らせ・営業案内SNS画像（ハンドメイド・手書き）","プロ（演出多め）"
"BNR-02332","AIサービス・スタートアップのお客様の声・口コミバナー（ネオン・サイバー）","上級"
"BNR-02333","音楽・ライブ・イベントの比較・ランキングSNS画像（レトロ・Y2K）","プロ（演出多め）"
"BNR-02334","AIサービス・スタートアップのブランディング・認知バナー（ミニマル・洗練）","プロ（演出多め）"
"BNR-02335","ゲーム・eスポーツのブランディング・認知SNS画像（ダーク・シネマティック）","プロ（演出多め）"
"BNR-02336","AIサービス・スタートアップのセール・割引告知SNS画像（ミニマル・洗練）","上級"
"BNR-02337","歯科医院のお知らせ・営業案内バナー（ナチュラル・オーガニック）","中級"
"BNR-02338","食品・産直ECのイベント・セミナー告知バナー（ハンドメイド・手書き）","プロ（演出多め）"
"BNR-02339","クラウドファンディング・新商品のセール・割引告知SNS画像（ポップ・カラフル）","上級"
"BNR-02340","クラウドファンディング・新商品の診断・クイズバナー（クール・テック）","上級"
"BNR-02341","占い・スピリチュアルの採用・求人バナー（ダーク・シネマティック）","プロ（演出多め）"
"BNR-02342","採用・求人の比較・ランキングSNS画像（ハンドメイド・手書き）","中級"
"BNR-02343","SaaS・BtoBツールの無料体験・無料相談SNS画像（信頼・誠実（コーポレート））","中級"
"BNR-02344","NPO・地方自治体のお客様の声・口コミSNS画像（ハンドメイド・手書き）","上級"
"BNR-02345","クラウドファンディング・新商品の比較・ランキングバナー（ポップ・カラフル）","上級"
"BNR-02346","士業（税理士・弁護士・行政書士）の比較・ランキングバナー（和モダン）","プロ（演出多め）"
"BNR-02347","ホテル・旅館のセール・割引告知SNS画像（ダーク・シネマティック）","プロ（演出多め）"
"BNR-02348","カフェ・ベーカリーの資料請求・ホワイトペーパーSNS画像（ハンドメイド・手書き）","上級"
"BNR-02349","自動車・バイクのハウツー・ノウハウ投稿バナー（エネルギッシュ・スポーティ）","プロ（演出多め）"
"BNR-02350","ホテル・旅館のお客様の声・口コミSNS画像（ダーク・シネマティック）","上級"
"BNR-02351","クラウドファンディング・新商品のお客様の声・口コミバナー（ダーク・シネマティック）","上級"
"BNR-02352","音楽・ライブ・イベントのビフォーアフター・実績サムネイル（ニューブルータリズム）","中級"
"BNR-02353","英会話・語学の新商品・新サービス発売SNS画像（ポップ・カラフル）","上級"
"BNR-02354","建築設計事務所のお客様の声・口コミSNS画像（エディトリアル・雑誌風）","上級"
"BNR-02355","サウナ・温浴施設の資料請求・ホワイトペーパーSNS画像（レトロ・Y2K）","プロ（演出多め）"
"BNR-02356","パーソナルジム・フィットネスの資料請求・ホワイトペーパーバナー（ダーク・シネマティック）","中級"
"BNR-02357","自動車・バイクの診断・クイズバナー（クール・テック）","上級"
"BNR-02358","保育園・幼児教育・習い事の診断・クイズバナー（ハンドメイド・手書き）","プロ（演出多め）"
"BNR-02359","美容室・ヘアサロンの新商品・新サービス発売SNS画像（エディトリアル・雑誌風）","上級"
"BNR-02360","和菓子・スイーツのセール・割引告知バナー（パステル・ドリーミー）","プロ（演出多め）"
"BNR-02361","自動車・バイクのセール・割引告知バナー（クール・テック）","上級"
"BNR-02362","和菓子・スイーツの診断・クイズバナー（和モダン）","プロ（演出多め）"
"BNR-02363","音楽・ライブ・イベントのビフォーアフター・実績バナー（ダーク・シネマティック）","上級"
"BNR-02364","英会話・語学の診断・クイズSNS画像（信頼・誠実（コーポレート））","中級"
"BNR-02365","不動産・マンションのビフォーアフター・実績SNS画像（ミニマル・洗練）","上級"
"BNR-02366","パーソナルジム・フィットネスのブランディング・認知バナー（エネルギッシュ・スポーティ）","プロ（演出多め）"
"BNR-02367","士業（税理士・弁護士・行政書士）のお客様の声・口コミSNS画像（信頼・誠実（コーポレート））","上級"
"BNR-02368","AIサービス・スタートアップのハウツー・ノウハウ投稿SNS画像（パステル・ドリーミー）","上級"
"BNR-02369","カフェ・ベーカリーの資料請求・ホワイトペーパーSNS画像（エディトリアル・雑誌風）","プロ（演出多め）"
"BNR-02370","工務店・注文住宅・リフォームの資料請求・ホワイトペーパーバナー（ミニマル・洗練）","上級"
"BNR-02371","歯科医院のイベント・セミナー告知バナー（ナチュラル・オーガニック）","上級"
"BNR-02372","保育園・幼児教育・習い事のハウツー・ノウハウ投稿サムネイル（ナチュラル・オーガニック）","上級"
"BNR-02373","金融・保険・投資のキャンペーン・プレゼントSNS画像（ミニマル・洗練）","上級"
"BNR-02374","不動産・マンションの無料体験・無料相談SNS画像（ミニマル・洗練）","上級"
"BNR-02375","建築設計事務所の資料請求・ホワイトペーパーSNS画像（エディトリアル・雑誌風）","中級"
"BNR-02376","ゲーム・eスポーツの資料請求・ホワイトペーパーSNS画像（かわいい・ガーリー）","プロ（演出多め）"
"BNR-02377","歯科医院のハウツー・ノウハウ投稿SNS画像（ナチュラル・オーガニック）","上級"
"BNR-02378","和菓子・スイーツのブランディング・認知SNS画像（かわいい・ガーリー）","中級"
"BNR-02379","和菓子・スイーツのイベント・セミナー告知バナー（パステル・ドリーミー）","中級"
"BNR-02380","コスメ・スキンケアのお知らせ・営業案内バナー（エディトリアル・雑誌風）","プロ（演出多め）"
"BNR-02381","英会話・語学のキャンペーン・プレゼントSNS画像（信頼・誠実（コーポレート））","中級"
"BNR-02382","歯科医院の採用・求人SNS画像（ナチュラル・オーガニック）","プロ（演出多め）"
"BNR-02383","エステ・脱毛サロンのお客様の声・口コミバナー（ミニマル・洗練）","上級"
"BNR-02384","保育園・幼児教育・習い事の新商品・新サービス発売SNS画像（ジオメトリック・グラフィカル）","中級"
"BNR-02385","プログラミングスクールの無料体験・無料相談バナー（3D・クレイ）","プロ（演出多め）"
"BNR-02386","英会話・語学の採用・求人バナー（ナチュラル・オーガニック）","プロ（演出多め）"
"BNR-02387","採用・求人のハウツー・ノウハウ投稿バナー（エネルギッシュ・スポーティ）","中級"
"BNR-02388","ヨガ・ピラティスの診断・クイズバナー（ナチュラル・オーガニック）","上級"
"BNR-02389","英会話・語学の診断・クイズSNS画像（ラグジュアリー・高級感）","プロ（演出多め）"
"BNR-02390","AIサービス・スタートアップのブランディング・認知バナー（ネオン・サイバー）","上級"
"BNR-02391","ウェディング・結婚相談所のイベント・セミナー告知SNS画像（ネオン・サイバー）","中級"
"BNR-02392","金融・保険・投資の比較・ランキングSNS画像（信頼・誠実（コーポレート））","中級"
"BNR-02393","保育園・幼児教育・習い事のハウツー・ノウハウ投稿SNS画像（信頼・誠実（コーポレート））","プロ（演出多め）"
"BNR-02394","サウナ・温浴施設のハウツー・ノウハウ投稿SNS画像（エディトリアル・雑誌風）","中級"
"BNR-02395","SaaS・BtoBツールの資料請求・ホワイトペーパーSNS画像（ミニマル・洗練）","中級"
"BNR-02396","不動産・マンションの新商品・新サービス発売バナー（ラグジュアリー・高級感）","上級"
"BNR-02397","NPO・地方自治体のお知らせ・営業案内SNS画像（ナチュラル・オーガニック）","上級"
"BNR-02398","カフェ・ベーカリーの無料体験・無料相談SNS画像（ハンドメイド・手書き）","中級"
"BNR-02399","採用・求人のお知らせ・営業案内SNS画像（ジオメトリック・グラフィカル）","プロ（演出多め）"
"BNR-02400","YouTuber・インフルエンサーの新商品・新サービス発売バナー（エディトリアル・雑誌風）","上級"
"BNR-02401","金融・保険・投資のお知らせ・営業案内バナー（ラグジュアリー・高級感）","上級"
"BNR-02402","ホテル・旅館のお知らせ・営業案内バナー（和モダン）","プロ（演出多め）"
"BNR-02403","コスメ・スキンケアのキャンペーン・プレゼントSNS画像（ミニマル・洗練）","プロ（演出多め）"
"BNR-02404","レストラン・居酒屋のセール・割引告知SNS画像（レトロ・Y2K）","プロ（演出多め）"
"BNR-02405","ウェディング・結婚相談所の新商品・新サービス発売SNS画像（ミニマル・洗練）","プロ（演出多め）"
"BNR-02406","コンサル・コーチングのお知らせ・営業案内SNS画像（エディトリアル・雑誌風）","中級"
"BNR-02407","農業・地方の生産者の資料請求・ホワイトペーパーSNS画像（ナチュラル・オーガニック）","上級"
"BNR-02408","内科・クリニックのお知らせ・営業案内SNS画像（北欧・ライフスタイル）","上級"
"BNR-02409","自動車・バイクのお客様の声・口コミバナー（ダーク・シネマティック）","プロ（演出多め）"
"BNR-02410","採用・求人の比較・ランキングSNS画像（ミニマル・洗練）","中級"
"BNR-02411","農業・地方の生産者の無料体験・無料相談SNS画像（ナチュラル・オーガニック）","プロ（演出多め）"
"BNR-02412","YouTuber・インフルエンサーの新商品・新サービス発売バナー（3D・クレイ）","上級"
"BNR-02413","サウナ・温浴施設のビフォーアフター・実績サムネイル（ナチュラル・オーガニック）","プロ（演出多め）"
"BNR-02414","内科・クリニックの資料請求・ホワイトペーパーSNS画像（ナチュラル・オーガニック）","プロ（演出多め）"
"BNR-02415","Web制作・デザイン事務所の比較・ランキングSNS画像（ダーク・シネマティック）","プロ（演出多め）"
"BNR-02416","サウナ・温浴施設のお客様の声・口コミSNS画像（ハンドメイド・手書き）","プロ（演出多め）"
"BNR-02417","内科・クリニックのイベント・セミナー告知SNS画像（北欧・ライフスタイル）","プロ（演出多め）"
"BNR-02418","保育園・幼児教育・習い事のイベント・セミナー告知SNS画像（ハンドメイド・手書き）","上級"
"BNR-02419","NPO・地方自治体の新商品・新サービス発売バナー（ダーク・シネマティック）","プロ（演出多め）"
"BNR-02420","Web制作・デザイン事務所の無料体験・無料相談バナー（ダーク・シネマティック）","プロ（演出多め）"
"BNR-02421","スクール・オンライン講座の新商品・新サービス発売SNS画像（ポップ・カラフル）","中級"
"BNR-02422","金融・保険・投資の資料請求・ホワイトペーパーSNS画像（ミニマル・洗練）","上級"
"BNR-02423","SaaS・BtoBツールの採用・求人SNS画像（ダーク・シネマティック）","上級"
"BNR-02424","スクール・オンライン講座のお客様の声・口コミバナー（3D・クレイ）","上級"
"BNR-02425","エステ・脱毛サロンの無料体験・無料相談SNS画像（ラグジュアリー・高級感）","中級"
"BNR-02426","士業（税理士・弁護士・行政書士）のお客様の声・口コミバナー（ハンドメイド・手書き）","上級"
"BNR-02427","農業・地方の生産者の比較・ランキングSNS画像（和モダン）","プロ（演出多め）"
"BNR-02428","ウェディング・結婚相談所のブランディング・認知SNS画像（ミニマル・洗練）","プロ（演出多め）"
"BNR-02429","採用・求人の新商品・新サービス発売バナー（ポップ・カラフル）","プロ（演出多め）"
"BNR-02430","SaaS・BtoBツールのお客様の声・口コミSNS画像（信頼・誠実（コーポレート））","プロ（演出多め）"
"BNR-02431","アパレル・ファッションECの比較・ランキングバナー（エディトリアル・雑誌風）","中級"
"BNR-02432","保育園・幼児教育・習い事の採用・求人SNS画像（ナチュラル・オーガニック）","プロ（演出多め）"
"BNR-02433","クラウドファンディング・新商品の無料体験・無料相談SNS画像（ポップ・カラフル）","上級"
"BNR-02434","アパレル・ファッションECのブランディング・認知SNS画像（レトロ・Y2K）","上級"
"BNR-02435","AIサービス・スタートアップのお客様の声・口コミバナー（ネオン・サイバー）","上級"
"BNR-02436","ゲーム・eスポーツのビフォーアフター・実績バナー（ナチュラル・オーガニック）","プロ（演出多め）"
"BNR-02437","AIサービス・スタートアップのハウツー・ノウハウ投稿SNS画像（クール・テック）","中級"
"BNR-02438","占い・スピリチュアルのブランディング・認知バナー（ダーク・シネマティック）","プロ（演出多め）"
"BNR-02439","レストラン・居酒屋の新商品・新サービス発売SNS画像（ダーク・シネマティック）","プロ（演出多め）"
"BNR-02440","コスメ・スキンケアのお客様の声・口コミSNS画像（グラスモーフィズム）","プロ（演出多め）"
"BNR-02441","音楽・ライブ・イベントのハウツー・ノウハウ投稿バナー（ニューブルータリズム）","プロ（演出多め）"
"BNR-02442","カフェ・ベーカリーのブランディング・認知SNS画像（エディトリアル・雑誌風）","中級"
"BNR-02443","士業（税理士・弁護士・行政書士）の診断・クイズSNS画像（ミニマル・洗練）","プロ（演出多め）"
"BNR-02444","内科・クリニックのキャンペーン・プレゼントSNS画像（レトロ・Y2K）","上級"
"BNR-02445","美容クリニックのお客様の声・口コミSNS画像（エネルギッシュ・スポーティ）","中級"
"BNR-02446","金融・保険・投資のイベント・セミナー告知バナー（クール・テック）","プロ（演出多め）"
"BNR-02447","不動産・マンションの無料体験・無料相談バナー（ミニマル・洗練）","上級"
"BNR-02448","英会話・語学のYouTube動画の興味喚起サムネイル（ポップ・カラフル）","上級"
"BNR-02449","美容クリニックのお知らせ・営業案内バナー（信頼・誠実（コーポレート））","中級"
"BNR-02450","不動産・マンションの比較・ランキングサムネイル（エネルギッシュ・スポーティ）","プロ（演出多め）"
"BNR-02451","コスメ・スキンケアのブランディング・認知バナー（ナチュラル・オーガニック）","上級"
"BNR-02452","レストラン・居酒屋の資料請求・ホワイトペーパーバナー（和モダン）","プロ（演出多め）"
"BNR-02453","エステ・脱毛サロンのイベント・セミナー告知SNS画像（ラグジュアリー・高級感）","プロ（演出多め）"
"BNR-02454","美容室・ヘアサロンのセール・割引告知SNS画像（ナチュラル・オーガニック）","上級"
"BNR-02455","プログラミングスクールの診断・クイズSNS画像（クール・テック）","プロ（演出多め）"
"BNR-02456","レストラン・居酒屋の採用・求人バナー（レトロ・Y2K）","プロ（演出多め）"
"BNR-02457","クラウドファンディング・新商品の無料体験・無料相談SNS画像（ダーク・シネマティック）","プロ（演出多め）"
"BNR-02458","自動車・バイクのハウツー・ノウハウ投稿SNS画像（ラグジュアリー・高級感）","上級"
"BNR-02459","観光・地域プロモーションの新商品・新サービス発売SNS画像（ナチュラル・オーガニック）","プロ（演出多め）"
"BNR-02460","パーソナルジム・フィットネスのブランディング・認知バナー（クール・テック）","プロ（演出多め）"
"BNR-02461","歯科医院のブランディング・認知バナー（ナチュラル・オーガニック）","プロ（演出多め）"
"BNR-02462","コスメ・スキンケアの新商品・新サービス発売バナー（ナチュラル・オーガニック）","プロ（演出多め）"
"BNR-02463","和菓子・スイーツのブランディング・認知バナー（パステル・ドリーミー）","上級"
"BNR-02464","英会話・語学の新商品・新サービス発売SNS画像（ジオメトリック・グラフィカル）","プロ（演出多め）"
"BNR-02465","サウナ・温浴施設のハウツー・ノウハウ投稿バナー（ダーク・シネマティック）","プロ（演出多め）"
"BNR-02466","ゲーム・eスポーツのイベント・セミナー告知バナー（ネオン・サイバー）","プロ（演出多め）"
"BNR-02467","ゲーム・eスポーツの採用・求人SNS画像（ダーク・シネマティック）","プロ（演出多め）"
"BNR-02468","クラウドファンディング・新商品のビフォーアフター・実績SNS画像（クール・テック）","上級"
"BNR-02469","音楽・ライブ・イベントのお客様の声・口コミバナー（ダーク・シネマティック）","プロ（演出多め）"
"BNR-02470","SaaS・BtoBツールのブランディング・認知SNS画像（信頼・誠実（コーポレート））","中級"
"BNR-02471","自動車・バイクの診断・クイズバナー（ダーク・シネマティック）","上級"
"BNR-02472","カフェ・ベーカリーの診断・クイズバナー（ニューブルータリズム）","プロ（演出多め）"
"BNR-02473","ヨガ・ピラティスのお客様の声・口コミバナー（3D・クレイ）","上級"
"BNR-02474","アパレル・ファッションECの診断・クイズSNS画像（ハンドメイド・手書き）","プロ（演出多め）"
"BNR-02475","採用・求人のセール・割引告知SNS画像（3D・クレイ）","上級"
"BNR-02476","NPO・地方自治体の採用・求人SNS画像（ジオメトリック・グラフィカル）","プロ（演出多め）"
"BNR-02477","レストラン・居酒屋のお客様の声・口コミSNS画像（ラグジュアリー・高級感）","上級"
"BNR-02478","スマホアプリの診断・クイズSNS画像（3D・クレイ）","プロ（演出多め）"
"BNR-02479","エステ・脱毛サロンのハウツー・ノウハウ投稿バナー（ミニマル・洗練）","中級"
"BNR-02480","歯科医院のブランディング・認知SNS画像（信頼・誠実（コーポレート））","プロ（演出多め）"
"BNR-02481","ヨガ・ピラティスのお知らせ・営業案内バナー（北欧・ライフスタイル）","プロ（演出多め）"
"BNR-02482","YouTuber・インフルエンサーのイベント・セミナー告知SNS画像（パステル・ドリーミー）","プロ（演出多め）"
"BNR-02483","プログラミングスクールのお客様の声・口コミSNS画像（信頼・誠実（コーポレート））","中級"
"BNR-02484","アパレル・ファッションECの無料体験・無料相談SNS画像（レトロ・Y2K）","上級"
"BNR-02485","金融・保険・投資のブランディング・認知SNS画像（ミニマル・洗練）","上級"
"BNR-02486","引越し・生活サービスの無料体験・無料相談バナー（信頼・誠実（コーポレート））","プロ（演出多め）"
"BNR-02487","引越し・生活サービスのセール・割引告知SNS画像（ポップ・カラフル）","上級"
"BNR-02488","スマホアプリのイベント・セミナー告知SNS画像（クール・テック）","上級"
"BNR-02489","和菓子・スイーツの新商品・新サービス発売バナー（ラグジュアリー・高級感）","プロ（演出多め）"
"BNR-02490","英会話・語学の無料体験・無料相談SNS画像（ジオメトリック・グラフィカル）","プロ（演出多め）"
"BNR-02491","金融・保険・投資の比較・ランキングバナー（クール・テック）","プロ（演出多め）"
"BNR-02492","ゲーム・eスポーツのブランディング・認知SNS画像（ネオン・サイバー）","中級"
"BNR-02493","クラウドファンディング・新商品のお客様の声・口コミSNS画像（かわいい・ガーリー）","中級"
"BNR-02494","ホテル・旅館の採用・求人バナー（ダーク・シネマティック）","プロ（演出多め）"
"BNR-02495","パーソナルジム・フィットネスのハウツー・ノウハウ投稿バナー（エネルギッシュ・スポーティ）","中級"
"BNR-02496","クラウドファンディング・新商品の資料請求・ホワイトペーパーSNS画像（3D・クレイ）","プロ（演出多め）"
"BNR-02497","金融・保険・投資の資料請求・ホワイトペーパーバナー（ミニマル・洗練）","上級"
"BNR-02498","美容室・ヘアサロンの診断・クイズSNS画像（ダーク・シネマティック）","プロ（演出多め）"
"BNR-02499","ホテル・旅館のハウツー・ノウハウ投稿SNS画像（ミニマル・洗練）","中級"
"BNR-02500","AIサービス・スタートアップの比較・ランキングSNS画像（ミニマル・洗練）","上級"
"BNR-02501","エステ・脱毛サロンの比較・ランキングSNS画像（パステル・ドリーミー）","プロ（演出多め）"
"BNR-02502","エステ・脱毛サロンの比較・ランキングSNS画像（ミニマル・洗練）","プロ（演出多め）"
"BNR-02503","美容クリニックのハウツー・ノウハウ投稿SNS画像（ラグジュアリー・高級感）","上級"
"BNR-02504","スクール・オンライン講座の採用・求人SNS画像（ポップ・カラフル）","上級"
"BNR-02505","アパレル・ファッションECのお客様の声・口コミバナー（レトロ・Y2K）","上級"
"BNR-02506","クラウドファンディング・新商品のイベント・セミナー告知SNS画像（ダーク・シネマティック）","プロ（演出多め）"
"BNR-02507","美容室・ヘアサロンのお知らせ・営業案内SNS画像（北欧・ライフスタイル）","中級"
"BNR-02508","コンサル・コーチングの比較・ランキングSNS画像（ラグジュアリー・高級感）","上級"
"BNR-02509","美容クリニックのブランディング・認知バナー（信頼・誠実（コーポレート））","上級"
"BNR-02510","Web制作・デザイン事務所のお客様の声・口コミバナー（ジオメトリック・グラフィカル）","プロ（演出多め）"
"BNR-02511","歯科医院のイベント・セミナー告知バナー（ナチュラル・オーガニック）","プロ（演出多め）"
"BNR-02512","士業（税理士・弁護士・行政書士）のイベント・セミナー告知SNS画像（ミニマル・洗練）","プロ（演出多め）"
"BNR-02513","食品・産直ECの比較・ランキングバナー（ポップ・カラフル）","上級"
"BNR-02514","内科・クリニックの採用・求人SNS画像（北欧・ライフスタイル）","プロ（演出多め）"
"BNR-02515","ゲーム・eスポーツのイベント・セミナー告知バナー（ネオン・サイバー）","プロ（演出多め）"
"BNR-02516","レストラン・居酒屋の資料請求・ホワイトペーパーバナー（ミニマル・洗練）","プロ（演出多め）"
"BNR-02517","コスメ・スキンケアの新商品・新サービス発売バナー（パステル・ドリーミー）","プロ（演出多め）"
"BNR-02518","占い・スピリチュアルのイベント・セミナー告知バナー（和モダン）","プロ（演出多め）"
"BNR-02519","YouTuber・インフルエンサーのセール・割引告知バナー（かわいい・ガーリー）","プロ（演出多め）"
"BNR-02520","クラウドファンディング・新商品の資料請求・ホワイトペーパーバナー（クール・テック）","上級"
"BNR-02521","アパレル・ファッションECのセール・割引告知SNS画像（ニューブルータリズム）","上級"
"BNR-02522","サウナ・温浴施設の資料請求・ホワイトペーパーSNS画像（ナチュラル・オーガニック）","中級"
"BNR-02523","サウナ・温浴施設のブランディング・認知バナー（ニューブルータリズム）","上級"
"BNR-02524","ウェディング・結婚相談所のお客様の声・口コミサムネイル（かわいい・ガーリー）","上級"
"BNR-02525","農業・地方の生産者のお客様の声・口コミSNS画像（ハンドメイド・手書き）","プロ（演出多め）"
"BNR-02526","ホテル・旅館の比較・ランキングSNS画像（和モダン）","上級"
"BNR-02527","歯科医院の新商品・新サービス発売SNS画像（ナチュラル・オーガニック）","中級"
"BNR-02528","観光・地域プロモーションの無料体験・無料相談SNS画像（ダーク・シネマティック）","上級"
"BNR-02529","アパレル・ファッションECのキャンペーン・プレゼントSNS画像（ニューブルータリズム）","プロ（演出多め）"
"BNR-02530","スクール・オンライン講座のイベント・セミナー告知SNS画像（信頼・誠実（コーポレート））","上級"
"BNR-02531","クラウドファンディング・新商品のお客様の声・口コミSNS画像（ポップ・カラフル）","上級"
"BNR-02532","コンサル・コーチングの採用・求人SNS画像（エディトリアル・雑誌風）","プロ（演出多め）"
"BNR-02533","工務店・注文住宅・リフォームのお客様の声・口コミSNS画像（ナチュラル・オーガニック）","上級"
"BNR-02534","AIサービス・スタートアップのキャンペーン・プレゼントSNS画像（信頼・誠実（コーポレート））","上級"
"BNR-02535","内科・クリニックのハウツー・ノウハウ投稿バナー（信頼・誠実（コーポレート））","中級"
"BNR-02536","採用・求人のハウツー・ノウハウ投稿バナー（ハンドメイド・手書き）","上級"
"BNR-02537","エステ・脱毛サロンのお知らせ・営業案内SNS画像（ラグジュアリー・高級感）","上級"
"BNR-02538","パーソナルジム・フィットネスのお客様の声・口コミSNS画像（ダーク・シネマティック）","上級"
"BNR-02539","YouTuber・インフルエンサーの採用・求人SNS画像（ニューブルータリズム）","中級"
"BNR-02540","金融・保険・投資の資料請求・ホワイトペーパーバナー（クール・テック）","プロ（演出多め）"
"BNR-02541","英会話・語学のイベント・セミナー告知バナー（ジオメトリック・グラフィカル）","プロ（演出多め）"
"BNR-02542","金融・保険・投資の比較・ランキングバナー（クール・テック）","プロ（演出多め）"
"BNR-02543","サウナ・温浴施設のお客様の声・口コミバナー（北欧・ライフスタイル）","プロ（演出多め）"
"BNR-02544","スクール・オンライン講座の資料請求・ホワイトペーパーSNS画像（クール・テック）","プロ（演出多め）"
"BNR-02545","SaaS・BtoBツールの無料体験・無料相談バナー（信頼・誠実（コーポレート））","上級"
"BNR-02546","建築設計事務所のビフォーアフター・実績サムネイル（エディトリアル・雑誌風）","プロ（演出多め）"
"BNR-02547","内科・クリニックの比較・ランキングSNS画像（ナチュラル・オーガニック）","中級"
"BNR-02548","美容室・ヘアサロンの無料体験・無料相談バナー（ラグジュアリー・高級感）","中級"
"BNR-02549","コンサル・コーチングのキャンペーン・プレゼントSNS画像（エディトリアル・雑誌風）","プロ（演出多め）"
"BNR-02550","アパレル・ファッションECのイベント・セミナー告知SNS画像（ミニマル・洗練）","中級"
"BNR-02551","士業（税理士・弁護士・行政書士）の資料請求・ホワイトペーパーSNS画像（信頼・誠実（コーポレート））","上級"
"BNR-02552","農業・地方の生産者のお客様の声・口コミSNS画像（ナチュラル・オーガニック）","プロ（演出多め）"
"BNR-02553","自動車・バイクのお客様の声・口コミSNS画像（クール・テック）","上級"
"BNR-02554","工務店・注文住宅・リフォームのキャンペーン・プレゼントSNS画像（信頼・誠実（コーポレート））","中級"
"BNR-02555","音楽・ライブ・イベントのイベント・セミナー告知SNS画像（ニューブルータリズム）","上級"
"BNR-02556","食品・産直ECのハウツー・ノウハウ投稿バナー（グラスモーフィズム）","プロ（演出多め）"
"BNR-02557","AIサービス・スタートアップのお客様の声・口コミバナー（グラスモーフィズム）","プロ（演出多め）"
"BNR-02558","サウナ・温浴施設の無料体験・無料相談SNS画像（ジオメトリック・グラフィカル）","上級"
"BNR-02559","美容室・ヘアサロンのハウツー・ノウハウ投稿バナー（ナチュラル・オーガニック）","プロ（演出多め）"
"BNR-02560","観光・地域プロモーションのイベント・セミナー告知SNS画像（ナチュラル・オーガニック）","プロ（演出多め）"
"BNR-02561","観光・地域プロモーションの診断・クイズバナー（ナチュラル・オーガニック）","上級"
"BNR-02562","美容室・ヘアサロンの新商品・新サービス発売バナー（かわいい・ガーリー）","上級"
"BNR-02563","自動車・バイクのお知らせ・営業案内SNS画像（ハンドメイド・手書き）","上級"
"BNR-02564","工務店・注文住宅・リフォームの診断・クイズサムネイル（ナチュラル・オーガニック）","プロ（演出多め）"
"BNR-02565","採用・求人の無料体験・無料相談SNS画像（エディトリアル・雑誌風）","プロ（演出多め）"
"BNR-02566","コンサル・コーチングの資料請求・ホワイトペーパーSNS画像（ラグジュアリー・高級感）","中級"
"BNR-02567","エステ・脱毛サロンのイベント・セミナー告知SNS画像（パステル・ドリーミー）","プロ（演出多め）"
"BNR-02568","引越し・生活サービスのブランディング・認知SNS画像（ポップ・カラフル）","中級"
"BNR-02569","コスメ・スキンケアのお客様の声・口コミバナー（グラスモーフィズム）","中級"
"BNR-02570","プログラミングスクールのブランディング・認知SNS画像（3D・クレイ）","プロ（演出多め）"
"BNR-02571","歯科医院の無料体験・無料相談SNS画像（信頼・誠実（コーポレート））","上級"
"BNR-02572","コスメ・スキンケアのブランディング・認知バナー（パステル・ドリーミー）","上級"
"BNR-02573","YouTuber・インフルエンサーのお客様の声・口コミSNS画像（かわいい・ガーリー）","プロ（演出多め）"
"BNR-02574","Web制作・デザイン事務所の無料体験・無料相談SNS画像（ダーク・シネマティック）","プロ（演出多め）"
"BNR-02575","音楽・ライブ・イベントのキャンペーン・プレゼントバナー（ネオン・サイバー）","プロ（演出多め）"
"BNR-02576","内科・クリニックの資料請求・ホワイトペーパーSNS画像（ナチュラル・オーガニック）","上級"
"BNR-02577","スクール・オンライン講座の採用・求人SNS画像（3D・クレイ）","上級"
"BNR-02578","ウェディング・結婚相談所のイベント・セミナー告知バナー（パステル・ドリーミー）","プロ（演出多め）"
"BNR-02579","エステ・脱毛サロンの無料体験・無料相談SNS画像（パステル・ドリーミー）","中級"
"BNR-02580","採用・求人の診断・クイズSNS画像（ポップ・カラフル）","上級"
"BNR-02581","和菓子・スイーツのお客様の声・口コミSNS画像（ナチュラル・オーガニック）","上級"
"BNR-02582","コンサル・コーチングのお知らせ・営業案内SNS画像（信頼・誠実（コーポレート））","プロ（演出多め）"
"BNR-02583","引越し・生活サービスの資料請求・ホワイトペーパーバナー（3D・クレイ）","プロ（演出多め）"
"BNR-02584","クラウドファンディング・新商品のビフォーアフター・実績SNS画像（ポップ・カラフル）","上級"
"BNR-02585","ペット・トリミング・動物病院の診断・クイズバナー（ハンドメイド・手書き）","上級"
"BNR-02586","YouTuber・インフルエンサーのセール・割引告知バナー（ポップ・カラフル）","中級"
"BNR-02587","コンサル・コーチングのブランディング・認知バナー（ラグジュアリー・高級感）","プロ（演出多め）"
"BNR-02588","採用・求人の診断・クイズバナー（ジオメトリック・グラフィカル）","上級"
"BNR-02589","スマホアプリの比較・ランキングサムネイル（ポップ・カラフル）","中級"
"BNR-02590","スクール・オンライン講座の比較・ランキングSNS画像（3D・クレイ）","上級"
"BNR-02591","占い・スピリチュアルの比較・ランキングサムネイル（ダーク・シネマティック）","上級"
"BNR-02592","採用・求人のセール・割引告知バナー（エディトリアル・雑誌風）","中級"
"BNR-02593","プログラミングスクールのセール・割引告知バナー（ポップ・カラフル）","上級"
"BNR-02594","引越し・生活サービスのハウツー・ノウハウ投稿SNS画像（3D・クレイ）","中級"
"BNR-02595","YouTuber・インフルエンサーのビフォーアフター・実績SNS画像（ニューブルータリズム）","プロ（演出多め）"
"BNR-02596","サウナ・温浴施設のブランディング・認知SNS画像（和モダン）","プロ（演出多め）"
"BNR-02597","士業（税理士・弁護士・行政書士）のYouTube動画の興味喚起サムネイル（和モダン）","上級"
"BNR-02598","自動車・バイクのお知らせ・営業案内SNS画像（ダーク・シネマティック）","上級"
"BNR-02599","ヨガ・ピラティスのお客様の声・口コミバナー（ミニマル・洗練）","プロ（演出多め）"
"BNR-02600","ゲーム・eスポーツのハウツー・ノウハウ投稿SNS画像（ダーク・シネマティック）","上級"
"BNR-02601","保育園・幼児教育・習い事のキャンペーン・プレゼントバナー（ポップ・カラフル）","プロ（演出多め）"
"BNR-02602","プログラミングスクールのビフォーアフター・実績SNS画像（ハンドメイド・手書き）","プロ（演出多め）"
"BNR-02603","コンサル・コーチングのキャンペーン・プレゼントバナー（エディトリアル・雑誌風）","上級"
"BNR-02604","レストラン・居酒屋のビフォーアフター・実績SNS画像（ラグジュアリー・高級感）","中級"
"BNR-02605","NPO・地方自治体のブランディング・認知SNS画像（信頼・誠実（コーポレート））","プロ（演出多め）"
"BNR-02606","スクール・オンライン講座のセール・割引告知SNS画像（3D・クレイ）","上級"
"BNR-02607","農業・地方の生産者のビフォーアフター・実績SNS画像（ジオメトリック・グラフィカル）","プロ（演出多め）"
"BNR-02608","自動車・バイクのビフォーアフター・実績サムネイル（クール・テック）","中級"
"BNR-02609","保育園・幼児教育・習い事のお知らせ・営業案内バナー（ハンドメイド・手書き）","上級"
"BNR-02610","スマホアプリのキャンペーン・プレゼントSNS画像（ポップ・カラフル）","上級"
"BNR-02611","SaaS・BtoBツールのブランディング・認知バナー（レトロ・Y2K）","上級"
"BNR-02612","農業・地方の生産者のセール・割引告知バナー（ナチュラル・オーガニック）","上級"
"BNR-02613","エステ・脱毛サロンのハウツー・ノウハウ投稿SNS画像（ミニマル・洗練）","中級"
"BNR-02614","AIサービス・スタートアップのビフォーアフター・実績バナー（クール・テック）","プロ（演出多め）"
"BNR-02615","自動車・バイクの比較・ランキングSNS画像（エネルギッシュ・スポーティ）","プロ（演出多め）"
"BNR-02616","スマホアプリの診断・クイズバナー（グラスモーフィズム）","プロ（演出多め）"
"BNR-02617","不動産・マンションのイベント・セミナー告知SNS画像（ラグジュアリー・高級感）","中級"
"BNR-02618","アパレル・ファッションECのお客様の声・口コミバナー（クール・テック）","上級"
"BNR-02619","スクール・オンライン講座の診断・クイズバナー（3D・クレイ）","上級"
"BNR-02620","歯科医院の新商品・新サービス発売SNS画像（信頼・誠実（コーポレート））","上級"
"BNR-02621","引越し・生活サービスの資料請求・ホワイトペーパーバナー（エネルギッシュ・スポーティ）","中級"
"BNR-02622","スマホアプリの無料体験・無料相談SNS画像（ポップ・カラフル）","上級"
"BNR-02623","コスメ・スキンケアのお客様の声・口コミSNS画像（ナチュラル・オーガニック）","プロ（演出多め）"
"BNR-02624","美容クリニックのお知らせ・営業案内SNS画像（ミニマル・洗練）","プロ（演出多め）"
"BNR-02625","士業（税理士・弁護士・行政書士）のイベント・セミナー告知SNS画像（和モダン）","プロ（演出多め）"
"BNR-02626","プログラミングスクールのお客様の声・口コミバナー（クール・テック）","上級"
"BNR-02627","保育園・幼児教育・習い事の診断・クイズSNS画像（かわいい・ガーリー）","プロ（演出多め）"
"BNR-02628","NPO・地方自治体の無料体験・無料相談SNS画像（ポップ・カラフル）","中級"
"BNR-02629","コスメ・スキンケアのセール・割引告知バナー（ラグジュアリー・高級感）","プロ（演出多め）"
"BNR-02630","Web制作・デザイン事務所のお客様の声・口コミバナー（3D・クレイ）","中級"
"BNR-02631","スクール・オンライン講座のビフォーアフター・実績バナー（ポップ・カラフル）","中級"
"BNR-02632","士業（税理士・弁護士・行政書士）のセール・割引告知SNS画像（かわいい・ガーリー）","プロ（演出多め）"
"BNR-02633","ヨガ・ピラティスの診断・クイズSNS画像（北欧・ライフスタイル）","プロ（演出多め）"
"BNR-02634","保育園・幼児教育・習い事のビフォーアフター・実績バナー（ジオメトリック・グラフィカル）","上級"
"BNR-02635","ホテル・旅館のセール・割引告知SNS画像（ミニマル・洗練）","上級"
"BNR-02636","Web制作・デザイン事務所のビフォーアフター・実績バナー（エディトリアル・雑誌風）","プロ（演出多め）"
"BNR-02637","アパレル・ファッションECのイベント・セミナー告知SNS画像（ラグジュアリー・高級感）","上級"
"BNR-02638","サウナ・温浴施設の新商品・新サービス発売バナー（ニューブルータリズム）","中級"
"BNR-02639","コンサル・コーチングの診断・クイズSNS画像（ニューブルータリズム）","プロ（演出多め）"
"BNR-02640","内科・クリニックのビフォーアフター・実績SNS画像（ナチュラル・オーガニック）","プロ（演出多め）"
"BNR-02641","保育園・幼児教育・習い事のキャンペーン・プレゼントバナー（ポップ・カラフル）","上級"
"BNR-02642","Web制作・デザイン事務所のブランディング・認知SNS画像（エディトリアル・雑誌風）","プロ（演出多め）"
"BNR-02643","占い・スピリチュアルのお客様の声・口コミSNS画像（和モダン）","中級"
"BNR-02644","占い・スピリチュアルのブランディング・認知SNS画像（ダーク・シネマティック）","上級"
"BNR-02645","歯科医院のお客様の声・口コミバナー（ミニマル・洗練）","上級"
"BNR-02646","士業（税理士・弁護士・行政書士）のキャンペーン・プレゼントバナー（ミニマル・洗練）","プロ（演出多め）"
"BNR-02647","ヨガ・ピラティスの資料請求・ホワイトペーパーバナー（パステル・ドリーミー）","上級"
"BNR-02648","不動産・マンションのお客様の声・口コミSNS画像（ミニマル・洗練）","中級"
"BNR-02649","パーソナルジム・フィットネスのセール・割引告知SNS画像（エネルギッシュ・スポーティ）","上級"
"BNR-02650","スマホアプリのブランディング・認知バナー（かわいい・ガーリー）","上級"
"BNR-02651","スクール・オンライン講座の無料体験・無料相談バナー（ダーク・シネマティック）","上級"
"BNR-02652","ウェディング・結婚相談所のビフォーアフター・実績SNS画像（ミニマル・洗練）","中級"
"BNR-02653","保育園・幼児教育・習い事の診断・クイズサムネイル（ポップ・カラフル）","プロ（演出多め）"
"BNR-02654","ペット・トリミング・動物病院の新商品・新サービス発売SNS画像（かわいい・ガーリー）","プロ（演出多め）"
"BNR-02655","美容クリニックのお客様の声・口コミSNS画像（信頼・誠実（コーポレート））","上級"
"BNR-02656","自動車・バイクのブランディング・認知SNS画像（エネルギッシュ・スポーティ）","上級"
"BNR-02657","自動車・バイクのハウツー・ノウハウ投稿SNS画像（ダーク・シネマティック）","上級"
"BNR-02658","レストラン・居酒屋のイベント・セミナー告知SNS画像（レトロ・Y2K）","中級"
"BNR-02659","コンサル・コーチングのお知らせ・営業案内SNS画像（ラグジュアリー・高級感）","プロ（演出多め）"
"BNR-02660","コンサル・コーチングのビフォーアフター・実績サムネイル（エディトリアル・雑誌風）","プロ（演出多め）"
"BNR-02661","金融・保険・投資の比較・ランキングSNS画像（レトロ・Y2K）","上級"
"BNR-02662","保育園・幼児教育・習い事の資料請求・ホワイトペーパーバナー（ポップ・カラフル）","プロ（演出多め）"
"BNR-02663","採用・求人のイベント・セミナー告知SNS画像（信頼・誠実（コーポレート））","上級"
"BNR-02664","観光・地域プロモーションのビフォーアフター・実績バナー（和モダン）","プロ（演出多め）"
"BNR-02665","カフェ・ベーカリーのお知らせ・営業案内SNS画像（エディトリアル・雑誌風）","プロ（演出多め）"
"BNR-02666","食品・産直ECのお知らせ・営業案内SNS画像（エネルギッシュ・スポーティ）","プロ（演出多め）"
"BNR-02667","内科・クリニックのお知らせ・営業案内バナー（和モダン）","プロ（演出多め）"
"BNR-02668","和菓子・スイーツのブランディング・認知バナー（ナチュラル・オーガニック）","プロ（演出多め）"
"BNR-02669","スマホアプリのイベント・セミナー告知SNS画像（クール・テック）","中級"
"BNR-02670","内科・クリニックのハウツー・ノウハウ投稿SNS画像（ナチュラル・オーガニック）","プロ（演出多め）"
"BNR-02671","金融・保険・投資の資料請求・ホワイトペーパーバナー（エディトリアル・雑誌風）","プロ（演出多め）"
"BNR-02672","食品・産直ECの新商品・新サービス発売SNS画像（ポップ・カラフル）","上級"
"BNR-02673","建築設計事務所のビフォーアフター・実績バナー（ミニマル・洗練）","中級"
"BNR-02674","採用・求人のハウツー・ノウハウ投稿SNS画像（エディトリアル・雑誌風）","プロ（演出多め）"
"BNR-02675","サウナ・温浴施設のイベント・セミナー告知SNS画像（ナチュラル・オーガニック）","上級"
"BNR-02676","食品・産直ECの診断・クイズバナー（北欧・ライフスタイル）","上級"
"BNR-02677","ペット・トリミング・動物病院のハウツー・ノウハウ投稿SNS画像（3D・クレイ）","上級"
"BNR-02678","士業（税理士・弁護士・行政書士）の比較・ランキングSNS画像（和モダン）","プロ（演出多め）"
"BNR-02679","プログラミングスクールの資料請求・ホワイトペーパーSNS画像（ネオン・サイバー）","中級"
"BNR-02680","引越し・生活サービスのお知らせ・営業案内SNS画像（ポップ・カラフル）","上級"
"BNR-02681","レストラン・居酒屋のセール・割引告知SNS画像（和モダン）","プロ（演出多め）"
"BNR-02682","金融・保険・投資の診断・クイズバナー（ニューブルータリズム）","プロ（演出多め）"
"BNR-02683","和菓子・スイーツの無料体験・無料相談SNS画像（和モダン）","中級"
"BNR-02684","スマホアプリの資料請求・ホワイトペーパーバナー（クール・テック）","上級"
"BNR-02685","保育園・幼児教育・習い事の資料請求・ホワイトペーパーSNS画像（かわいい・ガーリー）","プロ（演出多め）"
"BNR-02686","ペット・トリミング・動物病院の診断・クイズバナー（3D・クレイ）","プロ（演出多め）"
"BNR-02687","コスメ・スキンケアのお客様の声・口コミSNS画像（ラグジュアリー・高級感）","上級"
"BNR-02688","ホテル・旅館の資料請求・ホワイトペーパーバナー（ハンドメイド・手書き）","中級"
"BNR-02689","保育園・幼児教育・習い事のお知らせ・営業案内SNS画像（ポップ・カラフル）","プロ（演出多め）"
"BNR-02690","ウェディング・結婚相談所のお知らせ・営業案内SNS画像（ニューブルータリズム）","プロ（演出多め）"
"BNR-02691","プログラミングスクールの診断・クイズSNS画像（ネオン・サイバー）","上級"
"BNR-02692","サウナ・温浴施設のセール・割引告知バナー（ナチュラル・オーガニック）","中級"
"BNR-02693","コスメ・スキンケアのイベント・セミナー告知SNS画像（ハンドメイド・手書き）","プロ（演出多め）"
"BNR-02694","コンサル・コーチングの資料請求・ホワイトペーパーバナー（信頼・誠実（コーポレート））","プロ（演出多め）"
"BNR-02695","内科・クリニックのブランディング・認知バナー（ナチュラル・オーガニック）","プロ（演出多め）"
"BNR-02696","美容クリニックのイベント・セミナー告知バナー（ラグジュアリー・高級感）","プロ（演出多め）"
"BNR-02697","SaaS・BtoBツールのビフォーアフター・実績バナー（信頼・誠実（コーポレート））","中級"
"BNR-02698","引越し・生活サービスのお知らせ・営業案内SNS画像（ポップ・カラフル）","上級"
"BNR-02699","不動産・マンションの診断・クイズSNS画像（ラグジュアリー・高級感）","プロ（演出多め）"
"BNR-02700","スクール・オンライン講座のハウツー・ノウハウ投稿バナー（信頼・誠実（コーポレート））","中級"
"BNR-02701","保育園・幼児教育・習い事のお客様の声・口コミSNS画像（ナチュラル・オーガニック）","プロ（演出多め）"
"BNR-02702","占い・スピリチュアルの比較・ランキングSNS画像（ダーク・シネマティック）","プロ（演出多め）"
"BNR-02703","ホテル・旅館のお知らせ・営業案内バナー（ダーク・シネマティック）","上級"
"BNR-02704","農業・地方の生産者の無料体験・無料相談バナー（パステル・ドリーミー）","上級"
"BNR-02705","引越し・生活サービスの比較・ランキングバナー（3D・クレイ）","プロ（演出多め）"
"BNR-02706","SaaS・BtoBツールのお知らせ・営業案内バナー（3D・クレイ）","プロ（演出多め）"
"BNR-02707","建築設計事務所の比較・ランキングSNS画像（3D・クレイ）","プロ（演出多め）"
"BNR-02708","採用・求人のお知らせ・営業案内バナー（ポップ・カラフル）","プロ（演出多め）"
"BNR-02709","農業・地方の生産者の新商品・新サービス発売SNS画像（ハンドメイド・手書き）","上級"
"BNR-02710","SaaS・BtoBツールのお知らせ・営業案内SNS画像（信頼・誠実（コーポレート））","プロ（演出多め）"
"BNR-02711","美容クリニックのキャンペーン・プレゼントSNS画像（ミニマル・洗練）","プロ（演出多め）"
"BNR-02712","農業・地方の生産者の無料体験・無料相談SNS画像（ハンドメイド・手書き）","プロ（演出多め）"
"BNR-02713","ウェディング・結婚相談所の資料請求・ホワイトペーパーSNS画像（ミニマル・洗練）","中級"
"BNR-02714","美容室・ヘアサロンのお知らせ・営業案内バナー（かわいい・ガーリー）","プロ（演出多め）"
"BNR-02715","士業（税理士・弁護士・行政書士）の新商品・新サービス発売SNS画像（パステル・ドリーミー）","プロ（演出多め）"
"BNR-02716","ホテル・旅館のイベント・セミナー告知SNS画像（ラグジュアリー・高級感）","プロ（演出多め）"
"BNR-02717","士業（税理士・弁護士・行政書士）の採用・求人SNS画像（和モダン）","中級"
"BNR-02718","観光・地域プロモーションのハウツー・ノウハウ投稿SNS画像（和モダン）","上級"
"BNR-02719","ホテル・旅館の採用・求人バナー（ダーク・シネマティック）","プロ（演出多め）"
"BNR-02720","農業・地方の生産者のキャンペーン・プレゼントバナー（和モダン）","プロ（演出多め）"
"BNR-02721","NPO・地方自治体の新商品・新サービス発売バナー（ジオメトリック・グラフィカル）","中級"
"BNR-02722","不動産・マンションのお知らせ・営業案内SNS画像（ミニマル・洗練）","中級"
"BNR-02723","英会話・語学の資料請求・ホワイトペーパーSNS画像（3D・クレイ）","上級"
"BNR-02724","サウナ・温浴施設のお客様の声・口コミバナー（ナチュラル・オーガニック）","プロ（演出多め）"
"BNR-02725","採用・求人の新商品・新サービス発売SNS画像（北欧・ライフスタイル）","プロ（演出多め）"
"BNR-02726","内科・クリニックの無料体験・無料相談バナー（ナチュラル・オーガニック）","上級"
"BNR-02727","ウェディング・結婚相談所のお知らせ・営業案内SNS画像（ミニマル・洗練）","プロ（演出多め）"
"BNR-02728","歯科医院のビフォーアフター・実績SNS画像（ミニマル・洗練）","プロ（演出多め）"
"BNR-02729","カフェ・ベーカリーの新商品・新サービス発売SNS画像（レトロ・Y2K）","プロ（演出多め）"
"BNR-02730","引越し・生活サービスの比較・ランキングSNS画像（信頼・誠実（コーポレート））","上級"
"BNR-02731","サウナ・温浴施設のセール・割引告知バナー（パステル・ドリーミー）","プロ（演出多め）"
"BNR-02732","SaaS・BtoBツールの採用・求人バナー（ミニマル・洗練）","プロ（演出多め）"
"BNR-02733","アパレル・ファッションECのセール・割引告知バナー（レトロ・Y2K）","中級"
"BNR-02734","採用・求人の無料体験・無料相談SNS画像（ラグジュアリー・高級感）","上級"
"BNR-02735","美容クリニックのお客様の声・口コミバナー（ラグジュアリー・高級感）","プロ（演出多め）"
"BNR-02736","不動産・マンションのビフォーアフター・実績サムネイル（ミニマル・洗練）","上級"
"BNR-02737","スマホアプリの比較・ランキングSNS画像（3D・クレイ）","プロ（演出多め）"
"BNR-02738","金融・保険・投資のお客様の声・口コミサムネイル（グラスモーフィズム）","プロ（演出多め）"
"BNR-02739","アパレル・ファッションECのビフォーアフター・実績SNS画像（エディトリアル・雑誌風）","プロ（演出多め）"
"BNR-02740","アパレル・ファッションECのお知らせ・営業案内SNS画像（ミニマル・洗練）","プロ（演出多め）"
"BNR-02741","プログラミングスクールの新商品・新サービス発売SNS画像（クール・テック）","上級"
"BNR-02742","内科・クリニックの採用・求人バナー（グラスモーフィズム）","上級"
"BNR-02743","観光・地域プロモーションの無料体験・無料相談バナー（和モダン）","上級"
"BNR-02744","プログラミングスクールの資料請求・ホワイトペーパーバナー（クール・テック）","上級"
"BNR-02745","エステ・脱毛サロンの採用・求人SNS画像（グラスモーフィズム）","プロ（演出多め）"
"BNR-02746","不動産・マンションのハウツー・ノウハウ投稿バナー（ラグジュアリー・高級感）","プロ（演出多め）"
"BNR-02747","歯科医院のキャンペーン・プレゼントバナー（ナチュラル・オーガニック）","プロ（演出多め）"
"BNR-02748","クラウドファンディング・新商品のイベント・セミナー告知SNS画像（エネルギッシュ・スポーティ）","プロ（演出多め）"
"BNR-02749","工務店・注文住宅・リフォームの資料請求・ホワイトペーパーSNS画像（信頼・誠実（コーポレート））","上級"
"BNR-02750","ペット・トリミング・動物病院の診断・クイズSNS画像（ナチュラル・オーガニック）","プロ（演出多め）"
"BNR-02751","スクール・オンライン講座のYouTube動画の興味喚起サムネイル（クール・テック）","上級"
"BNR-02752","レストラン・居酒屋のビフォーアフター・実績SNS画像（レトロ・Y2K）","上級"
"BNR-02753","士業（税理士・弁護士・行政書士）のお客様の声・口コミバナー（信頼・誠実（コーポレート））","プロ（演出多め）"
"BNR-02754","建築設計事務所の無料体験・無料相談SNS画像（ミニマル・洗練）","プロ（演出多め）"
"BNR-02755","クラウドファンディング・新商品のお客様の声・口コミSNS画像（ナチュラル・オーガニック）","プロ（演出多め）"
"BNR-02756","レストラン・居酒屋の採用・求人SNS画像（ダーク・シネマティック）","プロ（演出多め）"
"BNR-02757","工務店・注文住宅・リフォームの診断・クイズSNS画像（ミニマル・洗練）","プロ（演出多め）"
"BNR-02758","スマホアプリの診断・クイズバナー（ハンドメイド・手書き）","プロ（演出多め）"
"BNR-02759","SaaS・BtoBツールのビフォーアフター・実績SNS画像（グラスモーフィズム）","上級"
"BNR-02760","プログラミングスクールの新商品・新サービス発売SNS画像（ネオン・サイバー）","プロ（演出多め）"
"BNR-02761","ヨガ・ピラティスのビフォーアフター・実績バナー（グラスモーフィズム）","中級"
"BNR-02762","工務店・注文住宅・リフォームの採用・求人SNS画像（ミニマル・洗練）","プロ（演出多め）"
"BNR-02763","スマホアプリのイベント・セミナー告知SNS画像（クール・テック）","上級"
"BNR-02764","音楽・ライブ・イベントの無料体験・無料相談バナー（ネオン・サイバー）","中級"
"BNR-02765","パーソナルジム・フィットネスの資料請求・ホワイトペーパーバナー（エネルギッシュ・スポーティ）","プロ（演出多め）"
"BNR-02766","内科・クリニックの無料体験・無料相談SNS画像（北欧・ライフスタイル）","中級"
"BNR-02767","観光・地域プロモーションの資料請求・ホワイトペーパーバナー（ハンドメイド・手書き）","上級"
"BNR-02768","コンサル・コーチングのお客様の声・口コミSNS画像（レトロ・Y2K）","中級"
"BNR-02769","エステ・脱毛サロンのお客様の声・口コミSNS画像（かわいい・ガーリー）","プロ（演出多め）"
"BNR-02770","サウナ・温浴施設の無料体験・無料相談バナー（レトロ・Y2K）","プロ（演出多め）"
"BNR-02771","コンサル・コーチングの診断・クイズバナー（ニューブルータリズム）","上級"
"BNR-02772","NPO・地方自治体の採用・求人SNS画像（ジオメトリック・グラフィカル）","プロ（演出多め）"
"BNR-02773","引越し・生活サービスの新商品・新サービス発売SNS画像（信頼・誠実（コーポレート））","中級"
"BNR-02774","スクール・オンライン講座の採用・求人バナー（3D・クレイ）","上級"
"BNR-02775","AIサービス・スタートアップのお客様の声・口コミSNS画像（ミニマル・洗練）","中級"
"BNR-02776","内科・クリニックの採用・求人バナー（信頼・誠実（コーポレート））","プロ（演出多め）"
"BNR-02777","保育園・幼児教育・習い事の比較・ランキングSNS画像（ナチュラル・オーガニック）","プロ（演出多め）"
"BNR-02778","食品・産直ECのビフォーアフター・実績バナー（ポップ・カラフル）","プロ（演出多め）"
"BNR-02779","スクール・オンライン講座のビフォーアフター・実績サムネイル（クール・テック）","プロ（演出多め）"
"BNR-02780","食品・産直ECの比較・ランキングSNS画像（和モダン）","プロ（演出多め）"
"BNR-02781","工務店・注文住宅・リフォームのキャンペーン・プレゼントバナー（ミニマル・洗練）","上級"
"BNR-02782","金融・保険・投資のビフォーアフター・実績バナー（ミニマル・洗練）","プロ（演出多め）"
"BNR-02783","建築設計事務所の新商品・新サービス発売SNS画像（ジオメトリック・グラフィカル）","プロ（演出多め）"
"BNR-02784","自動車・バイクの資料請求・ホワイトペーパーSNS画像（ラグジュアリー・高級感）","上級"
"BNR-02785","食品・産直ECの比較・ランキングサムネイル（ハンドメイド・手書き）","プロ（演出多め）"
"BNR-02786","プログラミングスクールのセール・割引告知SNS画像（ポップ・カラフル）","中級"
"BNR-02787","歯科医院のセール・割引告知バナー（ミニマル・洗練）","プロ（演出多め）"
"BNR-02788","Web制作・デザイン事務所のハウツー・ノウハウ投稿バナー（ハンドメイド・手書き）","プロ（演出多め）"
"BNR-02789","スクール・オンライン講座のセール・割引告知SNS画像（クール・テック）","上級"
"BNR-02790","AIサービス・スタートアップの無料体験・無料相談SNS画像（和モダン）","プロ（演出多め）"
"BNR-02791","コンサル・コーチングの新商品・新サービス発売SNS画像（ラグジュアリー・高級感）","プロ（演出多め）"
"BNR-02792","工務店・注文住宅・リフォームのお客様の声・口コミSNS画像（北欧・ライフスタイル）","プロ（演出多め）"
"BNR-02793","美容クリニックのイベント・セミナー告知バナー（信頼・誠実（コーポレート））","プロ（演出多め）"
"BNR-02794","保育園・幼児教育・習い事のビフォーアフター・実績バナー（かわいい・ガーリー）","上級"
"BNR-02795","サウナ・温浴施設のキャンペーン・プレゼントSNS画像（レトロ・Y2K）","上級"
"BNR-02796","歯科医院のビフォーアフター・実績バナー（ミニマル・洗練）","プロ（演出多め）"
"BNR-02797","コンサル・コーチングの資料請求・ホワイトペーパーバナー（信頼・誠実（コーポレート））","上級"
"BNR-02798","スマホアプリのハウツー・ノウハウ投稿バナー（パステル・ドリーミー）","上級"
"BNR-02799","自動車・バイクの比較・ランキングSNS画像（ラグジュアリー・高級感）","上級"
"BNR-02800","和菓子・スイーツの新商品・新サービス発売SNS画像（和モダン）","上級"
"BNR-02801","占い・スピリチュアルの無料体験・無料相談SNS画像（グラスモーフィズム）","中級"
"BNR-02802","引越し・生活サービスのハウツー・ノウハウ投稿SNS画像（かわいい・ガーリー）","プロ（演出多め）"
"BNR-02803","音楽・ライブ・イベントのお知らせ・営業案内バナー（ジオメトリック・グラフィカル）","プロ（演出多め）"
"BNR-02804","英会話・語学のビフォーアフター・実績SNS画像（信頼・誠実（コーポレート））","上級"
"BNR-02805","レストラン・居酒屋のお知らせ・営業案内バナー（ラグジュアリー・高級感）","上級"
"BNR-02806","エステ・脱毛サロンのお客様の声・口コミバナー（パステル・ドリーミー）","プロ（演出多め）"
"BNR-02807","レストラン・居酒屋の採用・求人バナー（レトロ・Y2K）","プロ（演出多め）"
"BNR-02808","AIサービス・スタートアップのお客様の声・口コミSNS画像（グラスモーフィズム）","プロ（演出多め）"
"BNR-02809","美容室・ヘアサロンの新商品・新サービス発売SNS画像（ミニマル・洗練）","上級"
"BNR-02810","スクール・オンライン講座の比較・ランキングSNS画像（3D・クレイ）","上級"
"BNR-02811","YouTuber・インフルエンサーのお客様の声・口コミバナー（ネオン・サイバー）","中級"
"BNR-02812","ペット・トリミング・動物病院のセール・割引告知バナー（ナチュラル・オーガニック）","上級"
"BNR-02813","建築設計事務所のブランディング・認知バナー（ミニマル・洗練）","上級"
"BNR-02814","SaaS・BtoBツールの採用・求人SNS画像（クール・テック）","上級"
"BNR-02815","クラウドファンディング・新商品のイベント・セミナー告知SNS画像（ポップ・カラフル）","プロ（演出多め）"
"BNR-02816","内科・クリニックの無料体験・無料相談SNS画像（信頼・誠実（コーポレート））","上級"
"BNR-02817","農業・地方の生産者の新商品・新サービス発売SNS画像（エディトリアル・雑誌風）","プロ（演出多め）"
"BNR-02818","パーソナルジム・フィットネスのビフォーアフター・実績バナー（エネルギッシュ・スポーティ）","中級"
"BNR-02819","ペット・トリミング・動物病院のキャンペーン・プレゼントSNS画像（3D・クレイ）","上級"
"BNR-02820","和菓子・スイーツの無料体験・無料相談SNS画像（かわいい・ガーリー）","上級"
"BNR-02821","アパレル・ファッションECの採用・求人SNS画像（ミニマル・洗練）","上級"
"BNR-02822","プログラミングスクールのキャンペーン・プレゼントSNS画像（ポップ・カラフル）","上級"
"BNR-02823","スクール・オンライン講座のビフォーアフター・実績SNS画像（グラスモーフィズム）","中級"
"BNR-02824","農業・地方の生産者のキャンペーン・プレゼントSNS画像（ハンドメイド・手書き）","上級"
"BNR-02825","農業・地方の生産者の採用・求人バナー（ハンドメイド・手書き）","プロ（演出多め）"
"BNR-02826","NPO・地方自治体の資料請求・ホワイトペーパーSNS画像（北欧・ライフスタイル）","プロ（演出多め）"
"BNR-02827","ペット・トリミング・動物病院の新商品・新サービス発売SNS画像（パステル・ドリーミー）","プロ（演出多め）"
"BNR-02828","内科・クリニックの比較・ランキングバナー（ダーク・シネマティック）","上級"
"BNR-02829","ウェディング・結婚相談所の診断・クイズSNS画像（かわいい・ガーリー）","中級"
"BNR-02830","スクール・オンライン講座の比較・ランキングSNS画像（信頼・誠実（コーポレート））","プロ（演出多め）"
"BNR-02831","ホテル・旅館の無料体験・無料相談SNS画像（和モダン）","上級"
"BNR-02832","クラウドファンディング・新商品のビフォーアフター・実績SNS画像（ポップ・カラフル）","中級"
"BNR-02833","SaaS・BtoBツールの無料体験・無料相談SNS画像（3D・クレイ）","プロ（演出多め）"
"BNR-02834","農業・地方の生産者のブランディング・認知SNS画像（グラスモーフィズム）","上級"
"BNR-02835","観光・地域プロモーションのセール・割引告知SNS画像（ハンドメイド・手書き）","プロ（演出多め）"
"BNR-02836","士業（税理士・弁護士・行政書士）の無料体験・無料相談SNS画像（ナチュラル・オーガニック）","プロ（演出多め）"
"BNR-02837","スマホアプリの資料請求・ホワイトペーパーバナー（3D・クレイ）","プロ（演出多め）"
"BNR-02838","YouTuber・インフルエンサーの比較・ランキングSNS画像（ネオン・サイバー）","プロ（演出多め）"
"BNR-02839","占い・スピリチュアルのお知らせ・営業案内SNS画像（ラグジュアリー・高級感）","上級"
"BNR-02840","YouTuber・インフルエンサーのセール・割引告知SNS画像（ポップ・カラフル）","上級"
"BNR-02841","内科・クリニックのお客様の声・口コミバナー（3D・クレイ）","上級"
"BNR-02842","ヨガ・ピラティスの新商品・新サービス発売バナー（北欧・ライフスタイル）","プロ（演出多め）"
"BNR-02843","ホテル・旅館の比較・ランキングSNS画像（ラグジュアリー・高級感）","中級"
"BNR-02844","観光・地域プロモーションの採用・求人バナー（ダーク・シネマティック）","上級"
"BNR-02845","Web制作・デザイン事務所のキャンペーン・プレゼントSNS画像（クール・テック）","プロ（演出多め）"
"BNR-02846","スクール・オンライン講座の資料請求・ホワイトペーパーバナー（信頼・誠実（コーポレート））","中級"
"BNR-02847","YouTuber・インフルエンサーのイベント・セミナー告知バナー（かわいい・ガーリー）","プロ（演出多め）"
"BNR-02848","引越し・生活サービスのお客様の声・口コミSNS画像（3D・クレイ）","中級"
"BNR-02849","保育園・幼児教育・習い事の比較・ランキングSNS画像（レトロ・Y2K）","プロ（演出多め）"
"BNR-02850","採用・求人のイベント・セミナー告知SNS画像（信頼・誠実（コーポレート））","上級"
"BNR-02851","自動車・バイクのブランディング・認知バナー（ダーク・シネマティック）","上級"
"BNR-02852","英会話・語学のイベント・セミナー告知SNS画像（3D・クレイ）","プロ（演出多め）"
"BNR-02853","パーソナルジム・フィットネスのキャンペーン・プレゼントSNS画像（クール・テック）","上級"
"BNR-02854","不動産・マンションのキャンペーン・プレゼントSNS画像（ラグジュアリー・高級感）","上級"
"BNR-02855","美容室・ヘアサロンのハウツー・ノウハウ投稿SNS画像（かわいい・ガーリー）","中級"
"BNR-02856","ゲーム・eスポーツのイベント・セミナー告知バナー（レトロ・Y2K）","上級"
"BNR-02857","ホテル・旅館の新商品・新サービス発売SNS画像（ラグジュアリー・高級感）","プロ（演出多め）"
"BNR-02858","カフェ・ベーカリーのお客様の声・口コミバナー（ハンドメイド・手書き）","上級"
"BNR-02859","採用・求人の資料請求・ホワイトペーパーバナー（エネルギッシュ・スポーティ）","プロ（演出多め）"
"BNR-02860","士業（税理士・弁護士・行政書士）の資料請求・ホワイトペーパーSNS画像（ミニマル・洗練）","中級"
"BNR-02861","カフェ・ベーカリーの資料請求・ホワイトペーパーSNS画像（ナチュラル・オーガニック）","中級"
"BNR-02862","コンサル・コーチングのキャンペーン・プレゼントSNS画像（ミニマル・洗練）","中級"
"BNR-02863","パーソナルジム・フィットネスのお知らせ・営業案内SNS画像（クール・テック）","上級"
"BNR-02864","内科・クリニックのイベント・セミナー告知バナー（ナチュラル・オーガニック）","中級"
"BNR-02865","音楽・ライブ・イベントの新商品・新サービス発売バナー（レトロ・Y2K）","プロ（演出多め）"
"BNR-02866","占い・スピリチュアルのお客様の声・口コミサムネイル（ダーク・シネマティック）","中級"
"BNR-02867","ゲーム・eスポーツの無料体験・無料相談SNS画像（エネルギッシュ・スポーティ）","プロ（演出多め）"
"BNR-02868","建築設計事務所のイベント・セミナー告知バナー（ミニマル・洗練）","プロ（演出多め）"
"BNR-02869","AIサービス・スタートアップのお知らせ・営業案内SNS画像（ミニマル・洗練）","上級"
"BNR-02870","カフェ・ベーカリーのセール・割引告知SNS画像（レトロ・Y2K）","プロ（演出多め）"
"BNR-02871","食品・産直ECのキャンペーン・プレゼントバナー（和モダン）","上級"
"BNR-02872","保育園・幼児教育・習い事の比較・ランキングバナー（ナチュラル・オーガニック）","プロ（演出多め）"
"BNR-02873","NPO・地方自治体の無料体験・無料相談SNS画像（ハンドメイド・手書き）","プロ（演出多め）"
"BNR-02874","自動車・バイクの比較・ランキングサムネイル（クール・テック）","中級"
"BNR-02875","不動産・マンションの新商品・新サービス発売SNS画像（信頼・誠実（コーポレート））","中級"
"BNR-02876","スクール・オンライン講座のキャンペーン・プレゼントSNS画像（クール・テック）","プロ（演出多め）"
"BNR-02877","内科・クリニックの無料体験・無料相談バナー（北欧・ライフスタイル）","上級"
"BNR-02878","歯科医院の比較・ランキングSNS画像（ミニマル・洗練）","プロ（演出多め）"
"BNR-02879","レストラン・居酒屋の採用・求人SNS画像（ラグジュアリー・高級感）","プロ（演出多め）"
"BNR-02880","保育園・幼児教育・習い事のセール・割引告知SNS画像（かわいい・ガーリー）","プロ（演出多め）"
"BNR-02881","金融・保険・投資の採用・求人SNS画像（信頼・誠実（コーポレート））","プロ（演出多め）"
"BNR-02882","内科・クリニックのビフォーアフター・実績サムネイル（ナチュラル・オーガニック）","プロ（演出多め）"
"BNR-02883","自動車・バイクのお客様の声・口コミSNS画像（ラグジュアリー・高級感）","上級"
"BNR-02884","YouTuber・インフルエンサーの資料請求・ホワイトペーパーSNS画像（ポップ・カラフル）","上級"
"BNR-02885","NPO・地方自治体のハウツー・ノウハウ投稿SNS画像（ナチュラル・オーガニック）","プロ（演出多め）"
"BNR-02886","英会話・語学のお客様の声・口コミバナー（ジオメトリック・グラフィカル）","上級"
"BNR-02887","カフェ・ベーカリーのハウツー・ノウハウ投稿バナー（和モダン）","プロ（演出多め）"
"BNR-02888","スマホアプリのブランディング・認知SNS画像（グラスモーフィズム）","中級"
"BNR-02889","士業（税理士・弁護士・行政書士）の診断・クイズサムネイル（和モダン）","プロ（演出多め）"
"BNR-02890","音楽・ライブ・イベントのブランディング・認知バナー（ダーク・シネマティック）","上級"
"BNR-02891","美容クリニックのハウツー・ノウハウ投稿バナー（ミニマル・洗練）","プロ（演出多め）"
"BNR-02892","プログラミングスクールのイベント・セミナー告知SNS画像（3D・クレイ）","中級"
"BNR-02893","自動車・バイクのお知らせ・営業案内バナー（ラグジュアリー・高級感）","上級"
"BNR-02894","和菓子・スイーツのイベント・セミナー告知バナー（和モダン）","プロ（演出多め）"
"BNR-02895","採用・求人のYouTube動画の興味喚起サムネイル（エディトリアル・雑誌風）","プロ（演出多め）"
"BNR-02896","採用・求人のビフォーアフター・実績SNS画像（グラスモーフィズム）","上級"
"BNR-02897","NPO・地方自治体のセール・割引告知SNS画像（かわいい・ガーリー）","プロ（演出多め）"
"BNR-02898","英会話・語学の無料体験・無料相談SNS画像（ポップ・カラフル）","プロ（演出多め）"
"BNR-02899","カフェ・ベーカリーのキャンペーン・プレゼントバナー（クール・テック）","プロ（演出多め）"
"BNR-02900","エステ・脱毛サロンの無料体験・無料相談SNS画像（ラグジュアリー・高級感）","上級"
"BNR-02901","エステ・脱毛サロンのお客様の声・口コミバナー（かわいい・ガーリー）","上級"
"BNR-02902","YouTuber・インフルエンサーの新商品・新サービス発売SNS画像（ネオン・サイバー）","上級"
"BNR-02903","和菓子・スイーツのブランディング・認知SNS画像（和モダン）","中級"
"BNR-02904","採用・求人の採用・求人SNS画像（エネルギッシュ・スポーティ）","プロ（演出多め）"
"BNR-02905","ペット・トリミング・動物病院のセール・割引告知SNS画像（ハンドメイド・手書き）","プロ（演出多め）"
"BNR-02906","NPO・地方自治体の比較・ランキングSNS画像（ハンドメイド・手書き）","中級"
"BNR-02907","プログラミングスクールのハウツー・ノウハウ投稿バナー（ラグジュアリー・高級感）","プロ（演出多め）"
"BNR-02908","観光・地域プロモーションのセール・割引告知バナー（ダーク・シネマティック）","プロ（演出多め）"
"BNR-02909","観光・地域プロモーションの資料請求・ホワイトペーパーバナー（ジオメトリック・グラフィカル）","プロ（演出多め）"
"BNR-02910","AIサービス・スタートアップのハウツー・ノウハウ投稿SNS画像（北欧・ライフスタイル）","プロ（演出多め）"
"BNR-02911","美容室・ヘアサロンの比較・ランキングバナー（ミニマル・洗練）","中級"
"BNR-02912","エステ・脱毛サロンのキャンペーン・プレゼントSNS画像（北欧・ライフスタイル）","プロ（演出多め）"
"BNR-02913","コンサル・コーチングの採用・求人SNS画像（クール・テック）","プロ（演出多め）"
"BNR-02914","引越し・生活サービスのイベント・セミナー告知バナー（ポップ・カラフル）","中級"
"BNR-02915","カフェ・ベーカリーのハウツー・ノウハウ投稿SNS画像（ハンドメイド・手書き）","上級"
"BNR-02916","サウナ・温浴施設のお客様の声・口コミバナー（レトロ・Y2K）","プロ（演出多め）"
"BNR-02917","YouTuber・インフルエンサーのビフォーアフター・実績バナー（ポップ・カラフル）","上級"
"BNR-02918","士業（税理士・弁護士・行政書士）のお知らせ・営業案内バナー（ミニマル・洗練）","上級"
"BNR-02919","レストラン・居酒屋のお知らせ・営業案内SNS画像（ラグジュアリー・高級感）","プロ（演出多め）"
"BNR-02920","内科・クリニックのセール・割引告知バナー（信頼・誠実（コーポレート））","上級"
"BNR-02921","スマホアプリのビフォーアフター・実績バナー（グラスモーフィズム）","プロ（演出多め）"
"BNR-02922","観光・地域プロモーションのセール・割引告知SNS画像（和モダン）","上級"
"BNR-02923","コスメ・スキンケアのイベント・セミナー告知SNS画像（ラグジュアリー・高級感）","プロ（演出多め）"
"BNR-02924","建築設計事務所の新商品・新サービス発売SNS画像（ジオメトリック・グラフィカル）","上級"
"BNR-02925","ゲーム・eスポーツの採用・求人バナー（エネルギッシュ・スポーティ）","中級"
"BNR-02926","スクール・オンライン講座のお客様の声・口コミサムネイル（信頼・誠実（コーポレート））","上級"
"BNR-02927","工務店・注文住宅・リフォームの無料体験・無料相談バナー（ナチュラル・オーガニック）","プロ（演出多め）"
"BNR-02928","ゲーム・eスポーツの無料体験・無料相談SNS画像（レトロ・Y2K）","プロ（演出多め）"
"BNR-02929","和菓子・スイーツのビフォーアフター・実績SNS画像（和モダン）","プロ（演出多め）"
"BNR-02930","エステ・脱毛サロンのビフォーアフター・実績バナー（ミニマル・洗練）","上級"
"BNR-02931","歯科医院のお知らせ・営業案内バナー（信頼・誠実（コーポレート））","中級"
"BNR-02932","ペット・トリミング・動物病院の比較・ランキングSNS画像（3D・クレイ）","プロ（演出多め）"
"BNR-02933","スクール・オンライン講座のハウツー・ノウハウ投稿サムネイル（北欧・ライフスタイル）","プロ（演出多め）"
"BNR-02934","ゲーム・eスポーツのイベント・セミナー告知バナー（ダーク・シネマティック）","プロ（演出多め）"
"BNR-02935","スクール・オンライン講座のお知らせ・営業案内SNS画像（3D・クレイ）","上級"
"BNR-02936","士業（税理士・弁護士・行政書士）のハウツー・ノウハウ投稿バナー（信頼・誠実（コーポレート））","上級"
"BNR-02937","スマホアプリのキャンペーン・プレゼントバナー（ポップ・カラフル）","プロ（演出多め）"
"BNR-02938","ペット・トリミング・動物病院のハウツー・ノウハウ投稿サムネイル（3D・クレイ）","上級"
"BNR-02939","士業（税理士・弁護士・行政書士）の新商品・新サービス発売バナー（ミニマル・洗練）","プロ（演出多め）"
"BNR-02940","保育園・幼児教育・習い事のキャンペーン・プレゼントSNS画像（ポップ・カラフル）","プロ（演出多め）"
"BNR-02941","ヨガ・ピラティスのセール・割引告知SNS画像（パステル・ドリーミー）","中級"
"BNR-02942","占い・スピリチュアルのキャンペーン・プレゼントバナー（ハンドメイド・手書き）","中級"
"BNR-02943","美容クリニックのお知らせ・営業案内バナー（ハンドメイド・手書き）","上級"
"BNR-02944","AIサービス・スタートアップのお客様の声・口コミSNS画像（クール・テック）","プロ（演出多め）"
"BNR-02945","美容室・ヘアサロンの採用・求人バナー（エディトリアル・雑誌風）","プロ（演出多め）"
"BNR-02946","スクール・オンライン講座の比較・ランキングSNS画像（3D・クレイ）","上級"
"BNR-02947","美容室・ヘアサロンのビフォーアフター・実績バナー（かわいい・ガーリー）","プロ（演出多め）"
"BNR-02948","パーソナルジム・フィットネスの比較・ランキングバナー（クール・テック）","中級"
"BNR-02949","レストラン・居酒屋のセール・割引告知SNS画像（レトロ・Y2K）","上級"
"BNR-02950","ホテル・旅館のハウツー・ノウハウ投稿バナー（和モダン）","上級"
"BNR-02951","英会話・語学のお客様の声・口コミSNS画像（3D・クレイ）","プロ（演出多め）"
"BNR-02952","ペット・トリミング・動物病院のお知らせ・営業案内SNS画像（かわいい・ガーリー）","プロ（演出多め）"
"BNR-02953","Web制作・デザイン事務所の資料請求・ホワイトペーパーバナー（エディトリアル・雑誌風）","プロ（演出多め）"
"BNR-02954","建築設計事務所のお客様の声・口コミSNS画像（エディトリアル・雑誌風）","プロ（演出多め）"
"BNR-02955","SaaS・BtoBツールのキャンペーン・プレゼントSNS画像（グラスモーフィズム）","プロ（演出多め）"
"BNR-02956","和菓子・スイーツのお知らせ・営業案内バナー（かわいい・ガーリー）","上級"
"BNR-02957","ホテル・旅館のお客様の声・口コミSNS画像（ミニマル・洗練）","プロ（演出多め）"
"BNR-02958","スクール・オンライン講座のお客様の声・口コミバナー（3D・クレイ）","プロ（演出多め）"
"BNR-02959","レストラン・居酒屋のビフォーアフター・実績SNS画像（クール・テック）","プロ（演出多め）"
"BNR-02960","NPO・地方自治体のビフォーアフター・実績バナー（信頼・誠実（コーポレート））","中級"
"BNR-02961","NPO・地方自治体のお客様の声・口コミSNS画像（ナチュラル・オーガニック）","プロ（演出多め）"
"BNR-02962","ウェディング・結婚相談所のキャンペーン・プレゼントSNS画像（ラグジュアリー・高級感）","プロ（演出多め）"
"BNR-02963","カフェ・ベーカリーの診断・クイズSNS画像（グラスモーフィズム）","プロ（演出多め）"
"BNR-02964","金融・保険・投資のブランディング・認知SNS画像（信頼・誠実（コーポレート））","プロ（演出多め）"
"BNR-02965","ウェディング・結婚相談所のYouTube動画の興味喚起サムネイル（かわいい・ガーリー）","中級"
"BNR-02966","金融・保険・投資のキャンペーン・プレゼントSNS画像（信頼・誠実（コーポレート））","プロ（演出多め）"
"BNR-02967","パーソナルジム・フィットネスのイベント・セミナー告知SNS画像（エネルギッシュ・スポーティ）","上級"
"BNR-02968","農業・地方の生産者のお知らせ・営業案内SNS画像（ナチュラル・オーガニック）","中級"
"BNR-02969","プログラミングスクールの新商品・新サービス発売SNS画像（ポップ・カラフル）","上級"
"BNR-02970","スマホアプリのビフォーアフター・実績バナー（クール・テック）","プロ（演出多め）"
"BNR-02971","農業・地方の生産者のブランディング・認知バナー（ハンドメイド・手書き）","プロ（演出多め）"
"BNR-02972","エステ・脱毛サロンのビフォーアフター・実績SNS画像（ラグジュアリー・高級感）","中級"
"BNR-02973","サウナ・温浴施設のお客様の声・口コミSNS画像（レトロ・Y2K）","中級"
"BNR-02974","YouTuber・インフルエンサーの新商品・新サービス発売SNS画像（かわいい・ガーリー）","中級"
"BNR-02975","スマホアプリのビフォーアフター・実績SNS画像（ポップ・カラフル）","プロ（演出多め）"
"BNR-02976","金融・保険・投資のハウツー・ノウハウ投稿バナー（クール・テック）","プロ（演出多め）"
"BNR-02977","食品・産直ECの資料請求・ホワイトペーパーバナー（ミニマル・洗練）","上級"
"BNR-02978","金融・保険・投資のハウツー・ノウハウ投稿SNS画像（信頼・誠実（コーポレート））","上級"
"BNR-02979","和菓子・スイーツのブランディング・認知バナー（ナチュラル・オーガニック）","上級"
"BNR-02980","YouTuber・インフルエンサーのキャンペーン・プレゼントバナー（かわいい・ガーリー）","上級"
"BNR-02981","保育園・幼児教育・習い事の診断・クイズバナー（かわいい・ガーリー）","プロ（演出多め）"
"BNR-02982","音楽・ライブ・イベントのビフォーアフター・実績SNS画像（ダーク・シネマティック）","プロ（演出多め）"
"BNR-02983","パーソナルジム・フィットネスの採用・求人バナー（エネルギッシュ・スポーティ）","上級"
"BNR-02984","金融・保険・投資の採用・求人SNS画像（パステル・ドリーミー）","上級"
"BNR-02985","エステ・脱毛サロンの採用・求人バナー（ポップ・カラフル）","プロ（演出多め）"
"BNR-02986","工務店・注文住宅・リフォームの採用・求人SNS画像（ミニマル・洗練）","上級"
"BNR-02987","スマホアプリの新商品・新サービス発売SNS画像（グラスモーフィズム）","上級"
"BNR-02988","食品・産直ECの新商品・新サービス発売バナー（ポップ・カラフル）","上級"
"BNR-02989","Web制作・デザイン事務所の新商品・新サービス発売SNS画像（ジオメトリック・グラフィカル）","中級"
"BNR-02990","占い・スピリチュアルのお知らせ・営業案内SNS画像（パステル・ドリーミー）","上級"
"BNR-02991","建築設計事務所のブランディング・認知SNS画像（ミニマル・洗練）","プロ（演出多め）"
"BNR-02992","観光・地域プロモーションのセール・割引告知SNS画像（和モダン）","中級"
"BNR-02993","美容クリニックのお知らせ・営業案内SNS画像（信頼・誠実（コーポレート））","プロ（演出多め）"
"BNR-02994","Web制作・デザイン事務所のイベント・セミナー告知バナー（ダーク・シネマティック）","上級"
"BNR-02995","Web制作・デザイン事務所の採用・求人SNS画像（ジオメトリック・グラフィカル）","プロ（演出多め）"
"BNR-02996","AIサービス・スタートアップの比較・ランキングSNS画像（クール・テック）","上級"
"BNR-02997","SaaS・BtoBツールのお知らせ・営業案内バナー（レトロ・Y2K）","上級"
"BNR-02998","レストラン・居酒屋のハウツー・ノウハウ投稿SNS画像（ダーク・シネマティック）","プロ（演出多め）"
"BNR-02999","保育園・幼児教育・習い事のブランディング・認知バナー（ナチュラル・オーガニック）","プロ（演出多め）"
"BNR-03000","士業（税理士・弁護士・行政書士）の採用・求人SNS画像（和モダン）","中級"
"BNR-03001","歯科医院のキャンペーン・プレゼントSNS画像（ミニマル・洗練）","上級"
"BNR-03002","農業・地方の生産者のハウツー・ノウハウ投稿SNS画像（和モダン）","上級"
"BNR-03003","採用・求人のイベント・セミナー告知バナー（ジオメトリック・グラフィカル）","上級"
"BNR-03004","工務店・注文住宅・リフォームのブランディング・認知SNS画像（北欧・ライフスタイル）","上級"
"BNR-03005","士業（税理士・弁護士・行政書士）のブランディング・認知バナー（エディトリアル・雑誌風）","上級"
"BNR-03006","引越し・生活サービスのビフォーアフター・実績SNS画像（ポップ・カラフル）","中級"
"BNR-03007","レストラン・居酒屋の採用・求人SNS画像（レトロ・Y2K）","上級"
"BNR-03008","保育園・幼児教育・習い事の採用・求人バナー（ダーク・シネマティック）","プロ（演出多め）"
"BNR-03009","ヨガ・ピラティスの採用・求人SNS画像（パステル・ドリーミー）","プロ（演出多め）"
"BNR-03010","SaaS・BtoBツールのお客様の声・口コミSNS画像（クール・テック）","上級"
"BNR-03011","NPO・地方自治体のお知らせ・営業案内SNS画像（信頼・誠実（コーポレート））","プロ（演出多め）"
"BNR-03012","保育園・幼児教育・習い事のお知らせ・営業案内SNS画像（ラグジュアリー・高級感）","上級"
"BNR-03013","音楽・ライブ・イベントの無料体験・無料相談SNS画像（ネオン・サイバー）","プロ（演出多め）"
"BNR-03014","歯科医院の無料体験・無料相談SNS画像（ナチュラル・オーガニック）","上級"
"BNR-03015","ホテル・旅館のキャンペーン・プレゼントSNS画像（ラグジュアリー・高級感）","上級"
"BNR-03016","建築設計事務所のキャンペーン・プレゼントSNS画像（ミニマル・洗練）","上級"
"BNR-03017","美容室・ヘアサロンのお知らせ・営業案内バナー（北欧・ライフスタイル）","上級"
"BNR-03018","英会話・語学のキャンペーン・プレゼントバナー（信頼・誠実（コーポレート））","上級"
"BNR-03019","AIサービス・スタートアップのイベント・セミナー告知SNS画像（ネオン・サイバー）","上級"
"BNR-03020","NPO・地方自治体の資料請求・ホワイトペーパーSNS画像（ジオメトリック・グラフィカル）","中級"
"BNR-03021","AIサービス・スタートアップのキャンペーン・プレゼントバナー（グラスモーフィズム）","上級"
"BNR-03022","金融・保険・投資の診断・クイズバナー（クール・テック）","上級"
"BNR-03023","和菓子・スイーツの採用・求人バナー（ナチュラル・オーガニック）","プロ（演出多め）"
"BNR-03024","自動車・バイクの診断・クイズSNS画像（ラグジュアリー・高級感）","上級"
"BNR-03025","ペット・トリミング・動物病院の診断・クイズSNS画像（3D・クレイ）","プロ（演出多め）"
"BNR-03026","農業・地方の生産者のキャンペーン・プレゼントバナー（和モダン）","上級"
"BNR-03027","コスメ・スキンケアのハウツー・ノウハウ投稿SNS画像（ナチュラル・オーガニック）","上級"
"BNR-03028","農業・地方の生産者のキャンペーン・プレゼントSNS画像（ナチュラル・オーガニック）","上級"
"BNR-03029","スマホアプリのハウツー・ノウハウ投稿SNS画像（ポップ・カラフル）","上級"
"BNR-03030","歯科医院のビフォーアフター・実績SNS画像（ミニマル・洗練）","上級"
"BNR-03031","カフェ・ベーカリーのイベント・セミナー告知SNS画像（レトロ・Y2K）","上級"
"BNR-03032","美容クリニックの無料体験・無料相談SNS画像（和モダン）","プロ（演出多め）"
"BNR-03033","プログラミングスクールのハウツー・ノウハウ投稿SNS画像（クール・テック）","上級"
"BNR-03034","AIサービス・スタートアップの診断・クイズSNS画像（ネオン・サイバー）","プロ（演出多め）"
"BNR-03035","工務店・注文住宅・リフォームの採用・求人バナー（エディトリアル・雑誌風）","プロ（演出多め）"
"BNR-03036","スマホアプリの比較・ランキングSNS画像（3D・クレイ）","上級"
"BNR-03037","占い・スピリチュアルのビフォーアフター・実績バナー（和モダン）","中級"
"BNR-03038","和菓子・スイーツのビフォーアフター・実績バナー（パステル・ドリーミー）","プロ（演出多め）"
"BNR-03039","スクール・オンライン講座の資料請求・ホワイトペーパーSNS画像（信頼・誠実（コーポレート））","プロ（演出多め）"
"BNR-03040","アパレル・ファッションECの比較・ランキングSNS画像（ミニマル・洗練）","上級"
"BNR-03041","ホテル・旅館の新商品・新サービス発売SNS画像（ミニマル・洗練）","上級"
"BNR-03042","士業（税理士・弁護士・行政書士）の無料体験・無料相談SNS画像（レトロ・Y2K）","上級"
"BNR-03043","不動産・マンションの資料請求・ホワイトペーパーSNS画像（ラグジュアリー・高級感）","上級"
"BNR-03044","ペット・トリミング・動物病院の新商品・新サービス発売SNS画像（かわいい・ガーリー）","プロ（演出多め）"
"BNR-03045","採用・求人のキャンペーン・プレゼントSNS画像（エディトリアル・雑誌風）","上級"
"BNR-03046","内科・クリニックの新商品・新サービス発売サムネイル（北欧・ライフスタイル）","上級"
"BNR-03047","採用・求人のブランディング・認知バナー（エネルギッシュ・スポーティ）","上級"
"BNR-03048","和菓子・スイーツの新商品・新サービス発売SNS画像（かわいい・ガーリー）","上級"
"BNR-03049","金融・保険・投資の新商品・新サービス発売バナー（クール・テック）","中級"
"BNR-03050","パーソナルジム・フィットネスのキャンペーン・プレゼントバナー（エネルギッシュ・スポーティ）","上級"
"BNR-03051","保育園・幼児教育・習い事のイベント・セミナー告知SNS画像（ハンドメイド・手書き）","上級"
"BNR-03052","SaaS・BtoBツールの無料体験・無料相談バナー（信頼・誠実（コーポレート））","上級"
"BNR-03053","ホテル・旅館の比較・ランキングバナー（ラグジュアリー・高級感）","プロ（演出多め）"
"BNR-03054","スクール・オンライン講座のブランディング・認知バナー（3D・クレイ）","プロ（演出多め）"
"BNR-03055","金融・保険・投資のセール・割引告知SNS画像（ミニマル・洗練）","中級"
"BNR-03056","歯科医院の採用・求人SNS画像（ミニマル・洗練）","上級"
"BNR-03057","英会話・語学のお客様の声・口コミSNS画像（信頼・誠実（コーポレート））","プロ（演出多め）"
"BNR-03058","工務店・注文住宅・リフォームの新商品・新サービス発売バナー（北欧・ライフスタイル）","プロ（演出多め）"
"BNR-03059","士業（税理士・弁護士・行政書士）のキャンペーン・プレゼントSNS画像（信頼・誠実（コーポレート））","プロ（演出多め）"
"BNR-03060","カフェ・ベーカリーのお知らせ・営業案内バナー（レトロ・Y2K）","プロ（演出多め）"
"BNR-03061","SaaS・BtoBツールのブランディング・認知SNS画像（ミニマル・洗練）","中級"
"BNR-03062","レストラン・居酒屋のセール・割引告知SNS画像（ラグジュアリー・高級感）","中級"
"BNR-03063","AIサービス・スタートアップのお客様の声・口コミバナー（クール・テック）","プロ（演出多め）"
"BNR-03064","農業・地方の生産者のイベント・セミナー告知SNS画像（ハンドメイド・手書き）","プロ（演出多め）"
"BNR-03065","音楽・ライブ・イベントのブランディング・認知バナー（ダーク・シネマティック）","中級"
"BNR-03066","プログラミングスクールの無料体験・無料相談バナー（3D・クレイ）","上級"
"BNR-03067","エステ・脱毛サロンの比較・ランキングSNS画像（かわいい・ガーリー）","上級"
"BNR-03068","ヨガ・ピラティスのブランディング・認知SNS画像（北欧・ライフスタイル）","プロ（演出多め）"
"BNR-03069","士業（税理士・弁護士・行政書士）のイベント・セミナー告知SNS画像（和モダン）","プロ（演出多め）"
"BNR-03070","不動産・マンションのハウツー・ノウハウ投稿バナー（ラグジュアリー・高級感）","上級"
"BNR-03071","英会話・語学の無料体験・無料相談バナー（ナチュラル・オーガニック）","上級"
"BNR-03072","引越し・生活サービスのブランディング・認知バナー（3D・クレイ）","上級"
"BNR-03073","レストラン・居酒屋のハウツー・ノウハウ投稿バナー（和モダン）","プロ（演出多め）"
"BNR-03074","コスメ・スキンケアのハウツー・ノウハウ投稿SNS画像（パステル・ドリーミー）","上級"
"BNR-03075","ペット・トリミング・動物病院のブランディング・認知SNS画像（かわいい・ガーリー）","上級"
"BNR-03076","保育園・幼児教育・習い事の診断・クイズSNS画像（和モダン）","プロ（演出多め）"
"BNR-03077","ペット・トリミング・動物病院の採用・求人SNS画像（クール・テック）","プロ（演出多め）"
"BNR-03078","引越し・生活サービスのお客様の声・口コミSNS画像（信頼・誠実（コーポレート））","プロ（演出多め）"
"BNR-03079","ペット・トリミング・動物病院のお知らせ・営業案内SNS画像（ナチュラル・オーガニック）","プロ（演出多め）"
"BNR-03080","建築設計事務所のお客様の声・口コミバナー（ミニマル・洗練）","プロ（演出多め）"
"BNR-03081","観光・地域プロモーションのビフォーアフター・実績バナー（エディトリアル・雑誌風）","上級"
"BNR-03082","ホテル・旅館の比較・ランキングバナー（ミニマル・洗練）","上級"
"BNR-03083","ペット・トリミング・動物病院のイベント・セミナー告知バナー（ハンドメイド・手書き）","中級"
"BNR-03084","ウェディング・結婚相談所の資料請求・ホワイトペーパーバナー（ミニマル・洗練）","上級"
"BNR-03085","士業（税理士・弁護士・行政書士）のキャンペーン・プレゼントSNS画像（ミニマル・洗練）","上級"
"BNR-03086","和菓子・スイーツの診断・クイズサムネイル（ナチュラル・オーガニック）","プロ（演出多め）"
"BNR-03087","美容クリニックのお客様の声・口コミバナー（ミニマル・洗練）","中級"
"BNR-03088","農業・地方の生産者のセール・割引告知バナー（和モダン）","プロ（演出多め）"
"BNR-03089","士業（税理士・弁護士・行政書士）のお知らせ・営業案内バナー（和モダン）","中級"
"BNR-03090","占い・スピリチュアルのお客様の声・口コミサムネイル（和モダン）","上級"
"BNR-03091","サウナ・温浴施設の新商品・新サービス発売SNS画像（ナチュラル・オーガニック）","中級"
"BNR-03092","AIサービス・スタートアップの資料請求・ホワイトペーパーバナー（ジオメトリック・グラフィカル）","プロ（演出多め）"
"BNR-03093","レストラン・居酒屋のお知らせ・営業案内SNS画像（レトロ・Y2K）","上級"
"BNR-03094","自動車・バイクのビフォーアフター・実績バナー（ラグジュアリー・高級感）","上級"
"BNR-03095","和菓子・スイーツの新商品・新サービス発売SNS画像（ナチュラル・オーガニック）","プロ（演出多め）"
"BNR-03096","美容室・ヘアサロンの新商品・新サービス発売SNS画像（ミニマル・洗練）","中級"
"BNR-03097","AIサービス・スタートアップのビフォーアフター・実績サムネイル（ネオン・サイバー）","上級"
"BNR-03098","士業（税理士・弁護士・行政書士）の診断・クイズSNS画像（ミニマル・洗練）","プロ（演出多め）"
"BNR-03099","英会話・語学の診断・クイズSNS画像（ラグジュアリー・高級感）","中級"
"BNR-03100","歯科医院のキャンペーン・プレゼントバナー（ナチュラル・オーガニック）","上級"
"BNR-03101","英会話・語学のお知らせ・営業案内SNS画像（ポップ・カラフル）","上級"
"BNR-03102","不動産・マンションのお知らせ・営業案内SNS画像（ダーク・シネマティック）","上級"
"BNR-03103","建築設計事務所の比較・ランキングSNS画像（ジオメトリック・グラフィカル）","上級"
"BNR-03104","カフェ・ベーカリーのイベント・セミナー告知バナー（レトロ・Y2K）","プロ（演出多め）"
"BNR-03105","音楽・ライブ・イベントの比較・ランキングバナー（ネオン・サイバー）","プロ（演出多め）"
"BNR-03106","英会話・語学のお客様の声・口コミSNS画像（3D・クレイ）","中級"
"BNR-03107","美容クリニックのイベント・セミナー告知バナー（ミニマル・洗練）","中級"
"BNR-03108","サウナ・温浴施設の無料体験・無料相談バナー（レトロ・Y2K）","プロ（演出多め）"
"BNR-03109","ゲーム・eスポーツの無料体験・無料相談SNS画像（3D・クレイ）","上級"
"BNR-03110","内科・クリニックの診断・クイズSNS画像（和モダン）","上級"
"BNR-03111","ヨガ・ピラティスの資料請求・ホワイトペーパーSNS画像（ジオメトリック・グラフィカル）","プロ（演出多め）"
"BNR-03112","スマホアプリのお客様の声・口コミサムネイル（グラスモーフィズム）","プロ（演出多め）"
"BNR-03113","歯科医院のビフォーアフター・実績サムネイル（信頼・誠実（コーポレート））","プロ（演出多め）"
"BNR-03114","建築設計事務所のキャンペーン・プレゼントSNS画像（ミニマル・洗練）","プロ（演出多め）"
"BNR-03115","工務店・注文住宅・リフォームの無料体験・無料相談バナー（信頼・誠実（コーポレート））","プロ（演出多め）"
"BNR-03116","カフェ・ベーカリーのお客様の声・口コミバナー（ハンドメイド・手書き）","上級"
"BNR-03117","工務店・注文住宅・リフォームのハウツー・ノウハウ投稿バナー（ナチュラル・オーガニック）","プロ（演出多め）"
"BNR-03118","音楽・ライブ・イベントのお客様の声・口コミバナー（ニューブルータリズム）","上級"
"BNR-03119","ホテル・旅館のセール・割引告知SNS画像（ミニマル・洗練）","プロ（演出多め）"
"BNR-03120","ホテル・旅館の採用・求人SNS画像（ラグジュアリー・高級感）","中級"
"BNR-03121","Web制作・デザイン事務所のセール・割引告知バナー（エディトリアル・雑誌風）","上級"
"BNR-03122","カフェ・ベーカリーのお客様の声・口コミSNS画像（ハンドメイド・手書き）","中級"
"BNR-03123","Web制作・デザイン事務所の無料体験・無料相談SNS画像（北欧・ライフスタイル）","上級"
"BNR-03124","コンサル・コーチングの無料体験・無料相談SNS画像（ミニマル・洗練）","上級"
"BNR-03125","士業（税理士・弁護士・行政書士）の比較・ランキングSNS画像（和モダン）","上級"
"BNR-03126","スマホアプリのイベント・セミナー告知SNS画像（3D・クレイ）","プロ（演出多め）"
"BNR-03127","プログラミングスクールの無料体験・無料相談バナー（3D・クレイ）","プロ（演出多め）"
"BNR-03128","食品・産直ECのセール・割引告知SNS画像（ナチュラル・オーガニック）","中級"
"BNR-03129","英会話・語学のお客様の声・口コミSNS画像（エネルギッシュ・スポーティ）","プロ（演出多め）"
"BNR-03130","自動車・バイクのブランディング・認知SNS画像（ラグジュアリー・高級感）","上級"
"BNR-03131","NPO・地方自治体のブランディング・認知SNS画像（信頼・誠実（コーポレート））","プロ（演出多め）"
"BNR-03132","エステ・脱毛サロンの採用・求人バナー（ラグジュアリー・高級感）","プロ（演出多め）"
"BNR-03133","美容室・ヘアサロンのブランディング・認知SNS画像（信頼・誠実（コーポレート））","プロ（演出多め）"
"BNR-03134","建築設計事務所の診断・クイズSNS画像（ミニマル・洗練）","プロ（演出多め）"
"BNR-03135","農業・地方の生産者の採用・求人バナー（ナチュラル・オーガニック）","プロ（演出多め）"
"BNR-03136","音楽・ライブ・イベントの診断・クイズバナー（ニューブルータリズム）","中級"
"BNR-03137","音楽・ライブ・イベントのお知らせ・営業案内バナー（ニューブルータリズム）","上級"
"BNR-03138","保育園・幼児教育・習い事の比較・ランキングSNS画像（ナチュラル・オーガニック）","中級"
"BNR-03139","ペット・トリミング・動物病院の資料請求・ホワイトペーパーバナー（3D・クレイ）","プロ（演出多め）"
"BNR-03140","サウナ・温浴施設のキャンペーン・プレゼントSNS画像（グラスモーフィズム）","プロ（演出多め）"
"BNR-03141","ゲーム・eスポーツのお客様の声・口コミバナー（ダーク・シネマティック）","上級"
"BNR-03142","引越し・生活サービスの無料体験・無料相談SNS画像（ポップ・カラフル）","プロ（演出多め）"
"BNR-03143","農業・地方の生産者の比較・ランキングSNS画像（ラグジュアリー・高級感）","プロ（演出多め）"
"BNR-03144","YouTuber・インフルエンサーの診断・クイズSNS画像（ニューブルータリズム）","中級"
"BNR-03145","工務店・注文住宅・リフォームの無料体験・無料相談バナー（ラグジュアリー・高級感）","上級"
"BNR-03146","ホテル・旅館のビフォーアフター・実績バナー（ミニマル・洗練）","中級"
"BNR-03147","カフェ・ベーカリーの比較・ランキングSNS画像（エディトリアル・雑誌風）","プロ（演出多め）"
"BNR-03148","金融・保険・投資のお客様の声・口コミSNS画像（ダーク・シネマティック）","プロ（演出多め）"
"BNR-03149","SaaS・BtoBツールの無料体験・無料相談SNS画像（ハンドメイド・手書き）","プロ（演出多め）"
"BNR-03150","引越し・生活サービスのキャンペーン・プレゼントSNS画像（ポップ・カラフル）","上級"
"BNR-03151","Web制作・デザイン事務所の比較・ランキングSNS画像（ジオメトリック・グラフィカル）","プロ（演出多め）"
"BNR-03152","エステ・脱毛サロンのお知らせ・営業案内SNS画像（パステル・ドリーミー）","上級"
"BNR-03153","美容クリニックのお客様の声・口コミバナー（ミニマル・洗練）","上級"
"BNR-03154","内科・クリニックのセール・割引告知バナー（ナチュラル・オーガニック）","上級"
"BNR-03155","英会話・語学のお知らせ・営業案内SNS画像（3D・クレイ）","プロ（演出多め）"
"BNR-03156","ホテル・旅館の無料体験・無料相談バナー（和モダン）","プロ（演出多め）"
"BNR-03157","美容室・ヘアサロンのお知らせ・営業案内SNS画像（かわいい・ガーリー）","上級"
"BNR-03158","レストラン・居酒屋の新商品・新サービス発売バナー（レトロ・Y2K）","上級"
"BNR-03159","観光・地域プロモーションの採用・求人SNS画像（和モダン）","プロ（演出多め）"
"BNR-03160","クラウドファンディング・新商品の診断・クイズバナー（クール・テック）","プロ（演出多め）"
"BNR-03161","美容クリニックのハウツー・ノウハウ投稿SNS画像（信頼・誠実（コーポレート））","上級"
"BNR-03162","ウェディング・結婚相談所のキャンペーン・プレゼントSNS画像（エネルギッシュ・スポーティ）","プロ（演出多め）"
"BNR-03163","歯科医院のブランディング・認知バナー（ミニマル・洗練）","プロ（演出多め）"
"BNR-03164","金融・保険・投資のハウツー・ノウハウ投稿SNS画像（ミニマル・洗練）","上級"
"BNR-03165","英会話・語学のお知らせ・営業案内SNS画像（ジオメトリック・グラフィカル）","プロ（演出多め）"
"BNR-03166","プログラミングスクールの比較・ランキングバナー（ポップ・カラフル）","上級"
"BNR-03167","スマホアプリのお客様の声・口コミバナー（ニューブルータリズム）","中級"
"BNR-03168","内科・クリニックのハウツー・ノウハウ投稿SNS画像（信頼・誠実（コーポレート））","プロ（演出多め）"
"BNR-03169","食品・産直ECのハウツー・ノウハウ投稿SNS画像（和モダン）","プロ（演出多め）"
"BNR-03170","ペット・トリミング・動物病院の比較・ランキングSNS画像（ナチュラル・オーガニック）","プロ（演出多め）"
"BNR-03171","ヨガ・ピラティスのハウツー・ノウハウ投稿バナー（ミニマル・洗練）","中級"
"BNR-03172","サウナ・温浴施設のブランディング・認知バナー（ニューブルータリズム）","プロ（演出多め）"
"BNR-03173","占い・スピリチュアルのイベント・セミナー告知バナー（ラグジュアリー・高級感）","上級"
"BNR-03174","スクール・オンライン講座のハウツー・ノウハウ投稿SNS画像（ポップ・カラフル）","上級"
"BNR-03175","YouTuber・インフルエンサーの採用・求人SNS画像（ネオン・サイバー）","上級"
"BNR-03176","スクール・オンライン講座のキャンペーン・プレゼントバナー（エディトリアル・雑誌風）","上級"
"BNR-03177","金融・保険・投資の資料請求・ホワイトペーパーバナー（信頼・誠実（コーポレート））","中級"
"BNR-03178","YouTuber・インフルエンサーの資料請求・ホワイトペーパーSNS画像（ニューブルータリズム）","上級"
"BNR-03179","士業（税理士・弁護士・行政書士）の比較・ランキングバナー（和モダン）","プロ（演出多め）"
"BNR-03180","Web制作・デザイン事務所のキャンペーン・プレゼントバナー（クール・テック）","上級"
"BNR-03181","美容クリニックのイベント・セミナー告知SNS画像（3D・クレイ）","上級"
"BNR-03182","採用・求人のブランディング・認知SNS画像（ジオメトリック・グラフィカル）","プロ（演出多め）"
"BNR-03183","採用・求人の採用・求人バナー（ポップ・カラフル）","上級"
"BNR-03184","採用・求人のキャンペーン・プレゼントバナー（ジオメトリック・グラフィカル）","プロ（演出多め）"
"BNR-03185","美容室・ヘアサロンの診断・クイズバナー（かわいい・ガーリー）","プロ（演出多め）"
"BNR-03186","ペット・トリミング・動物病院のハウツー・ノウハウ投稿サムネイル（かわいい・ガーリー）","中級"
"BNR-03187","スマホアプリのセール・割引告知バナー（グラスモーフィズム）","上級"
"BNR-03188","ウェディング・結婚相談所の新商品・新サービス発売SNS画像（ダーク・シネマティック）","プロ（演出多め）"
"BNR-03189","レストラン・居酒屋のキャンペーン・プレゼントSNS画像（北欧・ライフスタイル）","プロ（演出多め）"
"BNR-03190","SaaS・BtoBツールのブランディング・認知バナー（グラスモーフィズム）","プロ（演出多め）"
"BNR-03191","内科・クリニックの新商品・新サービス発売SNS画像（北欧・ライフスタイル）","プロ（演出多め）"
"BNR-03192","美容クリニックの診断・クイズSNS画像（ラグジュアリー・高級感）","上級"
"BNR-03193","スマホアプリの比較・ランキングSNS画像（ポップ・カラフル）","プロ（演出多め）"
"BNR-03194","ペット・トリミング・動物病院の資料請求・ホワイトペーパーバナー（ネオン・サイバー）","プロ（演出多め）"
"BNR-03195","YouTuber・インフルエンサーのセール・割引告知バナー（ネオン・サイバー）","プロ（演出多め）"
"BNR-03196","和菓子・スイーツのキャンペーン・プレゼントSNS画像（パステル・ドリーミー）","上級"
"BNR-03197","美容室・ヘアサロンのお客様の声・口コミSNS画像（ジオメトリック・グラフィカル）","プロ（演出多め）"
"BNR-03198","食品・産直ECの採用・求人バナー（ハンドメイド・手書き）","上級"
"BNR-03199","引越し・生活サービスのセール・割引告知SNS画像（3D・クレイ）","中級"
"BNR-03200","和菓子・スイーツのお客様の声・口コミSNS画像（パステル・ドリーミー）","上級"
"BNR-03201","コスメ・スキンケアのビフォーアフター・実績SNS画像（グラスモーフィズム）","プロ（演出多め）"
"BNR-03202","保育園・幼児教育・習い事のセール・割引告知バナー（ハンドメイド・手書き）","プロ（演出多め）"
"BNR-03203","観光・地域プロモーションの比較・ランキングSNS画像（ダーク・シネマティック）","上級"
"BNR-03204","ウェディング・結婚相談所のお客様の声・口コミSNS画像（ミニマル・洗練）","プロ（演出多め）"
"BNR-03205","スクール・オンライン講座の新商品・新サービス発売バナー（エディトリアル・雑誌風）","プロ（演出多め）"
"BNR-03206","AIサービス・スタートアップのお客様の声・口コミサムネイル（ネオン・サイバー）","上級"
"BNR-03207","アパレル・ファッションECのセール・割引告知バナー（エディトリアル・雑誌風）","上級"
"BNR-03208","NPO・地方自治体のお知らせ・営業案内SNS画像（ナチュラル・オーガニック）","上級"
"BNR-03209","採用・求人のセール・割引告知バナー（ポップ・カラフル）","上級"
"BNR-03210","YouTuber・インフルエンサーのブランディング・認知SNS画像（ニューブルータリズム）","上級"
"BNR-03211","ヨガ・ピラティスのお知らせ・営業案内バナー（レトロ・Y2K）","プロ（演出多め）"
"BNR-03212","コンサル・コーチングのセール・割引告知SNS画像（ラグジュアリー・高級感）","上級"
"BNR-03213","建築設計事務所のYouTube動画の興味喚起サムネイル（ミニマル・洗練）","プロ（演出多め）"
"BNR-03214","引越し・生活サービスのお客様の声・口コミバナー（3D・クレイ）","上級"
"BNR-03215","コスメ・スキンケアの資料請求・ホワイトペーパーバナー（クール・テック）","プロ（演出多め）"
"BNR-03216","採用・求人の資料請求・ホワイトペーパーバナー（エディトリアル・雑誌風）","プロ（演出多め）"
"BNR-03217","工務店・注文住宅・リフォームのイベント・セミナー告知SNS画像（和モダン）","プロ（演出多め）"
"BNR-03218","カフェ・ベーカリーの診断・クイズSNS画像（ハンドメイド・手書き）","上級"
"BNR-03219","クラウドファンディング・新商品のお知らせ・営業案内バナー（ナチュラル・オーガニック）","プロ（演出多め）"
"BNR-03220","コスメ・スキンケアの無料体験・無料相談バナー（ミニマル・洗練）","プロ（演出多め）"
"BNR-03221","ペット・トリミング・動物病院の無料体験・無料相談バナー（かわいい・ガーリー）","上級"
"BNR-03222","英会話・語学のお客様の声・口コミサムネイル（ポップ・カラフル）","上級"
"BNR-03223","金融・保険・投資のお客様の声・口コミSNS画像（クール・テック）","上級"
"BNR-03224","サウナ・温浴施設のYouTube動画の興味喚起サムネイル（ニューブルータリズム）","プロ（演出多め）"
"BNR-03225","引越し・生活サービスの診断・クイズSNS画像（ポップ・カラフル）","上級"
"BNR-03226","和菓子・スイーツのYouTube動画の興味喚起サムネイル（パステル・ドリーミー）","プロ（演出多め）"
"BNR-03227","農業・地方の生産者の比較・ランキングバナー（ジオメトリック・グラフィカル）","上級"
"BNR-03228","アパレル・ファッションECのイベント・セミナー告知SNS画像（かわいい・ガーリー）","中級"
"BNR-03229","食品・産直ECのハウツー・ノウハウ投稿サムネイル（ナチュラル・オーガニック）","上級"
"BNR-03230","不動産・マンションの比較・ランキングSNS画像（ダーク・シネマティック）","プロ（演出多め）"
"BNR-03231","ヨガ・ピラティスのお知らせ・営業案内バナー（北欧・ライフスタイル）","プロ（演出多め）"
"BNR-03232","ゲーム・eスポーツの新商品・新サービス発売SNS画像（エネルギッシュ・スポーティ）","上級"
"BNR-03233","美容クリニックの採用・求人バナー（ニューブルータリズム）","中級"
"BNR-03234","YouTuber・インフルエンサーの無料体験・無料相談SNS画像（ニューブルータリズム）","プロ（演出多め）"
"BNR-03235","採用・求人の新商品・新サービス発売SNS画像（信頼・誠実（コーポレート））","プロ（演出多め）"
"BNR-03236","歯科医院の比較・ランキングバナー（信頼・誠実（コーポレート））","プロ（演出多め）"
"BNR-03237","士業（税理士・弁護士・行政書士）のハウツー・ノウハウ投稿SNS画像（信頼・誠実（コーポレート））","上級"
"BNR-03238","農業・地方の生産者の診断・クイズバナー（エネルギッシュ・スポーティ）","プロ（演出多め）"
"BNR-03239","内科・クリニックのブランディング・認知SNS画像（北欧・ライフスタイル）","上級"
"BNR-03240","採用・求人の採用・求人SNS画像（エネルギッシュ・スポーティ）","上級"
"BNR-03241","工務店・注文住宅・リフォームのイベント・セミナー告知SNS画像（信頼・誠実（コーポレート））","プロ（演出多め）"
"BNR-03242","農業・地方の生産者のビフォーアフター・実績SNS画像（和モダン）","中級"
"BNR-03243","レストラン・居酒屋の採用・求人バナー（ダーク・シネマティック）","上級"
"BNR-03244","自動車・バイクのお知らせ・営業案内SNS画像（和モダン）","上級"
"BNR-03245","士業（税理士・弁護士・行政書士）の新商品・新サービス発売SNS画像（和モダン）","中級"
"BNR-03246","士業（税理士・弁護士・行政書士）の資料請求・ホワイトペーパーSNS画像（ミニマル・洗練）","上級"
"BNR-03247","カフェ・ベーカリーの比較・ランキングサムネイル（エディトリアル・雑誌風）","上級"
"BNR-03248","英会話・語学のお客様の声・口コミSNS画像（ポップ・カラフル）","中級"
"BNR-03249","ゲーム・eスポーツのハウツー・ノウハウ投稿バナー（3D・クレイ）","上級"
"BNR-03250","和菓子・スイーツのお客様の声・口コミバナー（和モダン）","プロ（演出多め）"
"BNR-03251","建築設計事務所のキャンペーン・プレゼントSNS画像（エディトリアル・雑誌風）","プロ（演出多め）"
"BNR-03252","占い・スピリチュアルの新商品・新サービス発売SNS画像（ラグジュアリー・高級感）","プロ（演出多め）"
"BNR-03253","カフェ・ベーカリーの診断・クイズSNS画像（北欧・ライフスタイル）","上級"
"BNR-03254","SaaS・BtoBツールのハウツー・ノウハウ投稿バナー（信頼・誠実（コーポレート））","上級"
"BNR-03255","引越し・生活サービスのお客様の声・口コミSNS画像（3D・クレイ）","中級"
"BNR-03256","AIサービス・スタートアップの比較・ランキングバナー（ネオン・サイバー）","中級"
"BNR-03257","スクール・オンライン講座の診断・クイズバナー（ポップ・カラフル）","プロ（演出多め）"
"BNR-03258","内科・クリニックのビフォーアフター・実績サムネイル（ハンドメイド・手書き）","プロ（演出多め）"
"BNR-03259","引越し・生活サービスの新商品・新サービス発売サムネイル（3D・クレイ）","上級"
"BNR-03260","農業・地方の生産者の新商品・新サービス発売バナー（ハンドメイド・手書き）","プロ（演出多め）"
"BNR-03261","保育園・幼児教育・習い事のブランディング・認知バナー（ナチュラル・オーガニック）","上級"
"BNR-03262","金融・保険・投資の採用・求人バナー（ニューブルータリズム）","プロ（演出多め）"
"BNR-03263","ゲーム・eスポーツのビフォーアフター・実績SNS画像（ダーク・シネマティック）","プロ（演出多め）"
"BNR-03264","和菓子・スイーツのキャンペーン・プレゼントバナー（かわいい・ガーリー）","中級"
"BNR-03265","内科・クリニックのお客様の声・口コミサムネイル（北欧・ライフスタイル）","上級"
"BNR-03266","スマホアプリの診断・クイズSNS画像（グラスモーフィズム）","プロ（演出多め）"
"BNR-03267","プログラミングスクールの比較・ランキングSNS画像（ネオン・サイバー）","上級"
"BNR-03268","農業・地方の生産者の比較・ランキングSNS画像（和モダン）","プロ（演出多め）"
"BNR-03269","採用・求人のビフォーアフター・実績サムネイル（エディトリアル・雑誌風）","プロ（演出多め）"
"BNR-03270","採用・求人の診断・クイズSNS画像（エネルギッシュ・スポーティ）","上級"
"BNR-03271","スクール・オンライン講座のブランディング・認知SNS画像（ポップ・カラフル）","上級"
"BNR-03272","レストラン・居酒屋のハウツー・ノウハウ投稿バナー（レトロ・Y2K）","上級"
"BNR-03273","保育園・幼児教育・習い事の資料請求・ホワイトペーパーバナー（信頼・誠実（コーポレート））","プロ（演出多め）"
"BNR-03274","パーソナルジム・フィットネスのビフォーアフター・実績SNS画像（エネルギッシュ・スポーティ）","上級"
"BNR-03275","和菓子・スイーツの診断・クイズバナー（信頼・誠実（コーポレート））","プロ（演出多め）"
"BNR-03276","占い・スピリチュアルのお知らせ・営業案内バナー（ダーク・シネマティック）","プロ（演出多め）"
"BNR-03277","占い・スピリチュアルのビフォーアフター・実績バナー（和モダン）","上級"
"BNR-03278","自動車・バイクの採用・求人バナー（ダーク・シネマティック）","上級"
"BNR-03279","コンサル・コーチングの新商品・新サービス発売バナー（クール・テック）","プロ（演出多め）"
"BNR-03280","建築設計事務所の診断・クイズSNS画像（ジオメトリック・グラフィカル）","上級"
"BNR-03281","クラウドファンディング・新商品の比較・ランキングバナー（ナチュラル・オーガニック）","中級"
"BNR-03282","エステ・脱毛サロンのブランディング・認知バナー（ラグジュアリー・高級感）","プロ（演出多め）"
"BNR-03283","ウェディング・結婚相談所のイベント・セミナー告知バナー（ミニマル・洗練）","上級"
"BNR-03284","食品・産直ECの資料請求・ホワイトペーパーバナー（ハンドメイド・手書き）","中級"
"BNR-03285","美容クリニックのハウツー・ノウハウ投稿SNS画像（ミニマル・洗練）","上級"
"BNR-03286","食品・産直ECの比較・ランキングサムネイル（ナチュラル・オーガニック）","中級"
"BNR-03287","カフェ・ベーカリーの診断・クイズSNS画像（レトロ・Y2K）","プロ（演出多め）"
"BNR-03288","英会話・語学の新商品・新サービス発売SNS画像（信頼・誠実（コーポレート））","プロ（演出多め）"
"BNR-03289","内科・クリニックのお客様の声・口コミバナー（ダーク・シネマティック）","中級"
"BNR-03290","ホテル・旅館の無料体験・無料相談SNS画像（北欧・ライフスタイル）","プロ（演出多め）"
"BNR-03291","工務店・注文住宅・リフォームのイベント・セミナー告知SNS画像（北欧・ライフスタイル）","プロ（演出多め）"
"BNR-03292","不動産・マンションの資料請求・ホワイトペーパーSNS画像（ダーク・シネマティック）","上級"
"BNR-03293","金融・保険・投資の比較・ランキングSNS画像（ミニマル・洗練）","プロ（演出多め）"
"BNR-03294","アパレル・ファッションECの診断・クイズSNS画像（ミニマル・洗練）","上級"
"BNR-03295","クラウドファンディング・新商品のビフォーアフター・実績SNS画像（ナチュラル・オーガニック）","上級"
"BNR-03296","音楽・ライブ・イベントの新商品・新サービス発売バナー（ネオン・サイバー）","中級"
"BNR-03297","引越し・生活サービスのブランディング・認知SNS画像（ラグジュアリー・高級感）","プロ（演出多め）"
"BNR-03298","ゲーム・eスポーツのハウツー・ノウハウ投稿バナー（ダーク・シネマティック）","上級"
"BNR-03299","保育園・幼児教育・習い事の比較・ランキングSNS画像（ポップ・カラフル）","上級"
"BNR-03300","クラウドファンディング・新商品の新商品・新サービス発売バナー（ポップ・カラフル）","中級"
"BNR-03301","自動車・バイクのセール・割引告知バナー（クール・テック）","上級"
"BNR-03302","食品・産直ECの比較・ランキングバナー（ハンドメイド・手書き）","上級"
"BNR-03303","コンサル・コーチングの診断・クイズSNS画像（ラグジュアリー・高級感）","上級"
"BNR-03304","ペット・トリミング・動物病院の採用・求人バナー（ハンドメイド・手書き）","中級"
"BNR-03305","ウェディング・結婚相談所のビフォーアフター・実績バナー（パステル・ドリーミー）","上級"
"BNR-03306","引越し・生活サービスのビフォーアフター・実績SNS画像（信頼・誠実（コーポレート））","中級"
"BNR-03307","保育園・幼児教育・習い事のYouTube動画の興味喚起サムネイル（ナチュラル・オーガニック）","プロ（演出多め）"
"BNR-03308","プログラミングスクールのセール・割引告知バナー（ネオン・サイバー）","プロ（演出多め）"
"BNR-03309","内科・クリニックの診断・クイズバナー（ナチュラル・オーガニック）","中級"
"BNR-03310","観光・地域プロモーションの資料請求・ホワイトペーパーSNS画像（ハンドメイド・手書き）","上級"
"BNR-03311","内科・クリニックのYouTube動画の興味喚起サムネイル（ナチュラル・オーガニック）","プロ（演出多め）"
"BNR-03312","音楽・ライブ・イベントのセール・割引告知SNS画像（ネオン・サイバー）","上級"
"BNR-03313","内科・クリニックのハウツー・ノウハウ投稿SNS画像（ナチュラル・オーガニック）","中級"
"BNR-03314","占い・スピリチュアルの診断・クイズSNS画像（パステル・ドリーミー）","プロ（演出多め）"
"BNR-03315","音楽・ライブ・イベントのお客様の声・口コミSNS画像（ダーク・シネマティック）","上級"
"BNR-03316","食品・産直ECの無料体験・無料相談バナー（ハンドメイド・手書き）","プロ（演出多め）"
"BNR-03317","アパレル・ファッションECの無料体験・無料相談バナー（レトロ・Y2K）","プロ（演出多め）"
"BNR-03318","金融・保険・投資の無料体験・無料相談SNS画像（クール・テック）","上級"
"BNR-03319","ウェディング・結婚相談所のイベント・セミナー告知SNS画像（パステル・ドリーミー）","プロ（演出多め）"
"BNR-03320","スクール・オンライン講座のハウツー・ノウハウ投稿バナー（信頼・誠実（コーポレート））","中級"
"BNR-03321","士業（税理士・弁護士・行政書士）のイベント・セミナー告知SNS画像（信頼・誠実（コーポレート））","上級"
"BNR-03322","工務店・注文住宅・リフォームのビフォーアフター・実績SNS画像（ミニマル・洗練）","上級"
"BNR-03323","アパレル・ファッションECの新商品・新サービス発売SNS画像（ニューブルータリズム）","中級"
"BNR-03324","不動産・マンションの比較・ランキングSNS画像（信頼・誠実（コーポレート））","プロ（演出多め）"
"BNR-03325","農業・地方の生産者の無料体験・無料相談SNS画像（ハンドメイド・手書き）","プロ（演出多め）"
"BNR-03326","Web制作・デザイン事務所のブランディング・認知SNS画像（エネルギッシュ・スポーティ）","プロ（演出多め）"
"BNR-03327","パーソナルジム・フィットネスの新商品・新サービス発売SNS画像（エネルギッシュ・スポーティ）","プロ（演出多め）"
"BNR-03328","採用・求人の採用・求人バナー（エディトリアル・雑誌風）","上級"
"BNR-03329","引越し・生活サービスの採用・求人SNS画像（ポップ・カラフル）","プロ（演出多め）"
"BNR-03330","英会話・語学のイベント・セミナー告知バナー（パステル・ドリーミー）","上級"
"BNR-03331","農業・地方の生産者のお知らせ・営業案内バナー（ナチュラル・オーガニック）","プロ（演出多め）"
"BNR-03332","NPO・地方自治体のハウツー・ノウハウ投稿SNS画像（信頼・誠実（コーポレート））","中級"
"BNR-03333","美容クリニックの診断・クイズバナー（ラグジュアリー・高級感）","プロ（演出多め）"
"BNR-03334","SaaS・BtoBツールの比較・ランキングSNS画像（信頼・誠実（コーポレート））","上級"
"BNR-03335","自動車・バイクのお知らせ・営業案内SNS画像（エネルギッシュ・スポーティ）","プロ（演出多め）"
"BNR-03336","プログラミングスクールの資料請求・ホワイトペーパーSNS画像（クール・テック）","プロ（演出多め）"
"BNR-03337","スマホアプリの資料請求・ホワイトペーパーバナー（ハンドメイド・手書き）","プロ（演出多め）"
"BNR-03338","自動車・バイクのビフォーアフター・実績SNS画像（ラグジュアリー・高級感）","上級"
"BNR-03339","占い・スピリチュアルの新商品・新サービス発売バナー（パステル・ドリーミー）","プロ（演出多め）"
"BNR-03340","クラウドファンディング・新商品の新商品・新サービス発売バナー（ミニマル・洗練）","上級"
"BNR-03341","士業（税理士・弁護士・行政書士）のお知らせ・営業案内バナー（ナチュラル・オーガニック）","中級"
"BNR-03342","美容室・ヘアサロンの採用・求人SNS画像（北欧・ライフスタイル）","上級"
"BNR-03343","ホテル・旅館のお知らせ・営業案内SNS画像（ラグジュアリー・高級感）","上級"
"BNR-03344","保育園・幼児教育・習い事のハウツー・ノウハウ投稿バナー（ナチュラル・オーガニック）","上級"
"BNR-03345","美容室・ヘアサロンのキャンペーン・プレゼントSNS画像（ミニマル・洗練）","上級"
"BNR-03346","工務店・注文住宅・リフォームの診断・クイズSNS画像（信頼・誠実（コーポレート））","プロ（演出多め）"
"BNR-03347","Web制作・デザイン事務所のお知らせ・営業案内SNS画像（ジオメトリック・グラフィカル）","上級"
"BNR-03348","コスメ・スキンケアの資料請求・ホワイトペーパーバナー（ミニマル・洗練）","上級"
"BNR-03349","自動車・バイクの診断・クイズSNS画像（クール・テック）","プロ（演出多め）"
"BNR-03350","ペット・トリミング・動物病院のキャンペーン・プレゼントバナー（ハンドメイド・手書き）","中級"
"BNR-03351","NPO・地方自治体の無料体験・無料相談SNS画像（ナチュラル・オーガニック）","プロ（演出多め）"
"BNR-03352","カフェ・ベーカリーのセール・割引告知バナー（ナチュラル・オーガニック）","上級"
"BNR-03353","YouTuber・インフルエンサーの資料請求・ホワイトペーパーSNS画像（ポップ・カラフル）","上級"
"BNR-03354","コスメ・スキンケアの資料請求・ホワイトペーパーバナー（パステル・ドリーミー）","上級"
"BNR-03355","YouTuber・インフルエンサーのイベント・セミナー告知SNS画像（グラスモーフィズム）","上級"
"BNR-03356","英会話・語学の新商品・新サービス発売SNS画像（3D・クレイ）","上級"
"BNR-03357","採用・求人のビフォーアフター・実績SNS画像（ポップ・カラフル）","上級"
"BNR-03358","歯科医院のお客様の声・口コミサムネイル（グラスモーフィズム）","プロ（演出多め）"
"BNR-03359","コンサル・コーチングのセール・割引告知バナー（信頼・誠実（コーポレート））","プロ（演出多め）"
"BNR-03360","サウナ・温浴施設の比較・ランキングバナー（エディトリアル・雑誌風）","プロ（演出多め）"
"BNR-03361","美容クリニックのセール・割引告知SNS画像（信頼・誠実（コーポレート））","プロ（演出多め）"
"BNR-03362","ウェディング・結婚相談所の無料体験・無料相談SNS画像（ラグジュアリー・高級感）","上級"
"BNR-03363","内科・クリニックの無料体験・無料相談バナー（信頼・誠実（コーポレート））","上級"
"BNR-03364","建築設計事務所のブランディング・認知SNS画像（ハンドメイド・手書き）","上級"
"BNR-03365","YouTuber・インフルエンサーのブランディング・認知SNS画像（かわいい・ガーリー）","中級"
"BNR-03366","ウェディング・結婚相談所の比較・ランキングバナー（かわいい・ガーリー）","上級"
"BNR-03367","NPO・地方自治体の新商品・新サービス発売SNS画像（ハンドメイド・手書き）","プロ（演出多め）"
"BNR-03368","工務店・注文住宅・リフォームのブランディング・認知SNS画像（信頼・誠実（コーポレート））","上級"
"BNR-03369","英会話・語学のお客様の声・口コミバナー（ジオメトリック・グラフィカル）","プロ（演出多め）"
"BNR-03370","ペット・トリミング・動物病院のハウツー・ノウハウ投稿SNS画像（かわいい・ガーリー）","プロ（演出多め）"
"BNR-03371","YouTuber・インフルエンサーのセール・割引告知バナー（信頼・誠実（コーポレート））","上級"
"BNR-03372","観光・地域プロモーションの診断・クイズバナー（和モダン）","プロ（演出多め）"
"BNR-03373","AIサービス・スタートアップのお客様の声・口コミバナー（エネルギッシュ・スポーティ）","上級"
"BNR-03374","音楽・ライブ・イベントのお知らせ・営業案内バナー（ニューブルータリズム）","中級"
"BNR-03375","自動車・バイクの無料体験・無料相談SNS画像（エネルギッシュ・スポーティ）","上級"
"BNR-03376","NPO・地方自治体の比較・ランキングSNS画像（ナチュラル・オーガニック）","上級"
"BNR-03377","スマホアプリのハウツー・ノウハウ投稿SNS画像（クール・テック）","中級"
"BNR-03378","NPO・地方自治体のビフォーアフター・実績バナー（ハンドメイド・手書き）","上級"
"BNR-03379","建築設計事務所のセール・割引告知バナー（ミニマル・洗練）","上級"
"BNR-03380","建築設計事務所のビフォーアフター・実績SNS画像（エディトリアル・雑誌風）","上級"
"BNR-03381","美容クリニックの診断・クイズSNS画像（信頼・誠実（コーポレート））","プロ（演出多め）"
"BNR-03382","英会話・語学のビフォーアフター・実績バナー（3D・クレイ）","プロ（演出多め）"
"BNR-03383","不動産・マンションの新商品・新サービス発売SNS画像（ラグジュアリー・高級感）","上級"
"BNR-03384","AIサービス・スタートアップのイベント・セミナー告知SNS画像（ラグジュアリー・高級感）","上級"
"BNR-03385","音楽・ライブ・イベントのハウツー・ノウハウ投稿バナー（ネオン・サイバー）","中級"
"BNR-03386","ホテル・旅館のビフォーアフター・実績バナー（ミニマル・洗練）","プロ（演出多め）"
"BNR-03387","ペット・トリミング・動物病院の新商品・新サービス発売バナー（かわいい・ガーリー）","プロ（演出多め）"
"BNR-03388","不動産・マンションの診断・クイズバナー（信頼・誠実（コーポレート））","プロ（演出多め）"
"BNR-03389","美容室・ヘアサロンの採用・求人バナー（エディトリアル・雑誌風）","プロ（演出多め）"
"BNR-03390","引越し・生活サービスのYouTube動画の興味喚起サムネイル（3D・クレイ）","上級"
"BNR-03391","和菓子・スイーツのキャンペーン・プレゼントSNS画像（パステル・ドリーミー）","プロ（演出多め）"
"BNR-03392","歯科医院のお知らせ・営業案内SNS画像（信頼・誠実（コーポレート））","上級"
"BNR-03393","スクール・オンライン講座のブランディング・認知SNS画像（信頼・誠実（コーポレート））","プロ（演出多め）"
"BNR-03394","スクール・オンライン講座の資料請求・ホワイトペーパーSNS画像（ポップ・カラフル）","中級"
"BNR-03395","観光・地域プロモーションの新商品・新サービス発売SNS画像（和モダン）","中級"
"BNR-03396","レストラン・居酒屋の無料体験・無料相談SNS画像（ダーク・シネマティック）","上級"
"BNR-03397","レストラン・居酒屋のブランディング・認知SNS画像（ラグジュアリー・高級感）","プロ（演出多め）"
"BNR-03398","AIサービス・スタートアップのセール・割引告知SNS画像（ネオン・サイバー）","プロ（演出多め）"
"BNR-03399","ウェディング・結婚相談所の採用・求人バナー（レトロ・Y2K）","上級"
"BNR-03400","YouTuber・インフルエンサーの診断・クイズSNS画像（ポップ・カラフル）","上級"
"BNR-03401","採用・求人の比較・ランキングバナー（エネルギッシュ・スポーティ）","プロ（演出多め）"
"BNR-03402","ホテル・旅館のイベント・セミナー告知SNS画像（パステル・ドリーミー）","プロ（演出多め）"
"BNR-03403","AIサービス・スタートアップのお知らせ・営業案内バナー（グラスモーフィズム）","中級"
"BNR-03404","コスメ・スキンケアのハウツー・ノウハウ投稿SNS画像（パステル・ドリーミー）","上級"
"BNR-03405","和菓子・スイーツのブランディング・認知SNS画像（パステル・ドリーミー）","上級"
"BNR-03406","ホテル・旅館のキャンペーン・プレゼントバナー（ダーク・シネマティック）","プロ（演出多め）"
"BNR-03407","ヨガ・ピラティスのビフォーアフター・実績SNS画像（パステル・ドリーミー）","中級"
"BNR-03408","クラウドファンディング・新商品のセール・割引告知SNS画像（クール・テック）","プロ（演出多め）"
"BNR-03409","ウェディング・結婚相談所のイベント・セミナー告知バナー（パステル・ドリーミー）","プロ（演出多め）"
"BNR-03410","ヨガ・ピラティスの無料体験・無料相談SNS画像（かわいい・ガーリー）","プロ（演出多め）"
"BNR-03411","自動車・バイクのセール・割引告知SNS画像（クール・テック）","プロ（演出多め）"
"BNR-03412","美容クリニックのお知らせ・営業案内SNS画像（ラグジュアリー・高級感）","中級"
"BNR-03413","農業・地方の生産者のお客様の声・口コミバナー（和モダン）","プロ（演出多め）"
"BNR-03414","ヨガ・ピラティスの新商品・新サービス発売SNS画像（レトロ・Y2K）","上級"
"BNR-03415","ペット・トリミング・動物病院の診断・クイズSNS画像（クール・テック）","プロ（演出多め）"
"BNR-03416","美容室・ヘアサロンのハウツー・ノウハウ投稿SNS画像（ラグジュアリー・高級感）","上級"
"BNR-03417","Web制作・デザイン事務所のビフォーアフター・実績SNS画像（クール・テック）","プロ（演出多め）"
"BNR-03418","ゲーム・eスポーツの診断・クイズSNS画像（ネオン・サイバー）","プロ（演出多め）"
"BNR-03419","占い・スピリチュアルのセール・割引告知SNS画像（ダーク・シネマティック）","プロ（演出多め）"
"BNR-03420","士業（税理士・弁護士・行政書士）の比較・ランキングSNS画像（信頼・誠実（コーポレート））","上級"
"BNR-03421","プログラミングスクールの採用・求人SNS画像（ネオン・サイバー）","上級"
"BNR-03422","ペット・トリミング・動物病院のお客様の声・口コミSNS画像（パステル・ドリーミー）","プロ（演出多め）"
"BNR-03423","YouTuber・インフルエンサーの比較・ランキングバナー（ニューブルータリズム）","プロ（演出多め）"
"BNR-03424","保育園・幼児教育・習い事のビフォーアフター・実績バナー（ナチュラル・オーガニック）","プロ（演出多め）"
"BNR-03425","自動車・バイクの新商品・新サービス発売SNS画像（クール・テック）","プロ（演出多め）"
"BNR-03426","スマホアプリのビフォーアフター・実績SNS画像（3D・クレイ）","プロ（演出多め）"
"BNR-03427","サウナ・温浴施設のハウツー・ノウハウ投稿バナー（ラグジュアリー・高級感）","上級"
"BNR-03428","NPO・地方自治体のイベント・セミナー告知SNS画像（信頼・誠実（コーポレート））","上級"
"BNR-03429","SaaS・BtoBツールの新商品・新サービス発売SNS画像（3D・クレイ）","プロ（演出多め）"
"BNR-03430","レストラン・居酒屋の新商品・新サービス発売バナー（和モダン）","プロ（演出多め）"
"BNR-03431","食品・産直ECのセール・割引告知バナー（和モダン）","プロ（演出多め）"
"BNR-03432","スクール・オンライン講座の新商品・新サービス発売SNS画像（パステル・ドリーミー）","中級"
"BNR-03433","工務店・注文住宅・リフォームのブランディング・認知バナー（信頼・誠実（コーポレート））","プロ（演出多め）"
"BNR-03434","クラウドファンディング・新商品の診断・クイズバナー（クール・テック）","上級"
"BNR-03435","コンサル・コーチングの採用・求人SNS画像（レトロ・Y2K）","上級"
"BNR-03436","スクール・オンライン講座の採用・求人バナー（ポップ・カラフル）","上級"
"BNR-03437","コンサル・コーチングのセール・割引告知SNS画像（エディトリアル・雑誌風）","中級"
"BNR-03438","農業・地方の生産者の診断・クイズSNS画像（ナチュラル・オーガニック）","プロ（演出多め）"
"BNR-03439","英会話・語学のイベント・セミナー告知SNS画像（ジオメトリック・グラフィカル）","プロ（演出多め）"
"BNR-03440","美容クリニックのビフォーアフター・実績バナー（ネオン・サイバー）","プロ（演出多め）"
"BNR-03441","レストラン・居酒屋のお客様の声・口コミバナー（ラグジュアリー・高級感）","上級"
"BNR-03442","プログラミングスクールの新商品・新サービス発売SNS画像（ダーク・シネマティック）","プロ（演出多め）"
"BNR-03443","コスメ・スキンケアの無料体験・無料相談バナー（ミニマル・洗練）","プロ（演出多め）"
"BNR-03444","食品・産直ECの無料体験・無料相談SNS画像（ハンドメイド・手書き）","上級"
"BNR-03445","農業・地方の生産者の診断・クイズSNS画像（ハンドメイド・手書き）","中級"
"BNR-03446","採用・求人の無料体験・無料相談SNS画像（ポップ・カラフル）","中級"
"BNR-03447","レストラン・居酒屋のセール・割引告知SNS画像（パステル・ドリーミー）","上級"
"BNR-03448","建築設計事務所のビフォーアフター・実績SNS画像（エディトリアル・雑誌風）","上級"
"BNR-03449","ヨガ・ピラティスの無料体験・無料相談バナー（パステル・ドリーミー）","上級"
"BNR-03450","レストラン・居酒屋の比較・ランキングバナー（ラグジュアリー・高級感）","プロ（演出多め）"
"BNR-03451","クラウドファンディング・新商品のお客様の声・口コミバナー（ポップ・カラフル）","プロ（演出多め）"
"BNR-03452","不動産・マンションのブランディング・認知SNS画像（ダーク・シネマティック）","プロ（演出多め）"
"BNR-03453","音楽・ライブ・イベントの新商品・新サービス発売SNS画像（ネオン・サイバー）","中級"
"BNR-03454","パーソナルジム・フィットネスの診断・クイズSNS画像（エネルギッシュ・スポーティ）","プロ（演出多め）"
"BNR-03455","スクール・オンライン講座の新商品・新サービス発売バナー（信頼・誠実（コーポレート））","プロ（演出多め）"
"BNR-03456","ゲーム・eスポーツの採用・求人バナー（信頼・誠実（コーポレート））","プロ（演出多め）"
"BNR-03457","クラウドファンディング・新商品のハウツー・ノウハウ投稿バナー（グラスモーフィズム）","上級"
"BNR-03458","カフェ・ベーカリーのキャンペーン・プレゼントSNS画像（北欧・ライフスタイル）","プロ（演出多め）"
"BNR-03459","カフェ・ベーカリーのお知らせ・営業案内SNS画像（北欧・ライフスタイル）","プロ（演出多め）"
"BNR-03460","内科・クリニックの新商品・新サービス発売SNS画像（かわいい・ガーリー）","プロ（演出多め）"
"BNR-03461","ヨガ・ピラティスのセール・割引告知バナー（北欧・ライフスタイル）","上級"
"BNR-03462","不動産・マンションのブランディング・認知SNS画像（ダーク・シネマティック）","上級"
"BNR-03463","占い・スピリチュアルのブランディング・認知SNS画像（パステル・ドリーミー）","上級"
"BNR-03464","自動車・バイクのお客様の声・口コミバナー（ナチュラル・オーガニック）","上級"
"BNR-03465","NPO・地方自治体の採用・求人バナー（ミニマル・洗練）","プロ（演出多め）"
"BNR-03466","コスメ・スキンケアのイベント・セミナー告知SNS画像（ミニマル・洗練）","中級"
"BNR-03467","ヨガ・ピラティスのお知らせ・営業案内SNS画像（パステル・ドリーミー）","上級"
"BNR-03468","自動車・バイクのセール・割引告知SNS画像（ラグジュアリー・高級感）","中級"
"BNR-03469","観光・地域プロモーションのブランディング・認知SNS画像（ハンドメイド・手書き）","プロ（演出多め）"
"BNR-03470","ウェディング・結婚相談所のセール・割引告知バナー（北欧・ライフスタイル）","プロ（演出多め）"
"BNR-03471","金融・保険・投資のセール・割引告知バナー（ミニマル・洗練）","上級"
"BNR-03472","工務店・注文住宅・リフォームのキャンペーン・プレゼントバナー（レトロ・Y2K）","中級"
"BNR-03473","和菓子・スイーツの新商品・新サービス発売SNS画像（かわいい・ガーリー）","上級"
"BNR-03474","音楽・ライブ・イベントの資料請求・ホワイトペーパーSNS画像（ネオン・サイバー）","上級"
"BNR-03475","食品・産直ECのYouTube動画の興味喚起サムネイル（和モダン）","プロ（演出多め）"
"BNR-03476","カフェ・ベーカリーの診断・クイズバナー（レトロ・Y2K）","上級"
"BNR-03477","ウェディング・結婚相談所のお知らせ・営業案内バナー（ラグジュアリー・高級感）","上級"
"BNR-03478","スマホアプリのビフォーアフター・実績SNS画像（ポップ・カラフル）","プロ（演出多め）"
"BNR-03479","Web制作・デザイン事務所の採用・求人SNS画像（ジオメトリック・グラフィカル）","上級"
"BNR-03480","レストラン・居酒屋のお客様の声・口コミSNS画像（エネルギッシュ・スポーティ）","プロ（演出多め）"
"BNR-03481","士業（税理士・弁護士・行政書士）のビフォーアフター・実績バナー（ミニマル・洗練）","上級"
"BNR-03482","サウナ・温浴施設の採用・求人SNS画像（レトロ・Y2K）","上級"
"BNR-03483","音楽・ライブ・イベントの診断・クイズSNS画像（ダーク・シネマティック）","プロ（演出多め）"
"BNR-03484","SaaS・BtoBツールの採用・求人バナー（信頼・誠実（コーポレート））","プロ（演出多め）"
"BNR-03485","内科・クリニックのビフォーアフター・実績SNS画像（信頼・誠実（コーポレート））","プロ（演出多め）"
"BNR-03486","レストラン・居酒屋のブランディング・認知バナー（和モダン）","プロ（演出多め）"
"BNR-03487","プログラミングスクールのハウツー・ノウハウ投稿バナー（3D・クレイ）","プロ（演出多め）"
"BNR-03488","建築設計事務所のお客様の声・口コミバナー（ミニマル・洗練）","プロ（演出多め）"
"BNR-03489","エステ・脱毛サロンの無料体験・無料相談バナー（ダーク・シネマティック）","上級"
"BNR-03490","工務店・注文住宅・リフォームのキャンペーン・プレゼントバナー（ハンドメイド・手書き）","プロ（演出多め）"
"BNR-03491","工務店・注文住宅・リフォームの新商品・新サービス発売SNS画像（信頼・誠実（コーポレート））","プロ（演出多め）"
"BNR-03492","レストラン・居酒屋の採用・求人バナー（和モダン）","上級"
"BNR-03493","美容クリニックのセール・割引告知バナー（ミニマル・洗練）","上級"
"BNR-03494","音楽・ライブ・イベントのビフォーアフター・実績バナー（レトロ・Y2K）","プロ（演出多め）"
"BNR-03495","エステ・脱毛サロンの採用・求人SNS画像（ラグジュアリー・高級感）","上級"
"BNR-03496","コスメ・スキンケアの採用・求人バナー（パステル・ドリーミー）","プロ（演出多め）"
"BNR-03497","Web制作・デザイン事務所の新商品・新サービス発売SNS画像（エディトリアル・雑誌風）","中級"
"BNR-03498","農業・地方の生産者のお知らせ・営業案内バナー（和モダン）","上級"
"BNR-03499","美容室・ヘアサロンの資料請求・ホワイトペーパーSNS画像（かわいい・ガーリー）","上級"
"BNR-03500","ホテル・旅館の資料請求・ホワイトペーパーSNS画像（和モダン）","上級"
"BNR-03501","NPO・地方自治体のハウツー・ノウハウ投稿サムネイル（信頼・誠実（コーポレート））","上級"
"BNR-03502","プログラミングスクールのお客様の声・口コミバナー（ポップ・カラフル）","プロ（演出多め）"
"BNR-03503","SaaS・BtoBツールのイベント・セミナー告知SNS画像（信頼・誠実（コーポレート））","上級"
"BNR-03504","コスメ・スキンケアの無料体験・無料相談バナー（ミニマル・洗練）","上級"
"BNR-03505","AIサービス・スタートアップのイベント・セミナー告知SNS画像（ダーク・シネマティック）","上級"
"BNR-03506","農業・地方の生産者の資料請求・ホワイトペーパーバナー（北欧・ライフスタイル）","プロ（演出多め）"
"BNR-03507","SaaS・BtoBツールのハウツー・ノウハウ投稿バナー（ミニマル・洗練）","プロ（演出多め）"
"BNR-03508","美容室・ヘアサロンのお知らせ・営業案内バナー（かわいい・ガーリー）","プロ（演出多め）"
"BNR-03509","美容室・ヘアサロンのお客様の声・口コミバナー（北欧・ライフスタイル）","プロ（演出多め）"
"BNR-03510","観光・地域プロモーションのお客様の声・口コミSNS画像（ハンドメイド・手書き）","上級"
"BNR-03511","和菓子・スイーツのイベント・セミナー告知バナー（パステル・ドリーミー）","上級"
"BNR-03512","ヨガ・ピラティスのキャンペーン・プレゼントSNS画像（ニューブルータリズム）","上級"
"BNR-03513","プログラミングスクールのキャンペーン・プレゼントSNS画像（レトロ・Y2K）","中級"
"BNR-03514","建築設計事務所の診断・クイズバナー（ネオン・サイバー）","上級"
"BNR-03515","美容室・ヘアサロンの比較・ランキングSNS画像（エディトリアル・雑誌風）","上級"
"BNR-03516","SaaS・BtoBツールの資料請求・ホワイトペーパーバナー（グラスモーフィズム）","上級"
"BNR-03517","建築設計事務所の無料体験・無料相談SNS画像（ジオメトリック・グラフィカル）","上級"
"BNR-03518","ゲーム・eスポーツのお客様の声・口コミバナー（レトロ・Y2K）","プロ（演出多め）"
"BNR-03519","工務店・注文住宅・リフォームのイベント・セミナー告知SNS画像（ナチュラル・オーガニック）","プロ（演出多め）"
"BNR-03520","観光・地域プロモーションのお知らせ・営業案内SNS画像（ハンドメイド・手書き）","プロ（演出多め）"
"BNR-03521","SaaS・BtoBツールのブランディング・認知SNS画像（ジオメトリック・グラフィカル）","上級"
"BNR-03522","観光・地域プロモーションの採用・求人バナー（和モダン）","プロ（演出多め）"
"BNR-03523","YouTuber・インフルエンサーのビフォーアフター・実績SNS画像（ポップ・カラフル）","プロ（演出多め）"
"BNR-03524","美容クリニックのイベント・セミナー告知バナー（ラグジュアリー・高級感）","上級"
"BNR-03525","AIサービス・スタートアップの無料体験・無料相談バナー（ミニマル・洗練）","プロ（演出多め）"
"BNR-03526","音楽・ライブ・イベントのお知らせ・営業案内SNS画像（ポップ・カラフル）","プロ（演出多め）"
"BNR-03527","パーソナルジム・フィットネスのお客様の声・口コミバナー（ダーク・シネマティック）","上級"
"BNR-03528","内科・クリニックのブランディング・認知SNS画像（信頼・誠実（コーポレート））","上級"
"BNR-03529","引越し・生活サービスのキャンペーン・プレゼントSNS画像（3D・クレイ）","上級"
"BNR-03530","占い・スピリチュアルのブランディング・認知SNS画像（和モダン）","プロ（演出多め）"
"BNR-03531","スマホアプリの資料請求・ホワイトペーパーSNS画像（クール・テック）","プロ（演出多め）"
"BNR-03532","観光・地域プロモーションのお客様の声・口コミSNS画像（ナチュラル・オーガニック）","プロ（演出多め）"
"BNR-03533","ホテル・旅館の資料請求・ホワイトペーパーバナー（和モダン）","プロ（演出多め）"
"BNR-03534","クラウドファンディング・新商品のお客様の声・口コミSNS画像（ダーク・シネマティック）","中級"
"BNR-03535","農業・地方の生産者のハウツー・ノウハウ投稿SNS画像（和モダン）","上級"
"BNR-03536","美容クリニックの新商品・新サービス発売SNS画像（ミニマル・洗練）","プロ（演出多め）"
"BNR-03537","食品・産直ECのイベント・セミナー告知SNS画像（和モダン）","プロ（演出多め）"
"BNR-03538","自動車・バイクのお客様の声・口コミSNS画像（ダーク・シネマティック）","プロ（演出多め）"
"BNR-03539","ペット・トリミング・動物病院のブランディング・認知バナー（ナチュラル・オーガニック）","プロ（演出多め）"
"BNR-03540","カフェ・ベーカリーの新商品・新サービス発売バナー（北欧・ライフスタイル）","上級"
"BNR-03541","食品・産直ECの比較・ランキングバナー（和モダン）","上級"
"BNR-03542","音楽・ライブ・イベントのビフォーアフター・実績バナー（レトロ・Y2K）","プロ（演出多め）"
"BNR-03543","ヨガ・ピラティスのお客様の声・口コミSNS画像（パステル・ドリーミー）","プロ（演出多め）"
"BNR-03544","保育園・幼児教育・習い事の資料請求・ホワイトペーパーSNS画像（ポップ・カラフル）","上級"
"BNR-03545","エステ・脱毛サロンの診断・クイズバナー（ミニマル・洗練）","上級"
"BNR-03546","NPO・地方自治体のお知らせ・営業案内SNS画像（信頼・誠実（コーポレート））","上級"
"BNR-03547","英会話・語学の新商品・新サービス発売バナー（グラスモーフィズム）","プロ（演出多め）"
"BNR-03548","保育園・幼児教育・習い事のYouTube動画の興味喚起サムネイル（ポップ・カラフル）","プロ（演出多め）"
"BNR-03549","パーソナルジム・フィットネスの採用・求人SNS画像（クール・テック）","上級"
"BNR-03550","農業・地方の生産者のセール・割引告知バナー（ハンドメイド・手書き）","上級"
"BNR-03551","NPO・地方自治体の資料請求・ホワイトペーパーSNS画像（信頼・誠実（コーポレート））","プロ（演出多め）"
"BNR-03552","アパレル・ファッションECのビフォーアフター・実績SNS画像（レトロ・Y2K）","上級"
"BNR-03553","歯科医院のお客様の声・口コミバナー（ミニマル・洗練）","中級"
"BNR-03554","プログラミングスクールのお知らせ・営業案内SNS画像（和モダン）","プロ（演出多め）"
"BNR-03555","パーソナルジム・フィットネスの診断・クイズバナー（クール・テック）","上級"
"BNR-03556","ウェディング・結婚相談所のセール・割引告知SNS画像（ミニマル・洗練）","プロ（演出多め）"
"BNR-03557","美容室・ヘアサロンの無料体験・無料相談バナー（クール・テック）","中級"
"BNR-03558","音楽・ライブ・イベントのお知らせ・営業案内SNS画像（ネオン・サイバー）","中級"
"BNR-03559","観光・地域プロモーションのキャンペーン・プレゼントバナー（ハンドメイド・手書き）","プロ（演出多め）"
"BNR-03560","不動産・マンションの無料体験・無料相談バナー（ミニマル・洗練）","プロ（演出多め）"
"BNR-03561","スマホアプリのお客様の声・口コミバナー（ポップ・カラフル）","中級"
"BNR-03562","採用・求人の新商品・新サービス発売SNS画像（信頼・誠実（コーポレート））","プロ（演出多め）"
"BNR-03563","引越し・生活サービスの診断・クイズSNS画像（かわいい・ガーリー）","上級"
"BNR-03564","スクール・オンライン講座のハウツー・ノウハウ投稿バナー（3D・クレイ）","上級"
"BNR-03565","美容クリニックのセール・割引告知SNS画像（信頼・誠実（コーポレート））","中級"
"BNR-03566","金融・保険・投資の資料請求・ホワイトペーパーバナー（信頼・誠実（コーポレート））","上級"
"BNR-03567","コンサル・コーチングの採用・求人バナー（ミニマル・洗練）","中級"
"BNR-03568","和菓子・スイーツの採用・求人SNS画像（ナチュラル・オーガニック）","上級"
"BNR-03569","NPO・地方自治体のビフォーアフター・実績SNS画像（ハンドメイド・手書き）","プロ（演出多め）"
"BNR-03570","金融・保険・投資のお知らせ・営業案内SNS画像（ミニマル・洗練）","上級"
"BNR-03571","コンサル・コーチングの比較・ランキングバナー（ラグジュアリー・高級感）","上級"
"BNR-03572","観光・地域プロモーションの診断・クイズバナー（ナチュラル・オーガニック）","上級"
"BNR-03573","建築設計事務所のブランディング・認知バナー（ジオメトリック・グラフィカル）","上級"
"BNR-03574","YouTuber・インフルエンサーの新商品・新サービス発売バナー（かわいい・ガーリー）","プロ（演出多め）"
"BNR-03575","ヨガ・ピラティスのブランディング・認知バナー（ミニマル・洗練）","上級"
"BNR-03576","金融・保険・投資のお客様の声・口コミSNS画像（ミニマル・洗練）","上級"
"BNR-03577","不動産・マンションの比較・ランキングバナー（信頼・誠実（コーポレート））","上級"
"BNR-03578","クラウドファンディング・新商品のセール・割引告知SNS画像（ダーク・シネマティック）","中級"
"BNR-03579","コスメ・スキンケアのハウツー・ノウハウ投稿SNS画像（レトロ・Y2K）","プロ（演出多め）"
"BNR-03580","SaaS・BtoBツールの診断・クイズサムネイル（グラスモーフィズム）","上級"
"BNR-03581","引越し・生活サービスのブランディング・認知SNS画像（ポップ・カラフル）","中級"
"BNR-03582","引越し・生活サービスのお知らせ・営業案内SNS画像（ポップ・カラフル）","プロ（演出多め）"
"BNR-03583","NPO・地方自治体の診断・クイズSNS画像（信頼・誠実（コーポレート））","上級"
"BNR-03584","AIサービス・スタートアップの資料請求・ホワイトペーパーSNS画像（クール・テック）","上級"
"BNR-03585","不動産・マンションの比較・ランキングバナー（ダーク・シネマティック）","プロ（演出多め）"
"BNR-03586","スクール・オンライン講座の無料体験・無料相談SNS画像（クール・テック）","上級"
"BNR-03587","和菓子・スイーツの新商品・新サービス発売バナー（和モダン）","中級"
"BNR-03588","サウナ・温浴施設の診断・クイズバナー（和モダン）","上級"
"BNR-03589","採用・求人の比較・ランキングバナー（信頼・誠実（コーポレート））","中級"
"BNR-03590","カフェ・ベーカリーのキャンペーン・プレゼントSNS画像（エディトリアル・雑誌風）","上級"
"BNR-03591","サウナ・温浴施設のイベント・セミナー告知SNS画像（レトロ・Y2K）","プロ（演出多め）"
"BNR-03592","クラウドファンディング・新商品のビフォーアフター・実績SNS画像（ダーク・シネマティック）","プロ（演出多め）"
"BNR-03593","コンサル・コーチングの診断・クイズSNS画像（エディトリアル・雑誌風）","プロ（演出多め）"
"BNR-03594","レストラン・居酒屋のビフォーアフター・実績バナー（ラグジュアリー・高級感）","上級"
"BNR-03595","士業（税理士・弁護士・行政書士）のキャンペーン・プレゼントバナー（和モダン）","プロ（演出多め）"
"BNR-03596","カフェ・ベーカリーのセール・割引告知SNS画像（ナチュラル・オーガニック）","プロ（演出多め）"
"BNR-03597","ホテル・旅館のハウツー・ノウハウ投稿バナー（グラスモーフィズム）","上級"
"BNR-03598","YouTuber・インフルエンサーのブランディング・認知SNS画像（かわいい・ガーリー）","中級"
"BNR-03599","自動車・バイクのイベント・セミナー告知バナー（ラグジュアリー・高級感）","上級"
"BNR-03600","AIサービス・スタートアップの資料請求・ホワイトペーパーSNS画像（北欧・ライフスタイル）","プロ（演出多め）"
"BNR-03601","不動産・マンションの無料体験・無料相談SNS画像（ミニマル・洗練）","上級"
"BNR-03602","サウナ・温浴施設のセール・割引告知SNS画像（レトロ・Y2K）","プロ（演出多め）"
"BNR-03603","Web制作・デザイン事務所の無料体験・無料相談SNS画像（北欧・ライフスタイル）","上級"
"BNR-03604","採用・求人のキャンペーン・プレゼントSNS画像（ミニマル・洗練）","中級"
"BNR-03605","不動産・マンションの新商品・新サービス発売バナー（ラグジュアリー・高級感）","プロ（演出多め）"
"BNR-03606","AIサービス・スタートアップの無料体験・無料相談SNS画像（ネオン・サイバー）","上級"
"BNR-03607","コスメ・スキンケアの採用・求人SNS画像（ナチュラル・オーガニック）","プロ（演出多め）"
"BNR-03608","観光・地域プロモーションのキャンペーン・プレゼントSNS画像（レトロ・Y2K）","プロ（演出多め）"
"BNR-03609","NPO・地方自治体の採用・求人バナー（ハンドメイド・手書き）","上級"
"BNR-03610","採用・求人の採用・求人バナー（ジオメトリック・グラフィカル）","中級"
"BNR-03611","NPO・地方自治体の新商品・新サービス発売SNS画像（ナチュラル・オーガニック）","上級"
"BNR-03612","不動産・マンションのハウツー・ノウハウ投稿SNS画像（ダーク・シネマティック）","プロ（演出多め）"
"BNR-03613","ヨガ・ピラティスの採用・求人バナー（北欧・ライフスタイル）","上級"
"BNR-03614","農業・地方の生産者のセール・割引告知バナー（ナチュラル・オーガニック）","プロ（演出多め）"
"BNR-03615","ヨガ・ピラティスのハウツー・ノウハウ投稿SNS画像（ミニマル・洗練）","上級"
"BNR-03616","エステ・脱毛サロンの採用・求人SNS画像（ミニマル・洗練）","上級"
"BNR-03617","美容クリニックの新商品・新サービス発売バナー（信頼・誠実（コーポレート））","プロ（演出多め）"
"BNR-03618","YouTuber・インフルエンサーの診断・クイズSNS画像（ポップ・カラフル）","プロ（演出多め）"
"BNR-03619","アパレル・ファッションECのキャンペーン・プレゼントバナー（レトロ・Y2K）","上級"
"BNR-03620","保育園・幼児教育・習い事のビフォーアフター・実績バナー（ナチュラル・オーガニック）","プロ（演出多め）"
"BNR-03621","アパレル・ファッションECのイベント・セミナー告知SNS画像（エディトリアル・雑誌風）","中級"
"BNR-03622","ホテル・旅館の無料体験・無料相談SNS画像（ミニマル・洗練）","上級"
"BNR-03623","YouTuber・インフルエンサーの診断・クイズバナー（ポップ・カラフル）","プロ（演出多め）"
"BNR-03624","アパレル・ファッションECの診断・クイズSNS画像（ミニマル・洗練）","プロ（演出多め）"
"BNR-03625","工務店・注文住宅・リフォームの無料体験・無料相談バナー（ナチュラル・オーガニック）","プロ（演出多め）"
"BNR-03626","占い・スピリチュアルの比較・ランキングSNS画像（ダーク・シネマティック）","プロ（演出多め）"
"BNR-03627","ホテル・旅館のセール・割引告知SNS画像（和モダン）","プロ（演出多め）"
"BNR-03628","コンサル・コーチングの採用・求人SNS画像（ラグジュアリー・高級感）","上級"
"BNR-03629","美容クリニックのお客様の声・口コミバナー（ミニマル・洗練）","上級"
"BNR-03630","和菓子・スイーツのイベント・セミナー告知バナー（ナチュラル・オーガニック）","中級"
"BNR-03631","ゲーム・eスポーツのビフォーアフター・実績SNS画像（レトロ・Y2K）","プロ（演出多め）"
"BNR-03632","工務店・注文住宅・リフォームのYouTube動画の興味喚起サムネイル（ナチュラル・オーガニック）","プロ（演出多め）"
"BNR-03633","レストラン・居酒屋のハウツー・ノウハウ投稿SNS画像（3D・クレイ）","上級"
"BNR-03634","AIサービス・スタートアップの新商品・新サービス発売SNS画像（ネオン・サイバー）","プロ（演出多め）"
"BNR-03635","金融・保険・投資の新商品・新サービス発売バナー（信頼・誠実（コーポレート））","プロ（演出多め）"
"BNR-03636","コスメ・スキンケアの採用・求人SNS画像（グラスモーフィズム）","プロ（演出多め）"
"BNR-03637","歯科医院のお知らせ・営業案内バナー（信頼・誠実（コーポレート））","プロ（演出多め）"
"BNR-03638","NPO・地方自治体のキャンペーン・プレゼントSNS画像（ジオメトリック・グラフィカル）","プロ（演出多め）"
"BNR-03639","プログラミングスクールのブランディング・認知SNS画像（3D・クレイ）","プロ（演出多め）"
"BNR-03640","コスメ・スキンケアの診断・クイズサムネイル（グラスモーフィズム）","上級"
"BNR-03641","保育園・幼児教育・習い事のビフォーアフター・実績バナー（ポップ・カラフル）","プロ（演出多め）"
"BNR-03642","アパレル・ファッションECの資料請求・ホワイトペーパーSNS画像（ニューブルータリズム）","プロ（演出多め）"
"BNR-03643","金融・保険・投資の無料体験・無料相談バナー（信頼・誠実（コーポレート））","プロ（演出多め）"
"BNR-03644","スクール・オンライン講座のキャンペーン・プレゼントSNS画像（3D・クレイ）","上級"
"BNR-03645","農業・地方の生産者の無料体験・無料相談SNS画像（北欧・ライフスタイル）","上級"
"BNR-03646","音楽・ライブ・イベントの新商品・新サービス発売バナー（レトロ・Y2K）","中級"
"BNR-03647","ゲーム・eスポーツのキャンペーン・プレゼントSNS画像（北欧・ライフスタイル）","上級"
"BNR-03648","金融・保険・投資のお知らせ・営業案内バナー（信頼・誠実（コーポレート））","上級"
"BNR-03649","採用・求人の新商品・新サービス発売SNS画像（信頼・誠実（コーポレート））","上級"
"BNR-03650","NPO・地方自治体の採用・求人SNS画像（信頼・誠実（コーポレート））","プロ（演出多め）"
"BNR-03651","SaaS・BtoBツールのブランディング・認知SNS画像（クール・テック）","上級"
"BNR-03652","農業・地方の生産者のお知らせ・営業案内SNS画像（ナチュラル・オーガニック）","プロ（演出多め）"
"BNR-03653","ゲーム・eスポーツのブランディング・認知バナー（エネルギッシュ・スポーティ）","中級"
"BNR-03654","美容クリニックのハウツー・ノウハウ投稿バナー（ミニマル・洗練）","上級"
"BNR-03655","自動車・バイクの無料体験・無料相談バナー（ダーク・シネマティック）","プロ（演出多め）"
"BNR-03656","エステ・脱毛サロンの新商品・新サービス発売サムネイル（かわいい・ガーリー）","プロ（演出多め）"
"BNR-03657","採用・求人のブランディング・認知バナー（ジオメトリック・グラフィカル）","上級"
"BNR-03658","サウナ・温浴施設のイベント・セミナー告知SNS画像（レトロ・Y2K）","上級"
"BNR-03659","美容室・ヘアサロンの新商品・新サービス発売バナー（北欧・ライフスタイル）","中級"
"BNR-03660","観光・地域プロモーションの比較・ランキングSNS画像（和モダン）","プロ（演出多め）"
"BNR-03661","美容室・ヘアサロンのハウツー・ノウハウ投稿バナー（ミニマル・洗練）","上級"
"BNR-03662","ウェディング・結婚相談所のイベント・セミナー告知SNS画像（ミニマル・洗練）","中級"
"BNR-03663","引越し・生活サービスのお知らせ・営業案内SNS画像（3D・クレイ）","上級"
"BNR-03664","音楽・ライブ・イベントのビフォーアフター・実績SNS画像（ネオン・サイバー）","上級"
"BNR-03665","ヨガ・ピラティスのキャンペーン・プレゼントSNS画像（ナチュラル・オーガニック）","上級"
"BNR-03666","農業・地方の生産者のセール・割引告知SNS画像（かわいい・ガーリー）","中級"
"BNR-03667","占い・スピリチュアルの採用・求人バナー（ラグジュアリー・高級感）","プロ（演出多め）"
"BNR-03668","AIサービス・スタートアップのお知らせ・営業案内SNS画像（クール・テック）","中級"
"BNR-03669","エステ・脱毛サロンの比較・ランキングサムネイル（ミニマル・洗練）","上級"
"BNR-03670","ウェディング・結婚相談所の無料体験・無料相談バナー（かわいい・ガーリー）","プロ（演出多め）"
"BNR-03671","観光・地域プロモーションのブランディング・認知バナー（ダーク・シネマティック）","プロ（演出多め）"
"BNR-03672","ホテル・旅館の資料請求・ホワイトペーパーバナー（ミニマル・洗練）","上級"
"BNR-03673","農業・地方の生産者の資料請求・ホワイトペーパーSNS画像（和モダン）","プロ（演出多め）"
"BNR-03674","和菓子・スイーツの新商品・新サービス発売バナー（グラスモーフィズム）","上級"
"BNR-03675","カフェ・ベーカリーのキャンペーン・プレゼントバナー（北欧・ライフスタイル）","上級"
"BNR-03676","和菓子・スイーツの採用・求人SNS画像（ナチュラル・オーガニック）","プロ（演出多め）"
"BNR-03677","プログラミングスクールのブランディング・認知バナー（ネオン・サイバー）","プロ（演出多め）"
"BNR-03678","NPO・地方自治体のお客様の声・口コミバナー（ハンドメイド・手書き）","プロ（演出多め）"
"BNR-03679","スマホアプリのハウツー・ノウハウ投稿SNS画像（グラスモーフィズム）","上級"
"BNR-03680","観光・地域プロモーションの比較・ランキングバナー（和モダン）","上級"
"BNR-03681","食品・産直ECの新商品・新サービス発売SNS画像（和モダン）","上級"
"BNR-03682","観光・地域プロモーションのハウツー・ノウハウ投稿SNS画像（和モダン）","中級"
"BNR-03683","コスメ・スキンケアの新商品・新サービス発売SNS画像（ラグジュアリー・高級感）","中級"
"BNR-03684","ヨガ・ピラティスのブランディング・認知SNS画像（パステル・ドリーミー）","上級"
"BNR-03685","パーソナルジム・フィットネスの新商品・新サービス発売SNS画像（北欧・ライフスタイル）","中級"
"BNR-03686","SaaS・BtoBツールの新商品・新サービス発売SNS画像（グラスモーフィズム）","プロ（演出多め）"
"BNR-03687","自動車・バイクの無料体験・無料相談SNS画像（クール・テック）","中級"
"BNR-03688","ゲーム・eスポーツのビフォーアフター・実績バナー（ネオン・サイバー）","プロ（演出多め）"
"BNR-03689","SaaS・BtoBツールのブランディング・認知バナー（ミニマル・洗練）","プロ（演出多め）"
"BNR-03690","歯科医院の採用・求人SNS画像（和モダン）","上級"
"BNR-03691","士業（税理士・弁護士・行政書士）の無料体験・無料相談バナー（信頼・誠実（コーポレート））","上級"
"BNR-03692","英会話・語学のイベント・セミナー告知バナー（ジオメトリック・グラフィカル）","上級"
"BNR-03693","AIサービス・スタートアップの採用・求人バナー（パステル・ドリーミー）","プロ（演出多め）"
"BNR-03694","プログラミングスクールのキャンペーン・プレゼントバナー（ポップ・カラフル）","中級"
"BNR-03695","YouTuber・インフルエンサーのビフォーアフター・実績SNS画像（ナチュラル・オーガニック）","上級"
"BNR-03696","スクール・オンライン講座の新商品・新サービス発売バナー（ポップ・カラフル）","中級"
"BNR-03697","食品・産直ECの採用・求人SNS画像（ポップ・カラフル）","プロ（演出多め）"
"BNR-03698","コスメ・スキンケアの無料体験・無料相談SNS画像（パステル・ドリーミー）","プロ（演出多め）"
"BNR-03699","ウェディング・結婚相談所のハウツー・ノウハウ投稿SNS画像（ラグジュアリー・高級感）","プロ（演出多め）"
"BNR-03700","クラウドファンディング・新商品の比較・ランキングSNS画像（ポップ・カラフル）","上級"
"BNR-03701","美容室・ヘアサロンの新商品・新サービス発売SNS画像（エディトリアル・雑誌風）","上級"
"BNR-03702","コンサル・コーチングのイベント・セミナー告知SNS画像（ラグジュアリー・高級感）","上級"
"BNR-03703","ヨガ・ピラティスのセール・割引告知SNS画像（北欧・ライフスタイル）","プロ（演出多め）"
"BNR-03704","サウナ・温浴施設のお知らせ・営業案内バナー（ナチュラル・オーガニック）","上級"
"BNR-03705","音楽・ライブ・イベントのハウツー・ノウハウ投稿サムネイル（ダーク・シネマティック）","プロ（演出多め）"
"BNR-03706","エステ・脱毛サロンの資料請求・ホワイトペーパーバナー（ラグジュアリー・高級感）","プロ（演出多め）"
"BNR-03707","ゲーム・eスポーツのキャンペーン・プレゼントSNS画像（ダーク・シネマティック）","上級"
"BNR-03708","歯科医院の資料請求・ホワイトペーパーSNS画像（ナチュラル・オーガニック）","中級"
"BNR-03709","レストラン・居酒屋のハウツー・ノウハウ投稿SNS画像（レトロ・Y2K）","中級"
"BNR-03710","士業（税理士・弁護士・行政書士）のイベント・セミナー告知SNS画像（和モダン）","プロ（演出多め）"
"BNR-03711","プログラミングスクールのお客様の声・口コミSNS画像（クール・テック）","上級"
"BNR-03712","クラウドファンディング・新商品のお客様の声・口コミSNS画像（ポップ・カラフル）","上級"
"BNR-03713","ゲーム・eスポーツのブランディング・認知バナー（ダーク・シネマティック）","中級"
"BNR-03714","農業・地方の生産者のセール・割引告知バナー（和モダン）","プロ（演出多め）"
"BNR-03715","エステ・脱毛サロンのブランディング・認知バナー（パステル・ドリーミー）","プロ（演出多め）"
"BNR-03716","歯科医院の資料請求・ホワイトペーパーSNS画像（信頼・誠実（コーポレート））","プロ（演出多め）"
"BNR-03717","レストラン・居酒屋のブランディング・認知SNS画像（ダーク・シネマティック）","中級"
"BNR-03718","引越し・生活サービスのセール・割引告知SNS画像（ポップ・カラフル）","上級"
"BNR-03719","観光・地域プロモーションのお客様の声・口コミサムネイル（ナチュラル・オーガニック）","中級"
"BNR-03720","ヨガ・ピラティスの資料請求・ホワイトペーパーバナー（ミニマル・洗練）","上級"
"BNR-03721","ホテル・旅館のハウツー・ノウハウ投稿バナー（エディトリアル・雑誌風）","上級"
"BNR-03722","コンサル・コーチングの新商品・新サービス発売バナー（ミニマル・洗練）","上級"
"BNR-03723","AIサービス・スタートアップのビフォーアフター・実績バナー（ネオン・サイバー）","上級"
"BNR-03724","プログラミングスクールの新商品・新サービス発売バナー（クール・テック）","上級"
"BNR-03725","クラウドファンディング・新商品のハウツー・ノウハウ投稿SNS画像（ナチュラル・オーガニック）","プロ（演出多め）"
"BNR-03726","保育園・幼児教育・習い事のブランディング・認知SNS画像（かわいい・ガーリー）","中級"
"BNR-03727","歯科医院のお客様の声・口コミバナー（ナチュラル・オーガニック）","上級"
"BNR-03728","YouTuber・インフルエンサーのお知らせ・営業案内SNS画像（かわいい・ガーリー）","中級"
"BNR-03729","食品・産直ECのビフォーアフター・実績バナー（ポップ・カラフル）","プロ（演出多め）"
"BNR-03730","和菓子・スイーツのブランディング・認知SNS画像（ラグジュアリー・高級感）","プロ（演出多め）"
"BNR-03731","ホテル・旅館のお客様の声・口コミバナー（ミニマル・洗練）","上級"
"BNR-03732","金融・保険・投資の資料請求・ホワイトペーパーバナー（クール・テック）","上級"
"BNR-03733","ホテル・旅館の無料体験・無料相談SNS画像（ナチュラル・オーガニック）","上級"
"BNR-03734","AIサービス・スタートアップの比較・ランキングSNS画像（グラスモーフィズム）","上級"
"BNR-03735","士業（税理士・弁護士・行政書士）の新商品・新サービス発売SNS画像（信頼・誠実（コーポレート））","中級"
"BNR-03736","コスメ・スキンケアのお客様の声・口コミバナー（パステル・ドリーミー）","プロ（演出多め）"
"BNR-03737","農業・地方の生産者のビフォーアフター・実績バナー（和モダン）","プロ（演出多め）"
"BNR-03738","コスメ・スキンケアのセール・割引告知SNS画像（ラグジュアリー・高級感）","プロ（演出多め）"
"BNR-03739","不動産・マンションの比較・ランキングSNS画像（ミニマル・洗練）","プロ（演出多め）"
"BNR-03740","スクール・オンライン講座のお客様の声・口コミSNS画像（信頼・誠実（コーポレート））","プロ（演出多め）"
"BNR-03741","美容クリニックの採用・求人SNS画像（パステル・ドリーミー）","プロ（演出多め）"
"BNR-03742","スクール・オンライン講座の診断・クイズSNS画像（ポップ・カラフル）","プロ（演出多め）"
"BNR-03743","レストラン・居酒屋のお客様の声・口コミSNS画像（和モダン）","上級"
"BNR-03744","占い・スピリチュアルのキャンペーン・プレゼントSNS画像（ダーク・シネマティック）","上級"
"BNR-03745","ヨガ・ピラティスの比較・ランキングバナー（グラスモーフィズム）","上級"
"BNR-03746","観光・地域プロモーションのイベント・セミナー告知SNS画像（ダーク・シネマティック）","中級"
"BNR-03747","不動産・マンションの無料体験・無料相談SNS画像（ダーク・シネマティック）","中級"
"BNR-03748","美容室・ヘアサロンの新商品・新サービス発売SNS画像（ラグジュアリー・高級感）","プロ（演出多め）"
"BNR-03749","士業（税理士・弁護士・行政書士）の診断・クイズサムネイル（和モダン）","プロ（演出多め）"
"BNR-03750","自動車・バイクのビフォーアフター・実績SNS画像（ダーク・シネマティック）","上級"
"BNR-03751","アパレル・ファッションECの採用・求人SNS画像（北欧・ライフスタイル）","上級"
"BNR-03752","保育園・幼児教育・習い事の採用・求人バナー（ナチュラル・オーガニック）","プロ（演出多め）"
"BNR-03753","和菓子・スイーツのキャンペーン・プレゼントバナー（ナチュラル・オーガニック）","上級"
"BNR-03754","農業・地方の生産者の診断・クイズバナー（ナチュラル・オーガニック）","上級"
"BNR-03755","食品・産直ECの比較・ランキングバナー（ポップ・カラフル）","プロ（演出多め）"
"BNR-03756","SaaS・BtoBツールの新商品・新サービス発売SNS画像（ミニマル・洗練）","中級"
"BNR-03757","和菓子・スイーツのハウツー・ノウハウ投稿サムネイル（ナチュラル・オーガニック）","中級"
"BNR-03758","英会話・語学の診断・クイズバナー（ポップ・カラフル）","中級"
"BNR-03759","和菓子・スイーツの採用・求人SNS画像（和モダン）","プロ（演出多め）"
"BNR-03760","カフェ・ベーカリーのお知らせ・営業案内SNS画像（ナチュラル・オーガニック）","プロ（演出多め）"
"BNR-03761","カフェ・ベーカリーのビフォーアフター・実績サムネイル（レトロ・Y2K）","上級"
"BNR-03762","工務店・注文住宅・リフォームの比較・ランキングバナー（ミニマル・洗練）","プロ（演出多め）"
"BNR-03763","和菓子・スイーツのイベント・セミナー告知バナー（和モダン）","プロ（演出多め）"
"BNR-03764","SaaS・BtoBツールのお知らせ・営業案内SNS画像（ミニマル・洗練）","プロ（演出多め）"
"BNR-03765","美容クリニックの資料請求・ホワイトペーパーSNS画像（ミニマル・洗練）","上級"
"BNR-03766","美容クリニックのビフォーアフター・実績SNS画像（信頼・誠実（コーポレート））","中級"
"BNR-03767","コンサル・コーチングのキャンペーン・プレゼントバナー（信頼・誠実（コーポレート））","プロ（演出多め）"
"BNR-03768","不動産・マンションのイベント・セミナー告知SNS画像（かわいい・ガーリー）","上級"
"BNR-03769","ホテル・旅館のお客様の声・口コミSNS画像（ラグジュアリー・高級感）","プロ（演出多め）"
"BNR-03770","採用・求人のハウツー・ノウハウ投稿サムネイル（ポップ・カラフル）","中級"
"BNR-03771","内科・クリニックのセール・割引告知SNS画像（信頼・誠実（コーポレート））","上級"
"BNR-03772","英会話・語学のお知らせ・営業案内SNS画像（3D・クレイ）","プロ（演出多め）"
"BNR-03773","レストラン・居酒屋のイベント・セミナー告知バナー（レトロ・Y2K）","プロ（演出多め）"
"BNR-03774","コンサル・コーチングの採用・求人SNS画像（ダーク・シネマティック）","プロ（演出多め）"
"BNR-03775","アパレル・ファッションECのセール・割引告知SNS画像（ニューブルータリズム）","中級"
"BNR-03776","SaaS・BtoBツールの資料請求・ホワイトペーパーSNS画像（信頼・誠実（コーポレート））","上級"
"BNR-03777","カフェ・ベーカリーの資料請求・ホワイトペーパーバナー（ネオン・サイバー）","上級"
"BNR-03778","観光・地域プロモーションのブランディング・認知バナー（ダーク・シネマティック）","プロ（演出多め）"
"BNR-03779","コスメ・スキンケアの診断・クイズSNS画像（グラスモーフィズム）","上級"
"BNR-03780","美容室・ヘアサロンのセール・割引告知バナー（ネオン・サイバー）","上級"
"BNR-03781","不動産・マンションのセール・割引告知バナー（ラグジュアリー・高級感）","プロ（演出多め）"
"BNR-03782","士業（税理士・弁護士・行政書士）のブランディング・認知バナー（信頼・誠実（コーポレート））","プロ（演出多め）"
"BNR-03783","内科・クリニックのYouTube動画の興味喚起サムネイル（ナチュラル・オーガニック）","プロ（演出多め）"
"BNR-03784","NPO・地方自治体の新商品・新サービス発売サムネイル（信頼・誠実（コーポレート））","プロ（演出多め）"
"BNR-03785","引越し・生活サービスの資料請求・ホワイトペーパーSNS画像（信頼・誠実（コーポレート））","プロ（演出多め）"
"BNR-03786","音楽・ライブ・イベントのキャンペーン・プレゼントSNS画像（ネオン・サイバー）","プロ（演出多め）"
"BNR-03787","和菓子・スイーツのお客様の声・口コミバナー（ネオン・サイバー）","上級"
"BNR-03788","自動車・バイクのお客様の声・口コミSNS画像（ネオン・サイバー）","上級"
"BNR-03789","コンサル・コーチングのブランディング・認知バナー（信頼・誠実（コーポレート））","上級"
"BNR-03790","ペット・トリミング・動物病院のハウツー・ノウハウ投稿バナー（3D・クレイ）","上級"
"BNR-03791","NPO・地方自治体のキャンペーン・プレゼントバナー（パステル・ドリーミー）","プロ（演出多め）"
"BNR-03792","美容室・ヘアサロンのブランディング・認知SNS画像（ラグジュアリー・高級感）","プロ（演出多め）"
"BNR-03793","アパレル・ファッションECの無料体験・無料相談バナー（エディトリアル・雑誌風）","上級"
"BNR-03794","ゲーム・eスポーツの比較・ランキングサムネイル（エネルギッシュ・スポーティ）","上級"
"BNR-03795","Web制作・デザイン事務所のハウツー・ノウハウ投稿バナー（ジオメトリック・グラフィカル）","上級"
"BNR-03796","自動車・バイクのブランディング・認知バナー（ダーク・シネマティック）","上級"
"BNR-03797","士業（税理士・弁護士・行政書士）の無料体験・無料相談SNS画像（ミニマル・洗練）","上級"
"BNR-03798","ゲーム・eスポーツのブランディング・認知SNS画像（エネルギッシュ・スポーティ）","プロ（演出多め）"
"BNR-03799","YouTuber・インフルエンサーのキャンペーン・プレゼントバナー（ニューブルータリズム）","プロ（演出多め）"
"BNR-03800","工務店・注文住宅・リフォームのキャンペーン・プレゼントSNS画像（ナチュラル・オーガニック）","中級"
"BNR-03801","コンサル・コーチングのイベント・セミナー告知SNS画像（ラグジュアリー・高級感）","プロ（演出多め）"
"BNR-03802","占い・スピリチュアルのキャンペーン・プレゼントバナー（パステル・ドリーミー）","上級"
"BNR-03803","歯科医院のお客様の声・口コミSNS画像（パステル・ドリーミー）","上級"
"BNR-03804","食品・産直ECのYouTube動画の興味喚起サムネイル（ナチュラル・オーガニック）","中級"
"BNR-03805","カフェ・ベーカリーのキャンペーン・プレゼントSNS画像（エディトリアル・雑誌風）","プロ（演出多め）"
"BNR-03806","食品・産直ECの比較・ランキングバナー（ミニマル・洗練）","プロ（演出多め）"
"BNR-03807","建築設計事務所のブランディング・認知SNS画像（グラスモーフィズム）","プロ（演出多め）"
"BNR-03808","自動車・バイクのブランディング・認知バナー（エネルギッシュ・スポーティ）","プロ（演出多め）"
"BNR-03809","採用・求人のお客様の声・口コミSNS画像（和モダン）","中級"
"BNR-03810","サウナ・温浴施設のブランディング・認知SNS画像（和モダン）","プロ（演出多め）"
"BNR-03811","カフェ・ベーカリーの資料請求・ホワイトペーパーバナー（エディトリアル・雑誌風）","上級"
"BNR-03812","アパレル・ファッションECのブランディング・認知SNS画像（ミニマル・洗練）","プロ（演出多め）"
"BNR-03813","和菓子・スイーツのお知らせ・営業案内バナー（かわいい・ガーリー）","上級"
"BNR-03814","NPO・地方自治体のイベント・セミナー告知SNS画像（ポップ・カラフル）","上級"
"BNR-03815","プログラミングスクールのビフォーアフター・実績SNS画像（ポップ・カラフル）","プロ（演出多め）"
"BNR-03816","コンサル・コーチングのセール・割引告知SNS画像（ラグジュアリー・高級感）","上級"
"BNR-03817","採用・求人のビフォーアフター・実績SNS画像（エディトリアル・雑誌風）","プロ（演出多め）"
"BNR-03818","金融・保険・投資のビフォーアフター・実績SNS画像（クール・テック）","プロ（演出多め）"
"BNR-03819","コスメ・スキンケアのお客様の声・口コミSNS画像（ナチュラル・オーガニック）","中級"
"BNR-03820","コンサル・コーチングのハウツー・ノウハウ投稿SNS画像（エディトリアル・雑誌風）","プロ（演出多め）"
"BNR-03821","英会話・語学の診断・クイズSNS画像（ミニマル・洗練）","プロ（演出多め）"
"BNR-03822","カフェ・ベーカリーの新商品・新サービス発売SNS画像（ハンドメイド・手書き）","プロ（演出多め）"
"BNR-03823","サウナ・温浴施設のキャンペーン・プレゼントSNS画像（ニューブルータリズム）","上級"
"BNR-03824","SaaS・BtoBツールの採用・求人SNS画像（エディトリアル・雑誌風）","プロ（演出多め）"
"BNR-03825","美容室・ヘアサロンの採用・求人SNS画像（ラグジュアリー・高級感）","プロ（演出多め）"
"BNR-03826","Web制作・デザイン事務所のお客様の声・口コミSNS画像（ジオメトリック・グラフィカル）","上級"
"BNR-03827","ゲーム・eスポーツの比較・ランキングサムネイル（ネオン・サイバー）","プロ（演出多め）"
"BNR-03828","不動産・マンションのキャンペーン・プレゼントSNS画像（ラグジュアリー・高級感）","上級"
"BNR-03829","建築設計事務所の比較・ランキングバナー（エディトリアル・雑誌風）","上級"
"BNR-03830","不動産・マンションのお知らせ・営業案内SNS画像（ジオメトリック・グラフィカル）","プロ（演出多め）"
"BNR-03831","YouTuber・インフルエンサーのハウツー・ノウハウ投稿SNS画像（ポップ・カラフル）","上級"
"BNR-03832","工務店・注文住宅・リフォームの採用・求人バナー（ナチュラル・オーガニック）","プロ（演出多め）"
"BNR-03833","ウェディング・結婚相談所のハウツー・ノウハウ投稿SNS画像（パステル・ドリーミー）","中級"
"BNR-03834","金融・保険・投資の新商品・新サービス発売バナー（エネルギッシュ・スポーティ）","プロ（演出多め）"
"BNR-03835","歯科医院のお客様の声・口コミバナー（ナチュラル・オーガニック）","プロ（演出多め）"
"BNR-03836","コンサル・コーチングの新商品・新サービス発売SNS画像（ラグジュアリー・高級感）","上級"
"BNR-03837","観光・地域プロモーションの無料体験・無料相談バナー（かわいい・ガーリー）","プロ（演出多め）"
"BNR-03838","不動産・マンションのビフォーアフター・実績SNS画像（ミニマル・洗練）","上級"
"BNR-03839","保育園・幼児教育・習い事のハウツー・ノウハウ投稿SNS画像（北欧・ライフスタイル）","中級"
"BNR-03840","建築設計事務所の資料請求・ホワイトペーパーバナー（エディトリアル・雑誌風）","中級"
"BNR-03841","ウェディング・結婚相談所の採用・求人SNS画像（ジオメトリック・グラフィカル）","プロ（演出多め）"
"BNR-03842","ゲーム・eスポーツの採用・求人バナー（ネオン・サイバー）","プロ（演出多め）"
"BNR-03843","NPO・地方自治体のお知らせ・営業案内バナー（ナチュラル・オーガニック）","上級"
"BNR-03844","英会話・語学のお知らせ・営業案内バナー（ジオメトリック・グラフィカル）","上級"
"BNR-03845","内科・クリニックのイベント・セミナー告知バナー（北欧・ライフスタイル）","プロ（演出多め）"
"BNR-03846","カフェ・ベーカリーの無料体験・無料相談SNS画像（ハンドメイド・手書き）","上級"
"BNR-03847","コスメ・スキンケアのビフォーアフター・実績サムネイル（信頼・誠実（コーポレート））","上級"
"BNR-03848","自動車・バイクの資料請求・ホワイトペーパーバナー（ダーク・シネマティック）","中級"
"BNR-03849","観光・地域プロモーションのイベント・セミナー告知SNS画像（ナチュラル・オーガニック）","プロ（演出多め）"
"BNR-03850","ゲーム・eスポーツのお客様の声・口コミバナー（エネルギッシュ・スポーティ）","中級"
"BNR-03851","スマホアプリのお知らせ・営業案内バナー（クール・テック）","中級"
"BNR-03852","工務店・注文住宅・リフォームのお客様の声・口コミSNS画像（ミニマル・洗練）","中級"
"BNR-03853","AIサービス・スタートアップのブランディング・認知SNS画像（グラスモーフィズム）","上級"
"BNR-03854","ゲーム・eスポーツのお客様の声・口コミSNS画像（ダーク・シネマティック）","上級"
"BNR-03855","食品・産直ECのお知らせ・営業案内SNS画像（ポップ・カラフル）","上級"
"BNR-03856","不動産・マンションの無料体験・無料相談バナー（信頼・誠実（コーポレート））","上級"
"BNR-03857","工務店・注文住宅・リフォームの新商品・新サービス発売バナー（ダーク・シネマティック）","プロ（演出多め）"
"BNR-03858","音楽・ライブ・イベントのお知らせ・営業案内SNS画像（ネオン・サイバー）","上級"
"BNR-03859","スクール・オンライン講座のキャンペーン・プレゼントバナー（信頼・誠実（コーポレート））","上級"
"BNR-03860","カフェ・ベーカリーの無料体験・無料相談SNS画像（ナチュラル・オーガニック）","プロ（演出多め）"
"BNR-03861","自動車・バイクのブランディング・認知バナー（ラグジュアリー・高級感）","中級"
"BNR-03862","ウェディング・結婚相談所のイベント・セミナー告知SNS画像（パステル・ドリーミー）","上級"
"BNR-03863","美容室・ヘアサロンのお客様の声・口コミSNS画像（エディトリアル・雑誌風）","中級"
"BNR-03864","音楽・ライブ・イベントのお知らせ・営業案内SNS画像（ダーク・シネマティック）","中級"
"BNR-03865","ホテル・旅館のお知らせ・営業案内SNS画像（和モダン）","プロ（演出多め）"
"BNR-03866","音楽・ライブ・イベントの診断・クイズバナー（ラグジュアリー・高級感）","プロ（演出多め）"
"BNR-03867","音楽・ライブ・イベントのイベント・セミナー告知SNS画像（レトロ・Y2K）","上級"
"BNR-03868","スマホアプリのビフォーアフター・実績バナー（かわいい・ガーリー）","プロ（演出多め）"
"BNR-03869","ペット・トリミング・動物病院の比較・ランキングSNS画像（3D・クレイ）","中級"
"BNR-03870","サウナ・温浴施設のイベント・セミナー告知バナー（ニューブルータリズム）","プロ（演出多め）"
"BNR-03871","スクール・オンライン講座の診断・クイズサムネイル（ポップ・カラフル）","上級"
"BNR-03872","自動車・バイクの比較・ランキングバナー（エネルギッシュ・スポーティ）","プロ（演出多め）"
"BNR-03873","ホテル・旅館のイベント・セミナー告知SNS画像（ラグジュアリー・高級感）","上級"
"BNR-03874","プログラミングスクールのイベント・セミナー告知SNS画像（ネオン・サイバー）","プロ（演出多め）"
"BNR-03875","占い・スピリチュアルのお客様の声・口コミSNS画像（信頼・誠実（コーポレート））","中級"
"BNR-03876","サウナ・温浴施設のブランディング・認知バナー（レトロ・Y2K）","プロ（演出多め）"
"BNR-03877","コンサル・コーチングの資料請求・ホワイトペーパーバナー（エディトリアル・雑誌風）","プロ（演出多め）"
"BNR-03878","レストラン・居酒屋のビフォーアフター・実績バナー（ジオメトリック・グラフィカル）","上級"
"BNR-03879","スクール・オンライン講座のハウツー・ノウハウ投稿バナー（信頼・誠実（コーポレート））","プロ（演出多め）"
"BNR-03880","ペット・トリミング・動物病院の診断・クイズSNS画像（パステル・ドリーミー）","プロ（演出多め）"
"BNR-03881","観光・地域プロモーションの無料体験・無料相談SNS画像（ダーク・シネマティック）","プロ（演出多め）"
"BNR-03882","自動車・バイクのイベント・セミナー告知SNS画像（グラスモーフィズム）","中級"
"BNR-03883","不動産・マンションの採用・求人SNS画像（ミニマル・洗練）","プロ（演出多め）"
"BNR-03884","SaaS・BtoBツールのセール・割引告知SNS画像（信頼・誠実（コーポレート））","上級"
"BNR-03885","Web制作・デザイン事務所のキャンペーン・プレゼントSNS画像（ジオメトリック・グラフィカル）","プロ（演出多め）"
"BNR-03886","採用・求人の新商品・新サービス発売SNS画像（信頼・誠実（コーポレート））","上級"
"BNR-03887","レストラン・居酒屋のイベント・セミナー告知SNS画像（北欧・ライフスタイル）","中級"
"BNR-03888","スマホアプリの比較・ランキングバナー（グラスモーフィズム）","プロ（演出多め）"
"BNR-03889","農業・地方の生産者の比較・ランキングバナー（ハンドメイド・手書き）","プロ（演出多め）"
"BNR-03890","サウナ・温浴施設のビフォーアフター・実績SNS画像（ニューブルータリズム）","上級"
"BNR-03891","YouTuber・インフルエンサーの資料請求・ホワイトペーパーSNS画像（かわいい・ガーリー）","上級"
"BNR-03892","食品・産直ECのイベント・セミナー告知SNS画像（ナチュラル・オーガニック）","上級"
"BNR-03893","占い・スピリチュアルの資料請求・ホワイトペーパーバナー（ダーク・シネマティック）","プロ（演出多め）"
"BNR-03894","歯科医院のお知らせ・営業案内バナー（ナチュラル・オーガニック）","プロ（演出多め）"
"BNR-03895","美容クリニックのハウツー・ノウハウ投稿サムネイル（グラスモーフィズム）","上級"
"BNR-03896","金融・保険・投資のビフォーアフター・実績SNS画像（クール・テック）","プロ（演出多め）"
"BNR-03897","NPO・地方自治体のブランディング・認知SNS画像（信頼・誠実（コーポレート））","上級"
"BNR-03898","金融・保険・投資のハウツー・ノウハウ投稿SNS画像（ミニマル・洗練）","上級"
"BNR-03899","和菓子・スイーツの新商品・新サービス発売バナー（パステル・ドリーミー）","プロ（演出多め）"
"BNR-03900","スマホアプリのビフォーアフター・実績SNS画像（ポップ・カラフル）","プロ（演出多め）"
"BNR-03901","不動産・マンションのキャンペーン・プレゼントSNS画像（ダーク・シネマティック）","上級"
"BNR-03902","ゲーム・eスポーツのブランディング・認知SNS画像（エネルギッシュ・スポーティ）","プロ（演出多め）"
"BNR-03903","カフェ・ベーカリーの比較・ランキングSNS画像（北欧・ライフスタイル）","中級"
"BNR-03904","内科・クリニックのキャンペーン・プレゼントバナー（信頼・誠実（コーポレート））","上級"
"BNR-03905","採用・求人のお客様の声・口コミSNS画像（信頼・誠実（コーポレート））","プロ（演出多め）"
"BNR-03906","ヨガ・ピラティスの新商品・新サービス発売バナー（ポップ・カラフル）","プロ（演出多め）"
"BNR-03907","AIサービス・スタートアップのお知らせ・営業案内バナー（ミニマル・洗練）","上級"
"BNR-03908","自動車・バイクの診断・クイズSNS画像（エネルギッシュ・スポーティ）","上級"
"BNR-03909","内科・クリニックのビフォーアフター・実績サムネイル（信頼・誠実（コーポレート））","プロ（演出多め）"
"BNR-03910","引越し・生活サービスのお客様の声・口コミSNS画像（信頼・誠実（コーポレート））","上級"
"BNR-03911","音楽・ライブ・イベントの採用・求人バナー（和モダン）","プロ（演出多め）"
"BNR-03912","引越し・生活サービスのキャンペーン・プレゼントSNS画像（信頼・誠実（コーポレート））","プロ（演出多め）"
"BNR-03913","NPO・地方自治体のキャンペーン・プレゼントSNS画像（ナチュラル・オーガニック）","中級"
"BNR-03914","不動産・マンションの診断・クイズSNS画像（レトロ・Y2K）","プロ（演出多め）"
"BNR-03915","引越し・生活サービスの採用・求人バナー（ポップ・カラフル）","プロ（演出多め）"
"BNR-03916","観光・地域プロモーションの資料請求・ホワイトペーパーSNS画像（レトロ・Y2K）","上級"
"BNR-03917","ウェディング・結婚相談所のお客様の声・口コミバナー（パステル・ドリーミー）","プロ（演出多め）"
"BNR-03918","引越し・生活サービスのブランディング・認知SNS画像（ポップ・カラフル）","プロ（演出多め）"
"BNR-03919","アパレル・ファッションECの新商品・新サービス発売SNS画像（ミニマル・洗練）","中級"
"BNR-03920","保育園・幼児教育・習い事の無料体験・無料相談バナー（信頼・誠実（コーポレート））","上級"
"BNR-03921","音楽・ライブ・イベントの資料請求・ホワイトペーパーSNS画像（ネオン・サイバー）","プロ（演出多め）"
"BNR-03922","SaaS・BtoBツールの新商品・新サービス発売バナー（信頼・誠実（コーポレート））","中級"
"BNR-03923","音楽・ライブ・イベントのイベント・セミナー告知バナー（レトロ・Y2K）","プロ（演出多め）"
"BNR-03924","YouTuber・インフルエンサーのビフォーアフター・実績SNS画像（ニューブルータリズム）","上級"
"BNR-03925","歯科医院のブランディング・認知バナー（信頼・誠実（コーポレート））","上級"
"BNR-03926","スクール・オンライン講座のハウツー・ノウハウ投稿バナー（ポップ・カラフル）","上級"
"BNR-03927","採用・求人の診断・クイズSNS画像（エネルギッシュ・スポーティ）","上級"
"BNR-03928","ウェディング・結婚相談所の比較・ランキングバナー（ミニマル・洗練）","上級"
"BNR-03929","歯科医院の比較・ランキングバナー（ミニマル・洗練）","プロ（演出多め）"
"BNR-03930","美容室・ヘアサロンのセール・割引告知バナー（ラグジュアリー・高級感）","プロ（演出多め）"
"BNR-03931","美容クリニックのキャンペーン・プレゼントSNS画像（信頼・誠実（コーポレート））","プロ（演出多め）"
"BNR-03932","歯科医院のお客様の声・口コミバナー（ミニマル・洗練）","プロ（演出多め）"
"BNR-03933","英会話・語学のイベント・セミナー告知SNS画像（信頼・誠実（コーポレート））","上級"
"BNR-03934","レストラン・居酒屋のお客様の声・口コミサムネイル（3D・クレイ）","上級"
"BNR-03935","歯科医院のビフォーアフター・実績バナー（ニューブルータリズム）","上級"
"BNR-03936","レストラン・居酒屋のお知らせ・営業案内バナー（和モダン）","上級"
"BNR-03937","士業（税理士・弁護士・行政書士）のブランディング・認知SNS画像（信頼・誠実（コーポレート））","上級"
"BNR-03938","Web制作・デザイン事務所のキャンペーン・プレゼントSNS画像（ダーク・シネマティック）","上級"
"BNR-03939","コンサル・コーチングのセール・割引告知バナー（信頼・誠実（コーポレート））","中級"
"BNR-03940","自動車・バイクの比較・ランキングSNS画像（エネルギッシュ・スポーティ）","上級"
"BNR-03941","スクール・オンライン講座のキャンペーン・プレゼントSNS画像（クール・テック）","プロ（演出多め）"
"BNR-03942","プログラミングスクールのビフォーアフター・実績バナー（3D・クレイ）","上級"
"BNR-03943","占い・スピリチュアルのセール・割引告知バナー（パステル・ドリーミー）","中級"
"BNR-03944","ゲーム・eスポーツのイベント・セミナー告知バナー（パステル・ドリーミー）","上級"
"BNR-03945","自動車・バイクのブランディング・認知SNS画像（クール・テック）","上級"
"BNR-03946","和菓子・スイーツの比較・ランキングバナー（ナチュラル・オーガニック）","プロ（演出多め）"
"BNR-03947","ゲーム・eスポーツのビフォーアフター・実績バナー（ネオン・サイバー）","プロ（演出多め）"
"BNR-03948","YouTuber・インフルエンサーのハウツー・ノウハウ投稿SNS画像（ポップ・カラフル）","上級"
"BNR-03949","エステ・脱毛サロンのキャンペーン・プレゼントSNS画像（ハンドメイド・手書き）","プロ（演出多め）"
"BNR-03950","アパレル・ファッションECのお客様の声・口コミサムネイル（ミニマル・洗練）","プロ（演出多め）"
"BNR-03951","クラウドファンディング・新商品の無料体験・無料相談SNS画像（ポップ・カラフル）","上級"
"BNR-03952","Web制作・デザイン事務所のビフォーアフター・実績SNS画像（ニューブルータリズム）","上級"
"BNR-03953","NPO・地方自治体の資料請求・ホワイトペーパーSNS画像（ハンドメイド・手書き）","プロ（演出多め）"
"BNR-03954","美容クリニックのイベント・セミナー告知SNS画像（ラグジュアリー・高級感）","上級"
"BNR-03955","アパレル・ファッションECのお知らせ・営業案内バナー（ミニマル・洗練）","中級"
"BNR-03956","コンサル・コーチングのお客様の声・口コミSNS画像（エディトリアル・雑誌風）","中級"
"BNR-03957","サウナ・温浴施設の資料請求・ホワイトペーパーバナー（ニューブルータリズム）","上級"
"BNR-03958","占い・スピリチュアルのブランディング・認知バナー（エネルギッシュ・スポーティ）","プロ（演出多め）"
"BNR-03959","自動車・バイクの新商品・新サービス発売バナー（ラグジュアリー・高級感）","中級"
"BNR-03960","不動産・マンションの比較・ランキングバナー（ダーク・シネマティック）","中級"
"BNR-03961","スクール・オンライン講座のキャンペーン・プレゼントSNS画像（グラスモーフィズム）","上級"
"BNR-03962","パーソナルジム・フィットネスのキャンペーン・プレゼントバナー（エネルギッシュ・スポーティ）","プロ（演出多め）"
"BNR-03963","SaaS・BtoBツールのイベント・セミナー告知SNS画像（グラスモーフィズム）","上級"
"BNR-03964","美容室・ヘアサロンのキャンペーン・プレゼントバナー（かわいい・ガーリー）","プロ（演出多め）"
"BNR-03965","保育園・幼児教育・習い事のビフォーアフター・実績SNS画像（エディトリアル・雑誌風）","プロ（演出多め）"
"BNR-03966","工務店・注文住宅・リフォームの新商品・新サービス発売SNS画像（ナチュラル・オーガニック）","上級"
"BNR-03967","占い・スピリチュアルの比較・ランキングバナー（ダーク・シネマティック）","プロ（演出多め）"
"BNR-03968","自動車・バイクのキャンペーン・プレゼントバナー（クール・テック）","上級"
"BNR-03969","Web制作・デザイン事務所の診断・クイズSNS画像（ジオメトリック・グラフィカル）","プロ（演出多め）"
"BNR-03970","英会話・語学のハウツー・ノウハウ投稿SNS画像（信頼・誠実（コーポレート））","中級"
"BNR-03971","アパレル・ファッションECのお客様の声・口コミサムネイル（和モダン）","上級"
"BNR-03972","工務店・注文住宅・リフォームのキャンペーン・プレゼントバナー（ニューブルータリズム）","プロ（演出多め）"
"BNR-03973","パーソナルジム・フィットネスのブランディング・認知バナー（ダーク・シネマティック）","中級"
"BNR-03974","美容クリニックのハウツー・ノウハウ投稿SNS画像（エネルギッシュ・スポーティ）","プロ（演出多め）"
"BNR-03975","歯科医院のキャンペーン・プレゼントバナー（ミニマル・洗練）","プロ（演出多め）"
"BNR-03976","プログラミングスクールの新商品・新サービス発売バナー（3D・クレイ）","プロ（演出多め）"
"BNR-03977","カフェ・ベーカリーのビフォーアフター・実績SNS画像（エディトリアル・雑誌風）","中級"
"BNR-03978","占い・スピリチュアルの新商品・新サービス発売バナー（ラグジュアリー・高級感）","上級"
"BNR-03979","NPO・地方自治体のお客様の声・口コミSNS画像（ジオメトリック・グラフィカル）","プロ（演出多め）"
"BNR-03980","英会話・語学のお客様の声・口コミSNS画像（ジオメトリック・グラフィカル）","プロ（演出多め）"
"BNR-03981","工務店・注文住宅・リフォームのキャンペーン・プレゼントバナー（北欧・ライフスタイル）","上級"
"BNR-03982","ウェディング・結婚相談所のハウツー・ノウハウ投稿バナー（ミニマル・洗練）","プロ（演出多め）"
"BNR-03983","スクール・オンライン講座のイベント・セミナー告知SNS画像（3D・クレイ）","プロ（演出多め）"
"BNR-03984","Web制作・デザイン事務所のイベント・セミナー告知バナー（ジオメトリック・グラフィカル）","プロ（演出多め）"
"BNR-03985","音楽・ライブ・イベントの新商品・新サービス発売SNS画像（ミニマル・洗練）","プロ（演出多め）"
"BNR-03986","エステ・脱毛サロンの新商品・新サービス発売SNS画像（ラグジュアリー・高級感）","上級"
"BNR-03987","内科・クリニックのブランディング・認知SNS画像（北欧・ライフスタイル）","プロ（演出多め）"
"BNR-03988","美容クリニックのお知らせ・営業案内SNS画像（信頼・誠実（コーポレート））","プロ（演出多め）"
"BNR-03989","カフェ・ベーカリーの比較・ランキングバナー（エディトリアル・雑誌風）","上級"
"BNR-03990","農業・地方の生産者のイベント・セミナー告知SNS画像（ナチュラル・オーガニック）","上級"
"BNR-03991","Web制作・デザイン事務所のセール・割引告知SNS画像（クール・テック）","プロ（演出多め）"
"BNR-03992","パーソナルジム・フィットネスのキャンペーン・プレゼントバナー（クール・テック）","上級"
"BNR-03993","採用・求人の採用・求人SNS画像（エディトリアル・雑誌風）","上級"
"BNR-03994","歯科医院の採用・求人SNS画像（ナチュラル・オーガニック）","プロ（演出多め）"
"BNR-03995","カフェ・ベーカリーの資料請求・ホワイトペーパーSNS画像（グラスモーフィズム）","上級"
"BNR-03996","レストラン・居酒屋の資料請求・ホワイトペーパーSNS画像（パステル・ドリーミー）","中級"
"BNR-03997","保育園・幼児教育・習い事の診断・クイズSNS画像（ナチュラル・オーガニック）","上級"
"BNR-03998","エステ・脱毛サロンの比較・ランキングSNS画像（ラグジュアリー・高級感）","プロ（演出多め）"
"BNR-03999","美容室・ヘアサロンのお知らせ・営業案内SNS画像（北欧・ライフスタイル）","上級"
"BNR-04000","英会話・語学のキャンペーン・プレゼントバナー（信頼・誠実（コーポレート））","プロ（演出多め）"
"BNR-04001","コスメ・スキンケアのセール・割引告知バナー（グラスモーフィズム）","上級"
"BNR-04002","カフェ・ベーカリーのハウツー・ノウハウ投稿SNS画像（ナチュラル・オーガニック）","中級"
"BNR-04003","不動産・マンションの採用・求人SNS画像（ダーク・シネマティック）","上級"
"BNR-04004","美容クリニックの診断・クイズSNS画像（信頼・誠実（コーポレート））","プロ（演出多め）"
"BNR-04005","NPO・地方自治体のハウツー・ノウハウ投稿バナー（ネオン・サイバー）","プロ（演出多め）"
"BNR-04006","ウェディング・結婚相談所のセール・割引告知SNS画像（ダーク・シネマティック）","プロ（演出多め）"
"BNR-04007","サウナ・温浴施設のお知らせ・営業案内SNS画像（レトロ・Y2K）","プロ（演出多め）"
"BNR-04008","カフェ・ベーカリーのお客様の声・口コミSNS画像（ハンドメイド・手書き）","プロ（演出多め）"
"BNR-04009","コンサル・コーチングの比較・ランキングSNS画像（ミニマル・洗練）","上級"
"BNR-04010","和菓子・スイーツのイベント・セミナー告知バナー（パステル・ドリーミー）","プロ（演出多め）"
"BNR-04011","ペット・トリミング・動物病院の新商品・新サービス発売バナー（ハンドメイド・手書き）","上級"
"BNR-04012","コンサル・コーチングの資料請求・ホワイトペーパーバナー（グラスモーフィズム）","プロ（演出多め）"
"BNR-04013","エステ・脱毛サロンのお知らせ・営業案内バナー（ラグジュアリー・高級感）","上級"
"BNR-04014","コスメ・スキンケアの比較・ランキングバナー（パステル・ドリーミー）","上級"
"BNR-04015","SaaS・BtoBツールの診断・クイズSNS画像（クール・テック）","中級"
"BNR-04016","Web制作・デザイン事務所の診断・クイズSNS画像（ダーク・シネマティック）","プロ（演出多め）"
"BNR-04017","英会話・語学のイベント・セミナー告知バナー（ジオメトリック・グラフィカル）","上級"
"BNR-04018","美容クリニックの資料請求・ホワイトペーパーバナー（ラグジュアリー・高級感）","中級"
"BNR-04019","スクール・オンライン講座の比較・ランキングSNS画像（クール・テック）","プロ（演出多め）"
"BNR-04020","和菓子・スイーツのイベント・セミナー告知バナー（かわいい・ガーリー）","プロ（演出多め）"
"BNR-04021","ヨガ・ピラティスのお客様の声・口コミバナー（ポップ・カラフル）","プロ（演出多め）"
"BNR-04022","NPO・地方自治体のお知らせ・営業案内バナー（ハンドメイド・手書き）","上級"
"BNR-04023","和菓子・スイーツの資料請求・ホワイトペーパーバナー（和モダン）","中級"
"BNR-04024","ヨガ・ピラティスのお客様の声・口コミバナー（ミニマル・洗練）","上級"
"BNR-04025","ホテル・旅館の比較・ランキングSNS画像（ポップ・カラフル）","プロ（演出多め）"
"BNR-04026","不動産・マンションのハウツー・ノウハウ投稿バナー（ミニマル・洗練）","上級"
"BNR-04027","Web制作・デザイン事務所のセール・割引告知バナー（ダーク・シネマティック）","プロ（演出多め）"
"BNR-04028","SaaS・BtoBツールのビフォーアフター・実績バナー（信頼・誠実（コーポレート））","プロ（演出多め）"
"BNR-04029","アパレル・ファッションECの無料体験・無料相談SNS画像（エディトリアル・雑誌風）","プロ（演出多め）"
"BNR-04030","サウナ・温浴施設の新商品・新サービス発売バナー（ニューブルータリズム）","プロ（演出多め）"
"BNR-04031","コスメ・スキンケアの診断・クイズSNS画像（ナチュラル・オーガニック）","上級"
"BNR-04032","AIサービス・スタートアップのブランディング・認知SNS画像（クール・テック）","中級"
"BNR-04033","サウナ・温浴施設の無料体験・無料相談バナー（エディトリアル・雑誌風）","プロ（演出多め）"
"BNR-04034","レストラン・居酒屋のお客様の声・口コミサムネイル（ラグジュアリー・高級感）","プロ（演出多め）"
"BNR-04035","カフェ・ベーカリーの資料請求・ホワイトペーパーSNS画像（エディトリアル・雑誌風）","プロ（演出多め）"
"BNR-04036","工務店・注文住宅・リフォームの新商品・新サービス発売SNS画像（信頼・誠実（コーポレート））","上級"
"BNR-04037","Web制作・デザイン事務所のハウツー・ノウハウ投稿SNS画像（ジオメトリック・グラフィカル）","上級"
"BNR-04038","カフェ・ベーカリーのブランディング・認知バナー（レトロ・Y2K）","プロ（演出多め）"
"BNR-04039","NPO・地方自治体のお客様の声・口コミSNS画像（ダーク・シネマティック）","上級"
"BNR-04040","コスメ・スキンケアのセール・割引告知バナー（北欧・ライフスタイル）","上級"
"BNR-04041","レストラン・居酒屋のキャンペーン・プレゼントバナー（ラグジュアリー・高級感）","中級"
"BNR-04042","建築設計事務所のお客様の声・口コミバナー（ミニマル・洗練）","上級"
"BNR-04043","ペット・トリミング・動物病院の採用・求人SNS画像（信頼・誠実（コーポレート））","上級"
"BNR-04044","引越し・生活サービスのビフォーアフター・実績バナー（3D・クレイ）","上級"
"BNR-04045","観光・地域プロモーションのお知らせ・営業案内SNS画像（パステル・ドリーミー）","プロ（演出多め）"
"BNR-04046","金融・保険・投資の新商品・新サービス発売SNS画像（クール・テック）","プロ（演出多め）"
"BNR-04047","コンサル・コーチングのキャンペーン・プレゼントバナー（信頼・誠実（コーポレート））","プロ（演出多め）"
"BNR-04048","アパレル・ファッションECの比較・ランキングSNS画像（ニューブルータリズム）","中級"
"BNR-04049","保育園・幼児教育・習い事のイベント・セミナー告知バナー（ポップ・カラフル）","プロ（演出多め）"
"BNR-04050","観光・地域プロモーションの無料体験・無料相談バナー（ナチュラル・オーガニック）","プロ（演出多め）"
"BNR-04051","サウナ・温浴施設のビフォーアフター・実績SNS画像（和モダン）","プロ（演出多め）"
"BNR-04052","引越し・生活サービスのハウツー・ノウハウ投稿バナー（3D・クレイ）","プロ（演出多め）"
"BNR-04053","ペット・トリミング・動物病院の採用・求人SNS画像（ナチュラル・オーガニック）","上級"
"BNR-04054","美容室・ヘアサロンのブランディング・認知SNS画像（ダーク・シネマティック）","上級"
"BNR-04055","自動車・バイクのお知らせ・営業案内SNS画像（クール・テック）","プロ（演出多め）"
"BNR-04056","士業（税理士・弁護士・行政書士）の新商品・新サービス発売バナー（信頼・誠実（コーポレート））","上級"
"BNR-04057","食品・産直ECの新商品・新サービス発売SNS画像（和モダン）","中級"
"BNR-04058","クラウドファンディング・新商品のハウツー・ノウハウ投稿SNS画像（ナチュラル・オーガニック）","プロ（演出多め）"
"BNR-04059","金融・保険・投資のお客様の声・口コミSNS画像（クール・テック）","上級"
"BNR-04060","美容クリニックのブランディング・認知バナー（信頼・誠実（コーポレート））","上級"
"BNR-04061","美容クリニックのブランディング・認知バナー（和モダン）","上級"
"BNR-04062","音楽・ライブ・イベントの資料請求・ホワイトペーパーSNS画像（ネオン・サイバー）","上級"
"BNR-04063","内科・クリニックの無料体験・無料相談SNS画像（信頼・誠実（コーポレート））","上級"
"BNR-04064","建築設計事務所のハウツー・ノウハウ投稿SNS画像（エディトリアル・雑誌風）","上級"
"BNR-04065","保育園・幼児教育・習い事のハウツー・ノウハウ投稿サムネイル（ハンドメイド・手書き）","プロ（演出多め）"
"BNR-04066","採用・求人のハウツー・ノウハウ投稿SNS画像（信頼・誠実（コーポレート））","上級"
"BNR-04067","パーソナルジム・フィットネスの採用・求人SNS画像（エネルギッシュ・スポーティ）","プロ（演出多め）"
"BNR-04068","占い・スピリチュアルの診断・クイズバナー（ラグジュアリー・高級感）","上級"
"BNR-04069","エステ・脱毛サロンのイベント・セミナー告知SNS画像（ラグジュアリー・高級感）","上級"
"BNR-04070","不動産・マンションのビフォーアフター・実績バナー（ラグジュアリー・高級感）","プロ（演出多め）"
"BNR-04071","スクール・オンライン講座の資料請求・ホワイトペーパーバナー（クール・テック）","プロ（演出多め）"
"BNR-04072","レストラン・居酒屋のキャンペーン・プレゼントSNS画像（ラグジュアリー・高級感）","プロ（演出多め）"
"BNR-04073","占い・スピリチュアルのイベント・セミナー告知SNS画像（ジオメトリック・グラフィカル）","プロ（演出多め）"
"BNR-04074","音楽・ライブ・イベントの無料体験・無料相談SNS画像（ニューブルータリズム）","上級"
"BNR-04075","AIサービス・スタートアップのキャンペーン・プレゼントバナー（クール・テック）","プロ（演出多め）"
"BNR-04076","美容クリニックの診断・クイズSNS画像（ミニマル・洗練）","上級"
"BNR-04077","AIサービス・スタートアップのイベント・セミナー告知SNS画像（ミニマル・洗練）","上級"
"BNR-04078","農業・地方の生産者のセール・割引告知バナー（和モダン）","上級"
"BNR-04079","レストラン・居酒屋の新商品・新サービス発売SNS画像（レトロ・Y2K）","上級"
"BNR-04080","食品・産直ECのブランディング・認知バナー（ナチュラル・オーガニック）","上級"
"BNR-04081","観光・地域プロモーションのブランディング・認知SNS画像（ナチュラル・オーガニック）","上級"
"BNR-04082","コンサル・コーチングの比較・ランキングバナー（エディトリアル・雑誌風）","プロ（演出多め）"
"BNR-04083","サウナ・温浴施設のイベント・セミナー告知バナー（和モダン）","プロ（演出多め）"
"BNR-04084","自動車・バイクの比較・ランキングSNS画像（エディトリアル・雑誌風）","プロ（演出多め）"
"BNR-04085","金融・保険・投資の無料体験・無料相談バナー（クール・テック）","プロ（演出多め）"
"BNR-04086","ホテル・旅館のブランディング・認知バナー（ダーク・シネマティック）","上級"
"BNR-04087","プログラミングスクールのイベント・セミナー告知SNS画像（3D・クレイ）","上級"
"BNR-04088","NPO・地方自治体の採用・求人SNS画像（ナチュラル・オーガニック）","上級"
"BNR-04089","パーソナルジム・フィットネスのセール・割引告知SNS画像（レトロ・Y2K）","プロ（演出多め）"
"BNR-04090","ホテル・旅館のキャンペーン・プレゼントバナー（ラグジュアリー・高級感）","上級"
"BNR-04091","農業・地方の生産者の採用・求人SNS画像（ハンドメイド・手書き）","上級"
"BNR-04092","NPO・地方自治体のハウツー・ノウハウ投稿バナー（ハンドメイド・手書き）","上級"
"BNR-04093","工務店・注文住宅・リフォームのハウツー・ノウハウ投稿バナー（信頼・誠実（コーポレート））","上級"
"BNR-04094","和菓子・スイーツのハウツー・ノウハウ投稿SNS画像（かわいい・ガーリー）","上級"
"BNR-04095","工務店・注文住宅・リフォームのビフォーアフター・実績SNS画像（ナチュラル・オーガニック）","プロ（演出多め）"
"BNR-04096","占い・スピリチュアルの無料体験・無料相談SNS画像（和モダン）","上級"
"BNR-04097","ウェディング・結婚相談所のお客様の声・口コミSNS画像（ラグジュアリー・高級感）","上級"
"BNR-04098","美容クリニックの比較・ランキングバナー（ラグジュアリー・高級感）","プロ（演出多め）"
"BNR-04099","スクール・オンライン講座のお客様の声・口コミバナー（信頼・誠実（コーポレート））","プロ（演出多め）"
"BNR-04100","歯科医院の比較・ランキングバナー（ミニマル・洗練）","上級"
"BNR-04101","金融・保険・投資の採用・求人バナー（ミニマル・洗練）","プロ（演出多め）"
"BNR-04102","アパレル・ファッションECのお知らせ・営業案内SNS画像（エディトリアル・雑誌風）","中級"
"BNR-04103","エステ・脱毛サロンのお知らせ・営業案内バナー（ミニマル・洗練）","上級"
"BNR-04104","サウナ・温浴施設の無料体験・無料相談SNS画像（ナチュラル・オーガニック）","中級"
"BNR-04105","保育園・幼児教育・習い事のイベント・セミナー告知バナー（ナチュラル・オーガニック）","プロ（演出多め）"
"BNR-04106","食品・産直ECのビフォーアフター・実績SNS画像（和モダン）","プロ（演出多め）"
"BNR-04107","士業（税理士・弁護士・行政書士）の新商品・新サービス発売バナー（信頼・誠実（コーポレート））","上級"
"BNR-04108","工務店・注文住宅・リフォームのビフォーアフター・実績SNS画像（ミニマル・洗練）","プロ（演出多め）"
"BNR-04109","クラウドファンディング・新商品のお知らせ・営業案内バナー（クール・テック）","中級"
"BNR-04110","英会話・語学のハウツー・ノウハウ投稿バナー（信頼・誠実（コーポレート））","上級"
"BNR-04111","レストラン・居酒屋のブランディング・認知SNS画像（ラグジュアリー・高級感）","上級"
"BNR-04112","Web制作・デザイン事務所のハウツー・ノウハウ投稿SNS画像（ジオメトリック・グラフィカル）","プロ（演出多め）"
"BNR-04113","サウナ・温浴施設のセール・割引告知SNS画像（ニューブルータリズム）","上級"
"BNR-04114","サウナ・温浴施設のイベント・セミナー告知SNS画像（レトロ・Y2K）","プロ（演出多め）"
"BNR-04115","レストラン・居酒屋のイベント・セミナー告知バナー（ラグジュアリー・高級感）","上級"
"BNR-04116","エステ・脱毛サロンの比較・ランキングバナー（ミニマル・洗練）","プロ（演出多め）"
"BNR-04117","占い・スピリチュアルの採用・求人SNS画像（パステル・ドリーミー）","プロ（演出多め）"
"BNR-04118","引越し・生活サービスのキャンペーン・プレゼントバナー（信頼・誠実（コーポレート））","プロ（演出多め）"
"BNR-04119","建築設計事務所の新商品・新サービス発売バナー（ナチュラル・オーガニック）","上級"
"BNR-04120","エステ・脱毛サロンの新商品・新サービス発売SNS画像（かわいい・ガーリー）","プロ（演出多め）"
"BNR-04121","歯科医院の無料体験・無料相談SNS画像（ミニマル・洗練）","プロ（演出多め）"
"BNR-04122","AIサービス・スタートアップの無料体験・無料相談バナー（グラスモーフィズム）","プロ（演出多め）"
"BNR-04123","スマホアプリのお知らせ・営業案内SNS画像（ポップ・カラフル）","上級"
"BNR-04124","農業・地方の生産者の比較・ランキングSNS画像（和モダン）","上級"
"BNR-04125","採用・求人のイベント・セミナー告知バナー（信頼・誠実（コーポレート））","上級"
"BNR-04126","ウェディング・結婚相談所のハウツー・ノウハウ投稿バナー（ミニマル・洗練）","プロ（演出多め）"
"BNR-04127","コンサル・コーチングのビフォーアフター・実績SNS画像（信頼・誠実（コーポレート））","上級"
"BNR-04128","コンサル・コーチングのお客様の声・口コミSNS画像（パステル・ドリーミー）","上級"
"BNR-04129","パーソナルジム・フィットネスのお知らせ・営業案内バナー（エネルギッシュ・スポーティ）","プロ（演出多め）"
"BNR-04130","プログラミングスクールの採用・求人SNS画像（ネオン・サイバー）","上級"
"BNR-04131","スマホアプリの比較・ランキングSNS画像（3D・クレイ）","プロ（演出多め）"
"BNR-04132","スクール・オンライン講座のセール・割引告知SNS画像（クール・テック）","プロ（演出多め）"
"BNR-04133","観光・地域プロモーションの新商品・新サービス発売バナー（和モダン）","プロ（演出多め）"
"BNR-04134","コスメ・スキンケアのセール・割引告知SNS画像（ナチュラル・オーガニック）","プロ（演出多め）"
"BNR-04135","サウナ・温浴施設のビフォーアフター・実績バナー（エディトリアル・雑誌風）","上級"
"BNR-04136","ウェディング・結婚相談所のお客様の声・口コミSNS画像（かわいい・ガーリー）","プロ（演出多め）"
"BNR-04137","建築設計事務所の資料請求・ホワイトペーパーバナー（ミニマル・洗練）","プロ（演出多め）"
"BNR-04138","スクール・オンライン講座の比較・ランキングSNS画像（3D・クレイ）","プロ（演出多め）"
"BNR-04139","自動車・バイクのセール・割引告知バナー（クール・テック）","プロ（演出多め）"
"BNR-04140","カフェ・ベーカリーのビフォーアフター・実績サムネイル（ナチュラル・オーガニック）","プロ（演出多め）"
"BNR-04141","採用・求人のキャンペーン・プレゼントSNS画像（信頼・誠実（コーポレート））","上級"
"BNR-04142","建築設計事務所のお知らせ・営業案内SNS画像（ミニマル・洗練）","プロ（演出多め）"
"BNR-04143","エステ・脱毛サロンの無料体験・無料相談SNS画像（パステル・ドリーミー）","プロ（演出多め）"
"BNR-04144","ペット・トリミング・動物病院のキャンペーン・プレゼントSNS画像（かわいい・ガーリー）","プロ（演出多め）"
"BNR-04145","占い・スピリチュアルの無料体験・無料相談SNS画像（パステル・ドリーミー）","中級"
"BNR-04146","自動車・バイクの採用・求人バナー（エネルギッシュ・スポーティ）","中級"
"BNR-04147","美容クリニックのブランディング・認知バナー（信頼・誠実（コーポレート））","プロ（演出多め）"
"BNR-04148","採用・求人のイベント・セミナー告知バナー（ポップ・カラフル）","中級"
"BNR-04149","和菓子・スイーツの資料請求・ホワイトペーパーSNS画像（かわいい・ガーリー）","中級"
"BNR-04150","エステ・脱毛サロンのセール・割引告知バナー（ポップ・カラフル）","プロ（演出多め）"
"BNR-04151","不動産・マンションのお知らせ・営業案内SNS画像（ダーク・シネマティック）","上級"
"BNR-04152","採用・求人のキャンペーン・プレゼントSNS画像（ダーク・シネマティック）","上級"
"BNR-04153","レストラン・居酒屋のハウツー・ノウハウ投稿SNS画像（レトロ・Y2K）","中級"
"BNR-04154","ゲーム・eスポーツのキャンペーン・プレゼントSNS画像（ダーク・シネマティック）","中級"
"BNR-04155","美容クリニックのお客様の声・口コミバナー（ラグジュアリー・高級感）","上級"
"BNR-04156","NPO・地方自治体のキャンペーン・プレゼントバナー（信頼・誠実（コーポレート））","プロ（演出多め）"
"BNR-04157","和菓子・スイーツの診断・クイズバナー（パステル・ドリーミー）","プロ（演出多め）"
"BNR-04158","レストラン・居酒屋のセール・割引告知SNS画像（ダーク・シネマティック）","上級"
"BNR-04159","歯科医院の比較・ランキングSNS画像（ナチュラル・オーガニック）","上級"
"BNR-04160","パーソナルジム・フィットネスのブランディング・認知バナー（エネルギッシュ・スポーティ）","上級"
"BNR-04161","保育園・幼児教育・習い事のセール・割引告知バナー（かわいい・ガーリー）","プロ（演出多め）"
"BNR-04162","クラウドファンディング・新商品のビフォーアフター・実績バナー（ナチュラル・オーガニック）","プロ（演出多め）"
"BNR-04163","レストラン・居酒屋の資料請求・ホワイトペーパーSNS画像（ネオン・サイバー）","中級"
"BNR-04164","歯科医院の採用・求人バナー（ミニマル・洗練）","上級"
"BNR-04165","スマホアプリの比較・ランキングバナー（グラスモーフィズム）","プロ（演出多め）"
"BNR-04166","占い・スピリチュアルの診断・クイズSNS画像（ラグジュアリー・高級感）","上級"
"BNR-04167","引越し・生活サービスのブランディング・認知SNS画像（ポップ・カラフル）","プロ（演出多め）"
"BNR-04168","エステ・脱毛サロンの診断・クイズバナー（ラグジュアリー・高級感）","上級"
"BNR-04169","レストラン・居酒屋の資料請求・ホワイトペーパーバナー（和モダン）","上級"
"BNR-04170","サウナ・温浴施設のお知らせ・営業案内SNS画像（ミニマル・洗練）","プロ（演出多め）"
"BNR-04171","YouTuber・インフルエンサーの新商品・新サービス発売SNS画像（かわいい・ガーリー）","プロ（演出多め）"
"BNR-04172","コスメ・スキンケアのキャンペーン・プレゼントSNS画像（ミニマル・洗練）","中級"
"BNR-04173","スクール・オンライン講座のキャンペーン・プレゼントバナー（クール・テック）","上級"
"BNR-04174","サウナ・温浴施設のキャンペーン・プレゼントSNS画像（レトロ・Y2K）","プロ（演出多め）"
"BNR-04175","レストラン・居酒屋のブランディング・認知バナー（ナチュラル・オーガニック）","プロ（演出多め）"
"BNR-04176","歯科医院のブランディング・認知バナー（信頼・誠実（コーポレート））","上級"
"BNR-04177","内科・クリニックのセール・割引告知SNS画像（信頼・誠実（コーポレート））","中級"
"BNR-04178","ゲーム・eスポーツのハウツー・ノウハウ投稿バナー（エネルギッシュ・スポーティ）","プロ（演出多め）"
"BNR-04179","引越し・生活サービスの採用・求人SNS画像（北欧・ライフスタイル）","プロ（演出多め）"
"BNR-04180","自動車・バイクの比較・ランキングサムネイル（ラグジュアリー・高級感）","プロ（演出多め）"
"BNR-04181","AIサービス・スタートアップのYouTube動画の興味喚起サムネイル（クール・テック）","プロ（演出多め）"
"BNR-04182","美容室・ヘアサロンの採用・求人バナー（ラグジュアリー・高級感）","上級"
"BNR-04183","金融・保険・投資のお知らせ・営業案内バナー（信頼・誠実（コーポレート））","中級"
"BNR-04184","不動産・マンションの無料体験・無料相談SNS画像（信頼・誠実（コーポレート））","上級"
"BNR-04185","士業（税理士・弁護士・行政書士）のブランディング・認知バナー（ミニマル・洗練）","中級"
"BNR-04186","コンサル・コーチングのお客様の声・口コミSNS画像（ミニマル・洗練）","上級"
"BNR-04187","引越し・生活サービスの資料請求・ホワイトペーパーSNS画像（信頼・誠実（コーポレート））","プロ（演出多め）"
"BNR-04188","採用・求人のイベント・セミナー告知SNS画像（エディトリアル・雑誌風）","上級"
"BNR-04189","アパレル・ファッションECの資料請求・ホワイトペーパーSNS画像（エディトリアル・雑誌風）","上級"
"BNR-04190","プログラミングスクールのお客様の声・口コミバナー（ナチュラル・オーガニック）","上級"
"BNR-04191","自動車・バイクのセール・割引告知バナー（クール・テック）","上級"
"BNR-04192","士業（税理士・弁護士・行政書士）の比較・ランキングSNS画像（信頼・誠実（コーポレート））","上級"
"BNR-04193","YouTuber・インフルエンサーのブランディング・認知バナー（ネオン・サイバー）","プロ（演出多め）"
"BNR-04194","食品・産直ECのハウツー・ノウハウ投稿バナー（ハンドメイド・手書き）","プロ（演出多め）"
"BNR-04195","クラウドファンディング・新商品の比較・ランキングSNS画像（パステル・ドリーミー）","中級"
"BNR-04196","美容クリニックの採用・求人SNS画像（ミニマル・洗練）","中級"
"BNR-04197","YouTuber・インフルエンサーの無料体験・無料相談SNS画像（グラスモーフィズム）","プロ（演出多め）"
"BNR-04198","AIサービス・スタートアップの比較・ランキングSNS画像（クール・テック）","上級"
"BNR-04199","アパレル・ファッションECのセール・割引告知SNS画像（ニューブルータリズム）","プロ（演出多め）"
"BNR-04200","ヨガ・ピラティスの採用・求人バナー（北欧・ライフスタイル）","プロ（演出多め）"
"BNR-04201","占い・スピリチュアルの比較・ランキングSNS画像（パステル・ドリーミー）","プロ（演出多め）"
"BNR-04202","歯科医院のイベント・セミナー告知SNS画像（信頼・誠実（コーポレート））","中級"
"BNR-04203","美容室・ヘアサロンのイベント・セミナー告知SNS画像（ミニマル・洗練）","上級"
"BNR-04204","引越し・生活サービスの診断・クイズSNS画像（ポップ・カラフル）","上級"
"BNR-04205","クラウドファンディング・新商品の採用・求人バナー（ラグジュアリー・高級感）","上級"
"BNR-04206","SaaS・BtoBツールのお客様の声・口コミサムネイル（グラスモーフィズム）","上級"
"BNR-04207","レストラン・居酒屋のイベント・セミナー告知バナー（エディトリアル・雑誌風）","中級"
"BNR-04208","士業（税理士・弁護士・行政書士）の比較・ランキングSNS画像（クール・テック）","プロ（演出多め）"
"BNR-04209","建築設計事務所の診断・クイズSNS画像（ジオメトリック・グラフィカル）","上級"
"BNR-04210","YouTuber・インフルエンサーのお知らせ・営業案内バナー（ポップ・カラフル）","プロ（演出多め）"
"BNR-04211","食品・産直ECの資料請求・ホワイトペーパーバナー（ハンドメイド・手書き）","上級"
"BNR-04212","ペット・トリミング・動物病院の新商品・新サービス発売バナー（グラスモーフィズム）","プロ（演出多め）"
"BNR-04213","YouTuber・インフルエンサーのハウツー・ノウハウ投稿SNS画像（ポップ・カラフル）","中級"
"BNR-04214","士業（税理士・弁護士・行政書士）の診断・クイズSNS画像（ジオメトリック・グラフィカル）","上級"
"BNR-04215","保育園・幼児教育・習い事の新商品・新サービス発売バナー（ナチュラル・オーガニック）","プロ（演出多め）"
"BNR-04216","ヨガ・ピラティスの診断・クイズバナー（ナチュラル・オーガニック）","上級"
"BNR-04217","パーソナルジム・フィットネスのイベント・セミナー告知SNS画像（エネルギッシュ・スポーティ）","中級"
"BNR-04218","不動産・マンションのブランディング・認知SNS画像（ミニマル・洗練）","プロ（演出多め）"
"BNR-04219","工務店・注文住宅・リフォームのハウツー・ノウハウ投稿バナー（ミニマル・洗練）","上級"
"BNR-04220","ウェディング・結婚相談所のブランディング・認知SNS画像（かわいい・ガーリー）","プロ（演出多め）"
"BNR-04221","コスメ・スキンケアの比較・ランキングバナー（グラスモーフィズム）","プロ（演出多め）"
"BNR-04222","SaaS・BtoBツールのキャンペーン・プレゼントSNS画像（グラスモーフィズム）","プロ（演出多め）"
"BNR-04223","YouTuber・インフルエンサーの診断・クイズバナー（かわいい・ガーリー）","上級"
"BNR-04224","エステ・脱毛サロンのお客様の声・口コミSNS画像（ラグジュアリー・高級感）","中級"
"BNR-04225","農業・地方の生産者のお客様の声・口コミバナー（ナチュラル・オーガニック）","上級"
"BNR-04226","SaaS・BtoBツールの採用・求人SNS画像（グラスモーフィズム）","上級"
"BNR-04227","ゲーム・eスポーツのお知らせ・営業案内SNS画像（ネオン・サイバー）","上級"
"BNR-04228","ウェディング・結婚相談所の診断・クイズサムネイル（パステル・ドリーミー）","プロ（演出多め）"
"BNR-04229","占い・スピリチュアルのハウツー・ノウハウ投稿バナー（パステル・ドリーミー）","中級"
"BNR-04230","不動産・マンションのキャンペーン・プレゼントSNS画像（信頼・誠実（コーポレート））","上級"
"BNR-04231","保育園・幼児教育・習い事のセール・割引告知SNS画像（ハンドメイド・手書き）","中級"
"BNR-04232","占い・スピリチュアルの診断・クイズSNS画像（ダーク・シネマティック）","プロ（演出多め）"
"BNR-04233","YouTuber・インフルエンサーの診断・クイズバナー（ネオン・サイバー）","上級"
"BNR-04234","工務店・注文住宅・リフォームの資料請求・ホワイトペーパーSNS画像（北欧・ライフスタイル）","プロ（演出多め）"
"BNR-04235","AIサービス・スタートアップの無料体験・無料相談SNS画像（クール・テック）","プロ（演出多め）"
"BNR-04236","食品・産直ECの無料体験・無料相談SNS画像（ポップ・カラフル）","中級"
"BNR-04237","歯科医院の無料体験・無料相談バナー（信頼・誠実（コーポレート））","中級"
"BNR-04238","音楽・ライブ・イベントの無料体験・無料相談SNS画像（ネオン・サイバー）","上級"
"BNR-04239","カフェ・ベーカリーのイベント・セミナー告知SNS画像（エディトリアル・雑誌風）","中級"
"BNR-04240","ホテル・旅館のイベント・セミナー告知SNS画像（ダーク・シネマティック）","プロ（演出多め）"
"BNR-04241","美容室・ヘアサロンのブランディング・認知SNS画像（エディトリアル・雑誌風）","中級"
"BNR-04242","士業（税理士・弁護士・行政書士）の診断・クイズバナー（ミニマル・洗練）","上級"
"BNR-04243","士業（税理士・弁護士・行政書士）のセール・割引告知SNS画像（ミニマル・洗練）","上級"
"BNR-04244","美容クリニックの無料体験・無料相談SNS画像（信頼・誠実（コーポレート））","上級"
"BNR-04245","内科・クリニックの新商品・新サービス発売バナー（信頼・誠実（コーポレート））","プロ（演出多め）"
"BNR-04246","金融・保険・投資の新商品・新サービス発売バナー（信頼・誠実（コーポレート））","上級"
"BNR-04247","食品・産直ECの無料体験・無料相談バナー（ポップ・カラフル）","プロ（演出多め）"
"BNR-04248","保育園・幼児教育・習い事の採用・求人SNS画像（かわいい・ガーリー）","中級"
"BNR-04249","ウェディング・結婚相談所のお知らせ・営業案内SNS画像（グラスモーフィズム）","上級"
"BNR-04250","AIサービス・スタートアップのハウツー・ノウハウ投稿SNS画像（和モダン）","プロ（演出多め）"
"BNR-04251","レストラン・居酒屋のお客様の声・口コミバナー（レトロ・Y2K）","中級"
"BNR-04252","占い・スピリチュアルのお知らせ・営業案内バナー（ネオン・サイバー）","プロ（演出多め）"
"BNR-04253","農業・地方の生産者のお客様の声・口コミSNS画像（ハンドメイド・手書き）","プロ（演出多め）"
"BNR-04254","NPO・地方自治体の診断・クイズSNS画像（信頼・誠実（コーポレート））","中級"
"BNR-04255","ホテル・旅館のイベント・セミナー告知SNS画像（ミニマル・洗練）","プロ（演出多め）"
"BNR-04256","ヨガ・ピラティスのハウツー・ノウハウ投稿SNS画像（ナチュラル・オーガニック）","プロ（演出多め）"
"BNR-04257","美容室・ヘアサロンのハウツー・ノウハウ投稿バナー（ミニマル・洗練）","上級"
"BNR-04258","コンサル・コーチングのお客様の声・口コミSNS画像（ミニマル・洗練）","中級"
"BNR-04259","コンサル・コーチングの新商品・新サービス発売SNS画像（信頼・誠実（コーポレート））","上級"
"BNR-04260","観光・地域プロモーションの無料体験・無料相談SNS画像（ナチュラル・オーガニック）","上級"
"BNR-04261","サウナ・温浴施設のブランディング・認知SNS画像（ナチュラル・オーガニック）","プロ（演出多め）"
"BNR-04262","ヨガ・ピラティスのブランディング・認知バナー（北欧・ライフスタイル）","上級"
"BNR-04263","食品・産直ECの診断・クイズバナー（ハンドメイド・手書き）","プロ（演出多め）"
"BNR-04264","ヨガ・ピラティスのブランディング・認知バナー（北欧・ライフスタイル）","プロ（演出多め）"
"BNR-04265","YouTuber・インフルエンサーのビフォーアフター・実績SNS画像（ジオメトリック・グラフィカル）","プロ（演出多め）"
"BNR-04266","ゲーム・eスポーツのハウツー・ノウハウ投稿SNS画像（ネオン・サイバー）","中級"
"BNR-04267","農業・地方の生産者のハウツー・ノウハウ投稿SNS画像（かわいい・ガーリー）","上級"
"BNR-04268","採用・求人のお知らせ・営業案内SNS画像（3D・クレイ）","中級"
"BNR-04269","クラウドファンディング・新商品の比較・ランキングSNS画像（ポップ・カラフル）","プロ（演出多め）"
"BNR-04270","引越し・生活サービスの診断・クイズバナー（3D・クレイ）","上級"
"BNR-04271","歯科医院のビフォーアフター・実績SNS画像（ナチュラル・オーガニック）","上級"
"BNR-04272","金融・保険・投資のハウツー・ノウハウ投稿SNS画像（ミニマル・洗練）","上級"
"BNR-04273","プログラミングスクールの新商品・新サービス発売バナー（ポップ・カラフル）","プロ（演出多め）"
"BNR-04274","エステ・脱毛サロンのYouTube動画の興味喚起サムネイル（パステル・ドリーミー）","中級"
"BNR-04275","スマホアプリのイベント・セミナー告知バナー（3D・クレイ）","上級"
"BNR-04276","コンサル・コーチングのお客様の声・口コミバナー（信頼・誠実（コーポレート））","上級"
"BNR-04277","引越し・生活サービスのお客様の声・口コミバナー（信頼・誠実（コーポレート））","上級"
"BNR-04278","金融・保険・投資の新商品・新サービス発売SNS画像（ネオン・サイバー）","上級"
"BNR-04279","コンサル・コーチングの新商品・新サービス発売SNS画像（ニューブルータリズム）","上級"
"BNR-04280","自動車・バイクのハウツー・ノウハウ投稿SNS画像（ラグジュアリー・高級感）","上級"
"BNR-04281","農業・地方の生産者のセール・割引告知SNS画像（ハンドメイド・手書き）","上級"
"BNR-04282","内科・クリニックのキャンペーン・プレゼントSNS画像（ラグジュアリー・高級感）","上級"
"BNR-04283","ヨガ・ピラティスの無料体験・無料相談SNS画像（ハンドメイド・手書き）","プロ（演出多め）"
"BNR-04284","パーソナルジム・フィットネスのイベント・セミナー告知バナー（エネルギッシュ・スポーティ）","上級"
"BNR-04285","農業・地方の生産者の資料請求・ホワイトペーパーSNS画像（ナチュラル・オーガニック）","プロ（演出多め）"
"BNR-04286","占い・スピリチュアルの採用・求人SNS画像（ラグジュアリー・高級感）","上級"
"BNR-04287","サウナ・温浴施設のキャンペーン・プレゼントSNS画像（クール・テック）","プロ（演出多め）"
"BNR-04288","英会話・語学の採用・求人バナー（ポップ・カラフル）","中級"
"BNR-04289","占い・スピリチュアルのイベント・セミナー告知バナー（ラグジュアリー・高級感）","上級"
"BNR-04290","農業・地方の生産者の資料請求・ホワイトペーパーバナー（ジオメトリック・グラフィカル）","上級"
"BNR-04291","スクール・オンライン講座の無料体験・無料相談バナー（クール・テック）","上級"
"BNR-04292","カフェ・ベーカリーの比較・ランキングSNS画像（北欧・ライフスタイル）","中級"
"BNR-04293","NPO・地方自治体のハウツー・ノウハウ投稿SNS画像（ニューブルータリズム）","プロ（演出多め）"
"BNR-04294","引越し・生活サービスの無料体験・無料相談バナー（ジオメトリック・グラフィカル）","上級"
"BNR-04295","食品・産直ECのお知らせ・営業案内バナー（和モダン）","プロ（演出多め）"
"BNR-04296","金融・保険・投資のキャンペーン・プレゼントSNS画像（クール・テック）","中級"
"BNR-04297","Web制作・デザイン事務所のビフォーアフター・実績SNS画像（ニューブルータリズム）","プロ（演出多め）"
"BNR-04298","プログラミングスクールのキャンペーン・プレゼントバナー（ダーク・シネマティック）","プロ（演出多め）"
"BNR-04299","採用・求人の診断・クイズSNS画像（ジオメトリック・グラフィカル）","プロ（演出多め）"
"BNR-04300","クラウドファンディング・新商品のイベント・セミナー告知バナー（ポップ・カラフル）","プロ（演出多め）"
"BNR-04301","工務店・注文住宅・リフォームのお客様の声・口コミサムネイル（信頼・誠実（コーポレート））","上級"
"BNR-04302","コスメ・スキンケアのハウツー・ノウハウ投稿バナー（グラスモーフィズム）","上級"
"BNR-04303","NPO・地方自治体の診断・クイズバナー（信頼・誠実（コーポレート））","中級"
"BNR-04304","建築設計事務所の診断・クイズSNS画像（ニューブルータリズム）","プロ（演出多め）"
"BNR-04305","自動車・バイクのお客様の声・口コミバナー（ニューブルータリズム）","上級"
"BNR-04306","パーソナルジム・フィットネスの無料体験・無料相談SNS画像（クール・テック）","プロ（演出多め）"
"BNR-04307","建築設計事務所のビフォーアフター・実績SNS画像（エディトリアル・雑誌風）","プロ（演出多め）"
"BNR-04308","コスメ・スキンケアのセール・割引告知SNS画像（ミニマル・洗練）","プロ（演出多め）"
"BNR-04309","引越し・生活サービスの比較・ランキングバナー（ポップ・カラフル）","上級"
"BNR-04310","食品・産直ECの比較・ランキングバナー（ナチュラル・オーガニック）","プロ（演出多め）"
"BNR-04311","英会話・語学の無料体験・無料相談SNS画像（ポップ・カラフル）","上級"
"BNR-04312","採用・求人の比較・ランキングSNS画像（エネルギッシュ・スポーティ）","上級"
"BNR-04313","クラウドファンディング・新商品の新商品・新サービス発売SNS画像（ダーク・シネマティック）","上級"
"BNR-04314","コンサル・コーチングのイベント・セミナー告知SNS画像（信頼・誠実（コーポレート））","中級"
"BNR-04315","NPO・地方自治体の無料体験・無料相談バナー（ナチュラル・オーガニック）","中級"
"BNR-04316","スクール・オンライン講座のお客様の声・口コミSNS画像（グラスモーフィズム）","プロ（演出多め）"
"BNR-04317","金融・保険・投資の診断・クイズサムネイル（ミニマル・洗練）","プロ（演出多め）"
"BNR-04318","サウナ・温浴施設の比較・ランキングバナー（ニューブルータリズム）","プロ（演出多め）"
"BNR-04319","和菓子・スイーツのセール・割引告知SNS画像（北欧・ライフスタイル）","プロ（演出多め）"
"BNR-04320","内科・クリニックのキャンペーン・プレゼントバナー（パステル・ドリーミー）","上級"
"BNR-04321","農業・地方の生産者のブランディング・認知バナー（3D・クレイ）","プロ（演出多め）"
"BNR-04322","ウェディング・結婚相談所のハウツー・ノウハウ投稿SNS画像（エネルギッシュ・スポーティ）","上級"
"BNR-04323","観光・地域プロモーションのハウツー・ノウハウ投稿バナー（和モダン）","上級"
"BNR-04324","NPO・地方自治体の資料請求・ホワイトペーパーSNS画像（信頼・誠実（コーポレート））","プロ（演出多め）"
"BNR-04325","観光・地域プロモーションのお知らせ・営業案内SNS画像（ハンドメイド・手書き）","中級"
"BNR-04326","不動産・マンションのお知らせ・営業案内バナー（ポップ・カラフル）","プロ（演出多め）"
"BNR-04327","YouTuber・インフルエンサーの診断・クイズSNS画像（ニューブルータリズム）","プロ（演出多め）"
"BNR-04328","美容室・ヘアサロンのキャンペーン・プレゼントSNS画像（ミニマル・洗練）","プロ（演出多め）"
"BNR-04329","コスメ・スキンケアのビフォーアフター・実績バナー（クール・テック）","上級"
"BNR-04330","農業・地方の生産者のお客様の声・口コミSNS画像（和モダン）","プロ（演出多め）"
"BNR-04331","ヨガ・ピラティスのセール・割引告知バナー（北欧・ライフスタイル）","上級"
"BNR-04332","AIサービス・スタートアップのキャンペーン・プレゼントSNS画像（クール・テック）","上級"
"BNR-04333","食品・産直ECのキャンペーン・プレゼントバナー（和モダン）","プロ（演出多め）"
"BNR-04334","不動産・マンションの比較・ランキングバナー（ラグジュアリー・高級感）","プロ（演出多め）"
"BNR-04335","内科・クリニックのイベント・セミナー告知SNS画像（北欧・ライフスタイル）","プロ（演出多め）"
"BNR-04336","ウェディング・結婚相談所のキャンペーン・プレゼントバナー（ミニマル・洗練）","プロ（演出多め）"
"BNR-04337","農業・地方の生産者の採用・求人SNS画像（ハンドメイド・手書き）","プロ（演出多め）"
"BNR-04338","金融・保険・投資のYouTube動画の興味喚起サムネイル（信頼・誠実（コーポレート））","プロ（演出多め）"
"BNR-04339","占い・スピリチュアルのビフォーアフター・実績SNS画像（和モダン）","プロ（演出多め）"
"BNR-04340","カフェ・ベーカリーのセール・割引告知バナー（ナチュラル・オーガニック）","中級"
"BNR-04341","士業（税理士・弁護士・行政書士）のイベント・セミナー告知バナー（ポップ・カラフル）","上級"
"BNR-04342","英会話・語学のお知らせ・営業案内バナー（ハンドメイド・手書き）","上級"
"BNR-04343","美容室・ヘアサロンのセール・割引告知SNS画像（ミニマル・洗練）","上級"
"BNR-04344","採用・求人のキャンペーン・プレゼントSNS画像（グラスモーフィズム）","プロ（演出多め）"
"BNR-04345","歯科医院のハウツー・ノウハウ投稿SNS画像（グラスモーフィズム）","プロ（演出多め）"
"BNR-04346","占い・スピリチュアルのビフォーアフター・実績SNS画像（ダーク・シネマティック）","中級"
"BNR-04347","サウナ・温浴施設の診断・クイズバナー（ラグジュアリー・高級感）","プロ（演出多め）"
"BNR-04348","美容室・ヘアサロンのお知らせ・営業案内SNS画像（北欧・ライフスタイル）","上級"
"BNR-04349","クラウドファンディング・新商品の診断・クイズバナー（ラグジュアリー・高級感）","上級"
"BNR-04350","歯科医院のイベント・セミナー告知バナー（ミニマル・洗練）","上級"
"BNR-04351","プログラミングスクールの無料体験・無料相談SNS画像（ミニマル・洗練）","上級"
"BNR-04352","美容クリニックのブランディング・認知バナー（ラグジュアリー・高級感）","プロ（演出多め）"
"BNR-04353","カフェ・ベーカリーのセール・割引告知バナー（エディトリアル・雑誌風）","中級"
"BNR-04354","プログラミングスクールのセール・割引告知バナー（ポップ・カラフル）","プロ（演出多め）"
"BNR-04355","保育園・幼児教育・習い事の診断・クイズバナー（ハンドメイド・手書き）","上級"
"BNR-04356","農業・地方の生産者の診断・クイズSNS画像（ナチュラル・オーガニック）","プロ（演出多め）"
"BNR-04357","美容室・ヘアサロンの資料請求・ホワイトペーパーSNS画像（ミニマル・洗練）","上級"
"BNR-04358","ヨガ・ピラティスの資料請求・ホワイトペーパーSNS画像（北欧・ライフスタイル）","中級"
"BNR-04359","引越し・生活サービスのお知らせ・営業案内SNS画像（信頼・誠実（コーポレート））","中級"
"BNR-04360","レストラン・居酒屋の採用・求人バナー（ラグジュアリー・高級感）","中級"
"BNR-04361","スクール・オンライン講座の資料請求・ホワイトペーパーバナー（信頼・誠実（コーポレート））","上級"
"BNR-04362","レストラン・居酒屋の診断・クイズSNS画像（和モダン）","プロ（演出多め）"
"BNR-04363","YouTuber・インフルエンサーの新商品・新サービス発売バナー（かわいい・ガーリー）","上級"
"BNR-04364","士業（税理士・弁護士・行政書士）の無料体験・無料相談バナー（ハンドメイド・手書き）","中級"
"BNR-04365","レストラン・居酒屋のお知らせ・営業案内バナー（レトロ・Y2K）","上級"
"BNR-04366","英会話・語学の新商品・新サービス発売SNS画像（ポップ・カラフル）","上級"
"BNR-04367","パーソナルジム・フィットネスの診断・クイズSNS画像（ダーク・シネマティック）","上級"
"BNR-04368","コンサル・コーチングの無料体験・無料相談SNS画像（ミニマル・洗練）","上級"
"BNR-04369","YouTuber・インフルエンサーのハウツー・ノウハウ投稿SNS画像（パステル・ドリーミー）","プロ（演出多め）"
"BNR-04370","ゲーム・eスポーツの新商品・新サービス発売SNS画像（ネオン・サイバー）","プロ（演出多め）"
"BNR-04371","YouTuber・インフルエンサーの比較・ランキングSNS画像（ハンドメイド・手書き）","プロ（演出多め）"
"BNR-04372","スクール・オンライン講座の採用・求人SNS画像（クール・テック）","プロ（演出多め）"
"BNR-04373","ペット・トリミング・動物病院の採用・求人SNS画像（ナチュラル・オーガニック）","上級"
"BNR-04374","観光・地域プロモーションの無料体験・無料相談バナー（ハンドメイド・手書き）","上級"
"BNR-04375","クラウドファンディング・新商品のYouTube動画の興味喚起サムネイル（ポップ・カラフル）","上級"
"BNR-04376","ホテル・旅館のイベント・セミナー告知バナー（和モダン）","上級"
"BNR-04377","美容クリニックのハウツー・ノウハウ投稿バナー（信頼・誠実（コーポレート））","上級"
"BNR-04378","農業・地方の生産者の採用・求人SNS画像（和モダン）","プロ（演出多め）"
"BNR-04379","士業（税理士・弁護士・行政書士）の資料請求・ホワイトペーパーSNS画像（パステル・ドリーミー）","プロ（演出多め）"
"BNR-04380","カフェ・ベーカリーの無料体験・無料相談SNS画像（ハンドメイド・手書き）","プロ（演出多め）"
"BNR-04381","プログラミングスクールの採用・求人SNS画像（ニューブルータリズム）","中級"
"BNR-04382","ゲーム・eスポーツの診断・クイズSNS画像（ダーク・シネマティック）","上級"
"BNR-04383","工務店・注文住宅・リフォームのお客様の声・口コミSNS画像（信頼・誠実（コーポレート））","プロ（演出多め）"
"BNR-04384","NPO・地方自治体のブランディング・認知バナー（ナチュラル・オーガニック）","上級"
"BNR-04385","パーソナルジム・フィットネスの新商品・新サービス発売バナー（エネルギッシュ・スポーティ）","プロ（演出多め）"
"BNR-04386","レストラン・居酒屋のYouTube動画の興味喚起サムネイル（ダーク・シネマティック）","上級"
"BNR-04387","YouTuber・インフルエンサーの診断・クイズバナー（かわいい・ガーリー）","上級"
"BNR-04388","英会話・語学のハウツー・ノウハウ投稿SNS画像（3D・クレイ）","プロ（演出多め）"
"BNR-04389","音楽・ライブ・イベントのイベント・セミナー告知バナー（信頼・誠実（コーポレート））","プロ（演出多め）"
"BNR-04390","ホテル・旅館のお客様の声・口コミバナー（ダーク・シネマティック）","プロ（演出多め）"
"BNR-04391","内科・クリニックの比較・ランキングSNS画像（北欧・ライフスタイル）","上級"
"BNR-04392","工務店・注文住宅・リフォームのブランディング・認知SNS画像（ミニマル・洗練）","上級"
"BNR-04393","スマホアプリのお知らせ・営業案内SNS画像（グラスモーフィズム）","プロ（演出多め）"
"BNR-04394","Web制作・デザイン事務所のキャンペーン・プレゼントSNS画像（ポップ・カラフル）","プロ（演出多め）"
"BNR-04395","クラウドファンディング・新商品の新商品・新サービス発売バナー（クール・テック）","中級"
"BNR-04396","和菓子・スイーツのキャンペーン・プレゼントバナー（エディトリアル・雑誌風）","上級"
"BNR-04397","プログラミングスクールの資料請求・ホワイトペーパーSNS画像（クール・テック）","プロ（演出多め）"
"BNR-04398","不動産・マンションのイベント・セミナー告知バナー（エネルギッシュ・スポーティ）","プロ（演出多め）"
"BNR-04399","YouTuber・インフルエンサーの資料請求・ホワイトペーパーバナー（エディトリアル・雑誌風）","プロ（演出多め）"
"BNR-04400","和菓子・スイーツのイベント・セミナー告知バナー（北欧・ライフスタイル）","プロ（演出多め）"
"BNR-04401","ヨガ・ピラティスのビフォーアフター・実績バナー（ハンドメイド・手書き）","上級"
"BNR-04402","スクール・オンライン講座のブランディング・認知SNS画像（3D・クレイ）","プロ（演出多め）"
"BNR-04403","歯科医院のお知らせ・営業案内SNS画像（信頼・誠実（コーポレート））","上級"
"BNR-04404","Web制作・デザイン事務所のイベント・セミナー告知SNS画像（ジオメトリック・グラフィカル）","中級"
"BNR-04405","建築設計事務所の新商品・新サービス発売SNS画像（ジオメトリック・グラフィカル）","プロ（演出多め）"
"BNR-04406","美容室・ヘアサロンのブランディング・認知バナー（かわいい・ガーリー）","上級"
"BNR-04407","レストラン・居酒屋のブランディング・認知SNS画像（和モダン）","中級"
"BNR-04408","ゲーム・eスポーツの新商品・新サービス発売バナー（ダーク・シネマティック）","中級"
"BNR-04409","Web制作・デザイン事務所の新商品・新サービス発売バナー（かわいい・ガーリー）","プロ（演出多め）"
"BNR-04410","カフェ・ベーカリーのお知らせ・営業案内SNS画像（エディトリアル・雑誌風）","上級"
"BNR-04411","英会話・語学の新商品・新サービス発売SNS画像（3D・クレイ）","プロ（演出多め）"
"BNR-04412","内科・クリニックのイベント・セミナー告知バナー（信頼・誠実（コーポレート））","上級"
"BNR-04413","和菓子・スイーツのセール・割引告知バナー（パステル・ドリーミー）","中級"
"BNR-04414","ホテル・旅館の採用・求人SNS画像（ラグジュアリー・高級感）","プロ（演出多め）"
"BNR-04415","自動車・バイクの診断・クイズSNS画像（クール・テック）","上級"
"BNR-04416","SaaS・BtoBツールのハウツー・ノウハウ投稿バナー（グラスモーフィズム）","中級"
"BNR-04417","ウェディング・結婚相談所の採用・求人バナー（ラグジュアリー・高級感）","上級"
"BNR-04418","美容室・ヘアサロンの新商品・新サービス発売バナー（エディトリアル・雑誌風）","上級"
"BNR-04419","サウナ・温浴施設のイベント・セミナー告知SNS画像（和モダン）","上級"
"BNR-04420","採用・求人のイベント・セミナー告知SNS画像（ナチュラル・オーガニック）","上級"
"BNR-04421","クラウドファンディング・新商品の新商品・新サービス発売バナー（ダーク・シネマティック）","プロ（演出多め）"
"BNR-04422","サウナ・温浴施設のハウツー・ノウハウ投稿バナー（レトロ・Y2K）","中級"
"BNR-04423","コンサル・コーチングの採用・求人SNS画像（信頼・誠実（コーポレート））","上級"
"BNR-04424","Web制作・デザイン事務所の診断・クイズSNS画像（北欧・ライフスタイル）","上級"
"BNR-04425","クラウドファンディング・新商品の比較・ランキングSNS画像（クール・テック）","上級"
"BNR-04426","内科・クリニックのビフォーアフター・実績SNS画像（信頼・誠実（コーポレート））","プロ（演出多め）"
"BNR-04427","プログラミングスクールのお知らせ・営業案内バナー（3D・クレイ）","上級"
"BNR-04428","観光・地域プロモーションの比較・ランキングSNS画像（和モダン）","プロ（演出多め）"
"BNR-04429","観光・地域プロモーションのイベント・セミナー告知SNS画像（グラスモーフィズム）","プロ（演出多め）"
"BNR-04430","内科・クリニックのビフォーアフター・実績バナー（かわいい・ガーリー）","上級"
"BNR-04431","AIサービス・スタートアップの新商品・新サービス発売バナー（ネオン・サイバー）","プロ（演出多め）"
"BNR-04432","英会話・語学のキャンペーン・プレゼントバナー（ジオメトリック・グラフィカル）","中級"
"BNR-04433","AIサービス・スタートアップの診断・クイズサムネイル（ミニマル・洗練）","プロ（演出多め）"
"BNR-04434","プログラミングスクールのブランディング・認知SNS画像（ネオン・サイバー）","上級"
"BNR-04435","クラウドファンディング・新商品のハウツー・ノウハウ投稿SNS画像（ポップ・カラフル）","上級"
"BNR-04436","ウェディング・結婚相談所のお客様の声・口コミSNS画像（パステル・ドリーミー）","上級"
"BNR-04437","英会話・語学の診断・クイズバナー（3D・クレイ）","上級"
"BNR-04438","建築設計事務所のブランディング・認知SNS画像（ミニマル・洗練）","プロ（演出多め）"
"BNR-04439","占い・スピリチュアルのお客様の声・口コミバナー（パステル・ドリーミー）","上級"
"BNR-04440","英会話・語学の診断・クイズSNS画像（ポップ・カラフル）","プロ（演出多め）"
"BNR-04441","農業・地方の生産者のハウツー・ノウハウ投稿SNS画像（ハンドメイド・手書き）","上級"
"BNR-04442","士業（税理士・弁護士・行政書士）の無料体験・無料相談SNS画像（エネルギッシュ・スポーティ）","上級"
"BNR-04443","工務店・注文住宅・リフォームの無料体験・無料相談バナー（北欧・ライフスタイル）","プロ（演出多め）"
"BNR-04444","ペット・トリミング・動物病院のお客様の声・口コミサムネイル（3D・クレイ）","プロ（演出多め）"
"BNR-04445","引越し・生活サービスの採用・求人SNS画像（信頼・誠実（コーポレート））","上級"
"BNR-04446","エステ・脱毛サロンのセール・割引告知SNS画像（かわいい・ガーリー）","プロ（演出多め）"
"BNR-04447","内科・クリニックのハウツー・ノウハウ投稿バナー（北欧・ライフスタイル）","中級"
"BNR-04448","保育園・幼児教育・習い事のお客様の声・口コミSNS画像（ナチュラル・オーガニック）","中級"
"BNR-04449","工務店・注文住宅・リフォームの比較・ランキングバナー（クール・テック）","上級"
"BNR-04450","ペット・トリミング・動物病院のハウツー・ノウハウ投稿SNS画像（かわいい・ガーリー）","プロ（演出多め）"
"BNR-04451","保育園・幼児教育・習い事のハウツー・ノウハウ投稿サムネイル（ナチュラル・オーガニック）","プロ（演出多め）"
"BNR-04452","スマホアプリの新商品・新サービス発売SNS画像（3D・クレイ）","プロ（演出多め）"
"BNR-04453","NPO・地方自治体の新商品・新サービス発売バナー（ラグジュアリー・高級感）","中級"
"BNR-04454","自動車・バイクのお客様の声・口コミバナー（クール・テック）","プロ（演出多め）"
"BNR-04455","NPO・地方自治体のお客様の声・口コミバナー（ハンドメイド・手書き）","上級"
"BNR-04456","美容室・ヘアサロンの採用・求人バナー（ラグジュアリー・高級感）","プロ（演出多め）"
"BNR-04457","ホテル・旅館のセール・割引告知SNS画像（ミニマル・洗練）","プロ（演出多め）"
"BNR-04458","農業・地方の生産者の診断・クイズSNS画像（和モダン）","中級"
"BNR-04459","自動車・バイクのビフォーアフター・実績バナー（ラグジュアリー・高級感）","プロ（演出多め）"
"BNR-04460","農業・地方の生産者のブランディング・認知バナー（和モダン）","中級"
"BNR-04461","占い・スピリチュアルの資料請求・ホワイトペーパーバナー（ラグジュアリー・高級感）","中級"
"BNR-04462","コンサル・コーチングのイベント・セミナー告知SNS画像（ラグジュアリー・高級感）","上級"
"BNR-04463","Web制作・デザイン事務所のお客様の声・口コミバナー（ラグジュアリー・高級感）","プロ（演出多め）"
"BNR-04464","観光・地域プロモーションのお客様の声・口コミSNS画像（和モダン）","プロ（演出多め）"
"BNR-04465","音楽・ライブ・イベントのお知らせ・営業案内SNS画像（ダーク・シネマティック）","中級"
"BNR-04466","ホテル・旅館のお客様の声・口コミSNS画像（ミニマル・洗練）","プロ（演出多め）"
"BNR-04467","工務店・注文住宅・リフォームのお知らせ・営業案内SNS画像（ポップ・カラフル）","プロ（演出多め）"
"BNR-04468","ウェディング・結婚相談所の診断・クイズSNS画像（ラグジュアリー・高級感）","プロ（演出多め）"
"BNR-04469","不動産・マンションの無料体験・無料相談SNS画像（ミニマル・洗練）","上級"
"BNR-04470","金融・保険・投資の無料体験・無料相談SNS画像（信頼・誠実（コーポレート））","プロ（演出多め）"
"BNR-04471","美容クリニックのセール・割引告知バナー（ミニマル・洗練）","プロ（演出多め）"
"BNR-04472","美容クリニックのビフォーアフター・実績バナー（信頼・誠実（コーポレート））","上級"
"BNR-04473","音楽・ライブ・イベントのブランディング・認知SNS画像（ニューブルータリズム）","中級"
"BNR-04474","Web制作・デザイン事務所の診断・クイズサムネイル（エディトリアル・雑誌風）","中級"
"BNR-04475","アパレル・ファッションECの資料請求・ホワイトペーパーSNS画像（エディトリアル・雑誌風）","上級"
"BNR-04476","レストラン・居酒屋の比較・ランキングサムネイル（ダーク・シネマティック）","プロ（演出多め）"
"BNR-04477","和菓子・スイーツの資料請求・ホワイトペーパーバナー（ラグジュアリー・高級感）","中級"
"BNR-04478","内科・クリニックのセール・割引告知バナー（信頼・誠実（コーポレート））","中級"
"BNR-04479","歯科医院の診断・クイズバナー（3D・クレイ）","中級"
"BNR-04480","スマホアプリの比較・ランキングSNS画像（ポップ・カラフル）","上級"
"BNR-04481","士業（税理士・弁護士・行政書士）の新商品・新サービス発売SNS画像（3D・クレイ）","プロ（演出多め）"
"BNR-04482","自動車・バイクのビフォーアフター・実績SNS画像（エネルギッシュ・スポーティ）","中級"
"BNR-04483","ヨガ・ピラティスのキャンペーン・プレゼントバナー（ミニマル・洗練）","上級"
"BNR-04484","和菓子・スイーツの診断・クイズバナー（かわいい・ガーリー）","プロ（演出多め）"
"BNR-04485","ホテル・旅館の新商品・新サービス発売サムネイル（北欧・ライフスタイル）","プロ（演出多め）"
"BNR-04486","パーソナルジム・フィットネスのイベント・セミナー告知バナー（クール・テック）","上級"
"BNR-04487","アパレル・ファッションECのビフォーアフター・実績SNS画像（レトロ・Y2K）","プロ（演出多め）"
"BNR-04488","美容クリニックの採用・求人バナー（ミニマル・洗練）","プロ（演出多め）"
"BNR-04489","歯科医院の診断・クイズバナー（ジオメトリック・グラフィカル）","プロ（演出多め）"
"BNR-04490","サウナ・温浴施設のビフォーアフター・実績SNS画像（和モダン）","上級"
"BNR-04491","金融・保険・投資のビフォーアフター・実績バナー（クール・テック）","上級"
"BNR-04492","不動産・マンションのお知らせ・営業案内SNS画像（パステル・ドリーミー）","中級"
"BNR-04493","ペット・トリミング・動物病院の資料請求・ホワイトペーパーSNS画像（ハンドメイド・手書き）","プロ（演出多め）"
"BNR-04494","不動産・マンションのキャンペーン・プレゼントバナー（ラグジュアリー・高級感）","プロ（演出多め）"
"BNR-04495","和菓子・スイーツのビフォーアフター・実績バナー（パステル・ドリーミー）","中級"
"BNR-04496","アパレル・ファッションECのキャンペーン・プレゼントバナー（レトロ・Y2K）","プロ（演出多め）"
"BNR-04497","ウェディング・結婚相談所のイベント・セミナー告知バナー（パステル・ドリーミー）","プロ（演出多め）"
"BNR-04498","ヨガ・ピラティスの無料体験・無料相談SNS画像（ナチュラル・オーガニック）","上級"
"BNR-04499","音楽・ライブ・イベントのお客様の声・口コミSNS画像（ネオン・サイバー）","プロ（演出多め）"
"BNR-04500","音楽・ライブ・イベントのイベント・セミナー告知バナー（レトロ・Y2K）","プロ（演出多め）"
"BNR-04501","プログラミングスクールの新商品・新サービス発売SNS画像（ネオン・サイバー）","上級"
"BNR-04502","Web制作・デザイン事務所の無料体験・無料相談SNS画像（パステル・ドリーミー）","プロ（演出多め）"
"BNR-04503","ヨガ・ピラティスの資料請求・ホワイトペーパーSNS画像（北欧・ライフスタイル）","上級"
"BNR-04504","採用・求人のお客様の声・口コミサムネイル（ポップ・カラフル）","プロ（演出多め）"
"BNR-04505","プログラミングスクールのハウツー・ノウハウ投稿バナー（ネオン・サイバー）","中級"
"BNR-04506","ウェディング・結婚相談所の新商品・新サービス発売バナー（かわいい・ガーリー）","中級"
"BNR-04507","引越し・生活サービスのお客様の声・口コミSNS画像（3D・クレイ）","上級"
"BNR-04508","YouTuber・インフルエンサーのハウツー・ノウハウ投稿SNS画像（ポップ・カラフル）","上級"
"BNR-04509","SaaS・BtoBツールのキャンペーン・プレゼントSNS画像（ラグジュアリー・高級感）","プロ（演出多め）"
"BNR-04510","プログラミングスクールの診断・クイズバナー（3D・クレイ）","上級"
"BNR-04511","サウナ・温浴施設の無料体験・無料相談SNS画像（ニューブルータリズム）","中級"
"BNR-04512","プログラミングスクールの診断・クイズバナー（3D・クレイ）","プロ（演出多め）"
"BNR-04513","ホテル・旅館の診断・クイズバナー（ラグジュアリー・高級感）","プロ（演出多め）"
"BNR-04514","美容室・ヘアサロンの診断・クイズSNS画像（ラグジュアリー・高級感）","プロ（演出多め）"
"BNR-04515","建築設計事務所のお客様の声・口コミSNS画像（ジオメトリック・グラフィカル）","上級"
"BNR-04516","士業（税理士・弁護士・行政書士）のビフォーアフター・実績SNS画像（ミニマル・洗練）","中級"
"BNR-04517","保育園・幼児教育・習い事のキャンペーン・プレゼントSNS画像（かわいい・ガーリー）","上級"
"BNR-04518","エステ・脱毛サロンのお客様の声・口コミSNS画像（ミニマル・洗練）","プロ（演出多め）"
"BNR-04519","レストラン・居酒屋のハウツー・ノウハウ投稿SNS画像（ダーク・シネマティック）","プロ（演出多め）"
"BNR-04520","SaaS・BtoBツールの採用・求人バナー（グラスモーフィズム）","上級"
"BNR-04521","建築設計事務所の無料体験・無料相談SNS画像（ジオメトリック・グラフィカル）","プロ（演出多め）"
"BNR-04522","金融・保険・投資の無料体験・無料相談SNS画像（信頼・誠実（コーポレート））","プロ（演出多め）"
"BNR-04523","AIサービス・スタートアップの比較・ランキングSNS画像（ミニマル・洗練）","プロ（演出多め）"
"BNR-04524","観光・地域プロモーションの診断・クイズSNS画像（ハンドメイド・手書き）","上級"
"BNR-04525","占い・スピリチュアルの無料体験・無料相談バナー（ニューブルータリズム）","プロ（演出多め）"
"BNR-04526","食品・産直ECの無料体験・無料相談バナー（グラスモーフィズム）","プロ（演出多め）"
"BNR-04527","ペット・トリミング・動物病院のお客様の声・口コミSNS画像（かわいい・ガーリー）","上級"
"BNR-04528","サウナ・温浴施設のセール・割引告知バナー（ニューブルータリズム）","上級"
"BNR-04529","金融・保険・投資のお客様の声・口コミSNS画像（信頼・誠実（コーポレート））","プロ（演出多め）"
"BNR-04530","プログラミングスクールの採用・求人SNS画像（ポップ・カラフル）","プロ（演出多め）"
"BNR-04531","保育園・幼児教育・習い事のビフォーアフター・実績SNS画像（北欧・ライフスタイル）","上級"
"BNR-04532","自動車・バイクのキャンペーン・プレゼントバナー（クール・テック）","プロ（演出多め）"
"BNR-04533","ホテル・旅館の診断・クイズSNS画像（ラグジュアリー・高級感）","中級"
"BNR-04534","NPO・地方自治体の採用・求人バナー（ジオメトリック・グラフィカル）","上級"
"BNR-04535","工務店・注文住宅・リフォームの比較・ランキングSNS画像（信頼・誠実（コーポレート））","上級"
"BNR-04536","パーソナルジム・フィットネスのイベント・セミナー告知SNS画像（エネルギッシュ・スポーティ）","プロ（演出多め）"
"BNR-04537","美容クリニックのビフォーアフター・実績SNS画像（ラグジュアリー・高級感）","プロ（演出多め）"
"BNR-04538","ペット・トリミング・動物病院の無料体験・無料相談バナー（3D・クレイ）","プロ（演出多め）"
"BNR-04539","内科・クリニックの採用・求人SNS画像（ポップ・カラフル）","上級"
"BNR-04540","美容クリニックの新商品・新サービス発売バナー（パステル・ドリーミー）","プロ（演出多め）"
"BNR-04541","歯科医院のお知らせ・営業案内SNS画像（ナチュラル・オーガニック）","プロ（演出多め）"
"BNR-04542","農業・地方の生産者の比較・ランキングバナー（和モダン）","上級"
"BNR-04543","エステ・脱毛サロンの診断・クイズSNS画像（パステル・ドリーミー）","プロ（演出多め）"
"BNR-04544","プログラミングスクールのキャンペーン・プレゼントバナー（ポップ・カラフル）","上級"
"BNR-04545","和菓子・スイーツの比較・ランキングSNS画像（パステル・ドリーミー）","上級"
"BNR-04546","ゲーム・eスポーツの新商品・新サービス発売バナー（レトロ・Y2K）","中級"
"BNR-04547","SaaS・BtoBツールの比較・ランキングバナー（クール・テック）","上級"
"BNR-04548","建築設計事務所のイベント・セミナー告知バナー（ナチュラル・オーガニック）","上級"
"BNR-04549","工務店・注文住宅・リフォームのブランディング・認知SNS画像（ナチュラル・オーガニック）","プロ（演出多め）"
"BNR-04550","コンサル・コーチングのセール・割引告知SNS画像（エディトリアル・雑誌風）","プロ（演出多め）"
"BNR-04551","英会話・語学の比較・ランキングバナー（信頼・誠実（コーポレート））","プロ（演出多め）"
"BNR-04552","Web制作・デザイン事務所のセール・割引告知バナー（ジオメトリック・グラフィカル）","上級"
"BNR-04553","美容クリニックの採用・求人SNS画像（ミニマル・洗練）","中級"
"BNR-04554","パーソナルジム・フィットネスの診断・クイズサムネイル（グラスモーフィズム）","上級"
"BNR-04555","NPO・地方自治体のお知らせ・営業案内バナー（ダーク・シネマティック）","上級"
"BNR-04556","不動産・マンションの採用・求人SNS画像（ハンドメイド・手書き）","プロ（演出多め）"
"BNR-04557","英会話・語学の新商品・新サービス発売SNS画像（信頼・誠実（コーポレート））","プロ（演出多め）"
"BNR-04558","歯科医院の無料体験・無料相談バナー（ニューブルータリズム）","プロ（演出多め）"
"BNR-04559","内科・クリニックの資料請求・ホワイトペーパーSNS画像（信頼・誠実（コーポレート））","上級"
"BNR-04560","建築設計事務所の新商品・新サービス発売バナー（ハンドメイド・手書き）","プロ（演出多め）"
"BNR-04561","エステ・脱毛サロンの資料請求・ホワイトペーパーバナー（レトロ・Y2K）","上級"
"BNR-04562","NPO・地方自治体のキャンペーン・プレゼントバナー（ジオメトリック・グラフィカル）","上級"
"BNR-04563","和菓子・スイーツのお知らせ・営業案内SNS画像（レトロ・Y2K）","中級"
"BNR-04564","AIサービス・スタートアップのハウツー・ノウハウ投稿バナー（信頼・誠実（コーポレート））","上級"
"BNR-04565","AIサービス・スタートアップのハウツー・ノウハウ投稿SNS画像（グラスモーフィズム）","上級"
"BNR-04566","ウェディング・結婚相談所の診断・クイズバナー（パステル・ドリーミー）","上級"
"BNR-04567","観光・地域プロモーションの資料請求・ホワイトペーパーバナー（和モダン）","中級"
"BNR-04568","コンサル・コーチングの診断・クイズバナー（エディトリアル・雑誌風）","上級"
"BNR-04569","プログラミングスクールの資料請求・ホワイトペーパーバナー（ポップ・カラフル）","上級"
"BNR-04570","ヨガ・ピラティスのイベント・セミナー告知バナー（パステル・ドリーミー）","中級"
"BNR-04571","引越し・生活サービスのセール・割引告知SNS画像（3D・クレイ）","プロ（演出多め）"
"BNR-04572","カフェ・ベーカリーのハウツー・ノウハウ投稿SNS画像（エディトリアル・雑誌風）","プロ（演出多め）"
"BNR-04573","工務店・注文住宅・リフォームの採用・求人SNS画像（ダーク・シネマティック）","上級"
"BNR-04574","美容室・ヘアサロンのキャンペーン・プレゼントSNS画像（北欧・ライフスタイル）","上級"
"BNR-04575","金融・保険・投資のブランディング・認知バナー（クール・テック）","プロ（演出多め）"
"BNR-04576","不動産・マンションの比較・ランキングバナー（ミニマル・洗練）","プロ（演出多め）"
"BNR-04577","自動車・バイクのお客様の声・口コミSNS画像（ハンドメイド・手書き）","上級"
"BNR-04578","建築設計事務所のハウツー・ノウハウ投稿バナー（エディトリアル・雑誌風）","プロ（演出多め）"
"BNR-04579","コンサル・コーチングのビフォーアフター・実績バナー（3D・クレイ）","プロ（演出多め）"
"BNR-04580","工務店・注文住宅・リフォームのお客様の声・口コミSNS画像（信頼・誠実（コーポレート））","上級"
"BNR-04581","クラウドファンディング・新商品のキャンペーン・プレゼントSNS画像（クール・テック）","上級"
"BNR-04582","AIサービス・スタートアップの資料請求・ホワイトペーパーSNS画像（クール・テック）","プロ（演出多め）"
"BNR-04583","AIサービス・スタートアップのセール・割引告知SNS画像（クール・テック）","上級"
"BNR-04584","音楽・ライブ・イベントの資料請求・ホワイトペーパーSNS画像（かわいい・ガーリー）","上級"
"BNR-04585","和菓子・スイーツのビフォーアフター・実績バナー（和モダン）","プロ（演出多め）"
"BNR-04586","アパレル・ファッションECのブランディング・認知バナー（エディトリアル・雑誌風）","上級"
"BNR-04587","AIサービス・スタートアップの比較・ランキングSNS画像（クール・テック）","中級"
"BNR-04588","金融・保険・投資の無料体験・無料相談SNS画像（信頼・誠実（コーポレート））","中級"
"BNR-04589","美容クリニックの新商品・新サービス発売SNS画像（グラスモーフィズム）","中級"
"BNR-04590","アパレル・ファッションECのブランディング・認知SNS画像（ダーク・シネマティック）","プロ（演出多め）"
"BNR-04591","コスメ・スキンケアのお知らせ・営業案内バナー（ナチュラル・オーガニック）","プロ（演出多め）"
"BNR-04592","工務店・注文住宅・リフォームのお客様の声・口コミバナー（ナチュラル・オーガニック）","中級"
"BNR-04593","不動産・マンションの無料体験・無料相談SNS画像（ラグジュアリー・高級感）","上級"
"BNR-04594","Web制作・デザイン事務所のセール・割引告知SNS画像（ダーク・シネマティック）","プロ（演出多め）"
"BNR-04595","占い・スピリチュアルの新商品・新サービス発売バナー（クール・テック）","中級"
"BNR-04596","Web制作・デザイン事務所のお知らせ・営業案内SNS画像（ジオメトリック・グラフィカル）","上級"
"BNR-04597","金融・保険・投資のブランディング・認知バナー（クール・テック）","プロ（演出多め）"
"BNR-04598","内科・クリニックのビフォーアフター・実績SNS画像（クール・テック）","プロ（演出多め）"
"BNR-04599","採用・求人のキャンペーン・プレゼントSNS画像（3D・クレイ）","プロ（演出多め）"
"BNR-04600","AIサービス・スタートアップの採用・求人SNS画像（クール・テック）","プロ（演出多め）"
"BNR-04601","ゲーム・eスポーツの資料請求・ホワイトペーパーバナー（レトロ・Y2K）","プロ（演出多め）"
"BNR-04602","士業（税理士・弁護士・行政書士）の新商品・新サービス発売バナー（信頼・誠実（コーポレート））","中級"
"BNR-04603","美容室・ヘアサロンのビフォーアフター・実績バナー（北欧・ライフスタイル）","上級"
"BNR-04604","美容室・ヘアサロンのビフォーアフター・実績SNS画像（エディトリアル・雑誌風）","中級"
"BNR-04605","採用・求人のイベント・セミナー告知バナー（信頼・誠実（コーポレート））","プロ（演出多め）"
"BNR-04606","ウェディング・結婚相談所の比較・ランキングサムネイル（かわいい・ガーリー）","プロ（演出多め）"
"BNR-04607","美容クリニックのキャンペーン・プレゼントSNS画像（信頼・誠実（コーポレート））","上級"
"BNR-04608","スマホアプリのビフォーアフター・実績サムネイル（3D・クレイ）","上級"
"BNR-04609","カフェ・ベーカリーのハウツー・ノウハウ投稿SNS画像（エディトリアル・雑誌風）","上級"
"BNR-04610","コンサル・コーチングのお客様の声・口コミSNS画像（ラグジュアリー・高級感）","プロ（演出多め）"
"BNR-04611","占い・スピリチュアルのセール・割引告知バナー（ダーク・シネマティック）","上級"
"BNR-04612","引越し・生活サービスのキャンペーン・プレゼントバナー（ダーク・シネマティック）","上級"
"BNR-04613","YouTuber・インフルエンサーのハウツー・ノウハウ投稿バナー（ポップ・カラフル）","上級"
"BNR-04614","ペット・トリミング・動物病院のお客様の声・口コミSNS画像（かわいい・ガーリー）","上級"
"BNR-04615","ヨガ・ピラティスのキャンペーン・プレゼントバナー（北欧・ライフスタイル）","プロ（演出多め）"
"BNR-04616","農業・地方の生産者のイベント・セミナー告知バナー（和モダン）","中級"
"BNR-04617","美容クリニックのビフォーアフター・実績SNS画像（ミニマル・洗練）","プロ（演出多め）"
"BNR-04618","スマホアプリのイベント・セミナー告知SNS画像（クール・テック）","中級"
"BNR-04619","建築設計事務所のハウツー・ノウハウ投稿SNS画像（信頼・誠実（コーポレート））","プロ（演出多め）"
"BNR-04620","内科・クリニックの資料請求・ホワイトペーパーバナー（ラグジュアリー・高級感）","上級"
"BNR-04621","カフェ・ベーカリーのキャンペーン・プレゼントバナー（北欧・ライフスタイル）","中級"
"BNR-04622","保育園・幼児教育・習い事の資料請求・ホワイトペーパーバナー（ポップ・カラフル）","プロ（演出多め）"
"BNR-04623","スクール・オンライン講座の新商品・新サービス発売バナー（ポップ・カラフル）","プロ（演出多め）"
"BNR-04624","不動産・マンションのブランディング・認知SNS画像（ナチュラル・オーガニック）","プロ（演出多め）"
"BNR-04625","サウナ・温浴施設のお知らせ・営業案内SNS画像（レトロ・Y2K）","上級"
"BNR-04626","内科・クリニックの比較・ランキングバナー（信頼・誠実（コーポレート））","中級"
"BNR-04627","工務店・注文住宅・リフォームのお知らせ・営業案内バナー（信頼・誠実（コーポレート））","プロ（演出多め）"
"BNR-04628","ヨガ・ピラティスの新商品・新サービス発売SNS画像（北欧・ライフスタイル）","上級"
"BNR-04629","ゲーム・eスポーツのお客様の声・口コミSNS画像（3D・クレイ）","中級"
"BNR-04630","ホテル・旅館のハウツー・ノウハウ投稿SNS画像（和モダン）","上級"
"BNR-04631","スクール・オンライン講座のキャンペーン・プレゼントバナー（ポップ・カラフル）","プロ（演出多め）"
"BNR-04632","引越し・生活サービスの資料請求・ホワイトペーパーバナー（ポップ・カラフル）","プロ（演出多め）"
"BNR-04633","コスメ・スキンケアの資料請求・ホワイトペーパーバナー（パステル・ドリーミー）","プロ（演出多め）"
"BNR-04634","食品・産直ECの新商品・新サービス発売バナー（ハンドメイド・手書き）","中級"
"BNR-04635","ヨガ・ピラティスのお客様の声・口コミSNS画像（ナチュラル・オーガニック）","プロ（演出多め）"
"BNR-04636","歯科医院のビフォーアフター・実績SNS画像（ダーク・シネマティック）","プロ（演出多め）"
"BNR-04637","スマホアプリのお客様の声・口コミSNS画像（クール・テック）","プロ（演出多め）"
"BNR-04638","歯科医院の診断・クイズバナー（ジオメトリック・グラフィカル）","上級"
"BNR-04639","SaaS・BtoBツールのYouTube動画の興味喚起サムネイル（グラスモーフィズム）","上級"
"BNR-04640","スマホアプリのお客様の声・口コミSNS画像（3D・クレイ）","プロ（演出多め）"
"BNR-04641","士業（税理士・弁護士・行政書士）のキャンペーン・プレゼントSNS画像（和モダン）","プロ（演出多め）"
"BNR-04642","コンサル・コーチングの資料請求・ホワイトペーパーSNS画像（クール・テック）","上級"
"BNR-04643","プログラミングスクールのハウツー・ノウハウ投稿サムネイル（ポップ・カラフル）","プロ（演出多め）"
"BNR-04644","ホテル・旅館のビフォーアフター・実績SNS画像（ラグジュアリー・高級感）","上級"
"BNR-04645","歯科医院の採用・求人SNS画像（ミニマル・洗練）","上級"
"BNR-04646","美容クリニックの新商品・新サービス発売SNS画像（信頼・誠実（コーポレート））","プロ（演出多め）"
"BNR-04647","歯科医院の資料請求・ホワイトペーパーバナー（ニューブルータリズム）","上級"
"BNR-04648","観光・地域プロモーションのハウツー・ノウハウ投稿バナー（ダーク・シネマティック）","プロ（演出多め）"
"BNR-04649","サウナ・温浴施設のビフォーアフター・実績SNS画像（和モダン）","プロ（演出多め）"
"BNR-04650","NPO・地方自治体のお客様の声・口コミSNS画像（ジオメトリック・グラフィカル）","中級"
"BNR-04651","ゲーム・eスポーツの無料体験・無料相談SNS画像（ネオン・サイバー）","プロ（演出多め）"
"BNR-04652","ヨガ・ピラティスのイベント・セミナー告知SNS画像（ナチュラル・オーガニック）","上級"
"BNR-04653","プログラミングスクールのイベント・セミナー告知SNS画像（ナチュラル・オーガニック）","上級"
"BNR-04654","和菓子・スイーツのブランディング・認知SNS画像（和モダン）","上級"
"BNR-04655","不動産・マンションの比較・ランキングSNS画像（ラグジュアリー・高級感）","上級"
"BNR-04656","和菓子・スイーツのキャンペーン・プレゼントSNS画像（和モダン）","プロ（演出多め）"
"BNR-04657","アパレル・ファッションECの採用・求人SNS画像（パステル・ドリーミー）","中級"
"BNR-04658","和菓子・スイーツの新商品・新サービス発売SNS画像（ナチュラル・オーガニック）","プロ（演出多め）"
"BNR-04659","観光・地域プロモーションのお知らせ・営業案内バナー（ジオメトリック・グラフィカル）","上級"
"BNR-04660","不動産・マンションのイベント・セミナー告知バナー（ミニマル・洗練）","上級"
"BNR-04661","アパレル・ファッションECの無料体験・無料相談SNS画像（エディトリアル・雑誌風）","プロ（演出多め）"
"BNR-04662","ホテル・旅館の新商品・新サービス発売サムネイル（ミニマル・洗練）","プロ（演出多め）"
"BNR-04663","YouTuber・インフルエンサーのお客様の声・口コミSNS画像（ニューブルータリズム）","上級"
"BNR-04664","Web制作・デザイン事務所のハウツー・ノウハウ投稿バナー（ダーク・シネマティック）","中級"
"BNR-04665","農業・地方の生産者のお客様の声・口コミSNS画像（ハンドメイド・手書き）","上級"
"BNR-04666","アパレル・ファッションECの資料請求・ホワイトペーパーバナー（エディトリアル・雑誌風）","中級"
"BNR-04667","NPO・地方自治体の採用・求人SNS画像（ハンドメイド・手書き）","プロ（演出多め）"
"BNR-04668","ホテル・旅館の資料請求・ホワイトペーパーSNS画像（ミニマル・洗練）","プロ（演出多め）"
"BNR-04669","和菓子・スイーツのハウツー・ノウハウ投稿SNS画像（かわいい・ガーリー）","上級"
"BNR-04670","ペット・トリミング・動物病院のお客様の声・口コミSNS画像（3D・クレイ）","中級"
"BNR-04671","建築設計事務所の資料請求・ホワイトペーパーSNS画像（ミニマル・洗練）","上級"
"BNR-04672","観光・地域プロモーションのブランディング・認知SNS画像（和モダン）","プロ（演出多め）"
"BNR-04673","クラウドファンディング・新商品の診断・クイズSNS画像（ナチュラル・オーガニック）","中級"
"BNR-04674","スクール・オンライン講座のお客様の声・口コミSNS画像（クール・テック）","プロ（演出多め）"
"BNR-04675","スマホアプリのお客様の声・口コミSNS画像（ダーク・シネマティック）","プロ（演出多め）"
"BNR-04676","ホテル・旅館のハウツー・ノウハウ投稿SNS画像（ミニマル・洗練）","上級"
"BNR-04677","YouTuber・インフルエンサーの新商品・新サービス発売SNS画像（ネオン・サイバー）","上級"
"BNR-04678","内科・クリニックの無料体験・無料相談バナー（信頼・誠実（コーポレート））","プロ（演出多め）"
"BNR-04679","ゲーム・eスポーツのブランディング・認知バナー（ネオン・サイバー）","中級"
"BNR-04680","AIサービス・スタートアップの無料体験・無料相談SNS画像（ネオン・サイバー）","プロ（演出多め）"
"BNR-04681","アパレル・ファッションECのキャンペーン・プレゼントバナー（ニューブルータリズム）","中級"
"BNR-04682","コスメ・スキンケアのハウツー・ノウハウ投稿SNS画像（グラスモーフィズム）","プロ（演出多め）"
"BNR-04683","アパレル・ファッションECの比較・ランキングバナー（ジオメトリック・グラフィカル）","上級"
"BNR-04684","コンサル・コーチングのお知らせ・営業案内SNS画像（ミニマル・洗練）","上級"
"BNR-04685","ウェディング・結婚相談所のセール・割引告知バナー（ミニマル・洗練）","プロ（演出多め）"
"BNR-04686","士業（税理士・弁護士・行政書士）のビフォーアフター・実績バナー（信頼・誠実（コーポレート））","上級"
"BNR-04687","内科・クリニックのお客様の声・口コミバナー（北欧・ライフスタイル）","上級"
"BNR-04688","アパレル・ファッションECの比較・ランキングバナー（ハンドメイド・手書き）","上級"
"BNR-04689","スクール・オンライン講座の診断・クイズSNS画像（信頼・誠実（コーポレート））","プロ（演出多め）"
"BNR-04690","Web制作・デザイン事務所のビフォーアフター・実績SNS画像（ニューブルータリズム）","中級"
"BNR-04691","パーソナルジム・フィットネスのお客様の声・口コミサムネイル（ダーク・シネマティック）","プロ（演出多め）"
"BNR-04692","工務店・注文住宅・リフォームのイベント・セミナー告知バナー（ミニマル・洗練）","プロ（演出多め）"
"BNR-04693","内科・クリニックのハウツー・ノウハウ投稿SNS画像（ナチュラル・オーガニック）","プロ（演出多め）"
"BNR-04694","不動産・マンションのハウツー・ノウハウ投稿バナー（ミニマル・洗練）","上級"
"BNR-04695","工務店・注文住宅・リフォームのビフォーアフター・実績バナー（ミニマル・洗練）","プロ（演出多め）"
"BNR-04696","自動車・バイクの採用・求人SNS画像（和モダン）","プロ（演出多め）"
"BNR-04697","カフェ・ベーカリーのキャンペーン・プレゼントバナー（北欧・ライフスタイル）","プロ（演出多め）"
"BNR-04698","美容クリニックの新商品・新サービス発売SNS画像（ミニマル・洗練）","中級"
"BNR-04699","パーソナルジム・フィットネスのブランディング・認知バナー（クール・テック）","プロ（演出多め）"
"BNR-04700","歯科医院の診断・クイズバナー（北欧・ライフスタイル）","中級"
"BNR-04701","占い・スピリチュアルのセール・割引告知SNS画像（3D・クレイ）","上級"
"BNR-04702","プログラミングスクールの新商品・新サービス発売バナー（3D・クレイ）","プロ（演出多め）"
"BNR-04703","YouTuber・インフルエンサーのセール・割引告知バナー（ポップ・カラフル）","プロ（演出多め）"
"BNR-04704","自動車・バイクのブランディング・認知SNS画像（ラグジュアリー・高級感）","上級"
"BNR-04705","観光・地域プロモーションのイベント・セミナー告知SNS画像（ダーク・シネマティック）","プロ（演出多め）"
"BNR-04706","引越し・生活サービスのキャンペーン・プレゼントSNS画像（ポップ・カラフル）","プロ（演出多め）"
"BNR-04707","レストラン・居酒屋のイベント・セミナー告知バナー（ダーク・シネマティック）","上級"
"BNR-04708","金融・保険・投資のブランディング・認知SNS画像（クール・テック）","中級"
"BNR-04709","内科・クリニックのイベント・セミナー告知バナー（ナチュラル・オーガニック）","上級"
"BNR-04710","ウェディング・結婚相談所のハウツー・ノウハウ投稿バナー（ラグジュアリー・高級感）","中級"
"BNR-04711","食品・産直ECのビフォーアフター・実績バナー（和モダン）","上級"
"BNR-04712","コンサル・コーチングのキャンペーン・プレゼントバナー（信頼・誠実（コーポレート））","上級"
"BNR-04713","美容クリニックのブランディング・認知SNS画像（信頼・誠実（コーポレート））","上級"
"BNR-04714","自動車・バイクのブランディング・認知バナー（クール・テック）","プロ（演出多め）"
"BNR-04715","サウナ・温浴施設のキャンペーン・プレゼントバナー（ポップ・カラフル）","プロ（演出多め）"
"BNR-04716","引越し・生活サービスのキャンペーン・プレゼントSNS画像（信頼・誠実（コーポレート））","プロ（演出多め）"
"BNR-04717","保育園・幼児教育・習い事の資料請求・ホワイトペーパーバナー（ポップ・カラフル）","プロ（演出多め）"
"BNR-04718","観光・地域プロモーションのイベント・セミナー告知SNS画像（和モダン）","上級"
"BNR-04719","サウナ・温浴施設の無料体験・無料相談バナー（クール・テック）","中級"
"BNR-04720","引越し・生活サービスのお客様の声・口コミバナー（ポップ・カラフル）","プロ（演出多め）"
"BNR-04721","ホテル・旅館の無料体験・無料相談バナー（ラグジュアリー・高級感）","中級"
"BNR-04722","農業・地方の生産者のハウツー・ノウハウ投稿バナー（ハンドメイド・手書き）","プロ（演出多め）"
"BNR-04723","占い・スピリチュアルの無料体験・無料相談SNS画像（パステル・ドリーミー）","プロ（演出多め）"
"BNR-04724","引越し・生活サービスの新商品・新サービス発売バナー（3D・クレイ）","中級"
"BNR-04725","建築設計事務所のハウツー・ノウハウ投稿SNS画像（ジオメトリック・グラフィカル）","上級"
"BNR-04726","NPO・地方自治体の無料体験・無料相談バナー（信頼・誠実（コーポレート））","上級"
"BNR-04727","占い・スピリチュアルの診断・クイズSNS画像（和モダン）","プロ（演出多め）"
"BNR-04728","YouTuber・インフルエンサーのお知らせ・営業案内バナー（ポップ・カラフル）","プロ（演出多め）"
"BNR-04729","コスメ・スキンケアの新商品・新サービス発売SNS画像（ナチュラル・オーガニック）","プロ（演出多め）"
"BNR-04730","ゲーム・eスポーツのお知らせ・営業案内SNS画像（エネルギッシュ・スポーティ）","上級"
"BNR-04731","AIサービス・スタートアップのビフォーアフター・実績SNS画像（グラスモーフィズム）","上級"
"BNR-04732","スマホアプリのキャンペーン・プレゼントバナー（グラスモーフィズム）","上級"
"BNR-04733","クラウドファンディング・新商品の資料請求・ホワイトペーパーSNS画像（クール・テック）","上級"
"BNR-04734","プログラミングスクールのビフォーアフター・実績SNS画像（クール・テック）","プロ（演出多め）"
"BNR-04735","ペット・トリミング・動物病院のキャンペーン・プレゼントSNS画像（エネルギッシュ・スポーティ）","上級"
"BNR-04736","NPO・地方自治体の診断・クイズSNS画像（ジオメトリック・グラフィカル）","プロ（演出多め）"
"BNR-04737","プログラミングスクールのビフォーアフター・実績SNS画像（クール・テック）","プロ（演出多め）"
"BNR-04738","NPO・地方自治体のキャンペーン・プレゼントSNS画像（ナチュラル・オーガニック）","上級"
"BNR-04739","自動車・バイクの無料体験・無料相談バナー（ダーク・シネマティック）","上級"
"BNR-04740","サウナ・温浴施設のイベント・セミナー告知SNS画像（ラグジュアリー・高級感）","プロ（演出多め）"
"BNR-04741","サウナ・温浴施設の採用・求人SNS画像（和モダン）","中級"
"BNR-04742","コンサル・コーチングのお客様の声・口コミサムネイル（ラグジュアリー・高級感）","プロ（演出多め）"
"BNR-04743","アパレル・ファッションECのお客様の声・口コミSNS画像（レトロ・Y2K）","プロ（演出多め）"
"BNR-04744","建築設計事務所の資料請求・ホワイトペーパーバナー（ネオン・サイバー）","中級"
"BNR-04745","工務店・注文住宅・リフォームの新商品・新サービス発売バナー（北欧・ライフスタイル）","プロ（演出多め）"
"BNR-04746","自動車・バイクの診断・クイズSNS画像（クール・テック）","上級"
"BNR-04747","工務店・注文住宅・リフォームのお客様の声・口コミバナー（北欧・ライフスタイル）","プロ（演出多め）"
"BNR-04748","ホテル・旅館のお知らせ・営業案内SNS画像（エディトリアル・雑誌風）","上級"
"BNR-04749","ホテル・旅館の無料体験・無料相談SNS画像（和モダン）","上級"
"BNR-04750","ヨガ・ピラティスのお知らせ・営業案内SNS画像（パステル・ドリーミー）","プロ（演出多め）"
"BNR-04751","自動車・バイクの新商品・新サービス発売バナー（和モダン）","中級"
"BNR-04752","AIサービス・スタートアップのハウツー・ノウハウ投稿バナー（グラスモーフィズム）","プロ（演出多め）"
"BNR-04753","カフェ・ベーカリーのブランディング・認知SNS画像（エディトリアル・雑誌風）","上級"
"BNR-04754","サウナ・温浴施設の無料体験・無料相談バナー（ナチュラル・オーガニック）","プロ（演出多め）"
"BNR-04755","スマホアプリの新商品・新サービス発売バナー（ポップ・カラフル）","プロ（演出多め）"
"BNR-04756","カフェ・ベーカリーの無料体験・無料相談バナー（エディトリアル・雑誌風）","上級"
"BNR-04757","観光・地域プロモーションの比較・ランキングバナー（ダーク・シネマティック）","中級"
"BNR-04758","ゲーム・eスポーツの無料体験・無料相談バナー（ネオン・サイバー）","プロ（演出多め）"
"BNR-04759","食品・産直ECのブランディング・認知バナー（ハンドメイド・手書き）","上級"
"BNR-04760","SaaS・BtoBツールの無料体験・無料相談SNS画像（ミニマル・洗練）","上級"
"BNR-04761","自動車・バイクの採用・求人バナー（エディトリアル・雑誌風）","プロ（演出多め）"
"BNR-04762","美容クリニックの採用・求人SNS画像（ラグジュアリー・高級感）","プロ（演出多め）"
"BNR-04763","引越し・生活サービスのキャンペーン・プレゼントSNS画像（3D・クレイ）","中級"
"BNR-04764","ホテル・旅館の採用・求人SNS画像（ダーク・シネマティック）","プロ（演出多め）"
"BNR-04765","和菓子・スイーツのイベント・セミナー告知バナー（パステル・ドリーミー）","上級"
"BNR-04766","保育園・幼児教育・習い事のビフォーアフター・実績SNS画像（かわいい・ガーリー）","上級"
"BNR-04767","サウナ・温浴施設のブランディング・認知バナー（エディトリアル・雑誌風）","プロ（演出多め）"
"BNR-04768","士業（税理士・弁護士・行政書士）のお客様の声・口コミSNS画像（エディトリアル・雑誌風）","プロ（演出多め）"
"BNR-04769","プログラミングスクールの無料体験・無料相談SNS画像（クール・テック）","プロ（演出多め）"
"BNR-04770","カフェ・ベーカリーのお知らせ・営業案内SNS画像（エディトリアル・雑誌風）","上級"
"BNR-04771","ホテル・旅館の比較・ランキングSNS画像（ラグジュアリー・高級感）","上級"
"BNR-04772","英会話・語学のセール・割引告知バナー（ジオメトリック・グラフィカル）","プロ（演出多め）"
"BNR-04773","美容室・ヘアサロンの無料体験・無料相談SNS画像（ネオン・サイバー）","中級"
"BNR-04774","占い・スピリチュアルの採用・求人SNS画像（ダーク・シネマティック）","プロ（演出多め）"
"BNR-04775","内科・クリニックの新商品・新サービス発売バナー（かわいい・ガーリー）","プロ（演出多め）"
"BNR-04776","ヨガ・ピラティスの診断・クイズバナー（ナチュラル・オーガニック）","上級"
"BNR-04777","スマホアプリの新商品・新サービス発売SNS画像（3D・クレイ）","中級"
"BNR-04778","保育園・幼児教育・習い事の無料体験・無料相談SNS画像（3D・クレイ）","中級"
"BNR-04779","アパレル・ファッションECのブランディング・認知SNS画像（レトロ・Y2K）","プロ（演出多め）"
"BNR-04780","AIサービス・スタートアップのセール・割引告知SNS画像（ニューブルータリズム）","プロ（演出多め）"
"BNR-04781","ホテル・旅館の診断・クイズSNS画像（ラグジュアリー・高級感）","プロ（演出多め）"
"BNR-04782","SaaS・BtoBツールの採用・求人SNS画像（ミニマル・洗練）","上級"
"BNR-04783","Web制作・デザイン事務所のビフォーアフター・実績SNS画像（ポップ・カラフル）","プロ（演出多め）"
"BNR-04784","工務店・注文住宅・リフォームのハウツー・ノウハウ投稿バナー（ナチュラル・オーガニック）","中級"
"BNR-04785","アパレル・ファッションECのハウツー・ノウハウ投稿バナー（レトロ・Y2K）","上級"
"BNR-04786","和菓子・スイーツの資料請求・ホワイトペーパーバナー（グラスモーフィズム）","中級"
"BNR-04787","ホテル・旅館の無料体験・無料相談SNS画像（ニューブルータリズム）","上級"
"BNR-04788","AIサービス・スタートアップのお客様の声・口コミバナー（パステル・ドリーミー）","上級"
"BNR-04789","サウナ・温浴施設の診断・クイズSNS画像（レトロ・Y2K）","上級"
"BNR-04790","コスメ・スキンケアのキャンペーン・プレゼントSNS画像（パステル・ドリーミー）","上級"
"BNR-04791","NPO・地方自治体の資料請求・ホワイトペーパーSNS画像（ジオメトリック・グラフィカル）","上級"
"BNR-04792","クラウドファンディング・新商品のお知らせ・営業案内SNS画像（ダーク・シネマティック）","上級"
"BNR-04793","士業（税理士・弁護士・行政書士）の比較・ランキングバナー（ミニマル・洗練）","プロ（演出多め）"
"BNR-04794","AIサービス・スタートアップのハウツー・ノウハウ投稿SNS画像（グラスモーフィズム）","上級"
"BNR-04795","観光・地域プロモーションの採用・求人SNS画像（ナチュラル・オーガニック）","プロ（演出多め）"
"BNR-04796","SaaS・BtoBツールのセール・割引告知バナー（3D・クレイ）","プロ（演出多め）"
"BNR-04797","引越し・生活サービスのハウツー・ノウハウ投稿サムネイル（ミニマル・洗練）","プロ（演出多め）"
"BNR-04798","観光・地域プロモーションのブランディング・認知SNS画像（和モダン）","中級"
"BNR-04799","採用・求人の無料体験・無料相談SNS画像（ナチュラル・オーガニック）","上級"
"BNR-04800","ウェディング・結婚相談所のハウツー・ノウハウ投稿SNS画像（レトロ・Y2K）","上級"
"BNR-04801","スクール・オンライン講座のハウツー・ノウハウ投稿SNS画像（ラグジュアリー・高級感）","上級"
"BNR-04802","プログラミングスクールの新商品・新サービス発売SNS画像（クール・テック）","上級"
"BNR-04803","サウナ・温浴施設のお知らせ・営業案内バナー（和モダン）","上級"
"BNR-04804","和菓子・スイーツのブランディング・認知SNS画像（パステル・ドリーミー）","プロ（演出多め）"
"BNR-04805","AIサービス・スタートアップのお客様の声・口コミSNS画像（クール・テック）","プロ（演出多め）"
"BNR-04806","ホテル・旅館のブランディング・認知SNS画像（ミニマル・洗練）","上級"
"BNR-04807","内科・クリニックの診断・クイズSNS画像（ナチュラル・オーガニック）","上級"
"BNR-04808","金融・保険・投資のブランディング・認知バナー（クール・テック）","プロ（演出多め）"
"BNR-04809","レストラン・居酒屋のブランディング・認知バナー（ハンドメイド・手書き）","上級"
"BNR-04810","ペット・トリミング・動物病院の資料請求・ホワイトペーパーバナー（ハンドメイド・手書き）","プロ（演出多め）"
"BNR-04811","ゲーム・eスポーツの資料請求・ホワイトペーパーバナー（ネオン・サイバー）","プロ（演出多め）"
"BNR-04812","占い・スピリチュアルのブランディング・認知SNS画像（ダーク・シネマティック）","プロ（演出多め）"
"BNR-04813","建築設計事務所の比較・ランキングSNS画像（ニューブルータリズム）","プロ（演出多め）"
"BNR-04814","NPO・地方自治体の新商品・新サービス発売SNS画像（ハンドメイド・手書き）","プロ（演出多め）"
"BNR-04815","カフェ・ベーカリーのお知らせ・営業案内バナー（エディトリアル・雑誌風）","プロ（演出多め）"
"BNR-04816","ペット・トリミング・動物病院のイベント・セミナー告知バナー（3D・クレイ）","中級"
"BNR-04817","音楽・ライブ・イベントのお客様の声・口コミSNS画像（レトロ・Y2K）","プロ（演出多め）"
"BNR-04818","Web制作・デザイン事務所のお客様の声・口コミSNS画像（クール・テック）","中級"
"BNR-04819","内科・クリニックの新商品・新サービス発売SNS画像（信頼・誠実（コーポレート））","中級"
"BNR-04820","自動車・バイクのブランディング・認知SNS画像（クール・テック）","上級"
"BNR-04821","不動産・マンションのイベント・セミナー告知SNS画像（ラグジュアリー・高級感）","プロ（演出多め）"
"BNR-04822","パーソナルジム・フィットネスのハウツー・ノウハウ投稿サムネイル（エネルギッシュ・スポーティ）","上級"
"BNR-04823","サウナ・温浴施設のイベント・セミナー告知SNS画像（クール・テック）","上級"
"BNR-04824","美容室・ヘアサロンの診断・クイズバナー（北欧・ライフスタイル）","上級"
"BNR-04825","和菓子・スイーツの無料体験・無料相談SNS画像（パステル・ドリーミー）","プロ（演出多め）"
"BNR-04826","英会話・語学の比較・ランキングバナー（信頼・誠実（コーポレート））","上級"
"BNR-04827","プログラミングスクールの比較・ランキングバナー（ネオン・サイバー）","中級"
"BNR-04828","音楽・ライブ・イベントのイベント・セミナー告知バナー（ナチュラル・オーガニック）","プロ（演出多め）"
"BNR-04829","士業（税理士・弁護士・行政書士）の新商品・新サービス発売SNS画像（信頼・誠実（コーポレート））","上級"
"BNR-04830","英会話・語学のお知らせ・営業案内SNS画像（信頼・誠実（コーポレート））","上級"
"BNR-04831","食品・産直ECの採用・求人バナー（ポップ・カラフル）","中級"
"BNR-04832","不動産・マンションの採用・求人バナー（ラグジュアリー・高級感）","上級"
"BNR-04833","引越し・生活サービスの無料体験・無料相談SNS画像（ポップ・カラフル）","プロ（演出多め）"
"BNR-04834","ウェディング・結婚相談所の新商品・新サービス発売バナー（ラグジュアリー・高級感）","上級"
"BNR-04835","スマホアプリの採用・求人SNS画像（ポップ・カラフル）","プロ（演出多め）"
"BNR-04836","ゲーム・eスポーツのブランディング・認知SNS画像（エネルギッシュ・スポーティ）","上級"
"BNR-04837","エステ・脱毛サロンの診断・クイズSNS画像（ラグジュアリー・高級感）","プロ（演出多め）"
"BNR-04838","占い・スピリチュアルのハウツー・ノウハウ投稿SNS画像（和モダン）","プロ（演出多め）"
"BNR-04839","エステ・脱毛サロンのお客様の声・口コミSNS画像（ミニマル・洗練）","中級"
"BNR-04840","コンサル・コーチングのハウツー・ノウハウ投稿SNS画像（ラグジュアリー・高級感）","上級"
"BNR-04841","ゲーム・eスポーツの無料体験・無料相談SNS画像（エネルギッシュ・スポーティ）","プロ（演出多め）"
"BNR-04842","音楽・ライブ・イベントの診断・クイズバナー（ニューブルータリズム）","上級"
"BNR-04843","自動車・バイクのビフォーアフター・実績SNS画像（クール・テック）","プロ（演出多め）"
"BNR-04844","クラウドファンディング・新商品のキャンペーン・プレゼントバナー（ナチュラル・オーガニック）","プロ（演出多め）"
"BNR-04845","ウェディング・結婚相談所のキャンペーン・プレゼントSNS画像（ミニマル・洗練）","上級"
"BNR-04846","工務店・注文住宅・リフォームの診断・クイズSNS画像（信頼・誠実（コーポレート））","プロ（演出多め）"
"BNR-04847","ホテル・旅館のキャンペーン・プレゼントバナー（エネルギッシュ・スポーティ）","プロ（演出多め）"
"BNR-04848","サウナ・温浴施設のセール・割引告知SNS画像（ナチュラル・オーガニック）","中級"
"BNR-04849","内科・クリニックの診断・クイズバナー（北欧・ライフスタイル）","上級"
"BNR-04850","食品・産直ECのセール・割引告知バナー（和モダン）","上級"
"BNR-04851","SaaS・BtoBツールの新商品・新サービス発売バナー（信頼・誠実（コーポレート））","プロ（演出多め）"
"BNR-04852","AIサービス・スタートアップの採用・求人バナー（ミニマル・洗練）","上級"
"BNR-04853","採用・求人のイベント・セミナー告知バナー（ジオメトリック・グラフィカル）","プロ（演出多め）"
"BNR-04854","美容クリニックの新商品・新サービス発売バナー（ミニマル・洗練）","プロ（演出多め）"
"BNR-04855","採用・求人のセール・割引告知バナー（ジオメトリック・グラフィカル）","上級"
"BNR-04856","スマホアプリの新商品・新サービス発売SNS画像（クール・テック）","中級"
"BNR-04857","美容室・ヘアサロンのお客様の声・口コミバナー（ダーク・シネマティック）","プロ（演出多め）"
"BNR-04858","観光・地域プロモーションの新商品・新サービス発売バナー（ナチュラル・オーガニック）","上級"
"BNR-04859","ゲーム・eスポーツのお知らせ・営業案内SNS画像（エネルギッシュ・スポーティ）","プロ（演出多め）"
"BNR-04860","プログラミングスクールの診断・クイズバナー（ネオン・サイバー）","中級"
"BNR-04861","ゲーム・eスポーツのお客様の声・口コミSNS画像（レトロ・Y2K）","上級"
"BNR-04862","Web制作・デザイン事務所の無料体験・無料相談バナー（エディトリアル・雑誌風）","プロ（演出多め）"
"BNR-04863","AIサービス・スタートアップの比較・ランキングバナー（ネオン・サイバー）","プロ（演出多め）"
"BNR-04864","観光・地域プロモーションのイベント・セミナー告知バナー（ハンドメイド・手書き）","中級"
"BNR-04865","カフェ・ベーカリーの無料体験・無料相談SNS画像（レトロ・Y2K）","プロ（演出多め）"
"BNR-04866","英会話・語学のお客様の声・口コミSNS画像（信頼・誠実（コーポレート））","上級"
"BNR-04867","自動車・バイクのビフォーアフター・実績SNS画像（ダーク・シネマティック）","プロ（演出多め）"
"BNR-04868","SaaS・BtoBツールの資料請求・ホワイトペーパーバナー（グラスモーフィズム）","プロ（演出多め）"
"BNR-04869","パーソナルジム・フィットネスのお客様の声・口コミSNS画像（エネルギッシュ・スポーティ）","中級"
"BNR-04870","レストラン・居酒屋のセール・割引告知SNS画像（ラグジュアリー・高級感）","プロ（演出多め）"
"BNR-04871","工務店・注文住宅・リフォームのお知らせ・営業案内SNS画像（信頼・誠実（コーポレート））","上級"
"BNR-04872","占い・スピリチュアルのイベント・セミナー告知バナー（パステル・ドリーミー）","プロ（演出多め）"
"BNR-04873","YouTuber・インフルエンサーのハウツー・ノウハウ投稿SNS画像（ニューブルータリズム）","上級"
"BNR-04874","サウナ・温浴施設のブランディング・認知バナー（ニューブルータリズム）","プロ（演出多め）"
"BNR-04875","建築設計事務所の新商品・新サービス発売SNS画像（ミニマル・洗練）","上級"
"BNR-04876","ゲーム・eスポーツの比較・ランキングSNS画像（エネルギッシュ・スポーティ）","上級"
"BNR-04877","歯科医院の無料体験・無料相談バナー（信頼・誠実（コーポレート））","中級"
"BNR-04878","ウェディング・結婚相談所の無料体験・無料相談SNS画像（クール・テック）","プロ（演出多め）"
"BNR-04879","プログラミングスクールのハウツー・ノウハウ投稿バナー（クール・テック）","中級"
"BNR-04880","コンサル・コーチングの無料体験・無料相談SNS画像（ミニマル・洗練）","プロ（演出多め）"
"BNR-04881","内科・クリニックのハウツー・ノウハウ投稿バナー（信頼・誠実（コーポレート））","上級"
"BNR-04882","観光・地域プロモーションのハウツー・ノウハウ投稿SNS画像（ダーク・シネマティック）","プロ（演出多め）"
"BNR-04883","パーソナルジム・フィットネスのお知らせ・営業案内SNS画像（エネルギッシュ・スポーティ）","上級"
"BNR-04884","占い・スピリチュアルの採用・求人SNS画像（和モダン）","中級"
"BNR-04885","金融・保険・投資のセール・割引告知SNS画像（ミニマル・洗練）","上級"
"BNR-04886","和菓子・スイーツのイベント・セミナー告知バナー（かわいい・ガーリー）","プロ（演出多め）"
"BNR-04887","エステ・脱毛サロンのハウツー・ノウハウ投稿SNS画像（ラグジュアリー・高級感）","上級"
"BNR-04888","占い・スピリチュアルのセール・割引告知バナー（ラグジュアリー・高級感）","プロ（演出多め）"
"BNR-04889","パーソナルジム・フィットネスのセール・割引告知SNS画像（クール・テック）","プロ（演出多め）"
"BNR-04890","工務店・注文住宅・リフォームの新商品・新サービス発売SNS画像（北欧・ライフスタイル）","上級"
"BNR-04891","歯科医院のハウツー・ノウハウ投稿バナー（信頼・誠実（コーポレート））","プロ（演出多め）"
"BNR-04892","レストラン・居酒屋の採用・求人SNS画像（エネルギッシュ・スポーティ）","プロ（演出多め）"
"BNR-04893","歯科医院の比較・ランキングSNS画像（信頼・誠実（コーポレート））","中級"
"BNR-04894","スクール・オンライン講座の新商品・新サービス発売バナー（ポップ・カラフル）","上級"
"BNR-04895","AIサービス・スタートアップの比較・ランキングバナー（ネオン・サイバー）","プロ（演出多め）"
"BNR-04896","音楽・ライブ・イベントの採用・求人バナー（ダーク・シネマティック）","中級"
"BNR-04897","レストラン・居酒屋の比較・ランキングSNS画像（ダーク・シネマティック）","プロ（演出多め）"
"BNR-04898","美容室・ヘアサロンの無料体験・無料相談SNS画像（北欧・ライフスタイル）","上級"
"BNR-04899","自動車・バイクのハウツー・ノウハウ投稿バナー（ダーク・シネマティック）","プロ（演出多め）"
"BNR-04900","アパレル・ファッションECの無料体験・無料相談バナー（ニューブルータリズム）","上級"
"BNR-04901","ホテル・旅館の比較・ランキングSNS画像（ミニマル・洗練）","中級"
"BNR-04902","YouTuber・インフルエンサーの新商品・新サービス発売バナー（ニューブルータリズム）","プロ（演出多め）"
"BNR-04903","エステ・脱毛サロンのお客様の声・口コミSNS画像（グラスモーフィズム）","上級"
"BNR-04904","ホテル・旅館のお客様の声・口コミバナー（和モダン）","プロ（演出多め）"
"BNR-04905","歯科医院のセール・割引告知バナー（ミニマル・洗練）","上級"
"BNR-04906","観光・地域プロモーションのイベント・セミナー告知バナー（ダーク・シネマティック）","プロ（演出多め）"
"BNR-04907","ホテル・旅館のビフォーアフター・実績SNS画像（ラグジュアリー・高級感）","プロ（演出多め）"
"BNR-04908","サウナ・温浴施設のキャンペーン・プレゼントSNS画像（ニューブルータリズム）","上級"
"BNR-04909","歯科医院のハウツー・ノウハウ投稿SNS画像（ミニマル・洗練）","プロ（演出多め）"
"BNR-04910","農業・地方の生産者のキャンペーン・プレゼントSNS画像（レトロ・Y2K）","プロ（演出多め）"
"BNR-04911","ホテル・旅館のハウツー・ノウハウ投稿SNS画像（ラグジュアリー・高級感）","上級"
"BNR-04912","美容クリニックのお知らせ・営業案内バナー（信頼・誠実（コーポレート））","プロ（演出多め）"
"BNR-04913","引越し・生活サービスの診断・クイズSNS画像（信頼・誠実（コーポレート））","上級"
"BNR-04914","サウナ・温浴施設の資料請求・ホワイトペーパーバナー（エディトリアル・雑誌風）","プロ（演出多め）"
"BNR-04915","音楽・ライブ・イベントのビフォーアフター・実績バナー（ニューブルータリズム）","上級"
"BNR-04916","アパレル・ファッションECのYouTube動画の興味喚起サムネイル（エディトリアル・雑誌風）","中級"
"BNR-04917","YouTuber・インフルエンサーの資料請求・ホワイトペーパーSNS画像（かわいい・ガーリー）","プロ（演出多め）"
"BNR-04918","コンサル・コーチングのお客様の声・口コミSNS画像（ミニマル・洗練）","上級"
"BNR-04919","食品・産直ECの無料体験・無料相談SNS画像（ハンドメイド・手書き）","中級"
"BNR-04920","YouTuber・インフルエンサーの比較・ランキングSNS画像（ポップ・カラフル）","プロ（演出多め）"
"BNR-04921","歯科医院のお知らせ・営業案内バナー（ナチュラル・オーガニック）","上級"
"BNR-04922","内科・クリニックの比較・ランキングSNS画像（北欧・ライフスタイル）","中級"
"BNR-04923","歯科医院のビフォーアフター・実績SNS画像（ミニマル・洗練）","上級"
"BNR-04924","カフェ・ベーカリーの診断・クイズバナー（北欧・ライフスタイル）","プロ（演出多め）"
"BNR-04925","YouTuber・インフルエンサーのブランディング・認知バナー（ニューブルータリズム）","上級"
"BNR-04926","ペット・トリミング・動物病院のビフォーアフター・実績SNS画像（ハンドメイド・手書き）","プロ（演出多め）"
"BNR-04927","士業（税理士・弁護士・行政書士）の新商品・新サービス発売バナー（信頼・誠実（コーポレート））","中級"
"BNR-04928","スマホアプリのブランディング・認知SNS画像（クール・テック）","プロ（演出多め）"
"BNR-04929","ウェディング・結婚相談所のビフォーアフター・実績SNS画像（パステル・ドリーミー）","プロ（演出多め）"
"BNR-04930","占い・スピリチュアルの新商品・新サービス発売バナー（ダーク・シネマティック）","中級"
"BNR-04931","カフェ・ベーカリーの資料請求・ホワイトペーパーバナー（エディトリアル・雑誌風）","上級"
"BNR-04932","AIサービス・スタートアップの比較・ランキングバナー（ネオン・サイバー）","プロ（演出多め）"
"BNR-04933","自動車・バイクの診断・クイズバナー（ラグジュアリー・高級感）","プロ（演出多め）"
"BNR-04934","引越し・生活サービスのキャンペーン・プレゼントバナー（ポップ・カラフル）","上級"
"BNR-04935","英会話・語学の診断・クイズバナー（ポップ・カラフル）","プロ（演出多め）"
"BNR-04936","アパレル・ファッションECのお客様の声・口コミバナー（エディトリアル・雑誌風）","上級"
"BNR-04937","サウナ・温浴施設の比較・ランキングSNS画像（ハンドメイド・手書き）","プロ（演出多め）"
"BNR-04938","AIサービス・スタートアップのブランディング・認知SNS画像（ニューブルータリズム）","プロ（演出多め）"
"BNR-04939","AIサービス・スタートアップの新商品・新サービス発売SNS画像（ネオン・サイバー）","プロ（演出多め）"
"BNR-04940","美容クリニックの比較・ランキングSNS画像（信頼・誠実（コーポレート））","中級"
"BNR-04941","保育園・幼児教育・習い事のキャンペーン・プレゼントSNS画像（ナチュラル・オーガニック）","プロ（演出多め）"
"BNR-04942","建築設計事務所のブランディング・認知バナー（ミニマル・洗練）","上級"
"BNR-04943","エステ・脱毛サロンの新商品・新サービス発売SNS画像（パステル・ドリーミー）","中級"
"BNR-04944","英会話・語学の診断・クイズSNS画像（ジオメトリック・グラフィカル）","プロ（演出多め）"
"BNR-04945","エステ・脱毛サロンの資料請求・ホワイトペーパーバナー（かわいい・ガーリー）","上級"
"BNR-04946","音楽・ライブ・イベントのお知らせ・営業案内SNS画像（レトロ・Y2K）","プロ（演出多め）"
"BNR-04947","不動産・マンションの新商品・新サービス発売バナー（ラグジュアリー・高級感）","プロ（演出多め）"
"BNR-04948","音楽・ライブ・イベントのイベント・セミナー告知SNS画像（ネオン・サイバー）","中級"
"BNR-04949","YouTuber・インフルエンサーの比較・ランキングバナー（ポップ・カラフル）","プロ（演出多め）"
"BNR-04950","農業・地方の生産者の資料請求・ホワイトペーパーSNS画像（ナチュラル・オーガニック）","プロ（演出多め）"
"BNR-04951","SaaS・BtoBツールのセール・割引告知バナー（ミニマル・洗練）","プロ（演出多め）"
"BNR-04952","レストラン・居酒屋のセール・割引告知SNS画像（和モダン）","プロ（演出多め）"
"BNR-04953","和菓子・スイーツの採用・求人SNS画像（ナチュラル・オーガニック）","中級"
"BNR-04954","サウナ・温浴施設の比較・ランキングバナー（和モダン）","上級"
"BNR-04955","音楽・ライブ・イベントの比較・ランキングバナー（クール・テック）","上級"
"BNR-04956","建築設計事務所のキャンペーン・プレゼントSNS画像（エディトリアル・雑誌風）","プロ（演出多め）"
"BNR-04957","AIサービス・スタートアップの新商品・新サービス発売バナー（グラスモーフィズム）","上級"
"BNR-04958","美容クリニックの新商品・新サービス発売SNS画像（信頼・誠実（コーポレート））","中級"
"BNR-04959","AIサービス・スタートアップの比較・ランキングSNS画像（グラスモーフィズム）","上級"
"BNR-04960","自動車・バイクの比較・ランキングSNS画像（ラグジュアリー・高級感）","上級"
"BNR-04961","コスメ・スキンケアのブランディング・認知SNS画像（パステル・ドリーミー）","上級"
"BNR-04962","スマホアプリの無料体験・無料相談バナー（グラスモーフィズム）","プロ（演出多め）"
"BNR-04963","金融・保険・投資の診断・クイズバナー（クール・テック）","プロ（演出多め）"
"BNR-04964","パーソナルジム・フィットネスの新商品・新サービス発売SNS画像（エネルギッシュ・スポーティ）","プロ（演出多め）"
"BNR-04965","Web制作・デザイン事務所のブランディング・認知バナー（ジオメトリック・グラフィカル）","プロ（演出多め）"
"BNR-04966","YouTuber・インフルエンサーのビフォーアフター・実績バナー（ニューブルータリズム）","上級"
"BNR-04967","不動産・マンションの診断・クイズサムネイル（ダーク・シネマティック）","プロ（演出多め）"
"BNR-04968","YouTuber・インフルエンサーの新商品・新サービス発売バナー（ポップ・カラフル）","上級"
"BNR-04969","保育園・幼児教育・習い事のハウツー・ノウハウ投稿SNS画像（ポップ・カラフル）","上級"
"BNR-04970","占い・スピリチュアルの資料請求・ホワイトペーパーバナー（和モダン）","上級"
"BNR-04971","美容クリニックのイベント・セミナー告知SNS画像（パステル・ドリーミー）","プロ（演出多め）"
"BNR-04972","ゲーム・eスポーツの診断・クイズSNS画像（レトロ・Y2K）","中級"
"BNR-04973","保育園・幼児教育・習い事のお知らせ・営業案内SNS画像（ナチュラル・オーガニック）","プロ（演出多め）"
"BNR-04974","歯科医院のビフォーアフター・実績SNS画像（ミニマル・洗練）","プロ（演出多め）"
"BNR-04975","NPO・地方自治体の比較・ランキングバナー（ジオメトリック・グラフィカル）","プロ（演出多め）"
"BNR-04976","コスメ・スキンケアの資料請求・ホワイトペーパーSNS画像（エネルギッシュ・スポーティ）","上級"
"BNR-04977","建築設計事務所のイベント・セミナー告知SNS画像（ミニマル・洗練）","プロ（演出多め）"
"BNR-04978","レストラン・居酒屋の資料請求・ホワイトペーパーバナー（ラグジュアリー・高級感）","上級"
"BNR-04979","カフェ・ベーカリーのハウツー・ノウハウ投稿SNS画像（エディトリアル・雑誌風）","プロ（演出多め）"
"BNR-04980","引越し・生活サービスの資料請求・ホワイトペーパーバナー（信頼・誠実（コーポレート））","プロ（演出多め）"
"BNR-04981","アパレル・ファッションECの診断・クイズバナー（ダーク・シネマティック）","プロ（演出多め）"
"BNR-04982","英会話・語学の比較・ランキングサムネイル（信頼・誠実（コーポレート））","上級"
"BNR-04983","カフェ・ベーカリーのハウツー・ノウハウ投稿SNS画像（ナチュラル・オーガニック）","プロ（演出多め）"
"BNR-04984","Web制作・デザイン事務所の比較・ランキングSNS画像（エディトリアル・雑誌風）","プロ（演出多め）"
"BNR-04985","英会話・語学の資料請求・ホワイトペーパーSNS画像（ポップ・カラフル）","中級"
"BNR-04986","占い・スピリチュアルの診断・クイズサムネイル（和モダン）","上級"
"BNR-04987","食品・産直ECのブランディング・認知SNS画像（ハンドメイド・手書き）","プロ（演出多め）"
"BNR-04988","アパレル・ファッションECのイベント・セミナー告知バナー（エディトリアル・雑誌風）","プロ（演出多め）"
"BNR-04989","内科・クリニックのイベント・セミナー告知SNS画像（ポップ・カラフル）","プロ（演出多め）"
"BNR-04990","アパレル・ファッションECのセール・割引告知SNS画像（レトロ・Y2K）","上級"
"BNR-04991","SaaS・BtoBツールの新商品・新サービス発売SNS画像（ミニマル・洗練）","プロ（演出多め）"
"BNR-04992","美容クリニックのイベント・セミナー告知バナー（信頼・誠実（コーポレート））","上級"
"BNR-04993","パーソナルジム・フィットネスの新商品・新サービス発売SNS画像（クール・テック）","プロ（演出多め）"
"BNR-04994","サウナ・温浴施設のブランディング・認知SNS画像（ナチュラル・オーガニック）","中級"
"BNR-04995","クラウドファンディング・新商品のビフォーアフター・実績サムネイル（ナチュラル・オーガニック）","プロ（演出多め）"
"BNR-04996","コンサル・コーチングのイベント・セミナー告知SNS画像（ミニマル・洗練）","プロ（演出多め）"
"BNR-04997","不動産・マンションの診断・クイズSNS画像（ダーク・シネマティック）","プロ（演出多め）"
"BNR-04998","引越し・生活サービスの診断・クイズSNS画像（信頼・誠実（コーポレート））","プロ（演出多め）"
"BNR-04999","サウナ・温浴施設の採用・求人SNS画像（ニューブルータリズム）","中級"
"BNR-05000","ホテル・旅館のお客様の声・口コミSNS画像（ミニマル・洗練）","上級"
"BNR-05001","アパレル・ファッションECのブランディング・認知バナー（ニューブルータリズム）","上級"
"BNR-05002","NPO・地方自治体の比較・ランキングバナー（ミニマル・洗練）","プロ（演出多め）"
"BNR-05003","ゲーム・eスポーツのハウツー・ノウハウ投稿SNS画像（ダーク・シネマティック）","上級"
"BNR-05004","サウナ・温浴施設のお客様の声・口コミバナー（ニューブルータリズム）","上級"
"BNR-05005","美容クリニックの資料請求・ホワイトペーパーSNS画像（ラグジュアリー・高級感）","上級"
"BNR-05006","自動車・バイクの診断・クイズバナー（クール・テック）","上級"
"BNR-05007","エステ・脱毛サロンの新商品・新サービス発売SNS画像（ラグジュアリー・高級感）","上級"
"BNR-05008","Web制作・デザイン事務所のビフォーアフター・実績バナー（ダーク・シネマティック）","プロ（演出多め）"
"BNR-05009","Web制作・デザイン事務所のイベント・セミナー告知SNS画像（ハンドメイド・手書き）","上級"
"BNR-05010","採用・求人のキャンペーン・プレゼントSNS画像（エネルギッシュ・スポーティ）","上級"
"BNR-05011","内科・クリニックのハウツー・ノウハウ投稿バナー（ナチュラル・オーガニック）","上級"
"BNR-05012","和菓子・スイーツのお知らせ・営業案内SNS画像（パステル・ドリーミー）","上級"
"BNR-05013","音楽・ライブ・イベントの新商品・新サービス発売SNS画像（ダーク・シネマティック）","上級"
"BNR-05014","NPO・地方自治体のビフォーアフター・実績バナー（ハンドメイド・手書き）","上級"
"BNR-05015","音楽・ライブ・イベントの資料請求・ホワイトペーパーSNS画像（ニューブルータリズム）","プロ（演出多め）"
"BNR-05016","ホテル・旅館の資料請求・ホワイトペーパーSNS画像（ラグジュアリー・高級感）","プロ（演出多め）"
"BNR-05017","レストラン・居酒屋のブランディング・認知バナー（ラグジュアリー・高級感）","プロ（演出多め）"
"BNR-05018","保育園・幼児教育・習い事の無料体験・無料相談バナー（ナチュラル・オーガニック）","上級"
"BNR-05019","ゲーム・eスポーツのイベント・セミナー告知バナー（ダーク・シネマティック）","プロ（演出多め）"
"BNR-05020","エステ・脱毛サロンのイベント・セミナー告知SNS画像（パステル・ドリーミー）","上級"
"BNR-05021","占い・スピリチュアルのお客様の声・口コミバナー（パステル・ドリーミー）","上級"
"BNR-05022","引越し・生活サービスのキャンペーン・プレゼントSNS画像（3D・クレイ）","プロ（演出多め）"
"BNR-05023","YouTuber・インフルエンサーのお知らせ・営業案内バナー（かわいい・ガーリー）","上級"
"BNR-05024","英会話・語学のブランディング・認知SNS画像（クール・テック）","プロ（演出多め）"
"BNR-05025","士業（税理士・弁護士・行政書士）のブランディング・認知バナー（和モダン）","プロ（演出多め）"
"BNR-05026","食品・産直ECのお客様の声・口コミバナー（ポップ・カラフル）","上級"
"BNR-05027","スマホアプリの資料請求・ホワイトペーパーバナー（クール・テック）","プロ（演出多め）"
"BNR-05028","採用・求人のキャンペーン・プレゼントSNS画像（エネルギッシュ・スポーティ）","プロ（演出多め）"
"BNR-05029","コンサル・コーチングのブランディング・認知SNS画像（エディトリアル・雑誌風）","上級"
"BNR-05030","ヨガ・ピラティスのイベント・セミナー告知バナー（ナチュラル・オーガニック）","中級"
"BNR-05031","ペット・トリミング・動物病院のお知らせ・営業案内SNS画像（かわいい・ガーリー）","プロ（演出多め）"
"BNR-05032","スクール・オンライン講座の比較・ランキングバナー（ニューブルータリズム）","上級"
"BNR-05033","ウェディング・結婚相談所のイベント・セミナー告知バナー（ハンドメイド・手書き）","中級"
"BNR-05034","Web制作・デザイン事務所のブランディング・認知バナー（ニューブルータリズム）","プロ（演出多め）"
"BNR-05035","食品・産直ECのビフォーアフター・実績SNS画像（ハンドメイド・手書き）","上級"
"BNR-05036","SaaS・BtoBツールのビフォーアフター・実績SNS画像（3D・クレイ）","上級"
"BNR-05037","コスメ・スキンケアの診断・クイズSNS画像（ラグジュアリー・高級感）","プロ（演出多め）"
"BNR-05038","建築設計事務所の比較・ランキングSNS画像（ミニマル・洗練）","中級"
"BNR-05039","コンサル・コーチングの比較・ランキングバナー（ダーク・シネマティック）","プロ（演出多め）"
"BNR-05040","ゲーム・eスポーツのお知らせ・営業案内バナー（エネルギッシュ・スポーティ）","中級"
"BNR-05041","アパレル・ファッションECの採用・求人バナー（エディトリアル・雑誌風）","プロ（演出多め）"
"BNR-05042","エステ・脱毛サロンの新商品・新サービス発売バナー（3D・クレイ）","プロ（演出多め）"
"BNR-05043","Web制作・デザイン事務所の無料体験・無料相談バナー（3D・クレイ）","プロ（演出多め）"
"BNR-05044","レストラン・居酒屋のセール・割引告知バナー（ニューブルータリズム）","プロ（演出多め）"
"BNR-05045","食品・産直ECのビフォーアフター・実績SNS画像（ポップ・カラフル）","上級"
"BNR-05046","内科・クリニックのキャンペーン・プレゼントSNS画像（和モダン）","上級"
"BNR-05047","ゲーム・eスポーツの新商品・新サービス発売SNS画像（ネオン・サイバー）","上級"
"BNR-05048","NPO・地方自治体のハウツー・ノウハウ投稿SNS画像（ジオメトリック・グラフィカル）","プロ（演出多め）"
"BNR-05049","アパレル・ファッションECのハウツー・ノウハウ投稿SNS画像（ミニマル・洗練）","上級"
"BNR-05050","ゲーム・eスポーツのハウツー・ノウハウ投稿バナー（和モダン）","プロ（演出多め）"
"BNR-05051","保育園・幼児教育・習い事の診断・クイズバナー（ナチュラル・オーガニック）","中級"
"BNR-05052","美容クリニックのビフォーアフター・実績SNS画像（信頼・誠実（コーポレート））","中級"
"BNR-05053","スクール・オンライン講座のキャンペーン・プレゼントSNS画像（信頼・誠実（コーポレート））","プロ（演出多め）"
"BNR-05054","ホテル・旅館のキャンペーン・プレゼントバナー（ラグジュアリー・高級感）","上級"
"BNR-05055","ホテル・旅館の比較・ランキングSNS画像（ダーク・シネマティック）","プロ（演出多め）"
"BNR-05056","コスメ・スキンケアの診断・クイズSNS画像（パステル・ドリーミー）","プロ（演出多め）"
"BNR-05057","工務店・注文住宅・リフォームのお知らせ・営業案内SNS画像（北欧・ライフスタイル）","中級"
"BNR-05058","NPO・地方自治体のハウツー・ノウハウ投稿SNS画像（ナチュラル・オーガニック）","プロ（演出多め）"
"BNR-05059","不動産・マンションのお知らせ・営業案内SNS画像（ミニマル・洗練）","中級"
"BNR-05060","エステ・脱毛サロンの無料体験・無料相談SNS画像（ミニマル・洗練）","中級"
"BNR-05061","レストラン・居酒屋の無料体験・無料相談バナー（レトロ・Y2K）","上級"
"BNR-05062","NPO・地方自治体の診断・クイズサムネイル（ナチュラル・オーガニック）","プロ（演出多め）"
"BNR-05063","クラウドファンディング・新商品のブランディング・認知バナー（ダーク・シネマティック）","上級"
"BNR-05064","プログラミングスクールの比較・ランキングバナー（ネオン・サイバー）","プロ（演出多め）"
"BNR-05065","美容クリニックのハウツー・ノウハウ投稿バナー（信頼・誠実（コーポレート））","上級"
"BNR-05066","コンサル・コーチングのビフォーアフター・実績サムネイル（ジオメトリック・グラフィカル）","プロ（演出多め）"
"BNR-05067","ゲーム・eスポーツのブランディング・認知SNS画像（ダーク・シネマティック）","プロ（演出多め）"
"BNR-05068","不動産・マンションのビフォーアフター・実績サムネイル（ダーク・シネマティック）","中級"
"BNR-05069","占い・スピリチュアルのセール・割引告知SNS画像（ナチュラル・オーガニック）","プロ（演出多め）"
"BNR-05070","士業（税理士・弁護士・行政書士）のビフォーアフター・実績SNS画像（信頼・誠実（コーポレート））","上級"
"BNR-05071","農業・地方の生産者のイベント・セミナー告知バナー（ナチュラル・オーガニック）","上級"
"BNR-05072","YouTuber・インフルエンサーのキャンペーン・プレゼントバナー（ラグジュアリー・高級感）","上級"
"BNR-05073","SaaS・BtoBツールのお知らせ・営業案内SNS画像（ポップ・カラフル）","上級"
"BNR-05074","引越し・生活サービスのハウツー・ノウハウ投稿SNS画像（3D・クレイ）","上級"
"BNR-05075","不動産・マンションのキャンペーン・プレゼントバナー（信頼・誠実（コーポレート））","プロ（演出多め）"
"BNR-05076","エステ・脱毛サロンのセール・割引告知バナー（ミニマル・洗練）","上級"
"BNR-05077","NPO・地方自治体の資料請求・ホワイトペーパーSNS画像（ナチュラル・オーガニック）","プロ（演出多め）"
"BNR-05078","士業（税理士・弁護士・行政書士）のビフォーアフター・実績SNS画像（和モダン）","中級"
"BNR-05079","ホテル・旅館の比較・ランキングSNS画像（和モダン）","上級"
"BNR-05080","スマホアプリの比較・ランキングSNS画像（グラスモーフィズム）","プロ（演出多め）"
"BNR-05081","レストラン・居酒屋の診断・クイズSNS画像（ダーク・シネマティック）","プロ（演出多め）"
"BNR-05082","音楽・ライブ・イベントのブランディング・認知SNS画像（ネオン・サイバー）","上級"
"BNR-05083","食品・産直ECのお客様の声・口コミSNS画像（ポップ・カラフル）","プロ（演出多め）"
"BNR-05084","コンサル・コーチングのブランディング・認知バナー（ミニマル・洗練）","プロ（演出多め）"
"BNR-05085","パーソナルジム・フィットネスのハウツー・ノウハウ投稿SNS画像（クール・テック）","プロ（演出多め）"
"BNR-05086","引越し・生活サービスのイベント・セミナー告知バナー（ダーク・シネマティック）","中級"
"BNR-05087","ゲーム・eスポーツのセール・割引告知バナー（ダーク・シネマティック）","プロ（演出多め）"
"BNR-05088","カフェ・ベーカリーの診断・クイズバナー（レトロ・Y2K）","プロ（演出多め）"
"BNR-05089","パーソナルジム・フィットネスのお知らせ・営業案内SNS画像（クール・テック）","上級"
"BNR-05090","食品・産直ECの新商品・新サービス発売バナー（和モダン）","上級"
"BNR-05091","エステ・脱毛サロンのセール・割引告知バナー（ミニマル・洗練）","上級"
"BNR-05092","パーソナルジム・フィットネスのブランディング・認知バナー（ダーク・シネマティック）","中級"
"BNR-05093","エステ・脱毛サロンの無料体験・無料相談SNS画像（パステル・ドリーミー）","上級"
"BNR-05094","YouTuber・インフルエンサーの比較・ランキングバナー（ポップ・カラフル）","プロ（演出多め）"
"BNR-05095","美容室・ヘアサロンの診断・クイズSNS画像（かわいい・ガーリー）","プロ（演出多め）"
"BNR-05096","歯科医院の採用・求人SNS画像（信頼・誠実（コーポレート））","上級"
"BNR-05097","パーソナルジム・フィットネスのハウツー・ノウハウ投稿SNS画像（クール・テック）","上級"
"BNR-05098","士業（税理士・弁護士・行政書士）のキャンペーン・プレゼントSNS画像（和モダン）","プロ（演出多め）"
"BNR-05099","AIサービス・スタートアップのセール・割引告知バナー（クール・テック）","プロ（演出多め）"
"BNR-05100","ヨガ・ピラティスのブランディング・認知SNS画像（ナチュラル・オーガニック）","プロ（演出多め）"
"BNR-05101","美容クリニックのお知らせ・営業案内SNS画像（レトロ・Y2K）","プロ（演出多め）"
"BNR-05102","カフェ・ベーカリーの資料請求・ホワイトペーパーバナー（ポップ・カラフル）","プロ（演出多め）"
"BNR-05103","ゲーム・eスポーツのブランディング・認知SNS画像（エネルギッシュ・スポーティ）","プロ（演出多め）"
"BNR-05104","Web制作・デザイン事務所の比較・ランキングSNS画像（北欧・ライフスタイル）","プロ（演出多め）"
"BNR-05105","美容室・ヘアサロンのハウツー・ノウハウ投稿SNS画像（エディトリアル・雑誌風）","上級"
"BNR-05106","美容室・ヘアサロンのお客様の声・口コミサムネイル（北欧・ライフスタイル）","プロ（演出多め）"
"BNR-05107","ヨガ・ピラティスの診断・クイズSNS画像（北欧・ライフスタイル）","上級"
"BNR-05108","AIサービス・スタートアップのセール・割引告知バナー（ジオメトリック・グラフィカル）","中級"
"BNR-05109","サウナ・温浴施設のハウツー・ノウハウ投稿バナー（ナチュラル・オーガニック）","プロ（演出多め）"
"BNR-05110","美容クリニックのお客様の声・口コミSNS画像（ラグジュアリー・高級感）","上級"
"BNR-05111","建築設計事務所の資料請求・ホワイトペーパーSNS画像（エディトリアル・雑誌風）","プロ（演出多め）"
"BNR-05112","クラウドファンディング・新商品のハウツー・ノウハウ投稿SNS画像（ダーク・シネマティック）","プロ（演出多め）"
"BNR-05113","内科・クリニックの比較・ランキングSNS画像（北欧・ライフスタイル）","上級"
"BNR-05114","ホテル・旅館のYouTube動画の興味喚起サムネイル（ラグジュアリー・高級感）","上級"
"BNR-05115","サウナ・温浴施設の採用・求人バナー（レトロ・Y2K）","中級"
"BNR-05116","スクール・オンライン講座のブランディング・認知SNS画像（信頼・誠実（コーポレート））","プロ（演出多め）"
"BNR-05117","音楽・ライブ・イベントのお知らせ・営業案内バナー（ダーク・シネマティック）","プロ（演出多め）"
"BNR-05118","サウナ・温浴施設のお知らせ・営業案内SNS画像（ニューブルータリズム）","プロ（演出多め）"
"BNR-05119","占い・スピリチュアルのイベント・セミナー告知SNS画像（ダーク・シネマティック）","プロ（演出多め）"
"BNR-05120","パーソナルジム・フィットネスのキャンペーン・プレゼントバナー（クール・テック）","プロ（演出多め）"
"BNR-05121","スクール・オンライン講座の比較・ランキングバナー（信頼・誠実（コーポレート））","上級"
"BNR-05122","サウナ・温浴施設の採用・求人SNS画像（レトロ・Y2K）","プロ（演出多め）"
"BNR-05123","建築設計事務所の採用・求人SNS画像（ミニマル・洗練）","中級"
"BNR-05124","占い・スピリチュアルの資料請求・ホワイトペーパーSNS画像（ダーク・シネマティック）","プロ（演出多め）"
"BNR-05125","食品・産直ECのお客様の声・口コミSNS画像（ナチュラル・オーガニック）","プロ（演出多め）"
"BNR-05126","AIサービス・スタートアップのビフォーアフター・実績SNS画像（グラスモーフィズム）","中級"
"BNR-05127","YouTuber・インフルエンサーのブランディング・認知SNS画像（ポップ・カラフル）","上級"
"BNR-05128","農業・地方の生産者のビフォーアフター・実績SNS画像（ナチュラル・オーガニック）","上級"
"BNR-05129","コスメ・スキンケアのお知らせ・営業案内SNS画像（ミニマル・洗練）","中級"
"BNR-05130","美容クリニックのイベント・セミナー告知SNS画像（ミニマル・洗練）","プロ（演出多め）"
"BNR-05131","アパレル・ファッションECの診断・クイズバナー（エディトリアル・雑誌風）","中級"
"BNR-05132","AIサービス・スタートアップのブランディング・認知SNS画像（クール・テック）","プロ（演出多め）"
"BNR-05133","ホテル・旅館のハウツー・ノウハウ投稿バナー（和モダン）","上級"
"BNR-05134","NPO・地方自治体のブランディング・認知バナー（ジオメトリック・グラフィカル）","中級"
"BNR-05135","SaaS・BtoBツールの採用・求人SNS画像（3D・クレイ）","中級"
"BNR-05136","工務店・注文住宅・リフォームの資料請求・ホワイトペーパーバナー（ミニマル・洗練）","プロ（演出多め）"
"BNR-05137","レストラン・居酒屋のセール・割引告知SNS画像（和モダン）","プロ（演出多め）"
"BNR-05138","ゲーム・eスポーツの新商品・新サービス発売SNS画像（レトロ・Y2K）","中級"
"BNR-05139","工務店・注文住宅・リフォームの診断・クイズSNS画像（信頼・誠実（コーポレート））","プロ（演出多め）"
"BNR-05140","カフェ・ベーカリーのビフォーアフター・実績SNS画像（ネオン・サイバー）","プロ（演出多め）"
"BNR-05141","内科・クリニックの比較・ランキングバナー（北欧・ライフスタイル）","上級"
"BNR-05142","AIサービス・スタートアップの無料体験・無料相談SNS画像（ラグジュアリー・高級感）","中級"
"BNR-05143","コンサル・コーチングのお客様の声・口コミバナー（ラグジュアリー・高級感）","中級"
"BNR-05144","採用・求人のお知らせ・営業案内バナー（エディトリアル・雑誌風）","中級"
"BNR-05145","自動車・バイクのビフォーアフター・実績SNS画像（ラグジュアリー・高級感）","プロ（演出多め）"
"BNR-05146","スクール・オンライン講座の無料体験・無料相談バナー（クール・テック）","プロ（演出多め）"
"BNR-05147","アパレル・ファッションECの比較・ランキングバナー（レトロ・Y2K）","プロ（演出多め）"
"BNR-05148","プログラミングスクールのお知らせ・営業案内SNS画像（クール・テック）","上級"
"BNR-05149","食品・産直ECの比較・ランキングSNS画像（ポップ・カラフル）","プロ（演出多め）"
"BNR-05150","NPO・地方自治体のキャンペーン・プレゼントSNS画像（ナチュラル・オーガニック）","上級"
"BNR-05151","パーソナルジム・フィットネスの診断・クイズSNS画像（エネルギッシュ・スポーティ）","プロ（演出多め）"
"BNR-05152","スクール・オンライン講座のハウツー・ノウハウ投稿バナー（和モダン）","プロ（演出多め）"
"BNR-05153","ウェディング・結婚相談所の無料体験・無料相談SNS画像（ラグジュアリー・高級感）","上級"
"BNR-05154","自動車・バイクの採用・求人バナー（ニューブルータリズム）","上級"
"BNR-05155","Web制作・デザイン事務所のセール・割引告知バナー（エディトリアル・雑誌風）","プロ（演出多め）"
"BNR-05156","観光・地域プロモーションのセール・割引告知バナー（ダーク・シネマティック）","プロ（演出多め）"
"BNR-05157","アパレル・ファッションECのお知らせ・営業案内SNS画像（レトロ・Y2K）","中級"
"BNR-05158","食品・産直ECの比較・ランキングSNS画像（ハンドメイド・手書き）","プロ（演出多め）"
"BNR-05159","自動車・バイクの新商品・新サービス発売サムネイル（クール・テック）","上級"
"BNR-05160","プログラミングスクールのセール・割引告知バナー（ネオン・サイバー）","中級"
"BNR-05161","パーソナルジム・フィットネスのキャンペーン・プレゼントSNS画像（信頼・誠実（コーポレート））","上級"
"BNR-05162","クラウドファンディング・新商品のハウツー・ノウハウ投稿SNS画像（グラスモーフィズム）","プロ（演出多め）"
"BNR-05163","引越し・生活サービスのお客様の声・口コミバナー（ポップ・カラフル）","プロ（演出多め）"
"BNR-05164","クラウドファンディング・新商品の比較・ランキングバナー（ナチュラル・オーガニック）","上級"
"BNR-05165","SaaS・BtoBツールのキャンペーン・プレゼントSNS画像（クール・テック）","プロ（演出多め）"
"BNR-05166","YouTuber・インフルエンサーの診断・クイズバナー（エネルギッシュ・スポーティ）","プロ（演出多め）"
"BNR-05167","歯科医院の無料体験・無料相談バナー（ナチュラル・オーガニック）","上級"
"BNR-05168","占い・スピリチュアルのセール・割引告知バナー（パステル・ドリーミー）","プロ（演出多め）"
"BNR-05169","観光・地域プロモーションのお客様の声・口コミバナー（和モダン）","上級"
"BNR-05170","カフェ・ベーカリーの無料体験・無料相談バナー（ハンドメイド・手書き）","上級"
"BNR-05171","ウェディング・結婚相談所の資料請求・ホワイトペーパーSNS画像（かわいい・ガーリー）","中級"
"BNR-05172","音楽・ライブ・イベントの無料体験・無料相談バナー（レトロ・Y2K）","上級"
"BNR-05173","建築設計事務所のイベント・セミナー告知バナー（ダーク・シネマティック）","中級"
"BNR-05174","カフェ・ベーカリーの比較・ランキングSNS画像（北欧・ライフスタイル）","プロ（演出多め）"
"BNR-05175","ホテル・旅館のセール・割引告知バナー（ラグジュアリー・高級感）","プロ（演出多め）"
"BNR-05176","内科・クリニックの新商品・新サービス発売SNS画像（ニューブルータリズム）","上級"
"BNR-05177","Web制作・デザイン事務所のハウツー・ノウハウ投稿SNS画像（クール・テック）","プロ（演出多め）"
"BNR-05178","ゲーム・eスポーツのお客様の声・口コミサムネイル（ネオン・サイバー）","プロ（演出多め）"
"BNR-05179","音楽・ライブ・イベントのお客様の声・口コミSNS画像（エネルギッシュ・スポーティ）","プロ（演出多め）"
"BNR-05180","美容室・ヘアサロンのお客様の声・口コミバナー（エディトリアル・雑誌風）","プロ（演出多め）"
"BNR-05181","NPO・地方自治体のお客様の声・口コミSNS画像（ハンドメイド・手書き）","プロ（演出多め）"
"BNR-05182","金融・保険・投資の診断・クイズバナー（信頼・誠実（コーポレート））","上級"
"BNR-05183","コスメ・スキンケアの採用・求人SNS画像（パステル・ドリーミー）","中級"
"BNR-05184","保育園・幼児教育・習い事のお知らせ・営業案内SNS画像（ナチュラル・オーガニック）","上級"
"BNR-05185","レストラン・居酒屋のビフォーアフター・実績バナー（ラグジュアリー・高級感）","プロ（演出多め）"
"BNR-05186","観光・地域プロモーションのキャンペーン・プレゼントSNS画像（ハンドメイド・手書き）","上級"
"BNR-05187","プログラミングスクールの資料請求・ホワイトペーパーSNS画像（クール・テック）","上級"
"BNR-05188","内科・クリニックのお知らせ・営業案内SNS画像（信頼・誠実（コーポレート））","中級"
"BNR-05189","スマホアプリの資料請求・ホワイトペーパーバナー（クール・テック）","上級"
"BNR-05190","ヨガ・ピラティスの新商品・新サービス発売SNS画像（レトロ・Y2K）","中級"
"BNR-05191","カフェ・ベーカリーの採用・求人SNS画像（ダーク・シネマティック）","上級"
"BNR-05192","クラウドファンディング・新商品の新商品・新サービス発売SNS画像（クール・テック）","上級"
"BNR-05193","建築設計事務所のキャンペーン・プレゼントバナー（エディトリアル・雑誌風）","プロ（演出多め）"
"BNR-05194","スクール・オンライン講座の比較・ランキングSNS画像（ポップ・カラフル）","プロ（演出多め）"
"BNR-05195","ゲーム・eスポーツの比較・ランキングSNS画像（ネオン・サイバー）","中級"
"BNR-05196","ホテル・旅館の診断・クイズSNS画像（ラグジュアリー・高級感）","中級"
"BNR-05197","コスメ・スキンケアのブランディング・認知バナー（グラスモーフィズム）","上級"
"BNR-05198","コンサル・コーチングのブランディング・認知バナー（信頼・誠実（コーポレート））","プロ（演出多め）"
"BNR-05199","音楽・ライブ・イベントのお客様の声・口コミバナー（ネオン・サイバー）","プロ（演出多め）"
"BNR-05200","農業・地方の生産者のセール・割引告知バナー（和モダン）","プロ（演出多め）"
"BNR-05201","コスメ・スキンケアの資料請求・ホワイトペーパーバナー（パステル・ドリーミー）","上級"
"BNR-05202","英会話・語学のイベント・セミナー告知SNS画像（ジオメトリック・グラフィカル）","プロ（演出多め）"
"BNR-05203","和菓子・スイーツの無料体験・無料相談SNS画像（かわいい・ガーリー）","上級"
"BNR-05204","カフェ・ベーカリーのブランディング・認知バナー（レトロ・Y2K）","プロ（演出多め）"
"BNR-05205","士業（税理士・弁護士・行政書士）のイベント・セミナー告知SNS画像（和モダン）","中級"
"BNR-05206","採用・求人のビフォーアフター・実績SNS画像（信頼・誠実（コーポレート））","プロ（演出多め）"
"BNR-05207","食品・産直ECの比較・ランキングSNS画像（和モダン）","プロ（演出多め）"
"BNR-05208","アパレル・ファッションECのイベント・セミナー告知バナー（エディトリアル・雑誌風）","プロ（演出多め）"
"BNR-05209","工務店・注文住宅・リフォームの新商品・新サービス発売SNS画像（北欧・ライフスタイル）","プロ（演出多め）"
"BNR-05210","AIサービス・スタートアップのビフォーアフター・実績バナー（クール・テック）","プロ（演出多め）"
"BNR-05211","SaaS・BtoBツールのビフォーアフター・実績バナー（3D・クレイ）","上級"
"BNR-05212","エステ・脱毛サロンの無料体験・無料相談SNS画像（ミニマル・洗練）","上級"
"BNR-05213","自動車・バイクの比較・ランキングSNS画像（エネルギッシュ・スポーティ）","上級"
"BNR-05214","ウェディング・結婚相談所のイベント・セミナー告知バナー（ハンドメイド・手書き）","プロ（演出多め）"
"BNR-05215","クラウドファンディング・新商品のお客様の声・口コミSNS画像（ダーク・シネマティック）","上級"
"BNR-05216","ヨガ・ピラティスのお知らせ・営業案内SNS画像（ナチュラル・オーガニック）","プロ（演出多め）"
"BNR-05217","建築設計事務所のお客様の声・口コミSNS画像（エディトリアル・雑誌風）","上級"
"BNR-05218","カフェ・ベーカリーのブランディング・認知SNS画像（ナチュラル・オーガニック）","上級"
"BNR-05219","AIサービス・スタートアップのキャンペーン・プレゼントSNS画像（ミニマル・洗練）","上級"
"BNR-05220","農業・地方の生産者のハウツー・ノウハウ投稿バナー（和モダン）","上級"
"BNR-05221","美容室・ヘアサロンのお客様の声・口コミバナー（ミニマル・洗練）","上級"
"BNR-05222","美容室・ヘアサロンの新商品・新サービス発売SNS画像（北欧・ライフスタイル）","上級"
"BNR-05223","自動車・バイクの比較・ランキングバナー（ダーク・シネマティック）","上級"
"BNR-05224","クラウドファンディング・新商品の診断・クイズバナー（クール・テック）","プロ（演出多め）"
"BNR-05225","金融・保険・投資のビフォーアフター・実績バナー（信頼・誠実（コーポレート））","上級"
"BNR-05226","引越し・生活サービスのブランディング・認知SNS画像（ポップ・カラフル）","上級"
"BNR-05227","音楽・ライブ・イベントの新商品・新サービス発売バナー（ニューブルータリズム）","中級"
"BNR-05228","ゲーム・eスポーツのキャンペーン・プレゼントSNS画像（エネルギッシュ・スポーティ）","プロ（演出多め）"
"BNR-05229","コスメ・スキンケアの資料請求・ホワイトペーパーバナー（パステル・ドリーミー）","上級"
"BNR-05230","Web制作・デザイン事務所の資料請求・ホワイトペーパーSNS画像（北欧・ライフスタイル）","プロ（演出多め）"
"BNR-05231","Web制作・デザイン事務所のビフォーアフター・実績SNS画像（ダーク・シネマティック）","プロ（演出多め）"
"BNR-05232","パーソナルジム・フィットネスの採用・求人SNS画像（クール・テック）","プロ（演出多め）"
"BNR-05233","ウェディング・結婚相談所のブランディング・認知SNS画像（ラグジュアリー・高級感）","上級"
"BNR-05234","保育園・幼児教育・習い事の新商品・新サービス発売SNS画像（ナチュラル・オーガニック）","プロ（演出多め）"
"BNR-05235","YouTuber・インフルエンサーのお客様の声・口コミSNS画像（ネオン・サイバー）","上級"
"BNR-05236","歯科医院の診断・クイズSNS画像（ナチュラル・オーガニック）","上級"
"BNR-05237","NPO・地方自治体のブランディング・認知SNS画像（ナチュラル・オーガニック）","上級"
"BNR-05238","SaaS・BtoBツールのセール・割引告知SNS画像（クール・テック）","プロ（演出多め）"
"BNR-05239","食品・産直ECの採用・求人SNS画像（ナチュラル・オーガニック）","上級"
"BNR-05240","食品・産直ECのお知らせ・営業案内バナー（ニューブルータリズム）","プロ（演出多め）"
"BNR-05241","SaaS・BtoBツールの資料請求・ホワイトペーパーバナー（信頼・誠実（コーポレート））","プロ（演出多め）"
"BNR-05242","クラウドファンディング・新商品の無料体験・無料相談SNS画像（ポップ・カラフル）","中級"
"BNR-05243","カフェ・ベーカリーのハウツー・ノウハウ投稿SNS画像（レトロ・Y2K）","プロ（演出多め）"
"BNR-05244","クラウドファンディング・新商品のキャンペーン・プレゼントSNS画像（ポップ・カラフル）","上級"
"BNR-05245","ホテル・旅館の資料請求・ホワイトペーパーバナー（ミニマル・洗練）","プロ（演出多め）"
"BNR-05246","スクール・オンライン講座の採用・求人バナー（クール・テック）","上級"
"BNR-05247","観光・地域プロモーションの新商品・新サービス発売サムネイル（ナチュラル・オーガニック）","プロ（演出多め）"
"BNR-05248","NPO・地方自治体のセール・割引告知バナー（ダーク・シネマティック）","中級"
"BNR-05249","コスメ・スキンケアのブランディング・認知SNS画像（グラスモーフィズム）","上級"
"BNR-05250","採用・求人のイベント・セミナー告知SNS画像（エネルギッシュ・スポーティ）","上級"
"BNR-05251","工務店・注文住宅・リフォームの新商品・新サービス発売バナー（信頼・誠実（コーポレート））","プロ（演出多め）"
"BNR-05252","音楽・ライブ・イベントのキャンペーン・プレゼントSNS画像（グラスモーフィズム）","中級"
"BNR-05253","ゲーム・eスポーツのお知らせ・営業案内バナー（ナチュラル・オーガニック）","上級"
"BNR-05254","美容クリニックのハウツー・ノウハウ投稿SNS画像（信頼・誠実（コーポレート））","プロ（演出多め）"
"BNR-05255","NPO・地方自治体の資料請求・ホワイトペーパーバナー（ナチュラル・オーガニック）","プロ（演出多め）"
"BNR-05256","クラウドファンディング・新商品のビフォーアフター・実績サムネイル（クール・テック）","プロ（演出多め）"
"BNR-05257","レストラン・居酒屋のイベント・セミナー告知バナー（和モダン）","上級"
"BNR-05258","レストラン・居酒屋の採用・求人SNS画像（ラグジュアリー・高級感）","プロ（演出多め）"
"BNR-05259","内科・クリニックのブランディング・認知バナー（エディトリアル・雑誌風）","プロ（演出多め）"
"BNR-05260","AIサービス・スタートアップのお客様の声・口コミSNS画像（クール・テック）","中級"
"BNR-05261","美容室・ヘアサロンの診断・クイズバナー（エディトリアル・雑誌風）","プロ（演出多め）"
"BNR-05262","士業（税理士・弁護士・行政書士）の採用・求人バナー（信頼・誠実（コーポレート））","上級"
"BNR-05263","プログラミングスクールのブランディング・認知バナー（ポップ・カラフル）","プロ（演出多め）"
"BNR-05264","ヨガ・ピラティスのイベント・セミナー告知SNS画像（ミニマル・洗練）","上級"
"BNR-05265","農業・地方の生産者のお知らせ・営業案内バナー（ハンドメイド・手書き）","中級"
"BNR-05266","AIサービス・スタートアップのお知らせ・営業案内SNS画像（グラスモーフィズム）","上級"
"BNR-05267","和菓子・スイーツの資料請求・ホワイトペーパーSNS画像（ナチュラル・オーガニック）","プロ（演出多め）"
"BNR-05268","自動車・バイクの診断・クイズSNS画像（北欧・ライフスタイル）","プロ（演出多め）"
"BNR-05269","コンサル・コーチングのお客様の声・口コミバナー（ラグジュアリー・高級感）","上級"
"BNR-05270","ペット・トリミング・動物病院の資料請求・ホワイトペーパーSNS画像（ハンドメイド・手書き）","プロ（演出多め）"
"BNR-05271","和菓子・スイーツの新商品・新サービス発売バナー（和モダン）","プロ（演出多め）"
"BNR-05272","コスメ・スキンケアの新商品・新サービス発売SNS画像（グラスモーフィズム）","中級"
"BNR-05273","パーソナルジム・フィットネスのセール・割引告知バナー（エネルギッシュ・スポーティ）","中級"
"BNR-05274","占い・スピリチュアルのハウツー・ノウハウ投稿SNS画像（ダーク・シネマティック）","上級"
"BNR-05275","農業・地方の生産者の採用・求人SNS画像（和モダン）","プロ（演出多め）"
"BNR-05276","ホテル・旅館のお知らせ・営業案内SNS画像（ダーク・シネマティック）","プロ（演出多め）"
"BNR-05277","スクール・オンライン講座のビフォーアフター・実績バナー（ラグジュアリー・高級感）","上級"
"BNR-05278","AIサービス・スタートアップのイベント・セミナー告知SNS画像（クール・テック）","上級"
"BNR-05279","観光・地域プロモーションのキャンペーン・プレゼントSNS画像（ダーク・シネマティック）","中級"
"BNR-05280","農業・地方の生産者の比較・ランキングSNS画像（ハンドメイド・手書き）","プロ（演出多め）"
"BNR-05281","和菓子・スイーツのイベント・セミナー告知バナー（ナチュラル・オーガニック）","上級"
"BNR-05282","音楽・ライブ・イベントの新商品・新サービス発売SNS画像（和モダン）","プロ（演出多め）"
"BNR-05283","ヨガ・ピラティスの比較・ランキングSNS画像（ジオメトリック・グラフィカル）","プロ（演出多め）"
"BNR-05284","美容クリニックの資料請求・ホワイトペーパーSNS画像（ラグジュアリー・高級感）","上級"
"BNR-05285","アパレル・ファッションECのお知らせ・営業案内SNS画像（エディトリアル・雑誌風）","プロ（演出多め）"
"BNR-05286","歯科医院のビフォーアフター・実績SNS画像（ミニマル・洗練）","上級"
"BNR-05287","ホテル・旅館の採用・求人SNS画像（ラグジュアリー・高級感）","上級"
"BNR-05288","ホテル・旅館の比較・ランキングバナー（ダーク・シネマティック）","上級"
"BNR-05289","YouTuber・インフルエンサーのお客様の声・口コミバナー（ポップ・カラフル）","プロ（演出多め）"
"BNR-05290","サウナ・温浴施設の診断・クイズSNS画像（ナチュラル・オーガニック）","プロ（演出多め）"
"BNR-05291","自動車・バイクの資料請求・ホワイトペーパーSNS画像（ダーク・シネマティック）","プロ（演出多め）"
"BNR-05292","美容クリニックの診断・クイズSNS画像（ラグジュアリー・高級感）","プロ（演出多め）"
"BNR-05293","エステ・脱毛サロンの新商品・新サービス発売SNS画像（ラグジュアリー・高級感）","プロ（演出多め）"
"BNR-05294","保育園・幼児教育・習い事のビフォーアフター・実績サムネイル（ナチュラル・オーガニック）","上級"
"BNR-05295","クラウドファンディング・新商品の採用・求人バナー（ポップ・カラフル）","プロ（演出多め）"
"BNR-05296","コンサル・コーチングのブランディング・認知SNS画像（ミニマル・洗練）","中級"
"BNR-05297","Web制作・デザイン事務所の診断・クイズバナー（エディトリアル・雑誌風）","中級"
"BNR-05298","スマホアプリのハウツー・ノウハウ投稿バナー（グラスモーフィズム）","上級"
"BNR-05299","NPO・地方自治体のイベント・セミナー告知SNS画像（グラスモーフィズム）","プロ（演出多め）"
"BNR-05300","和菓子・スイーツの比較・ランキングバナー（ナチュラル・オーガニック）","プロ（演出多め）"
"BNR-05301","ゲーム・eスポーツのビフォーアフター・実績SNS画像（ダーク・シネマティック）","プロ（演出多め）"
"BNR-05302","工務店・注文住宅・リフォームのブランディング・認知バナー（信頼・誠実（コーポレート））","上級"
"BNR-05303","美容室・ヘアサロンのイベント・セミナー告知SNS画像（かわいい・ガーリー）","中級"
"BNR-05304","ホテル・旅館の無料体験・無料相談バナー（和モダン）","上級"
"BNR-05305","採用・求人の比較・ランキングSNS画像（ジオメトリック・グラフィカル）","プロ（演出多め）"
"BNR-05306","占い・スピリチュアルのビフォーアフター・実績SNS画像（ダーク・シネマティック）","上級"
"BNR-05307","Web制作・デザイン事務所のビフォーアフター・実績バナー（エネルギッシュ・スポーティ）","上級"
"BNR-05308","ペット・トリミング・動物病院のイベント・セミナー告知SNS画像（エディトリアル・雑誌風）","上級"
"BNR-05309","ゲーム・eスポーツの無料体験・無料相談バナー（レトロ・Y2K）","中級"
"BNR-05310","コンサル・コーチングの資料請求・ホワイトペーパーSNS画像（ミニマル・洗練）","上級"
"BNR-05311","YouTuber・インフルエンサーのビフォーアフター・実績SNS画像（ニューブルータリズム）","プロ（演出多め）"
"BNR-05312","工務店・注文住宅・リフォームのお客様の声・口コミバナー（かわいい・ガーリー）","プロ（演出多め）"
"BNR-05313","AIサービス・スタートアップのハウツー・ノウハウ投稿バナー（ネオン・サイバー）","プロ（演出多め）"
"BNR-05314","建築設計事務所のセール・割引告知SNS画像（ジオメトリック・グラフィカル）","上級"
"BNR-05315","音楽・ライブ・イベントの比較・ランキングバナー（エディトリアル・雑誌風）","プロ（演出多め）"
"BNR-05316","エステ・脱毛サロンの採用・求人バナー（ミニマル・洗練）","プロ（演出多め）"
"BNR-05317","YouTuber・インフルエンサーのキャンペーン・プレゼントSNS画像（ネオン・サイバー）","プロ（演出多め）"
"BNR-05318","観光・地域プロモーションの新商品・新サービス発売バナー（信頼・誠実（コーポレート））","上級"
"BNR-05319","保育園・幼児教育・習い事のセール・割引告知SNS画像（かわいい・ガーリー）","上級"
"BNR-05320","不動産・マンションの資料請求・ホワイトペーパーSNS画像（ミニマル・洗練）","上級"
"BNR-05321","エステ・脱毛サロンの新商品・新サービス発売バナー（ミニマル・洗練）","中級"
"BNR-05322","歯科医院の新商品・新サービス発売バナー（信頼・誠実（コーポレート））","中級"
"BNR-05323","食品・産直ECのキャンペーン・プレゼントSNS画像（ナチュラル・オーガニック）","プロ（演出多め）"
"BNR-05324","ウェディング・結婚相談所の比較・ランキングSNS画像（ラグジュアリー・高級感）","中級"
"BNR-05325","スマホアプリの比較・ランキングSNS画像（3D・クレイ）","プロ（演出多め）"
"BNR-05326","ホテル・旅館の無料体験・無料相談SNS画像（和モダン）","プロ（演出多め）"
"BNR-05327","コンサル・コーチングのキャンペーン・プレゼントSNS画像（ミニマル・洗練）","上級"
"BNR-05328","引越し・生活サービスのブランディング・認知バナー（信頼・誠実（コーポレート））","プロ（演出多め）"
"BNR-05329","自動車・バイクのブランディング・認知バナー（ダーク・シネマティック）","プロ（演出多め）"
"BNR-05330","音楽・ライブ・イベントのイベント・セミナー告知バナー（ダーク・シネマティック）","プロ（演出多め）"
"BNR-05331","美容室・ヘアサロンのイベント・セミナー告知バナー（北欧・ライフスタイル）","プロ（演出多め）"
"BNR-05332","英会話・語学のセール・割引告知SNS画像（3D・クレイ）","上級"
"BNR-05333","クラウドファンディング・新商品の新商品・新サービス発売SNS画像（ナチュラル・オーガニック）","中級"
"BNR-05334","エステ・脱毛サロンのブランディング・認知SNS画像（パステル・ドリーミー）","上級"
"BNR-05335","和菓子・スイーツのイベント・セミナー告知SNS画像（パステル・ドリーミー）","上級"
"BNR-05336","スマホアプリのキャンペーン・プレゼントバナー（ポップ・カラフル）","上級"
"BNR-05337","AIサービス・スタートアップのお客様の声・口コミバナー（グラスモーフィズム）","プロ（演出多め）"
"BNR-05338","音楽・ライブ・イベントのセール・割引告知バナー（レトロ・Y2K）","プロ（演出多め）"
"BNR-05339","サウナ・温浴施設のセール・割引告知SNS画像（ジオメトリック・グラフィカル）","プロ（演出多め）"
"BNR-05340","美容室・ヘアサロンの診断・クイズバナー（エディトリアル・雑誌風）","プロ（演出多め）"
"BNR-05341","内科・クリニックの比較・ランキングサムネイル（信頼・誠実（コーポレート））","プロ（演出多め）"
"BNR-05342","ペット・トリミング・動物病院のお知らせ・営業案内SNS画像（ハンドメイド・手書き）","プロ（演出多め）"
"BNR-05343","カフェ・ベーカリーのキャンペーン・プレゼントバナー（ナチュラル・オーガニック）","プロ（演出多め）"
"BNR-05344","美容室・ヘアサロンのセール・割引告知バナー（かわいい・ガーリー）","中級"
"BNR-05345","SaaS・BtoBツールの資料請求・ホワイトペーパーバナー（3D・クレイ）","プロ（演出多め）"
"BNR-05346","アパレル・ファッションECの採用・求人バナー（ミニマル・洗練）","プロ（演出多め）"
"BNR-05347","工務店・注文住宅・リフォームの比較・ランキングバナー（北欧・ライフスタイル）","プロ（演出多め）"
"BNR-05348","SaaS・BtoBツールの比較・ランキングバナー（グラスモーフィズム）","プロ（演出多め）"
"BNR-05349","歯科医院のセール・割引告知SNS画像（ミニマル・洗練）","上級"
"BNR-05350","美容室・ヘアサロンのブランディング・認知バナー（かわいい・ガーリー）","プロ（演出多め）"
"BNR-05351","スマホアプリのキャンペーン・プレゼントバナー（ポップ・カラフル）","上級"
"BNR-05352","コスメ・スキンケアのハウツー・ノウハウ投稿SNS画像（パステル・ドリーミー）","プロ（演出多め）"
"BNR-05353","採用・求人の新商品・新サービス発売SNS画像（ポップ・カラフル）","中級"
"BNR-05354","ゲーム・eスポーツのキャンペーン・プレゼントSNS画像（エネルギッシュ・スポーティ）","上級"
"BNR-05355","観光・地域プロモーションの無料体験・無料相談バナー（ナチュラル・オーガニック）","プロ（演出多め）"
"BNR-05356","内科・クリニックの採用・求人SNS画像（ナチュラル・オーガニック）","プロ（演出多め）"
"BNR-05357","美容室・ヘアサロンのお客様の声・口コミSNS画像（ミニマル・洗練）","プロ（演出多め）"
"BNR-05358","サウナ・温浴施設のビフォーアフター・実績SNS画像（和モダン）","プロ（演出多め）"
"BNR-05359","ペット・トリミング・動物病院のビフォーアフター・実績バナー（3D・クレイ）","プロ（演出多め）"
"BNR-05360","美容クリニックの診断・クイズバナー（ネオン・サイバー）","プロ（演出多め）"
"BNR-05361","スマホアプリのイベント・セミナー告知バナー（ポップ・カラフル）","プロ（演出多め）"
"BNR-05362","工務店・注文住宅・リフォームの無料体験・無料相談SNS画像（ネオン・サイバー）","上級"
"BNR-05363","美容室・ヘアサロンのお客様の声・口コミバナー（かわいい・ガーリー）","上級"
"BNR-05364","YouTuber・インフルエンサーの採用・求人バナー（ネオン・サイバー）","中級"
"BNR-05365","スマホアプリの無料体験・無料相談バナー（クール・テック）","上級"
"BNR-05366","ゲーム・eスポーツの採用・求人SNS画像（エネルギッシュ・スポーティ）","上級"
"BNR-05367","英会話・語学のキャンペーン・プレゼントバナー（ミニマル・洗練）","上級"
"BNR-05368","金融・保険・投資のハウツー・ノウハウ投稿SNS画像（クール・テック）","中級"
"BNR-05369","エステ・脱毛サロンの新商品・新サービス発売SNS画像（ミニマル・洗練）","上級"
"BNR-05370","美容クリニックのお客様の声・口コミSNS画像（ラグジュアリー・高級感）","プロ（演出多め）"
"BNR-05371","プログラミングスクールの無料体験・無料相談バナー（ナチュラル・オーガニック）","上級"
"BNR-05372","パーソナルジム・フィットネスの資料請求・ホワイトペーパーSNS画像（エネルギッシュ・スポーティ）","中級"
"BNR-05373","サウナ・温浴施設の新商品・新サービス発売SNS画像（レトロ・Y2K）","プロ（演出多め）"
"BNR-05374","YouTuber・インフルエンサーの採用・求人SNS画像（かわいい・ガーリー）","上級"
"BNR-05375","AIサービス・スタートアップのお知らせ・営業案内SNS画像（ネオン・サイバー）","プロ（演出多め）"
"BNR-05376","プログラミングスクールの資料請求・ホワイトペーパーSNS画像（ポップ・カラフル）","上級"
"BNR-05377","農業・地方の生産者のビフォーアフター・実績バナー（レトロ・Y2K）","プロ（演出多め）"
"BNR-05378","カフェ・ベーカリーのブランディング・認知SNS画像（かわいい・ガーリー）","プロ（演出多め）"
"BNR-05379","観光・地域プロモーションのビフォーアフター・実績SNS画像（レトロ・Y2K）","中級"
"BNR-05380","歯科医院の資料請求・ホワイトペーパーバナー（ナチュラル・オーガニック）","上級"
"BNR-05381","内科・クリニックの無料体験・無料相談バナー（北欧・ライフスタイル）","上級"
"BNR-05382","エステ・脱毛サロンの比較・ランキングバナー（パステル・ドリーミー）","中級"
"BNR-05383","クラウドファンディング・新商品のキャンペーン・プレゼントSNS画像（クール・テック）","上級"
"BNR-05384","和菓子・スイーツの資料請求・ホワイトペーパーSNS画像（和モダン）","上級"
"BNR-05385","士業（税理士・弁護士・行政書士）のビフォーアフター・実績バナー（ミニマル・洗練）","中級"
"BNR-05386","保育園・幼児教育・習い事の資料請求・ホワイトペーパーSNS画像（ナチュラル・オーガニック）","上級"
"BNR-05387","占い・スピリチュアルのお知らせ・営業案内バナー（エネルギッシュ・スポーティ）","上級"
"BNR-05388","ウェディング・結婚相談所の採用・求人SNS画像（かわいい・ガーリー）","上級"
"BNR-05389","プログラミングスクールのブランディング・認知バナー（3D・クレイ）","上級"
"BNR-05390","カフェ・ベーカリーのイベント・セミナー告知バナー（レトロ・Y2K）","上級"
"BNR-05391","プログラミングスクールの診断・クイズバナー（クール・テック）","上級"
"BNR-05392","AIサービス・スタートアップの無料体験・無料相談SNS画像（ミニマル・洗練）","プロ（演出多め）"
"BNR-05393","和菓子・スイーツのブランディング・認知SNS画像（パステル・ドリーミー）","中級"
"BNR-05394","ゲーム・eスポーツのお客様の声・口コミバナー（ミニマル・洗練）","上級"
"BNR-05395","コスメ・スキンケアのブランディング・認知バナー（ラグジュアリー・高級感）","上級"
"BNR-05396","採用・求人の新商品・新サービス発売サムネイル（ジオメトリック・グラフィカル）","プロ（演出多め）"
"BNR-05397","Web制作・デザイン事務所のセール・割引告知バナー（ニューブルータリズム）","上級"
"BNR-05398","観光・地域プロモーションの診断・クイズバナー（ナチュラル・オーガニック）","上級"
"BNR-05399","美容クリニックの資料請求・ホワイトペーパーSNS画像（クール・テック）","プロ（演出多め）"
"BNR-05400","スマホアプリの比較・ランキングバナー（クール・テック）","上級"
"BNR-05401","プログラミングスクールのお知らせ・営業案内SNS画像（ポップ・カラフル）","上級"
"BNR-05402","スクール・オンライン講座の採用・求人SNS画像（信頼・誠実（コーポレート））","プロ（演出多め）"
"BNR-05403","食品・産直ECのイベント・セミナー告知SNS画像（ハンドメイド・手書き）","プロ（演出多め）"
"BNR-05404","サウナ・温浴施設のブランディング・認知SNS画像（和モダン）","プロ（演出多め）"
"BNR-05405","士業（税理士・弁護士・行政書士）のお客様の声・口コミSNS画像（信頼・誠実（コーポレート））","プロ（演出多め）"
"BNR-05406","NPO・地方自治体の無料体験・無料相談バナー（ハンドメイド・手書き）","上級"
"BNR-05407","ホテル・旅館の無料体験・無料相談SNS画像（ラグジュアリー・高級感）","プロ（演出多め）"
"BNR-05408","スマホアプリのブランディング・認知バナー（3D・クレイ）","プロ（演出多め）"
"BNR-05409","コンサル・コーチングのセール・割引告知バナー（ラグジュアリー・高級感）","上級"
"BNR-05410","観光・地域プロモーションのブランディング・認知SNS画像（ダーク・シネマティック）","プロ（演出多め）"
"BNR-05411","パーソナルジム・フィットネスの診断・クイズバナー（エネルギッシュ・スポーティ）","上級"
"BNR-05412","アパレル・ファッションECの資料請求・ホワイトペーパーSNS画像（ニューブルータリズム）","上級"
"BNR-05413","ホテル・旅館の資料請求・ホワイトペーパーバナー（和モダン）","中級"
"BNR-05414","美容クリニックの新商品・新サービス発売バナー（ラグジュアリー・高級感）","プロ（演出多め）"
"BNR-05415","エステ・脱毛サロンの無料体験・無料相談バナー（パステル・ドリーミー）","プロ（演出多め）"
"BNR-05416","音楽・ライブ・イベントのイベント・セミナー告知SNS画像（レトロ・Y2K）","上級"
"BNR-05417","カフェ・ベーカリーの比較・ランキングSNS画像（ハンドメイド・手書き）","上級"
"BNR-05418","美容室・ヘアサロンのお客様の声・口コミSNS画像（北欧・ライフスタイル）","プロ（演出多め）"
"BNR-05419","ペット・トリミング・動物病院の無料体験・無料相談SNS画像（3D・クレイ）","上級"
"BNR-05420","美容クリニックのブランディング・認知バナー（かわいい・ガーリー）","上級"
"BNR-05421","クラウドファンディング・新商品のお客様の声・口コミSNS画像（ダーク・シネマティック）","上級"
"BNR-05422","美容室・ヘアサロンのハウツー・ノウハウ投稿バナー（エディトリアル・雑誌風）","プロ（演出多め）"
"BNR-05423","採用・求人のお知らせ・営業案内SNS画像（ジオメトリック・グラフィカル）","プロ（演出多め）"
"BNR-05424","美容室・ヘアサロンの診断・クイズSNS画像（エディトリアル・雑誌風）","上級"
"BNR-05425","SaaS・BtoBツールのキャンペーン・プレゼントSNS画像（3D・クレイ）","プロ（演出多め）"
"BNR-05426","NPO・地方自治体の資料請求・ホワイトペーパーバナー（ハンドメイド・手書き）","プロ（演出多め）"
"BNR-05427","レストラン・居酒屋の比較・ランキングサムネイル（ダーク・シネマティック）","中級"
"BNR-05428","不動産・マンションのイベント・セミナー告知バナー（ラグジュアリー・高級感）","中級"
"BNR-05429","アパレル・ファッションECの資料請求・ホワイトペーパーバナー（ミニマル・洗練）","プロ（演出多め）"
"BNR-05430","美容クリニックの無料体験・無料相談SNS画像（3D・クレイ）","プロ（演出多め）"
"BNR-05431","NPO・地方自治体のイベント・セミナー告知バナー（ナチュラル・オーガニック）","プロ（演出多め）"
"BNR-05432","ホテル・旅館の診断・クイズSNS画像（レトロ・Y2K）","プロ（演出多め）"
"BNR-05433","レストラン・居酒屋のお知らせ・営業案内バナー（和モダン）","プロ（演出多め）"
"BNR-05434","レストラン・居酒屋のブランディング・認知SNS画像（和モダン）","プロ（演出多め）"
"BNR-05435","金融・保険・投資のお知らせ・営業案内バナー（クール・テック）","上級"
"BNR-05436","クラウドファンディング・新商品のブランディング・認知バナー（ダーク・シネマティック）","中級"
"BNR-05437","Web制作・デザイン事務所の新商品・新サービス発売SNS画像（ニューブルータリズム）","上級"
"BNR-05438","歯科医院の無料体験・無料相談SNS画像（ネオン・サイバー）","プロ（演出多め）"
"BNR-05439","不動産・マンションの採用・求人SNS画像（信頼・誠実（コーポレート））","上級"
"BNR-05440","ペット・トリミング・動物病院の新商品・新サービス発売SNS画像（ナチュラル・オーガニック）","中級"
"BNR-05441","ゲーム・eスポーツのビフォーアフター・実績バナー（3D・クレイ）","プロ（演出多め）"
"BNR-05442","歯科医院の採用・求人SNS画像（信頼・誠実（コーポレート））","上級"
"BNR-05443","コスメ・スキンケアの無料体験・無料相談バナー（ラグジュアリー・高級感）","中級"
"BNR-05444","農業・地方の生産者の診断・クイズバナー（ナチュラル・オーガニック）","プロ（演出多め）"
"BNR-05445","美容クリニックのキャンペーン・プレゼントSNS画像（ラグジュアリー・高級感）","上級"
"BNR-05446","SaaS・BtoBツールのキャンペーン・プレゼントSNS画像（3D・クレイ）","プロ（演出多め）"
"BNR-05447","不動産・マンションの無料体験・無料相談バナー（ラグジュアリー・高級感）","プロ（演出多め）"
"BNR-05448","NPO・地方自治体のビフォーアフター・実績SNS画像（ナチュラル・オーガニック）","プロ（演出多め）"
"BNR-05449","ウェディング・結婚相談所のセール・割引告知SNS画像（パステル・ドリーミー）","プロ（演出多め）"
"BNR-05450","ウェディング・結婚相談所の新商品・新サービス発売SNS画像（ミニマル・洗練）","上級"
"BNR-05451","クラウドファンディング・新商品のハウツー・ノウハウ投稿バナー（ダーク・シネマティック）","プロ（演出多め）"
"BNR-05452","自動車・バイクのお知らせ・営業案内SNS画像（ハンドメイド・手書き）","上級"
"BNR-05453","ゲーム・eスポーツの比較・ランキングバナー（エネルギッシュ・スポーティ）","プロ（演出多め）"
"BNR-05454","建築設計事務所の比較・ランキングSNS画像（エディトリアル・雑誌風）","上級"
"BNR-05455","英会話・語学のセール・割引告知SNS画像（ダーク・シネマティック）","上級"
"BNR-05456","プログラミングスクールのキャンペーン・プレゼントバナー（ポップ・カラフル）","プロ（演出多め）"
"BNR-05457","スクール・オンライン講座の無料体験・無料相談バナー（ポップ・カラフル）","中級"
"BNR-05458","工務店・注文住宅・リフォームの無料体験・無料相談バナー（北欧・ライフスタイル）","中級"
"BNR-05459","英会話・語学の無料体験・無料相談バナー（ネオン・サイバー）","プロ（演出多め）"
"BNR-05460","SaaS・BtoBツールの資料請求・ホワイトペーパーSNS画像（ミニマル・洗練）","上級"
"BNR-05461","歯科医院のブランディング・認知SNS画像（ナチュラル・オーガニック）","プロ（演出多め）"
"BNR-05462","SaaS・BtoBツールのお知らせ・営業案内SNS画像（クール・テック）","プロ（演出多め）"
"BNR-05463","コスメ・スキンケアのイベント・セミナー告知SNS画像（グラスモーフィズム）","中級"
"BNR-05464","ヨガ・ピラティスのブランディング・認知SNS画像（北欧・ライフスタイル）","中級"
"BNR-05465","アパレル・ファッションECのお知らせ・営業案内SNS画像（エディトリアル・雑誌風）","プロ（演出多め）"
"BNR-05466","AIサービス・スタートアップのブランディング・認知SNS画像（グラスモーフィズム）","プロ（演出多め）"
"BNR-05467","採用・求人の比較・ランキングバナー（エネルギッシュ・スポーティ）","中級"
"BNR-05468","ゲーム・eスポーツのお客様の声・口コミサムネイル（ネオン・サイバー）","上級"
"BNR-05469","不動産・マンションのイベント・セミナー告知バナー（信頼・誠実（コーポレート））","上級"
"BNR-05470","内科・クリニックのセール・割引告知バナー（和モダン）","プロ（演出多め）"
"BNR-05471","工務店・注文住宅・リフォームの採用・求人バナー（エネルギッシュ・スポーティ）","プロ（演出多め）"
"BNR-05472","スマホアプリのキャンペーン・プレゼントバナー（クール・テック）","プロ（演出多め）"
"BNR-05473","食品・産直ECの診断・クイズSNS画像（ナチュラル・オーガニック）","プロ（演出多め）"
"BNR-05474","美容室・ヘアサロンのお知らせ・営業案内バナー（北欧・ライフスタイル）","中級"
"BNR-05475","士業（税理士・弁護士・行政書士）のハウツー・ノウハウ投稿SNS画像（信頼・誠実（コーポレート））","上級"
"BNR-05476","ペット・トリミング・動物病院のお客様の声・口コミSNS画像（エネルギッシュ・スポーティ）","上級"
"BNR-05477","ウェディング・結婚相談所のブランディング・認知SNS画像（かわいい・ガーリー）","プロ（演出多め）"
"BNR-05478","自動車・バイクの資料請求・ホワイトペーパーSNS画像（ダーク・シネマティック）","中級"
"BNR-05479","占い・スピリチュアルのお客様の声・口コミバナー（和モダン）","プロ（演出多め）"
"BNR-05480","採用・求人のお客様の声・口コミバナー（エネルギッシュ・スポーティ）","プロ（演出多め）"
"BNR-05481","スクール・オンライン講座のビフォーアフター・実績バナー（ハンドメイド・手書き）","上級"
"BNR-05482","NPO・地方自治体のハウツー・ノウハウ投稿SNS画像（信頼・誠実（コーポレート））","上級"
"BNR-05483","ホテル・旅館のビフォーアフター・実績バナー（ラグジュアリー・高級感）","中級"
"BNR-05484","占い・スピリチュアルのセール・割引告知バナー（グラスモーフィズム）","プロ（演出多め）"
"BNR-05485","不動産・マンションのビフォーアフター・実績バナー（ラグジュアリー・高級感）","プロ（演出多め）"
"BNR-05486","エステ・脱毛サロンのお客様の声・口コミバナー（ネオン・サイバー）","プロ（演出多め）"
"BNR-05487","ペット・トリミング・動物病院の新商品・新サービス発売SNS画像（3D・クレイ）","中級"
"BNR-05488","コンサル・コーチングのブランディング・認知バナー（信頼・誠実（コーポレート））","上級"
"BNR-05489","NPO・地方自治体の採用・求人バナー（信頼・誠実（コーポレート））","上級"
"BNR-05490","英会話・語学のビフォーアフター・実績SNS画像（ポップ・カラフル）","プロ（演出多め）"
"BNR-05491","農業・地方の生産者の採用・求人SNS画像（ナチュラル・オーガニック）","プロ（演出多め）"
"BNR-05492","NPO・地方自治体のセール・割引告知SNS画像（ナチュラル・オーガニック）","中級"
"BNR-05493","美容室・ヘアサロンのお知らせ・営業案内SNS画像（エディトリアル・雑誌風）","プロ（演出多め）"
"BNR-05494","不動産・マンションのセール・割引告知バナー（ラグジュアリー・高級感）","上級"
"BNR-05495","NPO・地方自治体の無料体験・無料相談SNS画像（信頼・誠実（コーポレート））","上級"
"BNR-05496","内科・クリニックのお知らせ・営業案内バナー（ナチュラル・オーガニック）","上級"
"BNR-05497","ゲーム・eスポーツの比較・ランキングSNS画像（レトロ・Y2K）","プロ（演出多め）"
"BNR-05498","NPO・地方自治体の新商品・新サービス発売バナー（信頼・誠実（コーポレート））","プロ（演出多め）"
"BNR-05499","ヨガ・ピラティスのお知らせ・営業案内SNS画像（ミニマル・洗練）","上級"
"BNR-05500","引越し・生活サービスの無料体験・無料相談バナー（ポップ・カラフル）","上級"
"BNR-05501","パーソナルジム・フィットネスの診断・クイズSNS画像（ダーク・シネマティック）","プロ（演出多め）"
"BNR-05502","AIサービス・スタートアップの無料体験・無料相談バナー（グラスモーフィズム）","プロ（演出多め）"
"BNR-05503","エステ・脱毛サロンの資料請求・ホワイトペーパーバナー（パステル・ドリーミー）","中級"
"BNR-05504","不動産・マンションの新商品・新サービス発売SNS画像（ミニマル・洗練）","プロ（演出多め）"
"BNR-05505","NPO・地方自治体のセール・割引告知SNS画像（ナチュラル・オーガニック）","プロ（演出多め）"
"BNR-05506","金融・保険・投資のセール・割引告知SNS画像（クール・テック）","プロ（演出多め）"
"BNR-05507","エステ・脱毛サロンのセール・割引告知SNS画像（かわいい・ガーリー）","プロ（演出多め）"
"BNR-05508","コスメ・スキンケアのキャンペーン・プレゼントSNS画像（ミニマル・洗練）","上級"
"BNR-05509","士業（税理士・弁護士・行政書士）のイベント・セミナー告知SNS画像（ミニマル・洗練）","プロ（演出多め）"
"BNR-05510","不動産・マンションのハウツー・ノウハウ投稿SNS画像（ミニマル・洗練）","上級"
"BNR-05511","ヨガ・ピラティスの比較・ランキングバナー（北欧・ライフスタイル）","プロ（演出多め）"
"BNR-05512","美容クリニックの採用・求人SNS画像（ラグジュアリー・高級感）","上級"
"BNR-05513","引越し・生活サービスのセール・割引告知バナー（3D・クレイ）","中級"
"BNR-05514","Web制作・デザイン事務所の無料体験・無料相談SNS画像（ジオメトリック・グラフィカル）","上級"
"BNR-05515","AIサービス・スタートアップの無料体験・無料相談SNS画像（クール・テック）","上級"
"BNR-05516","観光・地域プロモーションのビフォーアフター・実績SNS画像（ハンドメイド・手書き）","上級"
"BNR-05517","パーソナルジム・フィットネスのセール・割引告知バナー（クール・テック）","プロ（演出多め）"
"BNR-05518","英会話・語学のお知らせ・営業案内SNS画像（3D・クレイ）","プロ（演出多め）"
"BNR-05519","音楽・ライブ・イベントのお客様の声・口コミバナー（レトロ・Y2K）","上級"
"BNR-05520","歯科医院のお客様の声・口コミバナー（ポップ・カラフル）","上級"
"BNR-05521","YouTuber・インフルエンサーの資料請求・ホワイトペーパーSNS画像（ニューブルータリズム）","プロ（演出多め）"
"BNR-05522","工務店・注文住宅・リフォームの資料請求・ホワイトペーパーバナー（ミニマル・洗練）","上級"
"BNR-05523","占い・スピリチュアルのハウツー・ノウハウ投稿SNS画像（和モダン）","中級"
"BNR-05524","パーソナルジム・フィットネスの無料体験・無料相談バナー（エネルギッシュ・スポーティ）","上級"
"BNR-05525","保育園・幼児教育・習い事の採用・求人SNS画像（かわいい・ガーリー）","プロ（演出多め）"
"BNR-05526","ホテル・旅館の比較・ランキングSNS画像（ラグジュアリー・高級感）","プロ（演出多め）"
"BNR-05527","観光・地域プロモーションのビフォーアフター・実績バナー（信頼・誠実（コーポレート））","上級"
"BNR-05528","クラウドファンディング・新商品の新商品・新サービス発売SNS画像（ポップ・カラフル）","上級"
"BNR-05529","プログラミングスクールの無料体験・無料相談バナー（グラスモーフィズム）","上級"
"BNR-05530","サウナ・温浴施設のハウツー・ノウハウ投稿SNS画像（信頼・誠実（コーポレート））","プロ（演出多め）"
"BNR-05531","YouTuber・インフルエンサーのお知らせ・営業案内バナー（ネオン・サイバー）","上級"
"BNR-05532","コスメ・スキンケアのイベント・セミナー告知SNS画像（パステル・ドリーミー）","中級"
"BNR-05533","AIサービス・スタートアップのキャンペーン・プレゼントSNS画像（エネルギッシュ・スポーティ）","上級"
"BNR-05534","プログラミングスクールの採用・求人バナー（クール・テック）","プロ（演出多め）"
"BNR-05535","英会話・語学の比較・ランキングサムネイル（ポップ・カラフル）","上級"
"BNR-05536","音楽・ライブ・イベントのビフォーアフター・実績SNS画像（ナチュラル・オーガニック）","上級"
"BNR-05537","引越し・生活サービスのお知らせ・営業案内SNS画像（3D・クレイ）","上級"
"BNR-05538","英会話・語学の新商品・新サービス発売SNS画像（ジオメトリック・グラフィカル）","プロ（演出多め）"
"BNR-05539","Web制作・デザイン事務所の採用・求人バナー（クール・テック）","上級"
"BNR-05540","音楽・ライブ・イベントのイベント・セミナー告知SNS画像（ニューブルータリズム）","プロ（演出多め）"
"BNR-05541","コスメ・スキンケアのお客様の声・口コミサムネイル（ナチュラル・オーガニック）","上級"
"BNR-05542","自動車・バイクのビフォーアフター・実績バナー（エネルギッシュ・スポーティ）","上級"
"BNR-05543","英会話・語学の資料請求・ホワイトペーパーバナー（北欧・ライフスタイル）","プロ（演出多め）"
"BNR-05544","美容クリニックの資料請求・ホワイトペーパーバナー（ポップ・カラフル）","上級"
"BNR-05545","食品・産直ECのお知らせ・営業案内バナー（ナチュラル・オーガニック）","プロ（演出多め）"
"BNR-05546","ホテル・旅館のイベント・セミナー告知SNS画像（ラグジュアリー・高級感）","中級"
"BNR-05547","引越し・生活サービスの比較・ランキングSNS画像（3D・クレイ）","プロ（演出多め）"
"BNR-05548","観光・地域プロモーションのブランディング・認知SNS画像（和モダン）","上級"
"BNR-05549","歯科医院のキャンペーン・プレゼントバナー（ミニマル・洗練）","プロ（演出多め）"
"BNR-05550","ペット・トリミング・動物病院のお知らせ・営業案内バナー（3D・クレイ）","プロ（演出多め）"
"BNR-05551","ゲーム・eスポーツの診断・クイズバナー（レトロ・Y2K）","上級"
"BNR-05552","農業・地方の生産者のイベント・セミナー告知SNS画像（ラグジュアリー・高級感）","上級"
"BNR-05553","ペット・トリミング・動物病院のお客様の声・口コミSNS画像（ダーク・シネマティック）","中級"
"BNR-05554","食品・産直ECの診断・クイズバナー（信頼・誠実（コーポレート））","上級"
"BNR-05555","クラウドファンディング・新商品の比較・ランキングSNS画像（ダーク・シネマティック）","上級"
"BNR-05556","建築設計事務所の比較・ランキングSNS画像（ミニマル・洗練）","上級"
"BNR-05557","スクール・オンライン講座の比較・ランキングSNS画像（クール・テック）","上級"
"BNR-05558","エステ・脱毛サロンのお客様の声・口コミバナー（かわいい・ガーリー）","上級"
"BNR-05559","美容クリニックの無料体験・無料相談SNS画像（信頼・誠実（コーポレート））","プロ（演出多め）"
"BNR-05560","アパレル・ファッションECの無料体験・無料相談バナー（ニューブルータリズム）","上級"
"BNR-05561","採用・求人の資料請求・ホワイトペーパーSNS画像（ジオメトリック・グラフィカル）","上級"
"BNR-05562","引越し・生活サービスの採用・求人SNS画像（ポップ・カラフル）","プロ（演出多め）"
"BNR-05563","保育園・幼児教育・習い事の比較・ランキングバナー（かわいい・ガーリー）","上級"
"BNR-05564","不動産・マンションの資料請求・ホワイトペーパーバナー（信頼・誠実（コーポレート））","プロ（演出多め）"
"BNR-05565","カフェ・ベーカリーのブランディング・認知バナー（ハンドメイド・手書き）","プロ（演出多め）"
"BNR-05566","レストラン・居酒屋の新商品・新サービス発売SNS画像（ラグジュアリー・高級感）","中級"
"BNR-05567","金融・保険・投資のキャンペーン・プレゼントSNS画像（クール・テック）","プロ（演出多め）"
"BNR-05568","英会話・語学のセール・割引告知SNS画像（信頼・誠実（コーポレート））","上級"
"BNR-05569","美容クリニックのお客様の声・口コミバナー（ラグジュアリー・高級感）","プロ（演出多め）"
"BNR-05570","ウェディング・結婚相談所のハウツー・ノウハウ投稿バナー（パステル・ドリーミー）","中級"
"BNR-05571","工務店・注文住宅・リフォームのお知らせ・営業案内SNS画像（信頼・誠実（コーポレート））","上級"
"BNR-05572","美容室・ヘアサロンのブランディング・認知SNS画像（パステル・ドリーミー）","プロ（演出多め）"
"BNR-05573","農業・地方の生産者のお知らせ・営業案内SNS画像（ハンドメイド・手書き）","上級"
"BNR-05574","AIサービス・スタートアップの比較・ランキングSNS画像（ネオン・サイバー）","上級"
"BNR-05575","引越し・生活サービスの採用・求人SNS画像（ポップ・カラフル）","プロ（演出多め）"
"BNR-05576","建築設計事務所のイベント・セミナー告知SNS画像（ジオメトリック・グラフィカル）","上級"
"BNR-05577","採用・求人の比較・ランキングバナー（エディトリアル・雑誌風）","プロ（演出多め）"
"BNR-05578","ペット・トリミング・動物病院のお客様の声・口コミSNS画像（かわいい・ガーリー）","上級"
"BNR-05579","英会話・語学の新商品・新サービス発売SNS画像（ポップ・カラフル）","上級"
"BNR-05580","サウナ・温浴施設のイベント・セミナー告知SNS画像（ニューブルータリズム）","上級"
"BNR-05581","コンサル・コーチングの採用・求人バナー（エディトリアル・雑誌風）","中級"
"BNR-05582","農業・地方の生産者のビフォーアフター・実績バナー（ナチュラル・オーガニック）","上級"
"BNR-05583","プログラミングスクールの診断・クイズSNS画像（3D・クレイ）","プロ（演出多め）"
"BNR-05584","保育園・幼児教育・習い事の新商品・新サービス発売バナー（ナチュラル・オーガニック）","上級"
"BNR-05585","ウェディング・結婚相談所のハウツー・ノウハウ投稿バナー（パステル・ドリーミー）","プロ（演出多め）"
"BNR-05586","Web制作・デザイン事務所の無料体験・無料相談SNS画像（ニューブルータリズム）","上級"
"BNR-05587","Web制作・デザイン事務所の無料体験・無料相談バナー（レトロ・Y2K）","上級"
"BNR-05588","SaaS・BtoBツールのセール・割引告知SNS画像（ネオン・サイバー）","上級"
"BNR-05589","美容クリニックの診断・クイズSNS画像（ジオメトリック・グラフィカル）","プロ（演出多め）"
"BNR-05590","ウェディング・結婚相談所の比較・ランキングSNS画像（かわいい・ガーリー）","プロ（演出多め）"
"BNR-05591","NPO・地方自治体の採用・求人バナー（ネオン・サイバー）","プロ（演出多め）"
"BNR-05592","ゲーム・eスポーツのキャンペーン・プレゼントSNS画像（レトロ・Y2K）","プロ（演出多め）"
"BNR-05593","ゲーム・eスポーツの採用・求人バナー（レトロ・Y2K）","上級"
"BNR-05594","和菓子・スイーツのお知らせ・営業案内SNS画像（ナチュラル・オーガニック）","中級"
"BNR-05595","ヨガ・ピラティスのハウツー・ノウハウ投稿バナー（ミニマル・洗練）","上級"
"BNR-05596","士業（税理士・弁護士・行政書士）のハウツー・ノウハウ投稿サムネイル（信頼・誠実（コーポレート））","上級"
"BNR-05597","占い・スピリチュアルのハウツー・ノウハウ投稿バナー（ダーク・シネマティック）","上級"
"BNR-05598","レストラン・居酒屋のハウツー・ノウハウ投稿バナー（レトロ・Y2K）","中級"
"BNR-05599","スマホアプリの資料請求・ホワイトペーパーSNS画像（3D・クレイ）","中級"
"BNR-05600","採用・求人の採用・求人SNS画像（エネルギッシュ・スポーティ）","中級"
"BNR-05601","建築設計事務所の診断・クイズSNS画像（ジオメトリック・グラフィカル）","プロ（演出多め）"
"BNR-05602","サウナ・温浴施設のお知らせ・営業案内バナー（レトロ・Y2K）","プロ（演出多め）"
"BNR-05603","工務店・注文住宅・リフォームのYouTube動画の興味喚起サムネイル（ナチュラル・オーガニック）","プロ（演出多め）"
"BNR-05604","ウェディング・結婚相談所のブランディング・認知バナー（ポップ・カラフル）","中級"
"BNR-05605","自動車・バイクのビフォーアフター・実績バナー（クール・テック）","上級"
"BNR-05606","ペット・トリミング・動物病院の診断・クイズSNS画像（かわいい・ガーリー）","上級"
"BNR-05607","レストラン・居酒屋のお知らせ・営業案内SNS画像（かわいい・ガーリー）","上級"
"BNR-05608","美容室・ヘアサロンのビフォーアフター・実績バナー（ラグジュアリー・高級感）","プロ（演出多め）"
"BNR-05609","コンサル・コーチングのイベント・セミナー告知SNS画像（ミニマル・洗練）","中級"
"BNR-05610","士業（税理士・弁護士・行政書士）のブランディング・認知SNS画像（ミニマル・洗練）","プロ（演出多め）"
"BNR-05611","金融・保険・投資の新商品・新サービス発売SNS画像（ダーク・シネマティック）","プロ（演出多め）"
"BNR-05612","レストラン・居酒屋の比較・ランキングバナー（ポップ・カラフル）","プロ（演出多め）"
"BNR-05613","建築設計事務所の採用・求人SNS画像（ミニマル・洗練）","中級"
"BNR-05614","和菓子・スイーツのキャンペーン・プレゼントバナー（かわいい・ガーリー）","プロ（演出多め）"
"BNR-05615","コンサル・コーチングのお客様の声・口コミSNS画像（ミニマル・洗練）","プロ（演出多め）"
"BNR-05616","美容クリニックのセール・割引告知SNS画像（ミニマル・洗練）","上級"
"BNR-05617","SaaS・BtoBツールの比較・ランキングSNS画像（ミニマル・洗練）","プロ（演出多め）"
"BNR-05618","パーソナルジム・フィットネスの新商品・新サービス発売バナー（クール・テック）","プロ（演出多め）"
"BNR-05619","アパレル・ファッションECのハウツー・ノウハウ投稿SNS画像（ニューブルータリズム）","上級"
"BNR-05620","美容クリニックの新商品・新サービス発売バナー（ラグジュアリー・高級感）","上級"
"BNR-05621","クラウドファンディング・新商品のお知らせ・営業案内SNS画像（エディトリアル・雑誌風）","プロ（演出多め）"
"BNR-05622","ヨガ・ピラティスのイベント・セミナー告知SNS画像（ミニマル・洗練）","上級"
"BNR-05623","カフェ・ベーカリーのお客様の声・口コミバナー（レトロ・Y2K）","上級"
"BNR-05624","パーソナルジム・フィットネスのハウツー・ノウハウ投稿SNS画像（ダーク・シネマティック）","上級"
"BNR-05625","サウナ・温浴施設の無料体験・無料相談SNS画像（ナチュラル・オーガニック）","上級"
"BNR-05626","レストラン・居酒屋のビフォーアフター・実績SNS画像（ネオン・サイバー）","プロ（演出多め）"
"BNR-05627","サウナ・温浴施設の新商品・新サービス発売バナー（ナチュラル・オーガニック）","プロ（演出多め）"
"BNR-05628","占い・スピリチュアルの採用・求人SNS画像（和モダン）","中級"
"BNR-05629","美容クリニックのハウツー・ノウハウ投稿SNS画像（ミニマル・洗練）","プロ（演出多め）"
"BNR-05630","自動車・バイクの新商品・新サービス発売バナー（ラグジュアリー・高級感）","中級"
"BNR-05631","スマホアプリのお知らせ・営業案内SNS画像（3D・クレイ）","中級"
"BNR-05632","エステ・脱毛サロンの比較・ランキングバナー（ラグジュアリー・高級感）","中級"
"BNR-05633","AIサービス・スタートアップのお客様の声・口コミSNS画像（ネオン・サイバー）","中級"
"BNR-05634","美容クリニックのお客様の声・口コミSNS画像（信頼・誠実（コーポレート））","プロ（演出多め）"
"BNR-05635","金融・保険・投資の資料請求・ホワイトペーパーバナー（ミニマル・洗練）","上級"
"BNR-05636","パーソナルジム・フィットネスのお客様の声・口コミサムネイル（和モダン）","中級"
"BNR-05637","工務店・注文住宅・リフォームの比較・ランキングSNS画像（北欧・ライフスタイル）","プロ（演出多め）"
"BNR-05638","コスメ・スキンケアの比較・ランキングバナー（ラグジュアリー・高級感）","プロ（演出多め）"
"BNR-05639","ペット・トリミング・動物病院のセール・割引告知SNS画像（3D・クレイ）","プロ（演出多め）"
"BNR-05640","音楽・ライブ・イベントのハウツー・ノウハウ投稿SNS画像（ダーク・シネマティック）","中級"
"BNR-05641","採用・求人の採用・求人SNS画像（ポップ・カラフル）","プロ（演出多め）"
"BNR-05642","英会話・語学のブランディング・認知SNS画像（ジオメトリック・グラフィカル）","上級"
"BNR-05643","コンサル・コーチングの診断・クイズSNS画像（エディトリアル・雑誌風）","プロ（演出多め）"
"BNR-05644","観光・地域プロモーションのハウツー・ノウハウ投稿SNS画像（ダーク・シネマティック）","プロ（演出多め）"
"BNR-05645","金融・保険・投資の無料体験・無料相談バナー（信頼・誠実（コーポレート））","上級"
"BNR-05646","内科・クリニックのセール・割引告知バナー（信頼・誠実（コーポレート））","上級"
"BNR-05647","士業（税理士・弁護士・行政書士）の診断・クイズSNS画像（ミニマル・洗練）","プロ（演出多め）"
"BNR-05648","不動産・マンションのビフォーアフター・実績バナー（ネオン・サイバー）","中級"
"BNR-05649","英会話・語学のお客様の声・口コミSNS画像（3D・クレイ）","プロ（演出多め）"
"BNR-05650","サウナ・温浴施設のイベント・セミナー告知バナー（信頼・誠実（コーポレート））","中級"
"BNR-05651","ウェディング・結婚相談所の採用・求人SNS画像（ラグジュアリー・高級感）","プロ（演出多め）"
"BNR-05652","占い・スピリチュアルのイベント・セミナー告知バナー（パステル・ドリーミー）","上級"
"BNR-05653","クラウドファンディング・新商品のキャンペーン・プレゼントSNS画像（クール・テック）","プロ（演出多め）"
"BNR-05654","和菓子・スイーツのキャンペーン・プレゼントバナー（パステル・ドリーミー）","プロ（演出多め）"
"BNR-05655","建築設計事務所のビフォーアフター・実績SNS画像（ハンドメイド・手書き）","上級"
"BNR-05656","パーソナルジム・フィットネスのブランディング・認知バナー（クール・テック）","プロ（演出多め）"
"BNR-05657","食品・産直ECの比較・ランキングSNS画像（北欧・ライフスタイル）","上級"
"BNR-05658","内科・クリニックの採用・求人SNS画像（北欧・ライフスタイル）","上級"
"BNR-05659","ウェディング・結婚相談所のキャンペーン・プレゼントSNS画像（パステル・ドリーミー）","中級"
"BNR-05660","NPO・地方自治体のビフォーアフター・実績バナー（ジオメトリック・グラフィカル）","プロ（演出多め）"
"BNR-05661","観光・地域プロモーションの比較・ランキングバナー（ラグジュアリー・高級感）","上級"
"BNR-05662","農業・地方の生産者のイベント・セミナー告知SNS画像（和モダン）","プロ（演出多め）"
"BNR-05663","不動産・マンションのキャンペーン・プレゼントSNS画像（信頼・誠実（コーポレート））","上級"
"BNR-05664","美容室・ヘアサロンのセール・割引告知バナー（和モダン）","中級"
"BNR-05665","クラウドファンディング・新商品の採用・求人SNS画像（ナチュラル・オーガニック）","プロ（演出多め）"
"BNR-05666","美容室・ヘアサロンのセール・割引告知バナー（北欧・ライフスタイル）","上級"
"BNR-05667","保育園・幼児教育・習い事のセール・割引告知SNS画像（ナチュラル・オーガニック）","上級"
"BNR-05668","SaaS・BtoBツールのハウツー・ノウハウ投稿SNS画像（クール・テック）","プロ（演出多め）"
"BNR-05669","和菓子・スイーツの資料請求・ホワイトペーパーバナー（かわいい・ガーリー）","上級"
"BNR-05670","アパレル・ファッションECの資料請求・ホワイトペーパーSNS画像（ミニマル・洗練）","プロ（演出多め）"
"BNR-05671","コスメ・スキンケアのお知らせ・営業案内SNS画像（ラグジュアリー・高級感）","上級"
"BNR-05672","自動車・バイクのイベント・セミナー告知SNS画像（クール・テック）","上級"
"BNR-05673","採用・求人のイベント・セミナー告知SNS画像（信頼・誠実（コーポレート））","プロ（演出多め）"
"BNR-05674","クラウドファンディング・新商品のお知らせ・営業案内SNS画像（ダーク・シネマティック）","上級"
"BNR-05675","士業（税理士・弁護士・行政書士）の資料請求・ホワイトペーパーSNS画像（ミニマル・洗練）","上級"
"BNR-05676","美容室・ヘアサロンの資料請求・ホワイトペーパーSNS画像（かわいい・ガーリー）","上級"
"BNR-05677","クラウドファンディング・新商品の新商品・新サービス発売SNS画像（ナチュラル・オーガニック）","プロ（演出多め）"
"BNR-05678","サウナ・温浴施設のキャンペーン・プレゼントバナー（レトロ・Y2K）","上級"
"BNR-05679","美容クリニックのイベント・セミナー告知バナー（ラグジュアリー・高級感）","プロ（演出多め）"
"BNR-05680","音楽・ライブ・イベントの資料請求・ホワイトペーパーバナー（ニューブルータリズム）","上級"
"BNR-05681","引越し・生活サービスのセール・割引告知バナー（かわいい・ガーリー）","上級"
"BNR-05682","ホテル・旅館のキャンペーン・プレゼントSNS画像（和モダン）","プロ（演出多め）"
"BNR-05683","スマホアプリのお知らせ・営業案内バナー（ポップ・カラフル）","上級"
"BNR-05684","プログラミングスクールのお客様の声・口コミSNS画像（3D・クレイ）","上級"
"BNR-05685","プログラミングスクールのお知らせ・営業案内バナー（クール・テック）","プロ（演出多め）"
"BNR-05686","内科・クリニックの新商品・新サービス発売サムネイル（北欧・ライフスタイル）","上級"
"BNR-05687","ゲーム・eスポーツのお知らせ・営業案内バナー（ネオン・サイバー）","中級"
"BNR-05688","音楽・ライブ・イベントのキャンペーン・プレゼントバナー（レトロ・Y2K）","中級"
"BNR-05689","内科・クリニックのビフォーアフター・実績SNS画像（ニューブルータリズム）","中級"
"BNR-05690","パーソナルジム・フィットネスの新商品・新サービス発売SNS画像（エネルギッシュ・スポーティ）","上級"
"BNR-05691","スマホアプリの資料請求・ホワイトペーパーSNS画像（グラスモーフィズム）","プロ（演出多め）"
"BNR-05692","建築設計事務所のハウツー・ノウハウ投稿SNS画像（ミニマル・洗練）","プロ（演出多め）"
"BNR-05693","YouTuber・インフルエンサーのビフォーアフター・実績SNS画像（ニューブルータリズム）","中級"
"BNR-05694","歯科医院の新商品・新サービス発売バナー（信頼・誠実（コーポレート））","中級"
"BNR-05695","YouTuber・インフルエンサーの比較・ランキングバナー（ラグジュアリー・高級感）","上級"
"BNR-05696","建築設計事務所のお知らせ・営業案内SNS画像（ミニマル・洗練）","プロ（演出多め）"
"BNR-05697","建築設計事務所のセール・割引告知バナー（レトロ・Y2K）","プロ（演出多め）"
"BNR-05698","和菓子・スイーツのお知らせ・営業案内SNS画像（ナチュラル・オーガニック）","中級"
"BNR-05699","引越し・生活サービスのセール・割引告知SNS画像（信頼・誠実（コーポレート））","上級"
"BNR-05700","建築設計事務所のビフォーアフター・実績バナー（レトロ・Y2K）","上級"
"BNR-05701","Web制作・デザイン事務所のハウツー・ノウハウ投稿バナー（ニューブルータリズム）","中級"
"BNR-05702","サウナ・温浴施設のお知らせ・営業案内SNS画像（和モダン）","プロ（演出多め）"
"BNR-05703","不動産・マンションの新商品・新サービス発売バナー（ミニマル・洗練）","上級"
"BNR-05704","引越し・生活サービスのハウツー・ノウハウ投稿バナー（3D・クレイ）","上級"
"BNR-05705","農業・地方の生産者の診断・クイズSNS画像（ハンドメイド・手書き）","上級"
"BNR-05706","エステ・脱毛サロンの診断・クイズバナー（ミニマル・洗練）","上級"
"BNR-05707","YouTuber・インフルエンサーの比較・ランキングバナー（かわいい・ガーリー）","プロ（演出多め）"
"BNR-05708","工務店・注文住宅・リフォームのハウツー・ノウハウ投稿バナー（ダーク・シネマティック）","上級"
"BNR-05709","レストラン・居酒屋の新商品・新サービス発売SNS画像（ダーク・シネマティック）","上級"
"BNR-05710","ヨガ・ピラティスの資料請求・ホワイトペーパーSNS画像（ナチュラル・オーガニック）","プロ（演出多め）"
"BNR-05711","スクール・オンライン講座のお客様の声・口コミSNS画像（3D・クレイ）","中級"
"BNR-05712","パーソナルジム・フィットネスのセール・割引告知SNS画像（クール・テック）","プロ（演出多め）"
"BNR-05713","工務店・注文住宅・リフォームの採用・求人バナー（ナチュラル・オーガニック）","上級"
"BNR-05714","サウナ・温浴施設の採用・求人バナー（ネオン・サイバー）","上級"
"BNR-05715","プログラミングスクールのイベント・セミナー告知バナー（クール・テック）","上級"
"BNR-05716","SaaS・BtoBツールのハウツー・ノウハウ投稿バナー（ダーク・シネマティック）","上級"
"BNR-05717","保育園・幼児教育・習い事のキャンペーン・プレゼントSNS画像（ハンドメイド・手書き）","プロ（演出多め）"
"BNR-05718","食品・産直ECのキャンペーン・プレゼントバナー（ポップ・カラフル）","プロ（演出多め）"
"BNR-05719","エステ・脱毛サロンのセール・割引告知SNS画像（ラグジュアリー・高級感）","中級"
"BNR-05720","パーソナルジム・フィットネスの採用・求人バナー（クール・テック）","上級"
"BNR-05721","スマホアプリのお客様の声・口コミバナー（かわいい・ガーリー）","上級"
"BNR-05722","ペット・トリミング・動物病院のセール・割引告知バナー（3D・クレイ）","プロ（演出多め）"
"BNR-05723","ヨガ・ピラティスのブランディング・認知バナー（パステル・ドリーミー）","プロ（演出多め）"
"BNR-05724","ヨガ・ピラティスのビフォーアフター・実績SNS画像（ナチュラル・オーガニック）","プロ（演出多め）"
"BNR-05725","クラウドファンディング・新商品の診断・クイズSNS画像（ハンドメイド・手書き）","プロ（演出多め）"
"BNR-05726","プログラミングスクールのキャンペーン・プレゼントバナー（クール・テック）","プロ（演出多め）"
"BNR-05727","金融・保険・投資の採用・求人SNS画像（クール・テック）","上級"
"BNR-05728","アパレル・ファッションECのセール・割引告知SNS画像（エネルギッシュ・スポーティ）","中級"
"BNR-05729","保育園・幼児教育・習い事のお客様の声・口コミSNS画像（ハンドメイド・手書き）","上級"
"BNR-05730","和菓子・スイーツのブランディング・認知SNS画像（ナチュラル・オーガニック）","上級"
"BNR-05731","美容クリニックのビフォーアフター・実績サムネイル（ナチュラル・オーガニック）","プロ（演出多め）"
"BNR-05732","和菓子・スイーツのYouTube動画の興味喚起サムネイル（ナチュラル・オーガニック）","プロ（演出多め）"
"BNR-05733","SaaS・BtoBツールの比較・ランキングSNS画像（ミニマル・洗練）","上級"
"BNR-05734","ペット・トリミング・動物病院のお知らせ・営業案内バナー（ナチュラル・オーガニック）","プロ（演出多め）"
"BNR-05735","保育園・幼児教育・習い事のビフォーアフター・実績SNS画像（ハンドメイド・手書き）","中級"
"BNR-05736","ホテル・旅館の比較・ランキングSNS画像（ミニマル・洗練）","プロ（演出多め）"
"BNR-05737","コンサル・コーチングのキャンペーン・プレゼントバナー（信頼・誠実（コーポレート））","プロ（演出多め）"
"BNR-05738","アパレル・ファッションECのお知らせ・営業案内バナー（ミニマル・洗練）","プロ（演出多め）"
"BNR-05739","占い・スピリチュアルのキャンペーン・プレゼントバナー（和モダン）","プロ（演出多め）"
"BNR-05740","観光・地域プロモーションの新商品・新サービス発売SNS画像（和モダン）","上級"
"BNR-05741","歯科医院の新商品・新サービス発売バナー（信頼・誠実（コーポレート））","中級"
"BNR-05742","クラウドファンディング・新商品のハウツー・ノウハウ投稿SNS画像（ポップ・カラフル）","プロ（演出多め）"
"BNR-05743","ウェディング・結婚相談所の診断・クイズバナー（ラグジュアリー・高級感）","プロ（演出多め）"
"BNR-05744","保育園・幼児教育・習い事の資料請求・ホワイトペーパーバナー（ナチュラル・オーガニック）","上級"
"BNR-05745","Web制作・デザイン事務所のビフォーアフター・実績バナー（ニューブルータリズム）","上級"
"BNR-05746","観光・地域プロモーションのビフォーアフター・実績バナー（和モダン）","プロ（演出多め）"
"BNR-05747","採用・求人のキャンペーン・プレゼントSNS画像（ジオメトリック・グラフィカル）","上級"
"BNR-05748","ゲーム・eスポーツのお客様の声・口コミSNS画像（エネルギッシュ・スポーティ）","上級"
"BNR-05749","内科・クリニックのビフォーアフター・実績バナー（和モダン）","上級"
"BNR-05750","工務店・注文住宅・リフォームのお客様の声・口コミSNS画像（北欧・ライフスタイル）","中級"
"BNR-05751","スクール・オンライン講座の資料請求・ホワイトペーパーバナー（クール・テック）","プロ（演出多め）"
"BNR-05752","美容クリニックの診断・クイズバナー（ミニマル・洗練）","上級"
"BNR-05753","士業（税理士・弁護士・行政書士）の新商品・新サービス発売SNS画像（ミニマル・洗練）","プロ（演出多め）"
"BNR-05754","観光・地域プロモーションの新商品・新サービス発売バナー（ミニマル・洗練）","上級"
"BNR-05755","英会話・語学のセール・割引告知バナー（ジオメトリック・グラフィカル）","プロ（演出多め）"
"BNR-05756","工務店・注文住宅・リフォームのブランディング・認知バナー（ナチュラル・オーガニック）","中級"
"BNR-05757","YouTuber・インフルエンサーの新商品・新サービス発売バナー（ポップ・カラフル）","プロ（演出多め）"
"BNR-05758","自動車・バイクの新商品・新サービス発売SNS画像（クール・テック）","上級"
"BNR-05759","和菓子・スイーツの資料請求・ホワイトペーパーバナー（ナチュラル・オーガニック）","上級"
"BNR-05760","英会話・語学のブランディング・認知SNS画像（ポップ・カラフル）","上級"
"BNR-05761","クラウドファンディング・新商品の診断・クイズサムネイル（クール・テック）","プロ（演出多め）"
"BNR-05762","占い・スピリチュアルのお知らせ・営業案内SNS画像（北欧・ライフスタイル）","プロ（演出多め）"
"BNR-05763","コンサル・コーチングの資料請求・ホワイトペーパーバナー（信頼・誠実（コーポレート））","プロ（演出多め）"
"BNR-05764","美容クリニックの新商品・新サービス発売SNS画像（ミニマル・洗練）","上級"
"BNR-05765","ホテル・旅館の資料請求・ホワイトペーパーバナー（和モダン）","中級"
"BNR-05766","NPO・地方自治体のハウツー・ノウハウ投稿SNS画像（ジオメトリック・グラフィカル）","中級"
"BNR-05767","農業・地方の生産者の比較・ランキングSNS画像（ハンドメイド・手書き）","プロ（演出多め）"
"BNR-05768","美容室・ヘアサロンのキャンペーン・プレゼントSNS画像（ミニマル・洗練）","上級"
"BNR-05769","工務店・注文住宅・リフォームの診断・クイズバナー（信頼・誠実（コーポレート））","上級"
"BNR-05770","美容クリニックのハウツー・ノウハウ投稿バナー（ラグジュアリー・高級感）","上級"
"BNR-05771","カフェ・ベーカリーのハウツー・ノウハウ投稿SNS画像（ハンドメイド・手書き）","プロ（演出多め）"
"BNR-05772","採用・求人の診断・クイズバナー（ポップ・カラフル）","プロ（演出多め）"
"BNR-05773","コスメ・スキンケアのハウツー・ノウハウ投稿SNS画像（グラスモーフィズム）","上級"
"BNR-05774","ウェディング・結婚相談所の資料請求・ホワイトペーパーSNS画像（エディトリアル・雑誌風）","プロ（演出多め）"
"BNR-05775","自動車・バイクのお客様の声・口コミサムネイル（ラグジュアリー・高級感）","中級"
"BNR-05776","Web制作・デザイン事務所のセール・割引告知SNS画像（クール・テック）","上級"
"BNR-05777","食品・産直ECの採用・求人SNS画像（北欧・ライフスタイル）","プロ（演出多め）"
"BNR-05778","ゲーム・eスポーツのお知らせ・営業案内SNS画像（レトロ・Y2K）","中級"
"BNR-05779","金融・保険・投資の診断・クイズバナー（ミニマル・洗練）","上級"
"BNR-05780","コスメ・スキンケアのハウツー・ノウハウ投稿バナー（エネルギッシュ・スポーティ）","上級"
"BNR-05781","保育園・幼児教育・習い事のお客様の声・口コミバナー（ポップ・カラフル）","プロ（演出多め）"
"BNR-05782","歯科医院のブランディング・認知SNS画像（ミニマル・洗練）","プロ（演出多め）"
"BNR-05783","食品・産直ECのハウツー・ノウハウ投稿バナー（ポップ・カラフル）","上級"
"BNR-05784","不動産・マンションのキャンペーン・プレゼントSNS画像（ダーク・シネマティック）","プロ（演出多め）"
"BNR-05785","ヨガ・ピラティスのセール・割引告知バナー（パステル・ドリーミー）","プロ（演出多め）"
"BNR-05786","ペット・トリミング・動物病院のお客様の声・口コミSNS画像（かわいい・ガーリー）","中級"
"BNR-05787","英会話・語学のビフォーアフター・実績SNS画像（信頼・誠実（コーポレート））","上級"
"BNR-05788","カフェ・ベーカリーのキャンペーン・プレゼントSNS画像（ナチュラル・オーガニック）","上級"
"BNR-05789","コスメ・スキンケアの診断・クイズバナー（ミニマル・洗練）","上級"
"BNR-05790","金融・保険・投資の診断・クイズSNS画像（ミニマル・洗練）","プロ（演出多め）"
"BNR-05791","パーソナルジム・フィットネスの新商品・新サービス発売バナー（エネルギッシュ・スポーティ）","上級"
"BNR-05792","パーソナルジム・フィットネスのセール・割引告知SNS画像（クール・テック）","中級"
"BNR-05793","ウェディング・結婚相談所のお客様の声・口コミSNS画像（かわいい・ガーリー）","プロ（演出多め）"
"BNR-05794","ゲーム・eスポーツの新商品・新サービス発売SNS画像（エネルギッシュ・スポーティ）","プロ（演出多め）"
"BNR-05795","レストラン・居酒屋の診断・クイズバナー（レトロ・Y2K）","プロ（演出多め）"
"BNR-05796","食品・産直ECの診断・クイズSNS画像（ナチュラル・オーガニック）","上級"
"BNR-05797","コスメ・スキンケアのキャンペーン・プレゼントSNS画像（ナチュラル・オーガニック）","上級"
"BNR-05798","内科・クリニックのセール・割引告知バナー（信頼・誠実（コーポレート））","プロ（演出多め）"
"BNR-05799","ペット・トリミング・動物病院の比較・ランキングSNS画像（ナチュラル・オーガニック）","上級"
"BNR-05800","不動産・マンションのハウツー・ノウハウ投稿バナー（信頼・誠実（コーポレート））","プロ（演出多め）"
"BNR-05801","プログラミングスクールのセール・割引告知バナー（ネオン・サイバー）","プロ（演出多め）"
"BNR-05802","自動車・バイクの採用・求人SNS画像（クール・テック）","プロ（演出多め）"
"BNR-05803","歯科医院のイベント・セミナー告知バナー（ミニマル・洗練）","プロ（演出多め）"
"BNR-05804","引越し・生活サービスのお知らせ・営業案内SNS画像（3D・クレイ）","プロ（演出多め）"
"BNR-05805","レストラン・居酒屋の診断・クイズバナー（レトロ・Y2K）","プロ（演出多め）"
"BNR-05806","和菓子・スイーツのお客様の声・口コミSNS画像（ナチュラル・オーガニック）","上級"
"BNR-05807","建築設計事務所のお客様の声・口コミSNS画像（ミニマル・洗練）","プロ（演出多め）"
"BNR-05808","自動車・バイクのお客様の声・口コミサムネイル（クール・テック）","上級"
"BNR-05809","スクール・オンライン講座のイベント・セミナー告知バナー（信頼・誠実（コーポレート））","上級"
"BNR-05810","アパレル・ファッションECのお客様の声・口コミSNS画像（ネオン・サイバー）","プロ（演出多め）"
"BNR-05811","美容室・ヘアサロンのセール・割引告知バナー（エディトリアル・雑誌風）","プロ（演出多め）"
"BNR-05812","コスメ・スキンケアの資料請求・ホワイトペーパーバナー（クール・テック）","上級"
"BNR-05813","占い・スピリチュアルの診断・クイズSNS画像（和モダン）","プロ（演出多め）"
"BNR-05814","コンサル・コーチングのセール・割引告知SNS画像（ミニマル・洗練）","プロ（演出多め）"
"BNR-05815","カフェ・ベーカリーの新商品・新サービス発売SNS画像（レトロ・Y2K）","中級"
"BNR-05816","ペット・トリミング・動物病院の資料請求・ホワイトペーパーSNS画像（3D・クレイ）","プロ（演出多め）"
"BNR-05817","エステ・脱毛サロンのお客様の声・口コミバナー（パステル・ドリーミー）","上級"
"BNR-05818","音楽・ライブ・イベントのお客様の声・口コミSNS画像（ネオン・サイバー）","上級"
"BNR-05819","食品・産直ECの無料体験・無料相談SNS画像（ラグジュアリー・高級感）","上級"
"BNR-05820","ウェディング・結婚相談所のハウツー・ノウハウ投稿SNS画像（パステル・ドリーミー）","上級"
"BNR-05821","SaaS・BtoBツールのハウツー・ノウハウ投稿バナー（ミニマル・洗練）","プロ（演出多め）"
"BNR-05822","ウェディング・結婚相談所の比較・ランキングバナー（パステル・ドリーミー）","プロ（演出多め）"
"BNR-05823","ホテル・旅館のハウツー・ノウハウ投稿SNS画像（和モダン）","プロ（演出多め）"
"BNR-05824","スマホアプリのハウツー・ノウハウ投稿サムネイル（3D・クレイ）","中級"
"BNR-05825","Web制作・デザイン事務所のハウツー・ノウハウ投稿バナー（ニューブルータリズム）","上級"
"BNR-05826","観光・地域プロモーションのビフォーアフター・実績SNS画像（クール・テック）","上級"
"BNR-05827","ゲーム・eスポーツの新商品・新サービス発売バナー（レトロ・Y2K）","プロ（演出多め）"
"BNR-05828","コンサル・コーチングの新商品・新サービス発売SNS画像（ミニマル・洗練）","プロ（演出多め）"
"BNR-05829","観光・地域プロモーションの比較・ランキングバナー（ダーク・シネマティック）","プロ（演出多め）"
"BNR-05830","保育園・幼児教育・習い事のビフォーアフター・実績バナー（ナチュラル・オーガニック）","上級"
"BNR-05831","観光・地域プロモーションの採用・求人SNS画像（ナチュラル・オーガニック）","プロ（演出多め）"
"BNR-05832","金融・保険・投資のお客様の声・口コミバナー（信頼・誠実（コーポレート））","上級"
"BNR-05833","コンサル・コーチングの新商品・新サービス発売バナー（信頼・誠実（コーポレート））","プロ（演出多め）"
"BNR-05834","音楽・ライブ・イベントの無料体験・無料相談SNS画像（ニューブルータリズム）","上級"
"BNR-05835","和菓子・スイーツのキャンペーン・プレゼントSNS画像（ナチュラル・オーガニック）","プロ（演出多め）"
"BNR-05836","歯科医院の無料体験・無料相談SNS画像（ミニマル・洗練）","プロ（演出多め）"
"BNR-05837","工務店・注文住宅・リフォームの比較・ランキングサムネイル（ポップ・カラフル）","上級"
"BNR-05838","士業（税理士・弁護士・行政書士）の比較・ランキングSNS画像（ポップ・カラフル）","上級"
"BNR-05839","ホテル・旅館のイベント・セミナー告知バナー（ラグジュアリー・高級感）","プロ（演出多め）"
"BNR-05840","農業・地方の生産者の診断・クイズSNS画像（ミニマル・洗練）","プロ（演出多め）"
"BNR-05841","歯科医院の採用・求人SNS画像（ナチュラル・オーガニック）","上級"
"BNR-05842","工務店・注文住宅・リフォームの資料請求・ホワイトペーパーバナー（北欧・ライフスタイル）","プロ（演出多め）"
"BNR-05843","音楽・ライブ・イベントの診断・クイズSNS画像（ニューブルータリズム）","上級"
"BNR-05844","英会話・語学の比較・ランキングSNS画像（3D・クレイ）","上級"
"BNR-05845","音楽・ライブ・イベントの採用・求人バナー（ニューブルータリズム）","プロ（演出多め）"
"BNR-05846","パーソナルジム・フィットネスのお知らせ・営業案内SNS画像（ダーク・シネマティック）","プロ（演出多め）"
"BNR-05847","音楽・ライブ・イベントのキャンペーン・プレゼントバナー（ネオン・サイバー）","中級"
"BNR-05848","ゲーム・eスポーツのお客様の声・口コミSNS画像（レトロ・Y2K）","プロ（演出多め）"
"BNR-05849","食品・産直ECのお知らせ・営業案内SNS画像（北欧・ライフスタイル）","上級"
"BNR-05850","美容クリニックのセール・割引告知SNS画像（ミニマル・洗練）","プロ（演出多め）"
"BNR-05851","ウェディング・結婚相談所の比較・ランキングSNS画像（信頼・誠実（コーポレート））","プロ（演出多め）"
"BNR-05852","美容クリニックのセール・割引告知SNS画像（ネオン・サイバー）","プロ（演出多め）"
"BNR-05853","士業（税理士・弁護士・行政書士）の採用・求人SNS画像（和モダン）","プロ（演出多め）"
"BNR-05854","Web制作・デザイン事務所のイベント・セミナー告知バナー（クール・テック）","上級"
"BNR-05855","ゲーム・eスポーツの比較・ランキングバナー（エネルギッシュ・スポーティ）","プロ（演出多め）"
"BNR-05856","プログラミングスクールのブランディング・認知バナー（ダーク・シネマティック）","上級"
"BNR-05857","不動産・マンションのハウツー・ノウハウ投稿バナー（ネオン・サイバー）","上級"
"BNR-05858","プログラミングスクールのお客様の声・口コミバナー（ポップ・カラフル）","プロ（演出多め）"
"BNR-05859","サウナ・温浴施設の資料請求・ホワイトペーパーSNS画像（ハンドメイド・手書き）","中級"
"BNR-05860","アパレル・ファッションECの比較・ランキングバナー（エディトリアル・雑誌風）","プロ（演出多め）"
"BNR-05861","スクール・オンライン講座のイベント・セミナー告知バナー（ラグジュアリー・高級感）","中級"
"BNR-05862","工務店・注文住宅・リフォームのお知らせ・営業案内バナー（信頼・誠実（コーポレート））","プロ（演出多め）"
"BNR-05863","ホテル・旅館のハウツー・ノウハウ投稿SNS画像（ミニマル・洗練）","中級"
"BNR-05864","内科・クリニックの無料体験・無料相談SNS画像（信頼・誠実（コーポレート））","上級"
"BNR-05865","農業・地方の生産者の新商品・新サービス発売SNS画像（レトロ・Y2K）","プロ（演出多め）"
"BNR-05866","ゲーム・eスポーツの採用・求人SNS画像（レトロ・Y2K）","中級"
"BNR-05867","コンサル・コーチングの診断・クイズバナー（ミニマル・洗練）","上級"
"BNR-05868","工務店・注文住宅・リフォームの無料体験・無料相談バナー（ラグジュアリー・高級感）","上級"
"BNR-05869","NPO・地方自治体のキャンペーン・プレゼントバナー（信頼・誠実（コーポレート））","上級"
"BNR-05870","士業（税理士・弁護士・行政書士）のキャンペーン・プレゼントSNS画像（和モダン）","上級"
"BNR-05871","農業・地方の生産者のキャンペーン・プレゼントSNS画像（ハンドメイド・手書き）","プロ（演出多め）"
"BNR-05872","カフェ・ベーカリーの比較・ランキングSNS画像（レトロ・Y2K）","上級"
"BNR-05873","NPO・地方自治体の比較・ランキングSNS画像（ジオメトリック・グラフィカル）","上級"
"BNR-05874","士業（税理士・弁護士・行政書士）の採用・求人SNS画像（信頼・誠実（コーポレート））","プロ（演出多め）"
"BNR-05875","カフェ・ベーカリーの新商品・新サービス発売SNS画像（北欧・ライフスタイル）","上級"
"BNR-05876","音楽・ライブ・イベントのイベント・セミナー告知SNS画像（ネオン・サイバー）","プロ（演出多め）"
"BNR-05877","英会話・語学の新商品・新サービス発売SNS画像（信頼・誠実（コーポレート））","上級"
"BNR-05878","占い・スピリチュアルの診断・クイズSNS画像（ダーク・シネマティック）","上級"
"BNR-05879","士業（税理士・弁護士・行政書士）のキャンペーン・プレゼントバナー（和モダン）","上級"
"BNR-05880","採用・求人の無料体験・無料相談バナー（エディトリアル・雑誌風）","中級"
"BNR-05881","スクール・オンライン講座のビフォーアフター・実績バナー（ニューブルータリズム）","上級"
"BNR-05882","不動産・マンションのセール・割引告知バナー（ダーク・シネマティック）","プロ（演出多め）"
"BNR-05883","不動産・マンションのキャンペーン・プレゼントバナー（信頼・誠実（コーポレート））","プロ（演出多め）"
"BNR-05884","コスメ・スキンケアの診断・クイズSNS画像（ジオメトリック・グラフィカル）","上級"
"BNR-05885","美容クリニックの新商品・新サービス発売バナー（ミニマル・洗練）","プロ（演出多め）"
"BNR-05886","金融・保険・投資のビフォーアフター・実績バナー（信頼・誠実（コーポレート））","中級"
"BNR-05887","NPO・地方自治体のキャンペーン・プレゼントバナー（信頼・誠実（コーポレート））","プロ（演出多め）"
"BNR-05888","ホテル・旅館の資料請求・ホワイトペーパーSNS画像（和モダン）","上級"
"BNR-05889","プログラミングスクールのブランディング・認知SNS画像（ネオン・サイバー）","上級"
"BNR-05890","コスメ・スキンケアの新商品・新サービス発売バナー（ラグジュアリー・高級感）","プロ（演出多め）"
"BNR-05891","ウェディング・結婚相談所の採用・求人SNS画像（ラグジュアリー・高級感）","上級"
"BNR-05892","引越し・生活サービスのキャンペーン・プレゼントバナー（3D・クレイ）","上級"
"BNR-05893","保育園・幼児教育・習い事の診断・クイズSNS画像（ナチュラル・オーガニック）","中級"
"BNR-05894","コンサル・コーチングのお客様の声・口コミバナー（エディトリアル・雑誌風）","プロ（演出多め）"
"BNR-05895","プログラミングスクールの比較・ランキングバナー（レトロ・Y2K）","プロ（演出多め）"
"BNR-05896","ホテル・旅館のイベント・セミナー告知SNS画像（ダーク・シネマティック）","上級"
"BNR-05897","工務店・注文住宅・リフォームの診断・クイズバナー（ナチュラル・オーガニック）","プロ（演出多め）"
"BNR-05898","建築設計事務所の資料請求・ホワイトペーパーバナー（ミニマル・洗練）","上級"
"BNR-05899","カフェ・ベーカリーのお客様の声・口コミバナー（レトロ・Y2K）","プロ（演出多め）"
"BNR-05900","サウナ・温浴施設のキャンペーン・プレゼントSNS画像（レトロ・Y2K）","上級"
"BNR-05901","歯科医院のブランディング・認知SNS画像（エディトリアル・雑誌風）","上級"
"BNR-05902","美容室・ヘアサロンの資料請求・ホワイトペーパーSNS画像（ミニマル・洗練）","プロ（演出多め）"
"BNR-05903","ペット・トリミング・動物病院のお客様の声・口コミSNS画像（ジオメトリック・グラフィカル）","中級"
"BNR-05904","農業・地方の生産者のビフォーアフター・実績SNS画像（ナチュラル・オーガニック）","中級"
"BNR-05905","エステ・脱毛サロンの比較・ランキングバナー（ミニマル・洗練）","上級"
"BNR-05906","和菓子・スイーツのセール・割引告知SNS画像（和モダン）","上級"
"BNR-05907","建築設計事務所の採用・求人SNS画像（エディトリアル・雑誌風）","プロ（演出多め）"
"BNR-05908","ヨガ・ピラティスの比較・ランキングSNS画像（ナチュラル・オーガニック）","上級"
"BNR-05909","ホテル・旅館の無料体験・無料相談SNS画像（ラグジュアリー・高級感）","上級"
"BNR-05910","スマホアプリの資料請求・ホワイトペーパーSNS画像（クール・テック）","プロ（演出多め）"
"BNR-05911","サウナ・温浴施設の無料体験・無料相談SNS画像（ミニマル・洗練）","中級"
"BNR-05912","ウェディング・結婚相談所のYouTube動画の興味喚起サムネイル（かわいい・ガーリー）","プロ（演出多め）"
"BNR-05913","音楽・ライブ・イベントの無料体験・無料相談バナー（かわいい・ガーリー）","プロ（演出多め）"
"BNR-05914","ヨガ・ピラティスのブランディング・認知SNS画像（ニューブルータリズム）","プロ（演出多め）"
"BNR-05915","アパレル・ファッションECの採用・求人SNS画像（ニューブルータリズム）","上級"
"BNR-05916","YouTuber・インフルエンサーのイベント・セミナー告知バナー（ネオン・サイバー）","プロ（演出多め）"
"BNR-05917","観光・地域プロモーションのセール・割引告知SNS画像（ナチュラル・オーガニック）","プロ（演出多め）"
"BNR-05918","Web制作・デザイン事務所の資料請求・ホワイトペーパーSNS画像（ネオン・サイバー）","プロ（演出多め）"
"BNR-05919","コンサル・コーチングのセール・割引告知バナー（ミニマル・洗練）","プロ（演出多め）"
"BNR-05920","観光・地域プロモーションの新商品・新サービス発売バナー（和モダン）","中級"
"BNR-05921","士業（税理士・弁護士・行政書士）の新商品・新サービス発売バナー（ナチュラル・オーガニック）","プロ（演出多め）"
"BNR-05922","スマホアプリの資料請求・ホワイトペーパーSNS画像（クール・テック）","プロ（演出多め）"
"BNR-05923","プログラミングスクールのブランディング・認知バナー（ポップ・カラフル）","プロ（演出多め）"
"BNR-05924","コンサル・コーチングの無料体験・無料相談SNS画像（信頼・誠実（コーポレート））","プロ（演出多め）"
"BNR-05925","ゲーム・eスポーツの資料請求・ホワイトペーパーSNS画像（クール・テック）","上級"
"BNR-05926","士業（税理士・弁護士・行政書士）の資料請求・ホワイトペーパーSNS画像（ミニマル・洗練）","プロ（演出多め）"
"BNR-05927","工務店・注文住宅・リフォームのハウツー・ノウハウ投稿バナー（ナチュラル・オーガニック）","中級"
"BNR-05928","プログラミングスクールの新商品・新サービス発売SNS画像（ネオン・サイバー）","プロ（演出多め）"
"BNR-05929","レストラン・居酒屋のハウツー・ノウハウ投稿バナー（北欧・ライフスタイル）","プロ（演出多め）"
"BNR-05930","ゲーム・eスポーツの診断・クイズSNS画像（ダーク・シネマティック）","上級"
"BNR-05931","スクール・オンライン講座のキャンペーン・プレゼントSNS画像（ポップ・カラフル）","プロ（演出多め）"
"BNR-05932","ゲーム・eスポーツのイベント・セミナー告知バナー（ダーク・シネマティック）","上級"
"BNR-05933","金融・保険・投資のキャンペーン・プレゼントSNS画像（エネルギッシュ・スポーティ）","プロ（演出多め）"
"BNR-05934","不動産・マンションの比較・ランキングバナー（信頼・誠実（コーポレート））","上級"
"BNR-05935","不動産・マンションの診断・クイズバナー（ネオン・サイバー）","プロ（演出多め）"
"BNR-05936","和菓子・スイーツの診断・クイズバナー（和モダン）","上級"
"BNR-05937","和菓子・スイーツの資料請求・ホワイトペーパーSNS画像（パステル・ドリーミー）","プロ（演出多め）"
"BNR-05938","内科・クリニックのハウツー・ノウハウ投稿サムネイル（信頼・誠実（コーポレート））","上級"
"BNR-05939","コスメ・スキンケアのお知らせ・営業案内バナー（パステル・ドリーミー）","中級"
"BNR-05940","美容室・ヘアサロンのお知らせ・営業案内バナー（ラグジュアリー・高級感）","上級"
"BNR-05941","YouTuber・インフルエンサーの比較・ランキングバナー（ハンドメイド・手書き）","プロ（演出多め）"
"BNR-05942","自動車・バイクの資料請求・ホワイトペーパーSNS画像（ジオメトリック・グラフィカル）","上級"
"BNR-05943","SaaS・BtoBツールのお客様の声・口コミバナー（ニューブルータリズム）","プロ（演出多め）"
"BNR-05944","採用・求人のキャンペーン・プレゼントSNS画像（ナチュラル・オーガニック）","中級"
"BNR-05945","美容室・ヘアサロンのキャンペーン・プレゼントバナー（ポップ・カラフル）","プロ（演出多め）"
"BNR-05946","Web制作・デザイン事務所の採用・求人SNS画像（かわいい・ガーリー）","プロ（演出多め）"
"BNR-05947","食品・産直ECのイベント・セミナー告知SNS画像（ナチュラル・オーガニック）","プロ（演出多め）"
"BNR-05948","音楽・ライブ・イベントのセール・割引告知バナー（ニューブルータリズム）","上級"
"BNR-05949","和菓子・スイーツのセール・割引告知SNS画像（ナチュラル・オーガニック）","プロ（演出多め）"
"BNR-05950","アパレル・ファッションECの新商品・新サービス発売SNS画像（エディトリアル・雑誌風）","中級"
"BNR-05951","レストラン・居酒屋の診断・クイズSNS画像（ラグジュアリー・高級感）","上級"
"BNR-05952","不動産・マンションのセール・割引告知SNS画像（ダーク・シネマティック）","上級"
"BNR-05953","ペット・トリミング・動物病院のビフォーアフター・実績SNS画像（パステル・ドリーミー）","プロ（演出多め）"
"BNR-05954","建築設計事務所のお知らせ・営業案内SNS画像（ニューブルータリズム）","プロ（演出多め）"
"BNR-05955","YouTuber・インフルエンサーのお知らせ・営業案内バナー（ニューブルータリズム）","プロ（演出多め）"
"BNR-05956","プログラミングスクールのブランディング・認知SNS画像（3D・クレイ）","プロ（演出多め）"
"BNR-05957","カフェ・ベーカリーの診断・クイズSNS画像（レトロ・Y2K）","上級"
"BNR-05958","観光・地域プロモーションのお知らせ・営業案内SNS画像（ハンドメイド・手書き）","プロ（演出多め）"
"BNR-05959","美容室・ヘアサロンの資料請求・ホワイトペーパーSNS画像（エディトリアル・雑誌風）","中級"
"BNR-05960","ウェディング・結婚相談所の新商品・新サービス発売SNS画像（ミニマル・洗練）","プロ（演出多め）"
"BNR-05961","SaaS・BtoBツールの無料体験・無料相談バナー（ナチュラル・オーガニック）","プロ（演出多め）"
"BNR-05962","美容クリニックのハウツー・ノウハウ投稿バナー（ミニマル・洗練）","プロ（演出多め）"
"BNR-05963","エステ・脱毛サロンのキャンペーン・プレゼントバナー（ラグジュアリー・高級感）","プロ（演出多め）"
"BNR-05964","観光・地域プロモーションの新商品・新サービス発売SNS画像（ダーク・シネマティック）","プロ（演出多め）"
"BNR-05965","引越し・生活サービスの採用・求人バナー（3D・クレイ）","プロ（演出多め）"
"BNR-05966","コスメ・スキンケアのブランディング・認知SNS画像（ラグジュアリー・高級感）","上級"
"BNR-05967","コスメ・スキンケアのお知らせ・営業案内SNS画像（ラグジュアリー・高級感）","中級"
"BNR-05968","スクール・オンライン講座の比較・ランキングSNS画像（ポップ・カラフル）","プロ（演出多め）"
"BNR-05969","音楽・ライブ・イベントのハウツー・ノウハウ投稿サムネイル（ネオン・サイバー）","上級"
"BNR-05970","採用・求人のYouTube動画の興味喚起サムネイル（信頼・誠実（コーポレート））","上級"
"BNR-05971","ウェディング・結婚相談所のブランディング・認知SNS画像（パステル・ドリーミー）","中級"
"BNR-05972","建築設計事務所のセール・割引告知バナー（エディトリアル・雑誌風）","プロ（演出多め）"
"BNR-05973","内科・クリニックのハウツー・ノウハウ投稿SNS画像（信頼・誠実（コーポレート））","上級"
"BNR-05974","Web制作・デザイン事務所のセール・割引告知SNS画像（ジオメトリック・グラフィカル）","上級"
"BNR-05975","スクール・オンライン講座の無料体験・無料相談SNS画像（ポップ・カラフル）","上級"
"BNR-05976","スクール・オンライン講座のキャンペーン・プレゼントSNS画像（信頼・誠実（コーポレート））","プロ（演出多め）"
"BNR-05977","採用・求人のお知らせ・営業案内SNS画像（ジオメトリック・グラフィカル）","上級"
"BNR-05978","アパレル・ファッションECの比較・ランキングバナー（エディトリアル・雑誌風）","中級"
"BNR-05979","美容室・ヘアサロンのお客様の声・口コミSNS画像（ミニマル・洗練）","中級"
"BNR-05980","AIサービス・スタートアップの診断・クイズバナー（クール・テック）","中級"
"BNR-05981","レストラン・居酒屋の新商品・新サービス発売バナー（和モダン）","プロ（演出多め）"
"BNR-05982","英会話・語学の診断・クイズSNS画像（ポップ・カラフル）","上級"
"BNR-05983","スクール・オンライン講座の診断・クイズサムネイル（ジオメトリック・グラフィカル）","プロ（演出多め）"
"BNR-05984","和菓子・スイーツのハウツー・ノウハウ投稿SNS画像（ナチュラル・オーガニック）","上級"
"BNR-05985","占い・スピリチュアルのキャンペーン・プレゼントバナー（和モダン）","プロ（演出多め）"
"BNR-05986","観光・地域プロモーションの新商品・新サービス発売SNS画像（ハンドメイド・手書き）","上級"
"BNR-05987","カフェ・ベーカリーのお知らせ・営業案内バナー（エディトリアル・雑誌風）","プロ（演出多め）"
"BNR-05988","ゲーム・eスポーツのハウツー・ノウハウ投稿バナー（エネルギッシュ・スポーティ）","プロ（演出多め）"
"BNR-05989","内科・クリニックの資料請求・ホワイトペーパーバナー（北欧・ライフスタイル）","上級"
"BNR-05990","英会話・語学の採用・求人バナー（ポップ・カラフル）","上級"
"BNR-05991","YouTuber・インフルエンサーの無料体験・無料相談SNS画像（かわいい・ガーリー）","上級"
"BNR-05992","建築設計事務所の資料請求・ホワイトペーパーバナー（エディトリアル・雑誌風）","上級"
"BNR-05993","歯科医院のお客様の声・口コミSNS画像（信頼・誠実（コーポレート））","プロ（演出多め）"
"BNR-05994","YouTuber・インフルエンサーのハウツー・ノウハウ投稿バナー（ニューブルータリズム）","プロ（演出多め）"
"BNR-05995","不動産・マンションのお客様の声・口コミバナー（ミニマル・洗練）","上級"
"BNR-05996","歯科医院のブランディング・認知SNS画像（信頼・誠実（コーポレート））","上級"
"BNR-05997","クラウドファンディング・新商品の診断・クイズSNS画像（ナチュラル・オーガニック）","中級"
"BNR-05998","サウナ・温浴施設の採用・求人バナー（和モダン）","上級"
"BNR-05999","保育園・幼児教育・習い事の診断・クイズSNS画像（ポップ・カラフル）","上級"
"BNR-06000","ペット・トリミング・動物病院のハウツー・ノウハウ投稿SNS画像（和モダン）","プロ（演出多め）"
"BNR-06001","プログラミングスクールのセール・割引告知SNS画像（ジオメトリック・グラフィカル）","上級"
"BNR-06002","農業・地方の生産者の資料請求・ホワイトペーパーバナー（和モダン）","プロ（演出多め）"
"BNR-06003","和菓子・スイーツの資料請求・ホワイトペーパーSNS画像（かわいい・ガーリー）","上級"
"BNR-06004","自動車・バイクのビフォーアフター・実績バナー（ダーク・シネマティック）","中級"
"BNR-06005","不動産・マンションのイベント・セミナー告知バナー（ミニマル・洗練）","上級"
"BNR-06006","ホテル・旅館の比較・ランキングSNS画像（ラグジュアリー・高級感）","プロ（演出多め）"
"BNR-06007","不動産・マンションのお知らせ・営業案内SNS画像（ミニマル・洗練）","上級"
"BNR-06008","NPO・地方自治体の無料体験・無料相談バナー（レトロ・Y2K）","プロ（演出多め）"
"BNR-06009","AIサービス・スタートアップの無料体験・無料相談SNS画像（ナチュラル・オーガニック）","プロ（演出多め）"
"BNR-06010","美容クリニックのイベント・セミナー告知バナー（ラグジュアリー・高級感）","上級"
"BNR-06011","英会話・語学の診断・クイズバナー（3D・クレイ）","プロ（演出多め）"
"BNR-06012","採用・求人のキャンペーン・プレゼントSNS画像（エディトリアル・雑誌風）","プロ（演出多め）"
"BNR-06013","エステ・脱毛サロンの無料体験・無料相談SNS画像（パステル・ドリーミー）","上級"
"BNR-06014","歯科医院の無料体験・無料相談SNS画像（ナチュラル・オーガニック）","プロ（演出多め）"
"BNR-06015","美容クリニックの比較・ランキングSNS画像（信頼・誠実（コーポレート））","プロ（演出多め）"
"BNR-06016","AIサービス・スタートアップのお客様の声・口コミバナー（ミニマル・洗練）","プロ（演出多め）"
"BNR-06017","YouTuber・インフルエンサーの比較・ランキングバナー（ニューブルータリズム）","上級"
"BNR-06018","プログラミングスクールのお客様の声・口コミSNS画像（ネオン・サイバー）","プロ（演出多め）"
"BNR-06019","英会話・語学の新商品・新サービス発売SNS画像（ポップ・カラフル）","上級"
"BNR-06020","AIサービス・スタートアップの採用・求人バナー（ミニマル・洗練）","上級"
"BNR-06021","観光・地域プロモーションのキャンペーン・プレゼントバナー（ハンドメイド・手書き）","中級"
"BNR-06022","工務店・注文住宅・リフォームの採用・求人バナー（ミニマル・洗練）","プロ（演出多め）"
"BNR-06023","クラウドファンディング・新商品のビフォーアフター・実績バナー（ナチュラル・オーガニック）","上級"
"BNR-06024","内科・クリニックの採用・求人バナー（信頼・誠実（コーポレート））","上級"
"BNR-06025","パーソナルジム・フィットネスの資料請求・ホワイトペーパーSNS画像（エディトリアル・雑誌風）","上級"
"BNR-06026","美容クリニックの診断・クイズバナー（ミニマル・洗練）","中級"
"BNR-06027","英会話・語学の無料体験・無料相談バナー（ポップ・カラフル）","上級"
"BNR-06028","ヨガ・ピラティスの無料体験・無料相談バナー（ニューブルータリズム）","プロ（演出多め）"
"BNR-06029","保育園・幼児教育・習い事のハウツー・ノウハウ投稿バナー（ポップ・カラフル）","上級"
"BNR-06030","コンサル・コーチングの資料請求・ホワイトペーパーSNS画像（クール・テック）","プロ（演出多め）"
"BNR-06031","クラウドファンディング・新商品のキャンペーン・プレゼントSNS画像（クール・テック）","上級"
"BNR-06032","プログラミングスクールの診断・クイズSNS画像（3D・クレイ）","上級"
"BNR-06033","金融・保険・投資の新商品・新サービス発売SNS画像（ミニマル・洗練）","上級"
"BNR-06034","不動産・マンションの無料体験・無料相談バナー（ミニマル・洗練）","プロ（演出多め）"
"BNR-06035","建築設計事務所の無料体験・無料相談SNS画像（エディトリアル・雑誌風）","上級"
"BNR-06036","歯科医院の資料請求・ホワイトペーパーバナー（ラグジュアリー・高級感）","上級"
"BNR-06037","食品・産直ECの診断・クイズバナー（ポップ・カラフル）","中級"
"BNR-06038","クラウドファンディング・新商品の無料体験・無料相談バナー（ナチュラル・オーガニック）","プロ（演出多め）"
"BNR-06039","保育園・幼児教育・習い事のブランディング・認知バナー（ナチュラル・オーガニック）","上級"
"BNR-06040","カフェ・ベーカリーのキャンペーン・プレゼントバナー（ハンドメイド・手書き）","プロ（演出多め）"
"BNR-06041","保育園・幼児教育・習い事のビフォーアフター・実績SNS画像（ナチュラル・オーガニック）","プロ（演出多め）"
"BNR-06042","引越し・生活サービスの資料請求・ホワイトペーパーSNS画像（エディトリアル・雑誌風）","上級"
"BNR-06043","採用・求人のお客様の声・口コミバナー（ジオメトリック・グラフィカル）","プロ（演出多め）"
"BNR-06044","アパレル・ファッションECのブランディング・認知SNS画像（ミニマル・洗練）","上級"
"BNR-06045","観光・地域プロモーションのブランディング・認知バナー（ダーク・シネマティック）","上級"
"BNR-06046","AIサービス・スタートアップの新商品・新サービス発売サムネイル（ミニマル・洗練）","プロ（演出多め）"
"BNR-06047","採用・求人のお知らせ・営業案内バナー（エディトリアル・雑誌風）","プロ（演出多め）"
"BNR-06048","AIサービス・スタートアップのイベント・セミナー告知バナー（グラスモーフィズム）","プロ（演出多め）"
"BNR-06049","ゲーム・eスポーツの新商品・新サービス発売SNS画像（ダーク・シネマティック）","プロ（演出多め）"
"BNR-06050","英会話・語学のお客様の声・口コミバナー（かわいい・ガーリー）","プロ（演出多め）"
"BNR-06051","YouTuber・インフルエンサーのブランディング・認知SNS画像（かわいい・ガーリー）","上級"
"BNR-06052","ホテル・旅館のイベント・セミナー告知バナー（クール・テック）","中級"
"BNR-06053","コンサル・コーチングのハウツー・ノウハウ投稿SNS画像（ラグジュアリー・高級感）","プロ（演出多め）"
"BNR-06054","和菓子・スイーツの比較・ランキングバナー（ナチュラル・オーガニック）","プロ（演出多め）"
"BNR-06055","占い・スピリチュアルの比較・ランキングSNS画像（ラグジュアリー・高級感）","上級"
"BNR-06056","アパレル・ファッションECのお客様の声・口コミSNS画像（レトロ・Y2K）","中級"
"BNR-06057","YouTuber・インフルエンサーのお客様の声・口コミSNS画像（ネオン・サイバー）","プロ（演出多め）"
"BNR-06058","和菓子・スイーツのお客様の声・口コミSNS画像（パステル・ドリーミー）","中級"
"BNR-06059","和菓子・スイーツの比較・ランキングバナー（和モダン）","上級"
"BNR-06060","コスメ・スキンケアのハウツー・ノウハウ投稿SNS画像（ラグジュアリー・高級感）","上級"
"BNR-06061","保育園・幼児教育・習い事の新商品・新サービス発売サムネイル（ポップ・カラフル）","上級"
"BNR-06062","美容クリニックのハウツー・ノウハウ投稿SNS画像（信頼・誠実（コーポレート））","プロ（演出多め）"
"BNR-06063","歯科医院のハウツー・ノウハウ投稿バナー（ナチュラル・オーガニック）","プロ（演出多め）"
"BNR-06064","レストラン・居酒屋のイベント・セミナー告知SNS画像（レトロ・Y2K）","プロ（演出多め）"
"BNR-06065","食品・産直ECの新商品・新サービス発売バナー（和モダン）","中級"
"BNR-06066","採用・求人のブランディング・認知SNS画像（ポップ・カラフル）","プロ（演出多め）"
"BNR-06067","金融・保険・投資の比較・ランキングサムネイル（クール・テック）","プロ（演出多め）"
"BNR-06068","YouTuber・インフルエンサーのお知らせ・営業案内バナー（ネオン・サイバー）","上級"
"BNR-06069","エステ・脱毛サロンの採用・求人バナー（3D・クレイ）","中級"
"BNR-06070","ゲーム・eスポーツのお客様の声・口コミSNS画像（ネオン・サイバー）","上級"
"BNR-06071","コスメ・スキンケアのブランディング・認知SNS画像（パステル・ドリーミー）","プロ（演出多め）"
"BNR-06072","自動車・バイクの無料体験・無料相談SNS画像（ダーク・シネマティック）","上級"
"BNR-06073","NPO・地方自治体の採用・求人バナー（ナチュラル・オーガニック）","プロ（演出多め）"
"BNR-06074","農業・地方の生産者のブランディング・認知SNS画像（和モダン）","上級"
"BNR-06075","自動車・バイクの診断・クイズバナー（ラグジュアリー・高級感）","中級"
"BNR-06076","農業・地方の生産者の資料請求・ホワイトペーパーバナー（ナチュラル・オーガニック）","プロ（演出多め）"
"BNR-06077","保育園・幼児教育・習い事の診断・クイズサムネイル（ハンドメイド・手書き）","上級"
"BNR-06078","スクール・オンライン講座の比較・ランキングSNS画像（信頼・誠実（コーポレート））","プロ（演出多め）"
"BNR-06079","食品・産直ECの診断・クイズバナー（ハンドメイド・手書き）","上級"
"BNR-06080","ゲーム・eスポーツのハウツー・ノウハウ投稿バナー（ミニマル・洗練）","プロ（演出多め）"
"BNR-06081","採用・求人の診断・クイズバナー（ポップ・カラフル）","上級"
"BNR-06082","美容クリニックのキャンペーン・プレゼントバナー（信頼・誠実（コーポレート））","プロ（演出多め）"
"BNR-06083","保育園・幼児教育・習い事のブランディング・認知バナー（ポップ・カラフル）","上級"
"BNR-06084","英会話・語学のお知らせ・営業案内SNS画像（信頼・誠実（コーポレート））","上級"
"BNR-06085","パーソナルジム・フィットネスの無料体験・無料相談バナー（エネルギッシュ・スポーティ）","プロ（演出多め）"
"BNR-06086","プログラミングスクールのビフォーアフター・実績SNS画像（3D・クレイ）","上級"
"BNR-06087","サウナ・温浴施設の比較・ランキングバナー（ラグジュアリー・高級感）","プロ（演出多め）"
"BNR-06088","コンサル・コーチングのセール・割引告知SNS画像（エディトリアル・雑誌風）","プロ（演出多め）"
"BNR-06089","不動産・マンションの資料請求・ホワイトペーパーバナー（グラスモーフィズム）","プロ（演出多め）"
"BNR-06090","美容クリニックの新商品・新サービス発売SNS画像（信頼・誠実（コーポレート））","上級"
"BNR-06091","レストラン・居酒屋のハウツー・ノウハウ投稿バナー（レトロ・Y2K）","プロ（演出多め）"
"BNR-06092","エステ・脱毛サロンの採用・求人SNS画像（かわいい・ガーリー）","中級"
"BNR-06093","引越し・生活サービスのお客様の声・口コミSNS画像（信頼・誠実（コーポレート））","上級"
"BNR-06094","ホテル・旅館の資料請求・ホワイトペーパーバナー（ミニマル・洗練）","上級"
"BNR-06095","農業・地方の生産者の採用・求人バナー（信頼・誠実（コーポレート））","プロ（演出多め）"
"BNR-06096","占い・スピリチュアルのハウツー・ノウハウ投稿SNS画像（ダーク・シネマティック）","上級"
"BNR-06097","カフェ・ベーカリーのキャンペーン・プレゼントバナー（ナチュラル・オーガニック）","上級"
"BNR-06098","ゲーム・eスポーツのセール・割引告知バナー（レトロ・Y2K）","上級"
"BNR-06099","農業・地方の生産者の無料体験・無料相談SNS画像（ナチュラル・オーガニック）","上級"
"BNR-06100","士業（税理士・弁護士・行政書士）の無料体験・無料相談SNS画像（和モダン）","上級"
"BNR-06101","引越し・生活サービスのハウツー・ノウハウ投稿バナー（3D・クレイ）","プロ（演出多め）"
"BNR-06102","和菓子・スイーツのブランディング・認知SNS画像（パステル・ドリーミー）","プロ（演出多め）"
"BNR-06103","AIサービス・スタートアップの新商品・新サービス発売SNS画像（クール・テック）","上級"
"BNR-06104","音楽・ライブ・イベントのイベント・セミナー告知バナー（レトロ・Y2K）","プロ（演出多め）"
"BNR-06105","パーソナルジム・フィットネスのブランディング・認知SNS画像（エネルギッシュ・スポーティ）","上級"
"BNR-06106","パーソナルジム・フィットネスのブランディング・認知バナー（エネルギッシュ・スポーティ）","上級"
"BNR-06107","内科・クリニックの診断・クイズバナー（北欧・ライフスタイル）","プロ（演出多め）"
"BNR-06108","Web制作・デザイン事務所のYouTube動画の興味喚起サムネイル（ジオメトリック・グラフィカル）","中級"
"BNR-06109","士業（税理士・弁護士・行政書士）のセール・割引告知SNS画像（和モダン）","プロ（演出多め）"
"BNR-06110","美容室・ヘアサロンのキャンペーン・プレゼントバナー（ミニマル・洗練）","中級"
"BNR-06111","カフェ・ベーカリーの診断・クイズSNS画像（ハンドメイド・手書き）","プロ（演出多め）"
"BNR-06112","Web制作・デザイン事務所のキャンペーン・プレゼントSNS画像（ダーク・シネマティック）","上級"
"BNR-06113","YouTuber・インフルエンサーの採用・求人SNS画像（ネオン・サイバー）","プロ（演出多め）"
"BNR-06114","占い・スピリチュアルの診断・クイズSNS画像（ダーク・シネマティック）","プロ（演出多め）"
"BNR-06115","コスメ・スキンケアのハウツー・ノウハウ投稿サムネイル（北欧・ライフスタイル）","プロ（演出多め）"
"BNR-06116","パーソナルジム・フィットネスのキャンペーン・プレゼントSNS画像（クール・テック）","上級"
"BNR-06117","プログラミングスクールの資料請求・ホワイトペーパーSNS画像（3D・クレイ）","中級"
"BNR-06118","アパレル・ファッションECのセール・割引告知SNS画像（ニューブルータリズム）","プロ（演出多め）"
"BNR-06119","観光・地域プロモーションの無料体験・無料相談SNS画像（和モダン）","中級"
"BNR-06120","ヨガ・ピラティスの診断・クイズバナー（ミニマル・洗練）","上級"
"BNR-06121","音楽・ライブ・イベントのお客様の声・口コミバナー（3D・クレイ）","上級"
"BNR-06122","スマホアプリのキャンペーン・プレゼントバナー（ニューブルータリズム）","プロ（演出多め）"
"BNR-06123","内科・クリニックの診断・クイズバナー（ミニマル・洗練）","プロ（演出多め）"
"BNR-06124","美容室・ヘアサロンのハウツー・ノウハウ投稿バナー（ミニマル・洗練）","プロ（演出多め）"
"BNR-06125","AIサービス・スタートアップのハウツー・ノウハウ投稿SNS画像（ネオン・サイバー）","上級"
"BNR-06126","ホテル・旅館の採用・求人SNS画像（ジオメトリック・グラフィカル）","中級"
"BNR-06127","金融・保険・投資のイベント・セミナー告知SNS画像（信頼・誠実（コーポレート））","中級"
"BNR-06128","英会話・語学のお客様の声・口コミSNS画像（ネオン・サイバー）","上級"
"BNR-06129","ヨガ・ピラティスの診断・クイズバナー（ラグジュアリー・高級感）","上級"
"BNR-06130","和菓子・スイーツの新商品・新サービス発売SNS画像（かわいい・ガーリー）","上級"
"BNR-06131","SaaS・BtoBツールの採用・求人SNS画像（クール・テック）","プロ（演出多め）"
"BNR-06132","パーソナルジム・フィットネスの診断・クイズSNS画像（ダーク・シネマティック）","プロ（演出多め）"
"BNR-06133","ペット・トリミング・動物病院のセール・割引告知SNS画像（ナチュラル・オーガニック）","プロ（演出多め）"
"BNR-06134","金融・保険・投資の採用・求人SNS画像（クール・テック）","プロ（演出多め）"
"BNR-06135","農業・地方の生産者のハウツー・ノウハウ投稿バナー（ハンドメイド・手書き）","中級"
"BNR-06136","プログラミングスクールの採用・求人バナー（クール・テック）","上級"
"BNR-06137","音楽・ライブ・イベントの新商品・新サービス発売SNS画像（レトロ・Y2K）","上級"
"BNR-06138","コスメ・スキンケアの資料請求・ホワイトペーパーSNS画像（パステル・ドリーミー）","プロ（演出多め）"
"BNR-06139","工務店・注文住宅・リフォームの新商品・新サービス発売SNS画像（ナチュラル・オーガニック）","中級"
"BNR-06140","クラウドファンディング・新商品のセール・割引告知SNS画像（ミニマル・洗練）","プロ（演出多め）"
"BNR-06141","士業（税理士・弁護士・行政書士）のキャンペーン・プレゼントバナー（和モダン）","上級"
"BNR-06142","スマホアプリのハウツー・ノウハウ投稿SNS画像（ポップ・カラフル）","プロ（演出多め）"
"BNR-06143","スクール・オンライン講座のお客様の声・口コミSNS画像（ポップ・カラフル）","上級"
"BNR-06144","建築設計事務所のハウツー・ノウハウ投稿SNS画像（ミニマル・洗練）","上級"
"BNR-06145","パーソナルジム・フィットネスの比較・ランキングサムネイル（エネルギッシュ・スポーティ）","上級"
"BNR-06146","コンサル・コーチングのブランディング・認知SNS画像（エディトリアル・雑誌風）","プロ（演出多め）"
"BNR-06147","スマホアプリのブランディング・認知バナー（3D・クレイ）","プロ（演出多め）"
"BNR-06148","YouTuber・インフルエンサーのお知らせ・営業案内SNS画像（クール・テック）","プロ（演出多め）"
"BNR-06149","建築設計事務所のイベント・セミナー告知SNS画像（エディトリアル・雑誌風）","上級"
"BNR-06150","保育園・幼児教育・習い事の採用・求人SNS画像（ナチュラル・オーガニック）","中級"
"BNR-06151","パーソナルジム・フィットネスの新商品・新サービス発売バナー（クール・テック）","上級"
"BNR-06152","士業（税理士・弁護士・行政書士）の診断・クイズSNS画像（信頼・誠実（コーポレート））","プロ（演出多め）"
"BNR-06153","ホテル・旅館のハウツー・ノウハウ投稿SNS画像（ラグジュアリー・高級感）","上級"
"BNR-06154","和菓子・スイーツの比較・ランキングSNS画像（ナチュラル・オーガニック）","プロ（演出多め）"
"BNR-06155","食品・産直ECのセール・割引告知バナー（ナチュラル・オーガニック）","上級"
"BNR-06156","ヨガ・ピラティスのセール・割引告知バナー（ポップ・カラフル）","プロ（演出多め）"
"BNR-06157","不動産・マンションの比較・ランキングSNS画像（ミニマル・洗練）","上級"
"BNR-06158","歯科医院のビフォーアフター・実績SNS画像（信頼・誠実（コーポレート））","上級"
"BNR-06159","カフェ・ベーカリーのブランディング・認知バナー（ナチュラル・オーガニック）","中級"
"BNR-06160","引越し・生活サービスの新商品・新サービス発売バナー（ポップ・カラフル）","上級"
"BNR-06161","観光・地域プロモーションのハウツー・ノウハウ投稿バナー（ナチュラル・オーガニック）","プロ（演出多め）"
"BNR-06162","引越し・生活サービスの採用・求人バナー（ポップ・カラフル）","上級"
"BNR-06163","採用・求人のお客様の声・口コミSNS画像（ジオメトリック・グラフィカル）","中級"
"BNR-06164","内科・クリニックのイベント・セミナー告知SNS画像（ナチュラル・オーガニック）","上級"
"BNR-06165","サウナ・温浴施設のお知らせ・営業案内バナー（ニューブルータリズム）","中級"
"BNR-06166","自動車・バイクの比較・ランキングバナー（ダーク・シネマティック）","中級"
"BNR-06167","食品・産直ECの新商品・新サービス発売SNS画像（グラスモーフィズム）","プロ（演出多め）"
"BNR-06168","内科・クリニックのお知らせ・営業案内SNS画像（北欧・ライフスタイル）","上級"
"BNR-06169","歯科医院のブランディング・認知SNS画像（ポップ・カラフル）","プロ（演出多め）"
"BNR-06170","スクール・オンライン講座のお知らせ・営業案内SNS画像（クール・テック）","プロ（演出多め）"
"BNR-06171","コンサル・コーチングのセール・割引告知SNS画像（ミニマル・洗練）","プロ（演出多め）"
"BNR-06172","クラウドファンディング・新商品のビフォーアフター・実績バナー（クール・テック）","上級"
"BNR-06173","コンサル・コーチングのイベント・セミナー告知SNS画像（エディトリアル・雑誌風）","上級"
"BNR-06174","美容クリニックのキャンペーン・プレゼントSNS画像（ラグジュアリー・高級感）","上級"
"BNR-06175","スマホアプリのイベント・セミナー告知バナー（グラスモーフィズム）","プロ（演出多め）"
"BNR-06176","不動産・マンションの診断・クイズバナー（信頼・誠実（コーポレート））","上級"
"BNR-06177","ゲーム・eスポーツのイベント・セミナー告知バナー（ダーク・シネマティック）","プロ（演出多め）"
"BNR-06178","AIサービス・スタートアップのイベント・セミナー告知SNS画像（ネオン・サイバー）","プロ（演出多め）"
"BNR-06179","美容クリニックの資料請求・ホワイトペーパーバナー（ミニマル・洗練）","プロ（演出多め）"
"BNR-06180","カフェ・ベーカリーの無料体験・無料相談SNS画像（ナチュラル・オーガニック）","中級"
"BNR-06181","工務店・注文住宅・リフォームのイベント・セミナー告知SNS画像（北欧・ライフスタイル）","プロ（演出多め）"
"BNR-06182","AIサービス・スタートアップのブランディング・認知バナー（クール・テック）","中級"
"BNR-06183","スクール・オンライン講座のお知らせ・営業案内バナー（信頼・誠実（コーポレート））","上級"
"BNR-06184","NPO・地方自治体のキャンペーン・プレゼントバナー（ナチュラル・オーガニック）","上級"
"BNR-06185","AIサービス・スタートアップの資料請求・ホワイトペーパーバナー（ミニマル・洗練）","中級"
"BNR-06186","保育園・幼児教育・習い事のセール・割引告知バナー（ナチュラル・オーガニック）","上級"
"BNR-06187","コスメ・スキンケアの比較・ランキングSNS画像（グラスモーフィズム）","上級"
"BNR-06188","採用・求人のセール・割引告知バナー（ジオメトリック・グラフィカル）","上級"
"BNR-06189","英会話・語学のイベント・セミナー告知SNS画像（ジオメトリック・グラフィカル）","プロ（演出多め）"
"BNR-06190","コンサル・コーチングのお知らせ・営業案内バナー（ミニマル・洗練）","上級"
"BNR-06191","コスメ・スキンケアのビフォーアフター・実績バナー（ミニマル・洗練）","プロ（演出多め）"
"BNR-06192","ウェディング・結婚相談所の診断・クイズSNS画像（ポップ・カラフル）","上級"
"BNR-06193","AIサービス・スタートアップのセール・割引告知SNS画像（ネオン・サイバー）","上級"
"BNR-06194","占い・スピリチュアルのビフォーアフター・実績サムネイル（パステル・ドリーミー）","中級"
"BNR-06195","採用・求人のブランディング・認知SNS画像（ポップ・カラフル）","プロ（演出多め）"
"BNR-06196","士業（税理士・弁護士・行政書士）のブランディング・認知SNS画像（信頼・誠実（コーポレート））","プロ（演出多め）"
"BNR-06197","美容室・ヘアサロンの新商品・新サービス発売SNS画像（信頼・誠実（コーポレート））","上級"
"BNR-06198","ホテル・旅館のお知らせ・営業案内バナー（ラグジュアリー・高級感）","プロ（演出多め）"
"BNR-06199","不動産・マンションのイベント・セミナー告知SNS画像（北欧・ライフスタイル）","プロ（演出多め）"
"BNR-06200","ヨガ・ピラティスの採用・求人SNS画像（北欧・ライフスタイル）","上級"
"BNR-06201","カフェ・ベーカリーのビフォーアフター・実績SNS画像（エディトリアル・雑誌風）","上級"
"BNR-06202","美容室・ヘアサロンのキャンペーン・プレゼントバナー（かわいい・ガーリー）","中級"
"BNR-06203","歯科医院の比較・ランキングバナー（ナチュラル・オーガニック）","上級"
"BNR-06204","クラウドファンディング・新商品の新商品・新サービス発売SNS画像（クール・テック）","上級"
"BNR-06205","保育園・幼児教育・習い事のビフォーアフター・実績SNS画像（ハンドメイド・手書き）","上級"
"BNR-06206","エステ・脱毛サロンのキャンペーン・プレゼントSNS画像（ラグジュアリー・高級感）","上級"
"BNR-06207","金融・保険・投資のビフォーアフター・実績バナー（信頼・誠実（コーポレート））","上級"
"BNR-06208","農業・地方の生産者のハウツー・ノウハウ投稿バナー（ナチュラル・オーガニック）","上級"
"BNR-06209","SaaS・BtoBツールのお知らせ・営業案内SNS画像（ミニマル・洗練）","プロ（演出多め）"
"BNR-06210","占い・スピリチュアルの資料請求・ホワイトペーパーバナー（ダーク・シネマティック）","プロ（演出多め）"
"BNR-06211","保育園・幼児教育・習い事のブランディング・認知SNS画像（かわいい・ガーリー）","上級"
"BNR-06212","引越し・生活サービスのお客様の声・口コミバナー（3D・クレイ）","プロ（演出多め）"
"BNR-06213","引越し・生活サービスのセール・割引告知SNS画像（信頼・誠実（コーポレート））","プロ（演出多め）"
"BNR-06214","ウェディング・結婚相談所の新商品・新サービス発売SNS画像（かわいい・ガーリー）","プロ（演出多め）"
"BNR-06215","クラウドファンディング・新商品の新商品・新サービス発売SNS画像（パステル・ドリーミー）","上級"
"BNR-06216","和菓子・スイーツのYouTube動画の興味喚起サムネイル（ネオン・サイバー）","プロ（演出多め）"
"BNR-06217","スクール・オンライン講座のハウツー・ノウハウ投稿バナー（3D・クレイ）","プロ（演出多め）"
"BNR-06218","スマホアプリの資料請求・ホワイトペーパーSNS画像（ポップ・カラフル）","プロ（演出多め）"
"BNR-06219","占い・スピリチュアルのお客様の声・口コミSNS画像（パステル・ドリーミー）","プロ（演出多め）"
"BNR-06220","YouTuber・インフルエンサーのお知らせ・営業案内バナー（ニューブルータリズム）","上級"
"BNR-06221","士業（税理士・弁護士・行政書士）のお客様の声・口コミSNS画像（信頼・誠実（コーポレート））","プロ（演出多め）"
"BNR-06222","英会話・語学の比較・ランキングサムネイル（ポップ・カラフル）","上級"
"BNR-06223","アパレル・ファッションECの新商品・新サービス発売バナー（エディトリアル・雑誌風）","上級"
"BNR-06224","カフェ・ベーカリーのお知らせ・営業案内バナー（ナチュラル・オーガニック）","プロ（演出多め）"
"BNR-06225","ゲーム・eスポーツの資料請求・ホワイトペーパーバナー（エネルギッシュ・スポーティ）","中級"
"BNR-06226","美容室・ヘアサロンの資料請求・ホワイトペーパーSNS画像（ミニマル・洗練）","上級"
"BNR-06227","ヨガ・ピラティスのお知らせ・営業案内バナー（パステル・ドリーミー）","プロ（演出多め）"
"BNR-06228","サウナ・温浴施設のお知らせ・営業案内バナー（和モダン）","プロ（演出多め）"
"BNR-06229","コンサル・コーチングの無料体験・無料相談バナー（信頼・誠実（コーポレート））","上級"
"BNR-06230","アパレル・ファッションECのハウツー・ノウハウ投稿バナー（ニューブルータリズム）","上級"
"BNR-06231","プログラミングスクールのお知らせ・営業案内バナー（3D・クレイ）","プロ（演出多め）"
"BNR-06232","パーソナルジム・フィットネスのキャンペーン・プレゼントSNS画像（エネルギッシュ・スポーティ）","プロ（演出多め）"
"BNR-06233","コンサル・コーチングのハウツー・ノウハウ投稿SNS画像（ミニマル・洗練）","中級"
"BNR-06234","自動車・バイクの新商品・新サービス発売SNS画像（ラグジュアリー・高級感）","上級"
"BNR-06235","アパレル・ファッションECの無料体験・無料相談バナー（エディトリアル・雑誌風）","中級"
"BNR-06236","パーソナルジム・フィットネスのお客様の声・口コミSNS画像（クール・テック）","プロ（演出多め）"
"BNR-06237","ゲーム・eスポーツのブランディング・認知バナー（ネオン・サイバー）","中級"
"BNR-06238","スクール・オンライン講座のハウツー・ノウハウ投稿バナー（ポップ・カラフル）","プロ（演出多め）"
"BNR-06239","建築設計事務所のキャンペーン・プレゼントSNS画像（ミニマル・洗練）","プロ（演出多め）"
"BNR-06240","コンサル・コーチングの採用・求人バナー（信頼・誠実（コーポレート））","上級"
"BNR-06241","内科・クリニックの新商品・新サービス発売SNS画像（ナチュラル・オーガニック）","中級"
"BNR-06242","内科・クリニックのブランディング・認知バナー（信頼・誠実（コーポレート））","上級"
"BNR-06243","ゲーム・eスポーツの採用・求人SNS画像（ネオン・サイバー）","プロ（演出多め）"
"BNR-06244","引越し・生活サービスの資料請求・ホワイトペーパーバナー（信頼・誠実（コーポレート））","プロ（演出多め）"
"BNR-06245","和菓子・スイーツの無料体験・無料相談バナー（和モダン）","プロ（演出多め）"
"BNR-06246","建築設計事務所のセール・割引告知SNS画像（エディトリアル・雑誌風）","上級"
"BNR-06247","SaaS・BtoBツールの診断・クイズSNS画像（ミニマル・洗練）","プロ（演出多め）"
"BNR-06248","クラウドファンディング・新商品のイベント・セミナー告知SNS画像（ダーク・シネマティック）","上級"
"BNR-06249","コスメ・スキンケアのブランディング・認知SNS画像（パステル・ドリーミー）","プロ（演出多め）"
"BNR-06250","英会話・語学のYouTube動画の興味喚起サムネイル（信頼・誠実（コーポレート））","中級"
"BNR-06251","士業（税理士・弁護士・行政書士）の採用・求人SNS画像（ポップ・カラフル）","中級"
"BNR-06252","引越し・生活サービスのハウツー・ノウハウ投稿バナー（ポップ・カラフル）","プロ（演出多め）"
"BNR-06253","金融・保険・投資のハウツー・ノウハウ投稿バナー（ミニマル・洗練）","プロ（演出多め）"
"BNR-06254","ウェディング・結婚相談所の資料請求・ホワイトペーパーSNS画像（ミニマル・洗練）","プロ（演出多め）"
"BNR-06255","サウナ・温浴施設の採用・求人SNS画像（和モダン）","上級"
"BNR-06256","AIサービス・スタートアップの資料請求・ホワイトペーパーSNS画像（ネオン・サイバー）","上級"
"BNR-06257","建築設計事務所のキャンペーン・プレゼントバナー（エディトリアル・雑誌風）","上級"
"BNR-06258","美容室・ヘアサロンの比較・ランキングバナー（ラグジュアリー・高級感）","プロ（演出多め）"
"BNR-06259","コンサル・コーチングの無料体験・無料相談SNS画像（信頼・誠実（コーポレート））","プロ（演出多め）"
"BNR-06260","食品・産直ECの採用・求人バナー（ハンドメイド・手書き）","プロ（演出多め）"
"BNR-06261","引越し・生活サービスの診断・クイズサムネイル（ポップ・カラフル）","プロ（演出多め）"
"BNR-06262","クラウドファンディング・新商品のセール・割引告知SNS画像（クール・テック）","プロ（演出多め）"
"BNR-06263","YouTuber・インフルエンサーのハウツー・ノウハウ投稿SNS画像（かわいい・ガーリー）","中級"
"BNR-06264","クラウドファンディング・新商品のビフォーアフター・実績バナー（クール・テック）","上級"
"BNR-06265","英会話・語学の無料体験・無料相談バナー（ジオメトリック・グラフィカル）","プロ（演出多め）"
"BNR-06266","食品・産直ECのハウツー・ノウハウ投稿バナー（ポップ・カラフル）","プロ（演出多め）"
"BNR-06267","歯科医院の採用・求人SNS画像（パステル・ドリーミー）","プロ（演出多め）"
"BNR-06268","美容室・ヘアサロンのブランディング・認知SNS画像（エディトリアル・雑誌風）","プロ（演出多め）"
"BNR-06269","プログラミングスクールの診断・クイズSNS画像（ネオン・サイバー）","上級"
"BNR-06270","コンサル・コーチングの診断・クイズバナー（エディトリアル・雑誌風）","中級"
"BNR-06271","ペット・トリミング・動物病院のブランディング・認知SNS画像（3D・クレイ）","プロ（演出多め）"
"BNR-06272","AIサービス・スタートアップの資料請求・ホワイトペーパーSNS画像（ミニマル・洗練）","上級"
"BNR-06273","アパレル・ファッションECのお客様の声・口コミSNS画像（ニューブルータリズム）","プロ（演出多め）"
"BNR-06274","英会話・語学のビフォーアフター・実績SNS画像（3D・クレイ）","上級"
"BNR-06275","ゲーム・eスポーツのお知らせ・営業案内バナー（エネルギッシュ・スポーティ）","プロ（演出多め）"
"BNR-06276","歯科医院のキャンペーン・プレゼントSNS画像（信頼・誠実（コーポレート））","上級"
"BNR-06277","アパレル・ファッションECのブランディング・認知SNS画像（和モダン）","上級"
"BNR-06278","ゲーム・eスポーツのイベント・セミナー告知SNS画像（ネオン・サイバー）","上級"
"BNR-06279","クラウドファンディング・新商品の比較・ランキングSNS画像（ポップ・カラフル）","プロ（演出多め）"
"BNR-06280","工務店・注文住宅・リフォームのイベント・セミナー告知SNS画像（ナチュラル・オーガニック）","上級"
"BNR-06281","ホテル・旅館の採用・求人バナー（ラグジュアリー・高級感）","プロ（演出多め）"
"BNR-06282","スマホアプリの資料請求・ホワイトペーパーバナー（ポップ・カラフル）","プロ（演出多め）"
"BNR-06283","プログラミングスクールの無料体験・無料相談バナー（ナチュラル・オーガニック）","上級"
"BNR-06284","美容室・ヘアサロンの無料体験・無料相談SNS画像（北欧・ライフスタイル）","プロ（演出多め）"
"BNR-06285","コスメ・スキンケアのセール・割引告知バナー（ミニマル・洗練）","上級"
"BNR-06286","コンサル・コーチングの診断・クイズSNS画像（ラグジュアリー・高級感）","上級"
"BNR-06287","スマホアプリの比較・ランキングSNS画像（グラスモーフィズム）","プロ（演出多め）"
"BNR-06288","アパレル・ファッションECの比較・ランキングバナー（エディトリアル・雑誌風）","プロ（演出多め）"
"BNR-06289","Web制作・デザイン事務所のお知らせ・営業案内SNS画像（エディトリアル・雑誌風）","中級"
"BNR-06290","占い・スピリチュアルのビフォーアフター・実績SNS画像（パステル・ドリーミー）","プロ（演出多め）"
"BNR-06291","カフェ・ベーカリーのお客様の声・口コミSNS画像（ナチュラル・オーガニック）","プロ（演出多め）"
"BNR-06292","美容クリニックのビフォーアフター・実績バナー（信頼・誠実（コーポレート））","上級"
"BNR-06293","農業・地方の生産者の比較・ランキングバナー（ナチュラル・オーガニック）","プロ（演出多め）"
"BNR-06294","内科・クリニックの診断・クイズバナー（ナチュラル・オーガニック）","プロ（演出多め）"
"BNR-06295","保育園・幼児教育・習い事のお客様の声・口コミSNS画像（ハンドメイド・手書き）","上級"
"BNR-06296","AIサービス・スタートアップのセール・割引告知バナー（ミニマル・洗練）","上級"
"BNR-06297","美容室・ヘアサロンのキャンペーン・プレゼントバナー（ラグジュアリー・高級感）","プロ（演出多め）"
"BNR-06298","保育園・幼児教育・習い事の無料体験・無料相談SNS画像（ハンドメイド・手書き）","上級"
"BNR-06299","工務店・注文住宅・リフォームの資料請求・ホワイトペーパーバナー（エネルギッシュ・スポーティ）","上級"
"BNR-06300","美容室・ヘアサロンのお知らせ・営業案内バナー（ラグジュアリー・高級感）","プロ（演出多め）"
"BNR-06301","コスメ・スキンケアの採用・求人SNS画像（ラグジュアリー・高級感）","プロ（演出多め）"
"BNR-06302","ウェディング・結婚相談所の比較・ランキングSNS画像（ラグジュアリー・高級感）","プロ（演出多め）"
"BNR-06303","占い・スピリチュアルの比較・ランキングSNS画像（ダーク・シネマティック）","プロ（演出多め）"
"BNR-06304","自動車・バイクの採用・求人バナー（クール・テック）","プロ（演出多め）"
"BNR-06305","金融・保険・投資の比較・ランキングSNS画像（ミニマル・洗練）","プロ（演出多め）"
"BNR-06306","コスメ・スキンケアのイベント・セミナー告知SNS画像（ラグジュアリー・高級感）","プロ（演出多め）"
"BNR-06307","金融・保険・投資のキャンペーン・プレゼントバナー（信頼・誠実（コーポレート））","プロ（演出多め）"
"BNR-06308","採用・求人の新商品・新サービス発売バナー（ダーク・シネマティック）","中級"
"BNR-06309","プログラミングスクールの診断・クイズSNS画像（ポップ・カラフル）","上級"
"BNR-06310","ゲーム・eスポーツのハウツー・ノウハウ投稿SNS画像（エネルギッシュ・スポーティ）","上級"
"BNR-06311","音楽・ライブ・イベントの診断・クイズサムネイル（ネオン・サイバー）","プロ（演出多め）"
"BNR-06312","サウナ・温浴施設のキャンペーン・プレゼントSNS画像（ニューブルータリズム）","プロ（演出多め）"
"BNR-06313","ホテル・旅館の採用・求人バナー（ダーク・シネマティック）","上級"
"BNR-06314","サウナ・温浴施設のセール・割引告知バナー（和モダン）","中級"
"BNR-06315","アパレル・ファッションECの診断・クイズSNS画像（レトロ・Y2K）","中級"
"BNR-06316","金融・保険・投資のイベント・セミナー告知SNS画像（北欧・ライフスタイル）","上級"
"BNR-06317","金融・保険・投資のセール・割引告知SNS画像（クール・テック）","プロ（演出多め）"
"BNR-06318","観光・地域プロモーションの比較・ランキングSNS画像（ハンドメイド・手書き）","中級"
"BNR-06319","アパレル・ファッションECの診断・クイズバナー（レトロ・Y2K）","プロ（演出多め）"
"BNR-06320","美容室・ヘアサロンのビフォーアフター・実績バナー（ジオメトリック・グラフィカル）","中級"
"BNR-06321","和菓子・スイーツのキャンペーン・プレゼントバナー（ラグジュアリー・高級感）","上級"
"BNR-06322","コンサル・コーチングの新商品・新サービス発売バナー（ラグジュアリー・高級感）","プロ（演出多め）"
"BNR-06323","歯科医院のキャンペーン・プレゼントSNS画像（ナチュラル・オーガニック）","プロ（演出多め）"
"BNR-06324","ホテル・旅館のビフォーアフター・実績SNS画像（ラグジュアリー・高級感）","プロ（演出多め）"
"BNR-06325","ペット・トリミング・動物病院の無料体験・無料相談バナー（3D・クレイ）","中級"
"BNR-06326","パーソナルジム・フィットネスのブランディング・認知バナー（ダーク・シネマティック）","プロ（演出多め）"
"BNR-06327","内科・クリニックのお客様の声・口コミSNS画像（ナチュラル・オーガニック）","プロ（演出多め）"
"BNR-06328","スクール・オンライン講座の比較・ランキングバナー（ポップ・カラフル）","上級"
"BNR-06329","AIサービス・スタートアップのセール・割引告知SNS画像（3D・クレイ）","上級"
"BNR-06330","プログラミングスクールの診断・クイズバナー（ナチュラル・オーガニック）","プロ（演出多め）"
"BNR-06331","ペット・トリミング・動物病院のブランディング・認知SNS画像（ダーク・シネマティック）","中級"
"BNR-06332","ゲーム・eスポーツの新商品・新サービス発売サムネイル（エネルギッシュ・スポーティ）","上級"
"BNR-06333","パーソナルジム・フィットネスのお知らせ・営業案内SNS画像（エネルギッシュ・スポーティ）","上級"
"BNR-06334","ペット・トリミング・動物病院の資料請求・ホワイトペーパーバナー（パステル・ドリーミー）","中級"
"BNR-06335","スマホアプリの新商品・新サービス発売SNS画像（3D・クレイ）","プロ（演出多め）"
"BNR-06336","ペット・トリミング・動物病院の採用・求人バナー（ハンドメイド・手書き）","プロ（演出多め）"
"BNR-06337","パーソナルジム・フィットネスのブランディング・認知バナー（ダーク・シネマティック）","上級"
"BNR-06338","スクール・オンライン講座のお客様の声・口コミバナー（クール・テック）","中級"
"BNR-06339","内科・クリニックの比較・ランキングSNS画像（北欧・ライフスタイル）","上級"
"BNR-06340","占い・スピリチュアルのお客様の声・口コミSNS画像（パステル・ドリーミー）","プロ（演出多め）"
"BNR-06341","ゲーム・eスポーツのお客様の声・口コミSNS画像（ダーク・シネマティック）","上級"
"BNR-06342","士業（税理士・弁護士・行政書士）のブランディング・認知バナー（ジオメトリック・グラフィカル）","プロ（演出多め）"
"BNR-06343","英会話・語学のセール・割引告知バナー（ポップ・カラフル）","上級"
"BNR-06344","美容クリニックのハウツー・ノウハウ投稿SNS画像（3D・クレイ）","プロ（演出多め）"
"BNR-06345","ホテル・旅館のブランディング・認知バナー（ダーク・シネマティック）","プロ（演出多め）"
"BNR-06346","工務店・注文住宅・リフォームのビフォーアフター・実績バナー（北欧・ライフスタイル）","中級"
"BNR-06347","コスメ・スキンケアのお客様の声・口コミSNS画像（ラグジュアリー・高級感）","上級"
"BNR-06348","歯科医院のキャンペーン・プレゼントSNS画像（ダーク・シネマティック）","中級"
"BNR-06349","サウナ・温浴施設の新商品・新サービス発売SNS画像（レトロ・Y2K）","プロ（演出多め）"
"BNR-06350","スクール・オンライン講座のイベント・セミナー告知SNS画像（信頼・誠実（コーポレート））","プロ（演出多め）"
"BNR-06351","不動産・マンションのイベント・セミナー告知SNS画像（ダーク・シネマティック）","中級"
"BNR-06352","エステ・脱毛サロンのお知らせ・営業案内SNS画像（ミニマル・洗練）","上級"
"BNR-06353","ヨガ・ピラティスの採用・求人SNS画像（ナチュラル・オーガニック）","プロ（演出多め）"
"BNR-06354","YouTuber・インフルエンサーのブランディング・認知バナー（かわいい・ガーリー）","上級"
"BNR-06355","コンサル・コーチングのイベント・セミナー告知SNS画像（エディトリアル・雑誌風）","プロ（演出多め）"
"BNR-06356","コンサル・コーチングのブランディング・認知SNS画像（ミニマル・洗練）","プロ（演出多め）"
"BNR-06357","歯科医院の比較・ランキングバナー（信頼・誠実（コーポレート））","上級"
"BNR-06358","ゲーム・eスポーツの比較・ランキングSNS画像（レトロ・Y2K）","上級"
"BNR-06359","保育園・幼児教育・習い事のブランディング・認知バナー（パステル・ドリーミー）","プロ（演出多め）"
"BNR-06360","和菓子・スイーツのお客様の声・口コミSNS画像（ネオン・サイバー）","プロ（演出多め）"
"BNR-06361","和菓子・スイーツの診断・クイズSNS画像（エネルギッシュ・スポーティ）","中級"
"BNR-06362","コスメ・スキンケアのセール・割引告知バナー（パステル・ドリーミー）","上級"
"BNR-06363","金融・保険・投資の診断・クイズSNS画像（ミニマル・洗練）","中級"
"BNR-06364","食品・産直ECのブランディング・認知バナー（ポップ・カラフル）","プロ（演出多め）"
"BNR-06365","音楽・ライブ・イベントの比較・ランキングSNS画像（ニューブルータリズム）","プロ（演出多め）"
"BNR-06366","工務店・注文住宅・リフォームのお知らせ・営業案内バナー（ナチュラル・オーガニック）","上級"
"BNR-06367","英会話・語学のお客様の声・口コミSNS画像（ジオメトリック・グラフィカル）","中級"
"BNR-06368","観光・地域プロモーションのキャンペーン・プレゼントバナー（ハンドメイド・手書き）","プロ（演出多め）"
"BNR-06369","食品・産直ECのお知らせ・営業案内バナー（ハンドメイド・手書き）","中級"
"BNR-06370","NPO・地方自治体のブランディング・認知バナー（信頼・誠実（コーポレート））","プロ（演出多め）"
"BNR-06371","工務店・注文住宅・リフォームの新商品・新サービス発売SNS画像（北欧・ライフスタイル）","中級"
"BNR-06372","カフェ・ベーカリーの資料請求・ホワイトペーパーSNS画像（北欧・ライフスタイル）","プロ（演出多め）"
"BNR-06373","サウナ・温浴施設のイベント・セミナー告知SNS画像（ニューブルータリズム）","プロ（演出多め）"
"BNR-06374","パーソナルジム・フィットネスの診断・クイズバナー（ダーク・シネマティック）","上級"
"BNR-06375","保育園・幼児教育・習い事のキャンペーン・プレゼントSNS画像（かわいい・ガーリー）","プロ（演出多め）"
"BNR-06376","ペット・トリミング・動物病院のお客様の声・口コミサムネイル（ハンドメイド・手書き）","中級"
"BNR-06377","クラウドファンディング・新商品のイベント・セミナー告知SNS画像（ハンドメイド・手書き）","上級"
"BNR-06378","和菓子・スイーツのビフォーアフター・実績SNS画像（かわいい・ガーリー）","上級"
"BNR-06379","SaaS・BtoBツールのセール・割引告知SNS画像（信頼・誠実（コーポレート））","上級"
"BNR-06380","ゲーム・eスポーツの診断・クイズSNS画像（レトロ・Y2K）","上級"
"BNR-06381","ゲーム・eスポーツのブランディング・認知バナー（ダーク・シネマティック）","プロ（演出多め）"
"BNR-06382","パーソナルジム・フィットネスの採用・求人バナー（クール・テック）","上級"
"BNR-06383","自動車・バイクのハウツー・ノウハウ投稿SNS画像（ラグジュアリー・高級感）","上級"
"BNR-06384","コスメ・スキンケアのハウツー・ノウハウ投稿サムネイル（ミニマル・洗練）","プロ（演出多め）"
"BNR-06385","YouTuber・インフルエンサーの無料体験・無料相談SNS画像（ニューブルータリズム）","上級"
"BNR-06386","工務店・注文住宅・リフォームのハウツー・ノウハウ投稿バナー（ミニマル・洗練）","中級"
"BNR-06387","カフェ・ベーカリーのイベント・セミナー告知バナー（ナチュラル・オーガニック）","上級"
"BNR-06388","工務店・注文住宅・リフォームの比較・ランキングサムネイル（北欧・ライフスタイル）","上級"
"BNR-06389","観光・地域プロモーションの資料請求・ホワイトペーパーSNS画像（ハンドメイド・手書き）","プロ（演出多め）"
"BNR-06390","不動産・マンションのブランディング・認知SNS画像（パステル・ドリーミー）","プロ（演出多め）"
"BNR-06391","YouTuber・インフルエンサーの新商品・新サービス発売バナー（ポップ・カラフル）","上級"
"BNR-06392","レストラン・居酒屋の新商品・新サービス発売SNS画像（和モダン）","プロ（演出多め）"
"BNR-06393","歯科医院のセール・割引告知SNS画像（信頼・誠実（コーポレート））","中級"
"BNR-06394","自動車・バイクの比較・ランキングSNS画像（エネルギッシュ・スポーティ）","プロ（演出多め）"
"BNR-06395","自動車・バイクのお知らせ・営業案内バナー（ラグジュアリー・高級感）","上級"
"BNR-06396","採用・求人の無料体験・無料相談バナー（信頼・誠実（コーポレート））","プロ（演出多め）"
"BNR-06397","クラウドファンディング・新商品の比較・ランキングSNS画像（パステル・ドリーミー）","上級"
"BNR-06398","スマホアプリのお知らせ・営業案内バナー（ミニマル・洗練）","上級"
"BNR-06399","内科・クリニックの新商品・新サービス発売SNS画像（信頼・誠実（コーポレート））","中級"
"BNR-06400","パーソナルジム・フィットネスの資料請求・ホワイトペーパーSNS画像（エネルギッシュ・スポーティ）","上級"
"BNR-06401","NPO・地方自治体の新商品・新サービス発売SNS画像（ナチュラル・オーガニック）","プロ（演出多め）"
"BNR-06402","美容室・ヘアサロンのキャンペーン・プレゼントバナー（かわいい・ガーリー）","プロ（演出多め）"
"BNR-06403","コスメ・スキンケアのハウツー・ノウハウ投稿サムネイル（ラグジュアリー・高級感）","上級"
"BNR-06404","歯科医院のお知らせ・営業案内SNS画像（ミニマル・洗練）","中級"
"BNR-06405","YouTuber・インフルエンサーの採用・求人バナー（ネオン・サイバー）","プロ（演出多め）"
"BNR-06406","内科・クリニックのキャンペーン・プレゼントSNS画像（北欧・ライフスタイル）","プロ（演出多め）"
"BNR-06407","YouTuber・インフルエンサーのセール・割引告知SNS画像（かわいい・ガーリー）","プロ（演出多め）"
"BNR-06408","ホテル・旅館のハウツー・ノウハウ投稿バナー（ミニマル・洗練）","上級"
"BNR-06409","パーソナルジム・フィットネスの無料体験・無料相談バナー（ダーク・シネマティック）","プロ（演出多め）"
"BNR-06410","ウェディング・結婚相談所のキャンペーン・プレゼントSNS画像（ラグジュアリー・高級感）","上級"
"BNR-06411","エステ・脱毛サロンの無料体験・無料相談SNS画像（ミニマル・洗練）","上級"
"BNR-06412","工務店・注文住宅・リフォームのキャンペーン・プレゼントSNS画像（ミニマル・洗練）","上級"
"BNR-06413","自動車・バイクの採用・求人バナー（エネルギッシュ・スポーティ）","プロ（演出多め）"
"BNR-06414","美容クリニックの資料請求・ホワイトペーパーSNS画像（ラグジュアリー・高級感）","プロ（演出多め）"
"BNR-06415","工務店・注文住宅・リフォームのセール・割引告知SNS画像（ナチュラル・オーガニック）","プロ（演出多め）"
"BNR-06416","サウナ・温浴施設の無料体験・無料相談SNS画像（3D・クレイ）","上級"
"BNR-06417","ゲーム・eスポーツのブランディング・認知SNS画像（ダーク・シネマティック）","プロ（演出多め）"
"BNR-06418","観光・地域プロモーションのハウツー・ノウハウ投稿サムネイル（ダーク・シネマティック）","プロ（演出多め）"
"BNR-06419","Web制作・デザイン事務所のお客様の声・口コミSNS画像（ジオメトリック・グラフィカル）","中級"
"BNR-06420","ヨガ・ピラティスの診断・クイズSNS画像（レトロ・Y2K）","プロ（演出多め）"
"BNR-06421","YouTuber・インフルエンサーのビフォーアフター・実績サムネイル（ニューブルータリズム）","中級"
"BNR-06422","金融・保険・投資の資料請求・ホワイトペーパーSNS画像（ミニマル・洗練）","プロ（演出多め）"
"BNR-06423","自動車・バイクの比較・ランキングSNS画像（ラグジュアリー・高級感）","プロ（演出多め）"
"BNR-06424","AIサービス・スタートアップの採用・求人バナー（クール・テック）","上級"
"BNR-06425","クラウドファンディング・新商品の新商品・新サービス発売SNS画像（ダーク・シネマティック）","上級"
"BNR-06426","ホテル・旅館のイベント・セミナー告知バナー（和モダン）","プロ（演出多め）"
"BNR-06427","サウナ・温浴施設の比較・ランキングバナー（ニューブルータリズム）","プロ（演出多め）"
"BNR-06428","AIサービス・スタートアップのお知らせ・営業案内SNS画像（グラスモーフィズム）","上級"
"BNR-06429","英会話・語学のイベント・セミナー告知SNS画像（パステル・ドリーミー）","プロ（演出多め）"
"BNR-06430","和菓子・スイーツのキャンペーン・プレゼントSNS画像（パステル・ドリーミー）","上級"
"BNR-06431","不動産・マンションの資料請求・ホワイトペーパーSNS画像（ダーク・シネマティック）","中級"
"BNR-06432","AIサービス・スタートアップのキャンペーン・プレゼントバナー（グラスモーフィズム）","プロ（演出多め）"
"BNR-06433","Web制作・デザイン事務所のブランディング・認知SNS画像（ジオメトリック・グラフィカル）","上級"
"BNR-06434","クラウドファンディング・新商品のセール・割引告知バナー（ナチュラル・オーガニック）","プロ（演出多め）"
"BNR-06435","コンサル・コーチングの診断・クイズサムネイル（信頼・誠実（コーポレート））","上級"
"BNR-06436","美容クリニックの無料体験・無料相談バナー（ラグジュアリー・高級感）","上級"
"BNR-06437","英会話・語学の採用・求人SNS画像（エネルギッシュ・スポーティ）","上級"
"BNR-06438","AIサービス・スタートアップのビフォーアフター・実績SNS画像（北欧・ライフスタイル）","プロ（演出多め）"
"BNR-06439","ゲーム・eスポーツの無料体験・無料相談バナー（エネルギッシュ・スポーティ）","上級"
"BNR-06440","占い・スピリチュアルのお知らせ・営業案内SNS画像（パステル・ドリーミー）","上級"
"BNR-06441","建築設計事務所の診断・クイズSNS画像（信頼・誠実（コーポレート））","上級"
"BNR-06442","AIサービス・スタートアップのお客様の声・口コミサムネイル（クール・テック）","上級"
"BNR-06443","AIサービス・スタートアップのキャンペーン・プレゼントSNS画像（グラスモーフィズム）","プロ（演出多め）"
"BNR-06444","和菓子・スイーツのキャンペーン・プレゼントSNS画像（かわいい・ガーリー）","プロ（演出多め）"
"BNR-06445","プログラミングスクールのビフォーアフター・実績SNS画像（ネオン・サイバー）","プロ（演出多め）"
"BNR-06446","音楽・ライブ・イベントのイベント・セミナー告知バナー（ダーク・シネマティック）","プロ（演出多め）"
"BNR-06447","コスメ・スキンケアの資料請求・ホワイトペーパーSNS画像（ナチュラル・オーガニック）","上級"
"BNR-06448","和菓子・スイーツの比較・ランキングSNS画像（かわいい・ガーリー）","プロ（演出多め）"
"BNR-06449","保育園・幼児教育・習い事のブランディング・認知バナー（ナチュラル・オーガニック）","プロ（演出多め）"
"BNR-06450","コスメ・スキンケアのお客様の声・口コミバナー（クール・テック）","プロ（演出多め）"
"BNR-06451","歯科医院のビフォーアフター・実績SNS画像（ミニマル・洗練）","プロ（演出多め）"
"BNR-06452","採用・求人のお知らせ・営業案内バナー（エネルギッシュ・スポーティ）","プロ（演出多め）"
"BNR-06453","SaaS・BtoBツールの比較・ランキングバナー（信頼・誠実（コーポレート））","中級"
"BNR-06454","ホテル・旅館のビフォーアフター・実績バナー（和モダン）","上級"
"BNR-06455","コンサル・コーチングの採用・求人SNS画像（信頼・誠実（コーポレート））","プロ（演出多め）"
"BNR-06456","パーソナルジム・フィットネスの比較・ランキングバナー（エネルギッシュ・スポーティ）","中級"
"BNR-06457","不動産・マンションのビフォーアフター・実績SNS画像（ミニマル・洗練）","プロ（演出多め）"
"BNR-06458","金融・保険・投資のブランディング・認知バナー（ミニマル・洗練）","プロ（演出多め）"
"BNR-06459","SaaS・BtoBツールのセール・割引告知SNS画像（3D・クレイ）","上級"
"BNR-06460","プログラミングスクールの資料請求・ホワイトペーパーバナー（クール・テック）","上級"
"BNR-06461","観光・地域プロモーションのビフォーアフター・実績SNS画像（ナチュラル・オーガニック）","上級"
"BNR-06462","ホテル・旅館のビフォーアフター・実績サムネイル（和モダン）","上級"
"BNR-06463","農業・地方の生産者のビフォーアフター・実績サムネイル（和モダン）","プロ（演出多め）"
"BNR-06464","食品・産直ECのセール・割引告知バナー（ハンドメイド・手書き）","プロ（演出多め）"
"BNR-06465","サウナ・温浴施設の比較・ランキングサムネイル（和モダン）","プロ（演出多め）"
"BNR-06466","美容クリニックの比較・ランキングSNS画像（ミニマル・洗練）","中級"
"BNR-06467","YouTuber・インフルエンサーのブランディング・認知SNS画像（ネオン・サイバー）","プロ（演出多め）"
"BNR-06468","NPO・地方自治体の診断・クイズSNS画像（信頼・誠実（コーポレート））","上級"
"BNR-06469","自動車・バイクの採用・求人バナー（ラグジュアリー・高級感）","プロ（演出多め）"
"BNR-06470","パーソナルジム・フィットネスのキャンペーン・プレゼントSNS画像（クール・テック）","プロ（演出多め）"
"BNR-06471","保育園・幼児教育・習い事のお知らせ・営業案内バナー（ハンドメイド・手書き）","上級"
"BNR-06472","採用・求人のビフォーアフター・実績バナー（ポップ・カラフル）","プロ（演出多め）"
"BNR-06473","クラウドファンディング・新商品のブランディング・認知SNS画像（ナチュラル・オーガニック）","中級"
"BNR-06474","クラウドファンディング・新商品の比較・ランキングSNS画像（ポップ・カラフル）","上級"
"BNR-06475","アパレル・ファッションECのイベント・セミナー告知バナー（ニューブルータリズム）","プロ（演出多め）"
"BNR-06476","観光・地域プロモーションのブランディング・認知SNS画像（ジオメトリック・グラフィカル）","上級"
"BNR-06477","食品・産直ECのハウツー・ノウハウ投稿バナー（和モダン）","中級"
"BNR-06478","農業・地方の生産者の採用・求人バナー（北欧・ライフスタイル）","プロ（演出多め）"
"BNR-06479","音楽・ライブ・イベントのセール・割引告知SNS画像（ダーク・シネマティック）","プロ（演出多め）"
"BNR-06480","ウェディング・結婚相談所の資料請求・ホワイトペーパーSNS画像（かわいい・ガーリー）","上級"
"BNR-06481","金融・保険・投資のセール・割引告知SNS画像（信頼・誠実（コーポレート））","プロ（演出多め）"
"BNR-06482","レストラン・居酒屋の資料請求・ホワイトペーパーバナー（エディトリアル・雑誌風）","中級"
"BNR-06483","占い・スピリチュアルのYouTube動画の興味喚起サムネイル（パステル・ドリーミー）","プロ（演出多め）"
"BNR-06484","ゲーム・eスポーツのお客様の声・口コミバナー（エネルギッシュ・スポーティ）","プロ（演出多め）"
"BNR-06485","スクール・オンライン講座の採用・求人SNS画像（信頼・誠実（コーポレート））","上級"
"BNR-06486","英会話・語学の資料請求・ホワイトペーパーバナー（ジオメトリック・グラフィカル）","中級"
"BNR-06487","自動車・バイクのハウツー・ノウハウ投稿SNS画像（ダーク・シネマティック）","プロ（演出多め）"
"BNR-06488","金融・保険・投資の無料体験・無料相談SNS画像（クール・テック）","上級"
"BNR-06489","ホテル・旅館のお知らせ・営業案内バナー（和モダン）","中級"
"BNR-06490","エステ・脱毛サロンのイベント・セミナー告知SNS画像（パステル・ドリーミー）","上級"
"BNR-06491","NPO・地方自治体の資料請求・ホワイトペーパーバナー（ジオメトリック・グラフィカル）","上級"
"BNR-06492","Web制作・デザイン事務所のハウツー・ノウハウ投稿バナー（クール・テック）","中級"
"BNR-06493","パーソナルジム・フィットネスの診断・クイズSNS画像（クール・テック）","プロ（演出多め）"
"BNR-06494","エステ・脱毛サロンのハウツー・ノウハウ投稿SNS画像（かわいい・ガーリー）","プロ（演出多め）"
"BNR-06495","レストラン・居酒屋のセール・割引告知SNS画像（和モダン）","プロ（演出多め）"
"BNR-06496","ホテル・旅館のお客様の声・口コミバナー（ラグジュアリー・高級感）","上級"
"BNR-06497","英会話・語学のお客様の声・口コミバナー（ポップ・カラフル）","中級"
"BNR-06498","レストラン・居酒屋の比較・ランキングSNS画像（ダーク・シネマティック）","プロ（演出多め）"
"BNR-06499","クラウドファンディング・新商品の新商品・新サービス発売SNS画像（クール・テック）","上級"
"BNR-06500","食品・産直ECのビフォーアフター・実績バナー（ナチュラル・オーガニック）","プロ（演出多め）"
"BNR-06501","採用・求人のブランディング・認知バナー（エネルギッシュ・スポーティ）","プロ（演出多め）"
"BNR-06502","ゲーム・eスポーツの診断・クイズSNS画像（エネルギッシュ・スポーティ）","プロ（演出多め）"
"BNR-06503","音楽・ライブ・イベントのセール・割引告知SNS画像（ニューブルータリズム）","上級"
"BNR-06504","カフェ・ベーカリーのお知らせ・営業案内SNS画像（エディトリアル・雑誌風）","上級"
"BNR-06505","内科・クリニックの採用・求人バナー（ナチュラル・オーガニック）","上級"
"BNR-06506","美容室・ヘアサロンの採用・求人SNS画像（北欧・ライフスタイル）","中級"
"BNR-06507","観光・地域プロモーションのセール・割引告知バナー（ダーク・シネマティック）","上級"
"BNR-06508","食品・産直ECの無料体験・無料相談バナー（ナチュラル・オーガニック）","プロ（演出多め）"
"BNR-06509","美容室・ヘアサロンのキャンペーン・プレゼントSNS画像（かわいい・ガーリー）","プロ（演出多め）"
"BNR-06510","アパレル・ファッションECのイベント・セミナー告知SNS画像（ミニマル・洗練）","プロ（演出多め）"
"BNR-06511","工務店・注文住宅・リフォームの無料体験・無料相談SNS画像（信頼・誠実（コーポレート））","プロ（演出多め）"
"BNR-06512","引越し・生活サービスの資料請求・ホワイトペーパーSNS画像（ポップ・カラフル）","プロ（演出多め）"
"BNR-06513","NPO・地方自治体の診断・クイズSNS画像（ハンドメイド・手書き）","プロ（演出多め）"
"BNR-06514","和菓子・スイーツのお客様の声・口コミバナー（ナチュラル・オーガニック）","上級"
"BNR-06515","観光・地域プロモーションの診断・クイズSNS画像（ダーク・シネマティック）","プロ（演出多め）"
"BNR-06516","コンサル・コーチングのセール・割引告知SNS画像（ラグジュアリー・高級感）","中級"
"BNR-06517","金融・保険・投資のハウツー・ノウハウ投稿SNS画像（クール・テック）","プロ（演出多め）"
"BNR-06518","建築設計事務所のイベント・セミナー告知SNS画像（ミニマル・洗練）","中級"
"BNR-06519","NPO・地方自治体のブランディング・認知SNS画像（ジオメトリック・グラフィカル）","上級"
"BNR-06520","歯科医院のセール・割引告知SNS画像（ナチュラル・オーガニック）","上級"
"BNR-06521","食品・産直ECのビフォーアフター・実績バナー（ナチュラル・オーガニック）","プロ（演出多め）"
"BNR-06522","AIサービス・スタートアップのお知らせ・営業案内SNS画像（ネオン・サイバー）","プロ（演出多め）"
"BNR-06523","パーソナルジム・フィットネスの資料請求・ホワイトペーパーバナー（クール・テック）","上級"
"BNR-06524","保育園・幼児教育・習い事の資料請求・ホワイトペーパーSNS画像（ポップ・カラフル）","中級"
"BNR-06525","YouTuber・インフルエンサーの採用・求人バナー（ネオン・サイバー）","プロ（演出多め）"
"BNR-06526","YouTuber・インフルエンサーの比較・ランキングSNS画像（ネオン・サイバー）","中級"
"BNR-06527","金融・保険・投資の無料体験・無料相談SNS画像（ミニマル・洗練）","プロ（演出多め）"
"BNR-06528","歯科医院の比較・ランキングバナー（ナチュラル・オーガニック）","上級"
"BNR-06529","エステ・脱毛サロンのお知らせ・営業案内バナー（ミニマル・洗練）","上級"
"BNR-06530","Web制作・デザイン事務所のイベント・セミナー告知バナー（クール・テック）","中級"
"BNR-06531","カフェ・ベーカリーのイベント・セミナー告知バナー（レトロ・Y2K）","上級"
"BNR-06532","和菓子・スイーツのお知らせ・営業案内SNS画像（和モダン）","中級"
"BNR-06533","士業（税理士・弁護士・行政書士）のセール・割引告知バナー（和モダン）","プロ（演出多め）"
"BNR-06534","食品・産直ECの診断・クイズバナー（ハンドメイド・手書き）","上級"
"BNR-06535","歯科医院のビフォーアフター・実績バナー（ミニマル・洗練）","中級"
"BNR-06536","金融・保険・投資のキャンペーン・プレゼントSNS画像（信頼・誠実（コーポレート））","プロ（演出多め）"
"BNR-06537","工務店・注文住宅・リフォームのYouTube動画の興味喚起サムネイル（北欧・ライフスタイル）","プロ（演出多め）"
"BNR-06538","農業・地方の生産者のブランディング・認知SNS画像（ハンドメイド・手書き）","中級"
"BNR-06539","スマホアプリのビフォーアフター・実績サムネイル（3D・クレイ）","中級"
"BNR-06540","パーソナルジム・フィットネスの診断・クイズSNS画像（クール・テック）","上級"
"BNR-06541","コスメ・スキンケアのお知らせ・営業案内バナー（グラスモーフィズム）","プロ（演出多め）"
"BNR-06542","ウェディング・結婚相談所の資料請求・ホワイトペーパーSNS画像（ラグジュアリー・高級感）","中級"
"BNR-06543","和菓子・スイーツの比較・ランキングバナー（和モダン）","プロ（演出多め）"
"BNR-06544","パーソナルジム・フィットネスのイベント・セミナー告知SNS画像（ダーク・シネマティック）","上級"
"BNR-06545","音楽・ライブ・イベントのお知らせ・営業案内SNS画像（ダーク・シネマティック）","プロ（演出多め）"
"BNR-06546","和菓子・スイーツの新商品・新サービス発売バナー（和モダン）","プロ（演出多め）"
"BNR-06547","パーソナルジム・フィットネスの診断・クイズSNS画像（エネルギッシュ・スポーティ）","プロ（演出多め）"
"BNR-06548","士業（税理士・弁護士・行政書士）のイベント・セミナー告知SNS画像（ラグジュアリー・高級感）","上級"
"BNR-06549","不動産・マンションのブランディング・認知SNS画像（ミニマル・洗練）","中級"
"BNR-06550","エステ・脱毛サロンの比較・ランキングバナー（ラグジュアリー・高級感）","プロ（演出多め）"
"BNR-06551","占い・スピリチュアルのブランディング・認知SNS画像（ダーク・シネマティック）","プロ（演出多め）"
"BNR-06552","内科・クリニックのビフォーアフター・実績SNS画像（信頼・誠実（コーポレート））","プロ（演出多め）"
"BNR-06553","NPO・地方自治体のハウツー・ノウハウ投稿SNS画像（ナチュラル・オーガニック）","上級"
"BNR-06554","ホテル・旅館のキャンペーン・プレゼントSNS画像（ダーク・シネマティック）","上級"
"BNR-06555","アパレル・ファッションECの採用・求人SNS画像（ニューブルータリズム）","プロ（演出多め）"
"BNR-06556","ウェディング・結婚相談所の採用・求人SNS画像（ミニマル・洗練）","上級"
"BNR-06557","AIサービス・スタートアップの採用・求人SNS画像（エネルギッシュ・スポーティ）","プロ（演出多め）"
"BNR-06558","ホテル・旅館の無料体験・無料相談SNS画像（クール・テック）","プロ（演出多め）"
"BNR-06559","ペット・トリミング・動物病院のブランディング・認知バナー（エディトリアル・雑誌風）","プロ（演出多め）"
"BNR-06560","占い・スピリチュアルのお知らせ・営業案内バナー（ラグジュアリー・高級感）","上級"
"BNR-06561","ホテル・旅館の新商品・新サービス発売SNS画像（和モダン）","上級"
"BNR-06562","パーソナルジム・フィットネスの診断・クイズSNS画像（ダーク・シネマティック）","プロ（演出多め）"
"BNR-06563","ヨガ・ピラティスの採用・求人バナー（ナチュラル・オーガニック）","中級"
"BNR-06564","アパレル・ファッションECの資料請求・ホワイトペーパーSNS画像（ニューブルータリズム）","プロ（演出多め）"
"BNR-06565","和菓子・スイーツのセール・割引告知バナー（和モダン）","上級"
"BNR-06566","工務店・注文住宅・リフォームのブランディング・認知バナー（信頼・誠実（コーポレート））","プロ（演出多め）"
"BNR-06567","英会話・語学の比較・ランキングバナー（ジオメトリック・グラフィカル）","プロ（演出多め）"
"BNR-06568","不動産・マンションのハウツー・ノウハウ投稿SNS画像（ミニマル・洗練）","中級"
"BNR-06569","NPO・地方自治体の比較・ランキングSNS画像（信頼・誠実（コーポレート））","上級"
"BNR-06570","工務店・注文住宅・リフォームの新商品・新サービス発売SNS画像（ナチュラル・オーガニック）","プロ（演出多め）"
"BNR-06571","パーソナルジム・フィットネスのブランディング・認知SNS画像（エネルギッシュ・スポーティ）","プロ（演出多め）"
"BNR-06572","音楽・ライブ・イベントの診断・クイズSNS画像（ハンドメイド・手書き）","上級"
"BNR-06573","建築設計事務所のビフォーアフター・実績バナー（ミニマル・洗練）","プロ（演出多め）"
"BNR-06574","英会話・語学の採用・求人SNS画像（3D・クレイ）","プロ（演出多め）"
"BNR-06575","採用・求人のキャンペーン・プレゼントバナー（エディトリアル・雑誌風）","上級"
"BNR-06576","金融・保険・投資の比較・ランキングSNS画像（ニューブルータリズム）","中級"
"BNR-06577","観光・地域プロモーションのビフォーアフター・実績バナー（ダーク・シネマティック）","中級"
"BNR-06578","ヨガ・ピラティスの比較・ランキングバナー（北欧・ライフスタイル）","上級"
"BNR-06579","Web制作・デザイン事務所のイベント・セミナー告知SNS画像（エディトリアル・雑誌風）","プロ（演出多め）"
"BNR-06580","コスメ・スキンケアのお客様の声・口コミSNS画像（エディトリアル・雑誌風）","上級"
"BNR-06581","ゲーム・eスポーツのブランディング・認知バナー（エネルギッシュ・スポーティ）","中級"
"BNR-06582","食品・産直ECのハウツー・ノウハウ投稿SNS画像（エディトリアル・雑誌風）","上級"
"BNR-06583","食品・産直ECの資料請求・ホワイトペーパーバナー（ナチュラル・オーガニック）","中級"
"BNR-06584","アパレル・ファッションECのセール・割引告知SNS画像（ミニマル・洗練）","上級"
"BNR-06585","アパレル・ファッションECのセール・割引告知SNS画像（ニューブルータリズム）","上級"
"BNR-06586","建築設計事務所の採用・求人SNS画像（信頼・誠実（コーポレート））","上級"
"BNR-06587","NPO・地方自治体のお客様の声・口コミサムネイル（ジオメトリック・グラフィカル）","プロ（演出多め）"
"BNR-06588","農業・地方の生産者のキャンペーン・プレゼントバナー（エネルギッシュ・スポーティ）","中級"
"BNR-06589","歯科医院のビフォーアフター・実績SNS画像（パステル・ドリーミー）","中級"
"BNR-06590","アパレル・ファッションECの診断・クイズSNS画像（ニューブルータリズム）","上級"
"BNR-06591","観光・地域プロモーションの資料請求・ホワイトペーパーSNS画像（ミニマル・洗練）","プロ（演出多め）"
"BNR-06592","和菓子・スイーツの無料体験・無料相談SNS画像（かわいい・ガーリー）","中級"
"BNR-06593","内科・クリニックのセール・割引告知SNS画像（ナチュラル・オーガニック）","上級"
"BNR-06594","工務店・注文住宅・リフォームのブランディング・認知バナー（ミニマル・洗練）","上級"
"BNR-06595","自動車・バイクのブランディング・認知バナー（3D・クレイ）","プロ（演出多め）"
"BNR-06596","パーソナルジム・フィットネスのハウツー・ノウハウ投稿バナー（エネルギッシュ・スポーティ）","中級"
"BNR-06597","農業・地方の生産者のお知らせ・営業案内SNS画像（ナチュラル・オーガニック）","上級"
"BNR-06598","スクール・オンライン講座の資料請求・ホワイトペーパーSNS画像（信頼・誠実（コーポレート））","上級"
"BNR-06599","英会話・語学の資料請求・ホワイトペーパーバナー（信頼・誠実（コーポレート））","プロ（演出多め）"
"BNR-06600","食品・産直ECの採用・求人SNS画像（3D・クレイ）","プロ（演出多め）"
"BNR-06601","和菓子・スイーツの診断・クイズサムネイル（グラスモーフィズム）","中級"
"BNR-06602","和菓子・スイーツのお知らせ・営業案内バナー（かわいい・ガーリー）","上級"
"BNR-06603","ゲーム・eスポーツのお客様の声・口コミバナー（ネオン・サイバー）","プロ（演出多め）"
"BNR-06604","ペット・トリミング・動物病院のビフォーアフター・実績SNS画像（3D・クレイ）","中級"
"BNR-06605","士業（税理士・弁護士・行政書士）のお知らせ・営業案内バナー（和モダン）","プロ（演出多め）"
"BNR-06606","エステ・脱毛サロンの採用・求人SNS画像（ミニマル・洗練）","中級"
"BNR-06607","不動産・マンションの比較・ランキングSNS画像（信頼・誠実（コーポレート））","プロ（演出多め）"
"BNR-06608","建築設計事務所のセール・割引告知SNS画像（グラスモーフィズム）","プロ（演出多め）"
"BNR-06609","採用・求人の新商品・新サービス発売バナー（信頼・誠実（コーポレート））","上級"
"BNR-06610","占い・スピリチュアルの採用・求人SNS画像（ラグジュアリー・高級感）","中級"
"BNR-06611","内科・クリニックのブランディング・認知バナー（ネオン・サイバー）","上級"
"BNR-06612","AIサービス・スタートアップの新商品・新サービス発売SNS画像（ミニマル・洗練）","プロ（演出多め）"
"BNR-06613","ウェディング・結婚相談所の採用・求人バナー（ミニマル・洗練）","上級"
"BNR-06614","美容室・ヘアサロンのセール・割引告知SNS画像（ナチュラル・オーガニック）","プロ（演出多め）"
"BNR-06615","英会話・語学のハウツー・ノウハウ投稿SNS画像（3D・クレイ）","上級"
"BNR-06616","美容クリニックの採用・求人SNS画像（ミニマル・洗練）","上級"
"BNR-06617","英会話・語学の診断・クイズバナー（3D・クレイ）","上級"
"BNR-06618","プログラミングスクールのお客様の声・口コミSNS画像（ポップ・カラフル）","中級"
"BNR-06619","エステ・脱毛サロンのお知らせ・営業案内SNS画像（かわいい・ガーリー）","上級"
"BNR-06620","NPO・地方自治体の診断・クイズバナー（ナチュラル・オーガニック）","プロ（演出多め）"
"BNR-06621","SaaS・BtoBツールのキャンペーン・プレゼントSNS画像（グラスモーフィズム）","中級"
"BNR-06622","スクール・オンライン講座のブランディング・認知SNS画像（3D・クレイ）","中級"
"BNR-06623","採用・求人のお客様の声・口コミバナー（ポップ・カラフル）","上級"
"BNR-06624","SaaS・BtoBツールの新商品・新サービス発売SNS画像（3D・クレイ）","中級"
"BNR-06625","自動車・バイクのハウツー・ノウハウ投稿SNS画像（エネルギッシュ・スポーティ）","プロ（演出多め）"
"BNR-06626","不動産・マンションの無料体験・無料相談バナー（ミニマル・洗練）","上級"
"BNR-06627","SaaS・BtoBツールのビフォーアフター・実績バナー（グラスモーフィズム）","上級"
"BNR-06628","美容クリニックのお知らせ・営業案内SNS画像（エディトリアル・雑誌風）","プロ（演出多め）"
"BNR-06629","クラウドファンディング・新商品のセール・割引告知バナー（ポップ・カラフル）","プロ（演出多め）"
"BNR-06630","YouTuber・インフルエンサーのイベント・セミナー告知バナー（かわいい・ガーリー）","中級"
"BNR-06631","プログラミングスクールのキャンペーン・プレゼントバナー（3D・クレイ）","中級"
"BNR-06632","Web制作・デザイン事務所のブランディング・認知バナー（ジオメトリック・グラフィカル）","上級"
"BNR-06633","占い・スピリチュアルの採用・求人SNS画像（パステル・ドリーミー）","プロ（演出多め）"
"BNR-06634","建築設計事務所のビフォーアフター・実績SNS画像（エディトリアル・雑誌風）","上級"
"BNR-06635","建築設計事務所のイベント・セミナー告知バナー（ミニマル・洗練）","プロ（演出多め）"
"BNR-06636","Web制作・デザイン事務所のハウツー・ノウハウ投稿SNS画像（ニューブルータリズム）","上級"
"BNR-06637","工務店・注文住宅・リフォームのお客様の声・口コミSNS画像（レトロ・Y2K）","プロ（演出多め）"
"BNR-06638","SaaS・BtoBツールのイベント・セミナー告知バナー（3D・クレイ）","上級"
"BNR-06639","アパレル・ファッションECのお客様の声・口コミバナー（レトロ・Y2K）","プロ（演出多め）"
"BNR-06640","エステ・脱毛サロンのブランディング・認知SNS画像（ラグジュアリー・高級感）","中級"
"BNR-06641","観光・地域プロモーションの比較・ランキングバナー（ハンドメイド・手書き）","プロ（演出多め）"
"BNR-06642","SaaS・BtoBツールの資料請求・ホワイトペーパーバナー（3D・クレイ）","プロ（演出多め）"
"BNR-06643","YouTuber・インフルエンサーの無料体験・無料相談SNS画像（ネオン・サイバー）","上級"
"BNR-06644","採用・求人のイベント・セミナー告知バナー（グラスモーフィズム）","中級"
"BNR-06645","音楽・ライブ・イベントのイベント・セミナー告知SNS画像（レトロ・Y2K）","上級"
"BNR-06646","金融・保険・投資のお知らせ・営業案内バナー（ニューブルータリズム）","プロ（演出多め）"
"BNR-06647","コンサル・コーチングのブランディング・認知SNS画像（信頼・誠実（コーポレート））","プロ（演出多め）"
"BNR-06648","美容室・ヘアサロンの無料体験・無料相談SNS画像（パステル・ドリーミー）","中級"
"BNR-06649","美容クリニックの資料請求・ホワイトペーパーSNS画像（ラグジュアリー・高級感）","上級"
"BNR-06650","パーソナルジム・フィットネスのキャンペーン・プレゼントSNS画像（ダーク・シネマティック）","中級"
"BNR-06651","パーソナルジム・フィットネスの無料体験・無料相談バナー（ダーク・シネマティック）","プロ（演出多め）"
"BNR-06652","歯科医院のお知らせ・営業案内バナー（ミニマル・洗練）","中級"
"BNR-06653","AIサービス・スタートアップの新商品・新サービス発売バナー（グラスモーフィズム）","プロ（演出多め）"
"BNR-06654","スマホアプリのお知らせ・営業案内SNS画像（ニューブルータリズム）","プロ（演出多め）"
"BNR-06655","内科・クリニックの診断・クイズバナー（3D・クレイ）","上級"
"BNR-06656","内科・クリニックの比較・ランキングSNS画像（北欧・ライフスタイル）","プロ（演出多め）"
"BNR-06657","引越し・生活サービスの資料請求・ホワイトペーパーバナー（ポップ・カラフル）","プロ（演出多め）"
"BNR-06658","NPO・地方自治体のセール・割引告知バナー（信頼・誠実（コーポレート））","プロ（演出多め）"
"BNR-06659","自動車・バイクの比較・ランキングバナー（ダーク・シネマティック）","プロ（演出多め）"
"BNR-06660","占い・スピリチュアルのイベント・セミナー告知SNS画像（和モダン）","中級"
"BNR-06661","レストラン・居酒屋のブランディング・認知バナー（ダーク・シネマティック）","プロ（演出多め）"
"BNR-06662","金融・保険・投資のハウツー・ノウハウ投稿バナー（ミニマル・洗練）","プロ（演出多め）"
"BNR-06663","英会話・語学の資料請求・ホワイトペーパーSNS画像（信頼・誠実（コーポレート））","プロ（演出多め）"
"BNR-06664","レストラン・居酒屋の診断・クイズSNS画像（ラグジュアリー・高級感）","プロ（演出多め）"
"BNR-06665","士業（税理士・弁護士・行政書士）の採用・求人SNS画像（信頼・誠実（コーポレート））","中級"
"BNR-06666","採用・求人の新商品・新サービス発売SNS画像（ジオメトリック・グラフィカル）","プロ（演出多め）"
"BNR-06667","NPO・地方自治体の無料体験・無料相談SNS画像（ジオメトリック・グラフィカル）","プロ（演出多め）"
"BNR-06668","ペット・トリミング・動物病院のイベント・セミナー告知SNS画像（ハンドメイド・手書き）","中級"
"BNR-06669","ヨガ・ピラティスのビフォーアフター・実績サムネイル（ナチュラル・オーガニック）","プロ（演出多め）"
"BNR-06670","ペット・トリミング・動物病院の比較・ランキングSNS画像（ハンドメイド・手書き）","上級"
"BNR-06671","コンサル・コーチングのハウツー・ノウハウ投稿SNS画像（ミニマル・洗練）","プロ（演出多め）"
"BNR-06672","観光・地域プロモーションのキャンペーン・プレゼントバナー（和モダン）","上級"
"BNR-06673","ゲーム・eスポーツのお客様の声・口コミバナー（ダーク・シネマティック）","上級"
"BNR-06674","スクール・オンライン講座の新商品・新サービス発売バナー（レトロ・Y2K）","上級"
"BNR-06675","コンサル・コーチングのお知らせ・営業案内SNS画像（北欧・ライフスタイル）","プロ（演出多め）"
"BNR-06676","採用・求人のお客様の声・口コミバナー（ジオメトリック・グラフィカル）","上級"
"BNR-06677","食品・産直ECの資料請求・ホワイトペーパーSNS画像（和モダン）","上級"
"BNR-06678","引越し・生活サービスの新商品・新サービス発売SNS画像（ポップ・カラフル）","上級"
"BNR-06679","自動車・バイクのハウツー・ノウハウ投稿バナー（ラグジュアリー・高級感）","中級"
"BNR-06680","NPO・地方自治体の資料請求・ホワイトペーパーSNS画像（ラグジュアリー・高級感）","プロ（演出多め）"
"BNR-06681","工務店・注文住宅・リフォームの比較・ランキングSNS画像（エディトリアル・雑誌風）","プロ（演出多め）"
"BNR-06682","英会話・語学の診断・クイズSNS画像（3D・クレイ）","中級"
"BNR-06683","音楽・ライブ・イベントのビフォーアフター・実績SNS画像（ダーク・シネマティック）","上級"
"BNR-06684","ゲーム・eスポーツのハウツー・ノウハウ投稿SNS画像（ダーク・シネマティック）","プロ（演出多め）"
"BNR-06685","保育園・幼児教育・習い事のハウツー・ノウハウ投稿バナー（ナチュラル・オーガニック）","プロ（演出多め）"
"BNR-06686","プログラミングスクールのビフォーアフター・実績SNS画像（ポップ・カラフル）","上級"
"BNR-06687","引越し・生活サービスのセール・割引告知SNS画像（3D・クレイ）","プロ（演出多め）"
"BNR-06688","スマホアプリのイベント・セミナー告知バナー（ナチュラル・オーガニック）","上級"
"BNR-06689","農業・地方の生産者のお知らせ・営業案内SNS画像（ラグジュアリー・高級感）","上級"
"BNR-06690","金融・保険・投資の無料体験・無料相談SNS画像（ミニマル・洗練）","上級"
"BNR-06691","YouTuber・インフルエンサーの診断・クイズSNS画像（ポップ・カラフル）","上級"
"BNR-06692","ウェディング・結婚相談所の資料請求・ホワイトペーパーSNS画像（かわいい・ガーリー）","プロ（演出多め）"
"BNR-06693","内科・クリニックのセール・割引告知SNS画像（北欧・ライフスタイル）","上級"
"BNR-06694","和菓子・スイーツのお知らせ・営業案内SNS画像（パステル・ドリーミー）","中級"
"BNR-06695","工務店・注文住宅・リフォームのイベント・セミナー告知SNS画像（ミニマル・洗練）","プロ（演出多め）"
"BNR-06696","和菓子・スイーツの資料請求・ホワイトペーパーSNS画像（和モダン）","上級"
"BNR-06697","YouTuber・インフルエンサーのお客様の声・口コミバナー（かわいい・ガーリー）","上級"
"BNR-06698","ペット・トリミング・動物病院のビフォーアフター・実績サムネイル（北欧・ライフスタイル）","プロ（演出多め）"
"BNR-06699","英会話・語学のハウツー・ノウハウ投稿SNS画像（信頼・誠実（コーポレート））","プロ（演出多め）"
"BNR-06700","歯科医院のブランディング・認知バナー（信頼・誠実（コーポレート））","プロ（演出多め）"
"BNR-06701","観光・地域プロモーションの新商品・新サービス発売バナー（ハンドメイド・手書き）","上級"
"BNR-06702","引越し・生活サービスのハウツー・ノウハウ投稿SNS画像（ハンドメイド・手書き）","中級"
"BNR-06703","SaaS・BtoBツールのキャンペーン・プレゼントバナー（3D・クレイ）","上級"
"BNR-06704","歯科医院の新商品・新サービス発売バナー（和モダン）","プロ（演出多め）"
"BNR-06705","不動産・マンションのセール・割引告知SNS画像（クール・テック）","プロ（演出多め）"
"BNR-06706","ホテル・旅館のビフォーアフター・実績SNS画像（和モダン）","上級"
"BNR-06707","スクール・オンライン講座のビフォーアフター・実績バナー（ポップ・カラフル）","上級"
"BNR-06708","ウェディング・結婚相談所の診断・クイズバナー（ミニマル・洗練）","上級"
"BNR-06709","サウナ・温浴施設のお知らせ・営業案内バナー（ナチュラル・オーガニック）","上級"
"BNR-06710","士業（税理士・弁護士・行政書士）のイベント・セミナー告知バナー（信頼・誠実（コーポレート））","プロ（演出多め）"
"BNR-06711","英会話・語学のビフォーアフター・実績SNS画像（信頼・誠実（コーポレート））","プロ（演出多め）"
"BNR-06712","工務店・注文住宅・リフォームのキャンペーン・プレゼントSNS画像（パステル・ドリーミー）","プロ（演出多め）"
"BNR-06713","食品・産直ECのイベント・セミナー告知SNS画像（クール・テック）","上級"
"BNR-06714","占い・スピリチュアルの診断・クイズSNS画像（和モダン）","プロ（演出多め）"
"BNR-06715","Web制作・デザイン事務所のお客様の声・口コミバナー（ニューブルータリズム）","上級"
"BNR-06716","占い・スピリチュアルのハウツー・ノウハウ投稿バナー（パステル・ドリーミー）","プロ（演出多め）"
"BNR-06717","保育園・幼児教育・習い事の採用・求人SNS画像（ハンドメイド・手書き）","プロ（演出多め）"
"BNR-06718","サウナ・温浴施設のセール・割引告知バナー（ナチュラル・オーガニック）","プロ（演出多め）"
"BNR-06719","工務店・注文住宅・リフォームの資料請求・ホワイトペーパーバナー（ミニマル・洗練）","上級"
"BNR-06720","ヨガ・ピラティスのハウツー・ノウハウ投稿SNS画像（ミニマル・洗練）","プロ（演出多め）"
"BNR-06721","サウナ・温浴施設の診断・クイズSNS画像（和モダン）","プロ（演出多め）"
"BNR-06722","サウナ・温浴施設のお知らせ・営業案内SNS画像（ニューブルータリズム）","プロ（演出多め）"
"BNR-06723","プログラミングスクールのビフォーアフター・実績バナー（エディトリアル・雑誌風）","プロ（演出多め）"
"BNR-06724","アパレル・ファッションECのハウツー・ノウハウ投稿バナー（レトロ・Y2K）","プロ（演出多め）"
"BNR-06725","建築設計事務所のセール・割引告知バナー（ミニマル・洗練）","上級"
"BNR-06726","工務店・注文住宅・リフォームの比較・ランキングバナー（ダーク・シネマティック）","プロ（演出多め）"
"BNR-06727","英会話・語学のセール・割引告知バナー（信頼・誠実（コーポレート））","上級"
"BNR-06728","士業（税理士・弁護士・行政書士）の採用・求人バナー（ミニマル・洗練）","プロ（演出多め）"
"BNR-06729","スマホアプリの比較・ランキングSNS画像（グラスモーフィズム）","プロ（演出多め）"
"BNR-06730","プログラミングスクールのブランディング・認知バナー（ネオン・サイバー）","上級"
"BNR-06731","観光・地域プロモーションのキャンペーン・プレゼントバナー（ハンドメイド・手書き）","プロ（演出多め）"
"BNR-06732","和菓子・スイーツの比較・ランキングSNS画像（ナチュラル・オーガニック）","プロ（演出多め）"
"BNR-06733","レストラン・居酒屋の新商品・新サービス発売バナー（グラスモーフィズム）","上級"
"BNR-06734","音楽・ライブ・イベントの採用・求人SNS画像（ネオン・サイバー）","プロ（演出多め）"
"BNR-06735","美容室・ヘアサロンのお知らせ・営業案内バナー（北欧・ライフスタイル）","上級"
"BNR-06736","美容室・ヘアサロンのキャンペーン・プレゼントSNS画像（クール・テック）","上級"
"BNR-06737","自動車・バイクのブランディング・認知SNS画像（クール・テック）","プロ（演出多め）"
"BNR-06738","占い・スピリチュアルの採用・求人バナー（パステル・ドリーミー）","上級"
"BNR-06739","保育園・幼児教育・習い事のハウツー・ノウハウ投稿バナー（ナチュラル・オーガニック）","中級"
"BNR-06740","ゲーム・eスポーツのブランディング・認知バナー（ダーク・シネマティック）","上級"
"BNR-06741","美容クリニックのYouTube動画の興味喚起サムネイル（3D・クレイ）","プロ（演出多め）"
"BNR-06742","金融・保険・投資のビフォーアフター・実績バナー（クール・テック）","プロ（演出多め）"
"BNR-06743","歯科医院のお知らせ・営業案内SNS画像（ミニマル・洗練）","上級"
"BNR-06744","美容クリニックの資料請求・ホワイトペーパーバナー（ネオン・サイバー）","上級"
"BNR-06745","コンサル・コーチングのイベント・セミナー告知SNS画像（ミニマル・洗練）","上級"
"BNR-06746","工務店・注文住宅・リフォームのお客様の声・口コミSNS画像（パステル・ドリーミー）","プロ（演出多め）"
"BNR-06747","英会話・語学の採用・求人SNS画像（ポップ・カラフル）","プロ（演出多め）"
"BNR-06748","美容室・ヘアサロンの資料請求・ホワイトペーパーSNS画像（かわいい・ガーリー）","上級"
"BNR-06749","不動産・マンションの比較・ランキングSNS画像（ミニマル・洗練）","プロ（演出多め）"
"BNR-06750","美容室・ヘアサロンの資料請求・ホワイトペーパーSNS画像（ミニマル・洗練）","中級"
"BNR-06751","NPO・地方自治体のイベント・セミナー告知SNS画像（ナチュラル・オーガニック）","中級"
"BNR-06752","Web制作・デザイン事務所のビフォーアフター・実績バナー（ダーク・シネマティック）","プロ（演出多め）"
"BNR-06753","エステ・脱毛サロンのセール・割引告知バナー（パステル・ドリーミー）","上級"
"BNR-06754","自動車・バイクの無料体験・無料相談SNS画像（クール・テック）","中級"
"BNR-06755","引越し・生活サービスのビフォーアフター・実績SNS画像（3D・クレイ）","プロ（演出多め）"
"BNR-06756","レストラン・居酒屋の新商品・新サービス発売SNS画像（ラグジュアリー・高級感）","上級"
"BNR-06757","コンサル・コーチングの無料体験・無料相談バナー（ラグジュアリー・高級感）","中級"
"BNR-06758","コスメ・スキンケアのハウツー・ノウハウ投稿SNS画像（ナチュラル・オーガニック）","プロ（演出多め）"
"BNR-06759","英会話・語学の比較・ランキングSNS画像（ジオメトリック・グラフィカル）","プロ（演出多め）"
"BNR-06760","エステ・脱毛サロンの比較・ランキングSNS画像（ラグジュアリー・高級感）","上級"
"BNR-06761","ヨガ・ピラティスのハウツー・ノウハウ投稿SNS画像（ニューブルータリズム）","上級"
"BNR-06762","クラウドファンディング・新商品の新商品・新サービス発売バナー（ナチュラル・オーガニック）","上級"
"BNR-06763","ペット・トリミング・動物病院のハウツー・ノウハウ投稿バナー（かわいい・ガーリー）","プロ（演出多め）"
"BNR-06764","美容室・ヘアサロンの無料体験・無料相談SNS画像（ミニマル・洗練）","中級"
"BNR-06765","金融・保険・投資のビフォーアフター・実績SNS画像（ダーク・シネマティック）","中級"
"BNR-06766","保育園・幼児教育・習い事のイベント・セミナー告知バナー（ハンドメイド・手書き）","プロ（演出多め）"
"BNR-06767","Web制作・デザイン事務所のお知らせ・営業案内バナー（ナチュラル・オーガニック）","上級"
"BNR-06768","美容室・ヘアサロンのイベント・セミナー告知バナー（かわいい・ガーリー）","上級"
"BNR-06769","金融・保険・投資の無料体験・無料相談バナー（信頼・誠実（コーポレート））","上級"
"BNR-06770","農業・地方の生産者の比較・ランキングバナー（ナチュラル・オーガニック）","プロ（演出多め）"
"BNR-06771","コスメ・スキンケアのキャンペーン・プレゼントバナー（ナチュラル・オーガニック）","プロ（演出多め）"
"BNR-06772","占い・スピリチュアルのビフォーアフター・実績バナー（ダーク・シネマティック）","上級"
"BNR-06773","サウナ・温浴施設のお客様の声・口コミSNS画像（ナチュラル・オーガニック）","プロ（演出多め）"
"BNR-06774","歯科医院の無料体験・無料相談SNS画像（信頼・誠実（コーポレート））","上級"
"BNR-06775","金融・保険・投資のお知らせ・営業案内バナー（クール・テック）","中級"
"BNR-06776","観光・地域プロモーションのお知らせ・営業案内バナー（和モダン）","上級"
"BNR-06777","クラウドファンディング・新商品のイベント・セミナー告知バナー（ナチュラル・オーガニック）","上級"
"BNR-06778","歯科医院のハウツー・ノウハウ投稿SNS画像（ネオン・サイバー）","上級"
"BNR-06779","パーソナルジム・フィットネスのハウツー・ノウハウ投稿SNS画像（クール・テック）","プロ（演出多め）"
"BNR-06780","スクール・オンライン講座のハウツー・ノウハウ投稿SNS画像（ポップ・カラフル）","中級"
"BNR-06781","スマホアプリの比較・ランキングサムネイル（グラスモーフィズム）","中級"
"BNR-06782","ウェディング・結婚相談所のハウツー・ノウハウ投稿SNS画像（クール・テック）","プロ（演出多め）"
"BNR-06783","スマホアプリのビフォーアフター・実績SNS画像（クール・テック）","プロ（演出多め）"
"BNR-06784","引越し・生活サービスのキャンペーン・プレゼントSNS画像（ジオメトリック・グラフィカル）","プロ（演出多め）"
"BNR-06785","引越し・生活サービスのイベント・セミナー告知バナー（3D・クレイ）","中級"
"BNR-06786","食品・産直ECのお客様の声・口コミSNS画像（和モダン）","中級"
"BNR-06787","ゲーム・eスポーツのブランディング・認知バナー（エネルギッシュ・スポーティ）","上級"
"BNR-06788","パーソナルジム・フィットネスのキャンペーン・プレゼントバナー（クール・テック）","上級"
"BNR-06789","工務店・注文住宅・リフォームの採用・求人バナー（ミニマル・洗練）","上級"
"BNR-06790","カフェ・ベーカリーのお知らせ・営業案内SNS画像（エディトリアル・雑誌風）","上級"
"BNR-06791","プログラミングスクールのハウツー・ノウハウ投稿バナー（クール・テック）","中級"
"BNR-06792","自動車・バイクのお知らせ・営業案内バナー（クール・テック）","プロ（演出多め）"
"BNR-06793","美容クリニックの診断・クイズSNS画像（ラグジュアリー・高級感）","プロ（演出多め）"
"BNR-06794","スクール・オンライン講座のお知らせ・営業案内SNS画像（3D・クレイ）","中級"
"BNR-06795","士業（税理士・弁護士・行政書士）のハウツー・ノウハウ投稿SNS画像（ナチュラル・オーガニック）","上級"
"BNR-06796","クラウドファンディング・新商品の比較・ランキングバナー（ナチュラル・オーガニック）","プロ（演出多め）"
"BNR-06797","コスメ・スキンケアの診断・クイズSNS画像（ラグジュアリー・高級感）","プロ（演出多め）"
"BNR-06798","アパレル・ファッションECのお知らせ・営業案内SNS画像（ニューブルータリズム）","プロ（演出多め）"
"BNR-06799","NPO・地方自治体のお知らせ・営業案内バナー（信頼・誠実（コーポレート））","上級"
"BNR-06800","農業・地方の生産者のハウツー・ノウハウ投稿SNS画像（ハンドメイド・手書き）","上級"
"BNR-06801","Web制作・デザイン事務所のセール・割引告知バナー（ニューブルータリズム）","中級"
"BNR-06802","ウェディング・結婚相談所のセール・割引告知SNS画像（かわいい・ガーリー）","プロ（演出多め）"
"BNR-06803","歯科医院の診断・クイズバナー（信頼・誠実（コーポレート））","中級"
"BNR-06804","金融・保険・投資の採用・求人SNS画像（ミニマル・洗練）","上級"
"BNR-06805","引越し・生活サービスのブランディング・認知バナー（信頼・誠実（コーポレート））","上級"
"BNR-06806","不動産・マンションのお知らせ・営業案内バナー（ダーク・シネマティック）","プロ（演出多め）"
"BNR-06807","内科・クリニックのハウツー・ノウハウ投稿SNS画像（信頼・誠実（コーポレート））","上級"
"BNR-06808","コスメ・スキンケアのキャンペーン・プレゼントバナー（グラスモーフィズム）","中級"
"BNR-06809","Web制作・デザイン事務所の無料体験・無料相談SNS画像（エディトリアル・雑誌風）","プロ（演出多め）"
"BNR-06810","音楽・ライブ・イベントのお客様の声・口コミSNS画像（ネオン・サイバー）","プロ（演出多め）"
"BNR-06811","クラウドファンディング・新商品のお客様の声・口コミSNS画像（ナチュラル・オーガニック）","プロ（演出多め）"
"BNR-06812","AIサービス・スタートアップの診断・クイズバナー（グラスモーフィズム）","中級"
"BNR-06813","エステ・脱毛サロンの比較・ランキングバナー（ミニマル・洗練）","プロ（演出多め）"
"BNR-06814","建築設計事務所のハウツー・ノウハウ投稿SNS画像（ダーク・シネマティック）","プロ（演出多め）"
"BNR-06815","美容クリニックの比較・ランキングバナー（ラグジュアリー・高級感）","プロ（演出多め）"
"BNR-06816","観光・地域プロモーションのセール・割引告知SNS画像（ナチュラル・オーガニック）","プロ（演出多め）"
"BNR-06817","引越し・生活サービスのお客様の声・口コミSNS画像（3D・クレイ）","中級"
"BNR-06818","工務店・注文住宅・リフォームの新商品・新サービス発売SNS画像（北欧・ライフスタイル）","上級"
"BNR-06819","カフェ・ベーカリーのブランディング・認知SNS画像（ナチュラル・オーガニック）","プロ（演出多め）"
"BNR-06820","カフェ・ベーカリーの比較・ランキングバナー（北欧・ライフスタイル）","上級"
"BNR-06821","コスメ・スキンケアのイベント・セミナー告知SNS画像（ナチュラル・オーガニック）","上級"
"BNR-06822","NPO・地方自治体のハウツー・ノウハウ投稿バナー（ジオメトリック・グラフィカル）","上級"
"BNR-06823","音楽・ライブ・イベントの採用・求人SNS画像（クール・テック）","上級"
"BNR-06824","占い・スピリチュアルのブランディング・認知SNS画像（ハンドメイド・手書き）","プロ（演出多め）"
"BNR-06825","農業・地方の生産者のお知らせ・営業案内バナー（和モダン）","上級"
"BNR-06826","不動産・マンションの比較・ランキングSNS画像（ミニマル・洗練）","上級"
"BNR-06827","観光・地域プロモーションの比較・ランキングSNS画像（和モダン）","上級"
"BNR-06828","引越し・生活サービスの新商品・新サービス発売バナー（信頼・誠実（コーポレート））","上級"
"BNR-06829","自動車・バイクの新商品・新サービス発売SNS画像（ニューブルータリズム）","中級"
"BNR-06830","ゲーム・eスポーツのお客様の声・口コミバナー（ジオメトリック・グラフィカル）","中級"
"BNR-06831","歯科医院のお客様の声・口コミバナー（信頼・誠実（コーポレート））","中級"
"BNR-06832","観光・地域プロモーションのキャンペーン・プレゼントSNS画像（ナチュラル・オーガニック）","上級"
"BNR-06833","サウナ・温浴施設の無料体験・無料相談バナー（和モダン）","プロ（演出多め）"
"BNR-06834","美容室・ヘアサロンのお知らせ・営業案内バナー（北欧・ライフスタイル）","プロ（演出多め）"
"BNR-06835","アパレル・ファッションECの無料体験・無料相談バナー（ミニマル・洗練）","中級"
"BNR-06836","歯科医院の新商品・新サービス発売SNS画像（ナチュラル・オーガニック）","プロ（演出多め）"
"BNR-06837","SaaS・BtoBツールのブランディング・認知バナー（北欧・ライフスタイル）","上級"
"BNR-06838","音楽・ライブ・イベントのハウツー・ノウハウ投稿バナー（ダーク・シネマティック）","上級"
"BNR-06839","農業・地方の生産者のブランディング・認知SNS画像（和モダン）","プロ（演出多め）"
"BNR-06840","エステ・脱毛サロンのビフォーアフター・実績SNS画像（かわいい・ガーリー）","プロ（演出多め）"
"BNR-06841","ウェディング・結婚相談所のお客様の声・口コミSNS画像（ミニマル・洗練）","プロ（演出多め）"
"BNR-06842","Web制作・デザイン事務所の診断・クイズSNS画像（ダーク・シネマティック）","プロ（演出多め）"
"BNR-06843","サウナ・温浴施設の無料体験・無料相談バナー（ナチュラル・オーガニック）","中級"
"BNR-06844","歯科医院のお客様の声・口コミSNS画像（信頼・誠実（コーポレート））","上級"
"BNR-06845","和菓子・スイーツの比較・ランキングSNS画像（和モダン）","上級"
"BNR-06846","ペット・トリミング・動物病院のお知らせ・営業案内バナー（かわいい・ガーリー）","プロ（演出多め）"
"BNR-06847","パーソナルジム・フィットネスのお客様の声・口コミサムネイル（エネルギッシュ・スポーティ）","プロ（演出多め）"
"BNR-06848","AIサービス・スタートアップの無料体験・無料相談バナー（ネオン・サイバー）","上級"
"BNR-06849","クラウドファンディング・新商品のセール・割引告知SNS画像（ミニマル・洗練）","プロ（演出多め）"
"BNR-06850","ホテル・旅館のセール・割引告知SNS画像（和モダン）","プロ（演出多め）"
"BNR-06851","アパレル・ファッションECの採用・求人SNS画像（エディトリアル・雑誌風）","上級"
"BNR-06852","ヨガ・ピラティスの診断・クイズSNS画像（北欧・ライフスタイル）","中級"
"BNR-06853","コスメ・スキンケアの無料体験・無料相談SNS画像（ラグジュアリー・高級感）","プロ（演出多め）"
"BNR-06854","観光・地域プロモーションの採用・求人SNS画像（和モダン）","プロ（演出多め）"
"BNR-06855","プログラミングスクールの採用・求人バナー（レトロ・Y2K）","中級"
"BNR-06856","スクール・オンライン講座の資料請求・ホワイトペーパーSNS画像（信頼・誠実（コーポレート））","プロ（演出多め）"
"BNR-06857","コンサル・コーチングのビフォーアフター・実績SNS画像（ミニマル・洗練）","上級"
"BNR-06858","占い・スピリチュアルの無料体験・無料相談SNS画像（ダーク・シネマティック）","中級"
"BNR-06859","内科・クリニックのお知らせ・営業案内SNS画像（信頼・誠実（コーポレート））","上級"
"BNR-06860","サウナ・温浴施設の資料請求・ホワイトペーパーバナー（ナチュラル・オーガニック）","プロ（演出多め）"
"BNR-06861","歯科医院の新商品・新サービス発売SNS画像（ナチュラル・オーガニック）","中級"
"BNR-06862","エステ・脱毛サロンの新商品・新サービス発売SNS画像（ラグジュアリー・高級感）","中級"
"BNR-06863","和菓子・スイーツのブランディング・認知SNS画像（和モダン）","プロ（演出多め）"
"BNR-06864","金融・保険・投資の新商品・新サービス発売SNS画像（クール・テック）","プロ（演出多め）"
"BNR-06865","コンサル・コーチングのお知らせ・営業案内SNS画像（エディトリアル・雑誌風）","プロ（演出多め）"
"BNR-06866","ヨガ・ピラティスの資料請求・ホワイトペーパーSNS画像（ミニマル・洗練）","プロ（演出多め）"
"BNR-06867","和菓子・スイーツの無料体験・無料相談SNS画像（エディトリアル・雑誌風）","プロ（演出多め）"
"BNR-06868","ホテル・旅館の比較・ランキングバナー（ラグジュアリー・高級感）","中級"
"BNR-06869","ウェディング・結婚相談所のお知らせ・営業案内SNS画像（ミニマル・洗練）","上級"
"BNR-06870","内科・クリニックのセール・割引告知SNS画像（信頼・誠実（コーポレート））","上級"
"BNR-06871","コスメ・スキンケアのハウツー・ノウハウ投稿バナー（パステル・ドリーミー）","中級"
"BNR-06872","サウナ・温浴施設の採用・求人バナー（ナチュラル・オーガニック）","プロ（演出多め）"
"BNR-06873","建築設計事務所のお知らせ・営業案内SNS画像（ミニマル・洗練）","中級"
"BNR-06874","エステ・脱毛サロンのビフォーアフター・実績SNS画像（パステル・ドリーミー）","上級"
"BNR-06875","コンサル・コーチングのビフォーアフター・実績バナー（ミニマル・洗練）","中級"
"BNR-06876","Web制作・デザイン事務所のイベント・セミナー告知バナー（エディトリアル・雑誌風）","中級"
"BNR-06877","パーソナルジム・フィットネスの新商品・新サービス発売SNS画像（クール・テック）","プロ（演出多め）"
"BNR-06878","Web制作・デザイン事務所の比較・ランキングバナー（エディトリアル・雑誌風）","プロ（演出多め）"
"BNR-06879","クラウドファンディング・新商品のセール・割引告知バナー（ナチュラル・オーガニック）","上級"
"BNR-06880","レストラン・居酒屋のイベント・セミナー告知SNS画像（和モダン）","上級"
"BNR-06881","ヨガ・ピラティスのイベント・セミナー告知バナー（ナチュラル・オーガニック）","プロ（演出多め）"
"BNR-06882","建築設計事務所の無料体験・無料相談バナー（ジオメトリック・グラフィカル）","プロ（演出多め）"
"BNR-06883","ゲーム・eスポーツの資料請求・ホワイトペーパーバナー（エネルギッシュ・スポーティ）","上級"
"BNR-06884","不動産・マンションの新商品・新サービス発売バナー（ダーク・シネマティック）","プロ（演出多め）"
"BNR-06885","和菓子・スイーツのハウツー・ノウハウ投稿SNS画像（パステル・ドリーミー）","プロ（演出多め）"
"BNR-06886","音楽・ライブ・イベントのビフォーアフター・実績バナー（ネオン・サイバー）","プロ（演出多め）"
"BNR-06887","レストラン・居酒屋のビフォーアフター・実績SNS画像（ダーク・シネマティック）","プロ（演出多め）"
"BNR-06888","和菓子・スイーツのキャンペーン・プレゼントSNS画像（ジオメトリック・グラフィカル）","上級"
"BNR-06889","サウナ・温浴施設のイベント・セミナー告知SNS画像（和モダン）","上級"
"BNR-06890","保育園・幼児教育・習い事の採用・求人SNS画像（ハンドメイド・手書き）","上級"
"BNR-06891","引越し・生活サービスのお知らせ・営業案内SNS画像（ハンドメイド・手書き）","上級"
"BNR-06892","ヨガ・ピラティスのビフォーアフター・実績SNS画像（ミニマル・洗練）","上級"
"BNR-06893","コンサル・コーチングのブランディング・認知SNS画像（エディトリアル・雑誌風）","プロ（演出多め）"
"BNR-06894","ペット・トリミング・動物病院のセール・割引告知SNS画像（ハンドメイド・手書き）","上級"
"BNR-06895","不動産・マンションのセール・割引告知SNS画像（和モダン）","プロ（演出多め）"
"BNR-06896","ゲーム・eスポーツの新商品・新サービス発売サムネイル（ダーク・シネマティック）","プロ（演出多め）"
"BNR-06897","ヨガ・ピラティスのブランディング・認知バナー（北欧・ライフスタイル）","上級"
"BNR-06898","建築設計事務所の新商品・新サービス発売SNS画像（エディトリアル・雑誌風）","プロ（演出多め）"
"BNR-06899","工務店・注文住宅・リフォームのお客様の声・口コミSNS画像（信頼・誠実（コーポレート））","中級"
"BNR-06900","プログラミングスクールのビフォーアフター・実績SNS画像（クール・テック）","プロ（演出多め）"
"BNR-06901","クラウドファンディング・新商品の無料体験・無料相談SNS画像（ナチュラル・オーガニック）","上級"
"BNR-06902","金融・保険・投資のお客様の声・口コミバナー（クール・テック）","上級"
"BNR-06903","コンサル・コーチングの診断・クイズサムネイル（エディトリアル・雑誌風）","プロ（演出多め）"
"BNR-06904","美容クリニックの診断・クイズSNS画像（ラグジュアリー・高級感）","中級"
"BNR-06905","観光・地域プロモーションのハウツー・ノウハウ投稿SNS画像（和モダン）","中級"
"BNR-06906","金融・保険・投資の無料体験・無料相談バナー（3D・クレイ）","上級"
"BNR-06907","保育園・幼児教育・習い事のセール・割引告知SNS画像（ハンドメイド・手書き）","プロ（演出多め）"
"BNR-06908","NPO・地方自治体のイベント・セミナー告知バナー（ジオメトリック・グラフィカル）","上級"
"BNR-06909","食品・産直ECの診断・クイズSNS画像（和モダン）","プロ（演出多め）"
"BNR-06910","ヨガ・ピラティスの比較・ランキングSNS画像（パステル・ドリーミー）","上級"
"BNR-06911","工務店・注文住宅・リフォームのセール・割引告知SNS画像（ミニマル・洗練）","プロ（演出多め）"
"BNR-06912","サウナ・温浴施設のお知らせ・営業案内バナー（和モダン）","プロ（演出多め）"
"BNR-06913","占い・スピリチュアルの採用・求人SNS画像（ネオン・サイバー）","プロ（演出多め）"
"BNR-06914","エステ・脱毛サロンの新商品・新サービス発売SNS画像（ダーク・シネマティック）","上級"
"BNR-06915","プログラミングスクールのお客様の声・口コミバナー（ポップ・カラフル）","上級"
"BNR-06916","Web制作・デザイン事務所のキャンペーン・プレゼントバナー（ダーク・シネマティック）","プロ（演出多め）"
"BNR-06917","英会話・語学のハウツー・ノウハウ投稿SNS画像（ハンドメイド・手書き）","上級"
"BNR-06918","美容室・ヘアサロンのブランディング・認知バナー（ナチュラル・オーガニック）","上級"
"BNR-06919","美容室・ヘアサロンのお知らせ・営業案内バナー（エディトリアル・雑誌風）","上級"
"BNR-06920","SaaS・BtoBツールのハウツー・ノウハウ投稿SNS画像（信頼・誠実（コーポレート））","プロ（演出多め）"
"BNR-06921","不動産・マンションの新商品・新サービス発売SNS画像（信頼・誠実（コーポレート））","上級"
"BNR-06922","保育園・幼児教育・習い事の比較・ランキングSNS画像（ハンドメイド・手書き）","上級"
"BNR-06923","コスメ・スキンケアの比較・ランキングサムネイル（ラグジュアリー・高級感）","上級"
"BNR-06924","ウェディング・結婚相談所の採用・求人バナー（ミニマル・洗練）","上級"
"BNR-06925","プログラミングスクールのブランディング・認知バナー（3D・クレイ）","中級"
"BNR-06926","歯科医院のお客様の声・口コミバナー（ナチュラル・オーガニック）","上級"
"BNR-06927","観光・地域プロモーションの比較・ランキングSNS画像（ハンドメイド・手書き）","上級"
"BNR-06928","英会話・語学の資料請求・ホワイトペーパーSNS画像（信頼・誠実（コーポレート））","プロ（演出多め）"
"BNR-06929","士業（税理士・弁護士・行政書士）のセール・割引告知バナー（ミニマル・洗練）","上級"
"BNR-06930","農業・地方の生産者の資料請求・ホワイトペーパーSNS画像（ナチュラル・オーガニック）","プロ（演出多め）"
"BNR-06931","ホテル・旅館のお知らせ・営業案内SNS画像（ラグジュアリー・高級感）","上級"
"BNR-06932","美容室・ヘアサロンのイベント・セミナー告知バナー（ラグジュアリー・高級感）","上級"
"BNR-06933","Web制作・デザイン事務所のブランディング・認知バナー（ナチュラル・オーガニック）","上級"
"BNR-06934","カフェ・ベーカリーのお客様の声・口コミバナー（クール・テック）","上級"
"BNR-06935","パーソナルジム・フィットネスのブランディング・認知SNS画像（クール・テック）","中級"
"BNR-06936","スマホアプリのセール・割引告知バナー（グラスモーフィズム）","プロ（演出多め）"
"BNR-06937","NPO・地方自治体のお客様の声・口コミSNS画像（信頼・誠実（コーポレート））","中級"
"BNR-06938","美容クリニックのイベント・セミナー告知バナー（信頼・誠実（コーポレート））","プロ（演出多め）"
"BNR-06939","スマホアプリのイベント・セミナー告知SNS画像（クール・テック）","中級"
"BNR-06940","占い・スピリチュアルの無料体験・無料相談SNS画像（ニューブルータリズム）","プロ（演出多め）"
"BNR-06941","採用・求人のキャンペーン・プレゼントSNS画像（エディトリアル・雑誌風）","プロ（演出多め）"
"BNR-06942","スマホアプリのブランディング・認知SNS画像（グラスモーフィズム）","上級"
"BNR-06943","和菓子・スイーツの採用・求人SNS画像（ナチュラル・オーガニック）","中級"
"BNR-06944","Web制作・デザイン事務所のブランディング・認知SNS画像（ネオン・サイバー）","プロ（演出多め）"
"BNR-06945","占い・スピリチュアルの資料請求・ホワイトペーパーSNS画像（ダーク・シネマティック）","上級"
"BNR-06946","音楽・ライブ・イベントの採用・求人SNS画像（ネオン・サイバー）","プロ（演出多め）"
"BNR-06947","士業（税理士・弁護士・行政書士）の診断・クイズSNS画像（和モダン）","プロ（演出多め）"
"BNR-06948","内科・クリニックのビフォーアフター・実績SNS画像（北欧・ライフスタイル）","中級"
"BNR-06949","歯科医院の診断・クイズバナー（ナチュラル・オーガニック）","プロ（演出多め）"
"BNR-06950","カフェ・ベーカリーの比較・ランキングSNS画像（北欧・ライフスタイル）","上級"
"BNR-06951","コスメ・スキンケアの比較・ランキングSNS画像（3D・クレイ）","プロ（演出多め）"
"BNR-06952","スマホアプリのハウツー・ノウハウ投稿バナー（3D・クレイ）","プロ（演出多め）"
"BNR-06953","カフェ・ベーカリーのイベント・セミナー告知SNS画像（レトロ・Y2K）","上級"
"BNR-06954","観光・地域プロモーションの無料体験・無料相談バナー（ハンドメイド・手書き）","中級"
"BNR-06955","SaaS・BtoBツールの資料請求・ホワイトペーパーSNS画像（信頼・誠実（コーポレート））","中級"
"BNR-06956","食品・産直ECのキャンペーン・プレゼントSNS画像（ハンドメイド・手書き）","上級"
"BNR-06957","歯科医院の新商品・新サービス発売サムネイル（ナチュラル・オーガニック）","上級"
"BNR-06958","英会話・語学のセール・割引告知SNS画像（ジオメトリック・グラフィカル）","上級"
"BNR-06959","アパレル・ファッションECのお知らせ・営業案内SNS画像（ミニマル・洗練）","プロ（演出多め）"
"BNR-06960","パーソナルジム・フィットネスの比較・ランキングサムネイル（エネルギッシュ・スポーティ）","中級"
"BNR-06961","音楽・ライブ・イベントの資料請求・ホワイトペーパーSNS画像（ネオン・サイバー）","プロ（演出多め）"
"BNR-06962","採用・求人の採用・求人SNS画像（エネルギッシュ・スポーティ）","プロ（演出多め）"
"BNR-06963","美容クリニックの診断・クイズバナー（ラグジュアリー・高級感）","プロ（演出多め）"
"BNR-06964","採用・求人のお客様の声・口コミSNS画像（エネルギッシュ・スポーティ）","プロ（演出多め）"
"BNR-06965","スクール・オンライン講座の診断・クイズサムネイル（ポップ・カラフル）","プロ（演出多め）"
"BNR-06966","ペット・トリミング・動物病院の比較・ランキングバナー（かわいい・ガーリー）","プロ（演出多め）"
"BNR-06967","歯科医院のセール・割引告知バナー（ミニマル・洗練）","プロ（演出多め）"
"BNR-06968","ホテル・旅館のハウツー・ノウハウ投稿バナー（和モダン）","中級"
"BNR-06969","食品・産直ECのイベント・セミナー告知SNS画像（ハンドメイド・手書き）","プロ（演出多め）"
"BNR-06970","建築設計事務所のキャンペーン・プレゼントバナー（ミニマル・洗練）","上級"
"BNR-06971","AIサービス・スタートアップの採用・求人SNS画像（グラスモーフィズム）","上級"
"BNR-06972","AIサービス・スタートアップの無料体験・無料相談SNS画像（グラスモーフィズム）","上級"
"BNR-06973","コスメ・スキンケアのキャンペーン・プレゼントSNS画像（グラスモーフィズム）","上級"
"BNR-06974","コンサル・コーチングの診断・クイズSNS画像（エディトリアル・雑誌風）","中級"
"BNR-06975","引越し・生活サービスのお客様の声・口コミSNS画像（レトロ・Y2K）","上級"
"BNR-06976","Web制作・デザイン事務所のYouTube動画の興味喚起サムネイル（ジオメトリック・グラフィカル）","上級"
"BNR-06977","食品・産直ECのハウツー・ノウハウ投稿SNS画像（ポップ・カラフル）","上級"
"BNR-06978","コスメ・スキンケアの資料請求・ホワイトペーパーSNS画像（グラスモーフィズム）","プロ（演出多め）"
"BNR-06979","カフェ・ベーカリーの診断・クイズバナー（北欧・ライフスタイル）","プロ（演出多め）"
"BNR-06980","カフェ・ベーカリーのビフォーアフター・実績バナー（3D・クレイ）","中級"
"BNR-06981","士業（税理士・弁護士・行政書士）の採用・求人SNS画像（和モダン）","上級"
"BNR-06982","引越し・生活サービスのハウツー・ノウハウ投稿バナー（ポップ・カラフル）","プロ（演出多め）"
"BNR-06983","採用・求人のブランディング・認知SNS画像（エディトリアル・雑誌風）","プロ（演出多め）"
"BNR-06984","ゲーム・eスポーツの採用・求人SNS画像（ダーク・シネマティック）","プロ（演出多め）"
"BNR-06985","プログラミングスクールの無料体験・無料相談SNS画像（ポップ・カラフル）","プロ（演出多め）"
"BNR-06986","士業（税理士・弁護士・行政書士）の比較・ランキングSNS画像（和モダン）","上級"
"BNR-06987","建築設計事務所の比較・ランキングSNS画像（エディトリアル・雑誌風）","上級"
"BNR-06988","建築設計事務所のビフォーアフター・実績SNS画像（エディトリアル・雑誌風）","中級"
"BNR-06989","英会話・語学の採用・求人バナー（かわいい・ガーリー）","上級"
"BNR-06990","占い・スピリチュアルのイベント・セミナー告知SNS画像（ダーク・シネマティック）","プロ（演出多め）"
"BNR-06991","音楽・ライブ・イベントの無料体験・無料相談SNS画像（かわいい・ガーリー）","上級"
"BNR-06992","農業・地方の生産者のキャンペーン・プレゼントSNS画像（ナチュラル・オーガニック）","プロ（演出多め）"
"BNR-06993","レストラン・居酒屋のビフォーアフター・実績バナー（ダーク・シネマティック）","プロ（演出多め）"
"BNR-06994","ホテル・旅館のお客様の声・口コミSNS画像（ミニマル・洗練）","中級"
"BNR-06995","コスメ・スキンケアのイベント・セミナー告知バナー（ナチュラル・オーガニック）","上級"
"BNR-06996","和菓子・スイーツのお客様の声・口コミSNS画像（ナチュラル・オーガニック）","中級"
"BNR-06997","不動産・マンションのお知らせ・営業案内SNS画像（ダーク・シネマティック）","上級"
"BNR-06998","SaaS・BtoBツールの無料体験・無料相談SNS画像（クール・テック）","上級"
"BNR-06999","保育園・幼児教育・習い事のビフォーアフター・実績バナー（ナチュラル・オーガニック）","上級"
"BNR-07000","エステ・脱毛サロンの無料体験・無料相談バナー（ラグジュアリー・高級感）","プロ（演出多め）"
"BNR-07001","NPO・地方自治体の資料請求・ホワイトペーパーバナー（ナチュラル・オーガニック）","中級"
"BNR-07002","音楽・ライブ・イベントのイベント・セミナー告知バナー（ナチュラル・オーガニック）","上級"
"BNR-07003","不動産・マンションの無料体験・無料相談SNS画像（ミニマル・洗練）","上級"
"BNR-07004","パーソナルジム・フィットネスのお客様の声・口コミバナー（ダーク・シネマティック）","プロ（演出多め）"
"BNR-07005","アパレル・ファッションECの新商品・新サービス発売SNS画像（かわいい・ガーリー）","プロ（演出多め）"
"BNR-07006","占い・スピリチュアルのお知らせ・営業案内バナー（和モダン）","プロ（演出多め）"
"BNR-07007","自動車・バイクの採用・求人SNS画像（ダーク・シネマティック）","プロ（演出多め）"
"BNR-07008","コンサル・コーチングの無料体験・無料相談SNS画像（信頼・誠実（コーポレート））","プロ（演出多め）"
"BNR-07009","英会話・語学のイベント・セミナー告知SNS画像（3D・クレイ）","上級"
"BNR-07010","建築設計事務所の新商品・新サービス発売SNS画像（エディトリアル・雑誌風）","上級"
"BNR-07011","アパレル・ファッションECのビフォーアフター・実績サムネイル（パステル・ドリーミー）","プロ（演出多め）"
"BNR-07012","美容室・ヘアサロンの資料請求・ホワイトペーパーSNS画像（ラグジュアリー・高級感）","中級"
"BNR-07013","ゲーム・eスポーツの無料体験・無料相談SNS画像（ネオン・サイバー）","プロ（演出多め）"
"BNR-07014","スクール・オンライン講座のキャンペーン・プレゼントSNS画像（クール・テック）","プロ（演出多め）"
"BNR-07015","コンサル・コーチングのイベント・セミナー告知SNS画像（ミニマル・洗練）","プロ（演出多め）"
"BNR-07016","レストラン・居酒屋のハウツー・ノウハウ投稿SNS画像（ラグジュアリー・高級感）","上級"
"BNR-07017","内科・クリニックのブランディング・認知バナー（北欧・ライフスタイル）","中級"
"BNR-07018","AIサービス・スタートアップのお知らせ・営業案内バナー（グラスモーフィズム）","上級"
"BNR-07019","NPO・地方自治体のキャンペーン・プレゼントSNS画像（ジオメトリック・グラフィカル）","中級"
"BNR-07020","英会話・語学のキャンペーン・プレゼントSNS画像（3D・クレイ）","中級"
"BNR-07021","プログラミングスクールの診断・クイズバナー（3D・クレイ）","上級"
"BNR-07022","不動産・マンションのハウツー・ノウハウ投稿SNS画像（ラグジュアリー・高級感）","プロ（演出多め）"
"BNR-07023","ゲーム・eスポーツのビフォーアフター・実績バナー（レトロ・Y2K）","上級"
"BNR-07024","Web制作・デザイン事務所の比較・ランキングSNS画像（クール・テック）","上級"
"BNR-07025","食品・産直ECの比較・ランキングSNS画像（北欧・ライフスタイル）","プロ（演出多め）"
"BNR-07026","自動車・バイクのビフォーアフター・実績バナー（クール・テック）","プロ（演出多め）"
"BNR-07027","ウェディング・結婚相談所の比較・ランキングSNS画像（ミニマル・洗練）","プロ（演出多め）"
"BNR-07028","歯科医院の採用・求人バナー（信頼・誠実（コーポレート））","上級"
"BNR-07029","英会話・語学のお知らせ・営業案内SNS画像（信頼・誠実（コーポレート））","上級"
"BNR-07030","食品・産直ECの無料体験・無料相談バナー（エネルギッシュ・スポーティ）","上級"
"BNR-07031","観光・地域プロモーションの資料請求・ホワイトペーパーバナー（ハンドメイド・手書き）","プロ（演出多め）"
"BNR-07032","和菓子・スイーツのお知らせ・営業案内バナー（かわいい・ガーリー）","プロ（演出多め）"
"BNR-07033","保育園・幼児教育・習い事のハウツー・ノウハウ投稿SNS画像（ハンドメイド・手書き）","プロ（演出多め）"
"BNR-07034","食品・産直ECの採用・求人SNS画像（ポップ・カラフル）","上級"
"BNR-07035","ヨガ・ピラティスのブランディング・認知バナー（ナチュラル・オーガニック）","上級"
"BNR-07036","プログラミングスクールのお客様の声・口コミSNS画像（ネオン・サイバー）","上級"
"BNR-07037","YouTuber・インフルエンサーの採用・求人SNS画像（ニューブルータリズム）","上級"
"BNR-07038","食品・産直ECのブランディング・認知SNS画像（ハンドメイド・手書き）","上級"
"BNR-07039","ホテル・旅館のブランディング・認知バナー（ジオメトリック・グラフィカル）","プロ（演出多め）"
"BNR-07040","ウェディング・結婚相談所のハウツー・ノウハウ投稿バナー（ラグジュアリー・高級感）","中級"
"BNR-07041","士業（税理士・弁護士・行政書士）のお知らせ・営業案内SNS画像（ポップ・カラフル）","上級"
"BNR-07042","士業（税理士・弁護士・行政書士）のビフォーアフター・実績SNS画像（エネルギッシュ・スポーティ）","上級"
"BNR-07043","YouTuber・インフルエンサーの採用・求人SNS画像（かわいい・ガーリー）","上級"
"BNR-07044","建築設計事務所のお客様の声・口コミバナー（ミニマル・洗練）","上級"
"BNR-07045","引越し・生活サービスのキャンペーン・プレゼントバナー（信頼・誠実（コーポレート））","中級"
"BNR-07046","YouTuber・インフルエンサーの採用・求人SNS画像（ニューブルータリズム）","上級"
"BNR-07047","食品・産直ECの採用・求人SNS画像（ポップ・カラフル）","プロ（演出多め）"
"BNR-07048","カフェ・ベーカリーの比較・ランキングバナー（エディトリアル・雑誌風）","上級"
"BNR-07049","ゲーム・eスポーツの無料体験・無料相談SNS画像（ネオン・サイバー）","上級"
"BNR-07050","食品・産直ECのビフォーアフター・実績バナー（ナチュラル・オーガニック）","プロ（演出多め）"
"BNR-07051","英会話・語学のハウツー・ノウハウ投稿SNS画像（3D・クレイ）","プロ（演出多め）"
"BNR-07052","食品・産直ECのセール・割引告知バナー（和モダン）","プロ（演出多め）"
"BNR-07053","サウナ・温浴施設のセール・割引告知バナー（ニューブルータリズム）","プロ（演出多め）"
"BNR-07054","保育園・幼児教育・習い事のお客様の声・口コミSNS画像（ポップ・カラフル）","上級"
"BNR-07055","引越し・生活サービスのキャンペーン・プレゼントSNS画像（ポップ・カラフル）","上級"
"BNR-07056","食品・産直ECの無料体験・無料相談SNS画像（ポップ・カラフル）","プロ（演出多め）"
"BNR-07057","クラウドファンディング・新商品のお知らせ・営業案内バナー（ダーク・シネマティック）","プロ（演出多め）"
"BNR-07058","コンサル・コーチングのイベント・セミナー告知バナー（ミニマル・洗練）","プロ（演出多め）"
"BNR-07059","建築設計事務所のセール・割引告知バナー（ジオメトリック・グラフィカル）","プロ（演出多め）"
"BNR-07060","コンサル・コーチングのビフォーアフター・実績バナー（ミニマル・洗練）","プロ（演出多め）"
"BNR-07061","英会話・語学の診断・クイズSNS画像（ジオメトリック・グラフィカル）","上級"
"BNR-07062","クラウドファンディング・新商品の新商品・新サービス発売SNS画像（クール・テック）","中級"
"BNR-07063","ウェディング・結婚相談所のブランディング・認知SNS画像（パステル・ドリーミー）","プロ（演出多め）"
"BNR-07064","士業（税理士・弁護士・行政書士）のセール・割引告知SNS画像（ミニマル・洗練）","上級"
"BNR-07065","スクール・オンライン講座の新商品・新サービス発売SNS画像（3D・クレイ）","プロ（演出多め）"
"BNR-07066","採用・求人のブランディング・認知バナー（パステル・ドリーミー）","プロ（演出多め）"
"BNR-07067","ペット・トリミング・動物病院のキャンペーン・プレゼントSNS画像（かわいい・ガーリー）","中級"
"BNR-07068","農業・地方の生産者の無料体験・無料相談バナー（ナチュラル・オーガニック）","上級"
"BNR-07069","コスメ・スキンケアのハウツー・ノウハウ投稿SNS画像（パステル・ドリーミー）","プロ（演出多め）"
"BNR-07070","コンサル・コーチングのお客様の声・口コミバナー（ラグジュアリー・高級感）","上級"
"BNR-07071","自動車・バイクのお知らせ・営業案内SNS画像（クール・テック）","上級"
"BNR-07072","建築設計事務所のビフォーアフター・実績サムネイル（ミニマル・洗練）","上級"
"BNR-07073","歯科医院の採用・求人SNS画像（信頼・誠実（コーポレート））","プロ（演出多め）"
"BNR-07074","美容室・ヘアサロンのセール・割引告知SNS画像（ラグジュアリー・高級感）","上級"
"BNR-07075","音楽・ライブ・イベントのハウツー・ノウハウ投稿バナー（ネオン・サイバー）","上級"
"BNR-07076","和菓子・スイーツのお知らせ・営業案内SNS画像（ナチュラル・オーガニック）","上級"
"BNR-07077","AIサービス・スタートアップのビフォーアフター・実績バナー（ミニマル・洗練）","上級"
"BNR-07078","クラウドファンディング・新商品のお客様の声・口コミバナー（ダーク・シネマティック）","上級"
"BNR-07079","SaaS・BtoBツールのYouTube動画の興味喚起サムネイル（信頼・誠実（コーポレート））","プロ（演出多め）"
"BNR-07080","歯科医院のお客様の声・口コミSNS画像（信頼・誠実（コーポレート））","上級"
"BNR-07081","パーソナルジム・フィットネスのキャンペーン・プレゼントバナー（ダーク・シネマティック）","プロ（演出多め）"
"BNR-07082","工務店・注文住宅・リフォームのビフォーアフター・実績SNS画像（北欧・ライフスタイル）","上級"
"BNR-07083","内科・クリニックの資料請求・ホワイトペーパーSNS画像（北欧・ライフスタイル）","中級"
"BNR-07084","自動車・バイクの資料請求・ホワイトペーパーSNS画像（ダーク・シネマティック）","上級"
"BNR-07085","ウェディング・結婚相談所のビフォーアフター・実績SNS画像（ラグジュアリー・高級感）","プロ（演出多め）"
"BNR-07086","食品・産直ECの診断・クイズSNS画像（ナチュラル・オーガニック）","上級"
"BNR-07087","保育園・幼児教育・習い事のイベント・セミナー告知バナー（かわいい・ガーリー）","プロ（演出多め）"
"BNR-07088","SaaS・BtoBツールの診断・クイズバナー（ポップ・カラフル）","上級"
"BNR-07089","美容室・ヘアサロンのお客様の声・口コミSNS画像（ミニマル・洗練）","プロ（演出多め）"
"BNR-07090","YouTuber・インフルエンサーのブランディング・認知バナー（ネオン・サイバー）","プロ（演出多め）"
"BNR-07091","ヨガ・ピラティスの無料体験・無料相談バナー（パステル・ドリーミー）","プロ（演出多め）"
"BNR-07092","採用・求人の資料請求・ホワイトペーパーバナー（エディトリアル・雑誌風）","プロ（演出多め）"
"BNR-07093","ホテル・旅館のハウツー・ノウハウ投稿バナー（ダーク・シネマティック）","プロ（演出多め）"
"BNR-07094","ゲーム・eスポーツのビフォーアフター・実績SNS画像（ポップ・カラフル）","上級"
"BNR-07095","カフェ・ベーカリーのお知らせ・営業案内SNS画像（ポップ・カラフル）","上級"
"BNR-07096","Web制作・デザイン事務所のイベント・セミナー告知SNS画像（ジオメトリック・グラフィカル）","プロ（演出多め）"
"BNR-07097","YouTuber・インフルエンサーのキャンペーン・プレゼントバナー（ポップ・カラフル）","プロ（演出多め）"
"BNR-07098","占い・スピリチュアルのビフォーアフター・実績バナー（ダーク・シネマティック）","上級"
"BNR-07099","エステ・脱毛サロンのYouTube動画の興味喚起サムネイル（ラグジュアリー・高級感）","プロ（演出多め）"
"BNR-07100","建築設計事務所のお知らせ・営業案内バナー（クール・テック）","中級"
"BNR-07101","保育園・幼児教育・習い事の比較・ランキングバナー（ポップ・カラフル）","上級"
"BNR-07102","工務店・注文住宅・リフォームの資料請求・ホワイトペーパーSNS画像（信頼・誠実（コーポレート））","プロ（演出多め）"
"BNR-07103","クラウドファンディング・新商品の採用・求人バナー（ナチュラル・オーガニック）","プロ（演出多め）"
"BNR-07104","スクール・オンライン講座のキャンペーン・プレゼントバナー（クール・テック）","上級"
"BNR-07105","ウェディング・結婚相談所の資料請求・ホワイトペーパーバナー（パステル・ドリーミー）","プロ（演出多め）"
"BNR-07106","スマホアプリのキャンペーン・プレゼントバナー（3D・クレイ）","上級"
"BNR-07107","コンサル・コーチングの資料請求・ホワイトペーパーバナー（ミニマル・洗練）","プロ（演出多め）"
"BNR-07108","美容室・ヘアサロンのお知らせ・営業案内SNS画像（和モダン）","上級"
"BNR-07109","NPO・地方自治体のお客様の声・口コミサムネイル（ジオメトリック・グラフィカル）","上級"
"BNR-07110","金融・保険・投資のイベント・セミナー告知バナー（ミニマル・洗練）","プロ（演出多め）"
"BNR-07111","士業（税理士・弁護士・行政書士）のYouTube動画の興味喚起サムネイル（北欧・ライフスタイル）","プロ（演出多め）"
"BNR-07112","クラウドファンディング・新商品のお客様の声・口コミSNS画像（ナチュラル・オーガニック）","中級"
"BNR-07113","自動車・バイクのお知らせ・営業案内SNS画像（ラグジュアリー・高級感）","プロ（演出多め）"
"BNR-07114","採用・求人の診断・クイズバナー（ポップ・カラフル）","プロ（演出多め）"
"BNR-07115","パーソナルジム・フィットネスのイベント・セミナー告知バナー（ラグジュアリー・高級感）","プロ（演出多め）"
"BNR-07116","観光・地域プロモーションのハウツー・ノウハウ投稿SNS画像（ナチュラル・オーガニック）","上級"
"BNR-07117","ホテル・旅館の診断・クイズSNS画像（ミニマル・洗練）","プロ（演出多め）"
"BNR-07118","エステ・脱毛サロンの採用・求人バナー（パステル・ドリーミー）","プロ（演出多め）"
"BNR-07119","士業（税理士・弁護士・行政書士）の比較・ランキングSNS画像（ミニマル・洗練）","上級"
"BNR-07120","レストラン・居酒屋のお客様の声・口コミSNS画像（ダーク・シネマティック）","上級"
"BNR-07121","歯科医院のビフォーアフター・実績バナー（信頼・誠実（コーポレート））","プロ（演出多め）"
"BNR-07122","食品・産直ECのセール・割引告知バナー（ナチュラル・オーガニック）","上級"
"BNR-07123","占い・スピリチュアルのお客様の声・口コミSNS画像（ラグジュアリー・高級感）","プロ（演出多め）"
"BNR-07124","内科・クリニックのキャンペーン・プレゼントバナー（ナチュラル・オーガニック）","中級"
"BNR-07125","工務店・注文住宅・リフォームの採用・求人バナー（北欧・ライフスタイル）","中級"
"BNR-07126","ウェディング・結婚相談所のハウツー・ノウハウ投稿SNS画像（ミニマル・洗練）","上級"
"BNR-07127","士業（税理士・弁護士・行政書士）のキャンペーン・プレゼントSNS画像（ミニマル・洗練）","プロ（演出多め）"
"BNR-07128","内科・クリニックの比較・ランキングサムネイル（ナチュラル・オーガニック）","上級"
"BNR-07129","ヨガ・ピラティスのお知らせ・営業案内SNS画像（ミニマル・洗練）","中級"
"BNR-07130","コスメ・スキンケアの無料体験・無料相談SNS画像（ラグジュアリー・高級感）","プロ（演出多め）"
"BNR-07131","採用・求人の資料請求・ホワイトペーパーSNS画像（クール・テック）","上級"
"BNR-07132","コスメ・スキンケアのハウツー・ノウハウ投稿バナー（ナチュラル・オーガニック）","上級"
"BNR-07133","YouTuber・インフルエンサーの資料請求・ホワイトペーパーSNS画像（ネオン・サイバー）","上級"
"BNR-07134","コスメ・スキンケアのセール・割引告知バナー（グラスモーフィズム）","中級"
"BNR-07135","占い・スピリチュアルの新商品・新サービス発売バナー（ニューブルータリズム）","上級"
"BNR-07136","レストラン・居酒屋の新商品・新サービス発売SNS画像（和モダン）","プロ（演出多め）"
"BNR-07137","ヨガ・ピラティスの採用・求人SNS画像（ミニマル・洗練）","上級"
"BNR-07138","エステ・脱毛サロンのお知らせ・営業案内SNS画像（かわいい・ガーリー）","プロ（演出多め）"
"BNR-07139","ウェディング・結婚相談所の資料請求・ホワイトペーパーバナー（ラグジュアリー・高級感）","上級"
"BNR-07140","士業（税理士・弁護士・行政書士）の採用・求人SNS画像（和モダン）","中級"
"BNR-07141","ウェディング・結婚相談所のキャンペーン・プレゼントSNS画像（ミニマル・洗練）","上級"
"BNR-07142","和菓子・スイーツのブランディング・認知SNS画像（和モダン）","上級"
"BNR-07143","食品・産直ECのお客様の声・口コミSNS画像（レトロ・Y2K）","プロ（演出多め）"
"BNR-07144","カフェ・ベーカリーのセール・割引告知バナー（北欧・ライフスタイル）","上級"
"BNR-07145","パーソナルジム・フィットネスのお知らせ・営業案内SNS画像（クール・テック）","プロ（演出多め）"
"BNR-07146","ペット・トリミング・動物病院の比較・ランキングSNS画像（ジオメトリック・グラフィカル）","中級"
"BNR-07147","ゲーム・eスポーツのセール・割引告知SNS画像（ネオン・サイバー）","上級"
"BNR-07148","和菓子・スイーツの採用・求人SNS画像（かわいい・ガーリー）","プロ（演出多め）"
"BNR-07149","工務店・注文住宅・リフォームの比較・ランキングバナー（信頼・誠実（コーポレート））","プロ（演出多め）"
"BNR-07150","スマホアプリのハウツー・ノウハウ投稿サムネイル（3D・クレイ）","上級"
"BNR-07151","スマホアプリの資料請求・ホワイトペーパーバナー（グラスモーフィズム）","プロ（演出多め）"
"BNR-07152","士業（税理士・弁護士・行政書士）の比較・ランキングSNS画像（和モダン）","プロ（演出多め）"
"BNR-07153","士業（税理士・弁護士・行政書士）のブランディング・認知バナー（信頼・誠実（コーポレート））","プロ（演出多め）"
"BNR-07154","歯科医院のセール・割引告知SNS画像（信頼・誠実（コーポレート））","プロ（演出多め）"
"BNR-07155","コスメ・スキンケアの新商品・新サービス発売SNS画像（グラスモーフィズム）","中級"
"BNR-07156","エステ・脱毛サロンの資料請求・ホワイトペーパーSNS画像（かわいい・ガーリー）","上級"
"BNR-07157","英会話・語学の比較・ランキングSNS画像（ナチュラル・オーガニック）","中級"
"BNR-07158","工務店・注文住宅・リフォームの新商品・新サービス発売SNS画像（ナチュラル・オーガニック）","上級"
"BNR-07159","パーソナルジム・フィットネスのブランディング・認知SNS画像（ミニマル・洗練）","上級"
"BNR-07160","美容クリニックの新商品・新サービス発売バナー（ポップ・カラフル）","プロ（演出多め）"
"BNR-07161","ゲーム・eスポーツの無料体験・無料相談SNS画像（ダーク・シネマティック）","上級"
"BNR-07162","保育園・幼児教育・習い事の新商品・新サービス発売バナー（ポップ・カラフル）","中級"
"BNR-07163","ヨガ・ピラティスの診断・クイズSNS画像（パステル・ドリーミー）","中級"
"BNR-07164","ウェディング・結婚相談所のブランディング・認知バナー（ラグジュアリー・高級感）","上級"
"BNR-07165","建築設計事務所のビフォーアフター・実績バナー（ミニマル・洗練）","プロ（演出多め）"
"BNR-07166","スマホアプリの無料体験・無料相談SNS画像（グラスモーフィズム）","プロ（演出多め）"
"BNR-07167","AIサービス・スタートアップのキャンペーン・プレゼントSNS画像（グラスモーフィズム）","プロ（演出多め）"
"BNR-07168","観光・地域プロモーションの採用・求人SNS画像（和モダン）","プロ（演出多め）"
"BNR-07169","工務店・注文住宅・リフォームの診断・クイズSNS画像（信頼・誠実（コーポレート））","中級"
"BNR-07170","YouTuber・インフルエンサーのハウツー・ノウハウ投稿SNS画像（ニューブルータリズム）","上級"
"BNR-07171","SaaS・BtoBツールのお客様の声・口コミバナー（ミニマル・洗練）","プロ（演出多め）"
"BNR-07172","サウナ・温浴施設のお客様の声・口コミバナー（和モダン）","上級"
"BNR-07173","建築設計事務所のハウツー・ノウハウ投稿サムネイル（ジオメトリック・グラフィカル）","プロ（演出多め）"
"BNR-07174","引越し・生活サービスの資料請求・ホワイトペーパーバナー（3D・クレイ）","プロ（演出多め）"
"BNR-07175","クラウドファンディング・新商品の採用・求人バナー（ダーク・シネマティック）","プロ（演出多め）"
"BNR-07176","ウェディング・結婚相談所の新商品・新サービス発売SNS画像（和モダン）","上級"
"BNR-07177","保育園・幼児教育・習い事のイベント・セミナー告知SNS画像（かわいい・ガーリー）","プロ（演出多め）"
"BNR-07178","食品・産直ECのイベント・セミナー告知バナー（ハンドメイド・手書き）","プロ（演出多め）"
"BNR-07179","クラウドファンディング・新商品の無料体験・無料相談SNS画像（ミニマル・洗練）","中級"
"BNR-07180","採用・求人の診断・クイズバナー（エディトリアル・雑誌風）","中級"
"BNR-07181","士業（税理士・弁護士・行政書士）の新商品・新サービス発売サムネイル（ハンドメイド・手書き）","上級"
"BNR-07182","ヨガ・ピラティスのブランディング・認知バナー（ナチュラル・オーガニック）","プロ（演出多め）"
"BNR-07183","工務店・注文住宅・リフォームのお客様の声・口コミバナー（信頼・誠実（コーポレート））","プロ（演出多め）"
"BNR-07184","アパレル・ファッションECの無料体験・無料相談バナー（レトロ・Y2K）","中級"
"BNR-07185","スマホアプリの新商品・新サービス発売SNS画像（グラスモーフィズム）","プロ（演出多め）"
"BNR-07186","不動産・マンションの採用・求人SNS画像（ラグジュアリー・高級感）","プロ（演出多め）"
"BNR-07187","クラウドファンディング・新商品のキャンペーン・プレゼントバナー（クール・テック）","プロ（演出多め）"
"BNR-07188","農業・地方の生産者のお客様の声・口コミサムネイル（エネルギッシュ・スポーティ）","中級"
"BNR-07189","金融・保険・投資の新商品・新サービス発売SNS画像（クール・テック）","プロ（演出多め）"
"BNR-07190","ゲーム・eスポーツの比較・ランキングSNS画像（エネルギッシュ・スポーティ）","プロ（演出多め）"
"BNR-07191","金融・保険・投資の採用・求人バナー（信頼・誠実（コーポレート））","上級"
"BNR-07192","食品・産直ECのイベント・セミナー告知SNS画像（ポップ・カラフル）","上級"
"BNR-07193","スクール・オンライン講座のハウツー・ノウハウ投稿バナー（信頼・誠実（コーポレート））","上級"
"BNR-07194","Web制作・デザイン事務所のお客様の声・口コミSNS画像（エディトリアル・雑誌風）","中級"
"BNR-07195","AIサービス・スタートアップの診断・クイズSNS画像（ネオン・サイバー）","中級"
"BNR-07196","工務店・注文住宅・リフォームの比較・ランキングサムネイル（信頼・誠実（コーポレート））","上級"
"BNR-07197","スマホアプリの採用・求人SNS画像（クール・テック）","上級"
"BNR-07198","工務店・注文住宅・リフォームの新商品・新サービス発売SNS画像（ミニマル・洗練）","プロ（演出多め）"
"BNR-07199","コスメ・スキンケアのお客様の声・口コミSNS画像（パステル・ドリーミー）","上級"
"BNR-07200","観光・地域プロモーションの資料請求・ホワイトペーパーSNS画像（和モダン）","上級"
"BNR-07201","カフェ・ベーカリーの採用・求人SNS画像（信頼・誠実（コーポレート））","上級"
"BNR-07202","士業（税理士・弁護士・行政書士）の比較・ランキングSNS画像（和モダン）","プロ（演出多め）"
"BNR-07203","カフェ・ベーカリーのブランディング・認知バナー（レトロ・Y2K）","プロ（演出多め）"
"BNR-07204","占い・スピリチュアルの新商品・新サービス発売SNS画像（パステル・ドリーミー）","中級"
"BNR-07205","AIサービス・スタートアップのキャンペーン・プレゼントバナー（ミニマル・洗練）","上級"
"BNR-07206","内科・クリニックの診断・クイズバナー（ナチュラル・オーガニック）","上級"
"BNR-07207","農業・地方の生産者のお客様の声・口コミSNS画像（ハンドメイド・手書き）","上級"
"BNR-07208","アパレル・ファッションECの資料請求・ホワイトペーパーSNS画像（ニューブルータリズム）","上級"
"BNR-07209","ホテル・旅館の採用・求人SNS画像（ラグジュアリー・高級感）","中級"
"BNR-07210","観光・地域プロモーションのビフォーアフター・実績SNS画像（ミニマル・洗練）","上級"
"BNR-07211","金融・保険・投資のセール・割引告知バナー（信頼・誠実（コーポレート））","プロ（演出多め）"
"BNR-07212","占い・スピリチュアルの無料体験・無料相談SNS画像（ダーク・シネマティック）","プロ（演出多め）"
"BNR-07213","Web制作・デザイン事務所のビフォーアフター・実績SNS画像（レトロ・Y2K）","中級"
"BNR-07214","和菓子・スイーツのビフォーアフター・実績SNS画像（パステル・ドリーミー）","プロ（演出多め）"
"BNR-07215","Web制作・デザイン事務所のセール・割引告知バナー（エディトリアル・雑誌風）","上級"
"BNR-07216","YouTuber・インフルエンサーのキャンペーン・プレゼントSNS画像（ニューブルータリズム）","上級"
"BNR-07217","引越し・生活サービスのキャンペーン・プレゼントバナー（ポップ・カラフル）","プロ（演出多め）"
"BNR-07218","プログラミングスクールのセール・割引告知バナー（ネオン・サイバー）","上級"
"BNR-07219","SaaS・BtoBツールのイベント・セミナー告知バナー（信頼・誠実（コーポレート））","プロ（演出多め）"
"BNR-07220","ヨガ・ピラティスのブランディング・認知バナー（ナチュラル・オーガニック）","上級"
"BNR-07221","NPO・地方自治体の診断・クイズSNS画像（ジオメトリック・グラフィカル）","上級"
"BNR-07222","観光・地域プロモーションのキャンペーン・プレゼントSNS画像（ナチュラル・オーガニック）","上級"
"BNR-07223","クラウドファンディング・新商品のブランディング・認知バナー（ナチュラル・オーガニック）","プロ（演出多め）"
"BNR-07224","コンサル・コーチングのイベント・セミナー告知SNS画像（信頼・誠実（コーポレート））","上級"
"BNR-07225","カフェ・ベーカリーのハウツー・ノウハウ投稿SNS画像（ジオメトリック・グラフィカル）","上級"
"BNR-07226","コスメ・スキンケアの採用・求人SNS画像（グラスモーフィズム）","上級"
"BNR-07227","建築設計事務所の採用・求人バナー（ジオメトリック・グラフィカル）","中級"
"BNR-07228","建築設計事務所のお客様の声・口コミバナー（ジオメトリック・グラフィカル）","上級"
"BNR-07229","カフェ・ベーカリーのお客様の声・口コミSNS画像（ハンドメイド・手書き）","プロ（演出多め）"
"BNR-07230","観光・地域プロモーションの比較・ランキングバナー（ダーク・シネマティック）","中級"
"BNR-07231","スマホアプリの診断・クイズバナー（3D・クレイ）","中級"
"BNR-07232","観光・地域プロモーションのビフォーアフター・実績SNS画像（ナチュラル・オーガニック）","プロ（演出多め）"
"BNR-07233","工務店・注文住宅・リフォームのお知らせ・営業案内SNS画像（信頼・誠実（コーポレート））","上級"
"BNR-07234","ウェディング・結婚相談所のキャンペーン・プレゼントSNS画像（エネルギッシュ・スポーティ）","プロ（演出多め）"
"BNR-07235","金融・保険・投資の比較・ランキングSNS画像（クール・テック）","プロ（演出多め）"
"BNR-07236","コスメ・スキンケアのセール・割引告知SNS画像（ミニマル・洗練）","上級"
"BNR-07237","サウナ・温浴施設のキャンペーン・プレゼントSNS画像（ニューブルータリズム）","プロ（演出多め）"
"BNR-07238","YouTuber・インフルエンサーの資料請求・ホワイトペーパーSNS画像（ネオン・サイバー）","プロ（演出多め）"
"BNR-07239","ヨガ・ピラティスのセール・割引告知バナー（北欧・ライフスタイル）","上級"
"BNR-07240","SaaS・BtoBツールのビフォーアフター・実績バナー（クール・テック）","上級"
"BNR-07241","和菓子・スイーツの診断・クイズバナー（パステル・ドリーミー）","中級"
"BNR-07242","ホテル・旅館のイベント・セミナー告知SNS画像（ミニマル・洗練）","プロ（演出多め）"
"BNR-07243","アパレル・ファッションECのキャンペーン・プレゼントSNS画像（ニューブルータリズム）","中級"
"BNR-07244","Web制作・デザイン事務所の採用・求人SNS画像（グラスモーフィズム）","中級"
"BNR-07245","工務店・注文住宅・リフォームのブランディング・認知SNS画像（ミニマル・洗練）","プロ（演出多め）"
"BNR-07246","英会話・語学の診断・クイズサムネイル（ポップ・カラフル）","プロ（演出多め）"
"BNR-07247","ペット・トリミング・動物病院の無料体験・無料相談SNS画像（ハンドメイド・手書き）","プロ（演出多め）"
"BNR-07248","ホテル・旅館の診断・クイズSNS画像（ラグジュアリー・高級感）","プロ（演出多め）"
"BNR-07249","コスメ・スキンケアの資料請求・ホワイトペーパーSNS画像（ミニマル・洗練）","上級"
"BNR-07250","ヨガ・ピラティスの比較・ランキングバナー（パステル・ドリーミー）","上級"
"BNR-07251","工務店・注文住宅・リフォームのお知らせ・営業案内バナー（パステル・ドリーミー）","上級"
"BNR-07252","AIサービス・スタートアップの新商品・新サービス発売バナー（エネルギッシュ・スポーティ）","上級"
"BNR-07253","音楽・ライブ・イベントの採用・求人SNS画像（ダーク・シネマティック）","上級"
"BNR-07254","エステ・脱毛サロンのイベント・セミナー告知SNS画像（ミニマル・洗練）","上級"
"BNR-07255","観光・地域プロモーションのキャンペーン・プレゼントSNS画像（ナチュラル・オーガニック）","プロ（演出多め）"
"BNR-07256","AIサービス・スタートアップのお客様の声・口コミバナー（グラスモーフィズム）","プロ（演出多め）"
"BNR-07257","自動車・バイクのお知らせ・営業案内SNS画像（ラグジュアリー・高級感）","中級"
"BNR-07258","ペット・トリミング・動物病院のブランディング・認知バナー（ハンドメイド・手書き）","上級"
"BNR-07259","金融・保険・投資の採用・求人バナー（信頼・誠実（コーポレート））","上級"
"BNR-07260","引越し・生活サービスのビフォーアフター・実績SNS画像（3D・クレイ）","プロ（演出多め）"
"BNR-07261","ホテル・旅館のお客様の声・口コミSNS画像（ラグジュアリー・高級感）","中級"
"BNR-07262","美容クリニックの新商品・新サービス発売バナー（信頼・誠実（コーポレート））","中級"
"BNR-07263","SaaS・BtoBツールの無料体験・無料相談SNS画像（3D・クレイ）","プロ（演出多め）"
"BNR-07264","レストラン・居酒屋の無料体験・無料相談SNS画像（ラグジュアリー・高級感）","上級"
"BNR-07265","レストラン・居酒屋の資料請求・ホワイトペーパーSNS画像（ポップ・カラフル）","上級"
"BNR-07266","美容クリニックの無料体験・無料相談SNS画像（ミニマル・洗練）","プロ（演出多め）"
"BNR-07267","カフェ・ベーカリーのハウツー・ノウハウ投稿バナー（ハンドメイド・手書き）","中級"
"BNR-07268","保育園・幼児教育・習い事のイベント・セミナー告知SNS画像（かわいい・ガーリー）","上級"
"BNR-07269","スクール・オンライン講座のブランディング・認知SNS画像（ミニマル・洗練）","上級"
"BNR-07270","歯科医院のハウツー・ノウハウ投稿SNS画像（ナチュラル・オーガニック）","上級"
"BNR-07271","和菓子・スイーツのハウツー・ノウハウ投稿SNS画像（ナチュラル・オーガニック）","プロ（演出多め）"
"BNR-07272","NPO・地方自治体のブランディング・認知バナー（ジオメトリック・グラフィカル）","上級"
"BNR-07273","引越し・生活サービスのお知らせ・営業案内SNS画像（信頼・誠実（コーポレート））","上級"
"BNR-07274","パーソナルジム・フィットネスの採用・求人SNS画像（クール・テック）","プロ（演出多め）"
"BNR-07275","ホテル・旅館の新商品・新サービス発売SNS画像（和モダン）","中級"
"BNR-07276","スマホアプリの資料請求・ホワイトペーパーバナー（グラスモーフィズム）","中級"
"BNR-07277","食品・産直ECのキャンペーン・プレゼントSNS画像（ハンドメイド・手書き）","中級"
"BNR-07278","カフェ・ベーカリーの新商品・新サービス発売SNS画像（和モダン）","プロ（演出多め）"
"BNR-07279","サウナ・温浴施設の比較・ランキングSNS画像（レトロ・Y2K）","上級"
"BNR-07280","ヨガ・ピラティスの新商品・新サービス発売バナー（ナチュラル・オーガニック）","プロ（演出多め）"
"BNR-07281","ヨガ・ピラティスのキャンペーン・プレゼントSNS画像（信頼・誠実（コーポレート））","中級"
"BNR-07282","プログラミングスクールの無料体験・無料相談SNS画像（ポップ・カラフル）","上級"
"BNR-07283","保育園・幼児教育・習い事の診断・クイズSNS画像（ポップ・カラフル）","上級"
"BNR-07284","YouTuber・インフルエンサーのイベント・セミナー告知バナー（ニューブルータリズム）","上級"
"BNR-07285","食品・産直ECのハウツー・ノウハウ投稿バナー（ハンドメイド・手書き）","中級"
"BNR-07286","食品・産直ECのお客様の声・口コミSNS画像（和モダン）","中級"
"BNR-07287","Web制作・デザイン事務所のセール・割引告知バナー（ダーク・シネマティック）","上級"
"BNR-07288","観光・地域プロモーションのセール・割引告知SNS画像（ミニマル・洗練）","プロ（演出多め）"
"BNR-07289","ホテル・旅館のキャンペーン・プレゼントSNS画像（ミニマル・洗練）","上級"
"BNR-07290","金融・保険・投資のブランディング・認知バナー（クール・テック）","プロ（演出多め）"
"BNR-07291","食品・産直ECのお知らせ・営業案内SNS画像（和モダン）","中級"
"BNR-07292","英会話・語学のハウツー・ノウハウ投稿SNS画像（信頼・誠実（コーポレート））","上級"
"BNR-07293","保育園・幼児教育・習い事のイベント・セミナー告知SNS画像（ナチュラル・オーガニック）","上級"
"BNR-07294","スマホアプリのハウツー・ノウハウ投稿SNS画像（ダーク・シネマティック）","プロ（演出多め）"
"BNR-07295","NPO・地方自治体のブランディング・認知バナー（ジオメトリック・グラフィカル）","プロ（演出多め）"
"BNR-07296","NPO・地方自治体の新商品・新サービス発売バナー（ハンドメイド・手書き）","上級"
"BNR-07297","工務店・注文住宅・リフォームの比較・ランキングバナー（ナチュラル・オーガニック）","プロ（演出多め）"
"BNR-07298","内科・クリニックのハウツー・ノウハウ投稿SNS画像（信頼・誠実（コーポレート））","中級"
"BNR-07299","ペット・トリミング・動物病院のブランディング・認知バナー（ナチュラル・オーガニック）","プロ（演出多め）"
"BNR-07300","アパレル・ファッションECの診断・クイズバナー（3D・クレイ）","上級"
"BNR-07301","建築設計事務所の採用・求人SNS画像（エディトリアル・雑誌風）","上級"
"BNR-07302","観光・地域プロモーションの診断・クイズバナー（エディトリアル・雑誌風）","中級"
"BNR-07303","コンサル・コーチングのお知らせ・営業案内バナー（ラグジュアリー・高級感）","プロ（演出多め）"
"BNR-07304","金融・保険・投資の比較・ランキングSNS画像（信頼・誠実（コーポレート））","プロ（演出多め）"
"BNR-07305","スマホアプリの診断・クイズバナー（ポップ・カラフル）","プロ（演出多め）"
"BNR-07306","美容クリニックのビフォーアフター・実績SNS画像（ミニマル・洗練）","上級"
"BNR-07307","英会話・語学の資料請求・ホワイトペーパーバナー（ラグジュアリー・高級感）","プロ（演出多め）"
"BNR-07308","英会話・語学のお知らせ・営業案内SNS画像（信頼・誠実（コーポレート））","プロ（演出多め）"
"BNR-07309","プログラミングスクールのブランディング・認知SNS画像（3D・クレイ）","プロ（演出多め）"
"BNR-07310","占い・スピリチュアルのキャンペーン・プレゼントバナー（ラグジュアリー・高級感）","上級"
"BNR-07311","内科・クリニックのセール・割引告知SNS画像（北欧・ライフスタイル）","プロ（演出多め）"
"BNR-07312","観光・地域プロモーションのブランディング・認知バナー（ナチュラル・オーガニック）","プロ（演出多め）"
"BNR-07313","スクール・オンライン講座のお客様の声・口コミSNS画像（ポップ・カラフル）","プロ（演出多め）"
"BNR-07314","引越し・生活サービスの無料体験・無料相談SNS画像（ポップ・カラフル）","中級"
"BNR-07315","プログラミングスクールのキャンペーン・プレゼントバナー（ポップ・カラフル）","プロ（演出多め）"
"BNR-07316","クラウドファンディング・新商品のビフォーアフター・実績SNS画像（ポップ・カラフル）","プロ（演出多め）"
"BNR-07317","占い・スピリチュアルのキャンペーン・プレゼントバナー（ダーク・シネマティック）","プロ（演出多め）"
"BNR-07318","アパレル・ファッションECの資料請求・ホワイトペーパーバナー（レトロ・Y2K）","プロ（演出多め）"
"BNR-07319","観光・地域プロモーションの診断・クイズSNS画像（ダーク・シネマティック）","中級"
"BNR-07320","ペット・トリミング・動物病院の比較・ランキングバナー（エネルギッシュ・スポーティ）","プロ（演出多め）"
"BNR-07321","スマホアプリの採用・求人SNS画像（3D・クレイ）","プロ（演出多め）"
"BNR-07322","工務店・注文住宅・リフォームのお客様の声・口コミSNS画像（クール・テック）","上級"
"BNR-07323","農業・地方の生産者の新商品・新サービス発売バナー（ニューブルータリズム）","プロ（演出多め）"
"BNR-07324","士業（税理士・弁護士・行政書士）のブランディング・認知バナー（ミニマル・洗練）","上級"
"BNR-07325","歯科医院の診断・クイズバナー（ナチュラル・オーガニック）","上級"
"BNR-07326","SaaS・BtoBツールの比較・ランキングSNS画像（グラスモーフィズム）","中級"
"BNR-07327","YouTuber・インフルエンサーの採用・求人SNS画像（ポップ・カラフル）","中級"
"BNR-07328","コスメ・スキンケアのビフォーアフター・実績バナー（ミニマル・洗練）","プロ（演出多め）"
"BNR-07329","ヨガ・ピラティスのセール・割引告知バナー（ミニマル・洗練）","中級"
"BNR-07330","パーソナルジム・フィットネスのセール・割引告知バナー（ラグジュアリー・高級感）","プロ（演出多め）"
"BNR-07331","スクール・オンライン講座のお客様の声・口コミSNS画像（信頼・誠実（コーポレート））","プロ（演出多め）"
"BNR-07332","ホテル・旅館のイベント・セミナー告知SNS画像（ミニマル・洗練）","上級"
"BNR-07333","農業・地方の生産者の採用・求人SNS画像（ナチュラル・オーガニック）","上級"
"BNR-07334","建築設計事務所のハウツー・ノウハウ投稿SNS画像（エディトリアル・雑誌風）","プロ（演出多め）"
"BNR-07335","Web制作・デザイン事務所のキャンペーン・プレゼントバナー（クール・テック）","上級"
"BNR-07336","採用・求人の採用・求人バナー（エネルギッシュ・スポーティ）","上級"
"BNR-07337","金融・保険・投資の資料請求・ホワイトペーパーバナー（信頼・誠実（コーポレート））","上級"
"BNR-07338","農業・地方の生産者のキャンペーン・プレゼントバナー（和モダン）","上級"
"BNR-07339","建築設計事務所の診断・クイズバナー（ミニマル・洗練）","プロ（演出多め）"
"BNR-07340","NPO・地方自治体の比較・ランキングSNS画像（ナチュラル・オーガニック）","中級"
"BNR-07341","引越し・生活サービスのブランディング・認知バナー（3D・クレイ）","上級"
"BNR-07342","工務店・注文住宅・リフォームの資料請求・ホワイトペーパーバナー（レトロ・Y2K）","上級"
"BNR-07343","コンサル・コーチングのキャンペーン・プレゼントSNS画像（信頼・誠実（コーポレート））","プロ（演出多め）"
"BNR-07344","SaaS・BtoBツールのお客様の声・口コミバナー（クール・テック）","上級"
"BNR-07345","Web制作・デザイン事務所のお客様の声・口コミサムネイル（エディトリアル・雑誌風）","プロ（演出多め）"
"BNR-07346","美容室・ヘアサロンのお客様の声・口コミバナー（かわいい・ガーリー）","中級"
"BNR-07347","美容クリニックのビフォーアフター・実績サムネイル（ラグジュアリー・高級感）","プロ（演出多め）"
"BNR-07348","サウナ・温浴施設のハウツー・ノウハウ投稿SNS画像（ニューブルータリズム）","プロ（演出多め）"
"BNR-07349","プログラミングスクールのブランディング・認知SNS画像（3D・クレイ）","プロ（演出多め）"
"BNR-07350","サウナ・温浴施設のセール・割引告知SNS画像（ダーク・シネマティック）","プロ（演出多め）"
"BNR-07351","食品・産直ECの無料体験・無料相談SNS画像（レトロ・Y2K）","プロ（演出多め）"
"BNR-07352","スクール・オンライン講座の新商品・新サービス発売SNS画像（クール・テック）","上級"
"BNR-07353","コスメ・スキンケアのキャンペーン・プレゼントSNS画像（パステル・ドリーミー）","上級"
"BNR-07354","エステ・脱毛サロンのブランディング・認知SNS画像（かわいい・ガーリー）","プロ（演出多め）"
"BNR-07355","英会話・語学の診断・クイズバナー（ポップ・カラフル）","中級"
"BNR-07356","引越し・生活サービスのキャンペーン・プレゼントSNS画像（ポップ・カラフル）","プロ（演出多め）"
"BNR-07357","英会話・語学のキャンペーン・プレゼントバナー（ダーク・シネマティック）","プロ（演出多め）"
"BNR-07358","エステ・脱毛サロンのビフォーアフター・実績SNS画像（ラグジュアリー・高級感）","プロ（演出多め）"
"BNR-07359","AIサービス・スタートアップのセール・割引告知SNS画像（ネオン・サイバー）","上級"
"BNR-07360","占い・スピリチュアルのビフォーアフター・実績SNS画像（和モダン）","プロ（演出多め）"
"BNR-07361","不動産・マンションのセール・割引告知バナー（ミニマル・洗練）","中級"
"BNR-07362","保育園・幼児教育・習い事のキャンペーン・プレゼントバナー（かわいい・ガーリー）","上級"
"BNR-07363","保育園・幼児教育・習い事の新商品・新サービス発売バナー（ナチュラル・オーガニック）","プロ（演出多め）"
"BNR-07364","プログラミングスクールの比較・ランキングSNS画像（クール・テック）","プロ（演出多め）"
"BNR-07365","和菓子・スイーツの比較・ランキングSNS画像（ナチュラル・オーガニック）","上級"
"BNR-07366","エステ・脱毛サロンの無料体験・無料相談SNS画像（グラスモーフィズム）","上級"
"BNR-07367","AIサービス・スタートアップの診断・クイズサムネイル（3D・クレイ）","プロ（演出多め）"
"BNR-07368","コスメ・スキンケアの診断・クイズサムネイル（ミニマル・洗練）","プロ（演出多め）"
"BNR-07369","食品・産直ECの比較・ランキングSNS画像（エディトリアル・雑誌風）","プロ（演出多め）"
"BNR-07370","YouTuber・インフルエンサーのハウツー・ノウハウ投稿SNS画像（ニューブルータリズム）","上級"
"BNR-07371","建築設計事務所のブランディング・認知SNS画像（ジオメトリック・グラフィカル）","プロ（演出多め）"
"BNR-07372","自動車・バイクのキャンペーン・プレゼントSNS画像（クール・テック）","上級"
"BNR-07373","自動車・バイクのセール・割引告知SNS画像（エネルギッシュ・スポーティ）","上級"
"BNR-07374","アパレル・ファッションECのブランディング・認知バナー（ミニマル・洗練）","上級"
"BNR-07375","保育園・幼児教育・習い事の比較・ランキングSNS画像（ハンドメイド・手書き）","中級"
"BNR-07376","SaaS・BtoBツールの診断・クイズバナー（ミニマル・洗練）","上級"
"BNR-07377","建築設計事務所の無料体験・無料相談SNS画像（エディトリアル・雑誌風）","中級"
"BNR-07378","保育園・幼児教育・習い事のキャンペーン・プレゼントSNS画像（かわいい・ガーリー）","プロ（演出多め）"
"BNR-07379","アパレル・ファッションECの資料請求・ホワイトペーパーSNS画像（エディトリアル・雑誌風）","プロ（演出多め）"
"BNR-07380","士業（税理士・弁護士・行政書士）のブランディング・認知SNS画像（和モダン）","上級"
"BNR-07381","パーソナルジム・フィットネスのビフォーアフター・実績SNS画像（ダーク・シネマティック）","プロ（演出多め）"
"BNR-07382","工務店・注文住宅・リフォームの診断・クイズSNS画像（ナチュラル・オーガニック）","上級"
"BNR-07383","プログラミングスクールのブランディング・認知バナー（ネオン・サイバー）","プロ（演出多め）"
"BNR-07384","ウェディング・結婚相談所のセール・割引告知SNS画像（かわいい・ガーリー）","中級"
"BNR-07385","士業（税理士・弁護士・行政書士）のお客様の声・口コミSNS画像（ミニマル・洗練）","中級"
"BNR-07386","美容室・ヘアサロンの診断・クイズSNS画像（ラグジュアリー・高級感）","上級"
"BNR-07387","引越し・生活サービスのお客様の声・口コミバナー（3D・クレイ）","プロ（演出多め）"
"BNR-07388","内科・クリニックの無料体験・無料相談バナー（ネオン・サイバー）","プロ（演出多め）"
"BNR-07389","YouTuber・インフルエンサーのハウツー・ノウハウ投稿SNS画像（ポップ・カラフル）","プロ（演出多め）"
"BNR-07390","占い・スピリチュアルのブランディング・認知SNS画像（ラグジュアリー・高級感）","上級"
"BNR-07391","採用・求人のビフォーアフター・実績バナー（かわいい・ガーリー）","プロ（演出多め）"
"BNR-07392","美容クリニックのブランディング・認知SNS画像（信頼・誠実（コーポレート））","プロ（演出多め）"
"BNR-07393","ペット・トリミング・動物病院のブランディング・認知バナー（ジオメトリック・グラフィカル）","プロ（演出多め）"
"BNR-07394","士業（税理士・弁護士・行政書士）の採用・求人バナー（和モダン）","プロ（演出多め）"
"BNR-07395","Web制作・デザイン事務所の比較・ランキングSNS画像（ダーク・シネマティック）","上級"
"BNR-07396","エステ・脱毛サロンのお知らせ・営業案内SNS画像（ミニマル・洗練）","プロ（演出多め）"
"BNR-07397","美容室・ヘアサロンの採用・求人SNS画像（ラグジュアリー・高級感）","プロ（演出多め）"
"BNR-07398","AIサービス・スタートアップの比較・ランキングバナー（ミニマル・洗練）","プロ（演出多め）"
"BNR-07399","占い・スピリチュアルのお客様の声・口コミサムネイル（エディトリアル・雑誌風）","プロ（演出多め）"
"BNR-07400","アパレル・ファッションECの診断・クイズバナー（ミニマル・洗練）","上級"
"BNR-07401","YouTuber・インフルエンサーのお客様の声・口コミバナー（ポップ・カラフル）","上級"
"BNR-07402","パーソナルジム・フィットネスの新商品・新サービス発売SNS画像（ダーク・シネマティック）","中級"
"BNR-07403","スクール・オンライン講座の比較・ランキングバナー（3D・クレイ）","上級"
"BNR-07404","レストラン・居酒屋のハウツー・ノウハウ投稿SNS画像（和モダン）","上級"
"BNR-07405","美容室・ヘアサロンのキャンペーン・プレゼントバナー（エディトリアル・雑誌風）","中級"
"BNR-07406","AIサービス・スタートアップのビフォーアフター・実績SNS画像（グラスモーフィズム）","中級"
"BNR-07407","AIサービス・スタートアップの採用・求人SNS画像（ミニマル・洗練）","プロ（演出多め）"
"BNR-07408","エステ・脱毛サロンのキャンペーン・プレゼントバナー（ラグジュアリー・高級感）","上級"
"BNR-07409","ホテル・旅館のお客様の声・口コミサムネイル（ポップ・カラフル）","上級"
"BNR-07410","英会話・語学の資料請求・ホワイトペーパーSNS画像（ポップ・カラフル）","プロ（演出多め）"
"BNR-07411","音楽・ライブ・イベントのお客様の声・口コミバナー（ネオン・サイバー）","プロ（演出多め）"
"BNR-07412","ゲーム・eスポーツの比較・ランキングバナー（エネルギッシュ・スポーティ）","プロ（演出多め）"
"BNR-07413","スマホアプリの資料請求・ホワイトペーパーSNS画像（クール・テック）","中級"
"BNR-07414","YouTuber・インフルエンサーのセール・割引告知バナー（ポップ・カラフル）","プロ（演出多め）"
"BNR-07415","AIサービス・スタートアップの採用・求人バナー（グラスモーフィズム）","上級"
"BNR-07416","アパレル・ファッションECの採用・求人バナー（ミニマル・洗練）","上級"
"BNR-07417","パーソナルジム・フィットネスのYouTube動画の興味喚起サムネイル（ミニマル・洗練）","上級"
"BNR-07418","コスメ・スキンケアのビフォーアフター・実績バナー（ナチュラル・オーガニック）","上級"
"BNR-07419","歯科医院の資料請求・ホワイトペーパーバナー（ミニマル・洗練）","上級"
"BNR-07420","美容クリニックの新商品・新サービス発売バナー（ラグジュアリー・高級感）","上級"
"BNR-07421","ヨガ・ピラティスのビフォーアフター・実績バナー（ミニマル・洗練）","上級"
"BNR-07422","ペット・トリミング・動物病院のハウツー・ノウハウ投稿SNS画像（ナチュラル・オーガニック）","中級"
"BNR-07423","プログラミングスクールのお客様の声・口コミSNS画像（ポップ・カラフル）","中級"
"BNR-07424","Web制作・デザイン事務所のお知らせ・営業案内SNS画像（ジオメトリック・グラフィカル）","プロ（演出多め）"
"BNR-07425","占い・スピリチュアルのビフォーアフター・実績SNS画像（和モダン）","プロ（演出多め）"
"BNR-07426","工務店・注文住宅・リフォームのハウツー・ノウハウ投稿SNS画像（グラスモーフィズム）","プロ（演出多め）"
"BNR-07427","サウナ・温浴施設の資料請求・ホワイトペーパーバナー（和モダン）","上級"
"BNR-07428","自動車・バイクのお知らせ・営業案内バナー（クール・テック）","上級"
"BNR-07429","ペット・トリミング・動物病院のお客様の声・口コミバナー（かわいい・ガーリー）","プロ（演出多め）"
"BNR-07430","NPO・地方自治体の無料体験・無料相談バナー（グラスモーフィズム）","プロ（演出多め）"
"BNR-07431","スクール・オンライン講座の資料請求・ホワイトペーパーSNS画像（クール・テック）","中級"
"BNR-07432","保育園・幼児教育・習い事の無料体験・無料相談SNS画像（ポップ・カラフル）","プロ（演出多め）"
"BNR-07433","和菓子・スイーツの診断・クイズSNS画像（パステル・ドリーミー）","中級"
"BNR-07434","金融・保険・投資のハウツー・ノウハウ投稿バナー（ミニマル・洗練）","上級"
"BNR-07435","コスメ・スキンケアのハウツー・ノウハウ投稿SNS画像（ナチュラル・オーガニック）","プロ（演出多め）"
"BNR-07436","士業（税理士・弁護士・行政書士）の診断・クイズSNS画像（ミニマル・洗練）","上級"
"BNR-07437","ホテル・旅館のビフォーアフター・実績SNS画像（ハンドメイド・手書き）","上級"
"BNR-07438","自動車・バイクの診断・クイズサムネイル（エネルギッシュ・スポーティ）","中級"
"BNR-07439","パーソナルジム・フィットネスのハウツー・ノウハウ投稿サムネイル（3D・クレイ）","プロ（演出多め）"
"BNR-07440","工務店・注文住宅・リフォームのイベント・セミナー告知バナー（信頼・誠実（コーポレート））","プロ（演出多め）"
"BNR-07441","NPO・地方自治体の新商品・新サービス発売SNS画像（ナチュラル・オーガニック）","上級"
"BNR-07442","ヨガ・ピラティスのセール・割引告知バナー（ミニマル・洗練）","プロ（演出多め）"
"BNR-07443","コスメ・スキンケアのビフォーアフター・実績SNS画像（ナチュラル・オーガニック）","プロ（演出多め）"
"BNR-07444","YouTuber・インフルエンサーのイベント・セミナー告知バナー（ニューブルータリズム）","プロ（演出多め）"
"BNR-07445","観光・地域プロモーションの診断・クイズバナー（ハンドメイド・手書き）","上級"
"BNR-07446","占い・スピリチュアルの採用・求人バナー（かわいい・ガーリー）","上級"
"BNR-07447","ヨガ・ピラティスの採用・求人バナー（ミニマル・洗練）","上級"
"BNR-07448","美容クリニックのお客様の声・口コミサムネイル（ラグジュアリー・高級感）","プロ（演出多め）"
"BNR-07449","自動車・バイクのキャンペーン・プレゼントSNS画像（ラグジュアリー・高級感）","プロ（演出多め）"
"BNR-07450","金融・保険・投資のハウツー・ノウハウ投稿サムネイル（信頼・誠実（コーポレート））","上級"
"BNR-07451","ホテル・旅館のイベント・セミナー告知バナー（ダーク・シネマティック）","上級"
"BNR-07452","ウェディング・結婚相談所のビフォーアフター・実績バナー（パステル・ドリーミー）","プロ（演出多め）"
"BNR-07453","プログラミングスクールのお知らせ・営業案内SNS画像（クール・テック）","上級"
"BNR-07454","ゲーム・eスポーツのビフォーアフター・実績バナー（ダーク・シネマティック）","プロ（演出多め）"
"BNR-07455","サウナ・温浴施設のお客様の声・口コミバナー（エネルギッシュ・スポーティ）","上級"
"BNR-07456","コスメ・スキンケアのお客様の声・口コミバナー（グラスモーフィズム）","中級"
"BNR-07457","ヨガ・ピラティスのビフォーアフター・実績SNS画像（信頼・誠実（コーポレート））","上級"
"BNR-07458","コンサル・コーチングのビフォーアフター・実績SNS画像（かわいい・ガーリー）","上級"
"BNR-07459","Web制作・デザイン事務所のハウツー・ノウハウ投稿バナー（ニューブルータリズム）","上級"
"BNR-07460","ゲーム・eスポーツのハウツー・ノウハウ投稿バナー（レトロ・Y2K）","プロ（演出多め）"
"BNR-07461","内科・クリニックの新商品・新サービス発売SNS画像（ナチュラル・オーガニック）","プロ（演出多め）"
"BNR-07462","ホテル・旅館のビフォーアフター・実績SNS画像（ラグジュアリー・高級感）","上級"
"BNR-07463","パーソナルジム・フィットネスのイベント・セミナー告知SNS画像（ダーク・シネマティック）","中級"
"BNR-07464","YouTuber・インフルエンサーのハウツー・ノウハウ投稿バナー（かわいい・ガーリー）","上級"
"BNR-07465","保育園・幼児教育・習い事の無料体験・無料相談SNS画像（かわいい・ガーリー）","プロ（演出多め）"
"BNR-07466","占い・スピリチュアルの比較・ランキングSNS画像（ポップ・カラフル）","上級"
"BNR-07467","占い・スピリチュアルのビフォーアフター・実績サムネイル（ラグジュアリー・高級感）","プロ（演出多め）"
"BNR-07468","自動車・バイクの新商品・新サービス発売SNS画像（ラグジュアリー・高級感）","上級"
"BNR-07469","ゲーム・eスポーツのビフォーアフター・実績バナー（エディトリアル・雑誌風）","上級"
"BNR-07470","レストラン・居酒屋のお知らせ・営業案内バナー（かわいい・ガーリー）","上級"
"BNR-07471","コンサル・コーチングのブランディング・認知SNS画像（ミニマル・洗練）","中級"
"BNR-07472","パーソナルジム・フィットネスの資料請求・ホワイトペーパーSNS画像（エネルギッシュ・スポーティ）","上級"
"BNR-07473","引越し・生活サービスの新商品・新サービス発売SNS画像（信頼・誠実（コーポレート））","上級"
"BNR-07474","パーソナルジム・フィットネスのイベント・セミナー告知SNS画像（北欧・ライフスタイル）","上級"
"BNR-07475","エステ・脱毛サロンのハウツー・ノウハウ投稿バナー（ラグジュアリー・高級感）","中級"
"BNR-07476","歯科医院の資料請求・ホワイトペーパーSNS画像（ナチュラル・オーガニック）","中級"
"BNR-07477","パーソナルジム・フィットネスのブランディング・認知バナー（ダーク・シネマティック）","上級"
"BNR-07478","ヨガ・ピラティスのお客様の声・口コミSNS画像（パステル・ドリーミー）","プロ（演出多め）"
"BNR-07479","コスメ・スキンケアのビフォーアフター・実績SNS画像（ミニマル・洗練）","上級"
"BNR-07480","ホテル・旅館の診断・クイズSNS画像（ミニマル・洗練）","プロ（演出多め）"
"BNR-07481","SaaS・BtoBツールのセール・割引告知バナー（クール・テック）","中級"
"BNR-07482","士業（税理士・弁護士・行政書士）の比較・ランキングバナー（ポップ・カラフル）","上級"
"BNR-07483","YouTuber・インフルエンサーの診断・クイズバナー（かわいい・ガーリー）","上級"
"BNR-07484","ウェディング・結婚相談所の新商品・新サービス発売SNS画像（パステル・ドリーミー）","プロ（演出多め）"
"BNR-07485","観光・地域プロモーションの採用・求人SNS画像（ダーク・シネマティック）","上級"
"BNR-07486","保育園・幼児教育・習い事のイベント・セミナー告知バナー（ナチュラル・オーガニック）","プロ（演出多め）"
"BNR-07487","コスメ・スキンケアのセール・割引告知SNS画像（グラスモーフィズム）","プロ（演出多め）"
"BNR-07488","金融・保険・投資の無料体験・無料相談バナー（信頼・誠実（コーポレート））","プロ（演出多め）"
"BNR-07489","レストラン・居酒屋の採用・求人SNS画像（レトロ・Y2K）","プロ（演出多め）"
"BNR-07490","自動車・バイクのキャンペーン・プレゼントSNS画像（ラグジュアリー・高級感）","上級"
"BNR-07491","プログラミングスクールの診断・クイズバナー（ポップ・カラフル）","中級"
"BNR-07492","観光・地域プロモーションの無料体験・無料相談バナー（和モダン）","プロ（演出多め）"
"BNR-07493","NPO・地方自治体の新商品・新サービス発売バナー（信頼・誠実（コーポレート））","プロ（演出多め）"
"BNR-07494","ゲーム・eスポーツの資料請求・ホワイトペーパーバナー（ネオン・サイバー）","上級"
"BNR-07495","士業（税理士・弁護士・行政書士）のハウツー・ノウハウ投稿バナー（ジオメトリック・グラフィカル）","上級"
"BNR-07496","農業・地方の生産者のお客様の声・口コミバナー（和モダン）","プロ（演出多め）"
"BNR-07497","観光・地域プロモーションの採用・求人バナー（和モダン）","プロ（演出多め）"
"BNR-07498","コスメ・スキンケアのセール・割引告知バナー（パステル・ドリーミー）","中級"
"BNR-07499","ペット・トリミング・動物病院のブランディング・認知SNS画像（かわいい・ガーリー）","プロ（演出多め）"
"BNR-07500","Web制作・デザイン事務所の採用・求人SNS画像（ニューブルータリズム）","上級"
"BNR-07501","和菓子・スイーツの比較・ランキングバナー（パステル・ドリーミー）","上級"
"BNR-07502","保育園・幼児教育・習い事の採用・求人バナー（かわいい・ガーリー）","上級"
"BNR-07503","自動車・バイクの資料請求・ホワイトペーパーSNS画像（ラグジュアリー・高級感）","上級"
"BNR-07504","内科・クリニックの無料体験・無料相談バナー（信頼・誠実（コーポレート））","プロ（演出多め）"
"BNR-07505","パーソナルジム・フィットネスのセール・割引告知SNS画像（クール・テック）","上級"
"BNR-07506","エステ・脱毛サロンの採用・求人SNS画像（パステル・ドリーミー）","上級"
"BNR-07507","保育園・幼児教育・習い事の無料体験・無料相談SNS画像（信頼・誠実（コーポレート））","上級"
"BNR-07508","引越し・生活サービスの診断・クイズSNS画像（3D・クレイ）","上級"
"BNR-07509","アパレル・ファッションECの診断・クイズSNS画像（エディトリアル・雑誌風）","中級"
"BNR-07510","美容クリニックの採用・求人バナー（ミニマル・洗練）","プロ（演出多め）"
"BNR-07511","和菓子・スイーツのブランディング・認知バナー（和モダン）","上級"
"BNR-07512","ペット・トリミング・動物病院の採用・求人バナー（3D・クレイ）","上級"
"BNR-07513","サウナ・温浴施設のキャンペーン・プレゼントSNS画像（和モダン）","上級"
"BNR-07514","サウナ・温浴施設のセール・割引告知SNS画像（ナチュラル・オーガニック）","上級"
"BNR-07515","建築設計事務所の比較・ランキングSNS画像（ジオメトリック・グラフィカル）","上級"
"BNR-07516","AIサービス・スタートアップのセール・割引告知バナー（パステル・ドリーミー）","プロ（演出多め）"
"BNR-07517","プログラミングスクールの比較・ランキングSNS画像（信頼・誠実（コーポレート））","プロ（演出多め）"
"BNR-07518","占い・スピリチュアルのお知らせ・営業案内SNS画像（パステル・ドリーミー）","上級"
"BNR-07519","ウェディング・結婚相談所のお客様の声・口コミSNS画像（かわいい・ガーリー）","上級"
"BNR-07520","ゲーム・eスポーツの比較・ランキングSNS画像（ネオン・サイバー）","上級"
"BNR-07521","ゲーム・eスポーツの採用・求人SNS画像（ダーク・シネマティック）","中級"
"BNR-07522","コンサル・コーチングの資料請求・ホワイトペーパーバナー（ラグジュアリー・高級感）","上級"
"BNR-07523","歯科医院の診断・クイズSNS画像（ナチュラル・オーガニック）","中級"
"BNR-07524","英会話・語学の採用・求人バナー（エディトリアル・雑誌風）","プロ（演出多め）"
"BNR-07525","Web制作・デザイン事務所のハウツー・ノウハウ投稿バナー（ミニマル・洗練）","プロ（演出多め）"
"BNR-07526","歯科医院の採用・求人SNS画像（信頼・誠実（コーポレート））","上級"
"BNR-07527","占い・スピリチュアルの資料請求・ホワイトペーパーSNS画像（ハンドメイド・手書き）","プロ（演出多め）"
"BNR-07528","和菓子・スイーツのお客様の声・口コミSNS画像（かわいい・ガーリー）","中級"
"BNR-07529","カフェ・ベーカリーのイベント・セミナー告知バナー（エディトリアル・雑誌風）","上級"
"BNR-07530","Web制作・デザイン事務所のハウツー・ノウハウ投稿SNS画像（ダーク・シネマティック）","上級"
"BNR-07531","レストラン・居酒屋の診断・クイズバナー（グラスモーフィズム）","プロ（演出多め）"
"BNR-07532","観光・地域プロモーションの比較・ランキングSNS画像（ナチュラル・オーガニック）","プロ（演出多め）"
"BNR-07533","ホテル・旅館のブランディング・認知バナー（ミニマル・洗練）","プロ（演出多め）"
"BNR-07534","AIサービス・スタートアップの比較・ランキングバナー（ネオン・サイバー）","プロ（演出多め）"
"BNR-07535","採用・求人のお知らせ・営業案内バナー（エディトリアル・雑誌風）","プロ（演出多め）"
"BNR-07536","採用・求人の新商品・新サービス発売SNS画像（エディトリアル・雑誌風）","プロ（演出多め）"
"BNR-07537","ウェディング・結婚相談所の資料請求・ホワイトペーパーSNS画像（ミニマル・洗練）","中級"
"BNR-07538","アパレル・ファッションECの比較・ランキングバナー（エディトリアル・雑誌風）","上級"
"BNR-07539","内科・クリニックの診断・クイズバナー（北欧・ライフスタイル）","上級"
"BNR-07540","工務店・注文住宅・リフォームの新商品・新サービス発売バナー（北欧・ライフスタイル）","上級"
"BNR-07541","ウェディング・結婚相談所のイベント・セミナー告知バナー（ラグジュアリー・高級感）","中級"
"BNR-07542","音楽・ライブ・イベントの新商品・新サービス発売SNS画像（ネオン・サイバー）","上級"
"BNR-07543","建築設計事務所の新商品・新サービス発売バナー（エディトリアル・雑誌風）","上級"
"BNR-07544","Web制作・デザイン事務所のキャンペーン・プレゼントバナー（信頼・誠実（コーポレート））","上級"
"BNR-07545","YouTuber・インフルエンサーのお客様の声・口コミバナー（ポップ・カラフル）","中級"
"BNR-07546","Web制作・デザイン事務所のキャンペーン・プレゼントバナー（エディトリアル・雑誌風）","上級"
"BNR-07547","農業・地方の生産者の比較・ランキングバナー（和モダン）","上級"
"BNR-07548","NPO・地方自治体のお客様の声・口コミSNS画像（信頼・誠実（コーポレート））","中級"
"BNR-07549","音楽・ライブ・イベントの採用・求人SNS画像（ポップ・カラフル）","上級"
"BNR-07550","食品・産直ECのセール・割引告知SNS画像（ナチュラル・オーガニック）","上級"
"BNR-07551","観光・地域プロモーションのハウツー・ノウハウ投稿SNS画像（ナチュラル・オーガニック）","中級"
"BNR-07552","サウナ・温浴施設のお客様の声・口コミSNS画像（和モダン）","プロ（演出多め）"
"BNR-07553","AIサービス・スタートアップのお客様の声・口コミサムネイル（ネオン・サイバー）","上級"
"BNR-07554","Web制作・デザイン事務所のブランディング・認知バナー（ジオメトリック・グラフィカル）","中級"
"BNR-07555","クラウドファンディング・新商品のビフォーアフター・実績SNS画像（クール・テック）","上級"
"BNR-07556","自動車・バイクの採用・求人SNS画像（ダーク・シネマティック）","プロ（演出多め）"
"BNR-07557","ゲーム・eスポーツのお客様の声・口コミサムネイル（ネオン・サイバー）","プロ（演出多め）"
"BNR-07558","ホテル・旅館のイベント・セミナー告知SNS画像（ラグジュアリー・高級感）","上級"
"BNR-07559","クラウドファンディング・新商品の診断・クイズSNS画像（ダーク・シネマティック）","上級"
"BNR-07560","スマホアプリのイベント・セミナー告知SNS画像（3D・クレイ）","プロ（演出多め）"
"BNR-07561","ホテル・旅館の診断・クイズバナー（ダーク・シネマティック）","プロ（演出多め）"
"BNR-07562","建築設計事務所のキャンペーン・プレゼントSNS画像（ミニマル・洗練）","プロ（演出多め）"
"BNR-07563","ウェディング・結婚相談所の新商品・新サービス発売SNS画像（ミニマル・洗練）","プロ（演出多め）"
"BNR-07564","エステ・脱毛サロンのイベント・セミナー告知バナー（パステル・ドリーミー）","プロ（演出多め）"
"BNR-07565","YouTuber・インフルエンサーのお客様の声・口コミバナー（ニューブルータリズム）","上級"
"BNR-07566","NPO・地方自治体のセール・割引告知SNS画像（信頼・誠実（コーポレート））","上級"
"BNR-07567","NPO・地方自治体の無料体験・無料相談バナー（かわいい・ガーリー）","プロ（演出多め）"
"BNR-07568","和菓子・スイーツのお客様の声・口コミバナー（ラグジュアリー・高級感）","上級"
"BNR-07569","クラウドファンディング・新商品のキャンペーン・プレゼントSNS画像（ダーク・シネマティック）","中級"
"BNR-07570","スマホアプリの採用・求人SNS画像（ポップ・カラフル）","プロ（演出多め）"
"BNR-07571","農業・地方の生産者のセール・割引告知バナー（和モダン）","上級"
"BNR-07572","アパレル・ファッションECのお知らせ・営業案内バナー（ミニマル・洗練）","上級"
"BNR-07573","採用・求人の無料体験・無料相談SNS画像（エディトリアル・雑誌風）","上級"
"BNR-07574","カフェ・ベーカリーのハウツー・ノウハウ投稿SNS画像（ナチュラル・オーガニック）","プロ（演出多め）"
"BNR-07575","ペット・トリミング・動物病院の採用・求人バナー（かわいい・ガーリー）","プロ（演出多め）"
"BNR-07576","食品・産直ECの比較・ランキングSNS画像（ハンドメイド・手書き）","上級"
"BNR-07577","SaaS・BtoBツールのキャンペーン・プレゼントSNS画像（レトロ・Y2K）","プロ（演出多め）"
"BNR-07578","カフェ・ベーカリーの比較・ランキングSNS画像（ナチュラル・オーガニック）","中級"
"BNR-07579","ゲーム・eスポーツのブランディング・認知SNS画像（レトロ・Y2K）","プロ（演出多め）"
"BNR-07580","引越し・生活サービスの診断・クイズSNS画像（3D・クレイ）","上級"
"BNR-07581","建築設計事務所のお知らせ・営業案内SNS画像（エディトリアル・雑誌風）","上級"
"BNR-07582","英会話・語学の採用・求人SNS画像（3D・クレイ）","プロ（演出多め）"
"BNR-07583","ウェディング・結婚相談所のブランディング・認知バナー（パステル・ドリーミー）","中級"
"BNR-07584","農業・地方の生産者のハウツー・ノウハウ投稿バナー（ナチュラル・オーガニック）","中級"
"BNR-07585","プログラミングスクールのお客様の声・口コミSNS画像（ポップ・カラフル）","上級"
"BNR-07586","工務店・注文住宅・リフォームのイベント・セミナー告知SNS画像（ナチュラル・オーガニック）","上級"
"BNR-07587","YouTuber・インフルエンサーの無料体験・無料相談バナー（グラスモーフィズム）","プロ（演出多め）"
"BNR-07588","コスメ・スキンケアのブランディング・認知バナー（ダーク・シネマティック）","プロ（演出多め）"
"BNR-07589","レストラン・居酒屋のセール・割引告知SNS画像（レトロ・Y2K）","プロ（演出多め）"
"BNR-07590","ヨガ・ピラティスの新商品・新サービス発売バナー（北欧・ライフスタイル）","プロ（演出多め）"
"BNR-07591","エステ・脱毛サロンのハウツー・ノウハウ投稿サムネイル（パステル・ドリーミー）","上級"
"BNR-07592","YouTuber・インフルエンサーのハウツー・ノウハウ投稿SNS画像（かわいい・ガーリー）","プロ（演出多め）"
"BNR-07593","和菓子・スイーツのブランディング・認知バナー（エネルギッシュ・スポーティ）","中級"
"BNR-07594","内科・クリニックのビフォーアフター・実績SNS画像（信頼・誠実（コーポレート））","上級"
"BNR-07595","カフェ・ベーカリーのセール・割引告知SNS画像（北欧・ライフスタイル）","中級"
"BNR-07596","歯科医院のハウツー・ノウハウ投稿SNS画像（信頼・誠実（コーポレート））","中級"
"BNR-07597","エステ・脱毛サロンの新商品・新サービス発売SNS画像（ミニマル・洗練）","中級"
"BNR-07598","和菓子・スイーツの資料請求・ホワイトペーパーSNS画像（かわいい・ガーリー）","中級"
"BNR-07599","スクール・オンライン講座のブランディング・認知バナー（ネオン・サイバー）","上級"
"BNR-07600","NPO・地方自治体の新商品・新サービス発売SNS画像（ジオメトリック・グラフィカル）","プロ（演出多め）"
"BNR-07601","ヨガ・ピラティスの採用・求人バナー（ミニマル・洗練）","上級"
"BNR-07602","パーソナルジム・フィットネスのキャンペーン・プレゼントSNS画像（ミニマル・洗練）","中級"
"BNR-07603","不動産・マンションのセール・割引告知SNS画像（信頼・誠実（コーポレート））","上級"
"BNR-07604","クラウドファンディング・新商品のイベント・セミナー告知SNS画像（ポップ・カラフル）","上級"
"BNR-07605","スマホアプリの新商品・新サービス発売SNS画像（グラスモーフィズム）","上級"
"BNR-07606","歯科医院の採用・求人バナー（ミニマル・洗練）","プロ（演出多め）"
"BNR-07607","ゲーム・eスポーツのセール・割引告知SNS画像（ミニマル・洗練）","中級"
"BNR-07608","金融・保険・投資のイベント・セミナー告知SNS画像（ミニマル・洗練）","プロ（演出多め）"
"BNR-07609","音楽・ライブ・イベントのビフォーアフター・実績SNS画像（ニューブルータリズム）","上級"
"BNR-07610","クラウドファンディング・新商品のYouTube動画の興味喚起サムネイル（ダーク・シネマティック）","プロ（演出多め）"
"BNR-07611","英会話・語学のお客様の声・口コミSNS画像（ジオメトリック・グラフィカル）","プロ（演出多め）"
"BNR-07612","NPO・地方自治体のイベント・セミナー告知SNS画像（ポップ・カラフル）","上級"
"BNR-07613","内科・クリニックの資料請求・ホワイトペーパーSNS画像（北欧・ライフスタイル）","プロ（演出多め）"
"BNR-07614","歯科医院の比較・ランキングバナー（ニューブルータリズム）","上級"
"BNR-07615","プログラミングスクールの比較・ランキングSNS画像（ポップ・カラフル）","上級"
"BNR-07616","ペット・トリミング・動物病院の無料体験・無料相談SNS画像（3D・クレイ）","中級"
"BNR-07617","パーソナルジム・フィットネスの無料体験・無料相談SNS画像（ダーク・シネマティック）","プロ（演出多め）"
"BNR-07618","内科・クリニックのYouTube動画の興味喚起サムネイル（北欧・ライフスタイル）","上級"
"BNR-07619","自動車・バイクの新商品・新サービス発売SNS画像（クール・テック）","プロ（演出多め）"
"BNR-07620","音楽・ライブ・イベントのお客様の声・口コミSNS画像（ジオメトリック・グラフィカル）","上級"
"BNR-07621","英会話・語学の資料請求・ホワイトペーパーバナー（信頼・誠実（コーポレート））","上級"
"BNR-07622","プログラミングスクールの無料体験・無料相談SNS画像（3D・クレイ）","プロ（演出多め）"
"BNR-07623","金融・保険・投資のビフォーアフター・実績SNS画像（クール・テック）","上級"
"BNR-07624","建築設計事務所の無料体験・無料相談バナー（ジオメトリック・グラフィカル）","プロ（演出多め）"
"BNR-07625","ホテル・旅館のキャンペーン・プレゼントバナー（ラグジュアリー・高級感）","上級"
"BNR-07626","金融・保険・投資の新商品・新サービス発売SNS画像（ハンドメイド・手書き）","中級"
"BNR-07627","アパレル・ファッションECの無料体験・無料相談バナー（ミニマル・洗練）","プロ（演出多め）"
"BNR-07628","占い・スピリチュアルのハウツー・ノウハウ投稿サムネイル（ダーク・シネマティック）","上級"
"BNR-07629","金融・保険・投資のブランディング・認知バナー（ミニマル・洗練）","プロ（演出多め）"
"BNR-07630","ペット・トリミング・動物病院の新商品・新サービス発売バナー（ナチュラル・オーガニック）","中級"
"BNR-07631","美容クリニックの無料体験・無料相談SNS画像（ミニマル・洗練）","プロ（演出多め）"
"BNR-07632","ゲーム・eスポーツのビフォーアフター・実績バナー（エネルギッシュ・スポーティ）","上級"
"BNR-07633","農業・地方の生産者のハウツー・ノウハウ投稿バナー（ハンドメイド・手書き）","上級"
"BNR-07634","食品・産直ECのお知らせ・営業案内SNS画像（和モダン）","プロ（演出多め）"
"BNR-07635","音楽・ライブ・イベントの診断・クイズSNS画像（ネオン・サイバー）","プロ（演出多め）"
"BNR-07636","士業（税理士・弁護士・行政書士）のブランディング・認知SNS画像（ミニマル・洗練）","中級"
"BNR-07637","採用・求人の比較・ランキングバナー（ダーク・シネマティック）","上級"
"BNR-07638","ウェディング・結婚相談所の無料体験・無料相談SNS画像（ナチュラル・オーガニック）","プロ（演出多め）"
"BNR-07639","採用・求人のお客様の声・口コミバナー（ジオメトリック・グラフィカル）","上級"
"BNR-07640","自動車・バイクのお知らせ・営業案内SNS画像（ラグジュアリー・高級感）","上級"
"BNR-07641","士業（税理士・弁護士・行政書士）のハウツー・ノウハウ投稿バナー（信頼・誠実（コーポレート））","プロ（演出多め）"
"BNR-07642","YouTuber・インフルエンサーの診断・クイズバナー（ニューブルータリズム）","中級"
"BNR-07643","ゲーム・eスポーツのイベント・セミナー告知SNS画像（ネオン・サイバー）","プロ（演出多め）"
"BNR-07644","英会話・語学の無料体験・無料相談SNS画像（ジオメトリック・グラフィカル）","上級"
"BNR-07645","レストラン・居酒屋のイベント・セミナー告知SNS画像（ネオン・サイバー）","プロ（演出多め）"
"BNR-07646","観光・地域プロモーションのイベント・セミナー告知バナー（ナチュラル・オーガニック）","上級"
"BNR-07647","保育園・幼児教育・習い事のビフォーアフター・実績バナー（ナチュラル・オーガニック）","中級"
"BNR-07648","採用・求人の無料体験・無料相談バナー（エディトリアル・雑誌風）","中級"
"BNR-07649","工務店・注文住宅・リフォームの比較・ランキングSNS画像（信頼・誠実（コーポレート））","上級"
"BNR-07650","YouTuber・インフルエンサーの新商品・新サービス発売SNS画像（ネオン・サイバー）","プロ（演出多め）"
"BNR-07651","美容クリニックのイベント・セミナー告知バナー（信頼・誠実（コーポレート））","上級"
"BNR-07652","AIサービス・スタートアップのお客様の声・口コミSNS画像（グラスモーフィズム）","中級"
"BNR-07653","クラウドファンディング・新商品のハウツー・ノウハウ投稿SNS画像（ダーク・シネマティック）","中級"
"BNR-07654","サウナ・温浴施設のキャンペーン・プレゼントSNS画像（レトロ・Y2K）","上級"
"BNR-07655","クラウドファンディング・新商品の診断・クイズバナー（ポップ・カラフル）","上級"
"BNR-07656","ホテル・旅館のお知らせ・営業案内SNS画像（ハンドメイド・手書き）","上級"
"BNR-07657","音楽・ライブ・イベントのセール・割引告知SNS画像（ニューブルータリズム）","プロ（演出多め）"
"BNR-07658","和菓子・スイーツのお知らせ・営業案内バナー（信頼・誠実（コーポレート））","プロ（演出多め）"
"BNR-07659","ホテル・旅館の比較・ランキングバナー（和モダン）","プロ（演出多め）"
"BNR-07660","採用・求人のキャンペーン・プレゼントSNS画像（ジオメトリック・グラフィカル）","プロ（演出多め）"
"BNR-07661","英会話・語学の採用・求人バナー（ジオメトリック・グラフィカル）","プロ（演出多め）"
"BNR-07662","コンサル・コーチングのセール・割引告知SNS画像（ミニマル・洗練）","上級"
"BNR-07663","自動車・バイクの新商品・新サービス発売SNS画像（クール・テック）","プロ（演出多め）"
"BNR-07664","美容クリニックのイベント・セミナー告知SNS画像（ミニマル・洗練）","プロ（演出多め）"
"BNR-07665","パーソナルジム・フィットネスのイベント・セミナー告知バナー（クール・テック）","上級"
"BNR-07666","コスメ・スキンケアのイベント・セミナー告知SNS画像（北欧・ライフスタイル）","上級"
"BNR-07667","内科・クリニックのイベント・セミナー告知バナー（北欧・ライフスタイル）","中級"
"BNR-07668","コンサル・コーチングのYouTube動画の興味喚起サムネイル（ラグジュアリー・高級感）","上級"
"BNR-07669","士業（税理士・弁護士・行政書士）の診断・クイズSNS画像（信頼・誠実（コーポレート））","プロ（演出多め）"
"BNR-07670","英会話・語学のお客様の声・口コミSNS画像（ポップ・カラフル）","プロ（演出多め）"
"BNR-07671","金融・保険・投資のキャンペーン・プレゼントSNS画像（信頼・誠実（コーポレート））","プロ（演出多め）"
"BNR-07672","採用・求人のビフォーアフター・実績SNS画像（エネルギッシュ・スポーティ）","プロ（演出多め）"
"BNR-07673","英会話・語学の比較・ランキングバナー（ジオメトリック・グラフィカル）","中級"
"BNR-07674","ホテル・旅館のハウツー・ノウハウ投稿バナー（和モダン）","上級"
"BNR-07675","和菓子・スイーツのキャンペーン・プレゼントバナー（ナチュラル・オーガニック）","上級"
"BNR-07676","不動産・マンションのセール・割引告知SNS画像（ミニマル・洗練）","中級"
"BNR-07677","NPO・地方自治体の診断・クイズバナー（ナチュラル・オーガニック）","プロ（演出多め）"
"BNR-07678","金融・保険・投資の比較・ランキングSNS画像（クール・テック）","プロ（演出多め）"
"BNR-07679","工務店・注文住宅・リフォームのキャンペーン・プレゼントバナー（ミニマル・洗練）","上級"
"BNR-07680","音楽・ライブ・イベントの無料体験・無料相談SNS画像（ポップ・カラフル）","上級"
"BNR-07681","英会話・語学のイベント・セミナー告知SNS画像（信頼・誠実（コーポレート））","上級"
"BNR-07682","クラウドファンディング・新商品の資料請求・ホワイトペーパーバナー（ポップ・カラフル）","プロ（演出多め）"
"BNR-07683","金融・保険・投資の新商品・新サービス発売SNS画像（ミニマル・洗練）","上級"
"BNR-07684","引越し・生活サービスのセール・割引告知バナー（3D・クレイ）","中級"
"BNR-07685","引越し・生活サービスのお客様の声・口コミSNS画像（ネオン・サイバー）","上級"
"BNR-07686","美容クリニックのビフォーアフター・実績バナー（信頼・誠実（コーポレート））","上級"
"BNR-07687","YouTuber・インフルエンサーの比較・ランキングSNS画像（ポップ・カラフル）","プロ（演出多め）"
"BNR-07688","プログラミングスクールのお客様の声・口コミバナー（ネオン・サイバー）","上級"
"BNR-07689","農業・地方の生産者の資料請求・ホワイトペーパーSNS画像（ナチュラル・オーガニック）","プロ（演出多め）"
"BNR-07690","NPO・地方自治体のブランディング・認知SNS画像（グラスモーフィズム）","上級"
"BNR-07691","占い・スピリチュアルのキャンペーン・プレゼントSNS画像（和モダン）","中級"
"BNR-07692","アパレル・ファッションECの資料請求・ホワイトペーパーSNS画像（エディトリアル・雑誌風）","プロ（演出多め）"
"BNR-07693","ヨガ・ピラティスのビフォーアフター・実績サムネイル（ナチュラル・オーガニック）","プロ（演出多め）"
"BNR-07694","パーソナルジム・フィットネスのビフォーアフター・実績SNS画像（ダーク・シネマティック）","プロ（演出多め）"
"BNR-07695","採用・求人の採用・求人バナー（ジオメトリック・グラフィカル）","上級"
"BNR-07696","SaaS・BtoBツールのお客様の声・口コミバナー（グラスモーフィズム）","上級"
"BNR-07697","カフェ・ベーカリーのお客様の声・口コミSNS画像（ハンドメイド・手書き）","中級"
"BNR-07698","農業・地方の生産者の資料請求・ホワイトペーパーSNS画像（和モダン）","プロ（演出多め）"
"BNR-07699","スクール・オンライン講座のビフォーアフター・実績SNS画像（信頼・誠実（コーポレート））","上級"
"BNR-07700","ペット・トリミング・動物病院のビフォーアフター・実績SNS画像（ネオン・サイバー）","上級"
"BNR-07701","美容クリニックのセール・割引告知バナー（エネルギッシュ・スポーティ）","上級"
"BNR-07702","ペット・トリミング・動物病院の資料請求・ホワイトペーパーSNS画像（かわいい・ガーリー）","プロ（演出多め）"
"BNR-07703","アパレル・ファッションECの比較・ランキングSNS画像（レトロ・Y2K）","中級"
"BNR-07704","採用・求人のキャンペーン・プレゼントバナー（エネルギッシュ・スポーティ）","中級"
"BNR-07705","クラウドファンディング・新商品のビフォーアフター・実績バナー（ポップ・カラフル）","プロ（演出多め）"
"BNR-07706","プログラミングスクールのお知らせ・営業案内SNS画像（ネオン・サイバー）","上級"
"BNR-07707","採用・求人のキャンペーン・プレゼントバナー（ハンドメイド・手書き）","上級"
"BNR-07708","英会話・語学の新商品・新サービス発売バナー（ジオメトリック・グラフィカル）","上級"
"BNR-07709","ホテル・旅館の資料請求・ホワイトペーパーバナー（ラグジュアリー・高級感）","中級"
"BNR-07710","建築設計事務所の採用・求人SNS画像（ミニマル・洗練）","プロ（演出多め）"
"BNR-07711","レストラン・居酒屋のキャンペーン・プレゼントSNS画像（和モダン）","プロ（演出多め）"
"BNR-07712","引越し・生活サービスの新商品・新サービス発売サムネイル（ポップ・カラフル）","プロ（演出多め）"
"BNR-07713","カフェ・ベーカリーのハウツー・ノウハウ投稿SNS画像（エディトリアル・雑誌風）","上級"
"BNR-07714","英会話・語学の新商品・新サービス発売バナー（ジオメトリック・グラフィカル）","プロ（演出多め）"
"BNR-07715","カフェ・ベーカリーの比較・ランキングバナー（北欧・ライフスタイル）","プロ（演出多め）"
"BNR-07716","NPO・地方自治体のセール・割引告知SNS画像（ナチュラル・オーガニック）","上級"
"BNR-07717","英会話・語学のハウツー・ノウハウ投稿SNS画像（パステル・ドリーミー）","上級"
"BNR-07718","観光・地域プロモーションのお客様の声・口コミSNS画像（ダーク・シネマティック）","上級"
"BNR-07719","ゲーム・eスポーツのセール・割引告知SNS画像（ダーク・シネマティック）","上級"
"BNR-07720","食品・産直ECの無料体験・無料相談SNS画像（ナチュラル・オーガニック）","上級"
"BNR-07721","コンサル・コーチングのキャンペーン・プレゼントSNS画像（ポップ・カラフル）","上級"
"BNR-07722","Web制作・デザイン事務所のお客様の声・口コミSNS画像（エネルギッシュ・スポーティ）","プロ（演出多め）"
"BNR-07723","SaaS・BtoBツールのイベント・セミナー告知バナー（3D・クレイ）","上級"
"BNR-07724","スマホアプリのお客様の声・口コミバナー（ポップ・カラフル）","上級"
"BNR-07725","コンサル・コーチングの診断・クイズSNS画像（エディトリアル・雑誌風）","プロ（演出多め）"
"BNR-07726","カフェ・ベーカリーのハウツー・ノウハウ投稿SNS画像（エディトリアル・雑誌風）","上級"
"BNR-07727","ゲーム・eスポーツのセール・割引告知バナー（信頼・誠実（コーポレート））","中級"
"BNR-07728","美容室・ヘアサロンのお客様の声・口コミバナー（北欧・ライフスタイル）","上級"
"BNR-07729","クラウドファンディング・新商品のセール・割引告知バナー（ポップ・カラフル）","プロ（演出多め）"
"BNR-07730","和菓子・スイーツのお知らせ・営業案内バナー（ナチュラル・オーガニック）","プロ（演出多め）"
"BNR-07731","ヨガ・ピラティスのお知らせ・営業案内SNS画像（グラスモーフィズム）","プロ（演出多め）"
"BNR-07732","ゲーム・eスポーツのビフォーアフター・実績SNS画像（レトロ・Y2K）","プロ（演出多め）"
"BNR-07733","内科・クリニックの採用・求人SNS画像（ナチュラル・オーガニック）","上級"
"BNR-07734","ゲーム・eスポーツのハウツー・ノウハウ投稿SNS画像（エネルギッシュ・スポーティ）","プロ（演出多め）"
"BNR-07735","YouTuber・インフルエンサーのセール・割引告知SNS画像（かわいい・ガーリー）","上級"
"BNR-07736","内科・クリニックの新商品・新サービス発売SNS画像（ポップ・カラフル）","プロ（演出多め）"
"BNR-07737","SaaS・BtoBツールの資料請求・ホワイトペーパーSNS画像（レトロ・Y2K）","上級"
"BNR-07738","ペット・トリミング・動物病院のビフォーアフター・実績バナー（3D・クレイ）","プロ（演出多め）"
"BNR-07739","建築設計事務所のYouTube動画の興味喚起サムネイル（かわいい・ガーリー）","中級"
"BNR-07740","AIサービス・スタートアップのイベント・セミナー告知バナー（グラスモーフィズム）","プロ（演出多め）"
"BNR-07741","観光・地域プロモーションの診断・クイズバナー（ハンドメイド・手書き）","中級"
"BNR-07742","コスメ・スキンケアのお知らせ・営業案内SNS画像（ミニマル・洗練）","プロ（演出多め）"
"BNR-07743","サウナ・温浴施設のキャンペーン・プレゼントSNS画像（レトロ・Y2K）","プロ（演出多め）"
"BNR-07744","ゲーム・eスポーツの無料体験・無料相談バナー（エディトリアル・雑誌風）","上級"
"BNR-07745","和菓子・スイーツのハウツー・ノウハウ投稿SNS画像（ナチュラル・オーガニック）","プロ（演出多め）"
"BNR-07746","観光・地域プロモーションの無料体験・無料相談バナー（ダーク・シネマティック）","プロ（演出多め）"
"BNR-07747","クラウドファンディング・新商品のブランディング・認知SNS画像（ポップ・カラフル）","プロ（演出多め）"
"BNR-07748","内科・クリニックの比較・ランキングSNS画像（信頼・誠実（コーポレート））","上級"
"BNR-07749","エステ・脱毛サロンの資料請求・ホワイトペーパーSNS画像（ラグジュアリー・高級感）","上級"
"BNR-07750","カフェ・ベーカリーのキャンペーン・プレゼントSNS画像（レトロ・Y2K）","中級"
"BNR-07751","農業・地方の生産者の無料体験・無料相談SNS画像（ジオメトリック・グラフィカル）","プロ（演出多め）"
"BNR-07752","歯科医院の新商品・新サービス発売バナー（信頼・誠実（コーポレート））","プロ（演出多め）"
"BNR-07753","音楽・ライブ・イベントの診断・クイズバナー（ネオン・サイバー）","プロ（演出多め）"
"BNR-07754","ペット・トリミング・動物病院の無料体験・無料相談バナー（3D・クレイ）","プロ（演出多め）"
"BNR-07755","引越し・生活サービスの診断・クイズバナー（3D・クレイ）","プロ（演出多め）"
"BNR-07756","コスメ・スキンケアのビフォーアフター・実績SNS画像（グラスモーフィズム）","プロ（演出多め）"
"BNR-07757","スクール・オンライン講座のイベント・セミナー告知バナー（クール・テック）","プロ（演出多め）"
"BNR-07758","不動産・マンションの採用・求人バナー（ミニマル・洗練）","プロ（演出多め）"
"BNR-07759","プログラミングスクールのセール・割引告知SNS画像（ネオン・サイバー）","プロ（演出多め）"
"BNR-07760","英会話・語学の採用・求人SNS画像（ジオメトリック・グラフィカル）","プロ（演出多め）"
"BNR-07761","SaaS・BtoBツールの無料体験・無料相談SNS画像（クール・テック）","中級"
"BNR-07762","農業・地方の生産者の資料請求・ホワイトペーパーSNS画像（ハンドメイド・手書き）","プロ（演出多め）"
"BNR-07763","観光・地域プロモーションのキャンペーン・プレゼントバナー（クール・テック）","プロ（演出多め）"
"BNR-07764","レストラン・居酒屋のセール・割引告知バナー（レトロ・Y2K）","上級"
"BNR-07765","ヨガ・ピラティスのセール・割引告知バナー（パステル・ドリーミー）","中級"
"BNR-07766","士業（税理士・弁護士・行政書士）のハウツー・ノウハウ投稿SNS画像（和モダン）","上級"
"BNR-07767","SaaS・BtoBツールのお知らせ・営業案内SNS画像（レトロ・Y2K）","中級"
"BNR-07768","美容クリニックのビフォーアフター・実績SNS画像（信頼・誠実（コーポレート））","プロ（演出多め）"
"BNR-07769","クラウドファンディング・新商品のお知らせ・営業案内バナー（ナチュラル・オーガニック）","上級"
"BNR-07770","コンサル・コーチングの比較・ランキングSNS画像（エディトリアル・雑誌風）","上級"
"BNR-07771","レストラン・居酒屋のお客様の声・口コミSNS画像（ダーク・シネマティック）","上級"
"BNR-07772","採用・求人のお客様の声・口コミSNS画像（ポップ・カラフル）","上級"
"BNR-07773","金融・保険・投資のブランディング・認知バナー（クール・テック）","上級"
"BNR-07774","美容室・ヘアサロンのハウツー・ノウハウ投稿SNS画像（ラグジュアリー・高級感）","上級"
"BNR-07775","士業（税理士・弁護士・行政書士）のセール・割引告知バナー（信頼・誠実（コーポレート））","プロ（演出多め）"
"BNR-07776","保育園・幼児教育・習い事のイベント・セミナー告知SNS画像（かわいい・ガーリー）","プロ（演出多め）"
"BNR-07777","Web制作・デザイン事務所のイベント・セミナー告知バナー（ニューブルータリズム）","上級"
"BNR-07778","建築設計事務所の採用・求人バナー（エディトリアル・雑誌風）","プロ（演出多め）"
"BNR-07779","建築設計事務所の採用・求人SNS画像（ジオメトリック・グラフィカル）","プロ（演出多め）"
"BNR-07780","AIサービス・スタートアップのお知らせ・営業案内SNS画像（グラスモーフィズム）","上級"
"BNR-07781","不動産・マンションのお知らせ・営業案内SNS画像（ダーク・シネマティック）","上級"
"BNR-07782","カフェ・ベーカリーのセール・割引告知SNS画像（ハンドメイド・手書き）","上級"
"BNR-07783","ウェディング・結婚相談所のセール・割引告知バナー（かわいい・ガーリー）","上級"
"BNR-07784","ウェディング・結婚相談所の資料請求・ホワイトペーパーSNS画像（かわいい・ガーリー）","上級"
"BNR-07785","ゲーム・eスポーツのブランディング・認知SNS画像（エネルギッシュ・スポーティ）","プロ（演出多め）"
"BNR-07786","コンサル・コーチングのブランディング・認知SNS画像（ミニマル・洗練）","プロ（演出多め）"
"BNR-07787","パーソナルジム・フィットネスのキャンペーン・プレゼントSNS画像（エネルギッシュ・スポーティ）","プロ（演出多め）"
"BNR-07788","自動車・バイクのお客様の声・口コミバナー（エネルギッシュ・スポーティ）","上級"
"BNR-07789","美容室・ヘアサロンのビフォーアフター・実績バナー（エディトリアル・雑誌風）","プロ（演出多め）"
"BNR-07790","コスメ・スキンケアのお客様の声・口コミサムネイル（ミニマル・洗練）","上級"
"BNR-07791","内科・クリニックのブランディング・認知SNS画像（信頼・誠実（コーポレート））","プロ（演出多め）"
"BNR-07792","建築設計事務所の比較・ランキングサムネイル（ネオン・サイバー）","上級"
"BNR-07793","スマホアプリのハウツー・ノウハウ投稿SNS画像（かわいい・ガーリー）","プロ（演出多め）"
"BNR-07794","プログラミングスクールのビフォーアフター・実績SNS画像（ネオン・サイバー）","中級"
"BNR-07795","クラウドファンディング・新商品の無料体験・無料相談バナー（ポップ・カラフル）","中級"
"BNR-07796","ゲーム・eスポーツのイベント・セミナー告知バナー（レトロ・Y2K）","プロ（演出多め）"
"BNR-07797","プログラミングスクールのキャンペーン・プレゼントバナー（クール・テック）","中級"
"BNR-07798","コンサル・コーチングのビフォーアフター・実績SNS画像（ミニマル・洗練）","上級"
"BNR-07799","占い・スピリチュアルの新商品・新サービス発売バナー（ラグジュアリー・高級感）","上級"
"BNR-07800","占い・スピリチュアルのブランディング・認知SNS画像（ミニマル・洗練）","上級"
"BNR-07801","サウナ・温浴施設のお客様の声・口コミSNS画像（ダーク・シネマティック）","中級"
"BNR-07802","英会話・語学の診断・クイズバナー（信頼・誠実（コーポレート））","プロ（演出多め）"
"BNR-07803","YouTuber・インフルエンサーのお客様の声・口コミSNS画像（ネオン・サイバー）","プロ（演出多め）"
"BNR-07804","食品・産直ECの無料体験・無料相談SNS画像（ポップ・カラフル）","プロ（演出多め）"
"BNR-07805","建築設計事務所のイベント・セミナー告知SNS画像（ミニマル・洗練）","プロ（演出多め）"
"BNR-07806","ペット・トリミング・動物病院の比較・ランキングSNS画像（かわいい・ガーリー）","中級"
"BNR-07807","アパレル・ファッションECのブランディング・認知SNS画像（レトロ・Y2K）","上級"
"BNR-07808","エステ・脱毛サロンの新商品・新サービス発売バナー（ラグジュアリー・高級感）","上級"
"BNR-07809","エステ・脱毛サロンのお知らせ・営業案内SNS画像（ミニマル・洗練）","中級"
"BNR-07810","クラウドファンディング・新商品の採用・求人SNS画像（ナチュラル・オーガニック）","プロ（演出多め）"
"BNR-07811","スクール・オンライン講座の新商品・新サービス発売SNS画像（クール・テック）","上級"
"BNR-07812","NPO・地方自治体のイベント・セミナー告知バナー（信頼・誠実（コーポレート））","プロ（演出多め）"
"BNR-07813","英会話・語学のビフォーアフター・実績バナー（ジオメトリック・グラフィカル）","上級"
"BNR-07814","クラウドファンディング・新商品の採用・求人SNS画像（クール・テック）","中級"
"BNR-07815","NPO・地方自治体のブランディング・認知SNS画像（ナチュラル・オーガニック）","上級"
"BNR-07816","内科・クリニックのイベント・セミナー告知SNS画像（ダーク・シネマティック）","プロ（演出多め）"
"BNR-07817","保育園・幼児教育・習い事の資料請求・ホワイトペーパーバナー（ナチュラル・オーガニック）","プロ（演出多め）"
"BNR-07818","コンサル・コーチングのブランディング・認知SNS画像（エディトリアル・雑誌風）","上級"
"BNR-07819","不動産・マンションのキャンペーン・プレゼントバナー（信頼・誠実（コーポレート））","中級"
"BNR-07820","内科・クリニックの新商品・新サービス発売SNS画像（ナチュラル・オーガニック）","プロ（演出多め）"
"BNR-07821","スクール・オンライン講座の診断・クイズバナー（信頼・誠実（コーポレート））","プロ（演出多め）"
"BNR-07822","引越し・生活サービスのブランディング・認知SNS画像（ポップ・カラフル）","上級"
"BNR-07823","食品・産直ECのブランディング・認知SNS画像（ナチュラル・オーガニック）","プロ（演出多め）"
"BNR-07824","ヨガ・ピラティスのキャンペーン・プレゼントSNS画像（北欧・ライフスタイル）","上級"
"BNR-07825","エステ・脱毛サロンのイベント・セミナー告知SNS画像（和モダン）","中級"
"BNR-07826","和菓子・スイーツのイベント・セミナー告知SNS画像（和モダン）","上級"
"BNR-07827","クラウドファンディング・新商品のキャンペーン・プレゼントバナー（ダーク・シネマティック）","プロ（演出多め）"
"BNR-07828","ウェディング・結婚相談所の比較・ランキングSNS画像（かわいい・ガーリー）","プロ（演出多め）"
"BNR-07829","採用・求人の資料請求・ホワイトペーパーSNS画像（ポップ・カラフル）","上級"
"BNR-07830","美容室・ヘアサロンの新商品・新サービス発売バナー（北欧・ライフスタイル）","中級"
"BNR-07831","ヨガ・ピラティスのイベント・セミナー告知バナー（北欧・ライフスタイル）","プロ（演出多め）"
"BNR-07832","プログラミングスクールのお客様の声・口コミバナー（ネオン・サイバー）","上級"
"BNR-07833","カフェ・ベーカリーの比較・ランキングSNS画像（ハンドメイド・手書き）","上級"
"BNR-07834","採用・求人の新商品・新サービス発売SNS画像（エネルギッシュ・スポーティ）","プロ（演出多め）"
"BNR-07835","レストラン・居酒屋の診断・クイズSNS画像（エディトリアル・雑誌風）","上級"
"BNR-07836","アパレル・ファッションECの無料体験・無料相談バナー（ミニマル・洗練）","プロ（演出多め）"
"BNR-07837","SaaS・BtoBツールの新商品・新サービス発売SNS画像（ラグジュアリー・高級感）","上級"
"BNR-07838","プログラミングスクールのビフォーアフター・実績SNS画像（ポップ・カラフル）","プロ（演出多め）"
"BNR-07839","引越し・生活サービスの採用・求人SNS画像（3D・クレイ）","プロ（演出多め）"
"BNR-07840","工務店・注文住宅・リフォームのハウツー・ノウハウ投稿SNS画像（北欧・ライフスタイル）","プロ（演出多め）"
"BNR-07841","占い・スピリチュアルの資料請求・ホワイトペーパーバナー（ダーク・シネマティック）","プロ（演出多め）"
"BNR-07842","アパレル・ファッションECの新商品・新サービス発売SNS画像（ポップ・カラフル）","上級"
"BNR-07843","保育園・幼児教育・習い事のブランディング・認知SNS画像（ハンドメイド・手書き）","プロ（演出多め）"
"BNR-07844","和菓子・スイーツの採用・求人SNS画像（和モダン）","プロ（演出多め）"
"BNR-07845","保育園・幼児教育・習い事の新商品・新サービス発売バナー（和モダン）","上級"
"BNR-07846","ヨガ・ピラティスのキャンペーン・プレゼントSNS画像（ミニマル・洗練）","上級"
"BNR-07847","占い・スピリチュアルの新商品・新サービス発売SNS画像（和モダン）","プロ（演出多め）"
"BNR-07848","採用・求人の新商品・新サービス発売SNS画像（ポップ・カラフル）","プロ（演出多め）"
"BNR-07849","和菓子・スイーツの診断・クイズSNS画像（パステル・ドリーミー）","プロ（演出多め）"
"BNR-07850","自動車・バイクの診断・クイズSNS画像（クール・テック）","上級"
"BNR-07851","NPO・地方自治体の資料請求・ホワイトペーパーSNS画像（ネオン・サイバー）","中級"
"BNR-07852","ウェディング・結婚相談所のキャンペーン・プレゼントバナー（ラグジュアリー・高級感）","プロ（演出多め）"
"BNR-07853","歯科医院のセール・割引告知バナー（ナチュラル・オーガニック）","上級"
"BNR-07854","保育園・幼児教育・習い事のイベント・セミナー告知バナー（かわいい・ガーリー）","中級"
"BNR-07855","エステ・脱毛サロンのお知らせ・営業案内バナー（かわいい・ガーリー）","プロ（演出多め）"
"BNR-07856","サウナ・温浴施設の診断・クイズバナー（和モダン）","プロ（演出多め）"
"BNR-07857","カフェ・ベーカリーの無料体験・無料相談SNS画像（3D・クレイ）","上級"
"BNR-07858","引越し・生活サービスの資料請求・ホワイトペーパーSNS画像（ラグジュアリー・高級感）","中級"
"BNR-07859","保育園・幼児教育・習い事の採用・求人SNS画像（ハンドメイド・手書き）","プロ（演出多め）"
"BNR-07860","ゲーム・eスポーツのキャンペーン・プレゼントバナー（ダーク・シネマティック）","上級"
"BNR-07861","工務店・注文住宅・リフォームのキャンペーン・プレゼントSNS画像（ミニマル・洗練）","上級"
"BNR-07862","採用・求人のお客様の声・口コミSNS画像（ジオメトリック・グラフィカル）","上級"
"BNR-07863","カフェ・ベーカリーの新商品・新サービス発売SNS画像（ネオン・サイバー）","中級"
"BNR-07864","スクール・オンライン講座の資料請求・ホワイトペーパーバナー（3D・クレイ）","中級"
"BNR-07865","エステ・脱毛サロンの採用・求人SNS画像（ラグジュアリー・高級感）","プロ（演出多め）"
"BNR-07866","ウェディング・結婚相談所のビフォーアフター・実績SNS画像（ラグジュアリー・高級感）","中級"
"BNR-07867","農業・地方の生産者のお知らせ・営業案内バナー（ポップ・カラフル）","上級"
"BNR-07868","英会話・語学の新商品・新サービス発売バナー（ジオメトリック・グラフィカル）","上級"
"BNR-07869","食品・産直ECの比較・ランキングSNS画像（和モダン）","上級"
"BNR-07870","美容室・ヘアサロンの診断・クイズサムネイル（ミニマル・洗練）","上級"
"BNR-07871","Web制作・デザイン事務所のブランディング・認知SNS画像（かわいい・ガーリー）","上級"
"BNR-07872","ヨガ・ピラティスの資料請求・ホワイトペーパーSNS画像（かわいい・ガーリー）","中級"
"BNR-07873","和菓子・スイーツのお客様の声・口コミサムネイル（パステル・ドリーミー）","プロ（演出多め）"
"BNR-07874","スクール・オンライン講座の採用・求人バナー（3D・クレイ）","中級"
"BNR-07875","保育園・幼児教育・習い事のキャンペーン・プレゼントSNS画像（かわいい・ガーリー）","プロ（演出多め）"
"BNR-07876","食品・産直ECのビフォーアフター・実績SNS画像（和モダン）","プロ（演出多め）"
"BNR-07877","ペット・トリミング・動物病院のセール・割引告知SNS画像（3D・クレイ）","上級"
"BNR-07878","採用・求人の比較・ランキングSNS画像（信頼・誠実（コーポレート））","中級"
"BNR-07879","コンサル・コーチングのセール・割引告知バナー（信頼・誠実（コーポレート））","プロ（演出多め）"
"BNR-07880","金融・保険・投資のキャンペーン・プレゼントバナー（信頼・誠実（コーポレート））","プロ（演出多め）"
"BNR-07881","NPO・地方自治体のお客様の声・口コミバナー（ハンドメイド・手書き）","上級"
"BNR-07882","NPO・地方自治体のイベント・セミナー告知バナー（ジオメトリック・グラフィカル）","上級"
"BNR-07883","和菓子・スイーツのビフォーアフター・実績SNS画像（ナチュラル・オーガニック）","プロ（演出多め）"
"BNR-07884","採用・求人のハウツー・ノウハウ投稿バナー（エディトリアル・雑誌風）","上級"
"BNR-07885","スクール・オンライン講座のキャンペーン・プレゼントSNS画像（ポップ・カラフル）","上級"
"BNR-07886","和菓子・スイーツの新商品・新サービス発売サムネイル（かわいい・ガーリー）","上級"
"BNR-07887","引越し・生活サービスの無料体験・無料相談SNS画像（ポップ・カラフル）","中級"
"BNR-07888","プログラミングスクールのお客様の声・口コミSNS画像（ネオン・サイバー）","中級"
"BNR-07889","スマホアプリのハウツー・ノウハウ投稿バナー（ポップ・カラフル）","上級"
"BNR-07890","アパレル・ファッションECのブランディング・認知バナー（レトロ・Y2K）","プロ（演出多め）"
"BNR-07891","英会話・語学のブランディング・認知SNS画像（ポップ・カラフル）","上級"
"BNR-07892","保育園・幼児教育・習い事の新商品・新サービス発売SNS画像（ポップ・カラフル）","プロ（演出多め）"
"BNR-07893","ペット・トリミング・動物病院のビフォーアフター・実績SNS画像（ハンドメイド・手書き）","プロ（演出多め）"
"BNR-07894","工務店・注文住宅・リフォームのお客様の声・口コミバナー（ミニマル・洗練）","上級"
"BNR-07895","エステ・脱毛サロンの無料体験・無料相談バナー（かわいい・ガーリー）","上級"
"BNR-07896","美容クリニックのビフォーアフター・実績バナー（ラグジュアリー・高級感）","プロ（演出多め）"
"BNR-07897","士業（税理士・弁護士・行政書士）の採用・求人バナー（和モダン）","上級"
"BNR-07898","SaaS・BtoBツールの資料請求・ホワイトペーパーバナー（クール・テック）","上級"
"BNR-07899","工務店・注文住宅・リフォームのキャンペーン・プレゼントSNS画像（和モダン）","プロ（演出多め）"
"BNR-07900","採用・求人の新商品・新サービス発売SNS画像（信頼・誠実（コーポレート））","プロ（演出多め）"
"BNR-07901","アパレル・ファッションECのキャンペーン・プレゼントSNS画像（ミニマル・洗練）","上級"
"BNR-07902","食品・産直ECの新商品・新サービス発売バナー（3D・クレイ）","プロ（演出多め）"
"BNR-07903","Web制作・デザイン事務所の無料体験・無料相談SNS画像（3D・クレイ）","プロ（演出多め）"
"BNR-07904","美容クリニックの資料請求・ホワイトペーパーSNS画像（信頼・誠実（コーポレート））","上級"
"BNR-07905","サウナ・温浴施設のブランディング・認知SNS画像（和モダン）","プロ（演出多め）"
"BNR-07906","食品・産直ECのお客様の声・口コミSNS画像（エディトリアル・雑誌風）","プロ（演出多め）"
"BNR-07907","AIサービス・スタートアップのビフォーアフター・実績SNS画像（グラスモーフィズム）","上級"
"BNR-07908","歯科医院のビフォーアフター・実績バナー（ミニマル・洗練）","プロ（演出多め）"
"BNR-07909","英会話・語学のお知らせ・営業案内バナー（ジオメトリック・グラフィカル）","プロ（演出多め）"
"BNR-07910","AIサービス・スタートアップのセール・割引告知SNS画像（ネオン・サイバー）","プロ（演出多め）"
"BNR-07911","ホテル・旅館の診断・クイズSNS画像（ラグジュアリー・高級感）","プロ（演出多め）"
"BNR-07912","士業（税理士・弁護士・行政書士）の資料請求・ホワイトペーパーバナー（信頼・誠実（コーポレート））","プロ（演出多め）"
"BNR-07913","音楽・ライブ・イベントのビフォーアフター・実績SNS画像（ネオン・サイバー）","プロ（演出多め）"
"BNR-07914","NPO・地方自治体のキャンペーン・プレゼントバナー（エネルギッシュ・スポーティ）","上級"
"BNR-07915","SaaS・BtoBツールのビフォーアフター・実績バナー（ミニマル・洗練）","プロ（演出多め）"
"BNR-07916","SaaS・BtoBツールのブランディング・認知SNS画像（クール・テック）","上級"
"BNR-07917","建築設計事務所の診断・クイズSNS画像（エディトリアル・雑誌風）","上級"
"BNR-07918","農業・地方の生産者の新商品・新サービス発売SNS画像（ハンドメイド・手書き）","上級"
"BNR-07919","スクール・オンライン講座の新商品・新サービス発売バナー（信頼・誠実（コーポレート））","上級"
"BNR-07920","アパレル・ファッションECのビフォーアフター・実績SNS画像（レトロ・Y2K）","プロ（演出多め）"
"BNR-07921","建築設計事務所のブランディング・認知SNS画像（ミニマル・洗練）","上級"
"BNR-07922","Web制作・デザイン事務所のブランディング・認知バナー（クール・テック）","プロ（演出多め）"
"BNR-07923","食品・産直ECのお知らせ・営業案内バナー（ハンドメイド・手書き）","プロ（演出多め）"
"BNR-07924","NPO・地方自治体のハウツー・ノウハウ投稿サムネイル（ナチュラル・オーガニック）","プロ（演出多め）"
"BNR-07925","SaaS・BtoBツールのイベント・セミナー告知SNS画像（信頼・誠実（コーポレート））","上級"
"BNR-07926","スマホアプリの比較・ランキングSNS画像（エディトリアル・雑誌風）","プロ（演出多め）"
"BNR-07927","和菓子・スイーツの診断・クイズバナー（ナチュラル・オーガニック）","プロ（演出多め）"
"BNR-07928","美容室・ヘアサロンの新商品・新サービス発売サムネイル（かわいい・ガーリー）","中級"
"BNR-07929","保育園・幼児教育・習い事のキャンペーン・プレゼントSNS画像（ポップ・カラフル）","上級"
"BNR-07930","採用・求人のハウツー・ノウハウ投稿SNS画像（パステル・ドリーミー）","中級"
"BNR-07931","スマホアプリの比較・ランキングSNS画像（ポップ・カラフル）","上級"
"BNR-07932","スクール・オンライン講座の採用・求人バナー（クール・テック）","上級"
"BNR-07933","YouTuber・インフルエンサーのビフォーアフター・実績バナー（ニューブルータリズム）","プロ（演出多め）"
"BNR-07934","工務店・注文住宅・リフォームの新商品・新サービス発売サムネイル（北欧・ライフスタイル）","中級"
"BNR-07935","コンサル・コーチングの資料請求・ホワイトペーパーSNS画像（ラグジュアリー・高級感）","中級"
"BNR-07936","食品・産直ECのブランディング・認知バナー（ジオメトリック・グラフィカル）","プロ（演出多め）"
"BNR-07937","ホテル・旅館のお客様の声・口コミバナー（ジオメトリック・グラフィカル）","上級"
"BNR-07938","金融・保険・投資のセール・割引告知SNS画像（ミニマル・洗練）","上級"
"BNR-07939","観光・地域プロモーションのお客様の声・口コミSNS画像（ナチュラル・オーガニック）","プロ（演出多め）"
"BNR-07940","NPO・地方自治体の採用・求人バナー（クール・テック）","上級"
"BNR-07941","和菓子・スイーツのブランディング・認知バナー（ナチュラル・オーガニック）","上級"
"BNR-07942","金融・保険・投資のイベント・セミナー告知バナー（信頼・誠実（コーポレート））","プロ（演出多め）"
"BNR-07943","建築設計事務所のイベント・セミナー告知SNS画像（北欧・ライフスタイル）","プロ（演出多め）"
"BNR-07944","コスメ・スキンケアのお客様の声・口コミSNS画像（ラグジュアリー・高級感）","プロ（演出多め）"
"BNR-07945","ヨガ・ピラティスのお客様の声・口コミサムネイル（パステル・ドリーミー）","中級"
"BNR-07946","内科・クリニックのイベント・セミナー告知バナー（ナチュラル・オーガニック）","プロ（演出多め）"
"BNR-07947","歯科医院のブランディング・認知SNS画像（信頼・誠実（コーポレート））","プロ（演出多め）"
"BNR-07948","観光・地域プロモーションのビフォーアフター・実績SNS画像（ナチュラル・オーガニック）","上級"
"BNR-07949","Web制作・デザイン事務所の比較・ランキングSNS画像（エディトリアル・雑誌風）","プロ（演出多め）"
"BNR-07950","食品・産直ECのお知らせ・営業案内バナー（ナチュラル・オーガニック）","プロ（演出多め）"
"BNR-07951","ゲーム・eスポーツのお客様の声・口コミサムネイル（エネルギッシュ・スポーティ）","プロ（演出多め）"
"BNR-07952","不動産・マンションのイベント・セミナー告知SNS画像（かわいい・ガーリー）","上級"
"BNR-07953","スマホアプリの診断・クイズバナー（ポップ・カラフル）","上級"
"BNR-07954","食品・産直ECのお客様の声・口コミSNS画像（ラグジュアリー・高級感）","中級"
"BNR-07955","コスメ・スキンケアの採用・求人SNS画像（ラグジュアリー・高級感）","プロ（演出多め）"
"BNR-07956","アパレル・ファッションECの比較・ランキングバナー（エディトリアル・雑誌風）","中級"
"BNR-07957","ペット・トリミング・動物病院のハウツー・ノウハウ投稿バナー（ナチュラル・オーガニック）","プロ（演出多め）"
"BNR-07958","歯科医院のブランディング・認知SNS画像（信頼・誠実（コーポレート））","プロ（演出多め）"
"BNR-07959","パーソナルジム・フィットネスの採用・求人SNS画像（ダーク・シネマティック）","中級"
"BNR-07960","音楽・ライブ・イベントのキャンペーン・プレゼントSNS画像（ニューブルータリズム）","中級"
"BNR-07961","AIサービス・スタートアップの診断・クイズSNS画像（ミニマル・洗練）","上級"
"BNR-07962","内科・クリニックの採用・求人SNS画像（ポップ・カラフル）","上級"
"BNR-07963","美容クリニックのビフォーアフター・実績SNS画像（ラグジュアリー・高級感）","プロ（演出多め）"
"BNR-07964","和菓子・スイーツの採用・求人バナー（かわいい・ガーリー）","上級"
"BNR-07965","保育園・幼児教育・習い事のセール・割引告知SNS画像（ポップ・カラフル）","上級"
"BNR-07966","ヨガ・ピラティスのハウツー・ノウハウ投稿SNS画像（パステル・ドリーミー）","プロ（演出多め）"
"BNR-07967","観光・地域プロモーションの診断・クイズバナー（和モダン）","プロ（演出多め）"
"BNR-07968","ホテル・旅館の診断・クイズバナー（和モダン）","上級"
"BNR-07969","保育園・幼児教育・習い事のビフォーアフター・実績バナー（かわいい・ガーリー）","上級"
"BNR-07970","ペット・トリミング・動物病院のお客様の声・口コミバナー（かわいい・ガーリー）","上級"
"BNR-07971","コンサル・コーチングのビフォーアフター・実績SNS画像（ミニマル・洗練）","上級"
"BNR-07972","占い・スピリチュアルの診断・クイズバナー（パステル・ドリーミー）","プロ（演出多め）"
"BNR-07973","プログラミングスクールの診断・クイズバナー（クール・テック）","上級"
"BNR-07974","ホテル・旅館の無料体験・無料相談バナー（ラグジュアリー・高級感）","プロ（演出多め）"
"BNR-07975","金融・保険・投資の無料体験・無料相談SNS画像（クール・テック）","プロ（演出多め）"
"BNR-07976","YouTuber・インフルエンサーのセール・割引告知SNS画像（ネオン・サイバー）","中級"
"BNR-07977","アパレル・ファッションECのお客様の声・口コミサムネイル（エディトリアル・雑誌風）","プロ（演出多め）"
"BNR-07978","内科・クリニックの採用・求人SNS画像（ナチュラル・オーガニック）","上級"
"BNR-07979","エステ・脱毛サロンの比較・ランキングSNS画像（かわいい・ガーリー）","プロ（演出多め）"
"BNR-07980","引越し・生活サービスのビフォーアフター・実績SNS画像（ニューブルータリズム）","プロ（演出多め）"
"BNR-07981","ゲーム・eスポーツの採用・求人SNS画像（レトロ・Y2K）","プロ（演出多め）"
"BNR-07982","AIサービス・スタートアップの資料請求・ホワイトペーパーバナー（クール・テック）","プロ（演出多め）"
"BNR-07983","英会話・語学の新商品・新サービス発売バナー（ジオメトリック・グラフィカル）","プロ（演出多め）"
"BNR-07984","コンサル・コーチングの無料体験・無料相談SNS画像（エディトリアル・雑誌風）","上級"
"BNR-07985","英会話・語学のブランディング・認知SNS画像（ジオメトリック・グラフィカル）","上級"
"BNR-07986","クラウドファンディング・新商品のイベント・セミナー告知バナー（ナチュラル・オーガニック）","プロ（演出多め）"
"BNR-07987","YouTuber・インフルエンサーの診断・クイズSNS画像（ニューブルータリズム）","プロ（演出多め）"
"BNR-07988","農業・地方の生産者のビフォーアフター・実績サムネイル（ナチュラル・オーガニック）","プロ（演出多め）"
"BNR-07989","スマホアプリの採用・求人バナー（かわいい・ガーリー）","プロ（演出多め）"
"BNR-07990","和菓子・スイーツのキャンペーン・プレゼントSNS画像（ナチュラル・オーガニック）","プロ（演出多め）"
"BNR-07991","士業（税理士・弁護士・行政書士）のお客様の声・口コミバナー（ミニマル・洗練）","プロ（演出多め）"
"BNR-07992","ウェディング・結婚相談所の資料請求・ホワイトペーパーSNS画像（ラグジュアリー・高級感）","中級"
"BNR-07993","コンサル・コーチングの診断・クイズバナー（エディトリアル・雑誌風）","プロ（演出多め）"
"BNR-07994","引越し・生活サービスの比較・ランキングSNS画像（ポップ・カラフル）","中級"
"BNR-07995","士業（税理士・弁護士・行政書士）のキャンペーン・プレゼントSNS画像（信頼・誠実（コーポレート））","中級"
"BNR-07996","パーソナルジム・フィットネスのセール・割引告知SNS画像（エネルギッシュ・スポーティ）","プロ（演出多め）"
"BNR-07997","建築設計事務所のお知らせ・営業案内SNS画像（ミニマル・洗練）","上級"
"BNR-07998","引越し・生活サービスのお客様の声・口コミSNS画像（クール・テック）","上級"
"BNR-07999","SaaS・BtoBツールのお知らせ・営業案内SNS画像（信頼・誠実（コーポレート））","上級"
"BNR-08000","占い・スピリチュアルのイベント・セミナー告知バナー（パステル・ドリーミー）","プロ（演出多め）"
"BNR-08001","建築設計事務所のセール・割引告知SNS画像（エディトリアル・雑誌風）","上級"
"BNR-08002","歯科医院のビフォーアフター・実績SNS画像（信頼・誠実（コーポレート））","上級"
"BNR-08003","英会話・語学の比較・ランキングバナー（ポップ・カラフル）","プロ（演出多め）"
"BNR-08004","歯科医院の比較・ランキングバナー（信頼・誠実（コーポレート））","上級"
"BNR-08005","食品・産直ECのお知らせ・営業案内SNS画像（ポップ・カラフル）","プロ（演出多め）"
"BNR-08006","引越し・生活サービスのイベント・セミナー告知SNS画像（信頼・誠実（コーポレート））","プロ（演出多め）"
"BNR-08007","自動車・バイクの採用・求人SNS画像（パステル・ドリーミー）","プロ（演出多め）"
"BNR-08008","農業・地方の生産者の資料請求・ホワイトペーパーSNS画像（ハンドメイド・手書き）","プロ（演出多め）"
"BNR-08009","和菓子・スイーツのキャンペーン・プレゼントSNS画像（かわいい・ガーリー）","上級"
"BNR-08010","アパレル・ファッションECのイベント・セミナー告知SNS画像（エディトリアル・雑誌風）","上級"
"BNR-08011","和菓子・スイーツの資料請求・ホワイトペーパーバナー（ナチュラル・オーガニック）","プロ（演出多め）"
"BNR-08012","クラウドファンディング・新商品のビフォーアフター・実績SNS画像（エネルギッシュ・スポーティ）","上級"
"BNR-08013","金融・保険・投資の資料請求・ホワイトペーパーバナー（ミニマル・洗練）","プロ（演出多め）"
"BNR-08014","スクール・オンライン講座のキャンペーン・プレゼントSNS画像（ポップ・カラフル）","プロ（演出多め）"
"BNR-08015","クラウドファンディング・新商品のお客様の声・口コミSNS画像（ナチュラル・オーガニック）","中級"
"BNR-08016","ウェディング・結婚相談所のビフォーアフター・実績SNS画像（かわいい・ガーリー）","上級"
"BNR-08017","アパレル・ファッションECの資料請求・ホワイトペーパーSNS画像（エディトリアル・雑誌風）","プロ（演出多め）"
"BNR-08018","サウナ・温浴施設の新商品・新サービス発売SNS画像（ニューブルータリズム）","プロ（演出多め）"
"BNR-08019","ウェディング・結婚相談所のお客様の声・口コミSNS画像（かわいい・ガーリー）","上級"
"BNR-08020","コンサル・コーチングのビフォーアフター・実績サムネイル（ミニマル・洗練）","上級"
"BNR-08021","金融・保険・投資の資料請求・ホワイトペーパーバナー（クール・テック）","プロ（演出多め）"
"BNR-08022","スクール・オンライン講座のYouTube動画の興味喚起サムネイル（3D・クレイ）","プロ（演出多め）"
"BNR-08023","占い・スピリチュアルの新商品・新サービス発売SNS画像（パステル・ドリーミー）","上級"
"BNR-08024","農業・地方の生産者のハウツー・ノウハウ投稿バナー（ハンドメイド・手書き）","上級"
"BNR-08025","ホテル・旅館の採用・求人バナー（和モダン）","上級"
"BNR-08026","ヨガ・ピラティスのブランディング・認知SNS画像（ナチュラル・オーガニック）","プロ（演出多め）"
"BNR-08027","ウェディング・結婚相談所のブランディング・認知バナー（かわいい・ガーリー）","プロ（演出多め）"
"BNR-08028","プログラミングスクールの診断・クイズSNS画像（ミニマル・洗練）","プロ（演出多め）"
"BNR-08029","美容クリニックのブランディング・認知SNS画像（ラグジュアリー・高級感）","プロ（演出多め）"
"BNR-08030","歯科医院の診断・クイズバナー（信頼・誠実（コーポレート））","上級"
"BNR-08031","AIサービス・スタートアップのイベント・セミナー告知SNS画像（ミニマル・洗練）","上級"
"BNR-08032","採用・求人の比較・ランキングサムネイル（かわいい・ガーリー）","中級"
"BNR-08033","サウナ・温浴施設のブランディング・認知SNS画像（レトロ・Y2K）","プロ（演出多め）"
"BNR-08034","美容クリニックの診断・クイズバナー（信頼・誠実（コーポレート））","上級"
"BNR-08035","スマホアプリのキャンペーン・プレゼントSNS画像（グラスモーフィズム）","プロ（演出多め）"
"BNR-08036","コンサル・コーチングのイベント・セミナー告知SNS画像（エディトリアル・雑誌風）","プロ（演出多め）"
"BNR-08037","音楽・ライブ・イベントの比較・ランキングSNS画像（ダーク・シネマティック）","プロ（演出多め）"
"BNR-08038","不動産・マンションのお客様の声・口コミSNS画像（ミニマル・洗練）","プロ（演出多め）"
"BNR-08039","レストラン・居酒屋の採用・求人SNS画像（ラグジュアリー・高級感）","上級"
"BNR-08040","Web制作・デザイン事務所のイベント・セミナー告知バナー（ジオメトリック・グラフィカル）","中級"
"BNR-08041","エステ・脱毛サロンの無料体験・無料相談SNS画像（かわいい・ガーリー）","プロ（演出多め）"
"BNR-08042","YouTuber・インフルエンサーのイベント・セミナー告知バナー（ネオン・サイバー）","上級"
"BNR-08043","スクール・オンライン講座の採用・求人バナー（3D・クレイ）","プロ（演出多め）"
"BNR-08044","NPO・地方自治体のブランディング・認知SNS画像（信頼・誠実（コーポレート））","プロ（演出多め）"
"BNR-08045","歯科医院のブランディング・認知バナー（ナチュラル・オーガニック）","プロ（演出多め）"
"BNR-08046","内科・クリニックのキャンペーン・プレゼントSNS画像（ナチュラル・オーガニック）","プロ（演出多め）"
"BNR-08047","士業（税理士・弁護士・行政書士）の無料体験・無料相談バナー（ミニマル・洗練）","プロ（演出多め）"
"BNR-08048","引越し・生活サービスの資料請求・ホワイトペーパーバナー（3D・クレイ）","上級"
"BNR-08049","レストラン・居酒屋の診断・クイズSNS画像（グラスモーフィズム）","上級"
"BNR-08050","SaaS・BtoBツールのお知らせ・営業案内SNS画像（信頼・誠実（コーポレート））","プロ（演出多め）"
"BNR-08051","エステ・脱毛サロンのブランディング・認知SNS画像（パステル・ドリーミー）","上級"
"BNR-08052","カフェ・ベーカリーのブランディング・認知バナー（レトロ・Y2K）","上級"
"BNR-08053","SaaS・BtoBツールのキャンペーン・プレゼントSNS画像（ミニマル・洗練）","プロ（演出多め）"
"BNR-08054","スマホアプリのブランディング・認知SNS画像（グラスモーフィズム）","中級"
"BNR-08055","美容クリニックの資料請求・ホワイトペーパーSNS画像（ミニマル・洗練）","上級"
"BNR-08056","レストラン・居酒屋のお知らせ・営業案内バナー（ラグジュアリー・高級感）","上級"
"BNR-08057","アパレル・ファッションECの比較・ランキングバナー（エディトリアル・雑誌風）","上級"
"BNR-08058","工務店・注文住宅・リフォームの比較・ランキングバナー（北欧・ライフスタイル）","プロ（演出多め）"
"BNR-08059","食品・産直ECの資料請求・ホワイトペーパーバナー（ハンドメイド・手書き）","上級"
"BNR-08060","英会話・語学の新商品・新サービス発売バナー（ジオメトリック・グラフィカル）","中級"
"BNR-08061","食品・産直ECの新商品・新サービス発売バナー（和モダン）","プロ（演出多め）"
"BNR-08062","音楽・ライブ・イベントのブランディング・認知バナー（レトロ・Y2K）","プロ（演出多め）"
"BNR-08063","ウェディング・結婚相談所のセール・割引告知バナー（ミニマル・洗練）","プロ（演出多め）"
"BNR-08064","和菓子・スイーツのお知らせ・営業案内バナー（パステル・ドリーミー）","上級"
"BNR-08065","Web制作・デザイン事務所のお客様の声・口コミバナー（パステル・ドリーミー）","上級"
"BNR-08066","ホテル・旅館のお知らせ・営業案内バナー（ミニマル・洗練）","プロ（演出多め）"
"BNR-08067","観光・地域プロモーションのビフォーアフター・実績SNS画像（ダーク・シネマティック）","上級"
"BNR-08068","Web制作・デザイン事務所のブランディング・認知バナー（ニューブルータリズム）","中級"
"BNR-08069","Web制作・デザイン事務所の資料請求・ホワイトペーパーSNS画像（ジオメトリック・グラフィカル）","プロ（演出多め）"
"BNR-08070","ウェディング・結婚相談所の診断・クイズSNS画像（ミニマル・洗練）","上級"
"BNR-08071","内科・クリニックのイベント・セミナー告知バナー（ナチュラル・オーガニック）","プロ（演出多め）"
"BNR-08072","歯科医院のビフォーアフター・実績SNS画像（信頼・誠実（コーポレート））","中級"
"BNR-08073","自動車・バイクのキャンペーン・プレゼントSNS画像（エネルギッシュ・スポーティ）","中級"
"BNR-08074","サウナ・温浴施設の比較・ランキングバナー（レトロ・Y2K）","上級"
"BNR-08075","スマホアプリのイベント・セミナー告知SNS画像（グラスモーフィズム）","中級"
"BNR-08076","農業・地方の生産者のお客様の声・口コミサムネイル（ミニマル・洗練）","上級"
"BNR-08077","スマホアプリのハウツー・ノウハウ投稿SNS画像（3D・クレイ）","プロ（演出多め）"
"BNR-08078","採用・求人の資料請求・ホワイトペーパーバナー（ポップ・カラフル）","プロ（演出多め）"
"BNR-08079","内科・クリニックのお客様の声・口コミバナー（北欧・ライフスタイル）","上級"
"BNR-08080","クラウドファンディング・新商品の比較・ランキングバナー（クール・テック）","中級"
"BNR-08081","農業・地方の生産者の新商品・新サービス発売バナー（ナチュラル・オーガニック）","プロ（演出多め）"
"BNR-08082","自動車・バイクのブランディング・認知SNS画像（ダーク・シネマティック）","上級"
"BNR-08083","保育園・幼児教育・習い事のイベント・セミナー告知SNS画像（ポップ・カラフル）","上級"
"BNR-08084","和菓子・スイーツのキャンペーン・プレゼントSNS画像（ナチュラル・オーガニック）","上級"
"BNR-08085","和菓子・スイーツのビフォーアフター・実績バナー（ナチュラル・オーガニック）","上級"
"BNR-08086","保育園・幼児教育・習い事のお客様の声・口コミサムネイル（かわいい・ガーリー）","中級"
"BNR-08087","AIサービス・スタートアップのハウツー・ノウハウ投稿バナー（クール・テック）","プロ（演出多め）"
"BNR-08088","SaaS・BtoBツールの無料体験・無料相談SNS画像（クール・テック）","プロ（演出多め）"
"BNR-08089","農業・地方の生産者の採用・求人バナー（ナチュラル・オーガニック）","プロ（演出多め）"
"BNR-08090","不動産・マンションのブランディング・認知バナー（ミニマル・洗練）","上級"
"BNR-08091","士業（税理士・弁護士・行政書士）のハウツー・ノウハウ投稿バナー（和モダン）","上級"
"BNR-08092","不動産・マンションのセール・割引告知SNS画像（ダーク・シネマティック）","上級"
"BNR-08093","エステ・脱毛サロンのお知らせ・営業案内SNS画像（ラグジュアリー・高級感）","プロ（演出多め）"
"BNR-08094","スクール・オンライン講座の採用・求人SNS画像（和モダン）","上級"
"BNR-08095","クラウドファンディング・新商品のビフォーアフター・実績バナー（ナチュラル・オーガニック）","プロ（演出多め）"
"BNR-08096","AIサービス・スタートアップの無料体験・無料相談SNS画像（グラスモーフィズム）","プロ（演出多め）"
"BNR-08097","スクール・オンライン講座のお客様の声・口コミSNS画像（ポップ・カラフル）","プロ（演出多め）"
"BNR-08098","金融・保険・投資のお知らせ・営業案内バナー（信頼・誠実（コーポレート））","上級"
"BNR-08099","コンサル・コーチングのセール・割引告知バナー（ミニマル・洗練）","プロ（演出多め）"
"BNR-08100","レストラン・居酒屋のハウツー・ノウハウ投稿バナー（和モダン）","プロ（演出多め）"
"BNR-08101","ウェディング・結婚相談所のハウツー・ノウハウ投稿バナー（パステル・ドリーミー）","プロ（演出多め）"
"BNR-08102","レストラン・居酒屋の資料請求・ホワイトペーパーSNS画像（ラグジュアリー・高級感）","上級"
"BNR-08103","音楽・ライブ・イベントの採用・求人バナー（レトロ・Y2K）","プロ（演出多め）"
"BNR-08104","エステ・脱毛サロンのセール・割引告知SNS画像（ラグジュアリー・高級感）","上級"
"BNR-08105","ヨガ・ピラティスのお知らせ・営業案内バナー（北欧・ライフスタイル）","上級"
"BNR-08106","スクール・オンライン講座のYouTube動画の興味喚起サムネイル（ポップ・カラフル）","プロ（演出多め）"
"BNR-08107","不動産・マンションの新商品・新サービス発売SNS画像（北欧・ライフスタイル）","プロ（演出多め）"
"BNR-08108","自動車・バイクの新商品・新サービス発売SNS画像（エネルギッシュ・スポーティ）","中級"
"BNR-08109","採用・求人のビフォーアフター・実績バナー（ニューブルータリズム）","上級"
"BNR-08110","引越し・生活サービスの無料体験・無料相談バナー（ポップ・カラフル）","プロ（演出多め）"
"BNR-08111","エステ・脱毛サロンのお知らせ・営業案内SNS画像（かわいい・ガーリー）","プロ（演出多め）"
"BNR-08112","農業・地方の生産者の無料体験・無料相談SNS画像（ハンドメイド・手書き）","上級"
"BNR-08113","NPO・地方自治体のブランディング・認知SNS画像（ポップ・カラフル）","プロ（演出多め）"
"BNR-08114","保育園・幼児教育・習い事のイベント・セミナー告知SNS画像（かわいい・ガーリー）","上級"
"BNR-08115","観光・地域プロモーションのお客様の声・口コミSNS画像（ダーク・シネマティック）","中級"
"BNR-08116","内科・クリニックのセール・割引告知バナー（ナチュラル・オーガニック）","プロ（演出多め）"
"BNR-08117","占い・スピリチュアルの無料体験・無料相談SNS画像（ダーク・シネマティック）","プロ（演出多め）"
"BNR-08118","歯科医院の採用・求人バナー（ラグジュアリー・高級感）","上級"
"BNR-08119","食品・産直ECの資料請求・ホワイトペーパーSNS画像（ハンドメイド・手書き）","上級"
"BNR-08120","農業・地方の生産者の比較・ランキングバナー（和モダン）","中級"
"BNR-08121","保育園・幼児教育・習い事の新商品・新サービス発売SNS画像（クール・テック）","プロ（演出多め）"
"BNR-08122","工務店・注文住宅・リフォームの資料請求・ホワイトペーパーSNS画像（北欧・ライフスタイル）","プロ（演出多め）"
"BNR-08123","工務店・注文住宅・リフォームの採用・求人バナー（エディトリアル・雑誌風）","プロ（演出多め）"
"BNR-08124","ホテル・旅館のブランディング・認知バナー（ダーク・シネマティック）","中級"
"BNR-08125","ホテル・旅館の新商品・新サービス発売SNS画像（ダーク・シネマティック）","上級"
"BNR-08126","工務店・注文住宅・リフォームの新商品・新サービス発売サムネイル（信頼・誠実（コーポレート））","中級"
"BNR-08127","工務店・注文住宅・リフォームの無料体験・無料相談バナー（グラスモーフィズム）","上級"
"BNR-08128","スクール・オンライン講座の資料請求・ホワイトペーパーSNS画像（ポップ・カラフル）","プロ（演出多め）"
"BNR-08129","ゲーム・eスポーツのブランディング・認知バナー（エネルギッシュ・スポーティ）","プロ（演出多め）"
"BNR-08130","食品・産直ECの新商品・新サービス発売バナー（エネルギッシュ・スポーティ）","プロ（演出多め）"
"BNR-08131","士業（税理士・弁護士・行政書士）のハウツー・ノウハウ投稿SNS画像（和モダン）","中級"
"BNR-08132","英会話・語学のセール・割引告知バナー（信頼・誠実（コーポレート））","中級"
"BNR-08133","AIサービス・スタートアップの診断・クイズバナー（ネオン・サイバー）","上級"
"BNR-08134","歯科医院の診断・クイズSNS画像（信頼・誠実（コーポレート））","上級"
"BNR-08135","士業（税理士・弁護士・行政書士）の新商品・新サービス発売バナー（信頼・誠実（コーポレート））","中級"
"BNR-08136","歯科医院のビフォーアフター・実績SNS画像（ナチュラル・オーガニック）","上級"
"BNR-08137","英会話・語学のハウツー・ノウハウ投稿SNS画像（信頼・誠実（コーポレート））","プロ（演出多め）"
"BNR-08138","食品・産直ECのハウツー・ノウハウ投稿SNS画像（ネオン・サイバー）","プロ（演出多め）"
"BNR-08139","自動車・バイクのお知らせ・営業案内バナー（クール・テック）","中級"
"BNR-08140","NPO・地方自治体のお知らせ・営業案内SNS画像（ハンドメイド・手書き）","中級"
"BNR-08141","美容クリニックのハウツー・ノウハウ投稿サムネイル（信頼・誠実（コーポレート））","プロ（演出多め）"
"BNR-08142","引越し・生活サービスのお知らせ・営業案内バナー（ラグジュアリー・高級感）","プロ（演出多め）"
"BNR-08143","Web制作・デザイン事務所のイベント・セミナー告知SNS画像（ニューブルータリズム）","上級"
"BNR-08144","スクール・オンライン講座のセール・割引告知SNS画像（ポップ・カラフル）","上級"
"BNR-08145","アパレル・ファッションECの無料体験・無料相談SNS画像（レトロ・Y2K）","上級"
"BNR-08146","プログラミングスクールのハウツー・ノウハウ投稿SNS画像（クール・テック）","上級"
"BNR-08147","占い・スピリチュアルのビフォーアフター・実績バナー（和モダン）","プロ（演出多め）"
"BNR-08148","建築設計事務所のキャンペーン・プレゼントバナー（エディトリアル・雑誌風）","プロ（演出多め）"
"BNR-08149","ウェディング・結婚相談所のお客様の声・口コミSNS画像（ミニマル・洗練）","プロ（演出多め）"
"BNR-08150","コスメ・スキンケアの無料体験・無料相談SNS画像（ラグジュアリー・高級感）","上級"
"BNR-08151","金融・保険・投資の採用・求人バナー（ジオメトリック・グラフィカル）","中級"
"BNR-08152","美容室・ヘアサロンのブランディング・認知SNS画像（ジオメトリック・グラフィカル）","プロ（演出多め）"
"BNR-08153","内科・クリニックの採用・求人SNS画像（北欧・ライフスタイル）","プロ（演出多め）"
"BNR-08154","カフェ・ベーカリーのお客様の声・口コミバナー（エディトリアル・雑誌風）","上級"
"BNR-08155","占い・スピリチュアルのセール・割引告知SNS画像（パステル・ドリーミー）","中級"
"BNR-08156","ウェディング・結婚相談所のハウツー・ノウハウ投稿SNS画像（かわいい・ガーリー）","上級"
"BNR-08157","サウナ・温浴施設の新商品・新サービス発売SNS画像（ハンドメイド・手書き）","プロ（演出多め）"
"BNR-08158","美容クリニックの資料請求・ホワイトペーパーSNS画像（ラグジュアリー・高級感）","中級"
"BNR-08159","YouTuber・インフルエンサーのお知らせ・営業案内SNS画像（ネオン・サイバー）","プロ（演出多め）"
"BNR-08160","採用・求人の新商品・新サービス発売バナー（エディトリアル・雑誌風）","中級"
"BNR-08161","英会話・語学のお知らせ・営業案内バナー（ジオメトリック・グラフィカル）","プロ（演出多め）"
"BNR-08162","エステ・脱毛サロンのハウツー・ノウハウ投稿SNS画像（パステル・ドリーミー）","プロ（演出多め）"
"BNR-08163","パーソナルジム・フィットネスの新商品・新サービス発売SNS画像（エネルギッシュ・スポーティ）","プロ（演出多め）"
"BNR-08164","ウェディング・結婚相談所のビフォーアフター・実績SNS画像（かわいい・ガーリー）","プロ（演出多め）"
"BNR-08165","エステ・脱毛サロンのブランディング・認知SNS画像（パステル・ドリーミー）","上級"
"BNR-08166","コスメ・スキンケアのブランディング・認知SNS画像（パステル・ドリーミー）","プロ（演出多め）"
"BNR-08167","工務店・注文住宅・リフォームのキャンペーン・プレゼントSNS画像（ネオン・サイバー）","中級"
"BNR-08168","保育園・幼児教育・習い事のお知らせ・営業案内SNS画像（ハンドメイド・手書き）","上級"
"BNR-08169","観光・地域プロモーションのセール・割引告知バナー（ダーク・シネマティック）","上級"
"BNR-08170","食品・産直ECのセール・割引告知バナー（クール・テック）","上級"
"BNR-08171","スマホアプリの無料体験・無料相談バナー（グラスモーフィズム）","中級"
"BNR-08172","歯科医院の新商品・新サービス発売バナー（信頼・誠実（コーポレート））","プロ（演出多め）"
"BNR-08173","エステ・脱毛サロンのブランディング・認知SNS画像（ラグジュアリー・高級感）","プロ（演出多め）"
"BNR-08174","内科・クリニックのビフォーアフター・実績SNS画像（信頼・誠実（コーポレート））","中級"
"BNR-08175","農業・地方の生産者の診断・クイズバナー（ナチュラル・オーガニック）","プロ（演出多め）"
"BNR-08176","AIサービス・スタートアップのお知らせ・営業案内バナー（クール・テック）","プロ（演出多め）"
"BNR-08177","ペット・トリミング・動物病院のお知らせ・営業案内SNS画像（ハンドメイド・手書き）","プロ（演出多め）"
"BNR-08178","自動車・バイクのセール・割引告知バナー（ダーク・シネマティック）","プロ（演出多め）"
"BNR-08179","観光・地域プロモーションの比較・ランキングバナー（ダーク・シネマティック）","プロ（演出多め）"
"BNR-08180","YouTuber・インフルエンサーの新商品・新サービス発売バナー（ポップ・カラフル）","上級"
"BNR-08181","スクール・オンライン講座の採用・求人バナー（信頼・誠実（コーポレート））","プロ（演出多め）"
"BNR-08182","食品・産直ECのハウツー・ノウハウ投稿SNS画像（信頼・誠実（コーポレート））","プロ（演出多め）"
"BNR-08183","ヨガ・ピラティスの資料請求・ホワイトペーパーSNS画像（ナチュラル・オーガニック）","上級"
"BNR-08184","サウナ・温浴施設のイベント・セミナー告知バナー（レトロ・Y2K）","中級"
"BNR-08185","観光・地域プロモーションのイベント・セミナー告知SNS画像（ハンドメイド・手書き）","プロ（演出多め）"
"BNR-08186","歯科医院のセール・割引告知SNS画像（信頼・誠実（コーポレート））","中級"
"BNR-08187","アパレル・ファッションECの資料請求・ホワイトペーパーバナー（レトロ・Y2K）","上級"
"BNR-08188","食品・産直ECのセール・割引告知バナー（和モダン）","上級"
"BNR-08189","ウェディング・結婚相談所のイベント・セミナー告知SNS画像（ミニマル・洗練）","プロ（演出多め）"
"BNR-08190","歯科医院のお知らせ・営業案内SNS画像（信頼・誠実（コーポレート））","プロ（演出多め）"
"BNR-08191","ペット・トリミング・動物病院の資料請求・ホワイトペーパーバナー（ハンドメイド・手書き）","上級"
"BNR-08192","引越し・生活サービスの採用・求人SNS画像（かわいい・ガーリー）","プロ（演出多め）"
"BNR-08193","士業（税理士・弁護士・行政書士）のハウツー・ノウハウ投稿バナー（信頼・誠実（コーポレート））","上級"
"BNR-08194","ホテル・旅館の資料請求・ホワイトペーパーSNS画像（ラグジュアリー・高級感）","上級"
"BNR-08195","パーソナルジム・フィットネスのセール・割引告知SNS画像（ダーク・シネマティック）","上級"
"BNR-08196","コスメ・スキンケアの資料請求・ホワイトペーパーSNS画像（ナチュラル・オーガニック）","プロ（演出多め）"
"BNR-08197","英会話・語学の無料体験・無料相談バナー（3D・クレイ）","プロ（演出多め）"
"BNR-08198","スクール・オンライン講座のセール・割引告知SNS画像（北欧・ライフスタイル）","プロ（演出多め）"
"BNR-08199","パーソナルジム・フィットネスのブランディング・認知SNS画像（ダーク・シネマティック）","上級"
"BNR-08200","コンサル・コーチングの新商品・新サービス発売バナー（ミニマル・洗練）","プロ（演出多め）"
"BNR-08201","食品・産直ECのお客様の声・口コミSNS画像（ナチュラル・オーガニック）","上級"
"BNR-08202","占い・スピリチュアルの採用・求人SNS画像（ラグジュアリー・高級感）","中級"
"BNR-08203","カフェ・ベーカリーの採用・求人バナー（レトロ・Y2K）","中級"
"BNR-08204","プログラミングスクールの新商品・新サービス発売SNS画像（3D・クレイ）","中級"
"BNR-08205","アパレル・ファッションECの採用・求人バナー（レトロ・Y2K）","上級"
"BNR-08206","YouTuber・インフルエンサーの診断・クイズSNS画像（ポップ・カラフル）","プロ（演出多め）"
"BNR-08207","士業（税理士・弁護士・行政書士）の新商品・新サービス発売SNS画像（ダーク・シネマティック）","プロ（演出多め）"
"BNR-08208","占い・スピリチュアルの比較・ランキングSNS画像（パステル・ドリーミー）","中級"
"BNR-08209","観光・地域プロモーションの新商品・新サービス発売バナー（ダーク・シネマティック）","中級"
"BNR-08210","ヨガ・ピラティスの無料体験・無料相談SNS画像（ナチュラル・オーガニック）","プロ（演出多め）"
"BNR-08211","パーソナルジム・フィットネスのお客様の声・口コミバナー（ダーク・シネマティック）","上級"
"BNR-08212","音楽・ライブ・イベントのビフォーアフター・実績SNS画像（ニューブルータリズム）","上級"
"BNR-08213","士業（税理士・弁護士・行政書士）の採用・求人バナー（信頼・誠実（コーポレート））","上級"
"BNR-08214","プログラミングスクールの資料請求・ホワイトペーパーSNS画像（クール・テック）","上級"
"BNR-08215","クラウドファンディング・新商品のビフォーアフター・実績SNS画像（ポップ・カラフル）","上級"
"BNR-08216","英会話・語学のビフォーアフター・実績SNS画像（ポップ・カラフル）","プロ（演出多め）"
"BNR-08217","英会話・語学のお知らせ・営業案内SNS画像（ジオメトリック・グラフィカル）","上級"
"BNR-08218","士業（税理士・弁護士・行政書士）のイベント・セミナー告知バナー（ミニマル・洗練）","中級"
"BNR-08219","SaaS・BtoBツールの無料体験・無料相談SNS画像（信頼・誠実（コーポレート））","上級"
"BNR-08220","食品・産直ECのイベント・セミナー告知SNS画像（ハンドメイド・手書き）","プロ（演出多め）"
"BNR-08221","保育園・幼児教育・習い事の無料体験・無料相談バナー（ポップ・カラフル）","上級"
"BNR-08222","不動産・マンションの診断・クイズSNS画像（ミニマル・洗練）","上級"
"BNR-08223","プログラミングスクールの採用・求人バナー（3D・クレイ）","上級"
"BNR-08224","士業（税理士・弁護士・行政書士）の無料体験・無料相談SNS画像（信頼・誠実（コーポレート））","プロ（演出多め）"
"BNR-08225","AIサービス・スタートアップのハウツー・ノウハウ投稿バナー（かわいい・ガーリー）","上級"
"BNR-08226","音楽・ライブ・イベントの無料体験・無料相談SNS画像（レトロ・Y2K）","上級"
"BNR-08227","NPO・地方自治体の採用・求人バナー（ナチュラル・オーガニック）","中級"
"BNR-08228","食品・産直ECの無料体験・無料相談SNS画像（和モダン）","プロ（演出多め）"
"BNR-08229","音楽・ライブ・イベントのハウツー・ノウハウ投稿SNS画像（ネオン・サイバー）","上級"
"BNR-08230","金融・保険・投資のハウツー・ノウハウ投稿サムネイル（クール・テック）","上級"
"BNR-08231","内科・クリニックの資料請求・ホワイトペーパーバナー（ナチュラル・オーガニック）","上級"
"BNR-08232","内科・クリニックのビフォーアフター・実績サムネイル（ナチュラル・オーガニック）","中級"
"BNR-08233","内科・クリニックのイベント・セミナー告知SNS画像（北欧・ライフスタイル）","中級"
"BNR-08234","コスメ・スキンケアのお知らせ・営業案内SNS画像（グラスモーフィズム）","上級"
"BNR-08235","英会話・語学のセール・割引告知SNS画像（3D・クレイ）","中級"
"BNR-08236","AIサービス・スタートアップのビフォーアフター・実績バナー（クール・テック）","プロ（演出多め）"
"BNR-08237","パーソナルジム・フィットネスの採用・求人SNS画像（エネルギッシュ・スポーティ）","プロ（演出多め）"
"BNR-08238","ホテル・旅館のお客様の声・口コミSNS画像（ダーク・シネマティック）","中級"
"BNR-08239","和菓子・スイーツのブランディング・認知SNS画像（かわいい・ガーリー）","上級"
"BNR-08240","美容クリニックのビフォーアフター・実績SNS画像（ミニマル・洗練）","プロ（演出多め）"
"BNR-08241","NPO・地方自治体の新商品・新サービス発売バナー（信頼・誠実（コーポレート））","中級"
"BNR-08242","建築設計事務所のキャンペーン・プレゼントSNS画像（ミニマル・洗練）","プロ（演出多め）"
"BNR-08243","建築設計事務所のお客様の声・口コミバナー（ミニマル・洗練）","中級"
"BNR-08244","エステ・脱毛サロンのキャンペーン・プレゼントSNS画像（かわいい・ガーリー）","プロ（演出多め）"
"BNR-08245","不動産・マンションの比較・ランキングバナー（ミニマル・洗練）","上級"
"BNR-08246","レストラン・居酒屋のハウツー・ノウハウ投稿バナー（和モダン）","プロ（演出多め）"
"BNR-08247","自動車・バイクのセール・割引告知バナー（ダーク・シネマティック）","上級"
"BNR-08248","プログラミングスクールのブランディング・認知バナー（グラスモーフィズム）","プロ（演出多め）"
"BNR-08249","ヨガ・ピラティスの資料請求・ホワイトペーパーSNS画像（北欧・ライフスタイル）","プロ（演出多め）"
"BNR-08250","スマホアプリのキャンペーン・プレゼントバナー（3D・クレイ）","上級"
"BNR-08251","アパレル・ファッションECのブランディング・認知SNS画像（グラスモーフィズム）","中級"
"BNR-08252","AIサービス・スタートアップのお客様の声・口コミSNS画像（ネオン・サイバー）","プロ（演出多め）"
"BNR-08253","工務店・注文住宅・リフォームのブランディング・認知バナー（ナチュラル・オーガニック）","上級"
"BNR-08254","ゲーム・eスポーツの新商品・新サービス発売バナー（ネオン・サイバー）","中級"
"BNR-08255","自動車・バイクの比較・ランキングSNS画像（ダーク・シネマティック）","上級"
"BNR-08256","カフェ・ベーカリーのYouTube動画の興味喚起サムネイル（北欧・ライフスタイル）","プロ（演出多め）"
"BNR-08257","サウナ・温浴施設のハウツー・ノウハウ投稿SNS画像（クール・テック）","プロ（演出多め）"
"BNR-08258","占い・スピリチュアルの新商品・新サービス発売バナー（ラグジュアリー・高級感）","プロ（演出多め）"
"BNR-08259","音楽・ライブ・イベントのビフォーアフター・実績バナー（レトロ・Y2K）","プロ（演出多め）"
"BNR-08260","スマホアプリのイベント・セミナー告知バナー（クール・テック）","プロ（演出多め）"
"BNR-08261","アパレル・ファッションECのイベント・セミナー告知バナー（レトロ・Y2K）","上級"
"BNR-08262","観光・地域プロモーションのブランディング・認知SNS画像（ハンドメイド・手書き）","上級"
"BNR-08263","コンサル・コーチングのブランディング・認知SNS画像（信頼・誠実（コーポレート））","上級"
"BNR-08264","音楽・ライブ・イベントの比較・ランキングSNS画像（ネオン・サイバー）","中級"
"BNR-08265","コンサル・コーチングのイベント・セミナー告知バナー（エディトリアル・雑誌風）","プロ（演出多め）"
"BNR-08266","ヨガ・ピラティスのハウツー・ノウハウ投稿SNS画像（ナチュラル・オーガニック）","プロ（演出多め）"
"BNR-08267","クラウドファンディング・新商品のハウツー・ノウハウ投稿SNS画像（ダーク・シネマティック）","上級"
"BNR-08268","引越し・生活サービスの新商品・新サービス発売SNS画像（クール・テック）","プロ（演出多め）"
"BNR-08269","和菓子・スイーツの新商品・新サービス発売SNS画像（パステル・ドリーミー）","上級"
"BNR-08270","金融・保険・投資の無料体験・無料相談SNS画像（ミニマル・洗練）","プロ（演出多め）"
"BNR-08271","Web制作・デザイン事務所のキャンペーン・プレゼントバナー（エネルギッシュ・スポーティ）","中級"
"BNR-08272","金融・保険・投資のキャンペーン・プレゼントバナー（ミニマル・洗練）","プロ（演出多め）"
"BNR-08273","保育園・幼児教育・習い事のハウツー・ノウハウ投稿SNS画像（かわいい・ガーリー）","上級"
"BNR-08274","自動車・バイクのお客様の声・口コミバナー（ダーク・シネマティック）","上級"
"BNR-08275","農業・地方の生産者の資料請求・ホワイトペーパーSNS画像（和モダン）","上級"
"BNR-08276","英会話・語学のブランディング・認知SNS画像（ポップ・カラフル）","上級"
"BNR-08277","コンサル・コーチングのブランディング・認知SNS画像（ポップ・カラフル）","上級"
"BNR-08278","不動産・マンションのセール・割引告知SNS画像（ダーク・シネマティック）","上級"
"BNR-08279","農業・地方の生産者の資料請求・ホワイトペーパーSNS画像（和モダン）","プロ（演出多め）"
"BNR-08280","観光・地域プロモーションの資料請求・ホワイトペーパーバナー（ハンドメイド・手書き）","上級"
"BNR-08281","農業・地方の生産者の診断・クイズバナー（ナチュラル・オーガニック）","プロ（演出多め）"
"BNR-08282","内科・クリニックのブランディング・認知バナー（信頼・誠実（コーポレート））","プロ（演出多め）"
"BNR-08283","音楽・ライブ・イベントの新商品・新サービス発売SNS画像（ネオン・サイバー）","プロ（演出多め）"
"BNR-08284","ペット・トリミング・動物病院の採用・求人SNS画像（3D・クレイ）","プロ（演出多め）"
"BNR-08285","クラウドファンディング・新商品の比較・ランキングSNS画像（クール・テック）","上級"
"BNR-08286","スマホアプリの新商品・新サービス発売SNS画像（グラスモーフィズム）","中級"
"BNR-08287","建築設計事務所の資料請求・ホワイトペーパーSNS画像（ミニマル・洗練）","プロ（演出多め）"
"BNR-08288","保育園・幼児教育・習い事のハウツー・ノウハウ投稿SNS画像（かわいい・ガーリー）","プロ（演出多め）"
"BNR-08289","農業・地方の生産者のビフォーアフター・実績SNS画像（ナチュラル・オーガニック）","プロ（演出多め）"
"BNR-08290","保育園・幼児教育・習い事の比較・ランキングSNS画像（ポップ・カラフル）","中級"
"BNR-08291","クラウドファンディング・新商品の比較・ランキングSNS画像（クール・テック）","上級"
"BNR-08292","サウナ・温浴施設の無料体験・無料相談SNS画像（ニューブルータリズム）","中級"
"BNR-08293","AIサービス・スタートアップの採用・求人バナー（ネオン・サイバー）","プロ（演出多め）"
"BNR-08294","サウナ・温浴施設のお客様の声・口コミサムネイル（ニューブルータリズム）","プロ（演出多め）"
"BNR-08295","建築設計事務所の比較・ランキングバナー（エディトリアル・雑誌風）","上級"
"BNR-08296","不動産・マンションの新商品・新サービス発売バナー（ラグジュアリー・高級感）","上級"
"BNR-08297","Web制作・デザイン事務所のハウツー・ノウハウ投稿SNS画像（ジオメトリック・グラフィカル）","プロ（演出多め）"
"BNR-08298","美容クリニックのイベント・セミナー告知SNS画像（ラグジュアリー・高級感）","上級"
"BNR-08299","金融・保険・投資のブランディング・認知SNS画像（ミニマル・洗練）","中級"
"BNR-08300","ゲーム・eスポーツの比較・ランキングSNS画像（レトロ・Y2K）","プロ（演出多め）"
"BNR-08301","不動産・マンションの採用・求人SNS画像（ラグジュアリー・高級感）","上級"
"BNR-08302","ヨガ・ピラティスの診断・クイズバナー（ナチュラル・オーガニック）","プロ（演出多め）"
"BNR-08303","NPO・地方自治体の比較・ランキングSNS画像（信頼・誠実（コーポレート））","上級"
"BNR-08304","コスメ・スキンケアのブランディング・認知SNS画像（ラグジュアリー・高級感）","上級"
"BNR-08305","建築設計事務所のお知らせ・営業案内バナー（ニューブルータリズム）","プロ（演出多め）"
"BNR-08306","農業・地方の生産者の比較・ランキングSNS画像（ナチュラル・オーガニック）","上級"
"BNR-08307","スマホアプリのお知らせ・営業案内SNS画像（ダーク・シネマティック）","中級"
"BNR-08308","ゲーム・eスポーツのお知らせ・営業案内SNS画像（ナチュラル・オーガニック）","中級"
"BNR-08309","プログラミングスクールのイベント・セミナー告知SNS画像（クール・テック）","上級"
"BNR-08310","YouTuber・インフルエンサーのビフォーアフター・実績バナー（ニューブルータリズム）","上級"
"BNR-08311","食品・産直ECのYouTube動画の興味喚起サムネイル（ナチュラル・オーガニック）","上級"
"BNR-08312","クラウドファンディング・新商品の無料体験・無料相談SNS画像（ジオメトリック・グラフィカル）","上級"
"BNR-08313","Web制作・デザイン事務所の無料体験・無料相談SNS画像（クール・テック）","プロ（演出多め）"
"BNR-08314","金融・保険・投資の採用・求人SNS画像（ミニマル・洗練）","上級"
"BNR-08315","コンサル・コーチングのお客様の声・口コミバナー（ミニマル・洗練）","上級"
"BNR-08316","サウナ・温浴施設の採用・求人SNS画像（和モダン）","上級"
"BNR-08317","観光・地域プロモーションの比較・ランキングSNS画像（ダーク・シネマティック）","プロ（演出多め）"
"BNR-08318","採用・求人の無料体験・無料相談SNS画像（エディトリアル・雑誌風）","プロ（演出多め）"
"BNR-08319","採用・求人の採用・求人SNS画像（ジオメトリック・グラフィカル）","上級"
"BNR-08320","ゲーム・eスポーツの比較・ランキングバナー（ネオン・サイバー）","上級"
"BNR-08321","採用・求人の資料請求・ホワイトペーパーSNS画像（ジオメトリック・グラフィカル）","プロ（演出多め）"
"BNR-08322","AIサービス・スタートアップのハウツー・ノウハウ投稿バナー（グラスモーフィズム）","プロ（演出多め）"
"BNR-08323","建築設計事務所の無料体験・無料相談SNS画像（ジオメトリック・グラフィカル）","中級"
"BNR-08324","パーソナルジム・フィットネスのビフォーアフター・実績SNS画像（ダーク・シネマティック）","プロ（演出多め）"
"BNR-08325","金融・保険・投資の比較・ランキングSNS画像（クール・テック）","上級"
"BNR-08326","カフェ・ベーカリーの資料請求・ホワイトペーパーバナー（北欧・ライフスタイル）","プロ（演出多め）"
"BNR-08327","美容室・ヘアサロンの診断・クイズサムネイル（かわいい・ガーリー）","上級"
"BNR-08328","和菓子・スイーツのお知らせ・営業案内SNS画像（和モダン）","上級"
"BNR-08329","クラウドファンディング・新商品の比較・ランキングバナー（ポップ・カラフル）","上級"
"BNR-08330","採用・求人のブランディング・認知SNS画像（エディトリアル・雑誌風）","上級"
"BNR-08331","ヨガ・ピラティスのお客様の声・口コミSNS画像（ナチュラル・オーガニック）","中級"
"BNR-08332","ペット・トリミング・動物病院のビフォーアフター・実績バナー（かわいい・ガーリー）","プロ（演出多め）"
"BNR-08333","エステ・脱毛サロンのお客様の声・口コミSNS画像（かわいい・ガーリー）","プロ（演出多め）"
"BNR-08334","内科・クリニックの診断・クイズSNS画像（ナチュラル・オーガニック）","プロ（演出多め）"
"BNR-08335","NPO・地方自治体のビフォーアフター・実績バナー（ジオメトリック・グラフィカル）","プロ（演出多め）"
"BNR-08336","自動車・バイクの比較・ランキングバナー（クール・テック）","上級"
"BNR-08337","スクール・オンライン講座のキャンペーン・プレゼントSNS画像（信頼・誠実（コーポレート））","中級"
"BNR-08338","歯科医院のハウツー・ノウハウ投稿バナー（ハンドメイド・手書き）","プロ（演出多め）"
"BNR-08339","建築設計事務所のお知らせ・営業案内バナー（和モダン）","プロ（演出多め）"
"BNR-08340","工務店・注文住宅・リフォームの採用・求人バナー（パステル・ドリーミー）","プロ（演出多め）"
"BNR-08341","引越し・生活サービスのセール・割引告知バナー（3D・クレイ）","上級"
"BNR-08342","コスメ・スキンケアのビフォーアフター・実績SNS画像（パステル・ドリーミー）","上級"
"BNR-08343","自動車・バイクのイベント・セミナー告知バナー（クール・テック）","プロ（演出多め）"
"BNR-08344","音楽・ライブ・イベントのセール・割引告知SNS画像（ネオン・サイバー）","上級"
"BNR-08345","和菓子・スイーツの無料体験・無料相談SNS画像（かわいい・ガーリー）","上級"
"BNR-08346","占い・スピリチュアルの採用・求人SNS画像（和モダン）","上級"
"BNR-08347","SaaS・BtoBツールのブランディング・認知バナー（3D・クレイ）","上級"
"BNR-08348","観光・地域プロモーションの採用・求人SNS画像（レトロ・Y2K）","上級"
"BNR-08349","ウェディング・結婚相談所のイベント・セミナー告知SNS画像（パステル・ドリーミー）","プロ（演出多め）"
"BNR-08350","食品・産直ECの無料体験・無料相談SNS画像（ナチュラル・オーガニック）","上級"
"BNR-08351","士業（税理士・弁護士・行政書士）のハウツー・ノウハウ投稿バナー（和モダン）","プロ（演出多め）"
"BNR-08352","建築設計事務所の診断・クイズSNS画像（エネルギッシュ・スポーティ）","中級"
"BNR-08353","パーソナルジム・フィットネスのセール・割引告知SNS画像（エネルギッシュ・スポーティ）","上級"
"BNR-08354","ペット・トリミング・動物病院の新商品・新サービス発売バナー（ナチュラル・オーガニック）","上級"
"BNR-08355","不動産・マンションの新商品・新サービス発売SNS画像（ラグジュアリー・高級感）","上級"
"BNR-08356","引越し・生活サービスの診断・クイズバナー（3D・クレイ）","上級"
"BNR-08357","観光・地域プロモーションの新商品・新サービス発売SNS画像（ダーク・シネマティック）","中級"
"BNR-08358","ホテル・旅館のお客様の声・口コミSNS画像（グラスモーフィズム）","上級"
"BNR-08359","レストラン・居酒屋のハウツー・ノウハウ投稿バナー（ダーク・シネマティック）","上級"
"BNR-08360","士業（税理士・弁護士・行政書士）の資料請求・ホワイトペーパーSNS画像（和モダン）","上級"
"BNR-08361","内科・クリニックの比較・ランキングサムネイル（ナチュラル・オーガニック）","中級"
"BNR-08362","採用・求人のビフォーアフター・実績SNS画像（信頼・誠実（コーポレート））","プロ（演出多め）"
"BNR-08363","ホテル・旅館のお知らせ・営業案内SNS画像（ラグジュアリー・高級感）","プロ（演出多め）"
"BNR-08364","農業・地方の生産者の無料体験・無料相談バナー（エネルギッシュ・スポーティ）","プロ（演出多め）"
"BNR-08365","内科・クリニックのブランディング・認知バナー（北欧・ライフスタイル）","上級"
"BNR-08366","ペット・トリミング・動物病院のお客様の声・口コミバナー（3D・クレイ）","プロ（演出多め）"
"BNR-08367","食品・産直ECの無料体験・無料相談SNS画像（ポップ・カラフル）","上級"
"BNR-08368","和菓子・スイーツのイベント・セミナー告知SNS画像（パステル・ドリーミー）","プロ（演出多め）"
"BNR-08369","レストラン・居酒屋のお知らせ・営業案内バナー（ハンドメイド・手書き）","中級"
"BNR-08370","歯科医院の新商品・新サービス発売SNS画像（信頼・誠実（コーポレート））","上級"
"BNR-08371","コスメ・スキンケアのハウツー・ノウハウ投稿SNS画像（ラグジュアリー・高級感）","上級"
"BNR-08372","食品・産直ECの新商品・新サービス発売バナー（ポップ・カラフル）","プロ（演出多め）"
"BNR-08373","英会話・語学のハウツー・ノウハウ投稿SNS画像（ポップ・カラフル）","プロ（演出多め）"
"BNR-08374","カフェ・ベーカリーの新商品・新サービス発売SNS画像（北欧・ライフスタイル）","上級"
"BNR-08375","美容クリニックのビフォーアフター・実績バナー（信頼・誠実（コーポレート））","上級"
"BNR-08376","YouTuber・インフルエンサーのイベント・セミナー告知バナー（ポップ・カラフル）","上級"
"BNR-08377","歯科医院のハウツー・ノウハウ投稿SNS画像（信頼・誠実（コーポレート））","プロ（演出多め）"
"BNR-08378","カフェ・ベーカリーのハウツー・ノウハウ投稿SNS画像（北欧・ライフスタイル）","プロ（演出多め）"
"BNR-08379","士業（税理士・弁護士・行政書士）のイベント・セミナー告知SNS画像（信頼・誠実（コーポレート））","中級"
"BNR-08380","英会話・語学の無料体験・無料相談SNS画像（信頼・誠実（コーポレート））","上級"
"BNR-08381","美容クリニックの資料請求・ホワイトペーパーSNS画像（ミニマル・洗練）","上級"
"BNR-08382","スマホアプリの無料体験・無料相談SNS画像（ポップ・カラフル）","プロ（演出多め）"
"BNR-08383","観光・地域プロモーションの採用・求人SNS画像（ナチュラル・オーガニック）","プロ（演出多め）"
"BNR-08384","ヨガ・ピラティスの比較・ランキングSNS画像（パステル・ドリーミー）","プロ（演出多め）"
"BNR-08385","スマホアプリの無料体験・無料相談バナー（3D・クレイ）","プロ（演出多め）"
"BNR-08386","占い・スピリチュアルのキャンペーン・プレゼントバナー（ダーク・シネマティック）","上級"
"BNR-08387","ヨガ・ピラティスのイベント・セミナー告知バナー（パステル・ドリーミー）","上級"
"BNR-08388","美容クリニックのお客様の声・口コミSNS画像（ミニマル・洗練）","中級"
"BNR-08389","食品・産直ECのビフォーアフター・実績SNS画像（ナチュラル・オーガニック）","上級"
"BNR-08390","観光・地域プロモーションのイベント・セミナー告知SNS画像（ナチュラル・オーガニック）","上級"
"BNR-08391","SaaS・BtoBツールの診断・クイズバナー（グラスモーフィズム）","上級"
"BNR-08392","ペット・トリミング・動物病院のブランディング・認知バナー（ナチュラル・オーガニック）","中級"
"BNR-08393","コンサル・コーチングのイベント・セミナー告知SNS画像（エディトリアル・雑誌風）","プロ（演出多め）"
"BNR-08394","内科・クリニックの新商品・新サービス発売SNS画像（北欧・ライフスタイル）","上級"
"BNR-08395","ペット・トリミング・動物病院の資料請求・ホワイトペーパーSNS画像（3D・クレイ）","上級"
"BNR-08396","ウェディング・結婚相談所の比較・ランキングSNS画像（かわいい・ガーリー）","上級"
"BNR-08397","サウナ・温浴施設のセール・割引告知SNS画像（ニューブルータリズム）","プロ（演出多め）"
"BNR-08398","和菓子・スイーツのイベント・セミナー告知バナー（かわいい・ガーリー）","中級"
"BNR-08399","英会話・語学の採用・求人SNS画像（ポップ・カラフル）","プロ（演出多め）"
"BNR-08400","和菓子・スイーツの資料請求・ホワイトペーパーバナー（和モダン）","プロ（演出多め）"
"BNR-08401","引越し・生活サービスのキャンペーン・プレゼントバナー（信頼・誠実（コーポレート））","プロ（演出多め）"
"BNR-08402","ゲーム・eスポーツのキャンペーン・プレゼントSNS画像（グラスモーフィズム）","上級"
"BNR-08403","美容クリニックのキャンペーン・プレゼントSNS画像（信頼・誠実（コーポレート））","プロ（演出多め）"
"BNR-08404","コスメ・スキンケアの資料請求・ホワイトペーパーバナー（ラグジュアリー・高級感）","上級"
"BNR-08405","金融・保険・投資のハウツー・ノウハウ投稿SNS画像（ミニマル・洗練）","プロ（演出多め）"
"BNR-08406","ペット・トリミング・動物病院の無料体験・無料相談バナー（かわいい・ガーリー）","中級"
"BNR-08407","コスメ・スキンケアのイベント・セミナー告知SNS画像（ナチュラル・オーガニック）","上級"
"BNR-08408","コンサル・コーチングの無料体験・無料相談SNS画像（ラグジュアリー・高級感）","中級"
"BNR-08409","スマホアプリのお知らせ・営業案内SNS画像（クール・テック）","上級"
"BNR-08410","SaaS・BtoBツールの資料請求・ホワイトペーパーSNS画像（クール・テック）","プロ（演出多め）"
"BNR-08411","保育園・幼児教育・習い事の採用・求人SNS画像（ナチュラル・オーガニック）","プロ（演出多め）"
"BNR-08412","クラウドファンディング・新商品の新商品・新サービス発売SNS画像（クール・テック）","プロ（演出多め）"
"BNR-08413","食品・産直ECの資料請求・ホワイトペーパーバナー（ナチュラル・オーガニック）","中級"
"BNR-08414","SaaS・BtoBツールのブランディング・認知SNS画像（信頼・誠実（コーポレート））","プロ（演出多め）"
"BNR-08415","工務店・注文住宅・リフォームのキャンペーン・プレゼントバナー（ミニマル・洗練）","上級"
"BNR-08416","食品・産直ECのブランディング・認知バナー（ナチュラル・オーガニック）","プロ（演出多め）"
"BNR-08417","スマホアプリの無料体験・無料相談バナー（3D・クレイ）","上級"
"BNR-08418","コスメ・スキンケアの新商品・新サービス発売バナー（ラグジュアリー・高級感）","プロ（演出多め）"
"BNR-08419","サウナ・温浴施設のセール・割引告知バナー（レトロ・Y2K）","プロ（演出多め）"
"BNR-08420","士業（税理士・弁護士・行政書士）のイベント・セミナー告知バナー（レトロ・Y2K）","プロ（演出多め）"
"BNR-08421","SaaS・BtoBツールの資料請求・ホワイトペーパーバナー（3D・クレイ）","プロ（演出多め）"
"BNR-08422","食品・産直ECのお知らせ・営業案内SNS画像（和モダン）","プロ（演出多め）"
"BNR-08423","ゲーム・eスポーツのお客様の声・口コミSNS画像（ネオン・サイバー）","プロ（演出多め）"
"BNR-08424","ペット・トリミング・動物病院のセール・割引告知SNS画像（エディトリアル・雑誌風）","上級"
"BNR-08425","保育園・幼児教育・習い事のキャンペーン・プレゼントバナー（かわいい・ガーリー）","上級"
"BNR-08426","ゲーム・eスポーツの診断・クイズバナー（レトロ・Y2K）","プロ（演出多め）"
"BNR-08427","農業・地方の生産者の資料請求・ホワイトペーパーSNS画像（和モダン）","プロ（演出多め）"
"BNR-08428","ホテル・旅館のハウツー・ノウハウ投稿SNS画像（ミニマル・洗練）","プロ（演出多め）"
"BNR-08429","YouTuber・インフルエンサーのハウツー・ノウハウ投稿サムネイル（ナチュラル・オーガニック）","中級"
"BNR-08430","占い・スピリチュアルのハウツー・ノウハウ投稿サムネイル（パステル・ドリーミー）","中級"
"BNR-08431","美容室・ヘアサロンの採用・求人バナー（ラグジュアリー・高級感）","プロ（演出多め）"
"BNR-08432","AIサービス・スタートアップのイベント・セミナー告知SNS画像（ナチュラル・オーガニック）","プロ（演出多め）"
"BNR-08433","観光・地域プロモーションの診断・クイズバナー（ポップ・カラフル）","中級"
"BNR-08434","歯科医院の比較・ランキングSNS画像（ジオメトリック・グラフィカル）","プロ（演出多め）"
"BNR-08435","アパレル・ファッションECのブランディング・認知バナー（エディトリアル・雑誌風）","プロ（演出多め）"
"BNR-08436","採用・求人のお客様の声・口コミバナー（エディトリアル・雑誌風）","プロ（演出多め）"
"BNR-08437","Web制作・デザイン事務所の資料請求・ホワイトペーパーSNS画像（ジオメトリック・グラフィカル）","プロ（演出多め）"
"BNR-08438","SaaS・BtoBツールのビフォーアフター・実績SNS画像（信頼・誠実（コーポレート））","中級"
"BNR-08439","スクール・オンライン講座の資料請求・ホワイトペーパーSNS画像（信頼・誠実（コーポレート））","上級"
"BNR-08440","音楽・ライブ・イベントの新商品・新サービス発売サムネイル（ニューブルータリズム）","上級"
"BNR-08441","引越し・生活サービスのお客様の声・口コミバナー（ミニマル・洗練）","プロ（演出多め）"
"BNR-08442","コスメ・スキンケアの無料体験・無料相談SNS画像（グラスモーフィズム）","上級"
"BNR-08443","クラウドファンディング・新商品のお知らせ・営業案内バナー（ポップ・カラフル）","プロ（演出多め）"
"BNR-08444","工務店・注文住宅・リフォームの資料請求・ホワイトペーパーバナー（ミニマル・洗練）","中級"
"BNR-08445","ゲーム・eスポーツの新商品・新サービス発売バナー（ネオン・サイバー）","上級"
"BNR-08446","ホテル・旅館の無料体験・無料相談SNS画像（和モダン）","上級"
"BNR-08447","カフェ・ベーカリーのイベント・セミナー告知バナー（北欧・ライフスタイル）","上級"
"BNR-08448","不動産・マンションのセール・割引告知SNS画像（ミニマル・洗練）","上級"
"BNR-08449","サウナ・温浴施設の資料請求・ホワイトペーパーバナー（ナチュラル・オーガニック）","上級"
"BNR-08450","アパレル・ファッションECのキャンペーン・プレゼントSNS画像（ニューブルータリズム）","上級"
"BNR-08451","食品・産直ECのイベント・セミナー告知バナー（ポップ・カラフル）","上級"
"BNR-08452","不動産・マンションのセール・割引告知SNS画像（ラグジュアリー・高級感）","プロ（演出多め）"
"BNR-08453","金融・保険・投資の診断・クイズサムネイル（クール・テック）","プロ（演出多め）"
"BNR-08454","ペット・トリミング・動物病院のお客様の声・口コミバナー（3D・クレイ）","プロ（演出多め）"
"BNR-08455","プログラミングスクールのブランディング・認知SNS画像（ポップ・カラフル）","中級"
"BNR-08456","クラウドファンディング・新商品の比較・ランキングSNS画像（ナチュラル・オーガニック）","プロ（演出多め）"
"BNR-08457","自動車・バイクのお客様の声・口コミバナー（信頼・誠実（コーポレート））","プロ（演出多め）"
"BNR-08458","歯科医院の比較・ランキングバナー（ナチュラル・オーガニック）","中級"
"BNR-08459","NPO・地方自治体のイベント・セミナー告知バナー（ジオメトリック・グラフィカル）","プロ（演出多め）"
"BNR-08460","コンサル・コーチングのお知らせ・営業案内SNS画像（ミニマル・洗練）","中級"
"BNR-08461","プログラミングスクールの診断・クイズバナー（クール・テック）","上級"
"BNR-08462","金融・保険・投資のビフォーアフター・実績SNS画像（ハンドメイド・手書き）","上級"
"BNR-08463","プログラミングスクールのお客様の声・口コミSNS画像（クール・テック）","上級"
"BNR-08464","YouTuber・インフルエンサーのキャンペーン・プレゼントバナー（ニューブルータリズム）","プロ（演出多め）"
"BNR-08465","和菓子・スイーツの採用・求人SNS画像（パステル・ドリーミー）","上級"
"BNR-08466","レストラン・居酒屋のイベント・セミナー告知バナー（ラグジュアリー・高級感）","プロ（演出多め）"
"BNR-08467","ヨガ・ピラティスのイベント・セミナー告知SNS画像（北欧・ライフスタイル）","プロ（演出多め）"
"BNR-08468","自動車・バイクのお客様の声・口コミサムネイル（クール・テック）","上級"
"BNR-08469","採用・求人の採用・求人SNS画像（エディトリアル・雑誌風）","プロ（演出多め）"
"BNR-08470","ペット・トリミング・動物病院のセール・割引告知バナー（3D・クレイ）","上級"
"BNR-08471","スクール・オンライン講座の採用・求人SNS画像（クール・テック）","プロ（演出多め）"
"BNR-08472","歯科医院のイベント・セミナー告知SNS画像（ナチュラル・オーガニック）","上級"
"BNR-08473","ペット・トリミング・動物病院のお知らせ・営業案内バナー（ナチュラル・オーガニック）","中級"
"BNR-08474","観光・地域プロモーションのハウツー・ノウハウ投稿SNS画像（ダーク・シネマティック）","プロ（演出多め）"
"BNR-08475","和菓子・スイーツの新商品・新サービス発売SNS画像（クール・テック）","上級"
"BNR-08476","観光・地域プロモーションのイベント・セミナー告知SNS画像（ダーク・シネマティック）","上級"
"BNR-08477","ウェディング・結婚相談所の診断・クイズSNS画像（かわいい・ガーリー）","中級"
"BNR-08478","不動産・マンションの比較・ランキングバナー（ダーク・シネマティック）","中級"
"BNR-08479","和菓子・スイーツのハウツー・ノウハウ投稿SNS画像（パステル・ドリーミー）","中級"
"BNR-08480","パーソナルジム・フィットネスのYouTube動画の興味喚起サムネイル（ダーク・シネマティック）","プロ（演出多め）"
"BNR-08481","美容クリニックのブランディング・認知SNS画像（ラグジュアリー・高級感）","上級"
"BNR-08482","スクール・オンライン講座のビフォーアフター・実績バナー（ハンドメイド・手書き）","上級"
"BNR-08483","士業（税理士・弁護士・行政書士）のビフォーアフター・実績SNS画像（信頼・誠実（コーポレート））","プロ（演出多め）"
"BNR-08484","観光・地域プロモーションのお客様の声・口コミSNS画像（ナチュラル・オーガニック）","プロ（演出多め）"
"BNR-08485","ウェディング・結婚相談所のイベント・セミナー告知バナー（ミニマル・洗練）","中級"
"BNR-08486","SaaS・BtoBツールのハウツー・ノウハウ投稿バナー（信頼・誠実（コーポレート））","上級"
"BNR-08487","プログラミングスクールのキャンペーン・プレゼントSNS画像（ネオン・サイバー）","プロ（演出多め）"
"BNR-08488","工務店・注文住宅・リフォームのビフォーアフター・実績サムネイル（信頼・誠実（コーポレート））","プロ（演出多め）"
"BNR-08489","Web制作・デザイン事務所の無料体験・無料相談SNS画像（クール・テック）","プロ（演出多め）"
"BNR-08490","YouTuber・インフルエンサーのキャンペーン・プレゼントSNS画像（かわいい・ガーリー）","プロ（演出多め）"
"BNR-08491","NPO・地方自治体の採用・求人バナー（ハンドメイド・手書き）","上級"
"BNR-08492","Web制作・デザイン事務所のビフォーアフター・実績バナー（ニューブルータリズム）","上級"
"BNR-08493","占い・スピリチュアルのビフォーアフター・実績サムネイル（和モダン）","上級"
"BNR-08494","占い・スピリチュアルの診断・クイズSNS画像（和モダン）","上級"
"BNR-08495","パーソナルジム・フィットネスの無料体験・無料相談SNS画像（ダーク・シネマティック）","上級"
"BNR-08496","引越し・生活サービスのキャンペーン・プレゼントバナー（信頼・誠実（コーポレート））","中級"
"BNR-08497","エステ・脱毛サロンの比較・ランキングSNS画像（ラグジュアリー・高級感）","プロ（演出多め）"
"BNR-08498","NPO・地方自治体の無料体験・無料相談SNS画像（ハンドメイド・手書き）","上級"
"BNR-08499","建築設計事務所のお客様の声・口コミバナー（ジオメトリック・グラフィカル）","プロ（演出多め）"
"BNR-08500","工務店・注文住宅・リフォームのブランディング・認知バナー（北欧・ライフスタイル）","プロ（演出多め）"
"BNR-08501","工務店・注文住宅・リフォームの診断・クイズSNS画像（ナチュラル・オーガニック）","プロ（演出多め）"
"BNR-08502","ウェディング・結婚相談所の採用・求人バナー（ラグジュアリー・高級感）","上級"
"BNR-08503","AIサービス・スタートアップの無料体験・無料相談バナー（クール・テック）","上級"
"BNR-08504","不動産・マンションのセール・割引告知SNS画像（ミニマル・洗練）","プロ（演出多め）"
"BNR-08505","レストラン・居酒屋の無料体験・無料相談SNS画像（ポップ・カラフル）","上級"
"BNR-08506","ペット・トリミング・動物病院のブランディング・認知バナー（かわいい・ガーリー）","プロ（演出多め）"
"BNR-08507","AIサービス・スタートアップの新商品・新サービス発売SNS画像（ネオン・サイバー）","中級"
"BNR-08508","コンサル・コーチングのお知らせ・営業案内SNS画像（信頼・誠実（コーポレート））","プロ（演出多め）"
"BNR-08509","クラウドファンディング・新商品のイベント・セミナー告知SNS画像（クール・テック）","プロ（演出多め）"
"BNR-08510","ホテル・旅館の診断・クイズバナー（ラグジュアリー・高級感）","上級"
"BNR-08511","カフェ・ベーカリーのお知らせ・営業案内バナー（ナチュラル・オーガニック）","プロ（演出多め）"
"BNR-08512","音楽・ライブ・イベントのハウツー・ノウハウ投稿SNS画像（ダーク・シネマティック）","プロ（演出多め）"
"BNR-08513","YouTuber・インフルエンサーの比較・ランキングバナー（北欧・ライフスタイル）","上級"
"BNR-08514","和菓子・スイーツのブランディング・認知バナー（和モダン）","プロ（演出多め）"
"BNR-08515","プログラミングスクールのお知らせ・営業案内SNS画像（3D・クレイ）","プロ（演出多め）"
"BNR-08516","ホテル・旅館のお客様の声・口コミSNS画像（ミニマル・洗練）","上級"
"BNR-08517","パーソナルジム・フィットネスのキャンペーン・プレゼントバナー（エネルギッシュ・スポーティ）","プロ（演出多め）"
"BNR-08518","NPO・地方自治体のハウツー・ノウハウ投稿バナー（ハンドメイド・手書き）","プロ（演出多め）"
"BNR-08519","カフェ・ベーカリーのハウツー・ノウハウ投稿SNS画像（レトロ・Y2K）","上級"
"BNR-08520","クラウドファンディング・新商品のお知らせ・営業案内SNS画像（ポップ・カラフル）","上級"
"BNR-08521","ゲーム・eスポーツの無料体験・無料相談バナー（ダーク・シネマティック）","プロ（演出多め）"
"BNR-08522","不動産・マンションの資料請求・ホワイトペーパーSNS画像（信頼・誠実（コーポレート））","中級"
"BNR-08523","工務店・注文住宅・リフォームの採用・求人バナー（信頼・誠実（コーポレート））","上級"
"BNR-08524","コンサル・コーチングの資料請求・ホワイトペーパーSNS画像（信頼・誠実（コーポレート））","上級"
"BNR-08525","歯科医院の採用・求人SNS画像（信頼・誠実（コーポレート））","上級"
"BNR-08526","自動車・バイクのお客様の声・口コミSNS画像（クール・テック）","中級"
"BNR-08527","農業・地方の生産者の採用・求人バナー（ハンドメイド・手書き）","上級"
"BNR-08528","パーソナルジム・フィットネスのお客様の声・口コミバナー（ダーク・シネマティック）","上級"
"BNR-08529","保育園・幼児教育・習い事の診断・クイズSNS画像（かわいい・ガーリー）","上級"
"BNR-08530","レストラン・居酒屋のビフォーアフター・実績SNS画像（レトロ・Y2K）","中級"
"BNR-08531","レストラン・居酒屋のハウツー・ノウハウ投稿SNS画像（レトロ・Y2K）","プロ（演出多め）"
"BNR-08532","アパレル・ファッションECのお知らせ・営業案内SNS画像（エディトリアル・雑誌風）","中級"
"BNR-08533","Web制作・デザイン事務所のセール・割引告知バナー（ニューブルータリズム）","上級"
"BNR-08534","カフェ・ベーカリーのビフォーアフター・実績バナー（ハンドメイド・手書き）","中級"
"BNR-08535","ゲーム・eスポーツのハウツー・ノウハウ投稿バナー（ネオン・サイバー）","プロ（演出多め）"
"BNR-08536","美容クリニックの採用・求人バナー（ラグジュアリー・高級感）","プロ（演出多め）"
"BNR-08537","食品・産直ECのハウツー・ノウハウ投稿バナー（ハンドメイド・手書き）","中級"
"BNR-08538","士業（税理士・弁護士・行政書士）の新商品・新サービス発売バナー（ミニマル・洗練）","上級"
"BNR-08539","ホテル・旅館のイベント・セミナー告知バナー（レトロ・Y2K）","プロ（演出多め）"
"BNR-08540","アパレル・ファッションECのハウツー・ノウハウ投稿SNS画像（レトロ・Y2K）","プロ（演出多め）"
"BNR-08541","歯科医院の採用・求人SNS画像（信頼・誠実（コーポレート））","上級"
"BNR-08542","美容クリニックのキャンペーン・プレゼントバナー（ミニマル・洗練）","上級"
"BNR-08543","英会話・語学のハウツー・ノウハウ投稿バナー（ジオメトリック・グラフィカル）","上級"
"BNR-08544","自動車・バイクのお客様の声・口コミサムネイル（ダーク・シネマティック）","中級"
"BNR-08545","美容クリニックの無料体験・無料相談SNS画像（ミニマル・洗練）","プロ（演出多め）"
"BNR-08546","エステ・脱毛サロンのハウツー・ノウハウ投稿SNS画像（ニューブルータリズム）","プロ（演出多め）"
"BNR-08547","農業・地方の生産者のキャンペーン・プレゼントSNS画像（和モダン）","中級"
"BNR-08548","占い・スピリチュアルのセール・割引告知SNS画像（パステル・ドリーミー）","プロ（演出多め）"
"BNR-08549","ホテル・旅館の資料請求・ホワイトペーパーSNS画像（ダーク・シネマティック）","中級"
"BNR-08550","スマホアプリの診断・クイズSNS画像（3D・クレイ）","上級"
"BNR-08551","コスメ・スキンケアの診断・クイズサムネイル（ナチュラル・オーガニック）","上級"
"BNR-08552","ホテル・旅館の無料体験・無料相談SNS画像（和モダン）","プロ（演出多め）"
"BNR-08553","パーソナルジム・フィットネスの無料体験・無料相談バナー（エネルギッシュ・スポーティ）","プロ（演出多め）"
"BNR-08554","レストラン・居酒屋の診断・クイズSNS画像（レトロ・Y2K）","上級"
"BNR-08555","ホテル・旅館の診断・クイズバナー（ラグジュアリー・高級感）","プロ（演出多め）"
"BNR-08556","金融・保険・投資のビフォーアフター・実績サムネイル（エネルギッシュ・スポーティ）","プロ（演出多め）"
"BNR-08557","スクール・オンライン講座のキャンペーン・プレゼントバナー（ポップ・カラフル）","中級"
"BNR-08558","カフェ・ベーカリーのセール・割引告知SNS画像（ナチュラル・オーガニック）","プロ（演出多め）"
"BNR-08559","SaaS・BtoBツールのブランディング・認知バナー（信頼・誠実（コーポレート））","上級"
"BNR-08560","採用・求人のお客様の声・口コミSNS画像（エネルギッシュ・スポーティ）","プロ（演出多め）"
"BNR-08561","プログラミングスクールのキャンペーン・プレゼントSNS画像（ポップ・カラフル）","プロ（演出多め）"
"BNR-08562","美容室・ヘアサロンの新商品・新サービス発売SNS画像（ハンドメイド・手書き）","上級"
"BNR-08563","コンサル・コーチングのセール・割引告知バナー（信頼・誠実（コーポレート））","プロ（演出多め）"
"BNR-08564","AIサービス・スタートアップの資料請求・ホワイトペーパーSNS画像（ネオン・サイバー）","上級"
"BNR-08565","観光・地域プロモーションの採用・求人バナー（ポップ・カラフル）","中級"
"BNR-08566","工務店・注文住宅・リフォームの新商品・新サービス発売SNS画像（北欧・ライフスタイル）","中級"
"BNR-08567","プログラミングスクールのセール・割引告知SNS画像（信頼・誠実（コーポレート））","上級"
"BNR-08568","AIサービス・スタートアップのお客様の声・口コミバナー（ネオン・サイバー）","プロ（演出多め）"
"BNR-08569","保育園・幼児教育・習い事の採用・求人SNS画像（かわいい・ガーリー）","中級"
"BNR-08570","スマホアプリのお客様の声・口コミバナー（クール・テック）","プロ（演出多め）"
"BNR-08571","Web制作・デザイン事務所のビフォーアフター・実績バナー（クール・テック）","中級"
"BNR-08572","コスメ・スキンケアの資料請求・ホワイトペーパーSNS画像（ラグジュアリー・高級感）","中級"
"BNR-08573","工務店・注文住宅・リフォームのビフォーアフター・実績SNS画像（ナチュラル・オーガニック）","上級"
"BNR-08574","レストラン・居酒屋の診断・クイズバナー（ラグジュアリー・高級感）","上級"
"BNR-08575","占い・スピリチュアルのハウツー・ノウハウ投稿SNS画像（ラグジュアリー・高級感）","中級"
"BNR-08576","アパレル・ファッションECのお客様の声・口コミバナー（レトロ・Y2K）","プロ（演出多め）"
"BNR-08577","保育園・幼児教育・習い事のYouTube動画の興味喚起サムネイル（かわいい・ガーリー）","プロ（演出多め）"
"BNR-08578","自動車・バイクのビフォーアフター・実績SNS画像（ラグジュアリー・高級感）","プロ（演出多め）"
"BNR-08579","コスメ・スキンケアのビフォーアフター・実績バナー（パステル・ドリーミー）","上級"
"BNR-08580","採用・求人のお客様の声・口コミSNS画像（グラスモーフィズム）","上級"
"BNR-08581","YouTuber・インフルエンサーのイベント・セミナー告知バナー（ネオン・サイバー）","中級"
"BNR-08582","ヨガ・ピラティスのセール・割引告知SNS画像（北欧・ライフスタイル）","上級"
"BNR-08583","採用・求人のお知らせ・営業案内SNS画像（エディトリアル・雑誌風）","プロ（演出多め）"
"BNR-08584","ヨガ・ピラティスの採用・求人バナー（信頼・誠実（コーポレート））","上級"
"BNR-08585","金融・保険・投資の診断・クイズバナー（信頼・誠実（コーポレート））","プロ（演出多め）"
"BNR-08586","アパレル・ファッションECのセール・割引告知SNS画像（ニューブルータリズム）","中級"
"BNR-08587","ゲーム・eスポーツのブランディング・認知SNS画像（エネルギッシュ・スポーティ）","上級"
"BNR-08588","カフェ・ベーカリーの無料体験・無料相談バナー（ハンドメイド・手書き）","プロ（演出多め）"
"BNR-08589","YouTuber・インフルエンサーの比較・ランキングバナー（ポップ・カラフル）","プロ（演出多め）"
"BNR-08590","スマホアプリのイベント・セミナー告知SNS画像（ポップ・カラフル）","上級"
"BNR-08591","アパレル・ファッションECのビフォーアフター・実績SNS画像（エディトリアル・雑誌風）","上級"
"BNR-08592","コンサル・コーチングのハウツー・ノウハウ投稿SNS画像（ラグジュアリー・高級感）","プロ（演出多め）"
"BNR-08593","クラウドファンディング・新商品の診断・クイズSNS画像（ナチュラル・オーガニック）","中級"
"BNR-08594","音楽・ライブ・イベントのキャンペーン・プレゼントバナー（ニューブルータリズム）","プロ（演出多め）"
"BNR-08595","プログラミングスクールのキャンペーン・プレゼントSNS画像（ポップ・カラフル）","プロ（演出多め）"
"BNR-08596","Web制作・デザイン事務所のお知らせ・営業案内SNS画像（ジオメトリック・グラフィカル）","プロ（演出多め）"
"BNR-08597","コンサル・コーチングのハウツー・ノウハウ投稿バナー（かわいい・ガーリー）","上級"
"BNR-08598","AIサービス・スタートアップの採用・求人バナー（クール・テック）","上級"
"BNR-08599","カフェ・ベーカリーの無料体験・無料相談SNS画像（クール・テック）","プロ（演出多め）"
"BNR-08600","建築設計事務所のセール・割引告知バナー（エディトリアル・雑誌風）","中級"
"BNR-08601","建築設計事務所の新商品・新サービス発売バナー（ジオメトリック・グラフィカル）","上級"
"BNR-08602","コンサル・コーチングのビフォーアフター・実績SNS画像（ラグジュアリー・高級感）","上級"
"BNR-08603","英会話・語学のハウツー・ノウハウ投稿SNS画像（ミニマル・洗練）","中級"
"BNR-08604","サウナ・温浴施設のイベント・セミナー告知バナー（ニューブルータリズム）","プロ（演出多め）"
"BNR-08605","農業・地方の生産者の診断・クイズSNS画像（ナチュラル・オーガニック）","プロ（演出多め）"
"BNR-08606","引越し・生活サービスの採用・求人SNS画像（信頼・誠実（コーポレート））","中級"
"BNR-08607","自動車・バイクのハウツー・ノウハウ投稿バナー（ダーク・シネマティック）","上級"
"BNR-08608","YouTuber・インフルエンサーの比較・ランキングサムネイル（かわいい・ガーリー）","中級"
"BNR-08609","ウェディング・結婚相談所の資料請求・ホワイトペーパーSNS画像（パステル・ドリーミー）","上級"
"BNR-08610","不動産・マンションの資料請求・ホワイトペーパーSNS画像（グラスモーフィズム）","プロ（演出多め）"
"BNR-08611","Web制作・デザイン事務所のハウツー・ノウハウ投稿SNS画像（ミニマル・洗練）","上級"
"BNR-08612","工務店・注文住宅・リフォームの診断・クイズバナー（ナチュラル・オーガニック）","プロ（演出多め）"
"BNR-08613","ゲーム・eスポーツのハウツー・ノウハウ投稿サムネイル（エネルギッシュ・スポーティ）","プロ（演出多め）"
"BNR-08614","英会話・語学の診断・クイズバナー（ポップ・カラフル）","プロ（演出多め）"
"BNR-08615","NPO・地方自治体の比較・ランキングSNS画像（ジオメトリック・グラフィカル）","中級"
"BNR-08616","金融・保険・投資のビフォーアフター・実績バナー（北欧・ライフスタイル）","上級"
"BNR-08617","ヨガ・ピラティスのビフォーアフター・実績SNS画像（北欧・ライフスタイル）","上級"
"BNR-08618","パーソナルジム・フィットネスの診断・クイズバナー（クール・テック）","上級"
"BNR-08619","ウェディング・結婚相談所のお客様の声・口コミバナー（かわいい・ガーリー）","プロ（演出多め）"
"BNR-08620","AIサービス・スタートアップのお客様の声・口コミSNS画像（ミニマル・洗練）","上級"
"BNR-08621","工務店・注文住宅・リフォームのブランディング・認知バナー（ナチュラル・オーガニック）","プロ（演出多め）"
"BNR-08622","金融・保険・投資の比較・ランキングバナー（ミニマル・洗練）","上級"
"BNR-08623","占い・スピリチュアルのビフォーアフター・実績SNS画像（ラグジュアリー・高級感）","上級"
"BNR-08624","AIサービス・スタートアップの比較・ランキングSNS画像（ネオン・サイバー）","上級"
"BNR-08625","内科・クリニックの無料体験・無料相談SNS画像（北欧・ライフスタイル）","上級"
"BNR-08626","ペット・トリミング・動物病院の無料体験・無料相談バナー（3D・クレイ）","中級"
"BNR-08627","引越し・生活サービスのイベント・セミナー告知SNS画像（信頼・誠実（コーポレート））","プロ（演出多め）"
"BNR-08628","内科・クリニックのセール・割引告知バナー（ナチュラル・オーガニック）","プロ（演出多め）"
"BNR-08629","観光・地域プロモーションのお客様の声・口コミSNS画像（和モダン）","中級"
"BNR-08630","英会話・語学のブランディング・認知バナー（ジオメトリック・グラフィカル）","上級"
"BNR-08631","ホテル・旅館のキャンペーン・プレゼントバナー（ダーク・シネマティック）","上級"
"BNR-08632","和菓子・スイーツのハウツー・ノウハウ投稿SNS画像（ナチュラル・オーガニック）","上級"
"BNR-08633","ヨガ・ピラティスのお知らせ・営業案内バナー（北欧・ライフスタイル）","上級"
"BNR-08634","歯科医院のお知らせ・営業案内バナー（信頼・誠実（コーポレート））","中級"
"BNR-08635","スクール・オンライン講座の比較・ランキングSNS画像（クール・テック）","上級"
"BNR-08636","SaaS・BtoBツールのお客様の声・口コミSNS画像（信頼・誠実（コーポレート））","プロ（演出多め）"
"BNR-08637","引越し・生活サービスのハウツー・ノウハウ投稿バナー（信頼・誠実（コーポレート））","上級"
"BNR-08638","美容室・ヘアサロンのお知らせ・営業案内バナー（北欧・ライフスタイル）","プロ（演出多め）"
"BNR-08639","エステ・脱毛サロンの比較・ランキングSNS画像（かわいい・ガーリー）","中級"
"BNR-08640","Web制作・デザイン事務所の採用・求人バナー（ニューブルータリズム）","プロ（演出多め）"
"BNR-08641","占い・スピリチュアルの比較・ランキングSNS画像（ダーク・シネマティック）","上級"
"BNR-08642","NPO・地方自治体のお客様の声・口コミバナー（ナチュラル・オーガニック）","中級"
"BNR-08643","サウナ・温浴施設のイベント・セミナー告知バナー（和モダン）","上級"
"BNR-08644","ペット・トリミング・動物病院の無料体験・無料相談SNS画像（3D・クレイ）","プロ（演出多め）"
"BNR-08645","サウナ・温浴施設の採用・求人バナー（和モダン）","上級"
"BNR-08646","パーソナルジム・フィットネスの比較・ランキングバナー（ダーク・シネマティック）","上級"
"BNR-08647","占い・スピリチュアルのキャンペーン・プレゼントSNS画像（ネオン・サイバー）","中級"
"BNR-08648","コンサル・コーチングのお客様の声・口コミSNS画像（エディトリアル・雑誌風）","上級"
"BNR-08649","歯科医院のお知らせ・営業案内SNS画像（グラスモーフィズム）","プロ（演出多め）"
"BNR-08650","農業・地方の生産者のキャンペーン・プレゼントSNS画像（ハンドメイド・手書き）","プロ（演出多め）"
"BNR-08651","自動車・バイクのキャンペーン・プレゼントバナー（クール・テック）","上級"
"BNR-08652","引越し・生活サービスの新商品・新サービス発売SNS画像（3D・クレイ）","プロ（演出多め）"
"BNR-08653","プログラミングスクールのビフォーアフター・実績バナー（ポップ・カラフル）","上級"
"BNR-08654","Web制作・デザイン事務所の無料体験・無料相談SNS画像（クール・テック）","上級"
"BNR-08655","レストラン・居酒屋のイベント・セミナー告知SNS画像（和モダン）","プロ（演出多め）"
"BNR-08656","金融・保険・投資の資料請求・ホワイトペーパーSNS画像（信頼・誠実（コーポレート））","上級"
"BNR-08657","SaaS・BtoBツールの診断・クイズバナー（クール・テック）","上級"
"BNR-08658","ヨガ・ピラティスの採用・求人バナー（北欧・ライフスタイル）","上級"
"BNR-08659","美容室・ヘアサロンの新商品・新サービス発売SNS画像（ミニマル・洗練）","プロ（演出多め）"
"BNR-08660","食品・産直ECの無料体験・無料相談バナー（ハンドメイド・手書き）","プロ（演出多め）"
"BNR-08661","建築設計事務所の新商品・新サービス発売バナー（エディトリアル・雑誌風）","プロ（演出多め）"
"BNR-08662","Web制作・デザイン事務所のハウツー・ノウハウ投稿バナー（ネオン・サイバー）","上級"
"BNR-08663","和菓子・スイーツの無料体験・無料相談SNS画像（和モダン）","上級"
"BNR-08664","和菓子・スイーツのイベント・セミナー告知SNS画像（かわいい・ガーリー）","上級"
"BNR-08665","自動車・バイクの新商品・新サービス発売バナー（エネルギッシュ・スポーティ）","上級"
"BNR-08666","Web制作・デザイン事務所の無料体験・無料相談バナー（ダーク・シネマティック）","プロ（演出多め）"
"BNR-08667","ウェディング・結婚相談所の診断・クイズSNS画像（パステル・ドリーミー）","プロ（演出多め）"
"BNR-08668","和菓子・スイーツのセール・割引告知SNS画像（パステル・ドリーミー）","プロ（演出多め）"
"BNR-08669","工務店・注文住宅・リフォームの採用・求人SNS画像（ハンドメイド・手書き）","プロ（演出多め）"
"BNR-08670","レストラン・居酒屋の診断・クイズSNS画像（ラグジュアリー・高級感）","プロ（演出多め）"
"BNR-08671","コスメ・スキンケアの診断・クイズSNS画像（グラスモーフィズム）","上級"
"BNR-08672","保育園・幼児教育・習い事の新商品・新サービス発売バナー（かわいい・ガーリー）","上級"
"BNR-08673","農業・地方の生産者のキャンペーン・プレゼントSNS画像（ハンドメイド・手書き）","プロ（演出多め）"
"BNR-08674","ホテル・旅館の資料請求・ホワイトペーパーSNS画像（和モダン）","プロ（演出多め）"
"BNR-08675","エステ・脱毛サロンの新商品・新サービス発売SNS画像（ミニマル・洗練）","中級"
"BNR-08676","採用・求人のキャンペーン・プレゼントバナー（ジオメトリック・グラフィカル）","プロ（演出多め）"
"BNR-08677","ホテル・旅館のハウツー・ノウハウ投稿SNS画像（ミニマル・洗練）","上級"
"BNR-08678","金融・保険・投資のお客様の声・口コミバナー（クール・テック）","中級"
"BNR-08679","美容室・ヘアサロンのキャンペーン・プレゼントバナー（ミニマル・洗練）","中級"
"BNR-08680","ヨガ・ピラティスのお客様の声・口コミSNS画像（パステル・ドリーミー）","プロ（演出多め）"
"BNR-08681","ウェディング・結婚相談所のイベント・セミナー告知SNS画像（パステル・ドリーミー）","中級"
"BNR-08682","保育園・幼児教育・習い事のお客様の声・口コミSNS画像（ハンドメイド・手書き）","プロ（演出多め）"
"BNR-08683","スクール・オンライン講座のイベント・セミナー告知バナー（3D・クレイ）","上級"
"BNR-08684","自動車・バイクのイベント・セミナー告知SNS画像（ラグジュアリー・高級感）","上級"
"BNR-08685","保育園・幼児教育・習い事の診断・クイズSNS画像（ナチュラル・オーガニック）","上級"
"BNR-08686","アパレル・ファッションECのお客様の声・口コミバナー（エディトリアル・雑誌風）","上級"
"BNR-08687","クラウドファンディング・新商品の採用・求人SNS画像（ダーク・シネマティック）","プロ（演出多め）"
"BNR-08688","スマホアプリの新商品・新サービス発売SNS画像（クール・テック）","プロ（演出多め）"
"BNR-08689","農業・地方の生産者の無料体験・無料相談SNS画像（ナチュラル・オーガニック）","プロ（演出多め）"
"BNR-08690","カフェ・ベーカリーのイベント・セミナー告知バナー（北欧・ライフスタイル）","上級"
"BNR-08691","音楽・ライブ・イベントのブランディング・認知SNS画像（レトロ・Y2K）","上級"
"BNR-08692","スマホアプリのお客様の声・口コミSNS画像（エネルギッシュ・スポーティ）","上級"
"BNR-08693","英会話・語学の採用・求人バナー（3D・クレイ）","中級"
"BNR-08694","クラウドファンディング・新商品のお知らせ・営業案内バナー（ナチュラル・オーガニック）","上級"
"BNR-08695","音楽・ライブ・イベントのブランディング・認知SNS画像（ダーク・シネマティック）","中級"
"BNR-08696","ゲーム・eスポーツのお客様の声・口コミSNS画像（ネオン・サイバー）","中級"
"BNR-08697","アパレル・ファッションECの新商品・新サービス発売SNS画像（エネルギッシュ・スポーティ）","上級"
"BNR-08698","サウナ・温浴施設の資料請求・ホワイトペーパーバナー（レトロ・Y2K）","上級"
"BNR-08699","ゲーム・eスポーツのビフォーアフター・実績SNS画像（レトロ・Y2K）","上級"
"BNR-08700","引越し・生活サービスのキャンペーン・プレゼントSNS画像（ポップ・カラフル）","上級"
"BNR-08701","クラウドファンディング・新商品のイベント・セミナー告知バナー（ポップ・カラフル）","上級"
"BNR-08702","英会話・語学のハウツー・ノウハウ投稿SNS画像（ジオメトリック・グラフィカル）","プロ（演出多め）"
"BNR-08703","SaaS・BtoBツールのキャンペーン・プレゼントSNS画像（3D・クレイ）","プロ（演出多め）"
"BNR-08704","美容クリニックの新商品・新サービス発売SNS画像（ミニマル・洗練）","プロ（演出多め）"
"BNR-08705","クラウドファンディング・新商品のビフォーアフター・実績バナー（ニューブルータリズム）","上級"
"BNR-08706","農業・地方の生産者のビフォーアフター・実績バナー（和モダン）","プロ（演出多め）"
"BNR-08707","工務店・注文住宅・リフォームの診断・クイズSNS画像（ダーク・シネマティック）","上級"
"BNR-08708","採用・求人の無料体験・無料相談SNS画像（エネルギッシュ・スポーティ）","中級"
"BNR-08709","美容クリニックのお知らせ・営業案内バナー（信頼・誠実（コーポレート））","プロ（演出多め）"
"BNR-08710","スクール・オンライン講座の採用・求人バナー（ポップ・カラフル）","プロ（演出多め）"
"BNR-08711","SaaS・BtoBツールのビフォーアフター・実績SNS画像（3D・クレイ）","プロ（演出多め）"
"BNR-08712","エステ・脱毛サロンのお客様の声・口コミバナー（エディトリアル・雑誌風）","プロ（演出多め）"
"BNR-08713","クラウドファンディング・新商品のハウツー・ノウハウ投稿SNS画像（クール・テック）","プロ（演出多め）"
"BNR-08714","引越し・生活サービスの無料体験・無料相談SNS画像（3D・クレイ）","プロ（演出多め）"
"BNR-08715","AIサービス・スタートアップのお客様の声・口コミSNS画像（グラスモーフィズム）","プロ（演出多め）"
"BNR-08716","カフェ・ベーカリーのキャンペーン・プレゼントバナー（エディトリアル・雑誌風）","中級"
"BNR-08717","スマホアプリの無料体験・無料相談バナー（ラグジュアリー・高級感）","プロ（演出多め）"
"BNR-08718","歯科医院のブランディング・認知SNS画像（ミニマル・洗練）","プロ（演出多め）"
"BNR-08719","NPO・地方自治体の資料請求・ホワイトペーパーSNS画像（ジオメトリック・グラフィカル）","プロ（演出多め）"
"BNR-08720","サウナ・温浴施設の資料請求・ホワイトペーパーSNS画像（ナチュラル・オーガニック）","上級"
"BNR-08721","占い・スピリチュアルの比較・ランキングSNS画像（ラグジュアリー・高級感）","プロ（演出多め）"
"BNR-08722","占い・スピリチュアルのキャンペーン・プレゼントバナー（和モダン）","プロ（演出多め）"
"BNR-08723","和菓子・スイーツのセール・割引告知SNS画像（パステル・ドリーミー）","プロ（演出多め）"
"BNR-08724","自動車・バイクのブランディング・認知バナー（ラグジュアリー・高級感）","プロ（演出多め）"
"BNR-08725","サウナ・温浴施設のお客様の声・口コミバナー（レトロ・Y2K）","上級"
"BNR-08726","工務店・注文住宅・リフォームの新商品・新サービス発売SNS画像（ナチュラル・オーガニック）","プロ（演出多め）"
"BNR-08727","自動車・バイクの無料体験・無料相談SNS画像（ダーク・シネマティック）","中級"
"BNR-08728","採用・求人のイベント・セミナー告知SNS画像（ジオメトリック・グラフィカル）","上級"
"BNR-08729","ペット・トリミング・動物病院の無料体験・無料相談SNS画像（かわいい・ガーリー）","上級"
"BNR-08730","英会話・語学の新商品・新サービス発売バナー（3D・クレイ）","プロ（演出多め）"
"BNR-08731","パーソナルジム・フィットネスのイベント・セミナー告知SNS画像（パステル・ドリーミー）","プロ（演出多め）"
"BNR-08732","観光・地域プロモーションの無料体験・無料相談SNS画像（ニューブルータリズム）","プロ（演出多め）"
"BNR-08733","レストラン・居酒屋の採用・求人バナー（ダーク・シネマティック）","プロ（演出多め）"
"BNR-08734","NPO・地方自治体の診断・クイズバナー（ジオメトリック・グラフィカル）","上級"
"BNR-08735","スマホアプリのキャンペーン・プレゼントSNS画像（クール・テック）","上級"
"BNR-08736","採用・求人の診断・クイズSNS画像（ジオメトリック・グラフィカル）","上級"
"BNR-08737","YouTuber・インフルエンサーのキャンペーン・プレゼントSNS画像（ネオン・サイバー）","プロ（演出多め）"
"BNR-08738","食品・産直ECのお客様の声・口コミバナー（ポップ・カラフル）","中級"
"BNR-08739","ホテル・旅館の資料請求・ホワイトペーパーバナー（ダーク・シネマティック）","プロ（演出多め）"
"BNR-08740","ゲーム・eスポーツの診断・クイズSNS画像（ジオメトリック・グラフィカル）","プロ（演出多め）"
"BNR-08741","ウェディング・結婚相談所の新商品・新サービス発売バナー（かわいい・ガーリー）","中級"
"BNR-08742","YouTuber・インフルエンサーの無料体験・無料相談SNS画像（ニューブルータリズム）","プロ（演出多め）"
"BNR-08743","スクール・オンライン講座の資料請求・ホワイトペーパーバナー（信頼・誠実（コーポレート））","中級"
"BNR-08744","美容クリニックのお知らせ・営業案内バナー（ミニマル・洗練）","上級"
"BNR-08745","レストラン・居酒屋のビフォーアフター・実績SNS画像（ラグジュアリー・高級感）","上級"
"BNR-08746","観光・地域プロモーションのビフォーアフター・実績SNS画像（和モダン）","上級"
"BNR-08747","自動車・バイクの新商品・新サービス発売サムネイル（北欧・ライフスタイル）","上級"
"BNR-08748","ヨガ・ピラティスの新商品・新サービス発売バナー（パステル・ドリーミー）","上級"
"BNR-08749","採用・求人の無料体験・無料相談SNS画像（信頼・誠実（コーポレート））","中級"
"BNR-08750","士業（税理士・弁護士・行政書士）の無料体験・無料相談SNS画像（ミニマル・洗練）","プロ（演出多め）"
"BNR-08751","金融・保険・投資のキャンペーン・プレゼントSNS画像（クール・テック）","プロ（演出多め）"
"BNR-08752","ペット・トリミング・動物病院の比較・ランキングバナー（3D・クレイ）","プロ（演出多め）"
"BNR-08753","パーソナルジム・フィットネスのイベント・セミナー告知SNS画像（エネルギッシュ・スポーティ）","プロ（演出多め）"
"BNR-08754","農業・地方の生産者の資料請求・ホワイトペーパーSNS画像（ハンドメイド・手書き）","上級"
"BNR-08755","NPO・地方自治体の診断・クイズSNS画像（ジオメトリック・グラフィカル）","上級"
"BNR-08756","引越し・生活サービスの診断・クイズバナー（信頼・誠実（コーポレート））","中級"
"BNR-08757","カフェ・ベーカリーの無料体験・無料相談SNS画像（エディトリアル・雑誌風）","上級"
"BNR-08758","不動産・マンションのお知らせ・営業案内SNS画像（グラスモーフィズム）","上級"
"BNR-08759","ヨガ・ピラティスのビフォーアフター・実績SNS画像（ミニマル・洗練）","上級"
"BNR-08760","建築設計事務所の新商品・新サービス発売SNS画像（エディトリアル・雑誌風）","プロ（演出多め）"
"BNR-08761","パーソナルジム・フィットネスのハウツー・ノウハウ投稿SNS画像（エネルギッシュ・スポーティ）","中級"
"BNR-08762","Web制作・デザイン事務所のブランディング・認知バナー（クール・テック）","プロ（演出多め）"
"BNR-08763","ゲーム・eスポーツの比較・ランキングバナー（レトロ・Y2K）","上級"
"BNR-08764","音楽・ライブ・イベントの新商品・新サービス発売SNS画像（レトロ・Y2K）","上級"
"BNR-08765","美容室・ヘアサロンのハウツー・ノウハウ投稿バナー（かわいい・ガーリー）","上級"
"BNR-08766","歯科医院のビフォーアフター・実績サムネイル（信頼・誠実（コーポレート））","プロ（演出多め）"
"BNR-08767","士業（税理士・弁護士・行政書士）のイベント・セミナー告知バナー（信頼・誠実（コーポレート））","プロ（演出多め）"
"BNR-08768","アパレル・ファッションECのセール・割引告知バナー（ナチュラル・オーガニック）","プロ（演出多め）"
"BNR-08769","コスメ・スキンケアの資料請求・ホワイトペーパーバナー（ナチュラル・オーガニック）","上級"
"BNR-08770","Web制作・デザイン事務所のセール・割引告知バナー（ネオン・サイバー）","プロ（演出多め）"
"BNR-08771","食品・産直ECの比較・ランキングバナー（ポップ・カラフル）","上級"
"BNR-08772","和菓子・スイーツの無料体験・無料相談バナー（ナチュラル・オーガニック）","プロ（演出多め）"
"BNR-08773","Web制作・デザイン事務所の採用・求人SNS画像（クール・テック）","上級"
"BNR-08774","美容室・ヘアサロンのブランディング・認知SNS画像（エディトリアル・雑誌風）","上級"
"BNR-08775","農業・地方の生産者のお知らせ・営業案内バナー（ナチュラル・オーガニック）","プロ（演出多め）"
"BNR-08776","金融・保険・投資の採用・求人バナー（ナチュラル・オーガニック）","上級"
"BNR-08777","ホテル・旅館のセール・割引告知バナー（ダーク・シネマティック）","上級"
"BNR-08778","ヨガ・ピラティスのお知らせ・営業案内バナー（パステル・ドリーミー）","プロ（演出多め）"
"BNR-08779","NPO・地方自治体の新商品・新サービス発売SNS画像（ダーク・シネマティック）","上級"
"BNR-08780","採用・求人のお客様の声・口コミSNS画像（ポップ・カラフル）","中級"
"BNR-08781","自動車・バイクのお客様の声・口コミサムネイル（ナチュラル・オーガニック）","プロ（演出多め）"
"BNR-08782","Web制作・デザイン事務所の資料請求・ホワイトペーパーバナー（ジオメトリック・グラフィカル）","上級"
"BNR-08783","農業・地方の生産者のお客様の声・口コミSNS画像（ナチュラル・オーガニック）","プロ（演出多め）"
"BNR-08784","自動車・バイクの資料請求・ホワイトペーパーSNS画像（クール・テック）","上級"
"BNR-08785","農業・地方の生産者の無料体験・無料相談バナー（クール・テック）","プロ（演出多め）"
"BNR-08786","英会話・語学の新商品・新サービス発売SNS画像（3D・クレイ）","プロ（演出多め）"
"BNR-08787","採用・求人の比較・ランキングSNS画像（エネルギッシュ・スポーティ）","上級"
"BNR-08788","占い・スピリチュアルの比較・ランキングSNS画像（パステル・ドリーミー）","プロ（演出多め）"
"BNR-08789","ウェディング・結婚相談所の比較・ランキングSNS画像（かわいい・ガーリー）","中級"
"BNR-08790","ホテル・旅館のキャンペーン・プレゼントSNS画像（ダーク・シネマティック）","上級"
"BNR-08791","保育園・幼児教育・習い事のイベント・セミナー告知SNS画像（ハンドメイド・手書き）","上級"
"BNR-08792","占い・スピリチュアルの新商品・新サービス発売SNS画像（パステル・ドリーミー）","中級"
"BNR-08793","占い・スピリチュアルのセール・割引告知SNS画像（ラグジュアリー・高級感）","上級"
"BNR-08794","YouTuber・インフルエンサーのキャンペーン・プレゼントSNS画像（ポップ・カラフル）","中級"
"BNR-08795","建築設計事務所の新商品・新サービス発売バナー（ミニマル・洗練）","上級"
"BNR-08796","SaaS・BtoBツールのお客様の声・口コミSNS画像（ナチュラル・オーガニック）","プロ（演出多め）"
"BNR-08797","AIサービス・スタートアップのお客様の声・口コミバナー（ミニマル・洗練）","プロ（演出多め）"
"BNR-08798","占い・スピリチュアルの無料体験・無料相談SNS画像（和モダン）","中級"
"BNR-08799","音楽・ライブ・イベントのイベント・セミナー告知バナー（レトロ・Y2K）","プロ（演出多め）"
"BNR-08800","エステ・脱毛サロンのキャンペーン・プレゼントバナー（パステル・ドリーミー）","プロ（演出多め）"
"BNR-08801","NPO・地方自治体のブランディング・認知バナー（信頼・誠実（コーポレート））","プロ（演出多め）"
"BNR-08802","引越し・生活サービスのハウツー・ノウハウ投稿バナー（ナチュラル・オーガニック）","上級"
"BNR-08803","エステ・脱毛サロンのキャンペーン・プレゼントバナー（かわいい・ガーリー）","プロ（演出多め）"
"BNR-08804","Web制作・デザイン事務所のキャンペーン・プレゼントSNS画像（ジオメトリック・グラフィカル）","中級"
"BNR-08805","レストラン・居酒屋のセール・割引告知バナー（ラグジュアリー・高級感）","上級"
"BNR-08806","カフェ・ベーカリーのキャンペーン・プレゼントSNS画像（北欧・ライフスタイル）","上級"
"BNR-08807","保育園・幼児教育・習い事のハウツー・ノウハウ投稿SNS画像（ポップ・カラフル）","プロ（演出多め）"
"BNR-08808","YouTuber・インフルエンサーの採用・求人SNS画像（ジオメトリック・グラフィカル）","プロ（演出多め）"
"BNR-08809","占い・スピリチュアルのお知らせ・営業案内SNS画像（和モダン）","上級"
"BNR-08810","スマホアプリの資料請求・ホワイトペーパーSNS画像（3D・クレイ）","プロ（演出多め）"
"BNR-08811","歯科医院のキャンペーン・プレゼントSNS画像（グラスモーフィズム）","上級"
"BNR-08812","食品・産直ECのブランディング・認知SNS画像（ハンドメイド・手書き）","プロ（演出多め）"
"BNR-08813","クラウドファンディング・新商品のセール・割引告知SNS画像（ダーク・シネマティック）","プロ（演出多め）"
"BNR-08814","士業（税理士・弁護士・行政書士）の診断・クイズサムネイル（ミニマル・洗練）","プロ（演出多め）"
"BNR-08815","保育園・幼児教育・習い事の無料体験・無料相談SNS画像（グラスモーフィズム）","プロ（演出多め）"
"BNR-08816","SaaS・BtoBツールの資料請求・ホワイトペーパーSNS画像（ミニマル・洗練）","上級"
"BNR-08817","ペット・トリミング・動物病院のお知らせ・営業案内バナー（かわいい・ガーリー）","プロ（演出多め）"
"BNR-08818","コスメ・スキンケアの診断・クイズSNS画像（かわいい・ガーリー）","上級"
"BNR-08819","クラウドファンディング・新商品の新商品・新サービス発売SNS画像（クール・テック）","プロ（演出多め）"
"BNR-08820","採用・求人のお知らせ・営業案内SNS画像（信頼・誠実（コーポレート））","プロ（演出多め）"
"BNR-08821","プログラミングスクールのセール・割引告知バナー（信頼・誠実（コーポレート））","中級"
"BNR-08822","美容室・ヘアサロンの資料請求・ホワイトペーパーSNS画像（ラグジュアリー・高級感）","上級"
"BNR-08823","コスメ・スキンケアの比較・ランキングSNS画像（ラグジュアリー・高級感）","上級"
"BNR-08824","スマホアプリのお客様の声・口コミバナー（信頼・誠実（コーポレート））","上級"
"BNR-08825","ヨガ・ピラティスのキャンペーン・プレゼントSNS画像（北欧・ライフスタイル）","プロ（演出多め）"
"BNR-08826","農業・地方の生産者の資料請求・ホワイトペーパーバナー（ニューブルータリズム）","プロ（演出多め）"
"BNR-08827","農業・地方の生産者のお客様の声・口コミSNS画像（和モダン）","プロ（演出多め）"
"BNR-08828","音楽・ライブ・イベントのセール・割引告知SNS画像（ニューブルータリズム）","上級"
"BNR-08829","食品・産直ECの診断・クイズSNS画像（ハンドメイド・手書き）","プロ（演出多め）"
"BNR-08830","歯科医院のハウツー・ノウハウ投稿バナー（信頼・誠実（コーポレート））","上級"
"BNR-08831","美容クリニックの新商品・新サービス発売SNS画像（レトロ・Y2K）","上級"
"BNR-08832","コスメ・スキンケアの無料体験・無料相談SNS画像（ナチュラル・オーガニック）","プロ（演出多め）"
"BNR-08833","歯科医院のキャンペーン・プレゼントバナー（ミニマル・洗練）","中級"
"BNR-08834","クラウドファンディング・新商品の新商品・新サービス発売バナー（ポップ・カラフル）","上級"
"BNR-08835","美容室・ヘアサロンの比較・ランキングバナー（ミニマル・洗練）","上級"
"BNR-08836","美容室・ヘアサロンの比較・ランキングSNS画像（エディトリアル・雑誌風）","上級"
"BNR-08837","英会話・語学のセール・割引告知バナー（ジオメトリック・グラフィカル）","上級"
"BNR-08838","プログラミングスクールのキャンペーン・プレゼントバナー（和モダン）","上級"
"BNR-08839","引越し・生活サービスのお客様の声・口コミSNS画像（信頼・誠実（コーポレート））","中級"
"BNR-08840","ホテル・旅館のお知らせ・営業案内SNS画像（ラグジュアリー・高級感）","上級"
"BNR-08841","コンサル・コーチングの採用・求人バナー（和モダン）","上級"
"BNR-08842","サウナ・温浴施設のブランディング・認知SNS画像（ニューブルータリズム）","上級"
"BNR-08843","ゲーム・eスポーツのキャンペーン・プレゼントバナー（ネオン・サイバー）","プロ（演出多め）"
"BNR-08844","クラウドファンディング・新商品のお客様の声・口コミSNS画像（クール・テック）","プロ（演出多め）"
"BNR-08845","スクール・オンライン講座のキャンペーン・プレゼントSNS画像（ナチュラル・オーガニック）","上級"
"BNR-08846","サウナ・温浴施設のビフォーアフター・実績SNS画像（レトロ・Y2K）","上級"
"BNR-08847","レストラン・居酒屋のハウツー・ノウハウ投稿SNS画像（ラグジュアリー・高級感）","プロ（演出多め）"
"BNR-08848","スクール・オンライン講座のセール・割引告知バナー（クール・テック）","プロ（演出多め）"
"BNR-08849","農業・地方の生産者のビフォーアフター・実績バナー（ナチュラル・オーガニック）","上級"
"BNR-08850","ゲーム・eスポーツのキャンペーン・プレゼントSNS画像（エネルギッシュ・スポーティ）","上級"
"BNR-08851","食品・産直ECの比較・ランキングバナー（ジオメトリック・グラフィカル）","プロ（演出多め）"
"BNR-08852","金融・保険・投資のお知らせ・営業案内バナー（北欧・ライフスタイル）","上級"
"BNR-08853","美容室・ヘアサロンのブランディング・認知バナー（北欧・ライフスタイル）","上級"
"BNR-08854","食品・産直ECのお客様の声・口コミバナー（ハンドメイド・手書き）","プロ（演出多め）"
"BNR-08855","Web制作・デザイン事務所のイベント・セミナー告知バナー（ダーク・シネマティック）","プロ（演出多め）"
"BNR-08856","ホテル・旅館のセール・割引告知SNS画像（ダーク・シネマティック）","プロ（演出多め）"
"BNR-08857","工務店・注文住宅・リフォームの診断・クイズサムネイル（北欧・ライフスタイル）","プロ（演出多め）"
"BNR-08858","サウナ・温浴施設の無料体験・無料相談SNS画像（ナチュラル・オーガニック）","プロ（演出多め）"
"BNR-08859","引越し・生活サービスのブランディング・認知バナー（ポップ・カラフル）","上級"
"BNR-08860","和菓子・スイーツのキャンペーン・プレゼントSNS画像（和モダン）","プロ（演出多め）"
"BNR-08861","占い・スピリチュアルの無料体験・無料相談SNS画像（ダーク・シネマティック）","プロ（演出多め）"
"BNR-08862","音楽・ライブ・イベントの資料請求・ホワイトペーパーバナー（ダーク・シネマティック）","上級"
"BNR-08863","採用・求人のブランディング・認知バナー（信頼・誠実（コーポレート））","プロ（演出多め）"
"BNR-08864","ペット・トリミング・動物病院のブランディング・認知SNS画像（かわいい・ガーリー）","プロ（演出多め）"
"BNR-08865","ペット・トリミング・動物病院のハウツー・ノウハウ投稿バナー（かわいい・ガーリー）","プロ（演出多め）"
"BNR-08866","和菓子・スイーツの比較・ランキングバナー（パステル・ドリーミー）","中級"
"BNR-08867","ホテル・旅館の新商品・新サービス発売SNS画像（ラグジュアリー・高級感）","プロ（演出多め）"
"BNR-08868","Web制作・デザイン事務所のお客様の声・口コミサムネイル（ネオン・サイバー）","上級"
"BNR-08869","建築設計事務所のハウツー・ノウハウ投稿SNS画像（ミニマル・洗練）","プロ（演出多め）"
"BNR-08870","採用・求人の採用・求人SNS画像（エディトリアル・雑誌風）","上級"
"BNR-08871","AIサービス・スタートアップの資料請求・ホワイトペーパーバナー（ミニマル・洗練）","上級"
"BNR-08872","引越し・生活サービスの新商品・新サービス発売SNS画像（ハンドメイド・手書き）","プロ（演出多め）"
"BNR-08873","歯科医院のハウツー・ノウハウ投稿SNS画像（ミニマル・洗練）","上級"
"BNR-08874","NPO・地方自治体のブランディング・認知SNS画像（ハンドメイド・手書き）","上級"
"BNR-08875","スマホアプリの比較・ランキングバナー（3D・クレイ）","プロ（演出多め）"
"BNR-08876","観光・地域プロモーションの比較・ランキングSNS画像（ミニマル・洗練）","中級"
"BNR-08877","コンサル・コーチングのブランディング・認知バナー（エディトリアル・雑誌風）","上級"
"BNR-08878","和菓子・スイーツのイベント・セミナー告知バナー（かわいい・ガーリー）","中級"
"BNR-08879","エステ・脱毛サロンの資料請求・ホワイトペーパーバナー（パステル・ドリーミー）","中級"
"BNR-08880","自動車・バイクのブランディング・認知バナー（クール・テック）","上級"
"BNR-08881","プログラミングスクールのブランディング・認知バナー（クール・テック）","中級"
"BNR-08882","工務店・注文住宅・リフォームの無料体験・無料相談SNS画像（ミニマル・洗練）","プロ（演出多め）"
"BNR-08883","プログラミングスクールのお知らせ・営業案内SNS画像（ポップ・カラフル）","プロ（演出多め）"
"BNR-08884","クラウドファンディング・新商品の採用・求人バナー（3D・クレイ）","中級"
"BNR-08885","金融・保険・投資のビフォーアフター・実績SNS画像（クール・テック）","プロ（演出多め）"
"BNR-08886","コスメ・スキンケアの資料請求・ホワイトペーパーバナー（ミニマル・洗練）","プロ（演出多め）"
"BNR-08887","士業（税理士・弁護士・行政書士）のお客様の声・口コミバナー（パステル・ドリーミー）","プロ（演出多め）"
"BNR-08888","引越し・生活サービスの無料体験・無料相談SNS画像（3D・クレイ）","上級"
"BNR-08889","占い・スピリチュアルのキャンペーン・プレゼントSNS画像（パステル・ドリーミー）","上級"
"BNR-08890","英会話・語学のブランディング・認知SNS画像（3D・クレイ）","上級"
"BNR-08891","NPO・地方自治体の比較・ランキングサムネイル（ネオン・サイバー）","プロ（演出多め）"
"BNR-08892","建築設計事務所の資料請求・ホワイトペーパーバナー（ジオメトリック・グラフィカル）","プロ（演出多め）"
"BNR-08893","ヨガ・ピラティスのキャンペーン・プレゼントSNS画像（ミニマル・洗練）","プロ（演出多め）"
"BNR-08894","建築設計事務所の無料体験・無料相談SNS画像（エディトリアル・雑誌風）","プロ（演出多め）"
"BNR-08895","エステ・脱毛サロンのハウツー・ノウハウ投稿SNS画像（かわいい・ガーリー）","中級"
"BNR-08896","不動産・マンションの比較・ランキングバナー（信頼・誠実（コーポレート））","プロ（演出多め）"
"BNR-08897","採用・求人のハウツー・ノウハウ投稿バナー（3D・クレイ）","プロ（演出多め）"
"BNR-08898","美容クリニックのお知らせ・営業案内バナー（ニューブルータリズム）","中級"
"BNR-08899","プログラミングスクールの診断・クイズSNS画像（ネオン・サイバー）","上級"
"BNR-08900","パーソナルジム・フィットネスのブランディング・認知バナー（ダーク・シネマティック）","プロ（演出多め）"
"BNR-08901","内科・クリニックの無料体験・無料相談SNS画像（ナチュラル・オーガニック）","中級"
"BNR-08902","歯科医院のセール・割引告知SNS画像（ミニマル・洗練）","プロ（演出多め）"
"BNR-08903","内科・クリニックの比較・ランキングSNS画像（グラスモーフィズム）","上級"
"BNR-08904","クラウドファンディング・新商品の比較・ランキングバナー（ナチュラル・オーガニック）","上級"
"BNR-08905","自動車・バイクの無料体験・無料相談バナー（エネルギッシュ・スポーティ）","中級"
"BNR-08906","カフェ・ベーカリーの採用・求人SNS画像（レトロ・Y2K）","上級"
"BNR-08907","和菓子・スイーツのお知らせ・営業案内SNS画像（かわいい・ガーリー）","上級"
"BNR-08908","不動産・マンションのお客様の声・口コミサムネイル（ミニマル・洗練）","プロ（演出多め）"
"BNR-08909","自動車・バイクのお客様の声・口コミSNS画像（和モダン）","プロ（演出多め）"
"BNR-08910","士業（税理士・弁護士・行政書士）のお客様の声・口コミSNS画像（ミニマル・洗練）","上級"
"BNR-08911","NPO・地方自治体の採用・求人SNS画像（ジオメトリック・グラフィカル）","プロ（演出多め）"
"BNR-08912","レストラン・居酒屋のハウツー・ノウハウ投稿SNS画像（ラグジュアリー・高級感）","上級"
"BNR-08913","保育園・幼児教育・習い事のお客様の声・口コミSNS画像（ナチュラル・オーガニック）","中級"
"BNR-08914","SaaS・BtoBツールの資料請求・ホワイトペーパーSNS画像（ミニマル・洗練）","中級"
"BNR-08915","ウェディング・結婚相談所のブランディング・認知SNS画像（ミニマル・洗練）","プロ（演出多め）"
"BNR-08916","食品・産直ECの資料請求・ホワイトペーパーバナー（ナチュラル・オーガニック）","上級"
"BNR-08917","サウナ・温浴施設の採用・求人SNS画像（レトロ・Y2K）","上級"
"BNR-08918","パーソナルジム・フィットネスのお客様の声・口コミSNS画像（エネルギッシュ・スポーティ）","上級"
"BNR-08919","カフェ・ベーカリーの診断・クイズバナー（北欧・ライフスタイル）","プロ（演出多め）"
"BNR-08920","採用・求人のイベント・セミナー告知バナー（ポップ・カラフル）","上級"
"BNR-08921","農業・地方の生産者の無料体験・無料相談SNS画像（和モダン）","上級"
"BNR-08922","音楽・ライブ・イベントのセール・割引告知バナー（ダーク・シネマティック）","プロ（演出多め）"
"BNR-08923","美容室・ヘアサロンのセール・割引告知SNS画像（かわいい・ガーリー）","中級"
"BNR-08924","ペット・トリミング・動物病院の無料体験・無料相談バナー（かわいい・ガーリー）","上級"
"BNR-08925","金融・保険・投資のビフォーアフター・実績SNS画像（クール・テック）","プロ（演出多め）"
"BNR-08926","スマホアプリの診断・クイズSNS画像（ダーク・シネマティック）","上級"
"BNR-08927","プログラミングスクールの新商品・新サービス発売バナー（3D・クレイ）","プロ（演出多め）"
"BNR-08928","クラウドファンディング・新商品の新商品・新サービス発売SNS画像（ナチュラル・オーガニック）","上級"
"BNR-08929","農業・地方の生産者の新商品・新サービス発売バナー（ハンドメイド・手書き）","プロ（演出多め）"
"BNR-08930","SaaS・BtoBツールの診断・クイズSNS画像（信頼・誠実（コーポレート））","プロ（演出多め）"
"BNR-08931","レストラン・居酒屋のお知らせ・営業案内バナー（レトロ・Y2K）","プロ（演出多め）"
"BNR-08932","建築設計事務所のお知らせ・営業案内バナー（ミニマル・洗練）","中級"
"BNR-08933","コンサル・コーチングのお客様の声・口コミSNS画像（ラグジュアリー・高級感）","プロ（演出多め）"
"BNR-08934","YouTuber・インフルエンサーのビフォーアフター・実績SNS画像（ポップ・カラフル）","プロ（演出多め）"
"BNR-08935","コンサル・コーチングのイベント・セミナー告知SNS画像（信頼・誠実（コーポレート））","上級"
"BNR-08936","占い・スピリチュアルのキャンペーン・プレゼントバナー（和モダン）","上級"
"BNR-08937","レストラン・居酒屋の資料請求・ホワイトペーパーSNS画像（レトロ・Y2K）","中級"
"BNR-08938","観光・地域プロモーションの資料請求・ホワイトペーパーSNS画像（ハンドメイド・手書き）","上級"
"BNR-08939","美容室・ヘアサロンのイベント・セミナー告知バナー（ネオン・サイバー）","プロ（演出多め）"
"BNR-08940","観光・地域プロモーションの資料請求・ホワイトペーパーバナー（グラスモーフィズム）","上級"
"BNR-08941","音楽・ライブ・イベントの新商品・新サービス発売SNS画像（ニューブルータリズム）","プロ（演出多め）"
"BNR-08942","Web制作・デザイン事務所のお知らせ・営業案内バナー（ジオメトリック・グラフィカル）","プロ（演出多め）"
"BNR-08943","美容室・ヘアサロンの採用・求人SNS画像（エディトリアル・雑誌風）","上級"
"BNR-08944","歯科医院の採用・求人バナー（エディトリアル・雑誌風）","プロ（演出多め）"
"BNR-08945","観光・地域プロモーションのお知らせ・営業案内SNS画像（ナチュラル・オーガニック）","中級"
"BNR-08946","工務店・注文住宅・リフォームの採用・求人バナー（かわいい・ガーリー）","プロ（演出多め）"
"BNR-08947","ウェディング・結婚相談所のブランディング・認知バナー（パステル・ドリーミー）","中級"
"BNR-08948","SaaS・BtoBツールのお知らせ・営業案内SNS画像（3D・クレイ）","プロ（演出多め）"
"BNR-08949","保育園・幼児教育・習い事の採用・求人SNS画像（ダーク・シネマティック）","プロ（演出多め）"
"BNR-08950","SaaS・BtoBツールの比較・ランキングSNS画像（3D・クレイ）","プロ（演出多め）"
"BNR-08951","スクール・オンライン講座のビフォーアフター・実績SNS画像（信頼・誠実（コーポレート））","中級"
"BNR-08952","YouTuber・インフルエンサーの無料体験・無料相談バナー（ネオン・サイバー）","上級"
"BNR-08953","ゲーム・eスポーツのハウツー・ノウハウ投稿バナー（レトロ・Y2K）","上級"
"BNR-08954","美容室・ヘアサロンのお客様の声・口コミバナー（グラスモーフィズム）","プロ（演出多め）"
"BNR-08955","美容クリニックのお知らせ・営業案内バナー（信頼・誠実（コーポレート））","プロ（演出多め）"
"BNR-08956","SaaS・BtoBツールの比較・ランキングSNS画像（3D・クレイ）","上級"
"BNR-08957","ゲーム・eスポーツの無料体験・無料相談SNS画像（エネルギッシュ・スポーティ）","プロ（演出多め）"
"BNR-08958","カフェ・ベーカリーの採用・求人SNS画像（エディトリアル・雑誌風）","中級"
"BNR-08959","アパレル・ファッションECの診断・クイズバナー（レトロ・Y2K）","上級"
"BNR-08960","農業・地方の生産者の比較・ランキングバナー（ナチュラル・オーガニック）","上級"
"BNR-08961","コスメ・スキンケアのイベント・セミナー告知バナー（ラグジュアリー・高級感）","中級"
"BNR-08962","Web制作・デザイン事務所のブランディング・認知バナー（エディトリアル・雑誌風）","上級"
"BNR-08963","占い・スピリチュアルの診断・クイズSNS画像（和モダン）","中級"
"BNR-08964","美容室・ヘアサロンの新商品・新サービス発売バナー（ミニマル・洗練）","中級"
"BNR-08965","食品・産直ECの診断・クイズSNS画像（ナチュラル・オーガニック）","プロ（演出多め）"
"BNR-08966","ゲーム・eスポーツの診断・クイズSNS画像（ネオン・サイバー）","中級"
"BNR-08967","クラウドファンディング・新商品のビフォーアフター・実績バナー（ポップ・カラフル）","プロ（演出多め）"
"BNR-08968","カフェ・ベーカリーのハウツー・ノウハウ投稿SNS画像（ハンドメイド・手書き）","上級"
"BNR-08969","保育園・幼児教育・習い事のセール・割引告知バナー（かわいい・ガーリー）","上級"
"BNR-08970","農業・地方の生産者のお客様の声・口コミバナー（ナチュラル・オーガニック）","上級"
"BNR-08971","サウナ・温浴施設の採用・求人SNS画像（和モダン）","上級"
"BNR-08972","Web制作・デザイン事務所の無料体験・無料相談バナー（ダーク・シネマティック）","中級"
"BNR-08973","士業（税理士・弁護士・行政書士）のブランディング・認知バナー（信頼・誠実（コーポレート））","上級"
"BNR-08974","スマホアプリの診断・クイズサムネイル（ポップ・カラフル）","中級"
"BNR-08975","スマホアプリの資料請求・ホワイトペーパーバナー（ポップ・カラフル）","上級"
"BNR-08976","SaaS・BtoBツールの比較・ランキングバナー（信頼・誠実（コーポレート））","プロ（演出多め）"
"BNR-08977","和菓子・スイーツのセール・割引告知SNS画像（かわいい・ガーリー）","上級"
"BNR-08978","観光・地域プロモーションのセール・割引告知バナー（ダーク・シネマティック）","プロ（演出多め）"
"BNR-08979","アパレル・ファッションECの診断・クイズSNS画像（ミニマル・洗練）","プロ（演出多め）"
"BNR-08980","工務店・注文住宅・リフォームの資料請求・ホワイトペーパーバナー（ミニマル・洗練）","上級"
"BNR-08981","食品・産直ECのお客様の声・口コミバナー（ハンドメイド・手書き）","上級"
"BNR-08982","カフェ・ベーカリーのイベント・セミナー告知SNS画像（ナチュラル・オーガニック）","中級"
"BNR-08983","音楽・ライブ・イベントの採用・求人バナー（ニューブルータリズム）","プロ（演出多め）"
"BNR-08984","コスメ・スキンケアの無料体験・無料相談バナー（パステル・ドリーミー）","プロ（演出多め）"
"BNR-08985","自動車・バイクの診断・クイズSNS画像（クール・テック）","プロ（演出多め）"
"BNR-08986","SaaS・BtoBツールのハウツー・ノウハウ投稿SNS画像（ミニマル・洗練）","上級"
"BNR-08987","食品・産直ECのお知らせ・営業案内バナー（ナチュラル・オーガニック）","上級"
"BNR-08988","保育園・幼児教育・習い事の比較・ランキングSNS画像（3D・クレイ）","プロ（演出多め）"
"BNR-08989","引越し・生活サービスのお客様の声・口コミバナー（ポップ・カラフル）","プロ（演出多め）"
"BNR-08990","英会話・語学のセール・割引告知SNS画像（ポップ・カラフル）","プロ（演出多め）"
"BNR-08991","YouTuber・インフルエンサーのブランディング・認知SNS画像（ネオン・サイバー）","上級"
"BNR-08992","士業（税理士・弁護士・行政書士）のビフォーアフター・実績バナー（和モダン）","中級"
"BNR-08993","内科・クリニックの診断・クイズバナー（信頼・誠実（コーポレート））","上級"
"BNR-08994","ゲーム・eスポーツの無料体験・無料相談SNS画像（レトロ・Y2K）","上級"
"BNR-08995","建築設計事務所のお知らせ・営業案内SNS画像（ポップ・カラフル）","上級"
"BNR-08996","ペット・トリミング・動物病院のお客様の声・口コミSNS画像（ハンドメイド・手書き）","上級"
"BNR-08997","金融・保険・投資のハウツー・ノウハウ投稿SNS画像（クール・テック）","上級"
"BNR-08998","スマホアプリの新商品・新サービス発売SNS画像（グラスモーフィズム）","上級"
"BNR-08999","保育園・幼児教育・習い事のお知らせ・営業案内バナー（ポップ・カラフル）","中級"
"BNR-09000","NPO・地方自治体のビフォーアフター・実績SNS画像（ハンドメイド・手書き）","中級"
"BNR-09001","YouTuber・インフルエンサーのハウツー・ノウハウ投稿SNS画像（かわいい・ガーリー）","上級"
"BNR-09002","スクール・オンライン講座のブランディング・認知バナー（ポップ・カラフル）","プロ（演出多め）"
"BNR-09003","SaaS・BtoBツールのイベント・セミナー告知SNS画像（クール・テック）","上級"
"BNR-09004","AIサービス・スタートアップのブランディング・認知SNS画像（ポップ・カラフル）","上級"
"BNR-09005","エステ・脱毛サロンの診断・クイズSNS画像（パステル・ドリーミー）","中級"
"BNR-09006","YouTuber・インフルエンサーのビフォーアフター・実績バナー（ネオン・サイバー）","プロ（演出多め）"
"BNR-09007","ペット・トリミング・動物病院のお客様の声・口コミバナー（ハンドメイド・手書き）","プロ（演出多め）"
"BNR-09008","サウナ・温浴施設のお知らせ・営業案内バナー（レトロ・Y2K）","中級"
"BNR-09009","プログラミングスクールのビフォーアフター・実績バナー（ネオン・サイバー）","上級"
"BNR-09010","食品・産直ECのイベント・セミナー告知SNS画像（ダーク・シネマティック）","上級"
"BNR-09011","スマホアプリのお客様の声・口コミバナー（ポップ・カラフル）","プロ（演出多め）"
"BNR-09012","不動産・マンションの無料体験・無料相談バナー（信頼・誠実（コーポレート））","プロ（演出多め）"
"BNR-09013","音楽・ライブ・イベントのお客様の声・口コミSNS画像（ネオン・サイバー）","プロ（演出多め）"
"BNR-09014","不動産・マンションのお知らせ・営業案内バナー（信頼・誠実（コーポレート））","プロ（演出多め）"
"BNR-09015","カフェ・ベーカリーのハウツー・ノウハウ投稿SNS画像（ナチュラル・オーガニック）","プロ（演出多め）"
"BNR-09016","内科・クリニックのブランディング・認知SNS画像（ナチュラル・オーガニック）","上級"
"BNR-09017","農業・地方の生産者のビフォーアフター・実績バナー（エディトリアル・雑誌風）","上級"
"BNR-09018","自動車・バイクのブランディング・認知バナー（ダーク・シネマティック）","上級"
"BNR-09019","コスメ・スキンケアの新商品・新サービス発売サムネイル（ナチュラル・オーガニック）","上級"
"BNR-09020","不動産・マンションの比較・ランキングSNS画像（ラグジュアリー・高級感）","上級"
"BNR-09021","美容クリニックのお客様の声・口コミSNS画像（信頼・誠実（コーポレート））","中級"
"BNR-09022","スマホアプリの無料体験・無料相談SNS画像（クール・テック）","中級"
"BNR-09023","観光・地域プロモーションの採用・求人バナー（ハンドメイド・手書き）","プロ（演出多め）"
"BNR-09024","採用・求人の新商品・新サービス発売バナー（北欧・ライフスタイル）","プロ（演出多め）"
"BNR-09025","SaaS・BtoBツールのお知らせ・営業案内バナー（信頼・誠実（コーポレート））","上級"
"BNR-09026","農業・地方の生産者のイベント・セミナー告知SNS画像（和モダン）","中級"
"BNR-09027","クラウドファンディング・新商品の採用・求人SNS画像（ナチュラル・オーガニック）","上級"
"BNR-09028","ペット・トリミング・動物病院のキャンペーン・プレゼントSNS画像（3D・クレイ）","上級"
"BNR-09029","ホテル・旅館の診断・クイズSNS画像（ダーク・シネマティック）","プロ（演出多め）"
"BNR-09030","農業・地方の生産者のビフォーアフター・実績バナー（ハンドメイド・手書き）","プロ（演出多め）"
"BNR-09031","コスメ・スキンケアのイベント・セミナー告知SNS画像（ラグジュアリー・高級感）","中級"
"BNR-09032","ゲーム・eスポーツの診断・クイズSNS画像（ナチュラル・オーガニック）","上級"
"BNR-09033","ペット・トリミング・動物病院のお知らせ・営業案内SNS画像（ダーク・シネマティック）","上級"
"BNR-09034","AIサービス・スタートアップの診断・クイズサムネイル（ミニマル・洗練）","プロ（演出多め）"
"BNR-09035","クラウドファンディング・新商品の比較・ランキングバナー（ダーク・シネマティック）","上級"
"BNR-09036","金融・保険・投資のビフォーアフター・実績SNS画像（ミニマル・洗練）","プロ（演出多め）"
"BNR-09037","ゲーム・eスポーツの比較・ランキングSNS画像（ジオメトリック・グラフィカル）","プロ（演出多め）"
"BNR-09038","美容クリニックのイベント・セミナー告知バナー（ダーク・シネマティック）","プロ（演出多め）"
"BNR-09039","ペット・トリミング・動物病院の新商品・新サービス発売SNS画像（ナチュラル・オーガニック）","上級"
"BNR-09040","金融・保険・投資の比較・ランキングバナー（信頼・誠実（コーポレート））","プロ（演出多め）"
"BNR-09041","採用・求人のビフォーアフター・実績SNS画像（ニューブルータリズム）","中級"
"BNR-09042","農業・地方の生産者のお客様の声・口コミSNS画像（ハンドメイド・手書き）","プロ（演出多め）"
"BNR-09043","コスメ・スキンケアの診断・クイズバナー（ミニマル・洗練）","上級"
"BNR-09044","英会話・語学の資料請求・ホワイトペーパーSNS画像（3D・クレイ）","プロ（演出多め）"
"BNR-09045","アパレル・ファッションECの採用・求人SNS画像（レトロ・Y2K）","プロ（演出多め）"
"BNR-09046","コスメ・スキンケアのキャンペーン・プレゼントSNS画像（グラスモーフィズム）","プロ（演出多め）"
"BNR-09047","スクール・オンライン講座のハウツー・ノウハウ投稿SNS画像（信頼・誠実（コーポレート））","上級"
"BNR-09048","ヨガ・ピラティスのハウツー・ノウハウ投稿サムネイル（パステル・ドリーミー）","上級"
"BNR-09049","美容クリニックの新商品・新サービス発売バナー（信頼・誠実（コーポレート））","上級"
"BNR-09050","自動車・バイクの診断・クイズSNS画像（エネルギッシュ・スポーティ）","プロ（演出多め）"
"BNR-09051","食品・産直ECのセール・割引告知SNS画像（ポップ・カラフル）","プロ（演出多め）"
"BNR-09052","金融・保険・投資のビフォーアフター・実績SNS画像（ミニマル・洗練）","プロ（演出多め）"
"BNR-09053","AIサービス・スタートアップの資料請求・ホワイトペーパーバナー（ネオン・サイバー）","プロ（演出多め）"
"BNR-09054","YouTuber・インフルエンサーのブランディング・認知SNS画像（ネオン・サイバー）","上級"
"BNR-09055","自動車・バイクの新商品・新サービス発売バナー（ダーク・シネマティック）","プロ（演出多め）"
"BNR-09056","スクール・オンライン講座のセール・割引告知SNS画像（3D・クレイ）","上級"
"BNR-09057","食品・産直ECのお客様の声・口コミSNS画像（ナチュラル・オーガニック）","プロ（演出多め）"
"BNR-09058","Web制作・デザイン事務所の新商品・新サービス発売SNS画像（クール・テック）","上級"
"BNR-09059","ゲーム・eスポーツのブランディング・認知バナー（エネルギッシュ・スポーティ）","プロ（演出多め）"
"BNR-09060","引越し・生活サービスのお客様の声・口コミSNS画像（3D・クレイ）","プロ（演出多め）"
"BNR-09061","金融・保険・投資のキャンペーン・プレゼントバナー（クール・テック）","上級"
"BNR-09062","ヨガ・ピラティスの採用・求人バナー（ミニマル・洗練）","プロ（演出多め）"
"BNR-09063","コンサル・コーチングの診断・クイズSNS画像（信頼・誠実（コーポレート））","プロ（演出多め）"
"BNR-09064","スクール・オンライン講座の採用・求人バナー（3D・クレイ）","上級"
"BNR-09065","AIサービス・スタートアップの新商品・新サービス発売SNS画像（かわいい・ガーリー）","上級"
"BNR-09066","音楽・ライブ・イベントのビフォーアフター・実績バナー（ダーク・シネマティック）","上級"
"BNR-09067","NPO・地方自治体のイベント・セミナー告知SNS画像（レトロ・Y2K）","上級"
"BNR-09068","士業（税理士・弁護士・行政書士）のビフォーアフター・実績バナー（グラスモーフィズム）","中級"
"BNR-09069","英会話・語学の診断・クイズバナー（ジオメトリック・グラフィカル）","プロ（演出多め）"
"BNR-09070","コンサル・コーチングの資料請求・ホワイトペーパーSNS画像（ラグジュアリー・高級感）","プロ（演出多め）"
"BNR-09071","歯科医院の比較・ランキングサムネイル（信頼・誠実（コーポレート））","上級"
"BNR-09072","SaaS・BtoBツールの新商品・新サービス発売サムネイル（グラスモーフィズム）","上級"
"BNR-09073","スマホアプリのビフォーアフター・実績サムネイル（グラスモーフィズム）","上級"
"BNR-09074","金融・保険・投資の資料請求・ホワイトペーパーSNS画像（ミニマル・洗練）","プロ（演出多め）"
"BNR-09075","スクール・オンライン講座のブランディング・認知SNS画像（信頼・誠実（コーポレート））","プロ（演出多め）"
"BNR-09076","ウェディング・結婚相談所の新商品・新サービス発売サムネイル（ミニマル・洗練）","プロ（演出多め）"
"BNR-09077","音楽・ライブ・イベントの採用・求人SNS画像（ネオン・サイバー）","プロ（演出多め）"
"BNR-09078","引越し・生活サービスのお客様の声・口コミバナー（ポップ・カラフル）","中級"
"BNR-09079","サウナ・温浴施設の採用・求人SNS画像（和モダン）","プロ（演出多め）"
"BNR-09080","プログラミングスクールの無料体験・無料相談SNS画像（3D・クレイ）","中級"
"BNR-09081","英会話・語学のハウツー・ノウハウ投稿バナー（信頼・誠実（コーポレート））","中級"
"BNR-09082","不動産・マンションのブランディング・認知バナー（ラグジュアリー・高級感）","上級"
"BNR-09083","観光・地域プロモーションの比較・ランキングバナー（ダーク・シネマティック）","中級"
"BNR-09084","内科・クリニックの比較・ランキングSNS画像（信頼・誠実（コーポレート））","プロ（演出多め）"
"BNR-09085","ヨガ・ピラティスの診断・クイズバナー（ハンドメイド・手書き）","プロ（演出多め）"
"BNR-09086","SaaS・BtoBツールのセール・割引告知バナー（北欧・ライフスタイル）","プロ（演出多め）"
"BNR-09087","保育園・幼児教育・習い事の診断・クイズSNS画像（ナチュラル・オーガニック）","プロ（演出多め）"
"BNR-09088","建築設計事務所の新商品・新サービス発売SNS画像（エディトリアル・雑誌風）","上級"
"BNR-09089","NPO・地方自治体のお知らせ・営業案内SNS画像（信頼・誠実（コーポレート））","上級"
"BNR-09090","アパレル・ファッションECの採用・求人SNS画像（レトロ・Y2K）","プロ（演出多め）"
"BNR-09091","NPO・地方自治体のキャンペーン・プレゼントSNS画像（ハンドメイド・手書き）","上級"
"BNR-09092","美容室・ヘアサロンのセール・割引告知バナー（エディトリアル・雑誌風）","上級"
"BNR-09093","引越し・生活サービスのセール・割引告知バナー（ポップ・カラフル）","上級"
"BNR-09094","保育園・幼児教育・習い事のイベント・セミナー告知SNS画像（3D・クレイ）","上級"
"BNR-09095","スクール・オンライン講座のビフォーアフター・実績バナー（3D・クレイ）","プロ（演出多め）"
"BNR-09096","NPO・地方自治体のお知らせ・営業案内SNS画像（ハンドメイド・手書き）","上級"
"BNR-09097","プログラミングスクールのお知らせ・営業案内SNS画像（3D・クレイ）","プロ（演出多め）"
"BNR-09098","クラウドファンディング・新商品のお知らせ・営業案内SNS画像（ナチュラル・オーガニック）","プロ（演出多め）"
"BNR-09099","エステ・脱毛サロンのお知らせ・営業案内バナー（かわいい・ガーリー）","プロ（演出多め）"
"BNR-09100","不動産・マンションの新商品・新サービス発売SNS画像（ダーク・シネマティック）","プロ（演出多め）"
"BNR-09101","歯科医院のビフォーアフター・実績バナー（エディトリアル・雑誌風）","中級"
"BNR-09102","食品・産直ECのハウツー・ノウハウ投稿サムネイル（ハンドメイド・手書き）","プロ（演出多め）"
"BNR-09103","士業（税理士・弁護士・行政書士）のブランディング・認知SNS画像（和モダン）","中級"
"BNR-09104","士業（税理士・弁護士・行政書士）のキャンペーン・プレゼントSNS画像（和モダン）","中級"
"BNR-09105","コスメ・スキンケアの無料体験・無料相談バナー（和モダン）","プロ（演出多め）"
"BNR-09106","YouTuber・インフルエンサーのビフォーアフター・実績SNS画像（ネオン・サイバー）","プロ（演出多め）"
"BNR-09107","美容クリニックのハウツー・ノウハウ投稿バナー（かわいい・ガーリー）","上級"
"BNR-09108","観光・地域プロモーションの採用・求人バナー（ナチュラル・オーガニック）","プロ（演出多め）"
"BNR-09109","英会話・語学のブランディング・認知SNS画像（ジオメトリック・グラフィカル）","上級"
"BNR-09110","和菓子・スイーツの比較・ランキングサムネイル（和モダン）","上級"
"BNR-09111","Web制作・デザイン事務所の資料請求・ホワイトペーパーバナー（エディトリアル・雑誌風）","上級"
"BNR-09112","食品・産直ECの比較・ランキングバナー（和モダン）","プロ（演出多め）"
"BNR-09113","不動産・マンションのお知らせ・営業案内SNS画像（ダーク・シネマティック）","上級"
"BNR-09114","建築設計事務所のビフォーアフター・実績SNS画像（ミニマル・洗練）","プロ（演出多め）"
"BNR-09115","ホテル・旅館の採用・求人バナー（和モダン）","プロ（演出多め）"
"BNR-09116","ウェディング・結婚相談所の比較・ランキングバナー（パステル・ドリーミー）","上級"
"BNR-09117","金融・保険・投資のブランディング・認知SNS画像（信頼・誠実（コーポレート））","上級"
"BNR-09118","NPO・地方自治体のブランディング・認知SNS画像（信頼・誠実（コーポレート））","上級"
"BNR-09119","YouTuber・インフルエンサーの資料請求・ホワイトペーパーバナー（かわいい・ガーリー）","プロ（演出多め）"
"BNR-09120","ゲーム・eスポーツのビフォーアフター・実績SNS画像（エネルギッシュ・スポーティ）","プロ（演出多め）"
"BNR-09121","カフェ・ベーカリーの新商品・新サービス発売SNS画像（北欧・ライフスタイル）","プロ（演出多め）"
"BNR-09122","YouTuber・インフルエンサーのビフォーアフター・実績SNS画像（かわいい・ガーリー）","プロ（演出多め）"
"BNR-09123","自動車・バイクのセール・割引告知SNS画像（クール・テック）","プロ（演出多め）"
"BNR-09124","スクール・オンライン講座の採用・求人SNS画像（ポップ・カラフル）","プロ（演出多め）"
"BNR-09125","クラウドファンディング・新商品の比較・ランキングSNS画像（ポップ・カラフル）","中級"
"BNR-09126","YouTuber・インフルエンサーのハウツー・ノウハウ投稿バナー（ニューブルータリズム）","上級"
"BNR-09127","スマホアプリの採用・求人SNS画像（ポップ・カラフル）","上級"
"BNR-09128","NPO・地方自治体の診断・クイズバナー（信頼・誠実（コーポレート））","上級"
"BNR-09129","ペット・トリミング・動物病院のセール・割引告知SNS画像（ナチュラル・オーガニック）","プロ（演出多め）"
"BNR-09130","不動産・マンションの資料請求・ホワイトペーパーバナー（ラグジュアリー・高級感）","中級"
"BNR-09131","美容室・ヘアサロンのブランディング・認知バナー（エディトリアル・雑誌風）","プロ（演出多め）"
"BNR-09132","士業（税理士・弁護士・行政書士）の診断・クイズSNS画像（信頼・誠実（コーポレート））","プロ（演出多め）"
"BNR-09133","ゲーム・eスポーツの無料体験・無料相談バナー（ネオン・サイバー）","中級"
"BNR-09134","不動産・マンションのビフォーアフター・実績サムネイル（ミニマル・洗練）","中級"
"BNR-09135","占い・スピリチュアルの診断・クイズSNS画像（ダーク・シネマティック）","上級"
"BNR-09136","歯科医院のイベント・セミナー告知SNS画像（ミニマル・洗練）","プロ（演出多め）"
"BNR-09137","クラウドファンディング・新商品の新商品・新サービス発売バナー（クール・テック）","上級"
"BNR-09138","アパレル・ファッションECの採用・求人SNS画像（エディトリアル・雑誌風）","中級"
"BNR-09139","エステ・脱毛サロンのキャンペーン・プレゼントSNS画像（かわいい・ガーリー）","上級"
"BNR-09140","コスメ・スキンケアのお客様の声・口コミSNS画像（ナチュラル・オーガニック）","上級"
"BNR-09141","採用・求人の無料体験・無料相談バナー（エディトリアル・雑誌風）","プロ（演出多め）"
"BNR-09142","占い・スピリチュアルの採用・求人バナー（ラグジュアリー・高級感）","プロ（演出多め）"
"BNR-09143","ヨガ・ピラティスのキャンペーン・プレゼントSNS画像（ナチュラル・オーガニック）","中級"
"BNR-09144","音楽・ライブ・イベントのビフォーアフター・実績バナー（パステル・ドリーミー）","上級"
"BNR-09145","スマホアプリの診断・クイズサムネイル（和モダン）","上級"
"BNR-09146","スクール・オンライン講座の資料請求・ホワイトペーパーSNS画像（クール・テック）","プロ（演出多め）"
"BNR-09147","美容室・ヘアサロンの採用・求人SNS画像（ラグジュアリー・高級感）","上級"
"BNR-09148","AIサービス・スタートアップのハウツー・ノウハウ投稿SNS画像（3D・クレイ）","上級"
"BNR-09149","SaaS・BtoBツールのビフォーアフター・実績SNS画像（グラスモーフィズム）","プロ（演出多め）"
"BNR-09150","アパレル・ファッションECのキャンペーン・プレゼントSNS画像（レトロ・Y2K）","中級"
"BNR-09151","ペット・トリミング・動物病院のブランディング・認知SNS画像（ハンドメイド・手書き）","プロ（演出多め）"
"BNR-09152","コスメ・スキンケアのハウツー・ノウハウ投稿バナー（ハンドメイド・手書き）","上級"
"BNR-09153","レストラン・居酒屋のイベント・セミナー告知バナー（和モダン）","上級"
"BNR-09154","引越し・生活サービスのセール・割引告知バナー（3D・クレイ）","プロ（演出多め）"
"BNR-09155","内科・クリニックのイベント・セミナー告知バナー（信頼・誠実（コーポレート））","上級"
"BNR-09156","エステ・脱毛サロンの採用・求人バナー（パステル・ドリーミー）","上級"
"BNR-09157","コスメ・スキンケアの比較・ランキングバナー（ミニマル・洗練）","上級"
"BNR-09158","美容クリニックのイベント・セミナー告知SNS画像（ラグジュアリー・高級感）","中級"
"BNR-09159","美容室・ヘアサロンのイベント・セミナー告知バナー（ラグジュアリー・高級感）","プロ（演出多め）"
"BNR-09160","美容クリニックのセール・割引告知バナー（信頼・誠実（コーポレート））","プロ（演出多め）"
"BNR-09161","美容クリニックのイベント・セミナー告知SNS画像（ミニマル・洗練）","プロ（演出多め）"
"BNR-09162","コスメ・スキンケアの資料請求・ホワイトペーパーバナー（ラグジュアリー・高級感）","上級"
"BNR-09163","ヨガ・ピラティスの新商品・新サービス発売SNS画像（ナチュラル・オーガニック）","プロ（演出多め）"
"BNR-09164","パーソナルジム・フィットネスのお客様の声・口コミバナー（エネルギッシュ・スポーティ）","上級"
"BNR-09165","コンサル・コーチングのお客様の声・口コミSNS画像（エディトリアル・雑誌風）","中級"
"BNR-09166","YouTuber・インフルエンサーの診断・クイズSNS画像（エディトリアル・雑誌風）","プロ（演出多め）"
"BNR-09167","歯科医院のキャンペーン・プレゼントSNS画像（ナチュラル・オーガニック）","上級"
"BNR-09168","自動車・バイクの資料請求・ホワイトペーパーバナー（パステル・ドリーミー）","プロ（演出多め）"
"BNR-09169","エステ・脱毛サロンのセール・割引告知バナー（ミニマル・洗練）","プロ（演出多め）"
"BNR-09170","ペット・トリミング・動物病院のブランディング・認知バナー（3D・クレイ）","プロ（演出多め）"
"BNR-09171","レストラン・居酒屋のお知らせ・営業案内SNS画像（ラグジュアリー・高級感）","上級"
"BNR-09172","ゲーム・eスポーツのキャンペーン・プレゼントSNS画像（レトロ・Y2K）","プロ（演出多め）"
"BNR-09173","クラウドファンディング・新商品のハウツー・ノウハウ投稿SNS画像（ナチュラル・オーガニック）","プロ（演出多め）"
"BNR-09174","スクール・オンライン講座のセール・割引告知SNS画像（ポップ・カラフル）","プロ（演出多め）"
"BNR-09175","Web制作・デザイン事務所の資料請求・ホワイトペーパーSNS画像（ニューブルータリズム）","上級"
"BNR-09176","ゲーム・eスポーツの診断・クイズサムネイル（ダーク・シネマティック）","中級"
"BNR-09177","美容クリニックの無料体験・無料相談SNS画像（ミニマル・洗練）","上級"
"BNR-09178","NPO・地方自治体のセール・割引告知SNS画像（ジオメトリック・グラフィカル）","上級"
"BNR-09179","Web制作・デザイン事務所のイベント・セミナー告知バナー（ジオメトリック・グラフィカル）","上級"
"BNR-09180","ヨガ・ピラティスのビフォーアフター・実績バナー（パステル・ドリーミー）","プロ（演出多め）"
"BNR-09181","ゲーム・eスポーツの無料体験・無料相談SNS画像（エネルギッシュ・スポーティ）","プロ（演出多め）"
"BNR-09182","パーソナルジム・フィットネスの資料請求・ホワイトペーパーSNS画像（クール・テック）","上級"
"BNR-09183","カフェ・ベーカリーのブランディング・認知バナー（エディトリアル・雑誌風）","プロ（演出多め）"
"BNR-09184","カフェ・ベーカリーのハウツー・ノウハウ投稿バナー（ハンドメイド・手書き）","上級"
"BNR-09185","アパレル・ファッションECの新商品・新サービス発売SNS画像（ニューブルータリズム）","プロ（演出多め）"
"BNR-09186","SaaS・BtoBツールの比較・ランキングバナー（信頼・誠実（コーポレート））","プロ（演出多め）"
"BNR-09187","スマホアプリの採用・求人SNS画像（クール・テック）","上級"
"BNR-09188","コスメ・スキンケアのセール・割引告知SNS画像（パステル・ドリーミー）","プロ（演出多め）"
"BNR-09189","AIサービス・スタートアップのビフォーアフター・実績バナー（ネオン・サイバー）","上級"
"BNR-09190","コンサル・コーチングのブランディング・認知バナー（エディトリアル・雑誌風）","中級"
"BNR-09191","歯科医院の無料体験・無料相談バナー（信頼・誠実（コーポレート））","プロ（演出多め）"
"BNR-09192","美容クリニックのお客様の声・口コミバナー（グラスモーフィズム）","プロ（演出多め）"
"BNR-09193","美容室・ヘアサロンの新商品・新サービス発売バナー（北欧・ライフスタイル）","プロ（演出多め）"
"BNR-09194","NPO・地方自治体の採用・求人バナー（信頼・誠実（コーポレート））","プロ（演出多め）"
"BNR-09195","コンサル・コーチングのビフォーアフター・実績バナー（信頼・誠実（コーポレート））","プロ（演出多め）"
"BNR-09196","ヨガ・ピラティスのお客様の声・口コミバナー（エディトリアル・雑誌風）","中級"
"BNR-09197","士業（税理士・弁護士・行政書士）の資料請求・ホワイトペーパーSNS画像（ミニマル・洗練）","上級"
"BNR-09198","AIサービス・スタートアップのハウツー・ノウハウ投稿バナー（グラスモーフィズム）","上級"
"BNR-09199","スマホアプリのイベント・セミナー告知SNS画像（エディトリアル・雑誌風）","プロ（演出多め）"
"BNR-09200","AIサービス・スタートアップのキャンペーン・プレゼントSNS画像（クール・テック）","プロ（演出多め）"
"BNR-09201","保育園・幼児教育・習い事の新商品・新サービス発売SNS画像（ネオン・サイバー）","プロ（演出多め）"
"BNR-09202","工務店・注文住宅・リフォームのブランディング・認知バナー（ミニマル・洗練）","上級"
"BNR-09203","英会話・語学の新商品・新サービス発売バナー（3D・クレイ）","プロ（演出多め）"
"BNR-09204","パーソナルジム・フィットネスのセール・割引告知バナー（クール・テック）","上級"
"BNR-09205","ホテル・旅館の資料請求・ホワイトペーパーSNS画像（かわいい・ガーリー）","上級"
"BNR-09206","金融・保険・投資のキャンペーン・プレゼントSNS画像（ミニマル・洗練）","プロ（演出多め）"
"BNR-09207","コンサル・コーチングのブランディング・認知バナー（信頼・誠実（コーポレート））","上級"
"BNR-09208","プログラミングスクールのキャンペーン・プレゼントバナー（3D・クレイ）","プロ（演出多め）"
"BNR-09209","Web制作・デザイン事務所のブランディング・認知SNS画像（ダーク・シネマティック）","プロ（演出多め）"
"BNR-09210","YouTuber・インフルエンサーのイベント・セミナー告知SNS画像（パステル・ドリーミー）","上級"
"BNR-09211","コスメ・スキンケアのセール・割引告知SNS画像（ミニマル・洗練）","上級"
"BNR-09212","美容室・ヘアサロンの診断・クイズバナー（クール・テック）","上級"
"BNR-09213","アパレル・ファッションECの採用・求人SNS画像（ミニマル・洗練）","プロ（演出多め）"
"BNR-09214","引越し・生活サービスのキャンペーン・プレゼントバナー（信頼・誠実（コーポレート））","プロ（演出多め）"
"BNR-09215","英会話・語学のお知らせ・営業案内SNS画像（3D・クレイ）","中級"
"BNR-09216","ヨガ・ピラティスの診断・クイズバナー（パステル・ドリーミー）","上級"
"BNR-09217","保育園・幼児教育・習い事のお客様の声・口コミバナー（ニューブルータリズム）","上級"
"BNR-09218","Web制作・デザイン事務所の新商品・新サービス発売バナー（エディトリアル・雑誌風）","プロ（演出多め）"
"BNR-09219","占い・スピリチュアルの無料体験・無料相談SNS画像（和モダン）","プロ（演出多め）"
"BNR-09220","スクール・オンライン講座のセール・割引告知バナー（3D・クレイ）","上級"
"BNR-09221","スクール・オンライン講座のお知らせ・営業案内バナー（3D・クレイ）","プロ（演出多め）"
"BNR-09222","食品・産直ECのお客様の声・口コミSNS画像（和モダン）","上級"
"BNR-09223","金融・保険・投資の資料請求・ホワイトペーパーバナー（クール・テック）","プロ（演出多め）"
"BNR-09224","食品・産直ECの新商品・新サービス発売SNS画像（ナチュラル・オーガニック）","上級"
"BNR-09225","エステ・脱毛サロンのお客様の声・口コミSNS画像（ダーク・シネマティック）","上級"
"BNR-09226","Web制作・デザイン事務所のキャンペーン・プレゼントバナー（ダーク・シネマティック）","プロ（演出多め）"
"BNR-09227","士業（税理士・弁護士・行政書士）のブランディング・認知SNS画像（ミニマル・洗練）","中級"
"BNR-09228","コスメ・スキンケアのブランディング・認知バナー（ニューブルータリズム）","プロ（演出多め）"
"BNR-09229","保育園・幼児教育・習い事の無料体験・無料相談SNS画像（グラスモーフィズム）","上級"
"BNR-09230","和菓子・スイーツのイベント・セミナー告知SNS画像（かわいい・ガーリー）","上級"
"BNR-09231","食品・産直ECのキャンペーン・プレゼントSNS画像（和モダン）","プロ（演出多め）"
"BNR-09232","英会話・語学の診断・クイズバナー（ポップ・カラフル）","プロ（演出多め）"
"BNR-09233","パーソナルジム・フィットネスのビフォーアフター・実績サムネイル（ダーク・シネマティック）","プロ（演出多め）"
"BNR-09234","プログラミングスクールのハウツー・ノウハウ投稿バナー（3D・クレイ）","プロ（演出多め）"
"BNR-09235","自動車・バイクのハウツー・ノウハウ投稿バナー（ダーク・シネマティック）","中級"
"BNR-09236","ペット・トリミング・動物病院の採用・求人SNS画像（3D・クレイ）","上級"
"BNR-09237","YouTuber・インフルエンサーのお客様の声・口コミサムネイル（ポップ・カラフル）","プロ（演出多め）"
"BNR-09238","士業（税理士・弁護士・行政書士）のハウツー・ノウハウ投稿サムネイル（和モダン）","プロ（演出多め）"
"BNR-09239","不動産・マンションの新商品・新サービス発売バナー（ミニマル・洗練）","中級"
"BNR-09240","スマホアプリのイベント・セミナー告知バナー（3D・クレイ）","中級"
"BNR-09241","YouTuber・インフルエンサーのお客様の声・口コミSNS画像（ネオン・サイバー）","プロ（演出多め）"
"BNR-09242","歯科医院の新商品・新サービス発売SNS画像（ナチュラル・オーガニック）","上級"
"BNR-09243","音楽・ライブ・イベントの採用・求人バナー（レトロ・Y2K）","プロ（演出多め）"
"BNR-09244","内科・クリニックのビフォーアフター・実績バナー（信頼・誠実（コーポレート））","プロ（演出多め）"
"BNR-09245","ホテル・旅館のセール・割引告知SNS画像（ラグジュアリー・高級感）","上級"
"BNR-09246","建築設計事務所のお客様の声・口コミバナー（ニューブルータリズム）","中級"
"BNR-09247","AIサービス・スタートアップの比較・ランキングSNS画像（ネオン・サイバー）","プロ（演出多め）"
"BNR-09248","スマホアプリのキャンペーン・プレゼントSNS画像（クール・テック）","プロ（演出多め）"
"BNR-09249","スクール・オンライン講座のセール・割引告知SNS画像（信頼・誠実（コーポレート））","プロ（演出多め）"
"BNR-09250","ヨガ・ピラティスのセール・割引告知SNS画像（北欧・ライフスタイル）","プロ（演出多め）"
"BNR-09251","自動車・バイクのビフォーアフター・実績SNS画像（ラグジュアリー・高級感）","上級"
"BNR-09252","ペット・トリミング・動物病院のイベント・セミナー告知SNS画像（ナチュラル・オーガニック）","上級"
"BNR-09253","採用・求人のイベント・セミナー告知SNS画像（エディトリアル・雑誌風）","上級"
"BNR-09254","ゲーム・eスポーツの新商品・新サービス発売バナー（グラスモーフィズム）","上級"
"BNR-09255","美容クリニックの無料体験・無料相談SNS画像（信頼・誠実（コーポレート））","上級"
"BNR-09256","クラウドファンディング・新商品の資料請求・ホワイトペーパーSNS画像（クール・テック）","上級"
"BNR-09257","自動車・バイクの無料体験・無料相談SNS画像（エネルギッシュ・スポーティ）","プロ（演出多め）"
"BNR-09258","工務店・注文住宅・リフォームの資料請求・ホワイトペーパーSNS画像（ナチュラル・オーガニック）","プロ（演出多め）"
"BNR-09259","建築設計事務所のビフォーアフター・実績SNS画像（エディトリアル・雑誌風）","プロ（演出多め）"
"BNR-09260","観光・地域プロモーションのお知らせ・営業案内SNS画像（和モダン）","プロ（演出多め）"
"BNR-09261","食品・産直ECのイベント・セミナー告知バナー（和モダン）","中級"
"BNR-09262","歯科医院の診断・クイズSNS画像（ハンドメイド・手書き）","プロ（演出多め）"
"BNR-09263","内科・クリニックの新商品・新サービス発売SNS画像（信頼・誠実（コーポレート））","プロ（演出多め）"
"BNR-09264","ゲーム・eスポーツの比較・ランキングサムネイル（ダーク・シネマティック）","プロ（演出多め）"
"BNR-09265","和菓子・スイーツの比較・ランキングSNS画像（ナチュラル・オーガニック）","中級"
"BNR-09266","美容室・ヘアサロンの診断・クイズSNS画像（ミニマル・洗練）","上級"
"BNR-09267","Web制作・デザイン事務所のビフォーアフター・実績SNS画像（ダーク・シネマティック）","中級"
"BNR-09268","エステ・脱毛サロンの比較・ランキングサムネイル（かわいい・ガーリー）","プロ（演出多め）"
"BNR-09269","保育園・幼児教育・習い事のハウツー・ノウハウ投稿SNS画像（かわいい・ガーリー）","上級"
"BNR-09270","アパレル・ファッションECのイベント・セミナー告知バナー（ミニマル・洗練）","中級"
"BNR-09271","ヨガ・ピラティスの比較・ランキングバナー（ナチュラル・オーガニック）","プロ（演出多め）"
"BNR-09272","工務店・注文住宅・リフォームのブランディング・認知SNS画像（北欧・ライフスタイル）","中級"
"BNR-09273","内科・クリニックのキャンペーン・プレゼントSNS画像（北欧・ライフスタイル）","上級"
"BNR-09274","YouTuber・インフルエンサーの比較・ランキングSNS画像（ポップ・カラフル）","プロ（演出多め）"
"BNR-09275","不動産・マンションのブランディング・認知バナー（ミニマル・洗練）","プロ（演出多め）"
"BNR-09276","食品・産直ECの資料請求・ホワイトペーパーSNS画像（和モダン）","プロ（演出多め）"
"BNR-09277","Web制作・デザイン事務所の資料請求・ホワイトペーパーバナー（ジオメトリック・グラフィカル）","プロ（演出多め）"
"BNR-09278","引越し・生活サービスのセール・割引告知バナー（ポップ・カラフル）","プロ（演出多め）"
"BNR-09279","クラウドファンディング・新商品の新商品・新サービス発売バナー（クール・テック）","中級"
"BNR-09280","スクール・オンライン講座の比較・ランキングSNS画像（3D・クレイ）","上級"
"BNR-09281","農業・地方の生産者のビフォーアフター・実績SNS画像（ラグジュアリー・高級感）","上級"
"BNR-09282","NPO・地方自治体のイベント・セミナー告知バナー（ナチュラル・オーガニック）","上級"
"BNR-09283","ゲーム・eスポーツのお客様の声・口コミSNS画像（ダーク・シネマティック）","上級"
"BNR-09284","工務店・注文住宅・リフォームのイベント・セミナー告知SNS画像（ナチュラル・オーガニック）","プロ（演出多め）"
"BNR-09285","パーソナルジム・フィットネスのイベント・セミナー告知バナー（レトロ・Y2K）","プロ（演出多め）"
"BNR-09286","カフェ・ベーカリーの比較・ランキングバナー（レトロ・Y2K）","上級"
"BNR-09287","音楽・ライブ・イベントのお客様の声・口コミSNS画像（ネオン・サイバー）","上級"
"BNR-09288","サウナ・温浴施設の採用・求人バナー（ナチュラル・オーガニック）","プロ（演出多め）"
"BNR-09289","AIサービス・スタートアップのお知らせ・営業案内SNS画像（グラスモーフィズム）","上級"
"BNR-09290","内科・クリニックの採用・求人バナー（信頼・誠実（コーポレート））","上級"
"BNR-09291","金融・保険・投資のビフォーアフター・実績バナー（ミニマル・洗練）","上級"
"BNR-09292","SaaS・BtoBツールのハウツー・ノウハウ投稿SNS画像（エネルギッシュ・スポーティ）","上級"
"BNR-09293","農業・地方の生産者の診断・クイズSNS画像（グラスモーフィズム）","上級"
"BNR-09294","引越し・生活サービスの比較・ランキングバナー（ジオメトリック・グラフィカル）","プロ（演出多め）"
"BNR-09295","カフェ・ベーカリーのイベント・セミナー告知バナー（ナチュラル・オーガニック）","中級"
"BNR-09296","美容室・ヘアサロンのキャンペーン・プレゼントSNS画像（ミニマル・洗練）","中級"
"BNR-09297","観光・地域プロモーションのハウツー・ノウハウ投稿SNS画像（和モダン）","上級"
"BNR-09298","サウナ・温浴施設のセール・割引告知バナー（ナチュラル・オーガニック）","プロ（演出多め）"
"BNR-09299","コスメ・スキンケアの新商品・新サービス発売SNS画像（パステル・ドリーミー）","プロ（演出多め）"
"BNR-09300","美容クリニックのキャンペーン・プレゼントバナー（ミニマル・洗練）","プロ（演出多め）"
"BNR-09301","ゲーム・eスポーツのお知らせ・営業案内SNS画像（エネルギッシュ・スポーティ）","上級"
"BNR-09302","サウナ・温浴施設の診断・クイズバナー（レトロ・Y2K）","プロ（演出多め）"
"BNR-09303","ヨガ・ピラティスのセール・割引告知バナー（北欧・ライフスタイル）","プロ（演出多め）"
"BNR-09304","パーソナルジム・フィットネスの採用・求人SNS画像（ダーク・シネマティック）","中級"
"BNR-09305","不動産・マンションのビフォーアフター・実績SNS画像（ダーク・シネマティック）","中級"
"BNR-09306","美容室・ヘアサロンの資料請求・ホワイトペーパーSNS画像（クール・テック）","プロ（演出多め）"
"BNR-09307","スマホアプリのお客様の声・口コミSNS画像（グラスモーフィズム）","プロ（演出多め）"
"BNR-09308","SaaS・BtoBツールのブランディング・認知バナー（クール・テック）","上級"
"BNR-09309","美容室・ヘアサロンの診断・クイズバナー（北欧・ライフスタイル）","プロ（演出多め）"
"BNR-09310","コスメ・スキンケアのセール・割引告知SNS画像（グラスモーフィズム）","上級"
"BNR-09311","引越し・生活サービスのブランディング・認知SNS画像（3D・クレイ）","上級"
"BNR-09312","パーソナルジム・フィットネスの比較・ランキングサムネイル（エネルギッシュ・スポーティ）","上級"
"BNR-09313","不動産・マンションのお知らせ・営業案内バナー（ミニマル・洗練）","上級"
"BNR-09314","和菓子・スイーツのセール・割引告知バナー（パステル・ドリーミー）","上級"
"BNR-09315","ヨガ・ピラティスのお客様の声・口コミSNS画像（ナチュラル・オーガニック）","上級"
"BNR-09316","不動産・マンションのビフォーアフター・実績SNS画像（信頼・誠実（コーポレート））","中級"
"BNR-09317","パーソナルジム・フィットネスのセール・割引告知SNS画像（エネルギッシュ・スポーティ）","上級"
"BNR-09318","英会話・語学のセール・割引告知SNS画像（3D・クレイ）","中級"
"BNR-09319","英会話・語学の資料請求・ホワイトペーパーバナー（3D・クレイ）","上級"
"BNR-09320","不動産・マンションの無料体験・無料相談バナー（ナチュラル・オーガニック）","上級"
"BNR-09321","工務店・注文住宅・リフォームの無料体験・無料相談バナー（北欧・ライフスタイル）","プロ（演出多め）"
"BNR-09322","アパレル・ファッションECの比較・ランキングSNS画像（ミニマル・洗練）","プロ（演出多め）"
"BNR-09323","アパレル・ファッションECの無料体験・無料相談バナー（ミニマル・洗練）","上級"
"BNR-09324","観光・地域プロモーションの新商品・新サービス発売バナー（ダーク・シネマティック）","プロ（演出多め）"
"BNR-09325","内科・クリニックの採用・求人バナー（ジオメトリック・グラフィカル）","上級"
"BNR-09326","Web制作・デザイン事務所のお客様の声・口コミバナー（クール・テック）","上級"
"BNR-09327","不動産・マンションのビフォーアフター・実績サムネイル（信頼・誠実（コーポレート））","上級"
"BNR-09328","士業（税理士・弁護士・行政書士）の資料請求・ホワイトペーパーSNS画像（和モダン）","中級"
"BNR-09329","カフェ・ベーカリーの採用・求人SNS画像（北欧・ライフスタイル）","プロ（演出多め）"
"BNR-09330","美容クリニックのイベント・セミナー告知SNS画像（ラグジュアリー・高級感）","プロ（演出多め）"
"BNR-09331","建築設計事務所の新商品・新サービス発売SNS画像（ジオメトリック・グラフィカル）","中級"
"BNR-09332","NPO・地方自治体の新商品・新サービス発売SNS画像（グラスモーフィズム）","中級"
"BNR-09333","サウナ・温浴施設の採用・求人バナー（和モダン）","プロ（演出多め）"
"BNR-09334","スクール・オンライン講座の資料請求・ホワイトペーパーSNS画像（ダーク・シネマティック）","プロ（演出多め）"
"BNR-09335","AIサービス・スタートアップの診断・クイズSNS画像（ミニマル・洗練）","プロ（演出多め）"
"BNR-09336","クラウドファンディング・新商品の診断・クイズバナー（ダーク・シネマティック）","プロ（演出多め）"
"BNR-09337","和菓子・スイーツの新商品・新サービス発売バナー（パステル・ドリーミー）","中級"
"BNR-09338","カフェ・ベーカリーの比較・ランキングバナー（ナチュラル・オーガニック）","プロ（演出多め）"
"BNR-09339","AIサービス・スタートアップのハウツー・ノウハウ投稿SNS画像（ネオン・サイバー）","上級"
"BNR-09340","YouTuber・インフルエンサーのビフォーアフター・実績バナー（かわいい・ガーリー）","プロ（演出多め）"
"BNR-09341","食品・産直ECのハウツー・ノウハウ投稿SNS画像（ナチュラル・オーガニック）","上級"
"BNR-09342","YouTuber・インフルエンサーのお知らせ・営業案内バナー（かわいい・ガーリー）","プロ（演出多め）"
"BNR-09343","YouTuber・インフルエンサーのイベント・セミナー告知SNS画像（クール・テック）","プロ（演出多め）"
"BNR-09344","エステ・脱毛サロンのお知らせ・営業案内SNS画像（ラグジュアリー・高級感）","上級"
"BNR-09345","保育園・幼児教育・習い事のキャンペーン・プレゼントSNS画像（かわいい・ガーリー）","中級"
"BNR-09346","コンサル・コーチングの無料体験・無料相談バナー（ラグジュアリー・高級感）","プロ（演出多め）"
"BNR-09347","パーソナルジム・フィットネスのビフォーアフター・実績バナー（ダーク・シネマティック）","プロ（演出多め）"
"BNR-09348","ウェディング・結婚相談所の新商品・新サービス発売バナー（かわいい・ガーリー）","プロ（演出多め）"
"BNR-09349","カフェ・ベーカリーの新商品・新サービス発売SNS画像（レトロ・Y2K）","中級"
"BNR-09350","パーソナルジム・フィットネスの無料体験・無料相談バナー（ネオン・サイバー）","プロ（演出多め）"
"BNR-09351","農業・地方の生産者のキャンペーン・プレゼントSNS画像（和モダン）","中級"
"BNR-09352","音楽・ライブ・イベントのハウツー・ノウハウ投稿サムネイル（ナチュラル・オーガニック）","中級"
"BNR-09353","コスメ・スキンケアの新商品・新サービス発売SNS画像（3D・クレイ）","プロ（演出多め）"
"BNR-09354","和菓子・スイーツのお知らせ・営業案内バナー（ナチュラル・オーガニック）","中級"
"BNR-09355","保育園・幼児教育・習い事のハウツー・ノウハウ投稿バナー（かわいい・ガーリー）","中級"
"BNR-09356","カフェ・ベーカリーのイベント・セミナー告知SNS画像（ハンドメイド・手書き）","中級"
"BNR-09357","コンサル・コーチングのキャンペーン・プレゼントバナー（グラスモーフィズム）","上級"
"BNR-09358","コンサル・コーチングのキャンペーン・プレゼントSNS画像（クール・テック）","上級"
"BNR-09359","スクール・オンライン講座のお客様の声・口コミSNS画像（クール・テック）","上級"
"BNR-09360","ウェディング・結婚相談所のキャンペーン・プレゼントバナー（パステル・ドリーミー）","上級"
"BNR-09361","自動車・バイクのセール・割引告知バナー（エネルギッシュ・スポーティ）","プロ（演出多め）"
"BNR-09362","パーソナルジム・フィットネスのハウツー・ノウハウ投稿バナー（エネルギッシュ・スポーティ）","プロ（演出多め）"
"BNR-09363","歯科医院のお知らせ・営業案内バナー（ナチュラル・オーガニック）","プロ（演出多め）"
"BNR-09364","引越し・生活サービスの新商品・新サービス発売サムネイル（信頼・誠実（コーポレート））","プロ（演出多め）"
"BNR-09365","スマホアプリのお客様の声・口コミバナー（ポップ・カラフル）","上級"
"BNR-09366","レストラン・居酒屋の診断・クイズバナー（エネルギッシュ・スポーティ）","上級"
"BNR-09367","スマホアプリのお知らせ・営業案内バナー（グラスモーフィズム）","プロ（演出多め）"
"BNR-09368","食品・産直ECの無料体験・無料相談バナー（エディトリアル・雑誌風）","プロ（演出多め）"
"BNR-09369","農業・地方の生産者のお客様の声・口コミバナー（ナチュラル・オーガニック）","プロ（演出多め）"
"BNR-09370","SaaS・BtoBツールの新商品・新サービス発売バナー（クール・テック）","上級"
"BNR-09371","美容室・ヘアサロンの診断・クイズバナー（ミニマル・洗練）","プロ（演出多め）"
"BNR-09372","内科・クリニックの診断・クイズバナー（ナチュラル・オーガニック）","上級"
"BNR-09373","Web制作・デザイン事務所のお客様の声・口コミバナー（ジオメトリック・グラフィカル）","上級"
"BNR-09374","美容室・ヘアサロンのお客様の声・口コミSNS画像（北欧・ライフスタイル）","上級"
"BNR-09375","不動産・マンションの資料請求・ホワイトペーパーSNS画像（ダーク・シネマティック）","上級"
"BNR-09376","SaaS・BtoBツールのお知らせ・営業案内SNS画像（クール・テック）","プロ（演出多め）"
"BNR-09377","ペット・トリミング・動物病院のキャンペーン・プレゼントSNS画像（かわいい・ガーリー）","プロ（演出多め）"
"BNR-09378","スクール・オンライン講座のブランディング・認知バナー（3D・クレイ）","プロ（演出多め）"
"BNR-09379","内科・クリニックのセール・割引告知SNS画像（信頼・誠実（コーポレート））","プロ（演出多め）"
"BNR-09380","和菓子・スイーツの比較・ランキングSNS画像（ナチュラル・オーガニック）","上級"
"BNR-09381","内科・クリニックのブランディング・認知バナー（北欧・ライフスタイル）","プロ（演出多め）"
"BNR-09382","不動産・マンションのセール・割引告知SNS画像（ラグジュアリー・高級感）","中級"
"BNR-09383","Web制作・デザイン事務所の新商品・新サービス発売SNS画像（エディトリアル・雑誌風）","上級"
"BNR-09384","ホテル・旅館のお客様の声・口コミSNS画像（ナチュラル・オーガニック）","プロ（演出多め）"
"BNR-09385","AIサービス・スタートアップのビフォーアフター・実績バナー（ポップ・カラフル）","中級"
"BNR-09386","ホテル・旅館のお知らせ・営業案内バナー（ミニマル・洗練）","中級"
"BNR-09387","SaaS・BtoBツールのビフォーアフター・実績SNS画像（ナチュラル・オーガニック）","上級"
"BNR-09388","内科・クリニックのお客様の声・口コミバナー（クール・テック）","プロ（演出多め）"
"BNR-09389","食品・産直ECのハウツー・ノウハウ投稿バナー（和モダン）","上級"
"BNR-09390","コンサル・コーチングのブランディング・認知SNS画像（信頼・誠実（コーポレート））","プロ（演出多め）"
"BNR-09391","食品・産直ECの診断・クイズSNS画像（ポップ・カラフル）","プロ（演出多め）"
"BNR-09392","NPO・地方自治体の無料体験・無料相談SNS画像（ハンドメイド・手書き）","中級"
"BNR-09393","カフェ・ベーカリーのキャンペーン・プレゼントSNS画像（ナチュラル・オーガニック）","上級"
"BNR-09394","金融・保険・投資のイベント・セミナー告知SNS画像（クール・テック）","プロ（演出多め）"
"BNR-09395","金融・保険・投資の比較・ランキングSNS画像（ジオメトリック・グラフィカル）","プロ（演出多め）"
"BNR-09396","Web制作・デザイン事務所のセール・割引告知SNS画像（クール・テック）","上級"
"BNR-09397","引越し・生活サービスのお客様の声・口コミSNS画像（ポップ・カラフル）","上級"
"BNR-09398","不動産・マンションのお知らせ・営業案内SNS画像（ミニマル・洗練）","プロ（演出多め）"
"BNR-09399","農業・地方の生産者のセール・割引告知SNS画像（かわいい・ガーリー）","プロ（演出多め）"
"BNR-09400","工務店・注文住宅・リフォームの採用・求人バナー（ナチュラル・オーガニック）","上級"
"BNR-09401","AIサービス・スタートアップのお客様の声・口コミSNS画像（クール・テック）","プロ（演出多め）"
"BNR-09402","採用・求人のブランディング・認知バナー（ジオメトリック・グラフィカル）","プロ（演出多め）"
"BNR-09403","士業（税理士・弁護士・行政書士）のキャンペーン・プレゼントバナー（和モダン）","上級"
"BNR-09404","自動車・バイクの比較・ランキングサムネイル（クール・テック）","上級"
"BNR-09405","ウェディング・結婚相談所の診断・クイズバナー（ラグジュアリー・高級感）","中級"
"BNR-09406","ウェディング・結婚相談所のハウツー・ノウハウ投稿SNS画像（ラグジュアリー・高級感）","上級"
"BNR-09407","ウェディング・結婚相談所の無料体験・無料相談SNS画像（3D・クレイ）","プロ（演出多め）"
"BNR-09408","ウェディング・結婚相談所の資料請求・ホワイトペーパーバナー（かわいい・ガーリー）","プロ（演出多め）"
"BNR-09409","引越し・生活サービスの診断・クイズバナー（3D・クレイ）","プロ（演出多め）"
"BNR-09410","保育園・幼児教育・習い事のキャンペーン・プレゼントバナー（パステル・ドリーミー）","上級"
"BNR-09411","音楽・ライブ・イベントの診断・クイズSNS画像（ミニマル・洗練）","上級"
"BNR-09412","自動車・バイクの新商品・新サービス発売SNS画像（ダーク・シネマティック）","中級"
"BNR-09413","クラウドファンディング・新商品の新商品・新サービス発売SNS画像（ダーク・シネマティック）","中級"
"BNR-09414","プログラミングスクールのキャンペーン・プレゼントSNS画像（3D・クレイ）","プロ（演出多め）"
"BNR-09415","士業（税理士・弁護士・行政書士）の採用・求人SNS画像（和モダン）","上級"
"BNR-09416","YouTuber・インフルエンサーのキャンペーン・プレゼントバナー（かわいい・ガーリー）","上級"
"BNR-09417","採用・求人の比較・ランキングバナー（エディトリアル・雑誌風）","上級"
"BNR-09418","歯科医院の比較・ランキングバナー（ミニマル・洗練）","上級"
"BNR-09419","ホテル・旅館のブランディング・認知SNS画像（ラグジュアリー・高級感）","プロ（演出多め）"
"BNR-09420","占い・スピリチュアルのお客様の声・口コミバナー（ラグジュアリー・高級感）","プロ（演出多め）"
"BNR-09421","YouTuber・インフルエンサーのブランディング・認知SNS画像（3D・クレイ）","上級"
"BNR-09422","英会話・語学の比較・ランキングSNS画像（ポップ・カラフル）","上級"
"BNR-09423","ウェディング・結婚相談所の資料請求・ホワイトペーパーSNS画像（パステル・ドリーミー）","上級"
"BNR-09424","コスメ・スキンケアの比較・ランキングバナー（パステル・ドリーミー）","プロ（演出多め）"
"BNR-09425","クラウドファンディング・新商品のハウツー・ノウハウ投稿SNS画像（クール・テック）","上級"
"BNR-09426","美容室・ヘアサロンの新商品・新サービス発売バナー（エディトリアル・雑誌風）","プロ（演出多め）"
"BNR-09427","美容クリニックの比較・ランキングSNS画像（信頼・誠実（コーポレート））","プロ（演出多め）"
"BNR-09428","レストラン・居酒屋の新商品・新サービス発売SNS画像（かわいい・ガーリー）","プロ（演出多め）"
"BNR-09429","AIサービス・スタートアップの無料体験・無料相談SNS画像（ナチュラル・オーガニック）","プロ（演出多め）"
"BNR-09430","英会話・語学のハウツー・ノウハウ投稿バナー（ポップ・カラフル）","プロ（演出多め）"
"BNR-09431","観光・地域プロモーションのイベント・セミナー告知バナー（ハンドメイド・手書き）","中級"
"BNR-09432","コスメ・スキンケアの採用・求人SNS画像（ミニマル・洗練）","中級"
"BNR-09433","ヨガ・ピラティスの比較・ランキングSNS画像（ミニマル・洗練）","中級"
"BNR-09434","採用・求人のセール・割引告知SNS画像（信頼・誠実（コーポレート））","プロ（演出多め）"
"BNR-09435","歯科医院の無料体験・無料相談SNS画像（信頼・誠実（コーポレート））","上級"
"BNR-09436","レストラン・居酒屋のイベント・セミナー告知バナー（レトロ・Y2K）","上級"
"BNR-09437","美容室・ヘアサロンの採用・求人バナー（ラグジュアリー・高級感）","プロ（演出多め）"
"BNR-09438","ゲーム・eスポーツのブランディング・認知バナー（レトロ・Y2K）","上級"
"BNR-09439","美容室・ヘアサロンのお知らせ・営業案内バナー（ミニマル・洗練）","上級"
"BNR-09440","ヨガ・ピラティスの資料請求・ホワイトペーパーSNS画像（クール・テック）","上級"
"BNR-09441","士業（税理士・弁護士・行政書士）の採用・求人バナー（レトロ・Y2K）","プロ（演出多め）"
"BNR-09442","カフェ・ベーカリーのイベント・セミナー告知バナー（ハンドメイド・手書き）","上級"
"BNR-09443","クラウドファンディング・新商品の資料請求・ホワイトペーパーSNS画像（エディトリアル・雑誌風）","プロ（演出多め）"
"BNR-09444","引越し・生活サービスの診断・クイズSNS画像（3D・クレイ）","中級"
"BNR-09445","アパレル・ファッションECのお客様の声・口コミSNS画像（レトロ・Y2K）","上級"
"BNR-09446","占い・スピリチュアルのセール・割引告知バナー（ラグジュアリー・高級感）","プロ（演出多め）"
"BNR-09447","農業・地方の生産者のイベント・セミナー告知バナー（和モダン）","プロ（演出多め）"
"BNR-09448","観光・地域プロモーションのブランディング・認知SNS画像（ジオメトリック・グラフィカル）","中級"
"BNR-09449","食品・産直ECのイベント・セミナー告知バナー（ナチュラル・オーガニック）","上級"
"BNR-09450","ヨガ・ピラティスのビフォーアフター・実績SNS画像（北欧・ライフスタイル）","プロ（演出多め）"
"BNR-09451","ホテル・旅館のキャンペーン・プレゼントSNS画像（ミニマル・洗練）","プロ（演出多め）"
"BNR-09452","建築設計事務所の新商品・新サービス発売SNS画像（エディトリアル・雑誌風）","上級"
"BNR-09453","美容クリニックのブランディング・認知バナー（和モダン）","プロ（演出多め）"
"BNR-09454","占い・スピリチュアルのハウツー・ノウハウ投稿バナー（ダーク・シネマティック）","中級"
"BNR-09455","観光・地域プロモーションのビフォーアフター・実績SNS画像（ハンドメイド・手書き）","中級"
"BNR-09456","カフェ・ベーカリーのビフォーアフター・実績SNS画像（ナチュラル・オーガニック）","プロ（演出多め）"
"BNR-09457","サウナ・温浴施設のビフォーアフター・実績バナー（ナチュラル・オーガニック）","プロ（演出多め）"
"BNR-09458","歯科医院の新商品・新サービス発売バナー（ミニマル・洗練）","上級"
"BNR-09459","音楽・ライブ・イベントの比較・ランキングSNS画像（レトロ・Y2K）","上級"
"BNR-09460","ヨガ・ピラティスのイベント・セミナー告知SNS画像（ナチュラル・オーガニック）","プロ（演出多め）"
"BNR-09461","引越し・生活サービスのビフォーアフター・実績バナー（かわいい・ガーリー）","上級"
"BNR-09462","エステ・脱毛サロンのお客様の声・口コミSNS画像（ミニマル・洗練）","上級"
"BNR-09463","コスメ・スキンケアの資料請求・ホワイトペーパーバナー（パステル・ドリーミー）","上級"
"BNR-09464","YouTuber・インフルエンサーのキャンペーン・プレゼントSNS画像（かわいい・ガーリー）","プロ（演出多め）"
"BNR-09465","エステ・脱毛サロンのお知らせ・営業案内SNS画像（パステル・ドリーミー）","上級"
"BNR-09466","エステ・脱毛サロンの診断・クイズSNS画像（かわいい・ガーリー）","上級"
"BNR-09467","金融・保険・投資のブランディング・認知バナー（信頼・誠実（コーポレート））","上級"
"BNR-09468","パーソナルジム・フィットネスの比較・ランキングSNS画像（エネルギッシュ・スポーティ）","プロ（演出多め）"
"BNR-09469","引越し・生活サービスの比較・ランキングSNS画像（3D・クレイ）","プロ（演出多め）"
"BNR-09470","AIサービス・スタートアップの新商品・新サービス発売バナー（ナチュラル・オーガニック）","プロ（演出多め）"
"BNR-09471","サウナ・温浴施設のビフォーアフター・実績SNS画像（和モダン）","上級"
"BNR-09472","クラウドファンディング・新商品の採用・求人SNS画像（クール・テック）","プロ（演出多め）"
"BNR-09473","金融・保険・投資のセール・割引告知SNS画像（ミニマル・洗練）","プロ（演出多め）"
"BNR-09474","採用・求人の診断・クイズバナー（エネルギッシュ・スポーティ）","プロ（演出多め）"
"BNR-09475","建築設計事務所の診断・クイズバナー（エディトリアル・雑誌風）","上級"
"BNR-09476","ペット・トリミング・動物病院の新商品・新サービス発売バナー（3D・クレイ）","プロ（演出多め）"
"BNR-09477","クラウドファンディング・新商品のお知らせ・営業案内SNS画像（ハンドメイド・手書き）","中級"
"BNR-09478","レストラン・居酒屋のキャンペーン・プレゼントバナー（ラグジュアリー・高級感）","上級"
"BNR-09479","スクール・オンライン講座のビフォーアフター・実績SNS画像（クール・テック）","プロ（演出多め）"
"BNR-09480","美容室・ヘアサロンのセール・割引告知バナー（ラグジュアリー・高級感）","中級"
"BNR-09481","音楽・ライブ・イベントの採用・求人SNS画像（ニューブルータリズム）","プロ（演出多め）"
"BNR-09482","歯科医院のイベント・セミナー告知バナー（ナチュラル・オーガニック）","プロ（演出多め）"
"BNR-09483","保育園・幼児教育・習い事のビフォーアフター・実績SNS画像（ポップ・カラフル）","上級"
"BNR-09484","和菓子・スイーツのお客様の声・口コミSNS画像（和モダン）","プロ（演出多め）"
"BNR-09485","占い・スピリチュアルのキャンペーン・プレゼントSNS画像（ラグジュアリー・高級感）","プロ（演出多め）"
"BNR-09486","内科・クリニックの無料体験・無料相談バナー（ナチュラル・オーガニック）","プロ（演出多め）"
"BNR-09487","士業（税理士・弁護士・行政書士）のブランディング・認知バナー（信頼・誠実（コーポレート））","上級"
"BNR-09488","スマホアプリの資料請求・ホワイトペーパーバナー（ポップ・カラフル）","プロ（演出多め）"
"BNR-09489","ヨガ・ピラティスの比較・ランキングSNS画像（ナチュラル・オーガニック）","プロ（演出多め）"
"BNR-09490","NPO・地方自治体のイベント・セミナー告知SNS画像（ハンドメイド・手書き）","中級"
"BNR-09491","音楽・ライブ・イベントの資料請求・ホワイトペーパーバナー（ネオン・サイバー）","上級"
"BNR-09492","コンサル・コーチングの資料請求・ホワイトペーパーSNS画像（ミニマル・洗練）","上級"
"BNR-09493","英会話・語学のビフォーアフター・実績SNS画像（ポップ・カラフル）","上級"
"BNR-09494","保育園・幼児教育・習い事のお知らせ・営業案内SNS画像（ナチュラル・オーガニック）","プロ（演出多め）"
"BNR-09495","金融・保険・投資の資料請求・ホワイトペーパーバナー（クール・テック）","上級"
"BNR-09496","プログラミングスクールのセール・割引告知SNS画像（ネオン・サイバー）","上級"
"BNR-09497","YouTuber・インフルエンサーの無料体験・無料相談SNS画像（かわいい・ガーリー）","上級"
"BNR-09498","工務店・注文住宅・リフォームのお知らせ・営業案内SNS画像（ミニマル・洗練）","上級"
"BNR-09499","観光・地域プロモーションのビフォーアフター・実績SNS画像（和モダン）","上級"
"BNR-09500","英会話・語学の採用・求人バナー（グラスモーフィズム）","上級"
"BNR-09501","内科・クリニックの資料請求・ホワイトペーパーバナー（ナチュラル・オーガニック）","上級"
"BNR-09502","金融・保険・投資のセール・割引告知SNS画像（ミニマル・洗練）","プロ（演出多め）"
"BNR-09503","英会話・語学のセール・割引告知SNS画像（信頼・誠実（コーポレート））","中級"
"BNR-09504","ペット・トリミング・動物病院のブランディング・認知バナー（ナチュラル・オーガニック）","中級"
"BNR-09505","コンサル・コーチングのビフォーアフター・実績SNS画像（ラグジュアリー・高級感）","上級"
"BNR-09506","美容クリニックの資料請求・ホワイトペーパーバナー（信頼・誠実（コーポレート））","上級"
"BNR-09507","スクール・オンライン講座の比較・ランキングSNS画像（信頼・誠実（コーポレート））","プロ（演出多め）"
"BNR-09508","自動車・バイクのビフォーアフター・実績サムネイル（ラグジュアリー・高級感）","プロ（演出多め）"
"BNR-09509","英会話・語学のキャンペーン・プレゼントバナー（ジオメトリック・グラフィカル）","プロ（演出多め）"
"BNR-09510","レストラン・居酒屋の比較・ランキングSNS画像（ダーク・シネマティック）","中級"
"BNR-09511","YouTuber・インフルエンサーのお知らせ・営業案内バナー（かわいい・ガーリー）","プロ（演出多め）"
"BNR-09512","金融・保険・投資のキャンペーン・プレゼントSNS画像（クール・テック）","プロ（演出多め）"
"BNR-09513","サウナ・温浴施設のセール・割引告知SNS画像（レトロ・Y2K）","上級"
"BNR-09514","和菓子・スイーツのお知らせ・営業案内バナー（かわいい・ガーリー）","上級"
"BNR-09515","ヨガ・ピラティスの比較・ランキングバナー（ナチュラル・オーガニック）","プロ（演出多め）"
"BNR-09516","YouTuber・インフルエンサーのブランディング・認知バナー（ニューブルータリズム）","プロ（演出多め）"
"BNR-09517","美容クリニックのハウツー・ノウハウ投稿SNS画像（ラグジュアリー・高級感）","上級"
"BNR-09518","SaaS・BtoBツールの無料体験・無料相談バナー（ミニマル・洗練）","プロ（演出多め）"
"BNR-09519","占い・スピリチュアルの診断・クイズSNS画像（和モダン）","中級"
"BNR-09520","カフェ・ベーカリーの無料体験・無料相談SNS画像（ラグジュアリー・高級感）","プロ（演出多め）"
"BNR-09521","コンサル・コーチングのセール・割引告知SNS画像（ラグジュアリー・高級感）","プロ（演出多め）"
"BNR-09522","カフェ・ベーカリーの資料請求・ホワイトペーパーバナー（ハンドメイド・手書き）","プロ（演出多め）"
"BNR-09523","引越し・生活サービスの診断・クイズSNS画像（3D・クレイ）","プロ（演出多め）"
"BNR-09524","NPO・地方自治体のブランディング・認知SNS画像（信頼・誠実（コーポレート））","中級"
"BNR-09525","アパレル・ファッションECのイベント・セミナー告知バナー（ジオメトリック・グラフィカル）","上級"
"BNR-09526","英会話・語学のハウツー・ノウハウ投稿SNS画像（ポップ・カラフル）","プロ（演出多め）"
"BNR-09527","不動産・マンションのビフォーアフター・実績SNS画像（信頼・誠実（コーポレート））","プロ（演出多め）"
"BNR-09528","士業（税理士・弁護士・行政書士）の採用・求人バナー（ダーク・シネマティック）","プロ（演出多め）"
"BNR-09529","観光・地域プロモーションの比較・ランキングバナー（ダーク・シネマティック）","上級"
"BNR-09530","和菓子・スイーツのブランディング・認知バナー（グラスモーフィズム）","上級"
"BNR-09531","内科・クリニックの採用・求人SNS画像（エディトリアル・雑誌風）","中級"
"BNR-09532","カフェ・ベーカリーのお客様の声・口コミSNS画像（エディトリアル・雑誌風）","プロ（演出多め）"
"BNR-09533","不動産・マンションのお客様の声・口コミバナー（かわいい・ガーリー）","中級"
"BNR-09534","AIサービス・スタートアップの資料請求・ホワイトペーパーSNS画像（和モダン）","上級"
"BNR-09535","ゲーム・eスポーツの無料体験・無料相談SNS画像（ネオン・サイバー）","プロ（演出多め）"
"BNR-09536","食品・産直ECのイベント・セミナー告知SNS画像（ハンドメイド・手書き）","上級"
"BNR-09537","美容クリニックの診断・クイズバナー（信頼・誠実（コーポレート））","上級"
"BNR-09538","美容クリニックのハウツー・ノウハウ投稿バナー（信頼・誠実（コーポレート））","上級"
"BNR-09539","AIサービス・スタートアップのハウツー・ノウハウ投稿バナー（ニューブルータリズム）","上級"
"BNR-09540","保育園・幼児教育・習い事の採用・求人SNS画像（ポップ・カラフル）","上級"
"BNR-09541","不動産・マンションのセール・割引告知バナー（ミニマル・洗練）","上級"
"BNR-09542","歯科医院のビフォーアフター・実績バナー（信頼・誠実（コーポレート））","中級"
"BNR-09543","食品・産直ECのお知らせ・営業案内バナー（ハンドメイド・手書き）","中級"
"BNR-09544","採用・求人のお客様の声・口コミSNS画像（ポップ・カラフル）","上級"
"BNR-09545","歯科医院のハウツー・ノウハウ投稿SNS画像（ナチュラル・オーガニック）","プロ（演出多め）"
"BNR-09546","採用・求人の比較・ランキングSNS画像（エネルギッシュ・スポーティ）","上級"
"BNR-09547","美容室・ヘアサロンの採用・求人SNS画像（エディトリアル・雑誌風）","プロ（演出多め）"
"BNR-09548","パーソナルジム・フィットネスの無料体験・無料相談SNS画像（ダーク・シネマティック）","プロ（演出多め）"
"BNR-09549","士業（税理士・弁護士・行政書士）の無料体験・無料相談バナー（和モダン）","プロ（演出多め）"
"BNR-09550","金融・保険・投資のキャンペーン・プレゼントSNS画像（ネオン・サイバー）","プロ（演出多め）"
"BNR-09551","ヨガ・ピラティスの無料体験・無料相談SNS画像（ミニマル・洗練）","中級"
"BNR-09552","保育園・幼児教育・習い事の資料請求・ホワイトペーパーSNS画像（クール・テック）","プロ（演出多め）"
"BNR-09553","パーソナルジム・フィットネスのお知らせ・営業案内SNS画像（ダーク・シネマティック）","中級"
"BNR-09554","スマホアプリのセール・割引告知バナー（グラスモーフィズム）","プロ（演出多め）"
"BNR-09555","工務店・注文住宅・リフォームのキャンペーン・プレゼントSNS画像（信頼・誠実（コーポレート））","上級"
"BNR-09556","引越し・生活サービスのブランディング・認知SNS画像（3D・クレイ）","中級"
"BNR-09557","不動産・マンションの採用・求人バナー（ラグジュアリー・高級感）","上級"
"BNR-09558","AIサービス・スタートアップのハウツー・ノウハウ投稿SNS画像（パステル・ドリーミー）","中級"
"BNR-09559","エステ・脱毛サロンのお知らせ・営業案内バナー（かわいい・ガーリー）","上級"
"BNR-09560","不動産・マンションのキャンペーン・プレゼントバナー（ラグジュアリー・高級感）","上級"
"BNR-09561","食品・産直ECのハウツー・ノウハウ投稿バナー（和モダン）","上級"
"BNR-09562","コスメ・スキンケアのブランディング・認知バナー（ナチュラル・オーガニック）","プロ（演出多め）"
"BNR-09563","内科・クリニックの採用・求人SNS画像（ナチュラル・オーガニック）","上級"
"BNR-09564","プログラミングスクールの無料体験・無料相談SNS画像（ポップ・カラフル）","上級"
"BNR-09565","観光・地域プロモーションの診断・クイズSNS画像（ナチュラル・オーガニック）","上級"
"BNR-09566","クラウドファンディング・新商品のお知らせ・営業案内バナー（クール・テック）","プロ（演出多め）"
"BNR-09567","Web制作・デザイン事務所の比較・ランキングバナー（ダーク・シネマティック）","中級"
"BNR-09568","ウェディング・結婚相談所の比較・ランキングバナー（ラグジュアリー・高級感）","上級"
"BNR-09569","AIサービス・スタートアップの無料体験・無料相談SNS画像（ミニマル・洗練）","プロ（演出多め）"
"BNR-09570","士業（税理士・弁護士・行政書士）のハウツー・ノウハウ投稿SNS画像（ミニマル・洗練）","プロ（演出多め）"
"BNR-09571","工務店・注文住宅・リフォームの診断・クイズサムネイル（北欧・ライフスタイル）","プロ（演出多め）"
"BNR-09572","美容室・ヘアサロンの比較・ランキングSNS画像（ラグジュアリー・高級感）","プロ（演出多め）"
"BNR-09573","プログラミングスクールの無料体験・無料相談SNS画像（ネオン・サイバー）","上級"
"BNR-09574","和菓子・スイーツの比較・ランキングSNS画像（かわいい・ガーリー）","上級"
"BNR-09575","パーソナルジム・フィットネスのブランディング・認知SNS画像（ダーク・シネマティック）","上級"
"BNR-09576","内科・クリニックのキャンペーン・プレゼントSNS画像（信頼・誠実（コーポレート））","プロ（演出多め）"
"BNR-09577","農業・地方の生産者のキャンペーン・プレゼントSNS画像（ナチュラル・オーガニック）","プロ（演出多め）"
"BNR-09578","美容クリニックのセール・割引告知バナー（パステル・ドリーミー）","プロ（演出多め）"
"BNR-09579","サウナ・温浴施設のビフォーアフター・実績SNS画像（ニューブルータリズム）","プロ（演出多め）"
"BNR-09580","パーソナルジム・フィットネスの無料体験・無料相談SNS画像（クール・テック）","プロ（演出多め）"
"BNR-09581","士業（税理士・弁護士・行政書士）のブランディング・認知バナー（ミニマル・洗練）","上級"
"BNR-09582","ペット・トリミング・動物病院のブランディング・認知SNS画像（3D・クレイ）","上級"
"BNR-09583","プログラミングスクールの新商品・新サービス発売SNS画像（ナチュラル・オーガニック）","中級"
"BNR-09584","ホテル・旅館のお客様の声・口コミSNS画像（ミニマル・洗練）","プロ（演出多め）"
"BNR-09585","コンサル・コーチングの診断・クイズSNS画像（信頼・誠実（コーポレート））","プロ（演出多め）"
"BNR-09586","スクール・オンライン講座のブランディング・認知バナー（ミニマル・洗練）","上級"
"BNR-09587","不動産・マンションのキャンペーン・プレゼントSNS画像（信頼・誠実（コーポレート））","プロ（演出多め）"
"BNR-09588","保育園・幼児教育・習い事の診断・クイズバナー（ポップ・カラフル）","上級"
"BNR-09589","金融・保険・投資の無料体験・無料相談SNS画像（クール・テック）","上級"
"BNR-09590","AIサービス・スタートアップのハウツー・ノウハウ投稿SNS画像（エネルギッシュ・スポーティ）","中級"
"BNR-09591","YouTuber・インフルエンサーのお知らせ・営業案内バナー（ネオン・サイバー）","上級"
"BNR-09592","金融・保険・投資の資料請求・ホワイトペーパーSNS画像（信頼・誠実（コーポレート））","中級"
"BNR-09593","サウナ・温浴施設のイベント・セミナー告知バナー（レトロ・Y2K）","中級"
"BNR-09594","採用・求人のセール・割引告知バナー（和モダン）","上級"
"BNR-09595","自動車・バイクのお知らせ・営業案内バナー（3D・クレイ）","プロ（演出多め）"
"BNR-09596","食品・産直ECの新商品・新サービス発売SNS画像（ハンドメイド・手書き）","中級"
"BNR-09597","ヨガ・ピラティスの診断・クイズSNS画像（ナチュラル・オーガニック）","プロ（演出多め）"
"BNR-09598","スマホアプリの比較・ランキングバナー（グラスモーフィズム）","上級"
"BNR-09599","ゲーム・eスポーツのビフォーアフター・実績サムネイル（ダーク・シネマティック）","プロ（演出多め）"
"BNR-09600","YouTuber・インフルエンサーの新商品・新サービス発売バナー（ネオン・サイバー）","中級"
"BNR-09601","食品・産直ECのブランディング・認知SNS画像（ナチュラル・オーガニック）","中級"
"BNR-09602","観光・地域プロモーションの無料体験・無料相談バナー（ナチュラル・オーガニック）","プロ（演出多め）"
"BNR-09603","ヨガ・ピラティスの診断・クイズSNS画像（ダーク・シネマティック）","中級"
"BNR-09604","YouTuber・インフルエンサーのイベント・セミナー告知SNS画像（ミニマル・洗練）","上級"
"BNR-09605","不動産・マンションのお知らせ・営業案内バナー（ハンドメイド・手書き）","上級"
"BNR-09606","引越し・生活サービスのお客様の声・口コミSNS画像（信頼・誠実（コーポレート））","プロ（演出多め）"
"BNR-09607","レストラン・居酒屋のセール・割引告知SNS画像（ダーク・シネマティック）","中級"
"BNR-09608","観光・地域プロモーションのお知らせ・営業案内SNS画像（ハンドメイド・手書き）","プロ（演出多め）"
"BNR-09609","農業・地方の生産者のビフォーアフター・実績SNS画像（ナチュラル・オーガニック）","中級"
"BNR-09610","ペット・トリミング・動物病院の診断・クイズSNS画像（ハンドメイド・手書き）","上級"
"BNR-09611","占い・スピリチュアルのお知らせ・営業案内バナー（和モダン）","上級"
"BNR-09612","和菓子・スイーツの比較・ランキングSNS画像（和モダン）","中級"
"BNR-09613","農業・地方の生産者のお客様の声・口コミサムネイル（和モダン）","上級"
"BNR-09614","金融・保険・投資の診断・クイズサムネイル（クール・テック）","プロ（演出多め）"
"BNR-09615","YouTuber・インフルエンサーのお知らせ・営業案内SNS画像（ポップ・カラフル）","上級"
"BNR-09616","自動車・バイクのブランディング・認知バナー（エネルギッシュ・スポーティ）","プロ（演出多め）"
"BNR-09617","スクール・オンライン講座の診断・クイズSNS画像（クール・テック）","上級"
"BNR-09618","SaaS・BtoBツールの無料体験・無料相談バナー（3D・クレイ）","上級"
"BNR-09619","スクール・オンライン講座のキャンペーン・プレゼントバナー（クール・テック）","プロ（演出多め）"
"BNR-09620","工務店・注文住宅・リフォームの比較・ランキングバナー（信頼・誠実（コーポレート））","プロ（演出多め）"
"BNR-09621","英会話・語学のビフォーアフター・実績SNS画像（3D・クレイ）","中級"
"BNR-09622","食品・産直ECの診断・クイズバナー（ラグジュアリー・高級感）","中級"
"BNR-09623","ペット・トリミング・動物病院のセール・割引告知バナー（3D・クレイ）","中級"
"BNR-09624","プログラミングスクールのキャンペーン・プレゼントバナー（ポップ・カラフル）","プロ（演出多め）"
"BNR-09625","スマホアプリの新商品・新サービス発売バナー（グラスモーフィズム）","プロ（演出多め）"
"BNR-09626","レストラン・居酒屋のキャンペーン・プレゼントSNS画像（レトロ・Y2K）","上級"
"BNR-09627","自動車・バイクのイベント・セミナー告知バナー（ダーク・シネマティック）","プロ（演出多め）"
"BNR-09628","ペット・トリミング・動物病院のキャンペーン・プレゼントSNS画像（かわいい・ガーリー）","上級"
"BNR-09629","サウナ・温浴施設の無料体験・無料相談SNS画像（ナチュラル・オーガニック）","上級"
"BNR-09630","アパレル・ファッションECの比較・ランキングサムネイル（ネオン・サイバー）","上級"
"BNR-09631","アパレル・ファッションECの無料体験・無料相談SNS画像（レトロ・Y2K）","上級"
"BNR-09632","占い・スピリチュアルのお客様の声・口コミバナー（ダーク・シネマティック）","上級"
"BNR-09633","金融・保険・投資の新商品・新サービス発売バナー（クール・テック）","上級"
"BNR-09634","自動車・バイクのブランディング・認知バナー（ダーク・シネマティック）","上級"
"BNR-09635","金融・保険・投資の新商品・新サービス発売SNS画像（クール・テック）","プロ（演出多め）"
"BNR-09636","エステ・脱毛サロンのハウツー・ノウハウ投稿SNS画像（ラグジュアリー・高級感）","中級"
"BNR-09637","ウェディング・結婚相談所のお知らせ・営業案内SNS画像（ラグジュアリー・高級感）","プロ（演出多め）"
"BNR-09638","美容クリニックのビフォーアフター・実績SNS画像（ミニマル・洗練）","上級"
"BNR-09639","レストラン・居酒屋のキャンペーン・プレゼントSNS画像（ラグジュアリー・高級感）","上級"
"BNR-09640","プログラミングスクールの比較・ランキングSNS画像（クール・テック）","中級"
"BNR-09641","占い・スピリチュアルの採用・求人バナー（ニューブルータリズム）","中級"
"BNR-09642","スマホアプリの資料請求・ホワイトペーパーバナー（ポップ・カラフル）","上級"
"BNR-09643","クラウドファンディング・新商品の診断・クイズバナー（クール・テック）","中級"
"BNR-09644","自動車・バイクのイベント・セミナー告知SNS画像（クール・テック）","プロ（演出多め）"
"BNR-09645","食品・産直ECのビフォーアフター・実績サムネイル（ナチュラル・オーガニック）","上級"
"BNR-09646","アパレル・ファッションECの無料体験・無料相談バナー（ラグジュアリー・高級感）","上級"
"BNR-09647","コスメ・スキンケアの比較・ランキングバナー（パステル・ドリーミー）","上級"
"BNR-09648","カフェ・ベーカリーのブランディング・認知SNS画像（北欧・ライフスタイル）","プロ（演出多め）"
"BNR-09649","食品・産直ECの無料体験・無料相談SNS画像（ナチュラル・オーガニック）","上級"
"BNR-09650","ホテル・旅館の無料体験・無料相談SNS画像（和モダン）","プロ（演出多め）"
"BNR-09651","プログラミングスクールの無料体験・無料相談SNS画像（クール・テック）","プロ（演出多め）"
"BNR-09652","士業（税理士・弁護士・行政書士）のキャンペーン・プレゼントSNS画像（信頼・誠実（コーポレート））","プロ（演出多め）"
"BNR-09653","パーソナルジム・フィットネスのビフォーアフター・実績バナー（エネルギッシュ・スポーティ）","プロ（演出多め）"
"BNR-09654","コスメ・スキンケアの診断・クイズSNS画像（ミニマル・洗練）","プロ（演出多め）"
"BNR-09655","SaaS・BtoBツールのビフォーアフター・実績バナー（ミニマル・洗練）","上級"
"BNR-09656","アパレル・ファッションECのお客様の声・口コミSNS画像（レトロ・Y2K）","上級"
"BNR-09657","サウナ・温浴施設のお客様の声・口コミバナー（和モダン）","プロ（演出多め）"
"BNR-09658","観光・地域プロモーションのビフォーアフター・実績バナー（ジオメトリック・グラフィカル）","プロ（演出多め）"
"BNR-09659","ホテル・旅館の資料請求・ホワイトペーパーバナー（ラグジュアリー・高級感）","上級"
"BNR-09660","エステ・脱毛サロンのセール・割引告知SNS画像（パステル・ドリーミー）","プロ（演出多め）"
"BNR-09661","パーソナルジム・フィットネスのセール・割引告知バナー（クール・テック）","上級"
"BNR-09662","英会話・語学のビフォーアフター・実績SNS画像（3D・クレイ）","上級"
"BNR-09663","建築設計事務所のハウツー・ノウハウ投稿バナー（ジオメトリック・グラフィカル）","上級"
"BNR-09664","ウェディング・結婚相談所のキャンペーン・プレゼントSNS画像（かわいい・ガーリー）","中級"
"BNR-09665","カフェ・ベーカリーのキャンペーン・プレゼントバナー（ハンドメイド・手書き）","上級"
"BNR-09666","内科・クリニックのお知らせ・営業案内SNS画像（北欧・ライフスタイル）","プロ（演出多め）"
"BNR-09667","ホテル・旅館のセール・割引告知SNS画像（ダーク・シネマティック）","中級"
"BNR-09668","金融・保険・投資のお客様の声・口コミSNS画像（クール・テック）","プロ（演出多め）"
"BNR-09669","金融・保険・投資のハウツー・ノウハウ投稿バナー（信頼・誠実（コーポレート））","中級"
"BNR-09670","YouTuber・インフルエンサーのビフォーアフター・実績バナー（かわいい・ガーリー）","中級"
"BNR-09671","金融・保険・投資のセール・割引告知SNS画像（和モダン）","プロ（演出多め）"
"BNR-09672","農業・地方の生産者の比較・ランキングバナー（ダーク・シネマティック）","中級"
"BNR-09673","自動車・バイクのお知らせ・営業案内バナー（エネルギッシュ・スポーティ）","プロ（演出多め）"
"BNR-09674","引越し・生活サービスの採用・求人SNS画像（信頼・誠実（コーポレート））","プロ（演出多め）"
"BNR-09675","美容クリニックの診断・クイズバナー（ナチュラル・オーガニック）","上級"
"BNR-09676","パーソナルジム・フィットネスのセール・割引告知SNS画像（エネルギッシュ・スポーティ）","中級"
"BNR-09677","サウナ・温浴施設のお客様の声・口コミバナー（ミニマル・洗練）","上級"
"BNR-09678","アパレル・ファッションECの資料請求・ホワイトペーパーSNS画像（ニューブルータリズム）","上級"
"BNR-09679","引越し・生活サービスの比較・ランキングSNS画像（信頼・誠実（コーポレート））","プロ（演出多め）"
"BNR-09680","金融・保険・投資の資料請求・ホワイトペーパーバナー（ミニマル・洗練）","中級"
"BNR-09681","農業・地方の生産者の新商品・新サービス発売SNS画像（ハンドメイド・手書き）","上級"
"BNR-09682","アパレル・ファッションECのキャンペーン・プレゼントSNS画像（ミニマル・洗練）","上級"
"BNR-09683","ペット・トリミング・動物病院の採用・求人SNS画像（ハンドメイド・手書き）","プロ（演出多め）"
"BNR-09684","自動車・バイクの無料体験・無料相談バナー（パステル・ドリーミー）","プロ（演出多め）"
"BNR-09685","アパレル・ファッションECのキャンペーン・プレゼントバナー（ミニマル・洗練）","上級"
"BNR-09686","プログラミングスクールのイベント・セミナー告知バナー（ネオン・サイバー）","上級"
"BNR-09687","和菓子・スイーツの新商品・新サービス発売SNS画像（グラスモーフィズム）","プロ（演出多め）"
"BNR-09688","士業（税理士・弁護士・行政書士）のハウツー・ノウハウ投稿SNS画像（信頼・誠実（コーポレート））","中級"
"BNR-09689","プログラミングスクールのビフォーアフター・実績バナー（3D・クレイ）","プロ（演出多め）"
"BNR-09690","スクール・オンライン講座の診断・クイズサムネイル（信頼・誠実（コーポレート））","上級"
"BNR-09691","自動車・バイクの採用・求人SNS画像（クール・テック）","プロ（演出多め）"
"BNR-09692","音楽・ライブ・イベントの比較・ランキングSNS画像（レトロ・Y2K）","プロ（演出多め）"
"BNR-09693","パーソナルジム・フィットネスの無料体験・無料相談バナー（クール・テック）","上級"
"BNR-09694","AIサービス・スタートアップのセール・割引告知バナー（クール・テック）","上級"
"BNR-09695","ペット・トリミング・動物病院のブランディング・認知SNS画像（ハンドメイド・手書き）","プロ（演出多め）"
"BNR-09696","エステ・脱毛サロンの無料体験・無料相談SNS画像（パステル・ドリーミー）","上級"
"BNR-09697","内科・クリニックのお知らせ・営業案内バナー（信頼・誠実（コーポレート））","プロ（演出多め）"
"BNR-09698","カフェ・ベーカリーのビフォーアフター・実績バナー（エディトリアル・雑誌風）","中級"
"BNR-09699","音楽・ライブ・イベントのビフォーアフター・実績サムネイル（かわいい・ガーリー）","上級"
"BNR-09700","エステ・脱毛サロンのハウツー・ノウハウ投稿SNS画像（和モダン）","上級"
"BNR-09701","ペット・トリミング・動物病院のお客様の声・口コミSNS画像（3D・クレイ）","上級"
"BNR-09702","保育園・幼児教育・習い事のハウツー・ノウハウ投稿バナー（ナチュラル・オーガニック）","上級"
"BNR-09703","コンサル・コーチングの比較・ランキングバナー（ミニマル・洗練）","上級"
"BNR-09704","引越し・生活サービスの新商品・新サービス発売SNS画像（ポップ・カラフル）","プロ（演出多め）"
"BNR-09705","クラウドファンディング・新商品のブランディング・認知SNS画像（ダーク・シネマティック）","プロ（演出多め）"
"BNR-09706","観光・地域プロモーションの採用・求人SNS画像（ハンドメイド・手書き）","プロ（演出多め）"
"BNR-09707","歯科医院の比較・ランキングバナー（ミニマル・洗練）","上級"
"BNR-09708","音楽・ライブ・イベントの診断・クイズSNS画像（和モダン）","プロ（演出多め）"
"BNR-09709","YouTuber・インフルエンサーの採用・求人バナー（ポップ・カラフル）","上級"
"BNR-09710","美容クリニックのお知らせ・営業案内SNS画像（ラグジュアリー・高級感）","プロ（演出多め）"
"BNR-09711","ゲーム・eスポーツの無料体験・無料相談バナー（レトロ・Y2K）","プロ（演出多め）"
"BNR-09712","パーソナルジム・フィットネスのお客様の声・口コミSNS画像（クール・テック）","上級"
"BNR-09713","ウェディング・結婚相談所の資料請求・ホワイトペーパーバナー（ラグジュアリー・高級感）","上級"
"BNR-09714","プログラミングスクールのビフォーアフター・実績SNS画像（3D・クレイ）","プロ（演出多め）"
"BNR-09715","レストラン・居酒屋のハウツー・ノウハウ投稿SNS画像（レトロ・Y2K）","中級"
"BNR-09716","自動車・バイクのセール・割引告知バナー（ラグジュアリー・高級感）","プロ（演出多め）"
"BNR-09717","エステ・脱毛サロンのキャンペーン・プレゼントバナー（ラグジュアリー・高級感）","上級"
"BNR-09718","ペット・トリミング・動物病院のお客様の声・口コミSNS画像（ニューブルータリズム）","プロ（演出多め）"
"BNR-09719","カフェ・ベーカリーのブランディング・認知SNS画像（エディトリアル・雑誌風）","プロ（演出多め）"
"BNR-09720","YouTuber・インフルエンサーのお知らせ・営業案内SNS画像（ポップ・カラフル）","上級"
"BNR-09721","和菓子・スイーツのキャンペーン・プレゼントバナー（ニューブルータリズム）","プロ（演出多め）"
"BNR-09722","スマホアプリのブランディング・認知SNS画像（ポップ・カラフル）","中級"
"BNR-09723","ヨガ・ピラティスのセール・割引告知バナー（ミニマル・洗練）","上級"
"BNR-09724","ゲーム・eスポーツの診断・クイズSNS画像（ミニマル・洗練）","プロ（演出多め）"
"BNR-09725","建築設計事務所の資料請求・ホワイトペーパーSNS画像（エネルギッシュ・スポーティ）","プロ（演出多め）"
"BNR-09726","金融・保険・投資の新商品・新サービス発売バナー（クール・テック）","上級"
"BNR-09727","パーソナルジム・フィットネスのキャンペーン・プレゼントSNS画像（ダーク・シネマティック）","中級"
"BNR-09728","美容クリニックのお知らせ・営業案内バナー（ラグジュアリー・高級感）","中級"
"BNR-09729","ペット・トリミング・動物病院のお客様の声・口コミSNS画像（かわいい・ガーリー）","プロ（演出多め）"
"BNR-09730","歯科医院のお客様の声・口コミSNS画像（ミニマル・洗練）","プロ（演出多め）"
"BNR-09731","引越し・生活サービスのお客様の声・口コミSNS画像（信頼・誠実（コーポレート））","プロ（演出多め）"
"BNR-09732","占い・スピリチュアルの無料体験・無料相談バナー（ダーク・シネマティック）","中級"
"BNR-09733","カフェ・ベーカリーのビフォーアフター・実績バナー（エディトリアル・雑誌風）","上級"
"BNR-09734","和菓子・スイーツの採用・求人バナー（ナチュラル・オーガニック）","プロ（演出多め）"
"BNR-09735","パーソナルジム・フィットネスの比較・ランキングサムネイル（北欧・ライフスタイル）","上級"
"BNR-09736","クラウドファンディング・新商品の新商品・新サービス発売SNS画像（クール・テック）","プロ（演出多め）"
"BNR-09737","NPO・地方自治体のセール・割引告知バナー（ラグジュアリー・高級感）","上級"
"BNR-09738","士業（税理士・弁護士・行政書士）の新商品・新サービス発売サムネイル（ミニマル・洗練）","中級"
"BNR-09739","採用・求人の無料体験・無料相談SNS画像（エネルギッシュ・スポーティ）","中級"
"BNR-09740","スクール・オンライン講座のビフォーアフター・実績SNS画像（信頼・誠実（コーポレート））","プロ（演出多め）"
"BNR-09741","サウナ・温浴施設のイベント・セミナー告知SNS画像（ナチュラル・オーガニック）","プロ（演出多め）"
"BNR-09742","カフェ・ベーカリーのブランディング・認知バナー（レトロ・Y2K）","上級"
"BNR-09743","内科・クリニックの資料請求・ホワイトペーパーバナー（ナチュラル・オーガニック）","上級"
"BNR-09744","内科・クリニックのお知らせ・営業案内バナー（ナチュラル・オーガニック）","上級"
"BNR-09745","建築設計事務所の新商品・新サービス発売SNS画像（信頼・誠実（コーポレート））","上級"
"BNR-09746","美容クリニックのセール・割引告知SNS画像（ラグジュアリー・高級感）","上級"
"BNR-09747","ヨガ・ピラティスのイベント・セミナー告知バナー（パステル・ドリーミー）","プロ（演出多め）"
"BNR-09748","Web制作・デザイン事務所のキャンペーン・プレゼントSNS画像（ジオメトリック・グラフィカル）","上級"
"BNR-09749","食品・産直ECの診断・クイズSNS画像（和モダン）","中級"
"BNR-09750","ペット・トリミング・動物病院のブランディング・認知SNS画像（ニューブルータリズム）","上級"
"BNR-09751","ペット・トリミング・動物病院の新商品・新サービス発売バナー（信頼・誠実（コーポレート））","中級"
"BNR-09752","和菓子・スイーツの資料請求・ホワイトペーパーバナー（ナチュラル・オーガニック）","プロ（演出多め）"
"BNR-09753","Web制作・デザイン事務所の比較・ランキングSNS画像（信頼・誠実（コーポレート））","上級"
"BNR-09754","SaaS・BtoBツールのお客様の声・口コミSNS画像（3D・クレイ）","上級"
"BNR-09755","採用・求人の比較・ランキングバナー（ポップ・カラフル）","上級"
"BNR-09756","英会話・語学のイベント・セミナー告知SNS画像（ジオメトリック・グラフィカル）","上級"
"BNR-09757","占い・スピリチュアルの無料体験・無料相談バナー（ラグジュアリー・高級感）","上級"
"BNR-09758","アパレル・ファッションECの診断・クイズバナー（ミニマル・洗練）","上級"
"BNR-09759","YouTuber・インフルエンサーの診断・クイズバナー（かわいい・ガーリー）","中級"
"BNR-09760","クラウドファンディング・新商品の無料体験・無料相談SNS画像（ポップ・カラフル）","プロ（演出多め）"
"BNR-09761","レストラン・居酒屋のブランディング・認知SNS画像（ハンドメイド・手書き）","中級"
"BNR-09762","スマホアプリのハウツー・ノウハウ投稿SNS画像（ポップ・カラフル）","上級"
"BNR-09763","パーソナルジム・フィットネスのお客様の声・口コミバナー（ダーク・シネマティック）","プロ（演出多め）"
"BNR-09764","金融・保険・投資の診断・クイズバナー（信頼・誠実（コーポレート））","プロ（演出多め）"
"BNR-09765","観光・地域プロモーションの無料体験・無料相談SNS画像（ハンドメイド・手書き）","上級"
"BNR-09766","士業（税理士・弁護士・行政書士）の比較・ランキングSNS画像（ハンドメイド・手書き）","上級"
"BNR-09767","NPO・地方自治体のビフォーアフター・実績バナー（ハンドメイド・手書き）","プロ（演出多め）"
"BNR-09768","エステ・脱毛サロンのブランディング・認知SNS画像（ミニマル・洗練）","上級"
"BNR-09769","NPO・地方自治体のお客様の声・口コミバナー（ジオメトリック・グラフィカル）","上級"
"BNR-09770","英会話・語学の比較・ランキングSNS画像（ポップ・カラフル）","プロ（演出多め）"
"BNR-09771","建築設計事務所の新商品・新サービス発売SNS画像（エディトリアル・雑誌風）","上級"
"BNR-09772","NPO・地方自治体のお客様の声・口コミSNS画像（ナチュラル・オーガニック）","プロ（演出多め）"
"BNR-09773","内科・クリニックの資料請求・ホワイトペーパーバナー（北欧・ライフスタイル）","プロ（演出多め）"
"BNR-09774","ホテル・旅館の資料請求・ホワイトペーパーSNS画像（ミニマル・洗練）","プロ（演出多め）"
"BNR-09775","YouTuber・インフルエンサーのビフォーアフター・実績バナー（かわいい・ガーリー）","上級"
"BNR-09776","ゲーム・eスポーツのハウツー・ノウハウ投稿SNS画像（ダーク・シネマティック）","プロ（演出多め）"
"BNR-09777","サウナ・温浴施設のお知らせ・営業案内バナー（ナチュラル・オーガニック）","プロ（演出多め）"
"BNR-09778","和菓子・スイーツのハウツー・ノウハウ投稿バナー（和モダン）","中級"
"BNR-09779","サウナ・温浴施設の採用・求人バナー（和モダン）","上級"
"BNR-09780","スクール・オンライン講座のお知らせ・営業案内バナー（和モダン）","プロ（演出多め）"
"BNR-09781","建築設計事務所の無料体験・無料相談SNS画像（ミニマル・洗練）","上級"
"BNR-09782","金融・保険・投資のビフォーアフター・実績SNS画像（信頼・誠実（コーポレート））","上級"
"BNR-09783","美容室・ヘアサロンのイベント・セミナー告知SNS画像（パステル・ドリーミー）","プロ（演出多め）"
"BNR-09784","不動産・マンションの採用・求人SNS画像（ラグジュアリー・高級感）","上級"
"BNR-09785","農業・地方の生産者の比較・ランキングSNS画像（和モダン）","プロ（演出多め）"
"BNR-09786","美容クリニックの資料請求・ホワイトペーパーSNS画像（ラグジュアリー・高級感）","プロ（演出多め）"
"BNR-09787","ヨガ・ピラティスの新商品・新サービス発売SNS画像（パステル・ドリーミー）","プロ（演出多め）"
"BNR-09788","農業・地方の生産者の比較・ランキングSNS画像（ハンドメイド・手書き）","プロ（演出多め）"
"BNR-09789","金融・保険・投資のYouTube動画の興味喚起サムネイル（信頼・誠実（コーポレート））","中級"
"BNR-09790","建築設計事務所の比較・ランキングSNS画像（ミニマル・洗練）","プロ（演出多め）"
"BNR-09791","コスメ・スキンケアの新商品・新サービス発売SNS画像（パステル・ドリーミー）","上級"
"BNR-09792","和菓子・スイーツのハウツー・ノウハウ投稿SNS画像（ネオン・サイバー）","プロ（演出多め）"
"BNR-09793","AIサービス・スタートアップのキャンペーン・プレゼントSNS画像（ネオン・サイバー）","中級"
"BNR-09794","スマホアプリの採用・求人バナー（グラスモーフィズム）","プロ（演出多め）"
"BNR-09795","内科・クリニックの資料請求・ホワイトペーパーSNS画像（北欧・ライフスタイル）","上級"
"BNR-09796","英会話・語学のブランディング・認知SNS画像（3D・クレイ）","中級"
"BNR-09797","内科・クリニックの資料請求・ホワイトペーパーSNS画像（信頼・誠実（コーポレート））","プロ（演出多め）"
"BNR-09798","Web制作・デザイン事務所のイベント・セミナー告知バナー（ジオメトリック・グラフィカル）","中級"
"BNR-09799","スマホアプリのお客様の声・口コミバナー（クール・テック）","上級"
"BNR-09800","AIサービス・スタートアップのキャンペーン・プレゼントSNS画像（グラスモーフィズム）","上級"
"BNR-09801","カフェ・ベーカリーのキャンペーン・プレゼントバナー（ジオメトリック・グラフィカル）","中級"
"BNR-09802","観光・地域プロモーションのビフォーアフター・実績バナー（3D・クレイ）","上級"
"BNR-09803","AIサービス・スタートアップのお客様の声・口コミSNS画像（グラスモーフィズム）","プロ（演出多め）"
"BNR-09804","英会話・語学の新商品・新サービス発売バナー（3D・クレイ）","プロ（演出多め）"
"BNR-09805","プログラミングスクールのセール・割引告知バナー（クール・テック）","プロ（演出多め）"
"BNR-09806","ヨガ・ピラティスの新商品・新サービス発売バナー（ナチュラル・オーガニック）","プロ（演出多め）"
"BNR-09807","クラウドファンディング・新商品のイベント・セミナー告知バナー（ナチュラル・オーガニック）","上級"
"BNR-09808","カフェ・ベーカリーの新商品・新サービス発売バナー（レトロ・Y2K）","上級"
"BNR-09809","プログラミングスクールのお客様の声・口コミSNS画像（ポップ・カラフル）","中級"
"BNR-09810","工務店・注文住宅・リフォームのお客様の声・口コミSNS画像（ナチュラル・オーガニック）","中級"
"BNR-09811","NPO・地方自治体のイベント・セミナー告知SNS画像（ハンドメイド・手書き）","上級"
"BNR-09812","パーソナルジム・フィットネスのビフォーアフター・実績SNS画像（ダーク・シネマティック）","中級"
"BNR-09813","ヨガ・ピラティスの資料請求・ホワイトペーパーSNS画像（パステル・ドリーミー）","上級"
"BNR-09814","美容室・ヘアサロンのイベント・セミナー告知バナー（3D・クレイ）","プロ（演出多め）"
"BNR-09815","YouTuber・インフルエンサーのイベント・セミナー告知SNS画像（ポップ・カラフル）","プロ（演出多め）"
"BNR-09816","YouTuber・インフルエンサーのビフォーアフター・実績バナー（ラグジュアリー・高級感）","プロ（演出多め）"
"BNR-09817","ヨガ・ピラティスのハウツー・ノウハウ投稿バナー（パステル・ドリーミー）","プロ（演出多め）"
"BNR-09818","エステ・脱毛サロンのお客様の声・口コミサムネイル（信頼・誠実（コーポレート））","プロ（演出多め）"
"BNR-09819","音楽・ライブ・イベントのYouTube動画の興味喚起サムネイル（ニューブルータリズム）","中級"
"BNR-09820","レストラン・居酒屋のお知らせ・営業案内バナー（ラグジュアリー・高級感）","プロ（演出多め）"
"BNR-09821","保育園・幼児教育・習い事のお客様の声・口コミSNS画像（かわいい・ガーリー）","プロ（演出多め）"
"BNR-09822","引越し・生活サービスのセール・割引告知バナー（3D・クレイ）","中級"
"BNR-09823","クラウドファンディング・新商品のセール・割引告知SNS画像（クール・テック）","プロ（演出多め）"
"BNR-09824","YouTuber・インフルエンサーのハウツー・ノウハウ投稿SNS画像（ニューブルータリズム）","プロ（演出多め）"
"BNR-09825","プログラミングスクールのビフォーアフター・実績バナー（3D・クレイ）","中級"
"BNR-09826","占い・スピリチュアルのハウツー・ノウハウ投稿SNS画像（和モダン）","プロ（演出多め）"
"BNR-09827","保育園・幼児教育・習い事のお客様の声・口コミバナー（ハンドメイド・手書き）","プロ（演出多め）"
"BNR-09828","引越し・生活サービスのブランディング・認知バナー（ミニマル・洗練）","上級"
"BNR-09829","ゲーム・eスポーツのお客様の声・口コミSNS画像（ネオン・サイバー）","プロ（演出多め）"
"BNR-09830","和菓子・スイーツの資料請求・ホワイトペーパーSNS画像（ナチュラル・オーガニック）","上級"
"BNR-09831","コンサル・コーチングのお知らせ・営業案内SNS画像（グラスモーフィズム）","中級"
"BNR-09832","英会話・語学のお知らせ・営業案内バナー（ラグジュアリー・高級感）","上級"
"BNR-09833","美容室・ヘアサロンのキャンペーン・プレゼントSNS画像（かわいい・ガーリー）","プロ（演出多め）"
"BNR-09834","コンサル・コーチングの新商品・新サービス発売SNS画像（クール・テック）","プロ（演出多め）"
"BNR-09835","プログラミングスクールの診断・クイズSNS画像（ポップ・カラフル）","プロ（演出多め）"
"BNR-09836","サウナ・温浴施設のブランディング・認知バナー（和モダン）","プロ（演出多め）"
"BNR-09837","パーソナルジム・フィットネスのビフォーアフター・実績サムネイル（ダーク・シネマティック）","プロ（演出多め）"
"BNR-09838","スマホアプリの診断・クイズSNS画像（グラスモーフィズム）","プロ（演出多め）"
"BNR-09839","観光・地域プロモーションのハウツー・ノウハウ投稿SNS画像（ハンドメイド・手書き）","プロ（演出多め）"
"BNR-09840","コンサル・コーチングのハウツー・ノウハウ投稿バナー（ダーク・シネマティック）","中級"
"BNR-09841","引越し・生活サービスの新商品・新サービス発売SNS画像（3D・クレイ）","プロ（演出多め）"
"BNR-09842","エステ・脱毛サロンのお知らせ・営業案内SNS画像（かわいい・ガーリー）","中級"
"BNR-09843","NPO・地方自治体のお知らせ・営業案内SNS画像（ナチュラル・オーガニック）","上級"
"BNR-09844","農業・地方の生産者の採用・求人SNS画像（和モダン）","プロ（演出多め）"
"BNR-09845","採用・求人の診断・クイズSNS画像（ポップ・カラフル）","上級"
"BNR-09846","NPO・地方自治体の無料体験・無料相談SNS画像（ハンドメイド・手書き）","プロ（演出多め）"
"BNR-09847","ペット・トリミング・動物病院のハウツー・ノウハウ投稿バナー（ナチュラル・オーガニック）","プロ（演出多め）"
"BNR-09848","AIサービス・スタートアップの採用・求人SNS画像（パステル・ドリーミー）","中級"
"BNR-09849","不動産・マンションの比較・ランキングSNS画像（ダーク・シネマティック）","中級"
"BNR-09850","エステ・脱毛サロンの資料請求・ホワイトペーパーバナー（レトロ・Y2K）","プロ（演出多め）"
"BNR-09851","クラウドファンディング・新商品の資料請求・ホワイトペーパーSNS画像（ネオン・サイバー）","プロ（演出多め）"
"BNR-09852","SaaS・BtoBツールの比較・ランキングSNS画像（クール・テック）","中級"
"BNR-09853","金融・保険・投資の無料体験・無料相談SNS画像（クール・テック）","プロ（演出多め）"
"BNR-09854","不動産・マンションの新商品・新サービス発売SNS画像（ラグジュアリー・高級感）","上級"
"BNR-09855","美容クリニックのイベント・セミナー告知バナー（信頼・誠実（コーポレート））","プロ（演出多め）"
"BNR-09856","ウェディング・結婚相談所の診断・クイズバナー（ラグジュアリー・高級感）","プロ（演出多め）"
"BNR-09857","ペット・トリミング・動物病院のキャンペーン・プレゼントバナー（ナチュラル・オーガニック）","中級"
"BNR-09858","内科・クリニックのハウツー・ノウハウ投稿バナー（北欧・ライフスタイル）","中級"
"BNR-09859","保育園・幼児教育・習い事の診断・クイズバナー（ナチュラル・オーガニック）","プロ（演出多め）"
"BNR-09860","食品・産直ECのイベント・セミナー告知バナー（ラグジュアリー・高級感）","プロ（演出多め）"
"BNR-09861","不動産・マンションのお客様の声・口コミバナー（ジオメトリック・グラフィカル）","プロ（演出多め）"
"BNR-09862","内科・クリニックの採用・求人バナー（北欧・ライフスタイル）","プロ（演出多め）"
"BNR-09863","金融・保険・投資のお知らせ・営業案内SNS画像（信頼・誠実（コーポレート））","プロ（演出多め）"
"BNR-09864","コスメ・スキンケアのセール・割引告知SNS画像（ラグジュアリー・高級感）","上級"
"BNR-09865","コンサル・コーチングの資料請求・ホワイトペーパーバナー（信頼・誠実（コーポレート））","プロ（演出多め）"
"BNR-09866","歯科医院の比較・ランキングSNS画像（信頼・誠実（コーポレート））","上級"
"BNR-09867","士業（税理士・弁護士・行政書士）の資料請求・ホワイトペーパーSNS画像（和モダン）","上級"
"BNR-09868","美容室・ヘアサロンの新商品・新サービス発売SNS画像（ミニマル・洗練）","上級"
"BNR-09869","金融・保険・投資の比較・ランキングSNS画像（ミニマル・洗練）","上級"
"BNR-09870","AIサービス・スタートアップのキャンペーン・プレゼントバナー（ネオン・サイバー）","プロ（演出多め）"
"BNR-09871","歯科医院の無料体験・無料相談バナー（ナチュラル・オーガニック）","中級"
"BNR-09872","SaaS・BtoBツールの診断・クイズSNS画像（信頼・誠実（コーポレート））","プロ（演出多め）"
"BNR-09873","観光・地域プロモーションのお客様の声・口コミバナー（ダーク・シネマティック）","プロ（演出多め）"
"BNR-09874","プログラミングスクールのYouTube動画の興味喚起サムネイル（3D・クレイ）","プロ（演出多め）"
"BNR-09875","サウナ・温浴施設のハウツー・ノウハウ投稿SNS画像（レトロ・Y2K）","中級"
"BNR-09876","金融・保険・投資のブランディング・認知バナー（ミニマル・洗練）","プロ（演出多め）"
"BNR-09877","農業・地方の生産者のビフォーアフター・実績バナー（ナチュラル・オーガニック）","上級"
"BNR-09878","ペット・トリミング・動物病院の比較・ランキングSNS画像（かわいい・ガーリー）","プロ（演出多め）"
"BNR-09879","占い・スピリチュアルの新商品・新サービス発売SNS画像（和モダン）","プロ（演出多め）"
"BNR-09880","AIサービス・スタートアップのお客様の声・口コミバナー（クール・テック）","上級"
"BNR-09881","SaaS・BtoBツールの新商品・新サービス発売バナー（グラスモーフィズム）","プロ（演出多め）"
"BNR-09882","士業（税理士・弁護士・行政書士）のお知らせ・営業案内バナー（和モダン）","上級"
"BNR-09883","スクール・オンライン講座のブランディング・認知バナー（クール・テック）","上級"
"BNR-09884","Web制作・デザイン事務所の採用・求人SNS画像（ニューブルータリズム）","上級"
"BNR-09885","工務店・注文住宅・リフォームのキャンペーン・プレゼントSNS画像（ミニマル・洗練）","中級"
"BNR-09886","引越し・生活サービスの無料体験・無料相談SNS画像（ポップ・カラフル）","中級"
"BNR-09887","カフェ・ベーカリーのお客様の声・口コミSNS画像（ネオン・サイバー）","プロ（演出多め）"
"BNR-09888","ヨガ・ピラティスのブランディング・認知SNS画像（ミニマル・洗練）","上級"
"BNR-09889","スマホアプリのキャンペーン・プレゼントSNS画像（グラスモーフィズム）","上級"
"BNR-09890","美容室・ヘアサロンのブランディング・認知バナー（ミニマル・洗練）","上級"
"BNR-09891","採用・求人のビフォーアフター・実績SNS画像（信頼・誠実（コーポレート））","プロ（演出多め）"
"BNR-09892","採用・求人のビフォーアフター・実績バナー（ジオメトリック・グラフィカル）","プロ（演出多め）"
"BNR-09893","英会話・語学のブランディング・認知バナー（ジオメトリック・グラフィカル）","プロ（演出多め）"
"BNR-09894","スクール・オンライン講座の資料請求・ホワイトペーパーバナー（信頼・誠実（コーポレート））","上級"
"BNR-09895","観光・地域プロモーションのイベント・セミナー告知SNS画像（ダーク・シネマティック）","上級"
"BNR-09896","ヨガ・ピラティスの比較・ランキングバナー（パステル・ドリーミー）","中級"
"BNR-09897","英会話・語学のイベント・セミナー告知バナー（3D・クレイ）","上級"
"BNR-09898","食品・産直ECの比較・ランキングSNS画像（ポップ・カラフル）","中級"
"BNR-09899","ペット・トリミング・動物病院のお知らせ・営業案内SNS画像（ハンドメイド・手書き）","プロ（演出多め）"
"BNR-09900","サウナ・温浴施設のイベント・セミナー告知バナー（和モダン）","上級"
"BNR-09901","エステ・脱毛サロンの比較・ランキングSNS画像（パステル・ドリーミー）","上級"
"BNR-09902","スマホアプリのお客様の声・口コミバナー（3D・クレイ）","上級"
"BNR-09903","ヨガ・ピラティスのハウツー・ノウハウ投稿バナー（パステル・ドリーミー）","上級"
"BNR-09904","観光・地域プロモーションの無料体験・無料相談SNS画像（和モダン）","プロ（演出多め）"
"BNR-09905","ペット・トリミング・動物病院の比較・ランキングSNS画像（信頼・誠実（コーポレート））","プロ（演出多め）"
"BNR-09906","AIサービス・スタートアップのビフォーアフター・実績SNS画像（ミニマル・洗練）","プロ（演出多め）"
"BNR-09907","占い・スピリチュアルのハウツー・ノウハウ投稿バナー（ラグジュアリー・高級感）","上級"
"BNR-09908","スクール・オンライン講座のキャンペーン・プレゼントバナー（信頼・誠実（コーポレート））","中級"
"BNR-09909","美容室・ヘアサロンの新商品・新サービス発売バナー（北欧・ライフスタイル）","上級"
"BNR-09910","引越し・生活サービスの資料請求・ホワイトペーパーバナー（ポップ・カラフル）","上級"
"BNR-09911","保育園・幼児教育・習い事のハウツー・ノウハウ投稿SNS画像（グラスモーフィズム）","プロ（演出多め）"
"BNR-09912","不動産・マンションのイベント・セミナー告知SNS画像（ダーク・シネマティック）","中級"
"BNR-09913","NPO・地方自治体のお知らせ・営業案内バナー（ジオメトリック・グラフィカル）","プロ（演出多め）"
"BNR-09914","美容室・ヘアサロンのイベント・セミナー告知バナー（ミニマル・洗練）","プロ（演出多め）"
"BNR-09915","観光・地域プロモーションの新商品・新サービス発売バナー（ハンドメイド・手書き）","上級"
"BNR-09916","金融・保険・投資のセール・割引告知バナー（信頼・誠実（コーポレート））","プロ（演出多め）"
"BNR-09917","サウナ・温浴施設のYouTube動画の興味喚起サムネイル（和モダン）","中級"
"BNR-09918","ゲーム・eスポーツの比較・ランキングSNS画像（エネルギッシュ・スポーティ）","プロ（演出多め）"
"BNR-09919","スマホアプリの採用・求人SNS画像（ポップ・カラフル）","上級"
"BNR-09920","ペット・トリミング・動物病院のセール・割引告知バナー（3D・クレイ）","プロ（演出多め）"
"BNR-09921","SaaS・BtoBツールの無料体験・無料相談SNS画像（ミニマル・洗練）","プロ（演出多め）"
"BNR-09922","美容クリニックのキャンペーン・プレゼントSNS画像（ラグジュアリー・高級感）","上級"
"BNR-09923","SaaS・BtoBツールの資料請求・ホワイトペーパーSNS画像（ネオン・サイバー）","上級"
"BNR-09924","スマホアプリのイベント・セミナー告知SNS画像（ポップ・カラフル）","上級"
"BNR-09925","アパレル・ファッションECの診断・クイズSNS画像（ニューブルータリズム）","中級"
"BNR-09926","ホテル・旅館の無料体験・無料相談バナー（ミニマル・洗練）","プロ（演出多め）"
"BNR-09927","採用・求人のビフォーアフター・実績バナー（エネルギッシュ・スポーティ）","プロ（演出多め）"
"BNR-09928","プログラミングスクールの資料請求・ホワイトペーパーSNS画像（ラグジュアリー・高級感）","プロ（演出多め）"
"BNR-09929","内科・クリニックのキャンペーン・プレゼントバナー（北欧・ライフスタイル）","中級"
"BNR-09930","金融・保険・投資の診断・クイズサムネイル（ミニマル・洗練）","プロ（演出多め）"
"BNR-09931","コンサル・コーチングの比較・ランキングSNS画像（エディトリアル・雑誌風）","上級"
"BNR-09932","美容クリニックの無料体験・無料相談バナー（ミニマル・洗練）","上級"
"BNR-09933","不動産・マンションの無料体験・無料相談SNS画像（ダーク・シネマティック）","上級"
"BNR-09934","内科・クリニックのビフォーアフター・実績SNS画像（ナチュラル・オーガニック）","上級"
"BNR-09935","エステ・脱毛サロンの診断・クイズSNS画像（ラグジュアリー・高級感）","プロ（演出多め）"
"BNR-09936","保育園・幼児教育・習い事の新商品・新サービス発売バナー（かわいい・ガーリー）","プロ（演出多め）"
"BNR-09937","美容クリニックの新商品・新サービス発売SNS画像（ミニマル・洗練）","プロ（演出多め）"
"BNR-09938","アパレル・ファッションECのハウツー・ノウハウ投稿サムネイル（ポップ・カラフル）","プロ（演出多め）"
"BNR-09939","コスメ・スキンケアのハウツー・ノウハウ投稿SNS画像（ミニマル・洗練）","上級"
"BNR-09940","ウェディング・結婚相談所のキャンペーン・プレゼントバナー（クール・テック）","上級"
"BNR-09941","クラウドファンディング・新商品の無料体験・無料相談SNS画像（ポップ・カラフル）","上級"
"BNR-09942","クラウドファンディング・新商品の診断・クイズSNS画像（ナチュラル・オーガニック）","中級"
"BNR-09943","歯科医院のハウツー・ノウハウ投稿SNS画像（ナチュラル・オーガニック）","上級"
"BNR-09944","歯科医院の診断・クイズバナー（ナチュラル・オーガニック）","上級"
"BNR-09945","サウナ・温浴施設のブランディング・認知SNS画像（エディトリアル・雑誌風）","プロ（演出多め）"
"BNR-09946","パーソナルジム・フィットネスのハウツー・ノウハウ投稿バナー（ダーク・シネマティック）","プロ（演出多め）"
"BNR-09947","不動産・マンションのお客様の声・口コミSNS画像（信頼・誠実（コーポレート））","上級"
"BNR-09948","建築設計事務所の診断・クイズバナー（レトロ・Y2K）","上級"
"BNR-09949","歯科医院のイベント・セミナー告知SNS画像（信頼・誠実（コーポレート））","プロ（演出多め）"
"BNR-09950","観光・地域プロモーションのハウツー・ノウハウ投稿SNS画像（ダーク・シネマティック）","上級"
"BNR-09951","クラウドファンディング・新商品のお客様の声・口コミSNS画像（レトロ・Y2K）","中級"
"BNR-09952","ペット・トリミング・動物病院のお客様の声・口コミSNS画像（ナチュラル・オーガニック）","上級"
"BNR-09953","歯科医院のキャンペーン・プレゼントSNS画像（ミニマル・洗練）","上級"
"BNR-09954","YouTuber・インフルエンサーのキャンペーン・プレゼントバナー（ポップ・カラフル）","上級"
"BNR-09955","NPO・地方自治体の診断・クイズSNS画像（ハンドメイド・手書き）","上級"
"BNR-09956","食品・産直ECの採用・求人バナー（エディトリアル・雑誌風）","プロ（演出多め）"
"BNR-09957","パーソナルジム・フィットネスの新商品・新サービス発売バナー（エネルギッシュ・スポーティ）","プロ（演出多め）"
"BNR-09958","ペット・トリミング・動物病院のビフォーアフター・実績SNS画像（ハンドメイド・手書き）","上級"
"BNR-09959","歯科医院のお知らせ・営業案内バナー（ミニマル・洗練）","プロ（演出多め）"
"BNR-09960","ゲーム・eスポーツのお客様の声・口コミSNS画像（ダーク・シネマティック）","プロ（演出多め）"
"BNR-09961","ウェディング・結婚相談所の診断・クイズSNS画像（ミニマル・洗練）","上級"
"BNR-09962","レストラン・居酒屋のブランディング・認知SNS画像（ラグジュアリー・高級感）","プロ（演出多め）"
"BNR-09963","歯科医院の比較・ランキングバナー（ミニマル・洗練）","上級"
"BNR-09964","金融・保険・投資の比較・ランキングSNS画像（信頼・誠実（コーポレート））","プロ（演出多め）"
"BNR-09965","金融・保険・投資のイベント・セミナー告知バナー（クール・テック）","プロ（演出多め）"
"BNR-09966","カフェ・ベーカリーの診断・クイズSNS画像（レトロ・Y2K）","上級"
"BNR-09967","スマホアプリのブランディング・認知バナー（ポップ・カラフル）","上級"
"BNR-09968","歯科医院の比較・ランキングバナー（ミニマル・洗練）","上級"
"BNR-09969","保育園・幼児教育・習い事の無料体験・無料相談SNS画像（北欧・ライフスタイル）","プロ（演出多め）"
"BNR-09970","占い・スピリチュアルのイベント・セミナー告知SNS画像（レトロ・Y2K）","プロ（演出多め）"
"BNR-09971","観光・地域プロモーションのビフォーアフター・実績SNS画像（ハンドメイド・手書き）","上級"
"BNR-09972","YouTuber・インフルエンサーの採用・求人SNS画像（ポップ・カラフル）","中級"
"BNR-09973","引越し・生活サービスの比較・ランキングSNS画像（信頼・誠実（コーポレート））","プロ（演出多め）"
"BNR-09974","サウナ・温浴施設のイベント・セミナー告知SNS画像（レトロ・Y2K）","プロ（演出多め）"
"BNR-09975","アパレル・ファッションECの採用・求人SNS画像（レトロ・Y2K）","プロ（演出多め）"
"BNR-09976","金融・保険・投資の診断・クイズSNS画像（ミニマル・洗練）","中級"
"BNR-09977","エステ・脱毛サロンの比較・ランキングバナー（エネルギッシュ・スポーティ）","中級"
"BNR-09978","スクール・オンライン講座の診断・クイズSNS画像（ポップ・カラフル）","プロ（演出多め）"
"BNR-09979","コスメ・スキンケアの診断・クイズSNS画像（パステル・ドリーミー）","プロ（演出多め）"
"BNR-09980","金融・保険・投資のセール・割引告知バナー（クール・テック）","プロ（演出多め）"
"BNR-09981","SaaS・BtoBツールの新商品・新サービス発売バナー（ハンドメイド・手書き）","上級"
"BNR-09982","カフェ・ベーカリーのお客様の声・口コミSNS画像（ハンドメイド・手書き）","上級"
"BNR-09983","プログラミングスクールのお客様の声・口コミバナー（ポップ・カラフル）","プロ（演出多め）"
"BNR-09984","Web制作・デザイン事務所の診断・クイズSNS画像（クール・テック）","プロ（演出多め）"
"BNR-09985","スマホアプリのお知らせ・営業案内SNS画像（ニューブルータリズム）","上級"
"BNR-09986","不動産・マンションのビフォーアフター・実績バナー（ダーク・シネマティック）","プロ（演出多め）"
"BNR-09987","建築設計事務所の新商品・新サービス発売SNS画像（エディトリアル・雑誌風）","上級"
"BNR-09988","Web制作・デザイン事務所の診断・クイズバナー（ダーク・シネマティック）","上級"
"BNR-09989","ペット・トリミング・動物病院の無料体験・無料相談SNS画像（3D・クレイ）","中級"
"BNR-09990","英会話・語学のハウツー・ノウハウ投稿サムネイル（エディトリアル・雑誌風）","中級"
"BNR-09991","スマホアプリのセール・割引告知SNS画像（ポップ・カラフル）","プロ（演出多め）"
"BNR-09992","ペット・トリミング・動物病院の新商品・新サービス発売バナー（3D・クレイ）","プロ（演出多め）"
"BNR-09993","自動車・バイクの無料体験・無料相談SNS画像（クール・テック）","上級"
"BNR-09994","建築設計事務所のハウツー・ノウハウ投稿バナー（エディトリアル・雑誌風）","上級"
"BNR-09995","食品・産直ECのセール・割引告知SNS画像（ナチュラル・オーガニック）","上級"
"BNR-09996","英会話・語学の比較・ランキングSNS画像（信頼・誠実（コーポレート））","プロ（演出多め）"
"BNR-09997","エステ・脱毛サロンのキャンペーン・プレゼントバナー（かわいい・ガーリー）","プロ（演出多め）"
"BNR-09998","Web制作・デザイン事務所の新商品・新サービス発売バナー（ジオメトリック・グラフィカル）","プロ（演出多め）"
"BNR-09999","金融・保険・投資のお知らせ・営業案内SNS画像（クール・テック）","上級"
"BNR-10000","美容室・ヘアサロンのハウツー・ノウハウ投稿バナー（かわいい・ガーリー）","プロ（演出多め）"
